sub_num,trial,block,task,is_practice,category,image,texture,duration,mask_dur,jitter,stim_time,time_of_resp,trial_response,mask_time,fix_time,jit_onset,trial_end,trial_accuracy,RT
225,1,0,categorization,1,livingroom,SHINEd_practice_livingroom_066.tif,119,0.1,0.0666666666666667,1.2,9445.909618041,9446.573278,9,9446.009269958,9446.068394,9446.591050916,9447.785243125,0,0.663659959000142
225,2,0,categorization,1,livingroom,SHINEd_practice_livingroom_041.tif,118,0.1,0.0666666666666667,1,9447.8191235,9448.45360925,13,9447.923081125,9447.987528375,9448.480761041,9449.474314916,1,0.634485750000749
225,3,0,categorization,1,livingroom,SHINEd_practice_livingroom_067.tif,120,0.1,0.0666666666666667,1.03333333333333,9449.518449166,9450.277750291,13,9449.621379333,9449.683254041,9450.285478625,9451.3121835,1,0.759301124999183
225,4,0,categorization,1,livingroom,SHINEd_practice_livingroom_015.tif,117,0.1,0.0666666666666667,0.833333333333333,9451.328148166,9452.34568825,13,9451.426825708,9451.492496291,9452.36513025,9453.191847041,1,1.01754008399985
225,5,0,categorization,1,bedroom,SHINEd_practice_bedroom_019.tif,112,0.1,0.0666666666666667,1.06666666666667,9453.208473666,9454.237336958,9,9453.308713375,9453.376023708,9454.244828291,9455.30487175,1,1.0288632920001
225,6,0,categorization,1,bedroom,SHINEd_practice_bedroom_015.tif,111,0.1,0.0666666666666667,1.11666666666667,9455.314031916,9456.348722875,9,9455.412325666,9455.481320916,9456.369891041,9457.479944666,1,1.03469095900073
225,7,0,categorization,1,bedroom,SHINEd_practice_bedroom_122.tif,115,0.1,0.0666666666666667,1.43333333333333,9457.490824625,9458.50307525,9,9457.590977166,9457.65710775,9458.529732333,9459.956455125,1,1.01225062500089
225,8,0,categorization,1,livingroom,SHINEd_practice_livingroom_002.tif,116,0.1,0.0666666666666667,1.13333333333333,9459.973777916,9460.754886833,13,9460.073757458,9460.1397105,9460.779657416,9461.906373416,1,0.781108916999074
225,9,0,categorization,1,bedroom,SHINEd_practice_bedroom_057.tif,114,0.1,0.0666666666666667,1.1,9461.915537583,9462.823420958,13,9462.015571833,9462.08175775,9462.836116458,9463.929507625,0,0.907883375000893
225,10,0,categorization,1,bedroom,SHINEd_practice_bedroom_027.tif,113,0.1,0.0666666666666667,0.733333333333333,9463.939722583,9465.037178875,9,9464.0402,9464.105925666,9465.063482583,9465.790203916,1,1.09745629200006
225,1,1,categorization,0,livingroom,SHINEd_livingroom_087.tif,105,0.1,0.0666666666666667,0.833333333333333,9491.207111958,9492.436913041,13,9491.30265175,9491.363136583,9492.448230708,9493.274901041,1,1.22980108299998
225,2,1,categorization,0,livingroom,SHINEd_livingroom_037.tif,86,0.1,0.0666666666666667,0.75,9493.280299625,9494.253881541,13,9493.375389083,9493.436439666,9494.271516583,9495.014854916,1,0.973581916001422
225,3,1,categorization,0,livingroom,SHINEd_livingroom_072.tif,101,0.1,0.0666666666666667,0.866666666666667,9495.022198541,9495.829737708,13,9495.117149708,9495.1784705,9495.847003875,9496.707008291,1,0.807539166999049
225,4,1,categorization,0,livingroom,SHINEd_livingroom_012.tif,69,0.1,0.0666666666666667,1.73333333333333,9496.712649041,9497.565442166,9,9496.807746208,9496.8687575,9497.570458833,9499.29745675,0,0.852793125000971
225,5,1,categorization,0,livingroom,SHINEd_livingroom_057.tif,97,0.1,0.0666666666666667,1.06666666666667,9499.312640833,9500.216614875,13,9499.412394416,9499.478559166,9500.23466625,9501.294710125,1,0.90397404199939
225,6,1,categorization,0,livingroom,SHINEd_livingroom_043.tif,88,0.1,0.0666666666666667,1.71666666666667,9501.304354708,9502.430613125,13,9501.402475208,9501.470687625,9502.442210666,9504.152261375,1,1.12625841699992
225,7,1,categorization,0,bedroom,SHINEd_bedroom_068.tif,38,0.1,0.0666666666666667,1.31666666666667,9504.169886208,9505.0159205,9,9504.269458208,9504.33582975,9505.042298,9506.352342041,1,0.846034292000695
225,8,1,categorization,0,bedroom,SHINEd_bedroom_086.tif,45,0.1,0.0666666666666667,1.65,9506.369973791,9507.321141,9,9506.470748958,9506.536246041,9507.343071583,9508.986441583,1,0.951167209001142
225,9,1,categorization,0,livingroom,SHINEd_livingroom_028.tif,80,0.1,0.0666666666666667,1.3,9509.007212083,9510.054546666,13,9509.106960666,9509.173557041,9510.080502875,9511.373872708,1,1.04733458300143
225,10,1,categorization,0,livingroom,SHINEd_livingroom_020.tif,75,0.1,0.0666666666666667,1.33333333333333,9511.392920333,9512.321351666,13,9511.493061875,9511.55903175,9512.330394041,9513.657105333,1,0.928431332999025
225,11,1,categorization,0,bedroom,SHINEd_bedroom_020.tif,19,0.1,0.0666666666666667,1.68333333333333,9513.672787166,9514.47763225,9,9513.772629791,9513.8390615,9514.495007166,9516.171718791,1,0.80484508399968
225,12,1,categorization,0,bedroom,SHINEd_bedroom_093.tif,48,0.1,0.0666666666666667,1.85,9516.189759458,9517.250516625,9,9516.2899365,9516.355778208,9517.2798595,9519.123238291,1,1.06075716699888
225,13,1,categorization,0,livingroom,SHINEd_livingroom_013.tif,70,0.1,0.0666666666666667,1.45,9519.140014,9519.97795125,13,9519.240189666,9519.306057041,9519.995483916,9521.438853916,1,0.837937250000323
225,14,1,categorization,0,livingroom,SHINEd_livingroom_001.tif,61,0.1,0.0666666666666667,0.883333333333333,9521.45824875,9522.342104458,13,9521.558387083,9521.624123083,9522.36425475,9523.240926291,1,0.883855708001647
225,15,1,categorization,0,livingroom,SHINEd_livingroom_052.tif,94,0.1,0.0666666666666667,1.05,9523.24669375,9524.085409375,13,9523.341684333,9523.402856041,9524.104583083,9525.147967083,1,0.838715625000987
225,16,1,categorization,0,bedroom,SHINEd_bedroom_025.tif,21,0.1,0.0666666666666667,0.9,9525.157337916,9526.03869075,13,9525.255697125,9525.322967041,9526.063111083,9526.956480375,0,0.881352833999699
225,17,1,categorization,0,bedroom,SHINEd_bedroom_118.tif,56,0.1,0.0666666666666667,1.76666666666667,9526.973483541,9527.717118,9,9527.073521666,9527.13551,9527.72087,9529.480922291,1,0.743634459000532
225,18,1,categorization,0,bedroom,SHINEd_bedroom_036.tif,25,0.1,0.0666666666666667,1.98333333333333,9529.499525708,9530.465474625,9,9529.599678708,9529.665591958,9530.488913208,9532.465628708,1,0.965948916998968
225,19,1,categorization,0,livingroom,SHINEd_livingroom_046.tif,89,0.1,0.0666666666666667,1.46666666666667,9532.485337791,9533.302170541,9,9532.584941083,9532.651649083,9533.324927625,9534.784971666,0,0.816832749998866
225,20,1,categorization,0,livingroom,SHINEd_livingroom_088.tif,106,0.1,0.0666666666666667,1.1,9534.802217458,9535.638530416,9,9534.900945708,9534.968348416,9535.657624708,9536.750996291,0,0.836312957999326
225,21,1,categorization,0,livingroom,SHINEd_livingroom_016.tif,72,0.1,0.0666666666666667,0.9,9536.762493333,9537.672319916,9,9536.861190125,9536.926366125,9537.700547125,9538.593916583,0,0.909826582999813
225,22,1,categorization,0,livingroom,SHINEd_livingroom_62.tif,110,0.1,0.0666666666666667,0.733333333333333,9538.611777625,9539.485024916,9,9538.710134291,9538.768998541,9539.504141916,9540.23081375,0,0.873247291001462
225,23,1,categorization,0,bedroom,SHINEd_bedroom_069.tif,39,0.1,0.0666666666666667,1.18333333333333,9540.239170333,9540.901620208,13,9540.334388916,9540.395203125,9540.913640041,9542.090356916,0,0.662449875000675
225,24,1,categorization,0,livingroom,SHINEd_livingroom_092.tif,109,0.1,0.0666666666666667,1.46666666666667,9542.101306958,9543.114758708,13,9542.200970125,9542.267208583,9543.138277083,9544.598314541,1,1.01345174999915
225,25,1,categorization,0,livingroom,SHINEd_livingroom_090.tif,108,0.1,0.0666666666666667,0.9,9544.614921833,9545.358234833,13,9544.714390916,9544.780990291,9545.36913975,9546.262480833,1,0.743313000000853
225,26,1,categorization,0,livingroom,SHINEd_livingroom_060.tif,99,0.1,0.0666666666666667,1.93333333333333,9546.268339875,9546.948708833,13,9546.363379583,9546.424632083,9546.959835041,9548.886544125,1,0.680368958001054
225,27,1,categorization,0,bedroom,SHINEd_bedroom_010.tif,13,0.1,0.0666666666666667,1.88333333333333,9548.896260625,9549.698855708,9,9548.995803791,9549.062097041,9549.718240208,9551.59495775,1,0.802595082999687
225,28,1,categorization,0,bedroom,SHINEd_bedroom_126.tif,60,0.1,0.0666666666666667,0.9,9551.611831041,9552.577508625,9,9551.71173325,9551.777678708,9552.601038583,9553.494377708,1,0.965677583999422
225,29,1,categorization,0,livingroom,SHINEd_livingroom_005.tif,64,0.1,0.0666666666666667,1.33333333333333,9553.500261,9554.757721875,13,9553.595329041,9553.656273166,9554.775251125,9556.101977166,1,1.25746087500011
225,30,1,categorization,0,livingroom,SHINEd_livingroom_014.tif,71,0.1,0.0666666666666667,1.16666666666667,9556.117250875,9556.973639083,13,9556.21827275,9556.283043916,9556.988783291,9558.148841458,1,0.856388207999771
225,31,1,categorization,0,bedroom,SHINEd_bedroom_008.tif,11,0.1,0.0666666666666667,1.45,9558.158554583,9558.959830208,9,9558.258380875,9558.324570666,9558.980978833,9560.424346958,1,0.801275624999107
225,32,1,categorization,0,bedroom,SHINEd_bedroom_042.tif,28,0.1,0.0666666666666667,1.8,9560.441256666,9561.282911458,9,9560.541464583,9560.607328291,9561.296084333,9563.08945725,1,0.841654792000554
225,33,1,categorization,0,bedroom,SHINEd_bedroom_089.tif,46,0.1,0.0666666666666667,1.91666666666667,9563.106723041,9563.853415791,9,9563.206819583,9563.272897583,9563.879516625,9565.78955475,1,0.746692749999056
225,34,1,categorization,0,bedroom,SHINEd_bedroom_056.tif,35,0.1,0.0666666666666667,1.61666666666667,9565.806562958,9566.657532541,9,9565.906735833,9565.972593583,9566.679623666,9568.2896645,1,0.850969582999824
225,35,1,categorization,0,livingroom,SHINEd_livingroom_055.tif,96,0.1,0.0666666666666667,0.85,9568.305712,9569.032289666,9,9568.405780416,9568.471809666,9569.061615083,9569.90495375,0,0.726577666000594
225,36,1,categorization,0,livingroom,SHINEd_livingroom_004.tif,63,0.1,0.0666666666666667,1.16666666666667,9569.91089375,9570.7490495,9,9570.005921666,9570.066980625,9570.752026708,9571.912070666,0,0.838155749999714
225,37,1,categorization,0,livingroom,SHINEd_livingroom_023.tif,77,0.1,0.0666666666666667,1.68333333333333,9571.921909166,9572.680355625,9,9572.022144541,9572.088092625,9572.6938295,9574.370534708,0,0.75844645899997
225,38,1,categorization,0,bedroom,SHINEd_bedroom_051.tif,33,0.1,0.0666666666666667,1.68333333333333,9574.389826625,9575.228999916,9,9574.489816666,9574.555994791,9575.245015,9576.921725625,1,0.839173291000407
225,39,1,categorization,0,bedroom,SHINEd_bedroom_099.tif,51,0.1,0.0666666666666667,1.36666666666667,9576.940179916,9577.661430875,9,9577.040224291,9577.106399083,9577.67896725,9579.039007791,1,0.721250958999008
225,40,1,categorization,0,bedroom,SHINEd_bedroom_011.tif,14,0.1,0.0666666666666667,1.51666666666667,9579.056480708,9579.761535416,9,9579.156777,9579.2227475,9579.778636083,9581.288684416,1,0.705054707999807
225,41,1,categorization,0,livingroom,SHINEd_livingroom_083.tif,104,0.1,0.0666666666666667,0.816666666666667,9581.30797175,9582.086453083,9,9581.407807875,9581.474099041,9582.113932791,9582.92394025,0,0.778481332999945
225,42,1,categorization,0,livingroom,SHINEd_livingroom_019.tif,74,0.1,0.0666666666666667,1.53333333333333,9582.9299535,9583.828941625,9,9583.02514175,9583.086069041,9583.837871916,9585.364573625,0,0.898988125001779
225,43,1,categorization,0,bedroom,SHINEd_bedroom_048.tif,32,0.1,0.0666666666666667,0.733333333333333,9585.382069666,9586.594068041,9,9585.481638041,9585.548401833,9586.621556666,9587.348227041,1,1.21199837499989
225,44,1,categorization,0,bedroom,SHINEd_bedroom_018.tif,18,0.1,0.0666666666666667,1.25,9587.354489125,9588.181560083,9,9587.449501208,9587.510568541,9588.195593583,9589.43897225,1,0.82707095799924
225,45,1,categorization,0,bedroom,SHINEd_bedroom_075.tif,41,0.1,0.0666666666666667,1.2,9589.456590458,9590.535406458,13,9589.556920375,9589.623307208,9590.563637625,9591.75700725,0,1.0788160000011
225,46,1,categorization,0,livingroom,SHINEd_livingroom_050.tif,93,0.1,0.0666666666666667,0.916666666666667,9591.769973916,9592.489104583,13,9591.870507875,9591.936345125,9592.509982458,9593.42004225,1,0.719130667001082
225,47,1,categorization,0,livingroom,SHINEd_livingroom_030.tif,82,0.1,0.0666666666666667,1.13333333333333,9593.437524208,9594.173334291,13,9593.538084791,9593.596318541,9594.1814025,9595.308126541,1,0.735810082998796
225,48,1,categorization,0,livingroom,SHINEd_livingroom_006.tif,65,0.1,0.0666666666666667,1.8,9595.318209375,9596.1999105,13,9595.418136375,9595.484210666,9596.224521708,9598.017907291,1,0.881701124999381
225,49,1,categorization,0,bedroom,SHINEd_bedroom_119.tif,57,0.1,0.0666666666666667,1.56666666666667,9598.036087458,9598.769986,9,9598.135514958,9598.202386208,9598.792517041,9600.352573541,1,0.733898541999224
225,50,1,categorization,0,bedroom,SHINEd_bedroom_045.tif,29,0.1,0.0666666666666667,1.03333333333333,9600.37338975,9601.049475583,13,9600.473815791,9600.539917,9601.080339208,9602.107061958,0,0.676085832999888
225,1,2,categorization,0,livingroom,SHINEd_livingroom_008.tif,67,0.1,0.0666666666666667,1.55,9684.558046833,9685.573156708,13,9684.653245875,9684.714202208,9685.582645833,9687.126018583,1,1.01510987499933
225,2,2,categorization,0,livingroom,SHINEd_livingroom_032.tif,84,0.1,0.0666666666666667,1.16666666666667,9687.144436833,9688.245766916,9,9687.244399875,9687.310554125,9688.26719775,9689.427244458,0,1.10133008299999
225,3,2,categorization,0,bedroom,SHINEd_bedroom_009.tif,12,0.1,0.0666666666666667,1.56666666666667,9689.437656041,9690.312050291,9,9689.537059041,9689.60393575,9690.326208916,9691.88624575,1,0.874394250000478
225,4,2,categorization,0,livingroom,SHINEd_livingroom_018.tif,73,0.1,0.0666666666666667,0.883333333333333,9691.905992916,9692.662392833,9,9692.005260625,9692.072423708,9692.678343083,9693.555013166,0,0.756399916999726
225,5,2,categorization,0,bedroom,SHINEd_bedroom_046.tif,30,0.1,0.0666666666666667,1.16666666666667,9693.560868375,9694.396599708,9,9693.656272958,9693.716913458,9694.402121166,9695.562161291,1,0.835731332999785
225,6,2,categorization,0,livingroom,SHINEd_livingroom_025.tif,79,0.1,0.0666666666666667,1.31666666666667,9695.571066458,9696.390115458,13,9695.670573833,9695.736776583,9696.407998083,9697.718045666,1,0.819048999999723
225,7,2,categorization,0,livingroom,SHINEd_livingroom_003.tif,62,0.1,0.0666666666666667,1.03333333333333,9697.736782916,9698.487834,9,9697.836462208,9697.902934,9698.509674958,9699.536397333,0,0.75105108400021
225,8,2,categorization,0,bedroom,SHINEd_bedroom_012.tif,15,0.1,0.0666666666666667,1.68333333333333,9699.545101875,9700.318989625,9,9699.645038416,9699.710993333,9700.333190666,9702.009897083,1,0.77388775000145
225,9,2,categorization,0,bedroom,SHINEd_bedroom_016.tif,17,0.1,0.0666666666666667,1.41666666666667,9702.027558875,9702.724623916,9,9702.12753275,9702.193518041,9702.74966025,9704.159696458,1,0.697065041000315
225,10,2,categorization,0,bedroom,SHINEd_bedroom_052.tif,34,0.1,0.0666666666666667,1.25,9704.178133625,9705.613526375,13,9704.277884541,9704.344174916,9705.636806791,9706.880175166,0,1.43539274999966
225,11,2,categorization,0,bedroom,SHINEd_bedroom_074.tif,40,0.1,0.0666666666666667,0.833333333333333,9706.889827125,9707.747857166,13,9706.989657791,9707.055867333,9707.76144525,9708.588155458,0,0.858030040999438
225,12,2,categorization,0,bedroom,SHINEd_bedroom_080.tif,43,0.1,0.0666666666666667,0.833333333333333,9708.605979458,9709.59632125,13,9708.70371225,9708.763257708,9709.615463916,9710.442135958,0,0.990341791999526
225,13,2,categorization,0,bedroom,SHINEd_bedroom_085.tif,44,0.1,0.0666666666666667,1.75,9710.447701375,9711.31713475,9,9710.542978541,9710.603911125,9711.322275708,9713.065648875,1,0.869433374999062
225,14,2,categorization,0,bedroom,SHINEd_bedroom_116.tif,55,0.1,0.0666666666666667,1.48333333333333,9713.079880208,9714.020493625,13,9713.179514666,9713.246033166,9714.034938166,9715.511644541,0,0.940613416998531
225,15,2,categorization,0,bedroom,SHINEd_bedroom_106.tif,52,0.1,0.0666666666666667,0.866666666666667,9715.529275458,9717.316994958,13,9715.62924725,9715.695758041,9717.331865291,9718.191870541,0,1.78771950000009
225,16,2,categorization,0,livingroom,SHINEd_livingroom_022.tif,76,0.1,0.0666666666666667,1.4,9718.1974615,9719.156869791,13,9718.292572875,9718.353649208,9719.172026291,9720.565416416,1,0.959408291000727
225,17,2,categorization,0,livingroom,SHINEd_livingroom_031.tif,83,0.1,0.0666666666666667,0.766666666666667,9720.582462416,9721.985805041,9,9720.683447,9720.748311208,9722.007533958,9722.767538208,0,1.40334262500073
225,18,2,categorization,0,livingroom,SHINEd_livingroom_073.tif,102,0.1,0.0666666666666667,1.81666666666667,9722.772777291,9723.500320375,13,9722.867910291,9722.928851125,9723.513967166,9725.324023416,1,0.72754308399999
225,19,2,categorization,0,bedroom,SHINEd_bedroom_067.tif,37,0.1,0.0666666666666667,0.833333333333333,9725.341560541,9726.272975125,9,9725.44142525,9725.507741,9726.297335708,9727.124006583,1,0.931414584001686
225,20,2,categorization,0,livingroom,SHINEd_livingroom_059.tif,98,0.1,0.0666666666666667,0.866666666666667,9727.129460208,9727.876998333,9,9727.224568291,9727.285533083,9727.887649833,9728.747656,0,0.747538125000574
225,21,2,categorization,0,bedroom,SHINEd_bedroom_120.tif,58,0.1,0.0666666666666667,1.46666666666667,9728.754562375,9729.460279083,9,9728.849706291,9728.910581583,9729.478857833,9730.938917541,1,0.705716708000182
225,22,2,categorization,0,livingroom,SHINEd_livingroom_049.tif,92,0.1,0.0666666666666667,0.916666666666667,9730.95600375,9731.673866791,9,9731.055764458,9731.121883208,9731.694617333,9732.604663625,0,0.717863040999873
225,23,2,categorization,0,livingroom,SHINEd_livingroom_029.tif,81,0.1,0.0666666666666667,0.8,9732.613498791,9733.396352708,13,9732.709412083,9732.769519666,9733.404827666,9734.198167,1,0.782853916998647
225,24,2,categorization,0,bedroom,SHINEd_bedroom_098.tif,50,0.1,0.0666666666666667,1.95,9734.2045325,9734.829131916,9,9734.29981075,9734.360541958,9734.845533666,9736.78891575,1,0.62459941599991
225,25,2,categorization,0,livingroom,SHINEd_livingroom_081.tif,103,0.1,0.0666666666666667,1.05,9736.802056916,9737.612351875,13,9736.9009635,9736.968023958,9737.641607208,9738.684983625,1,0.810294958999293
225,26,2,categorization,0,bedroom,SHINEd_bedroom_125.tif,59,0.1,0.0666666666666667,1.35,9738.694197708,9739.457384083,13,9738.79242425,9738.858434583,9739.4818,9740.825172333,0,0.76318637499935
225,27,2,categorization,0,livingroom,SHINEd_livingroom_068.tif,100,0.1,0.0666666666666667,0.983333333333333,9740.83487175,9741.568784666,13,9740.932399166,9741.000752875,9741.590572208,9742.567291375,1,0.733912916000918
225,28,2,categorization,0,livingroom,SHINEd_livingroom_089.tif,107,0.1,0.0666666666666667,1.8,9742.583291166,9743.220563,13,9742.683798166,9742.749327791,9743.234481291,9745.027872791,1,0.637271834000785
225,29,2,categorization,0,bedroom,SHINEd_bedroom_112.tif,53,0.1,0.0666666666666667,1.75,9745.044939458,9745.790632458,13,9745.144793833,9745.21093575,9745.817402041,9747.560781916,0,0.745693000000756
225,30,2,categorization,0,bedroom,SHINEd_bedroom_039.tif,26,0.1,0.0666666666666667,1.21666666666667,9747.579731083,9748.297706875,13,9747.679487333,9747.745718458,9748.318837625,9749.528873083,0,0.717975792000288
225,31,2,categorization,0,livingroom,SHINEd_livingroom_054.tif,95,0.1,0.0666666666666667,0.8,9749.546731666,9750.398075875,13,9749.646426541,9749.712474958,9750.4184605,9751.211836125,1,0.851344209000672
225,32,2,categorization,0,bedroom,SHINEd_bedroom_062.tif,36,0.1,0.0666666666666667,1.93333333333333,9751.22855275,9752.164576625,13,9751.328358375,9751.386395666,9752.171477666,9754.098185375,0,0.936023874999591
225,33,2,categorization,0,livingroom,SHINEd_livingroom_047.tif,90,0.1,0.0666666666666667,1.35,9754.114730291,9755.198117041,9,9754.214564041,9754.280858416,9755.221007833,9756.564384791,0,1.0833867500005
225,34,2,categorization,0,bedroom,SHINEd_bedroom_030.tif,23,0.1,0.0666666666666667,0.716666666666667,9756.581464625,9757.207445833,13,9756.681384166,9756.747320625,9757.23720825,9757.947240583,0,0.625981208000667
225,35,2,categorization,0,bedroom,SHINEd_bedroom_090.tif,47,0.1,0.0666666666666667,0.916666666666667,9757.963212,9758.732804708,9,9758.06304725,9758.129351083,9758.748304333,9759.658308416,1,0.769592707998527
225,36,2,categorization,0,livingroom,SHINEd_livingroom_024.tif,78,0.1,0.0666666666666667,0.95,9759.66396275,9760.396534041,13,9759.759043625,9759.819989,9760.405089833,9761.348426958,1,0.732571290998749
225,37,2,categorization,0,livingroom,SHINEd_livingroom_036.tif,85,0.1,0.0666666666666667,0.966666666666667,9761.354187708,9762.165008041,13,9761.449265,9761.510244375,9762.178674458,9763.138679708,1,0.810820332999356
225,38,2,categorization,0,bedroom,SHINEd_bedroom_014.tif,16,0.1,0.0666666666666667,1.65,9763.143752625,9764.260783625,9,9763.238927958,9763.299835166,9764.268545333,9765.911914791,1,1.11703100000159
225,39,2,categorization,0,livingroom,SHINEd_livingroom_010.tif,68,0.1,0.0666666666666667,1.75,9765.929727666,9766.647334458,13,9766.029419125,9766.095272916,9766.668008666,9768.411376166,1,0.717606792000879
225,40,2,categorization,0,livingroom,SHINEd_livingroom_039.tif,87,0.1,0.0666666666666667,0.833333333333333,9768.429105166,9769.230159958,13,9768.529017833,9768.595356291,9769.251608041,9770.078279333,1,0.801054792000286
225,41,2,categorization,0,bedroom,SHINEd_bedroom_114.tif,54,0.1,0.0666666666666667,1.3,9770.084141416,9770.780803041,13,9770.179270708,9770.240178833,9770.791872625,9772.085252541,0,0.696661624999251
225,42,2,categorization,0,bedroom,SHINEd_bedroom_041.tif,27,0.1,0.0666666666666667,0.916666666666667,9772.103661875,9772.924114833,9,9772.203863916,9772.270041458,9772.943136333,9773.853191375,1,0.820452957999805
225,43,2,categorization,0,bedroom,SHINEd_bedroom_097.tif,49,0.1,0.0666666666666667,0.7,9773.869001333,9774.588056958,9,9773.964713125,9774.025099083,9774.593560458,9775.286899083,1,0.719055625000692
225,44,2,categorization,0,bedroom,SHINEd_bedroom_023.tif,20,0.1,0.0666666666666667,1.58333333333333,9775.292579208,9776.124951208,9,9775.387677583,9775.448531708,9776.133669416,9777.710380916,1,0.832371999998941
225,45,2,categorization,0,bedroom,SHINEd_bedroom_079.tif,42,0.1,0.0666666666666667,1.73333333333333,9777.726457833,9778.344775916,13,9777.826843083,9777.892947583,9778.366340125,9780.0930395,0,0.618318083001213
225,46,2,categorization,0,livingroom,SHINEd_livingroom_048.tif,91,0.1,0.0666666666666667,1.55,9780.109216666,9780.781283166,13,9780.209387666,9780.275606416,9780.798029833,9782.341398416,1,0.672066499999346
225,47,2,categorization,0,bedroom,SHINEd_bedroom_029.tif,22,0.1,0.0666666666666667,0.95,9782.358333625,9783.221430375,9,9782.45850175,9782.524768708,9783.248523416,9784.191861208,1,0.863096750001205
225,48,2,categorization,0,livingroom,SHINEd_livingroom_007.tif,66,0.1,0.0666666666666667,1.05,9784.19762825,9784.964322666,13,9784.292669291,9784.353708166,9784.972287,9786.015668875,1,0.766694415999154
225,49,2,categorization,0,bedroom,SHINEd_bedroom_032.tif,24,0.1,0.0666666666666667,1.41666666666667,9786.025130166,9786.838508375,9,9786.123431041,9786.190268208,9786.861938583,9788.27198575,1,0.813378209000803
225,50,2,categorization,0,bedroom,SHINEd_bedroom_047.tif,31,0.1,0.0666666666666667,1.68333333333333,9788.288046041,9789.140168625,9,9788.387665958,9788.454149625,9789.160492166,9790.837178875,1,0.852122583999517
225,1,3,categorization,0,bedroom,SHINEd_bedroom_036.tif,25,0.1,0.0666666666666667,1.11666666666667,9803.006224416,9803.980686083,13,9803.102387708,9803.16227725,9803.99737525,9805.107418625,0,0.974461666999559
225,2,3,categorization,0,livingroom,SHINEd_livingroom_018.tif,73,0.1,0.0666666666666667,1.03333333333333,9805.117691875,9805.826367375,13,9805.217179333,9805.283362375,9805.856124708,9806.8828325,1,0.708675500000027
225,3,3,categorization,0,bedroom,SHINEd_bedroom_023.tif,20,0.1,0.0666666666666667,1.31666666666667,9806.893616,9807.588231833,9,9806.993389666,9807.058578375,9807.593781041,9808.90382425,1,0.69461583300108
225,4,3,categorization,0,bedroom,SHINEd_bedroom_074.tif,40,0.1,0.0666666666666667,0.8,9808.92219325,9809.787629375,13,9809.022126583,9809.088152125,9809.810840333,9810.60422025,0,0.865436124999178
225,5,3,categorization,0,livingroom,SHINEd_livingroom_030.tif,82,0.1,0.0666666666666667,1.33333333333333,9810.6241155,9811.260411458,13,9810.721041166,9810.78058975,9811.265619291,9812.592329333,1,0.636295958000119
225,6,3,categorization,0,bedroom,SHINEd_bedroom_112.tif,53,0.1,0.0666666666666667,1.65,9812.609627791,9813.771557333,9,9812.70934875,9812.775509833,9813.7986385,9815.442010083,1,1.16192954200051
225,7,3,categorization,0,livingroom,SHINEd_livingroom_088.tif,106,0.1,0.0666666666666667,0.833333333333333,9815.458786833,9816.203939041,13,9815.557033708,9815.62479375,9816.231189833,9817.057860166,1,0.745152207999126
225,8,3,categorization,0,livingroom,SHINEd_livingroom_048.tif,91,0.1,0.0666666666666667,0.866666666666667,9817.063533583,9817.772627708,13,9817.158607083,9817.219559791,9817.788091416,9818.648096833,1,0.709094125000775
225,9,3,categorization,0,bedroom,SHINEd_bedroom_030.tif,23,0.1,0.0666666666666667,1.08333333333333,9818.653844208,9819.380355375,9,9818.748858708,9818.809730958,9819.3947145,9820.471438041,1,0.726511167000353
225,10,3,categorization,0,livingroom,SHINEd_livingroom_001.tif,61,0.1,0.0666666666666667,1.41666666666667,9820.481831458,9821.086326916,13,9820.579925,9820.64758325,9821.103331208,9822.513377125,1,0.604495457999292
225,11,3,categorization,0,bedroom,SHINEd_bedroom_089.tif,46,0.1,0.0666666666666667,1.2,9822.52912925,9823.216752041,9,9822.629074041,9822.694986875,9823.234085958,9824.427466458,1,0.68762279099974
225,12,3,categorization,0,livingroom,SHINEd_livingroom_052.tif,94,0.1,0.0666666666666667,0.833333333333333,9824.444449791,9825.259886,13,9824.54431625,9824.602006583,9825.270555333,9826.09722675,1,0.815436208999017
225,13,3,categorization,0,livingroom,SHINEd_livingroom_031.tif,83,0.1,0.0666666666666667,1.13333333333333,9826.103786958,9826.819982291,13,9826.198922208,9826.259754791,9826.82815125,9827.954865416,1,0.716195332999632
225,14,3,categorization,0,bedroom,SHINEd_bedroom_080.tif,43,0.1,0.0666666666666667,0.916666666666667,9827.963960916,9828.926423166,13,9828.063821041,9828.129881958,9828.952557208,9829.862568083,0,0.962462249999589
225,15,3,categorization,0,bedroom,SHINEd_bedroom_114.tif,54,0.1,0.0666666666666667,1.6,9829.87047525,9830.628319208,9,9829.966327166,9830.026717875,9830.64515525,9832.238522833,1,0.757843958001104
225,16,3,categorization,0,bedroom,SHINEd_bedroom_086.tif,45,0.1,0.0666666666666667,1.31666666666667,9832.255559666,9833.053989416,9,9832.355485125,9832.421704541,9833.078245625,9834.38828,1,0.798429749998832
225,17,3,categorization,0,bedroom,SHINEd_bedroom_018.tif,18,0.1,0.0666666666666667,0.8,9834.405823583,9835.110800291,9,9834.505799208,9834.572125875,9835.128454708,9835.921842083,1,0.704976708000686
225,18,3,categorization,0,livingroom,SHINEd_livingroom_010.tif,68,0.1,0.0666666666666667,0.9,9835.938788,9836.908143708,9,9836.03907375,9836.105030333,9836.923625291,9837.816964916,0,0.969355708000876
225,19,3,categorization,0,livingroom,SHINEd_livingroom_024.tif,78,0.1,0.0666666666666667,0.75,9837.822515458,9838.596531416,13,9837.917807458,9837.978981958,9838.61413,9839.35746725,1,0.774015958000746
225,20,3,categorization,0,livingroom,SHINEd_livingroom_019.tif,74,0.1,0.0666666666666667,1.51666666666667,9839.3632675,9840.17232925,13,9839.458485625,9839.519249208,9840.187735375,9841.697784208,1,0.809061749998364
225,21,3,categorization,0,livingroom,SHINEd_livingroom_073.tif,102,0.1,0.0666666666666667,0.816666666666667,9841.714227291,9842.557301375,9,9841.8141015,9841.880702083,9842.586991416,9843.396996208,0,0.843074083999454
225,22,3,categorization,0,bedroom,SHINEd_bedroom_093.tif,48,0.1,0.0666666666666667,0.95,9843.403479041,9844.22862625,13,9843.49847275,9843.559504375,9844.244550208,9845.187887708,0,0.825147208999624
225,23,3,categorization,0,livingroom,SHINEd_livingroom_037.tif,86,0.1,0.0666666666666667,1.43333333333333,9845.193604166,9845.996203625,13,9845.288717875,9845.34961575,9846.001543,9847.428250291,1,0.802599459000703
225,24,3,categorization,0,bedroom,SHINEd_bedroom_118.tif,56,0.1,0.0666666666666667,1.91666666666667,9847.446854333,9848.303974291,9,9847.54818175,9847.612874166,9848.318639416,9850.228676458,1,0.857119958000112
225,25,3,categorization,0,bedroom,SHINEd_bedroom_106.tif,52,0.1,0.0666666666666667,1.81666666666667,9850.246316166,9850.950035291,9,9850.346287458,9850.412544875,9850.968674625,9852.778731833,1,0.703719125000134
225,26,3,categorization,0,livingroom,SHINEd_livingroom_083.tif,104,0.1,0.0666666666666667,1.21666666666667,9852.796906375,9853.649142958,13,9852.894915333,9852.963058708,9853.669375416,9854.879431125,1,0.852236582999467
225,27,3,categorization,0,livingroom,SHINEd_livingroom_028.tif,80,0.1,0.0666666666666667,1,9854.889548333,9855.60163475,13,9854.989951625,9855.055535875,9855.628559,9856.621934791,1,0.712086417001046
225,28,3,categorization,0,livingroom,SHINEd_livingroom_003.tif,62,0.1,0.0666666666666667,0.8,9856.638570958,9857.48461275,9,9856.738310041,9856.797179166,9857.499067958,9858.29240625,0,0.846041791999596
225,29,3,categorization,0,bedroom,SHINEd_bedroom_090.tif,47,0.1,0.0666666666666667,0.833333333333333,9858.298128875,9859.188025333,9,9858.39313325,9858.454218708,9859.206021,9860.032692666,1,0.889896458000294
225,30,3,categorization,0,livingroom,SHINEd_livingroom_060.tif,99,0.1,0.0666666666666667,1.05,9860.038316375,9860.908292333,9,9860.133423916,9860.19448325,9860.912954958,9861.956322083,0,0.869975958001305
225,31,3,categorization,0,bedroom,SHINEd_bedroom_011.tif,14,0.1,0.0666666666666667,0.716666666666667,9861.96718725,9862.68124575,9,9862.065113875,9862.133226208,9862.706131875,9863.416184458,1,0.714058499999737
225,32,3,categorization,0,bedroom,SHINEd_bedroom_020.tif,19,0.1,0.0666666666666667,1.4,9863.432025666,9864.132146041,9,9863.531809375,9863.598054333,9864.150225625,9865.543604416,1,0.700120375000552
225,33,3,categorization,0,bedroom,SHINEd_bedroom_051.tif,33,0.1,0.0666666666666667,1.78333333333333,9865.561635291,9866.400089791,13,9865.659394083,9865.727655625,9866.416976583,9868.193694541,0,0.838454499998988
225,34,3,categorization,0,bedroom,SHINEd_bedroom_125.tif,59,0.1,0.0666666666666667,0.783333333333333,9868.211824416,9868.981994083,13,9868.311743125,9868.377805208,9869.000397625,9869.777069375,0,0.770169667001028
225,35,3,categorization,0,livingroom,SHINEd_livingroom_081.tif,103,0.1,0.0666666666666667,2,9869.782918458,9870.356238083,13,9869.878001083,9869.939412375,9870.374474541,9872.367853958,1,0.573319625000295
225,36,3,categorization,0,livingroom,SHINEd_livingroom_029.tif,81,0.1,0.0666666666666667,0.766666666666667,9872.385573958,9873.101131583,13,9872.485700625,9872.551843875,9873.12535425,9873.885359916,1,0.715557625000656
225,37,3,categorization,0,bedroom,SHINEd_bedroom_099.tif,51,0.1,0.0666666666666667,0.85,9873.891151416,9874.460331708,13,9873.986413083,9874.047357708,9874.465631791,9875.3089705,0,0.569180291999146
225,38,3,categorization,0,bedroom,SHINEd_bedroom_048.tif,32,0.1,0.0666666666666667,0.75,9875.314616125,9875.860112208,9,9875.409593541,9875.470620666,9875.8727955,9876.616133833,1,0.545496082999307
225,39,3,categorization,0,livingroom,SHINEd_livingroom_043.tif,88,0.1,0.0666666666666667,1.65,9876.621533333,9877.37264675,13,9876.716574833,9876.777552916,9877.379485625,9879.0228525,1,0.751113416999942
225,40,3,categorization,0,livingroom,SHINEd_livingroom_007.tif,66,0.1,0.0666666666666667,0.933333333333333,9879.03872325,9879.716962166,13,9879.138671625,9879.204765416,9879.744186333,9880.670857083,1,0.678238915999827
225,41,3,categorization,0,bedroom,SHINEd_bedroom_029.tif,22,0.1,0.0666666666666667,0.816666666666667,9880.676432375,9881.388112583,9,9880.771470833,9880.832448,9881.4009615,9882.210967291,1,0.711680207999962
225,42,3,categorization,0,bedroom,SHINEd_bedroom_009.tif,12,0.1,0.0666666666666667,0.983333333333333,9882.216728916,9883.01968525,9,9882.311966625,9882.372652458,9883.024340375,9884.001012083,1,0.802956333998736
225,43,3,categorization,0,livingroom,SHINEd_livingroom_059.tif,98,0.1,0.0666666666666667,1.73333333333333,9884.006614916,9884.740451958,13,9884.101699125,9884.1626415,9884.747741375,9886.474450791,1,0.733837042000232
225,44,3,categorization,0,livingroom,SHINEd_livingroom_050.tif,93,0.1,0.0666666666666667,1.85,9886.490731,9887.121060958,13,9886.590815041,9886.657433541,9887.147358458,9888.990742375,1,0.630329957999493
225,45,3,categorization,0,bedroom,SHINEd_bedroom_075.tif,41,0.1,0.0666666666666667,1.56666666666667,9889.008269083,9889.766111041,13,9889.108585958,9889.174427708,9889.78023525,9891.340283708,0,0.757841958000427
225,46,3,categorization,0,livingroom,SHINEd_livingroom_014.tif,71,0.1,0.0666666666666667,1.31666666666667,9891.357560916,9893.020577916,9,9891.457401875,9891.5238855,9893.026544916,9894.336577833,0,1.66301700000076
225,47,3,categorization,0,bedroom,SHINEd_bedroom_097.tif,49,0.1,0.0666666666666667,0.766666666666667,9894.357353291,9895.087573458,13,9894.457242041,9894.523291416,9895.112930583,9895.872976541,0,0.73022016700088
225,48,3,categorization,0,bedroom,SHINEd_bedroom_016.tif,17,0.1,0.0666666666666667,1.65,9895.888907416,9896.62025,9,9895.9887085,9896.054399541,9896.63959625,9898.282985541,1,0.731342584000231
225,49,3,categorization,0,livingroom,SHINEd_livingroom_006.tif,65,0.1,0.0666666666666667,1.11666666666667,9898.300251833,9899.076876625,13,9898.399835208,9898.466642875,9899.106596458,9900.216651625,1,0.776624792000803
225,50,3,categorization,0,livingroom,SHINEd_livingroom_022.tif,76,0.1,0.0666666666666667,1.26666666666667,9900.226212833,9900.977215791,13,9900.325483291,9900.392404625,9900.998217375,9902.258264541,1,0.751002957998935
225,1,4,categorization,0,bedroom,SHINEd_bedroom_068.tif,38,0.1,0.0666666666666667,1.91666666666667,9997.194249916,9998.180314083,9,9997.290148416,9997.350286083,9998.185373166,10000.095410083,1,0.986064167000222
225,2,4,categorization,0,livingroom,SHINEd_livingroom_005.tif,64,0.1,0.0666666666666667,1.98333333333333,10000.112340041,10000.830791375,13,10000.212343125,10000.278577333,10000.850304708,10002.826987166,1,0.718451333999838
225,3,4,categorization,0,livingroom,SHINEd_livingroom_023.tif,77,0.1,0.0666666666666667,1.21666666666667,10002.838303416,10003.7432335,13,10002.938034583,10003.004412208,10003.760527041,10004.970574416,1,0.904930083999716
225,4,4,categorization,0,bedroom,SHINEd_bedroom_079.tif,42,0.1,0.0666666666666667,1.31666666666667,10004.980277125,10005.866918833,13,10005.080424958,10005.146914916,10005.88655,10007.196613291,0,0.886641708000752
225,5,4,categorization,0,livingroom,SHINEd_livingroom_004.tif,63,0.1,0.0666666666666667,1.03333333333333,10007.213575041,10007.983346541,13,10007.31347025,10007.379989208,10008.00284425,10009.029527833,1,0.769771499999479
225,6,4,categorization,0,livingroom,SHINEd_livingroom_016.tif,72,0.1,0.0666666666666667,1.93333333333333,10009.038381291,10010.271895,9,10009.138557,10009.204860625,10010.295439125,10012.222163166,0,1.23351370899945
225,7,4,categorization,0,livingroom,SHINEd_livingroom_020.tif,75,0.1,0.0666666666666667,1.46666666666667,10012.240276125,10013.200388541,13,10012.340724375,10012.406355625,10013.229832791,10014.689871833,1,0.960112415999902
225,8,4,categorization,0,livingroom,SHINEd_livingroom_62.tif,110,0.1,0.0666666666666667,1.35,10014.707606291,10015.485474916,13,10014.805945666,10014.867941875,10015.508272291,10016.851651916,1,0.777868625000337
225,9,4,categorization,0,bedroom,SHINEd_bedroom_014.tif,16,0.1,0.0666666666666667,1.81666666666667,10016.861491375,10018.450964208,13,10016.962519333,10017.027660666,10018.470123,10020.280178666,0,1.58947283299858
225,10,4,categorization,0,bedroom,SHINEd_bedroom_069.tif,39,0.1,0.0666666666666667,0.966666666666667,10020.294115333,10021.096559583,13,10020.395345083,10020.460780166,10021.117351708,10022.077356083,0,0.802444250000917
225,11,4,categorization,0,bedroom,SHINEd_bedroom_085.tif,44,0.1,0.0666666666666667,1.85,10022.08317825,10023.243713875,13,10022.178280541,10022.239363416,10023.257854208,10025.101233875,0,1.16053562499837
225,12,4,categorization,0,bedroom,SHINEd_bedroom_025.tif,21,0.1,0.0666666666666667,1.78333333333333,10025.11964625,10026.76406725,9,10025.221030666,10025.285882125,10026.771778625,10028.548488416,1,1.64442100000088
225,13,4,categorization,0,livingroom,SHINEd_livingroom_068.tif,100,0.1,0.0666666666666667,0.833333333333333,10028.566329791,10029.98711125,13,10028.668374375,10028.732970916,10030.002174416,10030.828846541,1,1.42078145900086
225,14,4,categorization,0,livingroom,SHINEd_livingroom_032.tif,84,0.1,0.0666666666666667,1.91666666666667,10030.833777166,10032.0992615,13,10030.928851333,10030.989960333,10032.109272708,10034.019320541,1,1.26548433399876
225,15,4,categorization,0,bedroom,SHINEd_bedroom_045.tif,29,0.1,0.0666666666666667,0.883333333333333,10034.0384795,10035.000499833,13,10034.13808775,10034.20498525,10035.028426875,10035.905098916,0,0.9620203329996
225,16,4,categorization,0,livingroom,SHINEd_livingroom_057.tif,97,0.1,0.0666666666666667,1.45,10035.910691041,10036.876021291,13,10036.005776916,10036.066690625,10036.885099875,10038.328467875,1,0.965330250000989
225,17,4,categorization,0,bedroom,SHINEd_bedroom_120.tif,58,0.1,0.0666666666666667,1.58333333333333,10038.346321916,10040.620091958,13,10038.446160458,10038.512783166,10040.632171958,10042.208887833,0,2.27377004200025
225,18,4,categorization,0,bedroom,SHINEd_bedroom_008.tif,11,0.1,0.0666666666666667,1.58333333333333,10042.226834958,10043.215653375,13,10042.326927416,10042.393297166,10043.232667375,10044.8093505,0,0.988818416999493
225,19,4,categorization,0,bedroom,SHINEd_bedroom_052.tif,34,0.1,0.0666666666666667,1.13333333333333,10044.819852833,10046.216558791,13,10044.91799925,10044.9858115,10046.244832041,10047.371528666,0,1.39670595800089
225,20,4,categorization,0,livingroom,SHINEd_livingroom_055.tif,96,0.1,0.0666666666666667,1.65,10047.3814975,10048.3886975,13,10047.481549791,10047.547696041,10048.403681541,10050.047060166,1,1.00720000000001
225,21,4,categorization,0,bedroom,SHINEd_bedroom_042.tif,28,0.1,0.0666666666666667,1.9,10050.06467625,10051.22423025,9,10050.16639325,10050.231250125,10051.254520791,10053.147900583,1,1.15955399999984
225,22,4,categorization,0,livingroom,SHINEd_livingroom_092.tif,109,0.1,0.0666666666666667,0.716666666666667,10053.165118958,10055.051583208,9,10053.264937958,10053.331631625,10055.067353708,10055.77735775,0,1.88646424999934
225,23,4,categorization,0,livingroom,SHINEd_livingroom_039.tif,87,0.1,0.0666666666666667,1.25,10055.782985375,10056.907318083,13,10055.877996375,10055.939025,10056.924147791,10058.167523083,1,1.1243327079992
225,24,4,categorization,0,livingroom,SHINEd_livingroom_049.tif,92,0.1,0.0666666666666667,0.9,10058.184960333,10059.073038916,13,10058.285908416,10058.351149041,10059.089862166,10059.983241583,1,0.888078583000606
225,25,4,categorization,0,bedroom,SHINEd_bedroom_062.tif,36,0.1,0.0666666666666667,1.13333333333333,10059.99942325,10061.131522375,9,10060.095160541,10060.15547575,10061.140483791,10062.267195291,1,1.13209912500133
225,26,4,categorization,0,livingroom,SHINEd_livingroom_025.tif,79,0.1,0.0666666666666667,1.9,10062.277615,10062.983294625,13,10062.377461083,10062.44373525,10063.001049291,10064.894425083,1,0.705679624999902
225,27,4,categorization,0,livingroom,SHINEd_livingroom_036.tif,85,0.1,0.0666666666666667,1.86666666666667,10064.905127416,10065.632414291,13,10065.004640541,10065.07104,10065.660664708,10067.520709625,1,0.727286875000573
225,28,4,categorization,0,livingroom,SHINEd_livingroom_090.tif,108,0.1,0.0666666666666667,1.41666666666667,10067.536648666,10068.391284416,13,10067.636725041,10067.703192625,10068.409251875,10069.819299041,1,0.854635749999943
225,29,4,categorization,0,bedroom,SHINEd_bedroom_032.tif,24,0.1,0.0666666666666667,1.25,10069.83796225,10070.839086791,9,10069.938320625,10070.004411708,10070.859754916,10072.103144375,1,1.00112454100054
225,30,4,categorization,0,bedroom,SHINEd_bedroom_041.tif,27,0.1,0.0666666666666667,1.23333333333333,10072.121184625,10072.870933625,13,10072.221055083,10072.2872825,10072.892465458,10074.119176291,0,0.749748999998701
225,31,4,categorization,0,livingroom,SHINEd_livingroom_089.tif,107,0.1,0.0666666666666667,1.78333333333333,10074.137597125,10074.925826791,13,10074.237902291,10074.304172125,10074.942044833,10076.718769791,1,0.788229666000916
225,32,4,categorization,0,bedroom,SHINEd_bedroom_067.tif,37,0.1,0.0666666666666667,0.966666666666667,10076.737879625,10078.547509125,9,10076.835290458,10076.901760541,10078.554155416,10079.514160208,1,1.80962949999957
225,33,4,categorization,0,bedroom,SHINEd_bedroom_116.tif,55,0.1,0.0666666666666667,1.03333333333333,10079.519380833,10080.451467583,13,10079.614454833,10079.67541425,10080.460578,10081.487276458,0,0.932086749999144
225,34,4,categorization,0,livingroom,SHINEd_livingroom_072.tif,101,0.1,0.0666666666666667,1.58333333333333,10081.497141833,10082.30307,13,10081.595138125,10081.662190208,10082.317746291,10083.894455,1,0.805928166999365
225,35,4,categorization,0,livingroom,SHINEd_livingroom_054.tif,95,0.1,0.0666666666666667,1.58333333333333,10083.910327208,10084.773348166,13,10084.010491083,10084.076356,10084.798857291,10086.3755755,1,0.863020958000561
225,36,4,categorization,0,livingroom,SHINEd_livingroom_046.tif,89,0.1,0.0666666666666667,1.4,10086.393289958,10087.14888425,13,10086.493756,10086.559997375,10087.166019291,10088.559404833,1,0.755594292000751
225,37,4,categorization,0,livingroom,SHINEd_livingroom_047.tif,90,0.1,0.0666666666666667,1.08333333333333,10088.577396,10090.036726875,13,10088.678383541,10088.743291083,10090.069416083,10091.146124208,1,1.45933087499907
225,38,4,categorization,0,bedroom,SHINEd_bedroom_119.tif,57,0.1,0.0666666666666667,1.28333333333333,10091.156704166,10092.216783208,13,10091.255452291,10091.323114208,10092.246375916,10093.523084083,0,1.06007904199942
225,39,4,categorization,0,livingroom,SHINEd_livingroom_012.tif,69,0.1,0.0666666666666667,0.716666666666667,10093.5409975,10094.67165875,13,10093.640740041,10093.707173416,10094.697636708,10095.40764525,1,1.13066124999932
225,40,4,categorization,0,bedroom,SHINEd_bedroom_126.tif,60,0.1,0.0666666666666667,1.3,10095.413417958,10096.219137875,9,10095.508456916,10095.569919041,10096.238310625,10097.5316805,1,0.805719916999806
225,41,4,categorization,0,livingroom,SHINEd_livingroom_013.tif,70,0.1,0.0666666666666667,1.28333333333333,10097.5442115,10098.3628285,13,10097.644550291,10097.710231833,10098.382531333,10099.659232458,1,0.818616999998994
225,42,4,categorization,0,bedroom,SHINEd_bedroom_012.tif,15,0.1,0.0666666666666667,0.8,10099.6754685,10101.160470083,13,10099.77554575,10099.842657125,10101.185341708,10101.978680625,0,1.48500158299976
225,43,4,categorization,0,bedroom,SHINEd_bedroom_056.tif,35,0.1,0.0666666666666667,1.23333333333333,10101.986620125,10102.92329325,13,10102.081653208,10102.14262425,10102.927704,10104.154427041,0,0.936673124999288
225,44,4,categorization,0,bedroom,SHINEd_bedroom_098.tif,50,0.1,0.0666666666666667,1.2,10104.171431208,10104.863122333,9,10104.271203333,10104.337410416,10104.875346166,10106.068724583,1,0.691691124999124
225,45,4,categorization,0,livingroom,SHINEd_livingroom_008.tif,67,0.1,0.0666666666666667,0.733333333333333,10106.077569791,10107.037840958,9,10106.177487583,10106.24350625,10107.066721583,10107.793430375,0,0.960271167001338
225,46,4,categorization,0,bedroom,SHINEd_bedroom_047.tif,31,0.1,0.0666666666666667,0.933333333333333,10107.809673375,10108.547073833,13,10107.909268583,10107.97571125,10108.561139666,10109.487810791,0,0.737400457999684
225,47,4,categorization,0,bedroom,SHINEd_bedroom_046.tif,30,0.1,0.0666666666666667,0.816666666666667,10109.493387208,10110.435809208,13,10109.588583333,10109.6494105,10110.451078083,10111.261083458,0,0.942422000000079
225,48,4,categorization,0,bedroom,SHINEd_bedroom_010.tif,13,0.1,0.0666666666666667,1.2,10111.266872375,10112.115707041,9,10111.361962958,10111.422898291,10112.124786416,10113.318178958,1,0.848834666001494
225,49,4,categorization,0,livingroom,SHINEd_livingroom_087.tif,105,0.1,0.0666666666666667,0.783333333333333,10113.329925125,10114.013344125,13,10113.430030791,10113.495971416,10114.03446025,10114.811147791,1,0.683419000000868
225,50,4,categorization,0,bedroom,SHINEd_bedroom_039.tif,26,0.1,0.0666666666666667,0.766666666666667,10114.820666958,10115.75585,13,10114.920662416,10114.986982083,10115.772350416,10116.532354083,0,0.935183042000062
225,1,5,categorization,0,bedroom,SHINEd_bedroom_009.tif,12,0.1,0.0666666666666667,1.23333333333333,10126.333280791,10127.019301875,9,10126.42921325,10126.489326291,10127.024421666,10128.2511315,1,0.686021084000458
225,2,5,categorization,0,bedroom,SHINEd_bedroom_075.tif,41,0.1,0.0666666666666667,1.31666666666667,10128.266120875,10128.997357541,13,10128.365670541,10128.432142583,10129.022113583,10130.332144708,0,0.731236666000768
225,3,5,categorization,0,livingroom,SHINEd_livingroom_023.tif,77,0.1,0.0666666666666667,1,10130.351665916,10130.974909125,9,10130.451852166,10130.517906708,10130.990287833,10131.983675625,0,0.623243209000066
225,4,5,categorization,0,livingroom,SHINEd_livingroom_055.tif,96,0.1,0.0666666666666667,0.916666666666667,10132.000426583,10132.690835875,13,10132.09656,10132.156998083,10132.708692,10133.618697625,1,0.690409292001277
225,5,5,categorization,0,livingroom,SHINEd_livingroom_022.tif,76,0.1,0.0666666666666667,0.8,10133.624271208,10134.490915375,13,10133.719279666,10133.780354416,10134.49878425,10135.292122666,1,0.866644166999322
225,6,5,categorization,0,livingroom,SHINEd_livingroom_020.tif,75,0.1,0.0666666666666667,1.7,10135.297965458,10136.083273083,9,10135.392965416,10135.454076708,10136.08919425,10137.782560583,0,0.785307625001224
225,7,5,categorization,0,bedroom,SHINEd_bedroom_067.tif,37,0.1,0.0666666666666667,1.25,10137.795790083,10138.582349666,9,10137.8959745,10137.961811833,10138.601749666,10139.845129916,1,0.786559582998962
225,8,5,categorization,0,bedroom,SHINEd_bedroom_074.tif,40,0.1,0.0666666666666667,1.96666666666667,10139.86280125,10140.644118,9,10139.96258025,10140.028877416,10140.668572958,10142.628616291,1,0.781316750000769
225,9,5,categorization,0,bedroom,SHINEd_bedroom_036.tif,25,0.1,0.0666666666666667,0.766666666666667,10142.646266625,10143.774970416,9,10142.746027208,10142.810096958,10143.796631,10144.556636583,1,1.12870379099877
225,10,5,categorization,0,livingroom,SHINEd_livingroom_003.tif,62,0.1,0.0666666666666667,0.816666666666667,10144.561993375,10145.563369875,9,10144.657073416,10144.718010291,10145.56966575,10146.379671291,0,1.00137650000033
225,11,5,categorization,0,bedroom,SHINEd_bedroom_086.tif,45,0.1,0.0666666666666667,1.25,10146.385647333,10147.203919875,9,10146.48078075,10146.541743541,10147.210223291,10148.45359675,1,0.818272542001068
225,12,5,categorization,0,bedroom,SHINEd_bedroom_068.tif,38,0.1,0.0666666666666667,1.73333333333333,10148.471517833,10149.179718875,9,10148.571509541,10148.637510208,10149.19293875,10150.919634333,1,0.708201041999928
225,13,5,categorization,0,livingroom,SHINEd_livingroom_031.tif,83,0.1,0.0666666666666667,1.56666666666667,10150.937897125,10151.645958708,13,10151.037846708,10151.10414275,10151.658502916,10153.218560666,1,0.708061583000017
225,14,5,categorization,0,bedroom,SHINEd_bedroom_014.tif,16,0.1,0.0666666666666667,1,10153.237525541,10154.043659958,9,10153.3372945,10153.40362525,10154.059430125,10155.052766666,1,0.806134417000067
225,15,5,categorization,0,livingroom,SHINEd_livingroom_037.tif,86,0.1,0.0666666666666667,1.33333333333333,10155.057640416,10155.659497833,13,10155.15274875,10155.213681625,10155.6654285,10156.992142125,1,0.601857416999337
225,16,5,categorization,0,livingroom,SHINEd_livingroom_087.tif,105,0.1,0.0666666666666667,0.883333333333333,10157.010969125,10157.703960875,13,10157.111203958,10157.177049458,10157.733516708,10158.610216208,1,0.692991750000147
225,17,5,categorization,0,bedroom,SHINEd_bedroom_020.tif,19,0.1,0.0666666666666667,0.8,10158.627117791,10159.283171916,9,10158.726906208,10158.784421458,10159.285986708,10160.079326041,1,0.656054125000082
225,18,5,categorization,0,bedroom,SHINEd_bedroom_112.tif,53,0.1,0.0666666666666667,1.76666666666667,10160.0858265,10161.171501541,13,10160.180910625,10160.24192225,10161.177187375,10162.937218583,0,1.08567504100029
225,19,5,categorization,0,bedroom,SHINEd_bedroom_090.tif,47,0.1,0.0666666666666667,0.816666666666667,10162.955019333,10164.36341475,9,10163.055552916,10163.121311416,10164.374058208,10165.184063958,1,1.40839541700007
225,20,5,categorization,0,livingroom,SHINEd_livingroom_054.tif,95,0.1,0.0666666666666667,1.31666666666667,10165.189604041,10166.139213791,9,10165.28476875,10165.345746208,10166.147502833,10167.457544208,0,0.9496097500014
225,21,5,categorization,0,livingroom,SHINEd_livingroom_047.tif,90,0.1,0.0666666666666667,0.9,10167.47660025,10168.073151541,13,10167.57663125,10167.642873916,10168.099307833,10168.992686958,1,0.596551291000651
225,22,5,categorization,0,bedroom,SHINEd_bedroom_045.tif,29,0.1,0.0666666666666667,0.766666666666667,10169.010197208,10169.715611125,13,10169.110544208,10169.176264125,10169.727873916,10170.48787925,0,0.705413917001351
225,23,5,categorization,0,bedroom,SHINEd_bedroom_120.tif,58,0.1,0.0666666666666667,0.75,10170.49353225,10171.235385125,13,10170.588584083,10170.64949725,10171.251457833,10171.994795166,0,0.741852875000404
225,24,5,categorization,0,bedroom,SHINEd_bedroom_025.tif,21,0.1,0.0666666666666667,1.43333333333333,10172.000529,10172.795011291,13,10172.095750916,10172.156638208,10172.808316791,10174.235038875,0,0.79448229099944
225,25,5,categorization,0,livingroom,SHINEd_livingroom_050.tif,93,0.1,0.0666666666666667,0.733333333333333,10174.255211666,10175.133099708,13,10174.356631708,10174.422367166,10175.162312791,10175.888990666,1,0.87788804199954
225,26,5,categorization,0,livingroom,SHINEd_livingroom_62.tif,110,0.1,0.0666666666666667,1.21666666666667,10175.895347791,10176.819767791,9,10175.990412791,10176.051381458,10176.836268666,10178.046323958,0,0.924419999999373
225,27,5,categorization,0,livingroom,SHINEd_livingroom_068.tif,100,0.1,0.0666666666666667,0.9,10178.0642375,10178.894172875,13,10178.164072958,10178.230271,10178.920172875,10179.813549916,1,0.829935374998968
225,28,5,categorization,0,bedroom,SHINEd_bedroom_048.tif,32,0.1,0.0666666666666667,0.8,10179.829264875,10180.730737791,9,10179.92520775,10179.985479208,10180.737255458,10181.530594833,1,0.901472916000785
225,29,5,categorization,0,livingroom,SHINEd_livingroom_028.tif,80,0.1,0.0666666666666667,1.83333333333333,10181.536288166,10182.210698875,13,10181.631359875,10181.692377208,10182.227472875,10184.054188041,1,0.674410708999858
225,30,5,categorization,0,livingroom,SHINEd_livingroom_090.tif,108,0.1,0.0666666666666667,1.93333333333333,10184.071611958,10184.799529583,13,10184.171641833,10184.237903875,10184.824880083,10186.751595916,1,0.727917625001282
225,31,5,categorization,0,livingroom,SHINEd_livingroom_052.tif,94,0.1,0.0666666666666667,0.833333333333333,10186.767157541,10187.495796333,13,10186.865024791,10186.933579125,10187.523417583,10188.350088583,1,0.728638791999401
225,32,5,categorization,0,bedroom,SHINEd_bedroom_051.tif,33,0.1,0.0666666666666667,1.31666666666667,10188.356000375,10188.835176291,13,10188.4510155,10188.512086375,10188.847155333,10190.15720175,0,0.479175915999804
225,33,5,categorization,0,bedroom,SHINEd_bedroom_052.tif,34,0.1,0.0666666666666667,1.2,10190.174185291,10190.8278135,13,10190.2740195,10190.340773833,10190.845791916,10192.039158208,0,0.65362820900009
225,34,5,categorization,0,livingroom,SHINEd_livingroom_049.tif,92,0.1,0.0666666666666667,1.11666666666667,10192.05546175,10192.885683458,13,10192.155826375,10192.221518666,10192.910709083,10194.0207475,1,0.830221707999954
225,35,5,categorization,0,bedroom,SHINEd_bedroom_099.tif,51,0.1,0.0666666666666667,1.01666666666667,10194.037227541,10194.74076125,13,10194.137248833,10194.203702083,10194.759893833,10195.76993425,0,0.703533708998293
225,36,5,categorization,0,livingroom,SHINEd_livingroom_043.tif,88,0.1,0.0666666666666667,0.766666666666667,10195.781731416,10196.610833833,9,10195.881655875,10195.948085,10196.616516625,10197.376521791,0,0.829102416999376
225,37,5,categorization,0,bedroom,SHINEd_bedroom_046.tif,30,0.1,0.0666666666666667,1.13333333333333,10197.3823225,10198.067659708,9,10197.477450541,10197.538314083,10198.073520125,10199.200231125,1,0.685337208000419
225,38,5,categorization,0,livingroom,SHINEd_livingroom_036.tif,85,0.1,0.0666666666666667,0.816666666666667,10199.209339625,10200.127505708,9,10199.309382291,10199.375529541,10200.14873225,10200.958767708,0,0.91816608299996
225,39,5,categorization,0,bedroom,SHINEd_bedroom_008.tif,11,0.1,0.0666666666666667,1.95,10200.974713208,10201.611279416,9,10201.074731833,10201.139525,10201.624652,10203.568036541,1,0.636566208000659
225,40,5,categorization,0,bedroom,SHINEd_bedroom_106.tif,52,0.1,0.0666666666666667,1.4,10203.5874305,10204.290502458,9,10203.687284583,10203.753893,10204.310176958,10205.703546291,1,0.703071957999782
225,41,5,categorization,0,bedroom,SHINEd_bedroom_062.tif,36,0.1,0.0666666666666667,1.1,10205.720992,10206.584667458,9,10205.82088525,10205.886927458,10206.610115458,10207.703496833,1,0.863675458000216
225,42,5,categorization,0,livingroom,SHINEd_livingroom_024.tif,78,0.1,0.0666666666666667,1.3,10207.712681916,10208.5516875,13,10207.811211625,10207.878736541,10208.567937583,10209.861303875,1,0.839005583999096
225,43,5,categorization,0,livingroom,SHINEd_livingroom_072.tif,101,0.1,0.0666666666666667,1.88333333333333,10209.872199333,10210.618488333,13,10209.971893958,10210.038536041,10210.645344333,10212.522062708,1,0.746289000000615
225,44,5,categorization,0,livingroom,SHINEd_livingroom_081.tif,103,0.1,0.0666666666666667,0.716666666666667,10212.538906166,10213.335051458,13,10212.639107583,10212.705144083,10213.361596208,10214.071603291,1,0.796145291998982
225,45,5,categorization,0,livingroom,SHINEd_livingroom_039.tif,87,0.1,0.0666666666666667,1.73333333333333,10214.077258958,10214.73857625,13,10214.172404666,10214.233395166,10214.751754083,10216.47845275,1,0.661317292000604
225,46,5,categorization,0,bedroom,SHINEd_bedroom_125.tif,59,0.1,0.0666666666666667,0.966666666666667,10216.493232083,10217.288262208,9,10216.593189666,10216.659541166,10217.316781083,10218.276787541,1,0.795030125000267
225,47,5,categorization,0,livingroom,SHINEd_livingroom_007.tif,66,0.1,0.0666666666666667,1.83333333333333,10218.28281825,10219.026810625,9,10218.377854291,10218.438868458,10219.040613166,10220.867317041,0,0.743992375000744
225,48,5,categorization,0,bedroom,SHINEd_bedroom_080.tif,43,0.1,0.0666666666666667,1.08333333333333,10220.878665583,10221.696321375,9,10220.978575416,10221.045164875,10221.718601958,10222.795304916,1,0.817655791999641
225,49,5,categorization,0,bedroom,SHINEd_bedroom_093.tif,48,0.1,0.0666666666666667,1.5,10222.803949125,10223.78049575,13,10222.902074666,10222.967473875,10223.807326083,10225.300724583,0,0.976546624999173
225,50,5,categorization,0,livingroom,SHINEd_livingroom_019.tif,74,0.1,0.0666666666666667,1.06666666666667,10225.321008708,10226.166373083,9,10225.421344833,10225.486838708,10226.193187458,10227.2532385,0,0.845364374999917
225,1,6,categorization,0,livingroom,SHINEd_livingroom_008.tif,67,0.1,0.0666666666666667,0.916666666666667,10248.852371375,10249.643158625,13,10248.948038541,10249.00851075,10249.660200208,10250.57020575,1,0.790787249999994
225,2,6,categorization,0,livingroom,SHINEd_livingroom_029.tif,81,0.1,0.0666666666666667,1.15,10250.575799541,10251.330784041,13,10250.670859208,10250.731814708,10251.350388708,10252.493779666,1,0.754984499999409
225,3,6,categorization,0,livingroom,SHINEd_livingroom_025.tif,79,0.1,0.0666666666666667,1.51666666666667,10252.504549208,10253.562996041,13,10252.604332125,10252.670599791,10253.576252375,10255.08628925,1,1.05844683299983
225,4,6,categorization,0,bedroom,SHINEd_bedroom_126.tif,60,0.1,0.0666666666666667,1.2,10255.104496875,10256.526628833,13,10255.204515291,10255.270574833,10256.546751666,10257.740117916,0,1.42213195800105
225,5,6,categorization,0,bedroom,SHINEd_bedroom_056.tif,35,0.1,0.0666666666666667,1.5,10257.754744125,10260.306463916,13,10257.854855125,10257.921310791,10260.324302375,10261.81769375,0,2.55171979099941
225,6,6,categorization,0,livingroom,SHINEd_livingroom_048.tif,91,0.1,0.0666666666666667,1.85,10261.838679875,10262.6004275,13,10261.93891525,10262.002664125,10262.625842875,10264.469208875,1,0.761747624999771
225,7,6,categorization,0,livingroom,SHINEd_livingroom_018.tif,73,0.1,0.0666666666666667,0.95,10264.485849375,10265.239905166,13,10264.585414791,10264.652162666,10265.258662791,10266.201999833,1,0.754055790999701
225,8,6,categorization,0,livingroom,SHINEd_livingroom_046.tif,89,0.1,0.0666666666666667,0.9,10266.207684875,10267.011250916,9,10266.302838625,10266.36371275,10267.015392291,10267.9087305,0,0.803566041000522
225,9,6,categorization,0,bedroom,SHINEd_bedroom_097.tif,49,0.1,0.0666666666666667,1.35,10267.91443275,10268.55467925,9,10268.009417708,10268.070484291,10268.572233416,10269.915601125,1,0.640246500001012
225,10,6,categorization,0,livingroom,SHINEd_livingroom_089.tif,107,0.1,0.0666666666666667,1.8,10269.93343375,10270.658665291,13,10270.033038416,10270.099264583,10270.689173958,10272.482589583,1,0.72523154099872
225,11,6,categorization,0,livingroom,SHINEd_livingroom_083.tif,104,0.1,0.0666666666666667,1.05,10272.50050775,10273.267089541,13,10272.600242916,10272.666529041,10273.289823,10274.333210083,1,0.766581790998316
225,12,6,categorization,0,livingroom,SHINEd_livingroom_088.tif,106,0.1,0.0666666666666667,0.816666666666667,10274.344290833,10275.130631541,13,10274.443463958,10274.510534416,10275.150179916,10275.96024575,1,0.786340708000353
225,13,6,categorization,0,bedroom,SHINEd_bedroom_029.tif,22,0.1,0.0666666666666667,1.41666666666667,10275.977949333,10276.779845958,9,10276.078393333,10276.145801666,10276.797568625,10278.207620875,1,0.801896625000154
225,14,6,categorization,0,livingroom,SHINEd_livingroom_010.tif,68,0.1,0.0666666666666667,1,10278.227682125,10278.885883958,13,10278.329429958,10278.395707625,10278.900600625,10279.893938666,1,0.65820183300093
225,15,6,categorization,0,livingroom,SHINEd_livingroom_060.tif,99,0.1,0.0666666666666667,1.65,10279.899737791,10280.683184791,13,10279.994814875,10280.056209,10280.691358583,10282.334746291,1,0.783446999999796
225,16,6,categorization,0,livingroom,SHINEd_livingroom_005.tif,64,0.1,0.0666666666666667,1.6,10282.353440791,10283.056808333,13,10282.4536535,10282.520525541,10283.077154,10284.67053725,1,0.703367542000706
225,17,6,categorization,0,livingroom,SHINEd_livingroom_001.tif,61,0.1,0.0666666666666667,0.916666666666667,10284.685924583,10285.41591325,13,10284.785553416,10284.849199208,10285.439436333,10286.34944025,1,0.729988667000725
225,18,6,categorization,0,livingroom,SHINEd_livingroom_013.tif,70,0.1,0.0666666666666667,0.916666666666667,10286.355233041,10287.122523708,13,10286.450315583,10286.511336041,10287.129796291,10288.0398,1,0.767290666999543
225,19,6,categorization,0,bedroom,SHINEd_bedroom_042.tif,28,0.1,0.0666666666666667,1.01666666666667,10288.04530475,10289.28277175,9,10288.140529208,10288.201299375,10289.286798291,10290.29683825,1,1.23746700000083
225,20,6,categorization,0,livingroom,SHINEd_livingroom_004.tif,63,0.1,0.0666666666666667,1.41666666666667,10290.30725875,10291.043943541,13,10290.405811166,10290.471431166,10291.060910041,10292.470947125,1,0.736684791001608
225,21,6,categorization,0,bedroom,SHINEd_bedroom_023.tif,20,0.1,0.0666666666666667,0.833333333333333,10292.486019791,10293.387858375,9,10292.586055208,10292.652066,10293.408534041,10294.235238041,1,0.901838583999051
225,22,6,categorization,0,bedroom,SHINEd_bedroom_089.tif,46,0.1,0.0666666666666667,0.8,10294.2510015,10294.946611916,9,10294.351201333,10294.417245208,10294.952451375,10295.745789458,1,0.695610415999909
225,23,6,categorization,0,bedroom,SHINEd_bedroom_010.tif,13,0.1,0.0666666666666667,0.85,10295.751766333,10296.355239666,9,10295.846837291,10295.907746916,10296.359549458,10297.202888708,1,0.603473332999783
225,24,6,categorization,0,livingroom,SHINEd_livingroom_057.tif,97,0.1,0.0666666666666667,1.38333333333333,10297.208345125,10297.754537666,13,10297.303314833,10297.364392125,10297.766157083,10299.142866041,1,0.546192540999982
225,25,6,categorization,0,bedroom,SHINEd_bedroom_041.tif,27,0.1,0.0666666666666667,1.55,10299.159396708,10299.943509458,9,10299.25920525,10299.3256135,10299.965860916,10301.509236125,1,0.784112749999622
225,26,6,categorization,0,livingroom,SHINEd_livingroom_073.tif,102,0.1,0.0666666666666667,0.916666666666667,10301.526758083,10302.224313625,13,10301.626420458,10301.692581375,10302.249460791,10303.159465875,1,0.697555541999463
225,27,6,categorization,0,bedroom,SHINEd_bedroom_011.tif,14,0.1,0.0666666666666667,1.6,10303.165272708,10304.099050666,9,10303.260336583,10303.321283208,10304.106274333,10305.699639291,1,0.933777958000064
225,28,6,categorization,0,bedroom,SHINEd_bedroom_118.tif,56,0.1,0.0666666666666667,0.95,10305.717635791,10306.974293041,13,10305.81756575,10305.883280083,10306.992030291,10307.935369,0,1.25665724999999
225,29,6,categorization,0,bedroom,SHINEd_bedroom_039.tif,26,0.1,0.0666666666666667,0.75,10307.940644125,10308.650663916,9,10308.035725375,10308.096679666,10308.665142833,10309.408479958,1,0.710019791000377
225,30,6,categorization,0,livingroom,SHINEd_livingroom_012.tif,69,0.1,0.0666666666666667,0.733333333333333,10309.414055958,10310.0669385,13,10309.50914825,10309.570083291,10310.071971333,10310.798641291,1,0.652882542000953
225,31,6,categorization,0,bedroom,SHINEd_bedroom_018.tif,18,0.1,0.0666666666666667,1.01666666666667,10310.804018791,10311.643148791,9,10310.899046166,10310.960036291,10311.661789958,10312.671837333,1,0.839130000000296
225,32,6,categorization,0,bedroom,SHINEd_bedroom_079.tif,42,0.1,0.0666666666666667,0.733333333333333,10312.68196975,10313.314820875,13,10312.779685416,10312.846519791,10313.336090541,10314.062810041,0,0.632851125001253
225,33,6,categorization,0,livingroom,SHINEd_livingroom_030.tif,82,0.1,0.0666666666666667,0.833333333333333,10314.078578,10314.834525125,13,10314.178802041,10314.24467475,10314.846533416,10315.6732035,1,0.755947124998784
225,34,6,categorization,0,bedroom,SHINEd_bedroom_085.tif,44,0.1,0.0666666666666667,1.9,10315.677903,10316.435272958,9,10315.773065708,10315.833955,10316.452615083,10318.345999416,1,0.757369958000709
225,35,6,categorization,0,livingroom,SHINEd_livingroom_092.tif,109,0.1,0.0666666666666667,1.18333333333333,10318.364482083,10319.0505435,13,10318.464490708,10318.530719833,10319.069957166,10320.246678041,1,0.686061417000019
225,36,6,categorization,0,livingroom,SHINEd_livingroom_014.tif,71,0.1,0.0666666666666667,0.916666666666667,10320.257758875,10320.938664833,13,10320.357891541,10320.42418,10320.964178833,10321.874234666,1,0.680905958000949
225,37,6,categorization,0,bedroom,SHINEd_bedroom_012.tif,15,0.1,0.0666666666666667,0.833333333333333,10321.8900025,10322.7948095,13,10321.98975025,10322.055977333,10322.808126416,10323.634798166,0,0.904806999998982
225,38,6,categorization,0,livingroom,SHINEd_livingroom_016.tif,72,0.1,0.0666666666666667,1.1,10323.640593708,10324.562922791,9,10323.735588041,10323.796734583,10324.581658833,10325.675024958,0,0.922329082999568
225,39,6,categorization,0,bedroom,SHINEd_bedroom_098.tif,50,0.1,0.0666666666666667,1.46666666666667,10325.685540875,10326.255008625,9,10325.783718416,10325.85158875,10326.274772375,10327.734809333,1,0.569467749999603
225,40,6,categorization,0,livingroom,SHINEd_livingroom_006.tif,65,0.1,0.0666666666666667,0.833333333333333,10327.745633916,10328.448800041,13,10327.845233333,10327.911651041,10328.467981416,10329.294691625,1,0.70316612500028
225,41,6,categorization,0,bedroom,SHINEd_bedroom_116.tif,55,0.1,0.0666666666666667,0.75,10329.311079208,10329.97896275,13,10329.411026291,10329.477400208,10329.996326333,10330.739665958,0,0.66788354199889
225,42,6,categorization,0,livingroom,SHINEd_livingroom_059.tif,98,0.1,0.0666666666666667,0.95,10330.745212666,10331.594348041,13,10330.8403005,10330.901250458,10331.602965791,10332.546303333,1,0.849135375001424
225,43,6,categorization,0,bedroom,SHINEd_bedroom_114.tif,54,0.1,0.0666666666666667,1.3,10332.55188025,10333.402542166,13,10332.647049,10332.707939958,10333.409803833,10334.703179166,0,0.850661916001627
225,44,6,categorization,0,bedroom,SHINEd_bedroom_016.tif,17,0.1,0.0666666666666667,1.81666666666667,10334.72043975,10335.356204916,9,10334.818319625,10334.884931291,10335.374395,10337.184427791,1,0.635765165998237
225,45,6,categorization,0,livingroom,SHINEd_livingroom_032.tif,84,0.1,0.0666666666666667,0.7,10337.202437833,10337.926822875,9,10337.30221925,10337.368251875,10337.939812333,10338.633151791,0,0.724385041999994
225,46,6,categorization,0,bedroom,SHINEd_bedroom_032.tif,24,0.1,0.0666666666666667,1.18333333333333,10338.638834583,10339.258349,9,10338.733901416,10338.794816166,10339.263249083,10340.439949791,1,0.619514416999664
225,47,6,categorization,0,bedroom,SHINEd_bedroom_030.tif,23,0.1,0.0666666666666667,1.16666666666667,10340.449434333,10341.02915025,9,10340.549212291,10340.615408041,10341.054980291,10342.215014041,1,0.579715916999703
225,48,6,categorization,0,bedroom,SHINEd_bedroom_119.tif,57,0.1,0.0666666666666667,1.05,10342.232254375,10343.171213166,13,10342.332368125,10342.39166,10343.176732416,10344.220106666,0,0.938958791000914
225,49,6,categorization,0,bedroom,SHINEd_bedroom_069.tif,39,0.1,0.0666666666666667,0.7,10344.232222916,10345.045946083,13,10344.330125625,10344.397273125,10345.070500958,10345.763894625,0,0.813723167000717
225,50,6,categorization,0,bedroom,SHINEd_bedroom_047.tif,31,0.1,0.0666666666666667,0.716666666666667,10345.779948458,10346.402384208,13,10345.879387916,10345.945943416,10346.414846958,10347.124850708,0,0.622435750001387
225,1,7,categorization,0,livingroom,SHINEd_livingroom_054.tif,95,0.1,0.0666666666666667,0.766666666666667,10357.271498333,10358.274348083,9,10357.3672055,10357.42761025,10358.279563125,10359.039566541,0,1.00284974999886
225,2,7,categorization,0,livingroom,SHINEd_livingroom_081.tif,103,0.1,0.0666666666666667,1.1,10359.044737958,10359.787282541,13,10359.139966333,10359.200776291,10359.802598,10360.895977125,1,0.742544582999471
225,3,7,categorization,0,livingroom,SHINEd_livingroom_073.tif,102,0.1,0.0666666666666667,1.01666666666667,10360.904733666,10361.711200666,13,10361.00332725,10361.070768166,10361.726680041,10362.736727375,1,0.806467000000339
225,4,7,categorization,0,bedroom,SHINEd_bedroom_018.tif,18,0.1,0.0666666666666667,0.9,10362.753481333,10363.531253,9,10362.851719208,10362.918568291,10363.537217541,10364.430555958,1,0.777771666998888
225,5,7,categorization,0,bedroom,SHINEd_bedroom_097.tif,49,0.1,0.0666666666666667,1.4,10364.436127125,10365.251256541,9,10364.531195791,10364.592214875,10365.260732708,10366.654100666,1,0.815129415999763
225,6,7,categorization,0,livingroom,SHINEd_livingroom_028.tif,80,0.1,0.0666666666666667,1.36666666666667,10366.670663,10368.803220666,13,10366.770657875,10366.83149625,10368.816977958,10370.177014,1,2.13255766599832
225,7,7,categorization,0,livingroom,SHINEd_livingroom_068.tif,100,0.1,0.0666666666666667,0.716666666666667,10370.195202791,10371.150363666,9,10370.295102791,10370.361370041,10371.167754375,10371.877763625,0,0.955160875000729
225,8,7,categorization,0,bedroom,SHINEd_bedroom_116.tif,55,0.1,0.0666666666666667,1.31666666666667,10371.88495075,10372.6112075,13,10371.980749916,10372.041069916,10372.626215541,10373.936259541,0,0.726256750000175
225,9,7,categorization,0,livingroom,SHINEd_livingroom_052.tif,94,0.1,0.0666666666666667,1.06666666666667,10373.953961125,10374.810756333,13,10374.054308166,10374.119683416,10374.824846375,10375.884881875,1,0.856795207999312
225,10,7,categorization,0,bedroom,SHINEd_bedroom_079.tif,42,0.1,0.0666666666666667,1.23333333333333,10375.894724083,10376.688521625,9,10375.993241208,10376.06121475,10376.717845166,10377.9445555,1,0.793797541999083
225,11,7,categorization,0,livingroom,SHINEd_livingroom_004.tif,63,0.1,0.0666666666666667,0.8,10377.955024291,10378.712238708,9,10378.055021291,10378.121212833,10378.726762166,10379.520138791,0,0.757214416998977
225,12,7,categorization,0,bedroom,SHINEd_bedroom_009.tif,12,0.1,0.0666666666666667,1.41666666666667,10379.536542166,10380.275238333,9,10379.636250583,10379.702438625,10380.287957625,10381.697995125,1,0.738696166999944
225,13,7,categorization,0,livingroom,SHINEd_livingroom_088.tif,106,0.1,0.0666666666666667,1.06666666666667,10381.716291458,10382.447073541,9,10381.816289541,10381.882641125,10382.4725705,10383.532621083,0,0.730782082999212
225,14,7,categorization,0,bedroom,SHINEd_bedroom_039.tif,26,0.1,0.0666666666666667,0.75,10383.543195041,10384.190787208,9,10383.641253166,10383.709304875,10384.215695791,10384.959073041,1,0.647592166998948
225,15,7,categorization,0,livingroom,SHINEd_livingroom_047.tif,90,0.1,0.0666666666666667,1.56666666666667,10384.975127083,10385.699261125,9,10385.075174625,10385.141135833,10385.709983541,10387.270020083,0,0.724134042000514
225,16,7,categorization,0,livingroom,SHINEd_livingroom_050.tif,93,0.1,0.0666666666666667,1.21666666666667,10387.288214083,10388.075316833,13,10387.388760958,10387.454280708,10388.094258166,10389.304310541,1,0.787102749998667
225,17,7,categorization,0,livingroom,SHINEd_livingroom_059.tif,98,0.1,0.0666666666666667,0.966666666666667,10389.321963666,10390.23949125,13,10389.422165083,10389.487910375,10390.261456583,10391.221460875,1,0.917527584000709
225,18,7,categorization,0,bedroom,SHINEd_bedroom_074.tif,40,0.1,0.0666666666666667,1.08333333333333,10391.227430625,10392.026237541,9,10391.322586333,10391.38353525,10392.03535575,10393.112065125,1,0.798806916000103
225,19,7,categorization,0,livingroom,SHINEd_livingroom_037.tif,86,0.1,0.0666666666666667,1.6,10393.122353208,10393.971022166,13,10393.220368291,10393.28850075,10393.994952583,10395.588330458,1,0.848668958000417
225,20,7,categorization,0,livingroom,SHINEd_livingroom_012.tif,69,0.1,0.0666666666666667,0.983333333333333,10395.605183583,10396.485685041,13,10395.705183625,10395.771924708,10396.512380958,10397.489053291,1,0.880501457999344
225,21,7,categorization,0,livingroom,SHINEd_livingroom_060.tif,99,0.1,0.0666666666666667,1.3,10397.494712791,10398.29108425,13,10397.589893791,10397.650749291,10398.3025305,10399.595893125,1,0.796371459000511
225,22,7,categorization,0,bedroom,SHINEd_bedroom_045.tif,29,0.1,0.0666666666666667,1.66666666666667,10399.609720125,10400.353814708,9,10399.70945425,10399.7775865,10400.367631375,10402.027684333,1,0.744094583000333
225,23,7,categorization,0,livingroom,SHINEd_livingroom_013.tif,70,0.1,0.0666666666666667,1.45,10402.044781833,10402.982574083,9,10402.144814875,10402.211252583,10403.001382625,10404.444765625,0,0.937792250000712
225,24,7,categorization,0,bedroom,SHINEd_bedroom_062.tif,36,0.1,0.0666666666666667,0.883333333333333,10404.462287083,10405.142871916,9,10404.56258575,10404.628776166,10405.1686935,10406.045390541,1,0.680584832998647
225,25,7,categorization,0,livingroom,SHINEd_livingroom_032.tif,84,0.1,0.0666666666666667,1.65,10406.061728875,10406.883124916,9,10406.157804083,10406.217903958,10406.886169666,10408.52955725,0,0.821396040999389
225,26,7,categorization,0,bedroom,SHINEd_bedroom_025.tif,21,0.1,0.0666666666666667,1.03333333333333,10408.546952125,10409.20323325,13,10408.646661208,10408.7127525,10409.218393291,10410.245108625,0,0.656281125000532
225,27,7,categorization,0,livingroom,SHINEd_livingroom_049.tif,92,0.1,0.0666666666666667,0.75,10410.256129875,10410.973110833,13,10410.3544235,10410.420038416,10410.993299333,10411.736675416,1,0.716980957999112
225,28,7,categorization,0,bedroom,SHINEd_bedroom_056.tif,35,0.1,0.0666666666666667,0.8,10411.7529135,10412.475065125,13,10411.852510083,10411.918818291,10412.487109791,10413.280447833,0,0.722151624999242
225,29,7,categorization,0,bedroom,SHINEd_bedroom_046.tif,30,0.1,0.0666666666666667,1.66666666666667,10413.286175083,10414.106601416,9,10413.381418208,10413.442238375,10414.110618916,10415.770659333,1,0.820426333000796
225,30,7,categorization,0,bedroom,SHINEd_bedroom_032.tif,24,0.1,0.0666666666666667,0.966666666666667,10415.783494041,10416.529895291,13,10415.8834955,10415.949652625,10416.556362125,10417.5163655,0,0.746401250000417
225,31,7,categorization,0,bedroom,SHINEd_bedroom_048.tif,32,0.1,0.0666666666666667,0.833333333333333,10417.52222,10418.442923666,13,10417.617295208,10417.678260375,10418.446723333,10419.273395166,0,0.920703665999099
225,32,7,categorization,0,livingroom,SHINEd_livingroom_001.tif,61,0.1,0.0666666666666667,1,10419.278936625,10420.074202166,13,10419.374028625,10419.434945541,10420.086760833,10421.08009825,1,0.795265541000845
225,33,7,categorization,0,bedroom,SHINEd_bedroom_112.tif,53,0.1,0.0666666666666667,1.26666666666667,10421.085615208,10422.066422208,9,10421.180777625,10421.241617666,10422.076787166,10423.336818208,1,0.980806999999913
225,34,7,categorization,0,livingroom,SHINEd_livingroom_020.tif,75,0.1,0.0666666666666667,0.933333333333333,10423.354118208,10424.067822291,13,10423.454124208,10423.520234416,10424.093468083,10425.020173083,1,0.713704082998447
225,35,7,categorization,0,bedroom,SHINEd_bedroom_067.tif,37,0.1,0.0666666666666667,0.716666666666667,10425.036291458,10425.802241916,9,10425.132104791,10425.192429166,10425.810874791,10426.520880333,1,0.765950458000589
225,36,7,categorization,0,livingroom,SHINEd_livingroom_022.tif,76,0.1,0.0666666666666667,1.51666666666667,10426.526566833,10427.266862,13,10426.621609083,10426.682677041,10427.284521625,10428.794564791,1,0.740295167001022
225,37,7,categorization,0,bedroom,SHINEd_bedroom_014.tif,16,0.1,0.0666666666666667,0.7,10428.805646375,10429.935009791,13,10428.90527625,10428.971727125,10429.96089675,10430.654235416,0,1.12936341599925
225,38,7,categorization,0,bedroom,SHINEd_bedroom_086.tif,45,0.1,0.0666666666666667,0.983333333333333,10430.659598875,10431.450265125,13,10430.754687583,10430.815672583,10431.467428416,10432.444100583,0,0.790666250000868
225,39,7,categorization,0,bedroom,SHINEd_bedroom_085.tif,44,0.1,0.0666666666666667,1.51666666666667,10432.452240125,10433.186107208,9,10432.547265875,10432.60838525,10433.193712708,10434.703763958,1,0.733867082999495
225,40,7,categorization,0,bedroom,SHINEd_bedroom_119.tif,57,0.1,0.0666666666666667,0.8,10434.7201645,10435.603125458,9,10434.817538041,10434.881840833,10435.62093225,10436.414268958,1,0.882960957998876
225,41,7,categorization,0,livingroom,SHINEd_livingroom_043.tif,88,0.1,0.0666666666666667,0.85,10436.420107916,10437.162628791,13,10436.51519275,10436.576160541,10437.177874833,10438.021212333,1,0.742520875000992
225,42,7,categorization,0,livingroom,SHINEd_livingroom_090.tif,108,0.1,0.0666666666666667,1.33333333333333,10438.02682225,10438.785943875,13,10438.121914833,10438.182869166,10438.801285083,10440.127994375,1,0.759121625000262
225,43,7,categorization,0,bedroom,SHINEd_bedroom_090.tif,47,0.1,0.0666666666666667,1.71666666666667,10440.144972125,10440.829011875,13,10440.244685166,10440.311087,10440.849398458,10442.55945,0,0.684039750000011
225,44,7,categorization,0,bedroom,SHINEd_bedroom_042.tif,28,0.1,0.0666666666666667,1.45,10442.576620875,10443.255481166,9,10442.67662825,10442.742763875,10443.282481375,10444.725849416,1,0.678860291000092
225,45,7,categorization,0,livingroom,SHINEd_livingroom_007.tif,66,0.1,0.0666666666666667,1.4,10444.743149333,10445.407328125,13,10444.840197791,10444.908635208,10445.431573375,10446.824921666,1,0.664178791999802
225,46,7,categorization,0,livingroom,SHINEd_livingroom_023.tif,77,0.1,0.0666666666666667,0.916666666666667,10446.834831375,10447.754054416,9,10446.9321595,10447.000771958,10447.773847958,10448.683852458,0,0.919223041000805
225,47,7,categorization,0,livingroom,SHINEd_livingroom_010.tif,68,0.1,0.0666666666666667,0.7,10448.689738666,10449.394046041,13,10448.784799916,10448.845864375,10449.397424916,10450.090763041,1,0.704307374999189
225,48,7,categorization,0,bedroom,SHINEd_bedroom_011.tif,14,0.1,0.0666666666666667,0.75,10450.096396166,10450.746739,13,10450.191612916,10450.252338333,10450.754029958,10451.497367583,0,0.650342834000185
225,49,7,categorization,0,livingroom,SHINEd_livingroom_048.tif,91,0.1,0.0666666666666667,1.66666666666667,10451.50294525,10452.298816708,13,10451.597979541,10451.658960083,10452.310856583,10453.9709045,1,0.795871457999965
225,50,7,categorization,0,livingroom,SHINEd_livingroom_083.tif,104,0.1,0.0666666666666667,1.13333333333333,10453.985790791,10454.789797291,13,10454.085630083,10454.151717375,10454.80763175,10455.934337208,1,0.80400649999865
225,1,8,categorization,0,bedroom,SHINEd_bedroom_023.tif,20,0.1,0.0666666666666667,1.43333333333333,10468.31115225,10469.226227416,13,10468.407204833,10468.467233333,10469.23588425,10470.662600041,0,0.915075165999951
225,2,8,categorization,0,bedroom,SHINEd_bedroom_068.tif,38,0.1,0.0666666666666667,0.95,10470.6802325,10471.420645708,9,10470.779759208,10470.840314875,10471.447217416,10472.390556708,1,0.740413207999154
225,3,8,categorization,0,livingroom,SHINEd_livingroom_006.tif,65,0.1,0.0666666666666667,1.93333333333333,10472.39632425,10473.049858791,13,10472.491406125,10472.552271708,10473.054043583,10474.980748333,1,0.653534541001136
225,4,8,categorization,0,bedroom,SHINEd_bedroom_069.tif,39,0.1,0.0666666666666667,1.83333333333333,10474.999033041,10475.762914791,13,10475.098537791,10475.164690625,10475.787534833,10477.614239,0,0.7638817499992
225,5,8,categorization,0,bedroom,SHINEd_bedroom_047.tif,31,0.1,0.0666666666666667,1.76666666666667,10477.630407125,10478.466563333,13,10477.730462291,10477.79612175,10478.487104666,10480.247144541,0,0.83615620800083
225,6,8,categorization,0,bedroom,SHINEd_bedroom_052.tif,34,0.1,0.0666666666666667,0.983333333333333,10480.2656865,10480.955317791,13,10480.365091291,10480.431742625,10480.970809833,10481.947481,0,0.689631290999387
225,7,8,categorization,0,bedroom,SHINEd_bedroom_075.tif,41,0.1,0.0666666666666667,0.816666666666667,10481.953299583,10482.84244425,9,10482.048305166,10482.109383916,10482.861294208,10483.671298041,1,0.889144667000437
225,8,8,categorization,0,bedroom,SHINEd_bedroom_099.tif,51,0.1,0.0666666666666667,1.15,10483.676943333,10484.298771833,13,10483.772165958,10483.833001541,10484.318286875,10485.461676333,0,0.621828500001357
225,9,8,categorization,0,livingroom,SHINEd_livingroom_016.tif,72,0.1,0.0666666666666667,1.4,10485.47103525,10486.150861583,13,10485.570501708,10485.636884666,10486.1765245,10487.56991475,1,0.679826333000165
225,10,8,categorization,0,bedroom,SHINEd_bedroom_029.tif,22,0.1,0.0666666666666667,0.816666666666667,10487.586986,10488.25371525,9,10487.687027666,10487.753479291,10488.276468541,10489.086526458,1,0.666729250000571
225,11,8,categorization,0,livingroom,SHINEd_livingroom_62.tif,110,0.1,0.0666666666666667,0.716666666666667,10489.102618875,10489.84191675,13,10489.202413416,10489.269129291,10489.854492166,10490.564497375,1,0.739297874999465
225,12,8,categorization,0,bedroom,SHINEd_bedroom_080.tif,43,0.1,0.0666666666666667,0.85,10490.570123125,10491.442552083,9,10490.665222041,10490.726045541,10491.4612415,10492.304578958,1,0.872428957998636
225,13,8,categorization,0,livingroom,SHINEd_livingroom_030.tif,82,0.1,0.0666666666666667,1.25,10492.310175208,10492.898234375,13,10492.40526825,10492.466176458,10492.901080666,10494.14446975,1,0.588059166999301
225,14,8,categorization,0,livingroom,SHINEd_livingroom_031.tif,83,0.1,0.0666666666666667,1.05,10494.16167075,10494.773557666,13,10494.261491083,10494.327780875,10494.8003365,10495.843713083,1,0.611886916000003
225,15,8,categorization,0,bedroom,SHINEd_bedroom_051.tif,33,0.1,0.0666666666666667,1.58333333333333,10495.856964,10496.498631041,9,10495.956656625,10496.01483475,10496.516749583,10498.093455916,1,0.641667040999891
225,16,8,categorization,0,livingroom,SHINEd_livingroom_014.tif,71,0.1,0.0666666666666667,1.65,10498.111174625,10498.725484083,13,10498.210889041,10498.277060333,10498.74983725,10500.393216208,1,0.614309457998388
225,17,8,categorization,0,bedroom,SHINEd_bedroom_106.tif,52,0.1,0.0666666666666667,1.76666666666667,10500.410863333,10501.118349333,9,10500.510668583,10500.576954333,10501.132115083,10502.892155041,1,0.707486000001154
225,18,8,categorization,0,livingroom,SHINEd_livingroom_008.tif,67,0.1,0.0666666666666667,0.75,10502.905380333,10503.598856708,13,10503.0051705,10503.071291625,10503.628030291,10504.371369,1,0.693476374999591
225,19,8,categorization,0,livingroom,SHINEd_livingroom_055.tif,96,0.1,0.0666666666666667,1,10504.37733575,10505.0022075,13,10504.472438583,10504.533472875,10505.018507791,10506.011846833,1,0.624871750000239
225,20,8,categorization,0,livingroom,SHINEd_livingroom_092.tif,109,0.1,0.0666666666666667,1.93333333333333,10506.017971041,10506.578532791,13,10506.113057291,10506.174008791,10506.592476416,10508.519191583,1,0.560561750000488
225,21,8,categorization,0,livingroom,SHINEd_livingroom_029.tif,81,0.1,0.0666666666666667,1.01666666666667,10508.535482708,10509.235652041,13,10508.635480291,10508.70181825,10509.258646416,10510.268686916,1,0.700169333000304
225,22,8,categorization,0,bedroom,SHINEd_bedroom_008.tif,11,0.1,0.0666666666666667,1.31666666666667,10510.27744475,10511.023921875,9,10510.375501916,10510.441399791,10511.048126458,10512.358132291,1,0.746477124999728
225,23,8,categorization,0,livingroom,SHINEd_livingroom_046.tif,89,0.1,0.0666666666666667,1.25,10512.364261583,10513.194000916,9,10512.459368375,10512.520423916,10513.205463791,10514.448852,0,0.829739333001271
225,24,8,categorization,0,bedroom,SHINEd_bedroom_012.tif,15,0.1,0.0666666666666667,1.85,10514.466571958,10515.248129666,13,10514.566528,10514.632843541,10515.27277025,10517.116145166,0,0.781557708000037
225,25,8,categorization,0,bedroom,SHINEd_bedroom_114.tif,54,0.1,0.0666666666666667,1.5,10517.136047625,10517.855953375,13,10517.235812916,10517.302248083,10517.874797666,10519.368175083,0,0.71990575000018
225,26,8,categorization,0,bedroom,SHINEd_bedroom_030.tif,23,0.1,0.0666666666666667,0.7,10519.386298125,10520.218303875,9,10519.486091375,10519.552236416,10520.241984875,10520.935325833,1,0.832005750000462
225,27,8,categorization,0,bedroom,SHINEd_bedroom_016.tif,17,0.1,0.0666666666666667,1.55,10520.941330083,10521.634812625,9,10521.036381125,10521.097361625,10521.6491525,10523.192528333,1,0.693482541999401
225,28,8,categorization,0,bedroom,SHINEd_bedroom_036.tif,25,0.1,0.0666666666666667,1.8,10523.210818125,10524.099224875,9,10523.31068875,10523.376603625,10524.115820708,10525.909205541,1,0.888406750000286
225,29,8,categorization,0,bedroom,SHINEd_bedroom_126.tif,60,0.1,0.0666666666666667,1.2,10525.924309666,10526.811532875,13,10526.024271916,10526.090001625,10526.827518041,10528.020900916,0,0.887223208999785
225,30,8,categorization,0,livingroom,SHINEd_livingroom_005.tif,64,0.1,0.0666666666666667,1.35,10528.036935375,10528.794905833,13,10528.136844708,10528.203154791,10528.80780125,10530.151168625,1,0.757970458000273
225,31,8,categorization,0,bedroom,SHINEd_bedroom_093.tif,48,0.1,0.0666666666666667,0.7,10530.169259166,10531.011005333,13,10530.269093583,10530.335255833,10531.023665375,10531.717031708,0,0.841746167001475
225,32,8,categorization,0,bedroom,SHINEd_bedroom_020.tif,19,0.1,0.0666666666666667,1.41666666666667,10531.73375325,10532.314485791,9,10531.8337255,10531.899943375,10532.318447208,10533.728500083,1,0.580732540998724
225,33,8,categorization,0,bedroom,SHINEd_bedroom_120.tif,58,0.1,0.0666666666666667,0.75,10533.745078708,10534.476833458,13,10533.844829333,10533.911281333,10534.501218666,10535.244589458,0,0.731754750000619
225,34,8,categorization,0,livingroom,SHINEd_livingroom_039.tif,87,0.1,0.0666666666666667,1.56666666666667,10535.258340041,10535.890059416,13,10535.358142666,10535.416193625,10535.901174291,10537.461206791,1,0.631719375000102
225,35,8,categorization,0,livingroom,SHINEd_livingroom_057.tif,97,0.1,0.0666666666666667,0.766666666666667,10537.479927916,10538.143082875,13,10537.580009708,10537.645222583,10538.1683305,10538.928369,1,0.663154959000167
225,36,8,categorization,0,bedroom,SHINEd_bedroom_041.tif,27,0.1,0.0666666666666667,1.66666666666667,10538.943864625,10539.642097416,9,10539.040623291,10539.100332333,10539.652219583,10541.312261458,1,0.6982327909991
225,37,8,categorization,0,livingroom,SHINEd_livingroom_018.tif,73,0.1,0.0666666666666667,1.18333333333333,10541.328381125,10542.007838041,13,10541.428178416,10541.4944045,10542.033897416,10543.210614,1,0.679456915999253
225,38,8,categorization,0,livingroom,SHINEd_livingroom_087.tif,105,0.1,0.0666666666666667,0.733333333333333,10543.221670916,10543.832118333,13,10543.321646,10543.387952541,10543.860939958,10544.587649416,1,0.610447417000614
225,39,8,categorization,0,bedroom,SHINEd_bedroom_118.tif,56,0.1,0.0666666666666667,1.9,10544.6046535,10545.330404708,9,10544.704497166,10544.770665083,10545.339621875,10547.23300525,1,0.725751207999565
225,40,8,categorization,0,livingroom,SHINEd_livingroom_025.tif,79,0.1,0.0666666666666667,1.51666666666667,10547.250592791,10547.967252916,13,10547.350576416,10547.416526125,10547.989529541,10549.499585625,1,0.71666012499918
225,41,8,categorization,0,bedroom,SHINEd_bedroom_125.tif,59,0.1,0.0666666666666667,0.716666666666667,10549.520522375,10550.168038916,13,10549.620412333,10549.686952708,10550.193663958,10550.903711875,0,0.647516540999277
225,42,8,categorization,0,bedroom,SHINEd_bedroom_098.tif,50,0.1,0.0666666666666667,1.45,10550.915050666,10551.498669875,9,10551.014827333,10551.080786625,10551.516071375,10552.95943925,1,0.583619208999153
225,43,8,categorization,0,livingroom,SHINEd_livingroom_003.tif,62,0.1,0.0666666666666667,1.56666666666667,10552.977833125,10553.723869208,9,10553.077808958,10553.143693875,10553.7501805,10555.310232458,0,0.746036083000945
225,44,8,categorization,0,livingroom,SHINEd_livingroom_036.tif,85,0.1,0.0666666666666667,1.41666666666667,10555.32478625,10555.983961166,13,10555.424675208,10555.49081475,10556.013586083,10557.423622083,1,0.659174916001575
225,45,8,categorization,0,livingroom,SHINEd_livingroom_019.tif,74,0.1,0.0666666666666667,1.75,10557.442352708,10558.124542083,13,10557.54218625,10557.608817291,10558.148819416,10559.892201958,1,0.682189375000235
225,46,8,categorization,0,livingroom,SHINEd_livingroom_089.tif,107,0.1,0.0666666666666667,0.816666666666667,10559.911442,10560.78118875,13,10560.011663791,10560.077582708,10560.799485833,10561.609490625,1,0.86974674999874
225,47,8,categorization,0,livingroom,SHINEd_livingroom_024.tif,78,0.1,0.0666666666666667,0.75,10561.615545541,10562.29057775,13,10561.710582958,10561.771609625,10562.306686458,10563.050024041,1,0.675032208999255
225,48,8,categorization,0,livingroom,SHINEd_livingroom_072.tif,101,0.1,0.0666666666666667,0.9,10563.055715416,10563.738200583,9,10563.150873375,10563.211755833,10563.7467855,10564.640121916,0,0.682485167000777
225,49,8,categorization,0,bedroom,SHINEd_bedroom_010.tif,13,0.1,0.0666666666666667,0.9,10564.645741458,10565.257998541,9,10564.740737166,10564.801767375,10565.270253666,10566.163591208,1,0.612257082999349
225,50,8,categorization,0,bedroom,SHINEd_bedroom_089.tif,46,0.1,0.0666666666666667,0.8,10566.169180166,10566.793808208,9,10566.2643065,10566.325215833,10566.810481541,10567.603820208,1,0.62462804200004
225,1,9,categorization,0,livingroom,SHINEd_livingroom_007.tif,66,0.1,0.0666666666666667,0.916666666666667,10580.080832458,10580.970271625,9,10580.176588958,10580.237351125,10580.989206125,10581.899212333,0,0.889439167000091
225,2,9,categorization,0,livingroom,SHINEd_livingroom_028.tif,80,0.1,0.0666666666666667,1.08333333333333,10581.904906208,10582.729854541,13,10581.999946041,10582.060902083,10582.7463135,10583.823037708,1,0.824948333000066
225,3,9,categorization,0,bedroom,SHINEd_bedroom_056.tif,35,0.1,0.0666666666666667,1.13333333333333,10583.83463075,10584.460620041,13,10583.932612375,10584.000549041,10584.471880916,10585.59860175,0,0.625989291000224
225,4,9,categorization,0,bedroom,SHINEd_bedroom_041.tif,27,0.1,0.0666666666666667,1.2,10585.61555625,10586.362438416,9,10585.714113875,10585.781398708,10586.366780875,10587.560153166,1,0.746882165998613
225,5,9,categorization,0,livingroom,SHINEd_livingroom_019.tif,74,0.1,0.0666666666666667,1.71666666666667,10587.57130325,10588.354942,13,10587.671238958,10587.737599291,10588.377345958,10590.087386666,1,0.783638749999227
225,6,9,categorization,0,livingroom,SHINEd_livingroom_052.tif,94,0.1,0.0666666666666667,1.26666666666667,10590.107192875,10590.809988583,13,10590.207716791,10590.273531125,10590.829576333,10592.0896115,1,0.70279570799903
225,7,9,categorization,0,bedroom,SHINEd_bedroom_114.tif,54,0.1,0.0666666666666667,0.816666666666667,10592.109158958,10592.935818291,13,10592.209691875,10592.275545583,10592.966748041,10593.776777041,0,0.826659333000862
225,8,9,categorization,0,livingroom,SHINEd_livingroom_072.tif,101,0.1,0.0666666666666667,0.783333333333333,10593.793468708,10594.473669041,13,10593.889679625,10593.949579291,10594.484696666,10595.261367291,1,0.680200333001267
225,9,9,categorization,0,livingroom,SHINEd_livingroom_014.tif,71,0.1,0.0666666666666667,1.68333333333333,10595.267485,10595.95361475,13,10595.362548208,10595.423554,10595.958646541,10597.635356833,1,0.686129749999964
225,10,9,categorization,0,livingroom,SHINEd_livingroom_087.tif,105,0.1,0.0666666666666667,0.833333333333333,10597.653199875,10598.4217675,13,10597.751685708,10597.819273375,10598.442978916,10599.269649625,1,0.768567625000287
225,11,9,categorization,0,bedroom,SHINEd_bedroom_067.tif,37,0.1,0.0666666666666667,1.86666666666667,10599.275506583,10599.953578458,9,10599.37059675,10599.431603916,10599.9667175,10601.826761541,1,0.678071874999659
225,12,9,categorization,0,bedroom,SHINEd_bedroom_032.tif,24,0.1,0.0666666666666667,0.833333333333333,10601.844732958,10602.564310375,9,10601.944527791,10602.010418041,10602.583017916,10603.409688541,1,0.719577417001346
225,13,9,categorization,0,bedroom,SHINEd_bedroom_090.tif,47,0.1,0.0666666666666667,0.7,10603.415427416,10604.274131666,13,10603.510626583,10603.571528666,10604.289895041,10604.983233083,0,0.858704250000301
225,14,9,categorization,0,livingroom,SHINEd_livingroom_005.tif,64,0.1,0.0666666666666667,1.76666666666667,10604.98873425,10605.722514708,13,10605.083840916,10605.144831958,10605.729757625,10607.4898035,1,0.733780458000183
225,15,9,categorization,0,bedroom,SHINEd_bedroom_009.tif,12,0.1,0.0666666666666667,1,10607.507969291,10608.2539495,9,10607.607685583,10607.674092791,10608.280268583,10609.273606208,1,0.745980208999754
225,16,9,categorization,0,livingroom,SHINEd_livingroom_018.tif,73,0.1,0.0666666666666667,0.983333333333333,10609.279287291,10610.12193025,13,10609.374463125,10609.435476208,10610.137584875,10611.114257083,1,0.842642958999932
225,17,9,categorization,0,livingroom,SHINEd_livingroom_089.tif,107,0.1,0.0666666666666667,0.7,10611.119775916,10611.98618025,13,10611.214828416,10611.27597725,10611.994440541,10612.687777916,1,0.866404333999526
225,18,9,categorization,0,bedroom,SHINEd_bedroom_075.tif,41,0.1,0.0666666666666667,1.88333333333333,10612.693454625,10613.377784583,13,10612.788489291,10612.849387,10613.38449775,10615.261204916,0,0.684329958001399
225,19,9,categorization,0,bedroom,SHINEd_bedroom_119.tif,57,0.1,0.0666666666666667,0.916666666666667,10615.2799975,10615.932898083,9,10615.379540666,10615.445993916,10615.952036166,10616.862041958,1,0.652900582999791
225,20,9,categorization,0,livingroom,SHINEd_livingroom_046.tif,89,0.1,0.0666666666666667,1.18333333333333,10616.867761583,10617.618433708,9,10616.962880375,10617.023787416,10617.625509375,10618.802232458,0,0.750672124999255
225,21,9,categorization,0,livingroom,SHINEd_livingroom_039.tif,87,0.1,0.0666666666666667,0.783333333333333,10618.811551083,10619.52419625,13,10618.909799458,10618.977599041,10619.550441166,10620.327146083,1,0.712645167001028
225,22,9,categorization,0,bedroom,SHINEd_bedroom_039.tif,26,0.1,0.0666666666666667,1.63333333333333,10620.342830291,10621.073524708,9,10620.44283325,10620.509104125,10621.077592,10622.704290791,1,0.73069441699954
225,23,9,categorization,0,livingroom,SHINEd_livingroom_057.tif,97,0.1,0.0666666666666667,0.9,10622.721545958,10623.405438541,13,10622.820472625,10622.885942958,10623.425599208,10624.31893625,1,0.683892582999761
225,24,9,categorization,0,bedroom,SHINEd_bedroom_036.tif,25,0.1,0.0666666666666667,1.21666666666667,10624.32460725,10625.017865333,9,10624.41968,10624.480668041,10625.032534458,10626.242573291,1,0.693258082999819
225,25,9,categorization,0,bedroom,SHINEd_bedroom_080.tif,43,0.1,0.0666666666666667,0.733333333333333,10626.26009225,10626.990666791,9,10626.359700458,10626.425762791,10627.014973916,10627.741692791,1,0.730574540999442
225,26,9,categorization,0,livingroom,SHINEd_livingroom_006.tif,65,0.1,0.0666666666666667,1.63333333333333,10627.757719583,10628.553911416,13,10627.857713291,10627.923443583,10628.559029875,10630.185741708,1,0.796191833000194
225,27,9,categorization,0,livingroom,SHINEd_livingroom_001.tif,61,0.1,0.0666666666666667,1.85,10630.203427,10630.922331291,13,10630.303432333,10630.369816458,10630.943168083,10632.786548208,1,0.71890429099949
225,28,9,categorization,0,bedroom,SHINEd_bedroom_014.tif,16,0.1,0.0666666666666667,1.83333333333333,10632.801388125,10633.509231791,9,10632.8998285,10632.96765125,10633.522386416,10635.349089375,1,0.707843665999462
225,29,9,categorization,0,livingroom,SHINEd_livingroom_031.tif,83,0.1,0.0666666666666667,1.6,10635.368870208,10636.113910708,13,10635.469078833,10635.534822333,10636.141496125,10637.73486925,1,0.745040499999959
225,30,9,categorization,0,bedroom,SHINEd_bedroom_018.tif,18,0.1,0.0666666666666667,0.733333333333333,10637.75242525,10638.385150625,9,10637.852336875,10637.918548375,10638.408415583,10639.135135791,1,0.632725374998699
225,31,9,categorization,0,livingroom,SHINEd_livingroom_055.tif,96,0.1,0.0666666666666667,1.21666666666667,10639.152047208,10639.8744225,13,10639.247859541,10639.308127041,10639.893136208,10641.103188958,1,0.722375291999924
225,32,9,categorization,0,bedroom,SHINEd_bedroom_086.tif,45,0.1,0.0666666666666667,0.85,10641.119824666,10641.777573083,9,10641.219737791,10641.285848791,10641.791493458,10642.634861666,1,0.657748416999311
225,33,9,categorization,0,livingroom,SHINEd_livingroom_060.tif,99,0.1,0.0666666666666667,1.18333333333333,10642.652348375,10643.505480541,13,10642.752029,10642.816184666,10643.518586666,10644.695287458,1,0.853132165999341
225,34,9,categorization,0,bedroom,SHINEd_bedroom_016.tif,17,0.1,0.0666666666666667,0.7,10644.704525416,10645.334756416,9,10644.802408833,10644.865718416,10645.35531725,10646.048693416,1,0.630230999999185
225,35,9,categorization,0,bedroom,SHINEd_bedroom_045.tif,29,0.1,0.0666666666666667,1.21666666666667,10646.064273208,10646.738122416,9,10646.163788791,10646.229973083,10646.749131291,10647.959162666,1,0.67384920800032
225,36,9,categorization,0,livingroom,SHINEd_livingroom_012.tif,69,0.1,0.0666666666666667,1.35,10647.976712333,10648.660402958,9,10648.076426,10648.142550541,10648.682406541,10650.025786083,0,0.683690624999144
225,37,9,categorization,0,bedroom,SHINEd_bedroom_126.tif,60,0.1,0.0666666666666667,1.31666666666667,10650.043624541,10650.730805583,9,10650.143571666,10650.20965325,10650.749266166,10652.0593215,1,0.687181041999793
225,38,9,categorization,0,livingroom,SHINEd_livingroom_023.tif,77,0.1,0.0666666666666667,1.46666666666667,10652.069110208,10652.734051916,9,10652.167526083,10652.234701875,10652.757311833,10654.217373666,0,0.664941708000697
225,39,9,categorization,0,livingroom,SHINEd_livingroom_090.tif,108,0.1,0.0666666666666667,1.5,10654.229009458,10654.975543,9,10654.328389333,10654.395180791,10655.001496333,10656.49516325,0,0.746533542000179
225,40,9,categorization,0,livingroom,SHINEd_livingroom_047.tif,90,0.1,0.0666666666666667,1.01666666666667,10656.514120416,10657.165877,13,10656.614001291,10656.679964541,10657.186357375,10658.196389791,1,0.651756583998576
225,41,9,categorization,0,bedroom,SHINEd_bedroom_051.tif,33,0.1,0.0666666666666667,1.23333333333333,10658.212705208,10658.762407083,9,10658.312535166,10658.378720125,10658.780655708,10660.007364916,1,0.549701875001119
225,42,9,categorization,0,bedroom,SHINEd_bedroom_046.tif,30,0.1,0.0666666666666667,1.45,10660.023998375,10660.742153375,13,10660.123825958,10660.190038833,10660.76265425,10662.206019708,0,0.718155000000479
225,43,9,categorization,0,livingroom,SHINEd_livingroom_030.tif,82,0.1,0.0666666666666667,1,10662.222642208,10663.075718666,13,10662.3226645,10662.3890955,10663.095423583,10664.088761541,1,0.853076457999123
225,44,9,categorization,0,livingroom,SHINEd_livingroom_020.tif,75,0.1,0.0666666666666667,1.06666666666667,10664.09476025,10664.857903291,13,10664.189790833,10664.250810416,10664.869300833,10665.929356625,1,0.763143041000149
225,45,9,categorization,0,livingroom,SHINEd_livingroom_029.tif,81,0.1,0.0666666666666667,1.73333333333333,10665.938151833,10666.620564125,9,10666.036217083,10666.104152541,10666.644004583,10668.370715875,0,0.682412292000663
225,46,9,categorization,0,bedroom,SHINEd_bedroom_008.tif,11,0.1,0.0666666666666667,0.916666666666667,10668.388221,10668.7692935,13,10668.488187083,10668.554212875,10668.793898666,10669.703938958,0,0.3810725000003
225,47,9,categorization,0,bedroom,SHINEd_bedroom_029.tif,22,0.1,0.0666666666666667,0.75,10669.719428625,10670.386051416,9,10669.820460708,10669.885669,10670.404664291,10671.148001666,1,0.666622791000918
225,48,9,categorization,0,livingroom,SHINEd_livingroom_025.tif,79,0.1,0.0666666666666667,1.51666666666667,10671.153728833,10671.809180875,13,10671.248845833,10671.309801666,10671.828240791,10673.338294583,1,0.655452041999524
225,49,9,categorization,0,livingroom,SHINEd_livingroom_048.tif,91,0.1,0.0666666666666667,1.13333333333333,10673.354554166,10674.043506916,13,10673.45463925,10673.521326875,10674.06068,10675.187399125,1,0.688952749998862
225,50,9,categorization,0,livingroom,SHINEd_livingroom_049.tif,92,0.1,0.0666666666666667,0.716666666666667,10675.197295375,10675.98744,13,10675.297099708,10675.363022625,10676.001716416,10676.711761916,1,0.790144625001631
225,1,10,categorization,0,bedroom,SHINEd_bedroom_010.tif,13,0.1,0.0666666666666667,0.983333333333333,10701.726874625,10702.353341083,9,10701.822704,10701.883004583,10702.368095708,10703.344767208,1,0.626466458001232
225,2,10,categorization,0,livingroom,SHINEd_livingroom_013.tif,70,0.1,0.0666666666666667,1.46666666666667,10703.35066025,10704.137216208,13,10703.445717166,10703.506719375,10704.142148166,10705.602199625,1,0.786555958000463
225,3,10,categorization,0,livingroom,SHINEd_livingroom_073.tif,102,0.1,0.0666666666666667,1.3,10705.618938541,10706.337264916,13,10705.718968083,10705.78495725,10706.357819125,10707.651185708,1,0.718326374999378
225,4,10,categorization,0,livingroom,SHINEd_livingroom_043.tif,88,0.1,0.0666666666666667,1.93333333333333,10707.669236958,10708.415610833,13,10707.768733583,10707.835429125,10708.441845875,10710.368564166,1,0.746373875001154
225,5,10,categorization,0,bedroom,SHINEd_bedroom_052.tif,34,0.1,0.0666666666666667,1.35,10710.385860083,10711.128123166,13,10710.486022375,10710.55186875,10711.158368166,10712.501754666,0,0.742263082998761
225,6,10,categorization,0,bedroom,SHINEd_bedroom_106.tif,52,0.1,0.0666666666666667,1.18333333333333,10712.51918725,10713.237095708,9,10712.619738458,10712.685088208,10713.2580825,10714.434799041,1,0.717908458000238
225,7,10,categorization,0,livingroom,SHINEd_livingroom_054.tif,95,0.1,0.0666666666666667,0.75,10714.452540958,10715.205137041,13,10714.552134416,10714.618448916,10715.224158458,10715.967532375,1,0.752596083000753
225,8,10,categorization,0,bedroom,SHINEd_bedroom_125.tif,59,0.1,0.0666666666666667,1.15,10715.985408208,10716.7054895,9,10716.085491333,10716.151133,10716.719861333,10717.863253,1,0.720081292000032
225,9,10,categorization,0,livingroom,SHINEd_livingroom_032.tif,84,0.1,0.0666666666666667,1.51666666666667,10717.872348958,10718.788903416,9,10717.972310875,10718.038559083,10718.810544125,10720.320588666,0,0.916554457999155
225,10,10,categorization,0,bedroom,SHINEd_bedroom_069.tif,39,0.1,0.0666666666666667,1.08333333333333,10720.337421041,10721.152790458,9,10720.437310625,10720.50373625,10721.176965625,10722.253686541,1,0.815369416999602
225,11,10,categorization,0,livingroom,SHINEd_livingroom_024.tif,78,0.1,0.0666666666666667,1.06666666666667,10722.26354525,10723.0223735,13,10722.361320958,10722.429509958,10723.052643,10724.112675083,1,0.758828250000079
225,12,10,categorization,0,livingroom,SHINEd_livingroom_037.tif,86,0.1,0.0666666666666667,1.73333333333333,10724.130834791,10724.801959,13,10724.230569,10724.293131625,10724.811504083,10726.538221,1,0.671124209000482
225,13,10,categorization,0,bedroom,SHINEd_bedroom_120.tif,58,0.1,0.0666666666666667,1.08333333333333,10726.553326833,10727.5954985,13,10726.653564333,10726.719403291,10727.626251875,10728.70295075,0,1.04217166700073
225,14,10,categorization,0,livingroom,SHINEd_livingroom_088.tif,106,0.1,0.0666666666666667,0.716666666666667,10728.711737583,10729.580806833,13,10728.810058625,10728.876838291,10729.600265666,10730.310302791,1,0.869069250000393
225,15,10,categorization,0,bedroom,SHINEd_bedroom_025.tif,21,0.1,0.0666666666666667,1.91666666666667,10730.326500875,10731.289481125,13,10730.426053666,10730.492347666,10731.294135333,10733.204174125,0,0.962980250000328
225,16,10,categorization,0,livingroom,SHINEd_livingroom_059.tif,98,0.1,0.0666666666666667,1.01666666666667,10733.222088708,10733.940664916,13,10733.322164833,10733.38841425,10733.961997541,10734.972035208,1,0.718576207998922
225,17,10,categorization,0,livingroom,SHINEd_livingroom_036.tif,85,0.1,0.0666666666666667,0.883333333333333,10734.98071975,10735.675464333,13,10735.078502125,10735.145643083,10735.702086333,10736.578811125,1,0.694744583001011
225,18,10,categorization,0,livingroom,SHINEd_livingroom_068.tif,100,0.1,0.0666666666666667,1.15,10736.596065083,10738.073617958,13,10736.696156083,10736.762012666,10738.081109125,10739.224474166,1,1.47755287499967
225,19,10,categorization,0,bedroom,SHINEd_bedroom_118.tif,56,0.1,0.0666666666666667,1.56666666666667,10739.234504791,10739.923008125,9,10739.334906208,10739.400915,10739.940322541,10741.500379,1,0.688503334000416
225,20,10,categorization,0,bedroom,SHINEd_bedroom_098.tif,50,0.1,0.0666666666666667,0.816666666666667,10741.518541625,10742.070521083,9,10741.618877125,10741.684705666,10742.091472458,10742.901525583,1,0.551979457999551
225,21,10,categorization,0,bedroom,SHINEd_bedroom_012.tif,15,0.1,0.0666666666666667,0.7,10742.918820375,10743.617961083,13,10743.018403833,10743.085049583,10743.636926833,10744.330264875,0,0.699140708000414
225,22,10,categorization,0,livingroom,SHINEd_livingroom_081.tif,103,0.1,0.0666666666666667,1.43333333333333,10744.335965291,10744.930072208,13,10744.431134583,10744.491931708,10744.943868583,10746.370587541,1,0.594106917000317
225,23,10,categorization,0,bedroom,SHINEd_bedroom_042.tif,28,0.1,0.0666666666666667,0.783333333333333,10746.387262791,10746.913100458,9,10746.487835166,10746.553384041,10746.92549325,10747.7022065,1,0.525837666998996
225,24,10,categorization,0,livingroom,SHINEd_livingroom_010.tif,68,0.1,0.0666666666666667,1.3,10747.718369791,10748.313304416,9,10747.818323791,10747.884357041,10748.319544375,10749.612911041,0,0.594934624999951
225,25,10,categorization,0,bedroom,SHINEd_bedroom_097.tif,49,0.1,0.0666666666666667,1.48333333333333,10749.6307095,10750.395078625,9,10749.730454,10749.797066208,10750.421259166,10751.897956291,1,0.764369125001394
225,26,10,categorization,0,bedroom,SHINEd_bedroom_089.tif,46,0.1,0.0666666666666667,1.38333333333333,10751.91334425,10752.739888208,9,10752.013097791,10752.079706833,10752.76973025,10754.146427166,1,0.826543957999093
225,27,10,categorization,0,livingroom,SHINEd_livingroom_62.tif,110,0.1,0.0666666666666667,0.8,10754.165353291,10754.791521625,13,10754.266565541,10754.331698583,10754.8215585,10755.614931333,1,0.626168333999885
225,28,10,categorization,0,bedroom,SHINEd_bedroom_079.tif,42,0.1,0.0666666666666667,0.933333333333333,10755.631482916,10756.577534291,9,10755.731108666,10755.797710583,10756.582973,10757.50964575,1,0.946051375000025
225,29,10,categorization,0,bedroom,SHINEd_bedroom_093.tif,48,0.1,0.0666666666666667,1.08333333333333,10757.51634325,10758.257954208,13,10757.611589208,10757.672447541,10758.274244958,10759.35095775,0,0.74161095800082
225,30,10,categorization,0,livingroom,SHINEd_livingroom_003.tif,62,0.1,0.0666666666666667,1.78333333333333,10759.359589958,10760.078370416,13,10759.457594666,10759.525519916,10760.098620708,10761.875319083,1,0.718780458000765
225,31,10,categorization,0,livingroom,SHINEd_livingroom_022.tif,76,0.1,0.0666666666666667,1.81666666666667,10761.89326175,10762.671157958,13,10761.993174458,10762.059166708,10762.699262666,10764.509298125,1,0.777896208001039
225,32,10,categorization,0,bedroom,SHINEd_bedroom_047.tif,31,0.1,0.0666666666666667,1,10764.526646416,10765.398751,13,10764.626849083,10764.69336075,10765.415699583,10766.409038625,0,0.872104584001136
225,33,10,categorization,0,bedroom,SHINEd_bedroom_062.tif,36,0.1,0.0666666666666667,1.16666666666667,10766.414800166,10767.273238333,9,10766.509959875,10766.570840291,10767.289291833,10768.449342375,1,0.858438167000713
225,34,10,categorization,0,livingroom,SHINEd_livingroom_092.tif,109,0.1,0.0666666666666667,1.36666666666667,10768.458350666,10769.525123875,9,10768.55834575,10768.624305958,10769.547627875,10770.907664333,0,1.06677320900053
225,35,10,categorization,0,bedroom,SHINEd_bedroom_030.tif,23,0.1,0.0666666666666667,1.13333333333333,10770.924547458,10771.693109208,9,10771.024281333,10771.090798166,10771.71382675,10772.840548083,1,0.768561749999208
225,36,10,categorization,0,bedroom,SHINEd_bedroom_099.tif,51,0.1,0.0666666666666667,1.03333333333333,10772.850635625,10773.595036875,13,10772.948459916,10773.016617833,10773.622949458,10774.649660833,0,0.74440125000001
225,37,10,categorization,0,livingroom,SHINEd_livingroom_004.tif,63,0.1,0.0666666666666667,1.01666666666667,10774.6658185,10775.545287208,13,10774.762789583,10774.822822541,10775.558069875,10776.568103916,1,0.879468708000786
225,38,10,categorization,0,livingroom,SHINEd_livingroom_008.tif,67,0.1,0.0666666666666667,1.51666666666667,10776.578287583,10777.223297791,13,10776.676260666,10776.741480166,10777.247854291,10778.757908541,1,0.645010208001622
225,39,10,categorization,0,livingroom,SHINEd_livingroom_083.tif,104,0.1,0.0666666666666667,1.46666666666667,10778.775335791,10779.791286333,13,10778.873806625,10778.94111125,10779.814132541,10781.27418875,1,1.0159505419997
225,40,10,categorization,0,bedroom,SHINEd_bedroom_116.tif,55,0.1,0.0666666666666667,1.16666666666667,10781.289487083,10782.045078333,13,10781.38937,10781.455447708,10782.059512875,10783.21954875,0,0.75559124999927
225,41,10,categorization,0,bedroom,SHINEd_bedroom_068.tif,38,0.1,0.0666666666666667,0.716666666666667,10783.229016875,10783.88452525,9,10783.329535833,10783.392638666,10783.897442666,10784.607484833,1,0.655508374999044
225,42,10,categorization,0,bedroom,SHINEd_bedroom_020.tif,19,0.1,0.0666666666666667,0.75,10784.625288375,10785.273199541,9,10784.725072291,10784.788430458,10785.290595375,10786.033933708,1,0.647911165999176
225,43,10,categorization,0,bedroom,SHINEd_bedroom_048.tif,32,0.1,0.0666666666666667,0.933333333333333,10786.039334291,10786.737205958,9,10786.134456916,10786.195493583,10786.747303458,10787.673975375,1,0.697871667000072
225,44,10,categorization,0,bedroom,SHINEd_bedroom_085.tif,44,0.1,0.0666666666666667,1.25,10787.679746958,10788.617185208,9,10787.774918666,10787.835874291,10788.62118225,10789.8645725,1,0.937438250000923
225,45,10,categorization,0,bedroom,SHINEd_bedroom_112.tif,53,0.1,0.0666666666666667,1.8,10789.882331625,10790.9822875,13,10789.98171,10790.048222458,10791.004662458,10792.798019708,0,1.09995587500089
225,46,10,categorization,0,bedroom,SHINEd_bedroom_023.tif,20,0.1,0.0666666666666667,0.983333333333333,10792.807004041,10793.577812375,9,10792.9048615,10792.97288375,10793.595843208,10794.572514,1,0.770808334000321
225,47,10,categorization,0,livingroom,SHINEd_livingroom_016.tif,72,0.1,0.0666666666666667,1.75,10794.578231416,10795.201769333,13,10794.67332375,10794.734295916,10795.219438791,10796.962821958,1,0.623537916999339
225,48,10,categorization,0,bedroom,SHINEd_bedroom_011.tif,14,0.1,0.0666666666666667,1.1,10796.977434708,10797.734917958,9,10797.077061875,10797.143349541,10797.748804583,10798.842188125,1,0.757483249999495
225,49,10,categorization,0,bedroom,SHINEd_bedroom_074.tif,40,0.1,0.0666666666666667,1.01666666666667,10798.8521585,10799.660116916,9,10798.950135708,10799.017413875,10799.690445708,10800.70048775,1,0.807958416000474
225,50,10,categorization,0,livingroom,SHINEd_livingroom_050.tif,93,0.1,0.0666666666666667,0.766666666666667,10800.718160208,10801.409956166,13,10800.815482541,10800.875210208,10801.426951291,10802.186956583,1,0.691795958000512
225,1,11,categorization,0,livingroom,SHINEd_livingroom_046.tif,89,0.1,0.0666666666666667,0.75,10809.935753958,10810.77746525,9,10810.031530583,10810.091775875,10810.793614958,10811.536953625,0,0.841711291999673
225,2,11,categorization,0,livingroom,SHINEd_livingroom_081.tif,103,0.1,0.0666666666666667,1.73333333333333,10811.542839125,10812.201853375,13,10811.638063125,10811.698885,10812.217323291,10813.944046416,1,0.659014249999018
225,3,11,categorization,0,livingroom,SHINEd_livingroom_039.tif,87,0.1,0.0666666666666667,1.35,10813.961742541,10814.798387916,9,10814.061438041,10814.127759375,10814.815882875,10816.15926075,0,0.836645375000444
225,4,11,categorization,0,livingroom,SHINEd_livingroom_008.tif,67,0.1,0.0666666666666667,1.28333333333333,10816.177050541,10816.953872166,9,10816.278153083,10816.34300075,10816.98281775,10818.259536916,0,0.776821624998774
225,5,11,categorization,0,livingroom,SHINEd_livingroom_059.tif,98,0.1,0.0666666666666667,1.35,10818.276974625,10818.925909875,13,10818.376984416,10818.443072708,10818.9494355,10820.292819958,1,0.648935250001159
225,6,11,categorization,0,bedroom,SHINEd_bedroom_089.tif,46,0.1,0.0666666666666667,1.23333333333333,10820.3076535,10821.0062975,9,10820.4074025,10820.473772458,10821.030610958,10822.257326666,1,0.698644000000058
225,7,11,categorization,0,bedroom,SHINEd_bedroom_036.tif,25,0.1,0.0666666666666667,0.933333333333333,10822.266909541,10822.944748875,9,10822.366683833,10822.433085375,10822.973012625,10823.899729583,1,0.677839333999145
225,8,11,categorization,0,bedroom,SHINEd_bedroom_012.tif,15,0.1,0.0666666666666667,1.63333333333333,10823.915966958,10824.64074225,13,10824.015684458,10824.08212975,10824.651138958,10826.2778415,0,0.724775291999322
225,9,11,categorization,0,bedroom,SHINEd_bedroom_093.tif,48,0.1,0.0666666666666667,0.883333333333333,10826.294403083,10827.05864125,9,10826.39408325,10826.460262291,10827.082056208,10827.958727166,1,0.764238166999348
225,10,11,categorization,0,livingroom,SHINEd_livingroom_005.tif,64,0.1,0.0666666666666667,1.76666666666667,10827.964516791,10828.681668708,9,10828.059595375,10828.1206615,10828.68898775,10830.449037666,0,0.717151917000592
225,11,11,categorization,0,livingroom,SHINEd_livingroom_006.tif,65,0.1,0.0666666666666667,1.4,10830.4685755,10831.263256666,13,10830.568118791,10830.634629416,10831.291348666,10832.684737583,1,0.794681166000373
225,12,11,categorization,0,bedroom,SHINEd_bedroom_039.tif,26,0.1,0.0666666666666667,1.05,10832.701645291,10833.393870166,9,10832.800349541,10832.864399833,10833.420943958,10834.464330541,1,0.692224875001557
225,13,11,categorization,0,bedroom,SHINEd_bedroom_041.tif,27,0.1,0.0666666666666667,1.11666666666667,10834.474917666,10835.222030083,9,10834.573089291,10834.640055708,10835.246633666,10836.35666725,1,0.747112416998789
225,14,11,categorization,0,livingroom,SHINEd_livingroom_068.tif,100,0.1,0.0666666666666667,1.18333333333333,10836.372561416,10837.137134833,9,10836.46999025,10836.528828541,10837.147342166,10838.324022875,0,0.764573417000065
225,15,11,categorization,0,livingroom,SHINEd_livingroom_050.tif,93,0.1,0.0666666666666667,1.1,10838.335280291,10839.048821208,13,10838.435856833,10838.501672916,10839.0752155,10840.168602125,1,0.7135409170005
225,16,11,categorization,0,livingroom,SHINEd_livingroom_001.tif,61,0.1,0.0666666666666667,2,10840.184944,10840.985210583,13,10840.280868416,10840.341016458,10840.992803041,10842.98617975,1,0.800266582999029
225,17,11,categorization,0,bedroom,SHINEd_bedroom_126.tif,60,0.1,0.0666666666666667,1.15,10843.004319833,10843.789312541,9,10843.104064916,10843.170948916,10843.810775625,10844.954159541,1,0.784992707998754
225,18,11,categorization,0,livingroom,SHINEd_livingroom_018.tif,73,0.1,0.0666666666666667,1.63333333333333,10844.963253625,10845.600699333,9,10845.064065625,10845.129462791,10845.619491375,10847.246198416,0,0.637445708000087
225,19,11,categorization,0,bedroom,SHINEd_bedroom_086.tif,45,0.1,0.0666666666666667,1.08333333333333,10847.264934,10847.970186166,9,10847.3655035,10847.431379166,10847.987465083,10849.064142708,1,0.7052521659989
225,20,11,categorization,0,bedroom,SHINEd_bedroom_014.tif,16,0.1,0.0666666666666667,0.783333333333333,10849.070551916,10849.816958833,9,10849.16616825,10849.22664675,10849.828448,10850.605119958,1,0.746406917000058
225,21,11,categorization,0,livingroom,SHINEd_livingroom_092.tif,109,0.1,0.0666666666666667,1.35,10850.610813083,10851.273729166,9,10850.705957,10850.76672975,10851.285315916,10852.628685375,0,0.6629160829998
225,22,11,categorization,0,bedroom,SHINEd_bedroom_106.tif,52,0.1,0.0666666666666667,1.35,10852.646330166,10853.225010708,9,10852.746005875,10852.809756916,10853.250290625,10854.593661583,1,0.578680541999347
225,23,11,categorization,0,bedroom,SHINEd_bedroom_010.tif,13,0.1,0.0666666666666667,1.86666666666667,10854.610776833,10855.288707916,9,10854.710966625,10854.77706175,10855.317877541,10857.177917291,1,0.677931082998839
225,24,11,categorization,0,livingroom,SHINEd_livingroom_028.tif,80,0.1,0.0666666666666667,1.25,10857.197559041,10857.851377416,13,10857.297649125,10857.364129541,10857.871293708,10859.114664416,1,0.653818374999901
225,25,11,categorization,0,livingroom,SHINEd_livingroom_007.tif,66,0.1,0.0666666666666667,0.766666666666667,10859.130944791,10859.867592791,9,10859.231372208,10859.298190666,10859.888892625,10860.648941875,0,0.736648000000059
225,26,11,categorization,0,bedroom,SHINEd_bedroom_074.tif,40,0.1,0.0666666666666667,1.91666666666667,10860.66784925,10861.352614583,9,10860.768197541,10860.830357375,10861.365686916,10863.27572675,1,0.684765333000541
225,27,11,categorization,0,bedroom,SHINEd_bedroom_048.tif,32,0.1,0.0666666666666667,0.816666666666667,10863.293308416,10864.07338725,9,10863.393511416,10863.459594041,10864.099081541,10864.909086583,1,0.78007883400096
225,28,11,categorization,0,livingroom,SHINEd_livingroom_052.tif,94,0.1,0.0666666666666667,0.983333333333333,10864.914374916,10865.617780583,9,10865.009675,10865.070471291,10865.622540083,10866.599212333,0,0.70340566699997
225,29,11,categorization,0,bedroom,SHINEd_bedroom_025.tif,21,0.1,0.0666666666666667,1.45,10866.604996333,10867.249157041,9,10866.700091125,10866.761199458,10867.262896125,10868.706265791,1,0.644160707999617
225,30,11,categorization,0,livingroom,SHINEd_livingroom_62.tif,110,0.1,0.0666666666666667,1.35,10868.723031,10869.430263541,9,10868.820693583,10868.886771291,10869.459742625,10870.803095041,0,0.707232541000849
225,31,11,categorization,0,bedroom,SHINEd_bedroom_125.tif,59,0.1,0.0666666666666667,1.23333333333333,10870.815311583,10871.684504625,9,10870.9149055,10870.981183291,10871.704288208,10872.930997416,1,0.869193042000916
225,32,11,categorization,0,bedroom,SHINEd_bedroom_016.tif,17,0.1,0.0666666666666667,1.78333333333333,10872.9411835,10873.56986175,9,10873.040766833,10873.107267333,10873.59759225,10875.374292583,1,0.62867825000103
225,33,11,categorization,0,bedroom,SHINEd_bedroom_090.tif,47,0.1,0.0666666666666667,0.85,10875.393564916,10876.061659416,13,10875.493850583,10875.55955575,10876.082556833,10876.9258975,0,0.668094500000734
225,34,11,categorization,0,livingroom,SHINEd_livingroom_025.tif,79,0.1,0.0666666666666667,0.95,10876.932923416,10877.592858875,13,10877.027961875,10877.089052666,10877.607488166,10878.550826041,1,0.659935458999826
225,35,11,categorization,0,bedroom,SHINEd_bedroom_030.tif,23,0.1,0.0666666666666667,0.783333333333333,10878.55649325,10879.465122958,9,10878.651712291,10878.7125625,10879.480985208,10880.257656,1,0.908629707999353
225,36,11,categorization,0,livingroom,SHINEd_livingroom_060.tif,99,0.1,0.0666666666666667,1.23333333333333,10880.263466708,10881.001324708,13,10880.358593083,10880.419543416,10881.004499833,10882.231213583,1,0.737858000000415
225,37,11,categorization,0,livingroom,SHINEd_livingroom_048.tif,91,0.1,0.0666666666666667,1.01666666666667,10882.249362125,10883.041870333,13,10882.349368208,10882.415370041,10883.071970291,10884.081979625,1,0.792508208000072
225,38,11,categorization,0,bedroom,SHINEd_bedroom_067.tif,37,0.1,0.0666666666666667,1.66666666666667,10884.087951375,10884.713672083,9,10884.183061625,10884.24399425,10884.729316958,10886.389364208,1,0.62572070799979
225,39,11,categorization,0,bedroom,SHINEd_bedroom_029.tif,22,0.1,0.0666666666666667,1.63333333333333,10886.407159375,10887.11245725,9,10886.506909041,10886.573614041,10887.129433083,10888.756135416,1,0.705297874999815
225,40,11,categorization,0,bedroom,SHINEd_bedroom_011.tif,14,0.1,0.0666666666666667,0.833333333333333,10888.774023458,10889.355250625,9,10888.87248825,10888.940315666,10889.380235,10890.206934166,1,0.581227167000179
225,41,11,categorization,0,bedroom,SHINEd_bedroom_052.tif,34,0.1,0.0666666666666667,1.03333333333333,10890.218222125,10890.792788375,9,10890.313588041,10890.374237166,10890.809290375,10891.835995666,1,0.574566249999407
225,42,11,categorization,0,livingroom,SHINEd_livingroom_030.tif,82,0.1,0.0666666666666667,1.73333333333333,10891.850143125,10892.371352125,9,10891.94890925,10892.015255875,10892.388454625,10894.115164875,0,0.521208999998635
225,43,11,categorization,0,livingroom,SHINEd_livingroom_055.tif,96,0.1,0.0666666666666667,1.16666666666667,10894.134829333,10894.702988,13,10894.235506166,10894.301610333,10894.725193,10895.885243375,1,0.568158666999807
225,44,11,categorization,0,bedroom,SHINEd_bedroom_062.tif,36,0.1,0.0666666666666667,1.18333333333333,10895.903352041,10896.529096791,13,10896.004108125,10896.061048791,10896.546109416,10897.722822875,0,0.625744750001104
225,45,11,categorization,0,livingroom,SHINEd_livingroom_032.tif,84,0.1,0.0666666666666667,1.63333333333333,10897.733554625,10898.347946083,9,10897.833576458,10897.899800041,10898.373249125,10899.999955416,0,0.614391458000682
225,46,11,categorization,0,livingroom,SHINEd_livingroom_090.tif,108,0.1,0.0666666666666667,0.75,10900.017709125,10900.717517416,13,10900.117827833,10900.183968625,10900.740705375,10901.48408725,1,0.699808290999499
225,47,11,categorization,0,bedroom,SHINEd_bedroom_069.tif,39,0.1,0.0666666666666667,1.91666666666667,10901.500865708,10902.225489791,9,10901.600953083,10901.666613583,10902.23557625,10904.145631291,1,0.72462408300089
225,48,11,categorization,0,livingroom,SHINEd_livingroom_016.tif,72,0.1,0.0666666666666667,0.766666666666667,10904.163943375,10904.757237708,13,10904.263586333,10904.329954583,10904.786398041,10905.546402208,1,0.593294332998994
225,49,11,categorization,0,livingroom,SHINEd_livingroom_083.tif,104,0.1,0.0666666666666667,0.766666666666667,10905.552267,10906.2244885,13,10905.647418041,10905.7082905,10906.243392125,10907.003395708,1,0.672221500000887
225,50,11,categorization,0,bedroom,SHINEd_bedroom_085.tif,44,0.1,0.0666666666666667,1.21666666666667,10907.008614916,10907.712503625,9,10907.1037005,10907.164867541,10907.716656125,10908.926689416,1,0.703888709000239
225,1,12,categorization,0,bedroom,SHINEd_bedroom_080.tif,43,0.1,0.0666666666666667,1.11666666666667,10926.414811541,10927.233305125,13,10926.510785458,10926.570971041,10927.239336291,10928.349407625,0,0.818493583999953
225,2,12,categorization,0,livingroom,SHINEd_livingroom_049.tif,92,0.1,0.0666666666666667,1.23333333333333,10928.358644541,10928.971772625,13,10928.458605291,10928.52454525,10928.997762208,10930.224470083,1,0.613128083999982
225,3,12,categorization,0,bedroom,SHINEd_bedroom_032.tif,24,0.1,0.0666666666666667,0.75,10930.237459541,10931.057371375,9,10930.333412708,10930.393605416,10931.062005625,10931.805343916,1,0.819911833999868
225,4,12,categorization,0,livingroom,SHINEd_livingroom_036.tif,85,0.1,0.0666666666666667,0.75,10931.811038791,10932.440589375,13,10931.906123583,10931.967048791,10932.452099791,10933.195438291,1,0.629550584000754
225,5,12,categorization,0,bedroom,SHINEd_bedroom_042.tif,28,0.1,0.0666666666666667,1.13333333333333,10933.201238583,10933.856649958,9,10933.296333333,10933.357235208,10933.875636458,10935.002341416,1,0.655411374998948
225,6,12,categorization,0,livingroom,SHINEd_livingroom_024.tif,78,0.1,0.0666666666666667,1.06666666666667,10935.01172,10935.678467958,13,10935.111404041,10935.177981708,10935.700731916,10936.760769583,1,0.666747957999178
225,7,12,categorization,0,bedroom,SHINEd_bedroom_023.tif,20,0.1,0.0666666666666667,1.1,10936.770683416,10937.680886625,9,10936.868068625,10936.937031416,10937.689004208,10938.782381375,1,0.910203208999519
225,8,12,categorization,0,bedroom,SHINEd_bedroom_051.tif,33,0.1,0.0666666666666667,1.61666666666667,10938.79189375,10939.538617083,13,10938.889921208,10938.953055208,10939.558868333,10941.168912916,0,0.746723333000773
225,9,12,categorization,0,bedroom,SHINEd_bedroom_075.tif,41,0.1,0.0666666666666667,1.86666666666667,10941.184926125,10941.82158925,13,10941.28494475,10941.351075083,10941.840559958,10943.700611833,0,0.636663124998449
225,10,12,categorization,0,livingroom,SHINEd_livingroom_013.tif,70,0.1,0.0666666666666667,1.28333333333333,10943.716751833,10944.412281458,13,10943.816788166,10943.882929166,10944.439171958,10945.715886208,1,0.695529624999836
225,11,12,categorization,0,livingroom,SHINEd_livingroom_010.tif,68,0.1,0.0666666666666667,1.58333333333333,10945.734290458,10946.293859166,13,10945.834134458,10945.900899791,10946.306041166,10947.882756541,1,0.55956870800037
225,12,12,categorization,0,bedroom,SHINEd_bedroom_046.tif,30,0.1,0.0666666666666667,1.33333333333333,10947.900791833,10948.603163,13,10948.00094525,10948.066686791,10948.622761791,10949.949477833,0,0.702371166999001
225,13,12,categorization,0,bedroom,SHINEd_bedroom_097.tif,49,0.1,0.0666666666666667,1.03333333333333,10949.967386666,10950.587003208,13,10950.067324916,10950.133415958,10950.605685791,10951.632411625,0,0.619616542000585
225,14,12,categorization,0,bedroom,SHINEd_bedroom_018.tif,18,0.1,0.0666666666666667,1.68333333333333,10951.648423166,10952.353166166,9,10951.748515208,10951.814894208,10952.366753375,10954.043453083,1,0.704743000000235
225,15,12,categorization,0,livingroom,SHINEd_livingroom_020.tif,75,0.1,0.0666666666666667,1.15,10954.059953625,10954.798423458,13,10954.159932916,10954.226000166,10954.814226958,10955.957614166,1,0.738469833000636
225,16,12,categorization,0,livingroom,SHINEd_livingroom_087.tif,105,0.1,0.0666666666666667,1.98333333333333,10955.96743625,10956.7127455,13,10956.067120041,10956.13364975,10956.740139875,10958.716851916,1,0.745309249999991
225,17,12,categorization,0,livingroom,SHINEd_livingroom_054.tif,95,0.1,0.0666666666666667,1.9,10958.735192166,10959.665717708,13,10958.83338075,10958.899968458,10959.6898885,10961.583266875,1,0.930525542000396
225,18,12,categorization,0,bedroom,SHINEd_bedroom_119.tif,57,0.1,0.0666666666666667,1.05,10961.602601208,10962.526120583,9,10961.702723833,10961.768850208,10962.541367875,10963.584745625,1,0.923519374999159
225,19,12,categorization,0,bedroom,SHINEd_bedroom_068.tif,38,0.1,0.0666666666666667,1.28333333333333,10963.595934666,10964.236502375,9,10963.694327916,10963.761837625,10964.250774625,10965.527498541,1,0.640567709000607
225,20,12,categorization,0,livingroom,SHINEd_livingroom_043.tif,88,0.1,0.0666666666666667,0.7,10965.546164958,10966.328917708,9,10965.6420225,10965.702227916,10966.337439708,10967.030778583,0,0.782752750001237
225,21,12,categorization,0,livingroom,SHINEd_livingroom_014.tif,71,0.1,0.0666666666666667,0.85,10967.036028916,10967.70470125,13,10967.131256083,10967.192069291,10967.710379333,10968.5537165,1,0.668672334000803
225,22,12,categorization,0,livingroom,SHINEd_livingroom_088.tif,106,0.1,0.0666666666666667,1.03333333333333,10968.559524583,10969.169447166,13,10968.654505583,10968.715561041,10969.183942583,10970.210656041,1,0.609922582998479
225,23,12,categorization,0,bedroom,SHINEd_bedroom_079.tif,42,0.1,0.0666666666666667,0.783333333333333,10970.222979375,10970.929062458,13,10970.32032225,10970.386485708,10970.960279291,10971.736977458,0,0.706083083001431
225,24,12,categorization,0,livingroom,SHINEd_livingroom_073.tif,102,0.1,0.0666666666666667,1,10971.753524416,10972.545233208,13,10971.853711,10971.919855916,10972.555221,10973.548559875,1,0.791708791999554
225,25,12,categorization,0,bedroom,SHINEd_bedroom_056.tif,35,0.1,0.0666666666666667,1.25,10973.554448083,10974.184432166,13,10973.649433833,10973.710502708,10974.195480333,10975.438861458,0,0.629984082999727
225,26,12,categorization,0,bedroom,SHINEd_bedroom_009.tif,12,0.1,0.0666666666666667,1.08333333333333,10975.456479666,10976.122712,9,10975.55633025,10975.622583791,10976.145749958,10977.22245625,1,0.666232334000597
225,27,12,categorization,0,livingroom,SHINEd_livingroom_047.tif,90,0.1,0.0666666666666667,1.21666666666667,10977.24081275,10977.929238708,9,10977.336567166,10977.396895125,10977.948557,10979.158595666,0,0.688425958000153
225,28,12,categorization,0,bedroom,SHINEd_bedroom_118.tif,56,0.1,0.0666666666666667,0.716666666666667,10979.174739333,10979.835449791,9,10979.27404375,10979.341014166,10979.864047875,10980.5740815,1,0.660710457999812
225,29,12,categorization,0,bedroom,SHINEd_bedroom_008.tif,11,0.1,0.0666666666666667,1.7,10980.59017825,10981.233309416,9,10980.690417916,10980.756104291,10981.241652583,10982.935035541,1,0.643131165999876
225,30,12,categorization,0,livingroom,SHINEd_livingroom_031.tif,83,0.1,0.0666666666666667,0.833333333333333,10982.952533583,10983.771453875,13,10983.052228,10983.118969625,10983.791985083,10984.618655791,1,0.818920292000257
225,31,12,categorization,0,bedroom,SHINEd_bedroom_098.tif,50,0.1,0.0666666666666667,1.06666666666667,10984.624477916,10985.232465541,9,10984.719466833,10984.780606208,10985.249119375,10986.30915775,1,0.607987624998714
225,32,12,categorization,0,livingroom,SHINEd_livingroom_037.tif,86,0.1,0.0666666666666667,1.4,10986.318448916,10987.005512416,13,10986.416966791,10986.484242375,10987.023623833,10988.417002291,1,0.687063500001386
225,33,12,categorization,0,livingroom,SHINEd_livingroom_003.tif,62,0.1,0.0666666666666667,1.81666666666667,10988.427621625,10989.105705625,13,10988.527518791,10988.593714708,10989.13322375,10990.943278,1,0.678083999999217
225,34,12,categorization,0,bedroom,SHINEd_bedroom_047.tif,31,0.1,0.0666666666666667,1.48333333333333,10990.959699,10991.620388875,13,10991.05940275,10991.125703916,10991.648700916,10993.125420916,0,0.660689875001481
225,35,12,categorization,0,bedroom,SHINEd_bedroom_045.tif,29,0.1,0.0666666666666667,0.916666666666667,10993.143027291,10993.947906875,13,10993.243186208,10993.30888175,10993.964723833,10994.8747285,0,0.804879584000446
225,36,12,categorization,0,bedroom,SHINEd_bedroom_099.tif,51,0.1,0.0666666666666667,1.76666666666667,10994.879914208,10995.768262875,9,10994.974983166,10995.036065208,10995.787849291,10997.547891083,1,0.888348667000173
225,37,12,categorization,0,livingroom,SHINEd_livingroom_072.tif,101,0.1,0.0666666666666667,1.9,10997.564778625,10998.373893875,13,10997.665016166,10997.730774666,10998.404112791,11000.297487833,1,0.809115250000104
225,38,12,categorization,0,bedroom,SHINEd_bedroom_114.tif,54,0.1,0.0666666666666667,0.783333333333333,11000.31705375,11001.000016708,13,11000.4166845,11000.483290916,11001.020282666,11001.79695475,0,0.682962958000644
225,39,12,categorization,0,livingroom,SHINEd_livingroom_057.tif,97,0.1,0.0666666666666667,1.05,11001.802526083,11002.464592833,13,11001.897793416,11001.958602458,11002.477045666,11003.520410291,1,0.662066749999212
225,40,12,categorization,0,livingroom,SHINEd_livingroom_022.tif,76,0.1,0.0666666666666667,1.13333333333333,11003.533899291,11004.242205958,13,11003.632226708,11003.694162458,11004.267498416,11005.394200375,1,0.708306667000215
225,41,12,categorization,0,livingroom,SHINEd_livingroom_023.tif,77,0.1,0.0666666666666667,1.56666666666667,11005.41197725,11006.008717583,9,11005.511486416,11005.577571875,11006.012764625,11007.572799208,0,0.596740332999616
225,42,12,categorization,0,bedroom,SHINEd_bedroom_120.tif,58,0.1,0.0666666666666667,1.28333333333333,11007.5909295,11008.302227416,9,11007.6904175,11007.756917041,11008.330261333,11009.606968333,1,0.711297915999239
225,43,12,categorization,0,bedroom,SHINEd_bedroom_116.tif,55,0.1,0.0666666666666667,1.23333333333333,11009.625092458,11010.321852916,13,11009.72501625,11009.791312,11010.348295041,11011.574994708,0,0.696760458000426
225,44,12,categorization,0,livingroom,SHINEd_livingroom_019.tif,74,0.1,0.0666666666666667,1.26666666666667,11011.588312833,11012.214238083,13,11011.688386541,11011.754449125,11012.244166041,11013.504198541,1,0.625925249998545
225,45,12,categorization,0,livingroom,SHINEd_livingroom_012.tif,69,0.1,0.0666666666666667,1.9,11013.511740416,11014.152961458,13,11013.606977541,11013.667767291,11014.169500333,11016.062861666,1,0.641221042000325
225,46,12,categorization,0,livingroom,SHINEd_livingroom_004.tif,63,0.1,0.0666666666666667,1.23333333333333,11016.074952583,11016.887963291,13,11016.174679625,11016.241038458,11016.914317208,11018.1410175,1,0.813010707999638
225,47,12,categorization,0,bedroom,SHINEd_bedroom_112.tif,53,0.1,0.0666666666666667,0.816666666666667,11018.158699416,11018.87538625,13,11018.258874,11018.324554458,11018.897258708,11019.707296375,0,0.71668683399912
225,48,12,categorization,0,bedroom,SHINEd_bedroom_020.tif,19,0.1,0.0666666666666667,0.8,11019.720209708,11020.353129333,9,11019.821410666,11019.886140208,11020.371437125,11021.1647765,1,0.632919624998976
225,49,12,categorization,0,livingroom,SHINEd_livingroom_029.tif,81,0.1,0.0666666666666667,0.883333333333333,11021.17039625,11022.081200958,9,11021.265514625,11021.326457458,11022.094812375,11022.971482625,0,0.910804708000796
225,50,12,categorization,0,livingroom,SHINEd_livingroom_089.tif,107,0.1,0.0666666666666667,0.766666666666667,11022.976659291,11023.76067025,13,11023.071774208,11023.132724583,11023.76792075,11024.527925333,1,0.784010958999716
225,1,13,categorization,0,bedroom,SHINEd_bedroom_074.tif,40,0.1,0.0666666666666667,1,11034.637958583,11035.449146458,13,11034.733820916,11034.794147583,11035.46260425,11036.455941291,0,0.811187875000542
225,2,13,categorization,0,bedroom,SHINEd_bedroom_041.tif,27,0.1,0.0666666666666667,0.966666666666667,11036.461640875,11037.4330765,9,11036.55668675,11036.617685958,11037.435962083,11038.395968,1,0.971435624998776
225,3,13,categorization,0,livingroom,SHINEd_livingroom_023.tif,77,0.1,0.0666666666666667,0.816666666666667,11038.401597583,11039.192105791,9,11038.496904833,11038.557776708,11039.209536,11040.019540791,0,0.790508207999665
225,4,13,categorization,0,bedroom,SHINEd_bedroom_093.tif,48,0.1,0.0666666666666667,0.766666666666667,11040.02520875,11040.9287,13,11040.1203985,11040.181203291,11040.933051333,11041.693056916,0,0.903491250001025
225,5,13,categorization,0,bedroom,SHINEd_bedroom_119.tif,57,0.1,0.0666666666666667,1.93333333333333,11041.699026125,11042.36907025,13,11041.794109875,11041.855080041,11042.373490791,11044.300198625,0,0.670044125001368
225,6,13,categorization,0,livingroom,SHINEd_livingroom_024.tif,78,0.1,0.0666666666666667,1,11044.31747525,11045.035132125,13,11044.417698416,11044.483783875,11045.057020208,11046.050357416,1,0.717656875000102
225,7,13,categorization,0,livingroom,SHINEd_livingroom_048.tif,91,0.1,0.0666666666666667,0.9,11046.056086333,11046.825155083,13,11046.151278458,11046.212066875,11046.830484083,11047.723822791,1,0.76906874999986
225,8,13,categorization,0,livingroom,SHINEd_livingroom_068.tif,100,0.1,0.0666666666666667,1.2,11047.729647625,11048.44025075,13,11047.824762416,11047.8857075,11048.454413416,11049.647803041,1,0.710603125000489
225,9,13,categorization,0,livingroom,SHINEd_livingroom_050.tif,93,0.1,0.0666666666666667,1.08333333333333,11049.663742416,11050.331236208,13,11049.762872708,11049.82978825,11050.353023958,11051.4297225,1,0.667493791999732
225,10,13,categorization,0,livingroom,SHINEd_livingroom_030.tif,82,0.1,0.0666666666666667,0.933333333333333,11051.442312,11052.104840666,13,11051.542260916,11051.600303541,11052.118701041,11053.045372708,1,0.662528666000071
225,11,13,categorization,0,bedroom,SHINEd_bedroom_099.tif,51,0.1,0.0666666666666667,1.51666666666667,11053.050864125,11053.752712583,13,11053.145934416,11053.20687125,11053.758749416,11055.26878375,0,0.701848458000313
225,12,13,categorization,0,bedroom,SHINEd_bedroom_056.tif,35,0.1,0.0666666666666667,0.783333333333333,11055.286372833,11055.986561291,13,11055.38628625,11055.452493416,11056.009067,11056.7857685,0,0.700188458000412
225,13,13,categorization,0,bedroom,SHINEd_bedroom_046.tif,30,0.1,0.0666666666666667,0.716666666666667,11056.799542708,11057.576066375,13,11056.895388375,11056.955697,11057.590946833,11058.300951125,0,0.77652366700022
225,14,13,categorization,0,livingroom,SHINEd_livingroom_057.tif,97,0.1,0.0666666666666667,0.716666666666667,11058.306671208,11059.176727416,9,11058.401646291,11058.462798666,11059.181238875,11059.891244791,0,0.870056207999369
225,15,13,categorization,0,bedroom,SHINEd_bedroom_011.tif,14,0.1,0.0666666666666667,1.46666666666667,11059.896953958,11060.544400208,9,11059.992057666,11060.052941166,11060.554665916,11062.014715583,1,0.647446250000939
225,16,13,categorization,0,bedroom,SHINEd_bedroom_085.tif,44,0.1,0.0666666666666667,1.68333333333333,11062.033735583,11062.612626916,9,11062.133580125,11062.199843666,11062.639419583,11064.31614575,1,0.578891332999774
225,17,13,categorization,0,bedroom,SHINEd_bedroom_014.tif,16,0.1,0.0666666666666667,1.2,11064.33413975,11064.947839375,9,11064.4342095,11064.500270166,11064.973440083,11066.166814291,1,0.613699624998844
225,18,13,categorization,0,livingroom,SHINEd_livingroom_083.tif,104,0.1,0.0666666666666667,1.21666666666667,11066.177963583,11067.068601666,13,11066.2778515,11066.343867125,11067.082753958,11068.2928055,1,0.89063808299943
225,19,13,categorization,0,bedroom,SHINEd_bedroom_112.tif,53,0.1,0.0666666666666667,1.93333333333333,11068.309528083,11069.028007708,9,11068.409744416,11068.4757965,11069.048778,11070.975487333,1,0.718479625000327
225,20,13,categorization,0,livingroom,SHINEd_livingroom_046.tif,89,0.1,0.0666666666666667,1.5,11070.992741708,11071.828055125,9,11071.09248525,11071.158964125,11071.848451416,11073.341839833,0,0.835313417001089
225,21,13,categorization,0,bedroom,SHINEd_bedroom_067.tif,37,0.1,0.0666666666666667,1.26666666666667,11073.357095375,11073.964208666,9,11073.45682525,11073.523261166,11073.978905666,11075.238963541,1,0.607113291000132
225,22,13,categorization,0,livingroom,SHINEd_livingroom_049.tif,92,0.1,0.0666666666666667,0.95,11075.2572815,11076.410894625,13,11075.357506541,11075.423091833,11076.429221625,11077.372558291,1,1.15361312499954
225,23,13,categorization,0,livingroom,SHINEd_livingroom_052.tif,94,0.1,0.0666666666666667,1.75,11077.378090375,11078.296076458,9,11077.473251125,11077.534061666,11078.3025075,11080.045886,0,0.917986083000869
225,24,13,categorization,0,bedroom,SHINEd_bedroom_089.tif,46,0.1,0.0666666666666667,1.43333333333333,11080.064361291,11080.815851125,9,11080.164001916,11080.230473958,11080.835191958,11082.2619145,1,0.751489833999585
225,25,13,categorization,0,bedroom,SHINEd_bedroom_048.tif,32,0.1,0.0666666666666667,1.21666666666667,11082.280013916,11083.073750416,9,11082.381181291,11082.446020625,11083.102423,11084.312473208,1,0.793736499999795
225,26,13,categorization,0,bedroom,SHINEd_bedroom_036.tif,25,0.1,0.0666666666666667,1.45,11084.328689458,11084.873283458,9,11084.428210125,11084.494886166,11084.882416625,11086.325783375,1,0.54459400000087
225,27,13,categorization,0,bedroom,SHINEd_bedroom_075.tif,41,0.1,0.0666666666666667,0.933333333333333,11086.342678291,11087.138668958,13,11086.442038625,11086.508929583,11087.165535625,11088.092259166,0,0.795990667000297
225,28,13,categorization,0,livingroom,SHINEd_livingroom_62.tif,110,0.1,0.0666666666666667,0.883333333333333,11088.108543458,11088.855928375,13,11088.208281083,11088.274657958,11088.859607083,11089.736279791,1,0.74738491700009
225,29,13,categorization,0,bedroom,SHINEd_bedroom_116.tif,55,0.1,0.0666666666666667,0.9,11089.7419415,11090.448742875,13,11089.8368725,11089.897948166,11090.466400541,11091.359739416,0,0.706801374999486
225,30,13,categorization,0,bedroom,SHINEd_bedroom_047.tif,31,0.1,0.0666666666666667,0.866666666666667,11091.365559916,11092.057061166,13,11091.460548625,11091.521682083,11092.073480291,11092.933484125,0,0.691501250001238
225,31,13,categorization,0,livingroom,SHINEd_livingroom_073.tif,102,0.1,0.0666666666666667,1.11666666666667,11092.938334708,11093.848735166,9,11093.033507708,11093.094425458,11093.862855333,11094.972896791,0,0.910400458000368
225,32,13,categorization,0,bedroom,SHINEd_bedroom_051.tif,33,0.1,0.0666666666666667,1.25,11094.983454666,11095.823783208,13,11095.083430291,11095.149495833,11095.838624083,11097.082013083,0,0.840328541999042
225,33,13,categorization,0,livingroom,SHINEd_livingroom_016.tif,72,0.1,0.0666666666666667,1.73333333333333,11097.100186166,11097.784432291,13,11097.199930041,11097.266209041,11097.806095666,11099.532801375,1,0.684246124999845
225,34,13,categorization,0,livingroom,SHINEd_livingroom_055.tif,96,0.1,0.0666666666666667,0.933333333333333,11099.550688791,11100.205332541,13,11099.650561,11099.716810458,11100.222388333,11101.149058458,1,0.654643750000105
225,35,13,categorization,0,bedroom,SHINEd_bedroom_023.tif,20,0.1,0.0666666666666667,1,11101.154707875,11101.952523458,9,11101.24968725,11101.31070025,11101.962487166,11102.955825333,1,0.797815582998737
225,36,13,categorization,0,livingroom,SHINEd_livingroom_031.tif,83,0.1,0.0666666666666667,1.68333333333333,11102.960816291,11103.672951041,13,11103.055889666,11103.1169455,11103.685225583,11105.361932958,1,0.712134749999677
225,37,13,categorization,0,livingroom,SHINEd_livingroom_010.tif,68,0.1,0.0666666666666667,1.28333333333333,11105.379330583,11106.131172958,9,11105.478796291,11105.545051125,11106.15123275,11107.427967583,0,0.751842374998887
225,38,13,categorization,0,livingroom,SHINEd_livingroom_090.tif,108,0.1,0.0666666666666667,1.35,11107.4460935,11108.160557458,13,11107.545920375,11107.612101666,11108.18562825,11109.528997208,1,0.714463958000124
225,39,13,categorization,0,livingroom,SHINEd_livingroom_059.tif,98,0.1,0.0666666666666667,1.86666666666667,11109.544402583,11110.26122175,9,11109.644730291,11109.710676375,11110.283965625,11112.144011708,0,0.716819166998903
225,40,13,categorization,0,bedroom,SHINEd_bedroom_069.tif,39,0.1,0.0666666666666667,0.833333333333333,11112.161683666,11112.872898625,13,11112.261262,11112.327727166,11112.901328541,11113.727999,0,0.711214959001154
225,41,13,categorization,0,livingroom,SHINEd_livingroom_012.tif,69,0.1,0.0666666666666667,1.33333333333333,11113.733687458,11114.4960925,9,11113.82875725,11113.889768958,11114.508117958,11115.834829041,0,0.762405041999955
225,42,13,categorization,0,livingroom,SHINEd_livingroom_087.tif,105,0.1,0.0666666666666667,1.2,11115.852850541,11116.636552833,13,11115.95281675,11116.019786208,11116.660001833,11117.853366958,1,0.78370229200118
225,43,13,categorization,0,livingroom,SHINEd_livingroom_029.tif,81,0.1,0.0666666666666667,1.4,11117.866704458,11118.653641125,13,11117.966566666,11118.032877791,11118.672642541,11120.066008416,1,0.786936667000191
225,44,13,categorization,0,bedroom,SHINEd_bedroom_120.tif,58,0.1,0.0666666666666667,1.45,11120.084173708,11120.8764895,9,11120.184850291,11120.250404458,11120.888326583,11122.331713541,1,0.792315791999499
225,45,13,categorization,0,bedroom,SHINEd_bedroom_118.tif,56,0.1,0.0666666666666667,1.91666666666667,11122.350247541,11123.06231775,9,11122.450047833,11122.517194458,11123.090853166,11125.000908208,1,0.712070208999648
225,46,13,categorization,0,bedroom,SHINEd_bedroom_029.tif,22,0.1,0.0666666666666667,0.8,11125.018314958,11125.685900958,9,11125.118218041,11125.184994125,11125.708451625,11126.50178925,1,0.667585999999574
225,47,13,categorization,0,livingroom,SHINEd_livingroom_001.tif,61,0.1,0.0666666666666667,1.81666666666667,11126.507707,11127.200575125,9,11126.602821083,11126.663733291,11127.215614,11129.025648833,0,0.692868124999222
225,48,13,categorization,0,livingroom,SHINEd_livingroom_008.tif,67,0.1,0.0666666666666667,1.85,11129.044626875,11130.162662458,13,11129.144535208,11129.210542125,11130.183971833,11132.027359833,1,1.11803558300016
225,49,13,categorization,0,bedroom,SHINEd_bedroom_062.tif,36,0.1,0.0666666666666667,1,11132.045093166,11132.8337915,9,11132.144893166,11132.21126625,11132.849946541,11133.843283416,1,0.788698333999491
225,50,13,categorization,0,bedroom,SHINEd_bedroom_045.tif,29,0.1,0.0666666666666667,1.91666666666667,11133.849103041,11134.6809225,9,11133.9441465,11134.005140625,11134.690305083,11136.600354583,1,0.831819458999234
225,1,14,categorization,0,bedroom,SHINEd_bedroom_020.tif,19,0.1,0.0666666666666667,1.61666666666667,11173.116208416,11174.088103791,9,11173.212120541,11173.272379708,11174.10769975,11175.717758625,1,0.971895374999804
225,2,14,categorization,0,livingroom,SHINEd_livingroom_003.tif,62,0.1,0.0666666666666667,1.1,11175.735323708,11176.580131708,13,11175.83572525,11175.901818458,11176.608347791,11177.701718541,1,0.84480799999983
225,3,14,categorization,0,livingroom,SHINEd_livingroom_028.tif,80,0.1,0.0666666666666667,1.9,11177.711208125,11178.536473291,13,11177.809136875,11177.877258541,11178.54940375,11180.442792166,1,0.825265166000463
225,4,14,categorization,0,bedroom,SHINEd_bedroom_016.tif,17,0.1,0.0666666666666667,1.18333333333333,11180.462850916,11181.172614958,9,11180.56267875,11180.629332666,11181.202203625,11182.378919041,1,0.709764042001552
225,5,14,categorization,0,bedroom,SHINEd_bedroom_098.tif,50,0.1,0.0666666666666667,0.85,11182.389775208,11183.001362333,9,11182.489857958,11182.555870541,11183.029352166,11183.872734208,1,0.611587125000369
225,6,14,categorization,0,livingroom,SHINEd_livingroom_032.tif,84,0.1,0.0666666666666667,1.38333333333333,11183.889497666,11184.520509583,9,11183.989506666,11184.055744458,11184.524825875,11185.9015325,0,0.63101191700116
225,7,14,categorization,0,bedroom,SHINEd_bedroom_097.tif,49,0.1,0.0666666666666667,0.833333333333333,11185.91932325,11186.554872333,9,11186.019305666,11186.085886583,11186.575424791,11187.40212375,1,0.635549082999205
225,8,14,categorization,0,bedroom,SHINEd_bedroom_042.tif,28,0.1,0.0666666666666667,1.33333333333333,11187.418142166,11188.152175833,9,11187.518243666,11187.584319416,11188.169868166,11189.496585916,1,0.734033667000404
225,9,14,categorization,0,bedroom,SHINEd_bedroom_125.tif,59,0.1,0.0666666666666667,1.48333333333333,11189.508241416,11190.235365791,13,11189.608530625,11189.674814291,11190.264429916,11191.74113875,0,0.72712437500013
225,10,14,categorization,0,bedroom,SHINEd_bedroom_032.tif,24,0.1,0.0666666666666667,0.783333333333333,11191.758778166,11192.528417541,9,11191.860309041,11191.924616041,11192.547474916,11193.324180833,1,0.769639374999315
225,11,14,categorization,0,bedroom,SHINEd_bedroom_090.tif,47,0.1,0.0666666666666667,1.23333333333333,11193.340050166,11194.056004083,13,11193.436075208,11193.496309083,11194.064789583,11195.291497041,0,0.715953917000661
225,12,14,categorization,0,livingroom,SHINEd_livingroom_043.tif,88,0.1,0.0666666666666667,1.56666666666667,11195.309687291,11196.010585375,13,11195.409861916,11195.476092291,11196.032643041,11197.592691083,1,0.700898084000073
225,13,14,categorization,0,livingroom,SHINEd_livingroom_047.tif,90,0.1,0.0666666666666667,1.88333333333333,11197.612640791,11198.468894416,13,11197.712460333,11197.778749958,11198.48444425,11200.361157666,1,0.856253625001045
225,14,14,categorization,0,livingroom,SHINEd_livingroom_072.tif,101,0.1,0.0666666666666667,1.2,11200.379486125,11201.188728958,13,11200.47973725,11200.545960041,11201.201118375,11202.39450675,1,0.809242833000098
225,15,14,categorization,0,bedroom,SHINEd_bedroom_114.tif,54,0.1,0.0666666666666667,1.86666666666667,11202.406009125,11203.057168125,13,11202.506085083,11202.572032375,11203.078764083,11204.938804875,0,0.651159000000916
225,16,14,categorization,0,livingroom,SHINEd_livingroom_036.tif,85,0.1,0.0666666666666667,1.63333333333333,11204.957156958,11205.76976175,13,11205.057061166,11205.123210666,11205.796480625,11207.423180166,1,0.812604791999547
225,17,14,categorization,0,bedroom,SHINEd_bedroom_086.tif,45,0.1,0.0666666666666667,0.716666666666667,11207.437336625,11208.103710958,9,11207.537177291,11207.603450041,11208.126667666,11208.836703583,1,0.666374332999112
225,18,14,categorization,0,livingroom,SHINEd_livingroom_088.tif,106,0.1,0.0666666666666667,0.733333333333333,11208.845927833,11209.567833583,9,11208.941529083,11209.002006833,11209.587282625,11210.3139555,0,0.721905750000587
225,19,14,categorization,0,bedroom,SHINEd_bedroom_080.tif,43,0.1,0.0666666666666667,1.33333333333333,11210.319587291,11210.999734166,9,11210.414648791,11210.475638875,11211.010714916,11212.337438416,1,0.680146874999991
225,20,14,categorization,0,livingroom,SHINEd_livingroom_037.tif,86,0.1,0.0666666666666667,1.6,11212.351983625,11213.113490791,13,11212.4509855,11212.517841958,11213.140758166,11214.734123166,1,0.761507166000229
225,21,14,categorization,0,livingroom,SHINEd_livingroom_081.tif,103,0.1,0.0666666666666667,0.716666666666667,11214.749153208,11215.506248125,13,11214.847536,11214.913052625,11215.517855958,11216.227862208,1,0.757094917000359
225,22,14,categorization,0,livingroom,SHINEd_livingroom_005.tif,64,0.1,0.0666666666666667,0.85,11216.233771083,11216.976214208,13,11216.329114166,11216.389746625,11216.991587708,11217.834925708,1,0.742443125000136
225,23,14,categorization,0,livingroom,SHINEd_livingroom_025.tif,79,0.1,0.0666666666666667,0.866666666666667,11217.840420666,11218.576175375,13,11217.935508291,11217.996473875,11218.58167225,11219.441676541,1,0.735754708999593
225,24,14,categorization,0,livingroom,SHINEd_livingroom_019.tif,74,0.1,0.0666666666666667,1.31666666666667,11219.448332583,11220.176531291,13,11219.543427125,11219.604321666,11220.189462375,11221.49949725,1,0.728198707998672
225,25,14,categorization,0,bedroom,SHINEd_bedroom_012.tif,15,0.1,0.0666666666666667,0.916666666666667,11221.5163325,11222.218397083,9,11221.616986541,11221.682901041,11222.239349041,11223.149386458,1,0.70206458299981
225,26,14,categorization,0,livingroom,SHINEd_livingroom_013.tif,70,0.1,0.0666666666666667,1.01666666666667,11223.166286416,11223.936106416,13,11223.262013041,11223.322328625,11223.940815833,11224.950852166,1,0.769819999999527
225,27,14,categorization,0,livingroom,SHINEd_livingroom_089.tif,107,0.1,0.0666666666666667,0.95,11224.959052666,11225.648625833,13,11225.056847,11225.121972958,11225.677058791,11226.620430333,1,0.689573167001072
225,28,14,categorization,0,livingroom,SHINEd_livingroom_039.tif,87,0.1,0.0666666666666667,1.13333333333333,11226.635938375,11227.360196708,13,11226.735683708,11226.800403791,11227.368942625,11228.495651083,1,0.724258332998943
225,29,14,categorization,0,livingroom,SHINEd_livingroom_022.tif,76,0.1,0.0666666666666667,1.86666666666667,11228.504383625,11229.202308291,13,11228.6041975,11228.667745333,11229.224060541,11231.084114291,1,0.697924665999381
225,30,14,categorization,0,livingroom,SHINEd_livingroom_060.tif,99,0.1,0.0666666666666667,0.733333333333333,11231.101313208,11231.874580583,13,11231.201203291,11231.267384916,11231.889509458,11232.616180333,1,0.773267374999705
225,31,14,categorization,0,bedroom,SHINEd_bedroom_030.tif,23,0.1,0.0666666666666667,1.16666666666667,11232.621854541,11233.592488666,13,11232.717029291,11232.7778915,11233.596545625,11234.756592958,0,0.970634125000288
225,32,14,categorization,0,livingroom,SHINEd_livingroom_018.tif,73,0.1,0.0666666666666667,1.78333333333333,11234.766648833,11235.533410833,9,11234.864803291,11234.933072291,11235.556150208,11237.332848291,0,0.766762000001108
225,33,14,categorization,0,livingroom,SHINEd_livingroom_006.tif,65,0.1,0.0666666666666667,1.23333333333333,11237.350448541,11238.044408583,13,11237.450635083,11237.516671041,11238.073152291,11239.299869041,1,0.693960042000981
225,34,14,categorization,0,livingroom,SHINEd_livingroom_054.tif,95,0.1,0.0666666666666667,1.1,11239.317189,11240.0040775,13,11239.417293,11239.483070583,11240.02265425,11241.116038583,1,0.68688850000035
225,35,14,categorization,0,livingroom,SHINEd_livingroom_007.tif,66,0.1,0.0666666666666667,1.21666666666667,11241.133090583,11241.832245,13,11241.229312666,11241.289300166,11241.841113958,11243.0511595,1,0.69915441699959
225,36,14,categorization,0,bedroom,SHINEd_bedroom_025.tif,21,0.1,0.0666666666666667,1.68333333333333,11243.065564708,11243.781960541,13,11243.165781958,11243.231743833,11243.804885916,11245.481596166,0,0.716395833000206
225,37,14,categorization,0,bedroom,SHINEd_bedroom_068.tif,38,0.1,0.0666666666666667,1.03333333333333,11245.4997945,11246.309210958,9,11245.600023625,11245.66569675,11246.338899625,11247.365618333,1,0.80941645799976
225,38,14,categorization,0,bedroom,SHINEd_bedroom_106.tif,52,0.1,0.0666666666666667,1.4,11247.377948291,11248.203166041,9,11247.47623125,11247.541743416,11248.231738708,11249.625126583,1,0.825217749999865
225,39,14,categorization,0,bedroom,SHINEd_bedroom_010.tif,13,0.1,0.0666666666666667,1.21666666666667,11249.640695416,11250.339794291,9,11249.740758333,11249.806992,11250.363919166,11251.573976375,1,0.699098875000345
225,40,14,categorization,0,bedroom,SHINEd_bedroom_039.tif,26,0.1,0.0666666666666667,0.85,11251.58537925,11252.366104291,9,11251.685232583,11251.751666833,11252.391408833,11253.234779166,1,0.780725041000551
225,41,14,categorization,0,bedroom,SHINEd_bedroom_079.tif,42,0.1,0.0666666666666667,1.08333333333333,11253.250803375,11254.0160705,9,11253.351165041,11253.416875875,11254.035445958,11255.112146458,1,0.765267124999809
225,42,14,categorization,0,livingroom,SHINEd_livingroom_004.tif,63,0.1,0.0666666666666667,1.96666666666667,11255.120975458,11255.782039041,13,11255.219141583,11255.286933708,11255.810213083,11257.77024525,1,0.661063583000214
225,43,14,categorization,0,livingroom,SHINEd_livingroom_014.tif,71,0.1,0.0666666666666667,0.783333333333333,11257.787885416,11258.60952075,13,11257.88776075,11257.954380708,11258.626963041,11259.40363525,1,0.821635333999438
225,44,14,categorization,0,bedroom,SHINEd_bedroom_126.tif,60,0.1,0.0666666666666667,0.733333333333333,11259.4095465,11260.192260625,13,11259.504599583,11259.565627583,11260.200732916,11260.927403333,0,0.782714124999984
225,45,14,categorization,0,bedroom,SHINEd_bedroom_018.tif,18,0.1,0.0666666666666667,1.93333333333333,11260.932225,11261.631938583,9,11261.027398625,11261.088538,11261.640255875,11263.566972125,1,0.699713582998811
225,46,14,categorization,0,livingroom,SHINEd_livingroom_092.tif,109,0.1,0.0666666666666667,1.31666666666667,11263.584027166,11264.538693041,13,11263.683829666,11263.750151458,11264.555948458,11265.866001208,1,0.954665875000501
225,47,14,categorization,0,livingroom,SHINEd_livingroom_020.tif,75,0.1,0.0666666666666667,1.61666666666667,11265.883198375,11266.605047833,13,11265.983252291,11266.049436666,11266.621774375,11268.231818875,1,0.721849457999269
225,48,14,categorization,0,bedroom,SHINEd_bedroom_009.tif,12,0.1,0.0666666666666667,0.783333333333333,11268.25002925,11269.103717083,13,11268.350138541,11268.416043458,11269.122842583,11269.899513166,0,0.85368783299964
225,49,14,categorization,0,bedroom,SHINEd_bedroom_052.tif,34,0.1,0.0666666666666667,0.816666666666667,11269.905231333,11270.639382208,13,11270.000401083,11270.061275708,11270.646254333,11271.456258416,0,0.734150875001433
225,50,14,categorization,0,bedroom,SHINEd_bedroom_008.tif,11,0.1,0.0666666666666667,1.2,11271.46207975,11272.176433958,9,11271.557184416,11271.61808775,11272.186567125,11273.379941083,1,0.714354208001168
225,1,15,categorization,0,bedroom,SHINEd_bedroom_116.tif,55,0.1,0.0666666666666667,1.86666666666667,11368.991381583,11370.167261583,13,11369.087259208,11369.147682208,11370.182814916,11372.04285825,0,1.17587999999887
225,2,15,categorization,0,livingroom,SHINEd_livingroom_022.tif,76,0.1,0.0666666666666667,0.766666666666667,11372.059694458,11372.820001458,13,11372.160774875,11372.2260915,11372.847999375,11373.608002916,1,0.760307000000466
225,3,15,categorization,0,bedroom,SHINEd_bedroom_086.tif,45,0.1,0.0666666666666667,1.91666666666667,11373.614122291,11374.375812833,9,11373.709459166,11373.770141666,11374.388805541,11376.298858416,1,0.761690541999997
225,4,15,categorization,0,livingroom,SHINEd_livingroom_029.tif,81,0.1,0.0666666666666667,1.76666666666667,11376.316296083,11377.106941458,13,11376.415682041,11376.482829291,11377.12212125,11378.882173208,1,0.790645375000167
225,5,15,categorization,0,livingroom,SHINEd_livingroom_030.tif,82,0.1,0.0666666666666667,1.18333333333333,11378.893641416,11379.565472541,9,11378.993499125,11379.05947725,11379.582273,11380.7589805,0,0.671831125000608
225,6,15,categorization,0,livingroom,SHINEd_livingroom_019.tif,74,0.1,0.0666666666666667,1.6,11380.769307833,11381.515658333,13,11380.867436333,11380.935507125,11381.541902291,11383.135278708,1,0.746350500001427
225,7,15,categorization,0,livingroom,SHINEd_livingroom_089.tif,107,0.1,0.0666666666666667,0.95,11383.152782833,11383.884654458,9,11383.252694041,11383.318907833,11383.90885725,11384.852195791,0,0.731871624999258
225,8,15,categorization,0,bedroom,SHINEd_bedroom_085.tif,44,0.1,0.0666666666666667,1.48333333333333,11384.857210208,11385.671698208,9,11384.9527235,11385.0132445,11385.681662,11387.158386791,1,0.814487999999983
225,9,15,categorization,0,bedroom,SHINEd_bedroom_048.tif,32,0.1,0.0666666666666667,1.16666666666667,11387.174876333,11387.952476291,9,11387.274472208,11387.340670416,11387.980347416,11389.140402333,1,0.777599958000792
225,10,15,categorization,0,livingroom,SHINEd_livingroom_001.tif,61,0.1,0.0666666666666667,1.05,11389.149695458,11390.626482791,13,11389.249471375,11389.31580025,11390.657465375,11391.700841625,1,1.47678733300017
225,11,15,categorization,0,bedroom,SHINEd_bedroom_068.tif,38,0.1,0.0666666666666667,1.18333333333333,11391.715275583,11392.5554325,9,11391.813226833,11391.879028791,11392.585839541,11393.7625585,1,0.840156917000058
225,12,15,categorization,0,livingroom,SHINEd_livingroom_090.tif,108,0.1,0.0666666666666667,1.95,11393.773629875,11394.636258125,13,11393.872540416,11393.939536875,11394.662713583,11396.606080791,1,0.862628249999034
225,13,15,categorization,0,bedroom,SHINEd_bedroom_098.tif,50,0.1,0.0666666666666667,1.51666666666667,11396.6249335,11397.327207041,9,11396.724643291,11396.791174291,11397.347754458,11398.857788958,1,0.702273541000977
225,14,15,categorization,0,livingroom,SHINEd_livingroom_039.tif,87,0.1,0.0666666666666667,1.3,11398.867982041,11399.594815416,13,11398.967727208,11399.034191,11399.62405075,11400.917437875,1,0.726833374999842
225,15,15,categorization,0,livingroom,SHINEd_livingroom_059.tif,98,0.1,0.0666666666666667,1.36666666666667,11400.935009916,11401.807108416,9,11401.035098041,11401.101098666,11401.82359175,11403.183643833,0,0.872098499999993
225,16,15,categorization,0,livingroom,SHINEd_livingroom_020.tif,75,0.1,0.0666666666666667,1.71666666666667,11403.198914375,11404.058963208,9,11403.298805958,11403.364927583,11404.087899583,11405.797945708,0,0.860048832999382
225,17,15,categorization,0,livingroom,SHINEd_livingroom_052.tif,94,0.1,0.0666666666666667,1.68333333333333,11405.815852333,11406.633935791,9,11405.915832791,11405.982465,11406.656125666,11408.332844291,0,0.818083457999819
225,18,15,categorization,0,livingroom,SHINEd_livingroom_025.tif,79,0.1,0.0666666666666667,0.9,11408.349966041,11409.183100958,9,11408.450188041,11408.515960875,11409.206079708,11410.099416875,0,0.83313491700028
225,19,15,categorization,0,bedroom,SHINEd_bedroom_045.tif,29,0.1,0.0666666666666667,1.11666666666667,11410.104590333,11410.872018958,13,11410.199701,11410.260659583,11410.879212583,11411.989267958,0,0.767428625000321
225,20,15,categorization,0,bedroom,SHINEd_bedroom_079.tif,42,0.1,0.0666666666666667,1.93333333333333,11411.998362875,11412.796388875,13,11412.09755925,11412.164497708,11412.819791625,11414.746516208,0,0.798026000000391
225,21,15,categorization,0,bedroom,SHINEd_bedroom_018.tif,18,0.1,0.0666666666666667,0.9,11414.766471458,11415.457893291,9,11414.864885916,11414.932651875,11415.471440583,11416.364778041,1,0.691421833000277
225,22,15,categorization,0,livingroom,SHINEd_livingroom_057.tif,97,0.1,0.0666666666666667,1.28333333333333,11416.370743541,11417.15134,9,11416.465670666,11416.526874375,11417.162105583,11418.438805875,0,0.780596459000662
225,23,15,categorization,0,livingroom,SHINEd_livingroom_005.tif,64,0.1,0.0666666666666667,1.01666666666667,11418.456641708,11419.223292791,9,11418.556503458,11418.623109083,11419.246244791,11420.256287291,0,0.766651083000397
225,24,15,categorization,0,livingroom,SHINEd_livingroom_037.tif,86,0.1,0.0666666666666667,1.26666666666667,11420.264441958,11421.031656583,13,11420.360337416,11420.420504333,11421.038842208,11422.298882541,1,0.767214625000634
225,25,15,categorization,0,livingroom,SHINEd_livingroom_013.tif,70,0.1,0.0666666666666667,0.933333333333333,11422.31571375,11423.211355291,13,11422.415683458,11422.481782833,11423.238207833,11424.164912666,1,0.89564154099935
225,26,15,categorization,0,bedroom,SHINEd_bedroom_067.tif,37,0.1,0.0666666666666667,0.95,11424.172209958,11425.0157825,9,11424.2673515,11424.3281995,11425.030142583,11425.973480541,1,0.843572542000402
225,27,15,categorization,0,bedroom,SHINEd_bedroom_106.tif,52,0.1,0.0666666666666667,0.983333333333333,11425.981404833,11426.703091958,9,11426.076607916,11426.137375166,11426.722596208,11427.699267541,1,0.721687124998425
225,28,15,categorization,0,bedroom,SHINEd_bedroom_020.tif,19,0.1,0.0666666666666667,1.18333333333333,11427.704932458,11428.375884541,9,11427.7999825,11427.860870708,11428.379640458,11429.55635225,1,0.670952082999065
225,29,15,categorization,0,livingroom,SHINEd_livingroom_008.tif,67,0.1,0.0666666666666667,1.33333333333333,11429.565848791,11430.3033855,9,11429.665754875,11429.731758208,11430.321533416,11431.648256708,0,0.73753670899896
225,30,15,categorization,0,bedroom,SHINEd_bedroom_011.tif,14,0.1,0.0666666666666667,1.11666666666667,11431.666244291,11432.322695791,9,11431.766153083,11431.832142916,11432.337874625,11433.447927875,1,0.656451499999093
225,31,15,categorization,0,bedroom,SHINEd_bedroom_009.tif,12,0.1,0.0666666666666667,0.85,11433.465841708,11434.271292791,9,11433.56555925,11433.624235791,11434.276114083,11435.119452916,1,0.805451082998843
225,32,15,categorization,0,bedroom,SHINEd_bedroom_075.tif,41,0.1,0.0666666666666667,0.733333333333333,11435.125131375,11435.95109525,13,11435.220217416,11435.281301958,11435.966230083,11436.69290025,0,0.825963875000525
225,33,15,categorization,0,bedroom,SHINEd_bedroom_025.tif,21,0.1,0.0666666666666667,1.31666666666667,11436.698491541,11437.527200583,9,11436.793408291,11436.854590625,11437.539723875,11438.849762416,1,0.8287090419999
225,34,15,categorization,0,bedroom,SHINEd_bedroom_119.tif,57,0.1,0.0666666666666667,0.916666666666667,11438.85920175,11439.572071833,9,11438.959029833,11439.025271,11439.598107958,11440.50813225,1,0.712870082999871
225,35,15,categorization,0,bedroom,SHINEd_bedroom_120.tif,58,0.1,0.0666666666666667,1.03333333333333,11440.516829541,11441.535909458,9,11440.616797416,11440.675605833,11441.544177791,11442.570902166,1,1.01907991699954
225,36,15,categorization,0,bedroom,SHINEd_bedroom_062.tif,36,0.1,0.0666666666666667,0.716666666666667,11442.582647916,11443.438688125,13,11442.680927625,11442.747551375,11443.453113458,11444.163149166,0,0.85604020899882
225,37,15,categorization,0,livingroom,SHINEd_livingroom_003.tif,62,0.1,0.0666666666666667,1.66666666666667,11444.179979125,11444.983760583,9,11444.280114833,11444.346411916,11444.99834875,11446.658402708,0,0.80378145800023
225,38,15,categorization,0,livingroom,SHINEd_livingroom_048.tif,91,0.1,0.0666666666666667,1.85,11446.674974666,11447.474393208,13,11446.774690125,11446.835785583,11447.491937333,11449.335328666,1,0.79941854199933
225,39,15,categorization,0,bedroom,SHINEd_bedroom_039.tif,26,0.1,0.0666666666666667,1.46666666666667,11449.351638875,11450.076872916,9,11449.451600958,11449.517722458,11450.089699541,11451.549739958,1,0.725234041001386
225,40,15,categorization,0,bedroom,SHINEd_bedroom_118.tif,56,0.1,0.0666666666666667,1.28333333333333,11451.568070333,11452.321717083,9,11451.667780583,11451.733993916,11452.339943916,11453.616655041,1,0.753646749999461
225,41,15,categorization,0,livingroom,SHINEd_livingroom_010.tif,68,0.1,0.0666666666666667,1.13333333333333,11453.630992375,11454.427504916,9,11453.731161458,11453.796865375,11454.453504916,11455.58022075,0,0.796512541000993
225,42,15,categorization,0,bedroom,SHINEd_bedroom_099.tif,51,0.1,0.0666666666666667,1.51666666666667,11455.590289541,11456.351966791,9,11455.690173291,11455.756299666,11456.3792905,11457.889344833,1,0.761677250000503
225,43,15,categorization,0,bedroom,SHINEd_bedroom_030.tif,23,0.1,0.0666666666666667,0.983333333333333,11457.908179416,11458.732779875,9,11458.0083065,11458.074322375,11458.746507708,11459.723179833,1,0.824600459000067
225,44,15,categorization,0,livingroom,SHINEd_livingroom_006.tif,65,0.1,0.0666666666666667,1,11459.731069583,11460.551948833,13,11459.826225,11459.887120666,11460.555559083,11461.548896958,1,0.820879249999052
225,45,15,categorization,0,livingroom,SHINEd_livingroom_088.tif,106,0.1,0.0666666666666667,1.11666666666667,11461.554677791,11462.3753035,13,11461.649665666,11461.710730208,11462.379196,11463.4892445,1,0.820625709000524
225,46,15,categorization,0,bedroom,SHINEd_bedroom_074.tif,40,0.1,0.0666666666666667,0.916666666666667,11463.49983375,11464.211979166,9,11463.600076791,11463.666007833,11464.238741083,11465.148800083,1,0.712145416000567
225,47,15,categorization,0,livingroom,SHINEd_livingroom_024.tif,78,0.1,0.0666666666666667,1.13333333333333,11465.1655,11465.959437458,13,11465.265368958,11465.331308708,11465.966766125,11467.093488,1,0.793937458000073
225,48,15,categorization,0,bedroom,SHINEd_bedroom_032.tif,24,0.1,0.0666666666666667,1.35,11467.102112,11467.909234375,9,11467.202346833,11467.268245125,11467.924093625,11469.267466708,1,0.807122374999381
225,49,15,categorization,0,bedroom,SHINEd_bedroom_052.tif,34,0.1,0.0666666666666667,0.883333333333333,11469.285490791,11470.020641083,9,11469.385548458,11469.451675875,11470.041454291,11470.918171416,1,0.735150291999162
225,50,15,categorization,0,livingroom,SHINEd_livingroom_004.tif,63,0.1,0.0666666666666667,1.98333333333333,11470.934377791,11471.6869895,9,11471.034493458,11471.100740916,11471.703190541,11473.679903,0,0.752611709000121
225,1,16,categorization,0,livingroom,SHINEd_livingroom_049.tif,92,0.1,0.0666666666666667,1.7,11513.675398208,11514.887249041,9,11513.771293625,11513.831767458,11514.900177458,11516.593557125,0,1.21185083299861
225,2,16,categorization,0,livingroom,SHINEd_livingroom_050.tif,93,0.1,0.0666666666666667,1.2,11516.609894958,11517.377380833,13,11516.711014916,11516.775750083,11517.398829916,11518.592187208,1,0.767485875001512
225,3,16,categorization,0,livingroom,SHINEd_livingroom_073.tif,102,0.1,0.0666666666666667,0.866666666666667,11518.604270125,11519.318599,13,11518.704555458,11518.770182833,11519.343593083,11520.203624875,1,0.71432887499941
225,4,16,categorization,0,livingroom,SHINEd_livingroom_081.tif,103,0.1,0.0666666666666667,1.68333333333333,11520.219274708,11520.958992208,13,11520.318408416,11520.385740291,11520.970874791,11522.647585666,1,0.739717499998733
225,5,16,categorization,0,livingroom,SHINEd_livingroom_055.tif,96,0.1,0.0666666666666667,0.966666666666667,11522.665265583,11523.668949208,13,11522.765148541,11522.827074875,11523.682544416,11524.642549,1,1.00368362500012
225,6,16,categorization,0,bedroom,SHINEd_bedroom_056.tif,35,0.1,0.0666666666666667,1.11666666666667,11524.648090916,11525.383617541,13,11524.74314175,11524.804262875,11525.389392875,11526.499433541,0,0.735526624999693
225,7,16,categorization,0,livingroom,SHINEd_livingroom_047.tif,90,0.1,0.0666666666666667,1.66666666666667,11526.510258625,11527.222829916,13,11526.609990833,11526.67602725,11527.249444916,11528.909479125,1,0.712571291000131
225,8,16,categorization,0,livingroom,SHINEd_livingroom_62.tif,110,0.1,0.0666666666666667,1.83333333333333,11528.925257083,11529.810350166,13,11529.025143458,11529.091310541,11529.83125825,11531.65795725,1,0.885093083001266
225,9,16,categorization,0,bedroom,SHINEd_bedroom_089.tif,46,0.1,0.0666666666666667,0.95,11531.676116875,11532.744233333,13,11531.775872583,11531.842289083,11532.765352333,11533.708691625,0,1.06811645800008
225,10,16,categorization,0,livingroom,SHINEd_livingroom_083.tif,104,0.1,0.0666666666666667,1.53333333333333,11533.714661583,11534.583001333,13,11533.809637416,11533.870633041,11534.5891315,11536.11585125,1,0.868339749998995
225,11,16,categorization,0,bedroom,SHINEd_bedroom_042.tif,28,0.1,0.0666666666666667,0.966666666666667,11536.133712041,11536.914406541,9,11536.233972,11536.300172291,11536.940782625,11537.900787791,1,0.780694499999299
225,12,16,categorization,0,livingroom,SHINEd_livingroom_072.tif,101,0.1,0.0666666666666667,1.23333333333333,11537.906740958,11538.71892,13,11538.001912375,11538.062790583,11538.731308583,11539.958028375,1,0.812179041999116
225,13,16,categorization,0,livingroom,SHINEd_livingroom_043.tif,88,0.1,0.0666666666666667,0.916666666666667,11539.975876583,11540.663614375,13,11540.075762125,11540.142184708,11540.681757875,11541.591795666,1,0.687737792000917
225,14,16,categorization,0,bedroom,SHINEd_bedroom_097.tif,49,0.1,0.0666666666666667,1.06666666666667,11541.607902375,11542.367026333,9,11541.70797525,11541.768359125,11542.370047041,11543.430082,1,0.759123957999691
225,15,16,categorization,0,livingroom,SHINEd_livingroom_018.tif,73,0.1,0.0666666666666667,1.16666666666667,11543.441885583,11544.247645791,13,11543.53993525,11543.608190375,11544.264086125,11545.4241195,1,0.805760207998901
225,16,16,categorization,0,livingroom,SHINEd_livingroom_068.tif,100,0.1,0.0666666666666667,1.95,11545.434870333,11546.1384965,13,11545.534628416,11545.600797833,11546.156952541,11548.100333625,1,0.703626167000039
225,17,16,categorization,0,bedroom,SHINEd_bedroom_047.tif,31,0.1,0.0666666666666667,0.833333333333333,11548.114264833,11549.071988875,13,11548.214691041,11548.280589125,11549.086197791,11549.912867958,0,0.957724042000336
225,18,16,categorization,0,bedroom,SHINEd_bedroom_069.tif,39,0.1,0.0666666666666667,1.6,11549.918736166,11550.6472775,13,11550.014233166,11550.074748791,11550.659786875,11552.253159083,0,0.728541333999601
225,19,16,categorization,0,livingroom,SHINEd_livingroom_031.tif,83,0.1,0.0666666666666667,1.9,11552.271564416,11552.982861416,13,11552.371770541,11552.437583375,11553.011183583,11554.904568708,1,0.711296999999831
225,20,16,categorization,0,livingroom,SHINEd_livingroom_092.tif,109,0.1,0.0666666666666667,0.95,11554.922981333,11555.774616208,13,11555.023083458,11555.089244375,11555.795784958,11556.739123166,1,0.851634874999945
225,21,16,categorization,0,bedroom,SHINEd_bedroom_046.tif,30,0.1,0.0666666666666667,0.933333333333333,11556.744863541,11557.455518583,13,11556.839871666,11556.900979833,11557.469606583,11558.396278333,0,0.710655041999416
225,22,16,categorization,0,bedroom,SHINEd_bedroom_023.tif,20,0.1,0.0666666666666667,0.866666666666667,11558.401974625,11559.263232166,9,11558.496980208,11558.5579685,11559.276496583,11560.136502041,1,0.861257541000668
225,23,16,categorization,0,bedroom,SHINEd_bedroom_126.tif,60,0.1,0.0666666666666667,1.65,11560.142085375,11561.199531,9,11560.237193375,11560.298172291,11561.216535333,11562.859916125,1,1.05744562499967
225,24,16,categorization,0,bedroom,SHINEd_bedroom_029.tif,22,0.1,0.0666666666666667,1.13333333333333,11562.86909275,11563.815087416,9,11562.969033708,11563.03514925,11563.841367916,11564.968084791,1,0.945994666000843
225,25,16,categorization,0,bedroom,SHINEd_bedroom_125.tif,59,0.1,0.0666666666666667,0.966666666666667,11564.978205125,11565.772315958,9,11565.077703375,11565.144588666,11565.800971666,11566.761013416,1,0.79411083299965
225,26,16,categorization,0,livingroom,SHINEd_livingroom_023.tif,77,0.1,0.0666666666666667,0.85,11566.777640333,11567.575047208,13,11566.8758555,11566.938353583,11567.590523916,11568.433862458,1,0.797406874999069
225,27,16,categorization,0,livingroom,SHINEd_livingroom_016.tif,72,0.1,0.0666666666666667,0.95,11568.4396315,11569.231262375,9,11568.534634708,11568.596114666,11569.2478805,11570.191219166,0,0.791630875000919
225,28,16,categorization,0,livingroom,SHINEd_livingroom_032.tif,84,0.1,0.0666666666666667,1.13333333333333,11570.196793291,11571.103098291,13,11570.291822625,11570.352777291,11571.121304375,11572.24802875,1,0.90630500000043
225,29,16,categorization,0,bedroom,SHINEd_bedroom_090.tif,47,0.1,0.0666666666666667,0.983333333333333,11572.25787125,11573.212498625,13,11572.357422583,11572.424482291,11573.230423291,11574.207136625,0,0.9546273750002
225,30,16,categorization,0,livingroom,SHINEd_livingroom_007.tif,66,0.1,0.0666666666666667,0.916666666666667,11574.22296375,11575.047618166,13,11574.31872625,11574.379015375,11575.064104875,11575.974110083,1,0.824654415999248
225,31,16,categorization,0,bedroom,SHINEd_bedroom_041.tif,27,0.1,0.0666666666666667,0.916666666666667,11575.980270833,11576.678540416,9,11576.075300833,11576.136231291,11576.687931,11577.597936041,1,0.698269582999274
225,32,16,categorization,0,bedroom,SHINEd_bedroom_008.tif,11,0.1,0.0666666666666667,0.916666666666667,11577.603398083,11578.231406375,9,11577.698620125,11577.759389583,11578.2446445,11579.15464875,1,0.628008292000231
225,33,16,categorization,0,bedroom,SHINEd_bedroom_012.tif,15,0.1,0.0666666666666667,1.13333333333333,11579.160250666,11579.95095275,9,11579.255337208,11579.316251041,11579.968018666,11581.094713916,1,0.790702083999349
225,34,16,categorization,0,bedroom,SHINEd_bedroom_036.tif,25,0.1,0.0666666666666667,1.38333333333333,11581.104057916,11581.711271041,9,11581.204210333,11581.270131208,11581.725230833,11583.101941291,1,0.607213125000271
225,35,16,categorization,0,bedroom,SHINEd_bedroom_010.tif,13,0.1,0.0666666666666667,1.36666666666667,11583.111839833,11583.787667166,9,11583.209922791,11583.277808875,11583.799302625,11585.159343458,1,0.675827332999688
225,36,16,categorization,0,livingroom,SHINEd_livingroom_046.tif,89,0.1,0.0666666666666667,0.933333333333333,11585.176827,11585.871046958,9,11585.272595833,11585.332839416,11585.884868541,11586.811541125,0,0.694219958000758
225,37,16,categorization,0,bedroom,SHINEd_bedroom_112.tif,53,0.1,0.0666666666666667,1.68333333333333,11586.8169255,11587.574692958,9,11586.912015666,11586.972932583,11587.591868375,11589.268576458,1,0.757767458000671
225,38,16,categorization,0,bedroom,SHINEd_bedroom_093.tif,48,0.1,0.0666666666666667,1.3,11589.285308291,11590.142655666,13,11589.384884458,11589.451745416,11590.157323291,11591.450690708,0,0.857347375000245
225,39,16,categorization,0,livingroom,SHINEd_livingroom_014.tif,71,0.1,0.0666666666666667,0.85,11591.467146041,11592.182692625,13,11591.566923791,11591.633646875,11592.207016375,11593.050392333,1,0.71554658399873
225,40,16,categorization,0,livingroom,SHINEd_livingroom_087.tif,105,0.1,0.0666666666666667,1,11593.066689333,11593.702861,13,11593.1656455,11593.232865583,11593.71827925,11594.711616458,1,0.636171666999871
225,41,16,categorization,0,livingroom,SHINEd_livingroom_028.tif,80,0.1,0.0666666666666667,1,11594.717278541,11595.463481083,9,11594.812241416,11594.873405416,11595.475168791,11596.468506625,0,0.746202541999082
225,42,16,categorization,0,livingroom,SHINEd_livingroom_036.tif,85,0.1,0.0666666666666667,1.13333333333333,11596.474199333,11597.151260125,13,11596.569148875,11596.630305083,11597.165483625,11598.292190208,1,0.677060791998883
225,43,16,categorization,0,bedroom,SHINEd_bedroom_114.tif,54,0.1,0.0666666666666667,1.06666666666667,11598.300710916,11598.977926041,9,11598.400706208,11598.466883708,11599.007246041,11600.067302125,1,0.677215124998838
225,44,16,categorization,0,bedroom,SHINEd_bedroom_014.tif,16,0.1,0.0666666666666667,1.51666666666667,11600.084648333,11600.90263525,9,11600.1848135,11600.250608833,11600.919205625,11602.429240875,1,0.817986916999871
225,45,16,categorization,0,bedroom,SHINEd_bedroom_016.tif,17,0.1,0.0666666666666667,0.75,11602.446235666,11603.158270083,9,11602.546638291,11602.612298291,11603.185159125,11603.928536083,1,0.712034416999813
225,46,16,categorization,0,livingroom,SHINEd_livingroom_060.tif,99,0.1,0.0666666666666667,1.21666666666667,11603.93583,11604.807055125,9,11604.031058875,11604.091889041,11604.810091875,11606.020135041,0,0.87122512499991
225,47,16,categorization,0,livingroom,SHINEd_livingroom_054.tif,95,0.1,0.0666666666666667,1.16666666666667,11606.038124916,11606.697825,13,11606.138375166,11606.203911625,11606.727152708,11607.88719525,1,0.659700083999269
225,48,16,categorization,0,bedroom,SHINEd_bedroom_080.tif,43,0.1,0.0666666666666667,1.08333333333333,11607.896842791,11608.590234791,9,11607.996967708,11608.063481875,11608.620396916,11609.6970965,1,0.693391999999221
225,49,16,categorization,0,livingroom,SHINEd_livingroom_012.tif,69,0.1,0.0666666666666667,0.9,11609.714770625,11610.342887333,13,11609.815131625,11609.88159325,11610.350196375,11611.243534041,1,0.628116707999652
225,50,16,categorization,0,bedroom,SHINEd_bedroom_051.tif,33,0.1,0.0666666666666667,1.85,11611.248959458,11612.015181375,9,11611.344040541,11611.404949583,11612.023341791,11613.866711208,1,0.766221916999712
225,1,17,categorization,0,bedroom,SHINEd_bedroom_098.tif,50,0.1,0.0666666666666667,0.966666666666667,11666.694044625,11667.503144833,9,11666.789809125,11666.850386125,11667.518852625,11668.478857041,1,0.809100208000018
225,2,17,categorization,0,livingroom,SHINEd_livingroom_092.tif,109,0.1,0.0666666666666667,1.33333333333333,11668.484601666,11669.119113625,13,11668.579698708,11668.640579791,11669.125592833,11670.452309416,1,0.63451195900052
225,3,17,categorization,0,bedroom,SHINEd_bedroom_106.tif,52,0.1,0.0666666666666667,1.11666666666667,11670.470966875,11671.071779083,9,11670.570661166,11670.636765375,11671.093154958,11672.203192833,1,0.600812208000207
225,4,17,categorization,0,livingroom,SHINEd_livingroom_025.tif,79,0.1,0.0666666666666667,0.883333333333333,11672.219130791,11672.896083541,13,11672.31879175,11672.384991875,11672.90597575,11673.782684375,1,0.676952750000055
225,5,17,categorization,0,livingroom,SHINEd_livingroom_032.tif,84,0.1,0.0666666666666667,1.08333333333333,11673.798283083,11674.527143916,9,11673.897940083,11673.96392475,11674.533025416,11675.609726958,0,0.728860832999999
225,6,17,categorization,0,bedroom,SHINEd_bedroom_010.tif,13,0.1,0.0666666666666667,1.21666666666667,11675.621048125,11676.192515333,9,11675.719007583,11675.787133833,11676.20974625,11677.419805291,1,0.571467207999376
225,7,17,categorization,0,livingroom,SHINEd_livingroom_019.tif,74,0.1,0.0666666666666667,1.78333333333333,11677.434024125,11678.078611875,9,11677.533932791,11677.599987458,11678.085665583,11679.862381791,0,0.644587750000937
225,8,17,categorization,0,bedroom,SHINEd_bedroom_068.tif,38,0.1,0.0666666666666667,1.68333333333333,11679.881401458,11680.519735333,9,11679.981208458,11680.047732041,11680.536990958,11682.213703791,1,0.638333875000171
225,9,17,categorization,0,bedroom,SHINEd_bedroom_118.tif,56,0.1,0.0666666666666667,1.5,11682.231562208,11682.855379125,9,11682.331843208,11682.397397583,11682.868388041,11684.361779125,1,0.623816916999203
225,10,17,categorization,0,livingroom,SHINEd_livingroom_036.tif,85,0.1,0.0666666666666667,1.13333333333333,11684.381540166,11685.086055458,13,11684.481458166,11684.547681,11685.1031545,11686.229877416,1,0.704515291999996
225,11,17,categorization,0,livingroom,SHINEd_livingroom_047.tif,90,0.1,0.0666666666666667,1.01666666666667,11686.240247958,11686.8738495,13,11686.340161041,11686.406179208,11686.894773166,11687.904814458,1,0.633601542000179
225,12,17,categorization,0,livingroom,SHINEd_livingroom_007.tif,66,0.1,0.0666666666666667,1.66666666666667,11687.921290208,11688.639273416,9,11688.021012,11688.0874945,11688.656025166,11690.316067958,0,0.717983208000078
225,13,17,categorization,0,livingroom,SHINEd_livingroom_008.tif,67,0.1,0.0666666666666667,1.06666666666667,11690.333546208,11691.22021175,9,11690.433544583,11690.49943775,11691.239027166,11692.299086041,0,0.886665542000628
225,14,17,categorization,0,bedroom,SHINEd_bedroom_036.tif,25,0.1,0.0666666666666667,1.88333333333333,11692.309003208,11692.985523291,9,11692.407083666,11692.47479925,11693.014131625,11694.890817416,1,0.676520082999559
225,15,17,categorization,0,bedroom,SHINEd_bedroom_012.tif,15,0.1,0.0666666666666667,0.883333333333333,11694.901794333,11695.596814416,13,11695.001697291,11695.067642458,11695.623927958,11696.500606958,0,0.69502008299969
225,16,17,categorization,0,bedroom,SHINEd_bedroom_119.tif,57,0.1,0.0666666666666667,1.13333333333333,11696.506822375,11697.199260333,9,11696.601937125,11696.662909166,11697.214621875,11698.34133425,1,0.692437957999573
225,17,17,categorization,0,bedroom,SHINEd_bedroom_090.tif,47,0.1,0.0666666666666667,0.933333333333333,11698.350074916,11698.925871,9,11698.449758458,11698.516551583,11698.938635875,11699.865335,1,0.575796084000103
225,18,17,categorization,0,livingroom,SHINEd_livingroom_083.tif,104,0.1,0.0666666666666667,1.15,11699.881412291,11700.526404833,9,11699.981124541,11700.047184916,11700.532303583,11701.675691375,0,0.644992541998363
225,19,17,categorization,0,livingroom,SHINEd_livingroom_018.tif,73,0.1,0.0666666666666667,1.08333333333333,11701.684976041,11702.518029208,13,11701.784630666,11701.850876791,11702.540576458,11703.617296,1,0.833053166999889
225,20,17,categorization,0,bedroom,SHINEd_bedroom_079.tif,42,0.1,0.0666666666666667,0.916666666666667,11703.626583875,11704.238196291,13,11703.726460416,11703.792520166,11704.265632416,11705.175674833,0,0.611612415999844
225,21,17,categorization,0,livingroom,SHINEd_livingroom_090.tif,108,0.1,0.0666666666666667,1.73333333333333,11705.192473625,11705.838780291,13,11705.291661458,11705.358631541,11705.8441635,11707.570871458,1,0.646306665999873
225,22,17,categorization,0,livingroom,SHINEd_livingroom_029.tif,81,0.1,0.0666666666666667,1.11666666666667,11707.589193625,11708.296083583,9,11707.688941,11707.755212916,11708.310576458,11709.420619666,0,0.706889958000829
225,23,17,categorization,0,bedroom,SHINEd_bedroom_032.tif,24,0.1,0.0666666666666667,1.86666666666667,11709.431273416,11710.19923025,9,11709.53017275,11709.597473458,11710.21968325,11712.079735041,1,0.76795683400087
225,24,17,categorization,0,livingroom,SHINEd_livingroom_013.tif,70,0.1,0.0666666666666667,1.08333333333333,11712.098289041,11712.8218365,13,11712.198194958,11712.264318083,11712.834918166,11713.91161775,1,0.723547458999747
225,25,17,categorization,0,livingroom,SHINEd_livingroom_016.tif,72,0.1,0.0666666666666667,0.766666666666667,11713.921970666,11714.6407805,9,11714.02005375,11714.088112583,11714.6609095,11715.420962041,0,0.71880983399933
225,26,17,categorization,0,bedroom,SHINEd_bedroom_008.tif,11,0.1,0.0666666666666667,0.833333333333333,11715.434209166,11716.0708285,9,11715.533987041,11715.600271666,11716.085743125,11716.912415333,1,0.636619333999988
225,27,17,categorization,0,livingroom,SHINEd_livingroom_054.tif,95,0.1,0.0666666666666667,0.766666666666667,11716.917272791,11717.622466666,9,11717.012423708,11717.073295125,11717.6419295,11718.401933458,0,0.705193874999168
225,28,17,categorization,0,bedroom,SHINEd_bedroom_046.tif,30,0.1,0.0666666666666667,1.36666666666667,11718.40706525,11719.126642208,9,11718.502218875,11718.56308525,11719.131559875,11720.491606333,1,0.719576958001198
225,29,17,categorization,0,livingroom,SHINEd_livingroom_62.tif,110,0.1,0.0666666666666667,1.06666666666667,11720.50911175,11721.238443291,9,11720.609006291,11720.675017416,11721.264975583,11722.3250215,0,0.729331541000647
225,30,17,categorization,0,bedroom,SHINEd_bedroom_051.tif,33,0.1,0.0666666666666667,0.75,11722.333731375,11723.168861708,13,11722.431547916,11722.499681541,11723.1889255,11723.932304125,0,0.835130333000052
225,31,17,categorization,0,livingroom,SHINEd_livingroom_087.tif,105,0.1,0.0666666666666667,1.33333333333333,11723.948235416,11724.534650666,13,11724.048452291,11724.113989166,11724.549383375,11725.876101875,1,0.586415249999845
225,32,17,categorization,0,bedroom,SHINEd_bedroom_025.tif,21,0.1,0.0666666666666667,0.966666666666667,11725.89301175,11726.622175875,9,11725.992676041,11726.058687791,11726.648641333,11727.608648041,1,0.729164124999443
225,33,17,categorization,0,bedroom,SHINEd_bedroom_030.tif,23,0.1,0.0666666666666667,1.11666666666667,11727.614604708,11728.254237833,9,11727.709689875,11727.7707045,11728.272497041,11729.382529416,1,0.639633124999818
225,34,17,categorization,0,livingroom,SHINEd_livingroom_068.tif,100,0.1,0.0666666666666667,1.61666666666667,11729.391401333,11730.012376958,13,11729.491216791,11729.557315541,11730.0302275,11731.640276541,1,0.620975625000938
225,35,17,categorization,0,livingroom,SHINEd_livingroom_012.tif,69,0.1,0.0666666666666667,1.93333333333333,11731.657088291,11732.328765916,13,11731.756864708,11731.823139291,11732.34555125,11734.272258416,1,0.671677624999575
225,36,17,categorization,0,bedroom,SHINEd_bedroom_014.tif,16,0.1,0.0666666666666667,1.36666666666667,11734.290554708,11734.993658708,9,11734.390077666,11734.456662666,11735.012790333,11736.372841333,1,0.703103999998348
225,37,17,categorization,0,livingroom,SHINEd_livingroom_031.tif,83,0.1,0.0666666666666667,1.98333333333333,11736.390306291,11737.11564225,13,11736.490971375,11736.556337583,11737.12847,11739.105191916,1,0.725335959001313
225,38,17,categorization,0,bedroom,SHINEd_bedroom_112.tif,53,0.1,0.0666666666666667,0.816666666666667,11739.120781916,11739.835906375,13,11739.220633375,11739.286868916,11739.859562708,11740.669567625,0,0.715124458998616
225,39,17,categorization,0,livingroom,SHINEd_livingroom_028.tif,80,0.1,0.0666666666666667,0.883333333333333,11740.675301208,11741.42276625,13,11740.770523375,11740.831328125,11741.433116,11742.309788541,1,0.747465041999021
225,40,17,categorization,0,livingroom,SHINEd_livingroom_088.tif,106,0.1,0.0666666666666667,1.51666666666667,11742.315361708,11743.006900916,9,11742.410517833,11742.471364375,11743.023158458,11744.533214708,0,0.691539207999085
225,41,17,categorization,0,livingroom,SHINEd_livingroom_089.tif,107,0.1,0.0666666666666667,1.1,11744.550200125,11745.399813333,9,11744.649966458,11744.716189583,11745.422926791,11746.51631525,0,0.849613207999937
225,42,17,categorization,0,livingroom,SHINEd_livingroom_006.tif,65,0.1,0.0666666666666667,1.56666666666667,11746.52596575,11747.321583,13,11746.624502666,11746.691916708,11747.348474375,11748.90850625,1,0.795617250001669
225,43,17,categorization,0,bedroom,SHINEd_bedroom_016.tif,17,0.1,0.0666666666666667,0.766666666666667,11748.927457958,11749.554819375,9,11749.027032958,11749.093407625,11749.583509541,11750.343544208,1,0.627361417000429
225,44,17,categorization,0,livingroom,SHINEd_livingroom_030.tif,82,0.1,0.0666666666666667,1.13333333333333,11750.360120291,11751.030600666,13,11750.460627708,11750.525574083,11751.044344958,11752.17106375,1,0.670480374999897
225,45,17,categorization,0,bedroom,SHINEd_bedroom_009.tif,12,0.1,0.0666666666666667,1.91666666666667,11752.180134208,11752.826215791,9,11752.280065375,11752.346039083,11752.850977916,11754.76103225,1,0.646081582999614
225,46,17,categorization,0,bedroom,SHINEd_bedroom_125.tif,59,0.1,0.0666666666666667,1.41666666666667,11754.781375625,11755.455660291,9,11754.880797208,11754.947994125,11755.47098375,11756.88103325,1,0.674284665999949
225,47,17,categorization,0,bedroom,SHINEd_bedroom_023.tif,20,0.1,0.0666666666666667,1.85,11756.894502458,11757.531835125,9,11756.995421208,11757.061187875,11757.55146875,11759.394847625,1,0.63733266700001
225,48,17,categorization,0,bedroom,SHINEd_bedroom_029.tif,22,0.1,0.0666666666666667,0.883333333333333,11759.414340083,11760.067073208,9,11759.514639208,11759.580941875,11760.088053708,11760.964725125,1,0.652733124999941
225,49,17,categorization,0,bedroom,SHINEd_bedroom_093.tif,48,0.1,0.0666666666666667,1.41666666666667,11760.970606166,11761.646550333,13,11761.065720541,11761.126721,11761.661962333,11763.072013083,0,0.675944167000125
225,50,17,categorization,0,livingroom,SHINEd_livingroom_057.tif,97,0.1,0.0666666666666667,0.716666666666667,11763.087501208,11763.836146458,13,11763.187506916,11763.253468541,11763.860055125,11764.570107125,1,0.748645249999754
225,1,18,categorization,0,livingroom,SHINEd_livingroom_052.tif,94,0.1,0.0666666666666667,1.01666666666667,11806.470595375,11807.29414825,13,11806.566655666,11806.626877791,11807.312084041,11808.322135875,1,0.823552874999223
225,2,18,categorization,0,livingroom,SHINEd_livingroom_001.tif,61,0.1,0.0666666666666667,0.916666666666667,11808.33347725,11808.975715583,13,11808.43186475,11808.497914458,11809.004443208,11809.914486875,1,0.642238332999113
225,3,18,categorization,0,bedroom,SHINEd_bedroom_075.tif,41,0.1,0.0666666666666667,0.983333333333333,11809.930787291,11810.566020833,13,11810.030803166,11810.096722708,11810.582445958,11811.559117333,0,0.635233541999696
225,4,18,categorization,0,bedroom,SHINEd_bedroom_018.tif,18,0.1,0.0666666666666667,1.68333333333333,11811.564985625,11812.22216,13,11811.660098333,11811.720982666,11812.239346833,11813.916055791,0,0.657174374999158
225,5,18,categorization,0,bedroom,SHINEd_bedroom_126.tif,60,0.1,0.0666666666666667,1,11813.934118291,11814.657992333,13,11814.034109208,11814.100884833,11814.673694333,11815.667033333,0,0.723874041999807
225,6,18,categorization,0,bedroom,SHINEd_bedroom_116.tif,55,0.1,0.0666666666666667,1.8,11815.672919541,11816.310658958,13,11815.768146583,11815.828990166,11816.3140795,11818.107465541,0,0.637739416999466
225,7,18,categorization,0,bedroom,SHINEd_bedroom_074.tif,40,0.1,0.0666666666666667,1.01666666666667,11818.125015166,11818.959086416,9,11818.224999083,11818.290933541,11818.980827333,11819.99083175,1,0.834071249999397
225,8,18,categorization,0,bedroom,SHINEd_bedroom_048.tif,32,0.1,0.0666666666666667,0.866666666666667,11819.996576041,11820.614613125,9,11820.091591458,11820.15264475,11820.621058375,11821.481063166,1,0.618037084001116
225,9,18,categorization,0,bedroom,SHINEd_bedroom_011.tif,14,0.1,0.0666666666666667,0.7,11821.486855166,11822.1424875,9,11821.581911416,11821.643012958,11822.161387791,11822.854724041,1,0.655632333999165
225,10,18,categorization,0,bedroom,SHINEd_bedroom_039.tif,26,0.1,0.0666666666666667,1.41666666666667,11822.859246041,11823.526394958,9,11822.954253666,11823.015322083,11823.533696583,11824.943754041,1,0.667148917000304
225,11,18,categorization,0,livingroom,SHINEd_livingroom_014.tif,71,0.1,0.0666666666666667,0.866666666666667,11824.962031166,11825.635553208,13,11825.061831166,11825.128466625,11825.650928583,11826.510971958,1,0.673522041999604
225,12,18,categorization,0,bedroom,SHINEd_bedroom_097.tif,49,0.1,0.0666666666666667,1.56666666666667,11826.527100083,11827.222044333,9,11826.623136458,11826.683682166,11827.235491833,11828.795538958,1,0.694944250000844
225,13,18,categorization,0,bedroom,SHINEd_bedroom_085.tif,44,0.1,0.0666666666666667,0.75,11828.8055175,11829.47756975,9,11828.903548541,11828.97144825,11829.493750958,11830.237137041,1,0.672052249999979
225,14,18,categorization,0,livingroom,SHINEd_livingroom_004.tif,63,0.1,0.0666666666666667,1.86666666666667,11830.253531583,11830.845884666,9,11830.349262708,11830.409540041,11830.861369916,11832.721418333,0,0.592353083000489
225,15,18,categorization,0,bedroom,SHINEd_bedroom_114.tif,54,0.1,0.0666666666666667,1.28333333333333,11832.736017166,11833.456891625,9,11832.834096375,11832.897618583,11833.469813875,11834.746515208,1,0.720874458998878
225,16,18,categorization,0,livingroom,SHINEd_livingroom_048.tif,91,0.1,0.0666666666666667,1.01666666666667,11834.764156708,11835.432309458,13,11834.862515458,11834.930118041,11835.452582291,11836.462641166,1,0.668152749998626
225,17,18,categorization,0,livingroom,SHINEd_livingroom_022.tif,76,0.1,0.0666666666666667,0.883333333333333,11836.478674916,11837.270732125,13,11836.574528208,11836.63485375,11837.286631541,11838.163302833,1,0.792057209000632
225,18,18,categorization,0,bedroom,SHINEd_bedroom_080.tif,43,0.1,0.0666666666666667,1.31666666666667,11838.168888416,11839.014139458,9,11838.263928291,11838.3248525,11839.026596125,11840.336632375,1,0.845251042001109
225,19,18,categorization,0,livingroom,SHINEd_livingroom_049.tif,92,0.1,0.0666666666666667,0.833333333333333,11840.3544635,11841.092037875,9,11840.454095291,11840.520545166,11841.109886375,11841.936586083,0,0.737574374999895
225,20,18,categorization,0,livingroom,SHINEd_livingroom_005.tif,64,0.1,0.0666666666666667,1.23333333333333,11841.952153083,11842.766689625,9,11842.051854416,11842.110531125,11842.779156083,11844.005871583,0,0.814536541998677
225,21,18,categorization,0,livingroom,SHINEd_livingroom_037.tif,86,0.1,0.0666666666666667,0.816666666666667,11844.02330725,11844.761498375,13,11844.122901791,11844.189568208,11844.778616333,11845.5886535,1,0.738191125001322
225,22,18,categorization,0,livingroom,SHINEd_livingroom_050.tif,93,0.1,0.0666666666666667,0.866666666666667,11845.602752083,11846.430769666,9,11845.702657833,11845.768927833,11846.43791475,11847.297920875,0,0.828017583000474
225,23,18,categorization,0,bedroom,SHINEd_bedroom_047.tif,31,0.1,0.0666666666666667,1.13333333333333,11847.303765916,11848.054779958,9,11847.398875583,11847.459768083,11848.061565791,11849.188286791,1,0.751014041999952
225,24,18,categorization,0,bedroom,SHINEd_bedroom_120.tif,58,0.1,0.0666666666666667,0.716666666666667,11849.198518375,11850.039354041,13,11849.298040666,11849.364626416,11850.053508916,11850.763560708,0,0.840835666000203
225,25,18,categorization,0,livingroom,SHINEd_livingroom_055.tif,96,0.1,0.0666666666666667,1.76666666666667,11850.780732541,11851.878403541,9,11850.879529,11850.946829,11851.882627083,11853.64268375,0,1.09767100000136
225,26,18,categorization,0,bedroom,SHINEd_bedroom_052.tif,34,0.1,0.0666666666666667,1.33333333333333,11853.659603291,11854.390201041,13,11853.759342,11853.826763166,11854.416645583,11855.743363666,0,0.730597750000015
225,27,18,categorization,0,livingroom,SHINEd_livingroom_073.tif,102,0.1,0.0666666666666667,1.61666666666667,11855.761097083,11856.777235958,13,11855.860868,11855.927457208,11856.799663875,11858.40971625,1,1.01613887500025
225,28,18,categorization,0,bedroom,SHINEd_bedroom_042.tif,28,0.1,0.0666666666666667,1.05,11858.42621725,11859.073046041,9,11858.525999375,11858.5916965,11859.098369333,11860.141753041,1,0.64682879099928
225,29,18,categorization,0,bedroom,SHINEd_bedroom_067.tif,37,0.1,0.0666666666666667,1.93333333333333,11860.151172833,11861.175281458,9,11860.249305666,11860.316431625,11861.1885,11863.115216333,1,1.02410862499892
225,30,18,categorization,0,livingroom,SHINEd_livingroom_046.tif,89,0.1,0.0666666666666667,1.5,11863.129992375,11864.087129416,9,11863.23038725,11863.296184375,11864.102014958,11865.595387833,0,0.957137041001261
225,31,18,categorization,0,bedroom,SHINEd_bedroom_089.tif,46,0.1,0.0666666666666667,1.35,11865.610510916,11866.257889833,9,11865.710209708,11865.776820708,11866.282652375,11867.626027958,1,0.647378916999514
225,32,18,categorization,0,bedroom,SHINEd_bedroom_056.tif,35,0.1,0.0666666666666667,1.08333333333333,11867.643414041,11871.510829083,13,11867.743212458,11867.809519208,11871.528793791,11872.605517166,0,3.86741504199927
225,33,18,categorization,0,livingroom,SHINEd_livingroom_020.tif,75,0.1,0.0666666666666667,0.883333333333333,11872.616402,11873.50672275,13,11872.714425416,11872.782714416,11873.521897291,11874.398614708,1,0.890320750000683
225,34,18,categorization,0,livingroom,SHINEd_livingroom_059.tif,98,0.1,0.0666666666666667,1.4,11874.414670625,11875.454136833,13,11874.514842583,11874.578706541,11875.463933583,11876.857304833,1,1.03946620799979
225,35,18,categorization,0,bedroom,SHINEd_bedroom_045.tif,29,0.1,0.0666666666666667,1.45,11876.86903725,11877.719964875,13,11876.968804708,11877.034816166,11877.741059625,11879.184442291,0,0.850927624998803
225,36,18,categorization,0,bedroom,SHINEd_bedroom_062.tif,36,0.1,0.0666666666666667,1.26666666666667,11879.201985125,11880.327145625,9,11879.301746458,11879.368034625,11880.339957583,11881.599999625,1,1.12516049999977
225,37,18,categorization,0,bedroom,SHINEd_bedroom_041.tif,27,0.1,0.0666666666666667,1.16666666666667,11881.616485166,11882.3143365,9,11881.71604575,11881.782568958,11882.339189291,11883.499236583,1,0.697851334000006
225,38,18,categorization,0,bedroom,SHINEd_bedroom_099.tif,51,0.1,0.0666666666666667,1.3,11883.510801375,11884.341895708,13,11883.610857416,11883.677050541,11884.366876458,11885.660246333,0,0.831094332999783
225,39,18,categorization,0,bedroom,SHINEd_bedroom_086.tif,45,0.1,0.0666666666666667,1.81666666666667,11885.682363958,11886.50350325,9,11885.782233083,11885.848555958,11886.521629666,11888.331660166,1,0.821139292000225
225,40,18,categorization,0,livingroom,SHINEd_livingroom_024.tif,78,0.1,0.0666666666666667,1.06666666666667,11888.349373875,11889.154818666,13,11888.44939125,11888.51609625,11889.171918041,11890.23196475,1,0.8054447909999
225,41,18,categorization,0,livingroom,SHINEd_livingroom_023.tif,77,0.1,0.0666666666666667,0.85,11890.241406041,11891.058131458,9,11890.339449166,11890.407733625,11891.080952083,11891.924344708,0,0.816725417000271
225,42,18,categorization,0,livingroom,SHINEd_livingroom_060.tif,99,0.1,0.0666666666666667,0.966666666666667,11891.940311208,11892.758116708,13,11892.039955083,11892.106285708,11892.77489325,11893.734897666,1,0.817805500000759
225,43,18,categorization,0,bedroom,SHINEd_bedroom_069.tif,39,0.1,0.0666666666666667,1.28333333333333,11893.740730125,11894.59768125,13,11893.835879083,11893.896811,11894.61525425,11895.891969291,0,0.856951124998886
225,44,18,categorization,0,livingroom,SHINEd_livingroom_043.tif,88,0.1,0.0666666666666667,0.733333333333333,11895.909487958,11896.841632583,13,11896.009414583,11896.075460041,11896.863732875,11897.590447625,1,0.932144624999637
225,45,18,categorization,0,bedroom,SHINEd_bedroom_020.tif,19,0.1,0.0666666666666667,0.983333333333333,11897.606259291,11898.333754375,9,11897.706229541,11897.76400275,11898.349205208,11899.325876333,1,0.727495084000111
225,46,18,categorization,0,livingroom,SHINEd_livingroom_003.tif,62,0.1,0.0666666666666667,0.716666666666667,11899.331547958,11900.166004833,9,11899.426557791,11899.487733708,11900.172777416,11900.882781458,0,0.834456874999887
225,47,18,categorization,0,livingroom,SHINEd_livingroom_010.tif,68,0.1,0.0666666666666667,1.05,11900.887602208,11901.709859458,9,11900.982687541,11901.043675291,11901.728858583,11902.772226875,0,0.822257249999893
225,48,18,categorization,0,livingroom,SHINEd_livingroom_072.tif,101,0.1,0.0666666666666667,1.15,11902.78091925,11903.839095791,9,11902.878919125,11902.945499416,11903.868666791,11905.012051666,0,1.05817654099883
225,49,18,categorization,0,livingroom,SHINEd_livingroom_081.tif,103,0.1,0.0666666666666667,0.933333333333333,11905.021793958,11906.018488625,13,11905.121458375,11905.187597791,11906.043901041,11906.970573291,1,0.996694667001066
225,50,18,categorization,0,livingroom,SHINEd_livingroom_039.tif,87,0.1,0.0666666666666667,1.93333333333333,11906.976441083,11908.006181208,13,11907.071411416,11907.132396333,11908.01753675,11909.944236333,1,1.0297401250009
225,1,19,categorization,0,livingroom,SHINEd_livingroom_073.tif,102,0.1,0.0666666666666667,0.966666666666667,11924.787099083,11925.758015833,13,11924.882154916,11924.94353275,11925.761992791,11926.721997125,1,0.97091675000047
225,2,19,categorization,0,livingroom,SHINEd_livingroom_088.tif,106,0.1,0.0666666666666667,1.15,11926.729268666,11927.350506875,13,11926.824198666,11926.885246958,11927.35348475,11928.496866125,1,0.621238208999785
225,3,19,categorization,0,livingroom,SHINEd_livingroom_032.tif,84,0.1,0.0666666666666667,1.11666666666667,11928.505361833,11929.112289125,13,11928.604869416,11928.671449458,11929.12715975,11930.237192083,1,0.606927291999455
225,4,19,categorization,0,bedroom,SHINEd_bedroom_062.tif,36,0.1,0.0666666666666667,0.883333333333333,11930.253362666,11930.838494208,13,11930.353263708,11930.419107291,11930.854001125,11931.730673625,0,0.585131541998635
225,5,19,categorization,0,bedroom,SHINEd_bedroom_032.tif,24,0.1,0.0666666666666667,1.01666666666667,11931.735987625,11932.357502,9,11931.831148208,11931.8919765,11932.377229958,11933.387264,1,0.621514375001425
225,6,19,categorization,0,bedroom,SHINEd_bedroom_126.tif,60,0.1,0.0666666666666667,0.716666666666667,11933.396926041,11934.300016583,9,11933.494954958,11933.561363541,11934.31724975,11935.027286083,1,0.903090542000427
225,7,19,categorization,0,bedroom,SHINEd_bedroom_067.tif,37,0.1,0.0666666666666667,0.883333333333333,11935.04395275,11935.653591708,9,11935.1432675,11935.2099235,11935.662210666,11936.538882041,1,0.609638957999778
225,8,19,categorization,0,livingroom,SHINEd_livingroom_022.tif,76,0.1,0.0666666666666667,1.35,11936.545877125,11937.302451208,13,11936.640994958,11936.702070375,11937.320779291,11938.6641445,1,0.756574082999578
225,9,19,categorization,0,livingroom,SHINEd_livingroom_029.tif,81,0.1,0.0666666666666667,1.2,11938.680935,11939.334706375,13,11938.780437375,11938.841362041,11939.364285583,11940.557653041,1,0.65377137500036
225,10,19,categorization,0,bedroom,SHINEd_bedroom_097.tif,49,0.1,0.0666666666666667,1.18333333333333,11940.575085666,11941.247235791,9,11940.674745666,11940.741382291,11941.264122958,11942.440833958,1,0.672150124999462
225,11,19,categorization,0,bedroom,SHINEd_bedroom_009.tif,12,0.1,0.0666666666666667,1.21666666666667,11942.458445208,11943.054499166,9,11942.558171208,11942.615998375,11943.06770425,11944.277747208,1,0.596053958000994
225,12,19,categorization,0,livingroom,SHINEd_livingroom_055.tif,96,0.1,0.0666666666666667,1.8,11944.294789166,11944.832566833,13,11944.39456875,11944.461030833,11944.849285041,11946.642659083,1,0.537777666999318
225,13,19,categorization,0,bedroom,SHINEd_bedroom_020.tif,19,0.1,0.0666666666666667,1.65,11946.660608875,11947.272461583,9,11946.760225416,11946.824165708,11947.298333625,11948.941709375,1,0.611852707999788
225,14,19,categorization,0,bedroom,SHINEd_bedroom_036.tif,25,0.1,0.0666666666666667,0.933333333333333,11948.959479833,11949.60126425,9,11949.059288583,11949.125194708,11949.613703333,11950.540375,1,0.641784417000963
225,15,19,categorization,0,bedroom,SHINEd_bedroom_093.tif,48,0.1,0.0666666666666667,1.9,11950.546092625,11951.261763458,13,11950.641076791,11950.702071375,11951.270455333,11953.163845708,0,0.715670833000331
225,16,19,categorization,0,livingroom,SHINEd_livingroom_043.tif,88,0.1,0.0666666666666667,0.7,11953.180781583,11954.071596625,13,11953.280860125,11953.346802666,11954.085828958,11954.779167791,1,0.890815042001122
225,17,19,categorization,0,bedroom,SHINEd_bedroom_098.tif,50,0.1,0.0666666666666667,0.8,11954.784906458,11955.398244833,9,11954.879980291,11954.940924541,11955.40943125,11956.202768916,1,0.613338375000239
225,18,19,categorization,0,bedroom,SHINEd_bedroom_116.tif,55,0.1,0.0666666666666667,1.36666666666667,11956.208169416,11956.861363,13,11956.303186791,11956.364162791,11956.8657135,11958.225754916,0,0.653193583999382
225,19,19,categorization,0,bedroom,SHINEd_bedroom_056.tif,35,0.1,0.0666666666666667,0.916666666666667,11958.243559958,11958.889378625,13,11958.34315375,11958.40941125,11958.915584291,11959.825621875,0,0.645818666998821
225,20,19,categorization,0,bedroom,SHINEd_bedroom_074.tif,40,0.1,0.0666666666666667,1.15,11959.841845416,11960.557538833,9,11959.93792275,11959.998773541,11960.567176541,11961.710557625,1,0.715693416999784
225,21,19,categorization,0,livingroom,SHINEd_livingroom_049.tif,92,0.1,0.0666666666666667,0.766666666666667,11961.719429291,11962.450894708,13,11961.819388125,11961.885368458,11962.475073458,11963.235121916,1,0.731465416998617
225,22,19,categorization,0,livingroom,SHINEd_livingroom_057.tif,97,0.1,0.0666666666666667,1.51666666666667,11963.250834166,11963.949755791,9,11963.350910875,11963.416885416,11963.969412583,11965.479459666,0,0.698921625000366
225,23,19,categorization,0,bedroom,SHINEd_bedroom_046.tif,30,0.1,0.0666666666666667,1.81666666666667,11965.496971666,11966.27550025,13,11965.596911166,11965.6632335,11966.302816958,11968.112854375,0,0.778528584000014
225,24,19,categorization,0,bedroom,SHINEd_bedroom_029.tif,22,0.1,0.0666666666666667,0.883333333333333,11968.130181166,11968.730701416,9,11968.230200291,11968.296632791,11968.753789875,11969.630462333,1,0.600520250000045
225,25,19,categorization,0,livingroom,SHINEd_livingroom_037.tif,86,0.1,0.0666666666666667,1.83333333333333,11969.636312041,11970.373883333,13,11969.731391083,11969.792428958,11970.377470083,11972.204175541,1,0.737571292000212
225,26,19,categorization,0,livingroom,SHINEd_livingroom_014.tif,71,0.1,0.0666666666666667,1.08333333333333,11972.218216666,11972.905175416,13,11972.318684625,11972.384873791,11972.924997375,11974.001707375,1,0.686958749998666
225,27,19,categorization,0,bedroom,SHINEd_bedroom_090.tif,47,0.1,0.0666666666666667,1.7,11974.012761833,11974.717863583,9,11974.110981666,11974.178926458,11974.735255166,11976.428633791,1,0.705101749999812
225,28,19,categorization,0,bedroom,SHINEd_bedroom_118.tif,56,0.1,0.0666666666666667,0.85,11976.448000791,11977.232283875,9,11976.548335291,11976.614132208,11977.255308291,11978.098645833,1,0.784283083999981
225,29,19,categorization,0,bedroom,SHINEd_bedroom_112.tif,53,0.1,0.0666666666666667,0.75,11978.104486875,11978.750361833,13,11978.199627916,11978.260590458,11978.762191375,11979.505529875,0,0.645874957999695
225,30,19,categorization,0,bedroom,SHINEd_bedroom_089.tif,46,0.1,0.0666666666666667,1.28333333333333,11979.511976375,11980.117681583,9,11979.607060708,11979.668049791,11980.136436708,11981.413150583,1,0.605705207999563
225,31,19,categorization,0,bedroom,SHINEd_bedroom_039.tif,26,0.1,0.0666666666666667,1.08333333333333,11981.431877458,11981.992131333,9,11981.531697541,11981.598004125,11982.020916458,11983.097624666,1,0.560253874999034
225,32,19,categorization,0,livingroom,SHINEd_livingroom_036.tif,85,0.1,0.0666666666666667,1.76666666666667,11983.113813041,11983.685793166,13,11983.210230333,11983.270587833,11983.688886458,11985.448922375,1,0.571980124999754
225,33,19,categorization,0,bedroom,SHINEd_bedroom_068.tif,38,0.1,0.0666666666666667,0.966666666666667,11985.465538875,11986.055547041,9,11985.56526425,11985.63162175,11986.070694541,11987.030700291,1,0.590008166000189
225,34,19,categorization,0,livingroom,SHINEd_livingroom_025.tif,79,0.1,0.0666666666666667,1.21666666666667,11987.036306083,11987.581761041,13,11987.131436416,11987.192326125,11987.594113208,11988.80416675,1,0.545454957999027
225,35,19,categorization,0,livingroom,SHINEd_livingroom_018.tif,73,0.1,0.0666666666666667,1.41666666666667,11988.816799041,11989.647706875,13,11988.916615708,11988.982956541,11989.672762,11991.082810333,1,0.830907833998936
225,36,19,categorization,0,livingroom,SHINEd_livingroom_62.tif,110,0.1,0.0666666666666667,1.08333333333333,11991.097840583,11991.843016833,13,11991.19778925,11991.264227541,11991.870423583,11992.947129833,1,0.745176250000441
225,37,19,categorization,0,bedroom,SHINEd_bedroom_080.tif,43,0.1,0.0666666666666667,0.833333333333333,11992.95677,11993.589061,9,11993.055376583,11993.122409208,11993.61172625,11994.438431583,1,0.632290999999896
225,38,19,categorization,0,bedroom,SHINEd_bedroom_075.tif,41,0.1,0.0666666666666667,1.26666666666667,11994.45488825,11995.214055458,13,11994.554340916,11994.620727125,11995.222663458,11996.482696208,0,0.759167207999781
225,39,19,categorization,0,bedroom,SHINEd_bedroom_106.tif,52,0.1,0.0666666666666667,1.33333333333333,11996.499465291,11997.11520325,9,11996.599525125,11996.665443333,11997.138387833,11998.465099958,1,0.615737958998579
225,40,19,categorization,0,livingroom,SHINEd_livingroom_024.tif,78,0.1,0.0666666666666667,1.61666666666667,11998.482226625,11999.123637958,13,11998.582413333,11998.647920625,11999.136776041,12000.74682425,1,0.641411333001088
225,41,19,categorization,0,bedroom,SHINEd_bedroom_099.tif,51,0.1,0.0666666666666667,1.68333333333333,12000.762201,12002.41887225,9,12000.859948666,12000.928175833,12002.435166375,12004.111880541,1,1.65667125000073
225,42,19,categorization,0,bedroom,SHINEd_bedroom_023.tif,20,0.1,0.0666666666666667,0.733333333333333,12004.131244083,12004.879553125,9,12004.231215791,12004.297381,12004.90253575,12005.629206916,1,0.748309041999164
225,43,19,categorization,0,livingroom,SHINEd_livingroom_019.tif,74,0.1,0.0666666666666667,1.58333333333333,12005.63513,12006.381566958,13,12005.73014725,12005.791171416,12006.39298325,12007.969703458,1,0.746436957999322
225,44,19,categorization,0,bedroom,SHINEd_bedroom_048.tif,32,0.1,0.0666666666666667,1.8,12007.98740625,12008.72555475,9,12008.087238208,12008.15336275,12008.742712958,12010.536102166,1,0.738148500000534
225,45,19,categorization,0,livingroom,SHINEd_livingroom_046.tif,89,0.1,0.0666666666666667,0.816666666666667,12010.554470083,12011.390511,9,12010.654533083,12010.720210666,12011.409750916,12012.21975575,0,0.836040916999991
225,46,19,categorization,0,bedroom,SHINEd_bedroom_016.tif,17,0.1,0.0666666666666667,1.98333333333333,12012.2255495,12012.950328208,9,12012.320618291,12012.38161675,12012.966604666,12014.943316458,1,0.724778707999576
225,47,19,categorization,0,livingroom,SHINEd_livingroom_050.tif,93,0.1,0.0666666666666667,1.96666666666667,12014.961273708,12015.666515583,13,12015.061357125,12015.127497541,12015.683192416,12017.643228375,1,0.705241874999047
225,48,19,categorization,0,livingroom,SHINEd_livingroom_001.tif,61,0.1,0.0666666666666667,0.766666666666667,12017.660612958,12018.509271916,13,12017.760875208,12017.826692416,12018.532418333,12019.292423625,1,0.848658958000669
225,49,19,categorization,0,bedroom,SHINEd_bedroom_010.tif,13,0.1,0.0666666666666667,1.3,12019.298138333,12019.965714,9,12019.393384583,12019.454178666,12019.972521625,12021.265894291,1,0.667575666999255
225,50,19,categorization,0,livingroom,SHINEd_livingroom_013.tif,70,0.1,0.0666666666666667,1.15,12021.280381916,12022.155173708,13,12021.379893833,12021.446637,12022.16903075,12023.312411583,1,0.874791792000906
225,1,20,categorization,0,livingroom,SHINEd_livingroom_030.tif,82,0.1,0.0666666666666667,1,12040.77379475,12041.877756541,13,12040.868850125,12040.929900708,12041.88183175,12042.875169833,1,1.10396179099916
225,2,20,categorization,0,bedroom,SHINEd_bedroom_030.tif,23,0.1,0.0666666666666667,1.18333333333333,12042.880085208,12043.613776583,9,12042.9752945,12043.036229125,12043.62133125,12044.79801975,1,0.73369137500049
225,3,20,categorization,0,livingroom,SHINEd_livingroom_059.tif,98,0.1,0.0666666666666667,1.03333333333333,12044.806561208,12045.478298958,13,12044.9045405,12044.972458791,12045.494899416,12046.521621541,1,0.671737749999011
225,4,20,categorization,0,livingroom,SHINEd_livingroom_072.tif,101,0.1,0.0666666666666667,1.76666666666667,12046.537941666,12047.229385791,13,12046.637456666,12046.700728958,12047.236075416,12048.996117625,1,0.691444125000999
225,5,20,categorization,0,livingroom,SHINEd_livingroom_006.tif,65,0.1,0.0666666666666667,1.23333333333333,12049.012121208,12049.605638541,13,12049.11203475,12049.1777305,12049.634596541,12050.861303708,1,0.593517332999909
225,6,20,categorization,0,livingroom,SHINEd_livingroom_048.tif,91,0.1,0.0666666666666667,0.916666666666667,12050.870911,12051.451672875,13,12050.97049025,12051.037009,12051.476608125,12052.386642375,1,0.580761875000462
225,7,20,categorization,0,bedroom,SHINEd_bedroom_079.tif,42,0.1,0.0666666666666667,1.55,12052.402340583,12053.414071166,9,12052.502354625,12052.568339208,12053.420511625,12054.963880125,1,1.01173058300083
225,8,20,categorization,0,bedroom,SHINEd_bedroom_119.tif,57,0.1,0.0666666666666667,0.983333333333333,12054.981297666,12055.613350666,13,12055.08161975,12055.147474458,12055.637541458,12056.614211833,0,0.632053000001179
225,9,20,categorization,0,livingroom,SHINEd_livingroom_010.tif,68,0.1,0.0666666666666667,1.81666666666667,12056.620049875,12057.35738575,13,12056.715193625,12056.776264125,12057.361441708,12059.171492875,1,0.737335874999189
225,10,20,categorization,0,livingroom,SHINEd_livingroom_008.tif,67,0.1,0.0666666666666667,1.03333333333333,12059.189347125,12060.030670875,13,12059.2890215,12059.355307458,12060.043943,12061.070656583,1,0.841323749998992
225,11,20,categorization,0,bedroom,SHINEd_bedroom_018.tif,18,0.1,0.0666666666666667,0.816666666666667,12061.079862791,12061.735041958,9,12061.177770916,12061.244722958,12061.74999725,12062.560050916,1,0.655179166999005
225,12,20,categorization,0,livingroom,SHINEd_livingroom_092.tif,109,0.1,0.0666666666666667,0.866666666666667,12062.576297083,12063.35003475,9,12062.675886375,12062.742457041,12063.361080416,12064.2210855,0,0.773737666999295
225,13,20,categorization,0,livingroom,SHINEd_livingroom_004.tif,63,0.1,0.0666666666666667,1.38333333333333,12064.229822333,12064.933712333,9,12064.324829666,12064.385839166,12064.937494041,12066.314201291,0,0.703890000000683
225,14,20,categorization,0,bedroom,SHINEd_bedroom_042.tif,28,0.1,0.0666666666666667,1.63333333333333,12066.331361791,12066.909529166,9,12066.431131083,12066.497271625,12066.937053333,12068.563776666,1,0.578167374998884
225,15,20,categorization,0,bedroom,SHINEd_bedroom_047.tif,31,0.1,0.0666666666666667,1.73333333333333,12068.580771166,12069.461669208,13,12068.680444458,12068.74670725,12069.486666208,12071.213379,0,0.880898041999899
225,16,20,categorization,0,bedroom,SHINEd_bedroom_012.tif,15,0.1,0.0666666666666667,1.28333333333333,12071.230567166,12071.930889208,13,12071.330259125,12071.396986125,12071.952642125,12073.22934175,0,0.700322042001062
225,17,20,categorization,0,livingroom,SHINEd_livingroom_005.tif,64,0.1,0.0666666666666667,0.983333333333333,12073.246900958,12074.057700458,13,12073.346584,12073.413053083,12074.068497083,12075.045168833,1,0.81079950000094
225,18,20,categorization,0,livingroom,SHINEd_livingroom_020.tif,75,0.1,0.0666666666666667,1.01666666666667,12075.050747583,12075.837160166,9,12075.145887666,12075.206818791,12075.842040208,12076.852078,0,0.786412583000129
225,19,20,categorization,0,livingroom,SHINEd_livingroom_087.tif,105,0.1,0.0666666666666667,1.03333333333333,12076.861859666,12077.538498541,9,12076.959964625,12077.026457166,12077.565963125,12078.592665083,0,0.676638875000208
225,20,20,categorization,0,livingroom,SHINEd_livingroom_031.tif,83,0.1,0.0666666666666667,1.33333333333333,12078.608837708,12079.293125416,9,12078.708229,12078.774587708,12079.310130916,12080.636859375,0,0.684287707999829
225,21,20,categorization,0,bedroom,SHINEd_bedroom_041.tif,27,0.1,0.0666666666666667,0.816666666666667,12080.652784,12081.315336958,9,12080.752556416,12080.814676833,12081.338062125,12082.148102,1,0.662552957999651
225,22,20,categorization,0,livingroom,SHINEd_livingroom_023.tif,77,0.1,0.0666666666666667,1.7,12082.16335825,12082.845549166,9,12082.262417875,12082.329365041,12082.864283708,12084.557668875,0,0.682190916000764
225,23,20,categorization,0,bedroom,SHINEd_bedroom_045.tif,29,0.1,0.0666666666666667,1.26666666666667,12084.570109375,12085.471262916,13,12084.670640041,12084.736317583,12085.493446666,12086.753492333,0,0.901153541000895
225,24,20,categorization,0,bedroom,SHINEd_bedroom_086.tif,45,0.1,0.0666666666666667,0.766666666666667,12086.772022333,12087.582086833,9,12086.870982375,12086.93826725,12087.611315041,12088.371367833,1,0.810064499999498
225,25,20,categorization,0,bedroom,SHINEd_bedroom_014.tif,16,0.1,0.0666666666666667,1.15,12088.387503208,12089.021407333,9,12088.487151708,12088.553469375,12089.038783416,12090.182153041,1,0.633904125001209
225,26,20,categorization,0,livingroom,SHINEd_livingroom_089.tif,107,0.1,0.0666666666666667,1.41666666666667,12090.192100958,12090.9032145,9,12090.291756708,12090.357990708,12090.930439708,12092.340487583,0,0.711113542000021
225,27,20,categorization,0,livingroom,SHINEd_livingroom_068.tif,100,0.1,0.0666666666666667,1.2,12092.358180666,12093.131260625,13,12092.457991166,12092.52397575,12093.146405208,12094.33979225,1,0.773079958999006
225,28,20,categorization,0,livingroom,SHINEd_livingroom_090.tif,108,0.1,0.0666666666666667,1.51666666666667,12094.353065,12095.102683125,9,12094.452976791,12094.518972125,12095.125010208,12096.635068208,0,0.749618125000779
225,29,20,categorization,0,livingroom,SHINEd_livingroom_012.tif,69,0.1,0.0666666666666667,1.28333333333333,12096.65235475,12097.579050875,13,12096.752125375,12096.8139005,12097.603298333,12098.879995958,1,0.92669612499958
225,30,20,categorization,0,livingroom,SHINEd_livingroom_083.tif,104,0.1,0.0666666666666667,1.95,12098.895213791,12099.686623416,9,12098.995334,12099.06210325,12099.701778833,12101.645162291,0,0.791409625000597
225,31,20,categorization,0,bedroom,SHINEd_bedroom_114.tif,54,0.1,0.0666666666666667,1.36666666666667,12101.664897625,12102.806750958,13,12101.765647,12101.83177125,12102.81904975,12104.179098791,0,1.14185333299974
225,32,20,categorization,0,bedroom,SHINEd_bedroom_069.tif,39,0.1,0.0666666666666667,1.11666666666667,12104.198103083,12105.11908325,13,12104.298603958,12104.363987,12105.136928916,12106.2469635,0,0.92098016700038
225,33,20,categorization,0,bedroom,SHINEd_bedroom_011.tif,14,0.1,0.0666666666666667,1.63333333333333,12106.258034333,12106.933535333,13,12106.357019666,12106.424102833,12106.964357125,12108.59107,0,0.675501000001532
225,34,20,categorization,0,bedroom,SHINEd_bedroom_125.tif,59,0.1,0.0666666666666667,1.86666666666667,12108.610097625,12109.360714833,13,12108.709838541,12108.776215166,12109.383138583,12111.243177083,0,0.750617207999312
225,35,20,categorization,0,bedroom,SHINEd_bedroom_052.tif,34,0.1,0.0666666666666667,1.88333333333333,12111.26322925,12111.902324875,13,12111.363487291,12111.429848041,12111.91919775,12113.795906583,0,0.639095624999754
225,36,20,categorization,0,bedroom,SHINEd_bedroom_051.tif,33,0.1,0.0666666666666667,1.05,12113.809633291,12114.605900291,9,12113.910310333,12113.976317,12114.632953375,12115.676330416,1,0.796266999999716
225,37,20,categorization,0,livingroom,SHINEd_livingroom_003.tif,62,0.1,0.0666666666666667,0.716666666666667,12115.6862325,12116.437407791,13,12115.78469525,12115.851101,12116.45762525,12117.167662416,1,0.751175290999527
225,38,20,categorization,0,livingroom,SHINEd_livingroom_060.tif,99,0.1,0.0666666666666667,1.13333333333333,12117.184332833,12117.829862541,13,12117.284804666,12117.350819583,12117.836197833,12118.962896875,1,0.64552970800105
225,39,20,categorization,0,livingroom,SHINEd_livingroom_007.tif,66,0.1,0.0666666666666667,0.783333333333333,12118.971647916,12119.605270875,13,12119.07155875,12119.137706333,12119.6273915,12120.404097125,1,0.633622958999695
225,40,20,categorization,0,livingroom,SHINEd_livingroom_052.tif,94,0.1,0.0666666666666667,0.883333333333333,12120.420177791,12121.10117425,13,12120.517417791,12120.583254041,12121.118623125,12121.995296208,1,0.680996458999289
225,41,20,categorization,0,livingroom,SHINEd_livingroom_047.tif,90,0.1,0.0666666666666667,0.716666666666667,12122.001616916,12122.709939,13,12122.096868375,12122.157905333,12122.726282708,12123.436289875,1,0.708322083999519
225,42,20,categorization,0,livingroom,SHINEd_livingroom_016.tif,72,0.1,0.0666666666666667,0.983333333333333,12123.444684958,12124.165857208,13,12123.540047958,12123.601091791,12124.169516875,12125.146187666,1,0.721172249999654
225,43,20,categorization,0,bedroom,SHINEd_bedroom_085.tif,44,0.1,0.0666666666666667,0.866666666666667,12125.151665041,12125.853903833,9,12125.246728958,12125.307677583,12125.859746958,12126.719752791,1,0.702238792000571
225,44,20,categorization,0,livingroom,SHINEd_livingroom_054.tif,95,0.1,0.0666666666666667,1.7,12126.725402875,12127.437805875,13,12126.820467958,12126.881509875,12127.45004825,12129.143437583,1,0.712403000001359
225,45,20,categorization,0,bedroom,SHINEd_bedroom_008.tif,11,0.1,0.0666666666666667,1.26666666666667,12129.162846916,12129.842289125,9,12129.262639083,12129.329377083,12129.869020833,12131.129079041,1,0.679442208998807
225,46,20,categorization,0,bedroom,SHINEd_bedroom_025.tif,21,0.1,0.0666666666666667,1.43333333333333,12131.1465645,12132.120504625,13,12131.246390041,12131.312376125,12132.134616375,12133.561332125,0,0.97394012499899
225,47,20,categorization,0,livingroom,SHINEd_livingroom_028.tif,80,0.1,0.0666666666666667,1.31666666666667,12133.579678083,12134.351655625,13,12133.679736416,12133.745920083,12134.368008875,12135.678045,1,0.771977541999149
225,48,20,categorization,0,bedroom,SHINEd_bedroom_120.tif,58,0.1,0.0666666666666667,1.55,12135.696097791,12136.466243,13,12135.7960945,12135.862227833,12136.484862208,12138.028228458,0,0.770145209000475
225,49,20,categorization,0,livingroom,SHINEd_livingroom_039.tif,87,0.1,0.0666666666666667,1.51666666666667,12138.046639041,12138.799082791,13,12138.146322541,12138.212569458,12138.818000916,12140.328037791,1,0.752443749999657
225,50,20,categorization,0,livingroom,SHINEd_livingroom_081.tif,103,0.1,0.0666666666666667,1.31666666666667,12140.346243125,12141.066232666,13,12140.44599,12140.51243225,12141.08580725,12142.395853166,1,0.719989541001269
225,1,21,categorization,0,bedroom,SHINEd_bedroom_112.tif,53,0.1,0.0666666666666667,1.5,12169.400853125,12170.333792958,13,12169.496720041,12169.557267291,12170.342424083,12171.835794375,0,0.932939832999182
225,2,21,categorization,0,livingroom,SHINEd_livingroom_092.tif,109,0.1,0.0666666666666667,0.783333333333333,12171.854522208,12172.496179208,13,12171.954355958,12172.02113925,12172.509979958,12173.28669225,1,0.641657000000123
225,3,21,categorization,0,bedroom,SHINEd_bedroom_099.tif,51,0.1,0.0666666666666667,0.85,12173.302516375,12173.97313,13,12173.402536083,12173.460732166,12173.979199708,12174.822540541,0,0.670613624999532
225,4,21,categorization,0,bedroom,SHINEd_bedroom_098.tif,50,0.1,0.0666666666666667,1.05,12174.827702916,12175.41283325,9,12174.922922041,12174.983733458,12175.418772708,12176.462157125,1,0.585130334000496
225,5,21,categorization,0,livingroom,SHINEd_livingroom_007.tif,66,0.1,0.0666666666666667,0.8,12176.471245625,12177.040687916,13,12176.569666208,12176.636242333,12177.058932916,12177.852301541,1,0.569442291000087
225,6,21,categorization,0,livingroom,SHINEd_livingroom_029.tif,81,0.1,0.0666666666666667,0.7,12177.86252225,12178.464086125,13,12177.962213375,12178.028437458,12178.483649166,12179.176988708,1,0.601563875001375
225,7,21,categorization,0,bedroom,SHINEd_bedroom_048.tif,32,0.1,0.0666666666666667,0.866666666666667,12179.182848458,12179.981172333,9,12179.277900291,12179.338924041,12179.990560291,12180.850564875,1,0.798323875000278
225,8,21,categorization,0,bedroom,SHINEd_bedroom_014.tif,16,0.1,0.0666666666666667,1.81666666666667,12180.85536825,12181.389707166,9,12180.950388791,12181.011461291,12181.396657291,12183.20669475,1,0.534338915998887
225,9,21,categorization,0,bedroom,SHINEd_bedroom_008.tif,11,0.1,0.0666666666666667,0.766666666666667,12183.221872708,12183.808950666,9,12183.321350625,12183.387666791,12183.827563791,12184.587570291,1,0.587077958000009
225,10,21,categorization,0,bedroom,SHINEd_bedroom_067.tif,37,0.1,0.0666666666666667,1.11666666666667,12184.594396125,12185.308698583,9,12184.689442916,12184.750447625,12185.318810666,12186.428856625,1,0.71430245800002
225,11,21,categorization,0,bedroom,SHINEd_bedroom_114.tif,54,0.1,0.0666666666666667,0.783333333333333,12186.437179416,12187.216936958,13,12186.536915,12186.603201083,12187.24300575,12188.019723875,0,0.77975754200088
225,12,21,categorization,0,bedroom,SHINEd_bedroom_119.tif,57,0.1,0.0666666666666667,1.36666666666667,12188.035767041,12188.797277166,13,12188.135567791,12188.201384,12188.803698708,12190.163731791,0,0.761510125001223
225,13,21,categorization,0,livingroom,SHINEd_livingroom_025.tif,79,0.1,0.0666666666666667,1.05,12190.18106725,12190.879137333,13,12190.28090925,12190.347713833,12190.904291375,12191.947661375,1,0.698070083000857
225,14,21,categorization,0,bedroom,SHINEd_bedroom_051.tif,33,0.1,0.0666666666666667,1.5,12191.95711725,12192.958649041,13,12192.055217833,12192.123028375,12192.979443041,12194.472829,0,1.00153179100016
225,15,21,categorization,0,livingroom,SHINEd_livingroom_019.tif,74,0.1,0.0666666666666667,1.66666666666667,12194.485668541,12198.092923041,13,12194.58586725,12194.651607583,12198.10944975,12199.769505041,1,3.60725450000064
225,16,21,categorization,0,bedroom,SHINEd_bedroom_106.tif,52,0.1,0.0666666666666667,0.833333333333333,12199.786772541,12200.566083958,9,12199.88697325,12199.953068708,12200.593842291,12201.420512875,1,0.779311416999917
225,17,21,categorization,0,livingroom,SHINEd_livingroom_072.tif,101,0.1,0.0666666666666667,1.93333333333333,12201.4279125,12202.077125083,13,12201.523136125,12201.584369791,12202.086146,12204.012867333,1,0.649212583000917
225,18,21,categorization,0,livingroom,SHINEd_livingroom_032.tif,84,0.1,0.0666666666666667,0.916666666666667,12204.030816333,12205.836847458,9,12204.130749833,12204.197178583,12205.849717625,12206.759723208,0,1.80603112500103
225,19,21,categorization,0,livingroom,SHINEd_livingroom_004.tif,63,0.1,0.0666666666666667,1.38333333333333,12206.7654595,12207.589174583,13,12206.860642125,12206.921419458,12207.606510125,12208.983213291,1,0.823715082999115
225,20,21,categorization,0,livingroom,SHINEd_livingroom_046.tif,89,0.1,0.0666666666666667,1.25,12209.000048416,12209.694253833,9,12209.099847,12209.165990958,12209.722477125,12210.965852416,0,0.694205417001285
225,21,21,categorization,0,livingroom,SHINEd_livingroom_62.tif,110,0.1,0.0666666666666667,1.31666666666667,12210.981851416,12211.755103291,9,12211.081775166,12211.148032291,12211.77040925,12213.08044775,0,0.773251874999914
225,22,21,categorization,0,livingroom,SHINEd_livingroom_024.tif,78,0.1,0.0666666666666667,0.866666666666667,12213.097374708,12213.775809791,13,12213.197332375,12213.263398416,12213.803158833,12214.663216291,1,0.678435082998476
225,23,21,categorization,0,bedroom,SHINEd_bedroom_045.tif,29,0.1,0.0666666666666667,0.8,12214.679272791,12215.444688625,13,12214.779157125,12214.839410166,12215.45801975,12216.251358791,0,0.765415834001033
225,24,21,categorization,0,bedroom,SHINEd_bedroom_120.tif,58,0.1,0.0666666666666667,1.86666666666667,12216.2569875,12217.21309075,9,12216.352073291,12216.412980291,12217.231425583,12219.091461541,1,0.956103249998705
225,25,21,categorization,0,livingroom,SHINEd_livingroom_003.tif,62,0.1,0.0666666666666667,0.933333333333333,12219.109109041,12219.961053625,13,12219.208481208,12219.2750915,12219.981462125,12220.908134166,1,0.851944584001103
225,26,21,categorization,0,livingroom,SHINEd_livingroom_073.tif,102,0.1,0.0666666666666667,1.46666666666667,12220.913368,12221.733471458,9,12221.008333333,12221.069646291,12221.738128333,12223.198173291,0,0.820103457999721
225,27,21,categorization,0,livingroom,SHINEd_livingroom_016.tif,72,0.1,0.0666666666666667,1.96666666666667,12223.215191458,12223.981190333,9,12223.315441375,12223.381334875,12224.004901208,12225.964943458,0,0.765998874998331
225,28,21,categorization,0,bedroom,SHINEd_bedroom_090.tif,47,0.1,0.0666666666666667,1.88333333333333,12225.978282625,12226.765796333,9,12226.078786333,12226.143299291,12226.782853375,12228.659551958,1,0.787513708000915
225,29,21,categorization,0,bedroom,SHINEd_bedroom_118.tif,56,0.1,0.0666666666666667,1.98333333333333,12228.6798655,12229.3693465,9,12228.780279791,12228.841201416,12229.398098083,12231.374821,1,0.689480999999432
225,30,21,categorization,0,livingroom,SHINEd_livingroom_087.tif,105,0.1,0.0666666666666667,0.916666666666667,12231.393698333,12232.204965583,13,12231.4943325,12231.560230958,12232.233861333,12233.143865833,1,0.811267249999219
225,31,21,categorization,0,bedroom,SHINEd_bedroom_093.tif,48,0.1,0.0666666666666667,1.3,12233.150015083,12233.877247791,13,12233.245216791,12233.306045125,12233.891144,12235.184511041,0,0.727232708000884
225,32,21,categorization,0,livingroom,SHINEd_livingroom_049.tif,92,0.1,0.0666666666666667,0.883333333333333,12235.202803666,12235.920743541,9,12235.302722666,12235.368776458,12235.941849833,12236.818540291,0,0.717939875001321
225,33,21,categorization,0,bedroom,SHINEd_bedroom_025.tif,21,0.1,0.0666666666666667,0.733333333333333,12236.827996041,12237.549361791,13,12236.924106666,12236.984181208,12237.552546125,12238.2792185,0,0.721365749999677
225,34,21,categorization,0,livingroom,SHINEd_livingroom_036.tif,85,0.1,0.0666666666666667,1.55,12238.284875541,12238.997632291,13,12238.380063375,12238.440855375,12239.009527833,12240.552920708,1,0.712756750001063
225,35,21,categorization,0,livingroom,SHINEd_livingroom_047.tif,90,0.1,0.0666666666666667,1.78333333333333,12240.565391083,12241.218477083,13,12240.665461583,12240.731560208,12241.237585041,12243.01430825,1,0.653086000000258
225,36,21,categorization,0,bedroom,SHINEd_bedroom_116.tif,55,0.1,0.0666666666666667,0.816666666666667,12243.031473125,12243.720728583,13,12243.131524916,12243.197605083,12243.736562625,12244.546566125,0,0.689255458000844
225,37,21,categorization,0,livingroom,SHINEd_livingroom_001.tif,61,0.1,0.0666666666666667,0.883333333333333,12244.552149291,12245.213210875,13,12244.647257416,12244.708235208,12245.226760708,12246.103432541,1,0.661061583999981
225,38,21,categorization,0,livingroom,SHINEd_livingroom_030.tif,82,0.1,0.0666666666666667,0.7,12246.108953541,12246.717610875,13,12246.204119375,12246.264941041,12246.733187458,12247.426525541,1,0.608657334001691
225,39,21,categorization,0,livingroom,SHINEd_livingroom_050.tif,93,0.1,0.0666666666666667,1.2,12247.432166333,12248.180827916,13,12247.527295208,12247.588164875,12248.189827875,12249.383189791,1,0.748661583000285
225,40,21,categorization,0,bedroom,SHINEd_bedroom_074.tif,40,0.1,0.0666666666666667,1.85,12249.3956625,12250.109170958,13,12249.49600125,12249.561824583,12250.135953958,12251.979324208,0,0.713508458000433
225,41,21,categorization,0,bedroom,SHINEd_bedroom_080.tif,43,0.1,0.0666666666666667,0.766666666666667,12251.998280458,12252.73709725,13,12252.098715,12252.165218875,12252.754925666,12253.514929875,0,0.738816791999852
225,42,21,categorization,0,livingroom,SHINEd_livingroom_068.tif,100,0.1,0.0666666666666667,0.933333333333333,12253.520836541,12254.205525,13,12253.615916708,12253.676878041,12254.211918291,12255.13858975,1,0.684688458999517
225,43,21,categorization,0,livingroom,SHINEd_livingroom_006.tif,65,0.1,0.0666666666666667,1.21666666666667,12255.144182791,12255.804633208,13,12255.23926275,12255.300200166,12255.818636958,12257.028696625,1,0.660450416999083
225,44,21,categorization,0,livingroom,SHINEd_livingroom_039.tif,87,0.1,0.0666666666666667,1.86666666666667,12257.0402045,12257.708821041,13,12257.139622416,12257.206351875,12257.729315041,12259.589361625,1,0.668616541001029
225,45,21,categorization,0,livingroom,SHINEd_livingroom_010.tif,68,0.1,0.0666666666666667,1.1,12259.608034,12260.616423375,9,12259.707582,12259.774238875,12260.629628458,12261.722998166,0,1.00838937499975
225,46,21,categorization,0,bedroom,SHINEd_bedroom_075.tif,41,0.1,0.0666666666666667,1.66666666666667,12261.732199666,12262.51143375,13,12261.831076625,12261.898435666,12262.53870125,12264.198736041,0,0.779234084000564
225,47,21,categorization,0,livingroom,SHINEd_livingroom_057.tif,97,0.1,0.0666666666666667,1.03333333333333,12264.215854916,12264.978767875,13,12264.31590775,12264.382539875,12265.005671416,12266.032381791,1,0.76291295900046
225,48,21,categorization,0,bedroom,SHINEd_bedroom_020.tif,19,0.1,0.0666666666666667,0.866666666666667,12266.042386291,12266.956970125,9,12266.140669708,12266.20749925,12266.981312166,12267.841358416,1,0.91458383400095
225,49,21,categorization,0,livingroom,SHINEd_livingroom_043.tif,88,0.1,0.0666666666666667,1.15,12267.858740166,12268.637450291,13,12267.958319708,12268.024840166,12268.64341625,12269.786781708,1,0.778710124999634
225,50,21,categorization,0,livingroom,SHINEd_livingroom_031.tif,83,0.1,0.0666666666666667,1.25,12269.796412541,12270.727714875,13,12269.896397833,12269.962490041,12270.752422791,12271.995808625,1,0.931302334000065
225,1,22,categorization,0,livingroom,SHINEd_livingroom_088.tif,106,0.1,0.0666666666666667,1.5,12278.432584666,12279.229112833,13,12278.528437375,12278.588631,12279.240592125,12280.73398225,1,0.796528167000361
225,2,22,categorization,0,bedroom,SHINEd_bedroom_052.tif,34,0.1,0.0666666666666667,1.21666666666667,12280.75171975,12281.479610333,13,12280.850071041,12280.913722833,12281.503769375,12282.71382075,0,0.727890583000772
225,3,22,categorization,0,bedroom,SHINEd_bedroom_046.tif,30,0.1,0.0666666666666667,0.866666666666667,12282.725721791,12283.477964958,13,12282.823972791,12282.888259833,12283.494114541,12284.354146666,0,0.752243167000415
225,4,22,categorization,0,bedroom,SHINEd_bedroom_018.tif,18,0.1,0.0666666666666667,0.983333333333333,12284.371092,12284.96484175,9,12284.471409,12284.53712375,12284.972282166,12285.948953875,1,0.593749749999915
225,5,22,categorization,0,bedroom,SHINEd_bedroom_079.tif,42,0.1,0.0666666666666667,0.7,12285.954662125,12286.597388583,13,12286.04975225,12286.110677875,12286.61257725,12287.305914458,0,0.642726458001562
225,6,22,categorization,0,bedroom,SHINEd_bedroom_012.tif,15,0.1,0.0666666666666667,0.833333333333333,12287.311630541,12287.988854875,13,12287.406680916,12287.467694041,12288.002764791,12288.829435333,0,0.67722433400013
225,7,22,categorization,0,bedroom,SHINEd_bedroom_041.tif,27,0.1,0.0666666666666667,0.766666666666667,12288.834203,12289.772939916,9,12288.929246333,12288.9902475,12289.792099,12290.552103041,1,0.938736915999471
225,8,22,categorization,0,livingroom,SHINEd_livingroom_008.tif,67,0.1,0.0666666666666667,1.08333333333333,12290.557758458,12291.204362125,13,12290.653134125,12290.713786291,12291.215506083,12292.2922245,1,0.646603666998999
225,9,22,categorization,0,livingroom,SHINEd_livingroom_023.tif,77,0.1,0.0666666666666667,0.883333333333333,12292.301290166,12293.102047125,13,12292.399082625,12292.467092791,12293.123649,12294.000348,1,0.800756958999045
225,10,22,categorization,0,bedroom,SHINEd_bedroom_047.tif,31,0.1,0.0666666666666667,0.716666666666667,12294.017048625,12294.645294208,13,12294.116659041,12294.182974833,12294.651469916,12295.361476208,0,0.628245582998716
225,11,22,categorization,0,livingroom,SHINEd_livingroom_083.tif,104,0.1,0.0666666666666667,1.4,12295.367282875,12295.997105541,13,12295.462366916,12295.523329875,12296.008501541,12297.40188525,1,0.629822666000109
225,12,22,categorization,0,livingroom,SHINEd_livingroom_014.tif,71,0.1,0.0666666666666667,1,12297.419702125,12298.192033416,13,12297.519581291,12297.585666166,12298.208065583,12299.201404291,1,0.772331291000228
225,13,22,categorization,0,bedroom,SHINEd_bedroom_030.tif,23,0.1,0.0666666666666667,1.7,12299.207019416,12300.541254916,9,12299.30209875,12299.363168791,12300.548738375,12302.242111875,1,1.33423549999861
225,14,22,categorization,0,bedroom,SHINEd_bedroom_042.tif,28,0.1,0.0666666666666667,1.2,12302.260080791,12303.034437208,9,12302.361043833,12302.425966083,12303.047994,12304.2413805,1,0.774356416999581
225,15,22,categorization,0,bedroom,SHINEd_bedroom_023.tif,20,0.1,0.0666666666666667,0.85,12304.257117416,12305.015365541,9,12304.356916083,12304.423091333,12305.028785375,12305.872156125,1,0.758248124999227
225,16,22,categorization,0,livingroom,SHINEd_livingroom_018.tif,73,0.1,0.0666666666666667,1.2,12305.888481916,12306.837424791,13,12305.988485541,12306.054683875,12306.856482375,12308.049863791,1,0.948942875000284
225,17,22,categorization,0,bedroom,SHINEd_bedroom_069.tif,39,0.1,0.0666666666666667,1.91666666666667,12308.061283208,12309.024796,13,12308.16112275,12308.227589833,12309.050722958,12310.960756875,0,0.963512791999165
225,18,22,categorization,0,bedroom,SHINEd_bedroom_010.tif,13,0.1,0.0666666666666667,1.15,12310.980616458,12311.569974833,9,12311.080503708,12311.146662625,12311.586125166,12312.729514208,1,0.589358375000302
225,19,22,categorization,0,bedroom,SHINEd_bedroom_039.tif,26,0.1,0.0666666666666667,0.883333333333333,12312.73949175,12313.317561916,9,12312.837351208,12312.903939625,12313.34386775,12314.220575333,1,0.578070165998724
225,20,22,categorization,0,bedroom,SHINEd_bedroom_062.tif,36,0.1,0.0666666666666667,0.866666666666667,12314.236259041,12314.940572583,13,12314.336242458,12314.402393416,12314.9542865,12315.814291166,0,0.704313542000818
225,21,22,categorization,0,livingroom,SHINEd_livingroom_090.tif,108,0.1,0.0666666666666667,1.15,12315.819868291,12316.42115825,9,12315.915009083,12315.975922,12316.427689708,12317.571057041,0,0.601289958998677
225,22,22,categorization,0,bedroom,SHINEd_bedroom_009.tif,12,0.1,0.0666666666666667,1.83333333333333,12317.580884083,12318.17786375,9,12317.680714833,12317.746868208,12318.2031325,12320.029834375,1,0.596979666999687
225,23,22,categorization,0,bedroom,SHINEd_bedroom_068.tif,38,0.1,0.0666666666666667,0.833333333333333,12320.047799458,12320.590285458,9,12320.147631208,12320.213703791,12320.620165,12321.446874708,1,0.542486000000281
225,24,22,categorization,0,bedroom,SHINEd_bedroom_056.tif,35,0.1,0.0666666666666667,0.983333333333333,12321.462247583,12322.013135958,13,12321.562310541,12321.628613208,12322.030883125,12323.007553541,0,0.550888374998976
225,25,22,categorization,0,livingroom,SHINEd_livingroom_037.tif,86,0.1,0.0666666666666667,1.06666666666667,12323.012877333,12323.692800791,13,12323.108052333,12323.168927375,12323.704211666,12324.764262666,1,0.679923457999394
225,26,22,categorization,0,bedroom,SHINEd_bedroom_085.tif,44,0.1,0.0666666666666667,1.65,12324.773318458,12325.617722,9,12324.871551,12324.936557875,12325.642877458,12327.28626075,1,0.844403542001601
225,27,22,categorization,0,bedroom,SHINEd_bedroom_016.tif,17,0.1,0.0666666666666667,0.7,12327.301146125,12327.912088166,9,12327.400952166,12327.467091958,12327.940255708,12328.633640875,1,0.610942040999362
225,28,22,categorization,0,livingroom,SHINEd_livingroom_020.tif,75,0.1,0.0666666666666667,1.51666666666667,12328.64517575,12329.349256333,9,12328.74525775,12328.806203083,12329.358062916,12330.868108583,0,0.704080583000177
225,29,22,categorization,0,livingroom,SHINEd_livingroom_089.tif,107,0.1,0.0666666666666667,1.03333333333333,12330.877484625,12331.52897375,9,12330.977322666,12331.0437315,12331.550425625,12332.57714975,0,0.651489125000808
225,30,22,categorization,0,bedroom,SHINEd_bedroom_036.tif,25,0.1,0.0666666666666667,1.68333333333333,12332.588840541,12333.576046208,13,12332.687254166,12332.753542375,12333.593068875,12335.269770791,0,0.987205666999216
225,31,22,categorization,0,livingroom,SHINEd_livingroom_048.tif,91,0.1,0.0666666666666667,1.5,12335.288249791,12335.990253375,13,12335.3882395,12335.4540545,12336.010372958,12337.50375825,1,0.702003583999613
225,32,22,categorization,0,bedroom,SHINEd_bedroom_089.tif,46,0.1,0.0666666666666667,1.76666666666667,12337.519278583,12338.215264125,9,12337.619379375,12337.685486125,12338.241894041,12340.001927416,1,0.695985541999107
225,33,22,categorization,0,livingroom,SHINEd_livingroom_005.tif,64,0.1,0.0666666666666667,1.48333333333333,12340.020939083,12340.709548416,13,12340.120619166,12340.187523708,12340.727171583,12342.203895833,1,0.688609332999476
225,34,22,categorization,0,livingroom,SHINEd_livingroom_059.tif,98,0.1,0.0666666666666667,1.2,12342.2213825,12343.606063625,9,12342.321338875,12342.387913208,12343.630354333,12344.823712458,0,1.3846811250005
225,35,22,categorization,0,bedroom,SHINEd_bedroom_032.tif,24,0.1,0.0666666666666667,0.833333333333333,12344.832747041,12345.506774958,9,12344.932920875,12344.998877583,12345.521170375,12346.347870958,1,0.674027916998966
225,36,22,categorization,0,livingroom,SHINEd_livingroom_081.tif,103,0.1,0.0666666666666667,0.816666666666667,12346.363312791,12346.964356958,13,12346.463948291,12346.529138958,12346.981008708,12347.791013791,1,0.601044167000509
225,37,22,categorization,0,livingroom,SHINEd_livingroom_028.tif,80,0.1,0.0666666666666667,0.766666666666667,12347.796689166,12348.629298458,13,12347.891975875,12347.952730375,12348.637850833,12349.397855833,1,0.832609291999688
225,38,22,categorization,0,bedroom,SHINEd_bedroom_097.tif,49,0.1,0.0666666666666667,1,12349.403649833,12350.076701916,9,12349.498775041,12349.559768791,12350.094944,12351.088282125,1,0.673052082998765
225,39,22,categorization,0,livingroom,SHINEd_livingroom_055.tif,96,0.1,0.0666666666666667,1.03333333333333,12351.093870458,12351.988703291,13,12351.188967958,12351.249962375,12352.001803375,12353.028526958,1,0.894832832998873
225,40,22,categorization,0,bedroom,SHINEd_bedroom_011.tif,14,0.1,0.0666666666666667,1.25,12353.039811416,12353.60105725,9,12353.137824625,12353.2023205,12353.625337291,12354.868722541,1,0.561245834000147
225,41,22,categorization,0,livingroom,SHINEd_livingroom_060.tif,99,0.1,0.0666666666666667,1.25,12354.8782245,12355.708657,13,12354.978079541,12355.044395083,12355.712964125,12356.956333791,1,0.830432499999006
225,42,22,categorization,0,bedroom,SHINEd_bedroom_086.tif,45,0.1,0.0666666666666667,1.36666666666667,12356.972490916,12357.666243875,9,12357.072194666,12357.13983925,12357.696082,12359.056129125,1,0.693752959001358
225,43,22,categorization,0,livingroom,SHINEd_livingroom_052.tif,94,0.1,0.0666666666666667,0.8,12359.0736975,12359.822389375,13,12359.173213,12359.240048041,12359.846332333,12360.639720083,1,0.748691875000077
225,44,22,categorization,0,bedroom,SHINEd_bedroom_125.tif,59,0.1,0.0666666666666667,0.866666666666667,12360.656139833,12361.477021583,13,12360.755875291,12360.8188485,12361.487472958,12362.347479458,0,0.820881749999899
225,45,22,categorization,0,livingroom,SHINEd_livingroom_012.tif,69,0.1,0.0666666666666667,1.11666666666667,12362.353132791,12362.988296041,13,12362.448458416,12362.509201375,12362.994487208,12364.104520708,1,0.635163249999096
225,46,22,categorization,0,livingroom,SHINEd_livingroom_013.tif,70,0.1,0.0666666666666667,1.35,12364.113504333,12364.847318958,13,12364.2130715,12364.279877708,12364.867631458,12366.211004,1,0.733814625000377
225,47,22,categorization,0,bedroom,SHINEd_bedroom_126.tif,60,0.1,0.0666666666666667,1.05,12366.228714166,12367.239658166,9,12366.328977916,12366.394687958,12367.269255166,12368.312636083,1,1.01094399999965
225,48,22,categorization,0,bedroom,SHINEd_bedroom_029.tif,22,0.1,0.0666666666666667,0.95,12368.323829708,12368.983624791,9,12368.421932791,12368.48958975,12369.012651208,12369.956054875,1,0.659795083000063
225,49,22,categorization,0,livingroom,SHINEd_livingroom_022.tif,76,0.1,0.0666666666666667,1.15,12369.971779,12370.556733458,13,12370.071575458,12370.13769225,12370.572763333,12371.716148458,1,0.584954457999629
225,50,22,categorization,0,livingroom,SHINEd_livingroom_054.tif,95,0.1,0.0666666666666667,1.73333333333333,12371.725218,12372.692328291,9,12371.825120166,12371.891303791,12372.714537833,12374.441260833,0,0.967110290999699
225,1,23,categorization,0,bedroom,SHINEd_bedroom_048.tif,32,0.1,0.0666666666666667,1.48333333333333,12390.26693625,12391.020450541,13,12390.362932333,12390.423312416,12391.025320166,12392.50203925,0,0.753514291000101
225,2,23,categorization,0,bedroom,SHINEd_bedroom_112.tif,53,0.1,0.0666666666666667,0.833333333333333,12392.517280458,12393.405029791,9,12392.618950583,12392.683380541,12393.422955916,12394.249627916,1,0.887749333000102
225,3,23,categorization,0,bedroom,SHINEd_bedroom_041.tif,27,0.1,0.0666666666666667,1,12394.255331708,12394.908686583,9,12394.350339708,12394.411391791,12394.91314225,12395.90647975,1,0.653354874999422
225,4,23,categorization,0,bedroom,SHINEd_bedroom_056.tif,35,0.1,0.0666666666666667,1.21666666666667,12395.912169083,12396.676976166,9,12396.007281833,12396.068668916,12396.687079333,12397.897114625,1,0.764807083000051
225,5,23,categorization,0,livingroom,SHINEd_livingroom_024.tif,78,0.1,0.0666666666666667,0.866666666666667,12397.910824333,12398.503797458,13,12398.011136166,12398.076911458,12398.533332041,12399.393386458,1,0.592973124999844
225,6,23,categorization,0,bedroom,SHINEd_bedroom_032.tif,24,0.1,0.0666666666666667,0.983333333333333,12399.406619333,12400.140417958,9,12399.506593583,12399.568768333,12400.154205333,12401.13087725,1,0.733798625000418
225,7,23,categorization,0,bedroom,SHINEd_bedroom_012.tif,15,0.1,0.0666666666666667,1.71666666666667,12401.136511791,12401.845154083,9,12401.231605666,12401.292626041,12401.861121708,12403.571175875,1,0.708642291998331
225,8,23,categorization,0,livingroom,SHINEd_livingroom_050.tif,93,0.1,0.0666666666666667,0.9,12403.588387416,12404.242243375,13,12403.688127916,12403.754179333,12404.259812625,12405.153150583,1,0.653855958998975
225,9,23,categorization,0,bedroom,SHINEd_bedroom_090.tif,47,0.1,0.0666666666666667,0.916666666666667,12405.16025025,12405.764306791,13,12405.255419208,12405.316280083,12405.76803325,12406.678038708,0,0.604056540998499
225,10,23,categorization,0,livingroom,SHINEd_livingroom_007.tif,66,0.1,0.0666666666666667,1.8,12406.683559958,12407.292546625,9,12406.778641625,12406.839719208,12407.308245916,12409.101632,0,0.608986666999044
225,11,23,categorization,0,livingroom,SHINEd_livingroom_032.tif,84,0.1,0.0666666666666667,0.766666666666667,12409.115509708,12409.757584,13,12409.215410666,12409.281509583,12409.787818625,12410.547822458,1,0.642074291999961
225,12,23,categorization,0,bedroom,SHINEd_bedroom_052.tif,34,0.1,0.0666666666666667,1.45,12410.553617916,12411.148879041,13,12410.648695375,12410.709608916,12411.161361791,12412.604751333,0,0.595261124999524
225,13,23,categorization,0,livingroom,SHINEd_livingroom_073.tif,102,0.1,0.0666666666666667,1.11666666666667,12412.622897333,12413.278692125,9,12412.722651541,12412.789155583,12413.2951535,12414.405204083,0,0.655794792000961
225,14,23,categorization,0,bedroom,SHINEd_bedroom_114.tif,54,0.1,0.0666666666666667,0.716666666666667,12414.415739,12415.08070275,9,12414.515379458,12414.581718125,12415.105058666,12415.815108041,1,0.664963749999515
225,15,23,categorization,0,bedroom,SHINEd_bedroom_020.tif,19,0.1,0.0666666666666667,0.8,12415.830595041,12416.467978708,9,12415.930365041,12415.996704416,12416.4825215,12417.275860916,1,0.637383667000904
225,16,23,categorization,0,livingroom,SHINEd_livingroom_031.tif,83,0.1,0.0666666666666667,0.816666666666667,12417.281902333,12417.916907458,13,12417.377007416,12417.437979166,12417.923002708,12418.733006083,1,0.635005125001044
225,17,23,categorization,0,livingroom,SHINEd_livingroom_005.tif,64,0.1,0.0666666666666667,1.08333333333333,12418.738641666,12419.3082945,13,12418.833622208,12418.894630833,12419.312929375,12420.389637458,1,0.569652834001317
225,18,23,categorization,0,livingroom,SHINEd_livingroom_060.tif,99,0.1,0.0666666666666667,1.28333333333333,12420.399038,12421.041948166,13,12420.496578583,12420.565012875,12421.071644458,12422.348318625,1,0.642910165999638
225,19,23,categorization,0,bedroom,SHINEd_bedroom_046.tif,30,0.1,0.0666666666666667,1.6,12422.354044083,12422.965002166,13,12422.449134125,12422.510276333,12422.978791666,12424.572176208,0,0.610958082999787
225,20,23,categorization,0,bedroom,SHINEd_bedroom_042.tif,28,0.1,0.0666666666666667,1.28333333333333,12424.589272375,12425.383397291,9,12424.68867525,12424.755334375,12425.412203458,12426.6889085,1,0.794124915999419
225,21,23,categorization,0,livingroom,SHINEd_livingroom_029.tif,81,0.1,0.0666666666666667,1.9,12426.707022458,12427.450169583,13,12426.804952958,12426.867369833,12427.472537791,12429.365908666,1,0.743147125000178
225,22,23,categorization,0,livingroom,SHINEd_livingroom_001.tif,61,0.1,0.0666666666666667,1.61666666666667,12429.384823916,12430.040140458,13,12429.484685166,12429.551202,12430.057413583,12431.667469125,1,0.655316542000946
225,23,23,categorization,0,bedroom,SHINEd_bedroom_079.tif,42,0.1,0.0666666666666667,1.4,12431.686097958,12432.378661416,13,12431.786146791,12431.852278375,12432.409132125,12433.802510666,0,0.692563458000222
225,24,23,categorization,0,livingroom,SHINEd_livingroom_008.tif,67,0.1,0.0666666666666667,0.95,12433.821561041,12434.352802,13,12433.921233541,12433.98804525,12434.377874666,12435.321262708,1,0.531240958998751
225,25,23,categorization,0,bedroom,SHINEd_bedroom_051.tif,33,0.1,0.0666666666666667,1.25,12435.338293708,12436.060731541,9,12435.434467,12435.494567708,12436.079528666,12437.322917041,1,0.722437832999276
225,26,23,categorization,0,livingroom,SHINEd_livingroom_022.tif,76,0.1,0.0666666666666667,0.95,12437.341388083,12438.037924833,13,12437.441021291,12437.507828,12438.064413958,12439.007787291,1,0.696536749999723
225,27,23,categorization,0,bedroom,SHINEd_bedroom_039.tif,26,0.1,0.0666666666666667,1.06666666666667,12439.024881083,12439.644350416,9,12439.124501125,12439.189398166,12439.657937208,12440.717974208,1,0.61946933299987
225,28,23,categorization,0,bedroom,SHINEd_bedroom_011.tif,14,0.1,0.0666666666666667,0.816666666666667,12440.72694575,12441.405683541,13,12440.824783875,12440.888441,12441.428170041,12442.238222666,0,0.678737790998639
225,29,23,categorization,0,livingroom,SHINEd_livingroom_020.tif,75,0.1,0.0666666666666667,0.833333333333333,12442.254726333,12443.004613666,13,12442.354502583,12442.420720375,12443.022536375,12443.849207833,1,0.749887333000515
225,30,23,categorization,0,livingroom,SHINEd_livingroom_092.tif,109,0.1,0.0666666666666667,1.16666666666667,12443.854953083,12444.588431458,13,12443.950108708,12444.011006041,12444.596042291,12445.75608975,1,0.733478374999322
225,31,23,categorization,0,bedroom,SHINEd_bedroom_062.tif,36,0.1,0.0666666666666667,1.85,12445.767486625,12446.471670083,13,12445.866376,12445.934023541,12446.490565,12448.33393475,0,0.704183457999534
225,32,23,categorization,0,bedroom,SHINEd_bedroom_126.tif,60,0.1,0.0666666666666667,1.55,12448.352652625,12449.030099291,13,12448.452783791,12448.516567041,12449.056016583,12450.599395541,0,0.677446665999014
225,33,23,categorization,0,bedroom,SHINEd_bedroom_045.tif,29,0.1,0.0666666666666667,2,12450.617843583,12451.256766416,13,12450.718403416,12450.784283541,12451.274320416,12453.267698125,0,0.638922832999015
225,34,23,categorization,0,livingroom,SHINEd_livingroom_004.tif,63,0.1,0.0666666666666667,1.03333333333333,12453.2850035,12454.070336375,9,12453.384537791,12453.451969,12454.091667416,12455.1183775,0,0.785332875000677
225,35,23,categorization,0,bedroom,SHINEd_bedroom_080.tif,43,0.1,0.0666666666666667,1.01666666666667,12455.13083,12455.773178416,9,12455.229222708,12455.294094041,12455.800691875,12456.810745041,1,0.642348416000459
225,36,23,categorization,0,livingroom,SHINEd_livingroom_013.tif,70,0.1,0.0666666666666667,0.716666666666667,12456.821447125,12457.492829875,13,12456.921738375,12456.987690458,12457.506580166,12458.216585083,1,0.671382750000703
225,37,23,categorization,0,livingroom,SHINEd_livingroom_037.tif,86,0.1,0.0666666666666667,1.15,12458.22218575,12458.884430666,13,12458.317319375,12458.378260208,12458.896865833,12460.040239791,1,0.662244915998599
225,38,23,categorization,0,livingroom,SHINEd_livingroom_014.tif,71,0.1,0.0666666666666667,1.06666666666667,12460.049143541,12460.647467541,13,12460.149339958,12460.21556975,12460.671708666,12461.731755625,1,0.598324000000503
225,39,23,categorization,0,livingroom,SHINEd_livingroom_018.tif,73,0.1,0.0666666666666667,1.06666666666667,12461.7475945,12462.548684333,13,12461.847365208,12461.913711791,12462.566006625,12463.626043583,1,0.801089832999423
225,40,23,categorization,0,livingroom,SHINEd_livingroom_049.tif,92,0.1,0.0666666666666667,1.23333333333333,12463.637747916,12464.293507291,13,12463.735989666,12463.804212541,12464.310207541,12465.536926458,1,0.655759375000343
225,41,23,categorization,0,bedroom,SHINEd_bedroom_116.tif,55,0.1,0.0666666666666667,1.06666666666667,12465.556013458,12466.204477416,13,12465.651875291,12465.712093583,12466.213900166,12467.273942458,0,0.64846395800123
225,42,23,categorization,0,livingroom,SHINEd_livingroom_010.tif,68,0.1,0.0666666666666667,1.31666666666667,12467.283884958,12468.02608725,13,12467.382209708,12467.449891083,12468.056736583,12469.366769083,1,0.742202292000002
225,43,23,categorization,0,bedroom,SHINEd_bedroom_008.tif,11,0.1,0.0666666666666667,1.23333333333333,12469.377132666,12469.967918333,9,12469.477299958,12469.541873458,12469.980534375,12471.207250583,1,0.590785667000091
225,44,23,categorization,0,livingroom,SHINEd_livingroom_081.tif,103,0.1,0.0666666666666667,0.95,12471.229575583,12471.820345333,13,12471.330256958,12471.39615375,12471.831620625,12472.774958875,1,0.590769750000618
225,45,23,categorization,0,bedroom,SHINEd_bedroom_018.tif,18,0.1,0.0666666666666667,1.8,12472.780687791,12473.292865291,9,12472.875654375,12472.936696,12473.305281708,12475.098666041,1,0.51217749999887
225,46,23,categorization,0,livingroom,SHINEd_livingroom_052.tif,94,0.1,0.0666666666666667,1.55,12475.118535375,12475.6940565,13,12475.21912025,12475.285058125,12475.707486875,12477.250851916,1,0.575521124999796
225,47,23,categorization,0,bedroom,SHINEd_bedroom_030.tif,23,0.1,0.0666666666666667,1.65,12477.270435041,12477.918311833,13,12477.370834666,12477.437300583,12477.943790333,12479.587157208,0,0.647876791999806
225,48,23,categorization,0,bedroom,SHINEd_bedroom_118.tif,56,0.1,0.0666666666666667,1.91666666666667,12479.606434708,12480.263671708,9,12479.70633075,12479.772050333,12480.277671625,12482.187713208,1,0.65723700000126
225,49,23,categorization,0,livingroom,SHINEd_livingroom_090.tif,108,0.1,0.0666666666666667,1.91666666666667,12482.206678416,12482.9563575,13,12482.306664416,12482.372755916,12482.979589625,12484.889640916,1,0.749679083999581
225,50,23,categorization,0,bedroom,SHINEd_bedroom_097.tif,49,0.1,0.0666666666666667,0.9,12484.90493825,12485.552363291,9,12485.005213125,12485.071170708,12485.577931416,12486.471269916,1,0.647425041001043
225,1,24,categorization,0,bedroom,SHINEd_bedroom_075.tif,41,0.1,0.0666666666666667,1.03333333333333,12501.287128583,12502.636507833,9,12501.383065583,12501.443235208,12502.645554708,12503.672263875,1,1.3493792499994
225,2,24,categorization,0,bedroom,SHINEd_bedroom_025.tif,21,0.1,0.0666666666666667,0.816666666666667,12503.683293625,12504.421411625,13,12503.781538208,12503.848139125,12504.437128166,12505.247174333,0,0.738118000001123
225,3,24,categorization,0,livingroom,SHINEd_livingroom_023.tif,77,0.1,0.0666666666666667,0.866666666666667,12505.26357825,12505.940845083,13,12505.363625833,12505.429887666,12505.948470916,12506.808477083,1,0.677266832999521
225,4,24,categorization,0,bedroom,SHINEd_bedroom_119.tif,57,0.1,0.0666666666666667,0.966666666666667,12506.814188458,12507.4677465,13,12506.90927525,12506.97018275,12507.471967416,12508.431972625,0,0.653558042000441
225,5,24,categorization,0,bedroom,SHINEd_bedroom_106.tif,52,0.1,0.0666666666666667,1.38333333333333,12508.437663708,12509.083951041,9,12508.532734791,12508.593873291,12509.095561958,12510.472271375,1,0.646287333000146
225,6,24,categorization,0,livingroom,SHINEd_livingroom_012.tif,69,0.1,0.0666666666666667,0.716666666666667,12510.49004775,12511.145709583,13,12510.589747,12510.655839833,12511.161573083,12511.871606791,1,0.655661832999613
225,7,24,categorization,0,bedroom,SHINEd_bedroom_099.tif,51,0.1,0.0666666666666667,1.41666666666667,12511.887644375,12512.668754458,13,12511.98763125,12512.053633958,12512.672340625,12514.082383208,0,0.781110083000385
225,8,24,categorization,0,livingroom,SHINEd_livingroom_089.tif,107,0.1,0.0666666666666667,0.75,12514.101851041,12514.844531333,9,12514.201896166,12514.2683745,12514.855823541,12515.599191416,0,0.742680291999932
225,9,24,categorization,0,bedroom,SHINEd_bedroom_093.tif,48,0.1,0.0666666666666667,0.883333333333333,12515.615541791,12516.404174666,9,12515.715680541,12515.77529525,12516.410647125,12517.2873185,1,0.788632875000985
225,10,24,categorization,0,bedroom,SHINEd_bedroom_016.tif,17,0.1,0.0666666666666667,0.7,12517.292791458,12517.875979083,9,12517.388022416,12517.448822208,12517.883960583,12518.577298458,1,0.583187625001301
225,11,24,categorization,0,bedroom,SHINEd_bedroom_036.tif,25,0.1,0.0666666666666667,1.6,12518.582665458,12519.28386575,9,12518.677699208,12518.738766291,12519.290491583,12520.883877,1,0.701200292000067
225,12,24,categorization,0,livingroom,SHINEd_livingroom_047.tif,90,0.1,0.0666666666666667,1.91666666666667,12520.897005833,12521.759311208,13,12520.996690916,12521.062943208,12521.785919625,12523.695955833,1,0.862305374999778
225,13,24,categorization,0,livingroom,SHINEd_livingroom_043.tif,88,0.1,0.0666666666666667,1.36666666666667,12523.712233875,12524.364808416,13,12523.812231125,12523.878795875,12524.385020625,12525.745062541,1,0.652574540999922
225,14,24,categorization,0,livingroom,SHINEd_livingroom_003.tif,62,0.1,0.0666666666666667,1.58333333333333,12525.763100583,12526.442513125,13,12525.8630625,12525.92916,12526.469685791,12528.046385708,1,0.679412541998317
225,15,24,categorization,0,livingroom,SHINEd_livingroom_059.tif,98,0.1,0.0666666666666667,0.866666666666667,12528.063981833,12528.722122666,13,12528.163905083,12528.230012041,12528.735606958,12529.59565225,1,0.658140833000289
225,16,24,categorization,0,livingroom,SHINEd_livingroom_006.tif,65,0.1,0.0666666666666667,1.3,12529.603433875,12530.195908541,13,12529.698807416,12529.759585458,12530.211416208,12531.504798,1,0.592474666000271
225,17,24,categorization,0,livingroom,SHINEd_livingroom_068.tif,100,0.1,0.0666666666666667,0.75,12531.523074291,12532.064813166,13,12531.622815875,12531.689257666,12532.077550916,12532.820920833,1,0.541738874999282
225,18,24,categorization,0,bedroom,SHINEd_bedroom_014.tif,16,0.1,0.0666666666666667,0.816666666666667,12532.831260208,12533.388345916,9,12532.93191175,12532.997440166,12533.399466833,12534.209471791,1,0.557085708000159
225,19,24,categorization,0,livingroom,SHINEd_livingroom_054.tif,95,0.1,0.0666666666666667,1.03333333333333,12534.215157958,12534.844752958,13,12534.310515375,12534.37157375,12534.856724625,12535.883447375,1,0.629595000000336
225,20,24,categorization,0,bedroom,SHINEd_bedroom_085.tif,44,0.1,0.0666666666666667,1.01666666666667,12535.895899333,12536.549955125,9,12535.993967125,12536.060540666,12536.565931083,12537.575966541,1,0.654055791999781
225,21,24,categorization,0,livingroom,SHINEd_livingroom_088.tif,106,0.1,0.0666666666666667,1.21666666666667,12537.587441,12538.172336666,13,12537.687320791,12537.753545916,12538.188964625,12539.399004041,1,0.584895666001103
225,22,24,categorization,0,livingroom,SHINEd_livingroom_055.tif,96,0.1,0.0666666666666667,1.28333333333333,12539.417081,12540.08090325,13,12539.517482041,12539.583183666,12540.106579958,12541.383279458,1,0.663822250000521
225,23,24,categorization,0,livingroom,SHINEd_livingroom_019.tif,74,0.1,0.0666666666666667,0.75,12541.400157375,12542.013673125,13,12541.499965541,12541.566918625,12542.039564208,12542.782935875,1,0.61351575000117
225,24,24,categorization,0,bedroom,SHINEd_bedroom_125.tif,59,0.1,0.0666666666666667,1.26666666666667,12542.796807875,12543.491735,13,12542.894918041,12542.962888958,12543.498672125,12544.75872575,0,0.694927124999595
225,25,24,categorization,0,livingroom,SHINEd_livingroom_016.tif,72,0.1,0.0666666666666667,1.53333333333333,12544.778204583,12545.441443291,13,12544.876606708,12544.944200416,12545.467443083,12546.994154833,1,0.663238707998971
225,26,24,categorization,0,bedroom,SHINEd_bedroom_068.tif,38,0.1,0.0666666666666667,0.733333333333333,12547.006848458,12547.80644725,9,12547.1064065,12547.17291725,12547.829656125,12548.556363208,1,0.799598791998505
225,27,24,categorization,0,bedroom,SHINEd_bedroom_010.tif,13,0.1,0.0666666666666667,0.916666666666667,12548.572740416,12549.156548625,9,12548.668451333,12548.728953958,12549.16399075,12550.073995041,1,0.583808208999471
225,28,24,categorization,0,livingroom,SHINEd_livingroom_046.tif,89,0.1,0.0666666666666667,0.9,12550.079656541,12550.724646375,9,12550.174872875,12550.23572825,12550.737653416,12551.630992708,0,0.644989833999716
225,29,24,categorization,0,bedroom,SHINEd_bedroom_086.tif,45,0.1,0.0666666666666667,0.916666666666667,12551.636766791,12552.212261375,9,12551.731811625,12551.792914333,12552.228004666,12553.138008375,1,0.575494583999898
225,30,24,categorization,0,livingroom,SHINEd_livingroom_036.tif,85,0.1,0.0666666666666667,1.23333333333333,12553.143683375,12553.692305625,13,12553.238762166,12553.299709208,12553.701345583,12554.928054458,1,0.548622250000335
225,31,24,categorization,0,livingroom,SHINEd_livingroom_087.tif,105,0.1,0.0666666666666667,1.53333333333333,12554.938335291,12555.56534475,13,12555.038264541,12555.104383458,12555.594389166,12557.121104375,1,0.627009458999964
225,32,24,categorization,0,bedroom,SHINEd_bedroom_009.tif,12,0.1,0.0666666666666667,0.85,12557.139155791,12557.728013,9,12557.238990375,12557.305438958,12557.745078083,12558.588469541,1,0.588857209000707
225,33,24,categorization,0,livingroom,SHINEd_livingroom_072.tif,101,0.1,0.0666666666666667,1.45,12558.605654875,12559.308268333,13,12558.706111708,12558.771844875,12559.323760791,12560.767127458,1,0.702613457999178
225,34,24,categorization,0,bedroom,SHINEd_bedroom_120.tif,58,0.1,0.0666666666666667,1.78333333333333,12560.784596958,12561.488200708,9,12560.882242291,12560.950910625,12561.507227916,12563.283940666,1,0.703603750000184
225,35,24,categorization,0,livingroom,SHINEd_livingroom_62.tif,110,0.1,0.0666666666666667,1.8,12563.302695,12563.97657725,13,12563.40282575,12563.469217625,12563.99144225,12565.784824416,1,0.673882249999224
225,36,24,categorization,0,bedroom,SHINEd_bedroom_067.tif,37,0.1,0.0666666666666667,0.75,12565.802023625,12566.616607541,13,12565.902001875,12565.9686115,12566.641991333,12567.385328541,0,0.814583916000629
225,37,24,categorization,0,bedroom,SHINEd_bedroom_047.tif,31,0.1,0.0666666666666667,1.15,12567.393307875,12568.09963525,13,12567.488487416,12567.549393291,12568.117797166,12569.261172416,0,0.70632737500091
225,38,24,categorization,0,bedroom,SHINEd_bedroom_029.tif,22,0.1,0.0666666666666667,1.38333333333333,12569.269935375,12569.808363208,9,12569.370080875,12569.4362795,12569.825403166,12571.202110333,1,0.538427833000242
225,39,24,categorization,0,livingroom,SHINEd_livingroom_039.tif,87,0.1,0.0666666666666667,1.43333333333333,12571.2128395,12572.015743416,13,12571.311912875,12571.378809041,12572.0350535,12573.461771875,1,0.802903915999195
225,40,24,categorization,0,bedroom,SHINEd_bedroom_089.tif,46,0.1,0.0666666666666667,1,12573.479646375,12574.0713485,9,12573.578142625,12573.646008958,12574.085072083,12575.07845025,1,0.591702124998847
225,41,24,categorization,0,bedroom,SHINEd_bedroom_023.tif,20,0.1,0.0666666666666667,0.7,12575.094884875,12575.643992125,9,12575.194980291,12575.261263708,12575.663911166,12576.357249166,1,0.549107250000816
225,42,24,categorization,0,livingroom,SHINEd_livingroom_057.tif,97,0.1,0.0666666666666667,0.733333333333333,12576.362512791,12576.979969875,13,12576.45766575,12576.51865575,12576.987193916,12577.713864208,1,0.617457083999398
225,43,24,categorization,0,livingroom,SHINEd_livingroom_048.tif,91,0.1,0.0666666666666667,1.43333333333333,12577.719131,12578.412342333,13,12577.814151,12577.875156541,12578.426907958,12579.853634416,1,0.693211333000363
225,44,24,categorization,0,livingroom,SHINEd_livingroom_083.tif,104,0.1,0.0666666666666667,1.13333333333333,12579.872673916,12580.441877333,13,12579.972724416,12580.038699625,12580.461954458,12581.588654541,1,0.569203417000608
225,45,24,categorization,0,bedroom,SHINEd_bedroom_069.tif,39,0.1,0.0666666666666667,0.7,12581.60578625,12582.26850175,9,12581.705905666,12581.772115375,12582.295392333,12582.988778833,1,0.662715500000559
225,46,24,categorization,0,livingroom,SHINEd_livingroom_028.tif,80,0.1,0.0666666666666667,0.716666666666667,12583.006037833,12583.811553,9,12583.105864916,12583.172079625,12583.8241015,12584.534105791,0,0.805515166999612
225,47,24,categorization,0,bedroom,SHINEd_bedroom_098.tif,50,0.1,0.0666666666666667,1.33333333333333,12584.53968225,12585.188505666,9,12584.634789333,12584.69573325,12585.19753475,12586.524240958,1,0.648823415998777
225,48,24,categorization,0,bedroom,SHINEd_bedroom_074.tif,40,0.1,0.0666666666666667,1.73333333333333,12586.542719625,12587.185012666,9,12586.64269425,12586.708773791,12587.215428166,12588.942146958,1,0.642293040998993
225,49,24,categorization,0,livingroom,SHINEd_livingroom_030.tif,82,0.1,0.0666666666666667,0.733333333333333,12588.957232333,12589.575268166,9,12589.05705325,12589.123869583,12589.597370458,12590.324089375,0,0.618035833000249
225,50,24,categorization,0,livingroom,SHINEd_livingroom_025.tif,79,0.1,0.0666666666666667,1.36666666666667,12590.341367833,12590.964319,9,12590.437254833,12590.497385708,12590.98250325,12592.342533791,0,0.622951167000792
