sub_num,trial,block,task,is_practice,category,image,texture,duration,mask_dur,jitter,stim_time,time_of_resp,trial_response,mask_time,fix_time,jit_onset,trial_end,trial_accuracy,RT
204,1,0,categorization,1,livingroom,practice_livingroom_024.tif,119,0.0833333333333333,0.05,1.61666666666667,340848.0274976,340849.3803807,74,340848.1107615,340848.154704,340849.3932171,340851.0032597,1,1.35288309998577
204,2,0,categorization,1,livingroom,practice_livingroom_013.tif,116,0.0833333333333333,0.05,1.26666666666667,340851.02154,340852.1865536,74,340851.1029163,340851.1457794,340852.1999603,340853.4600051,1,1.16501360002439
204,3,0,categorization,1,bedroom,practice_bedroom_024.tif,112,0.0833333333333333,0.05,0.966666666666667,340853.4766096,340854.1287741,70,340853.5580015,340853.6009256,340854.1383511,340855.0984022,1,0.652164499973878
204,4,0,categorization,1,livingroom,practice_livingroom_020.tif,118,0.0833333333333333,0.05,1.53333333333333,340855.1164148,340856.3314688,70,340855.1983064,340855.2405793,340856.3446304,340857.8713384,0,1.21505400002934
204,5,0,categorization,1,bedroom,practice_bedroom_054.tif,115,0.0833333333333333,0.05,1.66666666666667,340857.8884839,340859.0307531,74,340857.970313,340858.0129991,340859.0513142,340860.71144,0,1.1422692000051
204,6,0,categorization,1,bedroom,practice_bedroom_023.tif,111,0.0833333333333333,0.05,0.916666666666667,340860.7278084,340861.6266011,70,340860.8094483,340860.8520371,340861.6395167,340862.5495204,1,0.898792700027116
204,7,0,categorization,1,bedroom,practice_bedroom_051.tif,114,0.0833333333333333,0.05,0.883333333333333,340862.5658556,340863.7042575,74,340862.6467606,340862.6899607,340863.7105355,340864.5872057,0,1.13840190001065
204,8,0,categorization,1,livingroom,practice_livingroom_018.tif,117,0.0833333333333333,0.05,1.06666666666667,340864.6031649,340865.447994,74,340864.6846003,340864.7282677,340865.4670839,340866.5270899,1,0.84482910000952
204,9,0,categorization,1,livingroom,practice_livingroom_088.tif,120,0.0833333333333333,0.05,0.983333333333333,340866.5441714,340867.3307567,70,340866.6250567,340866.6680581,340867.3388636,340868.3155338,0,0.786585299996659
204,10,0,categorization,1,bedroom,practice_bedroom_041.tif,113,0.0833333333333333,0.05,1.8,340868.3324665,340869.3992042,70,340868.4134382,340868.4563396,340869.4102683,340871.2036071,1,1.06673770002089
204,1,1,categorization,0,livingroom,SHINEd_livingroom_014.tif,72,0.0833333333333333,0.05,1.35,340876.3246851,340877.2370441,74,340876.4055904,340876.4490113,340877.2535724,340878.596911,1,0.912359000009019
204,2,1,categorization,0,bedroom,SHINEd_bedroom_059.tif,37,0.0833333333333333,0.05,1,340878.6129971,340879.494543,74,340878.6938835,340878.7371072,340879.5080766,340880.5014147,0,0.881545900017954
204,3,1,categorization,0,livingroom,SHINEd_livingroom_029.tif,81,0.0833333333333333,0.05,1.06666666666667,340880.5172335,340881.5228243,74,340880.5980959,340880.6414054,340881.5285913,340882.5885962,1,1.0055907999631
204,4,1,categorization,0,livingroom,SHINEd_livingroom_068.tif,104,0.0833333333333333,0.05,0.916666666666667,340882.6043981,340883.4314185,70,340882.6853473,340882.7285886,340883.4496265,340884.3602892,0,0.827020400029141
204,5,1,categorization,0,bedroom,SHINEd_bedroom_062.tif,39,0.0833333333333333,0.05,1.56666666666667,340884.3767226,340885.3786073,70,340884.4577171,340884.5008683,340885.3881792,340886.948183,1,1.00188469997374
204,6,1,categorization,0,bedroom,SHINEd_bedroom_089.tif,49,0.0833333333333333,0.05,0.783333333333333,340886.952805,340888.2376838,74,340887.0311983,340887.0744033,340888.2425336,340889.019206,0,1.28487879998283
204,7,1,categorization,0,livingroom,SHINEd_livingroom_033.tif,84,0.0833333333333333,0.05,0.95,340889.0348871,340889.8134453,74,340889.1154816,340889.1588777,340889.8296164,340890.7729558,1,0.778558199992403
204,8,1,categorization,0,livingroom,SHINEd_livingroom_032.tif,83,0.0833333333333333,0.05,1.35,340890.7891099,340891.9867074,74,340890.8707671,340890.9133864,340892.001743,340893.3450822,1,1.19759749999503
204,9,1,categorization,0,livingroom,SHINEd_livingroom_047.tif,92,0.0833333333333333,0.05,1.3,340893.3622262,340894.3985011,70,340893.4437598,340893.4865592,340894.4076962,340895.701034,0,1.03627490001963
204,10,1,categorization,0,livingroom,SHINEd_livingroom_005.tif,65,0.0833333333333333,0.05,1.38333333333333,340895.7174108,340896.7454473,74,340895.7987069,340895.8429148,340896.764232,340898.1409022,1,1.02803650003625
204,11,1,categorization,0,livingroom,SHINEd_livingroom_031.tif,82,0.0833333333333333,0.05,1.01666666666667,340898.1568313,340899.3487064,74,340898.2392565,340898.2808438,340899.3683011,340900.3783069,1,1.19187510001939
204,12,1,categorization,0,bedroom,SHINEd_bedroom_075.tif,44,0.0833333333333333,0.05,1,340900.3957443,340901.264688,70,340900.4767101,340900.5196433,340901.273646,340902.2669829,1,0.868943700043019
204,13,1,categorization,0,livingroom,SHINEd_livingroom_052.tif,95,0.0833333333333333,0.05,0.8,340902.2835274,340903.0671593,70,340902.3650043,340902.408787,340903.0797626,340903.8731,0,0.783631899976172
204,14,1,categorization,0,livingroom,SHINEd_livingroom_060.tif,98,0.0833333333333333,0.05,0.75,340903.8892226,340904.9258488,70,340903.9705179,340904.0132075,340904.9337989,340905.6771365,0,1.03662620001705
204,15,1,categorization,0,livingroom,SHINEd_livingroom_004.tif,64,0.0833333333333333,0.05,0.8,340905.6929094,340906.8018308,74,340905.7742782,340905.8173805,340906.8213694,340907.6147058,1,1.10892140003853
204,16,1,categorization,0,livingroom,SHINEd_livingroom_050.tif,94,0.0833333333333333,0.05,1.95,340907.6303519,340908.4779085,74,340907.7116147,340907.7557794,340908.4931126,340910.436451,1,0.847556599997915
204,17,1,categorization,0,bedroom,SHINEd_bedroom_030.tif,25,0.0833333333333333,0.05,0.75,340910.4534049,340911.1042161,70,340910.535436,340910.5773749,340911.1148041,340911.8581414,1,0.650811200030148
204,18,1,categorization,0,bedroom,SHINEd_bedroom_098.tif,52,0.0833333333333333,0.05,0.733333333333333,340911.873806,340912.5130113,70,340911.9550297,340911.9978649,340912.518462,340913.2451378,1,0.639205300016329
204,19,1,categorization,0,livingroom,SHINEd_livingroom_081.tif,108,0.0833333333333333,0.05,0.816666666666667,340913.2618362,340914.0637254,74,340913.3433508,340913.3873101,340914.0749683,340914.8849715,1,0.801889199996367
204,20,1,categorization,0,bedroom,SHINEd_bedroom_032.tif,26,0.0833333333333333,0.05,1.01666666666667,340914.9010406,340915.5677788,70,340914.9821411,340915.0254131,340915.5792954,340916.5892998,1,0.666738200001419
204,21,1,categorization,0,livingroom,SHINEd_livingroom_056.tif,97,0.0833333333333333,0.05,1.81666666666667,340916.6063362,340917.264226,74,340916.6876665,340916.7305635,340917.2857691,340919.0957745,1,0.657889799971599
204,22,1,categorization,0,bedroom,SHINEd_bedroom_115.tif,55,0.0833333333333333,0.05,1.76666666666667,340919.1116766,340919.6723881,70,340919.1940741,340919.2359654,340919.6899431,340921.4499464,1,0.560711500002071
204,23,1,categorization,0,bedroom,SHINEd_bedroom_025.tif,22,0.0833333333333333,0.05,1.78333333333333,340921.4656641,340922.2419853,70,340921.5467063,340921.5897715,340922.2607768,340924.0374499,1,0.776321199955419
204,24,1,categorization,0,bedroom,SHINEd_bedroom_118.tif,57,0.0833333333333333,0.05,0.733333333333333,340924.0534442,340924.6861664,70,340924.1347554,340924.1773485,340924.6979819,340925.4246593,1,0.632722199952696
204,25,1,categorization,0,bedroom,SHINEd_bedroom_039.tif,28,0.0833333333333333,0.05,1.56666666666667,340925.4406573,340926.1050712,70,340925.5214932,340925.5643958,340926.1184159,340927.6784214,1,0.664413899998181
204,26,1,categorization,0,bedroom,SHINEd_bedroom_022.tif,21,0.0833333333333333,0.05,1.08333333333333,340927.6953032,340928.5539952,70,340927.776188,340927.8193481,340928.5738164,340929.6504873,1,0.858692000037991
204,27,1,categorization,0,bedroom,SHINEd_bedroom_019.tif,19,0.0833333333333333,0.05,1.08333333333333,340929.6667284,340930.4271608,70,340929.7481794,340929.7918169,340930.4461131,340931.5227851,1,0.760432400042191
204,28,1,categorization,0,bedroom,SHINEd_bedroom_048.tif,33,0.0833333333333333,0.05,1.38333333333333,340931.5388277,340932.2063329,70,340931.6197845,340931.6627912,340932.2171039,340933.5937754,1,0.667505199962761
204,29,1,categorization,0,livingroom,SHINEd_livingroom_065.tif,101,0.0833333333333333,0.05,1,340933.6118108,340934.2277467,74,340933.6926296,340933.7354429,340934.2396826,340935.2330218,1,0.615935900015756
204,30,1,categorization,0,bedroom,SHINEd_bedroom_008.tif,12,0.0833333333333333,0.05,0.75,340935.2506819,340936.1158806,70,340935.3322842,340935.3746288,340936.1286995,340936.872036,1,0.865198699990287
204,31,1,categorization,0,bedroom,SHINEd_bedroom_015.tif,17,0.0833333333333333,0.05,0.733333333333333,340936.8878922,340937.4856645,70,340936.9690255,340937.0120141,340937.4993712,340938.2260424,1,0.597772300010547
204,32,1,categorization,0,bedroom,SHINEd_bedroom_053.tif,34,0.0833333333333333,0.05,1.51666666666667,340938.241764,340938.9336826,74,340938.3244554,340938.3663603,340938.9539662,340940.4639697,0,0.691918600001372
204,33,1,categorization,0,livingroom,SHINEd_livingroom_012.tif,71,0.0833333333333333,0.05,0.8,340940.4800696,340941.2492984,70,340940.5609862,340940.6040619,340941.2579735,340942.0513097,0,0.769228800025303
204,34,1,categorization,0,bedroom,SHINEd_bedroom_097.tif,51,0.0833333333333333,0.05,0.733333333333333,340942.067038,340943.0369249,70,340942.1482387,340942.1912938,340943.0451772,340943.7718479,1,0.969886900042184
204,35,1,categorization,0,livingroom,SHINEd_livingroom_007.tif,67,0.0833333333333333,0.05,0.75,340943.7892463,340944.5853378,70,340943.8704474,340943.9134362,340944.6007357,340945.3440746,0,0.796091499971226
204,36,1,categorization,0,bedroom,SHINEd_bedroom_020.tif,20,0.0833333333333333,0.05,1.2,340945.3602547,340946.0356997,70,340945.4411947,340945.4844119,340946.055188,340947.248527,1,0.675445000000764
204,37,1,categorization,0,livingroom,SHINEd_livingroom_046.tif,91,0.0833333333333333,0.05,0.783333333333333,340947.2643747,340948.1501364,74,340947.3454651,340947.388697,340948.159339,340948.9360092,1,0.885761699988507
204,38,1,categorization,0,livingroom,SHINEd_livingroom_077.tif,107,0.0833333333333333,0.05,1.2,340948.9516907,340949.7056624,74,340949.0327263,340949.0758412,340949.7135098,340950.9068485,1,0.7539716999745
204,39,1,categorization,0,bedroom,SHINEd_bedroom_069.tif,42,0.0833333333333333,0.05,1.18333333333333,340950.9226452,340951.9911394,74,340951.0037673,340951.0468632,340952.0023894,340953.1790605,0,1.06849420000799
204,40,1,categorization,0,bedroom,SHINEd_bedroom_086.tif,48,0.0833333333333333,0.05,1.4,340953.1965138,340953.9098302,74,340953.2776172,340953.3205376,340953.924754,340955.318091,0,0.713316400011536
204,41,1,categorization,0,bedroom,SHINEd_bedroom_045.tif,30,0.0833333333333333,0.05,0.883333333333333,340955.3337582,340955.9775577,74,340955.4146435,340955.4577245,340955.9953359,340956.8720067,0,0.64379950001603
204,42,1,categorization,0,livingroom,SHINEd_livingroom_039.tif,88,0.0833333333333333,0.05,1.2,340956.888059,340957.6030814,70,340956.9694319,340957.0137309,340957.6178649,340958.8112029,0,0.715022399963345
204,43,1,categorization,0,bedroom,SHINEd_bedroom_047.tif,32,0.0833333333333333,0.05,1.63333333333333,340958.8270649,340959.6276525,74,340958.9083367,340958.9507127,340959.6387732,340961.2654442,0,0.800587599980645
204,44,1,categorization,0,bedroom,SHINEd_bedroom_120.tif,59,0.0833333333333333,0.05,0.95,340961.2827267,340961.9603003,74,340961.3651604,340961.4082264,340961.9789877,340962.9223269,0,0.677573599969037
204,45,1,categorization,0,bedroom,SHINEd_bedroom_068.tif,41,0.0833333333333333,0.05,1.45,340962.9389591,340963.5656533,70,340963.0207097,340963.06407,340963.584913,340965.0282514,1,0.626694199978374
204,46,1,categorization,0,livingroom,SHINEd_livingroom_048.tif,93,0.0833333333333333,0.05,1.35,340965.044377,340965.9050982,70,340965.1251744,340965.1683626,340965.9224976,340967.2658365,0,0.860721200006083
204,47,1,categorization,0,livingroom,SHINEd_livingroom_025.tif,78,0.0833333333333333,0.05,1.1,340967.2829068,340967.8625076,74,340967.3644324,340967.4070504,340967.8778378,340968.9711763,1,0.579600800003391
204,48,1,categorization,0,bedroom,SHINEd_bedroom_099.tif,53,0.0833333333333333,0.05,1.31666666666667,340968.9875739,340970.0521735,74,340969.0685379,340969.1118182,340970.0661321,340971.3761428,0,1.06459959998028
204,49,1,categorization,0,livingroom,SHINEd_livingroom_008.tif,68,0.0833333333333333,0.05,0.7,340971.3924342,340972.1641796,74,340971.473739,340971.5166064,340972.1707983,340972.8641364,1,0.771745400037616
204,50,1,categorization,0,bedroom,SHINEd_bedroom_016.tif,18,0.0833333333333333,0.05,0.866666666666667,340972.8802168,340973.5984234,70,340972.9611389,340973.0042039,340973.60834,340974.4683447,1,0.718206599995028
204,1,2,categorization,0,livingroom,SHINEd_livingroom_061.tif,99,0.0833333333333333,0.05,0.833333333333333,340984.7929789,340985.5867157,74,340984.8739304,340984.9171545,340985.6044149,340986.4310879,1,0.793736799969338
204,2,2,categorization,0,bedroom,SHINEd_bedroom_085.tif,47,0.0833333333333333,0.05,1.86666666666667,340986.447813,340987.3644094,70,340986.5288701,340986.5717428,340987.3757171,340989.2357216,1,0.916596399969421
204,3,2,categorization,0,bedroom,SHINEd_bedroom_074.tif,43,0.0833333333333333,0.05,1.4,340989.251684,340990.1816644,74,340989.3327426,340989.3756193,340990.1965289,340991.589866,0,0.929980399960186
204,4,2,categorization,0,bedroom,SHINEd_bedroom_036.tif,27,0.0833333333333333,0.05,1.48333333333333,340991.6058788,340992.2822294,70,340991.686959,340991.7298063,340992.3005624,340993.7772325,1,0.676350600027945
204,5,2,categorization,0,bedroom,SHINEd_bedroom_028.tif,24,0.0833333333333333,0.05,1.1,340993.7930523,340994.7985464,70,340993.8753184,340993.9170343,340994.8054403,340995.898778,1,1.00549409998348
204,6,2,categorization,0,bedroom,SHINEd_bedroom_116.tif,56,0.0833333333333333,0.05,1.45,340995.9161411,340996.681309,70,340995.9976691,340996.0406516,340996.6949251,340998.1382638,1,0.765167900011875
204,7,2,categorization,0,bedroom,SHINEd_bedroom_122.tif,60,0.0833333333333333,0.05,0.933333333333333,340998.1543076,340998.883714,74,340998.2352462,340998.2782948,340998.8993045,340999.8259759,0,0.729406400001608
204,8,2,categorization,0,bedroom,SHINEd_bedroom_057.tif,35,0.0833333333333333,0.05,1.23333333333333,340999.8416623,341000.5064059,70,340999.9225395,340999.9659682,341000.5200005,341001.7466714,1,0.66474360000575
204,9,2,categorization,0,bedroom,SHINEd_bedroom_067.tif,40,0.0833333333333333,0.05,0.783333333333333,341001.7622599,341002.593861,70,341001.8433401,341001.8880485,341002.6085061,341003.3851776,1,0.831601099984255
204,10,2,categorization,0,livingroom,SHINEd_livingroom_022.tif,76,0.0833333333333333,0.05,1.75,341003.4006998,341004.5610378,74,341003.4815895,341003.5250117,341004.579156,341006.3224938,1,1.16033799998695
204,11,2,categorization,0,bedroom,SHINEd_bedroom_009.tif,13,0.0833333333333333,0.05,1.5,341006.3384886,341007.7676708,70,341006.4195336,341006.4642666,341007.7866661,341009.2800037,1,1.4291821999941
204,12,2,categorization,0,livingroom,SHINEd_livingroom_015.tif,73,0.0833333333333333,0.05,1.78333333333333,341009.2962432,341010.1914366,74,341009.3772083,341009.4201906,341010.2074011,341011.9840737,1,0.89519339997787
204,13,2,categorization,0,livingroom,SHINEd_livingroom_085.tif,109,0.0833333333333333,0.05,0.933333333333333,341012.0006698,341013.054725,74,341012.0821058,341012.1248289,341013.0620317,341013.9887028,1,1.05405520001659
204,14,2,categorization,0,livingroom,SHINEd_livingroom_010.tif,70,0.0833333333333333,0.05,1.61666666666667,341014.0047104,341014.6925297,70,341014.0862141,341014.1286135,341014.6993436,341016.3093491,0,0.687819299986586
204,15,2,categorization,0,livingroom,SHINEd_livingroom_037.tif,87,0.0833333333333333,0.05,1.23333333333333,341016.3255452,341017.4973787,70,341016.407234,341016.451377,341017.5056104,341018.7322812,0,1.17183350003324
204,16,2,categorization,0,livingroom,SHINEd_livingroom_064.tif,100,0.0833333333333333,0.05,0.733333333333333,341018.7499192,341019.5316542,74,341018.8311933,341018.8750314,341019.5456022,341020.2722716,1,0.781734999967739
204,17,2,categorization,0,livingroom,SHINEd_livingroom_087.tif,110,0.0833333333333333,0.05,0.95,341020.2882515,341021.1198657,74,341020.3690427,341020.412213,341021.1327779,341022.0761174,1,0.831614200025797
204,18,2,categorization,0,livingroom,SHINEd_livingroom_016.tif,74,0.0833333333333333,0.05,1.08333333333333,341022.0924117,341022.9611707,74,341022.1738284,341022.2172577,341022.9725414,341024.0492133,1,0.868758999975398
204,19,2,categorization,0,bedroom,SHINEd_bedroom_112.tif,54,0.0833333333333333,0.05,1.2,341024.0658264,341024.9914543,70,341024.1474432,341024.1899155,341025.0107946,341026.2041334,1,0.925627899996471
204,20,2,categorization,0,livingroom,SHINEd_livingroom_027.tif,79,0.0833333333333333,0.05,1.65,341026.2218445,341027.1202053,74,341026.3031012,341026.3460473,341027.1332591,341028.7765956,1,0.898360799998045
204,21,2,categorization,0,livingroom,SHINEd_livingroom_006.tif,66,0.0833333333333333,0.05,1.1,341028.7932421,341029.4874272,74,341028.8758865,341028.9174907,341029.5047879,341030.5981274,1,0.694185100030154
204,22,2,categorization,0,bedroom,SHINEd_bedroom_012.tif,16,0.0833333333333333,0.05,0.916666666666667,341030.6159073,341031.3246397,70,341030.698376,341030.740143,341031.3448403,341032.2548453,1,0.708732400031295
204,23,2,categorization,0,livingroom,SHINEd_livingroom_043.tif,90,0.0833333333333333,0.05,1.26666666666667,341032.2709654,341033.2406182,74,341032.3521286,341032.3963642,341033.2503896,341034.5103944,1,0.969652800005861
204,24,2,categorization,0,bedroom,SHINEd_bedroom_080.tif,46,0.0833333333333333,0.05,1.28333333333333,341034.5262239,341035.4356342,70,341034.6080029,341034.6502178,341035.4543517,341036.731025,1,0.909410300024319
204,25,2,categorization,0,livingroom,SHINEd_livingroom_003.tif,63,0.0833333333333333,0.05,1.66666666666667,341036.7479472,341037.6732168,74,341036.829241,341036.872139,341037.6928567,341039.35286,1,0.92526959994575
204,26,2,categorization,0,livingroom,SHINEd_livingroom_019.tif,75,0.0833333333333333,0.05,0.9,341039.3688046,341040.2745689,70,341039.4495227,341039.4928618,341040.2807943,341041.1741314,0,0.905764300026931
204,27,2,categorization,0,livingroom,SHINEd_livingroom_076.tif,106,0.0833333333333333,0.05,1.28333333333333,341041.1899538,341042.1623471,74,341041.2711304,341041.3139557,341042.1679309,341043.4446033,1,0.972393299976829
204,28,2,categorization,0,livingroom,SHINEd_livingroom_001.tif,61,0.0833333333333333,0.05,1.65,341043.4606471,341044.6885355,74,341043.5417169,341043.5847689,341044.7056637,341046.3490027,1,1.22788840002613
204,29,2,categorization,0,livingroom,SHINEd_livingroom_036.tif,86,0.0833333333333333,0.05,0.833333333333333,341046.36484,341047.1734681,74,341046.4459924,341046.4888178,341047.1929228,341048.0195939,1,0.808628100028727
204,30,2,categorization,0,bedroom,SHINEd_bedroom_046.tif,31,0.0833333333333333,0.05,1.53333333333333,341048.0360266,341048.7872115,70,341048.1170958,341048.1613718,341048.7988918,341050.3255643,1,0.751184900000226
204,31,2,categorization,0,livingroom,SHINEd_livingroom_009.tif,69,0.0833333333333333,0.05,1.5,341050.3417755,341051.0002382,70,341050.4239713,341050.4665368,341051.0203502,341052.5136878,0,0.658462700026575
204,32,2,categorization,0,bedroom,SHINEd_bedroom_119.tif,58,0.0833333333333333,0.05,1.2,341052.5301073,341053.552887,70,341052.6115504,341052.6543904,341053.5585908,341054.7519293,1,1.02277970005525
204,33,2,categorization,0,livingroom,SHINEd_livingroom_023.tif,77,0.0833333333333333,0.05,1.23333333333333,341054.7679652,341055.5535457,70,341054.8487147,341054.8918876,341055.5627784,341056.7894505,0,0.78558049997082
204,34,2,categorization,0,bedroom,SHINEd_bedroom_011.tif,15,0.0833333333333333,0.05,1.2,341056.805901,341057.5471126,70,341056.8868544,341056.9299991,341057.5675209,341058.7608575,1,0.741211600019597
204,35,2,categorization,0,bedroom,SHINEd_bedroom_079.tif,45,0.0833333333333333,0.05,0.783333333333333,341058.7770172,341060.1463532,70,341058.858,341058.900977,341060.154919,341060.9315913,1,1.36933600000339
204,36,2,categorization,0,bedroom,SHINEd_bedroom_027.tif,23,0.0833333333333333,0.05,1.83333333333333,341060.9501457,341061.6460835,70,341061.0317694,341061.0757669,341061.6628027,341063.4894737,1,0.695937799988315
204,37,2,categorization,0,livingroom,SHINEd_livingroom_066.tif,102,0.0833333333333333,0.05,1.23333333333333,341063.506114,341064.0708072,74,341063.5873885,341063.6296609,341064.0836659,341065.3103365,1,0.564693199994508
204,38,2,categorization,0,livingroom,SHINEd_livingroom_067.tif,103,0.0833333333333333,0.05,1.56666666666667,341065.3267135,341066.0891371,74,341065.4077619,341065.4506689,341066.1046918,341067.664696,1,0.762423599953763
204,39,2,categorization,0,livingroom,SHINEd_livingroom_035.tif,85,0.0833333333333333,0.05,1.33333333333333,341067.6814828,341068.4429996,74,341067.76385,341067.807094,341068.4609979,341069.7876693,1,0.76151680003386
204,40,2,categorization,0,bedroom,SHINEd_bedroom_061.tif,38,0.0833333333333333,0.05,0.716666666666667,341069.8033198,341070.5986273,74,341069.8842911,341069.9272701,341070.6147305,341071.3247346,0,0.795307499996852
204,41,2,categorization,0,bedroom,SHINEd_bedroom_058.tif,36,0.0833333333333333,0.05,1.06666666666667,341071.3411213,341072.0361977,70,341071.4238495,341071.4649585,341072.0522801,341073.1122866,1,0.695076400006656
204,42,2,categorization,0,livingroom,SHINEd_livingroom_072.tif,105,0.0833333333333333,0.05,0.85,341073.1288658,341073.9837719,70,341073.2100316,341073.2540305,341073.9913018,341074.83464,0,0.854906100023072
204,43,2,categorization,0,livingroom,SHINEd_livingroom_041.tif,89,0.0833333333333333,0.05,1.68333333333333,341074.8506777,341075.9763386,74,341074.9319173,341074.9747294,341075.9953918,341077.6720619,1,1.12566089996835
204,44,2,categorization,0,bedroom,SHINEd_bedroom_004.tif,11,0.0833333333333333,0.05,1.25,341077.6882174,341078.3781938,70,341077.769208,341077.8128519,341078.3835158,341079.6268541,1,0.689976399997249
204,45,2,categorization,0,livingroom,SHINEd_livingroom_002.tif,62,0.0833333333333333,0.05,0.983333333333333,341079.6432029,341080.3986171,70,341079.7244191,341079.7689317,341080.4068107,341081.3834807,0,0.755414200015366
204,46,2,categorization,0,bedroom,SHINEd_bedroom_093.tif,50,0.0833333333333333,0.05,1.45,341081.3992725,341082.1220863,74,341081.4804199,341081.5234895,341082.1273311,341083.5706759,0,0.722813799977303
204,47,2,categorization,0,bedroom,SHINEd_bedroom_042.tif,29,0.0833333333333333,0.05,1.83333333333333,341083.5869135,341085.4237412,70,341083.6703149,341083.7112423,341085.43223,341087.2589022,1,1.83682770002633
204,48,2,categorization,0,livingroom,SHINEd_livingroom_028.tif,80,0.0833333333333333,0.05,0.85,341087.2749568,341088.0338512,74,341087.3559135,341087.398884,341088.0530327,341088.8963706,1,0.75889440003084
204,49,2,categorization,0,bedroom,SHINEd_bedroom_010.tif,14,0.0833333333333333,0.05,1.45,341088.9118991,341090.5539862,70,341088.9933501,341089.0359515,341090.5737399,341092.017078,1,1.64208710001549
204,50,2,categorization,0,livingroom,SHINEd_livingroom_054.tif,96,0.0833333333333333,0.05,0.733333333333333,341092.032937,341092.9749978,70,341092.114495,341092.1580268,341092.9952651,341093.7219375,0,0.942060800036415
204,1,3,categorization,0,livingroom,SHINEd_livingroom_065.tif,101,0.0833333333333333,0.05,0.916666666666667,341308.876504,341311.5965348,74,341308.9577382,341309.0004565,341311.6043526,341312.5143559,1,2.72003080003196
204,2,3,categorization,0,bedroom,SHINEd_bedroom_045.tif,30,0.0833333333333333,0.05,1.03333333333333,341312.5304808,341313.228759,74,341312.6118658,341312.6547781,341313.2419744,341314.2686444,0,0.698278199997731
204,3,3,categorization,0,livingroom,SHINEd_livingroom_015.tif,73,0.0833333333333333,0.05,1.25,341314.2845766,341315.0933531,74,341314.3657665,341314.4086486,341315.1125855,341316.3559236,1,0.808776499994565
204,4,3,categorization,0,livingroom,SHINEd_livingroom_012.tif,71,0.0833333333333333,0.05,1.73333333333333,341316.3721752,341317.181022,74,341316.4537222,341316.4973625,341317.2014976,341318.928168,1,0.808846799947787
204,5,3,categorization,0,bedroom,SHINEd_bedroom_093.tif,50,0.0833333333333333,0.05,1.6,341318.9444568,341319.7717298,70,341319.0260192,341319.0684038,341319.7891623,341321.3825009,1,0.827272999973502
204,6,3,categorization,0,livingroom,SHINEd_livingroom_027.tif,79,0.0833333333333333,0.05,1.16666666666667,341321.3990599,341322.1049736,70,341321.4816694,341321.5235066,341322.1110288,341323.2710347,0,0.705913699988741
204,7,3,categorization,0,bedroom,SHINEd_bedroom_012.tif,16,0.0833333333333333,0.05,1.18333333333333,341323.287243,341324.1954464,74,341323.3687544,341323.4117301,341324.2157986,341325.3924697,0,0.90820339997299
204,8,3,categorization,0,bedroom,SHINEd_bedroom_048.tif,33,0.0833333333333333,0.05,1.58333333333333,341325.4087161,341326.0049854,70,341325.4895519,341325.5330945,341326.0205205,341327.597191,1,0.596269300032873
204,9,3,categorization,0,livingroom,SHINEd_livingroom_004.tif,64,0.0833333333333333,0.05,1.3,341327.6132466,341328.4301065,74,341327.694221,341327.7372989,341328.4415291,341329.7348666,1,0.816859899961855
204,10,3,categorization,0,bedroom,SHINEd_bedroom_075.tif,44,0.0833333333333333,0.05,1.83333333333333,341329.7508877,341330.6818282,74,341329.8321752,341329.8750552,341330.695822,341332.5224922,0,0.930940499994904
204,11,3,categorization,0,bedroom,SHINEd_bedroom_119.tif,58,0.0833333333333333,0.05,0.9,341332.5382401,341333.2723369,70,341332.6193131,341332.6623325,341333.282937,341334.1762757,1,0.734096799977124
204,12,3,categorization,0,bedroom,SHINEd_bedroom_069.tif,42,0.0833333333333333,0.05,1.68333333333333,341334.1923766,341334.8704005,70,341334.2731978,341334.3178311,341334.8887531,341336.5654246,1,0.678023900021799
204,13,3,categorization,0,bedroom,SHINEd_bedroom_011.tif,15,0.0833333333333333,0.05,0.75,341336.5821467,341337.3585918,70,341336.6637759,341336.7063305,341337.3771222,341338.1204609,1,0.776445099967532
204,14,3,categorization,0,bedroom,SHINEd_bedroom_099.tif,53,0.0833333333333333,0.05,1.08333333333333,341338.1363721,341338.8872361,74,341338.2174424,341338.2606757,341338.8980231,341339.9746959,0,0.750864000001457
204,15,3,categorization,0,bedroom,SHINEd_bedroom_027.tif,23,0.0833333333333333,0.05,1.93333333333333,341339.9910078,341340.6607609,70,341340.0722993,341340.1151071,341340.6690084,341342.5956791,1,0.669753100024536
204,16,3,categorization,0,bedroom,SHINEd_bedroom_057.tif,35,0.0833333333333333,0.05,0.8,341342.6115491,341343.3103767,70,341342.6928905,341342.7357562,341343.3229618,341344.1162999,1,0.698827599990182
204,17,3,categorization,0,livingroom,SHINEd_livingroom_037.tif,87,0.0833333333333333,0.05,0.75,341344.1323356,341344.9014862,74,341344.2131396,341344.2565523,341344.9106736,341345.6540129,1,0.769150600011926
204,18,3,categorization,0,livingroom,SHINEd_livingroom_009.tif,69,0.0833333333333333,0.05,0.75,341345.6702234,341346.4641383,74,341345.7512293,341345.7945326,341346.4818247,341347.2251637,1,0.793914899986703
204,19,3,categorization,0,bedroom,SHINEd_bedroom_028.tif,24,0.0833333333333333,0.05,1.41666666666667,341347.2411662,341347.9780464,70,341347.3223357,341347.3652383,341347.9858974,341349.3959009,1,0.736880199983716
204,20,3,categorization,0,livingroom,SHINEd_livingroom_041.tif,89,0.0833333333333333,0.05,1.68333333333333,341349.4119706,341350.6905823,74,341349.4935517,341349.5363939,341350.7076127,341352.3842833,1,1.27861169999233
204,21,3,categorization,0,bedroom,SHINEd_bedroom_053.tif,34,0.0833333333333333,0.05,1.03333333333333,341352.4002531,341353.2214801,74,341352.4813288,341352.5249776,341353.2306792,341354.2573505,0,0.821227000036743
204,22,3,categorization,0,bedroom,SHINEd_bedroom_004.tif,11,0.0833333333333333,0.05,0.966666666666667,341354.2735854,341354.876888,70,341354.3559845,341354.3989853,341354.8864262,341355.8464316,1,0.603302599978633
204,23,3,categorization,0,livingroom,SHINEd_livingroom_067.tif,103,0.0833333333333333,0.05,1.6,341355.863728,341356.5722893,74,341355.9462135,341355.9877928,341356.5921162,341358.1854545,1,0.708561299950816
204,24,3,categorization,0,bedroom,SHINEd_bedroom_062.tif,39,0.0833333333333333,0.05,0.883333333333333,341358.2016353,341359.0021958,74,341358.2826927,341358.3257189,341359.0131772,341359.8898479,0,0.800560500007123
204,25,3,categorization,0,livingroom,SHINEd_livingroom_023.tif,77,0.0833333333333333,0.05,1.36666666666667,341359.9060389,341360.8123702,70,341359.9869593,341360.030753,341360.8182512,341362.1782551,0,0.906331299978774
204,26,3,categorization,0,bedroom,SHINEd_bedroom_059.tif,37,0.0833333333333333,0.05,0.783333333333333,341362.1943814,341363.1686746,70,341362.2755261,341362.3186545,341363.1896037,341363.9662747,1,0.974293200008105
204,27,3,categorization,0,bedroom,SHINEd_bedroom_118.tif,57,0.0833333333333333,0.05,1.13333333333333,341363.9837626,341364.6703958,70,341364.0661014,341364.1076899,341364.6782523,341365.8049273,1,0.68663320003543
204,28,3,categorization,0,livingroom,SHINEd_livingroom_046.tif,91,0.0833333333333333,0.05,0.716666666666667,341365.8216557,341366.6833505,74,341365.9032424,341365.9471921,341366.7018677,341367.4118712,1,0.86169480002718
204,29,3,categorization,0,bedroom,SHINEd_bedroom_074.tif,43,0.0833333333333333,0.05,1.08333333333333,341367.4274555,341368.0751751,70,341367.5082933,341367.5532195,341368.0907278,341369.1673996,1,0.647719600005075
204,30,3,categorization,0,livingroom,SHINEd_livingroom_032.tif,83,0.0833333333333333,0.05,0.95,341369.1843948,341369.9000214,70,341369.2660906,341369.3087242,341369.9124869,341370.8558256,0,0.715626600023825
204,31,3,categorization,0,bedroom,SHINEd_bedroom_036.tif,27,0.0833333333333333,0.05,0.866666666666667,341370.8720779,341371.3813319,70,341370.9529285,341370.9972873,341371.4015642,341372.2615705,1,0.509254000033252
204,32,3,categorization,0,livingroom,SHINEd_livingroom_033.tif,84,0.0833333333333333,0.05,1.11666666666667,341372.2779746,341372.9534939,74,341372.3592131,341372.4019967,341372.9729792,341374.0829848,1,0.675519300042652
204,33,3,categorization,0,bedroom,SHINEd_bedroom_046.tif,31,0.0833333333333333,0.05,1.05,341374.0992132,341374.8117212,70,341374.180438,341374.2237814,341374.8282688,341375.871606,1,0.712508000025991
204,34,3,categorization,0,livingroom,SHINEd_livingroom_010.tif,70,0.0833333333333333,0.05,1.08333333333333,341375.8878784,341376.6993647,74,341375.9690929,341376.0120638,341376.716234,341377.7929073,1,0.811486300022807
204,35,3,categorization,0,livingroom,SHINEd_livingroom_029.tif,81,0.0833333333333333,0.05,0.766666666666667,341377.8090642,341378.614179,74,341377.8917654,341377.9331069,341378.6205342,341379.3805393,1,0.805114800052252
204,36,3,categorization,0,livingroom,SHINEd_livingroom_066.tif,102,0.0833333333333333,0.05,0.916666666666667,341379.397072,341380.1904898,70,341379.4780092,341379.5210213,341380.2088285,341381.1188336,0,0.793417799985036
204,37,3,categorization,0,livingroom,SHINEd_livingroom_014.tif,72,0.0833333333333333,0.05,0.733333333333333,341381.1348874,341381.7403957,70,341381.2157739,341381.2587667,341381.7460775,341382.4727488,0,0.605508299951907
204,38,3,categorization,0,bedroom,SHINEd_bedroom_089.tif,49,0.0833333333333333,0.05,1.75,341382.4889976,341383.2270245,70,341382.5700426,341382.612877,341383.2334822,341384.9768205,1,0.738026900042314
204,39,3,categorization,0,bedroom,SHINEd_bedroom_080.tif,46,0.0833333333333333,0.05,1.11666666666667,341384.9931006,341385.9272608,70,341385.0746412,341385.1174035,341385.938269,341387.048273,1,0.934160199947655
204,40,3,categorization,0,livingroom,SHINEd_livingroom_056.tif,97,0.0833333333333333,0.05,0.95,341387.0650623,341387.7151553,74,341387.1463362,341387.1906635,341387.7278894,341388.6712263,1,0.650092999974731
204,41,3,categorization,0,livingroom,SHINEd_livingroom_085.tif,109,0.0833333333333333,0.05,0.85,341388.6871332,341389.4575821,74,341388.7687655,341388.8113692,341389.4655398,341390.3088763,1,0.770448900002521
204,42,3,categorization,0,bedroom,SHINEd_bedroom_068.tif,41,0.0833333333333333,0.05,1.55,341390.3248303,341390.8263546,70,341390.4063114,341390.450761,341390.838088,341392.3814274,1,0.501524300023448
204,43,3,categorization,0,bedroom,SHINEd_bedroom_098.tif,52,0.0833333333333333,0.05,0.7,341392.3976722,341392.8848482,70,341392.4793044,341392.5218009,341392.8923104,341393.5856472,1,0.487176000024192
204,44,3,categorization,0,bedroom,SHINEd_bedroom_022.tif,21,0.0833333333333333,0.05,1.18333333333333,341393.6015621,341394.3799287,74,341393.6827103,341393.7259994,341394.3967648,341395.5734367,0,0.778366599988658
204,45,3,categorization,0,bedroom,SHINEd_bedroom_058.tif,36,0.0833333333333333,0.05,0.983333333333333,341395.5895193,341396.4150585,74,341395.6708023,341395.7137702,341396.4355737,341397.4122441,0,0.82553920004284
204,46,3,categorization,0,livingroom,SHINEd_livingroom_002.tif,62,0.0833333333333333,0.05,0.883333333333333,341397.4288714,341398.0345309,74,341397.5115427,341397.5527956,341398.040422,341398.9170937,1,0.605659499997273
204,47,3,categorization,0,bedroom,SHINEd_bedroom_042.tif,29,0.0833333333333333,0.05,1.8,341398.9330876,341399.4513837,70,341399.0141396,341399.0582288,341399.4625933,341401.2559298,1,0.5182961000246
204,48,3,categorization,0,bedroom,SHINEd_bedroom_030.tif,25,0.0833333333333333,0.05,1.48333333333333,341401.2721009,341401.8965574,70,341401.3532794,341401.3961591,341401.9167335,341403.3934063,1,0.624456499994267
204,49,3,categorization,0,livingroom,SHINEd_livingroom_031.tif,82,0.0833333333333333,0.05,1.66666666666667,341403.4096032,341404.0751555,74,341403.4907481,341403.5334935,341404.0878436,341405.7478482,1,0.665552299993578
204,50,3,categorization,0,livingroom,SHINEd_livingroom_019.tif,75,0.0833333333333333,0.05,0.75,341405.7645195,341406.9082486,74,341405.8455895,341405.8887547,341406.9261562,341407.6694942,1,1.14372910000384
204,1,4,categorization,0,livingroom,SHINEd_livingroom_047.tif,92,0.0833333333333333,0.05,1.48333333333333,341594.273073,341595.1721552,74,341594.3539154,341594.3983142,341595.1856777,341596.6623479,1,0.899082199961413
204,2,4,categorization,0,livingroom,SHINEd_livingroom_064.tif,100,0.0833333333333333,0.05,1.26666666666667,341596.6781317,341597.6069163,74,341596.7589342,341596.8021976,341597.6228334,341598.882836,1,0.928784599993378
204,3,4,categorization,0,livingroom,SHINEd_livingroom_022.tif,76,0.0833333333333333,0.05,1.33333333333333,341598.8985376,341599.7356097,74,341598.9807398,341599.0224117,341599.7443534,341601.0710253,1,0.837072099966463
204,4,4,categorization,0,bedroom,SHINEd_bedroom_112.tif,54,0.0833333333333333,0.05,0.983333333333333,341601.0867027,341601.7372745,70,341601.1680299,341601.2106075,341601.7479339,341602.7246048,1,0.650571800011676
204,5,4,categorization,0,livingroom,SHINEd_livingroom_036.tif,86,0.0833333333333333,0.05,1.11666666666667,341602.7402723,341603.4383796,74,341602.8212546,341602.8648338,341603.4524007,341604.5624054,1,0.698107299976982
204,6,4,categorization,0,livingroom,SHINEd_livingroom_007.tif,67,0.0833333333333333,0.05,1.06666666666667,341604.5788396,341605.472868,74,341604.6599949,341604.702532,341605.4898876,341606.5498939,1,0.89402839995455
204,7,4,categorization,0,livingroom,SHINEd_livingroom_048.tif,93,0.0833333333333333,0.05,1.35,341606.5661226,341607.3443728,74,341606.64803,341606.6916237,341607.362574,341608.7059117,1,0.778250200033654
204,8,4,categorization,0,livingroom,SHINEd_livingroom_081.tif,108,0.0833333333333333,0.05,1.43333333333333,341608.7222904,341609.5564336,74,341608.8039321,341608.8463775,341609.5688858,341610.9955565,1,0.834143200016115
204,9,4,categorization,0,bedroom,SHINEd_bedroom_032.tif,26,0.0833333333333333,0.05,1.78333333333333,341611.0115322,341611.5364479,70,341611.0924035,341611.1353736,341611.5560182,341613.3326895,1,0.524915700021666
204,10,4,categorization,0,bedroom,SHINEd_bedroom_025.tif,22,0.0833333333333333,0.05,1.13333333333333,341613.3504823,341614.3223424,70,341613.43152,341613.4744511,341614.3285378,341615.4552099,1,0.971860099991318
204,11,4,categorization,0,bedroom,SHINEd_bedroom_067.tif,40,0.0833333333333333,0.05,0.933333333333333,341615.4709261,341616.0711999,70,341615.5519576,341615.5949131,341616.0824295,341617.0090999,1,0.600273800024297
204,12,4,categorization,0,livingroom,SHINEd_livingroom_005.tif,65,0.0833333333333333,0.05,1.58333333333333,341617.024727,341617.824768,74,341617.1063636,341617.148565,341617.8359175,341619.4125891,1,0.800041000009514
204,13,4,categorization,0,livingroom,SHINEd_livingroom_077.tif,107,0.0833333333333333,0.05,1.55,341619.428666,341620.1578829,74,341619.5108553,341619.5523924,341620.1744284,341621.717765,1,0.729216899955645
204,14,4,categorization,0,livingroom,SHINEd_livingroom_016.tif,74,0.0833333333333333,0.05,1.96666666666667,341621.7339701,341622.4052111,70,341621.8154467,341621.8595524,341622.4137455,341624.3737508,0,0.671241000003647
204,15,4,categorization,0,livingroom,SHINEd_livingroom_068.tif,104,0.0833333333333333,0.05,1.05,341624.3910084,341625.3346763,74,341624.471988,341624.5149073,341625.3523385,341626.3956762,1,0.943667899991851
204,16,4,categorization,0,bedroom,SHINEd_bedroom_097.tif,51,0.0833333333333333,0.05,0.9,341626.4114728,341627.1922828,74,341626.4925868,341626.5354135,341627.2059617,341628.0992991,0,0.78080999996746
204,17,4,categorization,0,bedroom,SHINEd_bedroom_008.tif,12,0.0833333333333333,0.05,0.816666666666667,341628.1156719,341628.9977396,70,341628.196888,341628.2398028,341629.0103942,341629.8203981,1,0.882067700033076
204,18,4,categorization,0,livingroom,SHINEd_livingroom_025.tif,78,0.0833333333333333,0.05,0.883333333333333,341629.8364331,341630.4999424,70,341629.9174742,341629.960584,341630.5146503,341631.391321,0,0.663509300036822
204,19,4,categorization,0,livingroom,SHINEd_livingroom_006.tif,66,0.0833333333333333,0.05,1.26666666666667,341631.4071072,341632.1479625,74,341631.4879193,341631.5311816,341632.1688732,341633.4288792,1,0.740855299984105
204,20,4,categorization,0,bedroom,SHINEd_bedroom_122.tif,60,0.0833333333333333,0.05,1.3,341633.4450054,341634.105973,74,341633.5257685,341633.5686585,341634.1227457,341635.416084,0,0.660967600008007
204,21,4,categorization,0,livingroom,SHINEd_livingroom_072.tif,105,0.0833333333333333,0.05,1.06666666666667,341635.4334146,341636.2420312,74,341635.5142502,341635.5572618,341636.2628105,341637.3228139,1,0.808616599999368
204,22,4,categorization,0,livingroom,SHINEd_livingroom_003.tif,63,0.0833333333333333,0.05,1.23333333333333,341637.3392496,341637.9624164,70,341637.4202021,341637.4644265,341637.9682831,341639.1949537,0,0.623166800010949
204,23,4,categorization,0,livingroom,SHINEd_livingroom_043.tif,90,0.0833333333333333,0.05,1.93333333333333,341639.2113382,341640.0730579,70,341639.2923018,341639.3361746,341640.0903155,341642.0169864,0,0.861719699983951
204,24,4,categorization,0,livingroom,SHINEd_livingroom_061.tif,99,0.0833333333333333,0.05,0.916666666666667,341642.0327397,341642.6947675,74,341642.1140433,341642.1569217,341642.710746,341643.6207508,1,0.662027799990028
204,25,4,categorization,0,livingroom,SHINEd_livingroom_076.tif,106,0.0833333333333333,0.05,0.716666666666667,341643.6371889,341644.8358768,74,341643.7184956,341643.7625974,341644.8498442,341645.5598489,1,1.19868790003238
204,26,4,categorization,0,bedroom,SHINEd_bedroom_010.tif,14,0.0833333333333333,0.05,0.933333333333333,341645.5757093,341646.1016899,70,341645.6566518,341645.6998268,341646.1208014,341647.0474727,1,0.525980599981267
204,27,4,categorization,0,bedroom,SHINEd_bedroom_039.tif,28,0.0833333333333333,0.05,0.8,341647.0636931,341647.6533769,70,341647.1449923,341647.1875363,341647.6581133,341648.4514526,1,0.589683800004423
204,28,4,categorization,0,bedroom,SHINEd_bedroom_085.tif,47,0.0833333333333333,0.05,0.8,341648.4675178,341649.0911687,70,341648.5484471,341648.5912411,341649.1118471,341649.9051846,1,0.623650900030043
204,29,4,categorization,0,livingroom,SHINEd_livingroom_001.tif,61,0.0833333333333333,0.05,1.45,341649.9211279,341650.7593509,74,341650.0027678,341650.0451215,341650.7657588,341652.2090958,1,0.838222999998834
204,30,4,categorization,0,bedroom,SHINEd_bedroom_020.tif,20,0.0833333333333333,0.05,0.916666666666667,341652.2249417,341652.8310561,70,341652.3075012,341652.3495638,341652.8367365,341653.7467409,1,0.606114400026854
204,31,4,categorization,0,livingroom,SHINEd_livingroom_087.tif,110,0.0833333333333333,0.05,1.01666666666667,341653.7629188,341654.7619013,74,341653.8459682,341653.8887239,341654.7761605,341655.7861664,1,0.998982499993872
204,32,4,categorization,0,livingroom,SHINEd_livingroom_035.tif,85,0.0833333333333333,0.05,0.733333333333333,341655.803129,341656.7309424,74,341655.8847203,341655.9271966,341656.7478157,341657.474487,1,0.927813399990555
204,33,4,categorization,0,bedroom,SHINEd_bedroom_079.tif,45,0.0833333333333333,0.05,1.71666666666667,341657.4903048,341658.1641726,70,341657.5716743,341657.6140455,341658.1853277,341659.895331,1,0.673867800040171
204,34,4,categorization,0,bedroom,SHINEd_bedroom_086.tif,48,0.0833333333333333,0.05,1.26666666666667,341659.9118406,341660.5698167,70,341659.9928163,341660.0361025,341660.5900812,341661.8500862,1,0.657976099988446
204,35,4,categorization,0,bedroom,SHINEd_bedroom_115.tif,55,0.0833333333333333,0.05,1.3,341661.8658718,341662.4801213,70,341661.9473542,341661.9900454,341662.4942644,341663.7876008,1,0.61424949998036
204,36,4,categorization,0,livingroom,SHINEd_livingroom_008.tif,68,0.0833333333333333,0.05,1.56666666666667,341663.8033018,341664.6700328,70,341663.884972,341663.9271853,341664.6812617,341666.2412802,0,0.866731000016443
204,37,4,categorization,0,livingroom,SHINEd_livingroom_028.tif,80,0.0833333333333333,0.05,1.58333333333333,341666.2582771,341666.970494,74,341666.3391106,341666.3839421,341666.9878479,341668.5645194,1,0.712216900021303
204,38,4,categorization,0,bedroom,SHINEd_bedroom_120.tif,59,0.0833333333333333,0.05,1.53333333333333,341668.5804523,341669.1709332,70,341668.6616709,341668.7044654,341669.1920072,341670.7186784,1,0.590480899962131
204,39,4,categorization,0,bedroom,SHINEd_bedroom_061.tif,38,0.0833333333333333,0.05,0.933333333333333,341670.7361472,341671.4407606,74,341670.8175766,341670.860055,341671.4473805,341672.374051,0,0.704613399982918
204,40,4,categorization,0,bedroom,SHINEd_bedroom_009.tif,13,0.0833333333333333,0.05,1.13333333333333,341672.3901596,341672.9789732,70,341672.4710585,341672.5142342,341672.9851155,341674.1117876,1,0.588813600013964
204,41,4,categorization,0,livingroom,SHINEd_livingroom_054.tif,96,0.0833333333333333,0.05,0.866666666666667,341674.1279585,341674.9932869,70,341674.209192,341674.2517613,341675.0059006,341675.8659059,0,0.865328399988357
204,42,4,categorization,0,livingroom,SHINEd_livingroom_052.tif,95,0.0833333333333333,0.05,0.966666666666667,341675.8815874,341676.5501371,74,341675.962718,341676.0057154,341676.5598785,341677.5198831,1,0.668549699999858
204,43,4,categorization,0,livingroom,SHINEd_livingroom_050.tif,94,0.0833333333333333,0.05,1.08333333333333,341677.5371541,341678.3983613,70,341677.6185133,341677.6622198,341678.4160893,341679.4927593,0,0.861207199981436
204,44,4,categorization,0,bedroom,SHINEd_bedroom_116.tif,56,0.0833333333333333,0.05,0.816666666666667,341679.5084696,341680.1955237,70,341679.5894948,341679.6326035,341680.2045802,341681.0145844,1,0.687054099980742
204,45,4,categorization,0,bedroom,SHINEd_bedroom_015.tif,17,0.0833333333333333,0.05,0.816666666666667,341681.0313678,341681.6616884,70,341681.1137696,341681.1554143,341681.6762284,341682.4862335,1,0.630320600001141
204,46,4,categorization,0,bedroom,SHINEd_bedroom_047.tif,32,0.0833333333333333,0.05,0.85,341682.5020905,341683.2341473,74,341682.5839613,341682.6278829,341683.2486363,341684.0919741,0,0.732056799985003
204,47,4,categorization,0,livingroom,SHINEd_livingroom_060.tif,98,0.0833333333333333,0.05,0.85,341684.1076918,341684.808606,70,341684.1888868,341684.2318789,341684.8190192,341685.6623578,0,0.700914199987892
204,48,4,categorization,0,bedroom,SHINEd_bedroom_016.tif,18,0.0833333333333333,0.05,1.1,341685.6781333,341686.1955862,70,341685.7593772,341685.8023507,341686.2064979,341687.2998363,1,0.517452900006901
204,49,4,categorization,0,bedroom,SHINEd_bedroom_019.tif,19,0.0833333333333333,0.05,0.816666666666667,341687.3175102,341688.0237419,70,341687.3986262,341687.4419739,341688.0291913,341688.8391951,1,0.706231699965429
204,50,4,categorization,0,livingroom,SHINEd_livingroom_039.tif,88,0.0833333333333333,0.05,0.783333333333333,341688.8552175,341689.5621482,74,341688.9374529,341688.9806565,341689.5676596,341690.3443302,1,0.706930699991062
204,1,5,categorization,0,livingroom,SHINEd_livingroom_032.tif,83,0.0833333333333333,0.05,1.28333333333333,341694.840987,341695.5749796,70,341694.9222953,341694.965073,341695.5858774,341696.8625486,0,0.733992599998601
204,2,5,categorization,0,bedroom,SHINEd_bedroom_004.tif,11,0.0833333333333333,0.05,0.8,341696.878492,341697.4173203,70,341696.9594423,341697.0027049,341697.4232937,341698.216631,1,0.538828300021123
204,3,5,categorization,0,bedroom,SHINEd_bedroom_061.tif,38,0.0833333333333333,0.05,1.38333333333333,341698.232566,341698.977909,74,341698.3135399,341698.356732,341698.9943088,341700.3709799,0,0.74534299998777
204,4,5,categorization,0,livingroom,SHINEd_livingroom_041.tif,89,0.0833333333333333,0.05,1.91666666666667,341700.3869696,341701.1132848,74,341700.4681062,341700.5109912,341701.1321517,341703.0421565,1,0.726315200037789
204,5,5,categorization,0,bedroom,SHINEd_bedroom_028.tif,24,0.0833333333333333,0.05,1.2,341703.0579248,341703.699381,74,341703.1389708,341703.1817973,341703.7194026,341704.9127404,0,0.641456199984532
204,6,5,categorization,0,bedroom,SHINEd_bedroom_086.tif,48,0.0833333333333333,0.05,0.9,341704.9293043,341705.7111952,74,341705.0104983,341705.0536282,341705.7243044,341706.6176408,0,0.781890899990685
204,7,5,categorization,0,bedroom,SHINEd_bedroom_045.tif,30,0.0833333333333333,0.05,0.833333333333333,341706.6333369,341707.4430691,70,341706.7145256,341706.7572741,341707.4614366,341708.2881073,1,0.809732199995779
204,8,5,categorization,0,livingroom,SHINEd_livingroom_066.tif,102,0.0833333333333333,0.05,1.61666666666667,341708.3042276,341709.0792682,74,341708.3871013,341708.4282981,341709.0988729,341710.7088775,1,0.775040599983186
204,9,5,categorization,0,bedroom,SHINEd_bedroom_120.tif,59,0.0833333333333333,0.05,0.75,341710.7248379,341711.3998299,70,341710.8058072,341710.848958,341711.4196215,341712.1629591,1,0.67499199998565
204,10,5,categorization,0,bedroom,SHINEd_bedroom_116.tif,56,0.0833333333333333,0.05,1.33333333333333,341712.1785432,341712.9614458,70,341712.2596053,341712.3029563,341712.9736875,341714.30036,1,0.782902600010857
204,11,5,categorization,0,bedroom,SHINEd_bedroom_025.tif,22,0.0833333333333333,0.05,0.85,341714.3175122,341715.0867761,70,341714.4004375,341714.4417732,341715.0958119,341715.9391503,1,0.769263900001533
204,12,5,categorization,0,bedroom,SHINEd_bedroom_062.tif,39,0.0833333333333333,0.05,0.933333333333333,341715.9561999,341716.5825148,70,341716.0378039,341716.0804253,341716.6008923,341717.5275631,1,0.62631490000058
204,13,5,categorization,0,bedroom,SHINEd_bedroom_098.tif,52,0.0833333333333333,0.05,1.4,341717.5439547,341718.0776512,70,341717.6265504,341717.6687805,341718.0894171,341719.4827556,1,0.533696500002407
204,14,5,categorization,0,livingroom,SHINEd_livingroom_031.tif,82,0.0833333333333333,0.05,0.8,341719.4988517,341720.0783081,74,341719.5800106,341719.6228223,341720.0935188,341720.8868559,1,0.579456400009803
204,15,5,categorization,0,livingroom,SHINEd_livingroom_037.tif,87,0.0833333333333333,0.05,1.36666666666667,341720.9026813,341721.5822083,74,341720.9839075,341721.0281001,341721.5991463,341722.9591528,1,0.679527000000235
204,16,5,categorization,0,livingroom,SHINEd_livingroom_054.tif,96,0.0833333333333333,0.05,0.766666666666667,341722.9753716,341723.6628822,70,341723.0573608,341723.0997222,341723.6705581,341724.4305626,0,0.687510599964298
204,17,5,categorization,0,bedroom,SHINEd_bedroom_011.tif,15,0.0833333333333333,0.05,1.08333333333333,341724.4466168,341725.0622416,70,341724.5273886,341724.5706017,341725.0744223,341726.1510931,1,0.615624800033402
204,18,5,categorization,0,livingroom,SHINEd_livingroom_027.tif,79,0.0833333333333333,0.05,0.983333333333333,341726.1669663,341726.7721966,74,341726.2479823,341726.2911144,341726.7784312,341727.7551024,1,0.605230299988762
204,19,5,categorization,0,bedroom,SHINEd_bedroom_027.tif,23,0.0833333333333333,0.05,0.85,341727.7709585,341728.4430414,70,341727.8519487,341727.8951433,341728.4492019,341729.2925383,1,0.672082900011446
204,20,5,categorization,0,bedroom,SHINEd_bedroom_016.tif,18,0.0833333333333333,0.05,1.16666666666667,341729.3088699,341729.8962399,70,341729.3906498,341729.4345505,341729.9053353,341731.0653388,1,0.587369999964722
204,21,5,categorization,0,livingroom,SHINEd_livingroom_014.tif,72,0.0833333333333333,0.05,1.65,341731.0839467,341731.7122029,74,341731.1650354,341731.207975,341731.7288427,341733.3721811,1,0.62825619999785
204,22,5,categorization,0,bedroom,SHINEd_bedroom_074.tif,43,0.0833333333333333,0.05,1.25,341733.3879972,341734.0661354,74,341733.4696114,341733.5126655,341734.08332,341735.326659,0,0.678138199960813
204,23,5,categorization,0,bedroom,SHINEd_bedroom_089.tif,49,0.0833333333333333,0.05,0.966666666666667,341735.342868,341736.0168977,70,341735.4244573,341735.467042,341736.0382455,341736.99825,1,0.674029700050596
204,24,5,categorization,0,livingroom,SHINEd_livingroom_006.tif,66,0.0833333333333333,0.05,1.16666666666667,341737.0165492,341737.7597079,74,341737.097582,341737.1403133,341737.7774681,341738.9374736,1,0.743158700002823
204,25,5,categorization,0,livingroom,SHINEd_livingroom_060.tif,98,0.0833333333333333,0.05,1.2,341738.9536162,341739.6052106,70,341739.0352057,341739.077742,341739.6152055,341740.8085444,0,0.65159439999843
204,26,5,categorization,0,livingroom,SHINEd_livingroom_077.tif,107,0.0833333333333333,0.05,0.916666666666667,341740.8248385,341741.5522105,74,341740.9054723,341740.9493048,341741.5699022,341742.4799058,1,0.72737199999392
204,27,5,categorization,0,bedroom,SHINEd_bedroom_019.tif,19,0.0833333333333333,0.05,1.25,341742.4955853,341743.0982173,70,341742.5781531,341742.6197386,341743.1070203,341744.3504026,1,0.602631999994628
204,28,5,categorization,0,bedroom,SHINEd_bedroom_112.tif,54,0.0833333333333333,0.05,1.36666666666667,341744.3666966,341745.3048351,74,341744.4478942,341744.4906166,341745.3113301,341746.6713335,0,0.938138500030618
204,29,5,categorization,0,bedroom,SHINEd_bedroom_012.tif,16,0.0833333333333333,0.05,0.933333333333333,341746.6877108,341747.359211,74,341746.7693623,341746.8119027,341747.3661126,341748.292782,0,0.671500199998263
204,30,5,categorization,0,livingroom,SHINEd_livingroom_061.tif,99,0.0833333333333333,0.05,1.05,341748.3085955,341748.9321157,74,341748.3899816,341748.4328711,341748.9535698,341749.9969067,1,0.623520199966151
204,31,5,categorization,0,bedroom,SHINEd_bedroom_099.tif,53,0.0833333333333333,0.05,1.8,341750.0147822,341751.3488049,70,341750.0970254,341750.1387761,341751.3593922,341753.1527314,1,1.33402270002989
204,32,5,categorization,0,livingroom,SHINEd_livingroom_052.tif,95,0.0833333333333333,0.05,1.65,341753.1687683,341753.837846,70,341753.2505132,341753.2944866,341753.8486531,341755.4919916,0,0.669077700003982
204,33,5,categorization,0,bedroom,SHINEd_bedroom_119.tif,58,0.0833333333333333,0.05,1.75,341755.5082052,341756.2724967,74,341755.5901424,341755.6341304,341756.2884175,341758.0317546,0,0.764291499974206
204,34,5,categorization,0,livingroom,SHINEd_livingroom_046.tif,91,0.0833333333333333,0.05,1.6,341758.0481216,341758.7639078,74,341758.1297887,341758.1739734,341758.7778703,341760.3712081,1,0.715786200016737
204,35,5,categorization,0,livingroom,SHINEd_livingroom_002.tif,62,0.0833333333333333,0.05,1.33333333333333,341760.3873078,341761.0270938,74,341760.4682457,341760.5113662,341761.0318329,341762.3585047,1,0.639786000014283
204,36,5,categorization,0,livingroom,SHINEd_livingroom_043.tif,90,0.0833333333333333,0.05,1.05,341762.3741865,341763.0432363,70,341762.4553021,341762.4982878,341763.0522907,341764.0956294,0,0.669049800024368
204,37,5,categorization,0,bedroom,SHINEd_bedroom_080.tif,46,0.0833333333333333,0.05,1.48333333333333,341764.1133606,341764.7134188,70,341764.1950175,341764.2389074,341764.7262622,341766.2029326,1,0.600058199954219
204,38,5,categorization,0,bedroom,SHINEd_bedroom_118.tif,57,0.0833333333333333,0.05,0.916666666666667,341766.2185045,341766.8684897,70,341766.2996986,341766.3426983,341766.880063,341767.7900663,1,0.649985200027004
204,39,5,categorization,0,livingroom,SHINEd_livingroom_033.tif,84,0.0833333333333333,0.05,0.983333333333333,341767.8060404,341768.4665704,74,341767.8874588,341767.9301959,341768.4846124,341769.4612844,1,0.660529999993742
204,40,5,categorization,0,bedroom,SHINEd_bedroom_115.tif,55,0.0833333333333333,0.05,1.88333333333333,341769.4785362,341769.9923867,70,341769.5595572,341769.6027966,341770.0069754,341771.8836463,1,0.513850499992259
204,41,5,categorization,0,bedroom,SHINEd_bedroom_048.tif,33,0.0833333333333333,0.05,1.51666666666667,341771.9000712,341772.4523752,70,341771.9821686,341772.0243363,341772.461664,341773.9716685,1,0.552304000011645
204,42,5,categorization,0,bedroom,SHINEd_bedroom_008.tif,12,0.0833333333333333,0.05,1.18333333333333,341773.9875054,341774.8234446,74,341774.068826,341774.1117849,341774.832505,341776.0091814,0,0.835939200012945
204,43,5,categorization,0,livingroom,SHINEd_livingroom_005.tif,65,0.0833333333333333,0.05,1.95,341776.0255102,341776.7062359,70,341776.1070177,341776.1495886,341776.7203177,341778.6636546,0,0.680725699989125
204,44,5,categorization,0,livingroom,SHINEd_livingroom_085.tif,109,0.0833333333333333,0.05,1.2,341778.6812244,341779.3739922,70,341778.7623593,341778.8064958,341779.3939403,341780.5872776,0,0.69276780000655
204,45,5,categorization,0,livingroom,SHINEd_livingroom_072.tif,105,0.0833333333333333,0.05,1.46666666666667,341780.6033433,341781.1974252,70,341780.6844162,341780.7286874,341781.2161163,341782.6761205,0,0.594081900024321
204,46,5,categorization,0,livingroom,SHINEd_livingroom_004.tif,64,0.0833333333333333,0.05,0.75,341782.6921545,341783.6522757,74,341782.7730103,341782.8165792,341783.6705267,341784.4138646,1,0.960121200012509
204,47,5,categorization,0,livingroom,SHINEd_livingroom_081.tif,108,0.0833333333333333,0.05,0.783333333333333,341784.4302069,341785.1285452,74,341784.511885,341784.5544781,341785.1417188,341785.9183912,1,0.6983382999897
204,48,5,categorization,0,bedroom,SHINEd_bedroom_036.tif,27,0.0833333333333333,0.05,1.03333333333333,341785.9343656,341786.4498596,70,341786.0155548,341786.0599934,341786.4641609,341787.4908335,1,0.515493999992032
204,49,5,categorization,0,livingroom,SHINEd_livingroom_016.tif,74,0.0833333333333333,0.05,0.833333333333333,341787.5068288,341788.298688,74,341787.5876892,341787.6327888,341788.3035048,341789.1301756,1,0.79185919999145
204,50,5,categorization,0,livingroom,SHINEd_livingroom_029.tif,81,0.0833333333333333,0.05,0.916666666666667,341789.1465531,341790.0807632,74,341789.2280132,341789.270525,341790.0910846,341791.0010879,1,0.934210099978372
204,1,6,categorization,0,livingroom,SHINEd_livingroom_035.tif,85,0.0833333333333333,0.05,0.716666666666667,342438.0997895,342438.7263143,74,342438.1806902,342438.2234707,342438.7443141,342439.45432,1,0.626524799969047
204,2,6,categorization,0,bedroom,SHINEd_bedroom_020.tif,20,0.0833333333333333,0.05,1.06666666666667,342439.4702668,342440.4167558,70,342439.5512206,342439.5943314,342440.4315868,342441.4915924,1,0.946488999994472
204,3,6,categorization,0,livingroom,SHINEd_livingroom_068.tif,104,0.0833333333333333,0.05,1.08333333333333,342441.5086066,342443.0876862,70,342441.5895306,342441.6327198,342443.1035473,342444.1802188,0,1.57907959999284
204,4,6,categorization,0,livingroom,SHINEd_livingroom_012.tif,71,0.0833333333333333,0.05,1.51666666666667,342444.1960863,342445.2306804,74,342444.2768724,342444.320737,342445.2413988,342446.7514034,1,1.03459409996867
204,5,6,categorization,0,bedroom,SHINEd_bedroom_097.tif,51,0.0833333333333333,0.05,1.5,342446.7671835,342447.5019206,70,342446.8483377,342446.8911819,342447.5120083,342449.0053448,1,0.734737100021448
204,6,6,categorization,0,livingroom,SHINEd_livingroom_008.tif,68,0.0833333333333333,0.05,1.2,342449.0211761,342449.7769987,70,342449.1023788,342449.1465846,342449.7837915,342450.9771311,0,0.755822599981911
204,7,6,categorization,0,livingroom,SHINEd_livingroom_022.tif,76,0.0833333333333333,0.05,1.66666666666667,342450.9930839,342451.6254503,70,342451.0741412,342451.1173709,342451.6383439,342453.298383,0,0.632366399979219
204,8,6,categorization,0,livingroom,SHINEd_livingroom_076.tif,106,0.0833333333333333,0.05,1.11666666666667,342453.3146611,342454.0643879,74,342453.3958466,342453.4384284,342454.076025,342455.1860284,1,0.749726800015196
204,9,6,categorization,0,bedroom,SHINEd_bedroom_047.tif,32,0.0833333333333333,0.05,0.85,342455.2019696,342455.9281902,70,342455.2833618,342455.3262538,342455.9469786,342456.7903174,1,0.726220600015949
204,10,6,categorization,0,livingroom,SHINEd_livingroom_001.tif,61,0.0833333333333333,0.05,1.25,342456.8063044,342457.6496324,74,342456.8875196,342456.9314785,342457.6689888,342458.9123269,1,0.843328000046313
204,11,6,categorization,0,livingroom,SHINEd_livingroom_015.tif,73,0.0833333333333333,0.05,1.56666666666667,342458.9283347,342459.6713649,74,342459.0092349,342459.0528639,342459.6901532,342461.2501589,1,0.743030200013891
204,12,6,categorization,0,bedroom,SHINEd_bedroom_010.tif,14,0.0833333333333333,0.05,1.4,342461.2659859,342462.3925411,70,342461.3470095,342461.3900663,342462.410756,342463.8040928,1,1.1265551999677
204,13,6,categorization,0,bedroom,SHINEd_bedroom_042.tif,29,0.0833333333333333,0.05,0.833333333333333,342463.8217241,342464.7085133,70,342463.9041675,342463.9457225,342464.7163499,342465.5430206,1,0.886789200012572
204,14,6,categorization,0,livingroom,SHINEd_livingroom_025.tif,78,0.0833333333333333,0.05,0.75,342465.5591313,342466.4372838,74,342465.6405687,342465.6833425,342466.454125,342467.1974674,1,0.878152499964926
204,15,6,categorization,0,bedroom,SHINEd_bedroom_079.tif,45,0.0833333333333333,0.05,1.96666666666667,342467.2135442,342467.9825095,74,342467.2946505,342467.3376724,342467.9916781,342469.9516815,0,0.768965299997944
204,16,6,categorization,0,livingroom,SHINEd_livingroom_067.tif,103,0.0833333333333333,0.05,0.8,342469.9671563,342470.6802491,74,342470.0482602,342470.091121,342470.6952567,342471.4885934,1,0.713092800055165
204,17,6,categorization,0,livingroom,SHINEd_livingroom_010.tif,70,0.0833333333333333,0.05,1.18333333333333,342471.5042267,342472.1958186,74,342471.5852471,342471.6286236,342472.2159488,342473.3926193,1,0.691591900016647
204,18,6,categorization,0,livingroom,SHINEd_livingroom_048.tif,93,0.0833333333333333,0.05,1.66666666666667,342473.4089849,342474.2266842,74,342473.489925,342473.5328747,342474.2385335,342475.8985374,1,0.817699300008826
204,19,6,categorization,0,livingroom,SHINEd_livingroom_007.tif,67,0.0833333333333333,0.05,1.01666666666667,342475.9148279,342476.6742319,74,342475.9956438,342476.0388311,342476.6930387,342477.7030439,1,0.759404000011273
204,20,6,categorization,0,livingroom,SHINEd_livingroom_047.tif,92,0.0833333333333333,0.05,0.983333333333333,342477.7189645,342478.4442149,70,342477.7999506,342477.8431363,342478.4637549,342479.4404264,0,0.725250400020741
204,21,6,categorization,0,bedroom,SHINEd_bedroom_046.tif,31,0.0833333333333333,0.05,0.95,342479.456667,342480.1962428,74,342479.5377083,342479.5808302,342480.2015395,342481.1463184,0,0.73957579996204
204,22,6,categorization,0,bedroom,SHINEd_bedroom_075.tif,44,0.0833333333333333,0.05,1.66666666666667,342481.1621967,342482.0137692,70,342481.2432633,342481.2861203,342482.0234484,342483.6834533,1,0.851572500017937
204,23,6,categorization,0,bedroom,SHINEd_bedroom_030.tif,25,0.0833333333333333,0.05,0.916666666666667,342483.7005655,342484.4138013,70,342483.7815221,342483.824452,342484.4284492,342485.3384551,1,0.713235799979884
204,24,6,categorization,0,bedroom,SHINEd_bedroom_122.tif,60,0.0833333333333333,0.05,0.816666666666667,342485.355827,342486.2045435,74,342485.4374348,342485.4795435,342486.2169085,342487.0269128,0,0.848716499982402
204,25,6,categorization,0,livingroom,SHINEd_livingroom_036.tif,86,0.0833333333333333,0.05,1.03333333333333,342487.0427151,342487.940215,74,342487.1241254,342487.1668035,342487.9539967,342488.9806677,1,0.897499900020193
204,26,6,categorization,0,livingroom,SHINEd_livingroom_056.tif,97,0.0833333333333333,0.05,1.48333333333333,342488.9967594,342489.7308762,74,342489.0777841,342489.1213728,342489.7419397,342491.2186103,1,0.734116800012998
204,27,6,categorization,0,livingroom,SHINEd_livingroom_019.tif,75,0.0833333333333333,0.05,1.88333333333333,342491.234614,342492.1038469,70,342491.3160216,342491.3589016,342492.1127915,342493.9894624,0,0.869232899975032
204,28,6,categorization,0,bedroom,SHINEd_bedroom_059.tif,37,0.0833333333333333,0.05,1.08333333333333,342494.0050504,342494.6866542,74,342494.087042,342494.1309481,342494.7018232,342495.7784945,0,0.681603800039738
204,29,6,categorization,0,livingroom,SHINEd_livingroom_023.tif,77,0.0833333333333333,0.05,1.5,342495.794073,342496.461107,70,342495.8750908,342495.9189507,342496.4728867,342497.9662238,0,0.667033999983687
204,30,6,categorization,0,bedroom,SHINEd_bedroom_057.tif,35,0.0833333333333333,0.05,1.53333333333333,342497.9822354,342498.6663335,70,342498.0632036,342498.1082905,342498.6788677,342500.2055392,1,0.684098099998664
204,31,6,categorization,0,livingroom,SHINEd_livingroom_050.tif,94,0.0833333333333333,0.05,0.733333333333333,342500.222562,342500.9070837,74,342500.3038986,342500.3465967,342500.9172112,342501.6438823,1,0.684521700022742
204,32,6,categorization,0,bedroom,SHINEd_bedroom_015.tif,17,0.0833333333333333,0.05,0.7,342501.6599605,342502.2699789,70,342501.7408417,342501.784012,342502.2881244,342502.9814656,1,0.610018399951514
204,33,6,categorization,0,livingroom,SHINEd_livingroom_065.tif,101,0.0833333333333333,0.05,1.76666666666667,342502.9970735,342503.7325649,74,342503.0782603,342503.1212777,342503.741786,342505.5017896,1,0.735491400002502
204,34,6,categorization,0,bedroom,SHINEd_bedroom_093.tif,50,0.0833333333333333,0.05,0.85,342505.5191722,342506.2186818,74,342505.6005004,342505.6435017,342506.2310893,342507.0744278,0,0.699509600002784
204,35,6,categorization,0,livingroom,SHINEd_livingroom_039.tif,88,0.0833333333333333,0.05,1.55,342507.0902509,342508.2588976,74,342507.1711857,342507.214528,342508.2694339,342509.8127708,1,1.16864669998176
204,36,6,categorization,0,bedroom,SHINEd_bedroom_053.tif,34,0.0833333333333333,0.05,1.25,342509.8291298,342510.973408,74,342509.9101501,342509.9530281,342510.9905012,342512.2338406,0,1.14427819999401
204,37,6,categorization,0,livingroom,SHINEd_livingroom_064.tif,100,0.0833333333333333,0.05,1.13333333333333,342512.2497308,342513.0388787,74,342512.3306264,342512.3736634,342513.0442805,342514.1709523,1,0.789147900009993
204,38,6,categorization,0,bedroom,SHINEd_bedroom_032.tif,26,0.0833333333333333,0.05,1.4,342514.1867078,342514.739567,70,342514.269091,342514.3107272,342514.7480128,342516.1413495,1,0.552859199990053
204,39,6,categorization,0,bedroom,SHINEd_bedroom_067.tif,40,0.0833333333333333,0.05,1.46666666666667,342516.1571524,342516.721122,70,342516.2378382,342516.2812962,342516.7354025,342518.1954067,1,0.563969600014389
204,40,6,categorization,0,bedroom,SHINEd_bedroom_039.tif,28,0.0833333333333333,0.05,0.75,342518.2112756,342518.8231268,70,342518.2926046,342518.335658,342518.8393794,342519.5827171,1,0.611851199995726
204,41,6,categorization,0,bedroom,SHINEd_bedroom_069.tif,42,0.0833333333333333,0.05,1.28333333333333,342519.5979687,342520.6705602,74,342519.6793328,342519.7219148,342520.6758346,342521.9525047,0,1.07259150000755
204,42,6,categorization,0,bedroom,SHINEd_bedroom_085.tif,47,0.0833333333333333,0.05,0.9,342521.9684634,342522.7989875,70,342522.0493813,342522.0923583,342522.8128838,342523.7062222,1,0.830524100048933
204,43,6,categorization,0,livingroom,SHINEd_livingroom_087.tif,110,0.0833333333333333,0.05,1.4,342523.7219482,342524.6051329,74,342523.8029069,342523.8458191,342524.616409,342526.0097483,1,0.883184699981939
204,44,6,categorization,0,bedroom,SHINEd_bedroom_009.tif,13,0.0833333333333333,0.05,0.966666666666667,342526.0262757,342526.6973531,70,342526.1070407,342526.150068,342526.7039187,342527.6639246,1,0.671077399980277
204,45,6,categorization,0,bedroom,SHINEd_bedroom_022.tif,21,0.0833333333333333,0.05,1.06666666666667,342527.6794909,342528.5953871,70,342527.7606558,342527.803421,342528.6087133,342529.6687172,1,0.915896199992858
204,46,6,categorization,0,livingroom,SHINEd_livingroom_028.tif,80,0.0833333333333333,0.05,0.95,342529.6863769,342530.5153363,74,342529.7674033,342529.8101315,342530.5308512,342531.4741894,1,0.828959400008898
204,47,6,categorization,0,livingroom,SHINEd_livingroom_003.tif,63,0.0833333333333333,0.05,0.9,342531.4900263,342532.3295676,74,342531.5712379,342531.6140094,342532.336233,342533.2295697,1,0.839541299967095
204,48,6,categorization,0,bedroom,SHINEd_bedroom_068.tif,41,0.0833333333333333,0.05,1.1,342533.245702,342533.9589651,70,342533.3265237,342533.3696143,342533.9734742,342535.0668129,1,0.713263100013137
204,49,6,categorization,0,livingroom,SHINEd_livingroom_009.tif,69,0.0833333333333333,0.05,0.75,342535.0829429,342535.8732047,74,342535.1639118,342535.2086792,342535.8805072,342536.6238443,1,0.790261799993459
204,50,6,categorization,0,bedroom,SHINEd_bedroom_058.tif,36,0.0833333333333333,0.05,0.916666666666667,342536.6394908,342537.6386395,70,342536.7204879,342536.7635144,342537.6509406,342538.560945,1,0.99914870003704
204,1,7,categorization,0,livingroom,SHINEd_livingroom_019.tif,75,0.0833333333333333,0.05,1.3,342542.8606795,342543.598117,70,342542.9414988,342542.9847945,342543.6053268,342544.898665,0,0.737437500036322
204,2,7,categorization,0,bedroom,SHINEd_bedroom_057.tif,35,0.0833333333333333,0.05,1.1,342544.9148436,342545.5282614,70,342544.995615,342545.0382507,342545.5423828,342546.6357208,1,0.613417799992021
204,3,7,categorization,0,bedroom,SHINEd_bedroom_048.tif,33,0.0833333333333333,0.05,1.68333333333333,342546.6527992,342547.2301581,70,342546.7353803,342546.777755,342547.2483709,342548.9250417,1,0.57735890004551
204,4,7,categorization,0,bedroom,SHINEd_bedroom_039.tif,28,0.0833333333333333,0.05,1.15,342548.9413471,342549.5359506,70,342549.0223518,342549.0668098,342549.5544478,342550.697785,1,0.594603499979712
204,5,7,categorization,0,bedroom,SHINEd_bedroom_020.tif,20,0.0833333333333333,0.05,0.95,342550.7134496,342551.3708903,70,342550.7945627,342550.83735,342551.3912749,342552.3346135,1,0.65744070004439
204,6,7,categorization,0,livingroom,SHINEd_livingroom_077.tif,107,0.0833333333333333,0.05,1.81666666666667,342552.3529023,342553.1474687,74,342552.4343015,342552.4767223,342553.1642977,342554.9743022,1,0.794566399999894
204,7,7,categorization,0,bedroom,SHINEd_bedroom_062.tif,39,0.0833333333333333,0.05,1.36666666666667,342554.9903877,342555.6535001,70,342555.0718444,342555.1143672,342555.6684935,342557.0284975,1,0.663112400041427
204,8,7,categorization,0,bedroom,SHINEd_bedroom_086.tif,48,0.0833333333333333,0.05,1.5,342557.044224,342557.9138985,70,342557.1254817,342557.1683071,342557.922965,342559.4163017,1,0.869674499961548
204,9,7,categorization,0,livingroom,SHINEd_livingroom_060.tif,98,0.0833333333333333,0.05,1.48333333333333,342559.4320114,342560.2307397,74,342559.5129808,342559.5559727,342560.2435319,342561.7202028,1,0.798728300025687
204,10,7,categorization,0,livingroom,SHINEd_livingroom_001.tif,61,0.0833333333333333,0.05,1.33333333333333,342561.7363939,342562.4585704,74,342561.8180551,342561.8609226,342562.4649449,342563.7916239,1,0.722176500014029
204,11,7,categorization,0,bedroom,SHINEd_bedroom_075.tif,44,0.0833333333333333,0.05,1.85,342563.8076435,342564.4066624,70,342563.8887676,342563.9316203,342564.4188477,342566.2621859,1,0.599018900014926
204,12,7,categorization,0,bedroom,SHINEd_bedroom_115.tif,55,0.0833333333333333,0.05,1.23333333333333,342566.2782888,342566.8714337,70,342566.3609953,342566.4023489,342566.8897277,342568.1163996,1,0.593144900049083
204,13,7,categorization,0,livingroom,SHINEd_livingroom_023.tif,77,0.0833333333333333,0.05,0.733333333333333,342568.1325568,342568.9073243,70,342568.213825,342568.2565941,342568.9290125,342569.6556837,0,0.774767499999143
204,14,7,categorization,0,bedroom,SHINEd_bedroom_030.tif,25,0.0833333333333333,0.05,0.9,342569.6719958,342570.229984,70,342569.7537265,342569.7960505,342570.2504854,342571.1438228,1,0.557988199987449
204,15,7,categorization,0,bedroom,SHINEd_bedroom_061.tif,38,0.0833333333333333,0.05,1.6,342571.1597535,342571.9558038,74,342571.2405363,342571.2836557,342571.9716982,342573.5652806,0,0.796050300006755
204,16,7,categorization,0,livingroom,SHINEd_livingroom_002.tif,62,0.0833333333333333,0.05,1.58333333333333,342573.5816454,342574.4678142,74,342573.662646,342573.7058153,342574.4764214,342576.053094,1,0.886168800003361
204,17,7,categorization,0,livingroom,SHINEd_livingroom_008.tif,68,0.0833333333333333,0.05,1.38333333333333,342576.0687745,342577.058805,70,342576.1497351,342576.192821,342577.0635707,342578.4402407,0,0.990030499990098
204,18,7,categorization,0,livingroom,SHINEd_livingroom_064.tif,100,0.0833333333333333,0.05,1.21666666666667,342578.4562685,342579.3683001,70,342578.5373868,342578.5801445,342579.3841259,342580.5941298,0,0.912031599960756
204,19,7,categorization,0,livingroom,SHINEd_livingroom_025.tif,78,0.0833333333333333,0.05,1.06666666666667,342580.6099195,342581.4431824,70,342580.6910368,342580.7339753,342581.4554089,342582.5154124,0,0.833262900006957
204,20,7,categorization,0,bedroom,SHINEd_bedroom_080.tif,46,0.0833333333333333,0.05,1.58333333333333,342582.5311472,342583.347884,70,342582.6122081,342582.6552794,342583.3595685,342584.9362401,1,0.816736800014041
204,21,7,categorization,0,livingroom,SHINEd_livingroom_041.tif,89,0.0833333333333333,0.05,0.866666666666667,342584.9530069,342586.1856447,70,342585.0349285,342585.0784726,342586.1992559,342587.0592606,0,1.23263780004345
204,22,7,categorization,0,livingroom,SHINEd_livingroom_027.tif,79,0.0833333333333333,0.05,1.61666666666667,342587.0750184,342587.8143345,70,342587.1567628,342587.2034259,342587.8243634,342589.4343674,0,0.739316100021824
204,23,7,categorization,0,bedroom,SHINEd_bedroom_009.tif,13,0.0833333333333333,0.05,1.43333333333333,342589.4501047,342590.0776421,74,342589.5324335,342589.5742103,342590.0952894,342591.5219624,0,0.627537399996072
204,24,7,categorization,0,bedroom,SHINEd_bedroom_019.tif,19,0.0833333333333333,0.05,0.816666666666667,342591.5380113,342592.1557651,70,342591.6205947,342591.6620841,342592.1658256,342592.9758313,1,0.617753799946513
204,25,7,categorization,0,livingroom,SHINEd_livingroom_043.tif,90,0.0833333333333333,0.05,0.916666666666667,342592.9916458,342593.6360759,74,342593.0734663,342593.1157377,342593.6533404,342594.5633452,1,0.644430099986494
204,26,7,categorization,0,livingroom,SHINEd_livingroom_032.tif,83,0.0833333333333333,0.05,1.2,342594.5791245,342595.4408232,74,342594.6602896,342594.702991,342595.457017,342596.650354,1,0.861698699998669
204,27,7,categorization,0,livingroom,SHINEd_livingroom_016.tif,74,0.0833333333333333,0.05,0.916666666666667,342596.6664624,342597.3272158,74,342596.7475594,342596.7905052,342597.3446579,342598.2546638,1,0.660753400006797
204,28,7,categorization,0,livingroom,SHINEd_livingroom_028.tif,80,0.0833333333333333,0.05,1.88333333333333,342598.2711445,342598.9625086,74,342598.3520224,342598.3949556,342598.9824446,342600.8591151,1,0.691364099970087
204,29,7,categorization,0,livingroom,SHINEd_livingroom_014.tif,72,0.0833333333333333,0.05,0.866666666666667,342600.8752325,342601.7438542,74,342600.9570976,342600.9994522,342601.7535818,342602.6135863,1,0.868621699977666
204,30,7,categorization,0,bedroom,SHINEd_bedroom_067.tif,40,0.0833333333333333,0.05,0.883333333333333,342602.6308992,342603.527571,70,342602.7117324,342602.7543601,342603.5422287,342604.4189097,1,0.896671800001059
204,31,7,categorization,0,livingroom,SHINEd_livingroom_048.tif,93,0.0833333333333333,0.05,0.716666666666667,342604.4350929,342605.3832904,74,342604.5161967,342604.5591433,342605.3964373,342606.1064407,1,0.948197499965318
204,32,7,categorization,0,bedroom,SHINEd_bedroom_079.tif,45,0.0833333333333333,0.05,1.31666666666667,342606.1221222,342606.9677944,70,342606.2035525,342606.2464077,342606.9840614,342608.2940663,1,0.845672200026456
204,33,7,categorization,0,livingroom,SHINEd_livingroom_056.tif,97,0.0833333333333333,0.05,1.58333333333333,342608.3100592,342609.6132556,74,342608.3912188,342608.4340347,342609.6212572,342611.1979283,1,1.30319639999652
204,34,7,categorization,0,livingroom,SHINEd_livingroom_072.tif,105,0.0833333333333333,0.05,1.08333333333333,342611.2137781,342611.9876521,74,342611.2948371,342611.3380172,342612.0093895,342613.0860596,1,0.77387400000589
204,35,7,categorization,0,bedroom,SHINEd_bedroom_093.tif,50,0.0833333333333333,0.05,1.36666666666667,342613.1018038,342613.9402869,74,342613.1827996,342613.2275614,342613.9482152,342615.3082208,0,0.838483100000303
204,36,7,categorization,0,livingroom,SHINEd_livingroom_007.tif,67,0.0833333333333333,0.05,0.966666666666667,342615.324285,342616.6111136,74,342615.4052133,342615.4482112,342616.6188119,342617.5788157,1,1.28682860004483
204,37,7,categorization,0,bedroom,SHINEd_bedroom_120.tif,59,0.0833333333333333,0.05,1.76666666666667,342617.5947017,342618.2747031,70,342617.6761113,342617.7197134,342618.290654,342620.0506577,1,0.680001399945468
204,38,7,categorization,0,bedroom,SHINEd_bedroom_032.tif,26,0.0833333333333333,0.05,1.75,342620.066751,342620.6981206,70,342620.1477358,342620.191995,342620.7128418,342622.4561786,1,0.631369600014295
204,39,7,categorization,0,livingroom,SHINEd_livingroom_009.tif,69,0.0833333333333333,0.05,0.783333333333333,342622.4720116,342623.1426134,70,342622.5530178,342622.5957886,342623.1497798,342623.9264529,0,0.670601800025906
204,40,7,categorization,0,livingroom,SHINEd_livingroom_003.tif,63,0.0833333333333333,0.05,1.9,342623.9426516,342625.0982271,70,342624.0237478,342624.0667874,342625.1040953,342626.9974321,0,1.1555754999863
204,41,7,categorization,0,bedroom,SHINEd_bedroom_099.tif,53,0.0833333333333333,0.05,0.983333333333333,342627.0132838,342627.8505465,70,342627.0947119,342627.1375023,342627.8580843,342628.8347569,1,0.837262700020801
204,42,7,categorization,0,livingroom,SHINEd_livingroom_015.tif,73,0.0833333333333333,0.05,1.05,342628.8528081,342629.4773159,74,342628.9341936,342628.9786736,342629.4826476,342630.5259845,1,0.624507799977437
204,43,7,categorization,0,bedroom,SHINEd_bedroom_042.tif,29,0.0833333333333333,0.05,0.933333333333333,342630.5418709,342631.2180127,70,342630.6229937,342630.6677511,342631.2385415,342632.1652133,1,0.676141799951438
204,44,7,categorization,0,livingroom,SHINEd_livingroom_037.tif,87,0.0833333333333333,0.05,1.41666666666667,342632.1807911,342633.1756831,74,342632.2618294,342632.3049673,342633.1924339,342634.6024384,1,0.994891999987885
204,45,7,categorization,0,livingroom,SHINEd_livingroom_067.tif,103,0.0833333333333333,0.05,1.58333333333333,342634.6196172,342635.3801088,74,342634.7005273,342634.7437776,342635.3978838,342636.9745535,1,0.760491600027308
204,46,7,categorization,0,bedroom,SHINEd_bedroom_097.tif,51,0.0833333333333333,0.05,1.25,342636.9905646,342637.6199946,70,342637.0716577,342637.1145312,342637.6351055,342638.8784427,1,0.62943000002997
204,47,7,categorization,0,bedroom,SHINEd_bedroom_027.tif,23,0.0833333333333333,0.05,0.983333333333333,342638.8942102,342639.468704,70,342638.9752755,342639.0182778,342639.4894962,342640.4661683,1,0.574493799998891
204,48,7,categorization,0,livingroom,SHINEd_livingroom_029.tif,81,0.0833333333333333,0.05,0.75,342640.482423,342641.4658577,70,342640.5639207,342640.6065661,342641.4774674,342642.2208053,0,0.983434699999634
204,49,7,categorization,0,livingroom,SHINEd_livingroom_031.tif,82,0.0833333333333333,0.05,1.28333333333333,342642.2377157,342642.7718825,70,342642.3189411,342642.3629417,342642.783426,342644.0600965,0,0.534166799974628
204,50,7,categorization,0,bedroom,SHINEd_bedroom_112.tif,54,0.0833333333333333,0.05,0.716666666666667,342644.0758524,342644.7743935,70,342644.1566243,342644.1997433,342644.7870012,342645.4970048,1,0.69854110002052
204,1,8,categorization,0,livingroom,SHINEd_livingroom_036.tif,86,0.0833333333333333,0.05,1.25,342668.1390454,342669.0110409,74,342668.2206363,342668.2628363,342669.0169511,342670.2602879,1,0.871995499997865
204,2,8,categorization,0,livingroom,SHINEd_livingroom_033.tif,84,0.0833333333333333,0.05,1.35,342670.2764061,342671.029602,74,342670.3573197,342670.400551,342671.0376774,342672.3810156,1,0.753195900004357
204,3,8,categorization,0,bedroom,SHINEd_bedroom_015.tif,17,0.0833333333333333,0.05,0.833333333333333,342672.397386,342673.0944388,70,342672.4798879,342672.5216618,342673.1090194,342673.9356908,1,0.697052799980156
204,4,8,categorization,0,bedroom,SHINEd_bedroom_085.tif,47,0.0833333333333333,0.05,1.66666666666667,342673.9526075,342674.8105378,70,342674.0337969,342674.0767717,342674.8307964,342676.4908018,1,0.857930300000589
204,5,8,categorization,0,livingroom,SHINEd_livingroom_085.tif,109,0.0833333333333333,0.05,0.85,342676.5066043,342677.1596294,74,342676.5877083,342676.6305884,342677.1679857,342678.0113249,1,0.653025100007653
204,6,8,categorization,0,livingroom,SHINEd_livingroom_005.tif,65,0.0833333333333333,0.05,1.01666666666667,342678.0275495,342678.8396581,74,342678.1086008,342678.1519145,342678.8559659,342679.8659704,1,0.812108599988278
204,7,8,categorization,0,livingroom,SHINEd_livingroom_012.tif,71,0.0833333333333333,0.05,1.91666666666667,342679.8822038,342680.6338156,74,342679.9635249,342680.0061031,342680.6434798,342682.5534846,1,0.751611799991224
204,8,8,categorization,0,livingroom,SHINEd_livingroom_050.tif,94,0.0833333333333333,0.05,1.55,342682.5693751,342683.4980857,70,342682.6506724,342682.6932811,342683.5141142,342685.0574514,0,0.928710599953774
204,9,8,categorization,0,bedroom,SHINEd_bedroom_010.tif,14,0.0833333333333333,0.05,0.883333333333333,342685.0736055,342685.6779923,70,342685.1547222,342685.1977044,342685.6849125,342686.5615849,1,0.604386800026987
204,10,8,categorization,0,bedroom,SHINEd_bedroom_004.tif,11,0.0833333333333333,0.05,1.31666666666667,342686.5776498,342687.2868211,70,342686.6586838,342686.7016112,342687.3061964,342688.6162005,1,0.709171299997251
204,11,8,categorization,0,livingroom,SHINEd_livingroom_047.tif,92,0.0833333333333333,0.05,1.13333333333333,342688.6332042,342689.3083816,74,342688.7141252,342688.7572222,342689.3280335,342690.4547032,1,0.675177400000393
204,12,8,categorization,0,livingroom,SHINEd_livingroom_022.tif,76,0.0833333333333333,0.05,1.23333333333333,342690.4709204,342691.3405843,74,342690.5520165,342690.5949543,342691.3488906,342692.5755623,1,0.869663899997249
204,13,8,categorization,0,bedroom,SHINEd_bedroom_045.tif,30,0.0833333333333333,0.05,0.95,342692.5917654,342693.5540493,70,342692.6729089,342692.7157949,342693.5700545,342694.5133922,1,0.962283899949398
204,14,8,categorization,0,bedroom,SHINEd_bedroom_089.tif,49,0.0833333333333333,0.05,1.21666666666667,342694.5300544,342695.063614,70,342694.6114143,342694.6540831,342695.0746085,342696.2846115,1,0.53355960000772
204,15,8,categorization,0,bedroom,SHINEd_bedroom_116.tif,56,0.0833333333333333,0.05,1.08333333333333,342696.3009001,342697.1276122,70,342696.3831641,342696.4249661,342697.1455531,342698.2222235,1,0.8267121000099
204,16,8,categorization,0,bedroom,SHINEd_bedroom_028.tif,24,0.0833333333333333,0.05,1.08333333333333,342698.2383906,342698.846504,70,342698.3198936,342698.3624258,342698.8666047,342699.9432767,1,0.608113399997819
204,17,8,categorization,0,bedroom,SHINEd_bedroom_098.tif,52,0.0833333333333333,0.05,1.76666666666667,342699.9605584,342700.5787169,70,342700.0415203,342700.084707,342700.5887019,342702.3487057,1,0.6181585000013
204,18,8,categorization,0,bedroom,SHINEd_bedroom_036.tif,27,0.0833333333333333,0.05,0.983333333333333,342702.3647737,342702.9368695,70,342702.4458481,342702.4891776,342702.9429421,342703.9196119,1,0.572095799958333
204,19,8,categorization,0,livingroom,SHINEd_livingroom_081.tif,108,0.0833333333333333,0.05,1.35,342703.9356633,342704.5806995,74,342704.0170511,342704.0600266,342704.5972049,342705.9405425,1,0.645036200003233
204,20,8,categorization,0,bedroom,SHINEd_bedroom_008.tif,12,0.0833333333333333,0.05,0.816666666666667,342705.9577472,342706.5855541,70,342706.0402303,342706.0831116,342706.6037232,342707.4137278,1,0.62780690001091
204,21,8,categorization,0,bedroom,SHINEd_bedroom_025.tif,22,0.0833333333333333,0.05,1.8,342707.4300904,342708.4376087,70,342707.5110491,342707.553746,342708.4577836,342710.2511214,1,1.00751830002991
204,22,8,categorization,0,bedroom,SHINEd_bedroom_069.tif,42,0.0833333333333333,0.05,0.883333333333333,342710.2676656,342711.0493969,70,342710.3489265,342710.3915604,342711.0622617,342711.9389326,1,0.781731299997773
204,23,8,categorization,0,livingroom,SHINEd_livingroom_052.tif,95,0.0833333333333333,0.05,1.23333333333333,342711.9551138,342712.5364818,74,342712.036367,342712.0795015,342712.5503144,342713.7769868,1,0.581368000013754
204,24,8,categorization,0,bedroom,SHINEd_bedroom_053.tif,34,0.0833333333333333,0.05,1.88333333333333,342713.7928022,342714.4163013,74,342713.8747934,342713.917269,342714.4212262,342716.2978977,0,0.623499099980108
204,25,8,categorization,0,bedroom,SHINEd_bedroom_047.tif,32,0.0833333333333333,0.05,1.26666666666667,342716.3138952,342716.893569,74,342716.3962206,342716.4378508,342716.9085727,342718.1685771,0,0.57967380003538
204,26,8,categorization,0,livingroom,SHINEd_livingroom_010.tif,70,0.0833333333333333,0.05,1.46666666666667,342718.1871294,342719.0485481,70,342718.2684565,342718.3124027,342719.0667457,342720.5267499,0,0.861418700020295
204,27,8,categorization,0,bedroom,SHINEd_bedroom_022.tif,21,0.0833333333333333,0.05,1.21666666666667,342720.5424351,342721.5753002,70,342720.6234174,342720.6666167,342721.5876725,342722.7976762,1,1.03286510001635
204,28,8,categorization,0,livingroom,SHINEd_livingroom_046.tif,91,0.0833333333333333,0.05,1.55,342722.813502,342723.4277322,70,342722.8952991,342722.9375123,342723.4412607,342724.9849976,0,0.614230200008024
204,29,8,categorization,0,bedroom,SHINEd_bedroom_119.tif,58,0.0833333333333333,0.05,1.06666666666667,342725.0022286,342726.1697157,74,342725.0831075,342725.1262103,342726.1802401,342727.2402443,0,1.16748709999956
204,30,8,categorization,0,bedroom,SHINEd_bedroom_068.tif,41,0.0833333333333333,0.05,1.23333333333333,342727.2578291,342727.8899029,70,342727.3390154,342727.3834208,342727.9041217,342729.130794,1,0.632073799963109
204,31,8,categorization,0,livingroom,SHINEd_livingroom_066.tif,102,0.0833333333333333,0.05,1.86666666666667,342729.1466396,342729.81512,74,342729.2276869,342729.271023,342729.8247589,342731.684799,1,0.668480399996042
204,32,8,categorization,0,livingroom,SHINEd_livingroom_076.tif,106,0.0833333333333333,0.05,1.71666666666667,342731.7008402,342732.3909915,74,342731.7817643,342731.8251718,342732.3958367,342734.1058421,1,0.690151299990248
204,33,8,categorization,0,bedroom,SHINEd_bedroom_011.tif,15,0.0833333333333333,0.05,0.816666666666667,342734.1218927,342734.9875018,74,342734.2031878,342734.246072,342735.0000281,342735.8100333,0,0.865609100030269
204,34,8,categorization,0,bedroom,SHINEd_bedroom_118.tif,57,0.0833333333333333,0.05,1.56666666666667,342735.8261263,342736.491378,70,342735.9076211,342735.95041,342736.5043586,342738.064371,1,0.665251700032968
204,35,8,categorization,0,livingroom,SHINEd_livingroom_054.tif,96,0.0833333333333333,0.05,0.766666666666667,342738.0809702,342739.1624837,70,342738.1626092,342738.2049224,342739.1754905,342739.9354935,0,1.08151350001572
204,36,8,categorization,0,livingroom,SHINEd_livingroom_006.tif,66,0.0833333333333333,0.05,1.28333333333333,342739.9531097,342741.0627456,74,342740.035262,342740.0788212,342741.0840812,342742.3607511,1,1.10963590000756
204,37,8,categorization,0,livingroom,SHINEd_livingroom_035.tif,85,0.0833333333333333,0.05,0.783333333333333,342742.376872,342743.2950786,74,342742.458449,342742.5007429,342743.3046867,342744.0813588,1,0.91820660000667
204,38,8,categorization,0,livingroom,SHINEd_livingroom_004.tif,64,0.0833333333333333,0.05,1.65,342744.0980232,342744.782966,74,342744.1792462,342744.2219876,342744.7928778,342746.4362164,1,0.684942800027784
204,39,8,categorization,0,bedroom,SHINEd_bedroom_058.tif,36,0.0833333333333333,0.05,1.55,342746.4532384,342747.1214707,70,342746.5344467,342746.5772611,342747.1309974,342748.6743346,1,0.668232300027739
204,40,8,categorization,0,livingroom,SHINEd_livingroom_061.tif,99,0.0833333333333333,0.05,0.783333333333333,342748.6907442,342749.2628812,74,342748.7722645,342748.8143985,342749.2683474,342750.0450187,1,0.572136999981012
204,41,8,categorization,0,livingroom,SHINEd_livingroom_039.tif,88,0.0833333333333333,0.05,1.16666666666667,342750.0606505,342751.1334028,74,342750.1418524,342750.1846626,342751.1386783,342752.2986819,1,1.0727523000096
204,42,8,categorization,0,bedroom,SHINEd_bedroom_016.tif,18,0.0833333333333333,0.05,0.7,342752.3147476,342752.7893194,70,342752.3958835,342752.4402423,342752.7943612,342753.4877001,1,0.47457179997582
204,43,8,categorization,0,bedroom,SHINEd_bedroom_074.tif,43,0.0833333333333333,0.05,1.76666666666667,342753.5034036,342754.4111234,70,342753.5846364,342753.6274889,342754.4315977,342756.1916013,1,0.907719799957704
204,44,8,categorization,0,bedroom,SHINEd_bedroom_059.tif,37,0.0833333333333333,0.05,1.28333333333333,342756.2077191,342757.0266437,74,342756.2891908,342756.3316915,342757.0358848,342758.3125569,0,0.818924600025639
204,45,8,categorization,0,bedroom,SHINEd_bedroom_046.tif,31,0.0833333333333333,0.05,1.55,342758.32904,342759.2359156,70,342758.4101596,342758.4529719,342759.240238,342760.7835761,1,0.906875599990599
204,46,8,categorization,0,livingroom,SHINEd_livingroom_087.tif,110,0.0833333333333333,0.05,0.85,342760.800047,342761.6672826,74,342760.881214,342760.9242219,342761.678137,342762.5214763,1,0.867235600017011
204,47,8,categorization,0,livingroom,SHINEd_livingroom_065.tif,101,0.0833333333333333,0.05,0.716666666666667,342762.5371035,342763.1897055,70,342762.6186125,342762.6610837,342763.198399,342763.9084031,0,0.652601999987382
204,48,8,categorization,0,livingroom,SHINEd_livingroom_068.tif,104,0.0833333333333333,0.05,1.16666666666667,342763.9242348,342764.809962,74,342764.0053946,342764.0482399,342764.8189424,342765.9789456,1,0.885727200016845
204,49,8,categorization,0,bedroom,SHINEd_bedroom_012.tif,16,0.0833333333333333,0.05,0.983333333333333,342765.994503,342766.7237632,70,342766.0756018,342766.1185318,342766.7393516,342767.7160227,1,0.729260199994314
204,50,8,categorization,0,bedroom,SHINEd_bedroom_122.tif,60,0.0833333333333333,0.05,0.783333333333333,342767.7317911,342768.6224181,70,342767.812717,342767.8556062,342768.6429022,342769.4195734,1,0.890627000015229
204,1,9,categorization,0,livingroom,SHINEd_livingroom_025.tif,78,0.0833333333333333,0.05,1.68333333333333,342773.6507591,342774.3894056,70,342773.7319549,342773.7749434,342774.395543,342776.0722126,0,0.738646500045434
204,2,9,categorization,0,livingroom,SHINEd_livingroom_008.tif,68,0.0833333333333333,0.05,0.833333333333333,342776.088113,342776.9219077,70,342776.1689587,342776.2120944,342776.9343506,342777.7610224,0,0.833794700040016
204,3,9,categorization,0,bedroom,SHINEd_bedroom_027.tif,23,0.0833333333333333,0.05,1.85,342777.7769861,342778.3927474,70,342777.858362,342777.9012558,342778.4055582,342780.2488971,1,0.615761299966834
204,4,9,categorization,0,bedroom,SHINEd_bedroom_120.tif,59,0.0833333333333333,0.05,1.25,342780.2657264,342781.0161685,74,342780.3469032,342780.3898637,342781.0273455,342782.2706823,0,0.750442099990323
204,5,9,categorization,0,bedroom,SHINEd_bedroom_015.tif,17,0.0833333333333333,0.05,1.1,342782.2873442,342783.0660745,70,342782.3685961,342782.4115814,342783.0823293,342784.1756674,1,0.778730299964081
204,6,9,categorization,0,livingroom,SHINEd_livingroom_060.tif,98,0.0833333333333333,0.05,0.866666666666667,342784.1916711,342785.1495375,74,342784.2728943,342784.3159206,342785.1705361,342786.0305396,1,0.957866400014609
204,7,9,categorization,0,livingroom,SHINEd_livingroom_037.tif,87,0.0833333333333333,0.05,0.866666666666667,342786.0467413,342786.7678345,74,342786.1277247,342786.1725101,342786.7763434,342787.6363468,1,0.721093200030737
204,8,9,categorization,0,livingroom,SHINEd_livingroom_047.tif,92,0.0833333333333333,0.05,0.9,342787.6538031,342788.3182195,70,342787.7354527,342787.7792316,342788.3333376,342789.2266743,0,0.664416400017217
204,9,9,categorization,0,bedroom,SHINEd_bedroom_069.tif,42,0.0833333333333333,0.05,1.1,342789.2425399,342789.9199233,70,342789.3240915,342789.3668912,342789.9375062,342791.0308444,1,0.677383399975952
204,10,9,categorization,0,bedroom,SHINEd_bedroom_022.tif,21,0.0833333333333333,0.05,1.33333333333333,342791.046431,342791.9282895,74,342791.1273738,342791.172183,342791.94294,342793.2696109,0,0.881858500011731
204,11,9,categorization,0,livingroom,SHINEd_livingroom_031.tif,82,0.0833333333333333,0.05,1.16666666666667,342793.286247,342794.1537788,70,342793.3676765,342793.4104948,342794.1647031,342795.3247073,0,0.867531800002325
204,12,9,categorization,0,livingroom,SHINEd_livingroom_014.tif,72,0.0833333333333333,0.05,0.783333333333333,342795.3405179,342796.0376707,74,342795.4221633,342795.4650329,342796.0522099,342796.8288809,1,0.697152799984906
204,13,9,categorization,0,bedroom,SHINEd_bedroom_045.tif,30,0.0833333333333333,0.05,1.1,342796.8453973,342797.8883489,74,342796.9267224,342796.9708632,342797.9082899,342799.0016303,0,1.04295159998583
204,14,9,categorization,0,bedroom,SHINEd_bedroom_046.tif,31,0.0833333333333333,0.05,0.733333333333333,342799.0199747,342799.9147456,74,342799.102217,342799.1438551,342799.932521,342800.6591931,0,0.894770900020376
204,15,9,categorization,0,livingroom,SHINEd_livingroom_010.tif,70,0.0833333333333333,0.05,1.08333333333333,342800.6751454,342801.2589102,70,342800.7559965,342800.7990742,342801.2698868,342802.3465571,0,0.583764799986966
204,16,9,categorization,0,livingroom,SHINEd_livingroom_005.tif,65,0.0833333333333333,0.05,1.31666666666667,342802.3627593,342803.2631274,70,342802.4436744,342802.4872986,342803.2748964,342804.5849012,0,0.90036810003221
204,17,9,categorization,0,bedroom,SHINEd_bedroom_053.tif,34,0.0833333333333333,0.05,0.816666666666667,342804.6011443,342805.704562,74,342804.6821849,342804.7252569,342805.7125268,342806.5225323,0,1.10341769998195
204,18,9,categorization,0,livingroom,SHINEd_livingroom_007.tif,67,0.0833333333333333,0.05,1.23333333333333,342806.5385543,342807.3911953,70,342806.6199785,342806.66289,342807.4003276,342808.6269979,0,0.852641000004951
204,19,9,categorization,0,livingroom,SHINEd_livingroom_001.tif,61,0.0833333333333333,0.05,1.38333333333333,342808.6434754,342809.754954,74,342808.7245646,342808.7677018,342809.7718648,342811.1485372,1,1.11147860001074
204,20,9,categorization,0,bedroom,SHINEd_bedroom_048.tif,33,0.0833333333333333,0.05,0.916666666666667,342811.1650267,342811.7974777,70,342811.2460988,342811.2888876,342811.8095635,342812.7195671,1,0.632450999983121
204,21,9,categorization,0,bedroom,SHINEd_bedroom_089.tif,49,0.0833333333333333,0.05,0.933333333333333,342812.7358119,342813.6426592,70,342812.8172748,342812.8601408,342813.6474338,342814.5741036,1,0.906847300007939
204,22,9,categorization,0,livingroom,SHINEd_livingroom_050.tif,94,0.0833333333333333,0.05,1.31666666666667,342814.590153,342815.3616403,74,342814.6711341,342814.7141747,342815.3698893,342816.6798931,1,0.771487299993169
204,23,9,categorization,0,livingroom,SHINEd_livingroom_067.tif,103,0.0833333333333333,0.05,1.5,342816.6956653,342817.4875557,74,342816.777149,342816.8200241,342817.5075392,342819.0008775,1,0.791890399996191
204,24,9,categorization,0,livingroom,SHINEd_livingroom_081.tif,108,0.0833333333333333,0.05,1.15,342819.0169953,342819.8532487,74,342819.0993684,342819.1412336,342819.8618806,342821.0052186,1,0.836253399960697
204,25,9,categorization,0,livingroom,SHINEd_livingroom_085.tif,109,0.0833333333333333,0.05,0.75,342821.0210813,342821.9143688,74,342821.1021286,342821.1452946,342821.9341421,342822.6774798,1,0.893287500017323
204,26,9,categorization,0,livingroom,SHINEd_livingroom_012.tif,71,0.0833333333333333,0.05,1.56666666666667,342822.693398,342823.3763933,74,342822.7745355,342822.8176954,342823.3887401,342824.9487441,1,0.682995300041512
204,27,9,categorization,0,livingroom,SHINEd_livingroom_048.tif,93,0.0833333333333333,0.05,0.9,342824.9649431,342825.7915712,74,342825.0472572,342825.0893222,342825.8101754,342826.7035131,1,0.826628100010566
204,28,9,categorization,0,livingroom,SHINEd_livingroom_004.tif,64,0.0833333333333333,0.05,0.95,342826.7208093,342827.5910779,70,342826.8018352,342826.846155,342827.6003745,342828.5437108,0,0.870268600003328
204,29,9,categorization,0,livingroom,SHINEd_livingroom_032.tif,83,0.0833333333333333,0.05,2,342828.5599514,342829.1380766,70,342828.6425829,342828.6843277,342829.1551846,342831.1485215,0,0.578125200001523
204,30,9,categorization,0,bedroom,SHINEd_bedroom_115.tif,55,0.0833333333333333,0.05,1.11666666666667,342831.1643388,342831.6576078,70,342831.2459692,342831.2888262,342831.6761755,342832.7861803,1,0.493268999969587
204,31,9,categorization,0,bedroom,SHINEd_bedroom_020.tif,20,0.0833333333333333,0.05,1.86666666666667,342832.802231,342833.375026,70,342832.8834748,342832.9263855,342833.3805715,342835.2405768,1,0.572795000043698
204,32,9,categorization,0,bedroom,SHINEd_bedroom_057.tif,35,0.0833333333333333,0.05,1.73333333333333,342835.2569979,342835.7318223,70,342835.33853,342835.3823844,342835.7365319,342837.4632027,1,0.474824399978388
204,33,9,categorization,0,bedroom,SHINEd_bedroom_036.tif,27,0.0833333333333333,0.05,1.16666666666667,342837.4793869,342837.9620291,70,342837.5603102,342837.6033421,342837.9739729,342839.1339771,1,0.482642199960537
204,34,9,categorization,0,livingroom,SHINEd_livingroom_046.tif,91,0.0833333333333333,0.05,1.93333333333333,342839.1502713,342839.8154598,74,342839.2320508,342839.2742887,342839.8282867,342841.7549579,1,0.665188500017393
204,35,9,categorization,0,livingroom,SHINEd_livingroom_009.tif,69,0.0833333333333333,0.05,1.01666666666667,342841.7709547,342842.3231318,70,342841.8524676,342841.8963942,342842.3336634,342843.3436714,0,0.552177099976689
204,36,9,categorization,0,bedroom,SHINEd_bedroom_086.tif,48,0.0833333333333333,0.05,1,342843.3597367,342843.8857156,70,342843.4408646,342843.4839753,342843.9046944,342844.8980321,1,0.525978899968322
204,37,9,categorization,0,livingroom,SHINEd_livingroom_072.tif,105,0.0833333333333333,0.05,1.2,342844.9152895,342845.843814,70,342844.9976165,342845.0396431,342845.8604477,342847.0537857,0,0.928524500050116
204,38,9,categorization,0,bedroom,SHINEd_bedroom_025.tif,22,0.0833333333333333,0.05,1.05,342847.0700032,342848.0842799,70,342847.1509309,342847.1938636,342848.0989427,342849.1422794,1,1.01427670003613
204,39,9,categorization,0,bedroom,SHINEd_bedroom_061.tif,38,0.0833333333333333,0.05,0.983333333333333,342849.1584241,342849.9357234,74,342849.2405422,342849.2834583,342849.9544391,342850.9311103,0,0.777299299952574
204,40,9,categorization,0,bedroom,SHINEd_bedroom_079.tif,45,0.0833333333333333,0.05,0.75,342850.9466177,342851.6363267,74,342851.0283214,342851.0705145,342851.6410672,342852.384404,0,0.689708999998402
204,41,9,categorization,0,livingroom,SHINEd_livingroom_043.tif,90,0.0833333333333333,0.05,1.01666666666667,342852.4009748,342852.9953281,70,342852.4822673,342852.5251657,342853.012955,342854.0229583,0,0.594353299995419
204,42,9,categorization,0,livingroom,SHINEd_livingroom_087.tif,110,0.0833333333333333,0.05,0.85,342854.039114,342855.2874492,74,342854.1201348,342854.1631299,342855.3008004,342856.1441498,1,1.24833520001266
204,43,9,categorization,0,bedroom,SHINEd_bedroom_112.tif,54,0.0833333333333333,0.05,1,342856.1607368,342857.0219277,70,342856.2418433,342856.2849701,342857.0391843,342858.0325213,1,0.861190900031943
204,44,9,categorization,0,bedroom,SHINEd_bedroom_068.tif,41,0.0833333333333333,0.05,1.83333333333333,342858.0497405,342858.5700593,70,342858.1310551,342858.1736418,342858.5774059,342860.4040756,1,0.520318800001405
204,45,9,categorization,0,livingroom,SHINEd_livingroom_029.tif,81,0.0833333333333333,0.05,1.06666666666667,342860.4213353,342861.0262154,74,342860.502353,342860.5452857,342861.0328307,342862.0928338,1,0.604880099999718
204,46,9,categorization,0,bedroom,SHINEd_bedroom_028.tif,24,0.0833333333333333,0.05,1.73333333333333,342862.1099414,342862.9491209,70,342862.1912485,342862.2340168,342862.9549852,342864.6816557,1,0.839179500006139
204,47,9,categorization,0,bedroom,SHINEd_bedroom_080.tif,46,0.0833333333333333,0.05,1.05,342864.6977041,342865.2259418,70,342864.7788734,342864.8221595,342865.242886,342866.2862234,1,0.52823769999668
204,48,9,categorization,0,livingroom,SHINEd_livingroom_039.tif,88,0.0833333333333333,0.05,0.983333333333333,342866.3022165,342867.1919319,74,342866.3839366,342866.4258657,342867.1964159,342868.1730888,1,0.889715400000568
204,49,9,categorization,0,livingroom,SHINEd_livingroom_052.tif,95,0.0833333333333333,0.05,1.13333333333333,342868.1890694,342869.014553,74,342868.2701757,342868.3132016,342869.0347323,342870.161404,1,0.82548359996872
204,50,9,categorization,0,bedroom,SHINEd_bedroom_032.tif,26,0.0833333333333333,0.05,0.8,342870.1771544,342870.7767922,70,342870.2580434,342870.3011026,342870.7886517,342871.5819902,1,0.599637800012715
204,1,10,categorization,0,livingroom,SHINEd_livingroom_068.tif,104,0.0833333333333333,0.05,1.78333333333333,342880.5300301,342881.4255425,70,342880.6109102,342880.65408,342881.4414424,342883.2181124,0,0.895512399962172
204,2,10,categorization,0,livingroom,SHINEd_livingroom_035.tif,85,0.0833333333333333,0.05,1.83333333333333,342883.2343795,342883.9005771,74,342883.3153967,342883.3584668,342883.9126531,342885.7393318,1,0.666197600017767
204,3,10,categorization,0,bedroom,SHINEd_bedroom_042.tif,29,0.0833333333333333,0.05,1.36666666666667,342885.7556068,342886.5106777,70,342885.8364449,342885.8798048,342886.5171126,342887.8771188,1,0.755070899962448
204,4,10,categorization,0,bedroom,SHINEd_bedroom_062.tif,39,0.0833333333333333,0.05,1.18333333333333,342887.894003,342888.68239,70,342887.9761898,342888.0182396,342888.6888846,342889.8655796,1,0.788386999978684
204,5,10,categorization,0,livingroom,SHINEd_livingroom_041.tif,89,0.0833333333333333,0.05,1.45,342889.88333,342890.5359482,70,342889.9642188,342890.0073316,342890.5444761,342891.9878152,0,0.652618199994322
204,6,10,categorization,0,bedroom,SHINEd_bedroom_047.tif,32,0.0833333333333333,0.05,1.45,342892.0044211,342893.1407561,70,342892.0853784,342892.1284479,342893.1490469,342894.5923853,1,1.13633499998832
204,7,10,categorization,0,bedroom,SHINEd_bedroom_009.tif,13,0.0833333333333333,0.05,1.13333333333333,342894.6085397,342895.2095134,70,342894.6911285,342894.7342256,342895.2216447,342896.3483164,1,0.600973699998576
204,8,10,categorization,0,bedroom,SHINEd_bedroom_074.tif,43,0.0833333333333333,0.05,1.25,342896.3646896,342897.3655568,70,342896.4460736,342896.488329,342897.376032,342898.6193704,1,1.00086719996762
204,9,10,categorization,0,bedroom,SHINEd_bedroom_118.tif,57,0.0833333333333333,0.05,0.816666666666667,342898.6357217,342899.3173001,70,342898.7164587,342898.7610649,342899.3319454,342900.1419513,1,0.681578400020953
204,10,10,categorization,0,bedroom,SHINEd_bedroom_098.tif,52,0.0833333333333333,0.05,0.816666666666667,342900.159369,342900.8922949,70,342900.2414348,342900.2835199,342900.9044362,342901.7144393,1,0.732925900025293
204,11,10,categorization,0,bedroom,SHINEd_bedroom_004.tif,11,0.0833333333333333,0.05,1.18333333333333,342901.7307419,342902.29352,70,342901.8124701,342901.8564821,342902.3103006,342903.4869706,1,0.562778100022115
204,12,10,categorization,0,livingroom,SHINEd_livingroom_006.tif,66,0.0833333333333333,0.05,0.95,342903.5034742,342904.0639804,74,342903.5846692,342903.6274213,342904.0813104,342905.0246477,1,0.560506199952215
204,13,10,categorization,0,livingroom,SHINEd_livingroom_022.tif,76,0.0833333333333333,0.05,0.716666666666667,342905.040691,342905.8223917,74,342905.1217527,342905.1645859,342905.8354564,342906.5454613,1,0.7817006999976
204,14,10,categorization,0,bedroom,SHINEd_bedroom_116.tif,56,0.0833333333333333,0.05,1.35,342906.5617258,342907.1711493,70,342906.6433128,342906.6858714,342907.1897649,342908.5331044,1,0.609423500020057
204,15,10,categorization,0,livingroom,SHINEd_livingroom_016.tif,74,0.0833333333333333,0.05,1.18333333333333,342908.5493023,342909.1027002,74,342908.6303275,342908.6734683,342909.1109518,342910.2876242,1,0.553397900017444
204,16,10,categorization,0,bedroom,SHINEd_bedroom_119.tif,58,0.0833333333333333,0.05,1.86666666666667,342910.3040817,342910.9162599,74,342910.3854284,342910.4280716,342910.9323339,342912.7923374,0,0.612178200040944
204,17,10,categorization,0,bedroom,SHINEd_bedroom_011.tif,15,0.0833333333333333,0.05,0.916666666666667,342912.8082773,342913.5925503,70,342912.8894272,342912.9332911,342913.604688,342914.514692,1,0.784273000026587
204,18,10,categorization,0,livingroom,SHINEd_livingroom_028.tif,80,0.0833333333333333,0.05,1.33333333333333,342914.5306911,342915.2635463,70,342914.6117446,342914.6550512,342915.2755549,342916.602228,0,0.732855200010817
204,19,10,categorization,0,livingroom,SHINEd_livingroom_036.tif,86,0.0833333333333333,0.05,1.25,342916.6202429,342917.2386509,74,342916.7015416,342916.7443152,342917.2483508,342918.4916876,1,0.618408000038471
204,20,10,categorization,0,livingroom,SHINEd_livingroom_033.tif,84,0.0833333333333333,0.05,1.16666666666667,342918.5077815,342919.2912343,74,342918.5888943,342918.6324842,342919.3031563,342920.4631608,1,0.7834528000094
204,21,10,categorization,0,bedroom,SHINEd_bedroom_010.tif,14,0.0833333333333333,0.05,0.833333333333333,342920.4797412,342921.1180015,70,342920.5608586,342920.6041628,342921.1246399,342921.9513104,1,0.638260300038382
204,22,10,categorization,0,bedroom,SHINEd_bedroom_099.tif,53,0.0833333333333333,0.05,1.16666666666667,342921.9674173,342922.7081447,70,342922.048331,342922.0914054,342922.7286617,342923.8886654,1,0.740727399999741
204,23,10,categorization,0,bedroom,SHINEd_bedroom_075.tif,44,0.0833333333333333,0.05,1.05,342923.904582,342924.4952071,70,342923.9859806,342924.0286216,342924.5160738,342925.5594118,1,0.590625100012403
204,24,10,categorization,0,livingroom,SHINEd_livingroom_077.tif,107,0.0833333333333333,0.05,1,342925.5761183,342926.1151948,74,342925.6575634,342925.7004819,342926.1211019,342927.1144408,1,0.539076499990188
204,25,10,categorization,0,livingroom,SHINEd_livingroom_002.tif,62,0.0833333333333333,0.05,1.73333333333333,342927.1303141,342927.8670357,74,342927.2127008,342927.2543607,342927.8749342,342929.6016049,1,0.736721599998418
204,26,10,categorization,0,bedroom,SHINEd_bedroom_085.tif,47,0.0833333333333333,0.05,1.3,342929.6173722,342930.2834562,70,342929.6990818,342929.7416593,342930.2956603,342931.5889988,1,0.666083999967668
204,27,10,categorization,0,bedroom,SHINEd_bedroom_097.tif,51,0.0833333333333333,0.05,0.75,342931.605218,342932.2403165,70,342931.6866527,342931.729231,342932.2498082,342932.9931456,1,0.635098500002641
204,28,10,categorization,0,bedroom,SHINEd_bedroom_012.tif,16,0.0833333333333333,0.05,0.75,342933.0097784,342933.8615652,74,342933.0909913,342933.1337953,342933.8710983,342934.6144374,0,0.851786799961701
204,29,10,categorization,0,livingroom,SHINEd_livingroom_056.tif,97,0.0833333333333333,0.05,1.8,342934.6316708,342935.1839655,74,342934.7125726,342934.7556123,342935.1928544,342936.9861933,1,0.552294699999038
204,30,10,categorization,0,livingroom,SHINEd_livingroom_076.tif,106,0.0833333333333333,0.05,1.76666666666667,342937.0023999,342937.5504334,74,342937.0836855,342937.1264452,342937.5641264,342939.3241311,1,0.548033500032034
204,31,10,categorization,0,bedroom,SHINEd_bedroom_122.tif,60,0.0833333333333333,0.05,0.983333333333333,342939.3398173,342939.8654651,74,342939.4217139,342939.4639114,342939.8847101,342940.8613824,0,0.525647800008301
204,32,10,categorization,0,bedroom,SHINEd_bedroom_008.tif,12,0.0833333333333333,0.05,0.983333333333333,342940.8772454,342941.4641314,70,342940.9580364,342941.0011623,342941.4717188,342942.448392,1,0.586886000004597
204,33,10,categorization,0,livingroom,SHINEd_livingroom_027.tif,79,0.0833333333333333,0.05,0.816666666666667,342942.4658977,342943.2558,74,342942.5482967,342942.5898639,342943.2605133,342944.0705179,1,0.789902299991809
204,34,10,categorization,0,livingroom,SHINEd_livingroom_061.tif,99,0.0833333333333333,0.05,1.96666666666667,342944.087538,342944.6908482,74,342944.1687329,342944.2115111,342944.6988696,342946.6588728,1,0.603310199978296
204,35,10,categorization,0,livingroom,SHINEd_livingroom_019.tif,75,0.0833333333333333,0.05,1.21666666666667,342946.6750564,342947.798035,74,342946.7564723,342946.7993037,342947.8036485,342949.0136617,1,1.12297859997489
204,36,10,categorization,0,livingroom,SHINEd_livingroom_023.tif,77,0.0833333333333333,0.05,0.766666666666667,342949.0294756,342949.6747342,70,342949.1108476,342949.1541855,342949.6914616,342950.4514664,0,0.645258600008674
204,37,10,categorization,0,livingroom,SHINEd_livingroom_015.tif,73,0.0833333333333333,0.05,1.55,342950.4671901,342951.1978459,74,342950.5482094,342950.591221,342951.2118849,342952.7552235,1,0.730655800027307
204,38,10,categorization,0,bedroom,SHINEd_bedroom_030.tif,25,0.0833333333333333,0.05,1.81666666666667,342952.7714423,342953.4838988,70,342952.8525307,342952.8955004,342953.4994209,342955.3094249,1,0.712456499983091
204,39,10,categorization,0,livingroom,SHINEd_livingroom_065.tif,101,0.0833333333333333,0.05,1.01666666666667,342955.3257595,342956.0727297,74,342955.4080198,342955.4502448,342956.0875749,342957.0975788,1,0.746970200038049
204,40,10,categorization,0,livingroom,SHINEd_livingroom_066.tif,102,0.0833333333333333,0.05,1.6,342957.1153067,342957.7123637,74,342957.1962498,342957.2394229,342957.7267274,342959.3200647,1,0.597056999977212
204,41,10,categorization,0,bedroom,SHINEd_bedroom_093.tif,50,0.0833333333333333,0.05,1.38333333333333,342959.3360397,342959.9905471,70,342959.4171712,342959.4604308,342959.9976807,342961.374526,1,0.654507400002331
204,42,10,categorization,0,livingroom,SHINEd_livingroom_064.tif,100,0.0833333333333333,0.05,1.25,342961.3911241,342962.5000771,74,342961.4736783,342961.5161281,342962.5213654,342963.7647024,1,1.10895299998811
204,43,10,categorization,0,livingroom,SHINEd_livingroom_003.tif,63,0.0833333333333333,0.05,0.766666666666667,342963.7809151,342964.3497205,70,342963.8623004,342963.9062894,342964.3605556,342965.120559,0,0.568805399991106
204,44,10,categorization,0,bedroom,SHINEd_bedroom_016.tif,18,0.0833333333333333,0.05,0.883333333333333,342965.1362172,342965.7473888,70,342965.2178002,342965.26017,342965.7645978,342966.6412678,1,0.611171600001398
204,45,10,categorization,0,bedroom,SHINEd_bedroom_067.tif,40,0.0833333333333333,0.05,0.933333333333333,342966.6571732,342967.2554801,70,342966.7387364,342966.7825526,342967.2698874,342968.1965587,1,0.598306900006719
204,46,10,categorization,0,bedroom,SHINEd_bedroom_039.tif,28,0.0833333333333333,0.05,0.75,342968.2126395,342968.7461627,70,342968.2942681,342968.3379789,342968.7586465,342969.5019841,1,0.533523200021591
204,47,10,categorization,0,bedroom,SHINEd_bedroom_059.tif,37,0.0833333333333333,0.05,1.33333333333333,342969.5186725,342970.1333881,74,342969.5999297,342969.6426279,342970.1465287,342971.4732017,0,0.614715600037016
204,48,10,categorization,0,livingroom,SHINEd_livingroom_054.tif,96,0.0833333333333333,0.05,1.08333333333333,342971.4904295,342972.2787247,70,342971.5716601,342971.6145652,342972.2854766,342973.3621489,0,0.788295199978165
204,49,10,categorization,0,bedroom,SHINEd_bedroom_058.tif,36,0.0833333333333333,0.05,0.833333333333333,342973.3783355,342974.1437396,74,342973.4604754,342973.5028713,342974.1568698,342974.9835434,0,0.765404100005981
204,50,10,categorization,0,bedroom,SHINEd_bedroom_019.tif,19,0.0833333333333333,0.05,1.25,342975.0003994,342975.9380774,70,342975.0815891,342975.1243083,342975.9449478,342977.1882854,1,0.937677999958396
