slide,sub1,sub2,pairID,trialID,stim1,stim2,instructionsLoop_thisRepN,instructionsLoop_thisTrialN,instructionsLoop_thisN,instructionsLoop_thisIndex,practice_thisRepN,practice_thisTrialN,practice_thisN,practice_thisIndex,trials_thisRepN,trials_thisTrialN,trials_thisN,trials_thisIndex,thisRow_t,notes,preparation_started,preparation_stopped,instructions_started,startResponse_started,slide_img_started,instructions_stopped,startResponse_keys,startResponse_rt,startResponse_duration,trial_started,polygon_started,polygon_2_started,image1_started,image2_started,rating_1_started,question_started,rating_2_started,question_2_started,block_text_started,trial_stopped,stim1pos,stim2pos,block,rating_1_response,rating_1_rt,rating_2_response,rating_2_rt,ITI_started,text_started,text_stopped,ITI_stopped,practice_over_started,text_2_started,space_practice_over_started,practice_over_stopped,space_practice_over_keys,space_practice_over_rt,space_practice_over_duration,breakBlocks_started,breakBlocks_stopped,startBlock_keys,startBlock_started,startBlock_rt,startBlock_duration,end_started,message_end_started,key_resp_started,end_stopped,key_resp_keys,key_resp_rt,key_resp_duration,participant,session,session_number,date,expName,psychopyVersion,frameRate,expStart
instructions/Slide1.jpg,NaN,NaN,NaN,NaN,,,0,0,0,0,NaN,NaN,NaN,NaN,NaN,NaN,NaN,NaN,0.0267225420000159,NaN,0.00215920799996638,0.0022702499998104,0.00942991699980666,0.0267225420000159,0.0267225420000159,21.5951649169999,space,21.5682267909999,None,NaN,NaN,NaN,NaN,NaN,NaN,NaN,NaN,NaN,NaN,NaN,NaN,NaN,NaN,NaN,NaN,NaN,NaN,NaN,NaN,NaN,NaN,NaN,NaN,NaN,NaN,,NaN,,NaN,NaN,,NaN,NaN,,NaN,NaN,NaN,NaN,NaN,NaN,NaN,20,bathroom,1,2024-05-10_15h50.16.060,image_similarity_rating,2023.2.3,None,2024-05-10 15h50.35.189920 +0200
instructions/Slide3.jpg,NaN,NaN,NaN,NaN,,,0,1,1,1,NaN,NaN,NaN,NaN,NaN,NaN,NaN,NaN,21.6170304169998,NaN,NaN,NaN,21.5959968749999,21.6170304169998,21.6170304169998,26.4049814579998,space,4.78767179200008,None,NaN,NaN,NaN,NaN,NaN,NaN,NaN,NaN,NaN,NaN,NaN,NaN,NaN,NaN,NaN,NaN,NaN,NaN,NaN,NaN,NaN,NaN,NaN,NaN,NaN,NaN,,NaN,,NaN,NaN,,NaN,NaN,,NaN,NaN,NaN,NaN,NaN,NaN,NaN,20,bathroom,1,2024-05-10_15h50.16.060,image_similarity_rating,2023.2.3,None,2024-05-10 15h50.35.189920 +0200
instructions/Slide4.jpg,NaN,NaN,NaN,NaN,,,0,2,2,2,NaN,NaN,NaN,NaN,NaN,NaN,NaN,NaN,26.4305379999998,NaN,NaN,NaN,26.4057634999999,26.4305379999998,26.4305379999998,28.48197125,space,2.05106212500004,None,NaN,NaN,NaN,NaN,NaN,NaN,NaN,NaN,NaN,NaN,NaN,NaN,NaN,NaN,NaN,NaN,NaN,NaN,NaN,NaN,NaN,NaN,NaN,NaN,NaN,NaN,,NaN,,NaN,NaN,,NaN,NaN,,NaN,NaN,NaN,NaN,NaN,NaN,NaN,20,bathroom,1,2024-05-10_15h50.16.060,image_similarity_rating,2023.2.3,None,2024-05-10 15h50.35.189920 +0200
instructions/Slide5.jpg,NaN,NaN,NaN,NaN,,,0,3,3,3,NaN,NaN,NaN,NaN,NaN,NaN,NaN,NaN,28.5089955829999,NaN,NaN,NaN,28.483017667,28.5089955829999,28.5089955829999,37.020822083,space,8.51156112500007,None,NaN,NaN,NaN,NaN,NaN,NaN,NaN,NaN,NaN,NaN,NaN,NaN,NaN,NaN,NaN,NaN,NaN,NaN,NaN,NaN,NaN,NaN,NaN,NaN,NaN,NaN,,NaN,,NaN,NaN,,NaN,NaN,,NaN,NaN,NaN,NaN,NaN,NaN,NaN,20,bathroom,1,2024-05-10_15h50.16.060,image_similarity_rating,2023.2.3,None,2024-05-10 15h50.35.189920 +0200
,108,133,NaN,10,stimuli/own/bathroom/108_bat.jpg,stimuli/own/bathroom/133_bat.jpg,NaN,NaN,NaN,NaN,0,0,0,9,NaN,NaN,NaN,NaN,37.2245839579998,NaN,NaN,NaN,NaN,NaN,NaN,NaN,,NaN,,37.0468720829999,37.2245839579998,37.2245839579998,37.2245839579998,37.2245839579998,37.2245839579998,37.2245839579998,37.2245839579998,37.2245839579998,37.2245839579998,84.03846275,-7,7,0,1,21.19629975,7,44.8289353330001,84.0386945419998,84.044332125,84.4955994999998,84.3288249579998,NaN,NaN,NaN,NaN,,NaN,,NaN,NaN,,NaN,NaN,,NaN,NaN,NaN,NaN,NaN,NaN,NaN,20,bathroom,1,2024-05-10_15h50.16.060,image_similarity_rating,2023.2.3,None,2024-05-10 15h50.35.189920 +0200
,110,128,NaN,2,stimuli/own/bathroom/110_bat.jpg,stimuli/own/bathroom/128_bat.jpg,NaN,NaN,NaN,NaN,0,1,1,1,NaN,NaN,NaN,NaN,84.4955994999998,NaN,NaN,NaN,NaN,NaN,NaN,NaN,,NaN,,84.3292444169999,84.4955994999998,84.4955994999998,84.4955994999998,84.4955994999998,84.4955994999998,84.4955994999998,84.4955994999998,84.4955994999998,84.4955994999998,99.0931959579998,-7,7,0,1,4.85761883300006,1,13.851264417,99.0933592079998,99.0958190419999,99.5444793749998,99.378846542,NaN,NaN,NaN,NaN,,NaN,,NaN,NaN,,NaN,NaN,,NaN,NaN,NaN,NaN,NaN,NaN,NaN,20,bathroom,1,2024-05-10_15h50.16.060,image_similarity_rating,2023.2.3,None,2024-05-10 15h50.35.189920 +0200
,128,108,NaN,3,stimuli/own/bathroom/128_bat.jpg,stimuli/own/bathroom/108_bat.jpg,NaN,NaN,NaN,NaN,0,2,2,2,NaN,NaN,NaN,NaN,99.5444793749998,NaN,NaN,NaN,NaN,NaN,NaN,NaN,,NaN,,99.379256042,99.5444793749998,99.5444793749998,99.5444793749998,99.5444793749998,99.5444793749998,99.5444793749998,99.5444793749998,99.5444793749998,99.5444793749998,122.384300833,7,-7,0,1,11.0946531669999,2,21.6980389170001,122.384448333,122.394232375,122.846337292,122.678728958,NaN,NaN,NaN,NaN,,NaN,,NaN,NaN,,NaN,NaN,,NaN,NaN,NaN,NaN,NaN,NaN,NaN,20,bathroom,1,2024-05-10_15h50.16.060,image_similarity_rating,2023.2.3,None,2024-05-10 15h50.35.189920 +0200
,110,133,NaN,1,stimuli/own/bathroom/110_bat.jpg,stimuli/own/bathroom/133_bat.jpg,NaN,NaN,NaN,NaN,0,3,3,0,NaN,NaN,NaN,NaN,122.846337292,NaN,NaN,NaN,NaN,NaN,NaN,NaN,,NaN,,122.679177708,122.846337292,122.846337292,122.846337292,122.846337292,122.846337292,122.846337292,122.846337292,122.846337292,122.846337292,215.796179958,7,-7,0,4,82.163308333,6,92.0940515,215.796324917,215.798251458,216.246833,216.082343667,NaN,NaN,NaN,NaN,,NaN,,NaN,NaN,,NaN,NaN,,NaN,NaN,NaN,NaN,NaN,NaN,NaN,20,bathroom,1,2024-05-10_15h50.16.060,image_similarity_rating,2023.2.3,None,2024-05-10 15h50.35.189920 +0200
,128,133,NaN,6,stimuli/own/bathroom/128_bat.jpg,stimuli/own/bathroom/133_bat.jpg,NaN,NaN,NaN,NaN,0,4,4,5,NaN,NaN,NaN,NaN,216.246833,NaN,NaN,NaN,NaN,NaN,NaN,NaN,,NaN,,216.082653208,216.246833,216.246833,216.246833,216.246833,216.246833,216.246833,216.246833,216.246833,216.246833,242.867396583,-7,7,0,2,18.0436204170001,1,25.851434208,242.86754725,242.877048667,243.333326208,243.161559125,NaN,NaN,NaN,NaN,,NaN,,NaN,NaN,,NaN,NaN,,NaN,NaN,NaN,NaN,NaN,NaN,NaN,20,bathroom,1,2024-05-10_15h50.16.060,image_similarity_rating,2023.2.3,None,2024-05-10 15h50.35.189920 +0200
,107,128,NaN,7,stimuli/own/bathroom/107_bat.jpg,stimuli/own/bathroom/128_bat.jpg,NaN,NaN,NaN,NaN,0,5,5,6,NaN,NaN,NaN,NaN,243.333326208,NaN,NaN,NaN,NaN,NaN,NaN,NaN,,NaN,,243.162042833,243.333326208,243.333326208,243.333326208,243.333326208,243.333326208,243.333326208,243.333326208,243.333326208,243.333326208,267.746035,7,-7,0,1,23.8010920410002,1,8.29352425000002,267.746180208,267.74807925,268.204256,268.032334542,NaN,NaN,NaN,NaN,,NaN,,NaN,NaN,,NaN,NaN,,NaN,NaN,NaN,NaN,NaN,NaN,NaN,20,bathroom,1,2024-05-10_15h50.16.060,image_similarity_rating,2023.2.3,None,2024-05-10 15h50.35.189920 +0200
,108,110,NaN,8,stimuli/own/bathroom/108_bat.jpg,stimuli/own/bathroom/110_bat.jpg,NaN,NaN,NaN,NaN,0,6,6,7,NaN,NaN,NaN,NaN,268.204256,NaN,NaN,NaN,NaN,NaN,NaN,NaN,,NaN,,268.032785625,268.204256,268.204256,268.204256,268.204256,268.204256,268.204256,268.204256,268.204256,268.204256,291.658807792,7,-7,0,2,14.7506217080002,6,22.6457567909999,291.658950125,291.66175525,292.110699833,291.944781708,NaN,NaN,NaN,NaN,,NaN,,NaN,NaN,,NaN,NaN,,NaN,NaN,NaN,NaN,NaN,NaN,NaN,20,bathroom,1,2024-05-10_15h50.16.060,image_similarity_rating,2023.2.3,None,2024-05-10 15h50.35.189920 +0200
,107,133,NaN,9,stimuli/own/bathroom/107_bat.jpg,stimuli/own/bathroom/133_bat.jpg,NaN,NaN,NaN,NaN,0,7,7,8,NaN,NaN,NaN,NaN,292.110699833,NaN,NaN,NaN,NaN,NaN,NaN,NaN,,NaN,,291.945220833,292.110699833,292.110699833,292.110699833,292.110699833,292.110699833,292.110699833,292.110699833,292.110699833,292.110699833,316.51698175,7,-7,0,6,19.8630686670001,7,23.1581096250002,316.517129542,316.526796792,316.981737,316.811394875,NaN,NaN,NaN,NaN,,NaN,,NaN,NaN,,NaN,NaN,,NaN,NaN,NaN,NaN,NaN,NaN,NaN,20,bathroom,1,2024-05-10_15h50.16.060,image_similarity_rating,2023.2.3,None,2024-05-10 15h50.35.189920 +0200
,110,107,NaN,4,stimuli/own/bathroom/110_bat.jpg,stimuli/own/bathroom/107_bat.jpg,NaN,NaN,NaN,NaN,0,8,8,3,NaN,NaN,NaN,NaN,316.981737,NaN,NaN,NaN,NaN,NaN,NaN,NaN,,NaN,,316.811870708,316.981737,316.981737,316.981737,316.981737,316.981737,316.981737,316.981737,316.981737,316.981737,434.608472292,-7,7,0,6,117.051468083,7,101.256116625,434.608627208,434.611340833,435.058766417,434.894224542,NaN,NaN,NaN,NaN,,NaN,,NaN,NaN,,NaN,NaN,,NaN,NaN,NaN,NaN,NaN,NaN,NaN,20,bathroom,1,2024-05-10_15h50.16.060,image_similarity_rating,2023.2.3,None,2024-05-10 15h50.35.189920 +0200
,107,108,NaN,5,stimuli/own/bathroom/107_bat.jpg,stimuli/own/bathroom/108_bat.jpg,NaN,NaN,NaN,NaN,0,9,9,4,NaN,NaN,NaN,NaN,435.058766417,NaN,NaN,NaN,NaN,NaN,NaN,NaN,,NaN,,434.894639667,435.058766417,435.058766417,435.058766417,435.058766417,435.058766417,435.058766417,435.058766417,435.058766417,435.058766417,492.666354167,7,-7,0,4,50.313933959,5,54.369271041,492.666500542,492.676232167,492.966266458,492.96066125,NaN,NaN,NaN,NaN,,NaN,,NaN,NaN,,NaN,NaN,,NaN,NaN,NaN,NaN,NaN,NaN,NaN,20,bathroom,1,2024-05-10_15h50.16.060,image_similarity_rating,2023.2.3,None,2024-05-10 15h50.35.189920 +0200
,NaN,NaN,NaN,NaN,,,NaN,NaN,NaN,NaN,NaN,NaN,NaN,NaN,NaN,NaN,NaN,NaN,NaN,NaN,NaN,NaN,NaN,NaN,NaN,NaN,,NaN,,NaN,NaN,NaN,NaN,NaN,NaN,NaN,NaN,NaN,NaN,NaN,NaN,NaN,NaN,NaN,NaN,NaN,NaN,NaN,NaN,NaN,NaN,492.960768875,492.966266458,492.966266458,513.11298,space,20.146344542,None,NaN,NaN,,NaN,NaN,,NaN,NaN,NaN,NaN,NaN,NaN,NaN,20,bathroom,1,2024-05-10_15h50.16.060,image_similarity_rating,2023.2.3,None,2024-05-10 15h50.35.189920 +0200
,136,138,582,582,stimuli/own/bathroom/136_bat.jpg,stimuli/own/bathroom/138_bat.jpg,NaN,NaN,NaN,NaN,NaN,NaN,NaN,NaN,0,0,0,581,513.165778333,NaN,NaN,NaN,NaN,NaN,NaN,NaN,,NaN,,513.460780708,513.64098125,513.64098125,513.64098125,513.64098125,513.64098125,513.64098125,513.64098125,513.64098125,513.64098125,544.104194083,-7,7,1,2,21.553302667,4,29.535379958,513.163660375,513.165778333,513.64098125,513.460760875,NaN,NaN,NaN,NaN,,NaN,,513.149746417,513.163363125,None,NaN,NaN,,NaN,NaN,NaN,NaN,NaN,NaN,NaN,20,bathroom,1,2024-05-10_15h50.16.060,image_similarity_rating,2023.2.3,None,2024-05-10 15h50.35.189920 +0200
,117,140,363,363,stimuli/own/bathroom/117_bat.jpg,stimuli/own/bathroom/140_bat.jpg,NaN,NaN,NaN,NaN,NaN,NaN,NaN,NaN,0,1,1,362,544.112294833,NaN,NaN,NaN,NaN,NaN,NaN,NaN,,NaN,,544.398078792,544.565934583,544.565934583,544.565934583,544.565934583,544.565934583,544.565934583,544.565934583,544.565934583,544.565934583,596.907613042,7,-7,1,1,44.0937087499999,2,51.528059792,544.110598917,544.112294833,544.565934583,544.39806575,NaN,NaN,NaN,NaN,,NaN,,544.1047725,544.110547208,None,NaN,NaN,,NaN,NaN,NaN,NaN,NaN,NaN,NaN,20,bathroom,1,2024-05-10_15h50.16.060,image_similarity_rating,2023.2.3,None,2024-05-10 15h50.35.189920 +0200
,104,135,124,124,stimuli/own/bathroom/104_bat.jpg,stimuli/own/bathroom/135_bat.jpg,NaN,NaN,NaN,NaN,NaN,NaN,NaN,NaN,0,2,2,123,596.913441625,NaN,NaN,NaN,NaN,NaN,NaN,NaN,,NaN,,597.197541667,597.363912375,597.363912375,597.363912375,597.363912375,597.363912375,597.363912375,597.363912375,597.363912375,597.363912375,655.753005417,-7,7,1,5,28.8360726669998,1,43.0592195419999,596.911504,596.913441625,597.363912375,597.197528875,NaN,NaN,NaN,NaN,,NaN,,596.907842208,596.911455917,None,NaN,NaN,,NaN,NaN,NaN,NaN,NaN,NaN,NaN,20,bathroom,1,2024-05-10_15h50.16.060,image_similarity_rating,2023.2.3,None,2024-05-10 15h50.35.189920 +0200
,121,141,442,442,stimuli/own/bathroom/121_bat.jpg,stimuli/own/bathroom/141_bat.jpg,NaN,NaN,NaN,NaN,NaN,NaN,NaN,NaN,0,3,3,441,655.775707292,NaN,NaN,NaN,NaN,NaN,NaN,NaN,,NaN,,656.05971775,656.231811708,656.231811708,656.231811708,656.231811708,656.231811708,656.231811708,656.231811708,656.231811708,656.231811708,725.486862292,7,-7,1,3,53.1455362920001,6,68.6803260409999,655.757095375,655.775707292,NaN,656.059693542,NaN,NaN,NaN,NaN,,NaN,,655.753235,655.757044792,None,NaN,NaN,,NaN,NaN,NaN,NaN,NaN,NaN,NaN,20,bathroom,1,2024-05-10_15h50.16.060,image_similarity_rating,2023.2.3,None,2024-05-10 15h50.35.189920 +0200
,102,140,66,66,stimuli/own/bathroom/102_bat.jpg,stimuli/own/bathroom/140_bat.jpg,NaN,NaN,NaN,NaN,NaN,NaN,NaN,NaN,0,4,4,65,725.508723125,NaN,NaN,NaN,NaN,NaN,NaN,NaN,,NaN,,725.792696458,725.964977083,725.964977083,725.964977083,725.964977083,725.964977083,725.964977083,725.964977083,725.964977083,725.964977083,789.607386042,7,-7,1,1,46.546649959,1,57.6699629169998,725.490556708,725.508723125,NaN,725.79267675,NaN,NaN,NaN,NaN,,NaN,,725.487086667,725.490508,None,NaN,NaN,,NaN,NaN,NaN,NaN,NaN,NaN,NaN,20,bathroom,1,2024-05-10_15h50.16.060,image_similarity_rating,2023.2.3,None,2024-05-10 15h50.35.189920 +0200
,105,116,137,137,stimuli/own/bathroom/105_bat.jpg,stimuli/own/bathroom/116_bat.jpg,NaN,NaN,NaN,NaN,NaN,NaN,NaN,NaN,0,5,5,136,789.613177417,NaN,NaN,NaN,NaN,NaN,NaN,NaN,,NaN,,789.897362958,790.067529208,790.067529208,790.067529208,790.067529208,790.067529208,790.067529208,790.067529208,790.067529208,790.067529208,820.714521917,7,-7,1,1,15.431069125,1,26.5879770830002,789.611264583,789.613177417,790.067529208,789.897348583,NaN,NaN,NaN,NaN,,NaN,,789.607614833,789.61121675,None,NaN,NaN,,NaN,NaN,NaN,NaN,NaN,NaN,NaN,20,bathroom,1,2024-05-10_15h50.16.060,image_similarity_rating,2023.2.3,None,2024-05-10 15h50.35.189920 +0200
,135,137,576,576,stimuli/own/bathroom/135_bat.jpg,stimuli/own/bathroom/137_bat.jpg,NaN,NaN,NaN,NaN,NaN,NaN,NaN,NaN,0,6,6,575,820.725230875,NaN,NaN,NaN,NaN,NaN,NaN,NaN,,NaN,,821.009514833,821.177460042,821.177460042,821.177460042,821.177460042,821.177460042,821.177460042,821.177460042,821.177460042,821.177460042,903.036221,7,-7,1,2,62.9702999169999,1,80.4956807499998,820.718311417,820.725230875,821.177460042,821.009493125,NaN,NaN,NaN,NaN,,NaN,,820.714750417,820.718263583,None,NaN,NaN,,NaN,NaN,NaN,NaN,NaN,NaN,NaN,20,bathroom,1,2024-05-10_15h50.16.060,image_similarity_rating,2023.2.3,None,2024-05-10 15h50.35.189920 +0200
,109,122,200,200,stimuli/own/bathroom/109_bat.jpg,stimuli/own/bathroom/122_bat.jpg,NaN,NaN,NaN,NaN,NaN,NaN,NaN,NaN,0,7,7,199,903.057978375,NaN,NaN,NaN,NaN,NaN,NaN,NaN,,NaN,,903.342294792,903.506290333,903.506290333,903.506290333,903.506290333,903.506290333,903.506290333,903.506290333,903.506290333,903.506290333,989.90183075,-7,7,1,2,81.4838964999999,1,85.8197086250002,903.039900792,903.057978375,NaN,903.342272417,NaN,NaN,NaN,NaN,,NaN,,903.03644475,903.039853167,None,NaN,NaN,,NaN,NaN,NaN,NaN,NaN,NaN,NaN,20,bathroom,1,2024-05-10_15h50.16.060,image_similarity_rating,2023.2.3,None,2024-05-10 15h50.35.189920 +0200
,113,119,275,275,stimuli/own/bathroom/113_bat.jpg,stimuli/own/bathroom/119_bat.jpg,NaN,NaN,NaN,NaN,NaN,NaN,NaN,NaN,0,8,8,274,989.90753875,NaN,NaN,NaN,NaN,NaN,NaN,NaN,,NaN,,990.192235542,990.357973417,990.357973417,990.357973417,990.357973417,990.357973417,990.357973417,990.357973417,990.357973417,990.357973417,1019.652257375,7,-7,1,1,21.526876167,1,28.0617189159998,989.905767083,989.90753875,990.357973417,990.1922215,NaN,NaN,NaN,NaN,,NaN,,989.902057333,989.9057165,None,NaN,NaN,,NaN,NaN,NaN,NaN,NaN,NaN,NaN,20,bathroom,1,2024-05-10_15h50.16.060,image_similarity_rating,2023.2.3,None,2024-05-10 15h50.35.189920 +0200
,137,138,586,586,stimuli/own/bathroom/137_bat.jpg,stimuli/own/bathroom/138_bat.jpg,NaN,NaN,NaN,NaN,NaN,NaN,NaN,NaN,0,9,9,585,1019.674431667,NaN,NaN,NaN,NaN,NaN,NaN,NaN,,NaN,,1019.958307667,1020.124098,1020.124098,1020.124098,1020.124098,1020.124098,1020.124098,1020.124098,1020.124098,1020.124098,1068.597619167,-7,7,1,2,47.9593931250001,2,38.7327888749996,1019.655972333,1019.674431667,NaN,1019.958289875,NaN,NaN,NaN,NaN,,NaN,,1019.6524845,1019.655924583,None,NaN,NaN,,NaN,NaN,NaN,NaN,NaN,NaN,NaN,20,bathroom,1,2024-05-10_15h50.16.060,image_similarity_rating,2023.2.3,None,2024-05-10 15h50.35.189920 +0200
,129,140,539,539,stimuli/own/bathroom/129_bat.jpg,stimuli/own/bathroom/140_bat.jpg,NaN,NaN,NaN,NaN,NaN,NaN,NaN,NaN,0,10,10,538,1068.607396458,NaN,NaN,NaN,NaN,NaN,NaN,NaN,,NaN,,1068.892093375,1069.063296,1069.063296,1069.063296,1069.063296,1069.063296,1069.063296,1069.063296,1069.063296,1069.063296,1096.172881958,7,-7,1,5,16.698127917,7,9.39722420899989,1068.601309917,1068.607396458,1069.063296,1068.892076583,NaN,NaN,NaN,NaN,,NaN,,1068.597846625,1068.601259167,None,NaN,NaN,,NaN,NaN,NaN,NaN,NaN,NaN,NaN,20,bathroom,1,2024-05-10_15h50.16.060,image_similarity_rating,2023.2.3,None,2024-05-10 15h50.35.189920 +0200
,105,117,138,597,stimuli/own/bathroom/105_bat.jpg,stimuli/own/bathroom/117_bat.jpg,NaN,NaN,NaN,NaN,NaN,NaN,NaN,NaN,0,11,11,596,1096.178529333,NaN,NaN,NaN,NaN,NaN,NaN,NaN,,NaN,,1096.462647667,1096.627393458,1096.627393458,1096.627393458,1096.627393458,1096.627393458,1096.627393458,1096.627393458,1096.627393458,1096.627393458,1123.34297025,7,-7,1,2,24.9862479170001,1,8.0939737499998,1096.176619625,1096.178529333,1096.627393458,1096.462634958,NaN,NaN,NaN,NaN,,NaN,,1096.173126292,1096.176572458,None,NaN,NaN,,NaN,NaN,NaN,NaN,NaN,NaN,NaN,20,bathroom,1,2024-05-10_15h50.16.060,image_similarity_rating,2023.2.3,None,2024-05-10 15h50.35.189920 +0200
,118,135,379,379,stimuli/own/bathroom/118_bat.jpg,stimuli/own/bathroom/135_bat.jpg,NaN,NaN,NaN,NaN,NaN,NaN,NaN,NaN,0,12,12,378,1123.348430458,NaN,NaN,NaN,NaN,NaN,NaN,NaN,,NaN,,1123.641720958,1123.807378708,1123.807378708,1123.807378708,1123.807378708,1123.807378708,1123.807378708,1123.807378708,1123.807378708,1123.807378708,1153.292883792,7,-7,1,3,28.8062366670001,1,9.64136491699992,1123.3466625,1123.348430458,1123.807378708,1123.641706583,NaN,NaN,NaN,NaN,,NaN,,1123.343197167,1123.346614542,None,NaN,NaN,,NaN,NaN,NaN,NaN,NaN,NaN,NaN,20,bathroom,1,2024-05-10_15h50.16.060,image_similarity_rating,2023.2.3,None,2024-05-10 15h50.35.189920 +0200
,101,102,1,1,stimuli/own/bathroom/101_bat.jpg,stimuli/own/bathroom/102_bat.jpg,NaN,NaN,NaN,NaN,NaN,NaN,NaN,NaN,0,13,13,0,1153.298731583,NaN,NaN,NaN,NaN,NaN,NaN,NaN,,NaN,,1153.591706042,1153.756968167,1153.756968167,1153.756968167,1153.756968167,1153.756968167,1153.756968167,1153.756968167,1153.756968167,1153.756968167,1200.939213583,7,-7,1,3,46.6421573749999,5,23.324859542,1153.296652708,1153.298731583,1153.756968167,1153.591687708,NaN,NaN,NaN,NaN,,NaN,,1153.293108,1153.296605333,None,NaN,NaN,,NaN,NaN,NaN,NaN,NaN,NaN,NaN,20,bathroom,1,2024-05-10_15h50.16.060,image_similarity_rating,2023.2.3,None,2024-05-10 15h50.35.189920 +0200
,104,105,100,100,stimuli/own/bathroom/104_bat.jpg,stimuli/own/bathroom/105_bat.jpg,NaN,NaN,NaN,NaN,NaN,NaN,NaN,NaN,0,14,14,99,1200.944896708,NaN,NaN,NaN,NaN,NaN,NaN,NaN,,NaN,,1201.228946708,1201.393400083,1201.393400083,1201.393400083,1201.393400083,1201.393400083,1201.393400083,1201.393400083,1201.393400083,1201.393400083,1241.57258175,7,-7,1,2,33.1624227080001,1,23.3248707080002,1200.942958292,1200.944896708,1201.393400083,1201.228934292,NaN,NaN,NaN,NaN,,NaN,,1200.939467583,1200.942910375,None,NaN,NaN,,NaN,NaN,NaN,NaN,NaN,NaN,NaN,20,bathroom,1,2024-05-10_15h50.16.060,image_similarity_rating,2023.2.3,None,2024-05-10 15h50.35.189920 +0200
,104,131,121,613,stimuli/own/bathroom/104_bat.jpg,stimuli/own/bathroom/131_bat.jpg,NaN,NaN,NaN,NaN,NaN,NaN,NaN,NaN,0,15,15,612,1241.578066042,NaN,NaN,NaN,NaN,NaN,NaN,NaN,,NaN,,1241.862186917,1242.02792825,1242.02792825,1242.02792825,1242.02792825,1242.02792825,1242.02792825,1242.02792825,1242.02792825,1242.02792825,1283.201089833,-7,7,1,2,40.320894042,1,31.8507735409999,1241.576312333,1241.578066042,1242.02792825,1241.86217075,NaN,NaN,NaN,NaN,,NaN,,1241.572817917,1241.576263708,None,NaN,NaN,,NaN,NaN,NaN,NaN,NaN,NaN,NaN,20,bathroom,1,2024-05-10_15h50.16.060,image_similarity_rating,2023.2.3,None,2024-05-10 15h50.35.189920 +0200
,114,120,300,300,stimuli/own/bathroom/114_bat.jpg,stimuli/own/bathroom/120_bat.jpg,NaN,NaN,NaN,NaN,NaN,NaN,NaN,NaN,0,16,16,299,1283.20663775,NaN,NaN,NaN,NaN,NaN,NaN,NaN,,NaN,,1283.491311417,1283.657380625,1283.657380625,1283.657380625,1283.657380625,1283.657380625,1283.657380625,1283.657380625,1283.657380625,1283.657380625,1319.409147792,7,-7,1,3,35.0101935420003,2,18.0579353329999,1283.204784167,1283.20663775,1283.657380625,1283.49129725,NaN,NaN,NaN,NaN,,NaN,,1283.201319083,1283.204736375,None,NaN,NaN,,NaN,NaN,NaN,NaN,NaN,NaN,NaN,20,bathroom,1,2024-05-10_15h50.16.060,image_similarity_rating,2023.2.3,None,2024-05-10 15h50.35.189920 +0200
,116,124,327,327,stimuli/own/bathroom/116_bat.jpg,stimuli/own/bathroom/124_bat.jpg,NaN,NaN,NaN,NaN,NaN,NaN,NaN,NaN,0,17,17,326,1319.414794875,NaN,NaN,NaN,NaN,NaN,NaN,NaN,,NaN,,1319.707869208,1319.872518458,1319.872518458,1319.872518458,1319.872518458,1319.872518458,1319.872518458,1319.872518458,1319.872518458,1319.872518458,1367.788762625,-7,7,1,3,46.7253268750001,1,34.8647860829997,1319.41287425,1319.414794875,1319.872518458,1319.70785575,NaN,NaN,NaN,NaN,,NaN,,1319.409379583,1319.412826542,None,NaN,NaN,,NaN,NaN,NaN,NaN,NaN,NaN,NaN,20,bathroom,1,2024-05-10_15h50.16.060,image_similarity_rating,2023.2.3,None,2024-05-10 15h50.35.189920 +0200
,137,140,588,588,stimuli/own/bathroom/137_bat.jpg,stimuli/own/bathroom/140_bat.jpg,NaN,NaN,NaN,NaN,NaN,NaN,NaN,NaN,0,18,18,587,1367.794346833,NaN,NaN,NaN,NaN,NaN,NaN,NaN,,NaN,,1368.0783295,1368.24244875,1368.24244875,1368.24244875,1368.24244875,1368.24244875,1368.24244875,1368.24244875,1368.24244875,1368.24244875,1383.15541175,-7,7,1,2,12.9559825000001,1,9.89448595899967,1367.792517083,1367.794346833,1368.24244875,1368.078317958,NaN,NaN,NaN,NaN,,NaN,,1367.789012875,1367.792469333,None,NaN,NaN,,NaN,NaN,NaN,NaN,NaN,NaN,NaN,20,bathroom,1,2024-05-10_15h50.16.060,image_similarity_rating,2023.2.3,None,2024-05-10 15h50.35.189920 +0200
,124,137,486,486,stimuli/own/bathroom/124_bat.jpg,stimuli/own/bathroom/137_bat.jpg,NaN,NaN,NaN,NaN,NaN,NaN,NaN,NaN,0,19,19,485,1383.161364083,NaN,NaN,NaN,NaN,NaN,NaN,NaN,,NaN,,1383.444552125,1383.607132875,1383.607132875,1383.607132875,1383.607132875,1383.607132875,1383.607132875,1383.607132875,1383.607132875,1383.607132875,1435.83368225,-7,7,1,1,50.1790209999999,1,47.5795883340002,1383.159275542,1383.161364083,1383.607132875,1383.444542,NaN,NaN,NaN,NaN,,NaN,,1383.155645333,1383.159227167,None,NaN,NaN,,NaN,NaN,NaN,NaN,NaN,NaN,NaN,20,bathroom,1,2024-05-10_15h50.16.060,image_similarity_rating,2023.2.3,None,2024-05-10 15h50.35.189920 +0200
,104,118,109,109,stimuli/own/bathroom/104_bat.jpg,stimuli/own/bathroom/118_bat.jpg,NaN,NaN,NaN,NaN,NaN,NaN,NaN,NaN,0,20,20,108,1435.839255417,NaN,NaN,NaN,NaN,NaN,NaN,NaN,,NaN,,1436.124215333,1436.289526042,1436.289526042,1436.289526042,1436.289526042,1436.289526042,1436.289526042,1436.289526042,1436.289526042,1436.289526042,1474.850573667,-7,7,1,3,37.8972712079999,2,5.628825667,1435.837371875,1435.839255417,1436.289526042,1436.124201833,NaN,NaN,NaN,NaN,,NaN,,1435.833910917,1435.837325042,None,NaN,NaN,,NaN,NaN,NaN,NaN,NaN,NaN,NaN,20,bathroom,1,2024-05-10_15h50.16.060,image_similarity_rating,2023.2.3,None,2024-05-10 15h50.35.189920 +0200
,124,139,488,488,stimuli/own/bathroom/124_bat.jpg,stimuli/own/bathroom/139_bat.jpg,NaN,NaN,NaN,NaN,NaN,NaN,NaN,NaN,0,21,21,487,1474.872792708,NaN,NaN,NaN,NaN,NaN,NaN,NaN,,NaN,,1475.157019167,1475.329023458,1475.329023458,1475.329023458,1475.329023458,1475.329023458,1475.329023458,1475.329023458,1475.329023458,1475.329023458,1505.246099167,7,-7,1,2,29.1648529169997,1,21.446045875,1474.854372417,1474.872792708,NaN,1475.15699775,NaN,NaN,NaN,NaN,,NaN,,1474.8508,1474.854324583,None,NaN,NaN,,NaN,NaN,NaN,NaN,NaN,NaN,NaN,20,bathroom,1,2024-05-10_15h50.16.060,image_similarity_rating,2023.2.3,None,2024-05-10 15h50.35.189920 +0200
,102,111,40,40,stimuli/own/bathroom/102_bat.jpg,stimuli/own/bathroom/111_bat.jpg,NaN,NaN,NaN,NaN,NaN,NaN,NaN,NaN,0,22,22,39,1505.256048208,NaN,NaN,NaN,NaN,NaN,NaN,NaN,,NaN,,1505.540699708,1505.707038667,1505.707038667,1505.707038667,1505.707038667,1505.707038667,1505.707038667,1505.707038667,1505.707038667,1505.707038667,1616.474842458,-7,7,1,1,106.809173625,6,110.579930916,1505.249844833,1505.256048208,1505.707038667,1505.540685583,NaN,NaN,NaN,NaN,,NaN,,1505.24632875,1505.249796875,None,NaN,NaN,,NaN,NaN,NaN,NaN,NaN,NaN,NaN,20,bathroom,1,2024-05-10_15h50.16.060,image_similarity_rating,2023.2.3,None,2024-05-10 15h50.35.189920 +0200
,112,123,254,254,stimuli/own/bathroom/112_bat.jpg,stimuli/own/bathroom/123_bat.jpg,NaN,NaN,NaN,NaN,NaN,NaN,NaN,NaN,0,23,23,253,1616.480468625,NaN,NaN,NaN,NaN,NaN,NaN,NaN,,NaN,,1616.773915042,1616.943497875,1616.943497875,1616.943497875,1616.943497875,1616.943497875,1616.943497875,1616.943497875,1616.943497875,1616.943497875,1629.045625792,7,-7,1,2,11.4612842920001,2,5.87393962500028,1616.4785405,1616.480468625,1616.943497875,1616.773894083,NaN,NaN,NaN,NaN,,NaN,,1616.475066542,1616.4784925,None,NaN,NaN,,NaN,NaN,NaN,NaN,NaN,NaN,NaN,20,bathroom,1,2024-05-10_15h50.16.060,image_similarity_rating,2023.2.3,None,2024-05-10 15h50.35.189920 +0200
,129,132,532,532,stimuli/own/bathroom/129_bat.jpg,stimuli/own/bathroom/132_bat.jpg,NaN,NaN,NaN,NaN,NaN,NaN,NaN,NaN,0,24,24,531,1629.05561775,NaN,NaN,NaN,NaN,NaN,NaN,NaN,,NaN,,1629.340284833,1629.507304458,1629.507304458,1629.507304458,1629.507304458,1629.507304458,1629.507304458,1629.507304458,1629.507304458,1629.507304458,1656.978774083,7,-7,1,3,27.0390983330003,5,18.654337208,1629.049316208,1629.05561775,1629.507304458,1629.340269792,NaN,NaN,NaN,NaN,,NaN,,1629.045849333,1629.049268875,None,NaN,NaN,,NaN,NaN,NaN,NaN,NaN,NaN,NaN,20,bathroom,1,2024-05-10_15h50.16.060,image_similarity_rating,2023.2.3,None,2024-05-10 15h50.35.189920 +0200
,113,126,282,282,stimuli/own/bathroom/113_bat.jpg,stimuli/own/bathroom/126_bat.jpg,NaN,NaN,NaN,NaN,NaN,NaN,NaN,NaN,0,25,25,281,1656.988961375,NaN,NaN,NaN,NaN,NaN,NaN,NaN,,NaN,,1657.273559667,1657.438382125,1657.438382125,1657.438382125,1657.438382125,1657.438382125,1657.438382125,1657.438382125,1657.438382125,1657.438382125,1674.750089917,7,-7,1,2,8.61147420800035,6,5.28151337500003,1656.982509042,1656.988961375,1657.438382125,1657.273547208,NaN,NaN,NaN,NaN,,NaN,,1656.979015042,1656.982461167,None,NaN,NaN,,NaN,NaN,NaN,NaN,NaN,NaN,NaN,20,bathroom,1,2024-05-10_15h50.16.060,image_similarity_rating,2023.2.3,None,2024-05-10 15h50.35.189920 +0200
,121,129,431,431,stimuli/own/bathroom/121_bat.jpg,stimuli/own/bathroom/129_bat.jpg,NaN,NaN,NaN,NaN,NaN,NaN,NaN,NaN,0,26,26,430,1674.772407833,NaN,NaN,NaN,NaN,NaN,NaN,NaN,,NaN,,1675.056379625,1675.222915583,1675.222915583,1675.222915583,1675.222915583,1675.222915583,1675.222915583,1675.222915583,1675.222915583,1675.222915583,1701.87074775,7,-7,1,2,26.5227056670001,2,15.1782308329998,1674.753790792,1674.772407833,NaN,1675.056350833,NaN,NaN,NaN,NaN,,NaN,,1674.750316875,1674.7537425,None,NaN,NaN,,NaN,NaN,NaN,NaN,NaN,NaN,NaN,20,bathroom,1,2024-05-10_15h50.16.060,image_similarity_rating,2023.2.3,None,2024-05-10 15h50.35.189920 +0200
,113,135,289,289,stimuli/own/bathroom/113_bat.jpg,stimuli/own/bathroom/135_bat.jpg,NaN,NaN,NaN,NaN,NaN,NaN,NaN,NaN,0,27,27,288,1701.876327292,NaN,NaN,NaN,NaN,NaN,NaN,NaN,,NaN,,1702.160963458,1702.331810542,1702.331810542,1702.331810542,1702.331810542,1702.331810542,1702.331810542,1702.331810542,1702.331810542,1702.331810542,1719.6333445,-7,7,1,2,14.2540302909997,3,13.1348550000002,1701.87449475,1701.876327292,1702.331810542,1702.160949125,NaN,NaN,NaN,NaN,,NaN,,1701.870979167,1701.874447208,None,NaN,NaN,,NaN,NaN,NaN,NaN,NaN,NaN,NaN,20,bathroom,1,2024-05-10_15h50.16.060,image_similarity_rating,2023.2.3,None,2024-05-10 15h50.35.189920 +0200
,101,118,13,13,stimuli/own/bathroom/101_bat.jpg,stimuli/own/bathroom/118_bat.jpg,NaN,NaN,NaN,NaN,NaN,NaN,NaN,NaN,0,28,28,12,1719.655536083,NaN,NaN,NaN,NaN,NaN,NaN,NaN,,NaN,,1719.939483417,1720.106246833,1720.106246833,1720.106246833,1720.106246833,1720.106246833,1720.106246833,1720.106246833,1720.106246833,1720.106246833,1730.099215625,7,-7,1,2,7.02893966700003,1,4.06389754099973,1719.637044125,1719.655536083,NaN,1719.939460292,NaN,NaN,NaN,NaN,,NaN,,1719.633568917,1719.636995917,None,NaN,NaN,,NaN,NaN,NaN,NaN,NaN,NaN,NaN,20,bathroom,1,2024-05-10_15h50.16.060,image_similarity_rating,2023.2.3,None,2024-05-10 15h50.35.189920 +0200
,106,138,186,186,stimuli/own/bathroom/106_bat.jpg,stimuli/own/bathroom/138_bat.jpg,NaN,NaN,NaN,NaN,NaN,NaN,NaN,NaN,0,29,29,185,1730.105239167,NaN,NaN,NaN,NaN,NaN,NaN,NaN,,NaN,,1730.389931083,1730.555295167,1730.555295167,1730.555295167,1730.555295167,1730.555295167,1730.555295167,1730.555295167,1730.555295167,1730.555295167,1745.637883,7,-7,1,2,14.3948686250001,2,10.9664372920001,1730.103022583,1730.105239167,1730.555295167,1730.389917625,NaN,NaN,NaN,NaN,,NaN,,1730.099439167,1730.102975208,None,NaN,NaN,,NaN,NaN,NaN,NaN,NaN,NaN,NaN,20,bathroom,1,2024-05-10_15h50.16.060,image_similarity_rating,2023.2.3,None,2024-05-10 15h50.35.189920 +0200
,103,109,71,71,stimuli/own/bathroom/103_bat.jpg,stimuli/own/bathroom/109_bat.jpg,NaN,NaN,NaN,NaN,NaN,NaN,NaN,NaN,0,30,30,70,1745.643654417,NaN,NaN,NaN,NaN,NaN,NaN,NaN,,NaN,,1745.939834792,1746.102154917,1746.102154917,1746.102154917,1746.102154917,1746.102154917,1746.102154917,1746.102154917,1746.102154917,1746.102154917,1762.854336833,7,-7,1,2,7.35616945900028,1,16.5960637500002,1745.641713125,1745.643654417,1746.102154917,1745.939824708,NaN,NaN,NaN,NaN,,NaN,,1745.638107708,1745.641665167,None,NaN,NaN,,NaN,NaN,NaN,NaN,NaN,NaN,NaN,20,bathroom,1,2024-05-10_15h50.16.060,image_similarity_rating,2023.2.3,None,2024-05-10 15h50.35.189920 +0200
,109,120,198,198,stimuli/own/bathroom/109_bat.jpg,stimuli/own/bathroom/120_bat.jpg,NaN,NaN,NaN,NaN,NaN,NaN,NaN,NaN,0,31,31,197,1762.859973958,NaN,NaN,NaN,NaN,NaN,NaN,NaN,,NaN,,1763.144352458,1763.30771425,1763.30771425,1763.30771425,1763.30771425,1763.30771425,1763.30771425,1763.30771425,1763.30771425,1763.30771425,1773.199652,-7,7,1,3,9.79972204200021,1,2.19549716699976,1762.858046917,1762.859973958,1763.30771425,1763.144342125,NaN,NaN,NaN,NaN,,NaN,,1762.854568125,1762.857998875,None,NaN,NaN,,NaN,NaN,NaN,NaN,NaN,NaN,NaN,20,bathroom,1,2024-05-10_15h50.16.060,image_similarity_rating,2023.2.3,None,2024-05-10 15h50.35.189920 +0200
,126,127,505,505,stimuli/own/bathroom/126_bat.jpg,stimuli/own/bathroom/127_bat.jpg,NaN,NaN,NaN,NaN,NaN,NaN,NaN,NaN,0,32,32,504,1773.22178325,NaN,NaN,NaN,NaN,NaN,NaN,NaN,,NaN,,1773.505937625,1773.670270083,1773.670270083,1773.670270083,1773.670270083,1773.670270083,1773.670270083,1773.670270083,1773.670270083,1773.670270083,1787.46174,7,-7,1,2,13.1276655000001,7,5.84968208400005,1773.203559417,1773.22178325,NaN,1773.505926708,NaN,NaN,NaN,NaN,,NaN,,1773.19987625,1773.203509125,None,NaN,NaN,,NaN,NaN,NaN,NaN,NaN,NaN,NaN,20,bathroom,1,2024-05-10_15h50.16.060,image_similarity_rating,2023.2.3,None,2024-05-10 15h50.35.189920 +0200
,117,126,351,351,stimuli/own/bathroom/117_bat.jpg,stimuli/own/bathroom/126_bat.jpg,NaN,NaN,NaN,NaN,NaN,NaN,NaN,NaN,0,33,33,350,1787.471943083,NaN,NaN,NaN,NaN,NaN,NaN,NaN,,NaN,,1787.756531917,1787.924587625,1787.924587625,1787.924587625,1787.924587625,1787.924587625,1787.924587625,1787.924587625,1787.924587625,1787.924587625,1799.742404458,7,-7,1,3,11.485759792,4,10.4368141250002,1787.465414167,1787.471943083,1787.924587625,1787.756515292,NaN,NaN,NaN,NaN,,NaN,,1787.461965667,1787.465365792,None,NaN,NaN,,NaN,NaN,NaN,NaN,NaN,NaN,NaN,20,bathroom,1,2024-05-10_15h50.16.060,image_similarity_rating,2023.2.3,None,2024-05-10 15h50.35.189920 +0200
,103,129,88,88,stimuli/own/bathroom/103_bat.jpg,stimuli/own/bathroom/129_bat.jpg,NaN,NaN,NaN,NaN,NaN,NaN,NaN,NaN,0,34,34,87,1799.755074125,NaN,NaN,NaN,NaN,NaN,NaN,NaN,,NaN,,1800.039740125,1800.211015292,1800.211015292,1800.211015292,1800.211015292,1800.211015292,1800.211015292,1800.211015292,1800.211015292,1800.211015292,1813.403772042,7,-7,1,2,13.017490834,1,7.62300287499966,1799.746262708,1799.755074125,1800.211015292,1800.039722208,NaN,NaN,NaN,NaN,,NaN,,1799.74263925,1799.746212625,None,NaN,NaN,,NaN,NaN,NaN,NaN,NaN,NaN,NaN,20,bathroom,1,2024-05-10_15h50.16.060,image_similarity_rating,2023.2.3,None,2024-05-10 15h50.35.189920 +0200
,102,120,48,48,stimuli/own/bathroom/102_bat.jpg,stimuli/own/bathroom/120_bat.jpg,NaN,NaN,NaN,NaN,NaN,NaN,NaN,NaN,0,35,35,47,1813.409540208,NaN,NaN,NaN,NaN,NaN,NaN,NaN,,NaN,,1813.694107417,1813.864317375,1813.864317375,1813.864317375,1813.864317375,1813.864317375,1813.864317375,1813.864317375,1813.864317375,1813.864317375,1828.487110542,7,-7,1,2,14.285506708,1,7.51635658400028,1813.407600375,1813.409540208,1813.864317375,1813.694088583,NaN,NaN,NaN,NaN,,NaN,,1813.404009,1813.407552417,None,NaN,NaN,,NaN,NaN,NaN,NaN,NaN,NaN,NaN,20,bathroom,1,2024-05-10_15h50.16.060,image_similarity_rating,2023.2.3,None,2024-05-10 15h50.35.189920 +0200
,126,131,508,508,stimuli/own/bathroom/126_bat.jpg,stimuli/own/bathroom/131_bat.jpg,NaN,NaN,NaN,NaN,NaN,NaN,NaN,NaN,0,36,36,507,1828.492768458,NaN,NaN,NaN,NaN,NaN,NaN,NaN,,NaN,,1828.777139125,1828.944197458,1828.944197458,1828.944197458,1828.944197458,1828.944197458,1828.944197458,1828.944197458,1828.944197458,1828.944197458,1837.949491417,7,-7,1,2,8.07895345900033,7,4.69969295800001,1828.490855042,1828.492768458,1828.944197458,1828.777121917,NaN,NaN,NaN,NaN,,NaN,,1828.487355542,1828.490807083,None,NaN,NaN,,NaN,NaN,NaN,NaN,NaN,NaN,NaN,20,bathroom,1,2024-05-10_15h50.16.060,image_similarity_rating,2023.2.3,None,2024-05-10 15h50.35.189920 +0200
,117,125,350,350,stimuli/own/bathroom/117_bat.jpg,stimuli/own/bathroom/125_bat.jpg,NaN,NaN,NaN,NaN,NaN,NaN,NaN,NaN,0,37,37,349,1837.9718835,NaN,NaN,NaN,NaN,NaN,NaN,NaN,,NaN,,1838.255796,1838.421852042,1838.421852042,1838.421852042,1838.421852042,1838.421852042,1838.421852042,1838.421852042,1838.421852042,1838.421852042,1864.971266333,7,-7,1,3,21.3965983330004,3,26.3891899170003,1837.953389625,1837.9718835,NaN,1838.255777708,NaN,NaN,NaN,NaN,,NaN,,1837.949718542,1837.953338333,None,NaN,NaN,,NaN,NaN,NaN,NaN,NaN,NaN,NaN,20,bathroom,1,2024-05-10_15h50.16.060,image_similarity_rating,2023.2.3,None,2024-05-10 15h50.35.189920 +0200
,112,125,256,256,stimuli/own/bathroom/112_bat.jpg,stimuli/own/bathroom/125_bat.jpg,NaN,NaN,NaN,NaN,NaN,NaN,NaN,NaN,0,38,38,255,1864.977062125,NaN,NaN,NaN,NaN,NaN,NaN,NaN,,NaN,,1865.261109125,1865.424977375,1865.424977375,1865.424977375,1865.424977375,1865.424977375,1865.424977375,1865.424977375,1865.424977375,1865.424977375,1871.357241458,7,-7,1,2,4.21557637499973,3,5.67070808400013,1864.97497725,1864.977062125,1865.424977375,1865.261095917,NaN,NaN,NaN,NaN,,NaN,,1864.971489625,1864.974929208,None,NaN,NaN,,NaN,NaN,NaN,NaN,NaN,NaN,NaN,20,bathroom,1,2024-05-10_15h50.16.060,image_similarity_rating,2023.2.3,None,2024-05-10 15h50.35.189920 +0200
,101,105,4,4,stimuli/own/bathroom/101_bat.jpg,stimuli/own/bathroom/105_bat.jpg,NaN,NaN,NaN,NaN,NaN,NaN,NaN,NaN,0,39,39,3,1871.362902708,NaN,NaN,NaN,NaN,NaN,NaN,NaN,,NaN,,1871.656798792,1871.824235542,1871.824235542,1871.824235542,1871.824235542,1871.824235542,1871.824235542,1871.824235542,1871.824235542,1871.824235542,1884.545913292,7,-7,1,2,12.351172958,1,6.7062712500001,1871.36099,1871.362902708,1871.824235542,1871.656784542,NaN,NaN,NaN,NaN,,NaN,,1871.357464625,1871.360942792,None,NaN,NaN,,NaN,NaN,NaN,NaN,NaN,NaN,NaN,20,bathroom,1,2024-05-10_15h50.16.060,image_similarity_rating,2023.2.3,None,2024-05-10 15h50.35.189920 +0200
,106,118,168,168,stimuli/own/bathroom/106_bat.jpg,stimuli/own/bathroom/118_bat.jpg,NaN,NaN,NaN,NaN,NaN,NaN,NaN,NaN,0,40,40,167,1884.555297792,NaN,NaN,NaN,NaN,NaN,NaN,NaN,,NaN,,1884.839940333,1885.003963458,1885.003963458,1885.003963458,1885.003963458,1885.003963458,1885.003963458,1885.003963458,1885.003963458,1885.003963458,1896.058346125,7,-7,1,1,5.31737583299991,1,10.7993928749997,1884.549595333,1884.555297792,1885.003963458,1884.839927417,NaN,NaN,NaN,NaN,,NaN,,1884.546138208,1884.549547833,None,NaN,NaN,,NaN,NaN,NaN,NaN,NaN,NaN,NaN,20,bathroom,1,2024-05-10_15h50.16.060,image_similarity_rating,2023.2.3,None,2024-05-10 15h50.35.189920 +0200
,136,140,584,584,stimuli/own/bathroom/136_bat.jpg,stimuli/own/bathroom/140_bat.jpg,NaN,NaN,NaN,NaN,NaN,NaN,NaN,NaN,0,41,41,583,1896.071499292,NaN,NaN,NaN,NaN,NaN,NaN,NaN,,NaN,,1896.357196667,1896.522707667,1896.522707667,1896.522707667,1896.522707667,1896.522707667,1896.522707667,1896.522707667,1896.522707667,1896.522707667,1913.757245958,-7,7,1,3,11.9225082500002,6,3.95196666699985,1896.062411458,1896.071499292,1896.522707667,1896.357183542,NaN,NaN,NaN,NaN,,NaN,,1896.058587667,1896.062361333,None,NaN,NaN,,NaN,NaN,NaN,NaN,NaN,NaN,NaN,20,bathroom,1,2024-05-10_15h50.16.060,image_similarity_rating,2023.2.3,None,2024-05-10 15h50.35.189920 +0200
,134,136,569,569,stimuli/own/bathroom/134_bat.jpg,stimuli/own/bathroom/136_bat.jpg,NaN,NaN,NaN,NaN,NaN,NaN,NaN,NaN,0,42,42,568,1913.762887625,NaN,NaN,NaN,NaN,NaN,NaN,NaN,,NaN,,1914.056005208,1914.221986958,1914.221986958,1914.221986958,1914.221986958,1914.221986958,1914.221986958,1914.221986958,1914.221986958,1914.221986958,1931.549327958,7,-7,1,4,16.9503478330003,6,8.49204087499993,1913.76096175,1913.762887625,1914.221986958,1914.05598675,NaN,NaN,NaN,NaN,,NaN,,1913.757473333,1913.760914042,None,NaN,NaN,,NaN,NaN,NaN,NaN,NaN,NaN,NaN,20,bathroom,1,2024-05-10_15h50.16.060,image_similarity_rating,2023.2.3,None,2024-05-10 15h50.35.189920 +0200
,136,139,583,602,stimuli/own/bathroom/136_bat.jpg,stimuli/own/bathroom/139_bat.jpg,NaN,NaN,NaN,NaN,NaN,NaN,NaN,NaN,0,43,43,601,1931.571589625,NaN,NaN,NaN,NaN,NaN,NaN,NaN,,NaN,,1931.855583375,1932.020502208,1932.020502208,1932.020502208,1932.020502208,1932.020502208,1932.020502208,1932.020502208,1932.020502208,1932.020502208,1943.0570015,-7,7,1,2,4.52003337499991,2,10.7383153339997,1931.553207667,1931.571589625,NaN,1931.855564667,NaN,NaN,NaN,NaN,,NaN,,1931.549551542,1931.553155542,None,NaN,NaN,,NaN,NaN,NaN,NaN,NaN,NaN,NaN,20,bathroom,1,2024-05-10_15h50.16.060,image_similarity_rating,2023.2.3,None,2024-05-10 15h50.35.189920 +0200
,111,124,229,229,stimuli/own/bathroom/111_bat.jpg,stimuli/own/bathroom/124_bat.jpg,NaN,NaN,NaN,NaN,NaN,NaN,NaN,NaN,0,44,44,228,1943.062583833,NaN,NaN,NaN,NaN,NaN,NaN,NaN,,NaN,,1943.356628875,1943.522015,1943.522015,1943.522015,1943.522015,1943.522015,1943.522015,1943.522015,1943.522015,1943.522015,1959.948576125,7,-7,1,2,8.77142783399995,3,16.0550267499998,1943.060671042,1943.062583833,1943.522015,1943.356614458,NaN,NaN,NaN,NaN,,NaN,,1943.057229292,1943.060624083,None,NaN,NaN,,NaN,NaN,NaN,NaN,NaN,NaN,NaN,20,bathroom,1,2024-05-10_15h50.16.060,image_similarity_rating,2023.2.3,None,2024-05-10 15h50.35.189920 +0200
,102,104,36,36,stimuli/own/bathroom/102_bat.jpg,stimuli/own/bathroom/104_bat.jpg,NaN,NaN,NaN,NaN,NaN,NaN,NaN,NaN,0,45,45,35,1959.954490917,NaN,NaN,NaN,NaN,NaN,NaN,NaN,,NaN,,1960.239729125,1960.405617042,1960.405617042,1960.405617042,1960.405617042,1960.405617042,1960.405617042,1960.405617042,1960.405617042,1960.405617042,1969.819860625,7,-7,1,3,8.02560075000019,1,6.15268975000026,1959.952244125,1959.954490917,1960.405617042,1960.2397165,NaN,NaN,NaN,NaN,,NaN,,1959.948799833,1959.952197167,None,NaN,NaN,,NaN,NaN,NaN,NaN,NaN,NaN,NaN,20,bathroom,1,2024-05-10_15h50.16.060,image_similarity_rating,2023.2.3,None,2024-05-10 15h50.35.189920 +0200
,103,104,68,68,stimuli/own/bathroom/103_bat.jpg,stimuli/own/bathroom/104_bat.jpg,NaN,NaN,NaN,NaN,NaN,NaN,NaN,NaN,0,46,46,67,1969.825523667,NaN,NaN,NaN,NaN,NaN,NaN,NaN,,NaN,,1970.109795708,1970.275309875,1970.275309875,1970.275309875,1970.275309875,1970.275309875,1970.275309875,1970.275309875,1970.275309875,1970.275309875,1976.004172917,-7,7,1,2,5.60612804100037,1,2.19332566700041,1969.823581458,1969.825523667,1970.275309875,1970.109783958,NaN,NaN,NaN,NaN,,NaN,,1969.8200905,1969.82353325,None,NaN,NaN,,NaN,NaN,NaN,NaN,NaN,NaN,NaN,20,bathroom,1,2024-05-10_15h50.16.060,image_similarity_rating,2023.2.3,None,2024-05-10 15h50.35.189920 +0200
,134,141,574,574,stimuli/own/bathroom/134_bat.jpg,stimuli/own/bathroom/141_bat.jpg,NaN,NaN,NaN,NaN,NaN,NaN,NaN,NaN,0,47,47,573,1976.010172375,NaN,NaN,NaN,NaN,NaN,NaN,NaN,,NaN,,1976.306121417,1976.471169292,1976.471169292,1976.471169292,1976.471169292,1976.471169292,1976.471169292,1976.471169292,1976.471169292,1976.471169292,1989.577448542,-7,7,1,3,12.9805733749999,2,9.73144433300013,1976.007868625,1976.010172375,1976.471169292,1976.306107875,NaN,NaN,NaN,NaN,,NaN,,1976.004393458,1976.007821458,None,NaN,NaN,,NaN,NaN,NaN,NaN,NaN,NaN,NaN,20,bathroom,1,2024-05-10_15h50.16.060,image_similarity_rating,2023.2.3,None,2024-05-10 15h50.35.189920 +0200
,102,139,65,65,stimuli/own/bathroom/102_bat.jpg,stimuli/own/bathroom/139_bat.jpg,NaN,NaN,NaN,NaN,NaN,NaN,NaN,NaN,0,48,48,64,1989.588068792,NaN,NaN,NaN,NaN,NaN,NaN,NaN,,NaN,,1989.872684583,1990.045592208,1990.045592208,1990.045592208,1990.045592208,1990.045592208,1990.045592208,1990.045592208,1990.045592208,1990.045592208,2005.923720208,7,-7,1,2,15.2417542500002,6,5.42400154200004,1989.581118,1989.588068792,1990.045592208,1989.872662583,NaN,NaN,NaN,NaN,,NaN,,1989.577671208,1989.581070375,None,NaN,NaN,,NaN,NaN,NaN,NaN,NaN,NaN,NaN,20,bathroom,1,2024-05-10_15h50.16.060,image_similarity_rating,2023.2.3,None,2024-05-10 15h50.35.189920 +0200
,129,136,535,535,stimuli/own/bathroom/129_bat.jpg,stimuli/own/bathroom/136_bat.jpg,NaN,NaN,NaN,NaN,NaN,NaN,NaN,NaN,0,49,49,534,2005.929387958,NaN,NaN,NaN,NaN,NaN,NaN,NaN,,NaN,,2006.222515167,2006.390862167,2006.390862167,2006.390862167,2006.390862167,2006.390862167,2006.390862167,2006.390862167,2006.390862167,2006.390862167,2018.749188792,7,-7,1,2,6.55618562500013,7,5.17995608299998,2005.927379125,2005.929387958,2006.390862167,2006.222499708,NaN,NaN,NaN,NaN,,NaN,,2005.923945458,2005.927331375,None,NaN,NaN,,NaN,NaN,NaN,NaN,NaN,NaN,NaN,20,bathroom,1,2024-05-10_15h50.16.060,image_similarity_rating,2023.2.3,None,2024-05-10 15h50.35.189920 +0200
,102,117,45,45,stimuli/own/bathroom/102_bat.jpg,stimuli/own/bathroom/117_bat.jpg,NaN,NaN,NaN,NaN,NaN,NaN,NaN,NaN,0,50,50,44,2018.771080083,NaN,NaN,NaN,NaN,NaN,NaN,NaN,,NaN,,2019.055329125,2019.221606667,2019.221606667,2019.221606667,2019.221606667,2019.221606667,2019.221606667,2019.221606667,2019.221606667,2019.221606667,2025.1532535,7,-7,1,2,5.81928975000028,2,3.34636516599994,2018.752854917,2018.771080083,NaN,2019.055298875,NaN,NaN,NaN,NaN,,NaN,,2018.749414083,2018.752807583,None,NaN,NaN,,NaN,NaN,NaN,NaN,NaN,NaN,NaN,20,bathroom,1,2024-05-10_15h50.16.060,image_similarity_rating,2023.2.3,None,2024-05-10 15h50.35.189920 +0200
,104,111,103,103,stimuli/own/bathroom/104_bat.jpg,stimuli/own/bathroom/111_bat.jpg,NaN,NaN,NaN,NaN,NaN,NaN,NaN,NaN,0,51,51,102,2025.158904958,NaN,NaN,NaN,NaN,NaN,NaN,NaN,,NaN,,2025.442917292,2025.608243458,2025.608243458,2025.608243458,2025.608243458,2025.608243458,2025.608243458,2025.608243458,2025.608243458,2025.608243458,2030.815196042,-7,7,1,3,4.90528366699982,1,2.46143729200003,2025.156955958,2025.158904958,2025.608243458,2025.442905333,NaN,NaN,NaN,NaN,,NaN,,2025.153502958,2025.156908167,None,NaN,NaN,,NaN,NaN,NaN,NaN,NaN,NaN,NaN,20,bathroom,1,2024-05-10_15h50.16.060,image_similarity_rating,2023.2.3,None,2024-05-10 15h50.35.189920 +0200
,101,135,28,28,stimuli/own/bathroom/101_bat.jpg,stimuli/own/bathroom/135_bat.jpg,NaN,NaN,NaN,NaN,NaN,NaN,NaN,NaN,0,52,52,27,2030.820845375,NaN,NaN,NaN,NaN,NaN,NaN,NaN,,NaN,,2031.105546125,2031.271121,2031.271121,2031.271121,2031.271121,2031.271121,2031.271121,2031.271121,2031.271121,2031.271121,2060.361604583,-7,7,1,3,28.3638244999997,2,8.79197775000011,2030.818873,2030.820845375,2031.271121,2031.105530917,NaN,NaN,NaN,NaN,,NaN,,2030.815424542,2030.818825583,None,NaN,NaN,,NaN,NaN,NaN,NaN,NaN,NaN,NaN,20,bathroom,1,2024-05-10_15h50.16.060,image_similarity_rating,2023.2.3,None,2024-05-10 15h50.35.189920 +0200
,116,132,334,334,stimuli/own/bathroom/116_bat.jpg,stimuli/own/bathroom/132_bat.jpg,NaN,NaN,NaN,NaN,NaN,NaN,NaN,NaN,0,53,53,333,2060.370923625,NaN,NaN,NaN,NaN,NaN,NaN,NaN,,NaN,,2060.655633542,2060.820863417,2060.820863417,2060.820863417,2060.820863417,2060.820863417,2060.820863417,2060.820863417,2060.820863417,2060.820863417,2072.669575667,-7,7,1,3,11.6972448750003,1,10.2973678340004,2060.3652685,2060.370923625,2060.820863417,2060.655610125,NaN,NaN,NaN,NaN,,NaN,,2060.361840333,2060.365221208,None,NaN,NaN,,NaN,NaN,NaN,NaN,NaN,NaN,NaN,20,bathroom,1,2024-05-10_15h50.16.060,image_similarity_rating,2023.2.3,None,2024-05-10 15h50.35.189920 +0200
,120,136,419,419,stimuli/own/bathroom/120_bat.jpg,stimuli/own/bathroom/136_bat.jpg,NaN,NaN,NaN,NaN,NaN,NaN,NaN,NaN,0,54,54,418,2072.675248417,NaN,NaN,NaN,NaN,NaN,NaN,NaN,,NaN,,2072.959153458,2073.122796375,2073.122796375,2073.122796375,2073.122796375,2073.122796375,2073.122796375,2073.122796375,2073.122796375,2073.122796375,2083.336555,-7,7,1,3,9.9978147920001,3,8.7713951249998,2072.673294917,2072.675248417,2073.122796375,2072.959143292,NaN,NaN,NaN,NaN,,NaN,,2072.669808833,2072.673247375,None,NaN,NaN,,NaN,NaN,NaN,NaN,NaN,NaN,NaN,20,bathroom,1,2024-05-10_15h50.16.060,image_similarity_rating,2023.2.3,None,2024-05-10 15h50.35.189920 +0200
,114,137,315,315,stimuli/own/bathroom/114_bat.jpg,stimuli/own/bathroom/137_bat.jpg,NaN,NaN,NaN,NaN,NaN,NaN,NaN,NaN,0,55,55,314,2083.342032583,NaN,NaN,NaN,NaN,NaN,NaN,NaN,,NaN,,2083.626441042,2083.79300475,2083.79300475,2083.79300475,2083.79300475,2083.79300475,2083.79300475,2083.79300475,2083.79300475,2083.79300475,2098.543920917,-7,7,1,1,14.526552458,2,3.63321637499985,2083.3402805,2083.342032583,2083.79300475,2083.626428333,NaN,NaN,NaN,NaN,,NaN,,2083.336794417,2083.340232458,None,NaN,NaN,,NaN,NaN,NaN,NaN,NaN,NaN,NaN,20,bathroom,1,2024-05-10_15h50.16.060,image_similarity_rating,2023.2.3,None,2024-05-10 15h50.35.189920 +0200
,106,111,162,162,stimuli/own/bathroom/106_bat.jpg,stimuli/own/bathroom/111_bat.jpg,NaN,NaN,NaN,NaN,NaN,NaN,NaN,NaN,0,56,56,161,2098.554316833,NaN,NaN,NaN,NaN,NaN,NaN,NaN,,NaN,,2098.838715917,2099.002799458,2099.002799458,2099.002799458,2099.002799458,2099.002799458,2099.002799458,2099.002799458,2099.002799458,2099.002799458,2111.256668792,7,-7,1,1,8.93658058400024,1,5.70352916599995,2098.54765575,2098.554316833,2099.002799458,2098.838701875,NaN,NaN,NaN,NaN,,NaN,,2098.544145417,2098.547607583,None,NaN,NaN,,NaN,NaN,NaN,NaN,NaN,NaN,NaN,20,bathroom,1,2024-05-10_15h50.16.060,image_similarity_rating,2023.2.3,None,2024-05-10 15h50.35.189920 +0200
,123,127,463,463,stimuli/own/bathroom/123_bat.jpg,stimuli/own/bathroom/127_bat.jpg,NaN,NaN,NaN,NaN,NaN,NaN,NaN,NaN,0,57,57,462,2111.262272458,NaN,NaN,NaN,NaN,NaN,NaN,NaN,,NaN,,2111.555488833,2111.726808083,2111.726808083,2111.726808083,2111.726808083,2111.726808083,2111.726808083,2111.726808083,2111.726808083,2111.726808083,2122.544801875,7,-7,1,2,9.10391070900005,1,7.82460604200014,2111.260346208,2111.262272458,2111.726808083,2111.55547325,NaN,NaN,NaN,NaN,,NaN,,2111.256893458,2111.260298625,None,NaN,NaN,,NaN,NaN,NaN,NaN,NaN,NaN,NaN,20,bathroom,1,2024-05-10_15h50.16.060,image_similarity_rating,2023.2.3,None,2024-05-10 15h50.35.189920 +0200
,113,123,279,279,stimuli/own/bathroom/113_bat.jpg,stimuli/own/bathroom/123_bat.jpg,NaN,NaN,NaN,NaN,NaN,NaN,NaN,NaN,0,58,58,278,2122.554251083,NaN,NaN,NaN,NaN,NaN,NaN,NaN,,NaN,,2122.839064375,2123.010352542,2123.010352542,2123.010352542,2123.010352542,2123.010352542,2123.010352542,2123.010352542,2123.010352542,2123.010352542,2132.343796792,-7,7,1,2,9.17016695800021,2,7.07709675000024,2122.548460792,2122.554251083,2123.010352542,2122.8390435,NaN,NaN,NaN,NaN,,NaN,,2122.545029958,2122.548413417,None,NaN,NaN,,NaN,NaN,NaN,NaN,NaN,NaN,NaN,20,bathroom,1,2024-05-10_15h50.16.060,image_similarity_rating,2023.2.3,None,2024-05-10 15h50.35.189920 +0200
,104,131,121,121,stimuli/own/bathroom/104_bat.jpg,stimuli/own/bathroom/131_bat.jpg,NaN,NaN,NaN,NaN,NaN,NaN,NaN,NaN,0,59,59,120,2132.354042,NaN,NaN,NaN,NaN,NaN,NaN,NaN,,NaN,,2132.638691958,2132.803577125,2132.803577125,2132.803577125,2132.803577125,2132.803577125,2132.803577125,2132.803577125,2132.803577125,2132.803577125,2141.536237375,7,-7,1,2,4.36668887499991,1,3.3310777910001,2132.347470833,2132.354042,2132.803577125,2132.638678833,NaN,NaN,NaN,NaN,,NaN,,2132.344023292,2132.347423375,None,NaN,NaN,,NaN,NaN,NaN,NaN,NaN,NaN,NaN,20,bathroom,1,2024-05-10_15h50.16.060,image_similarity_rating,2023.2.3,None,2024-05-10 15h50.35.189920 +0200
,130,134,543,543,stimuli/own/bathroom/130_bat.jpg,stimuli/own/bathroom/134_bat.jpg,NaN,NaN,NaN,NaN,NaN,NaN,NaN,NaN,0,60,60,542,2141.541875917,NaN,NaN,NaN,NaN,NaN,NaN,NaN,,NaN,,2141.826282417,2141.993658833,2141.993658833,2141.993658833,2141.993658833,2141.993658833,2141.993658833,2141.993658833,2141.993658833,2141.993658833,2163.506363833,-7,7,1,1,17.1804572919996,1,15.70768125,2141.539974583,2141.541875917,2141.993658833,2141.826267458,NaN,NaN,NaN,NaN,,NaN,,2141.536493208,2141.53992675,None,NaN,NaN,,NaN,NaN,NaN,NaN,NaN,NaN,NaN,20,bathroom,1,2024-05-10_15h50.16.060,image_similarity_rating,2023.2.3,None,2024-05-10 15h50.35.189920 +0200
,123,139,473,473,stimuli/own/bathroom/123_bat.jpg,stimuli/own/bathroom/139_bat.jpg,NaN,NaN,NaN,NaN,NaN,NaN,NaN,NaN,0,61,61,472,2163.511900625,NaN,NaN,NaN,NaN,NaN,NaN,NaN,,NaN,,2163.805225625,2163.970041208,2163.970041208,2163.970041208,2163.970041208,2163.970041208,2163.970041208,2163.970041208,2163.970041208,2163.970041208,2189.514890458,-7,7,1,1,13.6551292499998,2,12.7862782500001,2163.510139375,2163.511900625,2163.970041208,2163.805211375,NaN,NaN,NaN,NaN,,NaN,,2163.506587125,2163.510092583,None,NaN,NaN,,NaN,NaN,NaN,NaN,NaN,NaN,NaN,20,bathroom,1,2024-05-10_15h50.16.060,image_similarity_rating,2023.2.3,None,2024-05-10 15h50.35.189920 +0200
,113,132,287,287,stimuli/own/bathroom/113_bat.jpg,stimuli/own/bathroom/132_bat.jpg,NaN,NaN,NaN,NaN,NaN,NaN,NaN,NaN,0,62,62,286,2189.520752958,NaN,NaN,NaN,NaN,NaN,NaN,NaN,,NaN,,2189.805232917,2189.969971333,2189.969971333,2189.969971333,2189.969971333,2189.969971333,2189.969971333,2189.969971333,2189.969971333,2189.969971333,2209.006986792,7,-7,1,2,14.6756582080002,2,17.3656958750003,2189.518658375,2189.520752958,2189.969971333,2189.805210417,NaN,NaN,NaN,NaN,,NaN,,2189.515114542,2189.518611083,None,NaN,NaN,,NaN,NaN,NaN,NaN,NaN,NaN,NaN,20,bathroom,1,2024-05-10_15h50.16.060,image_similarity_rating,2023.2.3,None,2024-05-10 15h50.35.189920 +0200
,106,109,161,161,stimuli/own/bathroom/106_bat.jpg,stimuli/own/bathroom/109_bat.jpg,NaN,NaN,NaN,NaN,NaN,NaN,NaN,NaN,0,63,63,160,2209.012590125,NaN,NaN,NaN,NaN,NaN,NaN,NaN,,NaN,,2260.288121375,2260.461405875,2260.461405875,2260.461405875,2260.461405875,2260.461405875,2260.461405875,2260.461405875,2260.461405875,2260.461405875,2280.019695125,-7,7,2,1,19.0347093750001,1,14.5690624999997,2259.992666625,2259.996316,2260.461405875,2260.288100375,NaN,NaN,NaN,NaN,,NaN,,2209.007211042,2259.99073375,space,2209.012590125,50.9779210000002,None,NaN,NaN,NaN,NaN,NaN,NaN,NaN,20,bathroom,1,2024-05-10_15h50.16.060,image_similarity_rating,2023.2.3,None,2024-05-10 15h50.35.189920 +0200
,114,122,302,302,stimuli/own/bathroom/114_bat.jpg,stimuli/own/bathroom/122_bat.jpg,NaN,NaN,NaN,NaN,NaN,NaN,NaN,NaN,0,64,64,301,2280.025889833,NaN,NaN,NaN,NaN,NaN,NaN,NaN,,NaN,,2280.308738375,2280.472937,2280.472937,2280.472937,2280.472937,2280.472937,2280.472937,2280.472937,2280.472937,2280.472937,2290.2569625,-7,7,2,4,9.20657966700037,7,4.81642425000018,2280.023950833,2280.025889833,2280.472937,2280.308721833,NaN,NaN,NaN,NaN,,NaN,,2280.019919083,2280.023902208,None,NaN,NaN,,NaN,NaN,NaN,NaN,NaN,NaN,NaN,20,bathroom,1,2024-05-10_15h50.16.060,image_similarity_rating,2023.2.3,None,2024-05-10 15h50.35.189920 +0200
,117,136,359,359,stimuli/own/bathroom/117_bat.jpg,stimuli/own/bathroom/136_bat.jpg,NaN,NaN,NaN,NaN,NaN,NaN,NaN,NaN,0,65,65,358,2290.262475,NaN,NaN,NaN,NaN,NaN,NaN,NaN,,NaN,,2290.554864125,2290.723155167,2290.723155167,2290.723155167,2290.723155167,2290.723155167,2290.723155167,2290.723155167,2290.723155167,2290.723155167,2305.705956583,7,-7,2,2,14.3318160829999,1,9.45878983400007,2290.260724833,2290.262475,2290.723155167,2290.554847833,NaN,NaN,NaN,NaN,,NaN,,2290.257187417,2290.260676125,None,NaN,NaN,,NaN,NaN,NaN,NaN,NaN,NaN,NaN,20,bathroom,1,2024-05-10_15h50.16.060,image_similarity_rating,2023.2.3,None,2024-05-10 15h50.35.189920 +0200
,116,137,338,338,stimuli/own/bathroom/116_bat.jpg,stimuli/own/bathroom/137_bat.jpg,NaN,NaN,NaN,NaN,NaN,NaN,NaN,NaN,0,66,66,337,2305.711416875,NaN,NaN,NaN,NaN,NaN,NaN,NaN,,NaN,,2306.004774875,2306.173018417,2306.173018417,2306.173018417,2306.173018417,2306.173018417,2306.173018417,2306.173018417,2306.173018417,2306.173018417,2314.102559333,7,-7,2,1,6.09088754200002,1,5.45530662500005,2305.709621,2305.711416875,2306.173018417,2306.004750042,NaN,NaN,NaN,NaN,,NaN,,2305.706180792,2305.709572125,None,NaN,NaN,,NaN,NaN,NaN,NaN,NaN,NaN,NaN,20,bathroom,1,2024-05-10_15h50.16.060,image_similarity_rating,2023.2.3,None,2024-05-10 15h50.35.189920 +0200
,114,138,316,316,stimuli/own/bathroom/114_bat.jpg,stimuli/own/bathroom/138_bat.jpg,NaN,NaN,NaN,NaN,NaN,NaN,NaN,NaN,0,67,67,315,2314.108160458,NaN,NaN,NaN,NaN,NaN,NaN,NaN,,NaN,,2314.392080833,2314.557943083,2314.557943083,2314.557943083,2314.557943083,2314.557943083,2314.557943083,2314.557943083,2314.557943083,2314.557943083,2324.0101425,-7,7,2,2,9.33643891600013,1,3.55652425000017,2314.106400417,2314.108160458,2314.557943083,2314.392067667,NaN,NaN,NaN,NaN,,NaN,,2314.102786625,2314.106353292,None,NaN,NaN,,NaN,NaN,NaN,NaN,NaN,NaN,NaN,20,bathroom,1,2024-05-10_15h50.16.060,image_similarity_rating,2023.2.3,None,2024-05-10 15h50.35.189920 +0200
,103,105,69,69,stimuli/own/bathroom/103_bat.jpg,stimuli/own/bathroom/105_bat.jpg,NaN,NaN,NaN,NaN,NaN,NaN,NaN,NaN,0,68,68,68,2324.020273333,NaN,NaN,NaN,NaN,NaN,NaN,NaN,,NaN,,2324.304744042,2324.470432083,2324.470432083,2324.470432083,2324.470432083,2324.470432083,2324.470432083,2324.470432083,2324.470432083,2324.470432083,2327.464685417,7,-7,2,2,2.71748495799966,1,1.81597083399993,2324.013794667,2324.020273333,2324.470432083,2324.304729208,NaN,NaN,NaN,NaN,,NaN,,2324.010361708,2324.013747958,None,NaN,NaN,,NaN,NaN,NaN,NaN,NaN,NaN,NaN,20,bathroom,1,2024-05-10_15h50.16.060,image_similarity_rating,2023.2.3,None,2024-05-10 15h50.35.189920 +0200
,112,134,263,263,stimuli/own/bathroom/112_bat.jpg,stimuli/own/bathroom/134_bat.jpg,NaN,NaN,NaN,NaN,NaN,NaN,NaN,NaN,0,69,69,262,2327.487029333,NaN,NaN,NaN,NaN,NaN,NaN,NaN,,NaN,,2327.771086958,2327.939870083,2327.939870083,2327.939870083,2327.939870083,2327.939870083,2327.939870083,2327.939870083,2327.939870083,2327.939870083,2359.281119917,7,-7,2,3,31.076648792,7,26.0832049999999,2327.468337708,2327.487029333,NaN,2327.771059917,NaN,NaN,NaN,NaN,,NaN,,2327.464908583,2327.468290708,None,NaN,NaN,,NaN,NaN,NaN,NaN,NaN,NaN,NaN,20,bathroom,1,2024-05-10_15h50.16.060,image_similarity_rating,2023.2.3,None,2024-05-10 15h50.35.189920 +0200
,113,134,288,288,stimuli/own/bathroom/113_bat.jpg,stimuli/own/bathroom/134_bat.jpg,NaN,NaN,NaN,NaN,NaN,NaN,NaN,NaN,0,70,70,287,2359.2866515,NaN,NaN,NaN,NaN,NaN,NaN,NaN,,NaN,,2359.571560292,2359.740092792,2359.740092792,2359.740092792,2359.740092792,2359.740092792,2359.740092792,2359.740092792,2359.740092792,2359.740092792,2370.889092083,-7,7,2,1,11.0101882919998,2,3.39705075000029,2359.284780792,2359.2866515,2359.740092792,2359.571539167,NaN,NaN,NaN,NaN,,NaN,,2359.28134025,2359.284733583,None,NaN,NaN,,NaN,NaN,NaN,NaN,NaN,NaN,NaN,20,bathroom,1,2024-05-10_15h50.16.060,image_similarity_rating,2023.2.3,None,2024-05-10 15h50.35.189920 +0200
,102,139,65,607,stimuli/own/bathroom/102_bat.jpg,stimuli/own/bathroom/139_bat.jpg,NaN,NaN,NaN,NaN,NaN,NaN,NaN,NaN,0,71,71,606,2370.894662875,NaN,NaN,NaN,NaN,NaN,NaN,NaN,,NaN,,2371.188590167,2371.355255708,2371.355255708,2371.355255708,2371.355255708,2371.355255708,2371.355255708,2371.355255708,2371.355255708,2371.355255708,2385.697641917,7,-7,2,2,10.3892033329998,6,9.21083466599976,2370.892728667,2370.894662875,2371.355255708,2371.188575625,NaN,NaN,NaN,NaN,,NaN,,2370.889311792,2370.892681208,None,NaN,NaN,,NaN,NaN,NaN,NaN,NaN,NaN,NaN,20,bathroom,1,2024-05-10_15h50.16.060,image_similarity_rating,2023.2.3,None,2024-05-10 15h50.35.189920 +0200
,101,134,27,27,stimuli/own/bathroom/101_bat.jpg,stimuli/own/bathroom/134_bat.jpg,NaN,NaN,NaN,NaN,NaN,NaN,NaN,NaN,0,72,72,26,2385.70310675,NaN,NaN,NaN,NaN,NaN,NaN,NaN,,NaN,,2385.98777275,2386.1534085,2386.1534085,2386.1534085,2386.1534085,2386.1534085,2386.1534085,2386.1534085,2386.1534085,2386.1534085,2392.67233225,-7,7,2,2,3.36014995799997,5,2.60665749999998,2385.701297042,2385.70310675,2386.1534085,2385.987758667,NaN,NaN,NaN,NaN,,NaN,,2385.697866958,2385.701249875,None,NaN,NaN,,NaN,NaN,NaN,NaN,NaN,NaN,NaN,20,bathroom,1,2024-05-10_15h50.16.060,image_similarity_rating,2023.2.3,None,2024-05-10 15h50.35.189920 +0200
,132,139,565,565,stimuli/own/bathroom/132_bat.jpg,stimuli/own/bathroom/139_bat.jpg,NaN,NaN,NaN,NaN,NaN,NaN,NaN,NaN,0,73,73,564,2392.677945042,NaN,NaN,NaN,NaN,NaN,NaN,NaN,,NaN,,2392.971159833,2393.135241167,2393.135241167,2393.135241167,2393.135241167,2393.135241167,2393.135241167,2393.135241167,2393.135241167,2393.135241167,2405.255520542,7,-7,2,3,11.9784304999998,5,7.43140912499985,2392.675993167,2392.677945042,2393.135241167,2392.971146208,NaN,NaN,NaN,NaN,,NaN,,2392.67255575,2392.675946167,None,NaN,NaN,,NaN,NaN,NaN,NaN,NaN,NaN,NaN,20,bathroom,1,2024-05-10_15h50.16.060,image_similarity_rating,2023.2.3,None,2024-05-10 15h50.35.189920 +0200
,112,120,251,251,stimuli/own/bathroom/112_bat.jpg,stimuli/own/bathroom/120_bat.jpg,NaN,NaN,NaN,NaN,NaN,NaN,NaN,NaN,0,74,74,250,2405.261209458,NaN,NaN,NaN,NaN,NaN,NaN,NaN,,NaN,,2405.554623583,2405.721745083,2405.721745083,2405.721745083,2405.721745083,2405.721745083,2405.721745083,2405.721745083,2405.721745083,2405.721745083,2415.439725708,-7,7,2,2,7.50513783400038,1,6.66195270800017,2405.259283625,2405.261209458,2405.721745083,2405.554601792,NaN,NaN,NaN,NaN,,NaN,,2405.25574375,2405.25923675,None,NaN,NaN,,NaN,NaN,NaN,NaN,NaN,NaN,NaN,20,bathroom,1,2024-05-10_15h50.16.060,image_similarity_rating,2023.2.3,None,2024-05-10 15h50.35.189920 +0200
,121,136,437,437,stimuli/own/bathroom/121_bat.jpg,stimuli/own/bathroom/136_bat.jpg,NaN,NaN,NaN,NaN,NaN,NaN,NaN,NaN,0,75,75,436,2415.44546775,NaN,NaN,NaN,NaN,NaN,NaN,NaN,,NaN,,2415.73792375,2415.902374042,2415.902374042,2415.902374042,2415.902374042,2415.902374042,2415.902374042,2415.902374042,2415.902374042,2415.902374042,2424.530629083,-7,7,2,2,8.43767737500002,1,3.24529408300032,2415.443378667,2415.44546775,2415.902374042,2415.737908917,NaN,NaN,NaN,NaN,,NaN,,2415.439951042,2415.443332292,None,NaN,NaN,,NaN,NaN,NaN,NaN,NaN,NaN,NaN,20,bathroom,1,2024-05-10_15h50.16.060,image_similarity_rating,2023.2.3,None,2024-05-10 15h50.35.189920 +0200
,130,136,545,545,stimuli/own/bathroom/130_bat.jpg,stimuli/own/bathroom/136_bat.jpg,NaN,NaN,NaN,NaN,NaN,NaN,NaN,NaN,0,76,76,544,2424.536127167,NaN,NaN,NaN,NaN,NaN,NaN,NaN,,NaN,,2424.821173375,2424.99187775,2424.99187775,2424.99187775,2424.99187775,2424.99187775,2424.99187775,2424.99187775,2424.99187775,2424.99187775,2437.272222833,-7,7,2,3,6.90412449999985,1,5.89836191699987,2424.534372917,2424.536127167,2424.99187775,2424.821156125,NaN,NaN,NaN,NaN,,NaN,,2424.530849667,2424.534326208,None,NaN,NaN,,NaN,NaN,NaN,NaN,NaN,NaN,NaN,20,bathroom,1,2024-05-10_15h50.16.060,image_similarity_rating,2023.2.3,None,2024-05-10 15h50.35.189920 +0200
,120,131,415,415,stimuli/own/bathroom/120_bat.jpg,stimuli/own/bathroom/131_bat.jpg,NaN,NaN,NaN,NaN,NaN,NaN,NaN,NaN,0,77,77,414,2437.277630167,NaN,NaN,NaN,NaN,NaN,NaN,NaN,,NaN,,2437.571259667,2437.739811833,2437.739811833,2437.739811833,2437.739811833,2437.739811833,2437.739811833,2437.739811833,2437.739811833,2437.739811833,2449.793342583,-7,7,2,2,11.7886297079999,1,10.446299791,2437.275881542,2437.277630167,2437.739811833,2437.57124375,NaN,NaN,NaN,NaN,,NaN,,2437.272446667,2437.275835208,None,NaN,NaN,,NaN,NaN,NaN,NaN,NaN,NaN,NaN,20,bathroom,1,2024-05-10_15h50.16.060,image_similarity_rating,2023.2.3,None,2024-05-10 15h50.35.189920 +0200
,123,130,465,465,stimuli/own/bathroom/123_bat.jpg,stimuli/own/bathroom/130_bat.jpg,NaN,NaN,NaN,NaN,NaN,NaN,NaN,NaN,0,78,78,464,2449.803511583,NaN,NaN,NaN,NaN,NaN,NaN,NaN,,NaN,,2450.087583875,2450.2529225,2450.2529225,2450.2529225,2450.2529225,2450.2529225,2450.2529225,2450.2529225,2450.2529225,2450.2529225,2462.518298458,7,-7,2,2,12.0762866249997,1,6.23403091699993,2449.797237417,2449.803511583,2450.2529225,2450.087570333,NaN,NaN,NaN,NaN,,NaN,,2449.793572625,2449.797187417,None,NaN,NaN,,NaN,NaN,NaN,NaN,NaN,NaN,NaN,20,bathroom,1,2024-05-10_15h50.16.060,image_similarity_rating,2023.2.3,None,2024-05-10 15h50.35.189920 +0200
,137,141,589,589,stimuli/own/bathroom/137_bat.jpg,stimuli/own/bathroom/141_bat.jpg,NaN,NaN,NaN,NaN,NaN,NaN,NaN,NaN,0,79,79,588,2462.524071875,NaN,NaN,NaN,NaN,NaN,NaN,NaN,,NaN,,2462.80827975,2462.971242792,2462.971242792,2462.971242792,2462.971242792,2462.971242792,2462.971242792,2462.971242792,2462.971242792,2462.971242792,2475.071984208,-7,7,2,2,11.7231428340001,1,6.88697058400021,2462.522132458,2462.524071875,2462.971242792,2462.808268292,NaN,NaN,NaN,NaN,,NaN,,2462.518522,2462.522085,None,NaN,NaN,,NaN,NaN,NaN,NaN,NaN,NaN,NaN,20,bathroom,1,2024-05-10_15h50.16.060,image_similarity_rating,2023.2.3,None,2024-05-10 15h50.35.189920 +0200
,103,122,82,82,stimuli/own/bathroom/103_bat.jpg,stimuli/own/bathroom/122_bat.jpg,NaN,NaN,NaN,NaN,NaN,NaN,NaN,NaN,0,80,80,81,2475.077413917,NaN,NaN,NaN,NaN,NaN,NaN,NaN,,NaN,,2475.370863792,2475.535485583,2475.535485583,2475.535485583,2475.535485583,2475.535485583,2475.535485583,2475.535485583,2475.535485583,2475.535485583,2484.413947542,-7,7,2,2,8.6881092499998,1,2.63421137500018,2475.075649958,2475.077413917,2475.535485583,2475.370849667,NaN,NaN,NaN,NaN,,NaN,,2475.072205625,2475.075603167,None,NaN,NaN,,NaN,NaN,NaN,NaN,NaN,NaN,NaN,20,bathroom,1,2024-05-10_15h50.16.060,image_similarity_rating,2023.2.3,None,2024-05-10 15h50.35.189920 +0200
,109,113,192,192,stimuli/own/bathroom/109_bat.jpg,stimuli/own/bathroom/113_bat.jpg,NaN,NaN,NaN,NaN,NaN,NaN,NaN,NaN,0,81,81,191,2484.419749708,NaN,NaN,NaN,NaN,NaN,NaN,NaN,,NaN,,2484.70520175,2484.869908,2484.869908,2484.869908,2484.869908,2484.869908,2484.869908,2484.869908,2484.869908,2484.869908,2501.72194325,-7,7,2,2,12.5262407079999,1,11.686681917,2484.417594917,2484.419749708,2484.869908,2484.705185292,NaN,NaN,NaN,NaN,,NaN,,2484.414167333,2484.417548625,None,NaN,NaN,,NaN,NaN,NaN,NaN,NaN,NaN,NaN,20,bathroom,1,2024-05-10_15h50.16.060,image_similarity_rating,2023.2.3,None,2024-05-10 15h50.35.189920 +0200
,130,140,549,549,stimuli/own/bathroom/130_bat.jpg,stimuli/own/bathroom/140_bat.jpg,NaN,NaN,NaN,NaN,NaN,NaN,NaN,NaN,0,82,82,548,2501.727501833,NaN,NaN,NaN,NaN,NaN,NaN,NaN,,NaN,,2502.020840125,2502.18945625,2502.18945625,2502.18945625,2502.18945625,2502.18945625,2502.18945625,2502.18945625,2502.18945625,2502.18945625,2509.975831292,7,-7,2,3,4.65787233399988,6,3.07704175000026,2501.725746583,2501.727501833,2502.18945625,2502.02082425,NaN,NaN,NaN,NaN,,NaN,,2501.722168625,2501.725699875,None,NaN,NaN,,NaN,NaN,NaN,NaN,NaN,NaN,NaN,20,bathroom,1,2024-05-10_15h50.16.060,image_similarity_rating,2023.2.3,None,2024-05-10 15h50.35.189920 +0200
,109,141,217,217,stimuli/own/bathroom/109_bat.jpg,stimuli/own/bathroom/141_bat.jpg,NaN,NaN,NaN,NaN,NaN,NaN,NaN,NaN,0,83,83,216,2509.98629475,NaN,NaN,NaN,NaN,NaN,NaN,NaN,,NaN,,2510.270853167,2510.442463792,2510.442463792,2510.442463792,2510.442463792,2510.442463792,2510.442463792,2510.442463792,2510.442463792,2510.442463792,2516.780992167,-7,7,2,2,4.51360212500003,1,6.00556612499986,2509.979506375,2509.98629475,2510.442463792,2510.270836,NaN,NaN,NaN,NaN,,NaN,,2509.97605625,2509.97945975,None,NaN,NaN,,NaN,NaN,NaN,NaN,NaN,NaN,NaN,20,bathroom,1,2024-05-10_15h50.16.060,image_similarity_rating,2023.2.3,None,2024-05-10 15h50.35.189920 +0200
,124,134,483,483,stimuli/own/bathroom/124_bat.jpg,stimuli/own/bathroom/134_bat.jpg,NaN,NaN,NaN,NaN,NaN,NaN,NaN,NaN,0,84,84,482,2516.803135542,NaN,NaN,NaN,NaN,NaN,NaN,NaN,,NaN,,2517.087036542,2517.251831417,2517.251831417,2517.251831417,2517.251831417,2517.251831417,2517.251831417,2517.251831417,2517.251831417,2517.251831417,2534.551686208,-7,7,2,3,5.65169733300036,2,7.43442754200032,2516.784638667,2516.803135542,NaN,2517.087017458,NaN,NaN,NaN,NaN,,NaN,,2516.781213917,2516.784591833,None,NaN,NaN,,NaN,NaN,NaN,NaN,NaN,NaN,NaN,20,bathroom,1,2024-05-10_15h50.16.060,image_similarity_rating,2023.2.3,None,2024-05-10 15h50.35.189920 +0200
,102,119,47,47,stimuli/own/bathroom/102_bat.jpg,stimuli/own/bathroom/119_bat.jpg,NaN,NaN,NaN,NaN,NaN,NaN,NaN,NaN,0,85,85,46,2534.557389167,NaN,NaN,NaN,NaN,NaN,NaN,NaN,,NaN,,2534.84147075,2535.006119708,2535.006119708,2535.006119708,2535.006119708,2535.006119708,2535.006119708,2535.006119708,2535.006119708,2535.006119708,2541.376454,-7,7,2,2,6.00608162499975,1,4.85315495899977,2534.555457583,2534.557389167,2535.006119708,2534.841458917,NaN,NaN,NaN,NaN,,NaN,,2534.551942958,2534.555411125,None,NaN,NaN,,NaN,NaN,NaN,NaN,NaN,NaN,NaN,20,bathroom,1,2024-05-10_15h50.16.060,image_similarity_rating,2023.2.3,None,2024-05-10 15h50.35.189920 +0200
,111,126,231,231,stimuli/own/bathroom/111_bat.jpg,stimuli/own/bathroom/126_bat.jpg,NaN,NaN,NaN,NaN,NaN,NaN,NaN,NaN,0,86,86,230,2541.386185375,NaN,NaN,NaN,NaN,NaN,NaN,NaN,,NaN,,2541.67143425,2541.83372725,2541.83372725,2541.83372725,2541.83372725,2541.83372725,2541.83372725,2541.83372725,2541.83372725,2541.83372725,2552.059005917,-7,7,2,2,10.1718958340002,1,9.47150512500002,2541.380200417,2541.386185375,2541.83372725,2541.671421708,NaN,NaN,NaN,NaN,,NaN,,2541.376674458,2541.3801545,None,NaN,NaN,,NaN,NaN,NaN,NaN,NaN,NaN,NaN,20,bathroom,1,2024-05-10_15h50.16.060,image_similarity_rating,2023.2.3,None,2024-05-10 15h50.35.189920 +0200
,126,130,507,507,stimuli/own/bathroom/126_bat.jpg,stimuli/own/bathroom/130_bat.jpg,NaN,NaN,NaN,NaN,NaN,NaN,NaN,NaN,0,87,87,506,2552.069483417,NaN,NaN,NaN,NaN,NaN,NaN,NaN,,NaN,,2552.354485917,2552.5194905,2552.5194905,2552.5194905,2552.5194905,2552.5194905,2552.5194905,2552.5194905,2552.5194905,2552.5194905,2557.130386708,7,-7,2,2,4.33980470799997,1,3.62875824999992,2552.062668292,2552.069483417,2552.5194905,2552.35447175,NaN,NaN,NaN,NaN,,NaN,,2552.059224833,2552.062621583,None,NaN,NaN,,NaN,NaN,NaN,NaN,NaN,NaN,NaN,20,bathroom,1,2024-05-10_15h50.16.060,image_similarity_rating,2023.2.3,None,2024-05-10 15h50.35.189920 +0200
,101,126,21,21,stimuli/own/bathroom/101_bat.jpg,stimuli/own/bathroom/126_bat.jpg,NaN,NaN,NaN,NaN,NaN,NaN,NaN,NaN,0,88,88,20,2557.135945875,NaN,NaN,NaN,NaN,NaN,NaN,NaN,,NaN,,2557.420559875,2557.588706417,2557.588706417,2557.588706417,2557.588706417,2557.588706417,2557.588706417,2557.588706417,2557.588706417,2557.588706417,2562.408710917,7,-7,2,3,4.64378387500028,2,3.20573299999978,2557.134118208,2557.135945875,2557.588706417,2557.420544375,NaN,NaN,NaN,NaN,,NaN,,2557.130610208,2557.134071583,None,NaN,NaN,,NaN,NaN,NaN,NaN,NaN,NaN,NaN,20,bathroom,1,2024-05-10_15h50.16.060,image_similarity_rating,2023.2.3,None,2024-05-10 15h50.35.189920 +0200
,122,139,457,457,stimuli/own/bathroom/122_bat.jpg,stimuli/own/bathroom/139_bat.jpg,NaN,NaN,NaN,NaN,NaN,NaN,NaN,NaN,0,89,89,456,2562.41949425,NaN,NaN,NaN,NaN,NaN,NaN,NaN,,NaN,,2562.704498792,2562.869239125,2562.869239125,2562.869239125,2562.869239125,2562.869239125,2562.869239125,2562.869239125,2562.869239125,2562.869239125,2567.338434333,-7,7,2,2,4.33624141699966,1,3.56416220900019,2562.412474333,2562.41949425,2562.869239125,2562.704485167,NaN,NaN,NaN,NaN,,NaN,,2562.408932417,2562.412426958,None,NaN,NaN,,NaN,NaN,NaN,NaN,NaN,NaN,NaN,20,bathroom,1,2024-05-10_15h50.16.060,image_similarity_rating,2023.2.3,None,2024-05-10 15h50.35.189920 +0200
,125,135,498,498,stimuli/own/bathroom/125_bat.jpg,stimuli/own/bathroom/135_bat.jpg,NaN,NaN,NaN,NaN,NaN,NaN,NaN,NaN,0,90,90,497,2567.343998042,NaN,NaN,NaN,NaN,NaN,NaN,NaN,,NaN,,2567.637357083,2567.802911292,2567.802911292,2567.802911292,2567.802911292,2567.802911292,2567.802911292,2567.802911292,2567.802911292,2567.802911292,2574.505136625,7,-7,2,2,6.28709183399997,1,4.77009375000034,2567.342070208,2567.343998042,2567.802911292,2567.637338,NaN,NaN,NaN,NaN,,NaN,,2567.33865475,2567.34202325,None,NaN,NaN,,NaN,NaN,NaN,NaN,NaN,NaN,NaN,20,bathroom,1,2024-05-10_15h50.16.060,image_similarity_rating,2023.2.3,None,2024-05-10 15h50.35.189920 +0200
,106,119,169,169,stimuli/own/bathroom/106_bat.jpg,stimuli/own/bathroom/119_bat.jpg,NaN,NaN,NaN,NaN,NaN,NaN,NaN,NaN,0,91,91,168,2574.510741292,NaN,NaN,NaN,NaN,NaN,NaN,NaN,,NaN,,2574.804053083,2574.972366583,2574.972366583,2574.972366583,2574.972366583,2574.972366583,2574.972366583,2574.972366583,2574.972366583,2574.972366583,2580.230259458,7,-7,2,2,5.15549912500001,1,2.86962154100001,2574.508795917,2574.510741292,2574.972366583,2574.804036417,NaN,NaN,NaN,NaN,,NaN,,2574.505358875,2574.5087495,None,NaN,NaN,,NaN,NaN,NaN,NaN,NaN,NaN,NaN,20,bathroom,1,2024-05-10_15h50.16.060,image_similarity_rating,2023.2.3,None,2024-05-10 15h50.35.189920 +0200
,103,138,96,96,stimuli/own/bathroom/103_bat.jpg,stimuli/own/bathroom/138_bat.jpg,NaN,NaN,NaN,NaN,NaN,NaN,NaN,NaN,0,92,92,95,2580.235867708,NaN,NaN,NaN,NaN,NaN,NaN,NaN,,NaN,,2580.520706375,2580.688798667,2580.688798667,2580.688798667,2580.688798667,2580.688798667,2580.688798667,2580.688798667,2580.688798667,2580.688798667,2593.192327417,7,-7,2,3,8.83875562499998,6,6.59262679199992,2580.234001958,2580.235867708,2580.688798667,2580.520689417,NaN,NaN,NaN,NaN,,NaN,,2580.230478542,2580.233955917,None,NaN,NaN,,NaN,NaN,NaN,NaN,NaN,NaN,NaN,20,bathroom,1,2024-05-10_15h50.16.060,image_similarity_rating,2023.2.3,None,2024-05-10 15h50.35.189920 +0200
,122,131,450,450,stimuli/own/bathroom/122_bat.jpg,stimuli/own/bathroom/131_bat.jpg,NaN,NaN,NaN,NaN,NaN,NaN,NaN,NaN,0,93,93,449,2593.202725458,NaN,NaN,NaN,NaN,NaN,NaN,NaN,,NaN,,2593.487344542,2593.650777083,2593.650777083,2593.650777083,2593.650777083,2593.650777083,2593.650777083,2593.650777083,2593.650777083,2593.650777083,2601.830551875,-7,7,2,2,6.816086541,1,3.04176766699993,2593.19598775,2593.202725458,2593.650777083,2593.487334,NaN,NaN,NaN,NaN,,NaN,,2593.192551042,2593.1959405,None,NaN,NaN,,NaN,NaN,NaN,NaN,NaN,NaN,NaN,20,bathroom,1,2024-05-10_15h50.16.060,image_similarity_rating,2023.2.3,None,2024-05-10 15h50.35.189920 +0200
,104,138,127,127,stimuli/own/bathroom/104_bat.jpg,stimuli/own/bathroom/138_bat.jpg,NaN,NaN,NaN,NaN,NaN,NaN,NaN,NaN,0,94,94,126,2601.852605292,NaN,NaN,NaN,NaN,NaN,NaN,NaN,,NaN,,2602.136836708,2602.308306042,2602.308306042,2602.308306042,2602.308306042,2602.308306042,2602.308306042,2602.308306042,2602.308306042,2602.308306042,2610.809143625,-7,7,2,2,8.43872595799985,1,6.71059049999985,2601.834226833,2601.852605292,NaN,2602.136805042,NaN,NaN,NaN,NaN,,NaN,,2601.8307755,2601.834180458,None,NaN,NaN,,NaN,NaN,NaN,NaN,NaN,NaN,NaN,20,bathroom,1,2024-05-10_15h50.16.060,image_similarity_rating,2023.2.3,None,2024-05-10 15h50.35.189920 +0200
,126,136,512,512,stimuli/own/bathroom/126_bat.jpg,stimuli/own/bathroom/136_bat.jpg,NaN,NaN,NaN,NaN,NaN,NaN,NaN,NaN,0,95,95,511,2610.819351583,NaN,NaN,NaN,NaN,NaN,NaN,NaN,,NaN,,2611.103968958,2611.271553542,2611.271553542,2611.271553542,2611.271553542,2611.271553542,2611.271553542,2611.271553542,2611.271553542,2611.271553542,2615.879959583,7,-7,2,3,4.45500437500004,5,3.60647670800017,2610.812794917,2610.819351583,2611.271553542,2611.103952,NaN,NaN,NaN,NaN,,NaN,,2610.809363,2610.812748292,None,NaN,NaN,,NaN,NaN,NaN,NaN,NaN,NaN,NaN,20,bathroom,1,2024-05-10_15h50.16.060,image_similarity_rating,2023.2.3,None,2024-05-10 15h50.35.189920 +0200
,127,140,528,528,stimuli/own/bathroom/127_bat.jpg,stimuli/own/bathroom/140_bat.jpg,NaN,NaN,NaN,NaN,NaN,NaN,NaN,NaN,0,96,96,527,2615.885865583,NaN,NaN,NaN,NaN,NaN,NaN,NaN,,NaN,,2616.170207042,2616.340572708,2616.340572708,2616.340572708,2616.340572708,2616.340572708,2616.340572708,2616.340572708,2616.340572708,2616.340572708,2623.884616583,7,-7,2,2,5.69264608399999,5,4.03752058400005,2615.883688792,2615.885865583,2616.340572708,2616.170191042,NaN,NaN,NaN,NaN,,NaN,,2615.880179167,2615.883642125,None,NaN,NaN,,NaN,NaN,NaN,NaN,NaN,NaN,NaN,20,bathroom,1,2024-05-10_15h50.16.060,image_similarity_rating,2023.2.3,None,2024-05-10 15h50.35.189920 +0200
,101,125,20,20,stimuli/own/bathroom/101_bat.jpg,stimuli/own/bathroom/125_bat.jpg,NaN,NaN,NaN,NaN,NaN,NaN,NaN,NaN,0,97,97,19,2623.89027125,NaN,NaN,NaN,NaN,NaN,NaN,NaN,,NaN,,2624.17430225,2624.337322083,2624.337322083,2624.337322083,2624.337322083,2624.337322083,2624.337322083,2624.337322083,2624.337322083,2624.337322083,2631.921666833,-7,7,2,2,7.48071779199972,6,6.03700812499983,2623.888343708,2623.89027125,2624.337322083,2624.174290583,NaN,NaN,NaN,NaN,,NaN,,2623.884848292,2623.888294292,None,NaN,NaN,,NaN,NaN,NaN,NaN,NaN,NaN,NaN,20,bathroom,1,2024-05-10_15h50.16.060,image_similarity_rating,2023.2.3,None,2024-05-10 15h50.35.189920 +0200
,121,134,435,435,stimuli/own/bathroom/121_bat.jpg,stimuli/own/bathroom/134_bat.jpg,NaN,NaN,NaN,NaN,NaN,NaN,NaN,NaN,0,98,98,434,2631.9272325,NaN,NaN,NaN,NaN,NaN,NaN,NaN,,NaN,,2632.2204015,2632.386680042,2632.386680042,2632.386680042,2632.386680042,2632.386680042,2632.386680042,2632.386680042,2632.386680042,2632.386680042,2647.030294667,-7,7,2,2,14.4313823749999,3,13.6299561669998,2631.925303833,2631.9272325,2632.386680042,2632.220386083,NaN,NaN,NaN,NaN,,NaN,,2631.921885833,2631.92525675,None,NaN,NaN,,NaN,NaN,NaN,NaN,NaN,NaN,NaN,20,bathroom,1,2024-05-10_15h50.16.060,image_similarity_rating,2023.2.3,None,2024-05-10 15h50.35.189920 +0200
,101,121,16,16,stimuli/own/bathroom/101_bat.jpg,stimuli/own/bathroom/121_bat.jpg,NaN,NaN,NaN,NaN,NaN,NaN,NaN,NaN,0,99,99,15,2647.052696417,NaN,NaN,NaN,NaN,NaN,NaN,NaN,,NaN,,2647.33667775,2647.508659375,2647.508659375,2647.508659375,2647.508659375,2647.508659375,2647.508659375,2647.508659375,2647.508659375,2647.508659375,2653.97154125,7,-7,2,2,6.2704249999997,2,5.05815212499965,2647.033957917,2647.052696417,NaN,2647.336641458,NaN,NaN,NaN,NaN,,NaN,,2647.030520625,2647.033911375,None,NaN,NaN,,NaN,NaN,NaN,NaN,NaN,NaN,NaN,20,bathroom,1,2024-05-10_15h50.16.060,image_similarity_rating,2023.2.3,None,2024-05-10 15h50.35.189920 +0200
,103,113,74,74,stimuli/own/bathroom/103_bat.jpg,stimuli/own/bathroom/113_bat.jpg,NaN,NaN,NaN,NaN,NaN,NaN,NaN,NaN,0,100,100,73,2653.976931208,NaN,NaN,NaN,NaN,NaN,NaN,NaN,,NaN,,2654.270666083,2654.442478458,2654.442478458,2654.442478458,2654.442478458,2654.442478458,2654.442478458,2654.442478458,2654.442478458,2654.442478458,2663.751201542,7,-7,2,3,9.18413562499973,2,7.23766979099992,2653.975180833,2653.976931208,2654.442478458,2654.270646208,NaN,NaN,NaN,NaN,,NaN,,2653.971760417,2653.975134333,None,NaN,NaN,,NaN,NaN,NaN,NaN,NaN,NaN,NaN,20,bathroom,1,2024-05-10_15h50.16.060,image_similarity_rating,2023.2.3,None,2024-05-10 15h50.35.189920 +0200
,119,137,401,401,stimuli/own/bathroom/119_bat.jpg,stimuli/own/bathroom/137_bat.jpg,NaN,NaN,NaN,NaN,NaN,NaN,NaN,NaN,0,101,101,400,2663.756992958,NaN,NaN,NaN,NaN,NaN,NaN,NaN,,NaN,,2664.041110375,2664.206035917,2664.206035917,2664.206035917,2664.206035917,2664.206035917,2664.206035917,2664.206035917,2664.206035917,2664.206035917,2674.280240875,-7,7,2,1,9.85891766700024,2,3.89651045799974,2663.754915958,2663.756992958,2664.206035917,2664.041098167,NaN,NaN,NaN,NaN,,NaN,,2663.751447708,2663.754868125,None,NaN,NaN,,NaN,NaN,NaN,NaN,NaN,NaN,NaN,20,bathroom,1,2024-05-10_15h50.16.060,image_similarity_rating,2023.2.3,None,2024-05-10 15h50.35.189920 +0200
,101,120,15,15,stimuli/own/bathroom/101_bat.jpg,stimuli/own/bathroom/120_bat.jpg,NaN,NaN,NaN,NaN,NaN,NaN,NaN,NaN,0,102,102,14,2674.302628708,NaN,NaN,NaN,NaN,NaN,NaN,NaN,,NaN,,2674.586846167,2674.752671958,2674.752671958,2674.752671958,2674.752671958,2674.752671958,2674.752671958,2674.752671958,2674.752671958,2674.752671958,2683.392276042,7,-7,2,2,8.31167654199999,2,5.20543825000004,2674.284000583,2674.302628708,NaN,2674.58682725,NaN,NaN,NaN,NaN,,NaN,,2674.280460458,2674.283953792,None,NaN,NaN,,NaN,NaN,NaN,NaN,NaN,NaN,NaN,20,bathroom,1,2024-05-10_15h50.16.060,image_similarity_rating,2023.2.3,None,2024-05-10 15h50.35.189920 +0200
,130,141,550,550,stimuli/own/bathroom/130_bat.jpg,stimuli/own/bathroom/141_bat.jpg,NaN,NaN,NaN,NaN,NaN,NaN,NaN,NaN,0,103,103,549,2683.402509583,NaN,NaN,NaN,NaN,NaN,NaN,NaN,,NaN,,2683.686987333,2683.852624625,2683.852624625,2683.852624625,2683.852624625,2683.852624625,2683.852624625,2683.852624625,2683.852624625,2683.852624625,2704.159086792,-7,7,2,3,20.1312173329998,5,14.755816458,2683.395929667,2683.402509583,2683.852624625,2683.686968875,NaN,NaN,NaN,NaN,,NaN,,2683.39249725,2683.395883125,None,NaN,NaN,,NaN,NaN,NaN,NaN,NaN,NaN,NaN,20,bathroom,1,2024-05-10_15h50.16.060,image_similarity_rating,2023.2.3,None,2024-05-10 15h50.35.189920 +0200
,120,126,411,411,stimuli/own/bathroom/120_bat.jpg,stimuli/own/bathroom/126_bat.jpg,NaN,NaN,NaN,NaN,NaN,NaN,NaN,NaN,0,104,104,410,2704.1691065,NaN,NaN,NaN,NaN,NaN,NaN,NaN,,NaN,,2704.453839208,2704.618450833,2704.618450833,2704.618450833,2704.618450833,2704.618450833,2704.618450833,2704.618450833,2704.618450833,2704.618450833,2717.021471792,7,-7,2,2,6.31784941599972,6,2.4460420839996,2704.162760667,2704.1691065,2704.618450833,2704.453826125,NaN,NaN,NaN,NaN,,NaN,,2704.159308,2704.162711458,None,NaN,NaN,,NaN,NaN,NaN,NaN,NaN,NaN,NaN,20,bathroom,1,2024-05-10_15h50.16.060,image_similarity_rating,2023.2.3,None,2024-05-10 15h50.35.189920 +0200
,109,111,190,190,stimuli/own/bathroom/109_bat.jpg,stimuli/own/bathroom/111_bat.jpg,NaN,NaN,NaN,NaN,NaN,NaN,NaN,NaN,0,105,105,189,2717.027146792,NaN,NaN,NaN,NaN,NaN,NaN,NaN,,NaN,,2717.320209917,2717.485862833,2717.485862833,2717.485862833,2717.485862833,2717.485862833,2717.485862833,2717.485862833,2717.485862833,2717.485862833,2727.671279917,-7,7,2,2,9.99622783299992,4,5.83625070900007,2717.025221458,2717.027146792,2717.485862833,2717.320195792,NaN,NaN,NaN,NaN,,NaN,,2717.0216955,2717.025174792,None,NaN,NaN,,NaN,NaN,NaN,NaN,NaN,NaN,NaN,20,bathroom,1,2024-05-10_15h50.16.060,image_similarity_rating,2023.2.3,None,2024-05-10 15h50.35.189920 +0200
,121,122,425,425,stimuli/own/bathroom/121_bat.jpg,stimuli/own/bathroom/122_bat.jpg,NaN,NaN,NaN,NaN,NaN,NaN,NaN,NaN,0,106,106,424,2727.676741042,NaN,NaN,NaN,NaN,NaN,NaN,NaN,,NaN,,2727.971032667,2728.134323417,2728.134323417,2728.134323417,2728.134323417,2728.134323417,2728.134323417,2728.134323417,2728.134323417,2728.134323417,2737.317754667,-7,7,2,2,9.09144600000036,1,7.77725620799993,2727.6749165,2727.676741042,2728.134323417,2727.971019417,NaN,NaN,NaN,NaN,,NaN,,2727.671501208,2727.674867583,None,NaN,NaN,,NaN,NaN,NaN,NaN,NaN,NaN,NaN,20,bathroom,1,2024-05-10_15h50.16.060,image_similarity_rating,2023.2.3,None,2024-05-10 15h50.35.189920 +0200
,119,134,398,398,stimuli/own/bathroom/119_bat.jpg,stimuli/own/bathroom/134_bat.jpg,NaN,NaN,NaN,NaN,NaN,NaN,NaN,NaN,0,107,107,397,2737.323572125,NaN,NaN,NaN,NaN,NaN,NaN,NaN,,NaN,,2737.607873875,2737.778566,2737.778566,2737.778566,2737.778566,2737.778566,2737.778566,2737.778566,2737.778566,2737.778566,2745.430084958,-7,7,2,2,7.4328143329999,1,5.94001008300029,2737.321565833,2737.323572125,2737.778566,2737.607859583,NaN,NaN,NaN,NaN,,NaN,,2737.3180045,2737.321519292,None,NaN,NaN,,NaN,NaN,NaN,NaN,NaN,NaN,NaN,20,bathroom,1,2024-05-10_15h50.16.060,image_similarity_rating,2023.2.3,None,2024-05-10 15h50.35.189920 +0200
,116,127,330,330,stimuli/own/bathroom/116_bat.jpg,stimuli/own/bathroom/127_bat.jpg,NaN,NaN,NaN,NaN,NaN,NaN,NaN,NaN,0,108,108,329,2745.452440292,NaN,NaN,NaN,NaN,NaN,NaN,NaN,,NaN,,2745.736287833,2745.907820875,2745.907820875,2745.907820875,2745.907820875,2745.907820875,2745.907820875,2745.907820875,2745.907820875,2745.907820875,2751.780168875,-7,7,2,3,5.28550025000004,1,2.65309283399984,2745.433710042,2745.452440292,NaN,2745.736261917,NaN,NaN,NaN,NaN,,NaN,,2745.430306375,2745.433663708,None,NaN,NaN,,NaN,NaN,NaN,NaN,NaN,NaN,NaN,20,bathroom,1,2024-05-10_15h50.16.060,image_similarity_rating,2023.2.3,None,2024-05-10 15h50.35.189920 +0200
,105,106,131,131,stimuli/own/bathroom/105_bat.jpg,stimuli/own/bathroom/106_bat.jpg,NaN,NaN,NaN,NaN,NaN,NaN,NaN,NaN,0,109,109,130,2751.802139833,NaN,NaN,NaN,NaN,NaN,NaN,NaN,,NaN,,2752.086401875,2752.252486,2752.252486,2752.252486,2752.252486,2752.252486,2752.252486,2752.252486,2752.252486,2752.252486,2764.017437625,-7,7,2,2,10.9872665830003,3,10.1916007499999,2751.784031625,2751.802139833,NaN,2752.086382167,NaN,NaN,NaN,NaN,,NaN,,2751.780390792,2751.783981875,None,NaN,NaN,,NaN,NaN,NaN,NaN,NaN,NaN,NaN,20,bathroom,1,2024-05-10_15h50.16.060,image_similarity_rating,2023.2.3,None,2024-05-10 15h50.35.189920 +0200
,118,126,372,372,stimuli/own/bathroom/118_bat.jpg,stimuli/own/bathroom/126_bat.jpg,NaN,NaN,NaN,NaN,NaN,NaN,NaN,NaN,0,110,110,371,2764.023387667,NaN,NaN,NaN,NaN,NaN,NaN,NaN,,NaN,,2764.307377958,2764.471024667,2764.471024667,2764.471024667,2764.471024667,2764.471024667,2764.471024667,2764.471024667,2764.471024667,2764.471024667,2773.417506458,7,-7,2,2,8.55589687499969,2,6.86976774999994,2764.021304125,2764.023387667,2764.471024667,2764.307366,NaN,NaN,NaN,NaN,,NaN,,2764.017665417,2764.021257708,None,NaN,NaN,,NaN,NaN,NaN,NaN,NaN,NaN,NaN,20,bathroom,1,2024-05-10_15h50.16.060,image_similarity_rating,2023.2.3,None,2024-05-10 15h50.35.189920 +0200
,117,124,349,349,stimuli/own/bathroom/117_bat.jpg,stimuli/own/bathroom/124_bat.jpg,NaN,NaN,NaN,NaN,NaN,NaN,NaN,NaN,0,111,111,348,2773.423133708,NaN,NaN,NaN,NaN,NaN,NaN,NaN,,NaN,,2773.707030875,2773.87201825,2773.87201825,2773.87201825,2773.87201825,2773.87201825,2773.87201825,2773.87201825,2773.87201825,2773.87201825,2799.934809417,-7,7,2,2,18.2729680839998,2,25.4780632920001,2773.421205,2773.423133708,2773.87201825,2773.7070195,NaN,NaN,NaN,NaN,,NaN,,2773.417760458,2773.421157833,None,NaN,NaN,,NaN,NaN,NaN,NaN,NaN,NaN,NaN,20,bathroom,1,2024-05-10_15h50.16.060,image_similarity_rating,2023.2.3,None,2024-05-10 15h50.35.189920 +0200
,125,131,495,495,stimuli/own/bathroom/125_bat.jpg,stimuli/own/bathroom/131_bat.jpg,NaN,NaN,NaN,NaN,NaN,NaN,NaN,NaN,0,112,112,494,2799.940402958,NaN,NaN,NaN,NaN,NaN,NaN,NaN,,NaN,,2800.223824792,2800.38776775,2800.38776775,2800.38776775,2800.38776775,2800.38776775,2800.38776775,2800.38776775,2800.38776775,2800.38776775,2805.079955375,7,-7,2,2,3.84736770800009,5,4.49304887500011,2799.9386315,2799.940402958,2800.38776775,2800.223813083,NaN,NaN,NaN,NaN,,NaN,,2799.935030292,2799.938584333,None,NaN,NaN,,NaN,NaN,NaN,NaN,NaN,NaN,NaN,20,bathroom,1,2024-05-10_15h50.16.060,image_similarity_rating,2023.2.3,None,2024-05-10 15h50.35.189920 +0200
,116,121,324,324,stimuli/own/bathroom/116_bat.jpg,stimuli/own/bathroom/121_bat.jpg,NaN,NaN,NaN,NaN,NaN,NaN,NaN,NaN,0,113,113,323,2805.102036625,NaN,NaN,NaN,NaN,NaN,NaN,NaN,,NaN,,2805.386059542,2805.553656583,2805.553656583,2805.553656583,2805.553656583,2805.553656583,2805.553656583,2805.553656583,2805.553656583,2805.553656583,2809.429541625,-7,7,2,2,3.63749595800027,3,2.85785004099989,2805.083598792,2805.102036625,NaN,2805.38604175,NaN,NaN,NaN,NaN,,NaN,,2805.080177042,2805.083551458,None,NaN,NaN,,NaN,NaN,NaN,NaN,NaN,NaN,NaN,20,bathroom,1,2024-05-10_15h50.16.060,image_similarity_rating,2023.2.3,None,2024-05-10 15h50.35.189920 +0200
,126,140,516,516,stimuli/own/bathroom/126_bat.jpg,stimuli/own/bathroom/140_bat.jpg,NaN,NaN,NaN,NaN,NaN,NaN,NaN,NaN,0,114,114,515,2809.434974125,NaN,NaN,NaN,NaN,NaN,NaN,NaN,,NaN,,2809.719916583,2809.888792708,2809.888792708,2809.888792708,2809.888792708,2809.888792708,2809.888792708,2809.888792708,2809.888792708,2809.888792708,2823.2710305,-7,7,2,2,13.2322361669999,3,9.90786554199985,2809.433191833,2809.434974125,2809.888792708,2809.719887625,NaN,NaN,NaN,NaN,,NaN,,2809.429766458,2809.433145208,None,NaN,NaN,,NaN,NaN,NaN,NaN,NaN,NaN,NaN,20,bathroom,1,2024-05-10_15h50.16.060,image_similarity_rating,2023.2.3,None,2024-05-10 15h50.35.189920 +0200
,124,135,484,484,stimuli/own/bathroom/124_bat.jpg,stimuli/own/bathroom/135_bat.jpg,NaN,NaN,NaN,NaN,NaN,NaN,NaN,NaN,0,115,115,483,2823.276472625,NaN,NaN,NaN,NaN,NaN,NaN,NaN,,NaN,,2823.569862875,2823.742040042,2823.742040042,2823.742040042,2823.742040042,2823.742040042,2823.742040042,2823.742040042,2823.742040042,2823.742040042,2829.859368458,7,-7,2,2,5.9920888329998,1,5.22220554199976,2823.274676792,2823.276472625,2823.742040042,2823.569845625,NaN,NaN,NaN,NaN,,NaN,,2823.271249958,2823.274630083,None,NaN,NaN,,NaN,NaN,NaN,NaN,NaN,NaN,NaN,20,bathroom,1,2024-05-10_15h50.16.060,image_similarity_rating,2023.2.3,None,2024-05-10 15h50.35.189920 +0200
,119,127,393,393,stimuli/own/bathroom/119_bat.jpg,stimuli/own/bathroom/127_bat.jpg,NaN,NaN,NaN,NaN,NaN,NaN,NaN,NaN,0,116,116,392,2829.868674583,NaN,NaN,NaN,NaN,NaN,NaN,NaN,,NaN,,2830.153145375,2830.319105625,2830.319105625,2830.319105625,2830.319105625,2830.319105625,2830.319105625,2830.319105625,2830.319105625,2830.319105625,2833.667298917,-7,7,2,3,3.23377524999978,1,2.43298137500005,2829.862998542,2829.868674583,2830.319105625,2830.15313075,NaN,NaN,NaN,NaN,,NaN,,2829.859591917,2829.862952,None,NaN,NaN,,NaN,NaN,NaN,NaN,NaN,NaN,NaN,20,bathroom,1,2024-05-10_15h50.16.060,image_similarity_rating,2023.2.3,None,2024-05-10 15h50.35.189920 +0200
,123,135,469,469,stimuli/own/bathroom/123_bat.jpg,stimuli/own/bathroom/135_bat.jpg,NaN,NaN,NaN,NaN,NaN,NaN,NaN,NaN,0,117,117,468,2833.67299125,NaN,NaN,NaN,NaN,NaN,NaN,NaN,,NaN,,2833.957115583,2834.122713917,2834.122713917,2834.122713917,2834.122713917,2834.122713917,2834.122713917,2834.122713917,2834.122713917,2834.122713917,2842.213219542,7,-7,2,2,7.9635283749999,4,5.46014529100012,2833.671072042,2833.67299125,2834.122713917,2833.9571035,NaN,NaN,NaN,NaN,,NaN,,2833.667534625,2833.6710255,None,NaN,NaN,,NaN,NaN,NaN,NaN,NaN,NaN,NaN,20,bathroom,1,2024-05-10_15h50.16.060,image_similarity_rating,2023.2.3,None,2024-05-10 15h50.35.189920 +0200
,117,134,357,357,stimuli/own/bathroom/117_bat.jpg,stimuli/own/bathroom/134_bat.jpg,NaN,NaN,NaN,NaN,NaN,NaN,NaN,NaN,0,118,118,356,2842.235230083,NaN,NaN,NaN,NaN,NaN,NaN,NaN,,NaN,,2842.519261875,2842.685517583,2842.685517583,2842.685517583,2842.685517583,2842.685517583,2842.685517583,2842.685517583,2842.685517583,2842.685517583,2846.892981917,-7,7,2,3,4.04266762499992,3,3.26067974999978,2842.21685025,2842.235230083,NaN,2842.519236375,NaN,NaN,NaN,NaN,,NaN,,2842.213438917,2842.216803625,None,NaN,NaN,,NaN,NaN,NaN,NaN,NaN,NaN,NaN,20,bathroom,1,2024-05-10_15h50.16.060,image_similarity_rating,2023.2.3,None,2024-05-10 15h50.35.189920 +0200
,102,113,42,42,stimuli/own/bathroom/102_bat.jpg,stimuli/own/bathroom/113_bat.jpg,NaN,NaN,NaN,NaN,NaN,NaN,NaN,NaN,0,119,119,41,2846.902237667,NaN,NaN,NaN,NaN,NaN,NaN,NaN,,NaN,,2847.1864585,2847.354484958,2847.354484958,2847.354484958,2847.354484958,2847.354484958,2847.354484958,2847.354484958,2847.354484958,2847.354484958,2850.837661875,7,-7,2,2,3.34456524999996,3,1.98657966699966,2846.896724625,2846.902237667,2847.354484958,2847.186441958,NaN,NaN,NaN,NaN,,NaN,,2846.893200875,2846.89667825,None,NaN,NaN,,NaN,NaN,NaN,NaN,NaN,NaN,NaN,20,bathroom,1,2024-05-10_15h50.16.060,image_similarity_rating,2023.2.3,None,2024-05-10 15h50.35.189920 +0200
,129,138,537,537,stimuli/own/bathroom/129_bat.jpg,stimuli/own/bathroom/138_bat.jpg,NaN,NaN,NaN,NaN,NaN,NaN,NaN,NaN,0,120,120,536,2850.843232875,NaN,NaN,NaN,NaN,NaN,NaN,NaN,,NaN,,2851.136518167,2851.29996775,2851.29996775,2851.29996775,2851.29996775,2851.29996775,2851.29996775,2851.29996775,2851.29996775,2851.29996775,2866.991914375,7,-7,2,2,15.2772989590003,2,4.15420183400011,2850.841295458,2850.843232875,2851.29996775,2851.136501708,NaN,NaN,NaN,NaN,,NaN,,2850.837882,2850.841248625,None,NaN,NaN,,NaN,NaN,NaN,NaN,NaN,NaN,NaN,20,bathroom,1,2024-05-10_15h50.16.060,image_similarity_rating,2023.2.3,None,2024-05-10 15h50.35.189920 +0200
,103,114,75,75,stimuli/own/bathroom/103_bat.jpg,stimuli/own/bathroom/114_bat.jpg,NaN,NaN,NaN,NaN,NaN,NaN,NaN,NaN,0,121,121,74,2867.001965292,NaN,NaN,NaN,NaN,NaN,NaN,NaN,,NaN,,2867.286400667,2867.451293292,2867.451293292,2867.451293292,2867.451293292,2867.451293292,2867.451293292,2867.451293292,2867.451293292,2867.451293292,2876.879838667,7,-7,2,3,9.15061516600008,2,8.16181012499965,2866.995679458,2867.001965292,2867.451293292,2867.286386042,NaN,NaN,NaN,NaN,,NaN,,2866.992136667,2866.995632167,None,NaN,NaN,,NaN,NaN,NaN,NaN,NaN,NaN,NaN,20,bathroom,1,2024-05-10_15h50.16.060,image_similarity_rating,2023.2.3,None,2024-05-10 15h50.35.189920 +0200
,104,134,123,123,stimuli/own/bathroom/104_bat.jpg,stimuli/own/bathroom/134_bat.jpg,NaN,NaN,NaN,NaN,NaN,NaN,NaN,NaN,0,122,122,122,2876.901992792,NaN,NaN,NaN,NaN,NaN,NaN,NaN,,NaN,,2877.185955125,2877.352781875,2877.352781875,2877.352781875,2877.352781875,2877.352781875,2877.352781875,2877.352781875,2877.352781875,2877.352781875,2885.729588208,-7,7,2,2,8.28545662499982,3,7.25101724999968,2876.8834885,2876.901992792,NaN,2877.185935583,NaN,NaN,NaN,NaN,,NaN,,2876.880059833,2876.883440833,None,NaN,NaN,,NaN,NaN,NaN,NaN,NaN,NaN,NaN,20,bathroom,1,2024-05-10_15h50.16.060,image_similarity_rating,2023.2.3,None,2024-05-10 15h50.35.189920 +0200
,117,131,355,355,stimuli/own/bathroom/117_bat.jpg,stimuli/own/bathroom/131_bat.jpg,NaN,NaN,NaN,NaN,NaN,NaN,NaN,NaN,0,123,123,354,2885.73500825,NaN,NaN,NaN,NaN,NaN,NaN,NaN,,NaN,,2886.01967875,2886.184480792,2886.184480792,2886.184480792,2886.184480792,2886.184480792,2886.184480792,2886.184480792,2886.184480792,2886.184480792,2892.029084667,7,-7,2,2,5.24195512499955,1,3.53896233299929,2885.733227375,2885.73500825,2886.184480792,2886.019665667,NaN,NaN,NaN,NaN,,NaN,,2885.729809042,2885.733180625,None,NaN,NaN,,NaN,NaN,NaN,NaN,NaN,NaN,NaN,20,bathroom,1,2024-05-10_15h50.16.060,image_similarity_rating,2023.2.3,None,2024-05-10 15h50.35.189920 +0200
,119,120,386,386,stimuli/own/bathroom/119_bat.jpg,stimuli/own/bathroom/120_bat.jpg,NaN,NaN,NaN,NaN,NaN,NaN,NaN,NaN,0,124,124,385,2892.034697708,NaN,NaN,NaN,NaN,NaN,NaN,NaN,,NaN,,2892.319772458,2892.48404625,2892.48404625,2892.48404625,2892.48404625,2892.48404625,2892.48404625,2892.48404625,2892.48404625,2892.48404625,2897.32965075,7,-7,2,2,4.73110825000003,1,2.43409799999972,2892.03273075,2892.034697708,2892.48404625,2892.3197565,NaN,NaN,NaN,NaN,,NaN,,2892.029308417,2892.032684083,None,NaN,NaN,,NaN,NaN,NaN,NaN,NaN,NaN,NaN,20,bathroom,1,2024-05-10_15h50.16.060,image_similarity_rating,2023.2.3,None,2024-05-10 15h50.35.189920 +0200
,119,122,388,388,stimuli/own/bathroom/119_bat.jpg,stimuli/own/bathroom/122_bat.jpg,NaN,NaN,NaN,NaN,NaN,NaN,NaN,NaN,0,125,125,387,2897.351699875,NaN,NaN,NaN,NaN,NaN,NaN,NaN,,NaN,,2897.635911875,2897.806821625,2897.806821625,2897.806821625,2897.806821625,2897.806821625,2897.806821625,2897.806821625,2897.806821625,2897.806821625,2906.533625167,-7,7,2,2,7.88782241599984,1,4.75360720800018,2897.333286458,2897.351699875,NaN,2897.635890875,NaN,NaN,NaN,NaN,,NaN,,2897.329869167,2897.333239667,None,NaN,NaN,,NaN,NaN,NaN,NaN,NaN,NaN,NaN,20,bathroom,1,2024-05-10_15h50.16.060,image_similarity_rating,2023.2.3,None,2024-05-10 15h50.35.189920 +0200
,112,132,262,610,stimuli/own/bathroom/112_bat.jpg,stimuli/own/bathroom/132_bat.jpg,NaN,NaN,NaN,NaN,NaN,NaN,NaN,NaN,0,126,126,609,2906.539554125,NaN,NaN,NaN,NaN,NaN,NaN,NaN,,NaN,,2979.169328458,2979.336754333,2979.336754333,2979.336754333,2979.336754333,2979.336754333,2979.336754333,2979.336754333,2979.336754333,2979.336754333,2998.421087833,7,-7,3,2,19.0020427079999,2,13.2937014159997,2978.872386542,2978.876404833,2979.336754333,2979.169313917,NaN,NaN,NaN,NaN,,NaN,,2906.533850917,2978.87170025,space,2906.539554125,72.3318817499994,None,NaN,NaN,NaN,NaN,NaN,NaN,NaN,20,bathroom,1,2024-05-10_15h50.16.060,image_similarity_rating,2023.2.3,None,2024-05-10 15h50.35.189920 +0200
,113,125,281,281,stimuli/own/bathroom/113_bat.jpg,stimuli/own/bathroom/125_bat.jpg,NaN,NaN,NaN,NaN,NaN,NaN,NaN,NaN,0,127,127,280,2998.42736275,NaN,NaN,NaN,NaN,NaN,NaN,NaN,,NaN,,2998.719545667,2998.88308675,2998.88308675,2998.88308675,2998.88308675,2998.88308675,2998.88308675,2998.88308675,2998.88308675,2998.88308675,3011.162814792,-7,7,3,2,7.19311537500016,1,12.1449760830001,2998.425426458,2998.42736275,2998.88308675,2998.719532917,NaN,NaN,NaN,NaN,,NaN,,2998.421311833,2998.425378583,None,NaN,NaN,,NaN,NaN,NaN,NaN,NaN,NaN,NaN,20,bathroom,1,2024-05-10_15h50.16.060,image_similarity_rating,2023.2.3,None,2024-05-10 15h50.35.189920 +0200
,114,127,307,307,stimuli/own/bathroom/114_bat.jpg,stimuli/own/bathroom/127_bat.jpg,NaN,NaN,NaN,NaN,NaN,NaN,NaN,NaN,0,128,128,306,3011.185008125,NaN,NaN,NaN,NaN,NaN,NaN,NaN,,NaN,,3011.46897375,3011.632737958,3011.632737958,3011.632737958,3011.632737958,3011.632737958,3011.632737958,3011.632737958,3011.632737958,3011.632737958,3024.620280042,7,-7,3,2,12.7855421250006,6,9.56081141699997,3011.166466167,3011.185008125,NaN,3011.468961292,NaN,NaN,NaN,NaN,,NaN,,3011.163037875,3011.16642,None,NaN,NaN,,NaN,NaN,NaN,NaN,NaN,NaN,NaN,20,bathroom,1,2024-05-10_15h50.16.060,image_similarity_rating,2023.2.3,None,2024-05-10 15h50.35.189920 +0200
,125,138,501,501,stimuli/own/bathroom/125_bat.jpg,stimuli/own/bathroom/138_bat.jpg,NaN,NaN,NaN,NaN,NaN,NaN,NaN,NaN,0,129,129,500,3024.625687958,NaN,NaN,NaN,NaN,NaN,NaN,NaN,,NaN,,3024.919755125,3025.083748625,3025.083748625,3025.083748625,3025.083748625,3025.083748625,3025.083748625,3025.083748625,3025.083748625,3025.083748625,3030.129374083,-7,7,3,2,3.99272508299964,6,2.54328441600046,3024.623929,3024.625687958,3025.083748625,3024.919743083,NaN,NaN,NaN,NaN,,NaN,,3024.62050025,3024.623882625,None,NaN,NaN,,NaN,NaN,NaN,NaN,NaN,NaN,NaN,20,bathroom,1,2024-05-10_15h50.16.060,image_similarity_rating,2023.2.3,None,2024-05-10 15h50.35.189920 +0200
,127,134,522,522,stimuli/own/bathroom/127_bat.jpg,stimuli/own/bathroom/134_bat.jpg,NaN,NaN,NaN,NaN,NaN,NaN,NaN,NaN,0,130,130,521,3030.15152375,NaN,NaN,NaN,NaN,NaN,NaN,NaN,,NaN,,3030.435333,3030.599847458,3030.599847458,3030.599847458,3030.599847458,3030.599847458,3030.599847458,3030.599847458,3030.599847458,3030.599847458,3041.17456875,7,-7,3,3,10.4876233750001,6,4.07145508299982,3030.13303475,3030.15152375,NaN,3030.435307792,NaN,NaN,NaN,NaN,,NaN,,3030.129596417,3030.132987667,None,NaN,NaN,,NaN,NaN,NaN,NaN,NaN,NaN,NaN,20,bathroom,1,2024-05-10_15h50.16.060,image_similarity_rating,2023.2.3,None,2024-05-10 15h50.35.189920 +0200
,105,129,149,149,stimuli/own/bathroom/105_bat.jpg,stimuli/own/bathroom/129_bat.jpg,NaN,NaN,NaN,NaN,NaN,NaN,NaN,NaN,0,131,131,148,3041.18496275,NaN,NaN,NaN,NaN,NaN,NaN,NaN,,NaN,,3041.469042667,3041.640950083,3041.640950083,3041.640950083,3041.640950083,3041.640950083,3041.640950083,3041.640950083,3041.640950083,3041.640950083,3046.383486458,-7,7,3,3,4.6453375000001,1,3.71433741700002,3041.17823225,3041.18496275,3041.640950083,3041.469023208,NaN,NaN,NaN,NaN,,NaN,,3041.17478875,3041.178185458,None,NaN,NaN,,NaN,NaN,NaN,NaN,NaN,NaN,NaN,20,bathroom,1,2024-05-10_15h50.16.060,image_similarity_rating,2023.2.3,None,2024-05-10 15h50.35.189920 +0200
,102,118,46,46,stimuli/own/bathroom/102_bat.jpg,stimuli/own/bathroom/118_bat.jpg,NaN,NaN,NaN,NaN,NaN,NaN,NaN,NaN,0,132,132,45,3046.389111458,NaN,NaN,NaN,NaN,NaN,NaN,NaN,,NaN,,3046.673418167,3046.8422415,3046.8422415,3046.8422415,3046.8422415,3046.8422415,3046.8422415,3046.8422415,3046.8422415,3046.8422415,3053.395654583,-7,7,3,2,5.54193687499992,1,4.2067292089996,3046.387175,3046.389111458,3046.8422415,3046.673403917,NaN,NaN,NaN,NaN,,NaN,,3046.38372575,3046.387128083,None,NaN,NaN,,NaN,NaN,NaN,NaN,NaN,NaN,NaN,20,bathroom,1,2024-05-10_15h50.16.060,image_similarity_rating,2023.2.3,None,2024-05-10 15h50.35.189920 +0200
,132,136,562,562,stimuli/own/bathroom/132_bat.jpg,stimuli/own/bathroom/136_bat.jpg,NaN,NaN,NaN,NaN,NaN,NaN,NaN,NaN,0,133,133,561,3053.417891708,NaN,NaN,NaN,NaN,NaN,NaN,NaN,,NaN,,3053.701983958,3053.870441,3053.870441,3053.870441,3053.870441,3053.870441,3053.870441,3053.870441,3053.870441,3053.870441,3061.086869125,7,-7,3,3,7.11601466699994,6,5.52314783399925,3053.39932075,3053.417891708,NaN,3053.701959083,NaN,NaN,NaN,NaN,,NaN,,3053.395875333,3053.3992745,None,NaN,NaN,,NaN,NaN,NaN,NaN,NaN,NaN,NaN,20,bathroom,1,2024-05-10_15h50.16.060,image_similarity_rating,2023.2.3,None,2024-05-10 15h50.35.189920 +0200
,126,135,511,511,stimuli/own/bathroom/126_bat.jpg,stimuli/own/bathroom/135_bat.jpg,NaN,NaN,NaN,NaN,NaN,NaN,NaN,NaN,0,134,134,510,3061.092577625,NaN,NaN,NaN,NaN,NaN,NaN,NaN,,NaN,,3061.385666208,3061.54866375,3061.54866375,3061.54866375,3061.54866375,3061.54866375,3061.54866375,3061.54866375,3061.54866375,3061.54866375,3071.757748958,7,-7,3,2,6.2181626670008,2,3.92777070899956,3061.090653667,3061.092577625,3061.54866375,3061.38565325,NaN,NaN,NaN,NaN,,NaN,,3061.087105667,3061.090607042,None,NaN,NaN,,NaN,NaN,NaN,NaN,NaN,NaN,NaN,20,bathroom,1,2024-05-10_15h50.16.060,image_similarity_rating,2023.2.3,None,2024-05-10 15h50.35.189920 +0200
,117,138,361,361,stimuli/own/bathroom/117_bat.jpg,stimuli/own/bathroom/138_bat.jpg,NaN,NaN,NaN,NaN,NaN,NaN,NaN,NaN,0,135,135,360,3071.767914583,NaN,NaN,NaN,NaN,NaN,NaN,NaN,,NaN,,3072.05230325,3072.221470417,3072.221470417,3072.221470417,3072.221470417,3072.221470417,3072.221470417,3072.221470417,3072.221470417,3072.221470417,3078.212336083,-7,7,3,2,5.96478583299995,1,4.7745637500002,3071.761414542,3071.767914583,3072.221470417,3072.052287125,NaN,NaN,NaN,NaN,,NaN,,3071.757972708,3071.761367833,None,NaN,NaN,,NaN,NaN,NaN,NaN,NaN,NaN,NaN,20,bathroom,1,2024-05-10_15h50.16.060,image_similarity_rating,2023.2.3,None,2024-05-10 15h50.35.189920 +0200
,118,131,376,376,stimuli/own/bathroom/118_bat.jpg,stimuli/own/bathroom/131_bat.jpg,NaN,NaN,NaN,NaN,NaN,NaN,NaN,NaN,0,136,136,375,3078.234786708,NaN,NaN,NaN,NaN,NaN,NaN,NaN,,NaN,,3078.518718417,3078.684580417,3078.684580417,3078.684580417,3078.684580417,3078.684580417,3078.684580417,3078.684580417,3078.684580417,3078.684580417,3083.241176,7,-7,3,2,4.41793512500044,1,3.16306183399956,3078.215987667,3078.234786708,NaN,3078.518697875,NaN,NaN,NaN,NaN,,NaN,,3078.212559667,3078.215939458,None,NaN,NaN,,NaN,NaN,NaN,NaN,NaN,NaN,NaN,20,bathroom,1,2024-05-10_15h50.16.060,image_similarity_rating,2023.2.3,None,2024-05-10 15h50.35.189920 +0200
,118,122,368,368,stimuli/own/bathroom/118_bat.jpg,stimuli/own/bathroom/122_bat.jpg,NaN,NaN,NaN,NaN,NaN,NaN,NaN,NaN,0,137,137,367,3083.251255208,NaN,NaN,NaN,NaN,NaN,NaN,NaN,,NaN,,3083.535767042,3083.702666917,3083.702666917,3083.702666917,3083.702666917,3083.702666917,3083.702666917,3083.702666917,3083.702666917,3083.702666917,3088.583251958,7,-7,3,2,4.77227745800064,1,4.08120012499967,3083.244926208,3083.251255208,3083.702666917,3083.535749708,NaN,NaN,NaN,NaN,,NaN,,3083.241393958,3083.244879958,None,NaN,NaN,,NaN,NaN,NaN,NaN,NaN,NaN,NaN,20,bathroom,1,2024-05-10_15h50.16.060,image_similarity_rating,2023.2.3,None,2024-05-10 15h50.35.189920 +0200
,125,137,500,500,stimuli/own/bathroom/125_bat.jpg,stimuli/own/bathroom/137_bat.jpg,NaN,NaN,NaN,NaN,NaN,NaN,NaN,NaN,0,138,138,499,3088.588871,NaN,NaN,NaN,NaN,NaN,NaN,NaN,,NaN,,3088.873025417,3089.037530667,3089.037530667,3089.037530667,3089.037530667,3089.037530667,3089.037530667,3089.037530667,3089.037530667,3089.037530667,3093.199620208,-7,7,3,2,4.02009554199958,5,2.87195675000021,3088.586922667,3088.588871,3089.037530667,3088.87300925,NaN,NaN,NaN,NaN,,NaN,,3088.583494458,3088.586876042,None,NaN,NaN,,NaN,NaN,NaN,NaN,NaN,NaN,NaN,20,bathroom,1,2024-05-10_15h50.16.060,image_similarity_rating,2023.2.3,None,2024-05-10 15h50.35.189920 +0200
,131,139,557,557,stimuli/own/bathroom/131_bat.jpg,stimuli/own/bathroom/139_bat.jpg,NaN,NaN,NaN,NaN,NaN,NaN,NaN,NaN,0,139,139,556,3093.2052465,NaN,NaN,NaN,NaN,NaN,NaN,NaN,,NaN,,3093.489461583,3093.655022083,3093.655022083,3093.655022083,3093.655022083,3093.655022083,3093.655022083,3093.655022083,3093.655022083,3093.655022083,3101.899958667,7,-7,3,1,8.19204466700012,2,3.9954155839996,3093.20331225,3093.2052465,3093.655022083,3093.489449542,NaN,NaN,NaN,NaN,,NaN,,3093.199837792,3093.203265542,None,NaN,NaN,,NaN,NaN,NaN,NaN,NaN,NaN,NaN,20,bathroom,1,2024-05-10_15h50.16.060,image_similarity_rating,2023.2.3,None,2024-05-10 15h50.35.189920 +0200
,129,131,531,531,stimuli/own/bathroom/129_bat.jpg,stimuli/own/bathroom/131_bat.jpg,NaN,NaN,NaN,NaN,NaN,NaN,NaN,NaN,0,140,140,530,3101.905436792,NaN,NaN,NaN,NaN,NaN,NaN,NaN,,NaN,,3102.189569458,3102.354472917,3102.354472917,3102.354472917,3102.354472917,3102.354472917,3102.354472917,3102.354472917,3102.354472917,3102.354472917,3108.611609667,7,-7,3,1,6.15664620899952,1,3.46645912500026,3101.90367175,3101.905436792,3102.354472917,3102.189556875,NaN,NaN,NaN,NaN,,NaN,,3101.900205917,3101.903625875,None,NaN,NaN,,NaN,NaN,NaN,NaN,NaN,NaN,NaN,20,bathroom,1,2024-05-10_15h50.16.060,image_similarity_rating,2023.2.3,None,2024-05-10 15h50.35.189920 +0200
,124,131,481,481,stimuli/own/bathroom/124_bat.jpg,stimuli/own/bathroom/131_bat.jpg,NaN,NaN,NaN,NaN,NaN,NaN,NaN,NaN,0,141,141,480,3108.617386875,NaN,NaN,NaN,NaN,NaN,NaN,NaN,,NaN,,3108.902212833,3109.065699708,3109.065699708,3109.065699708,3109.065699708,3109.065699708,3109.065699708,3109.065699708,3109.065699708,3109.065699708,3115.736793333,7,-7,3,1,3.1490168750006,1,2.08540666699992,3108.615265792,3108.617386875,3109.065699708,3108.90220275,NaN,NaN,NaN,NaN,,NaN,,3108.611833042,3108.615218792,None,NaN,NaN,,NaN,NaN,NaN,NaN,NaN,NaN,NaN,20,bathroom,1,2024-05-10_15h50.16.060,image_similarity_rating,2023.2.3,None,2024-05-10 15h50.35.189920 +0200
,112,129,259,259,stimuli/own/bathroom/112_bat.jpg,stimuli/own/bathroom/129_bat.jpg,NaN,NaN,NaN,NaN,NaN,NaN,NaN,NaN,0,142,142,258,3115.742249417,NaN,NaN,NaN,NaN,NaN,NaN,NaN,,NaN,,3116.035603583,3116.208043875,3116.208043875,3116.208043875,3116.208043875,3116.208043875,3116.208043875,3116.208043875,3116.208043875,3116.208043875,3127.366259625,7,-7,3,3,10.6850984170005,6,2.69766804099982,3115.740448917,3115.742249417,3116.208043875,3116.035587667,NaN,NaN,NaN,NaN,,NaN,,3115.73701525,3115.740402083,None,NaN,NaN,,NaN,NaN,NaN,NaN,NaN,NaN,NaN,20,bathroom,1,2024-05-10_15h50.16.060,image_similarity_rating,2023.2.3,None,2024-05-10 15h50.35.189920 +0200
,136,139,583,600,stimuli/own/bathroom/136_bat.jpg,stimuli/own/bathroom/139_bat.jpg,NaN,NaN,NaN,NaN,NaN,NaN,NaN,NaN,0,143,143,599,3127.371909958,NaN,NaN,NaN,NaN,NaN,NaN,NaN,,NaN,,3127.656270542,3127.823708,3127.823708,3127.823708,3127.823708,3127.823708,3127.823708,3127.823708,3127.823708,3127.823708,3133.070093167,7,-7,3,2,5.13386837500002,5,3.31069649999972,3127.369978708,3127.371909958,3127.823708,3127.656257,NaN,NaN,NaN,NaN,,NaN,,3127.366486917,3127.369931875,None,NaN,NaN,,NaN,NaN,NaN,NaN,NaN,NaN,NaN,20,bathroom,1,2024-05-10_15h50.16.060,image_similarity_rating,2023.2.3,None,2024-05-10 15h50.35.189920 +0200
,123,132,467,467,stimuli/own/bathroom/123_bat.jpg,stimuli/own/bathroom/132_bat.jpg,NaN,NaN,NaN,NaN,NaN,NaN,NaN,NaN,0,144,144,466,3133.0758355,NaN,NaN,NaN,NaN,NaN,NaN,NaN,,NaN,,3133.368911708,3133.536790125,3133.536790125,3133.536790125,3133.536790125,3133.536790125,3133.536790125,3133.536790125,3133.536790125,3133.536790125,3148.932752125,7,-7,3,2,5.29180774999986,3,12.2325934999999,3133.073732208,3133.0758355,3133.536790125,3133.368887917,NaN,NaN,NaN,NaN,,NaN,,3133.070313375,3133.073683625,None,NaN,NaN,,NaN,NaN,NaN,NaN,NaN,NaN,NaN,20,bathroom,1,2024-05-10_15h50.16.060,image_similarity_rating,2023.2.3,None,2024-05-10 15h50.35.189920 +0200
,105,124,145,145,stimuli/own/bathroom/105_bat.jpg,stimuli/own/bathroom/124_bat.jpg,NaN,NaN,NaN,NaN,NaN,NaN,NaN,NaN,0,145,145,144,3148.938400792,NaN,NaN,NaN,NaN,NaN,NaN,NaN,,NaN,,3149.222813458,3149.388615,3149.388615,3149.388615,3149.388615,3149.388615,3149.388615,3149.388615,3149.388615,3149.388615,3153.62826575,7,-7,3,2,4.07443670800058,1,2.26766558300005,3148.9364615,3148.938400792,3149.388615,3149.2228015,NaN,NaN,NaN,NaN,,NaN,,3148.932976833,3148.936415167,None,NaN,NaN,,NaN,NaN,NaN,NaN,NaN,NaN,NaN,20,bathroom,1,2024-05-10_15h50.16.060,image_similarity_rating,2023.2.3,None,2024-05-10 15h50.35.189920 +0200
,131,134,552,552,stimuli/own/bathroom/131_bat.jpg,stimuli/own/bathroom/134_bat.jpg,NaN,NaN,NaN,NaN,NaN,NaN,NaN,NaN,0,146,146,551,3153.633788917,NaN,NaN,NaN,NaN,NaN,NaN,NaN,,NaN,,3153.919457958,3154.081469792,3154.081469792,3154.081469792,3154.081469792,3154.081469792,3154.081469792,3154.081469792,3154.081469792,3154.081469792,3160.707267667,-7,7,3,2,6.50842254199961,1,5.19790100000046,3153.631907208,3153.633788917,3154.081469792,3153.919444083,NaN,NaN,NaN,NaN,,NaN,,3153.628488708,3153.631860875,None,NaN,NaN,,NaN,NaN,NaN,NaN,NaN,NaN,NaN,20,bathroom,1,2024-05-10_15h50.16.060,image_similarity_rating,2023.2.3,None,2024-05-10 15h50.35.189920 +0200
,106,123,173,173,stimuli/own/bathroom/106_bat.jpg,stimuli/own/bathroom/123_bat.jpg,NaN,NaN,NaN,NaN,NaN,NaN,NaN,NaN,0,147,147,172,3160.717611292,NaN,NaN,NaN,NaN,NaN,NaN,NaN,,NaN,,3161.002164792,3161.169109875,3161.169109875,3161.169109875,3161.169109875,3161.169109875,3161.169109875,3161.169109875,3161.169109875,3161.169109875,3170.790846667,7,-7,3,1,8.66993612500028,2,5.89002370800063,3160.7109185,3160.717611292,3161.169109875,3161.002148375,NaN,NaN,NaN,NaN,,NaN,,3160.707487542,3160.710869833,None,NaN,NaN,,NaN,NaN,NaN,NaN,NaN,NaN,NaN,20,bathroom,1,2024-05-10_15h50.16.060,image_similarity_rating,2023.2.3,None,2024-05-10 15h50.35.189920 +0200
,125,140,503,503,stimuli/own/bathroom/125_bat.jpg,stimuli/own/bathroom/140_bat.jpg,NaN,NaN,NaN,NaN,NaN,NaN,NaN,NaN,0,148,148,502,3170.801182542,NaN,NaN,NaN,NaN,NaN,NaN,NaN,,NaN,,3171.08538925,3171.253442333,3171.253442333,3171.253442333,3171.253442333,3171.253442333,3171.253442333,3171.253442333,3171.253442333,3171.253442333,3182.332742292,-7,7,3,3,10.0035951250002,2,7.75804299999982,3170.794492042,3170.801182542,3171.253442333,3171.085372583,NaN,NaN,NaN,NaN,,NaN,,3170.791067792,3170.794445292,None,NaN,NaN,,NaN,NaN,NaN,NaN,NaN,NaN,NaN,20,bathroom,1,2024-05-10_15h50.16.060,image_similarity_rating,2023.2.3,None,2024-05-10 15h50.35.189920 +0200
,105,117,138,598,stimuli/own/bathroom/105_bat.jpg,stimuli/own/bathroom/117_bat.jpg,NaN,NaN,NaN,NaN,NaN,NaN,NaN,NaN,0,149,149,597,3182.338486167,NaN,NaN,NaN,NaN,NaN,NaN,NaN,,NaN,,3182.623054542,3182.790648333,3182.790648333,3182.790648333,3182.790648333,3182.790648333,3182.790648333,3182.790648333,3182.790648333,3182.790648333,3189.199578333,7,-7,3,1,4.69123241699981,2,5.70285833299931,3182.336549125,3182.338486167,3182.790648333,3182.6230405,NaN,NaN,NaN,NaN,,NaN,,3182.3329665,3182.336502,None,NaN,NaN,,NaN,NaN,NaN,NaN,NaN,NaN,NaN,20,bathroom,1,2024-05-10_15h50.16.060,image_similarity_rating,2023.2.3,None,2024-05-10 15h50.35.189920 +0200
,122,135,453,453,stimuli/own/bathroom/122_bat.jpg,stimuli/own/bathroom/135_bat.jpg,NaN,NaN,NaN,NaN,NaN,NaN,NaN,NaN,0,150,150,452,3189.205216833,NaN,NaN,NaN,NaN,NaN,NaN,NaN,,NaN,,3189.4902325,3189.659555458,3189.659555458,3189.659555458,3189.659555458,3189.659555458,3189.659555458,3189.659555458,3189.659555458,3189.659555458,3196.907365958,-7,7,3,2,5.11758008299967,2,5.99980854099977,3189.203280375,3189.205216833,3189.659555458,3189.490218083,NaN,NaN,NaN,NaN,,NaN,,3189.199822708,3189.203233333,None,NaN,NaN,,NaN,NaN,NaN,NaN,NaN,NaN,NaN,20,bathroom,1,2024-05-10_15h50.16.060,image_similarity_rating,2023.2.3,None,2024-05-10 15h50.35.189920 +0200
,101,117,12,12,stimuli/own/bathroom/101_bat.jpg,stimuli/own/bathroom/117_bat.jpg,NaN,NaN,NaN,NaN,NaN,NaN,NaN,NaN,0,151,151,11,3196.917185,NaN,NaN,NaN,NaN,NaN,NaN,NaN,,NaN,,3197.2019085,3197.369616125,3197.369616125,3197.369616125,3197.369616125,3197.369616125,3197.369616125,3197.369616125,3197.369616125,3197.369616125,3203.816076625,-7,7,3,1,5.39572866700018,2,6.33539674999975,3196.911133792,3196.917185,3197.369616125,3197.201893125,NaN,NaN,NaN,NaN,,NaN,,3196.907586792,3196.911087375,None,NaN,NaN,,NaN,NaN,NaN,NaN,NaN,NaN,NaN,20,bathroom,1,2024-05-10_15h50.16.060,image_similarity_rating,2023.2.3,None,2024-05-10 15h50.35.189920 +0200
,114,136,314,314,stimuli/own/bathroom/114_bat.jpg,stimuli/own/bathroom/136_bat.jpg,NaN,NaN,NaN,NaN,NaN,NaN,NaN,NaN,0,152,152,313,3203.821864958,NaN,NaN,NaN,NaN,NaN,NaN,NaN,,NaN,,3204.106186875,3204.269345708,3204.269345708,3204.269345708,3204.269345708,3204.269345708,3204.269345708,3204.269345708,3204.269345708,3204.269345708,3209.3331,-7,7,3,2,2.26664004200029,5,4.86287987499963,3203.819933292,3203.821864958,3204.269345708,3204.106176833,NaN,NaN,NaN,NaN,,NaN,,3203.816308292,3203.8198865,None,NaN,NaN,,NaN,NaN,NaN,NaN,NaN,NaN,NaN,20,bathroom,1,2024-05-10_15h50.16.060,image_similarity_rating,2023.2.3,None,2024-05-10 15h50.35.189920 +0200
,121,140,441,441,stimuli/own/bathroom/121_bat.jpg,stimuli/own/bathroom/140_bat.jpg,NaN,NaN,NaN,NaN,NaN,NaN,NaN,NaN,0,153,153,440,3209.338692875,NaN,NaN,NaN,NaN,NaN,NaN,NaN,,NaN,,3209.623044417,3209.791189667,3209.791189667,3209.791189667,3209.791189667,3209.791189667,3209.791189667,3209.791189667,3209.791189667,3209.791189667,3215.899459208,-7,7,3,2,4.31387829200048,5,3.24554220800019,3209.336775708,3209.338692875,3209.791189667,3209.623028958,NaN,NaN,NaN,NaN,,NaN,,3209.333320083,3209.33672875,None,NaN,NaN,,NaN,NaN,NaN,NaN,NaN,NaN,NaN,20,bathroom,1,2024-05-10_15h50.16.060,image_similarity_rating,2023.2.3,None,2024-05-10 15h50.35.189920 +0200
,125,127,492,492,stimuli/own/bathroom/125_bat.jpg,stimuli/own/bathroom/127_bat.jpg,NaN,NaN,NaN,NaN,NaN,NaN,NaN,NaN,0,154,154,491,3215.905189583,NaN,NaN,NaN,NaN,NaN,NaN,NaN,,NaN,,3216.189574208,3216.35955025,3216.35955025,3216.35955025,3216.35955025,3216.35955025,3216.35955025,3216.35955025,3216.35955025,3216.35955025,3220.190583958,-7,7,3,2,3.41925362500024,1,2.56356679199962,3215.903258292,3215.905189583,3216.35955025,3216.1895595,NaN,NaN,NaN,NaN,,NaN,,3215.899712208,3215.9032115,None,NaN,NaN,,NaN,NaN,NaN,NaN,NaN,NaN,NaN,20,bathroom,1,2024-05-10_15h50.16.060,image_similarity_rating,2023.2.3,None,2024-05-10 15h50.35.189920 +0200
,101,111,7,7,stimuli/own/bathroom/101_bat.jpg,stimuli/own/bathroom/111_bat.jpg,NaN,NaN,NaN,NaN,NaN,NaN,NaN,NaN,0,155,155,6,3220.200775667,NaN,NaN,NaN,NaN,NaN,NaN,NaN,,NaN,,3220.486004292,3220.651159083,3220.651159083,3220.651159083,3220.651159083,3220.651159083,3220.651159083,3220.651159083,3220.651159083,3220.651159083,3224.874176125,7,-7,3,2,3.98573570799999,1,3.12812258299982,3220.194309583,3220.200775667,3220.651159083,3220.485988083,NaN,NaN,NaN,NaN,,NaN,,3220.190802708,3220.194263417,None,NaN,NaN,,NaN,NaN,NaN,NaN,NaN,NaN,NaN,20,bathroom,1,2024-05-10_15h50.16.060,image_similarity_rating,2023.2.3,None,2024-05-10 15h50.35.189920 +0200
,122,124,444,444,stimuli/own/bathroom/122_bat.jpg,stimuli/own/bathroom/124_bat.jpg,NaN,NaN,NaN,NaN,NaN,NaN,NaN,NaN,0,156,156,443,3224.884123708,NaN,NaN,NaN,NaN,NaN,NaN,NaN,,NaN,,3225.168420875,3225.332875333,3225.332875333,3225.332875333,3225.332875333,3225.332875333,3225.332875333,3225.332875333,3225.332875333,3225.332875333,3230.699433292,7,-7,3,3,5.11203941700023,4,4.08456937499977,3224.87780525,3224.884123708,3225.332875333,3225.168407333,NaN,NaN,NaN,NaN,,NaN,,3224.874394458,3224.877759333,None,NaN,NaN,,NaN,NaN,NaN,NaN,NaN,NaN,NaN,20,bathroom,1,2024-05-10_15h50.16.060,image_similarity_rating,2023.2.3,None,2024-05-10 15h50.35.189920 +0200
,111,140,243,243,stimuli/own/bathroom/111_bat.jpg,stimuli/own/bathroom/140_bat.jpg,NaN,NaN,NaN,NaN,NaN,NaN,NaN,NaN,0,157,157,242,3230.705222792,NaN,NaN,NaN,NaN,NaN,NaN,NaN,,NaN,,3230.989555042,3231.157825208,3231.157825208,3231.157825208,3231.157825208,3231.157825208,3231.157825208,3231.157825208,3231.157825208,3231.157825208,3235.811742167,7,-7,3,2,4.03400675000012,4,2.36613058400053,3230.703271375,3230.705222792,3231.157825208,3230.989540833,NaN,NaN,NaN,NaN,,NaN,,3230.699687542,3230.703224583,None,NaN,NaN,,NaN,NaN,NaN,NaN,NaN,NaN,NaN,20,bathroom,1,2024-05-10_15h50.16.060,image_similarity_rating,2023.2.3,None,2024-05-10 15h50.35.189920 +0200
,124,141,490,490,stimuli/own/bathroom/124_bat.jpg,stimuli/own/bathroom/141_bat.jpg,NaN,NaN,NaN,NaN,NaN,NaN,NaN,NaN,0,158,158,489,3235.817263625,NaN,NaN,NaN,NaN,NaN,NaN,NaN,,NaN,,3236.101818125,3236.267121667,3236.267121667,3236.267121667,3236.267121667,3236.267121667,3236.267121667,3236.267121667,3236.267121667,3236.267121667,3241.956772,7,-7,3,2,5.46982929200021,2,3.18643058399994,3235.815377167,3235.817263625,3236.267121667,3236.10180425,NaN,NaN,NaN,NaN,,NaN,,3235.811964083,3235.815330792,None,NaN,NaN,,NaN,NaN,NaN,NaN,NaN,NaN,NaN,20,bathroom,1,2024-05-10_15h50.16.060,image_similarity_rating,2023.2.3,None,2024-05-10 15h50.35.189920 +0200
,103,134,92,92,stimuli/own/bathroom/103_bat.jpg,stimuli/own/bathroom/134_bat.jpg,NaN,NaN,NaN,NaN,NaN,NaN,NaN,NaN,0,159,159,91,3241.967265583,NaN,NaN,NaN,NaN,NaN,NaN,NaN,,NaN,,3242.252568375,3242.419080958,3242.419080958,3242.419080958,3242.419080958,3242.419080958,3242.419080958,3242.419080958,3242.419080958,3242.419080958,3247.20000975,-7,7,3,2,4.6270007080002,3,3.35210275000009,3241.960436625,3241.967265583,3242.419080958,3242.25255425,NaN,NaN,NaN,NaN,,NaN,,3241.956992375,3241.960390167,None,NaN,NaN,,NaN,NaN,NaN,NaN,NaN,NaN,NaN,20,bathroom,1,2024-05-10_15h50.16.060,image_similarity_rating,2023.2.3,None,2024-05-10 15h50.35.189920 +0200
,119,136,400,400,stimuli/own/bathroom/119_bat.jpg,stimuli/own/bathroom/136_bat.jpg,NaN,NaN,NaN,NaN,NaN,NaN,NaN,NaN,0,160,160,399,3247.205808792,NaN,NaN,NaN,NaN,NaN,NaN,NaN,,NaN,,3247.489156625,3247.651850958,3247.651850958,3247.651850958,3247.651850958,3247.651850958,3247.651850958,3247.651850958,3247.651850958,3247.651850958,3257.965785667,7,-7,3,1,10.2346340410004,1,3.92429954100044,3247.2037105,3247.205808792,3247.651850958,3247.489145958,NaN,NaN,NaN,NaN,,NaN,,3247.200226,3247.2036635,None,NaN,NaN,,NaN,NaN,NaN,NaN,NaN,NaN,NaN,20,bathroom,1,2024-05-10_15h50.16.060,image_similarity_rating,2023.2.3,None,2024-05-10 15h50.35.189920 +0200
,140,141,595,595,stimuli/own/bathroom/140_bat.jpg,stimuli/own/bathroom/141_bat.jpg,NaN,NaN,NaN,NaN,NaN,NaN,NaN,NaN,0,161,161,594,3257.971436667,NaN,NaN,NaN,NaN,NaN,NaN,NaN,,NaN,,3258.256465417,3258.420480208,3258.420480208,3258.420480208,3258.420480208,3258.420480208,3258.420480208,3258.420480208,3258.420480208,3258.420480208,3262.799265917,7,-7,3,2,4.18966441599969,3,3.64425645799929,3257.969496375,3257.971436667,3258.420480208,3258.256455583,NaN,NaN,NaN,NaN,,NaN,,3257.966007833,3257.969449625,None,NaN,NaN,,NaN,NaN,NaN,NaN,NaN,NaN,NaN,20,bathroom,1,2024-05-10_15h50.16.060,image_similarity_rating,2023.2.3,None,2024-05-10 15h50.35.189920 +0200
,119,141,405,405,stimuli/own/bathroom/119_bat.jpg,stimuli/own/bathroom/141_bat.jpg,NaN,NaN,NaN,NaN,NaN,NaN,NaN,NaN,0,162,162,404,3262.804912917,NaN,NaN,NaN,NaN,NaN,NaN,NaN,,NaN,,3263.089465833,3263.257715375,3263.257715375,3263.257715375,3263.257715375,3263.257715375,3263.257715375,3263.257715375,3263.257715375,3263.257715375,3266.536299125,7,-7,3,1,1.94426287500028,1,2.80455891699967,3262.802952542,3262.804912917,3263.257715375,3263.089451417,NaN,NaN,NaN,NaN,,NaN,,3262.799492708,3262.802906208,None,NaN,NaN,,NaN,NaN,NaN,NaN,NaN,NaN,NaN,20,bathroom,1,2024-05-10_15h50.16.060,image_similarity_rating,2023.2.3,None,2024-05-10 15h50.35.189920 +0200
,116,130,332,332,stimuli/own/bathroom/116_bat.jpg,stimuli/own/bathroom/130_bat.jpg,NaN,NaN,NaN,NaN,NaN,NaN,NaN,NaN,0,163,163,331,3266.541728958,NaN,NaN,NaN,NaN,NaN,NaN,NaN,,NaN,,3266.835074708,3267.004493792,3267.004493792,3267.004493792,3267.004493792,3267.004493792,3267.004493792,3267.004493792,3267.004493792,3267.004493792,3272.190772208,-7,7,3,2,5.12207458400007,1,3.36076183299974,3266.539923167,3266.541728958,3267.004493792,3266.835054292,NaN,NaN,NaN,NaN,,NaN,,3266.536515292,3266.539876917,None,NaN,NaN,,NaN,NaN,NaN,NaN,NaN,NaN,NaN,20,bathroom,1,2024-05-10_15h50.16.060,image_similarity_rating,2023.2.3,None,2024-05-10 15h50.35.189920 +0200
,105,138,157,157,stimuli/own/bathroom/105_bat.jpg,stimuli/own/bathroom/138_bat.jpg,NaN,NaN,NaN,NaN,NaN,NaN,NaN,NaN,0,164,164,156,3272.200563625,NaN,NaN,NaN,NaN,NaN,NaN,NaN,,NaN,,3272.485078875,3272.655193583,3272.655193583,3272.655193583,3272.655193583,3272.655193583,3272.655193583,3272.655193583,3272.655193583,3272.655193583,3278.094964208,7,-7,3,2,4.58747983400008,1,2.54547508300038,3272.194396,3272.200563625,3272.655193583,3272.4850625,NaN,NaN,NaN,NaN,,NaN,,3272.1909885,3272.194349833,None,NaN,NaN,,NaN,NaN,NaN,NaN,NaN,NaN,NaN,20,bathroom,1,2024-05-10_15h50.16.060,image_similarity_rating,2023.2.3,None,2024-05-10 15h50.35.189920 +0200
,102,130,57,57,stimuli/own/bathroom/102_bat.jpg,stimuli/own/bathroom/130_bat.jpg,NaN,NaN,NaN,NaN,NaN,NaN,NaN,NaN,0,165,165,56,3278.117363042,NaN,NaN,NaN,NaN,NaN,NaN,NaN,,NaN,,3278.401247208,3278.570081667,3278.570081667,3278.570081667,3278.570081667,3278.570081667,3278.570081667,3278.570081667,3278.570081667,3278.570081667,3285.845370833,-7,7,3,2,4.44275358300001,2,6.93921620899982,3278.098736208,3278.117363042,NaN,3278.401209958,NaN,NaN,NaN,NaN,,NaN,,3278.095184417,3278.09868975,None,NaN,NaN,,NaN,NaN,NaN,NaN,NaN,NaN,NaN,20,bathroom,1,2024-05-10_15h50.16.060,image_similarity_rating,2023.2.3,None,2024-05-10 15h50.35.189920 +0200
,111,131,235,235,stimuli/own/bathroom/111_bat.jpg,stimuli/own/bathroom/131_bat.jpg,NaN,NaN,NaN,NaN,NaN,NaN,NaN,NaN,0,166,166,234,3285.852389792,NaN,NaN,NaN,NaN,NaN,NaN,NaN,,NaN,,3286.139444583,3286.307627958,3286.307627958,3286.307627958,3286.307627958,3286.307627958,3286.307627958,3286.307627958,3286.307627958,3286.307627958,3293.661472208,-7,7,3,2,5.93539841599977,1,6.97358354199969,3285.849352917,3285.852389792,3286.307627958,3286.139428667,NaN,NaN,NaN,NaN,,NaN,,3285.845591292,3285.849303875,None,NaN,NaN,,NaN,NaN,NaN,NaN,NaN,NaN,NaN,20,bathroom,1,2024-05-10_15h50.16.060,image_similarity_rating,2023.2.3,None,2024-05-10 15h50.35.189920 +0200
,104,124,115,115,stimuli/own/bathroom/104_bat.jpg,stimuli/own/bathroom/124_bat.jpg,NaN,NaN,NaN,NaN,NaN,NaN,NaN,NaN,0,167,167,114,3293.667022833,NaN,NaN,NaN,NaN,NaN,NaN,NaN,,NaN,,3293.951763542,3294.118345792,3294.118345792,3294.118345792,3294.118345792,3294.118345792,3294.118345792,3294.118345792,3294.118345792,3294.118345792,3305.427864583,7,-7,3,3,10.8345219590001,1,9.85389437499998,3293.665238208,3293.667022833,3294.118345792,3293.951746333,NaN,NaN,NaN,NaN,,NaN,,3293.661690042,3293.665192167,None,NaN,NaN,,NaN,NaN,NaN,NaN,NaN,NaN,NaN,20,bathroom,1,2024-05-10_15h50.16.060,image_similarity_rating,2023.2.3,None,2024-05-10 15h50.35.189920 +0200
,123,126,462,462,stimuli/own/bathroom/123_bat.jpg,stimuli/own/bathroom/126_bat.jpg,NaN,NaN,NaN,NaN,NaN,NaN,NaN,NaN,0,168,168,461,3305.433534542,NaN,NaN,NaN,NaN,NaN,NaN,NaN,,NaN,,3305.718553875,3305.882479833,3305.882479833,3305.882479833,3305.882479833,3305.882479833,3305.882479833,3305.882479833,3305.882479833,3305.882479833,3319.269448208,7,-7,3,2,12.1175215410003,1,13.1890033749996,3305.431571042,3305.433534542,3305.882479833,3305.718540625,NaN,NaN,NaN,NaN,,NaN,,3305.428099167,3305.431522833,None,NaN,NaN,,NaN,NaN,NaN,NaN,NaN,NaN,NaN,20,bathroom,1,2024-05-10_15h50.16.060,image_similarity_rating,2023.2.3,None,2024-05-10 15h50.35.189920 +0200
,129,141,540,540,stimuli/own/bathroom/129_bat.jpg,stimuli/own/bathroom/141_bat.jpg,NaN,NaN,NaN,NaN,NaN,NaN,NaN,NaN,0,169,169,539,3319.275177333,NaN,NaN,NaN,NaN,NaN,NaN,NaN,,NaN,,3319.568156292,3319.733044083,3319.733044083,3319.733044083,3319.733044083,3319.733044083,3319.733044083,3319.733044083,3319.733044083,3319.733044083,3327.332873208,7,-7,3,2,6.34227029199974,1,7.28830087499955,3319.273072917,3319.275177333,3319.733044083,3319.56814175,NaN,NaN,NaN,NaN,,NaN,,3319.269665333,3319.273027,None,NaN,NaN,,NaN,NaN,NaN,NaN,NaN,NaN,NaN,20,bathroom,1,2024-05-10_15h50.16.060,image_similarity_rating,2023.2.3,None,2024-05-10 15h50.35.189920 +0200
,120,127,412,412,stimuli/own/bathroom/120_bat.jpg,stimuli/own/bathroom/127_bat.jpg,NaN,NaN,NaN,NaN,NaN,NaN,NaN,NaN,0,170,170,411,3327.338801417,NaN,NaN,NaN,NaN,NaN,NaN,NaN,,NaN,,3327.622721042,3327.787605875,3327.787605875,3327.787605875,3327.787605875,3327.787605875,3327.787605875,3327.787605875,3327.787605875,3327.787605875,3336.556879,-7,7,3,3,8.68207008299942,4,7.5607387910004,3327.336543667,3327.338801417,3327.787605875,3327.62270875,NaN,NaN,NaN,NaN,,NaN,,3327.333094583,3327.336497458,None,NaN,NaN,,NaN,NaN,NaN,NaN,NaN,NaN,NaN,20,bathroom,1,2024-05-10_15h50.16.060,image_similarity_rating,2023.2.3,None,2024-05-10 15h50.35.189920 +0200
,104,126,117,117,stimuli/own/bathroom/104_bat.jpg,stimuli/own/bathroom/126_bat.jpg,NaN,NaN,NaN,NaN,NaN,NaN,NaN,NaN,0,171,171,116,3336.567079,NaN,NaN,NaN,NaN,NaN,NaN,NaN,,NaN,,3336.851705625,3337.019642625,3337.019642625,3337.019642625,3337.019642625,3337.019642625,3337.019642625,3337.019642625,3337.019642625,3337.019642625,3340.661147083,-7,7,3,1,1.94233837499996,2,2.66552079200028,3336.560533542,3336.567079,3337.019642625,3336.851688708,NaN,NaN,NaN,NaN,,NaN,,3336.557100542,3336.560487167,None,NaN,NaN,,NaN,NaN,NaN,NaN,NaN,NaN,NaN,20,bathroom,1,2024-05-10_15h50.16.060,image_similarity_rating,2023.2.3,None,2024-05-10 15h50.35.189920 +0200
,104,141,130,130,stimuli/own/bathroom/104_bat.jpg,stimuli/own/bathroom/141_bat.jpg,NaN,NaN,NaN,NaN,NaN,NaN,NaN,NaN,0,172,172,129,3340.667064708,NaN,NaN,NaN,NaN,NaN,NaN,NaN,,NaN,,3340.951729833,3341.123764583,3341.123764583,3341.123764583,3341.123764583,3341.123764583,3341.123764583,3341.123764583,3341.123764583,3341.123764583,3346.098967375,-7,7,3,2,3.84903004199987,3,3.07178858400039,3340.664865792,3340.667064708,3341.123764583,3340.951708792,NaN,NaN,NaN,NaN,,NaN,,3340.661368417,3340.664820042,None,NaN,NaN,,NaN,NaN,NaN,NaN,NaN,NaN,NaN,20,bathroom,1,2024-05-10_15h50.16.060,image_similarity_rating,2023.2.3,None,2024-05-10 15h50.35.189920 +0200
,102,135,61,61,stimuli/own/bathroom/102_bat.jpg,stimuli/own/bathroom/135_bat.jpg,NaN,NaN,NaN,NaN,NaN,NaN,NaN,NaN,0,173,173,60,3346.104489958,NaN,NaN,NaN,NaN,NaN,NaN,NaN,,NaN,,3346.388855667,3346.552282542,3346.552282542,3346.552282542,3346.552282542,3346.552282542,3346.552282542,3346.552282542,3346.552282542,3346.552282542,3354.420023958,7,-7,3,2,7.51283045800028,2,6.7307889169997,3346.10267375,3346.104489958,3346.552282542,3346.3888455,NaN,NaN,NaN,NaN,,NaN,,3346.099205917,3346.1026275,None,NaN,NaN,,NaN,NaN,NaN,NaN,NaN,NaN,NaN,20,bathroom,1,2024-05-10_15h50.16.060,image_similarity_rating,2023.2.3,None,2024-05-10 15h50.35.189920 +0200
,131,136,554,554,stimuli/own/bathroom/131_bat.jpg,stimuli/own/bathroom/136_bat.jpg,NaN,NaN,NaN,NaN,NaN,NaN,NaN,NaN,0,174,174,553,3354.425606292,NaN,NaN,NaN,NaN,NaN,NaN,NaN,,NaN,,3354.718240542,3354.88373725,3354.88373725,3354.88373725,3354.88373725,3354.88373725,3354.88373725,3354.88373725,3354.88373725,3354.88373725,3360.806582292,7,-7,3,1,4.49715291600023,3,3.33239120899998,3354.423664792,3354.425606292,3354.88373725,3354.718222833,NaN,NaN,NaN,NaN,,NaN,,3354.420248583,3354.423618917,None,NaN,NaN,,NaN,NaN,NaN,NaN,NaN,NaN,NaN,20,bathroom,1,2024-05-10_15h50.16.060,image_similarity_rating,2023.2.3,None,2024-05-10 15h50.35.189920 +0200
,103,121,81,81,stimuli/own/bathroom/103_bat.jpg,stimuli/own/bathroom/121_bat.jpg,NaN,NaN,NaN,NaN,NaN,NaN,NaN,NaN,0,175,175,80,3360.816871958,NaN,NaN,NaN,NaN,NaN,NaN,NaN,,NaN,,3361.101503125,3361.266598333,3361.266598333,3361.266598333,3361.266598333,3361.266598333,3361.266598333,3361.266598333,3361.266598333,3361.266598333,3366.415791792,7,-7,3,1,3.19289291599944,2,2.28416558400022,3360.810318333,3360.816871958,3361.266598333,3361.101490125,NaN,NaN,NaN,NaN,,NaN,,3360.806802375,3360.810271708,None,NaN,NaN,,NaN,NaN,NaN,NaN,NaN,NaN,NaN,20,bathroom,1,2024-05-10_15h50.16.060,image_similarity_rating,2023.2.3,None,2024-05-10 15h50.35.189920 +0200
,121,130,432,432,stimuli/own/bathroom/121_bat.jpg,stimuli/own/bathroom/130_bat.jpg,NaN,NaN,NaN,NaN,NaN,NaN,NaN,NaN,0,176,176,431,3366.421431333,NaN,NaN,NaN,NaN,NaN,NaN,NaN,,NaN,,3366.70573425,3366.873657167,3366.873657167,3366.873657167,3366.873657167,3366.873657167,3366.873657167,3366.873657167,3366.873657167,3366.873657167,3372.844627625,7,-7,3,2,5.91999537499942,2,4.2514531249999,3366.419505292,3366.421431333,3366.873657167,3366.705719958,NaN,NaN,NaN,NaN,,NaN,,3366.416040208,3366.419458417,None,NaN,NaN,,NaN,NaN,NaN,NaN,NaN,NaN,NaN,20,bathroom,1,2024-05-10_15h50.16.060,image_similarity_rating,2023.2.3,None,2024-05-10 15h50.35.189920 +0200
,119,124,390,390,stimuli/own/bathroom/119_bat.jpg,stimuli/own/bathroom/124_bat.jpg,NaN,NaN,NaN,NaN,NaN,NaN,NaN,NaN,0,177,177,389,3372.850057375,NaN,NaN,NaN,NaN,NaN,NaN,NaN,,NaN,,3373.134665625,3373.303269208,3373.303269208,3373.303269208,3373.303269208,3373.303269208,3373.303269208,3373.303269208,3373.303269208,3373.303269208,3376.1192495,-7,7,3,1,2.71558758400079,2,1.83671508299994,3372.848250583,3372.850057375,3373.303269208,3373.134649708,NaN,NaN,NaN,NaN,,NaN,,3372.84484425,3372.848204458,None,NaN,NaN,,NaN,NaN,NaN,NaN,NaN,NaN,NaN,20,bathroom,1,2024-05-10_15h50.16.060,image_similarity_rating,2023.2.3,None,2024-05-10 15h50.35.189920 +0200
,101,104,3,3,stimuli/own/bathroom/101_bat.jpg,stimuli/own/bathroom/104_bat.jpg,NaN,NaN,NaN,NaN,NaN,NaN,NaN,NaN,0,178,178,2,3376.124721958,NaN,NaN,NaN,NaN,NaN,NaN,NaN,,NaN,,3376.4180145,3376.582312083,3376.582312083,3376.582312083,3376.582312083,3376.582312083,3376.582312083,3376.582312083,3376.582312083,3376.582312083,3381.757319667,-7,7,3,1,5.04453374999957,2,4.21704962500007,3376.122972542,3376.124721958,3376.582312083,3376.418001083,NaN,NaN,NaN,NaN,,NaN,,3376.119464625,3376.122926292,None,NaN,NaN,,NaN,NaN,NaN,NaN,NaN,NaN,NaN,20,bathroom,1,2024-05-10_15h50.16.060,image_similarity_rating,2023.2.3,None,2024-05-10 15h50.35.189920 +0200
,113,140,294,294,stimuli/own/bathroom/113_bat.jpg,stimuli/own/bathroom/140_bat.jpg,NaN,NaN,NaN,NaN,NaN,NaN,NaN,NaN,0,179,179,293,3381.766971667,NaN,NaN,NaN,NaN,NaN,NaN,NaN,,NaN,,3382.051377458,3382.2185385,3382.2185385,3382.2185385,3382.2185385,3382.2185385,3382.2185385,3382.2185385,3382.2185385,3382.2185385,3388.985876958,-7,7,3,2,6.70540329199957,3,2.74152287499965,3381.760984,3381.766971667,3382.2185385,3382.051362833,NaN,NaN,NaN,NaN,,NaN,,3381.757539583,3381.760937708,None,NaN,NaN,,NaN,NaN,NaN,NaN,NaN,NaN,NaN,20,bathroom,1,2024-05-10_15h50.16.060,image_similarity_rating,2023.2.3,None,2024-05-10 15h50.35.189920 +0200
,106,125,175,175,stimuli/own/bathroom/106_bat.jpg,stimuli/own/bathroom/125_bat.jpg,NaN,NaN,NaN,NaN,NaN,NaN,NaN,NaN,0,180,180,174,3388.991500958,NaN,NaN,NaN,NaN,NaN,NaN,NaN,,NaN,,3389.284717417,3389.449409958,3389.449409958,3389.449409958,3389.449409958,3389.449409958,3389.449409958,3389.449409958,3389.449409958,3389.449409958,3398.077747625,-7,7,3,2,8.58817558299961,2,6.42010900000059,3388.989493125,3388.991500958,3389.449409958,3389.284702333,NaN,NaN,NaN,NaN,,NaN,,3388.986097458,3388.989447125,None,NaN,NaN,,NaN,NaN,NaN,NaN,NaN,NaN,NaN,20,bathroom,1,2024-05-10_15h50.16.060,image_similarity_rating,2023.2.3,None,2024-05-10 15h50.35.189920 +0200
,125,136,499,499,stimuli/own/bathroom/125_bat.jpg,stimuli/own/bathroom/136_bat.jpg,NaN,NaN,NaN,NaN,NaN,NaN,NaN,NaN,0,181,181,498,3398.083208625,NaN,NaN,NaN,NaN,NaN,NaN,NaN,,NaN,,3398.36807375,3398.533301167,3398.533301167,3398.533301167,3398.533301167,3398.533301167,3398.533301167,3398.533301167,3398.533301167,3398.533301167,3402.677543708,-7,7,3,2,4.04032941700007,1,3.03281787500055,3398.081405833,3398.083208625,3398.533301167,3398.368058542,NaN,NaN,NaN,NaN,,NaN,,3398.077967583,3398.081359125,None,NaN,NaN,,NaN,NaN,NaN,NaN,NaN,NaN,NaN,20,bathroom,1,2024-05-10_15h50.16.060,image_similarity_rating,2023.2.3,None,2024-05-10 15h50.35.189920 +0200
,101,138,31,31,stimuli/own/bathroom/101_bat.jpg,stimuli/own/bathroom/138_bat.jpg,NaN,NaN,NaN,NaN,NaN,NaN,NaN,NaN,0,182,182,30,3402.683508375,NaN,NaN,NaN,NaN,NaN,NaN,NaN,,NaN,,3402.968127208,3403.136015083,3403.136015083,3403.136015083,3403.136015083,3403.136015083,3403.136015083,3403.136015083,3403.136015083,3403.136015083,3414.099267208,7,-7,3,2,8.77065825000045,1,7.7259435420001,3402.681269792,3402.683508375,3403.136015083,3402.968111083,NaN,NaN,NaN,NaN,,NaN,,3402.67776125,3402.681223583,None,NaN,NaN,,NaN,NaN,NaN,NaN,NaN,NaN,NaN,20,bathroom,1,2024-05-10_15h50.16.060,image_similarity_rating,2023.2.3,None,2024-05-10 15h50.35.189920 +0200
,103,139,97,97,stimuli/own/bathroom/103_bat.jpg,stimuli/own/bathroom/139_bat.jpg,NaN,NaN,NaN,NaN,NaN,NaN,NaN,NaN,0,183,183,96,3414.104896583,NaN,NaN,NaN,NaN,NaN,NaN,NaN,,NaN,,3414.389623125,3414.553091833,3414.553091833,3414.553091833,3414.553091833,3414.553091833,3414.553091833,3414.553091833,3414.553091833,3414.553091833,3421.898800208,7,-7,3,2,6.02469266599928,2,7.17066591599996,3414.103087792,3414.104896583,3414.553091833,3414.389613042,NaN,NaN,NaN,NaN,,NaN,,3414.099494917,3414.103041833,None,NaN,NaN,,NaN,NaN,NaN,NaN,NaN,NaN,NaN,20,bathroom,1,2024-05-10_15h50.16.060,image_similarity_rating,2023.2.3,None,2024-05-10 15h50.35.189920 +0200
,111,134,237,237,stimuli/own/bathroom/111_bat.jpg,stimuli/own/bathroom/134_bat.jpg,NaN,NaN,NaN,NaN,NaN,NaN,NaN,NaN,0,184,184,236,3421.904442333,NaN,NaN,NaN,NaN,NaN,NaN,NaN,,NaN,,3422.188952833,3422.355614292,3422.355614292,3422.355614292,3422.355614292,3422.355614292,3422.355614292,3422.355614292,3422.355614292,3422.355614292,3437.152521458,-7,7,3,3,14.714186917,2,2.48947195800065,3421.902517042,3421.904442333,3422.355614292,3422.188939708,NaN,NaN,NaN,NaN,,NaN,,3421.899042583,3421.902471042,None,NaN,NaN,,NaN,NaN,NaN,NaN,NaN,NaN,NaN,20,bathroom,1,2024-05-10_15h50.16.060,image_similarity_rating,2023.2.3,None,2024-05-10 15h50.35.189920 +0200
,102,129,56,56,stimuli/own/bathroom/102_bat.jpg,stimuli/own/bathroom/129_bat.jpg,NaN,NaN,NaN,NaN,NaN,NaN,NaN,NaN,0,185,185,55,3437.157885667,NaN,NaN,NaN,NaN,NaN,NaN,NaN,,NaN,,3437.451188042,3437.616681667,3437.616681667,3437.616681667,3437.616681667,3437.616681667,3437.616681667,3437.616681667,3437.616681667,3437.616681667,3442.798821583,-7,7,3,2,5.03086454100048,1,4.19188258300073,3437.156149417,3437.157885667,3437.616681667,3437.451173125,NaN,NaN,NaN,NaN,,NaN,,3437.152739917,3437.156103375,None,NaN,NaN,,NaN,NaN,NaN,NaN,NaN,NaN,NaN,20,bathroom,1,2024-05-10_15h50.16.060,image_similarity_rating,2023.2.3,None,2024-05-10 15h50.35.189920 +0200
,104,120,111,111,stimuli/own/bathroom/104_bat.jpg,stimuli/own/bathroom/120_bat.jpg,NaN,NaN,NaN,NaN,NaN,NaN,NaN,NaN,0,186,186,110,3442.804595375,NaN,NaN,NaN,NaN,NaN,NaN,NaN,,NaN,,3443.088561875,3443.25490525,3443.25490525,3443.25490525,3443.25490525,3443.25490525,3443.25490525,3443.25490525,3443.25490525,3443.25490525,3449.619835667,-7,7,3,2,5.96226958399984,2,4.77424541599976,3442.802505,3442.804595375,3443.25490525,3443.088548625,NaN,NaN,NaN,NaN,,NaN,,3442.799063708,3442.802458583,None,NaN,NaN,,NaN,NaN,NaN,NaN,NaN,NaN,NaN,20,bathroom,1,2024-05-10_15h50.16.060,image_similarity_rating,2023.2.3,None,2024-05-10 15h50.35.189920 +0200
,105,130,150,150,stimuli/own/bathroom/105_bat.jpg,stimuli/own/bathroom/130_bat.jpg,NaN,NaN,NaN,NaN,NaN,NaN,NaN,NaN,0,187,187,149,3449.625415208,NaN,NaN,NaN,NaN,NaN,NaN,NaN,,NaN,,3449.917875583,3450.086762542,3450.086762542,3450.086762542,3450.086762542,3450.086762542,3450.086762542,3450.086762542,3450.086762542,3450.086762542,3456.140185833,-7,7,3,1,5.95060454099985,1,1.76607304200024,3449.623470625,3449.625415208,3450.086762542,3449.917858125,NaN,NaN,NaN,NaN,,NaN,,3449.620057542,3449.623424375,None,NaN,NaN,,NaN,NaN,NaN,NaN,NaN,NaN,NaN,20,bathroom,1,2024-05-10_15h50.16.060,image_similarity_rating,2023.2.3,None,2024-05-10 15h50.35.189920 +0200
,119,138,402,402,stimuli/own/bathroom/119_bat.jpg,stimuli/own/bathroom/138_bat.jpg,NaN,NaN,NaN,NaN,NaN,NaN,NaN,NaN,0,188,188,401,3456.150033458,NaN,NaN,NaN,NaN,NaN,NaN,NaN,,NaN,,3456.434687042,3456.598569,3456.598569,3456.598569,3456.598569,3456.598569,3456.598569,3456.598569,3456.598569,3456.598569,3462.694312875,-7,7,3,2,5.97436199999993,1,1.96088345800035,3456.143828125,3456.150033458,3456.598569,3456.434676083,NaN,NaN,NaN,NaN,,NaN,,3456.14041125,3456.143781375,None,NaN,NaN,,NaN,NaN,NaN,NaN,NaN,NaN,NaN,20,bathroom,1,2024-05-10_15h50.16.060,image_similarity_rating,2023.2.3,None,2024-05-10 15h50.35.189920 +0200
,119,135,399,399,stimuli/own/bathroom/119_bat.jpg,stimuli/own/bathroom/135_bat.jpg,NaN,NaN,NaN,NaN,NaN,NaN,NaN,NaN,0,189,189,398,3462.699832333,NaN,NaN,NaN,NaN,NaN,NaN,NaN,,NaN,,3528.817737375,3528.991489667,3528.991489667,3528.991489667,3528.991489667,3528.991489667,3528.991489667,3528.991489667,3528.991489667,3528.991489667,3540.144009542,-7,7,4,2,9.72404637499949,1,11.0191678750007,3528.525137333,3528.533777,3528.991489667,3528.8177135,NaN,NaN,NaN,NaN,,NaN,,3462.694540417,3528.52477875,space,3462.699832333,65.8247671250001,None,NaN,NaN,NaN,NaN,NaN,NaN,NaN,20,bathroom,1,2024-05-10_15h50.16.060,image_similarity_rating,2023.2.3,None,2024-05-10 15h50.35.189920 +0200
,105,137,156,156,stimuli/own/bathroom/105_bat.jpg,stimuli/own/bathroom/137_bat.jpg,NaN,NaN,NaN,NaN,NaN,NaN,NaN,NaN,0,190,190,155,3540.1663265,NaN,NaN,NaN,NaN,NaN,NaN,NaN,,NaN,,3540.450291333,3540.613360625,3540.613360625,3540.613360625,3540.613360625,3540.613360625,3540.613360625,3540.613360625,3540.613360625,3540.613360625,3543.568793417,7,-7,4,1,1.81709645899991,1,2.74398270800066,3540.148293167,3540.1663265,NaN,3540.450280542,NaN,NaN,NaN,NaN,,NaN,,3540.144227542,3540.148242833,None,NaN,NaN,,NaN,NaN,NaN,NaN,NaN,NaN,NaN,20,bathroom,1,2024-05-10_15h50.16.060,image_similarity_rating,2023.2.3,None,2024-05-10 15h50.35.189920 +0200
,120,122,407,407,stimuli/own/bathroom/120_bat.jpg,stimuli/own/bathroom/122_bat.jpg,NaN,NaN,NaN,NaN,NaN,NaN,NaN,NaN,0,191,191,406,3543.574229875,NaN,NaN,NaN,NaN,NaN,NaN,NaN,,NaN,,3543.867591375,3544.033176167,3544.033176167,3544.033176167,3544.033176167,3544.033176167,3544.033176167,3544.033176167,3544.033176167,3544.033176167,3549.43198625,7,-7,4,2,2.80060408400004,2,4.37341370800004,3543.572425875,3543.574229875,3544.033176167,3543.8675765,NaN,NaN,NaN,NaN,,NaN,,3543.569011958,3543.572379375,None,NaN,NaN,,NaN,NaN,NaN,NaN,NaN,NaN,NaN,20,bathroom,1,2024-05-10_15h50.16.060,image_similarity_rating,2023.2.3,None,2024-05-10 15h50.35.189920 +0200
,123,136,470,470,stimuli/own/bathroom/123_bat.jpg,stimuli/own/bathroom/136_bat.jpg,NaN,NaN,NaN,NaN,NaN,NaN,NaN,NaN,0,192,192,469,3549.437567875,NaN,NaN,NaN,NaN,NaN,NaN,NaN,,NaN,,3549.722084708,3549.891566542,3549.891566542,3549.891566542,3549.891566542,3549.891566542,3549.891566542,3549.891566542,3549.891566542,3549.891566542,3560.627282583,7,-7,4,1,10.6662981670006,2,4.9892451249998,3549.435656458,3549.437567875,3549.891566542,3549.722069917,NaN,NaN,NaN,NaN,,NaN,,3549.432206417,3549.435609625,None,NaN,NaN,,NaN,NaN,NaN,NaN,NaN,NaN,NaN,20,bathroom,1,2024-05-10_15h50.16.060,image_similarity_rating,2023.2.3,None,2024-05-10 15h50.35.189920 +0200
,105,112,134,134,stimuli/own/bathroom/105_bat.jpg,stimuli/own/bathroom/112_bat.jpg,NaN,NaN,NaN,NaN,NaN,NaN,NaN,NaN,0,193,193,133,3560.6328035,NaN,NaN,NaN,NaN,NaN,NaN,NaN,,NaN,,3560.9177515,3561.082458083,3561.082458083,3561.082458083,3561.082458083,3561.082458083,3561.082458083,3561.082458083,3561.082458083,3561.082458083,3569.298356875,-7,7,4,2,8.18942666600014,1,2.2450937499998,3560.630926042,3560.6328035,3561.082458083,3560.917736625,NaN,NaN,NaN,NaN,,NaN,,3560.627500833,3560.630879667,None,NaN,NaN,,NaN,NaN,NaN,NaN,NaN,NaN,NaN,20,bathroom,1,2024-05-10_15h50.16.060,image_similarity_rating,2023.2.3,None,2024-05-10 15h50.35.189920 +0200
,122,123,443,443,stimuli/own/bathroom/122_bat.jpg,stimuli/own/bathroom/123_bat.jpg,NaN,NaN,NaN,NaN,NaN,NaN,NaN,NaN,0,194,194,442,3569.304059125,NaN,NaN,NaN,NaN,NaN,NaN,NaN,,NaN,,3569.588080167,3569.754762125,3569.754762125,3569.754762125,3569.754762125,3569.754762125,3569.754762125,3569.754762125,3569.754762125,3569.754762125,3573.788987417,-7,7,4,2,3.99585420899984,1,2.25357670800076,3569.302121875,3569.304059125,3569.754762125,3569.58806725,NaN,NaN,NaN,NaN,,NaN,,3569.298612292,3569.302072458,None,NaN,NaN,,NaN,NaN,NaN,NaN,NaN,NaN,NaN,20,bathroom,1,2024-05-10_15h50.16.060,image_similarity_rating,2023.2.3,None,2024-05-10 15h50.35.189920 +0200
,119,123,389,389,stimuli/own/bathroom/119_bat.jpg,stimuli/own/bathroom/123_bat.jpg,NaN,NaN,NaN,NaN,NaN,NaN,NaN,NaN,0,195,195,388,3573.799559458,NaN,NaN,NaN,NaN,NaN,NaN,NaN,,NaN,,3574.084762125,3574.249039792,3574.249039792,3574.249039792,3574.249039792,3574.249039792,3574.249039792,3574.249039792,3574.249039792,3574.249039792,3577.935339708,7,-7,4,2,3.59517283300011,1,2.8703889999997,3573.792633375,3573.799559458,3574.249039792,3574.084747917,NaN,NaN,NaN,NaN,,NaN,,3573.789206458,3573.792587042,None,NaN,NaN,,NaN,NaN,NaN,NaN,NaN,NaN,NaN,20,bathroom,1,2024-05-10_15h50.16.060,image_similarity_rating,2023.2.3,None,2024-05-10 15h50.35.189920 +0200
,101,119,14,14,stimuli/own/bathroom/101_bat.jpg,stimuli/own/bathroom/119_bat.jpg,NaN,NaN,NaN,NaN,NaN,NaN,NaN,NaN,0,196,196,13,3577.940893833,NaN,NaN,NaN,NaN,NaN,NaN,NaN,,NaN,,3578.234084583,3578.399117708,3578.399117708,3578.399117708,3578.399117708,3578.399117708,3578.399117708,3578.399117708,3578.399117708,3578.399117708,3581.701841375,7,-7,4,2,2.67681633399934,1,1.83332045899988,3577.938971458,3577.940893833,3578.399117708,3578.234065875,NaN,NaN,NaN,NaN,,NaN,,3577.935560208,3577.938925292,None,NaN,NaN,,NaN,NaN,NaN,NaN,NaN,NaN,NaN,20,bathroom,1,2024-05-10_15h50.16.060,image_similarity_rating,2023.2.3,None,2024-05-10 15h50.35.189920 +0200
,102,134,60,60,stimuli/own/bathroom/102_bat.jpg,stimuli/own/bathroom/134_bat.jpg,NaN,NaN,NaN,NaN,NaN,NaN,NaN,NaN,0,197,197,59,3581.707413667,NaN,NaN,NaN,NaN,NaN,NaN,NaN,,NaN,,3582.000842917,3582.16803975,3582.16803975,3582.16803975,3582.16803975,3582.16803975,3582.16803975,3582.16803975,3582.16803975,3582.16803975,3587.875171292,7,-7,4,2,5.01934345900008,1,2.97889312500047,3581.7054785,3581.707413667,3582.16803975,3582.000826125,NaN,NaN,NaN,NaN,,NaN,,3581.702057375,3581.705432833,None,NaN,NaN,,NaN,NaN,NaN,NaN,NaN,NaN,NaN,20,bathroom,1,2024-05-10_15h50.16.060,image_similarity_rating,2023.2.3,None,2024-05-10 15h50.35.189920 +0200
,103,130,89,89,stimuli/own/bathroom/103_bat.jpg,stimuli/own/bathroom/130_bat.jpg,NaN,NaN,NaN,NaN,NaN,NaN,NaN,NaN,0,198,198,88,3587.882490667,NaN,NaN,NaN,NaN,NaN,NaN,NaN,,NaN,,3588.167618,3588.332416625,3588.332416625,3588.332416625,3588.332416625,3588.332416625,3588.332416625,3588.332416625,3588.332416625,3588.332416625,3600.498631958,7,-7,4,2,8.48321387499982,1,11.4399703750005,3587.878986208,3587.882490667,3588.332416625,3588.167602333,NaN,NaN,NaN,NaN,,NaN,,3587.875398083,3587.878940292,None,NaN,NaN,,NaN,NaN,NaN,NaN,NaN,NaN,NaN,20,bathroom,1,2024-05-10_15h50.16.060,image_similarity_rating,2023.2.3,None,2024-05-10 15h50.35.189920 +0200
,124,129,479,479,stimuli/own/bathroom/124_bat.jpg,stimuli/own/bathroom/129_bat.jpg,NaN,NaN,NaN,NaN,NaN,NaN,NaN,NaN,0,199,199,478,3600.504357625,NaN,NaN,NaN,NaN,NaN,NaN,NaN,,NaN,,3600.788106833,3600.952653,3600.952653,3600.952653,3600.952653,3600.952653,3600.952653,3600.952653,3600.952653,3600.952653,3604.623672542,7,-7,4,2,2.50434154100003,1,3.26540929099974,3600.502422417,3600.504357625,3600.952653,3600.788093875,NaN,NaN,NaN,NaN,,NaN,,3600.498853625,3600.502375542,None,NaN,NaN,,NaN,NaN,NaN,NaN,NaN,NaN,NaN,20,bathroom,1,2024-05-10_15h50.16.060,image_similarity_rating,2023.2.3,None,2024-05-10 15h50.35.189920 +0200
,105,117,138,138,stimuli/own/bathroom/105_bat.jpg,stimuli/own/bathroom/117_bat.jpg,NaN,NaN,NaN,NaN,NaN,NaN,NaN,NaN,0,200,200,137,3604.632676208,NaN,NaN,NaN,NaN,NaN,NaN,NaN,,NaN,,3604.91724025,3605.084076417,3605.084076417,3605.084076417,3605.084076417,3605.084076417,3605.084076417,3605.084076417,3605.084076417,3605.084076417,3611.260658333,-7,7,4,2,4.94372775000011,1,5.86351262500011,3604.627339417,3604.632676208,3605.084076417,3604.91722525,NaN,NaN,NaN,NaN,,NaN,,3604.623900583,3604.62729325,None,NaN,NaN,,NaN,NaN,NaN,NaN,NaN,NaN,NaN,20,bathroom,1,2024-05-10_15h50.16.060,image_similarity_rating,2023.2.3,None,2024-05-10 15h50.35.189920 +0200
,105,125,146,146,stimuli/own/bathroom/105_bat.jpg,stimuli/own/bathroom/125_bat.jpg,NaN,NaN,NaN,NaN,NaN,NaN,NaN,NaN,0,201,201,145,3611.282713333,NaN,NaN,NaN,NaN,NaN,NaN,NaN,,NaN,,3611.566883792,3611.731403708,3611.731403708,3611.731403708,3611.731403708,3611.731403708,3611.731403708,3611.731403708,3611.731403708,3611.731403708,3620.365119958,7,-7,4,1,6.92252354199991,1,7.86907229200006,3611.264263292,3611.282713333,NaN,3611.566865417,NaN,NaN,NaN,NaN,,NaN,,3611.260872167,3611.264217208,None,NaN,NaN,,NaN,NaN,NaN,NaN,NaN,NaN,NaN,20,bathroom,1,2024-05-10_15h50.16.060,image_similarity_rating,2023.2.3,None,2024-05-10 15h50.35.189920 +0200
,111,141,244,244,stimuli/own/bathroom/111_bat.jpg,stimuli/own/bathroom/141_bat.jpg,NaN,NaN,NaN,NaN,NaN,NaN,NaN,NaN,0,202,202,243,3620.370790667,NaN,NaN,NaN,NaN,NaN,NaN,NaN,,NaN,,3620.655020708,3620.822497458,3620.822497458,3620.822497458,3620.822497458,3620.822497458,3620.822497458,3620.822497458,3620.822497458,3620.822497458,3631.485238833,-7,7,4,2,7.34485587499967,3,9.52429804199983,3620.368867792,3620.370790667,3620.822497458,3620.655006125,NaN,NaN,NaN,NaN,,NaN,,3620.365338917,3620.368821917,None,NaN,NaN,,NaN,NaN,NaN,NaN,NaN,NaN,NaN,20,bathroom,1,2024-05-10_15h50.16.060,image_similarity_rating,2023.2.3,None,2024-05-10 15h50.35.189920 +0200
,114,116,296,296,stimuli/own/bathroom/114_bat.jpg,stimuli/own/bathroom/116_bat.jpg,NaN,NaN,NaN,NaN,NaN,NaN,NaN,NaN,0,203,203,295,3631.490781042,NaN,NaN,NaN,NaN,NaN,NaN,NaN,,NaN,,3631.784445125,3631.948917042,3631.948917042,3631.948917042,3631.948917042,3631.948917042,3631.948917042,3631.948917042,3631.948917042,3631.948917042,3638.3018455,-7,7,4,2,6.23735649999981,1,4.06225320800058,3631.488839667,3631.490781042,3631.948917042,3631.784427042,NaN,NaN,NaN,NaN,,NaN,,3631.485456583,3631.488793292,None,NaN,NaN,,NaN,NaN,NaN,NaN,NaN,NaN,NaN,20,bathroom,1,2024-05-10_15h50.16.060,image_similarity_rating,2023.2.3,None,2024-05-10 15h50.35.189920 +0200
,131,137,555,555,stimuli/own/bathroom/131_bat.jpg,stimuli/own/bathroom/137_bat.jpg,NaN,NaN,NaN,NaN,NaN,NaN,NaN,NaN,0,204,204,554,3638.307346625,NaN,NaN,NaN,NaN,NaN,NaN,NaN,,NaN,,3638.600474208,3638.765838917,3638.765838917,3638.765838917,3638.765838917,3638.765838917,3638.765838917,3638.765838917,3638.765838917,3638.765838917,3647.968450625,-7,7,4,1,9.11495487499997,4,4.7062028750006,3638.305438458,3638.307346625,3638.765838917,3638.600460958,NaN,NaN,NaN,NaN,,NaN,,3638.302063958,3638.30539225,None,NaN,NaN,,NaN,NaN,NaN,NaN,NaN,NaN,NaN,20,bathroom,1,2024-05-10_15h50.16.060,image_similarity_rating,2023.2.3,None,2024-05-10 15h50.35.189920 +0200
,121,126,429,429,stimuli/own/bathroom/121_bat.jpg,stimuli/own/bathroom/126_bat.jpg,NaN,NaN,NaN,NaN,NaN,NaN,NaN,NaN,0,205,205,428,3647.97392175,NaN,NaN,NaN,NaN,NaN,NaN,NaN,,NaN,,3648.267258083,3648.432370625,3648.432370625,3648.432370625,3648.432370625,3648.432370625,3648.432370625,3648.432370625,3648.432370625,3648.432370625,3653.55174475,7,-7,4,3,5.03657041699989,2,3.53405174999989,3647.972155,3647.97392175,3648.432370625,3648.267245125,NaN,NaN,NaN,NaN,,NaN,,3647.968668833,3647.972108458,None,NaN,NaN,,NaN,NaN,NaN,NaN,NaN,NaN,NaN,20,bathroom,1,2024-05-10_15h50.16.060,image_similarity_rating,2023.2.3,None,2024-05-10 15h50.35.189920 +0200
,103,131,90,90,stimuli/own/bathroom/103_bat.jpg,stimuli/own/bathroom/131_bat.jpg,NaN,NaN,NaN,NaN,NaN,NaN,NaN,NaN,0,206,206,89,3653.557227542,NaN,NaN,NaN,NaN,NaN,NaN,NaN,,NaN,,3653.850613667,3654.016203792,3654.016203792,3654.016203792,3654.016203792,3654.016203792,3654.016203792,3654.016203792,3654.016203792,3654.016203792,3664.268680667,7,-7,4,2,10.1024287079999,1,6.41052945799947,3653.5553215,3653.557227542,3654.016203792,3653.850598375,NaN,NaN,NaN,NaN,,NaN,,3653.55196225,3653.555275625,None,NaN,NaN,,NaN,NaN,NaN,NaN,NaN,NaN,NaN,20,bathroom,1,2024-05-10_15h50.16.060,image_similarity_rating,2023.2.3,None,2024-05-10 15h50.35.189920 +0200
,118,134,378,378,stimuli/own/bathroom/118_bat.jpg,stimuli/own/bathroom/134_bat.jpg,NaN,NaN,NaN,NaN,NaN,NaN,NaN,NaN,0,207,207,377,3664.282458167,NaN,NaN,NaN,NaN,NaN,NaN,NaN,,NaN,,3664.567649167,3664.7318285,3664.7318285,3664.7318285,3664.7318285,3664.7318285,3664.7318285,3664.7318285,3664.7318285,3664.7318285,3674.181669375,-7,7,4,2,9.2857869999998,1,3.6694109580003,3664.272613167,3664.282458167,3664.7318285,3664.567635792,NaN,NaN,NaN,NaN,,NaN,,3664.268898792,3664.272561917,None,NaN,NaN,,NaN,NaN,NaN,NaN,NaN,NaN,NaN,20,bathroom,1,2024-05-10_15h50.16.060,image_similarity_rating,2023.2.3,None,2024-05-10 15h50.35.189920 +0200
,102,132,59,59,stimuli/own/bathroom/102_bat.jpg,stimuli/own/bathroom/132_bat.jpg,NaN,NaN,NaN,NaN,NaN,NaN,NaN,NaN,0,208,208,58,3674.187384708,NaN,NaN,NaN,NaN,NaN,NaN,NaN,,NaN,,3674.471472833,3674.639920708,3674.639920708,3674.639920708,3674.639920708,3674.639920708,3674.639920708,3674.639920708,3674.639920708,3674.639920708,3693.722316458,-7,7,4,2,18.8973868749999,2,7.85524341700057,3674.185319333,3674.187384708,3674.639920708,3674.471457875,NaN,NaN,NaN,NaN,,NaN,,3674.181895708,3674.185273458,None,NaN,NaN,,NaN,NaN,NaN,NaN,NaN,NaN,NaN,20,bathroom,1,2024-05-10_15h50.16.060,image_similarity_rating,2023.2.3,None,2024-05-10 15h50.35.189920 +0200
,117,135,358,358,stimuli/own/bathroom/117_bat.jpg,stimuli/own/bathroom/135_bat.jpg,NaN,NaN,NaN,NaN,NaN,NaN,NaN,NaN,0,209,209,357,3693.732444167,NaN,NaN,NaN,NaN,NaN,NaN,NaN,,NaN,,3694.01761725,3694.183027333,3694.183027333,3694.183027333,3694.183027333,3694.183027333,3694.183027333,3694.183027333,3694.183027333,3694.183027333,3699.0601285,-7,7,4,2,3.59424562499953,2,2.68293645899939,3693.725946,3693.732444167,3694.183027333,3694.017598958,NaN,NaN,NaN,NaN,,NaN,,3693.722537167,3693.725899958,None,NaN,NaN,,NaN,NaN,NaN,NaN,NaN,NaN,NaN,20,bathroom,1,2024-05-10_15h50.16.060,image_similarity_rating,2023.2.3,None,2024-05-10 15h50.35.189920 +0200
,106,121,171,171,stimuli/own/bathroom/106_bat.jpg,stimuli/own/bathroom/121_bat.jpg,NaN,NaN,NaN,NaN,NaN,NaN,NaN,NaN,0,210,210,170,3699.065454417,NaN,NaN,NaN,NaN,NaN,NaN,NaN,,NaN,,3699.350430708,3699.518591958,3699.518591958,3699.518591958,3699.518591958,3699.518591958,3699.518591958,3699.518591958,3699.518591958,3699.518591958,3711.484838958,-7,7,4,2,11.8297367080004,4,5.86640458300008,3699.063734292,3699.065454417,3699.518591958,3699.350409417,NaN,NaN,NaN,NaN,,NaN,,3699.060346917,3699.063688292,None,NaN,NaN,,NaN,NaN,NaN,NaN,NaN,NaN,NaN,20,bathroom,1,2024-05-10_15h50.16.060,image_similarity_rating,2023.2.3,None,2024-05-10 15h50.35.189920 +0200
,119,125,391,391,stimuli/own/bathroom/119_bat.jpg,stimuli/own/bathroom/125_bat.jpg,NaN,NaN,NaN,NaN,NaN,NaN,NaN,NaN,0,211,211,390,3711.490480333,NaN,NaN,NaN,NaN,NaN,NaN,NaN,,NaN,,3711.783753375,3711.950080833,3711.950080833,3711.950080833,3711.950080833,3711.950080833,3711.950080833,3711.950080833,3711.950080833,3711.950080833,3718.460195542,7,-7,4,2,6.45271920899995,3,4.41060374999961,3711.488554542,3711.490480333,3711.950080833,3711.783738083,NaN,NaN,NaN,NaN,,NaN,,3711.485057375,3711.488507833,None,NaN,NaN,,NaN,NaN,NaN,NaN,NaN,NaN,NaN,20,bathroom,1,2024-05-10_15h50.16.060,image_similarity_rating,2023.2.3,None,2024-05-10 15h50.35.189920 +0200
,113,138,292,292,stimuli/own/bathroom/113_bat.jpg,stimuli/own/bathroom/138_bat.jpg,NaN,NaN,NaN,NaN,NaN,NaN,NaN,NaN,0,212,212,291,3718.482397167,NaN,NaN,NaN,NaN,NaN,NaN,NaN,,NaN,,3718.766589667,3718.932943708,3718.932943708,3718.932943708,3718.932943708,3718.932943708,3718.932943708,3718.932943708,3718.932943708,3718.932943708,3735.984672792,-7,7,4,1,13.3190773750002,2,16.8648261659991,3718.46389725,3718.482397167,NaN,3718.7665675,NaN,NaN,NaN,NaN,,NaN,,3718.460414167,3718.463851667,None,NaN,NaN,,NaN,NaN,NaN,NaN,NaN,NaN,NaN,20,bathroom,1,2024-05-10_15h50.16.060,image_similarity_rating,2023.2.3,None,2024-05-10 15h50.35.189920 +0200
,118,130,375,375,stimuli/own/bathroom/118_bat.jpg,stimuli/own/bathroom/130_bat.jpg,NaN,NaN,NaN,NaN,NaN,NaN,NaN,NaN,0,213,213,374,3735.990475333,NaN,NaN,NaN,NaN,NaN,NaN,NaN,,NaN,,3736.283453583,3736.44872075,3736.44872075,3736.44872075,3736.44872075,3736.44872075,3736.44872075,3736.44872075,3736.44872075,3736.44872075,3741.326642333,7,-7,4,2,4.75141500000063,1,3.13424450000002,3735.988524875,3735.990475333,3736.44872075,3736.2834405,NaN,NaN,NaN,NaN,,NaN,,3735.984896375,3735.988475875,None,NaN,NaN,,NaN,NaN,NaN,NaN,NaN,NaN,NaN,20,bathroom,1,2024-05-10_15h50.16.060,image_similarity_rating,2023.2.3,None,2024-05-10 15h50.35.189920 +0200
,109,137,213,213,stimuli/own/bathroom/109_bat.jpg,stimuli/own/bathroom/137_bat.jpg,NaN,NaN,NaN,NaN,NaN,NaN,NaN,NaN,0,214,214,212,3741.331983667,NaN,NaN,NaN,NaN,NaN,NaN,NaN,,NaN,,3741.618175833,3741.782381292,3741.782381292,3741.782381292,3741.782381292,3741.782381292,3741.782381292,3741.782381292,3741.782381292,3741.782381292,3750.827775917,7,-7,4,1,7.1044248750004,1,8.81430570900011,3741.330242125,3741.331983667,3741.782381292,3741.618162542,NaN,NaN,NaN,NaN,,NaN,,3741.326859958,3741.330195958,None,NaN,NaN,,NaN,NaN,NaN,NaN,NaN,NaN,NaN,20,bathroom,1,2024-05-10_15h50.16.060,image_similarity_rating,2023.2.3,None,2024-05-10 15h50.35.189920 +0200
,106,136,184,184,stimuli/own/bathroom/106_bat.jpg,stimuli/own/bathroom/136_bat.jpg,NaN,NaN,NaN,NaN,NaN,NaN,NaN,NaN,0,215,215,183,3750.833572083,NaN,NaN,NaN,NaN,NaN,NaN,NaN,,NaN,,3751.117157542,3751.281867458,3751.281867458,3751.281867458,3751.281867458,3751.281867458,3751.281867458,3751.281867458,3751.281867458,3751.281867458,3762.364556458,-7,7,4,1,5.60069891700005,1,10.882839375,3750.831420875,3750.833572083,3751.281867458,3751.117144542,NaN,NaN,NaN,NaN,,NaN,,3750.827992917,3750.831372833,None,NaN,NaN,,NaN,NaN,NaN,NaN,NaN,NaN,NaN,20,bathroom,1,2024-05-10_15h50.16.060,image_similarity_rating,2023.2.3,None,2024-05-10 15h50.35.189920 +0200
,113,137,291,291,stimuli/own/bathroom/113_bat.jpg,stimuli/own/bathroom/137_bat.jpg,NaN,NaN,NaN,NaN,NaN,NaN,NaN,NaN,0,216,216,290,3762.37005375,NaN,NaN,NaN,NaN,NaN,NaN,NaN,,NaN,,3762.654098958,3762.81824775,3762.81824775,3762.81824775,3762.81824775,3762.81824775,3762.81824775,3762.81824775,3762.81824775,3762.81824775,3776.052336042,-7,7,4,2,12.9329665000005,1,8.16937633299949,3762.368276625,3762.37005375,3762.81824775,3762.654086875,NaN,NaN,NaN,NaN,,NaN,,3762.364792875,3762.368229375,None,NaN,NaN,,NaN,NaN,NaN,NaN,NaN,NaN,NaN,20,bathroom,1,2024-05-10_15h50.16.060,image_similarity_rating,2023.2.3,None,2024-05-10 15h50.35.189920 +0200
,101,136,29,29,stimuli/own/bathroom/101_bat.jpg,stimuli/own/bathroom/136_bat.jpg,NaN,NaN,NaN,NaN,NaN,NaN,NaN,NaN,0,217,217,28,3776.058000333,NaN,NaN,NaN,NaN,NaN,NaN,NaN,,NaN,,3776.350148708,3776.516383,3776.516383,3776.516383,3776.516383,3776.516383,3776.516383,3776.516383,3776.516383,3776.516383,3781.476314125,7,-7,4,3,4.69467241700022,2,2.77197012499983,3776.056073917,3776.058000333,3776.516383,3776.350132875,NaN,NaN,NaN,NaN,,NaN,,3776.052558417,3776.056026667,None,NaN,NaN,,NaN,NaN,NaN,NaN,NaN,NaN,NaN,20,bathroom,1,2024-05-10_15h50.16.060,image_similarity_rating,2023.2.3,None,2024-05-10 15h50.35.189920 +0200
,106,124,174,174,stimuli/own/bathroom/106_bat.jpg,stimuli/own/bathroom/124_bat.jpg,NaN,NaN,NaN,NaN,NaN,NaN,NaN,NaN,0,218,218,173,3781.481885833,NaN,NaN,NaN,NaN,NaN,NaN,NaN,,NaN,,3781.76690825,3781.93438075,3781.93438075,3781.93438075,3781.93438075,3781.93438075,3781.93438075,3781.93438075,3781.93438075,3781.93438075,3787.826538917,7,-7,4,2,4.04625679099991,2,4.74517254200055,3781.47995675,3781.481885833,3781.93438075,3781.766890375,NaN,NaN,NaN,NaN,,NaN,,3781.476534125,3781.47991125,None,NaN,NaN,,NaN,NaN,NaN,NaN,NaN,NaN,NaN,20,bathroom,1,2024-05-10_15h50.16.060,image_similarity_rating,2023.2.3,None,2024-05-10 15h50.35.189920 +0200
,113,114,271,271,stimuli/own/bathroom/113_bat.jpg,stimuli/own/bathroom/114_bat.jpg,NaN,NaN,NaN,NaN,NaN,NaN,NaN,NaN,0,219,219,270,3787.832005,NaN,NaN,NaN,NaN,NaN,NaN,NaN,,NaN,,3788.116692292,3788.281301292,3788.281301292,3788.281301292,3788.281301292,3788.281301292,3788.281301292,3788.281301292,3788.281301292,3788.281301292,3792.072071375,7,-7,4,2,3.775760042,4,2.66253420799967,3787.830182167,3787.832005,3788.281301292,3788.116679208,NaN,NaN,NaN,NaN,,NaN,,3787.8267605,3787.830136042,None,NaN,NaN,,NaN,NaN,NaN,NaN,NaN,NaN,NaN,20,bathroom,1,2024-05-10_15h50.16.060,image_similarity_rating,2023.2.3,None,2024-05-10 15h50.35.189920 +0200
,118,140,384,384,stimuli/own/bathroom/118_bat.jpg,stimuli/own/bathroom/140_bat.jpg,NaN,NaN,NaN,NaN,NaN,NaN,NaN,NaN,0,220,220,383,3792.082314417,NaN,NaN,NaN,NaN,NaN,NaN,NaN,,NaN,,3792.366727625,3792.530918333,3792.530918333,3792.530918333,3792.530918333,3792.530918333,3792.530918333,3792.530918333,3792.530918333,3792.530918333,3797.867976083,-7,7,4,2,5.1712272499999,1,3.45938837500034,3792.075707208,3792.082314417,3792.530918333,3792.366714875,NaN,NaN,NaN,NaN,,NaN,,3792.072289625,3792.075661167,None,NaN,NaN,,NaN,NaN,NaN,NaN,NaN,NaN,NaN,20,bathroom,1,2024-05-10_15h50.16.060,image_similarity_rating,2023.2.3,None,2024-05-10 15h50.35.189920 +0200
,101,141,34,34,stimuli/own/bathroom/101_bat.jpg,stimuli/own/bathroom/141_bat.jpg,NaN,NaN,NaN,NaN,NaN,NaN,NaN,NaN,0,221,221,33,3797.873664917,NaN,NaN,NaN,NaN,NaN,NaN,NaN,,NaN,,3798.166798042,3798.330530875,3798.330530875,3798.330530875,3798.330530875,3798.330530875,3798.330530875,3798.330530875,3798.330530875,3798.330530875,3815.052214917,7,-7,4,2,12.3438228749992,4,11.5203235420004,3797.871602167,3797.873664917,3798.330530875,3798.166784875,NaN,NaN,NaN,NaN,,NaN,,3797.868194542,3797.871556708,None,NaN,NaN,,NaN,NaN,NaN,NaN,NaN,NaN,NaN,20,bathroom,1,2024-05-10_15h50.16.060,image_similarity_rating,2023.2.3,None,2024-05-10 15h50.35.189920 +0200
,103,119,79,79,stimuli/own/bathroom/103_bat.jpg,stimuli/own/bathroom/119_bat.jpg,NaN,NaN,NaN,NaN,NaN,NaN,NaN,NaN,0,222,222,78,3815.057791083,NaN,NaN,NaN,NaN,NaN,NaN,NaN,,NaN,,3815.3500025,3815.514879,3815.514879,3815.514879,3815.514879,3815.514879,3815.514879,3815.514879,3815.514879,3815.514879,3826.851742125,7,-7,4,3,10.5338592079997,2,9.25609658300073,3815.055858958,3815.057791083,3815.514879,3815.349978458,NaN,NaN,NaN,NaN,,NaN,,3815.052436917,3815.05581325,None,NaN,NaN,,NaN,NaN,NaN,NaN,NaN,NaN,NaN,20,bathroom,1,2024-05-10_15h50.16.060,image_similarity_rating,2023.2.3,None,2024-05-10 15h50.35.189920 +0200
,121,132,434,434,stimuli/own/bathroom/121_bat.jpg,stimuli/own/bathroom/132_bat.jpg,NaN,NaN,NaN,NaN,NaN,NaN,NaN,NaN,0,223,223,433,3826.85728925,NaN,NaN,NaN,NaN,NaN,NaN,NaN,,NaN,,3827.150137583,3827.3185725,3827.3185725,3827.3185725,3827.3185725,3827.3185725,3827.3185725,3827.3185725,3827.3185725,3827.3185725,3843.538584875,-7,7,4,1,16.0699052919999,2,10.3709682079998,3826.855358042,3826.85728925,3827.3185725,3827.15012125,NaN,NaN,NaN,NaN,,NaN,,3826.851958042,3826.855311792,None,NaN,NaN,,NaN,NaN,NaN,NaN,NaN,NaN,NaN,20,bathroom,1,2024-05-10_15h50.16.060,image_similarity_rating,2023.2.3,None,2024-05-10 15h50.35.189920 +0200
,113,116,272,272,stimuli/own/bathroom/113_bat.jpg,stimuli/own/bathroom/116_bat.jpg,NaN,NaN,NaN,NaN,NaN,NaN,NaN,NaN,0,224,224,271,3843.548659125,NaN,NaN,NaN,NaN,NaN,NaN,NaN,,NaN,,3843.833404125,3844.00279925,3844.00279925,3844.00279925,3844.00279925,3844.00279925,3844.00279925,3844.00279925,3844.00279925,3844.00279925,3856.138060625,7,-7,4,2,10.4991132499999,1,2.62869462500021,3843.542245125,3843.548659125,3844.00279925,3843.833387125,NaN,NaN,NaN,NaN,,NaN,,3843.538802708,3843.542199167,None,NaN,NaN,,NaN,NaN,NaN,NaN,NaN,NaN,NaN,20,bathroom,1,2024-05-10_15h50.16.060,image_similarity_rating,2023.2.3,None,2024-05-10 15h50.35.189920 +0200
,116,140,341,341,stimuli/own/bathroom/116_bat.jpg,stimuli/own/bathroom/140_bat.jpg,NaN,NaN,NaN,NaN,NaN,NaN,NaN,NaN,0,225,225,340,3856.148610292,NaN,NaN,NaN,NaN,NaN,NaN,NaN,,NaN,,3856.433399708,3856.60324675,3856.60324675,3856.60324675,3856.60324675,3856.60324675,3856.60324675,3856.60324675,3856.60324675,3856.60324675,3860.209329542,-7,7,4,2,3.36755400000038,1,2.51012700000047,3856.141882792,3856.148610292,3856.60324675,3856.433382833,NaN,NaN,NaN,NaN,,NaN,,3856.138289167,3856.14183425,None,NaN,NaN,,NaN,NaN,NaN,NaN,NaN,NaN,NaN,20,bathroom,1,2024-05-10_15h50.16.060,image_similarity_rating,2023.2.3,None,2024-05-10 15h50.35.189920 +0200
,105,134,153,153,stimuli/own/bathroom/105_bat.jpg,stimuli/own/bathroom/134_bat.jpg,NaN,NaN,NaN,NaN,NaN,NaN,NaN,NaN,0,226,226,152,3860.215229375,NaN,NaN,NaN,NaN,NaN,NaN,NaN,,NaN,,3860.49997375,3860.668925292,3860.668925292,3860.668925292,3860.668925292,3860.668925292,3860.668925292,3860.668925292,3860.668925292,3860.668925292,3867.51434125,7,-7,4,2,6.11842595899998,1,2.54565654199996,3860.212969042,3860.215229375,3860.668925292,3860.499956458,NaN,NaN,NaN,NaN,,NaN,,3860.209551417,3860.212922625,None,NaN,NaN,,NaN,NaN,NaN,NaN,NaN,NaN,NaN,20,bathroom,1,2024-05-10_15h50.16.060,image_similarity_rating,2023.2.3,None,2024-05-10 15h50.35.189920 +0200
,119,131,396,396,stimuli/own/bathroom/119_bat.jpg,stimuli/own/bathroom/131_bat.jpg,NaN,NaN,NaN,NaN,NaN,NaN,NaN,NaN,0,227,227,395,3867.519784917,NaN,NaN,NaN,NaN,NaN,NaN,NaN,,NaN,,3867.803883125,3867.968989125,3867.968989125,3867.968989125,3867.968989125,3867.968989125,3867.968989125,3867.968989125,3867.968989125,3867.968989125,3876.289021333,-7,7,4,2,6.14990033300001,3,5.49684837500081,3867.518028958,3867.519784917,3867.968989125,3867.803866708,NaN,NaN,NaN,NaN,,NaN,,3867.514572625,3867.517982417,None,NaN,NaN,,NaN,NaN,NaN,NaN,NaN,NaN,NaN,20,bathroom,1,2024-05-10_15h50.16.060,image_similarity_rating,2023.2.3,None,2024-05-10 15h50.35.189920 +0200
,112,132,262,608,stimuli/own/bathroom/112_bat.jpg,stimuli/own/bathroom/132_bat.jpg,NaN,NaN,NaN,NaN,NaN,NaN,NaN,NaN,0,228,228,607,3876.298725708,NaN,NaN,NaN,NaN,NaN,NaN,NaN,,NaN,,3876.583273833,3876.746652042,3876.746652042,3876.746652042,3876.746652042,3876.746652042,3876.746652042,3876.746652042,3876.746652042,3876.746652042,3884.571979083,-7,7,4,2,6.61022841600061,3,5.90697366600034,3876.292785625,3876.298725708,3876.746652042,3876.583261083,NaN,NaN,NaN,NaN,,NaN,,3876.289249208,3876.292739833,None,NaN,NaN,,NaN,NaN,NaN,NaN,NaN,NaN,NaN,20,bathroom,1,2024-05-10_15h50.16.060,image_similarity_rating,2023.2.3,None,2024-05-10 15h50.35.189920 +0200
,112,138,267,267,stimuli/own/bathroom/112_bat.jpg,stimuli/own/bathroom/138_bat.jpg,NaN,NaN,NaN,NaN,NaN,NaN,NaN,NaN,0,229,229,266,3884.582057708,NaN,NaN,NaN,NaN,NaN,NaN,NaN,,NaN,,3884.866449583,3885.036924875,3885.036924875,3885.036924875,3885.036924875,3885.036924875,3885.036924875,3885.036924875,3885.036924875,3885.036924875,3891.076111708,-7,7,4,2,5.47570066699973,3,4.08083112500026,3884.575638458,3884.582057708,3885.036924875,3884.866432917,NaN,NaN,NaN,NaN,,NaN,,3884.5722,3884.57559225,None,NaN,NaN,,NaN,NaN,NaN,NaN,NaN,NaN,NaN,20,bathroom,1,2024-05-10_15h50.16.060,image_similarity_rating,2023.2.3,None,2024-05-10 15h50.35.189920 +0200
,131,132,551,551,stimuli/own/bathroom/131_bat.jpg,stimuli/own/bathroom/132_bat.jpg,NaN,NaN,NaN,NaN,NaN,NaN,NaN,NaN,0,230,230,550,3891.08166425,NaN,NaN,NaN,NaN,NaN,NaN,NaN,,NaN,,3891.366419792,3891.530463375,3891.530463375,3891.530463375,3891.530463375,3891.530463375,3891.530463375,3891.530463375,3891.530463375,3891.530463375,3898.417601542,-7,7,4,1,6.3958604999998,1,1.87903791600002,3891.07989425,3891.08166425,3891.530463375,3891.366406458,NaN,NaN,NaN,NaN,,NaN,,3891.076330333,3891.079848,None,NaN,NaN,,NaN,NaN,NaN,NaN,NaN,NaN,NaN,20,bathroom,1,2024-05-10_15h50.16.060,image_similarity_rating,2023.2.3,None,2024-05-10 15h50.35.189920 +0200
,122,140,458,458,stimuli/own/bathroom/122_bat.jpg,stimuli/own/bathroom/140_bat.jpg,NaN,NaN,NaN,NaN,NaN,NaN,NaN,NaN,0,231,231,457,3898.423156042,NaN,NaN,NaN,NaN,NaN,NaN,NaN,,NaN,,3898.716529833,3898.881456917,3898.881456917,3898.881456917,3898.881456917,3898.881456917,3898.881456917,3898.881456917,3898.881456917,3898.881456917,3923.947159167,7,-7,4,3,24.225863875,2,23.186882041,3898.421240292,3898.423156042,3898.881456917,3898.716515167,NaN,NaN,NaN,NaN,,NaN,,3898.417818708,3898.421194167,None,NaN,NaN,,NaN,NaN,NaN,NaN,NaN,NaN,NaN,20,bathroom,1,2024-05-10_15h50.16.060,image_similarity_rating,2023.2.3,None,2024-05-10 15h50.35.189920 +0200
,106,117,167,167,stimuli/own/bathroom/106_bat.jpg,stimuli/own/bathroom/117_bat.jpg,NaN,NaN,NaN,NaN,NaN,NaN,NaN,NaN,0,232,232,166,3923.952791458,NaN,NaN,NaN,NaN,NaN,NaN,NaN,,NaN,,3924.237310958,3924.404352833,3924.404352833,3924.404352833,3924.404352833,3924.404352833,3924.404352833,3924.404352833,3924.404352833,3924.404352833,3928.69263225,7,-7,4,2,4.23542345900023,1,3.51911312500033,3923.950857125,3923.952791458,3924.404352833,3924.237297875,NaN,NaN,NaN,NaN,,NaN,,3923.947386292,3923.950810875,None,NaN,NaN,,NaN,NaN,NaN,NaN,NaN,NaN,NaN,20,bathroom,1,2024-05-10_15h50.16.060,image_similarity_rating,2023.2.3,None,2024-05-10 15h50.35.189920 +0200
,116,134,335,335,stimuli/own/bathroom/116_bat.jpg,stimuli/own/bathroom/134_bat.jpg,NaN,NaN,NaN,NaN,NaN,NaN,NaN,NaN,0,233,233,334,3928.6981895,NaN,NaN,NaN,NaN,NaN,NaN,NaN,,NaN,,3928.983085417,3929.151057167,3929.151057167,3929.151057167,3929.151057167,3929.151057167,3929.151057167,3929.151057167,3929.151057167,3929.151057167,3931.917471417,-7,7,4,2,2.65106324999942,1,1.92524450000019,3928.69641225,3928.6981895,3929.151057167,3928.983068333,NaN,NaN,NaN,NaN,,NaN,,3928.69285175,3928.696365833,None,NaN,NaN,,NaN,NaN,NaN,NaN,NaN,NaN,NaN,20,bathroom,1,2024-05-10_15h50.16.060,image_similarity_rating,2023.2.3,None,2024-05-10 15h50.35.189920 +0200
,114,131,310,310,stimuli/own/bathroom/114_bat.jpg,stimuli/own/bathroom/131_bat.jpg,NaN,NaN,NaN,NaN,NaN,NaN,NaN,NaN,0,234,234,309,3931.922865625,NaN,NaN,NaN,NaN,NaN,NaN,NaN,,NaN,,3932.216371583,3932.38115775,3932.38115775,3932.38115775,3932.38115775,3932.38115775,3932.38115775,3932.38115775,3932.38115775,3932.38115775,3941.563686667,-7,7,4,2,4.38618225000027,1,3.4584915409996,3931.9211205,3931.922865625,3932.38115775,3932.216355958,NaN,NaN,NaN,NaN,,NaN,,3931.917689708,3931.921074042,None,NaN,NaN,,NaN,NaN,NaN,NaN,NaN,NaN,NaN,20,bathroom,1,2024-05-10_15h50.16.060,image_similarity_rating,2023.2.3,None,2024-05-10 15h50.35.189920 +0200
,102,127,55,55,stimuli/own/bathroom/102_bat.jpg,stimuli/own/bathroom/127_bat.jpg,NaN,NaN,NaN,NaN,NaN,NaN,NaN,NaN,0,235,235,54,3941.569304292,NaN,NaN,NaN,NaN,NaN,NaN,NaN,,NaN,,3941.853981208,3942.022390583,3942.022390583,3942.022390583,3942.022390583,3942.022390583,3942.022390583,3942.022390583,3942.022390583,3942.022390583,3947.067468042,7,-7,4,2,1.6917728340004,2,4.89672329199948,3941.567383083,3941.569304292,3942.022390583,3941.853966292,NaN,NaN,NaN,NaN,,NaN,,3941.563906583,3941.56733675,None,NaN,NaN,,NaN,NaN,NaN,NaN,NaN,NaN,NaN,20,bathroom,1,2024-05-10_15h50.16.060,image_similarity_rating,2023.2.3,None,2024-05-10 15h50.35.189920 +0200
,104,119,110,110,stimuli/own/bathroom/104_bat.jpg,stimuli/own/bathroom/119_bat.jpg,NaN,NaN,NaN,NaN,NaN,NaN,NaN,NaN,0,236,236,109,3947.073153375,NaN,NaN,NaN,NaN,NaN,NaN,NaN,,NaN,,3947.366424458,3947.535118208,3947.535118208,3947.535118208,3947.535118208,3947.535118208,3947.535118208,3947.535118208,3947.535118208,3947.535118208,3953.200724,-7,7,4,2,5.50271483400047,2,3.297084584,3947.071092708,3947.073153375,3947.535118208,3947.366407792,NaN,NaN,NaN,NaN,,NaN,,3947.067683917,3947.071046583,None,NaN,NaN,,NaN,NaN,NaN,NaN,NaN,NaN,NaN,20,bathroom,1,2024-05-10_15h50.16.060,image_similarity_rating,2023.2.3,None,2024-05-10 15h50.35.189920 +0200
,127,130,519,519,stimuli/own/bathroom/127_bat.jpg,stimuli/own/bathroom/130_bat.jpg,NaN,NaN,NaN,NaN,NaN,NaN,NaN,NaN,0,237,237,518,3953.206276958,NaN,NaN,NaN,NaN,NaN,NaN,NaN,,NaN,,3953.499698667,3953.668408292,3953.668408292,3953.668408292,3953.668408292,3953.668408292,3953.668408292,3953.668408292,3953.668408292,3953.668408292,3965.592989,-7,7,4,3,11.3733877499999,4,5.73518195799988,3953.204352458,3953.206276958,3953.668408292,3953.499681417,NaN,NaN,NaN,NaN,,NaN,,3953.200940625,3953.204306333,None,NaN,NaN,,NaN,NaN,NaN,NaN,NaN,NaN,NaN,20,bathroom,1,2024-05-10_15h50.16.060,image_similarity_rating,2023.2.3,None,2024-05-10 15h50.35.189920 +0200
,118,141,385,385,stimuli/own/bathroom/118_bat.jpg,stimuli/own/bathroom/141_bat.jpg,NaN,NaN,NaN,NaN,NaN,NaN,NaN,NaN,0,238,238,384,3965.614958833,NaN,NaN,NaN,NaN,NaN,NaN,NaN,,NaN,,3965.899152875,3966.067511417,3966.067511417,3966.067511417,3966.067511417,3966.067511417,3966.067511417,3966.067511417,3966.067511417,3966.067511417,3979.668397125,-7,7,4,2,9.71094125000036,3,6.18882174999999,3965.59676825,3965.614958833,NaN,3965.899126833,NaN,NaN,NaN,NaN,,NaN,,3965.593208833,3965.596721792,None,NaN,NaN,,NaN,NaN,NaN,NaN,NaN,NaN,NaN,20,bathroom,1,2024-05-10_15h50.16.060,image_similarity_rating,2023.2.3,None,2024-05-10 15h50.35.189920 +0200
,114,119,299,299,stimuli/own/bathroom/114_bat.jpg,stimuli/own/bathroom/119_bat.jpg,NaN,NaN,NaN,NaN,NaN,NaN,NaN,NaN,0,239,239,298,3979.673798833,NaN,NaN,NaN,NaN,NaN,NaN,NaN,,NaN,,3979.966182292,3980.134823125,3980.134823125,3980.134823125,3980.134823125,3980.134823125,3980.134823125,3980.134823125,3980.134823125,3980.134823125,3987.922200083,-7,7,4,2,7.73538312499932,1,2.10798391699973,3979.672029875,3979.673798833,3980.134823125,3979.966161792,NaN,NaN,NaN,NaN,,NaN,,3979.66862925,3979.671983917,None,NaN,NaN,,NaN,NaN,NaN,NaN,NaN,NaN,NaN,20,bathroom,1,2024-05-10_15h50.16.060,image_similarity_rating,2023.2.3,None,2024-05-10 15h50.35.189920 +0200
,113,141,295,295,stimuli/own/bathroom/113_bat.jpg,stimuli/own/bathroom/141_bat.jpg,NaN,NaN,NaN,NaN,NaN,NaN,NaN,NaN,0,240,240,294,3987.931703208,NaN,NaN,NaN,NaN,NaN,NaN,NaN,,NaN,,3988.216215792,3988.385463542,3988.385463542,3988.385463542,3988.385463542,3988.385463542,3988.385463542,3988.385463542,3988.385463542,3988.385463542,3994.933929375,-7,7,4,2,6.4739047919993,2,4.62915499999963,3987.925842417,3987.931703208,3988.385463542,3988.216199792,NaN,NaN,NaN,NaN,,NaN,,3987.922419167,3987.925796708,None,NaN,NaN,,NaN,NaN,NaN,NaN,NaN,NaN,NaN,20,bathroom,1,2024-05-10_15h50.16.060,image_similarity_rating,2023.2.3,None,2024-05-10 15h50.35.189920 +0200
,111,117,222,222,stimuli/own/bathroom/111_bat.jpg,stimuli/own/bathroom/117_bat.jpg,NaN,NaN,NaN,NaN,NaN,NaN,NaN,NaN,0,241,241,221,3994.939327167,NaN,NaN,NaN,NaN,NaN,NaN,NaN,,NaN,,3995.232862583,3995.398372708,3995.398372708,3995.398372708,3995.398372708,3995.398372708,3995.398372708,3995.398372708,3995.398372708,3995.398372708,4001.696939417,7,-7,4,1,6.13636533299996,2,3.85905945800005,3994.93757025,3994.939327167,3995.398372708,3995.232849792,NaN,NaN,NaN,NaN,,NaN,,3994.934149,3994.937524,None,NaN,NaN,,NaN,NaN,NaN,NaN,NaN,NaN,NaN,20,bathroom,1,2024-05-10_15h50.16.060,image_similarity_rating,2023.2.3,None,2024-05-10 15h50.35.189920 +0200
,136,139,583,601,stimuli/own/bathroom/136_bat.jpg,stimuli/own/bathroom/139_bat.jpg,NaN,NaN,NaN,NaN,NaN,NaN,NaN,NaN,0,242,242,600,4001.702697458,NaN,NaN,NaN,NaN,NaN,NaN,NaN,,NaN,,4001.986828542,4002.151022042,4002.151022042,4002.151022042,4002.151022042,4002.151022042,4002.151022042,4002.151022042,4002.151022042,4002.151022042,4007.488108,-7,7,4,1,4.94902391699998,2,2.21882633399946,4001.700759542,4001.702697458,4002.151022042,4001.986815208,NaN,NaN,NaN,NaN,,NaN,,4001.697176917,4001.700713042,None,NaN,NaN,,NaN,NaN,NaN,NaN,NaN,NaN,NaN,20,bathroom,1,2024-05-10_15h50.16.060,image_similarity_rating,2023.2.3,None,2024-05-10 15h50.35.189920 +0200
,109,139,215,215,stimuli/own/bathroom/109_bat.jpg,stimuli/own/bathroom/139_bat.jpg,NaN,NaN,NaN,NaN,NaN,NaN,NaN,NaN,0,243,243,214,4007.498379125,NaN,NaN,NaN,NaN,NaN,NaN,NaN,,NaN,,4007.783004083,4007.954417458,4007.954417458,4007.954417458,4007.954417458,4007.954417458,4007.954417458,4007.954417458,4007.954417458,4007.954417458,4015.317607625,7,-7,4,1,4.48696699999982,2,3.17453566599943,4007.491744833,4007.498379125,4007.954417458,4007.782982917,NaN,NaN,NaN,NaN,,NaN,,4007.488326792,4007.491698208,None,NaN,NaN,,NaN,NaN,NaN,NaN,NaN,NaN,NaN,20,bathroom,1,2024-05-10_15h50.16.060,image_similarity_rating,2023.2.3,None,2024-05-10 15h50.35.189920 +0200
,109,131,208,208,stimuli/own/bathroom/109_bat.jpg,stimuli/own/bathroom/131_bat.jpg,NaN,NaN,NaN,NaN,NaN,NaN,NaN,NaN,0,244,244,207,4015.32305025,NaN,NaN,NaN,NaN,NaN,NaN,NaN,,NaN,,4015.616147042,4015.783574542,4015.783574542,4015.783574542,4015.783574542,4015.783574542,4015.783574542,4015.783574542,4015.783574542,4015.783574542,4024.5089675,7,-7,4,2,8.26371379200009,1,6.46743808299925,4015.3212765,4015.32305025,4015.783574542,4015.616131208,NaN,NaN,NaN,NaN,,NaN,,4015.3178305,4015.321230458,None,NaN,NaN,,NaN,NaN,NaN,NaN,NaN,NaN,NaN,20,bathroom,1,2024-05-10_15h50.16.060,image_similarity_rating,2023.2.3,None,2024-05-10 15h50.35.189920 +0200
,109,129,206,206,stimuli/own/bathroom/109_bat.jpg,stimuli/own/bathroom/129_bat.jpg,NaN,NaN,NaN,NaN,NaN,NaN,NaN,NaN,0,245,245,205,4024.514514375,NaN,NaN,NaN,NaN,NaN,NaN,NaN,,NaN,,4024.799351292,4024.964057083,4024.964057083,4024.964057083,4024.964057083,4024.964057083,4024.964057083,4024.964057083,4024.964057083,4024.964057083,4040.538116625,7,-7,4,1,15.2402015839998,2,2.44032433399934,4024.512605458,4024.514514375,4024.964057083,4024.799338792,NaN,NaN,NaN,NaN,,NaN,,4024.509183333,4024.512559,None,NaN,NaN,,NaN,NaN,NaN,NaN,NaN,NaN,NaN,20,bathroom,1,2024-05-10_15h50.16.060,image_similarity_rating,2023.2.3,None,2024-05-10 15h50.35.189920 +0200
,102,123,51,51,stimuli/own/bathroom/102_bat.jpg,stimuli/own/bathroom/123_bat.jpg,NaN,NaN,NaN,NaN,NaN,NaN,NaN,NaN,0,246,246,50,4040.548058792,NaN,NaN,NaN,NaN,NaN,NaN,NaN,,NaN,,4040.832804792,4041.002863417,4041.002863417,4041.002863417,4041.002863417,4041.002863417,4041.002863417,4041.002863417,4041.002863417,4041.002863417,4052.997363167,-7,7,4,1,9.91892945899963,1,8.33703833299933,4040.541752542,4040.548058792,4041.002863417,4040.832784833,NaN,NaN,NaN,NaN,,NaN,,4040.538335333,4040.541706292,None,NaN,NaN,,NaN,NaN,NaN,NaN,NaN,NaN,NaN,20,bathroom,1,2024-05-10_15h50.16.060,image_similarity_rating,2023.2.3,None,2024-05-10 15h50.35.189920 +0200
,124,130,480,480,stimuli/own/bathroom/124_bat.jpg,stimuli/own/bathroom/130_bat.jpg,NaN,NaN,NaN,NaN,NaN,NaN,NaN,NaN,0,247,247,479,4053.003119125,NaN,NaN,NaN,NaN,NaN,NaN,NaN,,NaN,,4053.286508333,4053.449359333,4053.449359333,4053.449359333,4053.449359333,4053.449359333,4053.449359333,4053.449359333,4053.449359333,4053.449359333,4078.467237542,7,-7,4,2,24.2395846669997,4,16.417541666,4053.001185208,4053.003119125,4053.449359333,4053.286494958,NaN,NaN,NaN,NaN,,NaN,,4052.997583875,4053.001138458,None,NaN,NaN,,NaN,NaN,NaN,NaN,NaN,NaN,NaN,20,bathroom,1,2024-05-10_15h50.16.060,image_similarity_rating,2023.2.3,None,2024-05-10 15h50.35.189920 +0200
,123,125,461,461,stimuli/own/bathroom/123_bat.jpg,stimuli/own/bathroom/125_bat.jpg,NaN,NaN,NaN,NaN,NaN,NaN,NaN,NaN,0,248,248,460,4078.472998417,NaN,NaN,NaN,NaN,NaN,NaN,NaN,,NaN,,4078.765811958,4078.930429167,4078.930429167,4078.930429167,4078.930429167,4078.930429167,4078.930429167,4078.930429167,4078.930429167,4078.930429167,4089.55484125,-7,7,4,2,10.5600959999992,3,6.43123845799983,4078.471013625,4078.472998417,4078.930429167,4078.765796833,NaN,NaN,NaN,NaN,,NaN,,4078.467454625,4078.47096725,None,NaN,NaN,,NaN,NaN,NaN,NaN,NaN,NaN,NaN,20,bathroom,1,2024-05-10_15h50.16.060,image_similarity_rating,2023.2.3,None,2024-05-10 15h50.35.189920 +0200
,117,139,362,362,stimuli/own/bathroom/117_bat.jpg,stimuli/own/bathroom/139_bat.jpg,NaN,NaN,NaN,NaN,NaN,NaN,NaN,NaN,0,249,249,361,4089.564802458,NaN,NaN,NaN,NaN,NaN,NaN,NaN,,NaN,,4089.849869083,4090.014762542,4090.014762542,4090.014762542,4090.014762542,4090.014762542,4090.014762542,4090.014762542,4090.014762542,4090.014762542,4099.050629917,-7,7,4,2,8.87198079200061,4,8.02801295799964,4089.558474583,4089.564802458,4090.014762542,4089.849856042,NaN,NaN,NaN,NaN,,NaN,,4089.555059042,4089.5584285,None,NaN,NaN,,NaN,NaN,NaN,NaN,NaN,NaN,NaN,20,bathroom,1,2024-05-10_15h50.16.060,image_similarity_rating,2023.2.3,None,2024-05-10 15h50.35.189920 +0200
,126,139,515,515,stimuli/own/bathroom/126_bat.jpg,stimuli/own/bathroom/139_bat.jpg,NaN,NaN,NaN,NaN,NaN,NaN,NaN,NaN,0,250,250,514,4099.056150083,NaN,NaN,NaN,NaN,NaN,NaN,NaN,,NaN,,4099.34911775,4099.513966708,4099.513966708,4099.513966708,4099.513966708,4099.513966708,4099.513966708,4099.513966708,4099.513966708,4099.513966708,4105.517249917,7,-7,4,3,5.91968233399984,4,4.00346762499976,4099.054230542,4099.056150083,4099.513966708,4099.349099458,NaN,NaN,NaN,NaN,,NaN,,4099.050847958,4099.054184625,None,NaN,NaN,,NaN,NaN,NaN,NaN,NaN,NaN,NaN,20,bathroom,1,2024-05-10_15h50.16.060,image_similarity_rating,2023.2.3,None,2024-05-10 15h50.35.189920 +0200
,101,137,30,30,stimuli/own/bathroom/101_bat.jpg,stimuli/own/bathroom/137_bat.jpg,NaN,NaN,NaN,NaN,NaN,NaN,NaN,NaN,0,251,251,29,4105.522821333,NaN,NaN,NaN,NaN,NaN,NaN,NaN,,NaN,,4105.816034375,4105.980927958,4105.980927958,4105.980927958,4105.980927958,4105.980927958,4105.980927958,4105.980927958,4105.980927958,4105.980927958,4114.516925958,7,-7,4,2,8.4348535830004,2,6.9927804580002,4105.520907542,4105.522821333,4105.980927958,4105.816020875,NaN,NaN,NaN,NaN,,NaN,,4105.517467417,4105.520858792,None,NaN,NaN,,NaN,NaN,NaN,NaN,NaN,NaN,NaN,20,bathroom,1,2024-05-10_15h50.16.060,image_similarity_rating,2023.2.3,None,2024-05-10 15h50.35.189920 +0200
,109,132,209,209,stimuli/own/bathroom/109_bat.jpg,stimuli/own/bathroom/132_bat.jpg,NaN,NaN,NaN,NaN,NaN,NaN,NaN,NaN,0,252,252,208,4114.522755292,NaN,NaN,NaN,NaN,NaN,NaN,NaN,,NaN,,4194.95354275,4195.119354625,4195.119354625,4195.119354625,4195.119354625,4195.119354625,4195.119354625,4195.119354625,4195.119354625,4195.119354625,4203.417740333,-7,7,5,2,8.17201683299936,1,6.3108973340004,4194.666280417,4194.66957925,4195.119354625,4194.953530292,NaN,NaN,NaN,NaN,,NaN,,4114.517141667,4194.665935917,space,4114.522755292,80.142730042,None,NaN,NaN,NaN,NaN,NaN,NaN,NaN,20,bathroom,1,2024-05-10_15h50.16.060,image_similarity_rating,2023.2.3,None,2024-05-10 15h50.35.189920 +0200
,116,117,320,320,stimuli/own/bathroom/116_bat.jpg,stimuli/own/bathroom/117_bat.jpg,NaN,NaN,NaN,NaN,NaN,NaN,NaN,NaN,0,253,253,319,4203.423974167,NaN,NaN,NaN,NaN,NaN,NaN,NaN,,NaN,,4203.715423,4203.886288583,4203.886288583,4203.886288583,4203.886288583,4203.886288583,4203.886288583,4203.886288583,4203.886288583,4203.886288583,4209.049899583,-7,7,5,2,5.07832954200057,1,4.33337500000016,4203.422026,4203.423974167,4203.886288583,4203.715404708,NaN,NaN,NaN,NaN,,NaN,,4203.417962875,4203.421977708,None,NaN,NaN,,NaN,NaN,NaN,NaN,NaN,NaN,NaN,20,bathroom,1,2024-05-10_15h50.16.060,image_similarity_rating,2023.2.3,None,2024-05-10 15h50.35.189920 +0200
,134,137,570,570,stimuli/own/bathroom/134_bat.jpg,stimuli/own/bathroom/137_bat.jpg,NaN,NaN,NaN,NaN,NaN,NaN,NaN,NaN,0,254,254,569,4209.055514458,NaN,NaN,NaN,NaN,NaN,NaN,NaN,,NaN,,4209.348796542,4209.519421,4209.519421,4209.519421,4209.519421,4209.519421,4209.519421,4209.519421,4209.519421,4209.519421,4212.72967575,7,-7,5,2,3.07387433399981,1,2.1836328749996,4209.053531167,4209.055514458,4209.519421,4209.348780417,NaN,NaN,NaN,NaN,,NaN,,4209.050116208,4209.053485292,None,NaN,NaN,,NaN,NaN,NaN,NaN,NaN,NaN,NaN,20,bathroom,1,2024-05-10_15h50.16.060,image_similarity_rating,2023.2.3,None,2024-05-10 15h50.35.189920 +0200
,124,126,477,477,stimuli/own/bathroom/124_bat.jpg,stimuli/own/bathroom/126_bat.jpg,NaN,NaN,NaN,NaN,NaN,NaN,NaN,NaN,0,255,255,476,4212.735302458,NaN,NaN,NaN,NaN,NaN,NaN,NaN,,NaN,,4213.019826333,4213.184382542,4213.184382542,4213.184382542,4213.184382542,4213.184382542,4213.184382542,4213.184382542,4213.184382542,4213.184382542,4227.529778792,-7,7,5,2,11.5270492910004,2,12.2955012080001,4212.733355333,4212.735302458,4213.184382542,4213.019813708,NaN,NaN,NaN,NaN,,NaN,,4212.729921708,4212.733308542,None,NaN,NaN,,NaN,NaN,NaN,NaN,NaN,NaN,NaN,20,bathroom,1,2024-05-10_15h50.16.060,image_similarity_rating,2023.2.3,None,2024-05-10 15h50.35.189920 +0200
,112,131,261,261,stimuli/own/bathroom/112_bat.jpg,stimuli/own/bathroom/131_bat.jpg,NaN,NaN,NaN,NaN,NaN,NaN,NaN,NaN,0,256,256,260,4227.535401875,NaN,NaN,NaN,NaN,NaN,NaN,NaN,,NaN,,4227.819312042,4227.9815815,4227.9815815,4227.9815815,4227.9815815,4227.9815815,4227.9815815,4227.9815815,4227.9815815,4227.9815815,4237.441888708,7,-7,5,1,6.74730733399974,1,9.2974051250003,4227.533477917,4227.535401875,4227.9815815,4227.819298583,NaN,NaN,NaN,NaN,,NaN,,4227.530018375,4227.533431667,None,NaN,NaN,,NaN,NaN,NaN,NaN,NaN,NaN,NaN,20,bathroom,1,2024-05-10_15h50.16.060,image_similarity_rating,2023.2.3,None,2024-05-10 15h50.35.189920 +0200
,112,137,266,266,stimuli/own/bathroom/112_bat.jpg,stimuli/own/bathroom/137_bat.jpg,NaN,NaN,NaN,NaN,NaN,NaN,NaN,NaN,0,257,257,265,4237.447387042,NaN,NaN,NaN,NaN,NaN,NaN,NaN,,NaN,,4237.732063417,4237.901295042,4237.901295042,4237.901295042,4237.901295042,4237.901295042,4237.901295042,4237.901295042,4237.901295042,4237.901295042,4245.713421583,7,-7,5,1,4.98151579200021,1,7.47483566699975,4237.445538625,4237.447387042,4237.901295042,4237.732046125,NaN,NaN,NaN,NaN,,NaN,,4237.442110042,4237.445492958,None,NaN,NaN,,NaN,NaN,NaN,NaN,NaN,NaN,NaN,20,bathroom,1,2024-05-10_15h50.16.060,image_similarity_rating,2023.2.3,None,2024-05-10 15h50.35.189920 +0200
,104,127,118,118,stimuli/own/bathroom/104_bat.jpg,stimuli/own/bathroom/127_bat.jpg,NaN,NaN,NaN,NaN,NaN,NaN,NaN,NaN,0,258,258,117,4245.719169083,NaN,NaN,NaN,NaN,NaN,NaN,NaN,,NaN,,4246.002625167,4246.168485667,4246.168485667,4246.168485667,4246.168485667,4246.168485667,4246.168485667,4246.168485667,4246.168485667,4246.168485667,4255.449751375,7,-7,5,2,6.01392154099995,1,8.35927037500005,4245.717255042,4245.719169083,4246.168485667,4246.002611792,NaN,NaN,NaN,NaN,,NaN,,4245.713640917,4245.717208375,None,NaN,NaN,,NaN,NaN,NaN,NaN,NaN,NaN,NaN,20,bathroom,1,2024-05-10_15h50.16.060,image_similarity_rating,2023.2.3,None,2024-05-10 15h50.35.189920 +0200
,112,118,249,249,stimuli/own/bathroom/112_bat.jpg,stimuli/own/bathroom/118_bat.jpg,NaN,NaN,NaN,NaN,NaN,NaN,NaN,NaN,0,259,259,248,4255.45515375,NaN,NaN,NaN,NaN,NaN,NaN,NaN,,NaN,,4255.74961825,4255.914267125,4255.914267125,4255.914267125,4255.914267125,4255.914267125,4255.914267125,4255.914267125,4255.914267125,4255.914267125,4261.15848275,-7,7,5,1,5.20357183299984,1,2.1140666249994,4255.453384542,4255.45515375,4255.914267125,4255.749605625,NaN,NaN,NaN,NaN,,NaN,,4255.449971,4255.453338208,None,NaN,NaN,,NaN,NaN,NaN,NaN,NaN,NaN,NaN,20,bathroom,1,2024-05-10_15h50.16.060,image_similarity_rating,2023.2.3,None,2024-05-10 15h50.35.189920 +0200
,102,116,44,44,stimuli/own/bathroom/102_bat.jpg,stimuli/own/bathroom/116_bat.jpg,NaN,NaN,NaN,NaN,NaN,NaN,NaN,NaN,0,260,260,43,4261.163904625,NaN,NaN,NaN,NaN,NaN,NaN,NaN,,NaN,,4261.448557125,4261.614186583,4261.614186583,4261.614186583,4261.614186583,4261.614186583,4261.614186583,4261.614186583,4261.614186583,4261.614186583,4279.004005375,-7,7,5,1,7.11691604200041,2,14.8651394589997,4261.162092833,4261.163904625,4261.614186583,4261.448541833,NaN,NaN,NaN,NaN,,NaN,,4261.158699083,4261.162047,None,NaN,NaN,,NaN,NaN,NaN,NaN,NaN,NaN,NaN,20,bathroom,1,2024-05-10_15h50.16.060,image_similarity_rating,2023.2.3,None,2024-05-10 15h50.35.189920 +0200
,106,139,187,187,stimuli/own/bathroom/106_bat.jpg,stimuli/own/bathroom/139_bat.jpg,NaN,NaN,NaN,NaN,NaN,NaN,NaN,NaN,0,261,261,186,4279.013975208,NaN,NaN,NaN,NaN,NaN,NaN,NaN,,NaN,,4279.298627125,4279.463778792,4279.463778792,4279.463778792,4279.463778792,4279.463778792,4279.463778792,4279.463778792,4279.463778792,4279.463778792,4291.149774625,7,-7,5,1,2.28077487500013,3,11.5496316250001,4279.007658625,4279.013975208,4279.463778792,4279.298607792,NaN,NaN,NaN,NaN,,NaN,,4279.004223833,4279.007613417,None,NaN,NaN,,NaN,NaN,NaN,NaN,NaN,NaN,NaN,20,bathroom,1,2024-05-10_15h50.16.060,image_similarity_rating,2023.2.3,None,2024-05-10 15h50.35.189920 +0200
,103,116,76,76,stimuli/own/bathroom/103_bat.jpg,stimuli/own/bathroom/116_bat.jpg,NaN,NaN,NaN,NaN,NaN,NaN,NaN,NaN,0,262,262,75,4291.155218125,NaN,NaN,NaN,NaN,NaN,NaN,NaN,,NaN,,4291.448518708,4291.614143417,4291.614143417,4291.614143417,4291.614143417,4291.614143417,4291.614143417,4291.614143417,4291.614143417,4291.614143417,4305.820713458,-7,7,5,2,4.61683650000032,5,13.4328836660006,4291.153402375,4291.155218125,4291.614143417,4291.448504333,NaN,NaN,NaN,NaN,,NaN,,4291.149990083,4291.153356167,None,NaN,NaN,,NaN,NaN,NaN,NaN,NaN,NaN,NaN,20,bathroom,1,2024-05-10_15h50.16.060,image_similarity_rating,2023.2.3,None,2024-05-10 15h50.35.189920 +0200
,118,125,371,371,stimuli/own/bathroom/118_bat.jpg,stimuli/own/bathroom/125_bat.jpg,NaN,NaN,NaN,NaN,NaN,NaN,NaN,NaN,0,263,263,370,4305.830791,NaN,NaN,NaN,NaN,NaN,NaN,NaN,,NaN,,4306.115209292,4306.282557208,4306.282557208,4306.282557208,4306.282557208,4306.282557208,4306.282557208,4306.282557208,4306.282557208,4306.282557208,4318.458443125,-7,7,5,1,9.87674479199995,1,10.962973916,4305.824355708,4305.830791,4306.282557208,4306.115185458,NaN,NaN,NaN,NaN,,NaN,,4305.820932375,4305.82430925,None,NaN,NaN,,NaN,NaN,NaN,NaN,NaN,NaN,NaN,20,bathroom,1,2024-05-10_15h50.16.060,image_similarity_rating,2023.2.3,None,2024-05-10 15h50.35.189920 +0200
,104,137,126,126,stimuli/own/bathroom/104_bat.jpg,stimuli/own/bathroom/137_bat.jpg,NaN,NaN,NaN,NaN,NaN,NaN,NaN,NaN,0,264,264,125,4318.480779542,NaN,NaN,NaN,NaN,NaN,NaN,NaN,,NaN,,4318.764796292,4318.9370405,4318.9370405,4318.9370405,4318.9370405,4318.9370405,4318.9370405,4318.9370405,4318.9370405,4318.9370405,4324.370688875,7,-7,5,1,5.35200441699999,1,3.74876458300059,4318.462091417,4318.480779542,NaN,4318.764770667,NaN,NaN,NaN,NaN,,NaN,,4318.45866,4318.462044958,None,NaN,NaN,,NaN,NaN,NaN,NaN,NaN,NaN,NaN,20,bathroom,1,2024-05-10_15h50.16.060,image_similarity_rating,2023.2.3,None,2024-05-10 15h50.35.189920 +0200
,127,141,529,529,stimuli/own/bathroom/127_bat.jpg,stimuli/own/bathroom/141_bat.jpg,NaN,NaN,NaN,NaN,NaN,NaN,NaN,NaN,0,265,265,528,4324.380546167,NaN,NaN,NaN,NaN,NaN,NaN,NaN,,NaN,,4324.665038625,4324.834850833,4324.834850833,4324.834850833,4324.834850833,4324.834850833,4324.834850833,4324.834850833,4324.834850833,4324.834850833,4336.841534417,7,-7,5,2,10.0680952079992,1,7.15962420799951,4324.374348792,4324.380546167,4324.834850833,4324.665021583,NaN,NaN,NaN,NaN,,NaN,,4324.370903292,4324.374302458,None,NaN,NaN,,NaN,NaN,NaN,NaN,NaN,NaN,NaN,20,bathroom,1,2024-05-10_15h50.16.060,image_similarity_rating,2023.2.3,None,2024-05-10 15h50.35.189920 +0200
,114,135,313,313,stimuli/own/bathroom/114_bat.jpg,stimuli/own/bathroom/135_bat.jpg,NaN,NaN,NaN,NaN,NaN,NaN,NaN,NaN,0,266,266,312,4336.847108167,NaN,NaN,NaN,NaN,NaN,NaN,NaN,,NaN,,4337.131654583,4337.295222125,4337.295222125,4337.295222125,4337.295222125,4337.295222125,4337.295222125,4337.295222125,4337.295222125,4337.295222125,4357.979395583,-7,7,5,2,11.6924703340001,3,20.5092620830001,4336.84518375,4336.847108167,4337.295222125,4337.131640958,NaN,NaN,NaN,NaN,,NaN,,4336.841756375,4336.845137875,None,NaN,NaN,,NaN,NaN,NaN,NaN,NaN,NaN,NaN,20,bathroom,1,2024-05-10_15h50.16.060,image_similarity_rating,2023.2.3,None,2024-05-10 15h50.35.189920 +0200
,117,119,344,344,stimuli/own/bathroom/117_bat.jpg,stimuli/own/bathroom/119_bat.jpg,NaN,NaN,NaN,NaN,NaN,NaN,NaN,NaN,0,267,267,343,4357.985024583,NaN,NaN,NaN,NaN,NaN,NaN,NaN,,NaN,,4358.269286417,4358.440336625,4358.440336625,4358.440336625,4358.440336625,4358.440336625,4358.440336625,4358.440336625,4358.440336625,4358.440336625,4373.849571458,7,-7,5,2,10.6571494999998,3,12.9209022499999,4357.9830945,4357.985024583,4358.440336625,4358.269272042,NaN,NaN,NaN,NaN,,NaN,,4357.979626333,4357.983047792,None,NaN,NaN,,NaN,NaN,NaN,NaN,NaN,NaN,NaN,20,bathroom,1,2024-05-10_15h50.16.060,image_similarity_rating,2023.2.3,None,2024-05-10 15h50.35.189920 +0200
,104,112,104,104,stimuli/own/bathroom/104_bat.jpg,stimuli/own/bathroom/112_bat.jpg,NaN,NaN,NaN,NaN,NaN,NaN,NaN,NaN,0,268,268,103,4373.855154292,NaN,NaN,NaN,NaN,NaN,NaN,NaN,,NaN,,4374.148386292,4374.313554917,4374.313554917,4374.313554917,4374.313554917,4374.313554917,4374.313554917,4374.313554917,4374.313554917,4374.313554917,4379.19574825,-7,7,5,2,4.68531316600001,1,3.17527983299988,4373.853219667,4373.855154292,4374.313554917,4374.148371458,NaN,NaN,NaN,NaN,,NaN,,4373.84979125,4373.853173708,None,NaN,NaN,,NaN,NaN,NaN,NaN,NaN,NaN,NaN,20,bathroom,1,2024-05-10_15h50.16.060,image_similarity_rating,2023.2.3,None,2024-05-10 15h50.35.189920 +0200
,104,117,108,108,stimuli/own/bathroom/104_bat.jpg,stimuli/own/bathroom/117_bat.jpg,NaN,NaN,NaN,NaN,NaN,NaN,NaN,NaN,0,269,269,107,4379.201367083,NaN,NaN,NaN,NaN,NaN,NaN,NaN,,NaN,,4379.485356292,4379.648041083,4379.648041083,4379.648041083,4379.648041083,4379.648041083,4379.648041083,4379.648041083,4379.648041083,4379.648041083,4393.916028917,7,-7,5,2,10.2971176659994,3,14.0814171249995,4379.199445583,4379.201367083,4379.648041083,4379.48534325,NaN,NaN,NaN,NaN,,NaN,,4379.195982833,4379.199398917,None,NaN,NaN,,NaN,NaN,NaN,NaN,NaN,NaN,NaN,20,bathroom,1,2024-05-10_15h50.16.060,image_similarity_rating,2023.2.3,None,2024-05-10 15h50.35.189920 +0200
,105,140,159,159,stimuli/own/bathroom/105_bat.jpg,stimuli/own/bathroom/140_bat.jpg,NaN,NaN,NaN,NaN,NaN,NaN,NaN,NaN,0,270,270,158,4393.921665708,NaN,NaN,NaN,NaN,NaN,NaN,NaN,,NaN,,4394.214850375,4394.379797292,4394.379797292,4394.379797292,4394.379797292,4394.379797292,4394.379797292,4394.379797292,4394.379797292,4394.379797292,4412.012479292,7,-7,5,2,9.65297166699929,1,3.08355225000014,4393.919748708,4393.921665708,4394.379797292,4394.214832667,NaN,NaN,NaN,NaN,,NaN,,4393.916245792,4393.919702667,None,NaN,NaN,,NaN,NaN,NaN,NaN,NaN,NaN,NaN,20,bathroom,1,2024-05-10_15h50.16.060,image_similarity_rating,2023.2.3,None,2024-05-10 15h50.35.189920 +0200
,103,118,78,78,stimuli/own/bathroom/103_bat.jpg,stimuli/own/bathroom/118_bat.jpg,NaN,NaN,NaN,NaN,NaN,NaN,NaN,NaN,0,271,271,77,4412.017957667,NaN,NaN,NaN,NaN,NaN,NaN,NaN,,NaN,,4412.302248333,4412.466675917,4412.466675917,4412.466675917,4412.466675917,4412.466675917,4412.466675917,4412.466675917,4412.466675917,4412.466675917,4420.632617708,-7,7,5,1,8.11388583299959,1,5.27785995800059,4412.016188125,4412.017957667,4412.466675917,4412.3022365,NaN,NaN,NaN,NaN,,NaN,,4412.012724542,4412.016141,None,NaN,NaN,,NaN,NaN,NaN,NaN,NaN,NaN,NaN,20,bathroom,1,2024-05-10_15h50.16.060,image_similarity_rating,2023.2.3,None,2024-05-10 15h50.35.189920 +0200
,116,118,321,321,stimuli/own/bathroom/116_bat.jpg,stimuli/own/bathroom/118_bat.jpg,NaN,NaN,NaN,NaN,NaN,NaN,NaN,NaN,0,272,272,320,4420.638181708,NaN,NaN,NaN,NaN,NaN,NaN,NaN,,NaN,,4420.931853917,4421.104441583,4421.104441583,4421.104441583,4421.104441583,4421.104441583,4421.104441583,4421.104441583,4421.104441583,4421.104441583,4432.878904458,7,-7,5,1,8.82728254099948,2,6.90473862500039,4420.636245833,4420.638181708,4421.104441583,4420.931829458,NaN,NaN,NaN,NaN,,NaN,,4420.632834042,4420.636199792,None,NaN,NaN,,NaN,NaN,NaN,NaN,NaN,NaN,NaN,20,bathroom,1,2024-05-10_15h50.16.060,image_similarity_rating,2023.2.3,None,2024-05-10 15h50.35.189920 +0200
,119,126,392,392,stimuli/own/bathroom/119_bat.jpg,stimuli/own/bathroom/126_bat.jpg,NaN,NaN,NaN,NaN,NaN,NaN,NaN,NaN,0,273,273,391,4432.884537042,NaN,NaN,NaN,NaN,NaN,NaN,NaN,,NaN,,4433.168666667,4433.332290792,4433.332290792,4433.332290792,4433.332290792,4433.332290792,4433.332290792,4433.332290792,4433.332290792,4433.332290792,4440.928954833,7,-7,5,1,7.45667329200023,1,4.53343454199967,4432.882762333,4432.884537042,4433.332290792,4433.168650167,NaN,NaN,NaN,NaN,,NaN,,4432.879142083,4432.882715792,None,NaN,NaN,,NaN,NaN,NaN,NaN,NaN,NaN,NaN,20,bathroom,1,2024-05-10_15h50.16.060,image_similarity_rating,2023.2.3,None,2024-05-10 15h50.35.189920 +0200
,125,134,497,497,stimuli/own/bathroom/125_bat.jpg,stimuli/own/bathroom/134_bat.jpg,NaN,NaN,NaN,NaN,NaN,NaN,NaN,NaN,0,274,274,496,4440.934686833,NaN,NaN,NaN,NaN,NaN,NaN,NaN,,NaN,,4441.219642625,4441.389876375,4441.389876375,4441.389876375,4441.389876375,4441.389876375,4441.389876375,4441.389876375,4441.389876375,4441.389876375,4447.60789725,7,-7,5,2,6.12930729199979,2,4.01043595800002,4440.932675042,4440.934686833,4441.389876375,4441.219628375,NaN,NaN,NaN,NaN,,NaN,,4440.929210333,4440.932628375,None,NaN,NaN,,NaN,NaN,NaN,NaN,NaN,NaN,NaN,20,bathroom,1,2024-05-10_15h50.16.060,image_similarity_rating,2023.2.3,None,2024-05-10 15h50.35.189920 +0200
,111,112,218,218,stimuli/own/bathroom/111_bat.jpg,stimuli/own/bathroom/112_bat.jpg,NaN,NaN,NaN,NaN,NaN,NaN,NaN,NaN,0,275,275,217,4447.613716958,NaN,NaN,NaN,NaN,NaN,NaN,NaN,,NaN,,4447.898682292,4448.063252333,4448.063252333,4448.063252333,4448.063252333,4448.063252333,4448.063252333,4448.063252333,4448.063252333,4448.063252333,4456.887543083,-7,7,5,2,7.02127158300027,3,5.85970833400006,4447.611558458,4447.613716958,4448.063252333,4447.898669625,NaN,NaN,NaN,NaN,,NaN,,4447.608115958,4447.611512583,None,NaN,NaN,,NaN,NaN,NaN,NaN,NaN,NaN,NaN,20,bathroom,1,2024-05-10_15h50.16.060,image_similarity_rating,2023.2.3,None,2024-05-10 15h50.35.189920 +0200
,135,139,578,578,stimuli/own/bathroom/135_bat.jpg,stimuli/own/bathroom/139_bat.jpg,NaN,NaN,NaN,NaN,NaN,NaN,NaN,NaN,0,276,276,577,4456.896938833,NaN,NaN,NaN,NaN,NaN,NaN,NaN,,NaN,,4457.18141125,4457.351498333,4457.351498333,4457.351498333,4457.351498333,4457.351498333,4457.351498333,4457.351498333,4457.351498333,4457.351498333,4461.732481333,7,-7,5,2,3.38121816600051,3,2.5232322920001,4456.891191333,4456.896938833,4457.351498333,4457.181390125,NaN,NaN,NaN,NaN,,NaN,,4456.88776475,4456.891144708,None,NaN,NaN,,NaN,NaN,NaN,NaN,NaN,NaN,NaN,20,bathroom,1,2024-05-10_15h50.16.060,image_similarity_rating,2023.2.3,None,2024-05-10 15h50.35.189920 +0200
,135,140,579,579,stimuli/own/bathroom/135_bat.jpg,stimuli/own/bathroom/140_bat.jpg,NaN,NaN,NaN,NaN,NaN,NaN,NaN,NaN,0,277,277,578,4461.737933083,NaN,NaN,NaN,NaN,NaN,NaN,NaN,,NaN,,4462.031435292,4462.197451708,4462.197451708,4462.197451708,4462.197451708,4462.197451708,4462.197451708,4462.197451708,4462.197451708,4462.197451708,4483.241347792,-7,7,5,2,6.2528704589995,3,4.44355575000009,4461.736112208,4461.737933083,4462.197451708,4462.031420667,NaN,NaN,NaN,NaN,,NaN,,4461.732701083,4461.7360665,None,NaN,NaN,,NaN,NaN,NaN,NaN,NaN,NaN,NaN,20,bathroom,1,2024-05-10_15h50.16.060,image_similarity_rating,2023.2.3,None,2024-05-10 15h50.35.189920 +0200
,102,125,53,53,stimuli/own/bathroom/102_bat.jpg,stimuli/own/bathroom/125_bat.jpg,NaN,NaN,NaN,NaN,NaN,NaN,NaN,NaN,0,278,278,52,4483.263879583,NaN,NaN,NaN,NaN,NaN,NaN,NaN,,NaN,,4483.547507625,4483.713774625,4483.713774625,4483.713774625,4483.713774625,4483.713774625,4483.713774625,4483.713774625,4483.713774625,4483.713774625,4494.882552417,-7,7,5,2,11.0361803750002,3,5.37815787499949,4483.245011417,4483.263879583,NaN,4483.547489375,NaN,NaN,NaN,NaN,,NaN,,4483.241569167,4483.244964792,None,NaN,NaN,,NaN,NaN,NaN,NaN,NaN,NaN,NaN,20,bathroom,1,2024-05-10_15h50.16.060,image_similarity_rating,2023.2.3,None,2024-05-10 15h50.35.189920 +0200
,101,127,22,22,stimuli/own/bathroom/101_bat.jpg,stimuli/own/bathroom/127_bat.jpg,NaN,NaN,NaN,NaN,NaN,NaN,NaN,NaN,0,279,279,21,4494.887965208,NaN,NaN,NaN,NaN,NaN,NaN,NaN,,NaN,,4495.181220333,4495.345081333,4495.345081333,4495.345081333,4495.345081333,4495.345081333,4495.345081333,4495.345081333,4495.345081333,4495.345081333,4507.362241333,7,-7,5,1,11.3747151669995,1,3.96758325000064,4494.886197042,4494.887965208,4495.345081333,4495.181206583,NaN,NaN,NaN,NaN,,NaN,,4494.882782042,4494.886151125,None,NaN,NaN,,NaN,NaN,NaN,NaN,NaN,NaN,NaN,20,bathroom,1,2024-05-10_15h50.16.060,image_similarity_rating,2023.2.3,None,2024-05-10 15h50.35.189920 +0200
,121,123,426,426,stimuli/own/bathroom/121_bat.jpg,stimuli/own/bathroom/123_bat.jpg,NaN,NaN,NaN,NaN,NaN,NaN,NaN,NaN,0,280,280,425,4507.368138208,NaN,NaN,NaN,NaN,NaN,NaN,NaN,,NaN,,4507.652081875,4507.81718975,4507.81718975,4507.81718975,4507.81718975,4507.81718975,4507.81718975,4507.81718975,4507.81718975,4507.81718975,4515.978972292,-7,7,5,2,7.37174804200004,3,3.37393504200008,4507.366040708,4507.368138208,4507.81718975,4507.652069792,NaN,NaN,NaN,NaN,,NaN,,4507.362476958,4507.365994708,None,NaN,NaN,,NaN,NaN,NaN,NaN,NaN,NaN,NaN,20,bathroom,1,2024-05-10_15h50.16.060,image_similarity_rating,2023.2.3,None,2024-05-10 15h50.35.189920 +0200
,114,141,319,319,stimuli/own/bathroom/114_bat.jpg,stimuli/own/bathroom/141_bat.jpg,NaN,NaN,NaN,NaN,NaN,NaN,NaN,NaN,0,281,281,318,4515.984669625,NaN,NaN,NaN,NaN,NaN,NaN,NaN,,NaN,,4516.268842625,4516.438991625,4516.438991625,4516.438991625,4516.438991625,4516.438991625,4516.438991625,4516.438991625,4516.438991625,4516.438991625,4522.524352208,7,-7,5,1,3.58585254100035,3,1.99994262499968,4515.982908208,4515.984669625,4516.438991625,4516.268828,NaN,NaN,NaN,NaN,,NaN,,4515.979213583,4515.982858458,None,NaN,NaN,,NaN,NaN,NaN,NaN,NaN,NaN,NaN,20,bathroom,1,2024-05-10_15h50.16.060,image_similarity_rating,2023.2.3,None,2024-05-10 15h50.35.189920 +0200
,113,120,276,276,stimuli/own/bathroom/113_bat.jpg,stimuli/own/bathroom/120_bat.jpg,NaN,NaN,NaN,NaN,NaN,NaN,NaN,NaN,0,282,282,275,4522.529825667,NaN,NaN,NaN,NaN,NaN,NaN,NaN,,NaN,,4522.814463667,4522.978339875,4522.978339875,4522.978339875,4522.978339875,4522.978339875,4522.978339875,4522.978339875,4522.978339875,4522.978339875,4532.319920333,-7,7,5,2,8.63746320900009,2,7.0386130830002,4522.527986208,4522.529825667,4522.978339875,4522.81445075,NaN,NaN,NaN,NaN,,NaN,,4522.524571917,4522.527940417,None,NaN,NaN,,NaN,NaN,NaN,NaN,NaN,NaN,NaN,20,bathroom,1,2024-05-10_15h50.16.060,image_similarity_rating,2023.2.3,None,2024-05-10 15h50.35.189920 +0200
,104,131,121,614,stimuli/own/bathroom/104_bat.jpg,stimuli/own/bathroom/131_bat.jpg,NaN,NaN,NaN,NaN,NaN,NaN,NaN,NaN,0,283,283,613,4532.330029167,NaN,NaN,NaN,NaN,NaN,NaN,NaN,,NaN,,4532.614780167,4532.786377667,4532.786377667,4532.786377667,4532.786377667,4532.786377667,4532.786377667,4532.786377667,4532.786377667,4532.786377667,4541.153072333,-7,7,5,2,6.24066275000041,1,4.58212054199976,4532.323556625,4532.330029167,4532.786377667,4532.614760083,NaN,NaN,NaN,NaN,,NaN,,4532.320138292,4532.323510167,None,NaN,NaN,,NaN,NaN,NaN,NaN,NaN,NaN,NaN,20,bathroom,1,2024-05-10_15h50.16.060,image_similarity_rating,2023.2.3,None,2024-05-10 15h50.35.189920 +0200
,118,129,374,374,stimuli/own/bathroom/118_bat.jpg,stimuli/own/bathroom/129_bat.jpg,NaN,NaN,NaN,NaN,NaN,NaN,NaN,NaN,0,284,284,373,4541.1631915,NaN,NaN,NaN,NaN,NaN,NaN,NaN,,NaN,,4541.4479585,4541.618532667,4541.618532667,4541.618532667,4541.618532667,4541.618532667,4541.618532667,4541.618532667,4541.618532667,4541.618532667,4551.26984425,7,-7,5,2,8.76381941599993,1,3.81648695900003,4541.156845083,4541.1631915,4541.618532667,4541.4479385,NaN,NaN,NaN,NaN,,NaN,,4541.153296,4541.156798458,None,NaN,NaN,,NaN,NaN,NaN,NaN,NaN,NaN,NaN,20,bathroom,1,2024-05-10_15h50.16.060,image_similarity_rating,2023.2.3,None,2024-05-10 15h50.35.189920 +0200
,106,112,163,163,stimuli/own/bathroom/106_bat.jpg,stimuli/own/bathroom/112_bat.jpg,NaN,NaN,NaN,NaN,NaN,NaN,NaN,NaN,0,285,285,162,4551.279996083,NaN,NaN,NaN,NaN,NaN,NaN,NaN,,NaN,,4551.564357458,4551.72913175,4551.72913175,4551.72913175,4551.72913175,4551.72913175,4551.72913175,4551.72913175,4551.72913175,4551.72913175,4566.649838792,-7,7,5,2,14.4364988750003,3,6.9371423750008,4551.273492417,4551.279996083,4551.72913175,4551.564343,NaN,NaN,NaN,NaN,,NaN,,4551.270062625,4551.273446583,None,NaN,NaN,,NaN,NaN,NaN,NaN,NaN,NaN,NaN,20,bathroom,1,2024-05-10_15h50.16.060,image_similarity_rating,2023.2.3,None,2024-05-10 15h50.35.189920 +0200
,104,130,120,120,stimuli/own/bathroom/104_bat.jpg,stimuli/own/bathroom/130_bat.jpg,NaN,NaN,NaN,NaN,NaN,NaN,NaN,NaN,0,286,286,119,4566.655583708,NaN,NaN,NaN,NaN,NaN,NaN,NaN,,NaN,,4566.947742458,4567.113812167,4567.113812167,4567.113812167,4567.113812167,4567.113812167,4567.113812167,4567.113812167,4567.113812167,4567.113812167,4570.80772475,7,-7,5,2,3.08999833300004,1,2.43096933400011,4566.653485333,4566.655583708,4567.113812167,4566.947728625,NaN,NaN,NaN,NaN,,NaN,,4566.650059583,4566.653439667,None,NaN,NaN,,NaN,NaN,NaN,NaN,NaN,NaN,NaN,20,bathroom,1,2024-05-10_15h50.16.060,image_similarity_rating,2023.2.3,None,2024-05-10 15h50.35.189920 +0200
,106,113,164,164,stimuli/own/bathroom/106_bat.jpg,stimuli/own/bathroom/113_bat.jpg,NaN,NaN,NaN,NaN,NaN,NaN,NaN,NaN,0,287,287,163,4570.8296795,NaN,NaN,NaN,NaN,NaN,NaN,NaN,,NaN,,4571.11386725,4571.279312333,4571.279312333,4571.279312333,4571.279312333,4571.279312333,4571.279312333,4571.279312333,4571.279312333,4571.279312333,4574.186862042,7,-7,5,2,2.58172520799963,1,1.80924620799942,4570.811373208,4570.8296795,NaN,4571.113847,NaN,NaN,NaN,NaN,,NaN,,4570.807944042,4570.8113265,None,NaN,NaN,,NaN,NaN,NaN,NaN,NaN,NaN,NaN,20,bathroom,1,2024-05-10_15h50.16.060,image_similarity_rating,2023.2.3,None,2024-05-10 15h50.35.189920 +0200
,106,140,188,188,stimuli/own/bathroom/106_bat.jpg,stimuli/own/bathroom/140_bat.jpg,NaN,NaN,NaN,NaN,NaN,NaN,NaN,NaN,0,288,288,187,4574.196490708,NaN,NaN,NaN,NaN,NaN,NaN,NaN,,NaN,,4574.481001667,4574.645455833,4574.645455833,4574.645455833,4574.645455833,4574.645455833,4574.645455833,4574.645455833,4574.645455833,4574.645455833,4585.778450375,7,-7,5,2,6.58371733399963,1,5.43672333299946,4574.19073775,4574.196490708,4574.645455833,4574.480988292,NaN,NaN,NaN,NaN,,NaN,,4574.187079333,4574.190689125,None,NaN,NaN,,NaN,NaN,NaN,NaN,NaN,NaN,NaN,20,bathroom,1,2024-05-10_15h50.16.060,image_similarity_rating,2023.2.3,None,2024-05-10 15h50.35.189920 +0200
,105,123,144,144,stimuli/own/bathroom/105_bat.jpg,stimuli/own/bathroom/123_bat.jpg,NaN,NaN,NaN,NaN,NaN,NaN,NaN,NaN,0,289,289,143,4585.783909583,NaN,NaN,NaN,NaN,NaN,NaN,NaN,,NaN,,4586.068248833,4586.233091125,4586.233091125,4586.233091125,4586.233091125,4586.233091125,4586.233091125,4586.233091125,4586.233091125,4586.233091125,4591.345340292,-7,7,5,2,4.94671441700029,1,3.67165562500031,4585.782157125,4585.783909583,4586.233091125,4586.06823175,NaN,NaN,NaN,NaN,,NaN,,4585.778687708,4585.782110042,None,NaN,NaN,,NaN,NaN,NaN,NaN,NaN,NaN,NaN,20,bathroom,1,2024-05-10_15h50.16.060,image_similarity_rating,2023.2.3,None,2024-05-10 15h50.35.189920 +0200
,102,136,62,62,stimuli/own/bathroom/102_bat.jpg,stimuli/own/bathroom/136_bat.jpg,NaN,NaN,NaN,NaN,NaN,NaN,NaN,NaN,0,290,290,61,4591.350794042,NaN,NaN,NaN,NaN,NaN,NaN,NaN,,NaN,,4591.635440458,4591.803825417,4591.803825417,4591.803825417,4591.803825417,4591.803825417,4591.803825417,4591.803825417,4591.803825417,4591.803825417,4600.715489875,-7,7,5,2,8.43648158299948,1,7.54849929099964,4591.349041833,4591.350794042,4591.803825417,4591.635425958,NaN,NaN,NaN,NaN,,NaN,,4591.345577125,4591.348995417,None,NaN,NaN,,NaN,NaN,NaN,NaN,NaN,NaN,NaN,20,bathroom,1,2024-05-10_15h50.16.060,image_similarity_rating,2023.2.3,None,2024-05-10 15h50.35.189920 +0200
,120,124,409,409,stimuli/own/bathroom/120_bat.jpg,stimuli/own/bathroom/124_bat.jpg,NaN,NaN,NaN,NaN,NaN,NaN,NaN,NaN,0,291,291,408,4600.721056083,NaN,NaN,NaN,NaN,NaN,NaN,NaN,,NaN,,4601.0142385,4601.186538167,4601.186538167,4601.186538167,4601.186538167,4601.186538167,4601.186538167,4601.186538167,4601.186538167,4601.186538167,4604.873805208,7,-7,5,3,3.62010816599923,4,2.91477358299926,4600.719132292,4600.721056083,4601.186538167,4601.014220792,NaN,NaN,NaN,NaN,,NaN,,4600.715708792,4600.719085792,None,NaN,NaN,,NaN,NaN,NaN,NaN,NaN,NaN,NaN,20,bathroom,1,2024-05-10_15h50.16.060,image_similarity_rating,2023.2.3,None,2024-05-10 15h50.35.189920 +0200
,111,114,220,220,stimuli/own/bathroom/111_bat.jpg,stimuli/own/bathroom/114_bat.jpg,NaN,NaN,NaN,NaN,NaN,NaN,NaN,NaN,0,292,292,219,4604.879505125,NaN,NaN,NaN,NaN,NaN,NaN,NaN,,NaN,,4605.165453792,4605.333603667,4605.333603667,4605.333603667,4605.333603667,4605.333603667,4605.333603667,4605.333603667,4605.333603667,4605.333603667,4615.819359,7,-7,5,2,9.78541816699999,3,8.38301537499956,4604.8774265,4604.879505125,4605.333603667,4605.165430292,NaN,NaN,NaN,NaN,,NaN,,4604.874022208,4604.877380542,None,NaN,NaN,,NaN,NaN,NaN,NaN,NaN,NaN,NaN,20,bathroom,1,2024-05-10_15h50.16.060,image_similarity_rating,2023.2.3,None,2024-05-10 15h50.35.189920 +0200
,121,124,427,427,stimuli/own/bathroom/121_bat.jpg,stimuli/own/bathroom/124_bat.jpg,NaN,NaN,NaN,NaN,NaN,NaN,NaN,NaN,0,293,293,426,4615.829777333,NaN,NaN,NaN,NaN,NaN,NaN,NaN,,NaN,,4616.114392,4616.285784125,4616.285784125,4616.285784125,4616.285784125,4616.285784125,4616.285784125,4616.285784125,4616.285784125,4616.285784125,4624.203012458,-7,7,5,2,7.88044824999997,3,2.96315129100003,4615.823013792,4615.829777333,4616.285784125,4616.114374958,NaN,NaN,NaN,NaN,,NaN,,4615.819580125,4615.822967125,None,NaN,NaN,,NaN,NaN,NaN,NaN,NaN,NaN,NaN,20,bathroom,1,2024-05-10_15h50.16.060,image_similarity_rating,2023.2.3,None,2024-05-10 15h50.35.189920 +0200
,121,139,440,440,stimuli/own/bathroom/121_bat.jpg,stimuli/own/bathroom/139_bat.jpg,NaN,NaN,NaN,NaN,NaN,NaN,NaN,NaN,0,294,294,439,4624.212984042,NaN,NaN,NaN,NaN,NaN,NaN,NaN,,NaN,,4624.49766425,4624.662482,4624.662482,4624.662482,4624.662482,4624.662482,4624.662482,4624.662482,4624.662482,4624.662482,4628.328841583,-7,7,5,2,3.66195904199958,4,2.9336642090002,4624.206739083,4624.212984042,4624.662482,4624.497649,NaN,NaN,NaN,NaN,,NaN,,4624.203230792,4624.206693042,None,NaN,NaN,,NaN,NaN,NaN,NaN,NaN,NaN,NaN,20,bathroom,1,2024-05-10_15h50.16.060,image_similarity_rating,2023.2.3,None,2024-05-10 15h50.35.189920 +0200
,104,129,119,119,stimuli/own/bathroom/104_bat.jpg,stimuli/own/bathroom/129_bat.jpg,NaN,NaN,NaN,NaN,NaN,NaN,NaN,NaN,0,295,295,118,4628.334548958,NaN,NaN,NaN,NaN,NaN,NaN,NaN,,NaN,,4628.618431792,4628.785751083,4628.785751083,4628.785751083,4628.785751083,4628.785751083,4628.785751083,4628.785751083,4628.785751083,4628.785751083,4631.536454042,-7,7,5,2,2.71102725000037,1,2.13525683399985,4628.332622042,4628.334548958,4628.785751083,4628.618418708,NaN,NaN,NaN,NaN,,NaN,,4628.329060917,4628.332575792,None,NaN,NaN,,NaN,NaN,NaN,NaN,NaN,NaN,NaN,20,bathroom,1,2024-05-10_15h50.16.060,image_similarity_rating,2023.2.3,None,2024-05-10 15h50.35.189920 +0200
,121,131,433,433,stimuli/own/bathroom/121_bat.jpg,stimuli/own/bathroom/131_bat.jpg,NaN,NaN,NaN,NaN,NaN,NaN,NaN,NaN,0,296,296,432,4631.546233125,NaN,NaN,NaN,NaN,NaN,NaN,NaN,,NaN,,4631.831422625,4631.996883375,4631.996883375,4631.996883375,4631.996883375,4631.996883375,4631.996883375,4631.996883375,4631.996883375,4631.996883375,4637.15271025,-7,7,5,2,5.1028001249997,6,2.32015604099979,4631.540111458,4631.546233125,4631.996883375,4631.831405542,NaN,NaN,NaN,NaN,,NaN,,4631.536671875,4631.540065125,None,NaN,NaN,,NaN,NaN,NaN,NaN,NaN,NaN,NaN,20,bathroom,1,2024-05-10_15h50.16.060,image_similarity_rating,2023.2.3,None,2024-05-10 15h50.35.189920 +0200
,105,113,135,135,stimuli/own/bathroom/105_bat.jpg,stimuli/own/bathroom/113_bat.jpg,NaN,NaN,NaN,NaN,NaN,NaN,NaN,NaN,0,297,297,134,4637.163042875,NaN,NaN,NaN,NaN,NaN,NaN,NaN,,NaN,,4637.447707167,4637.611975958,4637.611975958,4637.611975958,4637.611975958,4637.611975958,4637.611975958,4637.611975958,4637.611975958,4637.611975958,4640.245076542,7,-7,5,2,2.50433045799946,1,1.89012108300085,4637.15643975,4637.163042875,4637.611975958,4637.447692,NaN,NaN,NaN,NaN,,NaN,,4637.152927,4637.156394125,None,NaN,NaN,,NaN,NaN,NaN,NaN,NaN,NaN,NaN,20,bathroom,1,2024-05-10_15h50.16.060,image_similarity_rating,2023.2.3,None,2024-05-10 15h50.35.189920 +0200
,118,123,369,369,stimuli/own/bathroom/118_bat.jpg,stimuli/own/bathroom/123_bat.jpg,NaN,NaN,NaN,NaN,NaN,NaN,NaN,NaN,0,298,298,368,4640.250706375,NaN,NaN,NaN,NaN,NaN,NaN,NaN,,NaN,,4640.535123125,4640.70532825,4640.70532825,4640.70532825,4640.70532825,4640.70532825,4640.70532825,4640.70532825,4640.70532825,4640.70532825,4643.935974333,-7,7,5,2,3.30588270799944,1,2.07429324999976,4640.248770625,4640.250706375,4640.70532825,4640.535108542,NaN,NaN,NaN,NaN,,NaN,,4640.245318167,4640.24872375,None,NaN,NaN,,NaN,NaN,NaN,NaN,NaN,NaN,NaN,20,bathroom,1,2024-05-10_15h50.16.060,image_similarity_rating,2023.2.3,None,2024-05-10 15h50.35.189920 +0200
,137,139,587,587,stimuli/own/bathroom/137_bat.jpg,stimuli/own/bathroom/139_bat.jpg,NaN,NaN,NaN,NaN,NaN,NaN,NaN,NaN,0,299,299,586,4643.946173125,NaN,NaN,NaN,NaN,NaN,NaN,NaN,,NaN,,4644.23093725,4644.39919725,4644.39919725,4644.39919725,4644.39919725,4644.39919725,4644.39919725,4644.39919725,4644.39919725,4644.39919725,4655.161655917,-7,7,5,2,10.6246980840006,5,8.48240033399998,4643.939606375,4643.946173125,4644.39919725,4644.230920417,NaN,NaN,NaN,NaN,,NaN,,4643.936191583,4643.93956075,None,NaN,NaN,,NaN,NaN,NaN,NaN,NaN,NaN,NaN,20,bathroom,1,2024-05-10_15h50.16.060,image_similarity_rating,2023.2.3,None,2024-05-10 15h50.35.189920 +0200
,105,139,158,158,stimuli/own/bathroom/105_bat.jpg,stimuli/own/bathroom/139_bat.jpg,NaN,NaN,NaN,NaN,NaN,NaN,NaN,NaN,0,300,300,157,4655.167649333,NaN,NaN,NaN,NaN,NaN,NaN,NaN,,NaN,,4655.451850667,4655.621201667,4655.621201667,4655.621201667,4655.621201667,4655.621201667,4655.621201667,4655.621201667,4655.621201667,4655.621201667,4669.844951708,7,-7,5,3,11.1031992499993,5,13.7475567499996,4655.165543583,4655.167649333,4655.621201667,4655.451834375,NaN,NaN,NaN,NaN,,NaN,,4655.161906542,4655.165496417,None,NaN,NaN,,NaN,NaN,NaN,NaN,NaN,NaN,NaN,20,bathroom,1,2024-05-10_15h50.16.060,image_similarity_rating,2023.2.3,None,2024-05-10 15h50.35.189920 +0200
,103,106,70,70,stimuli/own/bathroom/103_bat.jpg,stimuli/own/bathroom/106_bat.jpg,NaN,NaN,NaN,NaN,NaN,NaN,NaN,NaN,0,301,301,69,4669.850607708,NaN,NaN,NaN,NaN,NaN,NaN,NaN,,NaN,,4670.134753375,4670.297757667,4670.297757667,4670.297757667,4670.297757667,4670.297757667,4670.297757667,4670.297757667,4670.297757667,4670.297757667,4674.00737575,-7,7,5,3,2.44689954099977,4,3.04665962499985,4669.848669958,4669.850607708,4670.297757667,4670.134740333,NaN,NaN,NaN,NaN,,NaN,,4669.845196042,4669.848623708,None,NaN,NaN,,NaN,NaN,NaN,NaN,NaN,NaN,NaN,20,bathroom,1,2024-05-10_15h50.16.060,image_similarity_rating,2023.2.3,None,2024-05-10 15h50.35.189920 +0200
,104,125,116,116,stimuli/own/bathroom/104_bat.jpg,stimuli/own/bathroom/125_bat.jpg,NaN,NaN,NaN,NaN,NaN,NaN,NaN,NaN,0,302,302,115,4674.029474583,NaN,NaN,NaN,NaN,NaN,NaN,NaN,,NaN,,4674.313712958,4674.485891375,4674.485891375,4674.485891375,4674.485891375,4674.485891375,4674.485891375,4674.485891375,4674.485891375,4674.485891375,4679.319696208,7,-7,5,2,1.9771424999999,3,3.47425441700034,4674.011012583,4674.029474583,NaN,4674.313691208,NaN,NaN,NaN,NaN,,NaN,,4674.0075995,4674.010963917,None,NaN,NaN,,NaN,NaN,NaN,NaN,NaN,NaN,NaN,20,bathroom,1,2024-05-10_15h50.16.060,image_similarity_rating,2023.2.3,None,2024-05-10 15h50.35.189920 +0200
,109,140,216,216,stimuli/own/bathroom/109_bat.jpg,stimuli/own/bathroom/140_bat.jpg,NaN,NaN,NaN,NaN,NaN,NaN,NaN,NaN,0,303,303,215,4679.329617583,NaN,NaN,NaN,NaN,NaN,NaN,NaN,,NaN,,4679.614134375,4679.780681292,4679.780681292,4679.780681292,4679.780681292,4679.780681292,4679.780681292,4679.780681292,4679.780681292,4679.780681292,4683.002932792,-7,7,5,2,2.30348562500058,3,2.99839087500004,4679.3233695,4679.329617583,4679.780681292,4679.61411175,NaN,NaN,NaN,NaN,,NaN,,4679.319917375,4679.32332275,None,NaN,NaN,,NaN,NaN,NaN,NaN,NaN,NaN,NaN,20,bathroom,1,2024-05-10_15h50.16.060,image_similarity_rating,2023.2.3,None,2024-05-10 15h50.35.189920 +0200
,109,136,212,212,stimuli/own/bathroom/109_bat.jpg,stimuli/own/bathroom/136_bat.jpg,NaN,NaN,NaN,NaN,NaN,NaN,NaN,NaN,0,304,304,211,4683.013000542,NaN,NaN,NaN,NaN,NaN,NaN,NaN,,NaN,,4683.297280083,4683.460952917,4683.460952917,4683.460952917,4683.460952917,4683.460952917,4683.460952917,4683.460952917,4683.460952917,4683.460952917,4689.786092417,-7,7,5,2,2.99779387499984,3,4.25073920799969,4683.00670975,4683.013000542,4683.460952917,4683.297257958,NaN,NaN,NaN,NaN,,NaN,,4683.00314775,4683.00666325,None,NaN,NaN,,NaN,NaN,NaN,NaN,NaN,NaN,NaN,20,bathroom,1,2024-05-10_15h50.16.060,image_similarity_rating,2023.2.3,None,2024-05-10 15h50.35.189920 +0200
,125,129,493,493,stimuli/own/bathroom/125_bat.jpg,stimuli/own/bathroom/129_bat.jpg,NaN,NaN,NaN,NaN,NaN,NaN,NaN,NaN,0,305,305,492,4689.796267167,NaN,NaN,NaN,NaN,NaN,NaN,NaN,,NaN,,4690.080762167,4690.245700458,4690.245700458,4690.245700458,4690.245700458,4690.245700458,4690.245700458,4690.245700458,4690.245700458,4690.245700458,4698.931739625,-7,7,5,3,3.46117745799984,2,4.76523741700021,4689.789770833,4689.796267167,4690.245700458,4690.080747083,NaN,NaN,NaN,NaN,,NaN,,4689.7863245,4689.78972525,None,NaN,NaN,,NaN,NaN,NaN,NaN,NaN,NaN,NaN,20,bathroom,1,2024-05-10_15h50.16.060,image_similarity_rating,2023.2.3,None,2024-05-10 15h50.35.189920 +0200
,104,139,128,128,stimuli/own/bathroom/104_bat.jpg,stimuli/own/bathroom/139_bat.jpg,NaN,NaN,NaN,NaN,NaN,NaN,NaN,NaN,0,306,306,127,4698.937225375,NaN,NaN,NaN,NaN,NaN,NaN,NaN,,NaN,,4699.2305605,4699.400934375,4699.400934375,4699.400934375,4699.400934375,4699.400934375,4699.400934375,4699.400934375,4699.400934375,4699.400934375,4708.715198375,7,-7,5,2,8.8375718340003,1,7.96842833400024,4698.935475458,4698.937225375,4699.400934375,4699.230540083,NaN,NaN,NaN,NaN,,NaN,,4698.931957208,4698.935429583,None,NaN,NaN,,NaN,NaN,NaN,NaN,NaN,NaN,NaN,20,bathroom,1,2024-05-10_15h50.16.060,image_similarity_rating,2023.2.3,None,2024-05-10 15h50.35.189920 +0200
,138,141,592,592,stimuli/own/bathroom/138_bat.jpg,stimuli/own/bathroom/141_bat.jpg,NaN,NaN,NaN,NaN,NaN,NaN,NaN,NaN,0,307,307,591,4708.720779333,NaN,NaN,NaN,NaN,NaN,NaN,NaN,,NaN,,4709.015334792,4709.187035458,4709.187035458,4709.187035458,4709.187035458,4709.187035458,4709.187035458,4709.187035458,4709.187035458,4709.187035458,4712.207173542,7,-7,5,1,2.89730520800003,1,2.20173620899914,4708.718854917,4708.720779333,4709.187035458,4709.01531175,NaN,NaN,NaN,NaN,,NaN,,4708.715415125,4708.718809083,None,NaN,NaN,,NaN,NaN,NaN,NaN,NaN,NaN,NaN,20,bathroom,1,2024-05-10_15h50.16.060,image_similarity_rating,2023.2.3,None,2024-05-10 15h50.35.189920 +0200
,103,141,99,99,stimuli/own/bathroom/103_bat.jpg,stimuli/own/bathroom/141_bat.jpg,NaN,NaN,NaN,NaN,NaN,NaN,NaN,NaN,0,308,308,98,4712.229592917,NaN,NaN,NaN,NaN,NaN,NaN,NaN,,NaN,,4712.51347275,4712.676766292,4712.676766292,4712.676766292,4712.676766292,4712.676766292,4712.676766292,4712.676766292,4712.676766292,4712.676766292,4716.665230375,-7,7,5,2,2.76511116700021,1,3.76360225000008,4712.21094425,4712.229592917,NaN,4712.513454167,NaN,NaN,NaN,NaN,,NaN,,4712.207391458,4712.21089825,None,NaN,NaN,,NaN,NaN,NaN,NaN,NaN,NaN,NaN,20,bathroom,1,2024-05-10_15h50.16.060,image_similarity_rating,2023.2.3,None,2024-05-10 15h50.35.189920 +0200
,120,132,416,416,stimuli/own/bathroom/120_bat.jpg,stimuli/own/bathroom/132_bat.jpg,NaN,NaN,NaN,NaN,NaN,NaN,NaN,NaN,0,309,309,415,4716.670668667,NaN,NaN,NaN,NaN,NaN,NaN,NaN,,NaN,,4716.963924125,4717.127681083,4717.127681083,4717.127681083,4717.127681083,4717.127681083,4717.127681083,4717.127681083,4717.127681083,4717.127681083,4725.252422833,7,-7,5,2,5.78423799999928,5,7.78902408300019,4716.668855833,4716.670668667,4717.127681083,4716.96390375,NaN,NaN,NaN,NaN,,NaN,,4716.665444917,4716.668809625,None,NaN,NaN,,NaN,NaN,NaN,NaN,NaN,NaN,NaN,20,bathroom,1,2024-05-10_15h50.16.060,image_similarity_rating,2023.2.3,None,2024-05-10 15h50.35.189920 +0200
,114,129,308,308,stimuli/own/bathroom/114_bat.jpg,stimuli/own/bathroom/129_bat.jpg,NaN,NaN,NaN,NaN,NaN,NaN,NaN,NaN,0,310,310,307,4725.262839375,NaN,NaN,NaN,NaN,NaN,NaN,NaN,,NaN,,4725.547340542,4725.713666292,4725.713666292,4725.713666292,4725.713666292,4725.713666292,4725.713666292,4725.713666292,4725.713666292,4725.713666292,4732.065847375,-7,7,5,3,6.27292574999956,7,3.06298316700031,4725.25607725,4725.262839375,4725.713666292,4725.547322958,NaN,NaN,NaN,NaN,,NaN,,4725.252643083,4725.256031083,None,NaN,NaN,,NaN,NaN,NaN,NaN,NaN,NaN,NaN,20,bathroom,1,2024-05-10_15h50.16.060,image_similarity_rating,2023.2.3,None,2024-05-10 15h50.35.189920 +0200
,112,124,255,255,stimuli/own/bathroom/112_bat.jpg,stimuli/own/bathroom/124_bat.jpg,NaN,NaN,NaN,NaN,NaN,NaN,NaN,NaN,0,311,311,254,4732.071426792,NaN,NaN,NaN,NaN,NaN,NaN,NaN,,NaN,,4732.3645655,4732.527876542,4732.527876542,4732.527876542,4732.527876542,4732.527876542,4732.527876542,4732.527876542,4732.527876542,4732.527876542,4741.144686583,-7,7,5,3,8.21956150000005,5,7.32704795800055,4732.069506417,4732.071426792,4732.527876542,4732.364549167,NaN,NaN,NaN,NaN,,NaN,,4732.066070167,4732.069460167,None,NaN,NaN,,NaN,NaN,NaN,NaN,NaN,NaN,NaN,20,bathroom,1,2024-05-10_15h50.16.060,image_similarity_rating,2023.2.3,None,2024-05-10 15h50.35.189920 +0200
,138,140,591,591,stimuli/own/bathroom/138_bat.jpg,stimuli/own/bathroom/140_bat.jpg,NaN,NaN,NaN,NaN,NaN,NaN,NaN,NaN,0,312,312,590,4741.150212125,NaN,NaN,NaN,NaN,NaN,NaN,NaN,,NaN,,4741.434850333,4741.602113875,4741.602113875,4741.602113875,4741.602113875,4741.602113875,4741.602113875,4741.602113875,4741.602113875,4741.602113875,4749.328134958,-7,7,5,2,7.6231937499997,4,6.67994558400005,4741.148398875,4741.150212125,4741.602113875,4741.434835625,NaN,NaN,NaN,NaN,,NaN,,4741.144922417,4741.148352917,None,NaN,NaN,,NaN,NaN,NaN,NaN,NaN,NaN,NaN,20,bathroom,1,2024-05-10_15h50.16.060,image_similarity_rating,2023.2.3,None,2024-05-10 15h50.35.189920 +0200
,116,119,322,322,stimuli/own/bathroom/116_bat.jpg,stimuli/own/bathroom/119_bat.jpg,NaN,NaN,NaN,NaN,NaN,NaN,NaN,NaN,0,313,313,321,4749.333927208,NaN,NaN,NaN,NaN,NaN,NaN,NaN,,NaN,,4749.618516917,4749.783294417,4749.783294417,4749.783294417,4749.783294417,4749.783294417,4749.783294417,4749.783294417,4749.783294417,4749.783294417,4756.635764833,7,-7,5,1,2.8627475000003,1,6.64803854199999,4749.331840708,4749.333927208,4749.783294417,4749.618500583,NaN,NaN,NaN,NaN,,NaN,,4749.328382958,4749.331794333,None,NaN,NaN,,NaN,NaN,NaN,NaN,NaN,NaN,NaN,20,bathroom,1,2024-05-10_15h50.16.060,image_similarity_rating,2023.2.3,None,2024-05-10 15h50.35.189920 +0200
,111,125,230,230,stimuli/own/bathroom/111_bat.jpg,stimuli/own/bathroom/125_bat.jpg,NaN,NaN,NaN,NaN,NaN,NaN,NaN,NaN,0,314,314,229,4756.646009417,NaN,NaN,NaN,NaN,NaN,NaN,NaN,,NaN,,4756.930247917,4757.096155708,4757.096155708,4757.096155708,4757.096155708,4757.096155708,4757.096155708,4757.096155708,4757.096155708,4757.096155708,4760.702360958,7,-7,5,2,2.41394091599977,1,2.93204774999958,4756.639504583,4756.646009417,4757.096155708,4756.930233042,NaN,NaN,NaN,NaN,,NaN,,4756.635982333,4756.639458917,None,NaN,NaN,,NaN,NaN,NaN,NaN,NaN,NaN,NaN,20,bathroom,1,2024-05-10_15h50.16.060,image_similarity_rating,2023.2.3,None,2024-05-10 15h50.35.189920 +0200
,116,125,328,328,stimuli/own/bathroom/116_bat.jpg,stimuli/own/bathroom/125_bat.jpg,NaN,NaN,NaN,NaN,NaN,NaN,NaN,NaN,0,315,315,327,4760.71271775,NaN,NaN,NaN,NaN,NaN,NaN,NaN,,NaN,,5089.912542708,5090.0863295,5090.0863295,5090.0863295,5090.0863295,5090.0863295,5090.0863295,5090.0863295,5090.0863295,5090.0863295,5098.468098,7,-7,6,2,8.36056770799951,1,6.93194325000059,5089.620873875,5089.628611667,5090.0863295,5089.912526125,NaN,NaN,NaN,NaN,,NaN,,4760.702577333,5089.620498417,space,4760.71271775,328.907609083,None,NaN,NaN,NaN,NaN,NaN,NaN,NaN,20,bathroom,1,2024-05-10_15h50.16.060,image_similarity_rating,2023.2.3,None,2024-05-10 15h50.35.189920 +0200
,121,127,430,430,stimuli/own/bathroom/121_bat.jpg,stimuli/own/bathroom/127_bat.jpg,NaN,NaN,NaN,NaN,NaN,NaN,NaN,NaN,0,316,316,429,5098.477701083,NaN,NaN,NaN,NaN,NaN,NaN,NaN,,NaN,,5098.762481208,5098.932883292,5098.932883292,5098.932883292,5098.932883292,5098.932883292,5098.932883292,5098.932883292,5098.932883292,5098.932883292,5102.660182708,-7,7,6,2,3.49110262500017,1,2.64318437499969,5098.472269667,5098.477701083,5098.932883292,5098.76246475,NaN,NaN,NaN,NaN,,NaN,,5098.468315167,5098.472221917,None,NaN,NaN,,NaN,NaN,NaN,NaN,NaN,NaN,NaN,20,bathroom,1,2024-05-10_15h50.16.060,image_similarity_rating,2023.2.3,None,2024-05-10 15h50.35.189920 +0200
,102,109,39,39,stimuli/own/bathroom/102_bat.jpg,stimuli/own/bathroom/109_bat.jpg,NaN,NaN,NaN,NaN,NaN,NaN,NaN,NaN,0,317,317,38,5102.66566025,NaN,NaN,NaN,NaN,NaN,NaN,NaN,,NaN,,5102.950224292,5103.118250833,5103.118250833,5103.118250833,5103.118250833,5103.118250833,5103.118250833,5103.118250833,5103.118250833,5103.118250833,5107.855753875,7,-7,6,2,4.67261583399977,2,3.84374354200008,5102.663836958,5102.66566025,5103.118250833,5102.950210333,NaN,NaN,NaN,NaN,,NaN,,5102.660402,5102.663790292,None,NaN,NaN,,NaN,NaN,NaN,NaN,NaN,NaN,NaN,20,bathroom,1,2024-05-10_15h50.16.060,image_similarity_rating,2023.2.3,None,2024-05-10 15h50.35.189920 +0200
,106,129,178,178,stimuli/own/bathroom/106_bat.jpg,stimuli/own/bathroom/129_bat.jpg,NaN,NaN,NaN,NaN,NaN,NaN,NaN,NaN,0,318,318,177,5107.877788417,NaN,NaN,NaN,NaN,NaN,NaN,NaN,,NaN,,5108.161849375,5108.333572875,5108.333572875,5108.333572875,5108.333572875,5108.333572875,5108.333572875,5108.333572875,5108.333572875,5108.333572875,5114.647481333,-7,7,6,1,6.18993312500061,1,3.93623941599981,5107.85939975,5107.877788417,NaN,5108.161829917,NaN,NaN,NaN,NaN,,NaN,,5107.855969208,5107.8593535,None,NaN,NaN,,NaN,NaN,NaN,NaN,NaN,NaN,NaN,20,bathroom,1,2024-05-10_15h50.16.060,image_similarity_rating,2023.2.3,None,2024-05-10 15h50.35.189920 +0200
,129,135,534,534,stimuli/own/bathroom/129_bat.jpg,stimuli/own/bathroom/135_bat.jpg,NaN,NaN,NaN,NaN,NaN,NaN,NaN,NaN,0,319,319,533,5114.65306725,NaN,NaN,NaN,NaN,NaN,NaN,NaN,,NaN,,5114.946504625,5115.112522625,5115.112522625,5115.112522625,5115.112522625,5115.112522625,5115.112522625,5115.112522625,5115.112522625,5115.112522625,5125.955464208,-7,7,6,1,10.7274396660005,2,10.0906937500004,5114.6511165,5114.65306725,5115.112522625,5114.946488792,NaN,NaN,NaN,NaN,,NaN,,5114.647704667,5114.651071042,None,NaN,NaN,,NaN,NaN,NaN,NaN,NaN,NaN,NaN,20,bathroom,1,2024-05-10_15h50.16.060,image_similarity_rating,2023.2.3,None,2024-05-10 15h50.35.189920 +0200
,101,116,11,11,stimuli/own/bathroom/101_bat.jpg,stimuli/own/bathroom/116_bat.jpg,NaN,NaN,NaN,NaN,NaN,NaN,NaN,NaN,0,320,320,10,5125.960995458,NaN,NaN,NaN,NaN,NaN,NaN,NaN,,NaN,,5126.245591,5126.411009458,5126.411009458,5126.411009458,5126.411009458,5126.411009458,5126.411009458,5126.411009458,5126.411009458,5126.411009458,5134.526307833,7,-7,6,1,8.02697012499993,1,2.94828866700027,5125.959191375,5125.960995458,5126.411009458,5126.2455775,NaN,NaN,NaN,NaN,,NaN,,5125.955679,5125.95914525,None,NaN,NaN,,NaN,NaN,NaN,NaN,NaN,NaN,NaN,20,bathroom,1,2024-05-10_15h50.16.060,image_similarity_rating,2023.2.3,None,2024-05-10 15h50.35.189920 +0200
,132,137,563,563,stimuli/own/bathroom/132_bat.jpg,stimuli/own/bathroom/137_bat.jpg,NaN,NaN,NaN,NaN,NaN,NaN,NaN,NaN,0,321,321,562,5134.5320785,NaN,NaN,NaN,NaN,NaN,NaN,NaN,,NaN,,5134.816605917,5134.981020208,5134.981020208,5134.981020208,5134.981020208,5134.981020208,5134.981020208,5134.981020208,5134.981020208,5134.981020208,5138.91019175,7,-7,6,1,3.71620929099936,1,2.55849725000007,5134.5299965,5134.5320785,5134.981020208,5134.816594292,NaN,NaN,NaN,NaN,,NaN,,5134.526526542,5134.529950583,None,NaN,NaN,,NaN,NaN,NaN,NaN,NaN,NaN,NaN,20,bathroom,1,2024-05-10_15h50.16.060,image_similarity_rating,2023.2.3,None,2024-05-10 15h50.35.189920 +0200
,105,117,138,596,stimuli/own/bathroom/105_bat.jpg,stimuli/own/bathroom/117_bat.jpg,NaN,NaN,NaN,NaN,NaN,NaN,NaN,NaN,0,322,322,595,5138.915824542,NaN,NaN,NaN,NaN,NaN,NaN,NaN,,NaN,,5139.200426083,5139.364331042,5139.364331042,5139.364331042,5139.364331042,5139.364331042,5139.364331042,5139.364331042,5139.364331042,5139.364331042,5144.138546542,7,-7,6,1,4.56096416700075,1,3.31925170799968,5138.913869583,5138.915824542,5139.364331042,5139.20041625,NaN,NaN,NaN,NaN,,NaN,,5138.910415667,5138.913823333,None,NaN,NaN,,NaN,NaN,NaN,NaN,NaN,NaN,NaN,20,bathroom,1,2024-05-10_15h50.16.060,image_similarity_rating,2023.2.3,None,2024-05-10 15h50.35.189920 +0200
,112,121,252,252,stimuli/own/bathroom/112_bat.jpg,stimuli/own/bathroom/121_bat.jpg,NaN,NaN,NaN,NaN,NaN,NaN,NaN,NaN,0,323,323,251,5144.144181917,NaN,NaN,NaN,NaN,NaN,NaN,NaN,,NaN,,5144.428898667,5144.59525775,5144.59525775,5144.59525775,5144.59525775,5144.59525775,5144.59525775,5144.59525775,5144.59525775,5144.59525775,5159.550659375,-7,7,6,1,14.9027693750004,1,12.7241573330002,5144.142297083,5144.144181917,5144.59525775,5144.428883375,NaN,NaN,NaN,NaN,,NaN,,5144.138762458,5144.142250208,None,NaN,NaN,,NaN,NaN,NaN,NaN,NaN,NaN,NaN,20,bathroom,1,2024-05-10_15h50.16.060,image_similarity_rating,2023.2.3,None,2024-05-10 15h50.35.189920 +0200
,117,127,352,352,stimuli/own/bathroom/117_bat.jpg,stimuli/own/bathroom/127_bat.jpg,NaN,NaN,NaN,NaN,NaN,NaN,NaN,NaN,0,324,324,351,5159.560911458,NaN,NaN,NaN,NaN,NaN,NaN,NaN,,NaN,,5159.845637417,5160.011647417,5160.011647417,5160.011647417,5160.011647417,5160.011647417,5160.011647417,5160.011647417,5160.011647417,5160.011647417,5162.993350542,7,-7,6,1,2.85406641699956,1,1.760328458,5159.554402208,5159.560911458,5160.011647417,5159.845621125,NaN,NaN,NaN,NaN,,NaN,,5159.550879583,5159.554353125,None,NaN,NaN,,NaN,NaN,NaN,NaN,NaN,NaN,NaN,20,bathroom,1,2024-05-10_15h50.16.060,image_similarity_rating,2023.2.3,None,2024-05-10 15h50.35.189920 +0200
,131,138,556,556,stimuli/own/bathroom/131_bat.jpg,stimuli/own/bathroom/138_bat.jpg,NaN,NaN,NaN,NaN,NaN,NaN,NaN,NaN,0,325,325,555,5162.998946875,NaN,NaN,NaN,NaN,NaN,NaN,NaN,,NaN,,5163.282884958,5163.447287042,5163.447287042,5163.447287042,5163.447287042,5163.447287042,5163.447287042,5163.447287042,5163.447287042,5163.447287042,5166.304996875,-7,7,6,1,2.6913902919996,1,1.92444895800054,5162.996999417,5162.998946875,5163.447287042,5163.282873125,NaN,NaN,NaN,NaN,,NaN,,5162.993576958,5162.996952542,None,NaN,NaN,,NaN,NaN,NaN,NaN,NaN,NaN,NaN,20,bathroom,1,2024-05-10_15h50.16.060,image_similarity_rating,2023.2.3,None,2024-05-10 15h50.35.189920 +0200
,114,117,297,297,stimuli/own/bathroom/114_bat.jpg,stimuli/own/bathroom/117_bat.jpg,NaN,NaN,NaN,NaN,NaN,NaN,NaN,NaN,0,326,326,296,5166.310912083,NaN,NaN,NaN,NaN,NaN,NaN,NaN,,NaN,,5166.595849833,5166.761402833,5166.761402833,5166.761402833,5166.761402833,5166.761402833,5166.761402833,5166.761402833,5166.761402833,5166.761402833,5171.279998708,7,-7,6,1,4.41612270899986,1,3.12429749999956,5166.308770958,5166.310912083,5166.761402833,5166.595836042,NaN,NaN,NaN,NaN,,NaN,,5166.30521525,5166.308724083,None,NaN,NaN,,NaN,NaN,NaN,NaN,NaN,NaN,NaN,20,bathroom,1,2024-05-10_15h50.16.060,image_similarity_rating,2023.2.3,None,2024-05-10 15h50.35.189920 +0200
,104,106,101,101,stimuli/own/bathroom/104_bat.jpg,stimuli/own/bathroom/106_bat.jpg,NaN,NaN,NaN,NaN,NaN,NaN,NaN,NaN,0,327,327,100,5171.28564175,NaN,NaN,NaN,NaN,NaN,NaN,NaN,,NaN,,5171.579063917,5171.75112375,5171.75112375,5171.75112375,5171.75112375,5171.75112375,5171.75112375,5171.75112375,5171.75112375,5171.75112375,5177.355258792,7,-7,6,1,3.58519475000048,1,1.87091979199977,5171.283627583,5171.28564175,5171.75112375,5171.579043875,NaN,NaN,NaN,NaN,,NaN,,5171.280214667,5171.283581542,None,NaN,NaN,,NaN,NaN,NaN,NaN,NaN,NaN,NaN,20,bathroom,1,2024-05-10_15h50.16.060,image_similarity_rating,2023.2.3,None,2024-05-10 15h50.35.189920 +0200
,130,132,542,542,stimuli/own/bathroom/130_bat.jpg,stimuli/own/bathroom/132_bat.jpg,NaN,NaN,NaN,NaN,NaN,NaN,NaN,NaN,0,328,328,541,5177.360713375,NaN,NaN,NaN,NaN,NaN,NaN,NaN,,NaN,,5177.645467417,5177.810771625,5177.810771625,5177.810771625,5177.810771625,5177.810771625,5177.810771625,5177.810771625,5177.810771625,5177.810771625,5187.221616625,-7,7,6,2,8.09466958300072,1,3.35839554199993,5177.358878125,5177.360713375,5177.810771625,5177.64545075,NaN,NaN,NaN,NaN,,NaN,,5177.355476583,5177.358831542,None,NaN,NaN,,NaN,NaN,NaN,NaN,NaN,NaN,NaN,20,bathroom,1,2024-05-10_15h50.16.060,image_similarity_rating,2023.2.3,None,2024-05-10 15h50.35.189920 +0200
,132,141,567,567,stimuli/own/bathroom/132_bat.jpg,stimuli/own/bathroom/141_bat.jpg,NaN,NaN,NaN,NaN,NaN,NaN,NaN,NaN,0,329,329,566,5187.227147792,NaN,NaN,NaN,NaN,NaN,NaN,NaN,,NaN,,5187.51194725,5187.67526125,5187.67526125,5187.67526125,5187.67526125,5187.67526125,5187.67526125,5187.67526125,5187.67526125,5187.67526125,5198.700725667,-7,7,6,2,10.2082648750002,1,8.94440358300017,5187.225242958,5187.227147792,5187.67526125,5187.511930542,NaN,NaN,NaN,NaN,,NaN,,5187.221836542,5187.225197083,None,NaN,NaN,,NaN,NaN,NaN,NaN,NaN,NaN,NaN,20,bathroom,1,2024-05-10_15h50.16.060,image_similarity_rating,2023.2.3,None,2024-05-10 15h50.35.189920 +0200
,126,141,517,517,stimuli/own/bathroom/126_bat.jpg,stimuli/own/bathroom/141_bat.jpg,NaN,NaN,NaN,NaN,NaN,NaN,NaN,NaN,0,330,330,516,5198.71079875,NaN,NaN,NaN,NaN,NaN,NaN,NaN,,NaN,,5198.995405833,5199.162799417,5199.162799417,5199.162799417,5199.162799417,5199.162799417,5199.162799417,5199.162799417,5199.162799417,5199.162799417,5202.66689625,7,-7,6,1,3.3666712080003,2,1.72004741599994,5198.704481125,5198.71079875,5199.162799417,5198.995389167,NaN,NaN,NaN,NaN,,NaN,,5198.700945958,5198.70443425,None,NaN,NaN,,NaN,NaN,NaN,NaN,NaN,NaN,NaN,20,bathroom,1,2024-05-10_15h50.16.060,image_similarity_rating,2023.2.3,None,2024-05-10 15h50.35.189920 +0200
,103,137,95,95,stimuli/own/bathroom/103_bat.jpg,stimuli/own/bathroom/137_bat.jpg,NaN,NaN,NaN,NaN,NaN,NaN,NaN,NaN,0,331,331,94,5202.677538625,NaN,NaN,NaN,NaN,NaN,NaN,NaN,,NaN,,5202.96188875,5203.127541083,5203.127541083,5203.127541083,5203.127541083,5203.127541083,5203.127541083,5203.127541083,5203.127541083,5203.127541083,5206.18380875,-7,7,6,1,2.77903758299999,2,1.86113429200032,5202.670631458,5202.677538625,5203.127541083,5202.961873708,NaN,NaN,NaN,NaN,,NaN,,5202.667114875,5202.67058575,None,NaN,NaN,,NaN,NaN,NaN,NaN,NaN,NaN,NaN,20,bathroom,1,2024-05-10_15h50.16.060,image_similarity_rating,2023.2.3,None,2024-05-10 15h50.35.189920 +0200
,111,116,221,221,stimuli/own/bathroom/111_bat.jpg,stimuli/own/bathroom/116_bat.jpg,NaN,NaN,NaN,NaN,NaN,NaN,NaN,NaN,0,332,332,220,5206.194131625,NaN,NaN,NaN,NaN,NaN,NaN,NaN,,NaN,,5206.478708292,5206.642686125,5206.642686125,5206.642686125,5206.642686125,5206.642686125,5206.642686125,5206.642686125,5206.642686125,5206.642686125,5214.426417417,7,-7,6,1,4.91932062500018,1,6.35763341599977,5206.187433292,5206.194131625,5206.642686125,5206.478694792,NaN,NaN,NaN,NaN,,NaN,,5206.184025,5206.187387333,None,NaN,NaN,,NaN,NaN,NaN,NaN,NaN,NaN,NaN,20,bathroom,1,2024-05-10_15h50.16.060,image_similarity_rating,2023.2.3,None,2024-05-10 15h50.35.189920 +0200
,120,125,410,410,stimuli/own/bathroom/120_bat.jpg,stimuli/own/bathroom/125_bat.jpg,NaN,NaN,NaN,NaN,NaN,NaN,NaN,NaN,0,333,333,409,5214.432000333,NaN,NaN,NaN,NaN,NaN,NaN,NaN,,NaN,,5214.716403333,5214.881896208,5214.881896208,5214.881896208,5214.881896208,5214.881896208,5214.881896208,5214.881896208,5214.881896208,5214.881896208,5217.579798792,7,-7,6,2,2.02589241700025,1,2.50007012500009,5214.430084917,5214.432000333,5214.881896208,5214.716387792,NaN,NaN,NaN,NaN,,NaN,,5214.426642583,5214.430037875,None,NaN,NaN,,NaN,NaN,NaN,NaN,NaN,NaN,NaN,20,bathroom,1,2024-05-10_15h50.16.060,image_similarity_rating,2023.2.3,None,2024-05-10 15h50.35.189920 +0200
,101,124,19,19,stimuli/own/bathroom/101_bat.jpg,stimuli/own/bathroom/124_bat.jpg,NaN,NaN,NaN,NaN,NaN,NaN,NaN,NaN,0,334,334,18,5217.585391917,NaN,NaN,NaN,NaN,NaN,NaN,NaN,,NaN,,5217.878692917,5218.047181917,5218.047181917,5218.047181917,5218.047181917,5218.047181917,5218.047181917,5218.047181917,5218.047181917,5218.047181917,5228.763111375,-7,7,6,2,10.5841857080004,3,9.86846816700017,5217.583438208,5217.585391917,5218.047181917,5217.878675792,NaN,NaN,NaN,NaN,,NaN,,5217.580015625,5217.5833915,None,NaN,NaN,,NaN,NaN,NaN,NaN,NaN,NaN,NaN,20,bathroom,1,2024-05-10_15h50.16.060,image_similarity_rating,2023.2.3,None,2024-05-10 15h50.35.189920 +0200
,129,134,533,533,stimuli/own/bathroom/129_bat.jpg,stimuli/own/bathroom/134_bat.jpg,NaN,NaN,NaN,NaN,NaN,NaN,NaN,NaN,0,335,335,532,5228.768491458,NaN,NaN,NaN,NaN,NaN,NaN,NaN,,NaN,,5229.062078292,5229.231899542,5229.231899542,5229.231899542,5229.231899542,5229.231899542,5229.231899542,5229.231899542,5229.231899542,5229.231899542,5238.542543833,7,-7,6,2,9.16196324999964,5,6.94526737500018,5228.766741083,5228.768491458,5229.231899542,5229.062058792,NaN,NaN,NaN,NaN,,NaN,,5228.763329167,5228.766695167,None,NaN,NaN,,NaN,NaN,NaN,NaN,NaN,NaN,NaN,20,bathroom,1,2024-05-10_15h50.16.060,image_similarity_rating,2023.2.3,None,2024-05-10 15h50.35.189920 +0200
,113,124,280,280,stimuli/own/bathroom/113_bat.jpg,stimuli/own/bathroom/124_bat.jpg,NaN,NaN,NaN,NaN,NaN,NaN,NaN,NaN,0,336,336,279,5238.548368042,NaN,NaN,NaN,NaN,NaN,NaN,NaN,,NaN,,5238.832197333,5238.994898958,5238.994898958,5238.994898958,5238.994898958,5238.994898958,5238.994898958,5238.994898958,5238.994898958,5238.994898958,5244.309408458,-7,7,6,2,4.14826750000066,5,3.13843483399978,5238.546436958,5238.548368042,5238.994898958,5238.832187292,NaN,NaN,NaN,NaN,,NaN,,5238.542763833,5238.546386917,None,NaN,NaN,,NaN,NaN,NaN,NaN,NaN,NaN,NaN,20,bathroom,1,2024-05-10_15h50.16.060,image_similarity_rating,2023.2.3,None,2024-05-10 15h50.35.189920 +0200
,119,132,397,397,stimuli/own/bathroom/119_bat.jpg,stimuli/own/bathroom/132_bat.jpg,NaN,NaN,NaN,NaN,NaN,NaN,NaN,NaN,0,337,337,396,5244.315269333,NaN,NaN,NaN,NaN,NaN,NaN,NaN,,NaN,,5244.599185667,5244.764079583,5244.764079583,5244.764079583,5244.764079583,5244.764079583,5244.764079583,5244.764079583,5244.764079583,5244.764079583,5248.133904292,-7,7,6,2,3.14206004200059,4,2.1415744169999,5244.313146,5244.315269333,5244.764079583,5244.599173917,NaN,NaN,NaN,NaN,,NaN,,5244.309650583,5244.313099417,None,NaN,NaN,,NaN,NaN,NaN,NaN,NaN,NaN,NaN,20,bathroom,1,2024-05-10_15h50.16.060,image_similarity_rating,2023.2.3,None,2024-05-10 15h50.35.189920 +0200
,134,140,573,573,stimuli/own/bathroom/134_bat.jpg,stimuli/own/bathroom/140_bat.jpg,NaN,NaN,NaN,NaN,NaN,NaN,NaN,NaN,0,338,338,572,5248.14394,NaN,NaN,NaN,NaN,NaN,NaN,NaN,,NaN,,5248.428612917,5248.596494667,5248.596494667,5248.596494667,5248.596494667,5248.596494667,5248.596494667,5248.596494667,5248.596494667,5248.596494667,5254.238406833,7,-7,6,2,5.36651020799945,5,3.77858912500051,5248.137545917,5248.14394,5248.596494667,5248.428596583,NaN,NaN,NaN,NaN,,NaN,,5248.134125917,5248.137499292,None,NaN,NaN,,NaN,NaN,NaN,NaN,NaN,NaN,NaN,20,bathroom,1,2024-05-10_15h50.16.060,image_similarity_rating,2023.2.3,None,2024-05-10 15h50.35.189920 +0200
,102,138,64,64,stimuli/own/bathroom/102_bat.jpg,stimuli/own/bathroom/138_bat.jpg,NaN,NaN,NaN,NaN,NaN,NaN,NaN,NaN,0,339,339,63,5254.24395425,NaN,NaN,NaN,NaN,NaN,NaN,NaN,,NaN,,5254.529728792,5254.69583625,5254.69583625,5254.69583625,5254.69583625,5254.69583625,5254.69583625,5254.69583625,5254.69583625,5254.69583625,5261.679567,7,-7,6,1,6.80789837500015,2,2.47360275000028,5254.242067833,5254.24395425,5254.69583625,5254.529714833,NaN,NaN,NaN,NaN,,NaN,,5254.238624292,5254.242019208,None,NaN,NaN,,NaN,NaN,NaN,NaN,NaN,NaN,NaN,20,bathroom,1,2024-05-10_15h50.16.060,image_similarity_rating,2023.2.3,None,2024-05-10 15h50.35.189920 +0200
,118,132,377,377,stimuli/own/bathroom/118_bat.jpg,stimuli/own/bathroom/132_bat.jpg,NaN,NaN,NaN,NaN,NaN,NaN,NaN,NaN,0,340,340,376,5261.685234667,NaN,NaN,NaN,NaN,NaN,NaN,NaN,,NaN,,5261.978662,5262.143176417,5262.143176417,5262.143176417,5262.143176417,5262.143176417,5262.143176417,5262.143176417,5262.143176417,5262.143176417,5272.850035,-7,7,6,1,10.6029844590003,1,2.29813420800019,5261.683308,5261.685234667,5262.143176417,5261.978647458,NaN,NaN,NaN,NaN,,NaN,,5261.679789833,5261.683261958,None,NaN,NaN,,NaN,NaN,NaN,NaN,NaN,NaN,NaN,20,bathroom,1,2024-05-10_15h50.16.060,image_similarity_rating,2023.2.3,None,2024-05-10 15h50.35.189920 +0200
,112,126,257,257,stimuli/own/bathroom/112_bat.jpg,stimuli/own/bathroom/126_bat.jpg,NaN,NaN,NaN,NaN,NaN,NaN,NaN,NaN,0,341,341,256,5272.860670042,NaN,NaN,NaN,NaN,NaN,NaN,NaN,,NaN,,5273.145926625,5273.311314417,5273.311314417,5273.311314417,5273.311314417,5273.311314417,5273.311314417,5273.311314417,5273.311314417,5273.311314417,5283.855142292,7,-7,6,2,6.34685691699997,4,10.406803541,5272.853666208,5272.860670042,5273.311314417,5273.145912625,NaN,NaN,NaN,NaN,,NaN,,5272.850255292,5272.853619958,None,NaN,NaN,,NaN,NaN,NaN,NaN,NaN,NaN,NaN,20,bathroom,1,2024-05-10_15h50.16.060,image_similarity_rating,2023.2.3,None,2024-05-10 15h50.35.189920 +0200
,109,116,194,194,stimuli/own/bathroom/109_bat.jpg,stimuli/own/bathroom/116_bat.jpg,NaN,NaN,NaN,NaN,NaN,NaN,NaN,NaN,0,342,342,193,5283.877291583,NaN,NaN,NaN,NaN,NaN,NaN,NaN,,NaN,,5284.161267792,5284.329969042,5284.329969042,5284.329969042,5284.329969042,5284.329969042,5284.329969042,5284.329969042,5284.329969042,5284.329969042,5288.21732175,7,-7,6,1,2.33234654199987,3,3.76347366699974,5283.858773042,5283.877291583,NaN,5284.161247375,NaN,NaN,NaN,NaN,,NaN,,5283.85535825,5283.85872675,None,NaN,NaN,,NaN,NaN,NaN,NaN,NaN,NaN,NaN,20,bathroom,1,2024-05-10_15h50.16.060,image_similarity_rating,2023.2.3,None,2024-05-10 15h50.35.189920 +0200
,127,139,527,527,stimuli/own/bathroom/127_bat.jpg,stimuli/own/bathroom/139_bat.jpg,NaN,NaN,NaN,NaN,NaN,NaN,NaN,NaN,0,343,343,526,5288.227205833,NaN,NaN,NaN,NaN,NaN,NaN,NaN,,NaN,,5288.511620625,5288.675852833,5288.675852833,5288.675852833,5288.675852833,5288.675852833,5288.675852833,5288.675852833,5288.675852833,5288.675852833,5301.683733625,-7,7,6,2,12.8909117919993,3,4.19303379099983,5288.220939833,5288.227205833,5288.675852833,5288.51160725,NaN,NaN,NaN,NaN,,NaN,,5288.217536333,5288.220891625,None,NaN,NaN,,NaN,NaN,NaN,NaN,NaN,NaN,NaN,20,bathroom,1,2024-05-10_15h50.16.060,image_similarity_rating,2023.2.3,None,2024-05-10 15h50.35.189920 +0200
,109,125,203,203,stimuli/own/bathroom/109_bat.jpg,stimuli/own/bathroom/125_bat.jpg,NaN,NaN,NaN,NaN,NaN,NaN,NaN,NaN,0,344,344,202,5301.693799292,NaN,NaN,NaN,NaN,NaN,NaN,NaN,,NaN,,5301.978314583,5302.143550458,5302.143550458,5302.143550458,5302.143550458,5302.143550458,5302.143550458,5302.143550458,5302.143550458,5302.143550458,5307.421962917,7,-7,6,2,5.16423716699956,1,4.31897154200033,5301.687380667,5301.693799292,5302.143550458,5301.978299958,NaN,NaN,NaN,NaN,,NaN,,5301.6839535,5301.687334375,None,NaN,NaN,,NaN,NaN,NaN,NaN,NaN,NaN,NaN,20,bathroom,1,2024-05-10_15h50.16.060,image_similarity_rating,2023.2.3,None,2024-05-10 15h50.35.189920 +0200
,139,140,593,593,stimuli/own/bathroom/139_bat.jpg,stimuli/own/bathroom/140_bat.jpg,NaN,NaN,NaN,NaN,NaN,NaN,NaN,NaN,0,345,345,592,5307.443981333,NaN,NaN,NaN,NaN,NaN,NaN,NaN,,NaN,,5307.728011,5307.897034917,5307.897034917,5307.897034917,5307.897034917,5307.897034917,5307.897034917,5307.897034917,5307.897034917,5307.897034917,5317.917124583,7,-7,6,2,2.35611783399963,1,9.84445166700061,5307.425698792,5307.443981333,NaN,5307.727985542,NaN,NaN,NaN,NaN,,NaN,,5307.422176833,5307.42565225,None,NaN,NaN,,NaN,NaN,NaN,NaN,NaN,NaN,NaN,20,bathroom,1,2024-05-10_15h50.16.060,image_similarity_rating,2023.2.3,None,2024-05-10 15h50.35.189920 +0200
,114,124,304,304,stimuli/own/bathroom/114_bat.jpg,stimuli/own/bathroom/124_bat.jpg,NaN,NaN,NaN,NaN,NaN,NaN,NaN,NaN,0,346,346,303,5317.927186125,NaN,NaN,NaN,NaN,NaN,NaN,NaN,,NaN,,5318.211790208,5318.382531,5318.382531,5318.382531,5318.382531,5318.382531,5318.382531,5318.382531,5318.382531,5318.382531,5329.037864292,7,-7,6,2,6.39421200000015,4,10.4325799999997,5317.920767667,5317.927186125,5318.382531,5318.211774167,NaN,NaN,NaN,NaN,,NaN,,5317.917339833,5317.920721167,None,NaN,NaN,,NaN,NaN,NaN,NaN,NaN,NaN,NaN,20,bathroom,1,2024-05-10_15h50.16.060,image_similarity_rating,2023.2.3,None,2024-05-10 15h50.35.189920 +0200
,111,135,238,238,stimuli/own/bathroom/111_bat.jpg,stimuli/own/bathroom/135_bat.jpg,NaN,NaN,NaN,NaN,NaN,NaN,NaN,NaN,0,347,347,237,5329.043507833,NaN,NaN,NaN,NaN,NaN,NaN,NaN,,NaN,,5329.328300167,5329.494711667,5329.494711667,5329.494711667,5329.494711667,5329.494711667,5329.494711667,5329.494711667,5329.494711667,5329.494711667,5340.442521333,7,-7,6,3,3.20242599999983,4,4.38472262499999,5329.041500417,5329.043507833,5329.494711667,5329.328282167,NaN,NaN,NaN,NaN,,NaN,,5329.03808225,5329.041454292,None,NaN,NaN,,NaN,NaN,NaN,NaN,NaN,NaN,NaN,20,bathroom,1,2024-05-10_15h50.16.060,image_similarity_rating,2023.2.3,None,2024-05-10 15h50.35.189920 +0200
,109,127,205,205,stimuli/own/bathroom/109_bat.jpg,stimuli/own/bathroom/127_bat.jpg,NaN,NaN,NaN,NaN,NaN,NaN,NaN,NaN,0,348,348,204,5340.448008458,NaN,NaN,NaN,NaN,NaN,NaN,NaN,,NaN,,5340.73230475,5340.896743458,5340.896743458,5340.896743458,5340.896743458,5340.896743458,5340.896743458,5340.896743458,5340.896743458,5340.896743458,5348.637977458,-7,7,6,2,5.03886629199951,3,3.98281899999984,5340.446239917,5340.448008458,5340.896743458,5340.732292958,NaN,NaN,NaN,NaN,,NaN,,5340.44277075,5340.44619375,None,NaN,NaN,,NaN,NaN,NaN,NaN,NaN,NaN,NaN,20,bathroom,1,2024-05-10_15h50.16.060,image_similarity_rating,2023.2.3,None,2024-05-10 15h50.35.189920 +0200
,105,111,133,133,stimuli/own/bathroom/105_bat.jpg,stimuli/own/bathroom/111_bat.jpg,NaN,NaN,NaN,NaN,NaN,NaN,NaN,NaN,0,349,349,132,5348.643920417,NaN,NaN,NaN,NaN,NaN,NaN,NaN,,NaN,,5348.928288583,5349.091887167,5349.091887167,5349.091887167,5349.091887167,5349.091887167,5349.091887167,5349.091887167,5349.091887167,5349.091887167,5363.742139458,-7,7,6,1,5.39750604099936,1,14.3240429589996,5348.641740417,5348.643920417,5349.091887167,5348.928271583,NaN,NaN,NaN,NaN,,NaN,,5348.638201583,5348.641694417,None,NaN,NaN,,NaN,NaN,NaN,NaN,NaN,NaN,NaN,20,bathroom,1,2024-05-10_15h50.16.060,image_similarity_rating,2023.2.3,None,2024-05-10 15h50.35.189920 +0200
,126,132,509,509,stimuli/own/bathroom/126_bat.jpg,stimuli/own/bathroom/132_bat.jpg,NaN,NaN,NaN,NaN,NaN,NaN,NaN,NaN,0,350,350,508,5363.747663083,NaN,NaN,NaN,NaN,NaN,NaN,NaN,,NaN,,5364.032441042,5364.199284333,5364.199284333,5364.199284333,5364.199284333,5364.199284333,5364.199284333,5364.199284333,5364.199284333,5364.199284333,5372.64592825,-7,7,6,2,8.272028417,3,7.30576837499939,5363.745845042,5363.747663083,5364.199284333,5364.032428167,NaN,NaN,NaN,NaN,,NaN,,5363.742358708,5363.74579875,None,NaN,NaN,,NaN,NaN,NaN,NaN,NaN,NaN,NaN,20,bathroom,1,2024-05-10_15h50.16.060,image_similarity_rating,2023.2.3,None,2024-05-10 15h50.35.189920 +0200
,101,139,32,32,stimuli/own/bathroom/101_bat.jpg,stimuli/own/bathroom/139_bat.jpg,NaN,NaN,NaN,NaN,NaN,NaN,NaN,NaN,0,351,351,31,5372.651607625,NaN,NaN,NaN,NaN,NaN,NaN,NaN,,NaN,,5372.944809458,5373.115412875,5373.115412875,5373.115412875,5373.115412875,5373.115412875,5373.115412875,5373.115412875,5373.115412875,5373.115412875,5379.32536575,-7,7,6,2,2.81650583400005,2,6.03504237499965,5372.649692542,5372.651607625,5373.115412875,5372.944785542,NaN,NaN,NaN,NaN,,NaN,,5372.646147458,5372.649646333,None,NaN,NaN,,NaN,NaN,NaN,NaN,NaN,NaN,NaN,20,bathroom,1,2024-05-10_15h50.16.060,image_similarity_rating,2023.2.3,None,2024-05-10 15h50.35.189920 +0200
,104,123,114,114,stimuli/own/bathroom/104_bat.jpg,stimuli/own/bathroom/123_bat.jpg,NaN,NaN,NaN,NaN,NaN,NaN,NaN,NaN,0,352,352,113,5379.331136708,NaN,NaN,NaN,NaN,NaN,NaN,NaN,,NaN,,5379.615711333,5379.782123458,5379.782123458,5379.782123458,5379.782123458,5379.782123458,5379.782123458,5379.782123458,5379.782123458,5379.782123458,5385.000161333,7,-7,6,2,2.71072933400046,2,3.4248894579996,5379.329186208,5379.331136708,5379.782123458,5379.615693708,NaN,NaN,NaN,NaN,,NaN,,5379.325585208,5379.329139583,None,NaN,NaN,,NaN,NaN,NaN,NaN,NaN,NaN,NaN,20,bathroom,1,2024-05-10_15h50.16.060,image_similarity_rating,2023.2.3,None,2024-05-10 15h50.35.189920 +0200
,131,140,558,558,stimuli/own/bathroom/131_bat.jpg,stimuli/own/bathroom/140_bat.jpg,NaN,NaN,NaN,NaN,NaN,NaN,NaN,NaN,0,353,353,557,5385.01021425,NaN,NaN,NaN,NaN,NaN,NaN,NaN,,NaN,,5385.294848375,5385.460370458,5385.460370458,5385.460370458,5385.460370458,5385.460370458,5385.460370458,5385.460370458,5385.460370458,5385.460370458,5393.92924325,-7,7,6,1,6.90971445800005,1,8.34425854199981,5385.003787792,5385.01021425,5385.460370458,5385.294820708,NaN,NaN,NaN,NaN,,NaN,,5385.000378458,5385.003741375,None,NaN,NaN,,NaN,NaN,NaN,NaN,NaN,NaN,NaN,20,bathroom,1,2024-05-10_15h50.16.060,image_similarity_rating,2023.2.3,None,2024-05-10 15h50.35.189920 +0200
,112,132,262,609,stimuli/own/bathroom/112_bat.jpg,stimuli/own/bathroom/132_bat.jpg,NaN,NaN,NaN,NaN,NaN,NaN,NaN,NaN,0,354,354,608,5393.934734292,NaN,NaN,NaN,NaN,NaN,NaN,NaN,,NaN,,5394.229252833,5394.393358708,5394.393358708,5394.393358708,5394.393358708,5394.393358708,5394.393358708,5394.393358708,5394.393358708,5394.393358708,5401.929179375,-7,7,6,2,5.32683204099976,6,7.07333374999962,5393.932987417,5393.934734292,5394.393358708,5394.229239167,NaN,NaN,NaN,NaN,,NaN,,5393.929464792,5393.932941667,None,NaN,NaN,,NaN,NaN,NaN,NaN,NaN,NaN,NaN,20,bathroom,1,2024-05-10_15h50.16.060,image_similarity_rating,2023.2.3,None,2024-05-10 15h50.35.189920 +0200
,127,131,520,520,stimuli/own/bathroom/127_bat.jpg,stimuli/own/bathroom/131_bat.jpg,NaN,NaN,NaN,NaN,NaN,NaN,NaN,NaN,0,355,355,519,5401.934710917,NaN,NaN,NaN,NaN,NaN,NaN,NaN,,NaN,,5402.228926625,5402.396889042,5402.396889042,5402.396889042,5402.396889042,5402.396889042,5402.396889042,5402.396889042,5402.396889042,5402.396889042,5408.02562525,7,-7,6,1,5.25245891699979,1,3.15043720899939,5401.932808292,5401.934710917,5402.396889042,5402.228907167,NaN,NaN,NaN,NaN,,NaN,,5401.929396042,5401.932761792,None,NaN,NaN,,NaN,NaN,NaN,NaN,NaN,NaN,NaN,20,bathroom,1,2024-05-10_15h50.16.060,image_similarity_rating,2023.2.3,None,2024-05-10 15h50.35.189920 +0200
,101,122,17,17,stimuli/own/bathroom/101_bat.jpg,stimuli/own/bathroom/122_bat.jpg,NaN,NaN,NaN,NaN,NaN,NaN,NaN,NaN,0,356,356,16,5408.031418792,NaN,NaN,NaN,NaN,NaN,NaN,NaN,,NaN,,5408.316315333,5408.480222708,5408.480222708,5408.480222708,5408.480222708,5408.480222708,5408.480222708,5408.480222708,5408.480222708,5408.480222708,5415.22985975,-7,7,6,2,6.67223100000047,3,5.8220644160001,5408.029473792,5408.031418792,5408.480222708,5408.316302208,NaN,NaN,NaN,NaN,,NaN,,5408.025875,5408.0294265,None,NaN,NaN,,NaN,NaN,NaN,NaN,NaN,NaN,NaN,20,bathroom,1,2024-05-10_15h50.16.060,image_similarity_rating,2023.2.3,None,2024-05-10 15h50.35.189920 +0200
,114,121,301,301,stimuli/own/bathroom/114_bat.jpg,stimuli/own/bathroom/121_bat.jpg,NaN,NaN,NaN,NaN,NaN,NaN,NaN,NaN,0,357,357,300,5415.235475958,NaN,NaN,NaN,NaN,NaN,NaN,NaN,,NaN,,5415.52815775,5415.692734667,5415.692734667,5415.692734667,5415.692734667,5415.692734667,5415.692734667,5415.692734667,5415.692734667,5415.692734667,5420.529219792,-7,7,6,2,1.66759445800017,1,4.68162083300012,5415.233530542,5415.235475958,5415.692734667,5415.52814325,NaN,NaN,NaN,NaN,,NaN,,5415.230078542,5415.233484,None,NaN,NaN,,NaN,NaN,NaN,NaN,NaN,NaN,NaN,20,bathroom,1,2024-05-10_15h50.16.060,image_similarity_rating,2023.2.3,None,2024-05-10 15h50.35.189920 +0200
,109,124,202,202,stimuli/own/bathroom/109_bat.jpg,stimuli/own/bathroom/124_bat.jpg,NaN,NaN,NaN,NaN,NaN,NaN,NaN,NaN,0,358,358,201,5420.534868208,NaN,NaN,NaN,NaN,NaN,NaN,NaN,,NaN,,5420.827594583,5420.9931825,5420.9931825,5420.9931825,5420.9931825,5420.9931825,5420.9931825,5420.9931825,5420.9931825,5420.9931825,5427.187724667,7,-7,6,2,4.51395875000071,5,6.06803775000026,5420.532934333,5420.534868208,5420.9931825,5420.827576833,NaN,NaN,NaN,NaN,,NaN,,5420.529434375,5420.532887917,None,NaN,NaN,,NaN,NaN,NaN,NaN,NaN,NaN,NaN,20,bathroom,1,2024-05-10_15h50.16.060,image_similarity_rating,2023.2.3,None,2024-05-10 15h50.35.189920 +0200
,105,122,143,143,stimuli/own/bathroom/105_bat.jpg,stimuli/own/bathroom/122_bat.jpg,NaN,NaN,NaN,NaN,NaN,NaN,NaN,NaN,0,359,359,142,5427.193315,NaN,NaN,NaN,NaN,NaN,NaN,NaN,,NaN,,5427.477998458,5427.644086667,5427.644086667,5427.644086667,5427.644086667,5427.644086667,5427.644086667,5427.644086667,5427.644086667,5427.644086667,5438.679440167,7,-7,6,2,9.23286233399995,1,7.31290004099992,5427.191376625,5427.193315,5427.644086667,5427.477982833,NaN,NaN,NaN,NaN,,NaN,,5427.187941417,5427.191330333,None,NaN,NaN,,NaN,NaN,NaN,NaN,NaN,NaN,NaN,20,bathroom,1,2024-05-10_15h50.16.060,image_similarity_rating,2023.2.3,None,2024-05-10 15h50.35.189920 +0200
,111,130,234,234,stimuli/own/bathroom/111_bat.jpg,stimuli/own/bathroom/130_bat.jpg,NaN,NaN,NaN,NaN,NaN,NaN,NaN,NaN,0,360,360,233,5438.684852875,NaN,NaN,NaN,NaN,NaN,NaN,NaN,,NaN,,5438.977940958,5439.141320417,5439.141320417,5439.141320417,5439.141320417,5439.141320417,5439.141320417,5439.141320417,5439.141320417,5439.141320417,5443.958724625,-7,7,6,2,4.58894687500015,1,3.73500220799997,5438.68309525,5438.684852875,5439.141320417,5438.97792825,NaN,NaN,NaN,NaN,,NaN,,5438.679657208,5438.683048833,None,NaN,NaN,,NaN,NaN,NaN,NaN,NaN,NaN,NaN,20,bathroom,1,2024-05-10_15h50.16.060,image_similarity_rating,2023.2.3,None,2024-05-10 15h50.35.189920 +0200
,101,103,2,2,stimuli/own/bathroom/101_bat.jpg,stimuli/own/bathroom/103_bat.jpg,NaN,NaN,NaN,NaN,NaN,NaN,NaN,NaN,0,361,361,1,5443.964535875,NaN,NaN,NaN,NaN,NaN,NaN,NaN,,NaN,,5444.247737417,5444.40915125,5444.40915125,5444.40915125,5444.40915125,5444.40915125,5444.40915125,5444.40915125,5444.40915125,5444.40915125,5453.170827375,-7,7,6,2,8.45819316699999,1,3.37326362499971,5443.962543,5443.964535875,5444.40915125,5444.247727375,NaN,NaN,NaN,NaN,,NaN,,5443.958940125,5443.962496167,None,NaN,NaN,,NaN,NaN,NaN,NaN,NaN,NaN,NaN,20,bathroom,1,2024-05-10_15h50.16.060,image_similarity_rating,2023.2.3,None,2024-05-10 15h50.35.189920 +0200
,109,114,193,193,stimuli/own/bathroom/109_bat.jpg,stimuli/own/bathroom/114_bat.jpg,NaN,NaN,NaN,NaN,NaN,NaN,NaN,NaN,0,362,362,192,5453.176356917,NaN,NaN,NaN,NaN,NaN,NaN,NaN,,NaN,,5453.461136375,5453.624896208,5453.624896208,5453.624896208,5453.624896208,5453.624896208,5453.624896208,5453.624896208,5453.624896208,5453.624896208,5458.429937792,-7,7,6,2,4.71244154099986,1,3.52082950000022,5453.174460292,5453.176356917,5453.624896208,5453.461122958,NaN,NaN,NaN,NaN,,NaN,,5453.17104375,5453.174414292,None,NaN,NaN,,NaN,NaN,NaN,NaN,NaN,NaN,NaN,20,bathroom,1,2024-05-10_15h50.16.060,image_similarity_rating,2023.2.3,None,2024-05-10 15h50.35.189920 +0200
,118,136,380,380,stimuli/own/bathroom/118_bat.jpg,stimuli/own/bathroom/136_bat.jpg,NaN,NaN,NaN,NaN,NaN,NaN,NaN,NaN,0,363,363,379,5458.435836875,NaN,NaN,NaN,NaN,NaN,NaN,NaN,,NaN,,5458.728489583,5458.892683292,5458.892683292,5458.892683292,5458.892683292,5458.892683292,5458.892683292,5458.892683292,5458.892683292,5458.892683292,5464.413307,7,-7,6,2,5.50660508300007,1,1.58941454100022,5458.43358,5458.435836875,5458.892683292,5458.728476333,NaN,NaN,NaN,NaN,,NaN,,5458.43015775,5458.433534208,None,NaN,NaN,,NaN,NaN,NaN,NaN,NaN,NaN,NaN,20,bathroom,1,2024-05-10_15h50.16.060,image_similarity_rating,2023.2.3,None,2024-05-10 15h50.35.189920 +0200
,102,103,35,35,stimuli/own/bathroom/102_bat.jpg,stimuli/own/bathroom/103_bat.jpg,NaN,NaN,NaN,NaN,NaN,NaN,NaN,NaN,0,364,364,34,5464.418894958,NaN,NaN,NaN,NaN,NaN,NaN,NaN,,NaN,,5464.711269833,5464.877446792,5464.877446792,5464.877446792,5464.877446792,5464.877446792,5464.877446792,5464.877446792,5464.877446792,5464.877446792,5467.982587333,7,-7,6,2,3.00346708300003,1,2.0612898749996,5464.4169615,5464.418894958,5464.877446792,5464.711252292,NaN,NaN,NaN,NaN,,NaN,,5464.413529375,5464.416915417,None,NaN,NaN,,NaN,NaN,NaN,NaN,NaN,NaN,NaN,20,bathroom,1,2024-05-10_15h50.16.060,image_similarity_rating,2023.2.3,None,2024-05-10 15h50.35.189920 +0200
,114,139,317,317,stimuli/own/bathroom/114_bat.jpg,stimuli/own/bathroom/139_bat.jpg,NaN,NaN,NaN,NaN,NaN,NaN,NaN,NaN,0,365,365,316,5467.993465417,NaN,NaN,NaN,NaN,NaN,NaN,NaN,,NaN,,5468.277718833,5468.441339542,5468.441339542,5468.441339542,5468.441339542,5468.441339542,5468.441339542,5468.441339542,5468.441339542,5468.441339542,5476.2131345,-7,7,6,1,4.90611566700045,3,7.53313849999995,5467.986210917,5467.993465417,5468.441339542,5468.277704792,NaN,NaN,NaN,NaN,,NaN,,5467.982804458,5467.986164333,None,NaN,NaN,,NaN,NaN,NaN,NaN,NaN,NaN,NaN,20,bathroom,1,2024-05-10_15h50.16.060,image_similarity_rating,2023.2.3,None,2024-05-10 15h50.35.189920 +0200
,118,127,373,373,stimuli/own/bathroom/118_bat.jpg,stimuli/own/bathroom/127_bat.jpg,NaN,NaN,NaN,NaN,NaN,NaN,NaN,NaN,0,366,366,372,5476.219069125,NaN,NaN,NaN,NaN,NaN,NaN,NaN,,NaN,,5476.511192792,5476.676396,5476.676396,5476.676396,5476.676396,5476.676396,5476.676396,5476.676396,5476.676396,5476.676396,5484.662251625,7,-7,6,1,7.63388570799998,1,1.91907058400011,5476.217133833,5476.219069125,5476.676396,5476.511178667,NaN,NaN,NaN,NaN,,NaN,,5476.213354292,5476.21708475,None,NaN,NaN,,NaN,NaN,NaN,NaN,NaN,NaN,NaN,20,bathroom,1,2024-05-10_15h50.16.060,image_similarity_rating,2023.2.3,None,2024-05-10 15h50.35.189920 +0200
,101,132,26,26,stimuli/own/bathroom/101_bat.jpg,stimuli/own/bathroom/132_bat.jpg,NaN,NaN,NaN,NaN,NaN,NaN,NaN,NaN,0,367,367,25,5484.667751,NaN,NaN,NaN,NaN,NaN,NaN,NaN,,NaN,,5484.96149725,5485.132362792,5485.132362792,5485.132362792,5485.132362792,5485.132362792,5485.132362792,5485.132362792,5485.132362792,5485.132362792,5498.075595083,-7,7,6,1,10.7664883749994,1,5.40221250000013,5484.665989208,5484.667751,5485.132362792,5484.961471708,NaN,NaN,NaN,NaN,,NaN,,5484.662469042,5484.665943792,None,NaN,NaN,,NaN,NaN,NaN,NaN,NaN,NaN,NaN,20,bathroom,1,2024-05-10_15h50.16.060,image_similarity_rating,2023.2.3,None,2024-05-10 15h50.35.189920 +0200
,102,124,52,52,stimuli/own/bathroom/102_bat.jpg,stimuli/own/bathroom/124_bat.jpg,NaN,NaN,NaN,NaN,NaN,NaN,NaN,NaN,0,368,368,51,5498.081431833,NaN,NaN,NaN,NaN,NaN,NaN,NaN,,NaN,,5498.365349958,5498.531951792,5498.531951792,5498.531951792,5498.531951792,5498.531951792,5498.531951792,5498.531951792,5498.531951792,5498.531951792,5510.216516292,-7,7,6,2,7.83165237499998,2,5.46357512499981,5498.079497625,5498.081431833,5498.531951792,5498.365336917,NaN,NaN,NaN,NaN,,NaN,,5498.075812875,5498.079448583,None,NaN,NaN,,NaN,NaN,NaN,NaN,NaN,NaN,NaN,20,bathroom,1,2024-05-10_15h50.16.060,image_similarity_rating,2023.2.3,None,2024-05-10 15h50.35.189920 +0200
,102,139,65,604,stimuli/own/bathroom/102_bat.jpg,stimuli/own/bathroom/139_bat.jpg,NaN,NaN,NaN,NaN,NaN,NaN,NaN,NaN,0,369,369,603,5510.226649125,NaN,NaN,NaN,NaN,NaN,NaN,NaN,,NaN,,5510.511036875,5510.677681,5510.677681,5510.677681,5510.677681,5510.677681,5510.677681,5510.677681,5510.677681,5510.677681,5515.909008792,7,-7,6,2,4.57814595799937,3,3.04299208299926,5510.220162042,5510.226649125,5510.677681,5510.511021083,NaN,NaN,NaN,NaN,,NaN,,5510.216737458,5510.220115792,None,NaN,NaN,,NaN,NaN,NaN,NaN,NaN,NaN,NaN,20,bathroom,1,2024-05-10_15h50.16.060,image_similarity_rating,2023.2.3,None,2024-05-10 15h50.35.189920 +0200
,104,131,121,615,stimuli/own/bathroom/104_bat.jpg,stimuli/own/bathroom/131_bat.jpg,NaN,NaN,NaN,NaN,NaN,NaN,NaN,NaN,0,370,370,614,5515.914483208,NaN,NaN,NaN,NaN,NaN,NaN,NaN,,NaN,,5516.198370167,5516.362038292,5516.362038292,5516.362038292,5516.362038292,5516.362038292,5516.362038292,5516.362038292,5516.362038292,5516.362038292,5522.591967583,7,-7,6,2,6.18901387499955,1,3.00338345900036,5515.91272575,5515.914483208,5516.362038292,5516.198357167,NaN,NaN,NaN,NaN,,NaN,,5515.909230042,5515.912679,None,NaN,NaN,,NaN,NaN,NaN,NaN,NaN,NaN,NaN,20,bathroom,1,2024-05-10_15h50.16.060,image_similarity_rating,2023.2.3,None,2024-05-10 15h50.35.189920 +0200
,124,132,482,482,stimuli/own/bathroom/124_bat.jpg,stimuli/own/bathroom/132_bat.jpg,NaN,NaN,NaN,NaN,NaN,NaN,NaN,NaN,0,371,371,481,5522.597591083,NaN,NaN,NaN,NaN,NaN,NaN,NaN,,NaN,,5522.881762958,5523.0455185,5523.0455185,5523.0455185,5523.0455185,5523.0455185,5523.0455185,5523.0455185,5523.0455185,5523.0455185,5531.158900375,-7,7,6,4,7.91984895799942,3,4.06218316600007,5522.595665958,5522.597591083,5523.0455185,5522.881751708,NaN,NaN,NaN,NaN,,NaN,,5522.592209375,5522.59561925,None,NaN,NaN,,NaN,NaN,NaN,NaN,NaN,NaN,NaN,20,bathroom,1,2024-05-10_15h50.16.060,image_similarity_rating,2023.2.3,None,2024-05-10 15h50.35.189920 +0200
,106,114,165,165,stimuli/own/bathroom/106_bat.jpg,stimuli/own/bathroom/114_bat.jpg,NaN,NaN,NaN,NaN,NaN,NaN,NaN,NaN,0,372,372,164,5531.164692625,NaN,NaN,NaN,NaN,NaN,NaN,NaN,,NaN,,5531.44940525,5531.614102917,5531.614102917,5531.614102917,5531.614102917,5531.614102917,5531.614102917,5531.614102917,5531.614102917,5531.614102917,5547.06205625,7,-7,6,1,15.1074803749998,1,13.3519529159994,5531.16260375,5531.164692625,5531.614102917,5531.449392875,NaN,NaN,NaN,NaN,,NaN,,5531.159118167,5531.162557292,None,NaN,NaN,,NaN,NaN,NaN,NaN,NaN,NaN,NaN,20,bathroom,1,2024-05-10_15h50.16.060,image_similarity_rating,2023.2.3,None,2024-05-10 15h50.35.189920 +0200
,111,121,226,226,stimuli/own/bathroom/111_bat.jpg,stimuli/own/bathroom/121_bat.jpg,NaN,NaN,NaN,NaN,NaN,NaN,NaN,NaN,0,373,373,225,5547.067753375,NaN,NaN,NaN,NaN,NaN,NaN,NaN,,NaN,,5547.360848,5547.525096958,5547.525096958,5547.525096958,5547.525096958,5547.525096958,5547.525096958,5547.525096958,5547.525096958,5547.525096958,5556.999940792,7,-7,6,3,9.35985808300029,4,8.25415895799961,5547.065831333,5547.067753375,5547.525096958,5547.360833792,NaN,NaN,NaN,NaN,,NaN,,5547.062276375,5547.065784625,None,NaN,NaN,,NaN,NaN,NaN,NaN,NaN,NaN,NaN,20,bathroom,1,2024-05-10_15h50.16.060,image_similarity_rating,2023.2.3,None,2024-05-10 15h50.35.189920 +0200
,120,123,408,408,stimuli/own/bathroom/120_bat.jpg,stimuli/own/bathroom/123_bat.jpg,NaN,NaN,NaN,NaN,NaN,NaN,NaN,NaN,0,374,374,407,5557.009640625,NaN,NaN,NaN,NaN,NaN,NaN,NaN,,NaN,,5557.294259542,5557.458675542,5557.458675542,5557.458675542,5557.458675542,5557.458675542,5557.458675542,5557.458675542,5557.458675542,5557.458675542,5563.162378333,7,-7,6,3,5.66947487499965,5,3.48167437499978,5557.003580583,5557.009640625,5557.458675542,5557.294246,NaN,NaN,NaN,NaN,,NaN,,5557.000159125,5557.003534417,None,NaN,NaN,,NaN,NaN,NaN,NaN,NaN,NaN,NaN,20,bathroom,1,2024-05-10_15h50.16.060,image_similarity_rating,2023.2.3,None,2024-05-10 15h50.35.189920 +0200
,106,116,166,166,stimuli/own/bathroom/106_bat.jpg,stimuli/own/bathroom/116_bat.jpg,NaN,NaN,NaN,NaN,NaN,NaN,NaN,NaN,0,375,375,165,5563.167793875,NaN,NaN,NaN,NaN,NaN,NaN,NaN,,NaN,,5563.460854125,5563.6252015,5563.6252015,5563.6252015,5563.6252015,5563.6252015,5563.6252015,5563.6252015,5563.6252015,5563.6252015,5573.128729042,-7,7,6,1,1.80578512500051,1,2.21508704200005,5563.166028375,5563.167793875,5563.6252015,5563.460840875,NaN,NaN,NaN,NaN,,NaN,,5563.162594792,5563.16598225,None,NaN,NaN,,NaN,NaN,NaN,NaN,NaN,NaN,NaN,20,bathroom,1,2024-05-10_15h50.16.060,image_similarity_rating,2023.2.3,None,2024-05-10 15h50.35.189920 +0200
,116,136,337,337,stimuli/own/bathroom/116_bat.jpg,stimuli/own/bathroom/136_bat.jpg,NaN,NaN,NaN,NaN,NaN,NaN,NaN,NaN,0,376,376,336,5573.134501375,NaN,NaN,NaN,NaN,NaN,NaN,NaN,,NaN,,5573.427574292,5573.598257833,5573.598257833,5573.598257833,5573.598257833,5573.598257833,5573.598257833,5573.598257833,5573.598257833,5573.598257833,5578.603782958,-7,7,6,1,3.53063208299955,1,4.80686287499975,5573.132390667,5573.134501375,5573.598257833,5573.427554583,NaN,NaN,NaN,NaN,,NaN,,5573.128947708,5573.132343458,None,NaN,NaN,,NaN,NaN,NaN,NaN,NaN,NaN,NaN,20,bathroom,1,2024-05-10_15h50.16.060,image_similarity_rating,2023.2.3,None,2024-05-10 15h50.35.189920 +0200
,111,119,224,224,stimuli/own/bathroom/111_bat.jpg,stimuli/own/bathroom/119_bat.jpg,NaN,NaN,NaN,NaN,NaN,NaN,NaN,NaN,0,377,377,223,5578.609287125,NaN,NaN,NaN,NaN,NaN,NaN,NaN,,NaN,,5578.89408175,5579.057978542,5579.057978542,5579.057978542,5579.057978542,5579.057978542,5579.057978542,5579.057978542,5579.057978542,5579.057978542,5587.070876083,7,-7,6,1,1.82017149999956,1,7.42716924999968,5578.607520708,5578.609287125,5579.057978542,5578.894062917,NaN,NaN,NaN,NaN,,NaN,,5578.603998958,5578.607474292,None,NaN,NaN,,NaN,NaN,NaN,NaN,NaN,NaN,NaN,20,bathroom,1,2024-05-10_15h50.16.060,image_similarity_rating,2023.2.3,None,2024-05-10 15h50.35.189920 +0200
,105,126,147,147,stimuli/own/bathroom/105_bat.jpg,stimuli/own/bathroom/126_bat.jpg,NaN,NaN,NaN,NaN,NaN,NaN,NaN,NaN,0,378,378,146,5587.092955417,NaN,NaN,NaN,NaN,NaN,NaN,NaN,,NaN,,5587.494220458,5587.667103,5587.667103,5587.667103,5587.667103,5587.667103,5587.667103,5587.667103,5587.667103,5587.667103,5595.912000125,7,-7,7,1,4.71079545800058,1,6.64752629099985,5587.19748675,5587.210234667,5587.667103,5587.494204125,NaN,NaN,NaN,NaN,,NaN,,5587.071096,5587.1972915,space,5587.092955417,0.104235625000001,None,NaN,NaN,NaN,NaN,NaN,NaN,NaN,20,bathroom,1,2024-05-10_15h50.16.060,image_similarity_rating,2023.2.3,None,2024-05-10 15h50.35.189920 +0200
,119,140,404,404,stimuli/own/bathroom/119_bat.jpg,stimuli/own/bathroom/140_bat.jpg,NaN,NaN,NaN,NaN,NaN,NaN,NaN,NaN,0,379,379,403,5595.918129667,NaN,NaN,NaN,NaN,NaN,NaN,NaN,,NaN,,5596.210842542,5596.376735083,5596.376735083,5596.376735083,5596.376735083,5596.376735083,5596.376735083,5596.376735083,5596.376735083,5596.376735083,5603.908261583,-7,7,7,1,4.54119424999953,1,6.17011787499996,5595.916190958,5595.918129667,5596.376735083,5596.210826917,NaN,NaN,NaN,NaN,,NaN,,5595.912220625,5595.916143333,None,NaN,NaN,,NaN,NaN,NaN,NaN,NaN,NaN,NaN,20,bathroom,1,2024-05-10_15h50.16.060,image_similarity_rating,2023.2.3,None,2024-05-10 15h50.35.189920 +0200
,103,140,98,98,stimuli/own/bathroom/103_bat.jpg,stimuli/own/bathroom/140_bat.jpg,NaN,NaN,NaN,NaN,NaN,NaN,NaN,NaN,0,380,380,97,5603.913677167,NaN,NaN,NaN,NaN,NaN,NaN,NaN,,NaN,,5604.199,5604.362586458,5604.362586458,5604.362586458,5604.362586458,5604.362586458,5604.362586458,5604.362586458,5604.362586458,5604.362586458,5621.166051625,-7,7,7,2,11.2386014999993,1,8.80947008400017,5603.911940417,5603.913677167,5604.362586458,5604.1989895,NaN,NaN,NaN,NaN,,NaN,,5603.908487542,5603.911894375,None,NaN,NaN,,NaN,NaN,NaN,NaN,NaN,NaN,NaN,20,bathroom,1,2024-05-10_15h50.16.060,image_similarity_rating,2023.2.3,None,2024-05-10 15h50.35.189920 +0200
,122,130,449,449,stimuli/own/bathroom/122_bat.jpg,stimuli/own/bathroom/130_bat.jpg,NaN,NaN,NaN,NaN,NaN,NaN,NaN,NaN,0,381,381,448,5621.176542,NaN,NaN,NaN,NaN,NaN,NaN,NaN,,NaN,,5621.460959583,5621.629098417,5621.629098417,5621.629098417,5621.629098417,5621.629098417,5621.629098417,5621.629098417,5621.629098417,5621.629098417,5630.208429208,-7,7,7,2,3.31249404199934,6,8.36617270799979,5621.169697792,5621.176542,5621.629098417,5621.460938833,NaN,NaN,NaN,NaN,,NaN,,5621.166271667,5621.169651375,None,NaN,NaN,,NaN,NaN,NaN,NaN,NaN,NaN,NaN,20,bathroom,1,2024-05-10_15h50.16.060,image_similarity_rating,2023.2.3,None,2024-05-10 15h50.35.189920 +0200
,109,135,211,211,stimuli/own/bathroom/109_bat.jpg,stimuli/own/bathroom/135_bat.jpg,NaN,NaN,NaN,NaN,NaN,NaN,NaN,NaN,0,382,382,210,5630.214035208,NaN,NaN,NaN,NaN,NaN,NaN,NaN,,NaN,,5630.498664792,5630.664040375,5630.664040375,5630.664040375,5630.664040375,5630.664040375,5630.664040375,5630.664040375,5630.664040375,5630.664040375,5639.087239292,-7,7,7,2,6.77919262500018,5,7.59134895899933,5630.21211375,5630.214035208,5630.664040375,5630.498646083,NaN,NaN,NaN,NaN,,NaN,,5630.208668583,5630.212067292,None,NaN,NaN,,NaN,NaN,NaN,NaN,NaN,NaN,NaN,20,bathroom,1,2024-05-10_15h50.16.060,image_similarity_rating,2023.2.3,None,2024-05-10 15h50.35.189920 +0200
,105,141,160,160,stimuli/own/bathroom/105_bat.jpg,stimuli/own/bathroom/141_bat.jpg,NaN,NaN,NaN,NaN,NaN,NaN,NaN,NaN,0,383,383,159,5639.092637542,NaN,NaN,NaN,NaN,NaN,NaN,NaN,,NaN,,5639.377495458,5639.542561,5639.542561,5639.542561,5639.542561,5639.542561,5639.542561,5639.542561,5639.542561,5639.542561,5657.591490833,-7,7,7,2,16.3775964169999,2,17.5234569169997,5639.090885375,5639.092637542,5639.542561,5639.37748075,NaN,NaN,NaN,NaN,,NaN,,5639.087459792,5639.090838792,None,NaN,NaN,,NaN,NaN,NaN,NaN,NaN,NaN,NaN,20,bathroom,1,2024-05-10_15h50.16.060,image_similarity_rating,2023.2.3,None,2024-05-10 15h50.35.189920 +0200
,105,121,142,142,stimuli/own/bathroom/105_bat.jpg,stimuli/own/bathroom/121_bat.jpg,NaN,NaN,NaN,NaN,NaN,NaN,NaN,NaN,0,384,384,141,5657.597101208,NaN,NaN,NaN,NaN,NaN,NaN,NaN,,NaN,,5657.881260958,5658.044776083,5658.044776083,5658.044776083,5658.044776083,5658.044776083,5658.044776083,5658.044776083,5658.044776083,5658.044776083,5661.558464625,7,-7,7,1,2.55504695899981,1,3.00297333300023,5657.595167208,5657.597101208,5658.044776083,5657.881249625,NaN,NaN,NaN,NaN,,NaN,,5657.591721542,5657.595119875,None,NaN,NaN,,NaN,NaN,NaN,NaN,NaN,NaN,NaN,20,bathroom,1,2024-05-10_15h50.16.060,image_similarity_rating,2023.2.3,None,2024-05-10 15h50.35.189920 +0200
,121,138,439,439,stimuli/own/bathroom/121_bat.jpg,stimuli/own/bathroom/138_bat.jpg,NaN,NaN,NaN,NaN,NaN,NaN,NaN,NaN,0,385,385,438,5661.564155708,NaN,NaN,NaN,NaN,NaN,NaN,NaN,,NaN,,5661.848373833,5662.016985125,5662.016985125,5662.016985125,5662.016985125,5662.016985125,5662.016985125,5662.016985125,5662.016985125,5662.016985125,5671.058045875,7,-7,7,1,8.9508621670002,1,5.53084212500016,5661.5622365,5661.564155708,5662.016985125,5661.848358833,NaN,NaN,NaN,NaN,,NaN,,5661.558681042,5661.562190625,None,NaN,NaN,,NaN,NaN,NaN,NaN,NaN,NaN,NaN,20,bathroom,1,2024-05-10_15h50.16.060,image_similarity_rating,2023.2.3,None,2024-05-10 15h50.35.189920 +0200
,113,127,283,283,stimuli/own/bathroom/113_bat.jpg,stimuli/own/bathroom/127_bat.jpg,NaN,NaN,NaN,NaN,NaN,NaN,NaN,NaN,0,386,386,282,5671.063830958,NaN,NaN,NaN,NaN,NaN,NaN,NaN,,NaN,,5671.347703,5671.5114225,5671.5114225,5671.5114225,5671.5114225,5671.5114225,5671.5114225,5671.5114225,5671.5114225,5671.5114225,5676.437339375,-7,7,7,2,4.87065824999991,3,4.14673262499946,5671.061896292,5671.063830958,5671.5114225,5671.34769275,NaN,NaN,NaN,NaN,,NaN,,5671.058266333,5671.0618495,None,NaN,NaN,,NaN,NaN,NaN,NaN,NaN,NaN,NaN,20,bathroom,1,2024-05-10_15h50.16.060,image_similarity_rating,2023.2.3,None,2024-05-10 15h50.35.189920 +0200
,119,139,403,403,stimuli/own/bathroom/119_bat.jpg,stimuli/own/bathroom/139_bat.jpg,NaN,NaN,NaN,NaN,NaN,NaN,NaN,NaN,0,387,387,402,5676.459534333,NaN,NaN,NaN,NaN,NaN,NaN,NaN,,NaN,,5676.743535333,5676.909061458,5676.909061458,5676.909061458,5676.909061458,5676.909061458,5676.909061458,5676.909061458,5676.909061458,5676.909061458,5679.724832167,7,-7,7,2,2.71174920900012,3,1.92244883399962,5676.441082417,5676.459534333,NaN,5676.743516542,NaN,NaN,NaN,NaN,,NaN,,5676.437556833,5676.441035875,None,NaN,NaN,,NaN,NaN,NaN,NaN,NaN,NaN,NaN,20,bathroom,1,2024-05-10_15h50.16.060,image_similarity_rating,2023.2.3,None,2024-05-10 15h50.35.189920 +0200
,114,140,318,318,stimuli/own/bathroom/114_bat.jpg,stimuli/own/bathroom/140_bat.jpg,NaN,NaN,NaN,NaN,NaN,NaN,NaN,NaN,0,388,388,317,5679.730491625,NaN,NaN,NaN,NaN,NaN,NaN,NaN,,NaN,,5680.01517425,5680.181599167,5680.181599167,5680.181599167,5680.181599167,5680.181599167,5680.181599167,5680.181599167,5680.181599167,5680.181599167,5683.78728025,-7,7,7,2,2.36574604199996,3,1.64692775000003,5679.728540708,5679.730491625,5680.181599167,5680.015146958,NaN,NaN,NaN,NaN,,NaN,,5679.725078167,5679.728493833,None,NaN,NaN,,NaN,NaN,NaN,NaN,NaN,NaN,NaN,20,bathroom,1,2024-05-10_15h50.16.060,image_similarity_rating,2023.2.3,None,2024-05-10 15h50.35.189920 +0200
,111,127,232,232,stimuli/own/bathroom/111_bat.jpg,stimuli/own/bathroom/127_bat.jpg,NaN,NaN,NaN,NaN,NaN,NaN,NaN,NaN,0,389,389,231,5683.809302167,NaN,NaN,NaN,NaN,NaN,NaN,NaN,,NaN,,5684.093600042,5684.26576175,5684.26576175,5684.26576175,5684.26576175,5684.26576175,5684.26576175,5684.26576175,5684.26576175,5684.26576175,5690.394902958,7,-7,7,2,6.00367920900044,2,3.50762462500006,5683.790909292,5683.809302167,NaN,5684.093574292,NaN,NaN,NaN,NaN,,NaN,,5683.787497625,5683.79086325,None,NaN,NaN,,NaN,NaN,NaN,NaN,NaN,NaN,NaN,20,bathroom,1,2024-05-10_15h50.16.060,image_similarity_rating,2023.2.3,None,2024-05-10 15h50.35.189920 +0200
,120,139,422,422,stimuli/own/bathroom/120_bat.jpg,stimuli/own/bathroom/139_bat.jpg,NaN,NaN,NaN,NaN,NaN,NaN,NaN,NaN,0,390,390,421,5690.400446375,NaN,NaN,NaN,NaN,NaN,NaN,NaN,,NaN,,5690.693995375,5690.858726375,5690.858726375,5690.858726375,5690.858726375,5690.858726375,5690.858726375,5690.858726375,5690.858726375,5690.858726375,5703.103656375,7,-7,7,2,12.1427112500005,3,11.4694125830001,5690.398536208,5690.400446375,5690.858726375,5690.693976792,NaN,NaN,NaN,NaN,,NaN,,5690.395121333,5690.398489625,None,NaN,NaN,,NaN,NaN,NaN,NaN,NaN,NaN,NaN,20,bathroom,1,2024-05-10_15h50.16.060,image_similarity_rating,2023.2.3,None,2024-05-10 15h50.35.189920 +0200
,120,138,421,421,stimuli/own/bathroom/120_bat.jpg,stimuli/own/bathroom/138_bat.jpg,NaN,NaN,NaN,NaN,NaN,NaN,NaN,NaN,0,391,391,420,5703.1091915,NaN,NaN,NaN,NaN,NaN,NaN,NaN,,NaN,,5703.393862917,5703.558532458,5703.558532458,5703.558532458,5703.558532458,5703.558532458,5703.558532458,5703.558532458,5703.558532458,5703.558532458,5711.207905083,-7,7,7,2,5.95865929199954,3,4.6922647500005,5703.10728975,5703.1091915,5703.558532458,5703.393848125,NaN,NaN,NaN,NaN,,NaN,,5703.103876083,5703.107243417,None,NaN,NaN,,NaN,NaN,NaN,NaN,NaN,NaN,NaN,20,bathroom,1,2024-05-10_15h50.16.060,image_similarity_rating,2023.2.3,None,2024-05-10 15h50.35.189920 +0200
,111,122,227,227,stimuli/own/bathroom/111_bat.jpg,stimuli/own/bathroom/122_bat.jpg,NaN,NaN,NaN,NaN,NaN,NaN,NaN,NaN,0,392,392,226,5711.213553417,NaN,NaN,NaN,NaN,NaN,NaN,NaN,,NaN,,5711.497398583,5711.660178417,5711.660178417,5711.660178417,5711.660178417,5711.660178417,5711.660178417,5711.660178417,5711.660178417,5711.660178417,5715.382561042,-7,7,7,2,3.61835483399955,3,2.80135175000032,5711.211631542,5711.213553417,5711.660178417,5711.497388667,NaN,NaN,NaN,NaN,,NaN,,5711.208126167,5711.211585292,None,NaN,NaN,,NaN,NaN,NaN,NaN,NaN,NaN,NaN,20,bathroom,1,2024-05-10_15h50.16.060,image_similarity_rating,2023.2.3,None,2024-05-10 15h50.35.189920 +0200
,125,139,502,502,stimuli/own/bathroom/125_bat.jpg,stimuli/own/bathroom/139_bat.jpg,NaN,NaN,NaN,NaN,NaN,NaN,NaN,NaN,0,393,393,501,5715.3925285,NaN,NaN,NaN,NaN,NaN,NaN,NaN,,NaN,,5715.677097708,5715.841570625,5715.841570625,5715.841570625,5715.841570625,5715.841570625,5715.841570625,5715.841570625,5715.841570625,5715.841570625,5722.132227042,-7,7,7,2,4.85085633400013,1,3.26695333400039,5715.386321417,5715.3925285,5715.841570625,5715.677081542,NaN,NaN,NaN,NaN,,NaN,,5715.382777875,5715.386274792,None,NaN,NaN,,NaN,NaN,NaN,NaN,NaN,NaN,NaN,20,bathroom,1,2024-05-10_15h50.16.060,image_similarity_rating,2023.2.3,None,2024-05-10 15h50.35.189920 +0200
,119,130,395,395,stimuli/own/bathroom/119_bat.jpg,stimuli/own/bathroom/130_bat.jpg,NaN,NaN,NaN,NaN,NaN,NaN,NaN,NaN,0,394,394,394,5722.142565375,NaN,NaN,NaN,NaN,NaN,NaN,NaN,,NaN,,5722.427082125,5722.59306825,5722.59306825,5722.59306825,5722.59306825,5722.59306825,5722.59306825,5722.59306825,5722.59306825,5722.59306825,5727.086945542,7,-7,7,1,4.21666516700043,1,2.87154991599982,5722.13585825,5722.142565375,5722.59306825,5722.427067292,NaN,NaN,NaN,NaN,,NaN,,5722.132446458,5722.135811958,None,NaN,NaN,,NaN,NaN,NaN,NaN,NaN,NaN,NaN,20,bathroom,1,2024-05-10_15h50.16.060,image_similarity_rating,2023.2.3,None,2024-05-10 15h50.35.189920 +0200
,118,139,383,383,stimuli/own/bathroom/118_bat.jpg,stimuli/own/bathroom/139_bat.jpg,NaN,NaN,NaN,NaN,NaN,NaN,NaN,NaN,0,395,395,382,5727.092436,NaN,NaN,NaN,NaN,NaN,NaN,NaN,,NaN,,5727.376942375,5727.54316525,5727.54316525,5727.54316525,5727.54316525,5727.54316525,5727.54316525,5727.54316525,5727.54316525,5727.54316525,5732.3581095,7,-7,7,1,3.38735862500016,1,1.90180108299955,5727.090621708,5727.092436,5727.54316525,5727.376928125,NaN,NaN,NaN,NaN,,NaN,,5727.08717525,5727.09057575,None,NaN,NaN,,NaN,NaN,NaN,NaN,NaN,NaN,NaN,20,bathroom,1,2024-05-10_15h50.16.060,image_similarity_rating,2023.2.3,None,2024-05-10 15h50.35.189920 +0200
,106,122,172,172,stimuli/own/bathroom/106_bat.jpg,stimuli/own/bathroom/122_bat.jpg,NaN,NaN,NaN,NaN,NaN,NaN,NaN,NaN,0,396,396,171,5732.36357625,NaN,NaN,NaN,NaN,NaN,NaN,NaN,,NaN,,5732.647960625,5732.815683,5732.815683,5732.815683,5732.815683,5732.815683,5732.815683,5732.815683,5732.815683,5732.815683,5737.503797167,-7,7,7,1,3.48713274999955,1,2.19076979100009,5732.361807875,5732.36357625,5732.815683,5732.647946458,NaN,NaN,NaN,NaN,,NaN,,5732.358346542,5732.361761375,None,NaN,NaN,,NaN,NaN,NaN,NaN,NaN,NaN,NaN,20,bathroom,1,2024-05-10_15h50.16.060,image_similarity_rating,2023.2.3,None,2024-05-10 15h50.35.189920 +0200
,103,135,93,93,stimuli/own/bathroom/103_bat.jpg,stimuli/own/bathroom/135_bat.jpg,NaN,NaN,NaN,NaN,NaN,NaN,NaN,NaN,0,397,397,92,5737.526045458,NaN,NaN,NaN,NaN,NaN,NaN,NaN,,NaN,,5737.809990042,5737.97427725,5737.97427725,5737.97427725,5737.97427725,5737.97427725,5737.97427725,5737.97427725,5737.97427725,5737.97427725,5746.382658708,-7,7,7,1,5.91802804100007,1,3.63397404199986,5737.507429167,5737.526045458,NaN,5737.809972458,NaN,NaN,NaN,NaN,,NaN,,5737.50401525,5737.507383167,None,NaN,NaN,,NaN,NaN,NaN,NaN,NaN,NaN,NaN,20,bathroom,1,2024-05-10_15h50.16.060,image_similarity_rating,2023.2.3,None,2024-05-10 15h50.35.189920 +0200
,105,117,138,599,stimuli/own/bathroom/105_bat.jpg,stimuli/own/bathroom/117_bat.jpg,NaN,NaN,NaN,NaN,NaN,NaN,NaN,NaN,0,398,398,598,5746.392860083,NaN,NaN,NaN,NaN,NaN,NaN,NaN,,NaN,,5746.677012542,5746.84305875,5746.84305875,5746.84305875,5746.84305875,5746.84305875,5746.84305875,5746.84305875,5746.84305875,5746.84305875,5751.062418833,7,-7,7,1,4.00416912499986,2,3.11029279200011,5746.386316292,5746.392860083,5746.84305875,5746.676997417,NaN,NaN,NaN,NaN,,NaN,,5746.382889125,5746.386269958,None,NaN,NaN,,NaN,NaN,NaN,NaN,NaN,NaN,NaN,20,bathroom,1,2024-05-10_15h50.16.060,image_similarity_rating,2023.2.3,None,2024-05-10 15h50.35.189920 +0200
,102,106,38,38,stimuli/own/bathroom/102_bat.jpg,stimuli/own/bathroom/106_bat.jpg,NaN,NaN,NaN,NaN,NaN,NaN,NaN,NaN,0,399,399,37,5751.068067042,NaN,NaN,NaN,NaN,NaN,NaN,NaN,,NaN,,5751.360406083,5751.529097542,5751.529097542,5751.529097542,5751.529097542,5751.529097542,5751.529097542,5751.529097542,5751.529097542,5751.529097542,5757.549809542,7,-7,7,1,2.84359425000002,1,2.03828695799984,5751.066193917,5751.068067042,5751.529097542,5751.360389917,NaN,NaN,NaN,NaN,,NaN,,5751.062637458,5751.066147875,None,NaN,NaN,,NaN,NaN,NaN,NaN,NaN,NaN,NaN,20,bathroom,1,2024-05-10_15h50.16.060,image_similarity_rating,2023.2.3,None,2024-05-10 15h50.35.189920 +0200
,104,113,105,105,stimuli/own/bathroom/104_bat.jpg,stimuli/own/bathroom/113_bat.jpg,NaN,NaN,NaN,NaN,NaN,NaN,NaN,NaN,0,400,400,104,5757.559500042,NaN,NaN,NaN,NaN,NaN,NaN,NaN,,NaN,,5757.843606917,5758.010078875,5758.010078875,5758.010078875,5758.010078875,5758.010078875,5758.010078875,5758.010078875,5758.010078875,5758.010078875,5764.341123375,-7,7,7,2,4.62034175000008,1,5.74993429200003,5757.553446208,5757.559500042,5758.010078875,5757.843587875,NaN,NaN,NaN,NaN,,NaN,,5757.55002925,5757.553400417,None,NaN,NaN,,NaN,NaN,NaN,NaN,NaN,NaN,NaN,20,bathroom,1,2024-05-10_15h50.16.060,image_similarity_rating,2023.2.3,None,2024-05-10 15h50.35.189920 +0200
,129,139,538,538,stimuli/own/bathroom/129_bat.jpg,stimuli/own/bathroom/139_bat.jpg,NaN,NaN,NaN,NaN,NaN,NaN,NaN,NaN,0,401,401,537,5764.346759875,NaN,NaN,NaN,NaN,NaN,NaN,NaN,,NaN,,5764.631262917,5764.798241167,5764.798241167,5764.798241167,5764.798241167,5764.798241167,5764.798241167,5764.798241167,5764.798241167,5764.798241167,5782.391203,-7,7,7,2,17.4466665420005,1,9.23038754100071,5764.34481675,5764.346759875,5764.798241167,5764.631250042,NaN,NaN,NaN,NaN,,NaN,,5764.341354083,5764.344770375,None,NaN,NaN,,NaN,NaN,NaN,NaN,NaN,NaN,NaN,20,bathroom,1,2024-05-10_15h50.16.060,image_similarity_rating,2023.2.3,None,2024-05-10 15h50.35.189920 +0200
,106,126,176,176,stimuli/own/bathroom/106_bat.jpg,stimuli/own/bathroom/126_bat.jpg,NaN,NaN,NaN,NaN,NaN,NaN,NaN,NaN,0,402,402,175,5782.396936083,NaN,NaN,NaN,NaN,NaN,NaN,NaN,,NaN,,5782.681728375,5782.844849458,5782.844849458,5782.844849458,5782.844849458,5782.844849458,5782.844849458,5782.844849458,5782.844849458,5782.844849458,5789.574798917,-7,7,7,1,6.52486425000006,1,2.69191774999945,5782.395007708,5782.396936083,5782.844849458,5782.681717583,NaN,NaN,NaN,NaN,,NaN,,5782.391450333,5782.394961292,None,NaN,NaN,,NaN,NaN,NaN,NaN,NaN,NaN,NaN,20,bathroom,1,2024-05-10_15h50.16.060,image_similarity_rating,2023.2.3,None,2024-05-10 15h50.35.189920 +0200
,125,130,494,494,stimuli/own/bathroom/125_bat.jpg,stimuli/own/bathroom/130_bat.jpg,NaN,NaN,NaN,NaN,NaN,NaN,NaN,NaN,0,403,403,493,5789.58038875,NaN,NaN,NaN,NaN,NaN,NaN,NaN,,NaN,,5789.86443925,5790.031309875,5790.031309875,5790.031309875,5790.031309875,5790.031309875,5790.031309875,5790.031309875,5790.031309875,5790.031309875,5796.307678875,-7,7,7,2,5.97377279100056,1,3.58606787499957,5789.578457958,5789.58038875,5790.031309875,5789.864424167,NaN,NaN,NaN,NaN,,NaN,,5789.575021125,5789.5784115,None,NaN,NaN,,NaN,NaN,NaN,NaN,NaN,NaN,NaN,20,bathroom,1,2024-05-10_15h50.16.060,image_similarity_rating,2023.2.3,None,2024-05-10 15h50.35.189920 +0200
,104,116,107,107,stimuli/own/bathroom/104_bat.jpg,stimuli/own/bathroom/116_bat.jpg,NaN,NaN,NaN,NaN,NaN,NaN,NaN,NaN,0,404,404,106,5796.313442875,NaN,NaN,NaN,NaN,NaN,NaN,NaN,,NaN,,5796.597547417,5796.762622875,5796.762622875,5796.762622875,5796.762622875,5796.762622875,5796.762622875,5796.762622875,5796.762622875,5796.762622875,5808.079033167,7,-7,7,2,9.27368012500028,2,8.26266970799952,5796.311370792,5796.313442875,5796.762622875,5796.597535208,NaN,NaN,NaN,NaN,,NaN,,5796.307911167,5796.311324417,None,NaN,NaN,,NaN,NaN,NaN,NaN,NaN,NaN,NaN,20,bathroom,1,2024-05-10_15h50.16.060,image_similarity_rating,2023.2.3,None,2024-05-10 15h50.35.189920 +0200
,103,111,72,72,stimuli/own/bathroom/103_bat.jpg,stimuli/own/bathroom/111_bat.jpg,NaN,NaN,NaN,NaN,NaN,NaN,NaN,NaN,0,405,405,71,5808.084445542,NaN,NaN,NaN,NaN,NaN,NaN,NaN,,NaN,,5808.376912208,5808.543193208,5808.543193208,5808.543193208,5808.543193208,5808.543193208,5808.543193208,5808.543193208,5808.543193208,5808.543193208,5813.144679792,-7,7,7,2,4.16148595800041,2,3.62943183300013,5808.082677208,5808.084445542,5808.543193208,5808.376896583,NaN,NaN,NaN,NaN,,NaN,,5808.079253042,5808.082625417,None,NaN,NaN,,NaN,NaN,NaN,NaN,NaN,NaN,NaN,20,bathroom,1,2024-05-10_15h50.16.060,image_similarity_rating,2023.2.3,None,2024-05-10 15h50.35.189920 +0200
,111,123,228,228,stimuli/own/bathroom/111_bat.jpg,stimuli/own/bathroom/123_bat.jpg,NaN,NaN,NaN,NaN,NaN,NaN,NaN,NaN,0,406,406,227,5813.1500775,NaN,NaN,NaN,NaN,NaN,NaN,NaN,,NaN,,5813.443666875,5813.610494583,5813.610494583,5813.610494583,5813.610494583,5813.610494583,5813.610494583,5813.610494583,5813.610494583,5813.610494583,5818.478174917,7,-7,7,2,4.52771279100034,3,3.74330108400045,5813.148323958,5813.1500775,5813.610494583,5813.443650833,NaN,NaN,NaN,NaN,,NaN,,5813.144898625,5813.148278333,None,NaN,NaN,,NaN,NaN,NaN,NaN,NaN,NaN,NaN,20,bathroom,1,2024-05-10_15h50.16.060,image_similarity_rating,2023.2.3,None,2024-05-10 15h50.35.189920 +0200
,101,131,25,25,stimuli/own/bathroom/101_bat.jpg,stimuli/own/bathroom/131_bat.jpg,NaN,NaN,NaN,NaN,NaN,NaN,NaN,NaN,0,407,407,24,5818.483778542,NaN,NaN,NaN,NaN,NaN,NaN,NaN,,NaN,,5818.776919417,5818.943110792,5818.943110792,5818.943110792,5818.943110792,5818.943110792,5818.943110792,5818.943110792,5818.943110792,5818.943110792,5828.548273333,7,-7,7,1,1.95451750000029,1,8.36306100000002,5818.481935042,5818.483778542,5818.943110792,5818.776902958,NaN,NaN,NaN,NaN,,NaN,,5818.478394208,5818.481888708,None,NaN,NaN,,NaN,NaN,NaN,NaN,NaN,NaN,NaN,20,bathroom,1,2024-05-10_15h50.16.060,image_similarity_rating,2023.2.3,None,2024-05-10 15h50.35.189920 +0200
,123,134,468,468,stimuli/own/bathroom/123_bat.jpg,stimuli/own/bathroom/134_bat.jpg,NaN,NaN,NaN,NaN,NaN,NaN,NaN,NaN,0,408,408,467,5828.559262958,NaN,NaN,NaN,NaN,NaN,NaN,NaN,,NaN,,5828.843423292,5829.008173167,5829.008173167,5829.008173167,5829.008173167,5829.008173167,5829.008173167,5829.008173167,5829.008173167,5829.008173167,5836.494663417,7,-7,7,2,5.52258945800077,5,7.03550224999981,5828.551915667,5828.559262958,5829.008173167,5828.843408792,NaN,NaN,NaN,NaN,,NaN,,5828.548494875,5828.551869958,None,NaN,NaN,,NaN,NaN,NaN,NaN,NaN,NaN,NaN,20,bathroom,1,2024-05-10_15h50.16.060,image_similarity_rating,2023.2.3,None,2024-05-10 15h50.35.189920 +0200
,122,132,451,451,stimuli/own/bathroom/122_bat.jpg,stimuli/own/bathroom/132_bat.jpg,NaN,NaN,NaN,NaN,NaN,NaN,NaN,NaN,0,409,409,450,5836.500177542,NaN,NaN,NaN,NaN,NaN,NaN,NaN,,NaN,,5836.793798,5836.96511075,5836.96511075,5836.96511075,5836.96511075,5836.96511075,5836.96511075,5836.96511075,5836.96511075,5836.96511075,5842.494584083,-7,7,7,2,2.48461837499963,3,4.54198466599973,5836.498291792,5836.500177542,5836.96511075,5836.7937735,NaN,NaN,NaN,NaN,,NaN,,5836.494883,5836.498245583,None,NaN,NaN,,NaN,NaN,NaN,NaN,NaN,NaN,NaN,20,bathroom,1,2024-05-10_15h50.16.060,image_similarity_rating,2023.2.3,None,2024-05-10 15h50.35.189920 +0200
,106,130,179,179,stimuli/own/bathroom/106_bat.jpg,stimuli/own/bathroom/130_bat.jpg,NaN,NaN,NaN,NaN,NaN,NaN,NaN,NaN,0,410,410,178,5842.499979125,NaN,NaN,NaN,NaN,NaN,NaN,NaN,,NaN,,5842.793511333,5842.958799583,5842.958799583,5842.958799583,5842.958799583,5842.958799583,5842.958799583,5842.958799583,5842.958799583,5842.958799583,5849.474071708,-7,7,7,1,1.7331823329996,1,6.3398971659999,5842.498213792,5842.499979125,5842.958799583,5842.793496417,NaN,NaN,NaN,NaN,,NaN,,5842.494814833,5842.498167875,None,NaN,NaN,,NaN,NaN,NaN,NaN,NaN,NaN,NaN,20,bathroom,1,2024-05-10_15h50.16.060,image_similarity_rating,2023.2.3,None,2024-05-10 15h50.35.189920 +0200
,122,134,452,452,stimuli/own/bathroom/122_bat.jpg,stimuli/own/bathroom/134_bat.jpg,NaN,NaN,NaN,NaN,NaN,NaN,NaN,NaN,0,411,411,451,5849.4795885,NaN,NaN,NaN,NaN,NaN,NaN,NaN,,NaN,,5849.763791333,5849.926570083,5849.926570083,5849.926570083,5849.926570083,5849.926570083,5849.926570083,5849.926570083,5849.926570083,5849.926570083,5861.144576833,7,-7,7,2,4.10250645800079,4,6.0627077500003,5849.477813042,5849.4795885,5849.926570083,5849.763781375,NaN,NaN,NaN,NaN,,NaN,,5849.474298875,5849.477767083,None,NaN,NaN,,NaN,NaN,NaN,NaN,NaN,NaN,NaN,20,bathroom,1,2024-05-10_15h50.16.060,image_similarity_rating,2023.2.3,None,2024-05-10 15h50.35.189920 +0200
,127,129,518,518,stimuli/own/bathroom/127_bat.jpg,stimuli/own/bathroom/129_bat.jpg,NaN,NaN,NaN,NaN,NaN,NaN,NaN,NaN,0,412,412,517,5861.149986583,NaN,NaN,NaN,NaN,NaN,NaN,NaN,,NaN,,5861.443319042,5861.611843125,5861.611843125,5861.611843125,5861.611843125,5861.611843125,5861.611843125,5861.611843125,5861.611843125,5861.611843125,5870.507507167,7,-7,7,5,6.98165266700016,5,8.70674074999988,5861.148225125,5861.149986583,5861.611843125,5861.443303125,NaN,NaN,NaN,NaN,,NaN,,5861.144798042,5861.1481785,None,NaN,NaN,,NaN,NaN,NaN,NaN,NaN,NaN,NaN,20,bathroom,1,2024-05-10_15h50.16.060,image_similarity_rating,2023.2.3,None,2024-05-10 15h50.35.189920 +0200
,112,135,264,264,stimuli/own/bathroom/112_bat.jpg,stimuli/own/bathroom/135_bat.jpg,NaN,NaN,NaN,NaN,NaN,NaN,NaN,NaN,0,413,413,263,5870.512976125,NaN,NaN,NaN,NaN,NaN,NaN,NaN,,NaN,,5870.796978208,5870.959807875,5870.959807875,5870.959807875,5870.959807875,5870.959807875,5870.959807875,5870.959807875,5870.959807875,5870.959807875,5874.174186042,7,-7,7,3,2.42876037499991,4,3.06320833300015,5870.511215167,5870.512976125,5870.959807875,5870.796967667,NaN,NaN,NaN,NaN,,NaN,,5870.507752167,5870.511168708,None,NaN,NaN,,NaN,NaN,NaN,NaN,NaN,NaN,NaN,20,bathroom,1,2024-05-10_15h50.16.060,image_similarity_rating,2023.2.3,None,2024-05-10 15h50.35.189920 +0200
,123,131,466,466,stimuli/own/bathroom/123_bat.jpg,stimuli/own/bathroom/131_bat.jpg,NaN,NaN,NaN,NaN,NaN,NaN,NaN,NaN,0,414,414,465,5874.179824417,NaN,NaN,NaN,NaN,NaN,NaN,NaN,,NaN,,5874.464155417,5874.629190125,5874.629190125,5874.629190125,5874.629190125,5874.629190125,5874.629190125,5874.629190125,5874.629190125,5874.629190125,5878.848296208,7,-7,7,2,1.8489984580001,3,3.37005566599964,5874.177899542,5874.179824417,5874.629190125,5874.464141958,NaN,NaN,NaN,NaN,,NaN,,5874.174433958,5874.177853333,None,NaN,NaN,,NaN,NaN,NaN,NaN,NaN,NaN,NaN,20,bathroom,1,2024-05-10_15h50.16.060,image_similarity_rating,2023.2.3,None,2024-05-10 15h50.35.189920 +0200
,121,135,436,436,stimuli/own/bathroom/121_bat.jpg,stimuli/own/bathroom/135_bat.jpg,NaN,NaN,NaN,NaN,NaN,NaN,NaN,NaN,0,415,415,435,5878.858909,NaN,NaN,NaN,NaN,NaN,NaN,NaN,,NaN,,5879.143240375,5879.308185833,5879.308185833,5879.308185833,5879.308185833,5879.308185833,5879.308185833,5879.308185833,5879.308185833,5879.308185833,5883.957508583,-7,7,7,2,2.27818941700025,3,4.29860899999949,5878.852043,5878.858909,5879.308185833,5879.143225542,NaN,NaN,NaN,NaN,,NaN,,5878.848513292,5878.851996167,None,NaN,NaN,,NaN,NaN,NaN,NaN,NaN,NaN,NaN,20,bathroom,1,2024-05-10_15h50.16.060,image_similarity_rating,2023.2.3,None,2024-05-10 15h50.35.189920 +0200
,118,138,382,382,stimuli/own/bathroom/118_bat.jpg,stimuli/own/bathroom/138_bat.jpg,NaN,NaN,NaN,NaN,NaN,NaN,NaN,NaN,0,416,416,381,5883.963074208,NaN,NaN,NaN,NaN,NaN,NaN,NaN,,NaN,,5884.247688083,5884.414527292,5884.414527292,5884.414527292,5884.414527292,5884.414527292,5884.414527292,5884.414527292,5884.414527292,5884.414527292,5889.327839667,7,-7,7,1,2.50224545799938,1,4.28927762500007,5883.961314708,5883.963074208,5884.414527292,5884.2476745,NaN,NaN,NaN,NaN,,NaN,,5883.957756208,5883.961267917,None,NaN,NaN,,NaN,NaN,NaN,NaN,NaN,NaN,NaN,20,bathroom,1,2024-05-10_15h50.16.060,image_similarity_rating,2023.2.3,None,2024-05-10 15h50.35.189920 +0200
,123,124,460,460,stimuli/own/bathroom/123_bat.jpg,stimuli/own/bathroom/124_bat.jpg,NaN,NaN,NaN,NaN,NaN,NaN,NaN,NaN,0,417,417,459,5889.333395958,NaN,NaN,NaN,NaN,NaN,NaN,NaN,,NaN,,5889.626730625,5889.797765292,5889.797765292,5889.797765292,5889.797765292,5889.797765292,5889.797765292,5889.797765292,5889.797765292,5889.797765292,5897.377640833,-7,7,7,1,1.92823133399997,2,7.32970833400032,5889.3314745,5889.333395958,5889.797765292,5889.62671475,NaN,NaN,NaN,NaN,,NaN,,5889.32806375,5889.331428375,None,NaN,NaN,,NaN,NaN,NaN,NaN,NaN,NaN,NaN,20,bathroom,1,2024-05-10_15h50.16.060,image_similarity_rating,2023.2.3,None,2024-05-10 15h50.35.189920 +0200
,131,135,553,553,stimuli/own/bathroom/131_bat.jpg,stimuli/own/bathroom/135_bat.jpg,NaN,NaN,NaN,NaN,NaN,NaN,NaN,NaN,0,418,418,552,5897.383016042,NaN,NaN,NaN,NaN,NaN,NaN,NaN,,NaN,,5897.676695125,5897.846141083,5897.846141083,5897.846141083,5897.846141083,5897.846141083,5897.846141083,5897.846141083,5897.846141083,5897.846141083,5903.724388792,-7,7,7,1,3.2064033329998,2,5.67863670800034,5897.381269792,5897.383016042,5897.846141083,5897.676669917,NaN,NaN,NaN,NaN,,NaN,,5897.377859708,5897.381223875,None,NaN,NaN,,NaN,NaN,NaN,NaN,NaN,NaN,NaN,20,bathroom,1,2024-05-10_15h50.16.060,image_similarity_rating,2023.2.3,None,2024-05-10 15h50.35.189920 +0200
,112,136,265,265,stimuli/own/bathroom/112_bat.jpg,stimuli/own/bathroom/136_bat.jpg,NaN,NaN,NaN,NaN,NaN,NaN,NaN,NaN,0,419,419,264,5903.72995275,NaN,NaN,NaN,NaN,NaN,NaN,NaN,,NaN,,5904.013501667,5904.176402167,5904.176402167,5904.176402167,5904.176402167,5904.176402167,5904.176402167,5904.176402167,5904.176402167,5904.176402167,5909.457592333,7,-7,7,1,2.17847045800045,2,3.86958525000045,5903.728050917,5903.72995275,5904.176402167,5904.01349125,NaN,NaN,NaN,NaN,,NaN,,5903.724613667,5903.728005,None,NaN,NaN,,NaN,NaN,NaN,NaN,NaN,NaN,NaN,20,bathroom,1,2024-05-10_15h50.16.060,image_similarity_rating,2023.2.3,None,2024-05-10 15h50.35.189920 +0200
,111,132,236,236,stimuli/own/bathroom/111_bat.jpg,stimuli/own/bathroom/132_bat.jpg,NaN,NaN,NaN,NaN,NaN,NaN,NaN,NaN,0,420,420,235,5909.463359583,NaN,NaN,NaN,NaN,NaN,NaN,NaN,,NaN,,5909.747261125,5909.911158583,5909.911158583,5909.911158583,5909.911158583,5909.911158583,5909.911158583,5909.911158583,5909.911158583,5909.911158583,5920.948624542,7,-7,7,2,10.8729861660004,1,10.1111417499997,5909.461436167,5909.463359583,5909.911158583,5909.747249125,NaN,NaN,NaN,NaN,,NaN,,5909.457827208,5909.461389333,None,NaN,NaN,,NaN,NaN,NaN,NaN,NaN,NaN,NaN,20,bathroom,1,2024-05-10_15h50.16.060,image_similarity_rating,2023.2.3,None,2024-05-10 15h50.35.189920 +0200
,118,119,365,365,stimuli/own/bathroom/118_bat.jpg,stimuli/own/bathroom/119_bat.jpg,NaN,NaN,NaN,NaN,NaN,NaN,NaN,NaN,0,421,421,364,5920.958600833,NaN,NaN,NaN,NaN,NaN,NaN,NaN,,NaN,,5921.244142542,5921.410355333,5921.410355333,5921.410355333,5921.410355333,5921.410355333,5921.410355333,5921.410355333,5921.410355333,5921.410355333,5924.524247917,-7,7,7,1,1.69065529199997,1,2.91340437500003,5920.9523155,5920.958600833,5921.410355333,5921.244123375,NaN,NaN,NaN,NaN,,NaN,,5920.948847292,5920.952268875,None,NaN,NaN,,NaN,NaN,NaN,NaN,NaN,NaN,NaN,20,bathroom,1,2024-05-10_15h50.16.060,image_similarity_rating,2023.2.3,None,2024-05-10 15h50.35.189920 +0200
,135,141,580,580,stimuli/own/bathroom/135_bat.jpg,stimuli/own/bathroom/141_bat.jpg,NaN,NaN,NaN,NaN,NaN,NaN,NaN,NaN,0,422,422,579,5924.529854833,NaN,NaN,NaN,NaN,NaN,NaN,NaN,,NaN,,5924.813962333,5924.977230917,5924.977230917,5924.977230917,5924.977230917,5924.977230917,5924.977230917,5924.977230917,5924.977230917,5924.977230917,5929.711083875,7,-7,7,1,2.33316266700058,1,3.16574304200003,5924.527919333,5924.529854833,5924.977230917,5924.813950458,NaN,NaN,NaN,NaN,,NaN,,5924.524482625,5924.52787325,None,NaN,NaN,,NaN,NaN,NaN,NaN,NaN,NaN,NaN,20,bathroom,1,2024-05-10_15h50.16.060,image_similarity_rating,2023.2.3,None,2024-05-10 15h50.35.189920 +0200
,105,118,139,139,stimuli/own/bathroom/105_bat.jpg,stimuli/own/bathroom/118_bat.jpg,NaN,NaN,NaN,NaN,NaN,NaN,NaN,NaN,0,423,423,138,5929.716671292,NaN,NaN,NaN,NaN,NaN,NaN,NaN,,NaN,,5930.009861125,5930.176404292,5930.176404292,5930.176404292,5930.176404292,5930.176404292,5930.176404292,5930.176404292,5930.176404292,5930.176404292,5932.694310333,7,-7,7,1,1.79925945800005,1,2.3299910830001,5929.714737167,5929.716671292,5930.176404292,5930.009842125,NaN,NaN,NaN,NaN,,NaN,,5929.711303167,5929.714688667,None,NaN,NaN,,NaN,NaN,NaN,NaN,NaN,NaN,NaN,20,bathroom,1,2024-05-10_15h50.16.060,image_similarity_rating,2023.2.3,None,2024-05-10 15h50.35.189920 +0200
,105,119,140,140,stimuli/own/bathroom/105_bat.jpg,stimuli/own/bathroom/119_bat.jpg,NaN,NaN,NaN,NaN,NaN,NaN,NaN,NaN,0,424,424,139,5932.700050708,NaN,NaN,NaN,NaN,NaN,NaN,NaN,,NaN,,5932.993137583,5933.158893583,5933.158893583,5933.158893583,5933.158893583,5933.158893583,5933.158893583,5933.158893583,5933.158893583,5933.158893583,5935.757393833,7,-7,7,1,1.87808404200041,1,2.28104412500034,5932.697931083,5932.700050708,5933.158893583,5932.993120792,NaN,NaN,NaN,NaN,,NaN,,5932.69453875,5932.697884708,None,NaN,NaN,,NaN,NaN,NaN,NaN,NaN,NaN,NaN,20,bathroom,1,2024-05-10_15h50.16.060,image_similarity_rating,2023.2.3,None,2024-05-10 15h50.35.189920 +0200
,127,137,525,525,stimuli/own/bathroom/127_bat.jpg,stimuli/own/bathroom/137_bat.jpg,NaN,NaN,NaN,NaN,NaN,NaN,NaN,NaN,0,425,425,524,5935.763093708,NaN,NaN,NaN,NaN,NaN,NaN,NaN,,NaN,,5936.047358667,5936.215457708,5936.215457708,5936.215457708,5936.215457708,5936.215457708,5936.215457708,5936.215457708,5936.215457708,5936.215457708,5941.094568125,7,-7,7,1,4.78424345800067,1,3.16806583299967,5935.761091125,5935.763093708,5936.215457708,5936.047343958,NaN,NaN,NaN,NaN,,NaN,,5935.757641708,5935.761044667,None,NaN,NaN,,NaN,NaN,NaN,NaN,NaN,NaN,NaN,20,bathroom,1,2024-05-10_15h50.16.060,image_similarity_rating,2023.2.3,None,2024-05-10 15h50.35.189920 +0200
,117,129,353,353,stimuli/own/bathroom/117_bat.jpg,stimuli/own/bathroom/129_bat.jpg,NaN,NaN,NaN,NaN,NaN,NaN,NaN,NaN,0,426,426,352,5941.100026125,NaN,NaN,NaN,NaN,NaN,NaN,NaN,,NaN,,5941.393113292,5941.557907083,5941.557907083,5941.557907083,5941.557907083,5941.557907083,5941.557907083,5941.557907083,5941.557907083,5941.557907083,5946.840471292,7,-7,7,2,4.91738333299963,2,3.83118833299977,5941.098202583,5941.100026125,5941.557907083,5941.39309775,NaN,NaN,NaN,NaN,,NaN,,5941.094785042,5941.098156542,None,NaN,NaN,,NaN,NaN,NaN,NaN,NaN,NaN,NaN,20,bathroom,1,2024-05-10_15h50.16.060,image_similarity_rating,2023.2.3,None,2024-05-10 15h50.35.189920 +0200
,120,141,424,424,stimuli/own/bathroom/120_bat.jpg,stimuli/own/bathroom/141_bat.jpg,NaN,NaN,NaN,NaN,NaN,NaN,NaN,NaN,0,427,427,423,5946.846274917,NaN,NaN,NaN,NaN,NaN,NaN,NaN,,NaN,,5947.12972825,5947.291733417,5947.291733417,5947.291733417,5947.291733417,5947.291733417,5947.291733417,5947.291733417,5947.291733417,5947.291733417,5954.040770167,-7,7,7,1,6.65102575000037,1,2.52466845900017,5946.844169875,5946.846274917,5947.291733417,5947.129717958,NaN,NaN,NaN,NaN,,NaN,,5946.840696125,5946.844123333,None,NaN,NaN,,NaN,NaN,NaN,NaN,NaN,NaN,NaN,20,bathroom,1,2024-05-10_15h50.16.060,image_similarity_rating,2023.2.3,None,2024-05-10 15h50.35.189920 +0200
,105,131,151,151,stimuli/own/bathroom/105_bat.jpg,stimuli/own/bathroom/131_bat.jpg,NaN,NaN,NaN,NaN,NaN,NaN,NaN,NaN,0,428,428,150,5954.046425708,NaN,NaN,NaN,NaN,NaN,NaN,NaN,,NaN,,5954.330247958,5954.492802125,5954.492802125,5954.492802125,5954.492802125,5954.492802125,5954.492802125,5954.492802125,5954.492802125,5954.492802125,5957.260802625,-7,7,7,1,1.69735954200041,1,2.60781116699945,5954.044477167,5954.046425708,5954.492802125,5954.330234667,NaN,NaN,NaN,NaN,,NaN,,5954.041016167,5954.044430333,None,NaN,NaN,,NaN,NaN,NaN,NaN,NaN,NaN,NaN,20,bathroom,1,2024-05-10_15h50.16.060,image_similarity_rating,2023.2.3,None,2024-05-10 15h50.35.189920 +0200
,112,113,245,245,stimuli/own/bathroom/112_bat.jpg,stimuli/own/bathroom/113_bat.jpg,NaN,NaN,NaN,NaN,NaN,NaN,NaN,NaN,0,429,429,244,5957.266525042,NaN,NaN,NaN,NaN,NaN,NaN,NaN,,NaN,,5957.559808708,5957.724730583,5957.724730583,5957.724730583,5957.724730583,5957.724730583,5957.724730583,5957.724730583,5957.724730583,5957.724730583,5966.682201958,-7,7,7,2,6.85308483300014,3,3.34467187500013,5957.264581292,5957.266525042,5957.724730583,5957.559793542,NaN,NaN,NaN,NaN,,NaN,,5957.261017625,5957.264534333,None,NaN,NaN,,NaN,NaN,NaN,NaN,NaN,NaN,NaN,20,bathroom,1,2024-05-10_15h50.16.060,image_similarity_rating,2023.2.3,None,2024-05-10 15h50.35.189920 +0200
,101,123,18,18,stimuli/own/bathroom/101_bat.jpg,stimuli/own/bathroom/123_bat.jpg,NaN,NaN,NaN,NaN,NaN,NaN,NaN,NaN,0,430,430,17,5966.691956375,NaN,NaN,NaN,NaN,NaN,NaN,NaN,,NaN,,5966.976542458,5967.147925042,5967.147925042,5967.147925042,5967.147925042,5967.147925042,5967.147925042,5967.147925042,5967.147925042,5967.147925042,5970.10779725,7,-7,7,2,2.92260487499971,3,1.98579045800034,5966.685850125,5966.691956375,5967.147925042,5966.976526125,NaN,NaN,NaN,NaN,,NaN,,5966.682428542,5966.685804083,None,NaN,NaN,,NaN,NaN,NaN,NaN,NaN,NaN,NaN,20,bathroom,1,2024-05-10_15h50.16.060,image_similarity_rating,2023.2.3,None,2024-05-10 15h50.35.189920 +0200
,123,141,475,475,stimuli/own/bathroom/123_bat.jpg,stimuli/own/bathroom/141_bat.jpg,NaN,NaN,NaN,NaN,NaN,NaN,NaN,NaN,0,431,431,474,5970.113212375,NaN,NaN,NaN,NaN,NaN,NaN,NaN,,NaN,,5970.397010708,5970.562926792,5970.562926792,5970.562926792,5970.562926792,5970.562926792,5970.562926792,5970.562926792,5970.562926792,5970.562926792,5978.078391083,-7,7,7,1,7.25046591699993,1,2.64807308300078,5970.1114525,5970.113212375,5970.562926792,5970.396997833,NaN,NaN,NaN,NaN,,NaN,,5970.1080115,5970.1114065,None,NaN,NaN,,NaN,NaN,NaN,NaN,NaN,NaN,NaN,20,bathroom,1,2024-05-10_15h50.16.060,image_similarity_rating,2023.2.3,None,2024-05-10 15h50.35.189920 +0200
,101,113,9,9,stimuli/own/bathroom/101_bat.jpg,stimuli/own/bathroom/113_bat.jpg,NaN,NaN,NaN,NaN,NaN,NaN,NaN,NaN,0,432,432,8,5978.084053625,NaN,NaN,NaN,NaN,NaN,NaN,NaN,,NaN,,5978.376250792,5978.540369917,5978.540369917,5978.540369917,5978.540369917,5978.540369917,5978.540369917,5978.540369917,5978.540369917,5978.540369917,5987.560809458,7,-7,7,2,3.75696479199996,2,2.13400041700061,5978.082095167,5978.084053625,5978.540369917,5978.376232958,NaN,NaN,NaN,NaN,,NaN,,5978.078610333,5978.082049208,None,NaN,NaN,,NaN,NaN,NaN,NaN,NaN,NaN,NaN,20,bathroom,1,2024-05-10_15h50.16.060,image_similarity_rating,2023.2.3,None,2024-05-10 15h50.35.189920 +0200
,101,106,5,5,stimuli/own/bathroom/101_bat.jpg,stimuli/own/bathroom/106_bat.jpg,NaN,NaN,NaN,NaN,NaN,NaN,NaN,NaN,0,433,433,4,5987.566380458,NaN,NaN,NaN,NaN,NaN,NaN,NaN,,NaN,,5987.859917625,5988.031428958,5988.031428958,5988.031428958,5988.031428958,5988.031428958,5988.031428958,5988.031428958,5988.031428958,5988.031428958,5991.9984495,7,-7,7,1,1.59409891700034,1,3.16662766699937,5987.564455208,5987.566380458,5988.031428958,5987.859897208,NaN,NaN,NaN,NaN,,NaN,,5987.561028542,5987.564409417,None,NaN,NaN,,NaN,NaN,NaN,NaN,NaN,NaN,NaN,20,bathroom,1,2024-05-10_15h50.16.060,image_similarity_rating,2023.2.3,None,2024-05-10 15h50.35.189920 +0200
,126,137,513,513,stimuli/own/bathroom/126_bat.jpg,stimuli/own/bathroom/137_bat.jpg,NaN,NaN,NaN,NaN,NaN,NaN,NaN,NaN,0,434,434,512,5992.00888525,NaN,NaN,NaN,NaN,NaN,NaN,NaN,,NaN,,5992.29287875,5992.455798583,5992.455798583,5992.455798583,5992.455798583,5992.455798583,5992.455798583,5992.455798583,5992.455798583,5992.455798583,5996.524272125,7,-7,7,1,1.68476920800003,1,2.53288783399967,5992.002169542,5992.00888525,5992.455798583,5992.292866333,NaN,NaN,NaN,NaN,,NaN,,5991.998665042,5992.002123,None,NaN,NaN,,NaN,NaN,NaN,NaN,NaN,NaN,NaN,20,bathroom,1,2024-05-10_15h50.16.060,image_similarity_rating,2023.2.3,None,2024-05-10 15h50.35.189920 +0200
,103,126,86,86,stimuli/own/bathroom/103_bat.jpg,stimuli/own/bathroom/126_bat.jpg,NaN,NaN,NaN,NaN,NaN,NaN,NaN,NaN,0,435,435,85,5996.530023458,NaN,NaN,NaN,NaN,NaN,NaN,NaN,,NaN,,5996.814366583,5996.979628792,5996.979628792,5996.979628792,5996.979628792,5996.979628792,5996.979628792,5996.979628792,5996.979628792,5996.979628792,6004.957314667,7,-7,7,2,5.08948899999996,1,6.08995004200005,5996.527950708,5996.530023458,5996.979628792,5996.814350958,NaN,NaN,NaN,NaN,,NaN,,5996.524498708,5996.5279045,None,NaN,NaN,,NaN,NaN,NaN,NaN,NaN,NaN,NaN,20,bathroom,1,2024-05-10_15h50.16.060,image_similarity_rating,2023.2.3,None,2024-05-10 15h50.35.189920 +0200
,113,129,284,284,stimuli/own/bathroom/113_bat.jpg,stimuli/own/bathroom/129_bat.jpg,NaN,NaN,NaN,NaN,NaN,NaN,NaN,NaN,0,436,436,283,6004.962763667,NaN,NaN,NaN,NaN,NaN,NaN,NaN,,NaN,,6005.246875875,6005.411496667,6005.411496667,6005.411496667,6005.411496667,6005.411496667,6005.411496667,6005.411496667,6005.411496667,6005.411496667,6014.445070458,-7,7,7,2,6.86614562499926,2,7.38211858300019,6004.961010083,6004.962763667,6005.411496667,6005.246863583,NaN,NaN,NaN,NaN,,NaN,,6004.957550417,6004.96096375,None,NaN,NaN,,NaN,NaN,NaN,NaN,NaN,NaN,NaN,20,bathroom,1,2024-05-10_15h50.16.060,image_similarity_rating,2023.2.3,None,2024-05-10 15h50.35.189920 +0200
,106,134,182,182,stimuli/own/bathroom/106_bat.jpg,stimuli/own/bathroom/134_bat.jpg,NaN,NaN,NaN,NaN,NaN,NaN,NaN,NaN,0,437,437,181,6014.450550375,NaN,NaN,NaN,NaN,NaN,NaN,NaN,,NaN,,6014.742859875,6014.906882625,6014.906882625,6014.906882625,6014.906882625,6014.906882625,6014.906882625,6014.906882625,6014.906882625,6014.906882625,6022.436154292,-7,7,7,1,2.54215391599973,1,3.27712570899985,6014.448710083,6014.450550375,6014.906882625,6014.742838833,NaN,NaN,NaN,NaN,,NaN,,6014.445291083,6014.4486615,None,NaN,NaN,,NaN,NaN,NaN,NaN,NaN,NaN,NaN,20,bathroom,1,2024-05-10_15h50.16.060,image_similarity_rating,2023.2.3,None,2024-05-10 15h50.35.189920 +0200
,106,120,170,170,stimuli/own/bathroom/106_bat.jpg,stimuli/own/bathroom/120_bat.jpg,NaN,NaN,NaN,NaN,NaN,NaN,NaN,NaN,0,438,438,169,6022.458602208,NaN,NaN,NaN,NaN,NaN,NaN,NaN,,NaN,,6022.742566167,6022.913495042,6022.913495042,6022.913495042,6022.913495042,6022.913495042,6022.913495042,6022.913495042,6022.913495042,6022.913495042,6042.148038042,-7,7,7,1,1.97850870899947,1,3.25230295799975,6022.439808417,6022.458602208,NaN,6022.742534958,NaN,NaN,NaN,NaN,,NaN,,6022.436378958,6022.439762292,None,NaN,NaN,,NaN,NaN,NaN,NaN,NaN,NaN,NaN,20,bathroom,1,2024-05-10_15h50.16.060,image_similarity_rating,2023.2.3,None,2024-05-10 15h50.35.189920 +0200
,101,140,33,33,stimuli/own/bathroom/101_bat.jpg,stimuli/own/bathroom/140_bat.jpg,NaN,NaN,NaN,NaN,NaN,NaN,NaN,NaN,0,439,439,32,6042.158283,NaN,NaN,NaN,NaN,NaN,NaN,NaN,,NaN,,6042.442759542,6042.607587417,6042.607587417,6042.607587417,6042.607587417,6042.607587417,6042.607587417,6042.607587417,6042.607587417,6042.607587417,6058.190640167,7,-7,7,2,13.4890752090005,1,15.3515270830003,6042.151701417,6042.158283,6042.607587417,6042.442744583,NaN,NaN,NaN,NaN,,NaN,,6042.148262958,6042.151655542,None,NaN,NaN,,NaN,NaN,NaN,NaN,NaN,NaN,NaN,20,bathroom,1,2024-05-10_15h50.16.060,image_similarity_rating,2023.2.3,None,2024-05-10 15h50.35.189920 +0200
,130,137,546,546,stimuli/own/bathroom/130_bat.jpg,stimuli/own/bathroom/137_bat.jpg,NaN,NaN,NaN,NaN,NaN,NaN,NaN,NaN,0,440,440,545,6058.196064667,NaN,NaN,NaN,NaN,NaN,NaN,NaN,,NaN,,6058.479883625,6058.643762333,6058.643762333,6058.643762333,6058.643762333,6058.643762333,6058.643762333,6058.643762333,6058.643762333,6058.643762333,6063.781438875,7,-7,7,1,3.36719954100045,1,4.91341520800052,6058.194318708,6058.196064667,6058.643762333,6058.479873583,NaN,NaN,NaN,NaN,,NaN,,6058.190863208,6058.194272458,None,NaN,NaN,,NaN,NaN,NaN,NaN,NaN,NaN,NaN,20,bathroom,1,2024-05-10_15h50.16.060,image_similarity_rating,2023.2.3,None,2024-05-10 15h50.35.189920 +0200
,119,121,387,387,stimuli/own/bathroom/119_bat.jpg,stimuli/own/bathroom/121_bat.jpg,NaN,NaN,NaN,NaN,NaN,NaN,NaN,NaN,0,441,441,386,6063.791552292,NaN,NaN,NaN,NaN,NaN,NaN,NaN,,NaN,,6121.775955125,6121.951007792,6121.951007792,6121.951007792,6121.951007792,6121.951007792,6121.951007792,6121.951007792,6121.951007792,6121.951007792,6130.102593,7,-7,8,1,7.79966012499972,1,5.69873420800013,6121.479409167,6121.483721167,6121.951007792,6121.775933583,NaN,NaN,NaN,NaN,,NaN,,6063.7816575,6121.478608167,space,6063.791552292,57.6867675840003,None,NaN,NaN,NaN,NaN,NaN,NaN,NaN,20,bathroom,1,2024-05-10_15h50.16.060,image_similarity_rating,2023.2.3,None,2024-05-10 15h50.35.189920 +0200
,116,139,340,340,stimuli/own/bathroom/116_bat.jpg,stimuli/own/bathroom/139_bat.jpg,NaN,NaN,NaN,NaN,NaN,NaN,NaN,NaN,0,442,442,339,6130.109416292,NaN,NaN,NaN,NaN,NaN,NaN,NaN,,NaN,,6130.392558208,6130.557475542,6130.557475542,6130.557475542,6130.557475542,6130.557475542,6130.557475542,6130.557475542,6130.557475542,6130.557475542,6139.444518625,7,-7,8,2,8.6198570409997,1,5.3451882090003,6130.106796167,6130.109416292,6130.557475542,6130.392538333,NaN,NaN,NaN,NaN,,NaN,,6130.102811833,6130.10674875,None,NaN,NaN,,NaN,NaN,NaN,NaN,NaN,NaN,NaN,20,bathroom,1,2024-05-10_15h50.16.060,image_similarity_rating,2023.2.3,None,2024-05-10 15h50.35.189920 +0200
,117,137,360,360,stimuli/own/bathroom/117_bat.jpg,stimuli/own/bathroom/137_bat.jpg,NaN,NaN,NaN,NaN,NaN,NaN,NaN,NaN,0,443,443,359,6139.449906333,NaN,NaN,NaN,NaN,NaN,NaN,NaN,,NaN,,6139.742566333,6139.906898708,6139.906898708,6139.906898708,6139.906898708,6139.906898708,6139.906898708,6139.906898708,6139.906898708,6139.906898708,6142.706899458,-7,7,8,1,2.72179437500017,1,1.96478008299982,6139.448170542,6139.449906333,6139.906898708,6139.74255175,NaN,NaN,NaN,NaN,,NaN,,6139.444739125,6139.448124625,None,NaN,NaN,,NaN,NaN,NaN,NaN,NaN,NaN,NaN,20,bathroom,1,2024-05-10_15h50.16.060,image_similarity_rating,2023.2.3,None,2024-05-10 15h50.35.189920 +0200
,116,131,333,333,stimuli/own/bathroom/116_bat.jpg,stimuli/own/bathroom/131_bat.jpg,NaN,NaN,NaN,NaN,NaN,NaN,NaN,NaN,0,444,444,332,6142.7125675,NaN,NaN,NaN,NaN,NaN,NaN,NaN,,NaN,,6142.996194708,6143.158852792,6143.158852792,6143.158852792,6143.158852792,6143.158852792,6143.158852792,6143.158852792,6143.158852792,6143.158852792,6150.206896,-7,7,8,2,7.00078429200039,1,2.95545324999966,6142.710577458,6142.7125675,6143.158852792,6142.996184833,NaN,NaN,NaN,NaN,,NaN,,6142.70713075,6142.710530958,None,NaN,NaN,,NaN,NaN,NaN,NaN,NaN,NaN,NaN,20,bathroom,1,2024-05-10_15h50.16.060,image_similarity_rating,2023.2.3,None,2024-05-10 15h50.35.189920 +0200
,126,138,514,514,stimuli/own/bathroom/126_bat.jpg,stimuli/own/bathroom/138_bat.jpg,NaN,NaN,NaN,NaN,NaN,NaN,NaN,NaN,0,445,445,513,6150.212675125,NaN,NaN,NaN,NaN,NaN,NaN,NaN,,NaN,,6150.497019083,6150.665476458,6150.665476458,6150.665476458,6150.665476458,6150.665476458,6150.665476458,6150.665476458,6150.665476458,6150.665476458,6156.031438333,-7,7,8,2,3.82784133299992,1,3.1309419170002,6150.210570417,6150.212675125,6150.665476458,6150.497001958,NaN,NaN,NaN,NaN,,NaN,,6150.207120583,6150.210523958,None,NaN,NaN,,NaN,NaN,NaN,NaN,NaN,NaN,NaN,20,bathroom,1,2024-05-10_15h50.16.060,image_similarity_rating,2023.2.3,None,2024-05-10 15h50.35.189920 +0200
,129,130,530,530,stimuli/own/bathroom/129_bat.jpg,stimuli/own/bathroom/130_bat.jpg,NaN,NaN,NaN,NaN,NaN,NaN,NaN,NaN,0,446,446,529,6156.041127708,NaN,NaN,NaN,NaN,NaN,NaN,NaN,,NaN,,6156.325698583,6156.492139583,6156.492139583,6156.492139583,6156.492139583,6156.492139583,6156.492139583,6156.492139583,6156.492139583,6156.492139583,6167.06106675,7,-7,8,3,4.66724829099985,1,1.48002254099993,6156.035092583,6156.041127708,6156.492139583,6156.325683958,NaN,NaN,NaN,NaN,,NaN,,6156.031656292,6156.0350465,None,NaN,NaN,,NaN,NaN,NaN,NaN,NaN,NaN,NaN,20,bathroom,1,2024-05-10_15h50.16.060,image_similarity_rating,2023.2.3,None,2024-05-10 15h50.35.189920 +0200
,105,132,152,152,stimuli/own/bathroom/105_bat.jpg,stimuli/own/bathroom/132_bat.jpg,NaN,NaN,NaN,NaN,NaN,NaN,NaN,NaN,0,447,447,151,6167.066701667,NaN,NaN,NaN,NaN,NaN,NaN,NaN,,NaN,,6167.359691125,6167.52348925,6167.52348925,6167.52348925,6167.52348925,6167.52348925,6167.52348925,6167.52348925,6167.52348925,6167.52348925,6170.585074583,-7,7,8,1,2.75998066699958,1,1.85699945899978,6167.064827625,6167.066701667,6167.52348925,6167.359677375,NaN,NaN,NaN,NaN,,NaN,,6167.061289708,6167.064781208,None,NaN,NaN,,NaN,NaN,NaN,NaN,NaN,NaN,NaN,20,bathroom,1,2024-05-10_15h50.16.060,image_similarity_rating,2023.2.3,None,2024-05-10 15h50.35.189920 +0200
,112,132,262,611,stimuli/own/bathroom/112_bat.jpg,stimuli/own/bathroom/132_bat.jpg,NaN,NaN,NaN,NaN,NaN,NaN,NaN,NaN,0,448,448,610,6170.590883542,NaN,NaN,NaN,NaN,NaN,NaN,NaN,,NaN,,6170.875756542,6171.039942292,6171.039942292,6171.039942292,6171.039942292,6171.039942292,6171.039942292,6171.039942292,6171.039942292,6171.039942292,6179.589932208,-7,7,8,2,5.3479413340001,2,4.0036543340002,6170.588702083,6170.590883542,6171.039942292,6170.875743083,NaN,NaN,NaN,NaN,,NaN,,6170.585289583,6170.588655667,None,NaN,NaN,,NaN,NaN,NaN,NaN,NaN,NaN,NaN,20,bathroom,1,2024-05-10_15h50.16.060,image_similarity_rating,2023.2.3,None,2024-05-10 15h50.35.189920 +0200
,122,126,446,446,stimuli/own/bathroom/122_bat.jpg,stimuli/own/bathroom/126_bat.jpg,NaN,NaN,NaN,NaN,NaN,NaN,NaN,NaN,0,449,449,445,6179.595552792,NaN,NaN,NaN,NaN,NaN,NaN,NaN,,NaN,,6179.879218208,6180.041542583,6180.041542583,6180.041542583,6180.041542583,6180.041542583,6180.041542583,6180.041542583,6180.041542583,6180.041542583,6184.480592292,7,-7,8,2,4.35456662500019,4,3.6652408330001,6179.593776708,6179.595552792,6180.041542583,6179.879208042,NaN,NaN,NaN,NaN,,NaN,,6179.590184792,6179.593729583,None,NaN,NaN,,NaN,NaN,NaN,NaN,NaN,NaN,NaN,20,bathroom,1,2024-05-10_15h50.16.060,image_similarity_rating,2023.2.3,None,2024-05-10 15h50.35.189920 +0200
,112,141,270,270,stimuli/own/bathroom/112_bat.jpg,stimuli/own/bathroom/141_bat.jpg,NaN,NaN,NaN,NaN,NaN,NaN,NaN,NaN,0,450,450,269,6184.491212458,NaN,NaN,NaN,NaN,NaN,NaN,NaN,,NaN,,6184.775575417,6184.939119417,6184.939119417,6184.939119417,6184.939119417,6184.939119417,6184.939119417,6184.939119417,6184.939119417,6184.939119417,6187.097696375,7,-7,8,2,1.84352624999974,3,1.26737225000034,6184.484333875,6184.491212458,6184.939119417,6184.775561833,NaN,NaN,NaN,NaN,,NaN,,6184.480811125,6184.484287625,None,NaN,NaN,,NaN,NaN,NaN,NaN,NaN,NaN,NaN,20,bathroom,1,2024-05-10_15h50.16.060,image_similarity_rating,2023.2.3,None,2024-05-10 15h50.35.189920 +0200
,111,138,241,241,stimuli/own/bathroom/111_bat.jpg,stimuli/own/bathroom/138_bat.jpg,NaN,NaN,NaN,NaN,NaN,NaN,NaN,NaN,0,451,451,240,6187.10789225,NaN,NaN,NaN,NaN,NaN,NaN,NaN,,NaN,,6187.392453417,6187.556857042,6187.556857042,6187.556857042,6187.556857042,6187.556857042,6187.556857042,6187.556857042,6187.556857042,6187.556857042,6195.723093583,-7,7,8,2,7.55274466699939,3,6.35618212499958,6187.101331417,6187.10789225,6187.556857042,6187.392439125,NaN,NaN,NaN,NaN,,NaN,,6187.097914125,6187.101285375,None,NaN,NaN,,NaN,NaN,NaN,NaN,NaN,NaN,NaN,20,bathroom,1,2024-05-10_15h50.16.060,image_similarity_rating,2023.2.3,None,2024-05-10 15h50.35.189920 +0200
,117,130,354,354,stimuli/own/bathroom/117_bat.jpg,stimuli/own/bathroom/130_bat.jpg,NaN,NaN,NaN,NaN,NaN,NaN,NaN,NaN,0,452,452,353,6195.728694042,NaN,NaN,NaN,NaN,NaN,NaN,NaN,,NaN,,6196.01278875,6196.175136167,6196.175136167,6196.175136167,6196.175136167,6196.175136167,6196.175136167,6196.175136167,6196.175136167,6196.175136167,6214.373293542,-7,7,8,2,18.1043717499997,4,16.9678960830006,6195.726778375,6195.728694042,6196.175136167,6196.012778,NaN,NaN,NaN,NaN,,NaN,,6195.723311917,6195.726731208,None,NaN,NaN,,NaN,NaN,NaN,NaN,NaN,NaN,NaN,20,bathroom,1,2024-05-10_15h50.16.060,image_similarity_rating,2023.2.3,None,2024-05-10 15h50.35.189920 +0200
,103,112,73,73,stimuli/own/bathroom/103_bat.jpg,stimuli/own/bathroom/112_bat.jpg,NaN,NaN,NaN,NaN,NaN,NaN,NaN,NaN,0,453,453,72,6214.379023917,NaN,NaN,NaN,NaN,NaN,NaN,NaN,,NaN,,6214.662441125,6214.824244,6214.824244,6214.824244,6214.824244,6214.824244,6214.824244,6214.824244,6214.824244,6214.824244,6219.152439208,7,-7,8,2,2.58457475000068,3,1.59148720800022,6214.377094458,6214.379023917,6214.824244,6214.662431125,NaN,NaN,NaN,NaN,,NaN,,6214.373535708,6214.377047833,None,NaN,NaN,,NaN,NaN,NaN,NaN,NaN,NaN,NaN,20,bathroom,1,2024-05-10_15h50.16.060,image_similarity_rating,2023.2.3,None,2024-05-10 15h50.35.189920 +0200
,111,129,233,233,stimuli/own/bathroom/111_bat.jpg,stimuli/own/bathroom/129_bat.jpg,NaN,NaN,NaN,NaN,NaN,NaN,NaN,NaN,0,454,454,232,6219.174314292,NaN,NaN,NaN,NaN,NaN,NaN,NaN,,NaN,,6219.45850025,6219.621903917,6219.621903917,6219.621903917,6219.621903917,6219.621903917,6219.621903917,6219.621903917,6219.621903917,6219.621903917,6224.310093167,7,-7,8,3,4.26056433300073,2,2.17984554199938,6219.15619675,6219.174314292,NaN,6219.458474333,NaN,NaN,NaN,NaN,,NaN,,6219.152657875,6219.156150375,None,NaN,NaN,,NaN,NaN,NaN,NaN,NaN,NaN,NaN,20,bathroom,1,2024-05-10_15h50.16.060,image_similarity_rating,2023.2.3,None,2024-05-10 15h50.35.189920 +0200
,118,124,370,370,stimuli/own/bathroom/118_bat.jpg,stimuli/own/bathroom/124_bat.jpg,NaN,NaN,NaN,NaN,NaN,NaN,NaN,NaN,0,455,455,369,6224.315799458,NaN,NaN,NaN,NaN,NaN,NaN,NaN,,NaN,,6224.60896075,6224.77198725,6224.77198725,6224.77198725,6224.77198725,6224.77198725,6224.77198725,6224.77198725,6224.77198725,6224.77198725,6229.189982917,7,-7,8,2,4.08891545799997,1,2.34932491700056,6224.313865083,6224.315799458,6224.77198725,6224.608947417,NaN,NaN,NaN,NaN,,NaN,,6224.310310458,6224.313817792,None,NaN,NaN,,NaN,NaN,NaN,NaN,NaN,NaN,NaN,20,bathroom,1,2024-05-10_15h50.16.060,image_similarity_rating,2023.2.3,None,2024-05-10 15h50.35.189920 +0200
,102,139,65,606,stimuli/own/bathroom/102_bat.jpg,stimuli/own/bathroom/139_bat.jpg,NaN,NaN,NaN,NaN,NaN,NaN,NaN,NaN,0,456,456,605,6229.195582833,NaN,NaN,NaN,NaN,NaN,NaN,NaN,,NaN,,6229.479511083,6229.642648958,6229.642648958,6229.642648958,6229.642648958,6229.642648958,6229.642648958,6229.642648958,6229.642648958,6229.642648958,6235.848574042,-7,7,8,2,2.91416066700003,2,2.30972758300049,6229.1936485,6229.195582833,6229.642648958,6229.479500333,NaN,NaN,NaN,NaN,,NaN,,6229.190207792,6229.193602125,None,NaN,NaN,,NaN,NaN,NaN,NaN,NaN,NaN,NaN,20,bathroom,1,2024-05-10_15h50.16.060,image_similarity_rating,2023.2.3,None,2024-05-10 15h50.35.189920 +0200
,122,125,445,445,stimuli/own/bathroom/122_bat.jpg,stimuli/own/bathroom/125_bat.jpg,NaN,NaN,NaN,NaN,NaN,NaN,NaN,NaN,0,457,457,444,6235.858039542,NaN,NaN,NaN,NaN,NaN,NaN,NaN,,NaN,,6236.142279,6236.307828167,6236.307828167,6236.307828167,6236.307828167,6236.307828167,6236.307828167,6236.307828167,6236.307828167,6236.307828167,6242.701876125,-7,7,8,2,6.20316812500005,1,5.3613734999999,6235.852221958,6235.858039542,6236.307828167,6236.142264042,NaN,NaN,NaN,NaN,,NaN,,6235.84879,6235.852176083,None,NaN,NaN,,NaN,NaN,NaN,NaN,NaN,NaN,NaN,20,bathroom,1,2024-05-10_15h50.16.060,image_similarity_rating,2023.2.3,None,2024-05-10 15h50.35.189920 +0200
,122,136,454,454,stimuli/own/bathroom/122_bat.jpg,stimuli/own/bathroom/136_bat.jpg,NaN,NaN,NaN,NaN,NaN,NaN,NaN,NaN,0,458,458,453,6242.707280083,NaN,NaN,NaN,NaN,NaN,NaN,NaN,,NaN,,6242.9923055,6243.156784208,6243.156784208,6243.156784208,6243.156784208,6243.156784208,6243.156784208,6243.156784208,6243.156784208,6243.156784208,6252.001811208,7,-7,8,3,5.38124920799964,5,2.29256333299963,6242.705511833,6242.707280083,6243.156784208,6242.992291,NaN,NaN,NaN,NaN,,NaN,,6242.702097083,6242.705465458,None,NaN,NaN,,NaN,NaN,NaN,NaN,NaN,NaN,NaN,20,bathroom,1,2024-05-10_15h50.16.060,image_similarity_rating,2023.2.3,None,2024-05-10 15h50.35.189920 +0200
,104,136,125,125,stimuli/own/bathroom/104_bat.jpg,stimuli/own/bathroom/136_bat.jpg,NaN,NaN,NaN,NaN,NaN,NaN,NaN,NaN,0,459,459,124,6252.007399125,NaN,NaN,NaN,NaN,NaN,NaN,NaN,,NaN,,6252.292157708,6252.456568375,6252.456568375,6252.456568375,6252.456568375,6252.456568375,6252.456568375,6252.456568375,6252.456568375,6252.456568375,6267.697367208,7,-7,8,3,6.50238245799937,2,15.0797668750001,6252.005450958,6252.007399125,6252.456568375,6252.292144042,NaN,NaN,NaN,NaN,,NaN,,6252.002031042,6252.00540475,None,NaN,NaN,,NaN,NaN,NaN,NaN,NaN,NaN,NaN,20,bathroom,1,2024-05-10_15h50.16.060,image_similarity_rating,2023.2.3,None,2024-05-10 15h50.35.189920 +0200
,104,140,129,129,stimuli/own/bathroom/104_bat.jpg,stimuli/own/bathroom/140_bat.jpg,NaN,NaN,NaN,NaN,NaN,NaN,NaN,NaN,0,460,460,128,6267.707611875,NaN,NaN,NaN,NaN,NaN,NaN,NaN,,NaN,,6267.992069208,6268.160185125,6268.160185125,6268.160185125,6268.160185125,6268.160185125,6268.160185125,6268.160185125,6268.160185125,6268.160185125,6273.8184125,7,-7,8,2,4.24538604200006,3,5.44591350000064,6267.701114583,6267.707611875,6268.160185125,6267.992043542,NaN,NaN,NaN,NaN,,NaN,,6267.697583917,6267.701068625,None,NaN,NaN,,NaN,NaN,NaN,NaN,NaN,NaN,NaN,20,bathroom,1,2024-05-10_15h50.16.060,image_similarity_rating,2023.2.3,None,2024-05-10 15h50.35.189920 +0200
,105,109,132,132,stimuli/own/bathroom/105_bat.jpg,stimuli/own/bathroom/109_bat.jpg,NaN,NaN,NaN,NaN,NaN,NaN,NaN,NaN,0,461,461,131,6273.8240965,NaN,NaN,NaN,NaN,NaN,NaN,NaN,,NaN,,6274.10876625,6274.278515292,6274.278515292,6274.278515292,6274.278515292,6274.278515292,6274.278515292,6274.278515292,6274.278515292,6274.278515292,6277.176585333,7,-7,8,3,2.78337987499981,1,1.92326508400038,6273.822047125,6273.8240965,6274.278515292,6274.108749792,NaN,NaN,NaN,NaN,,NaN,,6273.818637292,6273.822000708,None,NaN,NaN,,NaN,NaN,NaN,NaN,NaN,NaN,NaN,20,bathroom,1,2024-05-10_15h50.16.060,image_similarity_rating,2023.2.3,None,2024-05-10 15h50.35.189920 +0200
,101,130,24,24,stimuli/own/bathroom/101_bat.jpg,stimuli/own/bathroom/130_bat.jpg,NaN,NaN,NaN,NaN,NaN,NaN,NaN,NaN,0,462,462,23,6277.182249625,NaN,NaN,NaN,NaN,NaN,NaN,NaN,,NaN,,6277.475331917,6277.639284375,6277.639284375,6277.639284375,6277.639284375,6277.639284375,6277.639284375,6277.639284375,6277.639284375,6277.639284375,6281.53033375,-7,7,8,2,3.77616624999973,2,3.25938729099926,6277.180323125,6277.182249625,6277.639284375,6277.47531375,NaN,NaN,NaN,NaN,,NaN,,6277.176801667,6277.180277125,None,NaN,NaN,,NaN,NaN,NaN,NaN,NaN,NaN,NaN,20,bathroom,1,2024-05-10_15h50.16.060,image_similarity_rating,2023.2.3,None,2024-05-10 15h50.35.189920 +0200
,105,114,136,136,stimuli/own/bathroom/105_bat.jpg,stimuli/own/bathroom/114_bat.jpg,NaN,NaN,NaN,NaN,NaN,NaN,NaN,NaN,0,463,463,135,6281.540736667,NaN,NaN,NaN,NaN,NaN,NaN,NaN,,NaN,,6281.825296542,6281.989691042,6281.989691042,6281.989691042,6281.989691042,6281.989691042,6281.989691042,6281.989691042,6281.989691042,6281.989691042,6288.930273583,-7,7,8,1,6.886914875,1,1.76177466700028,6281.534050875,6281.540736667,6281.989691042,6281.82528275,NaN,NaN,NaN,NaN,,NaN,,6281.530553583,6281.534005125,None,NaN,NaN,,NaN,NaN,NaN,NaN,NaN,NaN,NaN,20,bathroom,1,2024-05-10_15h50.16.060,image_similarity_rating,2023.2.3,None,2024-05-10 15h50.35.189920 +0200
,103,125,85,85,stimuli/own/bathroom/103_bat.jpg,stimuli/own/bathroom/125_bat.jpg,NaN,NaN,NaN,NaN,NaN,NaN,NaN,NaN,0,464,464,84,6288.940742667,NaN,NaN,NaN,NaN,NaN,NaN,NaN,,NaN,,6289.225490208,6289.392857208,6289.392857208,6289.392857208,6289.392857208,6289.392857208,6289.392857208,6289.392857208,6289.392857208,6289.392857208,6295.126505958,7,-7,8,1,3.75796741699924,1,2.03676570799962,6288.933907167,6288.940742667,6289.392857208,6289.225474333,NaN,NaN,NaN,NaN,,NaN,,6288.930495792,6288.933860708,None,NaN,NaN,,NaN,NaN,NaN,NaN,NaN,NaN,NaN,20,bathroom,1,2024-05-10_15h50.16.060,image_similarity_rating,2023.2.3,None,2024-05-10 15h50.35.189920 +0200
,136,139,583,603,stimuli/own/bathroom/136_bat.jpg,stimuli/own/bathroom/139_bat.jpg,NaN,NaN,NaN,NaN,NaN,NaN,NaN,NaN,0,465,465,602,6295.131871833,NaN,NaN,NaN,NaN,NaN,NaN,NaN,,NaN,,6295.425442458,6295.597295333,6295.597295333,6295.597295333,6295.597295333,6295.597295333,6295.597295333,6295.597295333,6295.597295333,6295.597295333,6298.709757292,7,-7,8,2,1.66324487499969,1,2.76383587500004,6295.130133958,6295.131871833,6295.597295333,6295.425421625,NaN,NaN,NaN,NaN,,NaN,,6295.126722292,6295.130087875,None,NaN,NaN,,NaN,NaN,NaN,NaN,NaN,NaN,NaN,20,bathroom,1,2024-05-10_15h50.16.060,image_similarity_rating,2023.2.3,None,2024-05-10 15h50.35.189920 +0200
,124,127,478,478,stimuli/own/bathroom/124_bat.jpg,stimuli/own/bathroom/127_bat.jpg,NaN,NaN,NaN,NaN,NaN,NaN,NaN,NaN,0,466,466,477,6298.715189333,NaN,NaN,NaN,NaN,NaN,NaN,NaN,,NaN,,6299.008764708,6299.180593417,6299.180593417,6299.180593417,6299.180593417,6299.180593417,6299.180593417,6299.180593417,6299.180593417,6299.180593417,6304.99316675,7,-7,8,3,1.96366520799984,2,5.30313770799967,6298.713403208,6298.715189333,6299.180593417,6299.008747875,NaN,NaN,NaN,NaN,,NaN,,6298.709975083,6298.7133565,None,NaN,NaN,,NaN,NaN,NaN,NaN,NaN,NaN,NaN,20,bathroom,1,2024-05-10_15h50.16.060,image_similarity_rating,2023.2.3,None,2024-05-10 15h50.35.189920 +0200
,132,138,564,564,stimuli/own/bathroom/132_bat.jpg,stimuli/own/bathroom/138_bat.jpg,NaN,NaN,NaN,NaN,NaN,NaN,NaN,NaN,0,467,467,563,6304.998855542,NaN,NaN,NaN,NaN,NaN,NaN,NaN,,NaN,,6305.292023583,6305.460162958,6305.460162958,6305.460162958,6305.460162958,6305.460162958,6305.460162958,6305.460162958,6305.460162958,6305.460162958,6310.78077275,7,-7,8,3,2.88414379200003,1,5.04522058299972,6304.996932875,6304.998855542,6305.460162958,6305.291998292,NaN,NaN,NaN,NaN,,NaN,,6304.993383625,6304.996886417,None,NaN,NaN,,NaN,NaN,NaN,NaN,NaN,NaN,NaN,20,bathroom,1,2024-05-10_15h50.16.060,image_similarity_rating,2023.2.3,None,2024-05-10 15h50.35.189920 +0200
,120,129,413,413,stimuli/own/bathroom/120_bat.jpg,stimuli/own/bathroom/129_bat.jpg,NaN,NaN,NaN,NaN,NaN,NaN,NaN,NaN,0,468,468,412,6310.790632125,NaN,NaN,NaN,NaN,NaN,NaN,NaN,,NaN,,6311.075345125,6311.244296792,6311.244296792,6311.244296792,6311.244296792,6311.244296792,6311.244296792,6311.244296792,6311.244296792,6311.244296792,6314.509782917,7,-7,8,3,1.94513979099975,1,2.85246995899979,6310.784507125,6310.790632125,6311.244296792,6311.075329042,NaN,NaN,NaN,NaN,,NaN,,6310.780993167,6310.784460875,None,NaN,NaN,,NaN,NaN,NaN,NaN,NaN,NaN,NaN,20,bathroom,1,2024-05-10_15h50.16.060,image_similarity_rating,2023.2.3,None,2024-05-10 15h50.35.189920 +0200
,132,140,566,566,stimuli/own/bathroom/132_bat.jpg,stimuli/own/bathroom/140_bat.jpg,NaN,NaN,NaN,NaN,NaN,NaN,NaN,NaN,0,469,469,565,6314.515507333,NaN,NaN,NaN,NaN,NaN,NaN,NaN,,NaN,,6314.808640792,6314.977598583,6314.977598583,6314.977598583,6314.977598583,6314.977598583,6314.977598583,6314.977598583,6314.977598583,6314.977598583,6323.043062875,7,-7,8,3,4.13407408300009,2,7.67786100000012,6314.513576,6314.515507333,6314.977598583,6314.808623792,NaN,NaN,NaN,NaN,,NaN,,6314.510001,6314.51353,None,NaN,NaN,,NaN,NaN,NaN,NaN,NaN,NaN,NaN,20,bathroom,1,2024-05-10_15h50.16.060,image_similarity_rating,2023.2.3,None,2024-05-10 15h50.35.189920 +0200
,114,130,309,309,stimuli/own/bathroom/114_bat.jpg,stimuli/own/bathroom/130_bat.jpg,NaN,NaN,NaN,NaN,NaN,NaN,NaN,NaN,0,470,470,308,6323.048437542,NaN,NaN,NaN,NaN,NaN,NaN,NaN,,NaN,,6323.341989458,6323.507147917,6323.507147917,6323.507147917,6323.507147917,6323.507147917,6323.507147917,6323.507147917,6323.507147917,6323.507147917,6331.039679,7,-7,8,3,4.21651474999999,2,6.95945058300003,6323.046692125,6323.048437542,6323.507147917,6323.341974625,NaN,NaN,NaN,NaN,,NaN,,6323.043278958,6323.046645792,None,NaN,NaN,,NaN,NaN,NaN,NaN,NaN,NaN,NaN,20,bathroom,1,2024-05-10_15h50.16.060,image_similarity_rating,2023.2.3,None,2024-05-10 15h50.35.189920 +0200
,104,122,113,113,stimuli/own/bathroom/104_bat.jpg,stimuli/own/bathroom/122_bat.jpg,NaN,NaN,NaN,NaN,NaN,NaN,NaN,NaN,0,471,471,112,6331.045133583,NaN,NaN,NaN,NaN,NaN,NaN,NaN,,NaN,,6331.329229167,6331.4935265,6331.4935265,6331.4935265,6331.4935265,6331.4935265,6331.4935265,6331.4935265,6331.4935265,6331.4935265,6340.426479417,7,-7,8,2,5.73582441600047,1,2.6877904590001,6331.043355792,6331.045133583,6331.4935265,6331.329216125,NaN,NaN,NaN,NaN,,NaN,,6331.039902083,6331.043310333,None,NaN,NaN,,NaN,NaN,NaN,NaN,NaN,NaN,NaN,20,bathroom,1,2024-05-10_15h50.16.060,image_similarity_rating,2023.2.3,None,2024-05-10 15h50.35.189920 +0200
,109,134,210,210,stimuli/own/bathroom/109_bat.jpg,stimuli/own/bathroom/134_bat.jpg,NaN,NaN,NaN,NaN,NaN,NaN,NaN,NaN,0,472,472,209,6340.43224575,NaN,NaN,NaN,NaN,NaN,NaN,NaN,,NaN,,6340.725349125,6340.895470667,6340.895470667,6340.895470667,6340.895470667,6340.895470667,6340.895470667,6340.895470667,6340.895470667,6340.895470667,6343.0519715,-7,7,8,2,1.95862933399985,1,1.32350612499977,6340.430127292,6340.43224575,6340.895470667,6340.725332667,NaN,NaN,NaN,NaN,,NaN,,6340.42669925,6340.430080833,None,NaN,NaN,,NaN,NaN,NaN,NaN,NaN,NaN,NaN,20,bathroom,1,2024-05-10_15h50.16.060,image_similarity_rating,2023.2.3,None,2024-05-10 15h50.35.189920 +0200
,134,138,571,571,stimuli/own/bathroom/134_bat.jpg,stimuli/own/bathroom/138_bat.jpg,NaN,NaN,NaN,NaN,NaN,NaN,NaN,NaN,0,473,473,570,6343.074179,NaN,NaN,NaN,NaN,NaN,NaN,NaN,,NaN,,6343.358146375,6343.528774875,6343.528774875,6343.528774875,6343.528774875,6343.528774875,6343.528774875,6343.528774875,6343.528774875,6343.528774875,6346.76815375,-7,7,8,2,3.17060500000025,1,2.30664724999951,6343.055697542,6343.074179,NaN,6343.358125583,NaN,NaN,NaN,NaN,,NaN,,6343.052187875,6343.055651667,None,NaN,NaN,,NaN,NaN,NaN,NaN,NaN,NaN,NaN,20,bathroom,1,2024-05-10_15h50.16.060,image_similarity_rating,2023.2.3,None,2024-05-10 15h50.35.189920 +0200
,116,126,329,329,stimuli/own/bathroom/116_bat.jpg,stimuli/own/bathroom/126_bat.jpg,NaN,NaN,NaN,NaN,NaN,NaN,NaN,NaN,0,474,474,328,6346.773684667,NaN,NaN,NaN,NaN,NaN,NaN,NaN,,NaN,,6347.058527167,6347.225632667,6347.225632667,6347.225632667,6347.225632667,6347.225632667,6347.225632667,6347.225632667,6347.225632667,6347.225632667,6352.251473833,-7,7,8,1,4.9381049170006,1,1.74020133400063,6346.771806625,6346.773684667,6347.225632667,6347.058505917,NaN,NaN,NaN,NaN,,NaN,,6346.768369875,6346.771760292,None,NaN,NaN,,NaN,NaN,NaN,NaN,NaN,NaN,NaN,20,bathroom,1,2024-05-10_15h50.16.060,image_similarity_rating,2023.2.3,None,2024-05-10 15h50.35.189920 +0200
,102,122,50,50,stimuli/own/bathroom/102_bat.jpg,stimuli/own/bathroom/122_bat.jpg,NaN,NaN,NaN,NaN,NaN,NaN,NaN,NaN,0,475,475,49,6352.256941792,NaN,NaN,NaN,NaN,NaN,NaN,NaN,,NaN,,6352.541777167,6352.705236458,6352.705236458,6352.705236458,6352.705236458,6352.705236458,6352.705236458,6352.705236458,6352.705236458,6352.705236458,6355.039649083,7,-7,8,1,1.86821899999995,1,1.23818195799959,6352.255196708,6352.256941792,6352.705236458,6352.541764208,NaN,NaN,NaN,NaN,,NaN,,6352.25169025,6352.255150792,None,NaN,NaN,,NaN,NaN,NaN,NaN,NaN,NaN,NaN,20,bathroom,1,2024-05-10_15h50.16.060,image_similarity_rating,2023.2.3,None,2024-05-10 15h50.35.189920 +0200
,113,118,274,274,stimuli/own/bathroom/113_bat.jpg,stimuli/own/bathroom/118_bat.jpg,NaN,NaN,NaN,NaN,NaN,NaN,NaN,NaN,0,476,476,273,6355.045660792,NaN,NaN,NaN,NaN,NaN,NaN,NaN,,NaN,,6355.329527792,6355.496693708,6355.496693708,6355.496693708,6355.496693708,6355.496693708,6355.496693708,6355.496693708,6355.496693708,6355.496693708,6360.651802917,-7,7,8,1,4.30481441700067,2,3.44625075000022,6355.04355175,6355.045660792,6355.496693708,6355.329515208,NaN,NaN,NaN,NaN,,NaN,,6355.039864458,6355.043502583,None,NaN,NaN,,NaN,NaN,NaN,NaN,NaN,NaN,NaN,20,bathroom,1,2024-05-10_15h50.16.060,image_similarity_rating,2023.2.3,None,2024-05-10 15h50.35.189920 +0200
,117,120,345,345,stimuli/own/bathroom/117_bat.jpg,stimuli/own/bathroom/120_bat.jpg,NaN,NaN,NaN,NaN,NaN,NaN,NaN,NaN,0,477,477,344,6360.673946375,NaN,NaN,NaN,NaN,NaN,NaN,NaN,,NaN,,6360.958030417,6361.1236965,6361.1236965,6361.1236965,6361.1236965,6361.1236965,6361.1236965,6361.1236965,6361.1236965,6361.1236965,6364.976268917,-7,7,8,1,3.61144162500023,3,1.48931174999962,6360.655436583,6360.673946375,NaN,6360.958012208,NaN,NaN,NaN,NaN,,NaN,,6360.652020833,6360.655390917,None,NaN,NaN,,NaN,NaN,NaN,NaN,NaN,NaN,NaN,20,bathroom,1,2024-05-10_15h50.16.060,image_similarity_rating,2023.2.3,None,2024-05-10 15h50.35.189920 +0200
,114,126,306,306,stimuli/own/bathroom/114_bat.jpg,stimuli/own/bathroom/126_bat.jpg,NaN,NaN,NaN,NaN,NaN,NaN,NaN,NaN,0,478,478,305,6364.981970375,NaN,NaN,NaN,NaN,NaN,NaN,NaN,,NaN,,6365.275159,6365.440606958,6365.440606958,6365.440606958,6365.440606958,6365.440606958,6365.440606958,6365.440606958,6365.440606958,6365.440606958,6368.672823208,7,-7,8,1,2.04209058400011,2,1.19900562500061,6364.980037458,6364.981970375,6365.440606958,6365.275144292,NaN,NaN,NaN,NaN,,NaN,,6364.976485792,6364.979991292,None,NaN,NaN,,NaN,NaN,NaN,NaN,NaN,NaN,NaN,20,bathroom,1,2024-05-10_15h50.16.060,image_similarity_rating,2023.2.3,None,2024-05-10 15h50.35.189920 +0200
,101,114,10,10,stimuli/own/bathroom/101_bat.jpg,stimuli/own/bathroom/114_bat.jpg,NaN,NaN,NaN,NaN,NaN,NaN,NaN,NaN,0,479,479,9,6368.678523958,NaN,NaN,NaN,NaN,NaN,NaN,NaN,,NaN,,6368.9628815,6369.1335725,6369.1335725,6369.1335725,6369.1335725,6369.1335725,6369.1335725,6369.1335725,6369.1335725,6369.1335725,6377.480789417,7,-7,8,2,8.17127149999942,3,6.84381587500047,6368.676591042,6368.678523958,6369.1335725,6368.962866958,NaN,NaN,NaN,NaN,,NaN,,6368.6730575,6368.676545333,None,NaN,NaN,,NaN,NaN,NaN,NaN,NaN,NaN,NaN,20,bathroom,1,2024-05-10_15h50.16.060,image_similarity_rating,2023.2.3,None,2024-05-10 15h50.35.189920 +0200
,111,118,223,223,stimuli/own/bathroom/111_bat.jpg,stimuli/own/bathroom/118_bat.jpg,NaN,NaN,NaN,NaN,NaN,NaN,NaN,NaN,0,480,480,222,6377.490506042,NaN,NaN,NaN,NaN,NaN,NaN,NaN,,NaN,,6377.775019208,6377.940363583,6377.940363583,6377.940363583,6377.940363583,6377.940363583,6377.940363583,6377.940363583,6377.940363583,6377.940363583,6383.185569625,7,-7,8,2,3.68065933399976,1,2.7831873340001,6377.484558792,6377.490506042,6377.940363583,6377.774991583,NaN,NaN,NaN,NaN,,NaN,,6377.481005708,6377.484510083,None,NaN,NaN,,NaN,NaN,NaN,NaN,NaN,NaN,NaN,20,bathroom,1,2024-05-10_15h50.16.060,image_similarity_rating,2023.2.3,None,2024-05-10 15h50.35.189920 +0200
,131,141,559,559,stimuli/own/bathroom/131_bat.jpg,stimuli/own/bathroom/141_bat.jpg,NaN,NaN,NaN,NaN,NaN,NaN,NaN,NaN,0,481,481,558,6383.191714625,NaN,NaN,NaN,NaN,NaN,NaN,NaN,,NaN,,6383.474855917,6383.638146958,6383.638146958,6383.638146958,6383.638146958,6383.638146958,6383.638146958,6383.638146958,6383.638146958,6383.638146958,6389.492873625,7,-7,8,2,3.17782012499993,3,1.98880058299983,6383.189266125,6383.191714625,6383.638146958,6383.474843083,NaN,NaN,NaN,NaN,,NaN,,6383.185792,6383.189217708,None,NaN,NaN,,NaN,NaN,NaN,NaN,NaN,NaN,NaN,20,bathroom,1,2024-05-10_15h50.16.060,image_similarity_rating,2023.2.3,None,2024-05-10 15h50.35.189920 +0200
,117,123,348,348,stimuli/own/bathroom/117_bat.jpg,stimuli/own/bathroom/123_bat.jpg,NaN,NaN,NaN,NaN,NaN,NaN,NaN,NaN,0,482,482,347,6389.498451792,NaN,NaN,NaN,NaN,NaN,NaN,NaN,,NaN,,6389.791809167,6389.960575417,6389.960575417,6389.960575417,6389.960575417,6389.960575417,6389.960575417,6389.960575417,6389.960575417,6389.960575417,6394.676213667,-7,7,8,2,4.52877679099947,3,3.58833566700014,6389.49651925,6389.498451792,6389.960575417,6389.791792667,NaN,NaN,NaN,NaN,,NaN,,6389.493091292,6389.496473333,None,NaN,NaN,,NaN,NaN,NaN,NaN,NaN,NaN,NaN,20,bathroom,1,2024-05-10_15h50.16.060,image_similarity_rating,2023.2.3,None,2024-05-10 15h50.35.189920 +0200
,101,109,6,6,stimuli/own/bathroom/101_bat.jpg,stimuli/own/bathroom/109_bat.jpg,NaN,NaN,NaN,NaN,NaN,NaN,NaN,NaN,0,483,483,5,6394.681808417,NaN,NaN,NaN,NaN,NaN,NaN,NaN,,NaN,,6394.975056167,6395.139954583,6395.139954583,6395.139954583,6395.139954583,6395.139954583,6395.139954583,6395.139954583,6395.139954583,6395.139954583,6398.006197333,7,-7,8,2,2.70034541599944,3,1.91143345799992,6394.679830542,6394.681808417,6395.139954583,6394.975041708,NaN,NaN,NaN,NaN,,NaN,,6394.67643075,6394.679781458,None,NaN,NaN,,NaN,NaN,NaN,NaN,NaN,NaN,NaN,20,bathroom,1,2024-05-10_15h50.16.060,image_similarity_rating,2023.2.3,None,2024-05-10 15h50.35.189920 +0200
,113,117,273,273,stimuli/own/bathroom/113_bat.jpg,stimuli/own/bathroom/117_bat.jpg,NaN,NaN,NaN,NaN,NaN,NaN,NaN,NaN,0,484,484,272,6398.011787125,NaN,NaN,NaN,NaN,NaN,NaN,NaN,,NaN,,6398.296409875,6398.465688333,6398.465688333,6398.465688333,6398.465688333,6398.465688333,6398.465688333,6398.465688333,6398.465688333,6398.465688333,6407.819028958,-7,7,8,3,8.56515649999983,4,2.46905258300012,6398.00985275,6398.011787125,6398.465688333,6398.296395208,NaN,NaN,NaN,NaN,,NaN,,6398.006414458,6398.009806625,None,NaN,NaN,,NaN,NaN,NaN,NaN,NaN,NaN,NaN,20,bathroom,1,2024-05-10_15h50.16.060,image_similarity_rating,2023.2.3,None,2024-05-10 15h50.35.189920 +0200
,127,132,521,521,stimuli/own/bathroom/127_bat.jpg,stimuli/own/bathroom/132_bat.jpg,NaN,NaN,NaN,NaN,NaN,NaN,NaN,NaN,0,485,485,520,6407.824927167,NaN,NaN,NaN,NaN,NaN,NaN,NaN,,NaN,,6408.10844075,6408.278109542,6408.278109542,6408.278109542,6408.278109542,6408.278109542,6408.278109542,6408.278109542,6408.278109542,6408.278109542,6417.034575917,-7,7,8,3,3.89805083400006,3,7.66902654200021,6407.822851917,6407.824927167,6408.278109542,6408.108424083,NaN,NaN,NaN,NaN,,NaN,,6407.819248292,6407.822805708,None,NaN,NaN,,NaN,NaN,NaN,NaN,NaN,NaN,NaN,20,bathroom,1,2024-05-10_15h50.16.060,image_similarity_rating,2023.2.3,None,2024-05-10 15h50.35.189920 +0200
,102,121,49,49,stimuli/own/bathroom/102_bat.jpg,stimuli/own/bathroom/121_bat.jpg,NaN,NaN,NaN,NaN,NaN,NaN,NaN,NaN,0,486,486,48,6417.040291625,NaN,NaN,NaN,NaN,NaN,NaN,NaN,,NaN,,6417.325128542,6417.489464542,6417.489464542,6417.489464542,6417.489464542,6417.489464542,6417.489464542,6417.489464542,6417.489464542,6417.489464542,6420.568265125,7,-7,8,3,1.83664516699992,2,2.84141466599976,6417.038226625,6417.040291625,6417.489464542,6417.325116208,NaN,NaN,NaN,NaN,,NaN,,6417.034795375,6417.038180625,None,NaN,NaN,,NaN,NaN,NaN,NaN,NaN,NaN,NaN,20,bathroom,1,2024-05-10_15h50.16.060,image_similarity_rating,2023.2.3,None,2024-05-10 15h50.35.189920 +0200
,113,130,285,285,stimuli/own/bathroom/113_bat.jpg,stimuli/own/bathroom/130_bat.jpg,NaN,NaN,NaN,NaN,NaN,NaN,NaN,NaN,0,487,487,284,6420.590487833,NaN,NaN,NaN,NaN,NaN,NaN,NaN,,NaN,,6420.874525792,6421.041269042,6421.041269042,6421.041269042,6421.041269042,6421.041269042,6421.041269042,6421.041269042,6421.041269042,6421.041269042,6423.901646417,-7,7,8,3,1.88628908400005,3,2.47266924999985,6420.572156875,6420.590487833,NaN,6420.874496417,NaN,NaN,NaN,NaN,,NaN,,6420.568485208,6420.572107042,None,NaN,NaN,,NaN,NaN,NaN,NaN,NaN,NaN,NaN,20,bathroom,1,2024-05-10_15h50.16.060,image_similarity_rating,2023.2.3,None,2024-05-10 15h50.35.189920 +0200
,136,139,583,583,stimuli/own/bathroom/136_bat.jpg,stimuli/own/bathroom/139_bat.jpg,NaN,NaN,NaN,NaN,NaN,NaN,NaN,NaN,0,488,488,582,6423.92372025,NaN,NaN,NaN,NaN,NaN,NaN,NaN,,NaN,,6424.208017,6424.379974708,6424.379974708,6424.379974708,6424.379974708,6424.379974708,6424.379974708,6424.379974708,6424.379974708,6424.379974708,6427.218314458,7,-7,8,3,1.7497213329998,2,2.60066466599983,6423.905290333,6423.92372025,NaN,6424.207987875,NaN,NaN,NaN,NaN,,NaN,,6423.901869333,6423.905243583,None,NaN,NaN,,NaN,NaN,NaN,NaN,NaN,NaN,NaN,20,bathroom,1,2024-05-10_15h50.16.060,image_similarity_rating,2023.2.3,None,2024-05-10 15h50.35.189920 +0200
,111,136,239,239,stimuli/own/bathroom/111_bat.jpg,stimuli/own/bathroom/136_bat.jpg,NaN,NaN,NaN,NaN,NaN,NaN,NaN,NaN,0,489,489,238,6427.24061425,NaN,NaN,NaN,NaN,NaN,NaN,NaN,,NaN,,6427.524604167,6427.690144125,6427.690144125,6427.690144125,6427.690144125,6427.690144125,6427.690144125,6427.690144125,6427.690144125,6427.690144125,6432.563721792,-7,7,8,3,2.85265945800074,4,4.68471574999967,6427.222106,6427.24061425,NaN,6427.5245835,NaN,NaN,NaN,NaN,,NaN,,6427.218533083,6427.22206,None,NaN,NaN,,NaN,NaN,NaN,NaN,NaN,NaN,NaN,20,bathroom,1,2024-05-10_15h50.16.060,image_similarity_rating,2023.2.3,None,2024-05-10 15h50.35.189920 +0200
,134,135,568,568,stimuli/own/bathroom/134_bat.jpg,stimuli/own/bathroom/135_bat.jpg,NaN,NaN,NaN,NaN,NaN,NaN,NaN,NaN,0,490,490,567,6432.573868292,NaN,NaN,NaN,NaN,NaN,NaN,NaN,,NaN,,6432.859035292,6433.02318825,6433.02318825,6433.02318825,6433.02318825,6433.02318825,6433.02318825,6433.02318825,6433.02318825,6433.02318825,6441.813818833,-7,7,8,3,6.07735287499963,3,8.50206016599986,6432.567359542,6432.573868292,6433.02318825,6432.859021917,NaN,NaN,NaN,NaN,,NaN,,6432.563942667,6432.567313417,None,NaN,NaN,,NaN,NaN,NaN,NaN,NaN,NaN,NaN,20,bathroom,1,2024-05-10_15h50.16.060,image_similarity_rating,2023.2.3,None,2024-05-10 15h50.35.189920 +0200
,116,135,336,336,stimuli/own/bathroom/116_bat.jpg,stimuli/own/bathroom/135_bat.jpg,NaN,NaN,NaN,NaN,NaN,NaN,NaN,NaN,0,491,491,335,6441.823806417,NaN,NaN,NaN,NaN,NaN,NaN,NaN,,NaN,,6442.108173375,6442.279477167,6442.279477167,6442.279477167,6442.279477167,6442.279477167,6442.279477167,6442.279477167,6442.279477167,6442.279477167,6447.852117708,7,-7,8,3,3.33538320800017,2,3.90912658399975,6441.817606042,6441.823806417,6442.279477167,6442.108157917,NaN,NaN,NaN,NaN,,NaN,,6441.814036583,6441.817559542,None,NaN,NaN,,NaN,NaN,NaN,NaN,NaN,NaN,NaN,20,bathroom,1,2024-05-10_15h50.16.060,image_similarity_rating,2023.2.3,None,2024-05-10 15h50.35.189920 +0200
,103,132,91,91,stimuli/own/bathroom/103_bat.jpg,stimuli/own/bathroom/132_bat.jpg,NaN,NaN,NaN,NaN,NaN,NaN,NaN,NaN,0,492,492,90,6447.858261208,NaN,NaN,NaN,NaN,NaN,NaN,NaN,,NaN,,6448.141682708,6448.312456875,6448.312456875,6448.312456875,6448.312456875,6448.312456875,6448.312456875,6448.312456875,6448.312456875,6448.312456875,6453.35930625,-7,7,8,3,2.01129887499974,2,3.73530820800079,6447.85576325,6447.858261208,6448.312456875,6448.141666583,NaN,NaN,NaN,NaN,,NaN,,6447.852336,6447.855713958,None,NaN,NaN,,NaN,NaN,NaN,NaN,NaN,NaN,NaN,20,bathroom,1,2024-05-10_15h50.16.060,image_similarity_rating,2023.2.3,None,2024-05-10 15h50.35.189920 +0200
,102,131,58,58,stimuli/own/bathroom/102_bat.jpg,stimuli/own/bathroom/131_bat.jpg,NaN,NaN,NaN,NaN,NaN,NaN,NaN,NaN,0,493,493,57,6453.364881667,NaN,NaN,NaN,NaN,NaN,NaN,NaN,,NaN,,6453.658792083,6453.825861042,6453.825861042,6453.825861042,6453.825861042,6453.825861042,6453.825861042,6453.825861042,6453.825861042,6453.825861042,6463.130849125,-7,7,8,1,8.89169316600055,1,3.2482018339997,6453.362946417,6453.364881667,6453.825861042,6453.658777625,NaN,NaN,NaN,NaN,,NaN,,6453.3595235,6453.362899875,None,NaN,NaN,,NaN,NaN,NaN,NaN,NaN,NaN,NaN,20,bathroom,1,2024-05-10_15h50.16.060,image_similarity_rating,2023.2.3,None,2024-05-10 15h50.35.189920 +0200
,123,137,471,471,stimuli/own/bathroom/123_bat.jpg,stimuli/own/bathroom/137_bat.jpg,NaN,NaN,NaN,NaN,NaN,NaN,NaN,NaN,0,494,494,470,6463.140399417,NaN,NaN,NaN,NaN,NaN,NaN,NaN,,NaN,,6463.425551625,6463.592040833,6463.592040833,6463.592040833,6463.592040833,6463.592040833,6463.592040833,6463.592040833,6463.592040833,6463.592040833,6470.163276583,7,-7,8,1,3.32034225000007,2,6.11039174999951,6463.13450825,6463.140399417,6463.592040833,6463.425537125,NaN,NaN,NaN,NaN,,NaN,,6463.131070708,6463.134459375,None,NaN,NaN,,NaN,NaN,NaN,NaN,NaN,NaN,NaN,20,bathroom,1,2024-05-10_15h50.16.060,image_similarity_rating,2023.2.3,None,2024-05-10 15h50.35.189920 +0200
,122,129,448,448,stimuli/own/bathroom/122_bat.jpg,stimuli/own/bathroom/129_bat.jpg,NaN,NaN,NaN,NaN,NaN,NaN,NaN,NaN,0,495,495,447,6470.173590083,NaN,NaN,NaN,NaN,NaN,NaN,NaN,,NaN,,6470.458285875,6470.628287917,6470.628287917,6470.628287917,6470.628287917,6470.628287917,6470.628287917,6470.628287917,6470.628287917,6470.628287917,6477.139052292,7,-7,8,2,5.96168329200009,5,2.21022162500049,6470.166920083,6470.173590083,6470.628287917,6470.458269375,NaN,NaN,NaN,NaN,,NaN,,6470.163499708,6470.166871917,None,NaN,NaN,,NaN,NaN,NaN,NaN,NaN,NaN,NaN,20,bathroom,1,2024-05-10_15h50.16.060,image_similarity_rating,2023.2.3,None,2024-05-10 15h50.35.189920 +0200
,138,139,590,590,stimuli/own/bathroom/138_bat.jpg,stimuli/own/bathroom/139_bat.jpg,NaN,NaN,NaN,NaN,NaN,NaN,NaN,NaN,0,496,496,589,6477.144711833,NaN,NaN,NaN,NaN,NaN,NaN,NaN,,NaN,,6477.429151458,6477.597563667,6477.597563667,6477.597563667,6477.597563667,6477.597563667,6477.597563667,6477.597563667,6477.597563667,6477.597563667,6484.967903542,-7,7,8,2,7.04420983300042,2,5.21496779100016,6477.142758875,6477.144711833,6477.597563667,6477.429131458,NaN,NaN,NaN,NaN,,NaN,,6477.139297333,6477.14271225,None,NaN,NaN,,NaN,NaN,NaN,NaN,NaN,NaN,NaN,20,bathroom,1,2024-05-10_15h50.16.060,image_similarity_rating,2023.2.3,None,2024-05-10 15h50.35.189920 +0200
,120,135,418,418,stimuli/own/bathroom/120_bat.jpg,stimuli/own/bathroom/135_bat.jpg,NaN,NaN,NaN,NaN,NaN,NaN,NaN,NaN,0,497,497,417,6484.973345208,NaN,NaN,NaN,NaN,NaN,NaN,NaN,,NaN,,6485.258155083,6485.422597875,6485.422597875,6485.422597875,6485.422597875,6485.422597875,6485.422597875,6485.422597875,6485.422597875,6485.422597875,6493.363275583,-7,7,8,3,7.84995479200006,4,6.92866533300003,6484.971534208,6484.973345208,6485.422597875,6485.258141583,NaN,NaN,NaN,NaN,,NaN,,6484.968125958,6484.971488625,None,NaN,NaN,,NaN,NaN,NaN,NaN,NaN,NaN,NaN,20,bathroom,1,2024-05-10_15h50.16.060,image_similarity_rating,2023.2.3,None,2024-05-10 15h50.35.189920 +0200
,118,137,381,381,stimuli/own/bathroom/118_bat.jpg,stimuli/own/bathroom/137_bat.jpg,NaN,NaN,NaN,NaN,NaN,NaN,NaN,NaN,0,498,498,380,6493.373462542,NaN,NaN,NaN,NaN,NaN,NaN,NaN,,NaN,,6493.658140375,6493.822578625,6493.822578625,6493.822578625,6493.822578625,6493.822578625,6493.822578625,6493.822578625,6493.822578625,6493.822578625,6500.596703833,7,-7,8,5,4.46459445899927,5,4.96516824999981,6493.366934917,6493.373462542,6493.822578625,6493.658125792,NaN,NaN,NaN,NaN,,NaN,,6493.363497292,6493.366888958,None,NaN,NaN,,NaN,NaN,NaN,NaN,NaN,NaN,NaN,20,bathroom,1,2024-05-10_15h50.16.060,image_similarity_rating,2023.2.3,None,2024-05-10 15h50.35.189920 +0200
,109,126,204,204,stimuli/own/bathroom/109_bat.jpg,stimuli/own/bathroom/126_bat.jpg,NaN,NaN,NaN,NaN,NaN,NaN,NaN,NaN,0,499,499,203,6500.606946208,NaN,NaN,NaN,NaN,NaN,NaN,NaN,,NaN,,6500.891505833,6501.059735542,6501.059735542,6501.059735542,6501.059735542,6501.059735542,6501.059735542,6501.059735542,6501.059735542,6501.059735542,6506.989700583,7,-7,8,2,5.41180070900009,2,4.0708604170004,6500.600359625,6500.606946208,6501.059735542,6500.891488292,NaN,NaN,NaN,NaN,,NaN,,6500.596920917,6500.600313333,None,NaN,NaN,,NaN,NaN,NaN,NaN,NaN,NaN,NaN,20,bathroom,1,2024-05-10_15h50.16.060,image_similarity_rating,2023.2.3,None,2024-05-10 15h50.35.189920 +0200
,102,126,54,54,stimuli/own/bathroom/102_bat.jpg,stimuli/own/bathroom/126_bat.jpg,NaN,NaN,NaN,NaN,NaN,NaN,NaN,NaN,0,500,500,53,6506.995621542,NaN,NaN,NaN,NaN,NaN,NaN,NaN,,NaN,,6507.278905125,6507.450333708,6507.450333708,6507.450333708,6507.450333708,6507.450333708,6507.450333708,6507.450333708,6507.450333708,6507.450333708,6523.559262875,-7,7,8,1,11.8877642080006,2,15.8217797500001,6506.993388125,6506.995621542,6507.450333708,6507.27889075,NaN,NaN,NaN,NaN,,NaN,,6506.989919833,6506.993341792,None,NaN,NaN,,NaN,NaN,NaN,NaN,NaN,NaN,NaN,20,bathroom,1,2024-05-10_15h50.16.060,image_similarity_rating,2023.2.3,None,2024-05-10 15h50.35.189920 +0200
,121,125,428,428,stimuli/own/bathroom/121_bat.jpg,stimuli/own/bathroom/125_bat.jpg,NaN,NaN,NaN,NaN,NaN,NaN,NaN,NaN,0,501,501,427,6523.564651667,NaN,NaN,NaN,NaN,NaN,NaN,NaN,,NaN,,6523.857908542,6524.022137125,6524.022137125,6524.022137125,6524.022137125,6524.022137125,6524.022137125,6524.022137125,6524.022137125,6524.022137125,6529.388802208,7,-7,8,1,3.73660724999991,1,4.40298020799946,6523.562908,6523.564651667,6524.022137125,6523.857895292,NaN,NaN,NaN,NaN,,NaN,,6523.559480375,6523.562862333,None,NaN,NaN,,NaN,NaN,NaN,NaN,NaN,NaN,NaN,20,bathroom,1,2024-05-10_15h50.16.060,image_similarity_rating,2023.2.3,None,2024-05-10 15h50.35.189920 +0200
,117,122,347,347,stimuli/own/bathroom/117_bat.jpg,stimuli/own/bathroom/122_bat.jpg,NaN,NaN,NaN,NaN,NaN,NaN,NaN,NaN,0,502,502,346,6529.394449833,NaN,NaN,NaN,NaN,NaN,NaN,NaN,,NaN,,6529.67896575,6529.845840625,6529.845840625,6529.845840625,6529.845840625,6529.845840625,6529.845840625,6529.845840625,6529.845840625,6529.845840625,6535.409154458,-7,7,8,2,3.86920145799922,2,5.38901887500015,6529.392521917,6529.394449833,6529.845840625,6529.67895275,NaN,NaN,NaN,NaN,,NaN,,6529.389036208,6529.3924755,None,NaN,NaN,,NaN,NaN,NaN,NaN,NaN,NaN,NaN,20,bathroom,1,2024-05-10_15h50.16.060,image_similarity_rating,2023.2.3,None,2024-05-10 15h50.35.189920 +0200
,101,112,8,8,stimuli/own/bathroom/101_bat.jpg,stimuli/own/bathroom/112_bat.jpg,NaN,NaN,NaN,NaN,NaN,NaN,NaN,NaN,0,503,503,7,6535.414866875,NaN,NaN,NaN,NaN,NaN,NaN,NaN,,NaN,,6535.708253167,6535.874581042,6535.874581042,6535.874581042,6535.874581042,6535.874581042,6535.874581042,6535.874581042,6535.874581042,6535.874581042,6540.275747333,7,-7,8,2,1.91055391600003,2,2.81518541700007,6535.412932333,6535.414866875,6535.874581042,6535.708238875,NaN,NaN,NaN,NaN,,NaN,,6535.409370708,6535.412885833,None,NaN,NaN,,NaN,NaN,NaN,NaN,NaN,NaN,NaN,20,bathroom,1,2024-05-10_15h50.16.060,image_similarity_rating,2023.2.3,None,2024-05-10 15h50.35.189920 +0200
,104,109,102,102,stimuli/own/bathroom/104_bat.jpg,stimuli/own/bathroom/109_bat.jpg,NaN,NaN,NaN,NaN,NaN,NaN,NaN,NaN,0,504,504,101,6540.281356708,NaN,NaN,NaN,NaN,NaN,NaN,NaN,,NaN,,6600.908063542,6601.081783167,6601.081783167,6601.081783167,6601.081783167,6601.081783167,6601.081783167,6601.081783167,6601.081783167,6601.081783167,6606.858835125,7,-7,9,2,5.04020404099992,4,3.96879320800053,6600.616517958,6600.623883083,6601.081783167,6600.908041708,NaN,NaN,NaN,NaN,,NaN,,6540.275965042,6600.616111375,space,6540.281356708,60.3345807080004,None,NaN,NaN,NaN,NaN,NaN,NaN,NaN,20,bathroom,1,2024-05-10_15h50.16.060,image_similarity_rating,2023.2.3,None,2024-05-10 15h50.35.189920 +0200
,120,130,414,414,stimuli/own/bathroom/120_bat.jpg,stimuli/own/bathroom/130_bat.jpg,NaN,NaN,NaN,NaN,NaN,NaN,NaN,NaN,0,505,505,413,6606.864481417,NaN,NaN,NaN,NaN,NaN,NaN,NaN,,NaN,,6607.157665,6607.323717542,6607.323717542,6607.323717542,6607.323717542,6607.323717542,6607.323717542,6607.323717542,6607.323717542,6607.323717542,6618.234341958,7,-7,9,4,10.6582698749999,6,7.18276204099948,6606.862560958,6606.864481417,6607.323717542,6607.157649917,NaN,NaN,NaN,NaN,,NaN,,6606.859053333,6606.862514667,None,NaN,NaN,,NaN,NaN,NaN,NaN,NaN,NaN,NaN,20,bathroom,1,2024-05-10_15h50.16.060,image_similarity_rating,2023.2.3,None,2024-05-10 15h50.35.189920 +0200
,106,141,189,189,stimuli/own/bathroom/106_bat.jpg,stimuli/own/bathroom/141_bat.jpg,NaN,NaN,NaN,NaN,NaN,NaN,NaN,NaN,0,506,506,188,6618.25667,NaN,NaN,NaN,NaN,NaN,NaN,NaN,,NaN,,6618.540606792,6618.706578292,6618.706578292,6618.706578292,6618.706578292,6618.706578292,6618.706578292,6618.706578292,6618.706578292,6618.706578292,6623.572031708,7,-7,9,3,4.7525279169995,4,4.03282775000025,6618.237996667,6618.25667,NaN,6618.5405875,NaN,NaN,NaN,NaN,,NaN,,6618.23456275,6618.237950458,None,NaN,NaN,,NaN,NaN,NaN,NaN,NaN,NaN,NaN,20,bathroom,1,2024-05-10_15h50.16.060,image_similarity_rating,2023.2.3,None,2024-05-10 15h50.35.189920 +0200
,109,117,195,195,stimuli/own/bathroom/109_bat.jpg,stimuli/own/bathroom/117_bat.jpg,NaN,NaN,NaN,NaN,NaN,NaN,NaN,NaN,0,507,507,194,6623.577681375,NaN,NaN,NaN,NaN,NaN,NaN,NaN,,NaN,,6623.862016,6624.030437458,6624.030437458,6624.030437458,6624.030437458,6624.030437458,6624.030437458,6624.030437458,6624.030437458,6624.030437458,6630.68397375,-7,7,9,3,2.72093812500043,4,3.34948608299965,6623.575743292,6623.577681375,6624.030437458,6623.8620015,NaN,NaN,NaN,NaN,,NaN,,6623.572263167,6623.575697167,None,NaN,NaN,,NaN,NaN,NaN,NaN,NaN,NaN,NaN,20,bathroom,1,2024-05-10_15h50.16.060,image_similarity_rating,2023.2.3,None,2024-05-10 15h50.35.189920 +0200
,109,123,201,201,stimuli/own/bathroom/109_bat.jpg,stimuli/own/bathroom/123_bat.jpg,NaN,NaN,NaN,NaN,NaN,NaN,NaN,NaN,0,508,508,200,6630.689588375,NaN,NaN,NaN,NaN,NaN,NaN,NaN,,NaN,,6630.974265083,6631.143156333,6631.143156333,6631.143156333,6631.143156333,6631.143156333,6631.143156333,6631.143156333,6631.143156333,6631.143156333,6639.59630675,7,-7,9,3,8.35257458399974,6,6.44601058399985,6630.687760292,6630.689588375,6631.143156333,6630.974248583,NaN,NaN,NaN,NaN,,NaN,,6630.684195417,6630.687714167,None,NaN,NaN,,NaN,NaN,NaN,NaN,NaN,NaN,NaN,20,bathroom,1,2024-05-10_15h50.16.060,image_similarity_rating,2023.2.3,None,2024-05-10 15h50.35.189920 +0200
,116,122,325,325,stimuli/own/bathroom/116_bat.jpg,stimuli/own/bathroom/122_bat.jpg,NaN,NaN,NaN,NaN,NaN,NaN,NaN,NaN,0,509,509,324,6639.606472333,NaN,NaN,NaN,NaN,NaN,NaN,NaN,,NaN,,6639.8910675,6640.062051292,6640.062051292,6640.062051292,6640.062051292,6640.062051292,6640.062051292,6640.062051292,6640.062051292,6640.062051292,6647.546256083,7,-7,9,2,7.35857841699999,4,4.07517720900069,6639.599972042,6639.606472333,6640.062051292,6639.89105075,NaN,NaN,NaN,NaN,,NaN,,6639.596536917,6639.599926167,None,NaN,NaN,,NaN,NaN,NaN,NaN,NaN,NaN,NaN,20,bathroom,1,2024-05-10_15h50.16.060,image_similarity_rating,2023.2.3,None,2024-05-10 15h50.35.189920 +0200
,125,132,496,496,stimuli/own/bathroom/125_bat.jpg,stimuli/own/bathroom/132_bat.jpg,NaN,NaN,NaN,NaN,NaN,NaN,NaN,NaN,0,510,510,495,6647.556254292,NaN,NaN,NaN,NaN,NaN,NaN,NaN,,NaN,,6647.840971625,6648.008801458,6648.008801458,6648.008801458,6648.008801458,6648.008801458,6648.008801458,6648.008801458,6648.008801458,6648.008801458,6654.50035875,7,-7,9,2,6.20341229099995,3,2.80564020800011,6647.549934417,6647.556254292,6648.008801458,6647.840956208,NaN,NaN,NaN,NaN,,NaN,,6647.546476875,6647.549888542,None,NaN,NaN,,NaN,NaN,NaN,NaN,NaN,NaN,NaN,20,bathroom,1,2024-05-10_15h50.16.060,image_similarity_rating,2023.2.3,None,2024-05-10 15h50.35.189920 +0200
,120,137,420,420,stimuli/own/bathroom/120_bat.jpg,stimuli/own/bathroom/137_bat.jpg,NaN,NaN,NaN,NaN,NaN,NaN,NaN,NaN,0,511,511,419,6654.506205667,NaN,NaN,NaN,NaN,NaN,NaN,NaN,,NaN,,6654.791211875,6654.955408583,6654.955408583,6654.955408583,6654.955408583,6654.955408583,6654.955408583,6654.955408583,6654.955408583,6654.955408583,6662.267212375,7,-7,9,2,2.73593004099985,3,1.80903741600014,6654.50400575,6654.506205667,6654.955408583,6654.791197208,NaN,NaN,NaN,NaN,,NaN,,6654.500575833,6654.503959583,None,NaN,NaN,,NaN,NaN,NaN,NaN,NaN,NaN,NaN,20,bathroom,1,2024-05-10_15h50.16.060,image_similarity_rating,2023.2.3,None,2024-05-10 15h50.35.189920 +0200
,121,137,438,438,stimuli/own/bathroom/121_bat.jpg,stimuli/own/bathroom/137_bat.jpg,NaN,NaN,NaN,NaN,NaN,NaN,NaN,NaN,0,512,512,437,6662.272797958,NaN,NaN,NaN,NaN,NaN,NaN,NaN,,NaN,,6662.557554875,6662.720633833,6662.720633833,6662.720633833,6662.720633833,6662.720633833,6662.720633833,6662.720633833,6662.720633833,6662.720633833,6669.300592208,-7,7,9,2,1.71783804200004,2,5.94213691700043,6662.270972792,6662.272797958,6662.720633833,6662.557542333,NaN,NaN,NaN,NaN,,NaN,,6662.267442417,6662.270927208,None,NaN,NaN,,NaN,NaN,NaN,NaN,NaN,NaN,NaN,20,bathroom,1,2024-05-10_15h50.16.060,image_similarity_rating,2023.2.3,None,2024-05-10 15h50.35.189920 +0200
,109,130,207,207,stimuli/own/bathroom/109_bat.jpg,stimuli/own/bathroom/130_bat.jpg,NaN,NaN,NaN,NaN,NaN,NaN,NaN,NaN,0,513,513,206,6669.30604775,NaN,NaN,NaN,NaN,NaN,NaN,NaN,,NaN,,6669.591045208,6669.75618925,6669.75618925,6669.75618925,6669.75618925,6669.75618925,6669.75618925,6669.75618925,6669.75618925,6669.75618925,6678.063031458,-7,7,9,3,2.00561729200035,2,8.03300941699945,6669.304244208,6669.30604775,6669.75618925,6669.591032458,NaN,NaN,NaN,NaN,,NaN,,6669.300809125,6669.30419825,None,NaN,NaN,,NaN,NaN,NaN,NaN,NaN,NaN,NaN,20,bathroom,1,2024-05-10_15h50.16.060,image_similarity_rating,2023.2.3,None,2024-05-10 15h50.35.189920 +0200
,118,121,367,367,stimuli/own/bathroom/118_bat.jpg,stimuli/own/bathroom/121_bat.jpg,NaN,NaN,NaN,NaN,NaN,NaN,NaN,NaN,0,514,514,366,6678.072905708,NaN,NaN,NaN,NaN,NaN,NaN,NaN,,NaN,,6678.35754475,6678.52300775,6678.52300775,6678.52300775,6678.52300775,6678.52300775,6678.52300775,6678.52300775,6678.52300775,6678.52300775,6684.588394417,7,-7,9,2,2.51396020899938,2,5.68438370799959,6678.066692958,6678.072905708,6678.52300775,6678.357530083,NaN,NaN,NaN,NaN,,NaN,,6678.063256875,6678.06664675,None,NaN,NaN,,NaN,NaN,NaN,NaN,NaN,NaN,NaN,20,bathroom,1,2024-05-10_15h50.16.060,image_similarity_rating,2023.2.3,None,2024-05-10 15h50.35.189920 +0200
,102,141,67,67,stimuli/own/bathroom/102_bat.jpg,stimuli/own/bathroom/141_bat.jpg,NaN,NaN,NaN,NaN,NaN,NaN,NaN,NaN,0,515,515,66,6684.594090208,NaN,NaN,NaN,NaN,NaN,NaN,NaN,,NaN,,6684.878238625,6685.043678083,6685.043678083,6685.043678083,6685.043678083,6685.043678083,6685.043678083,6685.043678083,6685.043678083,6685.043678083,6695.650729208,7,-7,9,2,5.93737833400064,2,8.19322704099977,6684.592091333,6684.594090208,6685.043678083,6684.878226708,NaN,NaN,NaN,NaN,,NaN,,6684.588630208,6684.59204475,None,NaN,NaN,,NaN,NaN,NaN,NaN,NaN,NaN,NaN,20,bathroom,1,2024-05-10_15h50.16.060,image_similarity_rating,2023.2.3,None,2024-05-10 15h50.35.189920 +0200
,105,135,154,154,stimuli/own/bathroom/105_bat.jpg,stimuli/own/bathroom/135_bat.jpg,NaN,NaN,NaN,NaN,NaN,NaN,NaN,NaN,0,516,516,153,6695.672852667,NaN,NaN,NaN,NaN,NaN,NaN,NaN,,NaN,,6695.956896375,6696.128600167,6696.128600167,6696.128600167,6696.128600167,6696.128600167,6696.128600167,6696.128600167,6696.128600167,6696.128600167,6710.288110375,7,-7,9,1,4.44788633299959,1,2.99692020899965,6695.654523208,6695.672852667,NaN,6695.956876458,NaN,NaN,NaN,NaN,,NaN,,6695.650950833,6695.654477,None,NaN,NaN,,NaN,NaN,NaN,NaN,NaN,NaN,NaN,20,bathroom,1,2024-05-10_15h50.16.060,image_similarity_rating,2023.2.3,None,2024-05-10 15h50.35.189920 +0200
,109,138,214,214,stimuli/own/bathroom/109_bat.jpg,stimuli/own/bathroom/138_bat.jpg,NaN,NaN,NaN,NaN,NaN,NaN,NaN,NaN,0,517,517,213,6710.29387925,NaN,NaN,NaN,NaN,NaN,NaN,NaN,,NaN,,6710.578160792,6710.742754333,6710.742754333,6710.742754333,6710.742754333,6710.742754333,6710.742754333,6710.742754333,6710.742754333,6710.742754333,6721.675256083,7,-7,9,2,9.90748779200021,2,2.07459541699973,6710.291938,6710.29387925,6710.742754333,6710.578150208,NaN,NaN,NaN,NaN,,NaN,,6710.288330792,6710.291891333,None,NaN,NaN,,NaN,NaN,NaN,NaN,NaN,NaN,NaN,20,bathroom,1,2024-05-10_15h50.16.060,image_similarity_rating,2023.2.3,None,2024-05-10 15h50.35.189920 +0200
,135,138,577,577,stimuli/own/bathroom/135_bat.jpg,stimuli/own/bathroom/138_bat.jpg,NaN,NaN,NaN,NaN,NaN,NaN,NaN,NaN,0,518,518,576,6721.680950958,NaN,NaN,NaN,NaN,NaN,NaN,NaN,,NaN,,6721.974361667,6722.141084167,6722.141084167,6722.141084167,6722.141084167,6722.141084167,6722.141084167,6722.141084167,6722.141084167,6722.141084167,6725.896510375,7,-7,9,2,3.49146587500036,3,2.6901460830004,6721.67894,6721.680950958,6722.141084167,6721.974346375,NaN,NaN,NaN,NaN,,NaN,,6721.675478333,6721.67889375,None,NaN,NaN,,NaN,NaN,NaN,NaN,NaN,NaN,NaN,20,bathroom,1,2024-05-10_15h50.16.060,image_similarity_rating,2023.2.3,None,2024-05-10 15h50.35.189920 +0200
,106,137,185,185,stimuli/own/bathroom/106_bat.jpg,stimuli/own/bathroom/137_bat.jpg,NaN,NaN,NaN,NaN,NaN,NaN,NaN,NaN,0,519,519,184,6725.906117667,NaN,NaN,NaN,NaN,NaN,NaN,NaN,,NaN,,6726.190751875,6726.355022542,6726.355022542,6726.355022542,6726.355022542,6726.355022542,6726.355022542,6726.355022542,6726.355022542,6726.355022542,6738.983974458,-7,7,9,1,2.4588628749998,3,12.2667023330005,6725.900168042,6725.906117667,6726.355022542,6726.190733,NaN,NaN,NaN,NaN,,NaN,,6725.896728125,6725.900121625,None,NaN,NaN,,NaN,NaN,NaN,NaN,NaN,NaN,NaN,20,bathroom,1,2024-05-10_15h50.16.060,image_similarity_rating,2023.2.3,None,2024-05-10 15h50.35.189920 +0200
,114,125,305,305,stimuli/own/bathroom/114_bat.jpg,stimuli/own/bathroom/125_bat.jpg,NaN,NaN,NaN,NaN,NaN,NaN,NaN,NaN,0,520,520,304,6739.006304375,NaN,NaN,NaN,NaN,NaN,NaN,NaN,,NaN,,6739.2901335,6739.462545292,6739.462545292,6739.462545292,6739.462545292,6739.462545292,6739.462545292,6739.462545292,6739.462545292,6739.462545292,6747.371580583,7,-7,9,1,7.87264404100006,1,3.67648041700068,6738.987629,6739.006304375,NaN,6739.290108792,NaN,NaN,NaN,NaN,,NaN,,6738.984193708,6738.987582292,None,NaN,NaN,,NaN,NaN,NaN,NaN,NaN,NaN,NaN,20,bathroom,1,2024-05-10_15h50.16.060,image_similarity_rating,2023.2.3,None,2024-05-10 15h50.35.189920 +0200
,112,130,260,260,stimuli/own/bathroom/112_bat.jpg,stimuli/own/bathroom/130_bat.jpg,NaN,NaN,NaN,NaN,NaN,NaN,NaN,NaN,0,521,521,259,6747.377392167,NaN,NaN,NaN,NaN,NaN,NaN,NaN,,NaN,,6747.661027708,6747.824102542,6747.824102542,6747.824102542,6747.824102542,6747.824102542,6747.824102542,6747.824102542,6747.824102542,6747.824102542,6756.200491417,-7,7,9,3,8.30906437500016,6,6.91739604200029,6747.375312375,6747.377392167,6747.824102542,6747.66101525,NaN,NaN,NaN,NaN,,NaN,,6747.371827708,6747.375266542,None,NaN,NaN,,NaN,NaN,NaN,NaN,NaN,NaN,NaN,20,bathroom,1,2024-05-10_15h50.16.060,image_similarity_rating,2023.2.3,None,2024-05-10 15h50.35.189920 +0200
,126,129,506,506,stimuli/own/bathroom/126_bat.jpg,stimuli/own/bathroom/129_bat.jpg,NaN,NaN,NaN,NaN,NaN,NaN,NaN,NaN,0,522,522,505,6756.22265975,NaN,NaN,NaN,NaN,NaN,NaN,NaN,,NaN,,6756.506887875,6756.670025667,6756.670025667,6756.670025667,6756.670025667,6756.670025667,6756.670025667,6756.670025667,6756.670025667,6756.670025667,6760.771901625,7,-7,9,2,4.02228408300016,3,3.40750683399983,6756.204254667,6756.22265975,NaN,6756.506858792,NaN,NaN,NaN,NaN,,NaN,,6756.200706792,6756.20420825,None,NaN,NaN,,NaN,NaN,NaN,NaN,NaN,NaN,NaN,20,bathroom,1,2024-05-10_15h50.16.060,image_similarity_rating,2023.2.3,None,2024-05-10 15h50.35.189920 +0200
,109,121,199,199,stimuli/own/bathroom/109_bat.jpg,stimuli/own/bathroom/121_bat.jpg,NaN,NaN,NaN,NaN,NaN,NaN,NaN,NaN,0,523,523,198,6760.77747025,NaN,NaN,NaN,NaN,NaN,NaN,NaN,,NaN,,6761.061218208,6761.225655875,6761.225655875,6761.225655875,6761.225655875,6761.225655875,6761.225655875,6761.225655875,6761.225655875,6761.225655875,6764.755106458,-7,7,9,2,3.41283158399983,3,2.71615808300066,6760.775658917,6760.77747025,6761.225655875,6761.061205708,NaN,NaN,NaN,NaN,,NaN,,6760.772117167,6760.775612875,None,NaN,NaN,,NaN,NaN,NaN,NaN,NaN,NaN,NaN,20,bathroom,1,2024-05-10_15h50.16.060,image_similarity_rating,2023.2.3,None,2024-05-10 15h50.35.189920 +0200
,103,117,77,77,stimuli/own/bathroom/103_bat.jpg,stimuli/own/bathroom/117_bat.jpg,NaN,NaN,NaN,NaN,NaN,NaN,NaN,NaN,0,524,524,76,6764.760805083,NaN,NaN,NaN,NaN,NaN,NaN,NaN,,NaN,,6765.044406125,6765.208313542,6765.208313542,6765.208313542,6765.208313542,6765.208313542,6765.208313542,6765.208313542,6765.208313542,6765.208313542,6770.900210917,-7,7,9,2,3.91568037500019,3,3.11107841600005,6764.758877208,6764.760805083,6765.208313542,6765.044389333,NaN,NaN,NaN,NaN,,NaN,,6764.755324292,6764.758831292,None,NaN,NaN,,NaN,NaN,NaN,NaN,NaN,NaN,NaN,20,bathroom,1,2024-05-10_15h50.16.060,image_similarity_rating,2023.2.3,None,2024-05-10 15h50.35.189920 +0200
,105,136,155,155,stimuli/own/bathroom/105_bat.jpg,stimuli/own/bathroom/136_bat.jpg,NaN,NaN,NaN,NaN,NaN,NaN,NaN,NaN,0,525,525,154,6770.906074958,NaN,NaN,NaN,NaN,NaN,NaN,NaN,,NaN,,6771.190676333,6771.359055458,6771.359055458,6771.359055458,6771.359055458,6771.359055458,6771.359055458,6771.359055458,6771.359055458,6771.359055458,6776.496204375,-7,7,9,1,2.58512666699971,1,1.55231025000012,6770.903866125,6770.906074958,6771.359055458,6771.19065675,NaN,NaN,NaN,NaN,,NaN,,6770.900427417,6770.903820083,None,NaN,NaN,,NaN,NaN,NaN,NaN,NaN,NaN,NaN,20,bathroom,1,2024-05-10_15h50.16.060,image_similarity_rating,2023.2.3,None,2024-05-10 15h50.35.189920 +0200
,101,129,23,23,stimuli/own/bathroom/101_bat.jpg,stimuli/own/bathroom/129_bat.jpg,NaN,NaN,NaN,NaN,NaN,NaN,NaN,NaN,0,526,526,22,6776.506154875,NaN,NaN,NaN,NaN,NaN,NaN,NaN,,NaN,,6776.790596292,6776.958965292,6776.958965292,6776.958965292,6776.958965292,6776.958965292,6776.958965292,6776.958965292,6776.958965292,6776.958965292,6783.916863333,-7,7,9,4,4.69625666600041,2,2.69663204100016,6776.499870083,6776.506154875,6776.958965292,6776.790579667,NaN,NaN,NaN,NaN,,NaN,,6776.49643225,6776.499824125,None,NaN,NaN,,NaN,NaN,NaN,NaN,NaN,NaN,NaN,20,bathroom,1,2024-05-10_15h50.16.060,image_similarity_rating,2023.2.3,None,2024-05-10 15h50.35.189920 +0200
,106,135,183,183,stimuli/own/bathroom/106_bat.jpg,stimuli/own/bathroom/135_bat.jpg,NaN,NaN,NaN,NaN,NaN,NaN,NaN,NaN,0,527,527,182,6783.922492375,NaN,NaN,NaN,NaN,NaN,NaN,NaN,,NaN,,6784.207255708,6784.372148292,6784.372148292,6784.372148292,6784.372148292,6784.372148292,6784.372148292,6784.372148292,6784.372148292,6784.372148292,6789.788146792,-7,7,9,2,4.01434049999989,1,3.06912399999965,6783.920671875,6783.922492375,6784.372148292,6784.207242542,NaN,NaN,NaN,NaN,,NaN,,6783.917081875,6783.920625375,None,NaN,NaN,,NaN,NaN,NaN,NaN,NaN,NaN,NaN,20,bathroom,1,2024-05-10_15h50.16.060,image_similarity_rating,2023.2.3,None,2024-05-10 15h50.35.189920 +0200
,122,127,447,447,stimuli/own/bathroom/122_bat.jpg,stimuli/own/bathroom/127_bat.jpg,NaN,NaN,NaN,NaN,NaN,NaN,NaN,NaN,0,528,528,446,6789.793963917,NaN,NaN,NaN,NaN,NaN,NaN,NaN,,NaN,,6790.077640167,6790.241325458,6790.241325458,6790.241325458,6790.241325458,6790.241325458,6790.241325458,6790.241325458,6790.241325458,6790.241325458,6793.659032083,-7,7,9,3,3.01431975000014,1,1.4266564160007,6789.79188025,6789.793963917,6790.241325458,6790.077627375,NaN,NaN,NaN,NaN,,NaN,,6789.788400542,6789.791833792,None,NaN,NaN,,NaN,NaN,NaN,NaN,NaN,NaN,NaN,20,bathroom,1,2024-05-10_15h50.16.060,image_similarity_rating,2023.2.3,None,2024-05-10 15h50.35.189920 +0200
,104,132,122,122,stimuli/own/bathroom/104_bat.jpg,stimuli/own/bathroom/132_bat.jpg,NaN,NaN,NaN,NaN,NaN,NaN,NaN,NaN,0,529,529,121,6793.664887333,NaN,NaN,NaN,NaN,NaN,NaN,NaN,,NaN,,6793.95709825,6794.122733667,6794.122733667,6794.122733667,6794.122733667,6794.122733667,6794.122733667,6794.122733667,6794.122733667,6794.122733667,6810.021212083,-7,7,9,2,15.4466900829993,1,12.4247639160003,6793.662789125,6793.664887333,6794.122733667,6793.957083417,NaN,NaN,NaN,NaN,,NaN,,6793.659250583,6793.662742667,None,NaN,NaN,,NaN,NaN,NaN,NaN,NaN,NaN,NaN,20,bathroom,1,2024-05-10_15h50.16.060,image_similarity_rating,2023.2.3,None,2024-05-10 15h50.35.189920 +0200
,114,132,311,311,stimuli/own/bathroom/114_bat.jpg,stimuli/own/bathroom/132_bat.jpg,NaN,NaN,NaN,NaN,NaN,NaN,NaN,NaN,0,530,530,310,6810.026941917,NaN,NaN,NaN,NaN,NaN,NaN,NaN,,NaN,,6810.311134542,6810.477014625,6810.477014625,6810.477014625,6810.477014625,6810.477014625,6810.477014625,6810.477014625,6810.477014625,6810.477014625,6815.708270083,-7,7,9,2,5.14789704199939,6,3.37054625000019,6810.02493875,6810.026941917,6810.477014625,6810.311122792,NaN,NaN,NaN,NaN,,NaN,,6810.021454708,6810.024892458,None,NaN,NaN,,NaN,NaN,NaN,NaN,NaN,NaN,NaN,20,bathroom,1,2024-05-10_15h50.16.060,image_similarity_rating,2023.2.3,None,2024-05-10 15h50.35.189920 +0200
,106,132,181,181,stimuli/own/bathroom/106_bat.jpg,stimuli/own/bathroom/132_bat.jpg,NaN,NaN,NaN,NaN,NaN,NaN,NaN,NaN,0,531,531,180,6815.713949583,NaN,NaN,NaN,NaN,NaN,NaN,NaN,,NaN,,6816.007183792,6816.17311875,6816.17311875,6816.17311875,6816.17311875,6816.17311875,6816.17311875,6816.17311875,6816.17311875,6816.17311875,6821.38806725,7,-7,9,2,4.86127399999987,1,2.90469208400009,6815.712024917,6815.713949583,6816.17311875,6816.007169292,NaN,NaN,NaN,NaN,,NaN,,6815.708486792,6815.7119785,None,NaN,NaN,,NaN,NaN,NaN,NaN,NaN,NaN,NaN,20,bathroom,1,2024-05-10_15h50.16.060,image_similarity_rating,2023.2.3,None,2024-05-10 15h50.35.189920 +0200
,122,141,459,459,stimuli/own/bathroom/122_bat.jpg,stimuli/own/bathroom/141_bat.jpg,NaN,NaN,NaN,NaN,NaN,NaN,NaN,NaN,0,532,532,458,6821.393698167,NaN,NaN,NaN,NaN,NaN,NaN,NaN,,NaN,,6821.677771083,6821.841803583,6821.841803583,6821.841803583,6821.841803583,6821.841803583,6821.841803583,6821.841803583,6821.841803583,6821.841803583,6826.405060375,7,-7,9,2,4.00906166700042,4,2.33114520799973,6821.391764917,6821.393698167,6821.841803583,6821.677759167,NaN,NaN,NaN,NaN,,NaN,,6821.388305042,6821.391718042,None,NaN,NaN,,NaN,NaN,NaN,NaN,NaN,NaN,NaN,20,bathroom,1,2024-05-10_15h50.16.060,image_similarity_rating,2023.2.3,None,2024-05-10 15h50.35.189920 +0200
,112,119,250,250,stimuli/own/bathroom/112_bat.jpg,stimuli/own/bathroom/119_bat.jpg,NaN,NaN,NaN,NaN,NaN,NaN,NaN,NaN,0,533,533,249,6826.410779125,NaN,NaN,NaN,NaN,NaN,NaN,NaN,,NaN,,6826.694448458,6826.858904375,6826.858904375,6826.858904375,6826.858904375,6826.858904375,6826.858904375,6826.858904375,6826.858904375,6826.858904375,6840.608345458,7,-7,9,1,5.93942645799962,4,4.94628000000012,6826.40876275,6826.410779125,6826.858904375,6826.694436833,NaN,NaN,NaN,NaN,,NaN,,6826.405276583,6826.408716625,None,NaN,NaN,,NaN,NaN,NaN,NaN,NaN,NaN,NaN,20,bathroom,1,2024-05-10_15h50.16.060,image_similarity_rating,2023.2.3,None,2024-05-10 15h50.35.189920 +0200
,112,117,248,248,stimuli/own/bathroom/112_bat.jpg,stimuli/own/bathroom/117_bat.jpg,NaN,NaN,NaN,NaN,NaN,NaN,NaN,NaN,0,534,534,247,6840.614062083,NaN,NaN,NaN,NaN,NaN,NaN,NaN,,NaN,,6840.90695575,6841.071507792,6841.071507792,6841.071507792,6841.071507792,6841.071507792,6841.071507792,6841.071507792,6841.071507792,6841.071507792,6845.961972125,7,-7,9,2,4.30274437499975,4,1.75847425000029,6840.612126958,6840.614062083,6841.071507792,6840.9069425,NaN,NaN,NaN,NaN,,NaN,,6840.608565125,6840.612080583,None,NaN,NaN,,NaN,NaN,NaN,NaN,NaN,NaN,NaN,20,bathroom,1,2024-05-10_15h50.16.060,image_similarity_rating,2023.2.3,None,2024-05-10 15h50.35.189920 +0200
,117,121,346,346,stimuli/own/bathroom/117_bat.jpg,stimuli/own/bathroom/121_bat.jpg,NaN,NaN,NaN,NaN,NaN,NaN,NaN,NaN,0,535,535,345,6845.97238075,NaN,NaN,NaN,NaN,NaN,NaN,NaN,,NaN,,6846.257609958,6846.421764708,6846.421764708,6846.421764708,6846.421764708,6846.421764708,6846.421764708,6846.421764708,6846.421764708,6846.421764708,6856.604378875,-7,7,9,2,9.84218024999973,2,6.01709570799994,6845.96562425,6845.97238075,6846.421764708,6846.257596792,NaN,NaN,NaN,NaN,,NaN,,6845.96219225,6845.965578042,None,NaN,NaN,,NaN,NaN,NaN,NaN,NaN,NaN,NaN,20,bathroom,1,2024-05-10_15h50.16.060,image_similarity_rating,2023.2.3,None,2024-05-10 15h50.35.189920 +0200
,129,137,536,536,stimuli/own/bathroom/129_bat.jpg,stimuli/own/bathroom/137_bat.jpg,NaN,NaN,NaN,NaN,NaN,NaN,NaN,NaN,0,536,536,535,6856.609861042,NaN,NaN,NaN,NaN,NaN,NaN,NaN,,NaN,,6856.894369083,6857.061351917,6857.061351917,6857.061351917,6857.061351917,6857.061351917,6857.061351917,6857.061351917,6857.061351917,6857.061351917,6865.7545105,-7,7,9,1,3.68635212500067,1,8.51733699999932,6856.608105542,6856.609861042,6857.061351917,6856.894354208,NaN,NaN,NaN,NaN,,NaN,,6856.604604542,6856.608058792,None,NaN,NaN,,NaN,NaN,NaN,NaN,NaN,NaN,NaN,20,bathroom,1,2024-05-10_15h50.16.060,image_similarity_rating,2023.2.3,None,2024-05-10 15h50.35.189920 +0200
,120,134,417,417,stimuli/own/bathroom/120_bat.jpg,stimuli/own/bathroom/134_bat.jpg,NaN,NaN,NaN,NaN,NaN,NaN,NaN,NaN,0,537,537,416,6865.760088292,NaN,NaN,NaN,NaN,NaN,NaN,NaN,,NaN,,6866.044535875,6866.2116545,6866.2116545,6866.2116545,6866.2116545,6866.2116545,6866.2116545,6866.2116545,6866.2116545,6866.2116545,6870.58347925,-7,7,9,2,4.16835904199979,3,2.87191408299987,6865.75821,6865.760088292,6866.2116545,6866.044522667,NaN,NaN,NaN,NaN,,NaN,,6865.754754458,6865.7581635,None,NaN,NaN,,NaN,NaN,NaN,NaN,NaN,NaN,NaN,20,bathroom,1,2024-05-10_15h50.16.060,image_similarity_rating,2023.2.3,None,2024-05-10 15h50.35.189920 +0200
,120,121,406,406,stimuli/own/bathroom/120_bat.jpg,stimuli/own/bathroom/121_bat.jpg,NaN,NaN,NaN,NaN,NaN,NaN,NaN,NaN,0,538,538,405,6870.588943667,NaN,NaN,NaN,NaN,NaN,NaN,NaN,,NaN,,6870.873684417,6871.041355583,6871.041355583,6871.041355583,6871.041355583,6871.041355583,6871.041355583,6871.041355583,6871.041355583,6871.041355583,6883.861799875,-7,7,9,1,3.93491712500054,2,12.6463690410001,6870.587119083,6870.588943667,6871.041355583,6870.873667708,NaN,NaN,NaN,NaN,,NaN,,6870.58369675,6870.587070708,None,NaN,NaN,,NaN,NaN,NaN,NaN,NaN,NaN,NaN,20,bathroom,1,2024-05-10_15h50.16.060,image_similarity_rating,2023.2.3,None,2024-05-10 15h50.35.189920 +0200
,117,141,364,364,stimuli/own/bathroom/117_bat.jpg,stimuli/own/bathroom/141_bat.jpg,NaN,NaN,NaN,NaN,NaN,NaN,NaN,NaN,0,539,539,363,6883.872226167,NaN,NaN,NaN,NaN,NaN,NaN,NaN,,NaN,,6884.157405833,6884.321099458,6884.321099458,6884.321099458,6884.321099458,6884.321099458,6884.321099458,6884.321099458,6884.321099458,6884.321099458,6889.004408458,-7,7,9,1,2.98824249999961,2,4.32149650000065,6883.865711125,6883.872226167,6884.321099458,6884.157392292,NaN,NaN,NaN,NaN,,NaN,,6883.8620175,6883.865664542,None,NaN,NaN,,NaN,NaN,NaN,NaN,NaN,NaN,NaN,20,bathroom,1,2024-05-10_15h50.16.060,image_similarity_rating,2023.2.3,None,2024-05-10 15h50.35.189920 +0200
,135,136,575,575,stimuli/own/bathroom/135_bat.jpg,stimuli/own/bathroom/136_bat.jpg,NaN,NaN,NaN,NaN,NaN,NaN,NaN,NaN,0,540,540,574,6889.010073208,NaN,NaN,NaN,NaN,NaN,NaN,NaN,,NaN,,6889.295557667,6889.465909583,6889.465909583,6889.465909583,6889.465909583,6889.465909583,6889.465909583,6889.465909583,6889.465909583,6889.465909583,6898.961771708,-7,7,9,3,4.47283083299953,2,8.69911858299929,6889.008147083,6889.010073208,6889.465909583,6889.2955385,NaN,NaN,NaN,NaN,,NaN,,6889.004664917,6889.008100292,None,NaN,NaN,,NaN,NaN,NaN,NaN,NaN,NaN,NaN,20,bathroom,1,2024-05-10_15h50.16.060,image_similarity_rating,2023.2.3,None,2024-05-10 15h50.35.189920 +0200
,104,131,121,612,stimuli/own/bathroom/104_bat.jpg,stimuli/own/bathroom/131_bat.jpg,NaN,NaN,NaN,NaN,NaN,NaN,NaN,NaN,0,541,541,611,6898.972158167,NaN,NaN,NaN,NaN,NaN,NaN,NaN,,NaN,,6899.256881792,6899.425089958,6899.425089958,6899.425089958,6899.425089958,6899.425089958,6899.425089958,6899.425089958,6899.425089958,6899.425089958,6909.204177125,7,-7,9,2,9.66441108299932,3,8.78550995800015,6898.965520083,6898.972158167,6899.425089958,6899.256865625,NaN,NaN,NaN,NaN,,NaN,,6898.96199225,6898.965474333,None,NaN,NaN,,NaN,NaN,NaN,NaN,NaN,NaN,NaN,20,bathroom,1,2024-05-10_15h50.16.060,image_similarity_rating,2023.2.3,None,2024-05-10 15h50.35.189920 +0200
,116,138,339,339,stimuli/own/bathroom/116_bat.jpg,stimuli/own/bathroom/138_bat.jpg,NaN,NaN,NaN,NaN,NaN,NaN,NaN,NaN,0,542,542,338,6909.210083875,NaN,NaN,NaN,NaN,NaN,NaN,NaN,,NaN,,6909.49473375,6909.662673958,6909.662673958,6909.662673958,6909.662673958,6909.662673958,6909.662673958,6909.662673958,6909.662673958,6909.662673958,6919.650118875,-7,7,9,3,9.79597833299977,7,4.13140058299996,6909.207996917,6909.210083875,6909.662673958,6909.494719375,NaN,NaN,NaN,NaN,,NaN,,6909.204398917,6909.207949542,None,NaN,NaN,,NaN,NaN,NaN,NaN,NaN,NaN,NaN,20,bathroom,1,2024-05-10_15h50.16.060,image_similarity_rating,2023.2.3,None,2024-05-10 15h50.35.189920 +0200
,114,123,303,303,stimuli/own/bathroom/114_bat.jpg,stimuli/own/bathroom/123_bat.jpg,NaN,NaN,NaN,NaN,NaN,NaN,NaN,NaN,0,543,543,302,6919.672414708,NaN,NaN,NaN,NaN,NaN,NaN,NaN,,NaN,,6919.956425708,6920.121285708,6920.121285708,6920.121285708,6920.121285708,6920.121285708,6920.121285708,6920.121285708,6920.121285708,6920.121285708,6926.078794333,7,-7,9,3,5.27364604200011,7,2.35904904099971,6919.653872167,6919.672414708,NaN,6919.956406208,NaN,NaN,NaN,NaN,,NaN,,6919.650337708,6919.653825917,None,NaN,NaN,,NaN,NaN,NaN,NaN,NaN,NaN,NaN,20,bathroom,1,2024-05-10_15h50.16.060,image_similarity_rating,2023.2.3,None,2024-05-10 15h50.35.189920 +0200
,134,139,572,572,stimuli/own/bathroom/134_bat.jpg,stimuli/own/bathroom/139_bat.jpg,NaN,NaN,NaN,NaN,NaN,NaN,NaN,NaN,0,544,544,571,6926.088748458,NaN,NaN,NaN,NaN,NaN,NaN,NaN,,NaN,,6926.373456708,6926.540218542,6926.540218542,6926.540218542,6926.540218542,6926.540218542,6926.540218542,6926.540218542,6926.540218542,6926.540218542,6938.708162167,7,-7,9,1,6.48583883300034,1,5.47076841599937,6926.082455792,6926.088748458,6926.540218542,6926.3734415,NaN,NaN,NaN,NaN,,NaN,,6926.079011583,6926.082409833,None,NaN,NaN,,NaN,NaN,NaN,NaN,NaN,NaN,NaN,20,bathroom,1,2024-05-10_15h50.16.060,image_similarity_rating,2023.2.3,None,2024-05-10 15h50.35.189920 +0200
,103,127,87,87,stimuli/own/bathroom/103_bat.jpg,stimuli/own/bathroom/127_bat.jpg,NaN,NaN,NaN,NaN,NaN,NaN,NaN,NaN,0,545,545,86,6938.714010125,NaN,NaN,NaN,NaN,NaN,NaN,NaN,,NaN,,6939.006805583,6939.170135625,6939.170135625,6939.170135625,6939.170135625,6939.170135625,6939.170135625,6939.170135625,6939.170135625,6939.170135625,6952.259219833,7,-7,9,2,2.93216370800019,2,12.9281554999998,6938.711944833,6938.714010125,6939.170135625,6939.00679475,NaN,NaN,NaN,NaN,,NaN,,6938.708382083,6938.711898375,None,NaN,NaN,,NaN,NaN,NaN,NaN,NaN,NaN,NaN,20,bathroom,1,2024-05-10_15h50.16.060,image_similarity_rating,2023.2.3,None,2024-05-10 15h50.35.189920 +0200
,118,120,366,366,stimuli/own/bathroom/118_bat.jpg,stimuli/own/bathroom/120_bat.jpg,NaN,NaN,NaN,NaN,NaN,NaN,NaN,NaN,0,546,546,365,6952.264839833,NaN,NaN,NaN,NaN,NaN,NaN,NaN,,NaN,,6952.556709042,6952.722518583,6952.722518583,6952.722518583,6952.722518583,6952.722518583,6952.722518583,6952.722518583,6952.722518583,6952.722518583,6956.345661542,7,-7,9,2,2.25822170800075,2,3.36030124999979,6952.262875833,6952.264839833,6952.722518583,6952.556694458,NaN,NaN,NaN,NaN,,NaN,,6952.259438458,6952.262829875,None,NaN,NaN,,NaN,NaN,NaN,NaN,NaN,NaN,NaN,20,bathroom,1,2024-05-10_15h50.16.060,image_similarity_rating,2023.2.3,None,2024-05-10 15h50.35.189920 +0200
,125,126,491,491,stimuli/own/bathroom/125_bat.jpg,stimuli/own/bathroom/126_bat.jpg,NaN,NaN,NaN,NaN,NaN,NaN,NaN,NaN,0,547,547,490,6956.355349042,NaN,NaN,NaN,NaN,NaN,NaN,NaN,,NaN,,6956.640532708,6956.805538542,6956.805538542,6956.805538542,6956.805538542,6956.805538542,6956.805538542,6956.805538542,6956.805538542,6956.805538542,6960.121126958,-7,7,9,1,2.50272329100062,2,3.06451616599952,6956.3493135,6956.355349042,6956.805538542,6956.640518292,NaN,NaN,NaN,NaN,,NaN,,6956.345885958,6956.349267667,None,NaN,NaN,,NaN,NaN,NaN,NaN,NaN,NaN,NaN,20,bathroom,1,2024-05-10_15h50.16.060,image_similarity_rating,2023.2.3,None,2024-05-10 15h50.35.189920 +0200
,136,141,585,585,stimuli/own/bathroom/136_bat.jpg,stimuli/own/bathroom/141_bat.jpg,NaN,NaN,NaN,NaN,NaN,NaN,NaN,NaN,0,548,548,584,6960.126568625,NaN,NaN,NaN,NaN,NaN,NaN,NaN,,NaN,,6960.411028667,6960.577981958,6960.577981958,6960.577981958,6960.577981958,6960.577981958,6960.577981958,6960.577981958,6960.577981958,6960.577981958,6965.633200375,-7,7,9,2,1.91178333399967,3,4.79391466699963,6960.124812708,6960.126568625,6960.577981958,6960.411014125,NaN,NaN,NaN,NaN,,NaN,,6960.1213505,6960.124765917,None,NaN,NaN,,NaN,NaN,NaN,NaN,NaN,NaN,NaN,20,bathroom,1,2024-05-10_15h50.16.060,image_similarity_rating,2023.2.3,None,2024-05-10 15h50.35.189920 +0200
,124,140,489,489,stimuli/own/bathroom/124_bat.jpg,stimuli/own/bathroom/140_bat.jpg,NaN,NaN,NaN,NaN,NaN,NaN,NaN,NaN,0,549,549,488,6965.638668042,NaN,NaN,NaN,NaN,NaN,NaN,NaN,,NaN,,6965.923273458,6966.08754175,6966.08754175,6966.08754175,6966.08754175,6966.08754175,6966.08754175,6966.08754175,6966.08754175,6966.08754175,6969.395349583,7,-7,9,2,2.10993991599935,3,2.88347433299896,6965.636832458,6965.638668042,6966.08754175,6965.923259667,NaN,NaN,NaN,NaN,,NaN,,6965.633416125,6965.636787,None,NaN,NaN,,NaN,NaN,NaN,NaN,NaN,NaN,NaN,20,bathroom,1,2024-05-10_15h50.16.060,image_similarity_rating,2023.2.3,None,2024-05-10 15h50.35.189920 +0200
,127,135,523,523,stimuli/own/bathroom/127_bat.jpg,stimuli/own/bathroom/135_bat.jpg,NaN,NaN,NaN,NaN,NaN,NaN,NaN,NaN,0,550,550,522,6969.405403833,NaN,NaN,NaN,NaN,NaN,NaN,NaN,,NaN,,6969.690087625,6969.856624125,6969.856624125,6969.856624125,6969.856624125,6969.856624125,6969.856624125,6969.856624125,6969.856624125,6969.856624125,6975.121169375,-7,7,9,3,3.75396779199946,2,4.89983874999962,6969.39912075,6969.405403833,6969.856624125,6969.690070667,NaN,NaN,NaN,NaN,,NaN,,6969.395581625,6969.39907375,None,NaN,NaN,,NaN,NaN,NaN,NaN,NaN,NaN,NaN,20,bathroom,1,2024-05-10_15h50.16.060,image_similarity_rating,2023.2.3,None,2024-05-10 15h50.35.189920 +0200
,120,140,423,423,stimuli/own/bathroom/120_bat.jpg,stimuli/own/bathroom/140_bat.jpg,NaN,NaN,NaN,NaN,NaN,NaN,NaN,NaN,0,551,551,422,6975.12692425,NaN,NaN,NaN,NaN,NaN,NaN,NaN,,NaN,,6975.410653708,6975.574751625,6975.574751625,6975.574751625,6975.574751625,6975.574751625,6975.574751625,6975.574751625,6975.574751625,6975.574751625,6982.987939417,-7,7,9,3,2.04320141700009,4,3.24816712500069,6975.125010917,6975.12692425,6975.574751625,6975.410641833,NaN,NaN,NaN,NaN,,NaN,,6975.121393667,6975.124964875,None,NaN,NaN,,NaN,NaN,NaN,NaN,NaN,NaN,NaN,20,bathroom,1,2024-05-10_15h50.16.060,image_similarity_rating,2023.2.3,None,2024-05-10 15h50.35.189920 +0200
,130,138,547,547,stimuli/own/bathroom/130_bat.jpg,stimuli/own/bathroom/138_bat.jpg,NaN,NaN,NaN,NaN,NaN,NaN,NaN,NaN,0,552,552,546,6982.993837042,NaN,NaN,NaN,NaN,NaN,NaN,NaN,,NaN,,6983.277240292,6983.441072917,6983.441072917,6983.441072917,6983.441072917,6983.441072917,6983.441072917,6983.441072917,6983.441072917,6983.441072917,6991.766126083,-7,7,9,3,2.62136125000143,2,5.60082612500082,6982.9917625,6982.993837042,6983.441072917,6983.277228375,NaN,NaN,NaN,NaN,,NaN,,6982.988158625,6982.991716042,None,NaN,NaN,,NaN,NaN,NaN,NaN,NaN,NaN,NaN,20,bathroom,1,2024-05-10_15h50.16.060,image_similarity_rating,2023.2.3,None,2024-05-10 15h50.35.189920 +0200
,113,121,277,277,stimuli/own/bathroom/113_bat.jpg,stimuli/own/bathroom/121_bat.jpg,NaN,NaN,NaN,NaN,NaN,NaN,NaN,NaN,0,553,553,276,6991.771680292,NaN,NaN,NaN,NaN,NaN,NaN,NaN,,NaN,,6992.056390958,6992.220669083,6992.220669083,6992.220669083,6992.220669083,6992.220669083,6992.220669083,6992.220669083,6992.220669083,6992.220669083,7004.124277875,7,-7,9,2,3.57798212500165,2,11.5433469170002,6991.769793167,6991.771680292,6992.220669083,6992.056374083,NaN,NaN,NaN,NaN,,NaN,,6991.766346375,6991.769746958,None,NaN,NaN,,NaN,NaN,NaN,NaN,NaN,NaN,NaN,20,bathroom,1,2024-05-10_15h50.16.060,image_similarity_rating,2023.2.3,None,2024-05-10 15h50.35.189920 +0200
,119,129,394,394,stimuli/own/bathroom/119_bat.jpg,stimuli/own/bathroom/129_bat.jpg,NaN,NaN,NaN,NaN,NaN,NaN,NaN,NaN,0,554,554,393,7004.129695167,NaN,NaN,NaN,NaN,NaN,NaN,NaN,,NaN,,7004.423227792,7004.590368375,7004.590368375,7004.590368375,7004.590368375,7004.590368375,7004.590368375,7004.590368375,7004.590368375,7004.590368375,7035.803814083,-7,7,9,1,22.5032556249989,3,3.81876679200104,7004.127924708,7004.129695167,7004.590368375,7004.42321175,NaN,NaN,NaN,NaN,,NaN,,7004.124494792,7004.12787775,None,NaN,NaN,,NaN,NaN,NaN,NaN,NaN,NaN,NaN,20,bathroom,1,2024-05-10_15h50.16.060,image_similarity_rating,2023.2.3,None,2024-05-10 15h50.35.189920 +0200
,113,139,293,293,stimuli/own/bathroom/113_bat.jpg,stimuli/own/bathroom/139_bat.jpg,NaN,NaN,NaN,NaN,NaN,NaN,NaN,NaN,0,555,555,292,7035.809450917,NaN,NaN,NaN,NaN,NaN,NaN,NaN,,NaN,,7036.093883208,7036.260042042,7036.260042042,7036.260042042,7036.260042042,7036.260042042,7036.260042042,7036.260042042,7036.260042042,7036.260042042,7040.87521325,7,-7,9,1,2.96732254199924,2,4.3906914170002,7035.807531042,7035.809450917,7036.260042042,7036.093870042,NaN,NaN,NaN,NaN,,NaN,,7035.80404075,7035.807484292,None,NaN,NaN,,NaN,NaN,NaN,NaN,NaN,NaN,NaN,20,bathroom,1,2024-05-10_15h50.16.060,image_similarity_rating,2023.2.3,None,2024-05-10 15h50.35.189920 +0200
,136,137,581,581,stimuli/own/bathroom/136_bat.jpg,stimuli/own/bathroom/137_bat.jpg,NaN,NaN,NaN,NaN,NaN,NaN,NaN,NaN,0,556,556,580,7040.880805,NaN,NaN,NaN,NaN,NaN,NaN,NaN,,NaN,,7041.173149708,7041.337385125,7041.337385125,7041.337385125,7041.337385125,7041.337385125,7041.337385125,7041.337385125,7041.337385125,7041.337385125,7046.541258917,7,-7,9,1,2.30544350000127,2,4.88885208299871,7040.878865125,7040.880805,7041.337385125,7041.173136417,NaN,NaN,NaN,NaN,,NaN,,7040.875442333,7040.878819583,None,NaN,NaN,,NaN,NaN,NaN,NaN,NaN,NaN,NaN,20,bathroom,1,2024-05-10_15h50.16.060,image_similarity_rating,2023.2.3,None,2024-05-10 15h50.35.189920 +0200
,125,141,504,504,stimuli/own/bathroom/125_bat.jpg,stimuli/own/bathroom/141_bat.jpg,NaN,NaN,NaN,NaN,NaN,NaN,NaN,NaN,0,557,557,503,7046.555169792,NaN,NaN,NaN,NaN,NaN,NaN,NaN,,NaN,,7046.840575458,7047.0065925,7047.0065925,7047.0065925,7047.0065925,7047.0065925,7047.0065925,7047.0065925,7047.0065925,7047.0065925,7050.095605,7,-7,9,1,1.78558345800047,1,2.74039783300032,7046.545051458,7046.555169792,7047.0065925,7046.840562708,NaN,NaN,NaN,NaN,,NaN,,7046.541482458,7046.545002917,None,NaN,NaN,,NaN,NaN,NaN,NaN,NaN,NaN,NaN,20,bathroom,1,2024-05-10_15h50.16.060,image_similarity_rating,2023.2.3,None,2024-05-10 15h50.35.189920 +0200
,127,138,526,526,stimuli/own/bathroom/127_bat.jpg,stimuli/own/bathroom/138_bat.jpg,NaN,NaN,NaN,NaN,NaN,NaN,NaN,NaN,0,558,558,525,7050.1053105,NaN,NaN,NaN,NaN,NaN,NaN,NaN,,NaN,,7050.389801042,7050.554326208,7050.554326208,7050.554326208,7050.554326208,7050.554326208,7050.554326208,7050.554326208,7050.554326208,7050.554326208,7060.587394458,7,-7,9,2,1.85524774999976,1,4.81480670800011,7050.099272875,7050.1053105,7050.554326208,7050.389787083,NaN,NaN,NaN,NaN,,NaN,,7050.095822458,7050.099226875,None,NaN,NaN,,NaN,NaN,NaN,NaN,NaN,NaN,NaN,20,bathroom,1,2024-05-10_15h50.16.060,image_similarity_rating,2023.2.3,None,2024-05-10 15h50.35.189920 +0200
,130,139,548,548,stimuli/own/bathroom/130_bat.jpg,stimuli/own/bathroom/139_bat.jpg,NaN,NaN,NaN,NaN,NaN,NaN,NaN,NaN,0,559,559,547,7060.593035708,NaN,NaN,NaN,NaN,NaN,NaN,NaN,,NaN,,7060.876906708,7061.041502167,7061.041502167,7061.041502167,7061.041502167,7061.041502167,7061.041502167,7061.041502167,7061.041502167,7061.041502167,7068.861517167,7,-7,9,2,2.04889220800032,1,7.58176187500067,7060.591096333,7060.593035708,7061.041502167,7060.876894583,NaN,NaN,NaN,NaN,,NaN,,7060.5876275,7060.591049625,None,NaN,NaN,,NaN,NaN,NaN,NaN,NaN,NaN,NaN,20,bathroom,1,2024-05-10_15h50.16.060,image_similarity_rating,2023.2.3,None,2024-05-10 15h50.35.189920 +0200
,130,135,544,544,stimuli/own/bathroom/130_bat.jpg,stimuli/own/bathroom/135_bat.jpg,NaN,NaN,NaN,NaN,NaN,NaN,NaN,NaN,0,560,560,543,7068.871823792,NaN,NaN,NaN,NaN,NaN,NaN,NaN,,NaN,,7069.156335208,7069.321797375,7069.321797375,7069.321797375,7069.321797375,7069.321797375,7069.321797375,7069.321797375,7069.321797375,7069.321797375,7076.624915875,7,-7,9,2,4.71043354200083,2,5.43414070899962,7068.865312833,7068.871823792,7069.321797375,7069.156319875,NaN,NaN,NaN,NaN,,NaN,,7068.861735375,7068.865265958,None,NaN,NaN,,NaN,NaN,NaN,NaN,NaN,NaN,NaN,20,bathroom,1,2024-05-10_15h50.16.060,image_similarity_rating,2023.2.3,None,2024-05-10 15h50.35.189920 +0200
,102,114,43,43,stimuli/own/bathroom/102_bat.jpg,stimuli/own/bathroom/114_bat.jpg,NaN,NaN,NaN,NaN,NaN,NaN,NaN,NaN,0,561,561,42,7076.630638833,NaN,NaN,NaN,NaN,NaN,NaN,NaN,,NaN,,7076.922945,7077.0930615,7077.0930615,7077.0930615,7077.0930615,7077.0930615,7077.0930615,7077.0930615,7077.0930615,7077.0930615,7092.007447583,-7,7,9,2,2.28315070900135,2,9.12614191699868,7076.628704625,7076.630638833,7077.0930615,7076.922928083,NaN,NaN,NaN,NaN,,NaN,,7076.625142583,7076.628658333,None,NaN,NaN,,NaN,NaN,NaN,NaN,NaN,NaN,NaN,20,bathroom,1,2024-05-10_15h50.16.060,image_similarity_rating,2023.2.3,None,2024-05-10 15h50.35.189920 +0200
,113,122,278,278,stimuli/own/bathroom/113_bat.jpg,stimuli/own/bathroom/122_bat.jpg,NaN,NaN,NaN,NaN,NaN,NaN,NaN,NaN,0,562,562,277,7092.013140125,NaN,NaN,NaN,NaN,NaN,NaN,NaN,,NaN,,7092.306332458,7092.477593292,7092.477593292,7092.477593292,7092.477593292,7092.477593292,7092.477593292,7092.477593292,7092.477593292,7092.477593292,7096.161281625,-7,7,9,2,2.86369324999941,2,3.45935616700081,7092.01121725,7092.013140125,7092.477593292,7092.3063165,NaN,NaN,NaN,NaN,,NaN,,7092.007666292,7092.011170917,None,NaN,NaN,,NaN,NaN,NaN,NaN,NaN,NaN,NaN,20,bathroom,1,2024-05-10_15h50.16.060,image_similarity_rating,2023.2.3,None,2024-05-10 15h50.35.189920 +0200
,112,127,258,258,stimuli/own/bathroom/112_bat.jpg,stimuli/own/bathroom/127_bat.jpg,NaN,NaN,NaN,NaN,NaN,NaN,NaN,NaN,0,563,563,257,7096.17156475,NaN,NaN,NaN,NaN,NaN,NaN,NaN,,NaN,,7096.456332333,7096.625127333,7096.625127333,7096.625127333,7096.625127333,7096.625127333,7096.625127333,7096.625127333,7096.625127333,7096.625127333,7103.187287917,7,-7,9,2,5.41804966600102,6,6.21061612499943,7096.165052833,7096.17156475,7096.625127333,7096.45631575,NaN,NaN,NaN,NaN,,NaN,,7096.161503917,7096.165006958,None,NaN,NaN,,NaN,NaN,NaN,NaN,NaN,NaN,NaN,20,bathroom,1,2024-05-10_15h50.16.060,image_similarity_rating,2023.2.3,None,2024-05-10 15h50.35.189920 +0200
,109,119,197,197,stimuli/own/bathroom/109_bat.jpg,stimuli/own/bathroom/119_bat.jpg,NaN,NaN,NaN,NaN,NaN,NaN,NaN,NaN,0,564,564,196,7103.192872625,NaN,NaN,NaN,NaN,NaN,NaN,NaN,,NaN,,7103.477244292,7103.648425792,7103.648425792,7103.648425792,7103.648425792,7103.648425792,7103.648425792,7103.648425792,7103.648425792,7103.648425792,7107.657711417,7,-7,9,1,3.71887541700016,1,3.22335970899985,7103.190972875,7103.192872625,7103.648425792,7103.477229333,NaN,NaN,NaN,NaN,,NaN,,7103.187520917,7103.19092375,None,NaN,NaN,,NaN,NaN,NaN,NaN,NaN,NaN,NaN,20,bathroom,1,2024-05-10_15h50.16.060,image_similarity_rating,2023.2.3,None,2024-05-10 15h50.35.189920 +0200
,112,140,269,269,stimuli/own/bathroom/112_bat.jpg,stimuli/own/bathroom/140_bat.jpg,NaN,NaN,NaN,NaN,NaN,NaN,NaN,NaN,0,565,565,268,7107.663623583,NaN,NaN,NaN,NaN,NaN,NaN,NaN,,NaN,,7107.956970292,7108.122034958,7108.122034958,7108.122034958,7108.122034958,7108.122034958,7108.122034958,7108.122034958,7108.122034958,7108.122034958,7111.724015708,-7,7,9,2,1.31387799999902,1,2.2153154159987,7107.661512708,7107.663623583,7108.122034958,7107.956957625,NaN,NaN,NaN,NaN,,NaN,,7107.657943375,7107.661457667,None,NaN,NaN,,NaN,NaN,NaN,NaN,NaN,NaN,NaN,20,bathroom,1,2024-05-10_15h50.16.060,image_similarity_rating,2023.2.3,None,2024-05-10 15h50.35.189920 +0200
,112,122,253,253,stimuli/own/bathroom/112_bat.jpg,stimuli/own/bathroom/122_bat.jpg,NaN,NaN,NaN,NaN,NaN,NaN,NaN,NaN,0,566,566,252,7111.729532,NaN,NaN,NaN,NaN,NaN,NaN,NaN,,NaN,,7112.022942333,7112.191723583,7112.191723583,7112.191723583,7112.191723583,7112.191723583,7112.191723583,7112.191723583,7112.191723583,7112.191723583,7117.087161917,7,-7,9,3,4.0458727919995,6,2.23813983400032,7111.727777833,7111.729532,7112.191723583,7112.022923333,NaN,NaN,NaN,NaN,,NaN,,7111.724231125,7111.727731625,None,NaN,NaN,,NaN,NaN,NaN,NaN,NaN,NaN,NaN,20,bathroom,1,2024-05-10_15h50.16.060,image_similarity_rating,2023.2.3,None,2024-05-10 15h50.35.189920 +0200
,123,140,474,474,stimuli/own/bathroom/123_bat.jpg,stimuli/own/bathroom/140_bat.jpg,NaN,NaN,NaN,NaN,NaN,NaN,NaN,NaN,0,567,567,473,7117.092857625,NaN,NaN,NaN,NaN,NaN,NaN,NaN,,NaN,,7181.623325333,7181.789993792,7181.789993792,7181.789993792,7181.789993792,7181.789993792,7181.789993792,7181.789993792,7181.789993792,7181.789993792,7188.3280885,7,-7,10,2,6.42324912500044,1,3.48625308400005,7181.325431083,7181.329200708,7181.789993792,7181.623311958,NaN,NaN,NaN,NaN,,NaN,,7117.087409875,7181.325029417,space,7117.092857625,64.2319898339993,None,NaN,NaN,NaN,NaN,NaN,NaN,NaN,20,bathroom,1,2024-05-10_15h50.16.060,image_similarity_rating,2023.2.3,None,2024-05-10 15h50.35.189920 +0200
,103,120,80,80,stimuli/own/bathroom/103_bat.jpg,stimuli/own/bathroom/120_bat.jpg,NaN,NaN,NaN,NaN,NaN,NaN,NaN,NaN,0,568,568,79,7188.338065917,NaN,NaN,NaN,NaN,NaN,NaN,NaN,,NaN,,7188.622634167,7188.794825708,7188.794825708,7188.794825708,7188.794825708,7188.794825708,7188.794825708,7188.794825708,7188.794825708,7188.794825708,7192.732199292,-7,7,10,1,2.45784270799959,2,3.61538033400029,7188.331720625,7188.338065917,7188.794825708,7188.622617625,NaN,NaN,NaN,NaN,,NaN,,7188.328306292,7188.33167475,None,NaN,NaN,,NaN,NaN,NaN,NaN,NaN,NaN,NaN,20,bathroom,1,2024-05-10_15h50.16.060,image_similarity_rating,2023.2.3,None,2024-05-10 15h50.35.189920 +0200
,111,137,240,240,stimuli/own/bathroom/111_bat.jpg,stimuli/own/bathroom/137_bat.jpg,NaN,NaN,NaN,NaN,NaN,NaN,NaN,NaN,0,569,569,239,7192.737725042,NaN,NaN,NaN,NaN,NaN,NaN,NaN,,NaN,,7193.02261375,7193.187306875,7193.187306875,7193.187306875,7193.187306875,7193.187306875,7193.187306875,7193.187306875,7193.187306875,7193.187306875,7197.977541375,-7,7,10,1,2.6950029590007,1,4.57850574999975,7192.735821667,7192.737725042,7193.187306875,7193.022599583,NaN,NaN,NaN,NaN,,NaN,,7192.732414542,7192.735775333,None,NaN,NaN,,NaN,NaN,NaN,NaN,NaN,NaN,NaN,20,bathroom,1,2024-05-10_15h50.16.060,image_similarity_rating,2023.2.3,None,2024-05-10 15h50.35.189920 +0200
,116,120,323,323,stimuli/own/bathroom/116_bat.jpg,stimuli/own/bathroom/120_bat.jpg,NaN,NaN,NaN,NaN,NaN,NaN,NaN,NaN,0,570,570,322,7197.988381958,NaN,NaN,NaN,NaN,NaN,NaN,NaN,,NaN,,7198.272534708,7198.438438833,7198.438438833,7198.438438833,7198.438438833,7198.438438833,7198.438438833,7198.438438833,7198.438438833,7198.438438833,7201.844750542,-7,7,10,1,1.80228133299897,1,3.17025616700084,7197.981299167,7197.988381958,7198.438438833,7198.272519208,NaN,NaN,NaN,NaN,,NaN,,7197.977758042,7197.981253125,None,NaN,NaN,,NaN,NaN,NaN,NaN,NaN,NaN,NaN,20,bathroom,1,2024-05-10_15h50.16.060,image_similarity_rating,2023.2.3,None,2024-05-10 15h50.35.189920 +0200
,114,118,298,298,stimuli/own/bathroom/114_bat.jpg,stimuli/own/bathroom/118_bat.jpg,NaN,NaN,NaN,NaN,NaN,NaN,NaN,NaN,0,571,571,297,7201.854800958,NaN,NaN,NaN,NaN,NaN,NaN,NaN,,NaN,,7202.139268542,7202.307666708,7202.307666708,7202.307666708,7202.307666708,7202.307666708,7202.307666708,7202.307666708,7202.307666708,7202.307666708,7206.744103583,7,-7,10,2,4.33674591700037,1,2.28611554199961,7201.848396583,7201.854800958,7202.307666708,7202.139251417,NaN,NaN,NaN,NaN,,NaN,,7201.844965708,7201.848350083,None,NaN,NaN,,NaN,NaN,NaN,NaN,NaN,NaN,NaN,20,bathroom,1,2024-05-10_15h50.16.060,image_similarity_rating,2023.2.3,None,2024-05-10 15h50.35.189920 +0200
,112,132,262,262,stimuli/own/bathroom/112_bat.jpg,stimuli/own/bathroom/132_bat.jpg,NaN,NaN,NaN,NaN,NaN,NaN,NaN,NaN,0,572,572,261,7206.754588792,NaN,NaN,NaN,NaN,NaN,NaN,NaN,,NaN,,7207.03939175,7207.204533917,7207.204533917,7207.204533917,7207.204533917,7207.204533917,7207.204533917,7207.204533917,7207.204533917,7207.204533917,7211.282027333,-7,7,10,2,4.00068187499892,6,3.21476466700005,7206.747761333,7206.754588792,7207.204533917,7207.039377167,NaN,NaN,NaN,NaN,,NaN,,7206.744321417,7206.747715542,None,NaN,NaN,,NaN,NaN,NaN,NaN,NaN,NaN,NaN,20,bathroom,1,2024-05-10_15h50.16.060,image_similarity_rating,2023.2.3,None,2024-05-10 15h50.35.189920 +0200
,112,116,247,247,stimuli/own/bathroom/112_bat.jpg,stimuli/own/bathroom/116_bat.jpg,NaN,NaN,NaN,NaN,NaN,NaN,NaN,NaN,0,573,573,246,7211.287569833,NaN,NaN,NaN,NaN,NaN,NaN,NaN,,NaN,,7211.572476167,7211.738833833,7211.738833833,7211.738833833,7211.738833833,7211.738833833,7211.738833833,7211.738833833,7211.738833833,7211.738833833,7216.677856833,7,-7,10,2,4.08736337499977,6,3.26327687500088,7211.285665167,7211.287569833,7211.738833833,7211.572461083,NaN,NaN,NaN,NaN,,NaN,,7211.282243542,7211.285619125,None,NaN,NaN,,NaN,NaN,NaN,NaN,NaN,NaN,NaN,20,bathroom,1,2024-05-10_15h50.16.060,image_similarity_rating,2023.2.3,None,2024-05-10 15h50.35.189920 +0200
,103,124,84,84,stimuli/own/bathroom/103_bat.jpg,stimuli/own/bathroom/124_bat.jpg,NaN,NaN,NaN,NaN,NaN,NaN,NaN,NaN,0,574,574,83,7216.688033792,NaN,NaN,NaN,NaN,NaN,NaN,NaN,,NaN,,7216.972585417,7217.138262917,7217.138262917,7217.138262917,7217.138262917,7217.138262917,7217.138262917,7217.138262917,7217.138262917,7217.138262917,7221.149215167,7,-7,10,2,2.85575004200109,1,3.82341841700145,7216.681509292,7216.688033792,7217.138262917,7216.972569583,NaN,NaN,NaN,NaN,,NaN,,7216.678074208,7216.68146375,None,NaN,NaN,,NaN,NaN,NaN,NaN,NaN,NaN,NaN,20,bathroom,1,2024-05-10_15h50.16.060,image_similarity_rating,2023.2.3,None,2024-05-10 15h50.35.189920 +0200
,113,136,290,290,stimuli/own/bathroom/113_bat.jpg,stimuli/own/bathroom/136_bat.jpg,NaN,NaN,NaN,NaN,NaN,NaN,NaN,NaN,0,575,575,289,7221.171478708,NaN,NaN,NaN,NaN,NaN,NaN,NaN,,NaN,,7221.455415667,7221.620984583,7221.620984583,7221.620984583,7221.620984583,7221.620984583,7221.620984583,7221.620984583,7221.620984583,7221.620984583,7224.928079708,-7,7,10,3,1.79180266599906,5,3.15676695900038,7221.152866292,7221.171478708,NaN,7221.455396708,NaN,NaN,NaN,NaN,,NaN,,7221.149431792,7221.152819583,None,NaN,NaN,,NaN,NaN,NaN,NaN,NaN,NaN,NaN,20,bathroom,1,2024-05-10_15h50.16.060,image_similarity_rating,2023.2.3,None,2024-05-10 15h50.35.189920 +0200
,104,121,112,112,stimuli/own/bathroom/104_bat.jpg,stimuli/own/bathroom/121_bat.jpg,NaN,NaN,NaN,NaN,NaN,NaN,NaN,NaN,0,576,576,111,7224.938081417,NaN,NaN,NaN,NaN,NaN,NaN,NaN,,NaN,,7225.223278167,7225.388713917,7225.388713917,7225.388713917,7225.388713917,7225.388713917,7225.388713917,7225.388713917,7225.388713917,7225.388713917,7230.315749,-7,7,10,2,2.24054829100169,1,4.10379999999896,7224.931745208,7224.938081417,7225.388713917,7225.223264458,NaN,NaN,NaN,NaN,,NaN,,7224.928294667,7224.93169875,None,NaN,NaN,,NaN,NaN,NaN,NaN,NaN,NaN,NaN,20,bathroom,1,2024-05-10_15h50.16.060,image_similarity_rating,2023.2.3,None,2024-05-10 15h50.35.189920 +0200
,124,138,487,487,stimuli/own/bathroom/124_bat.jpg,stimuli/own/bathroom/138_bat.jpg,NaN,NaN,NaN,NaN,NaN,NaN,NaN,NaN,0,577,577,486,7230.338072458,NaN,NaN,NaN,NaN,NaN,NaN,NaN,,NaN,,7230.622055333,7230.786316167,7230.786316167,7230.786316167,7230.786316167,7230.786316167,7230.786316167,7230.786316167,7230.786316167,7230.786316167,7233.611050625,7,-7,10,2,1.66332945800059,2,2.51271400000041,7230.319545458,7230.338072458,NaN,7230.622037292,NaN,NaN,NaN,NaN,,NaN,,7230.315967458,7230.319499167,None,NaN,NaN,,NaN,NaN,NaN,NaN,NaN,NaN,NaN,20,bathroom,1,2024-05-10_15h50.16.060,image_similarity_rating,2023.2.3,None,2024-05-10 15h50.35.189920 +0200
,139,141,594,594,stimuli/own/bathroom/139_bat.jpg,stimuli/own/bathroom/141_bat.jpg,NaN,NaN,NaN,NaN,NaN,NaN,NaN,NaN,0,578,578,593,7233.621335958,NaN,NaN,NaN,NaN,NaN,NaN,NaN,,NaN,,7233.905893958,7234.071285833,7234.071285833,7234.071285833,7234.071285833,7234.071285833,7234.071285833,7234.071285833,7234.071285833,7234.071285833,7238.78646325,7,-7,10,1,3.01893495900003,2,4.03100783299851,7233.614843542,7233.621335958,7234.071285833,7233.905878542,NaN,NaN,NaN,NaN,,NaN,,7233.611265917,7233.614797125,None,NaN,NaN,,NaN,NaN,NaN,NaN,NaN,NaN,NaN,20,bathroom,1,2024-05-10_15h50.16.060,image_similarity_rating,2023.2.3,None,2024-05-10 15h50.35.189920 +0200
,123,129,464,464,stimuli/own/bathroom/123_bat.jpg,stimuli/own/bathroom/129_bat.jpg,NaN,NaN,NaN,NaN,NaN,NaN,NaN,NaN,0,579,579,463,7238.792025917,NaN,NaN,NaN,NaN,NaN,NaN,NaN,,NaN,,7239.076346417,7239.241834792,7239.241834792,7239.241834792,7239.241834792,7239.241834792,7239.241834792,7239.241834792,7239.241834792,7239.241834792,7247.224265917,7,-7,10,2,1.75379691600028,3,7.39409316599995,7238.790251083,7238.792025917,7239.241834792,7239.076333042,NaN,NaN,NaN,NaN,,NaN,,7238.786679375,7238.790205042,None,NaN,NaN,,NaN,NaN,NaN,NaN,NaN,NaN,NaN,20,bathroom,1,2024-05-10_15h50.16.060,image_similarity_rating,2023.2.3,None,2024-05-10 15h50.35.189920 +0200
,117,132,356,356,stimuli/own/bathroom/117_bat.jpg,stimuli/own/bathroom/132_bat.jpg,NaN,NaN,NaN,NaN,NaN,NaN,NaN,NaN,0,580,580,355,7247.229866542,NaN,NaN,NaN,NaN,NaN,NaN,NaN,,NaN,,7247.522391583,7247.687497708,7247.687497708,7247.687497708,7247.687497708,7247.687497708,7247.687497708,7247.687497708,7247.687497708,7247.687497708,7261.877565542,-7,7,10,2,1.67160104100003,3,5.04261270899951,7247.227926917,7247.229866542,7247.687497708,7247.5223725,NaN,NaN,NaN,NaN,,NaN,,7247.224486667,7247.227880958,None,NaN,NaN,,NaN,NaN,NaN,NaN,NaN,NaN,NaN,20,bathroom,1,2024-05-10_15h50.16.060,image_similarity_rating,2023.2.3,None,2024-05-10 15h50.35.189920 +0200
,122,137,455,455,stimuli/own/bathroom/122_bat.jpg,stimuli/own/bathroom/137_bat.jpg,NaN,NaN,NaN,NaN,NaN,NaN,NaN,NaN,0,581,581,454,7261.887916125,NaN,NaN,NaN,NaN,NaN,NaN,NaN,,NaN,,7262.172473708,7262.341627917,7262.341627917,7262.341627917,7262.341627917,7262.341627917,7262.341627917,7262.341627917,7262.341627917,7262.341627917,7264.027220292,7,-7,10,2,0.688082832999498,3,1.48996466700009,7261.881232125,7261.887916125,7262.341627917,7262.172457042,NaN,NaN,NaN,NaN,,NaN,,7261.877784708,7261.8811855,None,NaN,NaN,,NaN,NaN,NaN,NaN,NaN,NaN,NaN,20,bathroom,1,2024-05-10_15h50.16.060,image_similarity_rating,2023.2.3,None,2024-05-10 15h50.35.189920 +0200
,111,139,242,242,stimuli/own/bathroom/111_bat.jpg,stimuli/own/bathroom/139_bat.jpg,NaN,NaN,NaN,NaN,NaN,NaN,NaN,NaN,0,582,582,241,7264.037874667,NaN,NaN,NaN,NaN,NaN,NaN,NaN,,NaN,,7264.323569875,7264.487746167,7264.487746167,7264.487746167,7264.487746167,7264.487746167,7264.487746167,7264.487746167,7264.487746167,7264.487746167,7266.523865208,7,-7,10,2,1.13553341599982,4,1.8238354999994,7264.030945542,7264.037874667,7264.487746167,7264.323555833,NaN,NaN,NaN,NaN,,NaN,,7264.027439667,7264.030900083,None,NaN,NaN,,NaN,NaN,NaN,NaN,NaN,NaN,NaN,20,bathroom,1,2024-05-10_15h50.16.060,image_similarity_rating,2023.2.3,None,2024-05-10 15h50.35.189920 +0200
,113,131,286,286,stimuli/own/bathroom/113_bat.jpg,stimuli/own/bathroom/131_bat.jpg,NaN,NaN,NaN,NaN,NaN,NaN,NaN,NaN,0,583,583,285,7266.529425208,NaN,NaN,NaN,NaN,NaN,NaN,NaN,,NaN,,7266.82332225,7266.98888275,7266.98888275,7266.98888275,7266.98888275,7266.98888275,7266.98888275,7266.98888275,7266.98888275,7266.98888275,7268.594217958,7,-7,10,2,0.696477666999272,3,1.45649891699941,7266.527500333,7266.529425208,7266.98888275,7266.823307917,NaN,NaN,NaN,NaN,,NaN,,7266.524079625,7266.52745375,None,NaN,NaN,,NaN,NaN,NaN,NaN,NaN,NaN,NaN,20,bathroom,1,2024-05-10_15h50.16.060,image_similarity_rating,2023.2.3,None,2024-05-10 15h50.35.189920 +0200
,102,105,37,37,stimuli/own/bathroom/102_bat.jpg,stimuli/own/bathroom/105_bat.jpg,NaN,NaN,NaN,NaN,NaN,NaN,NaN,NaN,0,584,584,36,7268.604820708,NaN,NaN,NaN,NaN,NaN,NaN,NaN,,NaN,,7268.888945708,7269.054565042,7269.054565042,7269.054565042,7269.054565042,7269.054565042,7269.054565042,7269.054565042,7269.054565042,7269.054565042,7272.2529345,-7,7,10,1,2.39171070799966,1,3.07609579200107,7268.597951917,7268.604820708,7269.054565042,7268.888931542,NaN,NaN,NaN,NaN,,NaN,,7268.594432583,7268.59790525,None,NaN,NaN,,NaN,NaN,NaN,NaN,NaN,NaN,NaN,20,bathroom,1,2024-05-10_15h50.16.060,image_similarity_rating,2023.2.3,None,2024-05-10 15h50.35.189920 +0200
,102,139,65,605,stimuli/own/bathroom/102_bat.jpg,stimuli/own/bathroom/139_bat.jpg,NaN,NaN,NaN,NaN,NaN,NaN,NaN,NaN,0,585,585,604,7272.258541125,NaN,NaN,NaN,NaN,NaN,NaN,NaN,,NaN,,7272.542946917,7272.707511583,7272.707511583,7272.707511583,7272.707511583,7272.707511583,7272.707511583,7272.707511583,7272.707511583,7272.707511583,7278.773723417,-7,7,10,2,1.16575095900043,1,5.214707000001,7272.256618083,7272.258541125,7272.707511583,7272.542934708,NaN,NaN,NaN,NaN,,NaN,,7272.253149292,7272.25657175,None,NaN,NaN,,NaN,NaN,NaN,NaN,NaN,NaN,NaN,20,bathroom,1,2024-05-10_15h50.16.060,image_similarity_rating,2023.2.3,None,2024-05-10 15h50.35.189920 +0200
,126,134,510,510,stimuli/own/bathroom/126_bat.jpg,stimuli/own/bathroom/134_bat.jpg,NaN,NaN,NaN,NaN,NaN,NaN,NaN,NaN,0,586,586,509,7278.779315875,NaN,NaN,NaN,NaN,NaN,NaN,NaN,,NaN,,7279.0722755,7279.236841625,7279.236841625,7279.236841625,7279.236841625,7279.236841625,7279.236841625,7279.236841625,7279.236841625,7279.236841625,7285.19002375,7,-7,10,2,4.44181216600009,3,5.75246841700027,7278.77739475,7278.779315875,7279.236841625,7279.072250458,NaN,NaN,NaN,NaN,,NaN,,7278.773943583,7278.777348625,None,NaN,NaN,,NaN,NaN,NaN,NaN,NaN,NaN,NaN,20,bathroom,1,2024-05-10_15h50.16.060,image_similarity_rating,2023.2.3,None,2024-05-10 15h50.35.189920 +0200
,116,123,326,326,stimuli/own/bathroom/116_bat.jpg,stimuli/own/bathroom/123_bat.jpg,NaN,NaN,NaN,NaN,NaN,NaN,NaN,NaN,0,587,587,325,7285.195756875,NaN,NaN,NaN,NaN,NaN,NaN,NaN,,NaN,,7285.488950667,7285.653005042,7285.653005042,7285.653005042,7285.653005042,7285.653005042,7285.653005042,7285.653005042,7285.653005042,7285.653005042,7288.082054292,7,-7,10,2,1.62826070799929,3,2.25472283399904,7285.193816583,7285.195756875,7285.653005042,7285.488937,NaN,NaN,NaN,NaN,,NaN,,7285.190240833,7285.193770125,None,NaN,NaN,,NaN,NaN,NaN,NaN,NaN,NaN,NaN,20,bathroom,1,2024-05-10_15h50.16.060,image_similarity_rating,2023.2.3,None,2024-05-10 15h50.35.189920 +0200
,114,134,312,312,stimuli/own/bathroom/114_bat.jpg,stimuli/own/bathroom/134_bat.jpg,NaN,NaN,NaN,NaN,NaN,NaN,NaN,NaN,0,588,588,311,7288.087627583,NaN,NaN,NaN,NaN,NaN,NaN,NaN,,NaN,,7288.372336292,7288.541561833,7288.541561833,7288.541561833,7288.541561833,7288.541561833,7288.541561833,7288.541561833,7288.541561833,7288.541561833,7292.756954083,-7,7,10,2,1.08148400000027,6,4.04781162499967,7288.085701417,7288.087627583,7288.541561833,7288.372317125,NaN,NaN,NaN,NaN,,NaN,,7288.082271,7288.085654917,None,NaN,NaN,,NaN,NaN,NaN,NaN,NaN,NaN,NaN,20,bathroom,1,2024-05-10_15h50.16.060,image_similarity_rating,2023.2.3,None,2024-05-10 15h50.35.189920 +0200
,124,125,476,476,stimuli/own/bathroom/124_bat.jpg,stimuli/own/bathroom/125_bat.jpg,NaN,NaN,NaN,NaN,NaN,NaN,NaN,NaN,0,589,589,475,7292.762534042,NaN,NaN,NaN,NaN,NaN,NaN,NaN,,NaN,,7293.056337625,7293.221018,7293.221018,7293.221018,7293.221018,7293.221018,7293.221018,7293.221018,7293.221018,7293.221018,7296.1368775,-7,7,10,2,1.61355195799842,1,2.62907454199922,7292.760601458,7292.762534042,7293.221018,7293.056321708,NaN,NaN,NaN,NaN,,NaN,,7292.757170375,7292.760555375,None,NaN,NaN,,NaN,NaN,NaN,NaN,NaN,NaN,NaN,20,bathroom,1,2024-05-10_15h50.16.060,image_similarity_rating,2023.2.3,None,2024-05-10 15h50.35.189920 +0200
,130,131,541,541,stimuli/own/bathroom/130_bat.jpg,stimuli/own/bathroom/131_bat.jpg,NaN,NaN,NaN,NaN,NaN,NaN,NaN,NaN,0,590,590,540,7296.142490542,NaN,NaN,NaN,NaN,NaN,NaN,NaN,,NaN,,7296.426236125,7296.591519375,7296.591519375,7296.591519375,7296.591519375,7296.591519375,7296.591519375,7296.591519375,7296.591519375,7296.591519375,7304.169871583,-7,7,10,1,7.4746182910003,1,4.6859986670006,7296.140547833,7296.142490542,7296.591519375,7296.426224083,NaN,NaN,NaN,NaN,,NaN,,7296.13709525,7296.140501625,None,NaN,NaN,,NaN,NaN,NaN,NaN,NaN,NaN,NaN,20,bathroom,1,2024-05-10_15h50.16.060,image_similarity_rating,2023.2.3,None,2024-05-10 15h50.35.189920 +0200
,132,135,561,561,stimuli/own/bathroom/132_bat.jpg,stimuli/own/bathroom/135_bat.jpg,NaN,NaN,NaN,NaN,NaN,NaN,NaN,NaN,0,591,591,560,7304.175367375,NaN,NaN,NaN,NaN,NaN,NaN,NaN,,NaN,,7304.460011708,7304.63186525,7304.63186525,7304.63186525,7304.63186525,7304.63186525,7304.63186525,7304.63186525,7304.63186525,7304.63186525,7307.760974542,-7,7,10,2,2.25439537499915,3,2.90515500000038,7304.173595125,7304.175367375,7304.63186525,7304.45999725,NaN,NaN,NaN,NaN,,NaN,,7304.170119667,7304.173549333,None,NaN,NaN,,NaN,NaN,NaN,NaN,NaN,NaN,NaN,20,bathroom,1,2024-05-10_15h50.16.060,image_similarity_rating,2023.2.3,None,2024-05-10 15h50.35.189920 +0200
,116,141,342,342,stimuli/own/bathroom/116_bat.jpg,stimuli/own/bathroom/141_bat.jpg,NaN,NaN,NaN,NaN,NaN,NaN,NaN,NaN,0,592,592,341,7307.77107925,NaN,NaN,NaN,NaN,NaN,NaN,NaN,,NaN,,7308.05553725,7308.220300208,7308.220300208,7308.220300208,7308.220300208,7308.220300208,7308.220300208,7308.220300208,7308.220300208,7308.220300208,7311.723408167,7,-7,10,1,2.81395645900011,1,3.29335545800132,7307.764735667,7307.77107925,7308.220300208,7308.055522833,NaN,NaN,NaN,NaN,,NaN,,7307.761189042,7307.76469,None,NaN,NaN,,NaN,NaN,NaN,NaN,NaN,NaN,NaN,20,bathroom,1,2024-05-10_15h50.16.060,image_similarity_rating,2023.2.3,None,2024-05-10 15h50.35.189920 +0200
,106,127,177,177,stimuli/own/bathroom/106_bat.jpg,stimuli/own/bathroom/127_bat.jpg,NaN,NaN,NaN,NaN,NaN,NaN,NaN,NaN,0,593,593,176,7311.728810625,NaN,NaN,NaN,NaN,NaN,NaN,NaN,,NaN,,7312.022107958,7312.187108875,7312.187108875,7312.187108875,7312.187108875,7312.187108875,7312.187108875,7312.187108875,7312.187108875,7312.187108875,7316.794144375,7,-7,10,2,2.3699443330006,1,3.17182879199936,7311.727048083,7311.728810625,7312.187108875,7312.022093375,NaN,NaN,NaN,NaN,,NaN,,7311.723622917,7311.727001792,None,NaN,NaN,,NaN,NaN,NaN,NaN,NaN,NaN,NaN,20,bathroom,1,2024-05-10_15h50.16.060,image_similarity_rating,2023.2.3,None,2024-05-10 15h50.35.189920 +0200
,109,112,191,191,stimuli/own/bathroom/109_bat.jpg,stimuli/own/bathroom/112_bat.jpg,NaN,NaN,NaN,NaN,NaN,NaN,NaN,NaN,0,594,594,190,7316.804248167,NaN,NaN,NaN,NaN,NaN,NaN,NaN,,NaN,,7317.089549708,7317.253588292,7317.253588292,7317.253588292,7317.253588292,7317.253588292,7317.253588292,7317.253588292,7317.253588292,7317.253588292,7319.648705208,-7,7,10,3,1.61407337499986,1,2.11052112499965,7316.797797458,7316.804248167,7317.253588292,7317.089536833,NaN,NaN,NaN,NaN,,NaN,,7316.794362333,7316.7977515,None,NaN,NaN,,NaN,NaN,NaN,NaN,NaN,NaN,NaN,20,bathroom,1,2024-05-10_15h50.16.060,image_similarity_rating,2023.2.3,None,2024-05-10 15h50.35.189920 +0200
,111,113,219,219,stimuli/own/bathroom/111_bat.jpg,stimuli/own/bathroom/113_bat.jpg,NaN,NaN,NaN,NaN,NaN,NaN,NaN,NaN,0,595,595,218,7319.671293917,NaN,NaN,NaN,NaN,NaN,NaN,NaN,,NaN,,7319.954967,7320.121152458,7320.121152458,7320.121152458,7320.121152458,7320.121152458,7320.121152458,7320.121152458,7320.121152458,7320.121152458,7323.177687375,-7,7,10,2,1.87760633299877,1,2.83237170800021,7319.652459667,7319.671293917,NaN,7319.954930583,NaN,NaN,NaN,NaN,,NaN,,7319.648921333,7319.652413833,None,NaN,NaN,,NaN,NaN,NaN,NaN,NaN,NaN,NaN,20,bathroom,1,2024-05-10_15h50.16.060,image_similarity_rating,2023.2.3,None,2024-05-10 15h50.35.189920 +0200
,132,134,560,560,stimuli/own/bathroom/132_bat.jpg,stimuli/own/bathroom/134_bat.jpg,NaN,NaN,NaN,NaN,NaN,NaN,NaN,NaN,0,596,596,559,7323.187557,NaN,NaN,NaN,NaN,NaN,NaN,NaN,,NaN,,7323.472515625,7323.641391958,7323.641391958,7323.641391958,7323.641391958,7323.641391958,7323.641391958,7323.641391958,7323.641391958,7323.641391958,7328.523728333,-7,7,10,3,3.59868008299964,3,4.57788729200001,7323.181377708,7323.187557,7323.641391958,7323.472498792,NaN,NaN,NaN,NaN,,NaN,,7323.177913375,7323.181331417,None,NaN,NaN,,NaN,NaN,NaN,NaN,NaN,NaN,NaN,20,bathroom,1,2024-05-10_15h50.16.060,image_similarity_rating,2023.2.3,None,2024-05-10 15h50.35.189920 +0200
,105,120,141,141,stimuli/own/bathroom/105_bat.jpg,stimuli/own/bathroom/120_bat.jpg,NaN,NaN,NaN,NaN,NaN,NaN,NaN,NaN,0,597,597,140,7328.529515,NaN,NaN,NaN,NaN,NaN,NaN,NaN,,NaN,,7328.822175792,7328.985776042,7328.985776042,7328.985776042,7328.985776042,7328.985776042,7328.985776042,7328.985776042,7328.985776042,7328.985776042,7333.465284208,-7,7,10,1,1.92859545799911,1,2.77547520799999,7328.5274005,7328.529515,7328.985776042,7328.822165375,NaN,NaN,NaN,NaN,,NaN,,7328.523944417,7328.527354292,None,NaN,NaN,,NaN,NaN,NaN,NaN,NaN,NaN,NaN,20,bathroom,1,2024-05-10_15h50.16.060,image_similarity_rating,2023.2.3,None,2024-05-10 15h50.35.189920 +0200
,116,129,331,331,stimuli/own/bathroom/116_bat.jpg,stimuli/own/bathroom/129_bat.jpg,NaN,NaN,NaN,NaN,NaN,NaN,NaN,NaN,0,598,598,330,7333.470785375,NaN,NaN,NaN,NaN,NaN,NaN,NaN,,NaN,,7333.755513792,7333.920186333,7333.920186333,7333.920186333,7333.920186333,7333.920186333,7333.920186333,7333.920186333,7333.920186333,7333.920186333,7337.403216875,7,-7,10,3,1.70515616700141,1,2.40694879200055,7333.468945458,7333.470785375,7333.920186333,7333.755499167,NaN,NaN,NaN,NaN,,NaN,,7333.465499625,7333.468899708,None,NaN,NaN,,NaN,NaN,NaN,NaN,NaN,NaN,NaN,20,bathroom,1,2024-05-10_15h50.16.060,image_similarity_rating,2023.2.3,None,2024-05-10 15h50.35.189920 +0200
,103,123,83,83,stimuli/own/bathroom/103_bat.jpg,stimuli/own/bathroom/123_bat.jpg,NaN,NaN,NaN,NaN,NaN,NaN,NaN,NaN,0,599,599,82,7337.409106708,NaN,NaN,NaN,NaN,NaN,NaN,NaN,,NaN,,7337.693092833,7337.860967833,7337.860967833,7337.860967833,7337.860967833,7337.860967833,7337.860967833,7337.860967833,7337.860967833,7337.860967833,7341.419763833,7,-7,10,3,2.03263237499959,1,2.74417945799905,7337.4070175,7337.409106708,7337.860967833,7337.693077958,NaN,NaN,NaN,NaN,,NaN,,7337.403439333,7337.406970792,None,NaN,NaN,,NaN,NaN,NaN,NaN,NaN,NaN,NaN,20,bathroom,1,2024-05-10_15h50.16.060,image_similarity_rating,2023.2.3,None,2024-05-10 15h50.35.189920 +0200
,102,112,41,41,stimuli/own/bathroom/102_bat.jpg,stimuli/own/bathroom/112_bat.jpg,NaN,NaN,NaN,NaN,NaN,NaN,NaN,NaN,0,600,600,40,7341.4254545,NaN,NaN,NaN,NaN,NaN,NaN,NaN,,NaN,,7341.709603458,7341.875153333,7341.875153333,7341.875153333,7341.875153333,7341.875153333,7341.875153333,7341.875153333,7341.875153333,7341.875153333,7347.490040375,-7,7,10,3,1.74375133300055,1,2.32856370899935,7341.423695625,7341.4254545,7341.875153333,7341.709591,NaN,NaN,NaN,NaN,,NaN,,7341.420006792,7341.423646375,None,NaN,NaN,,NaN,NaN,NaN,NaN,NaN,NaN,NaN,20,bathroom,1,2024-05-10_15h50.16.060,image_similarity_rating,2023.2.3,None,2024-05-10 15h50.35.189920 +0200
,124,136,485,485,stimuli/own/bathroom/124_bat.jpg,stimuli/own/bathroom/136_bat.jpg,NaN,NaN,NaN,NaN,NaN,NaN,NaN,NaN,0,601,601,484,7347.495958875,NaN,NaN,NaN,NaN,NaN,NaN,NaN,,NaN,,7347.788852167,7347.953099625,7347.953099625,7347.953099625,7347.953099625,7347.953099625,7347.953099625,7347.953099625,7347.953099625,7347.953099625,7356.8364165,7,-7,10,2,5.78207275000022,4,8.31496816599974,7347.493879375,7347.495958875,7347.953099625,7347.788837708,NaN,NaN,NaN,NaN,,NaN,,7347.49025675,7347.493832792,None,NaN,NaN,,NaN,NaN,NaN,NaN,NaN,NaN,NaN,20,bathroom,1,2024-05-10_15h50.16.060,image_similarity_rating,2023.2.3,None,2024-05-10 15h50.35.189920 +0200
,103,136,94,94,stimuli/own/bathroom/103_bat.jpg,stimuli/own/bathroom/136_bat.jpg,NaN,NaN,NaN,NaN,NaN,NaN,NaN,NaN,0,602,602,93,7356.842384542,NaN,NaN,NaN,NaN,NaN,NaN,NaN,,NaN,,7357.126020042,7357.288897667,7357.288897667,7357.288897667,7357.288897667,7357.288897667,7357.288897667,7357.288897667,7357.288897667,7357.288897667,7360.976962625,7,-7,10,2,2.56654225000057,5,3.48276008399989,7356.840278667,7356.842384542,7357.288897667,7357.126007292,NaN,NaN,NaN,NaN,,NaN,,7356.836653125,7356.840228375,None,NaN,NaN,,NaN,NaN,NaN,NaN,NaN,NaN,NaN,20,bathroom,1,2024-05-10_15h50.16.060,image_similarity_rating,2023.2.3,None,2024-05-10 15h50.35.189920 +0200
,104,114,106,106,stimuli/own/bathroom/104_bat.jpg,stimuli/own/bathroom/114_bat.jpg,NaN,NaN,NaN,NaN,NaN,NaN,NaN,NaN,0,603,603,105,7360.987467167,NaN,NaN,NaN,NaN,NaN,NaN,NaN,,NaN,,7361.27166725,7361.436896958,7361.436896958,7361.436896958,7361.436896958,7361.436896958,7361.436896958,7361.436896958,7361.436896958,7361.436896958,7364.257331583,-7,7,10,2,1.28879562499969,5,2.50428375000047,7360.980711042,7360.987467167,7361.436896958,7361.271633042,NaN,NaN,NaN,NaN,,NaN,,7360.977177958,7360.980664667,None,NaN,NaN,,NaN,NaN,NaN,NaN,NaN,NaN,NaN,20,bathroom,1,2024-05-10_15h50.16.060,image_similarity_rating,2023.2.3,None,2024-05-10 15h50.35.189920 +0200
,109,118,196,196,stimuli/own/bathroom/109_bat.jpg,stimuli/own/bathroom/118_bat.jpg,NaN,NaN,NaN,NaN,NaN,NaN,NaN,NaN,0,604,604,195,7364.263137167,NaN,NaN,NaN,NaN,NaN,NaN,NaN,,NaN,,7364.555507042,7364.724713292,7364.724713292,7364.724713292,7364.724713292,7364.724713292,7364.724713292,7364.724713292,7364.724713292,7364.724713292,7367.815314625,7,-7,10,1,1.95030429100007,1,2.74107562500103,7364.26121375,7364.263137167,7364.724713292,7364.555485792,NaN,NaN,NaN,NaN,,NaN,,7364.257551917,7364.261162667,None,NaN,NaN,,NaN,NaN,NaN,NaN,NaN,NaN,NaN,20,bathroom,1,2024-05-10_15h50.16.060,image_similarity_rating,2023.2.3,None,2024-05-10 15h50.35.189920 +0200
,102,137,63,63,stimuli/own/bathroom/102_bat.jpg,stimuli/own/bathroom/137_bat.jpg,NaN,NaN,NaN,NaN,NaN,NaN,NaN,NaN,0,605,605,62,7367.837518167,NaN,NaN,NaN,NaN,NaN,NaN,NaN,,NaN,,7368.121580958,7368.28790775,7368.28790775,7368.28790775,7368.28790775,7368.28790775,7368.28790775,7368.28790775,7368.28790775,7368.28790775,7372.269748958,-7,7,10,1,3.10284758299895,1,3.78206066600069,7367.818996667,7367.837518167,NaN,7368.121563,NaN,NaN,NaN,NaN,,NaN,,7367.815532125,7367.818950417,None,NaN,NaN,,NaN,NaN,NaN,NaN,NaN,NaN,NaN,20,bathroom,1,2024-05-10_15h50.16.060,image_similarity_rating,2023.2.3,None,2024-05-10 15h50.35.189920 +0200
,111,120,225,225,stimuli/own/bathroom/111_bat.jpg,stimuli/own/bathroom/120_bat.jpg,NaN,NaN,NaN,NaN,NaN,NaN,NaN,NaN,0,606,606,224,7372.275197667,NaN,NaN,NaN,NaN,NaN,NaN,NaN,,NaN,,7372.559265708,7372.723819875,7372.723819875,7372.723819875,7372.723819875,7372.723819875,7372.723819875,7372.723819875,7372.723819875,7372.723819875,7377.323243208,-7,7,10,2,2.17980449999959,4,4.37769412499983,7372.273451833,7372.275197667,7372.723819875,7372.559253833,NaN,NaN,NaN,NaN,,NaN,,7372.269978792,7372.273405583,None,NaN,NaN,,NaN,NaN,NaN,NaN,NaN,NaN,NaN,20,bathroom,1,2024-05-10_15h50.16.060,image_similarity_rating,2023.2.3,None,2024-05-10 15h50.35.189920 +0200
,127,136,524,524,stimuli/own/bathroom/127_bat.jpg,stimuli/own/bathroom/136_bat.jpg,NaN,NaN,NaN,NaN,NaN,NaN,NaN,NaN,0,607,607,523,7377.328995208,NaN,NaN,NaN,NaN,NaN,NaN,NaN,,NaN,,7377.622063167,7377.793625708,7377.793625708,7377.793625708,7377.793625708,7377.793625708,7377.793625708,7377.793625708,7377.793625708,7377.793625708,7380.248462083,-7,7,10,2,1.4943808750013,6,2.18139008399885,7377.326903208,7377.328995208,7377.793625708,7377.622046875,NaN,NaN,NaN,NaN,,NaN,,7377.323460208,7377.326857292,None,NaN,NaN,,NaN,NaN,NaN,NaN,NaN,NaN,NaN,20,bathroom,1,2024-05-10_15h50.16.060,image_similarity_rating,2023.2.3,None,2024-05-10 15h50.35.189920 +0200
,112,114,246,246,stimuli/own/bathroom/112_bat.jpg,stimuli/own/bathroom/114_bat.jpg,NaN,NaN,NaN,NaN,NaN,NaN,NaN,NaN,0,608,608,245,7380.253991083,NaN,NaN,NaN,NaN,NaN,NaN,NaN,,NaN,,7380.538622,7380.7032905,7380.7032905,7380.7032905,7380.7032905,7380.7032905,7380.7032905,7380.7032905,7380.7032905,7380.7032905,7383.519930583,7,-7,10,2,1.59138499999972,6,2.45473300000049,7380.252109417,7380.253991083,7380.7032905,7380.538603542,NaN,NaN,NaN,NaN,,NaN,,7380.2486805,7380.2520635,None,NaN,NaN,,NaN,NaN,NaN,NaN,NaN,NaN,NaN,20,bathroom,1,2024-05-10_15h50.16.060,image_similarity_rating,2023.2.3,None,2024-05-10 15h50.35.189920 +0200
,117,118,343,343,stimuli/own/bathroom/117_bat.jpg,stimuli/own/bathroom/118_bat.jpg,NaN,NaN,NaN,NaN,NaN,NaN,NaN,NaN,0,609,609,342,7383.525536,NaN,NaN,NaN,NaN,NaN,NaN,NaN,,NaN,,7383.809657083,7383.97655875,7383.97655875,7383.97655875,7383.97655875,7383.97655875,7383.97655875,7383.97655875,7383.97655875,7383.97655875,7387.319508333,7,-7,10,1,1.48080024999945,5,2.6791466249997,7383.523601542,7383.525536,7383.97655875,7383.809643208,NaN,NaN,NaN,NaN,,NaN,,7383.520148375,7383.52355525,None,NaN,NaN,,NaN,NaN,NaN,NaN,NaN,NaN,NaN,20,bathroom,1,2024-05-10_15h50.16.060,image_similarity_rating,2023.2.3,None,2024-05-10 15h50.35.189920 +0200
,112,139,268,268,stimuli/own/bathroom/112_bat.jpg,stimuli/own/bathroom/139_bat.jpg,NaN,NaN,NaN,NaN,NaN,NaN,NaN,NaN,0,610,610,267,7387.324997083,NaN,NaN,NaN,NaN,NaN,NaN,NaN,,NaN,,7387.60966275,7387.779012125,7387.779012125,7387.779012125,7387.779012125,7387.779012125,7387.779012125,7387.779012125,7387.779012125,7387.779012125,7391.148174625,-7,7,10,2,1.8258027920001,5,3.18449412500013,7387.323217292,7387.324997083,7387.779012125,7387.609648208,NaN,NaN,NaN,NaN,,NaN,,7387.319756,7387.323171,None,NaN,NaN,,NaN,NaN,NaN,NaN,NaN,NaN,NaN,20,bathroom,1,2024-05-10_15h50.16.060,image_similarity_rating,2023.2.3,None,2024-05-10 15h50.35.189920 +0200
,123,138,472,472,stimuli/own/bathroom/123_bat.jpg,stimuli/own/bathroom/138_bat.jpg,NaN,NaN,NaN,NaN,NaN,NaN,NaN,NaN,0,611,611,471,7391.154046375,NaN,NaN,NaN,NaN,NaN,NaN,NaN,,NaN,,7391.438787875,7391.603510625,7391.603510625,7391.603510625,7391.603510625,7391.603510625,7391.603510625,7391.603510625,7391.603510625,7391.603510625,7402.13622525,7,-7,10,2,1.61626308400082,6,10.1827725000003,7391.151833958,7391.154046375,7391.603510625,7391.438773292,NaN,NaN,NaN,NaN,,NaN,,7391.148390792,7391.151787708,None,NaN,NaN,,NaN,NaN,NaN,NaN,NaN,NaN,NaN,20,bathroom,1,2024-05-10_15h50.16.060,image_similarity_rating,2023.2.3,None,2024-05-10 15h50.35.189920 +0200
,106,131,180,180,stimuli/own/bathroom/106_bat.jpg,stimuli/own/bathroom/131_bat.jpg,NaN,NaN,NaN,NaN,NaN,NaN,NaN,NaN,0,612,612,179,7402.14189475,NaN,NaN,NaN,NaN,NaN,NaN,NaN,,NaN,,7402.426293042,7402.5902765,7402.5902765,7402.5902765,7402.5902765,7402.5902765,7402.5902765,7402.5902765,7402.5902765,7402.5902765,7412.689825208,7,-7,10,1,6.66855133399986,5,7.70384387499871,7402.139961708,7402.14189475,7402.5902765,7402.426282833,NaN,NaN,NaN,NaN,,NaN,,7402.136468333,7402.139915375,None,NaN,NaN,,NaN,NaN,NaN,NaN,NaN,NaN,NaN,20,bathroom,1,2024-05-10_15h50.16.060,image_similarity_rating,2023.2.3,None,2024-05-10 15h50.35.189920 +0200
,122,138,456,456,stimuli/own/bathroom/122_bat.jpg,stimuli/own/bathroom/138_bat.jpg,NaN,NaN,NaN,NaN,NaN,NaN,NaN,NaN,0,613,613,455,7412.695439875,NaN,NaN,NaN,NaN,NaN,NaN,NaN,,NaN,,7412.988444917,7413.153633125,7413.153633125,7413.153633125,7413.153633125,7413.153633125,7413.153633125,7413.153633125,7413.153633125,7413.153633125,7420.469241042,-7,7,10,3,5.03834612500032,4,6.06688354200014,7412.693488583,7412.695439875,7413.153633125,7412.988430833,NaN,NaN,NaN,NaN,,NaN,,7412.690045292,7412.693442542,None,NaN,NaN,,NaN,NaN,NaN,NaN,NaN,NaN,NaN,20,bathroom,1,2024-05-10_15h50.16.060,image_similarity_rating,2023.2.3,None,2024-05-10 15h50.35.189920 +0200
,105,127,148,148,stimuli/own/bathroom/105_bat.jpg,stimuli/own/bathroom/127_bat.jpg,NaN,NaN,NaN,NaN,NaN,NaN,NaN,NaN,0,614,614,147,7420.474937458,NaN,NaN,NaN,NaN,NaN,NaN,NaN,,NaN,,7420.759502958,7420.926198333,7420.926198333,7420.926198333,7420.926198333,7420.926198333,7420.926198333,7420.926198333,7420.926198333,7420.926198333,7428.385799875,7,-7,10,1,4.78106787499928,1,7.3343789999999,7420.473001042,7420.474937458,7420.926198333,7420.759486292,NaN,NaN,NaN,NaN,,NaN,,7420.469471125,7420.472954167,None,NaN,NaN,,NaN,NaN,NaN,NaN,NaN,NaN,NaN,20,bathroom,1,2024-05-10_15h50.16.060,image_similarity_rating,2023.2.3,None,2024-05-10 15h50.35.189920 +0200
,NaN,NaN,NaN,NaN,,,NaN,NaN,NaN,NaN,NaN,NaN,NaN,NaN,NaN,NaN,NaN,NaN,NaN,NaN,NaN,NaN,NaN,NaN,NaN,NaN,,NaN,,NaN,NaN,NaN,NaN,NaN,NaN,NaN,NaN,NaN,NaN,NaN,NaN,NaN,NaN,NaN,NaN,NaN,NaN,NaN,NaN,NaN,NaN,NaN,NaN,NaN,NaN,,NaN,,NaN,NaN,,NaN,NaN,,7428.385959,7428.393520292,7428.393520292,7440.374677667,NaN,11.9808168750005,NaN,20,bathroom,1,2024-05-10_15h50.16.060,image_similarity_rating,2023.2.3,None,2024-05-10 15h50.35.189920 +0200
