slide,sub1,sub2,pairID,trialID,stim1,stim2,instructionsLoop_thisRepN,instructionsLoop_thisTrialN,instructionsLoop_thisN,instructionsLoop_thisIndex,practice_thisRepN,practice_thisTrialN,practice_thisN,practice_thisIndex,trials_thisRepN,trials_thisTrialN,trials_thisN,trials_thisIndex,thisRow_t,notes,preparation_started,preparation_stopped,instructions_started,startResponse_started,slide_img_started,instructions_stopped,startResponse_keys,startResponse_rt,startResponse_duration,trial_started,polygon_started,polygon_2_started,image1_started,image2_started,rating_1_started,question_started,rating_2_started,question_2_started,block_text_started,trial_stopped,stim1pos,stim2pos,block,rating_1_response,rating_1_rt,rating_2_response,rating_2_rt,ITI_started,text_started,text_stopped,ITI_stopped,practice_over_started,text_2_started,space_practice_over_started,practice_over_stopped,space_practice_over_keys,space_practice_over_rt,space_practice_over_duration,breakBlocks_started,breakBlocks_stopped,startBlock_keys,startBlock_started,startBlock_rt,startBlock_duration,end_started,message_end_started,key_resp_started,end_stopped,key_resp_keys,key_resp_rt,key_resp_duration,participant,session,session_number,date,expName,psychopyVersion,frameRate,expStart
instructions/Slide1.jpg,NaN,NaN,NaN,NaN,,,0,0,0,0,NaN,NaN,NaN,NaN,NaN,NaN,NaN,NaN,0.0244708749999916,NaN,0.00198208300000147,0.00209412499998507,0.00943562500000894,0.0244708749999916,0.0244708749999916,5.33124100000001,space,5.30653504200001,None,NaN,NaN,NaN,NaN,NaN,NaN,NaN,NaN,NaN,NaN,NaN,NaN,NaN,NaN,NaN,NaN,NaN,NaN,NaN,NaN,NaN,NaN,NaN,NaN,NaN,NaN,,NaN,,NaN,NaN,,NaN,NaN,,NaN,NaN,NaN,NaN,NaN,NaN,NaN,9,bathroom,2,2024-03-22_12h26.00.837,image_similarity_rating,2023.2.3,None,2024-03-22 12h27.07.079342 +0100
instructions/Slide3.jpg,NaN,NaN,NaN,NaN,,,0,1,1,1,NaN,NaN,NaN,NaN,NaN,NaN,NaN,NaN,5.35332675000001,NaN,NaN,NaN,5.332076333,5.35332675000001,5.35332675000001,6.53092716699999,space,1.177398458,None,NaN,NaN,NaN,NaN,NaN,NaN,NaN,NaN,NaN,NaN,NaN,NaN,NaN,NaN,NaN,NaN,NaN,NaN,NaN,NaN,NaN,NaN,NaN,NaN,NaN,NaN,,NaN,,NaN,NaN,,NaN,NaN,,NaN,NaN,NaN,NaN,NaN,NaN,NaN,9,bathroom,2,2024-03-22_12h26.00.837,image_similarity_rating,2023.2.3,None,2024-03-22 12h27.07.079342 +0100
instructions/Slide4.jpg,NaN,NaN,NaN,NaN,,,0,2,2,2,NaN,NaN,NaN,NaN,NaN,NaN,NaN,NaN,6.550560292,NaN,NaN,NaN,6.53147408300001,6.550560292,6.550560292,9.460665167,space,2.909745958,None,NaN,NaN,NaN,NaN,NaN,NaN,NaN,NaN,NaN,NaN,NaN,NaN,NaN,NaN,NaN,NaN,NaN,NaN,NaN,NaN,NaN,NaN,NaN,NaN,NaN,NaN,,NaN,,NaN,NaN,,NaN,NaN,,NaN,NaN,NaN,NaN,NaN,NaN,NaN,9,bathroom,2,2024-03-22_12h26.00.837,image_similarity_rating,2023.2.3,None,2024-03-22 12h27.07.079342 +0100
instructions/Slide5.jpg,NaN,NaN,NaN,NaN,,,0,3,3,3,NaN,NaN,NaN,NaN,NaN,NaN,NaN,NaN,9.490156708,NaN,NaN,NaN,9.461672083,9.490156708,9.490156708,9.99844216700001,space,0.508090582999984,None,NaN,NaN,NaN,NaN,NaN,NaN,NaN,NaN,NaN,NaN,NaN,NaN,NaN,NaN,NaN,NaN,NaN,NaN,NaN,NaN,NaN,NaN,NaN,NaN,NaN,NaN,,NaN,,NaN,NaN,,NaN,NaN,,NaN,NaN,NaN,NaN,NaN,NaN,NaN,9,bathroom,2,2024-03-22_12h26.00.837,image_similarity_rating,2023.2.3,None,2024-03-22 12h27.07.079342 +0100
,110,107,NaN,4,stimuli/own/bathroom/110_bat.jpg,stimuli/own/bathroom/107_bat.jpg,NaN,NaN,NaN,NaN,0,0,0,3,NaN,NaN,NaN,NaN,10.1992335,NaN,NaN,NaN,NaN,NaN,NaN,NaN,,NaN,,10.019509833,10.1992335,10.1992335,10.1992335,10.1992335,10.1992335,10.1992335,10.1992335,10.1992335,10.1992335,18.583371875,7,-7,0,3,6.07987366600003,5,8.308397292,18.583601083,18.588787375,19.043963458,18.873553458,NaN,NaN,NaN,NaN,,NaN,,NaN,NaN,,NaN,NaN,,NaN,NaN,NaN,NaN,NaN,NaN,NaN,9,bathroom,2,2024-03-22_12h26.00.837,image_similarity_rating,2023.2.3,None,2024-03-22 12h27.07.079342 +0100
,110,133,NaN,1,stimuli/own/bathroom/110_bat.jpg,stimuli/own/bathroom/133_bat.jpg,NaN,NaN,NaN,NaN,0,1,1,0,NaN,NaN,NaN,NaN,19.043963458,NaN,NaN,NaN,NaN,NaN,NaN,NaN,,NaN,,18.874054708,19.043963458,19.043963458,19.043963458,19.043963458,19.043963458,19.043963458,19.043963458,19.043963458,19.043963458,24.612096417,-7,7,0,3,3.67469433300002,5,5.40770808400001,24.612241417,24.622093958,25.077328125,24.906822458,NaN,NaN,NaN,NaN,,NaN,,NaN,NaN,,NaN,NaN,,NaN,NaN,NaN,NaN,NaN,NaN,NaN,9,bathroom,2,2024-03-22_12h26.00.837,image_similarity_rating,2023.2.3,None,2024-03-22 12h27.07.079342 +0100
,108,133,NaN,10,stimuli/own/bathroom/108_bat.jpg,stimuli/own/bathroom/133_bat.jpg,NaN,NaN,NaN,NaN,0,2,2,9,NaN,NaN,NaN,NaN,25.077328125,NaN,NaN,NaN,NaN,NaN,NaN,NaN,,NaN,,24.90732575,25.077328125,25.077328125,25.077328125,25.077328125,25.077328125,25.077328125,25.077328125,25.077328125,25.077328125,30.895905958,-7,7,0,3,5.81197749999998,4,3.52653100000001,30.89604925,30.905802042,31.358660167,31.19039975,NaN,NaN,NaN,NaN,,NaN,,NaN,NaN,,NaN,NaN,,NaN,NaN,NaN,NaN,NaN,NaN,NaN,9,bathroom,2,2024-03-22_12h26.00.837,image_similarity_rating,2023.2.3,None,2024-03-22 12h27.07.079342 +0100
,128,133,NaN,6,stimuli/own/bathroom/128_bat.jpg,stimuli/own/bathroom/133_bat.jpg,NaN,NaN,NaN,NaN,0,3,3,5,NaN,NaN,NaN,NaN,31.358660167,NaN,NaN,NaN,NaN,NaN,NaN,NaN,,NaN,,31.190898417,31.358660167,31.358660167,31.358660167,31.358660167,31.358660167,31.358660167,31.358660167,31.358660167,31.358660167,35.883071583,-7,7,0,2,2.769840625,1,4.34015845800002,35.883216292,35.888798333,36.338120125,36.173387833,NaN,NaN,NaN,NaN,,NaN,,NaN,NaN,,NaN,NaN,,NaN,NaN,NaN,NaN,NaN,NaN,NaN,9,bathroom,2,2024-03-22_12h26.00.837,image_similarity_rating,2023.2.3,None,2024-03-22 12h27.07.079342 +0100
,107,128,NaN,7,stimuli/own/bathroom/107_bat.jpg,stimuli/own/bathroom/128_bat.jpg,NaN,NaN,NaN,NaN,0,4,4,6,NaN,NaN,NaN,NaN,36.338120125,NaN,NaN,NaN,NaN,NaN,NaN,NaN,,NaN,,36.173822417,36.338120125,36.338120125,36.338120125,36.338120125,36.338120125,36.338120125,36.338120125,36.338120125,36.338120125,38.754131833,7,-7,0,3,2.48688266600001,1,1.18453533300001,38.754275125,38.757421917,39.208295042,39.045033417,NaN,NaN,NaN,NaN,,NaN,,NaN,NaN,,NaN,NaN,,NaN,NaN,NaN,NaN,NaN,NaN,NaN,9,bathroom,2,2024-03-22_12h26.00.837,image_similarity_rating,2023.2.3,None,2024-03-22 12h27.07.079342 +0100
,107,133,NaN,9,stimuli/own/bathroom/107_bat.jpg,stimuli/own/bathroom/133_bat.jpg,NaN,NaN,NaN,NaN,0,5,5,8,NaN,NaN,NaN,NaN,39.208295042,NaN,NaN,NaN,NaN,NaN,NaN,NaN,,NaN,,39.045333833,39.208295042,39.208295042,39.208295042,39.208295042,39.208295042,39.208295042,39.208295042,39.208295042,39.208295042,48.092063208,-7,7,0,3,8.90029654200001,3,7.699182458,48.092212292,48.105644667,48.558652625,48.390162458,NaN,NaN,NaN,NaN,,NaN,,NaN,NaN,,NaN,NaN,,NaN,NaN,NaN,NaN,NaN,NaN,NaN,9,bathroom,2,2024-03-22_12h26.00.837,image_similarity_rating,2023.2.3,None,2024-03-22 12h27.07.079342 +0100
,108,110,NaN,8,stimuli/own/bathroom/108_bat.jpg,stimuli/own/bathroom/110_bat.jpg,NaN,NaN,NaN,NaN,0,6,6,7,NaN,NaN,NaN,NaN,48.558652625,NaN,NaN,NaN,NaN,NaN,NaN,NaN,,NaN,,48.390657917,48.558652625,48.558652625,48.558652625,48.558652625,48.558652625,48.558652625,48.558652625,48.558652625,48.558652625,58.712575042,-7,7,0,2,8.49283995899998,2,10.116067792,58.712717042,58.722147583,59.173150958,59.007280292,NaN,NaN,NaN,NaN,,NaN,,NaN,NaN,,NaN,NaN,,NaN,NaN,NaN,NaN,NaN,NaN,NaN,9,bathroom,2,2024-03-22_12h26.00.837,image_similarity_rating,2023.2.3,None,2024-03-22 12h27.07.079342 +0100
,128,108,NaN,3,stimuli/own/bathroom/128_bat.jpg,stimuli/own/bathroom/108_bat.jpg,NaN,NaN,NaN,NaN,0,7,7,2,NaN,NaN,NaN,NaN,59.173150958,NaN,NaN,NaN,NaN,NaN,NaN,NaN,,NaN,,59.007760667,59.173150958,59.173150958,59.173150958,59.173150958,59.173150958,59.173150958,59.173150958,59.173150958,59.173150958,62.816468542,-7,7,0,2,3.55417879199996,1,1.81657316600001,62.816612292,62.822005875,63.271017792,63.106692167,NaN,NaN,NaN,NaN,,NaN,,NaN,NaN,,NaN,NaN,,NaN,NaN,NaN,NaN,NaN,NaN,NaN,9,bathroom,2,2024-03-22_12h26.00.837,image_similarity_rating,2023.2.3,None,2024-03-22 12h27.07.079342 +0100
,110,128,NaN,2,stimuli/own/bathroom/110_bat.jpg,stimuli/own/bathroom/128_bat.jpg,NaN,NaN,NaN,NaN,0,8,8,1,NaN,NaN,NaN,NaN,63.271017792,NaN,NaN,NaN,NaN,NaN,NaN,NaN,,NaN,,63.107105083,63.271017792,63.271017792,63.271017792,63.271017792,63.271017792,63.271017792,63.271017792,63.271017792,63.271017792,66.717756792,-7,7,0,1,3.48647591600002,1,1.60696929099998,66.717899667,66.722061583,67.171814542,67.006878542,NaN,NaN,NaN,NaN,,NaN,,NaN,NaN,,NaN,NaN,,NaN,NaN,NaN,NaN,NaN,NaN,NaN,9,bathroom,2,2024-03-22_12h26.00.837,image_similarity_rating,2023.2.3,None,2024-03-22 12h27.07.079342 +0100
,107,108,NaN,5,stimuli/own/bathroom/107_bat.jpg,stimuli/own/bathroom/108_bat.jpg,NaN,NaN,NaN,NaN,0,9,9,4,NaN,NaN,NaN,NaN,67.171814542,NaN,NaN,NaN,NaN,NaN,NaN,NaN,,NaN,,67.007307292,67.171814542,67.171814542,67.171814542,67.171814542,67.171814542,67.171814542,67.171814542,67.171814542,67.171814542,71.011994417,7,-7,0,5,2.87101749999999,5,3.76469404099998,71.012138125,71.022160833,71.311524167,71.306468417,NaN,NaN,NaN,NaN,,NaN,,NaN,NaN,,NaN,NaN,,NaN,NaN,NaN,NaN,NaN,NaN,NaN,9,bathroom,2,2024-03-22_12h26.00.837,image_similarity_rating,2023.2.3,None,2024-03-22 12h27.07.079342 +0100
,NaN,NaN,NaN,NaN,,,NaN,NaN,NaN,NaN,NaN,NaN,NaN,NaN,NaN,NaN,NaN,NaN,NaN,NaN,NaN,NaN,NaN,NaN,NaN,NaN,,NaN,,NaN,NaN,NaN,NaN,NaN,NaN,NaN,NaN,NaN,NaN,NaN,NaN,NaN,NaN,NaN,NaN,NaN,NaN,NaN,NaN,NaN,NaN,71.306561458,71.311524167,71.311524167,72.141568792,space,0.829761082999994,None,NaN,NaN,,NaN,NaN,,NaN,NaN,NaN,NaN,NaN,NaN,NaN,9,bathroom,2,2024-03-22_12h26.00.837,image_similarity_rating,2023.2.3,None,2024-03-22 12h27.07.079342 +0100
,122,134,452,452,stimuli/own/bathroom/122_bat.jpg,stimuli/own/bathroom/134_bat.jpg,NaN,NaN,NaN,NaN,NaN,NaN,NaN,NaN,0,0,0,451,72.19240325,NaN,NaN,NaN,NaN,NaN,NaN,NaN,,NaN,,72.477468458,72.655234625,72.655234625,72.655234625,72.655234625,72.655234625,72.655234625,72.655234625,72.655234625,72.655234625,81.178586625,7,-7,1,5,7.91585066700003,5,8.47094579199995,72.190153417,72.19240325,72.655234625,72.477453833,NaN,NaN,NaN,NaN,,NaN,,72.176187542,72.189857,None,NaN,NaN,,NaN,NaN,NaN,NaN,NaN,NaN,NaN,9,bathroom,2,2024-03-22_12h26.00.837,image_similarity_rating,2023.2.3,None,2024-03-22 12h27.07.079342 +0100
,101,140,33,33,stimuli/own/bathroom/101_bat.jpg,stimuli/own/bathroom/140_bat.jpg,NaN,NaN,NaN,NaN,NaN,NaN,NaN,NaN,0,1,1,32,81.188316583,NaN,NaN,NaN,NaN,NaN,NaN,NaN,,NaN,,81.473757667,81.64095,81.64095,81.64095,81.64095,81.64095,81.64095,81.64095,81.64095,81.64095,88.7414095,7,-7,1,4,5.51344475000002,5,7.01047441700001,81.185178917,81.188316583,81.64095,81.473743083,NaN,NaN,NaN,NaN,,NaN,,81.179160042,81.185125375,None,NaN,NaN,,NaN,NaN,NaN,NaN,NaN,NaN,NaN,9,bathroom,2,2024-03-22_12h26.00.837,image_similarity_rating,2023.2.3,None,2024-03-22 12h27.07.079342 +0100
,135,140,579,579,stimuli/own/bathroom/135_bat.jpg,stimuli/own/bathroom/140_bat.jpg,NaN,NaN,NaN,NaN,NaN,NaN,NaN,NaN,0,2,2,578,88.755189333,NaN,NaN,NaN,NaN,NaN,NaN,NaN,,NaN,,89.039898625,89.205518,89.205518,89.205518,89.205518,89.205518,89.205518,89.205518,89.205518,89.205518,94.412625625,7,-7,1,5,5.19262416700002,4,3.28345470900001,88.745224625,88.755189333,89.205518,89.039884125,NaN,NaN,NaN,NaN,,NaN,,88.74163475,88.745171875,None,NaN,NaN,,NaN,NaN,NaN,NaN,NaN,NaN,NaN,9,bathroom,2,2024-03-22_12h26.00.837,image_similarity_rating,2023.2.3,None,2024-03-22 12h27.07.079342 +0100
,106,126,176,176,stimuli/own/bathroom/106_bat.jpg,stimuli/own/bathroom/126_bat.jpg,NaN,NaN,NaN,NaN,NaN,NaN,NaN,NaN,0,3,3,175,94.421765083,NaN,NaN,NaN,NaN,NaN,NaN,NaN,,NaN,,94.70672325,94.871802792,94.871802792,94.871802792,94.871802792,94.871802792,94.871802792,94.871802792,94.871802792,94.871802792,99.828398417,-7,7,1,4,4.9667255,3,2.58191737499999,94.416436167,94.421765083,94.871802792,94.706711292,NaN,NaN,NaN,NaN,,NaN,,94.412849208,94.416385333,None,NaN,NaN,,NaN,NaN,NaN,NaN,NaN,NaN,NaN,9,bathroom,2,2024-03-22_12h26.00.837,image_similarity_rating,2023.2.3,None,2024-03-22 12h27.07.079342 +0100
,117,127,352,352,stimuli/own/bathroom/117_bat.jpg,stimuli/own/bathroom/127_bat.jpg,NaN,NaN,NaN,NaN,NaN,NaN,NaN,NaN,0,4,4,351,99.838470875,NaN,NaN,NaN,NaN,NaN,NaN,NaN,,NaN,,100.123812,100.289073458,100.289073458,100.289073458,100.289073458,100.289073458,100.289073458,100.289073458,100.289073458,100.289073458,103.426532083,-7,7,1,5,2.53748470800002,5,3.00956174999999,99.832113208,99.838470875,100.289073458,100.123797458,NaN,NaN,NaN,NaN,,NaN,,99.828623,99.832065417,None,NaN,NaN,,NaN,NaN,NaN,NaN,NaN,NaN,NaN,9,bathroom,2,2024-03-22_12h26.00.837,image_similarity_rating,2023.2.3,None,2024-03-22 12h27.07.079342 +0100
,129,135,534,534,stimuli/own/bathroom/129_bat.jpg,stimuli/own/bathroom/135_bat.jpg,NaN,NaN,NaN,NaN,NaN,NaN,NaN,NaN,0,5,5,533,103.438366458,NaN,NaN,NaN,NaN,NaN,NaN,NaN,,NaN,,103.723658542,103.888562375,103.888562375,103.888562375,103.888562375,103.888562375,103.888562375,103.888562375,103.888562375,103.888562375,108.411721042,-7,7,1,6,3.85825425000002,6,2.80682841699996,103.430515917,103.438366458,103.888562375,103.72364425,NaN,NaN,NaN,NaN,,NaN,,103.426753792,103.430465625,None,NaN,NaN,,NaN,NaN,NaN,NaN,NaN,NaN,NaN,9,bathroom,2,2024-03-22_12h26.00.837,image_similarity_rating,2023.2.3,None,2024-03-22 12h27.07.079342 +0100
,129,136,535,535,stimuli/own/bathroom/129_bat.jpg,stimuli/own/bathroom/136_bat.jpg,NaN,NaN,NaN,NaN,NaN,NaN,NaN,NaN,0,6,6,534,108.421701417,NaN,NaN,NaN,NaN,NaN,NaN,NaN,,NaN,,108.706299333,108.872115208,108.872115208,108.872115208,108.872115208,108.872115208,108.872115208,108.872115208,108.872115208,108.872115208,115.720408292,-7,7,1,5,5.98629595799997,6,4.723470083,108.415424667,108.421701417,108.872115208,108.706275792,NaN,NaN,NaN,NaN,,NaN,,108.411947625,108.415377667,None,NaN,NaN,,NaN,NaN,NaN,NaN,NaN,NaN,NaN,9,bathroom,2,2024-03-22_12h26.00.837,image_similarity_rating,2023.2.3,None,2024-03-22 12h27.07.079342 +0100
,130,131,541,541,stimuli/own/bathroom/130_bat.jpg,stimuli/own/bathroom/131_bat.jpg,NaN,NaN,NaN,NaN,NaN,NaN,NaN,NaN,0,7,7,540,115.726450625,NaN,NaN,NaN,NaN,NaN,NaN,NaN,,NaN,,116.022881417,116.190187375,116.190187375,116.190187375,116.190187375,116.190187375,116.190187375,116.190187375,116.190187375,116.190187375,127.57576275,7,-7,1,3,10.225042083,2,11.172043459,115.724496042,115.726450625,116.190187375,116.022866125,NaN,NaN,NaN,NaN,,NaN,,115.720650167,115.724445083,None,NaN,NaN,,NaN,NaN,NaN,NaN,NaN,NaN,NaN,9,bathroom,2,2024-03-22_12h26.00.837,image_similarity_rating,2023.2.3,None,2024-03-22 12h27.07.079342 +0100
,126,127,505,505,stimuli/own/bathroom/126_bat.jpg,stimuli/own/bathroom/127_bat.jpg,NaN,NaN,NaN,NaN,NaN,NaN,NaN,NaN,0,8,8,504,127.588272792,NaN,NaN,NaN,NaN,NaN,NaN,NaN,,NaN,,127.872867375,128.037584542,128.037584542,128.037584542,128.037584542,128.037584542,128.037584542,128.037584542,128.037584542,128.037584542,137.699536458,-7,7,1,6,9.19263808400001,6,9.6393195,127.5796935,127.588272792,128.037584542,127.872855125,NaN,NaN,NaN,NaN,,NaN,,127.576002083,127.579642708,None,NaN,NaN,,NaN,NaN,NaN,NaN,NaN,NaN,NaN,9,bathroom,2,2024-03-22_12h26.00.837,image_similarity_rating,2023.2.3,None,2024-03-22 12h27.07.079342 +0100
,120,130,414,414,stimuli/own/bathroom/120_bat.jpg,stimuli/own/bathroom/130_bat.jpg,NaN,NaN,NaN,NaN,NaN,NaN,NaN,NaN,0,9,9,413,137.72157575,NaN,NaN,NaN,NaN,NaN,NaN,NaN,,NaN,,138.005842667,138.171447333,138.171447333,138.171447333,138.171447333,138.171447333,138.171447333,138.171447333,138.171447333,138.171447333,141.262843,-7,7,1,7,2.983532583,7,2.38112429200004,137.703264167,137.72157575,NaN,138.005824917,NaN,NaN,NaN,NaN,,NaN,,137.699764125,137.703216125,None,NaN,NaN,,NaN,NaN,NaN,NaN,NaN,NaN,NaN,9,bathroom,2,2024-03-22_12h26.00.837,image_similarity_rating,2023.2.3,None,2024-03-22 12h27.07.079342 +0100
,102,139,65,604,stimuli/own/bathroom/102_bat.jpg,stimuli/own/bathroom/139_bat.jpg,NaN,NaN,NaN,NaN,NaN,NaN,NaN,NaN,0,10,10,603,141.271536833,NaN,NaN,NaN,NaN,NaN,NaN,NaN,,NaN,,141.556448167,141.721674583,141.721674583,141.721674583,141.721674583,141.721674583,141.721674583,141.721674583,141.721674583,141.721674583,153.228768792,-7,7,1,7,10.200188791,7,11.4954595,141.266684708,141.271536833,141.721674583,141.556434583,NaN,NaN,NaN,NaN,,NaN,,141.263065167,141.266636417,None,NaN,NaN,,NaN,NaN,NaN,NaN,NaN,NaN,NaN,9,bathroom,2,2024-03-22_12h26.00.837,image_similarity_rating,2023.2.3,None,2024-03-22 12h27.07.079342 +0100
,103,140,98,98,stimuli/own/bathroom/103_bat.jpg,stimuli/own/bathroom/140_bat.jpg,NaN,NaN,NaN,NaN,NaN,NaN,NaN,NaN,0,11,11,97,153.238144708,NaN,NaN,NaN,NaN,NaN,NaN,NaN,,NaN,,153.522775542,153.687680083,153.687680083,153.687680083,153.687680083,153.687680083,153.687680083,153.687680083,153.687680083,153.687680083,159.478253792,7,-7,1,5,5.58536733300002,6,4.21205904200002,153.232463875,153.238144708,153.687680083,153.522758,NaN,NaN,NaN,NaN,,NaN,,153.228993667,153.23241625,None,NaN,NaN,,NaN,NaN,NaN,NaN,NaN,NaN,NaN,9,bathroom,2,2024-03-22_12h26.00.837,image_similarity_rating,2023.2.3,None,2024-03-22 12h27.07.079342 +0100
,114,119,299,299,stimuli/own/bathroom/114_bat.jpg,stimuli/own/bathroom/119_bat.jpg,NaN,NaN,NaN,NaN,NaN,NaN,NaN,NaN,0,12,12,298,159.488166875,NaN,NaN,NaN,NaN,NaN,NaN,NaN,,NaN,,159.7725535,159.938193417,159.938193417,159.938193417,159.938193417,159.938193417,159.938193417,159.938193417,159.938193417,159.938193417,166.325237708,7,-7,1,4,6.366536166,2,5.35427029200002,159.481963833,159.488166875,159.938193417,159.772540208,NaN,NaN,NaN,NaN,,NaN,,159.4784805,159.481916292,None,NaN,NaN,,NaN,NaN,NaN,NaN,NaN,NaN,NaN,9,bathroom,2,2024-03-22_12h26.00.837,image_similarity_rating,2023.2.3,None,2024-03-22 12h27.07.079342 +0100
,105,123,144,144,stimuli/own/bathroom/105_bat.jpg,stimuli/own/bathroom/123_bat.jpg,NaN,NaN,NaN,NaN,NaN,NaN,NaN,NaN,0,13,13,143,166.338147792,NaN,NaN,NaN,NaN,NaN,NaN,NaN,,NaN,,166.62331475,166.788835083,166.788835083,166.788835083,166.788835083,166.788835083,166.788835083,166.788835083,166.788835083,166.788835083,180.241397125,-7,7,1,3,13.459343667,2,12.311874541,166.329066625,166.338147792,166.788835083,166.623302833,NaN,NaN,NaN,NaN,,NaN,,166.325470333,166.329008583,None,NaN,NaN,,NaN,NaN,NaN,NaN,NaN,NaN,NaN,9,bathroom,2,2024-03-22_12h26.00.837,image_similarity_rating,2023.2.3,None,2024-03-22 12h27.07.079342 +0100
,126,135,511,511,stimuli/own/bathroom/126_bat.jpg,stimuli/own/bathroom/135_bat.jpg,NaN,NaN,NaN,NaN,NaN,NaN,NaN,NaN,0,14,14,510,180.254579083,NaN,NaN,NaN,NaN,NaN,NaN,NaN,,NaN,,180.539312333,180.705046167,180.705046167,180.705046167,180.705046167,180.705046167,180.705046167,180.705046167,180.705046167,180.705046167,184.0115345,7,-7,1,5,2.73693225,5,3.23099425000004,180.2456845,180.254579083,180.705046167,180.539293667,NaN,NaN,NaN,NaN,,NaN,,180.241634833,180.245629208,None,NaN,NaN,,NaN,NaN,NaN,NaN,NaN,NaN,NaN,9,bathroom,2,2024-03-22_12h26.00.837,image_similarity_rating,2023.2.3,None,2024-03-22 12h27.07.079342 +0100
,112,141,270,270,stimuli/own/bathroom/112_bat.jpg,stimuli/own/bathroom/141_bat.jpg,NaN,NaN,NaN,NaN,NaN,NaN,NaN,NaN,0,15,15,269,184.021317042,NaN,NaN,NaN,NaN,NaN,NaN,NaN,,NaN,,184.305976625,184.471121875,184.471121875,184.471121875,184.471121875,184.471121875,184.471121875,184.471121875,184.471121875,184.471121875,190.0591215,-7,7,1,4,5.62618512500001,2,4.32290812500003,184.015257292,184.021317042,184.471121875,184.305963458,NaN,NaN,NaN,NaN,,NaN,,184.011762042,184.015209667,None,NaN,NaN,,NaN,NaN,NaN,NaN,NaN,NaN,NaN,9,bathroom,2,2024-03-22_12h26.00.837,image_similarity_rating,2023.2.3,None,2024-03-22 12h27.07.079342 +0100
,112,138,267,267,stimuli/own/bathroom/112_bat.jpg,stimuli/own/bathroom/138_bat.jpg,NaN,NaN,NaN,NaN,NaN,NaN,NaN,NaN,0,16,16,266,190.071341208,NaN,NaN,NaN,NaN,NaN,NaN,NaN,,NaN,,190.355843708,190.520566542,190.520566542,190.520566542,190.520566542,190.520566542,190.520566542,190.520566542,190.520566542,190.520566542,201.64050125,7,-7,1,4,11.076882584,2,5.47753616699998,190.063135458,190.071341208,190.520566542,190.355834167,NaN,NaN,NaN,NaN,,NaN,,190.059353,190.063084958,None,NaN,NaN,,NaN,NaN,NaN,NaN,NaN,NaN,NaN,9,bathroom,2,2024-03-22_12h26.00.837,image_similarity_rating,2023.2.3,None,2024-03-22 12h27.07.079342 +0100
,111,118,223,223,stimuli/own/bathroom/111_bat.jpg,stimuli/own/bathroom/118_bat.jpg,NaN,NaN,NaN,NaN,NaN,NaN,NaN,NaN,0,17,17,222,201.646238125,NaN,NaN,NaN,NaN,NaN,NaN,NaN,,NaN,,201.939467125,202.103989042,202.103989042,202.103989042,202.103989042,202.103989042,202.103989042,202.103989042,202.103989042,202.103989042,206.778488875,7,-7,1,4,4.58479625000001,1,2.81868670900002,201.644313917,201.646238125,202.103989042,201.939454542,NaN,NaN,NaN,NaN,,NaN,,201.640738083,201.644265458,None,NaN,NaN,,NaN,NaN,NaN,NaN,NaN,NaN,NaN,9,bathroom,2,2024-03-22_12h26.00.837,image_similarity_rating,2023.2.3,None,2024-03-22 12h27.07.079342 +0100
,125,136,499,499,stimuli/own/bathroom/125_bat.jpg,stimuli/own/bathroom/136_bat.jpg,NaN,NaN,NaN,NaN,NaN,NaN,NaN,NaN,0,18,18,498,206.787921083,NaN,NaN,NaN,NaN,NaN,NaN,NaN,,NaN,,207.072664042,207.234971042,207.234971042,207.234971042,207.234971042,207.234971042,207.234971042,207.234971042,207.234971042,207.234971042,212.549501042,-7,7,1,6,5.30904366700003,6,4.08434966599998,206.782468417,206.787921083,207.234971042,207.072653917,NaN,NaN,NaN,NaN,,NaN,,206.778724167,206.782418042,None,NaN,NaN,,NaN,NaN,NaN,NaN,NaN,NaN,NaN,9,bathroom,2,2024-03-22_12h26.00.837,image_similarity_rating,2023.2.3,None,2024-03-22 12h27.07.079342 +0100
,116,140,341,341,stimuli/own/bathroom/116_bat.jpg,stimuli/own/bathroom/140_bat.jpg,NaN,NaN,NaN,NaN,NaN,NaN,NaN,NaN,0,19,19,340,212.555876375,NaN,NaN,NaN,NaN,NaN,NaN,NaN,,NaN,,212.83918575,213.004736333,213.004736333,213.004736333,213.004736333,213.004736333,213.004736333,213.004736333,213.004736333,213.004736333,218.157011625,7,-7,1,5,4.73575412500003,2,2.762454375,212.553234333,212.555876375,213.004736333,212.839172875,NaN,NaN,NaN,NaN,,NaN,,212.549724792,212.553186458,None,NaN,NaN,,NaN,NaN,NaN,NaN,NaN,NaN,NaN,9,bathroom,2,2024-03-22_12h26.00.837,image_similarity_rating,2023.2.3,None,2024-03-22 12h27.07.079342 +0100
,105,113,135,135,stimuli/own/bathroom/105_bat.jpg,stimuli/own/bathroom/113_bat.jpg,NaN,NaN,NaN,NaN,NaN,NaN,NaN,NaN,0,20,20,134,218.162644458,NaN,NaN,NaN,NaN,NaN,NaN,NaN,,NaN,,218.45578475,218.62803575,218.62803575,218.62803575,218.62803575,218.62803575,218.62803575,218.62803575,218.62803575,218.62803575,222.408909625,7,-7,1,5,3.830122625,5,2.96629708300003,218.160711583,218.162644458,218.62803575,218.455768708,NaN,NaN,NaN,NaN,,NaN,,218.157234958,218.16066425,None,NaN,NaN,,NaN,NaN,NaN,NaN,NaN,NaN,NaN,9,bathroom,2,2024-03-22_12h26.00.837,image_similarity_rating,2023.2.3,None,2024-03-22 12h27.07.079342 +0100
,101,123,18,18,stimuli/own/bathroom/101_bat.jpg,stimuli/own/bathroom/123_bat.jpg,NaN,NaN,NaN,NaN,NaN,NaN,NaN,NaN,0,21,21,17,222.420970833,NaN,NaN,NaN,NaN,NaN,NaN,NaN,,NaN,,222.70554175,222.863345958,222.863345958,222.863345958,222.863345958,222.863345958,222.863345958,222.863345958,222.863345958,222.863345958,227.390285625,7,-7,1,6,4.10115137499997,4,3.21412662500001,222.413247042,222.420970833,222.863345958,222.705528167,NaN,NaN,NaN,NaN,,NaN,,222.409164125,222.413198375,None,NaN,NaN,,NaN,NaN,NaN,NaN,NaN,NaN,NaN,9,bathroom,2,2024-03-22_12h26.00.837,image_similarity_rating,2023.2.3,None,2024-03-22 12h27.07.079342 +0100
,102,139,65,607,stimuli/own/bathroom/102_bat.jpg,stimuli/own/bathroom/139_bat.jpg,NaN,NaN,NaN,NaN,NaN,NaN,NaN,NaN,0,22,22,606,227.395716208,NaN,NaN,NaN,NaN,NaN,NaN,NaN,,NaN,,227.689331083,227.854334375,227.854334375,227.854334375,227.854334375,227.854334375,227.854334375,227.854334375,227.854334375,227.854334375,230.515811208,7,-7,1,6,2.34328541600001,6,2.69983441700003,227.393977708,227.395716208,227.854334375,227.689315292,NaN,NaN,NaN,NaN,,NaN,,227.390512792,227.393930125,None,NaN,NaN,,NaN,NaN,NaN,NaN,NaN,NaN,NaN,9,bathroom,2,2024-03-22_12h26.00.837,image_similarity_rating,2023.2.3,None,2024-03-22 12h27.07.079342 +0100
,101,103,2,2,stimuli/own/bathroom/101_bat.jpg,stimuli/own/bathroom/103_bat.jpg,NaN,NaN,NaN,NaN,NaN,NaN,NaN,NaN,0,23,23,1,230.537717417,NaN,NaN,NaN,NaN,NaN,NaN,NaN,,NaN,,230.822173458,230.986540375,230.986540375,230.986540375,230.986540375,230.986540375,230.986540375,230.986540375,230.986540375,230.986540375,232.674521375,7,-7,1,6,1.71622416600002,6,0.965654458000017,230.519515167,230.537717417,NaN,230.822146167,NaN,NaN,NaN,NaN,,NaN,,230.516034583,230.51946625,None,NaN,NaN,,NaN,NaN,NaN,NaN,NaN,NaN,NaN,9,bathroom,2,2024-03-22_12h26.00.837,image_similarity_rating,2023.2.3,None,2024-03-22 12h27.07.079342 +0100
,120,134,417,417,stimuli/own/bathroom/120_bat.jpg,stimuli/own/bathroom/134_bat.jpg,NaN,NaN,NaN,NaN,NaN,NaN,NaN,NaN,0,24,24,416,232.680642333,NaN,NaN,NaN,NaN,NaN,NaN,NaN,,NaN,,232.972726583,233.13850525,233.13850525,233.13850525,233.13850525,233.13850525,233.13850525,233.13850525,233.13850525,233.13850525,236.941764375,-7,7,1,7,3.32572729200001,7,3.74233041700001,232.6783775,232.680642333,233.13850525,232.972712542,NaN,NaN,NaN,NaN,,NaN,,232.674748917,232.6783295,None,NaN,NaN,,NaN,NaN,NaN,NaN,NaN,NaN,NaN,9,bathroom,2,2024-03-22_12h26.00.837,image_similarity_rating,2023.2.3,None,2024-03-22 12h27.07.079342 +0100
,103,132,91,91,stimuli/own/bathroom/103_bat.jpg,stimuli/own/bathroom/132_bat.jpg,NaN,NaN,NaN,NaN,NaN,NaN,NaN,NaN,0,25,25,90,236.954409667,NaN,NaN,NaN,NaN,NaN,NaN,NaN,,NaN,,237.239335917,237.40401775,237.40401775,237.40401775,237.40401775,237.40401775,237.40401775,237.40401775,237.40401775,237.40401775,243.257409917,-7,7,1,6,5.795018916,7,4.92078874999999,236.945651625,236.954409667,237.40401775,237.239322958,NaN,NaN,NaN,NaN,,NaN,,236.941999875,236.945601333,None,NaN,NaN,,NaN,NaN,NaN,NaN,NaN,NaN,NaN,9,bathroom,2,2024-03-22_12h26.00.837,image_similarity_rating,2023.2.3,None,2024-03-22 12h27.07.079342 +0100
,114,118,298,298,stimuli/own/bathroom/114_bat.jpg,stimuli/own/bathroom/118_bat.jpg,NaN,NaN,NaN,NaN,NaN,NaN,NaN,NaN,0,26,26,297,243.263588375,NaN,NaN,NaN,NaN,NaN,NaN,NaN,,NaN,,243.556743875,243.721787625,243.721787625,243.721787625,243.721787625,243.721787625,243.721787625,243.721787625,243.721787625,243.721787625,248.303078875,7,-7,1,5,4.547758042,1,3.28752262500001,243.261485292,243.263588375,243.721787625,243.556730292,NaN,NaN,NaN,NaN,,NaN,,243.257642417,243.261433417,None,NaN,NaN,,NaN,NaN,NaN,NaN,NaN,NaN,NaN,9,bathroom,2,2024-03-22_12h26.00.837,image_similarity_rating,2023.2.3,None,2024-03-22 12h27.07.079342 +0100
,134,135,568,568,stimuli/own/bathroom/134_bat.jpg,stimuli/own/bathroom/135_bat.jpg,NaN,NaN,NaN,NaN,NaN,NaN,NaN,NaN,0,27,27,567,248.308892333,NaN,NaN,NaN,NaN,NaN,NaN,NaN,,NaN,,248.60578075,248.771466792,248.771466792,248.771466792,248.771466792,248.771466792,248.771466792,248.771466792,248.771466792,248.771466792,252.815820542,-7,7,1,5,3.230685542,5,3.971543666,248.306944292,248.308892333,248.771466792,248.605761667,NaN,NaN,NaN,NaN,,NaN,,248.303317875,248.30689575,None,NaN,NaN,,NaN,NaN,NaN,NaN,NaN,NaN,NaN,9,bathroom,2,2024-03-22_12h26.00.837,image_similarity_rating,2023.2.3,None,2024-03-22 12h27.07.079342 +0100
,102,141,67,67,stimuli/own/bathroom/102_bat.jpg,stimuli/own/bathroom/141_bat.jpg,NaN,NaN,NaN,NaN,NaN,NaN,NaN,NaN,0,28,28,66,252.837739042,NaN,NaN,NaN,NaN,NaN,NaN,NaN,,NaN,,253.121799,253.286461958,253.286461958,253.286461958,253.286461958,253.286461958,253.286461958,253.286461958,253.286461958,253.286461958,257.148582625,7,-7,1,6,3.19413262500001,6,3.825326625,252.819514958,252.837739042,NaN,253.121774625,NaN,NaN,NaN,NaN,,NaN,,252.816045125,252.819467833,None,NaN,NaN,,NaN,NaN,NaN,NaN,NaN,NaN,NaN,9,bathroom,2,2024-03-22_12h26.00.837,image_similarity_rating,2023.2.3,None,2024-03-22 12h27.07.079342 +0100
,118,125,371,371,stimuli/own/bathroom/118_bat.jpg,stimuli/own/bathroom/125_bat.jpg,NaN,NaN,NaN,NaN,NaN,NaN,NaN,NaN,0,29,29,370,257.171312292,NaN,NaN,NaN,NaN,NaN,NaN,NaN,,NaN,,257.455145208,257.623669458,257.623669458,257.623669458,257.623669458,257.623669458,257.623669458,257.623669458,257.623669458,257.623669458,261.487005958,7,-7,1,4,3.912067584,1,2.33949220900001,257.152600875,257.171312292,NaN,257.455125958,NaN,NaN,NaN,NaN,,NaN,,257.1488065,257.152550542,None,NaN,NaN,,NaN,NaN,NaN,NaN,NaN,NaN,NaN,9,bathroom,2,2024-03-22_12h26.00.837,image_similarity_rating,2023.2.3,None,2024-03-22 12h27.07.079342 +0100
,102,103,35,35,stimuli/own/bathroom/102_bat.jpg,stimuli/own/bathroom/103_bat.jpg,NaN,NaN,NaN,NaN,NaN,NaN,NaN,NaN,0,30,30,34,261.492747417,NaN,NaN,NaN,NaN,NaN,NaN,NaN,,NaN,,261.776264083,261.941030833,261.941030833,261.941030833,261.941030833,261.941030833,261.941030833,261.941030833,261.941030833,261.941030833,267.48235925,-7,7,1,5,4.81387679199997,5,5.58099066699998,261.490820833,261.492747417,261.941030833,261.7762525,NaN,NaN,NaN,NaN,,NaN,,261.487229833,261.490772875,None,NaN,NaN,,NaN,NaN,NaN,NaN,NaN,NaN,NaN,9,bathroom,2,2024-03-22_12h26.00.837,image_similarity_rating,2023.2.3,None,2024-03-22 12h27.07.079342 +0100
,101,135,28,28,stimuli/own/bathroom/101_bat.jpg,stimuli/own/bathroom/135_bat.jpg,NaN,NaN,NaN,NaN,NaN,NaN,NaN,NaN,0,31,31,27,267.504418208,NaN,NaN,NaN,NaN,NaN,NaN,NaN,,NaN,,267.788406125,267.95353,267.95353,267.95353,267.95353,267.95353,267.95353,267.95353,267.95353,267.95353,273.123879,7,-7,1,5,4.62806966700003,6,5.12244229100003,267.48603825,267.504418208,NaN,267.788388917,NaN,NaN,NaN,NaN,,NaN,,267.482584083,267.485990958,None,NaN,NaN,,NaN,NaN,NaN,NaN,NaN,NaN,NaN,9,bathroom,2,2024-03-22_12h26.00.837,image_similarity_rating,2023.2.3,None,2024-03-22 12h27.07.079342 +0100
,129,137,536,536,stimuli/own/bathroom/129_bat.jpg,stimuli/own/bathroom/137_bat.jpg,NaN,NaN,NaN,NaN,NaN,NaN,NaN,NaN,0,32,32,535,273.137635125,NaN,NaN,NaN,NaN,NaN,NaN,NaN,,NaN,,273.422196417,273.588379583,273.588379583,273.588379583,273.588379583,273.588379583,273.588379583,273.588379583,273.588379583,273.588379583,278.061461125,-7,7,1,3,4.26394345800003,1,2.43607320799998,273.128132375,273.137635125,273.588379583,273.422177083,NaN,NaN,NaN,NaN,,NaN,,273.124118125,273.128077375,None,NaN,NaN,,NaN,NaN,NaN,NaN,NaN,NaN,NaN,9,bathroom,2,2024-03-22_12h26.00.837,image_similarity_rating,2023.2.3,None,2024-03-22 12h27.07.079342 +0100
,106,136,184,184,stimuli/own/bathroom/106_bat.jpg,stimuli/own/bathroom/136_bat.jpg,NaN,NaN,NaN,NaN,NaN,NaN,NaN,NaN,0,33,33,183,278.070960875,NaN,NaN,NaN,NaN,NaN,NaN,NaN,,NaN,,278.355678292,278.519909875,278.519909875,278.519909875,278.519909875,278.519909875,278.519909875,278.519909875,278.519909875,278.519909875,283.141530667,-7,7,1,3,4.59938329199997,1,2.86085891700003,278.06519125,278.070960875,278.519909875,278.355665083,NaN,NaN,NaN,NaN,,NaN,,278.061686625,278.065143917,None,NaN,NaN,,NaN,NaN,NaN,NaN,NaN,NaN,NaN,9,bathroom,2,2024-03-22_12h26.00.837,image_similarity_rating,2023.2.3,None,2024-03-22 12h27.07.079342 +0100
,123,132,467,467,stimuli/own/bathroom/123_bat.jpg,stimuli/own/bathroom/132_bat.jpg,NaN,NaN,NaN,NaN,NaN,NaN,NaN,NaN,0,34,34,466,283.154069708,NaN,NaN,NaN,NaN,NaN,NaN,NaN,,NaN,,283.438979542,283.602641792,283.602641792,283.602641792,283.602641792,283.602641792,283.602641792,283.602641792,283.602641792,283.602641792,289.038265083,-7,7,1,4,5.54069383400002,2,4.44095533299998,283.145296333,283.154069708,283.602641792,283.438966458,NaN,NaN,NaN,NaN,,NaN,,283.141757208,283.145248417,None,NaN,NaN,,NaN,NaN,NaN,NaN,NaN,NaN,NaN,9,bathroom,2,2024-03-22_12h26.00.837,image_similarity_rating,2023.2.3,None,2024-03-22 12h27.07.079342 +0100
,103,106,70,70,stimuli/own/bathroom/103_bat.jpg,stimuli/own/bathroom/106_bat.jpg,NaN,NaN,NaN,NaN,NaN,NaN,NaN,NaN,0,35,35,69,289.044776208,NaN,NaN,NaN,NaN,NaN,NaN,NaN,,NaN,,289.338063167,289.491175417,289.491175417,289.491175417,289.491175417,289.491175417,289.491175417,289.491175417,289.491175417,289.491175417,293.69889125,-7,7,1,4,4.12784779100002,2,2.31968445799998,289.042631875,289.044776208,289.491175417,289.338051167,NaN,NaN,NaN,NaN,,NaN,,289.038522167,289.042574708,None,NaN,NaN,,NaN,NaN,NaN,NaN,NaN,NaN,NaN,9,bathroom,2,2024-03-22_12h26.00.837,image_similarity_rating,2023.2.3,None,2024-03-22 12h27.07.079342 +0100
,129,132,532,532,stimuli/own/bathroom/129_bat.jpg,stimuli/own/bathroom/132_bat.jpg,NaN,NaN,NaN,NaN,NaN,NaN,NaN,NaN,0,36,36,531,293.705513167,NaN,NaN,NaN,NaN,NaN,NaN,NaN,,NaN,,293.991591,294.143021667,294.143021667,294.143021667,294.143021667,294.143021667,294.143021667,294.143021667,294.143021667,294.143021667,299.83697475,7,-7,1,5,5.57082341699999,5,2.94809745800001,293.703266833,293.705513167,294.143021667,293.991586792,NaN,NaN,NaN,NaN,,NaN,,293.69914475,293.703208542,None,NaN,NaN,,NaN,NaN,NaN,NaN,NaN,NaN,NaN,9,bathroom,2,2024-03-22_12h26.00.837,image_similarity_rating,2023.2.3,None,2024-03-22 12h27.07.079342 +0100
,132,134,560,560,stimuli/own/bathroom/132_bat.jpg,stimuli/own/bathroom/134_bat.jpg,NaN,NaN,NaN,NaN,NaN,NaN,NaN,NaN,0,37,37,559,299.842699958,NaN,NaN,NaN,NaN,NaN,NaN,NaN,,NaN,,300.126265708,300.292885042,300.292885042,300.292885042,300.292885042,300.292885042,300.292885042,300.292885042,300.292885042,300.292885042,305.456912375,-7,7,1,6,4.49926287500006,6,4.96415366699995,299.840933125,299.842699958,300.292885042,300.126253167,NaN,NaN,NaN,NaN,,NaN,,299.837200458,299.840881083,None,NaN,NaN,,NaN,NaN,NaN,NaN,NaN,NaN,NaN,9,bathroom,2,2024-03-22_12h26.00.837,image_similarity_rating,2023.2.3,None,2024-03-22 12h27.07.079342 +0100
,114,139,317,317,stimuli/own/bathroom/114_bat.jpg,stimuli/own/bathroom/139_bat.jpg,NaN,NaN,NaN,NaN,NaN,NaN,NaN,NaN,0,38,38,316,305.462790958,NaN,NaN,NaN,NaN,NaN,NaN,NaN,,NaN,,305.755407917,305.926497583,305.926497583,305.926497583,305.926497583,305.926497583,305.926497583,305.926497583,305.926497583,305.926497583,314.131724,-7,7,1,6,7.14406895799993,6,8.06881799999996,305.460851958,305.462790958,305.926497583,305.755391542,NaN,NaN,NaN,NaN,,NaN,,305.457146958,305.460803542,None,NaN,NaN,,NaN,NaN,NaN,NaN,NaN,NaN,NaN,9,bathroom,2,2024-03-22_12h26.00.837,image_similarity_rating,2023.2.3,None,2024-03-22 12h27.07.079342 +0100
,118,122,368,368,stimuli/own/bathroom/118_bat.jpg,stimuli/own/bathroom/122_bat.jpg,NaN,NaN,NaN,NaN,NaN,NaN,NaN,NaN,0,39,39,367,314.137403333,NaN,NaN,NaN,NaN,NaN,NaN,NaN,,NaN,,314.422155667,314.589062875,314.589062875,314.589062875,314.589062875,314.589062875,314.589062875,314.589062875,314.589062875,314.589062875,318.983174458,-7,7,1,5,4.44744358299999,2,2.31287537500009,314.135540833,314.137403333,314.589062875,314.422137792,NaN,NaN,NaN,NaN,,NaN,,314.131948667,314.135493625,None,NaN,NaN,,NaN,NaN,NaN,NaN,NaN,NaN,NaN,9,bathroom,2,2024-03-22_12h26.00.837,image_similarity_rating,2023.2.3,None,2024-03-22 12h27.07.079342 +0100
,119,130,395,395,stimuli/own/bathroom/119_bat.jpg,stimuli/own/bathroom/130_bat.jpg,NaN,NaN,NaN,NaN,NaN,NaN,NaN,NaN,0,40,40,394,318.989084958,NaN,NaN,NaN,NaN,NaN,NaN,NaN,,NaN,,319.272147417,319.439094625,319.439094625,319.439094625,319.439094625,319.439094625,319.439094625,319.439094625,319.439094625,319.439094625,323.350016792,-7,7,1,4,3.95140045799997,1,2.99017737500003,318.987035167,318.989084958,319.439094625,319.272132125,NaN,NaN,NaN,NaN,,NaN,,318.98339875,318.986987292,None,NaN,NaN,,NaN,NaN,NaN,NaN,NaN,NaN,NaN,9,bathroom,2,2024-03-22_12h26.00.837,image_similarity_rating,2023.2.3,None,2024-03-22 12h27.07.079342 +0100
,116,119,322,322,stimuli/own/bathroom/116_bat.jpg,stimuli/own/bathroom/119_bat.jpg,NaN,NaN,NaN,NaN,NaN,NaN,NaN,NaN,0,41,41,321,323.355784417,NaN,NaN,NaN,NaN,NaN,NaN,NaN,,NaN,,323.641998083,323.804691708,323.804691708,323.804691708,323.804691708,323.804691708,323.804691708,323.804691708,323.804691708,323.804691708,326.474016042,-7,7,1,4,2.751651208,1,1.36843925000005,323.353892625,323.355784417,323.804691708,323.641987792,NaN,NaN,NaN,NaN,,NaN,,323.350249917,323.353845875,None,NaN,NaN,,NaN,NaN,NaN,NaN,NaN,NaN,NaN,9,bathroom,2,2024-03-22_12h26.00.837,image_similarity_rating,2023.2.3,None,2024-03-22 12h27.07.079342 +0100
,104,127,118,118,stimuli/own/bathroom/104_bat.jpg,stimuli/own/bathroom/127_bat.jpg,NaN,NaN,NaN,NaN,NaN,NaN,NaN,NaN,0,42,42,117,326.479660292,NaN,NaN,NaN,NaN,NaN,NaN,NaN,,NaN,,326.771925417,326.938051625,326.938051625,326.938051625,326.938051625,326.938051625,326.938051625,326.938051625,326.938051625,326.938051625,332.827859667,7,-7,1,5,5.89959562499996,2,4.95349737499998,326.477701,326.479660292,326.938051625,326.771912583,NaN,NaN,NaN,NaN,,NaN,,326.474238375,326.477653542,None,NaN,NaN,,NaN,NaN,NaN,NaN,NaN,NaN,NaN,9,bathroom,2,2024-03-22_12h26.00.837,image_similarity_rating,2023.2.3,None,2024-03-22 12h27.07.079342 +0100
,116,126,329,329,stimuli/own/bathroom/116_bat.jpg,stimuli/own/bathroom/126_bat.jpg,NaN,NaN,NaN,NaN,NaN,NaN,NaN,NaN,0,43,43,328,332.837362875,NaN,NaN,NaN,NaN,NaN,NaN,NaN,,NaN,,333.121778958,333.285591,333.285591,333.285591,333.285591,333.285591,333.285591,333.285591,333.285591,333.285591,336.47733075,-7,7,1,4,2.75823670800003,1,1.98359979199995,332.831514292,332.837362875,333.285591,333.121766167,NaN,NaN,NaN,NaN,,NaN,,332.8280885,332.831467125,None,NaN,NaN,,NaN,NaN,NaN,NaN,NaN,NaN,NaN,9,bathroom,2,2024-03-22_12h26.00.837,image_similarity_rating,2023.2.3,None,2024-03-22 12h27.07.079342 +0100
,122,141,459,459,stimuli/own/bathroom/122_bat.jpg,stimuli/own/bathroom/141_bat.jpg,NaN,NaN,NaN,NaN,NaN,NaN,NaN,NaN,0,44,44,458,336.487310333,NaN,NaN,NaN,NaN,NaN,NaN,NaN,,NaN,,336.771902583,336.936945708,336.936945708,336.936945708,336.936945708,336.936945708,336.936945708,336.936945708,336.936945708,336.936945708,342.827592125,7,-7,1,4,5.76486499999999,1,2.27010904200006,336.48113225,336.487310333,336.936945708,336.771888,NaN,NaN,NaN,NaN,,NaN,,336.477555125,336.481084875,None,NaN,NaN,,NaN,NaN,NaN,NaN,NaN,NaN,NaN,9,bathroom,2,2024-03-22_12h26.00.837,image_similarity_rating,2023.2.3,None,2024-03-22 12h27.07.079342 +0100
,114,125,305,305,stimuli/own/bathroom/114_bat.jpg,stimuli/own/bathroom/125_bat.jpg,NaN,NaN,NaN,NaN,NaN,NaN,NaN,NaN,0,45,45,304,342.837397042,NaN,NaN,NaN,NaN,NaN,NaN,NaN,,NaN,,343.121748167,343.286300625,343.286300625,343.286300625,343.286300625,343.286300625,343.286300625,343.286300625,343.286300625,343.286300625,352.291296125,-7,7,1,3,9.05769837499997,1,8.09295583300002,342.831262,342.837397042,343.286300625,343.121735375,NaN,NaN,NaN,NaN,,NaN,,342.827818208,342.8312145,None,NaN,NaN,,NaN,NaN,NaN,NaN,NaN,NaN,NaN,9,bathroom,2,2024-03-22_12h26.00.837,image_similarity_rating,2023.2.3,None,2024-03-22 12h27.07.079342 +0100
,121,127,430,430,stimuli/own/bathroom/121_bat.jpg,stimuli/own/bathroom/127_bat.jpg,NaN,NaN,NaN,NaN,NaN,NaN,NaN,NaN,0,46,46,429,352.303889625,NaN,NaN,NaN,NaN,NaN,NaN,NaN,,NaN,,352.589137958,352.7541385,352.7541385,352.7541385,352.7541385,352.7541385,352.7541385,352.7541385,352.7541385,352.7541385,356.274931875,7,-7,1,4,3.60420087499995,2,2.69824879099997,352.295167625,352.303889625,352.7541385,352.589124417,NaN,NaN,NaN,NaN,,NaN,,352.291532083,352.295118458,None,NaN,NaN,,NaN,NaN,NaN,NaN,NaN,NaN,NaN,9,bathroom,2,2024-03-22_12h26.00.837,image_similarity_rating,2023.2.3,None,2024-03-22 12h27.07.079342 +0100
,122,136,454,454,stimuli/own/bathroom/122_bat.jpg,stimuli/own/bathroom/136_bat.jpg,NaN,NaN,NaN,NaN,NaN,NaN,NaN,NaN,0,47,47,453,356.287236917,NaN,NaN,NaN,NaN,NaN,NaN,NaN,,NaN,,356.572693875,356.738297,356.738297,356.738297,356.738297,356.738297,356.738297,356.738297,356.738297,356.738297,360.602508292,7,-7,1,6,2.11999412500006,4,3.77827683300006,356.278623417,356.287236917,356.738297,356.572680375,NaN,NaN,NaN,NaN,,NaN,,356.275152375,356.2785675,None,NaN,NaN,,NaN,NaN,NaN,NaN,NaN,NaN,NaN,9,bathroom,2,2024-03-22_12h26.00.837,image_similarity_rating,2023.2.3,None,2024-03-22 12h27.07.079342 +0100
,120,125,410,410,stimuli/own/bathroom/120_bat.jpg,stimuli/own/bathroom/125_bat.jpg,NaN,NaN,NaN,NaN,NaN,NaN,NaN,NaN,0,48,48,409,360.608150333,NaN,NaN,NaN,NaN,NaN,NaN,NaN,,NaN,,360.891614083,361.054316833,361.054316833,361.054316833,361.054316833,361.054316833,361.054316833,361.054316833,361.054316833,361.054316833,368.915156542,7,-7,1,6,7.88213770799996,4,7.00604725000005,360.60621525,360.608150333,361.054316833,360.891604333,NaN,NaN,NaN,NaN,,NaN,,360.602736375,360.606168167,None,NaN,NaN,,NaN,NaN,NaN,NaN,NaN,NaN,NaN,9,bathroom,2,2024-03-22_12h26.00.837,image_similarity_rating,2023.2.3,None,2024-03-22 12h27.07.079342 +0100
,111,120,225,225,stimuli/own/bathroom/111_bat.jpg,stimuli/own/bathroom/120_bat.jpg,NaN,NaN,NaN,NaN,NaN,NaN,NaN,NaN,0,49,49,224,368.93736925,NaN,NaN,NaN,NaN,NaN,NaN,NaN,,NaN,,369.221673083,369.3879965,369.3879965,369.3879965,369.3879965,369.3879965,369.3879965,369.3879965,369.3879965,369.3879965,374.372792958,-7,7,1,6,2.44998820800004,5,4.97458424999991,368.918816833,368.93736925,NaN,369.221654458,NaN,NaN,NaN,NaN,,NaN,,368.915383708,368.918770042,None,NaN,NaN,,NaN,NaN,NaN,NaN,NaN,NaN,NaN,9,bathroom,2,2024-03-22_12h26.00.837,image_similarity_rating,2023.2.3,None,2024-03-22 12h27.07.079342 +0100
,124,127,478,478,stimuli/own/bathroom/124_bat.jpg,stimuli/own/bathroom/127_bat.jpg,NaN,NaN,NaN,NaN,NaN,NaN,NaN,NaN,0,50,50,477,374.378396083,NaN,NaN,NaN,NaN,NaN,NaN,NaN,,NaN,,374.671701,374.8389695,374.8389695,374.8389695,374.8389695,374.8389695,374.8389695,374.8389695,374.8389695,374.8389695,381.636142292,7,-7,1,6,6.89632883399997,2,5.96340733299996,374.376465583,374.378396083,374.8389695,374.671682458,NaN,NaN,NaN,NaN,,NaN,,374.373015708,374.376418417,None,NaN,NaN,,NaN,NaN,NaN,NaN,NaN,NaN,NaN,9,bathroom,2,2024-03-22_12h26.00.837,image_similarity_rating,2023.2.3,None,2024-03-22 12h27.07.079342 +0100
,104,118,109,109,stimuli/own/bathroom/104_bat.jpg,stimuli/own/bathroom/118_bat.jpg,NaN,NaN,NaN,NaN,NaN,NaN,NaN,NaN,0,51,51,108,381.64177025,NaN,NaN,NaN,NaN,NaN,NaN,NaN,,NaN,,381.925205958,382.088948958,382.088948958,382.088948958,382.088948958,382.088948958,382.088948958,382.088948958,382.088948958,382.088948958,386.956499625,7,-7,1,6,3.94212579199996,3,4.84495529100002,381.639829375,381.64177025,382.088948958,381.925196167,NaN,NaN,NaN,NaN,,NaN,,381.636365417,381.639781708,None,NaN,NaN,,NaN,NaN,NaN,NaN,NaN,NaN,NaN,9,bathroom,2,2024-03-22_12h26.00.837,image_similarity_rating,2023.2.3,None,2024-03-22 12h27.07.079342 +0100
,119,136,400,400,stimuli/own/bathroom/119_bat.jpg,stimuli/own/bathroom/136_bat.jpg,NaN,NaN,NaN,NaN,NaN,NaN,NaN,NaN,0,52,52,399,386.9622135,NaN,NaN,NaN,NaN,NaN,NaN,NaN,,NaN,,387.25501625,387.421888917,387.421888917,387.421888917,387.421888917,387.421888917,387.421888917,387.421888917,387.421888917,387.421888917,391.556095292,7,-7,1,5,4.17048599999998,2,3.26900945800003,386.960292167,386.9622135,387.421888917,387.254997583,NaN,NaN,NaN,NaN,,NaN,,386.956729333,386.960244333,None,NaN,NaN,,NaN,NaN,NaN,NaN,NaN,NaN,NaN,9,bathroom,2,2024-03-22_12h26.00.837,image_similarity_rating,2023.2.3,None,2024-03-22 12h27.07.079342 +0100
,111,125,230,230,stimuli/own/bathroom/111_bat.jpg,stimuli/own/bathroom/125_bat.jpg,NaN,NaN,NaN,NaN,NaN,NaN,NaN,NaN,0,53,53,229,391.561649125,NaN,NaN,NaN,NaN,NaN,NaN,NaN,,NaN,,391.855110375,392.0187525,392.0187525,392.0187525,392.0187525,392.0187525,392.0187525,392.0187525,392.0187525,392.0187525,398.51503025,-7,7,1,5,5.29325654199999,4,6.46144212499996,391.559836333,391.561649125,392.0187525,391.855097375,NaN,NaN,NaN,NaN,,NaN,,391.556318,391.559789125,None,NaN,NaN,,NaN,NaN,NaN,NaN,NaN,NaN,NaN,9,bathroom,2,2024-03-22_12h26.00.837,image_similarity_rating,2023.2.3,None,2024-03-22 12h27.07.079342 +0100
,106,141,189,189,stimuli/own/bathroom/106_bat.jpg,stimuli/own/bathroom/141_bat.jpg,NaN,NaN,NaN,NaN,NaN,NaN,NaN,NaN,0,54,54,188,398.537020167,NaN,NaN,NaN,NaN,NaN,NaN,NaN,,NaN,,398.8211015,398.986050708,398.986050708,398.986050708,398.986050708,398.986050708,398.986050708,398.986050708,398.986050708,398.986050708,406.906891292,7,-7,1,5,7.36610791700002,4,6.48530058300003,398.518697583,398.537020167,NaN,398.821070542,NaN,NaN,NaN,NaN,,NaN,,398.515256875,398.518648458,None,NaN,NaN,,NaN,NaN,NaN,NaN,NaN,NaN,NaN,9,bathroom,2,2024-03-22_12h26.00.837,image_similarity_rating,2023.2.3,None,2024-03-22 12h27.07.079342 +0100
,102,134,60,60,stimuli/own/bathroom/102_bat.jpg,stimuli/own/bathroom/134_bat.jpg,NaN,NaN,NaN,NaN,NaN,NaN,NaN,NaN,0,55,55,59,406.91284875,NaN,NaN,NaN,NaN,NaN,NaN,NaN,,NaN,,407.2057035,407.371564208,407.371564208,407.371564208,407.371564208,407.371564208,407.371564208,407.371564208,407.371564208,407.371564208,414.785787875,7,-7,1,6,6.559071958,6,7.32838295800002,406.910759583,406.91284875,407.371564208,407.205689333,NaN,NaN,NaN,NaN,,NaN,,406.907120208,406.910712292,None,NaN,NaN,,NaN,NaN,NaN,NaN,NaN,NaN,NaN,9,bathroom,2,2024-03-22_12h26.00.837,image_similarity_rating,2023.2.3,None,2024-03-22 12h27.07.079342 +0100
,127,135,523,523,stimuli/own/bathroom/127_bat.jpg,stimuli/own/bathroom/135_bat.jpg,NaN,NaN,NaN,NaN,NaN,NaN,NaN,NaN,0,56,56,522,414.791538792,NaN,NaN,NaN,NaN,NaN,NaN,NaN,,NaN,,415.088352167,415.253020542,415.253020542,415.253020542,415.253020542,415.253020542,415.253020542,415.253020542,415.253020542,415.253020542,421.802672333,7,-7,1,5,6.0275345,3,5.04768175000004,414.789614208,414.791538792,415.253020542,415.088333167,NaN,NaN,NaN,NaN,,NaN,,414.78603975,414.789563792,None,NaN,NaN,,NaN,NaN,NaN,NaN,NaN,NaN,NaN,9,bathroom,2,2024-03-22_12h26.00.837,image_similarity_rating,2023.2.3,None,2024-03-22 12h27.07.079342 +0100
,113,126,282,282,stimuli/own/bathroom/113_bat.jpg,stimuli/own/bathroom/126_bat.jpg,NaN,NaN,NaN,NaN,NaN,NaN,NaN,NaN,0,57,57,281,421.808442583,NaN,NaN,NaN,NaN,NaN,NaN,NaN,,NaN,,422.093189125,422.256436292,422.256436292,422.256436292,422.256436292,422.256436292,422.256436292,422.256436292,422.256436292,422.256436292,428.311584542,-7,7,1,4,6.00144699999998,5,3.90048245900005,421.806372333,421.808442583,422.256436292,422.093179,NaN,NaN,NaN,NaN,,NaN,,421.802895833,421.806324708,None,NaN,NaN,,NaN,NaN,NaN,NaN,NaN,NaN,NaN,9,bathroom,2,2024-03-22_12h26.00.837,image_similarity_rating,2023.2.3,None,2024-03-22 12h27.07.079342 +0100
,112,125,256,256,stimuli/own/bathroom/112_bat.jpg,stimuli/own/bathroom/125_bat.jpg,NaN,NaN,NaN,NaN,NaN,NaN,NaN,NaN,0,58,58,255,428.320150833,NaN,NaN,NaN,NaN,NaN,NaN,NaN,,NaN,,428.605030583,428.768959042,428.768959042,428.768959042,428.768959042,428.768959042,428.768959042,428.768959042,428.768959042,428.768959042,434.089852208,7,-7,1,6,4.48547462500005,6,5.19215837500008,428.315290125,428.320150833,428.768959042,428.605020667,NaN,NaN,NaN,NaN,,NaN,,428.311809917,428.315242458,None,NaN,NaN,,NaN,NaN,NaN,NaN,NaN,NaN,NaN,9,bathroom,2,2024-03-22_12h26.00.837,image_similarity_rating,2023.2.3,None,2024-03-22 12h27.07.079342 +0100
,106,113,164,164,stimuli/own/bathroom/106_bat.jpg,stimuli/own/bathroom/113_bat.jpg,NaN,NaN,NaN,NaN,NaN,NaN,NaN,NaN,0,59,59,163,434.103465125,NaN,NaN,NaN,NaN,NaN,NaN,NaN,,NaN,,434.388966042,434.557924917,434.557924917,434.557924917,434.557924917,434.557924917,434.557924917,434.557924917,434.557924917,434.557924917,439.514983708,7,-7,1,3,5.00510004199998,2,3.32144029100004,434.093656,434.103465125,434.557924917,434.388949708,NaN,NaN,NaN,NaN,,NaN,,434.090094417,434.093606917,None,NaN,NaN,,NaN,NaN,NaN,NaN,NaN,NaN,NaN,9,bathroom,2,2024-03-22_12h26.00.837,image_similarity_rating,2023.2.3,None,2024-03-22 12h27.07.079342 +0100
,121,140,441,441,stimuli/own/bathroom/121_bat.jpg,stimuli/own/bathroom/140_bat.jpg,NaN,NaN,NaN,NaN,NaN,NaN,NaN,NaN,0,60,60,440,439.5368665,NaN,NaN,NaN,NaN,NaN,NaN,NaN,,NaN,,439.82081925,439.98506925,439.98506925,439.98506925,439.98506925,439.98506925,439.98506925,439.98506925,439.98506925,439.98506925,448.581144333,7,-7,1,2,8.59211104199994,1,6.11386404200005,439.518759417,439.5368665,NaN,439.820809167,NaN,NaN,NaN,NaN,,NaN,,439.515209458,439.518712542,None,NaN,NaN,,NaN,NaN,NaN,NaN,NaN,NaN,NaN,9,bathroom,2,2024-03-22_12h26.00.837,image_similarity_rating,2023.2.3,None,2024-03-22 12h27.07.079342 +0100
,124,131,481,481,stimuli/own/bathroom/124_bat.jpg,stimuli/own/bathroom/131_bat.jpg,NaN,NaN,NaN,NaN,NaN,NaN,NaN,NaN,0,61,61,480,448.586657542,NaN,NaN,NaN,NaN,NaN,NaN,NaN,,NaN,,448.871613917,449.036878833,449.036878833,449.036878833,449.036878833,449.036878833,449.036878833,449.036878833,449.036878833,449.036878833,455.324433917,7,-7,1,5,6.022094208,5,4.72160516700001,448.584820792,448.586657542,449.036878833,448.87160225,NaN,NaN,NaN,NaN,,NaN,,448.581368625,448.584774375,None,NaN,NaN,,NaN,NaN,NaN,NaN,NaN,NaN,NaN,9,bathroom,2,2024-03-22_12h26.00.837,image_similarity_rating,2023.2.3,None,2024-03-22 12h27.07.079342 +0100
,114,137,315,315,stimuli/own/bathroom/114_bat.jpg,stimuli/own/bathroom/137_bat.jpg,NaN,NaN,NaN,NaN,NaN,NaN,NaN,NaN,0,62,62,314,455.336747458,NaN,NaN,NaN,NaN,NaN,NaN,NaN,,NaN,,455.621496792,455.790200958,455.790200958,455.790200958,455.790200958,455.790200958,455.790200958,455.790200958,455.790200958,455.790200958,460.285467,-7,7,1,5,4.32031699999993,2,3.21787933300004,455.3281535,455.336747458,455.790200958,455.621480917,NaN,NaN,NaN,NaN,,NaN,,455.324658125,455.328105917,None,NaN,NaN,,NaN,NaN,NaN,NaN,NaN,NaN,NaN,9,bathroom,2,2024-03-22_12h26.00.837,image_similarity_rating,2023.2.3,None,2024-03-22 12h27.07.079342 +0100
,118,140,384,384,stimuli/own/bathroom/118_bat.jpg,stimuli/own/bathroom/140_bat.jpg,NaN,NaN,NaN,NaN,NaN,NaN,NaN,NaN,0,63,63,383,460.291178333,NaN,NaN,NaN,NaN,NaN,NaN,NaN,,NaN,,461.371302208,461.541230583,461.541230583,461.541230583,461.541230583,461.541230583,461.541230583,461.541230583,461.541230583,461.541230583,465.669128417,7,-7,2,4,4.12966170900006,1,2.59833795899999,461.080782958,461.086747625,461.541230583,461.371282208,NaN,NaN,NaN,NaN,,NaN,,460.285697708,461.079132125,space,460.291178333,0.787739416000022,None,NaN,NaN,NaN,NaN,NaN,NaN,NaN,9,bathroom,2,2024-03-22_12h26.00.837,image_similarity_rating,2023.2.3,None,2024-03-22 12h27.07.079342 +0100
,136,139,583,602,stimuli/own/bathroom/136_bat.jpg,stimuli/own/bathroom/139_bat.jpg,NaN,NaN,NaN,NaN,NaN,NaN,NaN,NaN,0,64,64,601,465.675344708,NaN,NaN,NaN,NaN,NaN,NaN,NaN,,NaN,,465.958708667,466.123208583,466.123208583,466.123208583,466.123208583,466.123208583,466.123208583,466.123208583,466.123208583,466.123208583,475.022976333,7,-7,2,4,8.77138054199997,5,7.1278564590001,465.673353792,465.675344708,466.123208583,465.95869225,NaN,NaN,NaN,NaN,,NaN,,465.669349875,465.673305917,None,NaN,NaN,,NaN,NaN,NaN,NaN,NaN,NaN,NaN,9,bathroom,2,2024-03-22_12h26.00.837,image_similarity_rating,2023.2.3,None,2024-03-22 12h27.07.079342 +0100
,127,141,529,529,stimuli/own/bathroom/127_bat.jpg,stimuli/own/bathroom/141_bat.jpg,NaN,NaN,NaN,NaN,NaN,NaN,NaN,NaN,0,65,65,528,475.036677417,NaN,NaN,NaN,NaN,NaN,NaN,NaN,,NaN,,475.321307583,475.486898958,475.486898958,475.486898958,475.486898958,475.486898958,475.486898958,475.486898958,475.486898958,475.486898958,481.714942792,7,-7,2,5,5.91216562499994,4,5.00445608299992,475.026974417,475.036677417,475.486898958,475.321294125,NaN,NaN,NaN,NaN,,NaN,,475.023218125,475.026923125,None,NaN,NaN,,NaN,NaN,NaN,NaN,NaN,NaN,NaN,9,bathroom,2,2024-03-22_12h26.00.837,image_similarity_rating,2023.2.3,None,2024-03-22 12h27.07.079342 +0100
,119,138,402,402,stimuli/own/bathroom/119_bat.jpg,stimuli/own/bathroom/138_bat.jpg,NaN,NaN,NaN,NaN,NaN,NaN,NaN,NaN,0,66,66,401,481.736620708,NaN,NaN,NaN,NaN,NaN,NaN,NaN,,NaN,,482.020781292,482.185630208,482.185630208,482.185630208,482.185630208,482.185630208,482.185630208,482.185630208,482.185630208,482.185630208,502.388967708,-7,7,2,6,20.313161834,6,17.72184625,481.71861875,481.736620708,NaN,482.020768083,NaN,NaN,NaN,NaN,,NaN,,481.715166375,481.718571792,None,NaN,NaN,,NaN,NaN,NaN,NaN,NaN,NaN,NaN,9,bathroom,2,2024-03-22_12h26.00.837,image_similarity_rating,2023.2.3,None,2024-03-22 12h27.07.079342 +0100
,113,122,278,278,stimuli/own/bathroom/113_bat.jpg,stimuli/own/bathroom/122_bat.jpg,NaN,NaN,NaN,NaN,NaN,NaN,NaN,NaN,0,67,67,277,502.394695042,NaN,NaN,NaN,NaN,NaN,NaN,NaN,,NaN,,502.687877333,502.856056083,502.856056083,502.856056083,502.856056083,502.856056083,502.856056083,502.856056083,502.856056083,502.856056083,512.209713708,7,-7,2,5,6.284716667,5,9.17911129100003,502.392748,502.394695042,502.856056083,502.687860583,NaN,NaN,NaN,NaN,,NaN,,502.389192458,502.392701125,None,NaN,NaN,,NaN,NaN,NaN,NaN,NaN,NaN,NaN,9,bathroom,2,2024-03-22_12h26.00.837,image_similarity_rating,2023.2.3,None,2024-03-22 12h27.07.079342 +0100
,127,137,525,525,stimuli/own/bathroom/127_bat.jpg,stimuli/own/bathroom/137_bat.jpg,NaN,NaN,NaN,NaN,NaN,NaN,NaN,NaN,0,68,68,524,512.220178875,NaN,NaN,NaN,NaN,NaN,NaN,NaN,,NaN,,512.504433625,512.671891292,512.671891292,512.671891292,512.671891292,512.671891292,512.671891292,512.671891292,512.671891292,512.671891292,516.838876292,7,-7,2,4,4.16433862499991,2,3.17062841699999,512.213376792,512.220178875,512.671891292,512.504417375,NaN,NaN,NaN,NaN,,NaN,,512.209940458,512.213330167,None,NaN,NaN,,NaN,NaN,NaN,NaN,NaN,NaN,NaN,9,bathroom,2,2024-03-22_12h26.00.837,image_similarity_rating,2023.2.3,None,2024-03-22 12h27.07.079342 +0100
,122,123,443,443,stimuli/own/bathroom/122_bat.jpg,stimuli/own/bathroom/123_bat.jpg,NaN,NaN,NaN,NaN,NaN,NaN,NaN,NaN,0,69,69,442,516.844452708,NaN,NaN,NaN,NaN,NaN,NaN,NaN,,NaN,,517.137702333,517.306152833,517.306152833,517.306152833,517.306152833,517.306152833,517.306152833,517.306152833,517.306152833,517.306152833,523.407424375,-7,7,2,5,6.20120433399995,3,4.86136025000008,516.842539875,516.844452708,517.306152833,517.137686875,NaN,NaN,NaN,NaN,,NaN,,516.839097208,516.842492625,None,NaN,NaN,,NaN,NaN,NaN,NaN,NaN,NaN,NaN,9,bathroom,2,2024-03-22_12h26.00.837,image_similarity_rating,2023.2.3,None,2024-03-22 12h27.07.079342 +0100
,101,130,24,24,stimuli/own/bathroom/101_bat.jpg,stimuli/own/bathroom/130_bat.jpg,NaN,NaN,NaN,NaN,NaN,NaN,NaN,NaN,0,70,70,23,523.419847625,NaN,NaN,NaN,NaN,NaN,NaN,NaN,,NaN,,523.704481125,523.876109,523.876109,523.876109,523.876109,523.876109,523.876109,523.876109,523.876109,523.876109,531.201818792,-7,7,2,4,6.83209999999997,4,5.81631433300004,523.411086792,523.419847625,523.876109,523.704465333,NaN,NaN,NaN,NaN,,NaN,,523.407646792,523.411039875,None,NaN,NaN,,NaN,NaN,NaN,NaN,NaN,NaN,NaN,9,bathroom,2,2024-03-22_12h26.00.837,image_similarity_rating,2023.2.3,None,2024-03-22 12h27.07.079342 +0100
,127,129,518,518,stimuli/own/bathroom/127_bat.jpg,stimuli/own/bathroom/129_bat.jpg,NaN,NaN,NaN,NaN,NaN,NaN,NaN,NaN,0,71,71,517,531.20740725,NaN,NaN,NaN,NaN,NaN,NaN,NaN,,NaN,,531.491709875,531.6567975,531.6567975,531.6567975,531.6567975,531.6567975,531.6567975,531.6567975,531.6567975,531.6567975,535.027128833,7,-7,2,6,2.67810191700005,6,3.38259849999997,531.2056285,531.20740725,531.6567975,531.491698083,NaN,NaN,NaN,NaN,,NaN,,531.202049667,531.205581042,None,NaN,NaN,,NaN,NaN,NaN,NaN,NaN,NaN,NaN,9,bathroom,2,2024-03-22_12h26.00.837,image_similarity_rating,2023.2.3,None,2024-03-22 12h27.07.079342 +0100
,122,127,447,447,stimuli/own/bathroom/122_bat.jpg,stimuli/own/bathroom/127_bat.jpg,NaN,NaN,NaN,NaN,NaN,NaN,NaN,NaN,0,72,72,446,535.036190542,NaN,NaN,NaN,NaN,NaN,NaN,NaN,,NaN,,535.320813875,535.486324333,535.486324333,535.486324333,535.486324333,535.486324333,535.486324333,535.486324333,535.486324333,535.486324333,542.83573375,-7,7,2,5,7.41997583300008,6,5.90673470799993,535.030781458,535.036190542,535.486324333,535.320800792,NaN,NaN,NaN,NaN,,NaN,,535.02734875,535.030734708,None,NaN,NaN,,NaN,NaN,NaN,NaN,NaN,NaN,NaN,9,bathroom,2,2024-03-22_12h26.00.837,image_similarity_rating,2023.2.3,None,2024-03-22 12h27.07.079342 +0100
,103,113,74,74,stimuli/own/bathroom/103_bat.jpg,stimuli/own/bathroom/113_bat.jpg,NaN,NaN,NaN,NaN,NaN,NaN,NaN,NaN,0,73,73,73,542.841806042,NaN,NaN,NaN,NaN,NaN,NaN,NaN,,NaN,,543.125414917,543.294055542,543.294055542,543.294055542,543.294055542,543.294055542,543.294055542,543.294055542,543.294055542,543.294055542,551.280657917,7,-7,2,5,6.35575083399999,6,7.787972083,542.839547333,542.841806042,543.294055542,543.125399292,NaN,NaN,NaN,NaN,,NaN,,542.83595325,542.839500125,None,NaN,NaN,,NaN,NaN,NaN,NaN,NaN,NaN,NaN,9,bathroom,2,2024-03-22_12h26.00.837,image_similarity_rating,2023.2.3,None,2024-03-22 12h27.07.079342 +0100
,103,135,93,93,stimuli/own/bathroom/103_bat.jpg,stimuli/own/bathroom/135_bat.jpg,NaN,NaN,NaN,NaN,NaN,NaN,NaN,NaN,0,74,74,92,551.28617575,NaN,NaN,NaN,NaN,NaN,NaN,NaN,,NaN,,551.570925667,551.74077325,551.74077325,551.74077325,551.74077325,551.74077325,551.74077325,551.74077325,551.74077325,551.74077325,557.476632458,7,-7,2,5,5.77439625,5,3.69658912499995,551.284320792,551.28617575,551.74077325,551.570901125,NaN,NaN,NaN,NaN,,NaN,,551.280882542,551.284274292,None,NaN,NaN,,NaN,NaN,NaN,NaN,NaN,NaN,NaN,9,bathroom,2,2024-03-22_12h26.00.837,image_similarity_rating,2023.2.3,None,2024-03-22 12h27.07.079342 +0100
,114,126,306,306,stimuli/own/bathroom/114_bat.jpg,stimuli/own/bathroom/126_bat.jpg,NaN,NaN,NaN,NaN,NaN,NaN,NaN,NaN,0,75,75,305,557.486758333,NaN,NaN,NaN,NaN,NaN,NaN,NaN,,NaN,,557.7709075,557.939676167,557.939676167,557.939676167,557.939676167,557.939676167,557.939676167,557.939676167,557.939676167,557.939676167,560.435667042,-7,7,2,6,1.90748104099998,6,2.39686537500006,557.480398583,557.486758333,557.939676167,557.770892,NaN,NaN,NaN,NaN,,NaN,,557.476853917,557.480351208,None,NaN,NaN,,NaN,NaN,NaN,NaN,NaN,NaN,NaN,9,bathroom,2,2024-03-22_12h26.00.837,image_similarity_rating,2023.2.3,None,2024-03-22 12h27.07.079342 +0100
,105,138,157,157,stimuli/own/bathroom/105_bat.jpg,stimuli/own/bathroom/138_bat.jpg,NaN,NaN,NaN,NaN,NaN,NaN,NaN,NaN,0,76,76,156,560.44125025,NaN,NaN,NaN,NaN,NaN,NaN,NaN,,NaN,,560.724446333,560.887175292,560.887175292,560.887175292,560.887175292,560.887175292,560.887175292,560.887175292,560.887175292,560.887175292,571.363888625,7,-7,2,6,8.57524950000004,6,10.4008786249999,560.439433417,560.44125025,560.887175292,560.724432542,NaN,NaN,NaN,NaN,,NaN,,560.435887667,560.439385875,None,NaN,NaN,,NaN,NaN,NaN,NaN,NaN,NaN,NaN,9,bathroom,2,2024-03-22_12h26.00.837,image_similarity_rating,2023.2.3,None,2024-03-22 12h27.07.079342 +0100
,130,141,550,550,stimuli/own/bathroom/130_bat.jpg,stimuli/own/bathroom/141_bat.jpg,NaN,NaN,NaN,NaN,NaN,NaN,NaN,NaN,0,77,77,549,571.369718417,NaN,NaN,NaN,NaN,NaN,NaN,NaN,,NaN,,571.654314917,571.826094083,571.826094083,571.826094083,571.826094083,571.826094083,571.826094083,571.826094083,571.826094083,571.826094083,575.4021665,7,-7,2,5,3.701378417,4,2.93044774999998,571.367555417,571.369718417,571.826094083,571.654297792,NaN,NaN,NaN,NaN,,NaN,,571.3641105,571.367509333,None,NaN,NaN,,NaN,NaN,NaN,NaN,NaN,NaN,NaN,9,bathroom,2,2024-03-22_12h26.00.837,image_similarity_rating,2023.2.3,None,2024-03-22 12h27.07.079342 +0100
,112,131,261,261,stimuli/own/bathroom/112_bat.jpg,stimuli/own/bathroom/131_bat.jpg,NaN,NaN,NaN,NaN,NaN,NaN,NaN,NaN,0,78,78,260,575.408042208,NaN,NaN,NaN,NaN,NaN,NaN,NaN,,NaN,,575.704203542,575.8685935,575.8685935,575.8685935,575.8685935,575.8685935,575.8685935,575.8685935,575.8685935,575.8685935,582.451552875,-7,7,2,2,6.59369295900001,3,3.17093087499995,575.405964375,575.408042208,575.8685935,575.704191042,NaN,NaN,NaN,NaN,,NaN,,575.402387083,575.405917583,None,NaN,NaN,,NaN,NaN,NaN,NaN,NaN,NaN,NaN,9,bathroom,2,2024-03-22_12h26.00.837,image_similarity_rating,2023.2.3,None,2024-03-22 12h27.07.079342 +0100
,135,139,578,578,stimuli/own/bathroom/135_bat.jpg,stimuli/own/bathroom/139_bat.jpg,NaN,NaN,NaN,NaN,NaN,NaN,NaN,NaN,0,79,79,577,582.457065792,NaN,NaN,NaN,NaN,NaN,NaN,NaN,,NaN,,582.741189458,582.905938625,582.905938625,582.905938625,582.905938625,582.905938625,582.905938625,582.905938625,582.905938625,582.905938625,591.877059667,7,-7,2,4,9.09395466600006,2,7.88249262500005,582.455291125,582.457065792,582.905938625,582.741176333,NaN,NaN,NaN,NaN,,NaN,,582.451783,582.455241625,None,NaN,NaN,,NaN,NaN,NaN,NaN,NaN,NaN,NaN,9,bathroom,2,2024-03-22_12h26.00.837,image_similarity_rating,2023.2.3,None,2024-03-22 12h27.07.079342 +0100
,129,134,533,533,stimuli/own/bathroom/129_bat.jpg,stimuli/own/bathroom/134_bat.jpg,NaN,NaN,NaN,NaN,NaN,NaN,NaN,NaN,0,80,80,532,591.886206708,NaN,NaN,NaN,NaN,NaN,NaN,NaN,,NaN,,592.170716792,592.335979875,592.335979875,592.335979875,592.335979875,592.335979875,592.335979875,592.335979875,592.335979875,592.335979875,596.318299208,-7,7,2,6,3.43213083400008,6,3.99532050000005,591.880717708,591.886206708,592.335979875,592.17070175,NaN,NaN,NaN,NaN,,NaN,,591.877280208,591.88067025,None,NaN,NaN,,NaN,NaN,NaN,NaN,NaN,NaN,NaN,9,bathroom,2,2024-03-22_12h26.00.837,image_similarity_rating,2023.2.3,None,2024-03-22 12h27.07.079342 +0100
,117,136,359,359,stimuli/own/bathroom/117_bat.jpg,stimuli/own/bathroom/136_bat.jpg,NaN,NaN,NaN,NaN,NaN,NaN,NaN,NaN,0,81,81,358,596.323798167,NaN,NaN,NaN,NaN,NaN,NaN,NaN,,NaN,,596.60809875,596.772640958,596.772640958,596.772640958,596.772640958,596.772640958,596.772640958,596.772640958,596.772640958,596.772640958,605.484701042,-7,7,2,6,8.03284879199998,6,8.69952879099992,596.321987667,596.323798167,596.772640958,596.608084375,NaN,NaN,NaN,NaN,,NaN,,596.318543292,596.32194125,None,NaN,NaN,,NaN,NaN,NaN,NaN,NaN,NaN,NaN,9,bathroom,2,2024-03-22_12h26.00.837,image_similarity_rating,2023.2.3,None,2024-03-22 12h27.07.079342 +0100
,114,121,301,301,stimuli/own/bathroom/114_bat.jpg,stimuli/own/bathroom/121_bat.jpg,NaN,NaN,NaN,NaN,NaN,NaN,NaN,NaN,0,82,82,300,605.49064925,NaN,NaN,NaN,NaN,NaN,NaN,NaN,,NaN,,605.7749645,605.940956208,605.940956208,605.940956208,605.940956208,605.940956208,605.940956208,605.940956208,605.940956208,605.940956208,611.25707375,-7,7,2,5,5.35084495900003,3,4.68481604099998,605.488550417,605.49064925,605.940956208,605.774951833,NaN,NaN,NaN,NaN,,NaN,,605.484921167,605.488503542,None,NaN,NaN,,NaN,NaN,NaN,NaN,NaN,NaN,NaN,9,bathroom,2,2024-03-22_12h26.00.837,image_similarity_rating,2023.2.3,None,2024-03-22 12h27.07.079342 +0100
,106,109,161,161,stimuli/own/bathroom/106_bat.jpg,stimuli/own/bathroom/109_bat.jpg,NaN,NaN,NaN,NaN,NaN,NaN,NaN,NaN,0,83,83,160,611.269274083,NaN,NaN,NaN,NaN,NaN,NaN,NaN,,NaN,,611.554538708,611.718616917,611.718616917,611.718616917,611.718616917,611.718616917,611.718616917,611.718616917,611.718616917,611.718616917,619.201744125,-7,7,2,5,7.41671324999993,4,5.83511629099996,611.2607815,611.269274083,611.718616917,611.554526083,NaN,NaN,NaN,NaN,,NaN,,611.257305208,611.260734625,None,NaN,NaN,,NaN,NaN,NaN,NaN,NaN,NaN,NaN,9,bathroom,2,2024-03-22_12h26.00.837,image_similarity_rating,2023.2.3,None,2024-03-22 12h27.07.079342 +0100
,109,112,191,191,stimuli/own/bathroom/109_bat.jpg,stimuli/own/bathroom/112_bat.jpg,NaN,NaN,NaN,NaN,NaN,NaN,NaN,NaN,0,84,84,190,619.20739775,NaN,NaN,NaN,NaN,NaN,NaN,NaN,,NaN,,619.504903333,619.671433667,619.671433667,619.671433667,619.671433667,619.671433667,619.671433667,619.671433667,619.671433667,619.671433667,626.12245325,-7,7,2,5,6.41339625000001,2,4.31850416700001,619.205445375,619.20739775,619.671433667,619.504888708,NaN,NaN,NaN,NaN,,NaN,,619.201969542,619.205398833,None,NaN,NaN,,NaN,NaN,NaN,NaN,NaN,NaN,NaN,9,bathroom,2,2024-03-22_12h26.00.837,image_similarity_rating,2023.2.3,None,2024-03-22 12h27.07.079342 +0100
,101,124,19,19,stimuli/own/bathroom/101_bat.jpg,stimuli/own/bathroom/124_bat.jpg,NaN,NaN,NaN,NaN,NaN,NaN,NaN,NaN,0,85,85,18,626.127892833,NaN,NaN,NaN,NaN,NaN,NaN,NaN,,NaN,,626.421181708,626.585047333,626.585047333,626.585047333,626.585047333,626.585047333,626.585047333,626.585047333,626.585047333,626.585047333,634.51395775,7,-7,2,5,7.95081979199995,3,4.98252075000005,626.12611375,626.127892833,626.585047333,626.421169167,NaN,NaN,NaN,NaN,,NaN,,626.122674625,626.126067375,None,NaN,NaN,,NaN,NaN,NaN,NaN,NaN,NaN,NaN,9,bathroom,2,2024-03-22_12h26.00.837,image_similarity_rating,2023.2.3,None,2024-03-22 12h27.07.079342 +0100
,109,126,204,204,stimuli/own/bathroom/109_bat.jpg,stimuli/own/bathroom/126_bat.jpg,NaN,NaN,NaN,NaN,NaN,NaN,NaN,NaN,0,86,86,203,634.536332958,NaN,NaN,NaN,NaN,NaN,NaN,NaN,,NaN,,634.820039458,634.985722,634.985722,634.985722,634.985722,634.985722,634.985722,634.985722,634.985722,634.985722,639.397292083,-7,7,2,4,4.09863062500006,2,2.77106299999991,634.517739,634.536332958,NaN,634.820021708,NaN,NaN,NaN,NaN,,NaN,,634.514179083,634.5176925,None,NaN,NaN,,NaN,NaN,NaN,NaN,NaN,NaN,NaN,9,bathroom,2,2024-03-22_12h26.00.837,image_similarity_rating,2023.2.3,None,2024-03-22 12h27.07.079342 +0100
,102,126,54,54,stimuli/own/bathroom/102_bat.jpg,stimuli/own/bathroom/126_bat.jpg,NaN,NaN,NaN,NaN,NaN,NaN,NaN,NaN,0,87,87,53,639.419243417,NaN,NaN,NaN,NaN,NaN,NaN,NaN,,NaN,,639.703639583,639.868486917,639.868486917,639.868486917,639.868486917,639.868486917,639.868486917,639.868486917,639.868486917,639.868486917,643.701288667,7,-7,2,5,3.20392033300004,6,3.68222941700003,639.400948708,639.419243417,NaN,639.703618083,NaN,NaN,NaN,NaN,,NaN,,639.3975145,639.400901292,None,NaN,NaN,,NaN,NaN,NaN,NaN,NaN,NaN,NaN,9,bathroom,2,2024-03-22_12h26.00.837,image_similarity_rating,2023.2.3,None,2024-03-22 12h27.07.079342 +0100
,112,137,266,266,stimuli/own/bathroom/112_bat.jpg,stimuli/own/bathroom/137_bat.jpg,NaN,NaN,NaN,NaN,NaN,NaN,NaN,NaN,0,88,88,265,643.707013292,NaN,NaN,NaN,NaN,NaN,NaN,NaN,,NaN,,643.991480917,644.1625885,644.1625885,644.1625885,644.1625885,644.1625885,644.1625885,644.1625885,644.1625885,644.1625885,649.039929833,-7,7,2,3,4.92214379200004,2,3.07085233300006,643.705083875,643.707013292,644.1625885,643.99146525,NaN,NaN,NaN,NaN,,NaN,,643.701513833,643.7050365,None,NaN,NaN,,NaN,NaN,NaN,NaN,NaN,NaN,NaN,9,bathroom,2,2024-03-22_12h26.00.837,image_similarity_rating,2023.2.3,None,2024-03-22 12h27.07.079342 +0100
,106,130,179,179,stimuli/own/bathroom/106_bat.jpg,stimuli/own/bathroom/130_bat.jpg,NaN,NaN,NaN,NaN,NaN,NaN,NaN,NaN,0,89,89,178,649.052539667,NaN,NaN,NaN,NaN,NaN,NaN,NaN,,NaN,,649.337923208,649.503225167,649.503225167,649.503225167,649.503225167,649.503225167,649.503225167,649.503225167,649.503225167,649.503225167,653.752212167,7,-7,2,3,4.29546208399995,1,1.98147349999999,649.043795292,649.052539667,649.503225167,649.337907083,NaN,NaN,NaN,NaN,,NaN,,649.040163167,649.043745875,None,NaN,NaN,,NaN,NaN,NaN,NaN,NaN,NaN,NaN,9,bathroom,2,2024-03-22_12h26.00.837,image_similarity_rating,2023.2.3,None,2024-03-22 12h27.07.079342 +0100
,118,126,372,372,stimuli/own/bathroom/118_bat.jpg,stimuli/own/bathroom/126_bat.jpg,NaN,NaN,NaN,NaN,NaN,NaN,NaN,NaN,0,90,90,371,653.758054,NaN,NaN,NaN,NaN,NaN,NaN,NaN,,NaN,,654.042365042,654.205216875,654.205216875,654.205216875,654.205216875,654.205216875,654.205216875,654.205216875,654.205216875,654.205216875,656.964617833,7,-7,2,3,2.75456691699992,1,1.63815408400001,653.755921625,653.758054,654.205216875,654.042354833,NaN,NaN,NaN,NaN,,NaN,,653.752431125,653.755874542,None,NaN,NaN,,NaN,NaN,NaN,NaN,NaN,NaN,NaN,9,bathroom,2,2024-03-22_12h26.00.837,image_similarity_rating,2023.2.3,None,2024-03-22 12h27.07.079342 +0100
,103,130,89,89,stimuli/own/bathroom/103_bat.jpg,stimuli/own/bathroom/130_bat.jpg,NaN,NaN,NaN,NaN,NaN,NaN,NaN,NaN,0,91,91,88,656.970475125,NaN,NaN,NaN,NaN,NaN,NaN,NaN,,NaN,,657.25447025,657.420723375,657.420723375,657.420723375,657.420723375,657.420723375,657.420723375,657.420723375,657.420723375,657.420723375,665.318305333,-7,7,2,5,7.89570400000002,4,7.01888866599995,656.968437875,656.970475125,657.420723375,657.254455958,NaN,NaN,NaN,NaN,,NaN,,656.964840917,656.968391083,None,NaN,NaN,,NaN,NaN,NaN,NaN,NaN,NaN,NaN,9,bathroom,2,2024-03-22_12h26.00.837,image_similarity_rating,2023.2.3,None,2024-03-22 12h27.07.079342 +0100
,105,119,140,140,stimuli/own/bathroom/105_bat.jpg,stimuli/own/bathroom/119_bat.jpg,NaN,NaN,NaN,NaN,NaN,NaN,NaN,NaN,0,92,92,139,665.324224417,NaN,NaN,NaN,NaN,NaN,NaN,NaN,,NaN,,665.609220708,665.77411525,665.77411525,665.77411525,665.77411525,665.77411525,665.77411525,665.77411525,665.77411525,665.77411525,674.034691625,-7,7,2,6,8.3192043329999,6,6.94943308300003,665.322122833,665.324224417,665.77411525,665.609208625,NaN,NaN,NaN,NaN,,NaN,,665.318526875,665.322075542,None,NaN,NaN,,NaN,NaN,NaN,NaN,NaN,NaN,NaN,9,bathroom,2,2024-03-22_12h26.00.837,image_similarity_rating,2023.2.3,None,2024-03-22 12h27.07.079342 +0100
,104,140,129,129,stimuli/own/bathroom/104_bat.jpg,stimuli/own/bathroom/140_bat.jpg,NaN,NaN,NaN,NaN,NaN,NaN,NaN,NaN,0,93,93,128,674.040362125,NaN,NaN,NaN,NaN,NaN,NaN,NaN,,NaN,,674.323961333,674.486749083,674.486749083,674.486749083,674.486749083,674.486749083,674.486749083,674.486749083,674.486749083,674.486749083,679.796794417,7,-7,2,5,5.36912716699999,4,4.1986116249999,674.03842775,674.040362125,674.486749083,674.323951292,NaN,NaN,NaN,NaN,,NaN,,674.034939208,674.03838075,None,NaN,NaN,,NaN,NaN,NaN,NaN,NaN,NaN,NaN,9,bathroom,2,2024-03-22_12h26.00.837,image_similarity_rating,2023.2.3,None,2024-03-22 12h27.07.079342 +0100
,122,130,449,449,stimuli/own/bathroom/122_bat.jpg,stimuli/own/bathroom/130_bat.jpg,NaN,NaN,NaN,NaN,NaN,NaN,NaN,NaN,0,94,94,448,679.802274583,NaN,NaN,NaN,NaN,NaN,NaN,NaN,,NaN,,680.087691292,680.251942333,680.251942333,680.251942333,680.251942333,680.251942333,680.251942333,680.251942333,680.251942333,680.251942333,689.647542792,-7,7,2,4,9.45250275000001,5,8.64612195799998,679.800445417,679.802274583,680.251942333,680.087679375,NaN,NaN,NaN,NaN,,NaN,,679.797014458,679.800398583,None,NaN,NaN,,NaN,NaN,NaN,NaN,NaN,NaN,NaN,9,bathroom,2,2024-03-22_12h26.00.837,image_similarity_rating,2023.2.3,None,2024-03-22 12h27.07.079342 +0100
,117,122,347,347,stimuli/own/bathroom/117_bat.jpg,stimuli/own/bathroom/122_bat.jpg,NaN,NaN,NaN,NaN,NaN,NaN,NaN,NaN,0,95,95,346,689.654231333,NaN,NaN,NaN,NaN,NaN,NaN,NaN,,NaN,,689.937806042,690.103191667,690.103191667,690.103191667,690.103191667,690.103191667,690.103191667,690.103191667,690.103191667,690.103191667,694.763777417,7,-7,2,5,3.78334058400003,5,4.59825254100008,689.65121275,689.654231333,690.103191667,689.937793708,NaN,NaN,NaN,NaN,,NaN,,689.647762417,689.65116425,None,NaN,NaN,,NaN,NaN,NaN,NaN,NaN,NaN,NaN,9,bathroom,2,2024-03-22_12h26.00.837,image_similarity_rating,2023.2.3,None,2024-03-22 12h27.07.079342 +0100
,105,117,138,599,stimuli/own/bathroom/105_bat.jpg,stimuli/own/bathroom/117_bat.jpg,NaN,NaN,NaN,NaN,NaN,NaN,NaN,NaN,0,96,96,598,694.785968375,NaN,NaN,NaN,NaN,NaN,NaN,NaN,,NaN,,695.069893167,695.237536833,695.237536833,695.237536833,695.237536833,695.237536833,695.237536833,695.237536833,695.237536833,695.237536833,701.451183917,7,-7,2,4,6.33688774999996,5,4.77658104199998,694.767539375,694.785968375,NaN,695.069873375,NaN,NaN,NaN,NaN,,NaN,,694.764,694.76749275,None,NaN,NaN,,NaN,NaN,NaN,NaN,NaN,NaN,NaN,9,bathroom,2,2024-03-22_12h26.00.837,image_similarity_rating,2023.2.3,None,2024-03-22 12h27.07.079342 +0100
,130,138,547,547,stimuli/own/bathroom/130_bat.jpg,stimuli/own/bathroom/138_bat.jpg,NaN,NaN,NaN,NaN,NaN,NaN,NaN,NaN,0,97,97,546,701.45683975,NaN,NaN,NaN,NaN,NaN,NaN,NaN,,NaN,,701.7408945,701.906308792,701.906308792,701.906308792,701.906308792,701.906308792,701.906308792,701.906308792,701.906308792,701.906308792,707.171478625,-7,7,2,4,5.18683633399996,2,4.32704679100004,701.454890667,701.45683975,701.906308792,701.740876667,NaN,NaN,NaN,NaN,,NaN,,701.451425292,701.454843875,None,NaN,NaN,,NaN,NaN,NaN,NaN,NaN,NaN,NaN,9,bathroom,2,2024-03-22_12h26.00.837,image_similarity_rating,2023.2.3,None,2024-03-22 12h27.07.079342 +0100
,136,137,581,581,stimuli/own/bathroom/136_bat.jpg,stimuli/own/bathroom/137_bat.jpg,NaN,NaN,NaN,NaN,NaN,NaN,NaN,NaN,0,98,98,580,707.177434292,NaN,NaN,NaN,NaN,NaN,NaN,NaN,,NaN,,707.470378083,707.635203167,707.635203167,707.635203167,707.635203167,707.635203167,707.635203167,707.635203167,707.635203167,707.635203167,714.267732083,-7,7,2,3,6.59818866700004,2,4.03450783299991,707.175320292,707.177434292,707.635203167,707.470363125,NaN,NaN,NaN,NaN,,NaN,,707.171701333,707.175273292,None,NaN,NaN,,NaN,NaN,NaN,NaN,NaN,NaN,NaN,9,bathroom,2,2024-03-22_12h26.00.837,image_similarity_rating,2023.2.3,None,2024-03-22 12h27.07.079342 +0100
,102,139,65,65,stimuli/own/bathroom/102_bat.jpg,stimuli/own/bathroom/139_bat.jpg,NaN,NaN,NaN,NaN,NaN,NaN,NaN,NaN,0,99,99,64,714.273460542,NaN,NaN,NaN,NaN,NaN,NaN,NaN,,NaN,,714.556820333,714.719542833,714.719542833,714.719542833,714.719542833,714.719542833,714.719542833,714.719542833,714.719542833,714.719542833,718.64166275,-7,7,2,6,3.21004770799993,6,3.94810404199995,714.271468292,714.273460542,714.719542833,714.556810042,NaN,NaN,NaN,NaN,,NaN,,714.267972292,714.271418708,None,NaN,NaN,,NaN,NaN,NaN,NaN,NaN,NaN,NaN,9,bathroom,2,2024-03-22_12h26.00.837,image_similarity_rating,2023.2.3,None,2024-03-22 12h27.07.079342 +0100
,102,119,47,47,stimuli/own/bathroom/102_bat.jpg,stimuli/own/bathroom/119_bat.jpg,NaN,NaN,NaN,NaN,NaN,NaN,NaN,NaN,0,100,100,46,718.652220125,NaN,NaN,NaN,NaN,NaN,NaN,NaN,,NaN,,718.936719125,719.101579,719.101579,719.101579,719.101579,719.101579,719.101579,719.101579,719.101579,719.101579,728.043610708,-7,7,2,4,8.53058524999994,2,7.25816150000003,718.645331167,718.652220125,719.101579,718.936706833,NaN,NaN,NaN,NaN,,NaN,,718.64188475,718.64528425,None,NaN,NaN,,NaN,NaN,NaN,NaN,NaN,NaN,NaN,9,bathroom,2,2024-03-22_12h26.00.837,image_similarity_rating,2023.2.3,None,2024-03-22 12h27.07.079342 +0100
,111,121,226,226,stimuli/own/bathroom/111_bat.jpg,stimuli/own/bathroom/121_bat.jpg,NaN,NaN,NaN,NaN,NaN,NaN,NaN,NaN,0,101,101,225,728.051927292,NaN,NaN,NaN,NaN,NaN,NaN,NaN,,NaN,,728.337411083,728.501852292,728.501852292,728.501852292,728.501852292,728.501852292,728.501852292,728.501852292,728.501852292,728.501852292,743.175605667,-7,7,2,4,14.7599132079999,2,13.8561633750001,728.047622542,728.051927292,728.501852292,728.33739825,NaN,NaN,NaN,NaN,,NaN,,728.043834792,728.047572792,None,NaN,NaN,,NaN,NaN,NaN,NaN,NaN,NaN,NaN,9,bathroom,2,2024-03-22_12h26.00.837,image_similarity_rating,2023.2.3,None,2024-03-22 12h27.07.079342 +0100
,101,119,14,14,stimuli/own/bathroom/101_bat.jpg,stimuli/own/bathroom/119_bat.jpg,NaN,NaN,NaN,NaN,NaN,NaN,NaN,NaN,0,102,102,13,743.185625667,NaN,NaN,NaN,NaN,NaN,NaN,NaN,,NaN,,743.470110542,743.637993708,743.637993708,743.637993708,743.637993708,743.637993708,743.637993708,743.637993708,743.637993708,743.637993708,751.47964875,7,-7,2,4,7.89239329099996,1,6.15677575000007,743.179501875,743.185625667,743.637993708,743.470096542,NaN,NaN,NaN,NaN,,NaN,,743.175827958,743.179452583,None,NaN,NaN,,NaN,NaN,NaN,NaN,NaN,NaN,NaN,9,bathroom,2,2024-03-22_12h26.00.837,image_similarity_rating,2023.2.3,None,2024-03-22 12h27.07.079342 +0100
,119,126,392,392,stimuli/own/bathroom/119_bat.jpg,stimuli/own/bathroom/126_bat.jpg,NaN,NaN,NaN,NaN,NaN,NaN,NaN,NaN,0,103,103,391,751.485553,NaN,NaN,NaN,NaN,NaN,NaN,NaN,,NaN,,751.770096167,751.935230125,751.935230125,751.935230125,751.935230125,751.935230125,751.935230125,751.935230125,751.935230125,751.935230125,761.384311542,7,-7,2,6,7.83188262500005,1,8.69883749999997,751.48332975,751.485553,751.935230125,751.770083417,NaN,NaN,NaN,NaN,,NaN,,751.479871708,751.483283125,None,NaN,NaN,,NaN,NaN,NaN,NaN,NaN,NaN,NaN,9,bathroom,2,2024-03-22_12h26.00.837,image_similarity_rating,2023.2.3,None,2024-03-22 12h27.07.079342 +0100
,112,140,269,269,stimuli/own/bathroom/112_bat.jpg,stimuli/own/bathroom/140_bat.jpg,NaN,NaN,NaN,NaN,NaN,NaN,NaN,NaN,0,104,104,268,761.389959917,NaN,NaN,NaN,NaN,NaN,NaN,NaN,,NaN,,761.6740475,761.839462167,761.839462167,761.839462167,761.839462167,761.839462167,761.839462167,761.839462167,761.839462167,761.839462167,769.858874542,-7,7,2,5,7.12164499999994,5,7.98139279200007,761.388041083,761.389959917,761.839462167,761.674035042,NaN,NaN,NaN,NaN,,NaN,,761.3845645,761.387992125,None,NaN,NaN,,NaN,NaN,NaN,NaN,NaN,NaN,NaN,9,bathroom,2,2024-03-22_12h26.00.837,image_similarity_rating,2023.2.3,None,2024-03-22 12h27.07.079342 +0100
,105,117,138,598,stimuli/own/bathroom/105_bat.jpg,stimuli/own/bathroom/117_bat.jpg,NaN,NaN,NaN,NaN,NaN,NaN,NaN,NaN,0,105,105,597,769.868931667,NaN,NaN,NaN,NaN,NaN,NaN,NaN,,NaN,,770.153634958,770.325898208,770.325898208,770.325898208,770.325898208,770.325898208,770.325898208,770.325898208,770.325898208,770.325898208,786.463084208,7,-7,2,5,16.0773039579999,3,13.5071745,769.862522292,769.868931667,770.325898208,770.153614042,NaN,NaN,NaN,NaN,,NaN,,769.859097292,769.862476125,None,NaN,NaN,,NaN,NaN,NaN,NaN,NaN,NaN,NaN,9,bathroom,2,2024-03-22_12h26.00.837,image_similarity_rating,2023.2.3,None,2024-03-22 12h27.07.079342 +0100
,120,141,424,424,stimuli/own/bathroom/120_bat.jpg,stimuli/own/bathroom/141_bat.jpg,NaN,NaN,NaN,NaN,NaN,NaN,NaN,NaN,0,106,106,423,786.468703292,NaN,NaN,NaN,NaN,NaN,NaN,NaN,,NaN,,786.754235542,786.918257375,786.918257375,786.918257375,786.918257375,786.918257375,786.918257375,786.918257375,786.918257375,786.918257375,794.087695875,-7,7,2,5,7.15263570799993,3,5.39241204199993,786.466753583,786.468703292,786.918257375,786.754218042,NaN,NaN,NaN,NaN,,NaN,,786.463307542,786.466707458,None,NaN,NaN,,NaN,NaN,NaN,NaN,NaN,NaN,NaN,9,bathroom,2,2024-03-22_12h26.00.837,image_similarity_rating,2023.2.3,None,2024-03-22 12h27.07.079342 +0100
,112,124,255,255,stimuli/own/bathroom/112_bat.jpg,stimuli/own/bathroom/124_bat.jpg,NaN,NaN,NaN,NaN,NaN,NaN,NaN,NaN,0,107,107,254,794.093302333,NaN,NaN,NaN,NaN,NaN,NaN,NaN,,NaN,,794.387156167,794.552689625,794.552689625,794.552689625,794.552689625,794.552689625,794.552689625,794.552689625,794.552689625,794.552689625,805.312892333,7,-7,2,6,7.058350625,5,10.611640375,794.091356875,794.093302333,794.552689625,794.387138458,NaN,NaN,NaN,NaN,,NaN,,794.087919708,794.091309708,None,NaN,NaN,,NaN,NaN,NaN,NaN,NaN,NaN,NaN,9,bathroom,2,2024-03-22_12h26.00.837,image_similarity_rating,2023.2.3,None,2024-03-22 12h27.07.079342 +0100
,121,139,440,440,stimuli/own/bathroom/121_bat.jpg,stimuli/own/bathroom/139_bat.jpg,NaN,NaN,NaN,NaN,NaN,NaN,NaN,NaN,0,108,108,439,805.318416292,NaN,NaN,NaN,NaN,NaN,NaN,NaN,,NaN,,805.603260667,805.768481208,805.768481208,805.768481208,805.768481208,805.768481208,805.768481208,805.768481208,805.768481208,805.768481208,816.800508208,7,-7,2,6,8.21154033300013,4,10.983184583,805.316538542,805.318416292,805.768481208,805.603243792,NaN,NaN,NaN,NaN,,NaN,,805.313119,805.316492042,None,NaN,NaN,,NaN,NaN,NaN,NaN,NaN,NaN,NaN,9,bathroom,2,2024-03-22_12h26.00.837,image_similarity_rating,2023.2.3,None,2024-03-22 12h27.07.079342 +0100
,134,136,569,569,stimuli/own/bathroom/134_bat.jpg,stimuli/own/bathroom/136_bat.jpg,NaN,NaN,NaN,NaN,NaN,NaN,NaN,NaN,0,109,109,568,816.806233958,NaN,NaN,NaN,NaN,NaN,NaN,NaN,,NaN,,817.090952417,817.259750417,817.259750417,817.259750417,817.259750417,817.259750417,817.259750417,817.259750417,817.259750417,817.259750417,820.9210395,7,-7,2,7,2.87788454199995,7,3.58821208299992,816.804311875,816.806233958,817.259750417,817.090936958,NaN,NaN,NaN,NaN,,NaN,,816.800739042,816.804265792,None,NaN,NaN,,NaN,NaN,NaN,NaN,NaN,NaN,NaN,9,bathroom,2,2024-03-22_12h26.00.837,image_similarity_rating,2023.2.3,None,2024-03-22 12h27.07.079342 +0100
,113,140,294,294,stimuli/own/bathroom/113_bat.jpg,stimuli/own/bathroom/140_bat.jpg,NaN,NaN,NaN,NaN,NaN,NaN,NaN,NaN,0,110,110,293,820.926623125,NaN,NaN,NaN,NaN,NaN,NaN,NaN,,NaN,,821.219746708,821.390232,821.390232,821.390232,821.390232,821.390232,821.390232,821.390232,821.390232,821.390232,826.208622375,7,-7,2,6,4.78140329099983,7,3.10765133299992,820.924690875,820.926623125,821.390232,821.219731375,NaN,NaN,NaN,NaN,,NaN,,820.921259083,820.924640917,None,NaN,NaN,,NaN,NaN,NaN,NaN,NaN,NaN,NaN,9,bathroom,2,2024-03-22_12h26.00.837,image_similarity_rating,2023.2.3,None,2024-03-22 12h27.07.079342 +0100
,124,134,483,483,stimuli/own/bathroom/124_bat.jpg,stimuli/own/bathroom/134_bat.jpg,NaN,NaN,NaN,NaN,NaN,NaN,NaN,NaN,0,111,111,482,826.218442292,NaN,NaN,NaN,NaN,NaN,NaN,NaN,,NaN,,826.5030935,826.668514833,826.668514833,826.668514833,826.668514833,826.668514833,826.668514833,826.668514833,826.668514833,826.668514833,834.354357333,-7,7,2,6,7.7345385000001,7,7.0128911249999,826.212286667,826.218442292,826.668514833,826.503078458,NaN,NaN,NaN,NaN,,NaN,,826.208845375,826.212239958,None,NaN,NaN,,NaN,NaN,NaN,NaN,NaN,NaN,NaN,9,bathroom,2,2024-03-22_12h26.00.837,image_similarity_rating,2023.2.3,None,2024-03-22 12h27.07.079342 +0100
,125,140,503,503,stimuli/own/bathroom/125_bat.jpg,stimuli/own/bathroom/140_bat.jpg,NaN,NaN,NaN,NaN,NaN,NaN,NaN,NaN,0,112,112,502,834.359812167,NaN,NaN,NaN,NaN,NaN,NaN,NaN,,NaN,,834.653801417,834.820520417,834.820520417,834.820520417,834.820520417,834.820520417,834.820520417,834.820520417,834.820520417,834.820520417,841.034301,-7,7,2,6,6.19929004200003,4,3.647462292,834.35802425,834.359812167,834.820520417,834.653786875,NaN,NaN,NaN,NaN,,NaN,,834.354578875,834.357977208,None,NaN,NaN,,NaN,NaN,NaN,NaN,NaN,NaN,NaN,9,bathroom,2,2024-03-22_12h26.00.837,image_similarity_rating,2023.2.3,None,2024-03-22 12h27.07.079342 +0100
,112,135,264,264,stimuli/own/bathroom/112_bat.jpg,stimuli/own/bathroom/135_bat.jpg,NaN,NaN,NaN,NaN,NaN,NaN,NaN,NaN,0,113,113,263,841.039981125,NaN,NaN,NaN,NaN,NaN,NaN,NaN,,NaN,,841.3236595,841.488500417,841.488500417,841.488500417,841.488500417,841.488500417,841.488500417,841.488500417,841.488500417,841.488500417,846.82084875,7,-7,2,6,5.28071804199999,4,3.52828358300007,841.038213125,841.039981125,841.488500417,841.323646792,NaN,NaN,NaN,NaN,,NaN,,841.034521792,841.038163583,None,NaN,NaN,,NaN,NaN,NaN,NaN,NaN,NaN,NaN,9,bathroom,2,2024-03-22_12h26.00.837,image_similarity_rating,2023.2.3,None,2024-03-22 12h27.07.079342 +0100
,102,138,64,64,stimuli/own/bathroom/102_bat.jpg,stimuli/own/bathroom/138_bat.jpg,NaN,NaN,NaN,NaN,NaN,NaN,NaN,NaN,0,114,114,63,846.8265255,NaN,NaN,NaN,NaN,NaN,NaN,NaN,,NaN,,847.120226292,847.285912458,847.285912458,847.285912458,847.285912458,847.285912458,847.285912458,847.285912458,847.285912458,847.285912458,855.846451167,-7,7,2,6,8.63292379099994,6,3.50524654099991,846.824596458,846.8265255,847.285912458,847.120206708,NaN,NaN,NaN,NaN,,NaN,,846.8210725,846.824549542,None,NaN,NaN,,NaN,NaN,NaN,NaN,NaN,NaN,NaN,9,bathroom,2,2024-03-22_12h26.00.837,image_similarity_rating,2023.2.3,None,2024-03-22 12h27.07.079342 +0100
,104,135,124,124,stimuli/own/bathroom/104_bat.jpg,stimuli/own/bathroom/135_bat.jpg,NaN,NaN,NaN,NaN,NaN,NaN,NaN,NaN,0,115,115,123,855.868724292,NaN,NaN,NaN,NaN,NaN,NaN,NaN,,NaN,,856.15242925,856.318744333,856.318744333,856.318744333,856.318744333,856.318744333,856.318744333,856.318744333,856.318744333,856.318744333,861.104061208,-7,7,2,6,4.707496666,5,3.32876870799987,855.850092333,855.868724292,NaN,856.152394292,NaN,NaN,NaN,NaN,,NaN,,855.846671833,855.850045583,None,NaN,NaN,,NaN,NaN,NaN,NaN,NaN,NaN,NaN,9,bathroom,2,2024-03-22_12h26.00.837,image_similarity_rating,2023.2.3,None,2024-03-22 12h27.07.079342 +0100
,104,112,104,104,stimuli/own/bathroom/104_bat.jpg,stimuli/own/bathroom/112_bat.jpg,NaN,NaN,NaN,NaN,NaN,NaN,NaN,NaN,0,116,116,103,861.109484083,NaN,NaN,NaN,NaN,NaN,NaN,NaN,,NaN,,861.403044708,861.571566375,861.571566375,861.571566375,861.571566375,861.571566375,861.571566375,861.571566375,861.571566375,861.571566375,867.829797917,7,-7,2,5,6.29434804099992,4,5.44186674999992,861.107718042,861.109484083,861.571566375,861.403025417,NaN,NaN,NaN,NaN,,NaN,,861.104283458,861.107671208,None,NaN,NaN,,NaN,NaN,NaN,NaN,NaN,NaN,NaN,9,bathroom,2,2024-03-22_12h26.00.837,image_similarity_rating,2023.2.3,None,2024-03-22 12h27.07.079342 +0100
,123,134,468,468,stimuli/own/bathroom/123_bat.jpg,stimuli/own/bathroom/134_bat.jpg,NaN,NaN,NaN,NaN,NaN,NaN,NaN,NaN,0,117,117,467,867.851747667,NaN,NaN,NaN,NaN,NaN,NaN,NaN,,NaN,,868.135740292,868.303072583,868.303072583,868.303072583,868.303072583,868.303072583,868.303072583,868.303072583,868.303072583,868.303072583,874.267241667,-7,7,2,5,5.86630641699981,2,4.26326054099991,867.833546167,867.851747667,NaN,868.135718792,NaN,NaN,NaN,NaN,,NaN,,867.830019917,867.833499167,None,NaN,NaN,,NaN,NaN,NaN,NaN,NaN,NaN,NaN,9,bathroom,2,2024-03-22_12h26.00.837,image_similarity_rating,2023.2.3,None,2024-03-22 12h27.07.079342 +0100
,131,137,555,555,stimuli/own/bathroom/131_bat.jpg,stimuli/own/bathroom/137_bat.jpg,NaN,NaN,NaN,NaN,NaN,NaN,NaN,NaN,0,118,118,554,874.272719667,NaN,NaN,NaN,NaN,NaN,NaN,NaN,,NaN,,874.557717875,874.721997833,874.721997833,874.721997833,874.721997833,874.721997833,874.721997833,874.721997833,874.721997833,874.721997833,889.088394458,-7,7,2,3,11.1840260420001,3,14.2921402500001,874.27095875,874.272719667,874.721997833,874.557707667,NaN,NaN,NaN,NaN,,NaN,,874.267484375,874.270912042,None,NaN,NaN,,NaN,NaN,NaN,NaN,NaN,NaN,NaN,9,bathroom,2,2024-03-22_12h26.00.837,image_similarity_rating,2023.2.3,None,2024-03-22 12h27.07.079342 +0100
,131,139,557,557,stimuli/own/bathroom/131_bat.jpg,stimuli/own/bathroom/139_bat.jpg,NaN,NaN,NaN,NaN,NaN,NaN,NaN,NaN,0,119,119,556,889.094259667,NaN,NaN,NaN,NaN,NaN,NaN,NaN,,NaN,,889.386285833,889.557372958,889.557372958,889.557372958,889.557372958,889.557372958,889.557372958,889.557372958,889.557372958,889.557372958,901.520621375,-7,7,2,6,11.9330930000001,5,7.25293925000005,889.092166583,889.094259667,889.557372958,889.386269417,NaN,NaN,NaN,NaN,,NaN,,889.088618125,889.092119208,None,NaN,NaN,,NaN,NaN,NaN,NaN,NaN,NaN,NaN,9,bathroom,2,2024-03-22_12h26.00.837,image_similarity_rating,2023.2.3,None,2024-03-22 12h27.07.079342 +0100
,126,140,516,516,stimuli/own/bathroom/126_bat.jpg,stimuli/own/bathroom/140_bat.jpg,NaN,NaN,NaN,NaN,NaN,NaN,NaN,NaN,0,120,120,515,901.526183458,NaN,NaN,NaN,NaN,NaN,NaN,NaN,,NaN,,901.82037,901.986259083,901.986259083,901.986259083,901.986259083,901.986259083,901.986259083,901.986259083,901.986259083,901.986259083,912.64217325,7,-7,2,5,9.98818149999988,6,10.6182315409999,901.52426675,901.526183458,901.986259083,901.820355625,NaN,NaN,NaN,NaN,,NaN,,901.520841458,901.52422025,None,NaN,NaN,,NaN,NaN,NaN,NaN,NaN,NaN,NaN,9,bathroom,2,2024-03-22_12h26.00.837,image_similarity_rating,2023.2.3,None,2024-03-22 12h27.07.079342 +0100
,129,140,539,539,stimuli/own/bathroom/129_bat.jpg,stimuli/own/bathroom/140_bat.jpg,NaN,NaN,NaN,NaN,NaN,NaN,NaN,NaN,0,121,121,538,912.651402583,NaN,NaN,NaN,NaN,NaN,NaN,NaN,,NaN,,912.935917667,913.102401917,913.102401917,913.102401917,913.102401917,913.102401917,913.102401917,913.102401917,913.102401917,913.102401917,917.342224583,7,-7,2,6,3.027503583,6,4.12541712500001,912.6458225,912.651402583,913.102401917,912.935894625,NaN,NaN,NaN,NaN,,NaN,,912.642395708,912.645775917,None,NaN,NaN,,NaN,NaN,NaN,NaN,NaN,NaN,NaN,9,bathroom,2,2024-03-22_12h26.00.837,image_similarity_rating,2023.2.3,None,2024-03-22 12h27.07.079342 +0100
,120,124,409,409,stimuli/own/bathroom/120_bat.jpg,stimuli/own/bathroom/124_bat.jpg,NaN,NaN,NaN,NaN,NaN,NaN,NaN,NaN,0,122,122,408,917.351603917,NaN,NaN,NaN,NaN,NaN,NaN,NaN,,NaN,,917.6361675,917.804348875,917.804348875,917.804348875,917.804348875,917.804348875,917.804348875,917.804348875,917.804348875,917.804348875,937.570533708,7,-7,2,6,18.3433380419999,6,19.7425435829998,917.345881375,917.351603917,917.804348875,917.636150583,NaN,NaN,NaN,NaN,,NaN,,917.3424445,917.345834792,None,NaN,NaN,,NaN,NaN,NaN,NaN,NaN,NaN,NaN,9,bathroom,2,2024-03-22_12h26.00.837,image_similarity_rating,2023.2.3,None,2024-03-22 12h27.07.079342 +0100
,109,125,203,203,stimuli/own/bathroom/109_bat.jpg,stimuli/own/bathroom/125_bat.jpg,NaN,NaN,NaN,NaN,NaN,NaN,NaN,NaN,0,123,123,202,937.576146333,NaN,NaN,NaN,NaN,NaN,NaN,NaN,,NaN,,937.869132417,938.033727125,938.033727125,938.033727125,938.033727125,938.033727125,938.033727125,938.033727125,938.033727125,938.033727125,946.120610042,7,-7,2,4,7.97545591700009,2,7.15972954099993,937.574212083,937.576146333,938.033727125,937.869120083,NaN,NaN,NaN,NaN,,NaN,,937.570755583,937.574165708,None,NaN,NaN,,NaN,NaN,NaN,NaN,NaN,NaN,NaN,9,bathroom,2,2024-03-22_12h26.00.837,image_similarity_rating,2023.2.3,None,2024-03-22 12h27.07.079342 +0100
,105,117,138,138,stimuli/own/bathroom/105_bat.jpg,stimuli/own/bathroom/117_bat.jpg,NaN,NaN,NaN,NaN,NaN,NaN,NaN,NaN,0,124,124,137,946.126117125,NaN,NaN,NaN,NaN,NaN,NaN,NaN,,NaN,,946.419915625,946.585335625,946.585335625,946.585335625,946.585335625,946.585335625,946.585335625,946.585335625,946.585335625,946.585335625,951.059260167,-7,7,2,4,4.50226370799987,2,3.61413512500008,946.124290917,946.126117125,946.585335625,946.4199025,NaN,NaN,NaN,NaN,,NaN,,946.120835083,946.124244708,None,NaN,NaN,,NaN,NaN,NaN,NaN,NaN,NaN,NaN,9,bathroom,2,2024-03-22_12h26.00.837,image_similarity_rating,2023.2.3,None,2024-03-22 12h27.07.079342 +0100
,121,137,438,438,stimuli/own/bathroom/121_bat.jpg,stimuli/own/bathroom/137_bat.jpg,NaN,NaN,NaN,NaN,NaN,NaN,NaN,NaN,0,125,125,437,951.067978208,NaN,NaN,NaN,NaN,NaN,NaN,NaN,,NaN,,951.352794042,951.517520958,951.517520958,951.517520958,951.517520958,951.517520958,951.517520958,951.517520958,951.517520958,951.517520958,957.667672958,-7,7,2,5,6.16124641700003,5,5.03261970800008,951.062899,951.067978208,951.517520958,951.35278075,NaN,NaN,NaN,NaN,,NaN,,951.059478833,951.062852458,None,NaN,NaN,,NaN,NaN,NaN,NaN,NaN,NaN,NaN,9,bathroom,2,2024-03-22_12h26.00.837,image_similarity_rating,2023.2.3,None,2024-03-22 12h27.07.079342 +0100
,109,129,206,206,stimuli/own/bathroom/109_bat.jpg,stimuli/own/bathroom/129_bat.jpg,NaN,NaN,NaN,NaN,NaN,NaN,NaN,NaN,0,126,126,205,957.67363475,NaN,NaN,NaN,NaN,NaN,NaN,NaN,,NaN,,959.102667792,959.275960958,959.275960958,959.275960958,959.275960958,959.275960958,959.275960958,959.275960958,959.275960958,959.275960958,968.062386375,7,-7,3,4,8.73682495799994,2,2.76017104099992,958.805837083,958.809737958,959.275960958,959.102651542,NaN,NaN,NaN,NaN,,NaN,,957.667891542,958.805155208,space,957.67363475,1.13126762499996,None,NaN,NaN,NaN,NaN,NaN,NaN,NaN,9,bathroom,2,2024-03-22_12h26.00.837,image_similarity_rating,2023.2.3,None,2024-03-22 12h27.07.079342 +0100
,102,136,62,62,stimuli/own/bathroom/102_bat.jpg,stimuli/own/bathroom/136_bat.jpg,NaN,NaN,NaN,NaN,NaN,NaN,NaN,NaN,0,127,127,61,968.084795083,NaN,NaN,NaN,NaN,NaN,NaN,NaN,,NaN,,968.368697083,968.533655208,968.533655208,968.533655208,968.533655208,968.533655208,968.533655208,968.533655208,968.533655208,968.533655208,972.889173167,-7,7,3,5,3.17059316600012,4,4.41958237500012,968.066575208,968.084795083,NaN,968.3686785,NaN,NaN,NaN,NaN,,NaN,,968.062608125,968.066527375,None,NaN,NaN,,NaN,NaN,NaN,NaN,NaN,NaN,NaN,9,bathroom,2,2024-03-22_12h26.00.837,image_similarity_rating,2023.2.3,None,2024-03-22 12h27.07.079342 +0100
,112,132,262,609,stimuli/own/bathroom/112_bat.jpg,stimuli/own/bathroom/132_bat.jpg,NaN,NaN,NaN,NaN,NaN,NaN,NaN,NaN,0,128,128,608,972.901359625,NaN,NaN,NaN,NaN,NaN,NaN,NaN,,NaN,,973.185828625,973.352095917,973.352095917,973.352095917,973.352095917,973.352095917,973.352095917,973.352095917,973.352095917,973.352095917,978.941424,-7,7,3,6,5.07612041599987,5,4.28106025000011,972.892799292,972.901359625,973.352095917,973.185813792,NaN,NaN,NaN,NaN,,NaN,,972.889389958,972.892752833,None,NaN,NaN,,NaN,NaN,NaN,NaN,NaN,NaN,NaN,9,bathroom,2,2024-03-22_12h26.00.837,image_similarity_rating,2023.2.3,None,2024-03-22 12h27.07.079342 +0100
,137,139,587,587,stimuli/own/bathroom/137_bat.jpg,stimuli/own/bathroom/139_bat.jpg,NaN,NaN,NaN,NaN,NaN,NaN,NaN,NaN,0,129,129,586,978.9513415,NaN,NaN,NaN,NaN,NaN,NaN,NaN,,NaN,,979.236137042,979.4014385,979.4014385,979.4014385,979.4014385,979.4014385,979.4014385,979.4014385,979.4014385,979.4014385,990.016929833,-7,7,3,6,2.83668916700003,3,9.78042833299992,978.945098417,978.9513415,979.4014385,979.236124125,NaN,NaN,NaN,NaN,,NaN,,978.941656792,978.945048417,None,NaN,NaN,,NaN,NaN,NaN,NaN,NaN,NaN,NaN,9,bathroom,2,2024-03-22_12h26.00.837,image_similarity_rating,2023.2.3,None,2024-03-22 12h27.07.079342 +0100
,114,134,312,312,stimuli/own/bathroom/114_bat.jpg,stimuli/own/bathroom/134_bat.jpg,NaN,NaN,NaN,NaN,NaN,NaN,NaN,NaN,0,130,130,311,990.022555625,NaN,NaN,NaN,NaN,NaN,NaN,NaN,,NaN,,990.306223583,990.468544542,990.468544542,990.468544542,990.468544542,990.468544542,990.468544542,990.468544542,990.468544542,990.468544542,995.704578667,7,-7,3,5,5.20557858400002,6,2.20632033399988,990.02061975,990.022555625,990.468544542,990.306213542,NaN,NaN,NaN,NaN,,NaN,,990.017158458,990.020572833,None,NaN,NaN,,NaN,NaN,NaN,NaN,NaN,NaN,NaN,9,bathroom,2,2024-03-22_12h26.00.837,image_similarity_rating,2023.2.3,None,2024-03-22 12h27.07.079342 +0100
,105,127,148,148,stimuli/own/bathroom/105_bat.jpg,stimuli/own/bathroom/127_bat.jpg,NaN,NaN,NaN,NaN,NaN,NaN,NaN,NaN,0,131,131,147,995.71035575,NaN,NaN,NaN,NaN,NaN,NaN,NaN,,NaN,,996.002320125,996.166476917,996.166476917,996.166476917,996.166476917,996.166476917,996.166476917,996.166476917,996.166476917,996.166476917,1000.683416875,-7,7,3,5,4.52490608300013,2,3.18602337499988,995.708282417,995.71035575,996.166476917,996.00230725,NaN,NaN,NaN,NaN,,NaN,,995.704802417,995.708236417,None,NaN,NaN,,NaN,NaN,NaN,NaN,NaN,NaN,NaN,9,bathroom,2,2024-03-22_12h26.00.837,image_similarity_rating,2023.2.3,None,2024-03-22 12h27.07.079342 +0100
,113,117,273,273,stimuli/own/bathroom/113_bat.jpg,stimuli/own/bathroom/117_bat.jpg,NaN,NaN,NaN,NaN,NaN,NaN,NaN,NaN,0,132,132,272,1000.689183292,NaN,NaN,NaN,NaN,NaN,NaN,NaN,,NaN,,1000.973265167,1001.140034875,1001.140034875,1001.140034875,1001.140034875,1001.140034875,1001.140034875,1001.140034875,1001.140034875,1001.140034875,1015.754613208,-7,7,3,5,13.614491458,4,11.833518959,1000.687249833,1000.689183292,1001.140034875,1000.973251167,NaN,NaN,NaN,NaN,,NaN,,1000.68365475,1000.687202958,None,NaN,NaN,,NaN,NaN,NaN,NaN,NaN,NaN,NaN,9,bathroom,2,2024-03-22_12h26.00.837,image_similarity_rating,2023.2.3,None,2024-03-22 12h27.07.079342 +0100
,101,127,22,22,stimuli/own/bathroom/101_bat.jpg,stimuli/own/bathroom/127_bat.jpg,NaN,NaN,NaN,NaN,NaN,NaN,NaN,NaN,0,133,133,21,1015.767664917,NaN,NaN,NaN,NaN,NaN,NaN,NaN,,NaN,,1016.052769708,1016.216717333,1016.216717333,1016.216717333,1016.216717333,1016.216717333,1016.216717333,1016.216717333,1016.216717333,1016.216717333,1043.436762958,7,-7,3,4,25.0062969159999,6,26.0705965,1015.7584815,1015.767664917,1016.216717333,1016.052756958,NaN,NaN,NaN,NaN,,NaN,,1015.754849083,1015.758433167,None,NaN,NaN,,NaN,NaN,NaN,NaN,NaN,NaN,NaN,9,bathroom,2,2024-03-22_12h26.00.837,image_similarity_rating,2023.2.3,None,2024-03-22 12h27.07.079342 +0100
,104,113,105,105,stimuli/own/bathroom/104_bat.jpg,stimuli/own/bathroom/113_bat.jpg,NaN,NaN,NaN,NaN,NaN,NaN,NaN,NaN,0,134,134,104,1043.44264725,NaN,NaN,NaN,NaN,NaN,NaN,NaN,,NaN,,1043.735580583,1043.90111525,1043.90111525,1043.90111525,1043.90111525,1043.90111525,1043.90111525,1043.90111525,1043.90111525,1043.90111525,1051.3208665,7,-7,3,5,3.90199887499989,3,6.89322474999994,1043.440704917,1043.44264725,1043.90111525,1043.735565708,NaN,NaN,NaN,NaN,,NaN,,1043.436987292,1043.440655667,None,NaN,NaN,,NaN,NaN,NaN,NaN,NaN,NaN,NaN,9,bathroom,2,2024-03-22_12h26.00.837,image_similarity_rating,2023.2.3,None,2024-03-22 12h27.07.079342 +0100
,118,120,366,366,stimuli/own/bathroom/118_bat.jpg,stimuli/own/bathroom/120_bat.jpg,NaN,NaN,NaN,NaN,NaN,NaN,NaN,NaN,0,135,135,365,1051.326613833,NaN,NaN,NaN,NaN,NaN,NaN,NaN,,NaN,,1051.618912,1051.782562625,1051.782562625,1051.782562625,1051.782562625,1051.782562625,1051.782562625,1051.782562625,1051.782562625,1051.782562625,1058.100519917,-7,7,3,4,6.39829062500007,1,4.05770679199986,1051.324675333,1051.326613833,1051.782562625,1051.618895542,NaN,NaN,NaN,NaN,,NaN,,1051.321089625,1051.324621542,None,NaN,NaN,,NaN,NaN,NaN,NaN,NaN,NaN,NaN,9,bathroom,2,2024-03-22_12h26.00.837,image_similarity_rating,2023.2.3,None,2024-03-22 12h27.07.079342 +0100
,113,119,275,275,stimuli/own/bathroom/113_bat.jpg,stimuli/own/bathroom/119_bat.jpg,NaN,NaN,NaN,NaN,NaN,NaN,NaN,NaN,0,136,136,274,1058.106110667,NaN,NaN,NaN,NaN,NaN,NaN,NaN,,NaN,,1058.389591333,1058.555549125,1058.555549125,1058.555549125,1058.555549125,1058.555549125,1058.555549125,1058.555549125,1058.555549125,1058.555549125,1062.591095208,-7,7,3,4,3.72184479199996,1,2.10454841599994,1058.104175667,1058.106110667,1058.555549125,1058.389578625,NaN,NaN,NaN,NaN,,NaN,,1058.100737333,1058.104128875,None,NaN,NaN,,NaN,NaN,NaN,NaN,NaN,NaN,NaN,9,bathroom,2,2024-03-22_12h26.00.837,image_similarity_rating,2023.2.3,None,2024-03-22 12h27.07.079342 +0100
,117,137,360,360,stimuli/own/bathroom/117_bat.jpg,stimuli/own/bathroom/137_bat.jpg,NaN,NaN,NaN,NaN,NaN,NaN,NaN,NaN,0,137,137,359,1062.601004375,NaN,NaN,NaN,NaN,NaN,NaN,NaN,,NaN,,1062.885501542,1063.0535705,1063.0535705,1063.0535705,1063.0535705,1063.0535705,1063.0535705,1063.0535705,1063.0535705,1063.0535705,1076.9834665,-7,7,3,2,13.4786386669998,1,3.67825454100011,1062.594862083,1062.601004375,1063.0535705,1062.885485458,NaN,NaN,NaN,NaN,,NaN,,1062.591323208,1062.594815875,None,NaN,NaN,,NaN,NaN,NaN,NaN,NaN,NaN,NaN,9,bathroom,2,2024-03-22_12h26.00.837,image_similarity_rating,2023.2.3,None,2024-03-22 12h27.07.079342 +0100
,113,114,271,271,stimuli/own/bathroom/113_bat.jpg,stimuli/own/bathroom/114_bat.jpg,NaN,NaN,NaN,NaN,NaN,NaN,NaN,NaN,0,138,138,270,1076.989290333,NaN,NaN,NaN,NaN,NaN,NaN,NaN,,NaN,,1077.273392375,1077.435562917,1077.435562917,1077.435562917,1077.435562917,1077.435562917,1077.435562917,1077.435562917,1077.435562917,1077.435562917,1084.257728,7,-7,3,5,5.64208254200003,6,6.74630212500006,1076.987336083,1076.989290333,1077.435562917,1077.273382292,NaN,NaN,NaN,NaN,,NaN,,1076.983689583,1076.987289333,None,NaN,NaN,,NaN,NaN,NaN,NaN,NaN,NaN,NaN,9,bathroom,2,2024-03-22_12h26.00.837,image_similarity_rating,2023.2.3,None,2024-03-22 12h27.07.079342 +0100
,131,132,551,551,stimuli/own/bathroom/131_bat.jpg,stimuli/own/bathroom/132_bat.jpg,NaN,NaN,NaN,NaN,NaN,NaN,NaN,NaN,0,139,139,550,1084.267897208,NaN,NaN,NaN,NaN,NaN,NaN,NaN,,NaN,,1084.552182208,1084.71779425,1084.71779425,1084.71779425,1084.71779425,1084.71779425,1084.71779425,1084.71779425,1084.71779425,1084.71779425,1101.803349167,-7,7,3,5,17.0841121659998,3,15.619997084,1084.26139075,1084.267897208,1084.71779425,1084.552167917,NaN,NaN,NaN,NaN,,NaN,,1084.257950667,1084.261344208,None,NaN,NaN,,NaN,NaN,NaN,NaN,NaN,NaN,NaN,9,bathroom,2,2024-03-22_12h26.00.837,image_similarity_rating,2023.2.3,None,2024-03-22 12h27.07.079342 +0100
,136,139,583,583,stimuli/own/bathroom/136_bat.jpg,stimuli/own/bathroom/139_bat.jpg,NaN,NaN,NaN,NaN,NaN,NaN,NaN,NaN,0,140,140,582,1101.808944875,NaN,NaN,NaN,NaN,NaN,NaN,NaN,,NaN,,1102.101891083,1102.266531333,1102.266531333,1102.266531333,1102.266531333,1102.266531333,1102.266531333,1102.266531333,1102.266531333,1102.266531333,1108.003134625,7,-7,3,3,5.22211179200008,4,3.27402995900002,1101.807000917,1101.808944875,1102.266531333,1102.101877042,NaN,NaN,NaN,NaN,,NaN,,1101.803569208,1101.806953833,None,NaN,NaN,,NaN,NaN,NaN,NaN,NaN,NaN,NaN,9,bathroom,2,2024-03-22_12h26.00.837,image_similarity_rating,2023.2.3,None,2024-03-22 12h27.07.079342 +0100
,136,139,583,600,stimuli/own/bathroom/136_bat.jpg,stimuli/own/bathroom/139_bat.jpg,NaN,NaN,NaN,NaN,NaN,NaN,NaN,NaN,0,141,141,599,1108.008733083,NaN,NaN,NaN,NaN,NaN,NaN,NaN,,NaN,,1108.302183875,1108.468463167,1108.468463167,1108.468463167,1108.468463167,1108.468463167,1108.468463167,1108.468463167,1108.468463167,1108.468463167,1117.207637833,7,-7,3,3,7.45274341699997,4,8.53760837499999,1108.006792875,1108.008733083,1108.468463167,1108.302169083,NaN,NaN,NaN,NaN,,NaN,,1108.003355292,1108.006746917,None,NaN,NaN,,NaN,NaN,NaN,NaN,NaN,NaN,NaN,9,bathroom,2,2024-03-22_12h26.00.837,image_similarity_rating,2023.2.3,None,2024-03-22 12h27.07.079342 +0100
,111,132,236,236,stimuli/own/bathroom/111_bat.jpg,stimuli/own/bathroom/132_bat.jpg,NaN,NaN,NaN,NaN,NaN,NaN,NaN,NaN,0,142,142,235,1117.217466333,NaN,NaN,NaN,NaN,NaN,NaN,NaN,,NaN,,1117.501898083,1117.673062042,1117.673062042,1117.673062042,1117.673062042,1117.673062042,1117.673062042,1117.673062042,1117.673062042,1117.673062042,1134.624325875,7,-7,3,6,16.3083680000002,6,9.23736229099995,1117.2112995,1117.217466333,1117.673062042,1117.501882125,NaN,NaN,NaN,NaN,,NaN,,1117.207867417,1117.21125375,None,NaN,NaN,,NaN,NaN,NaN,NaN,NaN,NaN,NaN,9,bathroom,2,2024-03-22_12h26.00.837,image_similarity_rating,2023.2.3,None,2024-03-22 12h27.07.079342 +0100
,134,141,574,574,stimuli/own/bathroom/134_bat.jpg,stimuli/own/bathroom/141_bat.jpg,NaN,NaN,NaN,NaN,NaN,NaN,NaN,NaN,0,143,143,573,1134.634316875,NaN,NaN,NaN,NaN,NaN,NaN,NaN,,NaN,,1134.918457042,1135.084415375,1135.084415375,1135.084415375,1135.084415375,1135.084415375,1135.084415375,1135.084415375,1135.084415375,1135.084415375,1140.969684292,7,-7,3,6,5.07034483300004,5,3.191557375,1134.6279975,1134.634316875,1135.084415375,1134.918442042,NaN,NaN,NaN,NaN,,NaN,,1134.624548333,1134.627951167,None,NaN,NaN,,NaN,NaN,NaN,NaN,NaN,NaN,NaN,9,bathroom,2,2024-03-22_12h26.00.837,image_similarity_rating,2023.2.3,None,2024-03-22 12h27.07.079342 +0100
,113,137,291,291,stimuli/own/bathroom/113_bat.jpg,stimuli/own/bathroom/137_bat.jpg,NaN,NaN,NaN,NaN,NaN,NaN,NaN,NaN,0,144,144,290,1140.975365042,NaN,NaN,NaN,NaN,NaN,NaN,NaN,,NaN,,1141.268631083,1141.438042,1141.438042,1141.438042,1141.438042,1141.438042,1141.438042,1141.438042,1141.438042,1141.438042,1154.211580792,-7,7,3,3,12.1238644580001,1,4.39310733299999,1140.973434125,1140.975365042,1141.438042,1141.268611,NaN,NaN,NaN,NaN,,NaN,,1140.969905958,1140.9733875,None,NaN,NaN,,NaN,NaN,NaN,NaN,NaN,NaN,NaN,9,bathroom,2,2024-03-22_12h26.00.837,image_similarity_rating,2023.2.3,None,2024-03-22 12h27.07.079342 +0100
,130,132,542,542,stimuli/own/bathroom/130_bat.jpg,stimuli/own/bathroom/132_bat.jpg,NaN,NaN,NaN,NaN,NaN,NaN,NaN,NaN,0,145,145,541,1154.217376125,NaN,NaN,NaN,NaN,NaN,NaN,NaN,,NaN,,1154.501894,1154.670618792,1154.670618792,1154.670618792,1154.670618792,1154.670618792,1154.670618792,1154.670618792,1154.670618792,1154.670618792,1159.8575935,-7,7,3,6,3.72026808399983,6,4.4486602500001,1154.215238792,1154.217376125,1154.670618792,1154.501874417,NaN,NaN,NaN,NaN,,NaN,,1154.211800875,1154.215192167,None,NaN,NaN,,NaN,NaN,NaN,NaN,NaN,NaN,NaN,9,bathroom,2,2024-03-22_12h26.00.837,image_similarity_rating,2023.2.3,None,2024-03-22 12h27.07.079342 +0100
,106,129,178,178,stimuli/own/bathroom/106_bat.jpg,stimuli/own/bathroom/129_bat.jpg,NaN,NaN,NaN,NaN,NaN,NaN,NaN,NaN,0,146,146,177,1159.867219167,NaN,NaN,NaN,NaN,NaN,NaN,NaN,,NaN,,1160.151875292,1160.323142167,1160.323142167,1160.323142167,1160.323142167,1160.323142167,1160.323142167,1160.323142167,1160.323142167,1160.323142167,1170.111347125,7,-7,3,4,9.71439754199992,1,4.75915491699993,1159.861244,1159.867219167,1160.323142167,1160.151858958,NaN,NaN,NaN,NaN,,NaN,,1159.857814208,1159.861197958,None,NaN,NaN,,NaN,NaN,NaN,NaN,NaN,NaN,NaN,9,bathroom,2,2024-03-22_12h26.00.837,image_similarity_rating,2023.2.3,None,2024-03-22 12h27.07.079342 +0100
,130,137,546,546,stimuli/own/bathroom/130_bat.jpg,stimuli/own/bathroom/137_bat.jpg,NaN,NaN,NaN,NaN,NaN,NaN,NaN,NaN,0,147,147,545,1170.11698875,NaN,NaN,NaN,NaN,NaN,NaN,NaN,,NaN,,1170.40183075,1170.566282583,1170.566282583,1170.566282583,1170.566282583,1170.566282583,1170.566282583,1170.566282583,1170.566282583,1170.566282583,1179.577889417,7,-7,3,3,8.91561766599989,1,8.00404095800013,1170.115006042,1170.11698875,1170.566282583,1170.401812917,NaN,NaN,NaN,NaN,,NaN,,1170.1115675,1170.114960292,None,NaN,NaN,,NaN,NaN,NaN,NaN,NaN,NaN,NaN,9,bathroom,2,2024-03-22_12h26.00.837,image_similarity_rating,2023.2.3,None,2024-03-22 12h27.07.079342 +0100
,118,135,379,379,stimuli/own/bathroom/118_bat.jpg,stimuli/own/bathroom/135_bat.jpg,NaN,NaN,NaN,NaN,NaN,NaN,NaN,NaN,0,148,148,378,1179.583712333,NaN,NaN,NaN,NaN,NaN,NaN,NaN,,NaN,,1179.868425583,1180.04116625,1180.04116625,1180.04116625,1180.04116625,1180.04116625,1180.04116625,1180.04116625,1180.04116625,1180.04116625,1188.273717083,7,-7,3,3,4.81598766699994,1,2.84261470799993,1179.581545917,1179.583712333,1180.04116625,1179.868404792,NaN,NaN,NaN,NaN,,NaN,,1179.578108417,1179.581499958,None,NaN,NaN,,NaN,NaN,NaN,NaN,NaN,NaN,NaN,9,bathroom,2,2024-03-22_12h26.00.837,image_similarity_rating,2023.2.3,None,2024-03-22 12h27.07.079342 +0100
,117,124,349,349,stimuli/own/bathroom/117_bat.jpg,stimuli/own/bathroom/124_bat.jpg,NaN,NaN,NaN,NaN,NaN,NaN,NaN,NaN,0,149,149,348,1188.283722208,NaN,NaN,NaN,NaN,NaN,NaN,NaN,,NaN,,1188.568330792,1188.737519417,1188.737519417,1188.737519417,1188.737519417,1188.737519417,1188.737519417,1188.737519417,1188.737519417,1188.737519417,1191.944708375,7,-7,3,5,2.16461683300008,5,2.82707383299999,1188.277370292,1188.283722208,1188.737519417,1188.568315167,NaN,NaN,NaN,NaN,,NaN,,1188.273937917,1188.2773245,None,NaN,NaN,,NaN,NaN,NaN,NaN,NaN,NaN,NaN,9,bathroom,2,2024-03-22_12h26.00.837,image_similarity_rating,2023.2.3,None,2024-03-22 12h27.07.079342 +0100
,124,138,487,487,stimuli/own/bathroom/124_bat.jpg,stimuli/own/bathroom/138_bat.jpg,NaN,NaN,NaN,NaN,NaN,NaN,NaN,NaN,0,150,150,486,1191.950168208,NaN,NaN,NaN,NaN,NaN,NaN,NaN,,NaN,,1192.234991875,1192.402760875,1192.402760875,1192.402760875,1192.402760875,1192.402760875,1192.402760875,1192.402760875,1192.402760875,1192.402760875,1208.623649375,7,-7,3,5,14.218057459,5,16.009351125,1191.948351625,1191.950168208,1192.402760875,1192.234970875,NaN,NaN,NaN,NaN,,NaN,,1191.944926875,1191.948305375,None,NaN,NaN,,NaN,NaN,NaN,NaN,NaN,NaN,NaN,9,bathroom,2,2024-03-22_12h26.00.837,image_similarity_rating,2023.2.3,None,2024-03-22 12h27.07.079342 +0100
,125,138,501,501,stimuli/own/bathroom/125_bat.jpg,stimuli/own/bathroom/138_bat.jpg,NaN,NaN,NaN,NaN,NaN,NaN,NaN,NaN,0,151,151,500,1208.633544542,NaN,NaN,NaN,NaN,NaN,NaN,NaN,,NaN,,1208.91812725,1209.082960833,1209.082960833,1209.082960833,1209.082960833,1209.082960833,1209.082960833,1209.082960833,1209.082960833,1209.082960833,1213.873923708,-7,7,3,5,4.87635654199994,4,3.3206472920001,1208.62742725,1208.633544542,1209.082960833,1208.918112125,NaN,NaN,NaN,NaN,,NaN,,1208.623869958,1208.627381042,None,NaN,NaN,,NaN,NaN,NaN,NaN,NaN,NaN,NaN,9,bathroom,2,2024-03-22_12h26.00.837,image_similarity_rating,2023.2.3,None,2024-03-22 12h27.07.079342 +0100
,104,105,100,100,stimuli/own/bathroom/104_bat.jpg,stimuli/own/bathroom/105_bat.jpg,NaN,NaN,NaN,NaN,NaN,NaN,NaN,NaN,0,152,152,99,1213.883608708,NaN,NaN,NaN,NaN,NaN,NaN,NaN,,NaN,,1214.168774583,1214.334402083,1214.334402083,1214.334402083,1214.334402083,1214.334402083,1214.334402083,1214.334402083,1214.334402083,1214.334402083,1224.728533167,-7,7,3,5,10.3901900419999,5,8.33702608299996,1213.877587875,1213.883608708,1214.334402083,1214.168761792,NaN,NaN,NaN,NaN,,NaN,,1213.874151917,1213.877541875,None,NaN,NaN,,NaN,NaN,NaN,NaN,NaN,NaN,NaN,9,bathroom,2,2024-03-22_12h26.00.837,image_similarity_rating,2023.2.3,None,2024-03-22 12h27.07.079342 +0100
,122,139,457,457,stimuli/own/bathroom/122_bat.jpg,stimuli/own/bathroom/139_bat.jpg,NaN,NaN,NaN,NaN,NaN,NaN,NaN,NaN,0,153,153,456,1224.750597292,NaN,NaN,NaN,NaN,NaN,NaN,NaN,,NaN,,1225.034368417,1225.2003455,1225.2003455,1225.2003455,1225.2003455,1225.2003455,1225.2003455,1225.2003455,1225.2003455,1225.2003455,1234.42786425,7,-7,3,5,6.19180779199996,5,9.15256020900006,1224.7321955,1224.750597292,NaN,1225.034342042,NaN,NaN,NaN,NaN,,NaN,,1224.728753208,1224.732149333,None,NaN,NaN,,NaN,NaN,NaN,NaN,NaN,NaN,NaN,9,bathroom,2,2024-03-22_12h26.00.837,image_similarity_rating,2023.2.3,None,2024-03-22 12h27.07.079342 +0100
,102,131,58,58,stimuli/own/bathroom/102_bat.jpg,stimuli/own/bathroom/131_bat.jpg,NaN,NaN,NaN,NaN,NaN,NaN,NaN,NaN,0,154,154,57,1234.43338825,NaN,NaN,NaN,NaN,NaN,NaN,NaN,,NaN,,1234.71814475,1234.885492125,1234.885492125,1234.885492125,1234.885492125,1234.885492125,1234.885492125,1234.885492125,1234.885492125,1234.885492125,1244.044715833,7,-7,3,4,9.12016345799998,5,3.69813595900018,1234.431523708,1234.43338825,1234.885492125,1234.7181295,NaN,NaN,NaN,NaN,,NaN,,1234.428085958,1234.431477583,None,NaN,NaN,,NaN,NaN,NaN,NaN,NaN,NaN,NaN,9,bathroom,2,2024-03-22_12h26.00.837,image_similarity_rating,2023.2.3,None,2024-03-22 12h27.07.079342 +0100
,101,113,9,9,stimuli/own/bathroom/101_bat.jpg,stimuli/own/bathroom/113_bat.jpg,NaN,NaN,NaN,NaN,NaN,NaN,NaN,NaN,0,155,155,8,1244.06707275,NaN,NaN,NaN,NaN,NaN,NaN,NaN,,NaN,,1244.351006958,1244.517716208,1244.517716208,1244.517716208,1244.517716208,1244.517716208,1244.517716208,1244.517716208,1244.517716208,1244.517716208,1254.677743042,7,-7,3,4,7.51079345800008,6,10.0843260409999,1244.048370708,1244.06707275,NaN,1244.350988958,NaN,NaN,NaN,NaN,,NaN,,1244.044934625,1244.048324542,None,NaN,NaN,,NaN,NaN,NaN,NaN,NaN,NaN,NaN,9,bathroom,2,2024-03-22_12h26.00.837,image_similarity_rating,2023.2.3,None,2024-03-22 12h27.07.079342 +0100
,120,131,415,415,stimuli/own/bathroom/120_bat.jpg,stimuli/own/bathroom/131_bat.jpg,NaN,NaN,NaN,NaN,NaN,NaN,NaN,NaN,0,156,156,414,1254.683374208,NaN,NaN,NaN,NaN,NaN,NaN,NaN,,NaN,,1254.968087667,1255.1325575,1255.1325575,1255.1325575,1255.1325575,1255.1325575,1255.1325575,1255.1325575,1255.1325575,1255.1325575,1258.732167042,-7,7,3,3,3.57202829199991,1,2.48178129200005,1254.681551125,1254.683374208,1255.1325575,1254.968074,NaN,NaN,NaN,NaN,,NaN,,1254.677966833,1254.681505,None,NaN,NaN,,NaN,NaN,NaN,NaN,NaN,NaN,NaN,9,bathroom,2,2024-03-22_12h26.00.837,image_similarity_rating,2023.2.3,None,2024-03-22 12h27.07.079342 +0100
,124,130,480,480,stimuli/own/bathroom/124_bat.jpg,stimuli/own/bathroom/130_bat.jpg,NaN,NaN,NaN,NaN,NaN,NaN,NaN,NaN,0,157,157,479,1258.737903,NaN,NaN,NaN,NaN,NaN,NaN,NaN,,NaN,,1259.02186025,1259.186148625,1259.186148625,1259.186148625,1259.186148625,1259.186148625,1259.186148625,1259.186148625,1259.186148625,1259.186148625,1264.9067965,-7,7,3,5,4.791354834,5,5.60908508299985,1258.735960708,1258.737903,1259.186148625,1259.021843458,NaN,NaN,NaN,NaN,,NaN,,1258.732395958,1258.735912042,None,NaN,NaN,,NaN,NaN,NaN,NaN,NaN,NaN,NaN,9,bathroom,2,2024-03-22_12h26.00.837,image_similarity_rating,2023.2.3,None,2024-03-22 12h27.07.079342 +0100
,109,116,194,194,stimuli/own/bathroom/109_bat.jpg,stimuli/own/bathroom/116_bat.jpg,NaN,NaN,NaN,NaN,NaN,NaN,NaN,NaN,0,158,158,193,1264.916947792,NaN,NaN,NaN,NaN,NaN,NaN,NaN,,NaN,,1265.202129542,1265.366634167,1265.366634167,1265.366634167,1265.366634167,1265.366634167,1265.366634167,1265.366634167,1265.366634167,1265.366634167,1272.015600333,7,-7,3,6,6.75926191600001,7,3.445157333,1264.910561292,1264.916947792,1265.366634167,1265.202114833,NaN,NaN,NaN,NaN,,NaN,,1264.907018667,1264.910515,None,NaN,NaN,,NaN,NaN,NaN,NaN,NaN,NaN,NaN,9,bathroom,2,2024-03-22_12h26.00.837,image_similarity_rating,2023.2.3,None,2024-03-22 12h27.07.079342 +0100
,122,135,453,453,stimuli/own/bathroom/122_bat.jpg,stimuli/own/bathroom/135_bat.jpg,NaN,NaN,NaN,NaN,NaN,NaN,NaN,NaN,0,159,159,452,1272.021095083,NaN,NaN,NaN,NaN,NaN,NaN,NaN,,NaN,,1272.305231167,1272.469543167,1272.469543167,1272.469543167,1272.469543167,1272.469543167,1272.469543167,1272.469543167,1272.469543167,1272.469543167,1277.589674083,7,-7,3,5,5.03043137499981,6,4.05580258400005,1272.019301625,1272.021095083,1272.469543167,1272.30521875,NaN,NaN,NaN,NaN,,NaN,,1272.015842542,1272.019255375,None,NaN,NaN,,NaN,NaN,NaN,NaN,NaN,NaN,NaN,9,bathroom,2,2024-03-22_12h26.00.837,image_similarity_rating,2023.2.3,None,2024-03-22 12h27.07.079342 +0100
,109,138,214,214,stimuli/own/bathroom/109_bat.jpg,stimuli/own/bathroom/138_bat.jpg,NaN,NaN,NaN,NaN,NaN,NaN,NaN,NaN,0,160,160,213,1277.600070333,NaN,NaN,NaN,NaN,NaN,NaN,NaN,,NaN,,1277.884637417,1278.053810667,1278.053810667,1278.053810667,1278.053810667,1278.053810667,1278.053810667,1278.053810667,1278.053810667,1278.053810667,1285.411136917,7,-7,3,6,7.35506379200001,5,5.69684041699998,1277.593324292,1277.600070333,1278.053810667,1277.884616708,NaN,NaN,NaN,NaN,,NaN,,1277.58989575,1277.593278333,None,NaN,NaN,,NaN,NaN,NaN,NaN,NaN,NaN,NaN,9,bathroom,2,2024-03-22_12h26.00.837,image_similarity_rating,2023.2.3,None,2024-03-22 12h27.07.079342 +0100
,104,111,103,103,stimuli/own/bathroom/104_bat.jpg,stimuli/own/bathroom/111_bat.jpg,NaN,NaN,NaN,NaN,NaN,NaN,NaN,NaN,0,161,161,102,1285.416573292,NaN,NaN,NaN,NaN,NaN,NaN,NaN,,NaN,,1285.701321875,1285.869008667,1285.869008667,1285.869008667,1285.869008667,1285.869008667,1285.869008667,1285.869008667,1285.869008667,1285.869008667,1295.285756583,7,-7,3,6,7.89852158299982,5,9.41921912499993,1285.414792167,1285.416573292,1285.869008667,1285.701305125,NaN,NaN,NaN,NaN,,NaN,,1285.411355208,1285.41474575,None,NaN,NaN,,NaN,NaN,NaN,NaN,NaN,NaN,NaN,9,bathroom,2,2024-03-22_12h26.00.837,image_similarity_rating,2023.2.3,None,2024-03-22 12h27.07.079342 +0100
,101,138,31,31,stimuli/own/bathroom/101_bat.jpg,stimuli/own/bathroom/138_bat.jpg,NaN,NaN,NaN,NaN,NaN,NaN,NaN,NaN,0,162,162,30,1295.291340667,NaN,NaN,NaN,NaN,NaN,NaN,NaN,,NaN,,1295.58450975,1295.750875542,1295.750875542,1295.750875542,1295.750875542,1295.750875542,1295.750875542,1295.750875542,1295.750875542,1295.750875542,1300.777557375,-7,7,3,6,4.03626879099988,5,3.24367483299989,1295.289402958,1295.291340667,1295.750875542,1295.584495042,NaN,NaN,NaN,NaN,,NaN,,1295.285977625,1295.289356542,None,NaN,NaN,,NaN,NaN,NaN,NaN,NaN,NaN,NaN,9,bathroom,2,2024-03-22_12h26.00.837,image_similarity_rating,2023.2.3,None,2024-03-22 12h27.07.079342 +0100
,120,135,418,418,stimuli/own/bathroom/120_bat.jpg,stimuli/own/bathroom/135_bat.jpg,NaN,NaN,NaN,NaN,NaN,NaN,NaN,NaN,0,163,163,417,1300.783425583,NaN,NaN,NaN,NaN,NaN,NaN,NaN,,NaN,,1301.067838417,1301.233473292,1301.233473292,1301.233473292,1301.233473292,1301.233473292,1301.233473292,1301.233473292,1301.233473292,1301.233473292,1308.952359375,-7,7,3,5,7.79296150000005,3,6.88103008400003,1300.781201792,1300.783425583,1301.233473292,1301.067825083,NaN,NaN,NaN,NaN,,NaN,,1300.777774625,1300.781155875,None,NaN,NaN,,NaN,NaN,NaN,NaN,NaN,NaN,NaN,9,bathroom,2,2024-03-22_12h26.00.837,image_similarity_rating,2023.2.3,None,2024-03-22 12h27.07.079342 +0100
,125,126,491,491,stimuli/own/bathroom/125_bat.jpg,stimuli/own/bathroom/126_bat.jpg,NaN,NaN,NaN,NaN,NaN,NaN,NaN,NaN,0,164,164,490,1308.958115208,NaN,NaN,NaN,NaN,NaN,NaN,NaN,,NaN,,1309.2521855,1309.416142458,1309.416142458,1309.416142458,1309.416142458,1309.416142458,1309.416142458,1309.416142458,1309.416142458,1309.416142458,1312.631768708,-7,7,3,6,2.24177750000013,6,3.12942379200013,1308.956040958,1308.958115208,1309.416142458,1309.252172375,NaN,NaN,NaN,NaN,,NaN,,1308.952592417,1308.955995667,None,NaN,NaN,,NaN,NaN,NaN,NaN,NaN,NaN,NaN,9,bathroom,2,2024-03-22_12h26.00.837,image_similarity_rating,2023.2.3,None,2024-03-22 12h27.07.079342 +0100
,102,124,52,52,stimuli/own/bathroom/102_bat.jpg,stimuli/own/bathroom/124_bat.jpg,NaN,NaN,NaN,NaN,NaN,NaN,NaN,NaN,0,165,165,51,1312.637395333,NaN,NaN,NaN,NaN,NaN,NaN,NaN,,NaN,,1312.921840875,1313.086361958,1313.086361958,1313.086361958,1313.086361958,1313.086361958,1313.086361958,1313.086361958,1313.086361958,1313.086361958,1324.02739725,7,-7,3,6,9.88362466600006,5,10.9302289999998,1312.635459833,1312.637395333,1313.086361958,1312.921827958,NaN,NaN,NaN,NaN,,NaN,,1312.631987958,1312.635413833,None,NaN,NaN,,NaN,NaN,NaN,NaN,NaN,NaN,NaN,9,bathroom,2,2024-03-22_12h26.00.837,image_similarity_rating,2023.2.3,None,2024-03-22 12h27.07.079342 +0100
,117,129,353,353,stimuli/own/bathroom/117_bat.jpg,stimuli/own/bathroom/129_bat.jpg,NaN,NaN,NaN,NaN,NaN,NaN,NaN,NaN,0,166,166,352,1324.032978292,NaN,NaN,NaN,NaN,NaN,NaN,NaN,,NaN,,1324.31781075,1324.488638792,1324.488638792,1324.488638792,1324.488638792,1324.488638792,1324.488638792,1324.488638792,1324.488638792,1324.488638792,1344.848553625,-7,7,3,5,19.0672791250001,6,20.2107370829999,1324.031156208,1324.032978292,1324.488638792,1324.317794167,NaN,NaN,NaN,NaN,,NaN,,1324.027614,1324.03110975,None,NaN,NaN,,NaN,NaN,NaN,NaN,NaN,NaN,NaN,9,bathroom,2,2024-03-22_12h26.00.837,image_similarity_rating,2023.2.3,None,2024-03-22 12h27.07.079342 +0100
,105,114,136,136,stimuli/own/bathroom/105_bat.jpg,stimuli/own/bathroom/114_bat.jpg,NaN,NaN,NaN,NaN,NaN,NaN,NaN,NaN,0,167,167,135,1344.854211875,NaN,NaN,NaN,NaN,NaN,NaN,NaN,,NaN,,1345.138593583,1345.307532042,1345.307532042,1345.307532042,1345.307532042,1345.307532042,1345.307532042,1345.307532042,1345.307532042,1345.307532042,1350.261552292,-7,7,3,4,4.88930754199987,2,3.69239737499993,1344.852277667,1344.854211875,1345.307532042,1345.13857875,NaN,NaN,NaN,NaN,,NaN,,1344.84880125,1344.852230542,None,NaN,NaN,,NaN,NaN,NaN,NaN,NaN,NaN,NaN,9,bathroom,2,2024-03-22_12h26.00.837,image_similarity_rating,2023.2.3,None,2024-03-22 12h27.07.079342 +0100
,105,140,159,159,stimuli/own/bathroom/105_bat.jpg,stimuli/own/bathroom/140_bat.jpg,NaN,NaN,NaN,NaN,NaN,NaN,NaN,NaN,0,168,168,158,1350.26782275,NaN,NaN,NaN,NaN,NaN,NaN,NaN,,NaN,,1350.5509415,1350.717273083,1350.717273083,1350.717273083,1350.717273083,1350.717273083,1350.717273083,1350.717273083,1350.717273083,1350.717273083,1359.789988042,-7,7,3,3,7.95943975,2,3.0920423340001,1350.265302167,1350.26782275,1350.717273083,1350.550924,NaN,NaN,NaN,NaN,,NaN,,1350.261770875,1350.265255917,None,NaN,NaN,,NaN,NaN,NaN,NaN,NaN,NaN,NaN,9,bathroom,2,2024-03-22_12h26.00.837,image_similarity_rating,2023.2.3,None,2024-03-22 12h27.07.079342 +0100
,116,130,332,332,stimuli/own/bathroom/116_bat.jpg,stimuli/own/bathroom/130_bat.jpg,NaN,NaN,NaN,NaN,NaN,NaN,NaN,NaN,0,169,169,331,1359.799781792,NaN,NaN,NaN,NaN,NaN,NaN,NaN,,NaN,,1360.084249917,1360.252009083,1360.252009083,1360.252009083,1360.252009083,1360.252009083,1360.252009083,1360.252009083,1360.252009083,1360.252009083,1370.439992833,-7,7,3,4,5.23650641699987,1,3.87871775000008,1359.79364575,1359.799781792,1360.252009083,1360.084234,NaN,NaN,NaN,NaN,,NaN,,1359.790210833,1359.793599292,None,NaN,NaN,,NaN,NaN,NaN,NaN,NaN,NaN,NaN,9,bathroom,2,2024-03-22_12h26.00.837,image_similarity_rating,2023.2.3,None,2024-03-22 12h27.07.079342 +0100
,116,137,338,338,stimuli/own/bathroom/116_bat.jpg,stimuli/own/bathroom/137_bat.jpg,NaN,NaN,NaN,NaN,NaN,NaN,NaN,NaN,0,170,170,337,1370.44966175,NaN,NaN,NaN,NaN,NaN,NaN,NaN,,NaN,,1370.734278167,1370.901650375,1370.901650375,1370.901650375,1370.901650375,1370.901650375,1370.901650375,1370.901650375,1370.901650375,1370.901650375,1379.415289708,7,-7,3,3,8.5303772499999,5,4.21241287500015,1370.443789792,1370.44966175,1370.901650375,1370.734262,NaN,NaN,NaN,NaN,,NaN,,1370.440214625,1370.443743542,None,NaN,NaN,,NaN,NaN,NaN,NaN,NaN,NaN,NaN,9,bathroom,2,2024-03-22_12h26.00.837,image_similarity_rating,2023.2.3,None,2024-03-22 12h27.07.079342 +0100
,105,109,132,132,stimuli/own/bathroom/105_bat.jpg,stimuli/own/bathroom/109_bat.jpg,NaN,NaN,NaN,NaN,NaN,NaN,NaN,NaN,0,171,171,131,1379.421035792,NaN,NaN,NaN,NaN,NaN,NaN,NaN,,NaN,,1379.704836583,1379.868328125,1379.868328125,1379.868328125,1379.868328125,1379.868328125,1379.868328125,1379.868328125,1379.868328125,1379.868328125,1400.401904125,7,-7,3,4,20.642723125,5,10.5344829579999,1379.419085,1379.421035792,1379.868328125,1379.704823792,NaN,NaN,NaN,NaN,,NaN,,1379.415519667,1379.419039042,None,NaN,NaN,,NaN,NaN,NaN,NaN,NaN,NaN,NaN,9,bathroom,2,2024-03-22_12h26.00.837,image_similarity_rating,2023.2.3,None,2024-03-22 12h27.07.079342 +0100
,118,127,373,373,stimuli/own/bathroom/118_bat.jpg,stimuli/own/bathroom/127_bat.jpg,NaN,NaN,NaN,NaN,NaN,NaN,NaN,NaN,0,172,172,372,1400.407320875,NaN,NaN,NaN,NaN,NaN,NaN,NaN,,NaN,,1400.700898792,1400.869448208,1400.869448208,1400.869448208,1400.869448208,1400.869448208,1400.869448208,1400.869448208,1400.869448208,1400.869448208,1410.293955167,-7,7,3,5,9.26342649999992,2,3.75313545900008,1400.4055555,1400.407320875,1400.869448208,1400.700882542,NaN,NaN,NaN,NaN,,NaN,,1400.402120417,1400.405506625,None,NaN,NaN,,NaN,NaN,NaN,NaN,NaN,NaN,NaN,9,bathroom,2,2024-03-22_12h26.00.837,image_similarity_rating,2023.2.3,None,2024-03-22 12h27.07.079342 +0100
,122,126,446,446,stimuli/own/bathroom/122_bat.jpg,stimuli/own/bathroom/126_bat.jpg,NaN,NaN,NaN,NaN,NaN,NaN,NaN,NaN,0,173,173,445,1410.316425125,NaN,NaN,NaN,NaN,NaN,NaN,NaN,,NaN,,1410.600390583,1410.770622583,1410.770622583,1410.770622583,1410.770622583,1410.770622583,1410.770622583,1410.770622583,1410.770622583,1410.770622583,1414.26038,7,-7,3,5,1.91208900000015,6,3.19504379199998,1410.297690708,1410.316425125,NaN,1410.600370958,NaN,NaN,NaN,NaN,,NaN,,1410.294175625,1410.297644167,None,NaN,NaN,,NaN,NaN,NaN,NaN,NaN,NaN,NaN,9,bathroom,2,2024-03-22_12h26.00.837,image_similarity_rating,2023.2.3,None,2024-03-22 12h27.07.079342 +0100
,118,123,369,369,stimuli/own/bathroom/118_bat.jpg,stimuli/own/bathroom/123_bat.jpg,NaN,NaN,NaN,NaN,NaN,NaN,NaN,NaN,0,174,174,368,1414.266189417,NaN,NaN,NaN,NaN,NaN,NaN,NaN,,NaN,,1414.550726667,1414.715483833,1414.715483833,1414.715483833,1414.715483833,1414.715483833,1414.715483833,1414.715483833,1414.715483833,1414.715483833,1419.477142042,7,-7,3,4,4.8461790419999,3,3.88294849999988,1414.264022958,1414.266189417,1414.715483833,1414.550713083,NaN,NaN,NaN,NaN,,NaN,,1414.26059875,1414.263976625,None,NaN,NaN,,NaN,NaN,NaN,NaN,NaN,NaN,NaN,9,bathroom,2,2024-03-22_12h26.00.837,image_similarity_rating,2023.2.3,None,2024-03-22 12h27.07.079342 +0100
,106,127,177,177,stimuli/own/bathroom/106_bat.jpg,stimuli/own/bathroom/127_bat.jpg,NaN,NaN,NaN,NaN,NaN,NaN,NaN,NaN,0,175,175,176,1419.482715208,NaN,NaN,NaN,NaN,NaN,NaN,NaN,,NaN,,1419.767518958,1419.935385167,1419.935385167,1419.935385167,1419.935385167,1419.935385167,1419.935385167,1419.935385167,1419.935385167,1419.935385167,1427.872705292,7,-7,3,5,7.91311541699997,1,3.55986766699993,1419.480920333,1419.482715208,1419.935385167,1419.767502042,NaN,NaN,NaN,NaN,,NaN,,1419.47736925,1419.480873458,None,NaN,NaN,,NaN,NaN,NaN,NaN,NaN,NaN,NaN,9,bathroom,2,2024-03-22_12h26.00.837,image_similarity_rating,2023.2.3,None,2024-03-22 12h27.07.079342 +0100
,113,120,276,276,stimuli/own/bathroom/113_bat.jpg,stimuli/own/bathroom/120_bat.jpg,NaN,NaN,NaN,NaN,NaN,NaN,NaN,NaN,0,176,176,275,1427.882797917,NaN,NaN,NaN,NaN,NaN,NaN,NaN,,NaN,,1428.167495458,1428.335076833,1428.335076833,1428.335076833,1428.335076833,1428.335076833,1428.335076833,1428.335076833,1428.335076833,1428.335076833,1433.243738667,7,-7,3,7,3.92368562500019,7,4.93320924999989,1427.876354542,1427.882797917,1428.335076833,1428.167479083,NaN,NaN,NaN,NaN,,NaN,,1427.87292425,1427.876308333,None,NaN,NaN,,NaN,NaN,NaN,NaN,NaN,NaN,NaN,9,bathroom,2,2024-03-22_12h26.00.837,image_similarity_rating,2023.2.3,None,2024-03-22 12h27.07.079342 +0100
,126,141,517,517,stimuli/own/bathroom/126_bat.jpg,stimuli/own/bathroom/141_bat.jpg,NaN,NaN,NaN,NaN,NaN,NaN,NaN,NaN,0,177,177,516,1433.249252542,NaN,NaN,NaN,NaN,NaN,NaN,NaN,,NaN,,1433.53407575,1433.698891208,1433.698891208,1433.698891208,1433.698891208,1433.698891208,1433.698891208,1433.698891208,1433.698891208,1433.698891208,1437.298747458,7,-7,3,7,3.69446249999987,7,2.945507292,1433.247398833,1433.249252542,1433.698891208,1433.534062417,NaN,NaN,NaN,NaN,,NaN,,1433.243958417,1433.247352083,None,NaN,NaN,,NaN,NaN,NaN,NaN,NaN,NaN,NaN,9,bathroom,2,2024-03-22_12h26.00.837,image_similarity_rating,2023.2.3,None,2024-03-22 12h27.07.079342 +0100
,106,122,172,172,stimuli/own/bathroom/106_bat.jpg,stimuli/own/bathroom/122_bat.jpg,NaN,NaN,NaN,NaN,NaN,NaN,NaN,NaN,0,178,178,171,1437.304659542,NaN,NaN,NaN,NaN,NaN,NaN,NaN,,NaN,,1437.588564292,1437.752008125,1437.752008125,1437.752008125,1437.752008125,1437.752008125,1437.752008125,1437.752008125,1437.752008125,1437.752008125,1442.465357,7,-7,3,5,4.63276250000013,1,3.72000754200008,1437.302580583,1437.304659542,1437.752008125,1437.588554,NaN,NaN,NaN,NaN,,NaN,,1437.29896475,1437.302533833,None,NaN,NaN,,NaN,NaN,NaN,NaN,NaN,NaN,NaN,9,bathroom,2,2024-03-22_12h26.00.837,image_similarity_rating,2023.2.3,None,2024-03-22 12h27.07.079342 +0100
,118,130,375,375,stimuli/own/bathroom/118_bat.jpg,stimuli/own/bathroom/130_bat.jpg,NaN,NaN,NaN,NaN,NaN,NaN,NaN,NaN,0,179,179,374,1442.471126458,NaN,NaN,NaN,NaN,NaN,NaN,NaN,,NaN,,1442.755825875,1442.925723458,1442.925723458,1442.925723458,1442.925723458,1442.925723458,1442.925723458,1442.925723458,1442.925723458,1442.925723458,1447.711753042,7,-7,3,6,4.92430300000001,1,2.35541133399988,1442.469045417,1442.471126458,1442.925723458,1442.755810542,NaN,NaN,NaN,NaN,,NaN,,1442.465576417,1442.468998917,None,NaN,NaN,,NaN,NaN,NaN,NaN,NaN,NaN,NaN,9,bathroom,2,2024-03-22_12h26.00.837,image_similarity_rating,2023.2.3,None,2024-03-22 12h27.07.079342 +0100
,113,139,293,293,stimuli/own/bathroom/113_bat.jpg,stimuli/own/bathroom/139_bat.jpg,NaN,NaN,NaN,NaN,NaN,NaN,NaN,NaN,0,180,180,292,1447.717851458,NaN,NaN,NaN,NaN,NaN,NaN,NaN,,NaN,,1448.001397958,1448.167284375,1448.167284375,1448.167284375,1448.167284375,1448.167284375,1448.167284375,1448.167284375,1448.167284375,1448.167284375,1465.214746375,-7,7,3,5,14.4578529580001,2,16.93467025,1447.715429292,1447.717851458,1448.167284375,1448.001383208,NaN,NaN,NaN,NaN,,NaN,,1447.711969792,1447.715382708,None,NaN,NaN,,NaN,NaN,NaN,NaN,NaN,NaN,NaN,9,bathroom,2,2024-03-22_12h26.00.837,image_similarity_rating,2023.2.3,None,2024-03-22 12h27.07.079342 +0100
,112,117,248,248,stimuli/own/bathroom/112_bat.jpg,stimuli/own/bathroom/117_bat.jpg,NaN,NaN,NaN,NaN,NaN,NaN,NaN,NaN,0,181,181,247,1465.220566292,NaN,NaN,NaN,NaN,NaN,NaN,NaN,,NaN,,1465.505713292,1465.671106792,1465.671106792,1465.671106792,1465.671106792,1465.671106792,1465.671106792,1465.671106792,1465.671106792,1465.671106792,1469.743700542,7,-7,3,6,3.36106937499994,6,4.06255454199982,1465.2184675,1465.220566292,1465.671106792,1465.505703458,NaN,NaN,NaN,NaN,,NaN,,1465.214984417,1465.218421292,None,NaN,NaN,,NaN,NaN,NaN,NaN,NaN,NaN,NaN,9,bathroom,2,2024-03-22_12h26.00.837,image_similarity_rating,2023.2.3,None,2024-03-22 12h27.07.079342 +0100
,111,141,244,244,stimuli/own/bathroom/111_bat.jpg,stimuli/own/bathroom/141_bat.jpg,NaN,NaN,NaN,NaN,NaN,NaN,NaN,NaN,0,182,182,243,1469.749155333,NaN,NaN,NaN,NaN,NaN,NaN,NaN,,NaN,,1470.033914458,1470.202899708,1470.202899708,1470.202899708,1470.202899708,1470.202899708,1470.202899708,1470.202899708,1470.202899708,1470.202899708,1478.685343708,7,-7,3,6,6.65375808299996,6,7.82019820900018,1469.747359458,1469.749155333,1470.202899708,1470.03389025,NaN,NaN,NaN,NaN,,NaN,,1469.743918917,1469.747313625,None,NaN,NaN,,NaN,NaN,NaN,NaN,NaN,NaN,NaN,9,bathroom,2,2024-03-22_12h26.00.837,image_similarity_rating,2023.2.3,None,2024-03-22 12h27.07.079342 +0100
,105,130,150,150,stimuli/own/bathroom/105_bat.jpg,stimuli/own/bathroom/130_bat.jpg,NaN,NaN,NaN,NaN,NaN,NaN,NaN,NaN,0,183,183,149,1478.691033167,NaN,NaN,NaN,NaN,NaN,NaN,NaN,,NaN,,1478.983771792,1479.148323333,1479.148323333,1479.148323333,1479.148323333,1479.148323333,1479.148323333,1479.148323333,1479.148323333,1479.148323333,1485.739182333,-7,7,3,3,5.97002883300001,2,2.83192333300008,1478.689025208,1478.691033167,1479.148323333,1478.983754792,NaN,NaN,NaN,NaN,,NaN,,1478.685564542,1478.688979208,None,NaN,NaN,,NaN,NaN,NaN,NaN,NaN,NaN,NaN,9,bathroom,2,2024-03-22_12h26.00.837,image_similarity_rating,2023.2.3,None,2024-03-22 12h27.07.079342 +0100
,117,121,346,346,stimuli/own/bathroom/117_bat.jpg,stimuli/own/bathroom/121_bat.jpg,NaN,NaN,NaN,NaN,NaN,NaN,NaN,NaN,0,184,184,345,1485.7493595,NaN,NaN,NaN,NaN,NaN,NaN,NaN,,NaN,,1486.03396425,1486.198538708,1486.198538708,1486.198538708,1486.198538708,1486.198538708,1486.198538708,1486.198538708,1486.198538708,1486.198538708,1492.5563375,-7,7,3,3,5.7571035420001,1,4.42092187499998,1485.742932792,1485.7493595,1486.198538708,1486.033945292,NaN,NaN,NaN,NaN,,NaN,,1485.739401333,1485.742884458,None,NaN,NaN,,NaN,NaN,NaN,NaN,NaN,NaN,NaN,9,bathroom,2,2024-03-22_12h26.00.837,image_similarity_rating,2023.2.3,None,2024-03-22 12h27.07.079342 +0100
,132,138,564,564,stimuli/own/bathroom/132_bat.jpg,stimuli/own/bathroom/138_bat.jpg,NaN,NaN,NaN,NaN,NaN,NaN,NaN,NaN,0,185,185,563,1492.566080958,NaN,NaN,NaN,NaN,NaN,NaN,NaN,,NaN,,1492.850458625,1493.021305,1493.021305,1493.021305,1493.021305,1493.021305,1493.021305,1493.021305,1493.021305,1493.021305,1510.543690875,-7,7,3,5,17.035809667,4,14.5618119589999,1492.560018583,1492.566080958,1493.021305,1492.8504415,NaN,NaN,NaN,NaN,,NaN,,1492.556559042,1492.559972167,None,NaN,NaN,,NaN,NaN,NaN,NaN,NaN,NaN,NaN,9,bathroom,2,2024-03-22_12h26.00.837,image_similarity_rating,2023.2.3,None,2024-03-22 12h27.07.079342 +0100
,123,124,460,460,stimuli/own/bathroom/123_bat.jpg,stimuli/own/bathroom/124_bat.jpg,NaN,NaN,NaN,NaN,NaN,NaN,NaN,NaN,0,186,186,459,1510.566043958,NaN,NaN,NaN,NaN,NaN,NaN,NaN,,NaN,,1510.849999958,1511.0188175,1511.0188175,1511.0188175,1511.0188175,1511.0188175,1511.0188175,1511.0188175,1511.0188175,1511.0188175,1534.414604625,-7,7,3,5,22.8707348329999,5,23.422993875,1510.5474395,1510.566043958,NaN,1510.84997925,NaN,NaN,NaN,NaN,,NaN,,1510.5439095,1510.547393583,None,NaN,NaN,,NaN,NaN,NaN,NaN,NaN,NaN,NaN,9,bathroom,2,2024-03-22_12h26.00.837,image_similarity_rating,2023.2.3,None,2024-03-22 12h27.07.079342 +0100
,103,139,97,97,stimuli/own/bathroom/103_bat.jpg,stimuli/own/bathroom/139_bat.jpg,NaN,NaN,NaN,NaN,NaN,NaN,NaN,NaN,0,187,187,96,1534.420323292,NaN,NaN,NaN,NaN,NaN,NaN,NaN,,NaN,,1534.7046695,1534.874585167,1534.874585167,1534.874585167,1534.874585167,1534.874585167,1534.874585167,1534.874585167,1534.874585167,1534.874585167,1540.788759,7,-7,3,5,5.48826387500003,5,3.49445987500008,1534.418391208,1534.420323292,1534.874585167,1534.704654417,NaN,NaN,NaN,NaN,,NaN,,1534.414844958,1534.418344333,None,NaN,NaN,,NaN,NaN,NaN,NaN,NaN,NaN,NaN,9,bathroom,2,2024-03-22_12h26.00.837,image_similarity_rating,2023.2.3,None,2024-03-22 12h27.07.079342 +0100
,112,132,262,611,stimuli/own/bathroom/112_bat.jpg,stimuli/own/bathroom/132_bat.jpg,NaN,NaN,NaN,NaN,NaN,NaN,NaN,NaN,0,188,188,610,1540.798996375,NaN,NaN,NaN,NaN,NaN,NaN,NaN,,NaN,,1541.08381,1541.248437208,1541.248437208,1541.248437208,1541.248437208,1541.248437208,1541.248437208,1541.248437208,1541.248437208,1541.248437208,1543.948171125,-7,7,3,6,2.17015029200002,6,2.64858529100002,1540.792420333,1540.798996375,1541.248437208,1541.083797333,NaN,NaN,NaN,NaN,,NaN,,1540.788980708,1540.792374375,None,NaN,NaN,,NaN,NaN,NaN,NaN,NaN,NaN,NaN,9,bathroom,2,2024-03-22_12h26.00.837,image_similarity_rating,2023.2.3,None,2024-03-22 12h27.07.079342 +0100
,109,123,201,201,stimuli/own/bathroom/109_bat.jpg,stimuli/own/bathroom/123_bat.jpg,NaN,NaN,NaN,NaN,NaN,NaN,NaN,NaN,0,189,189,200,1543.953822042,NaN,NaN,NaN,NaN,NaN,NaN,NaN,,NaN,,1551.583567375,1551.756924667,1551.756924667,1551.756924667,1551.756924667,1551.756924667,1551.756924667,1551.756924667,1551.756924667,1551.756924667,1576.205471458,7,-7,4,6,24.4753142910001,5,23.3862033330001,1551.286115167,1551.28955625,1551.756924667,1551.583546083,NaN,NaN,NaN,NaN,,NaN,,1543.948400042,1551.285694667,space,1543.953822042,7.33164954199992,None,NaN,NaN,NaN,NaN,NaN,NaN,NaN,9,bathroom,2,2024-03-22_12h26.00.837,image_similarity_rating,2023.2.3,None,2024-03-22 12h27.07.079342 +0100
,104,120,111,111,stimuli/own/bathroom/104_bat.jpg,stimuli/own/bathroom/120_bat.jpg,NaN,NaN,NaN,NaN,NaN,NaN,NaN,NaN,0,190,190,110,1576.215429292,NaN,NaN,NaN,NaN,NaN,NaN,NaN,,NaN,,1576.50018975,1576.666086708,1576.666086708,1576.666086708,1576.666086708,1576.666086708,1576.666086708,1576.666086708,1576.666086708,1576.666086708,1591.176620542,7,-7,4,4,13.675093583,5,14.4995548749998,1576.20965275,1576.215429292,1576.666086708,1576.500172292,NaN,NaN,NaN,NaN,,NaN,,1576.205690083,1576.209605958,None,NaN,NaN,,NaN,NaN,NaN,NaN,NaN,NaN,NaN,9,bathroom,2,2024-03-22_12h26.00.837,image_similarity_rating,2023.2.3,None,2024-03-22 12h27.07.079342 +0100
,101,111,7,7,stimuli/own/bathroom/101_bat.jpg,stimuli/own/bathroom/111_bat.jpg,NaN,NaN,NaN,NaN,NaN,NaN,NaN,NaN,0,191,191,6,1591.182050583,NaN,NaN,NaN,NaN,NaN,NaN,NaN,,NaN,,1591.466839583,1591.637462833,1591.637462833,1591.637462833,1591.637462833,1591.637462833,1591.637462833,1591.637462833,1591.637462833,1591.637462833,1625.588725208,7,-7,4,6,33.2082888749999,6,33.8520338339999,1591.180257958,1591.182050583,1591.637462833,1591.46682275,NaN,NaN,NaN,NaN,,NaN,,1591.176842667,1591.180211833,None,NaN,NaN,,NaN,NaN,NaN,NaN,NaN,NaN,NaN,9,bathroom,2,2024-03-22_12h26.00.837,image_similarity_rating,2023.2.3,None,2024-03-22 12h27.07.079342 +0100
,130,139,548,548,stimuli/own/bathroom/130_bat.jpg,stimuli/own/bathroom/139_bat.jpg,NaN,NaN,NaN,NaN,NaN,NaN,NaN,NaN,0,192,192,547,1625.598734333,NaN,NaN,NaN,NaN,NaN,NaN,NaN,,NaN,,1625.883321958,1626.053220667,1626.053220667,1626.053220667,1626.053220667,1626.053220667,1626.053220667,1626.053220667,1626.053220667,1626.053220667,1634.631027708,-7,7,4,5,8.11469187499983,3,6.41558637499998,1625.592406458,1625.598734333,1626.053220667,1625.883303375,NaN,NaN,NaN,NaN,,NaN,,1625.588948583,1625.592359875,None,NaN,NaN,,NaN,NaN,NaN,NaN,NaN,NaN,NaN,9,bathroom,2,2024-03-22_12h26.00.837,image_similarity_rating,2023.2.3,None,2024-03-22 12h27.07.079342 +0100
,123,125,461,461,stimuli/own/bathroom/123_bat.jpg,stimuli/own/bathroom/125_bat.jpg,NaN,NaN,NaN,NaN,NaN,NaN,NaN,NaN,0,193,193,460,1634.636783708,NaN,NaN,NaN,NaN,NaN,NaN,NaN,,NaN,,1634.921034875,1635.092904208,1635.092904208,1635.092904208,1635.092904208,1635.092904208,1635.092904208,1635.092904208,1635.092904208,1635.092904208,1642.256137292,7,-7,4,5,7.21204199999988,2,4.84588495899993,1634.634750833,1634.636783708,1635.092904208,1634.921017417,NaN,NaN,NaN,NaN,,NaN,,1634.631260917,1634.634704083,None,NaN,NaN,,NaN,NaN,NaN,NaN,NaN,NaN,NaN,9,bathroom,2,2024-03-22_12h26.00.837,image_similarity_rating,2023.2.3,None,2024-03-22 12h27.07.079342 +0100
,111,112,218,218,stimuli/own/bathroom/111_bat.jpg,stimuli/own/bathroom/112_bat.jpg,NaN,NaN,NaN,NaN,NaN,NaN,NaN,NaN,0,194,194,217,1642.26570825,NaN,NaN,NaN,NaN,NaN,NaN,NaN,,NaN,,1642.549844,1642.715419833,1642.715419833,1642.715419833,1642.715419833,1642.715419833,1642.715419833,1642.715419833,1642.715419833,1642.715419833,1646.302353917,7,-7,4,6,3.09342145799997,6,3.543221958,1642.259791792,1642.26570825,1642.715419833,1642.549829792,NaN,NaN,NaN,NaN,,NaN,,1642.256358667,1642.25974525,None,NaN,NaN,,NaN,NaN,NaN,NaN,NaN,NaN,NaN,9,bathroom,2,2024-03-22_12h26.00.837,image_similarity_rating,2023.2.3,None,2024-03-22 12h27.07.079342 +0100
,131,141,559,559,stimuli/own/bathroom/131_bat.jpg,stimuli/own/bathroom/141_bat.jpg,NaN,NaN,NaN,NaN,NaN,NaN,NaN,NaN,0,195,195,558,1646.315335375,NaN,NaN,NaN,NaN,NaN,NaN,NaN,,NaN,,1646.599954208,1646.764967208,1646.764967208,1646.764967208,1646.764967208,1646.764967208,1646.764967208,1646.764967208,1646.764967208,1646.764967208,1652.055989458,7,-7,4,4,4.97911799999997,2,3.70647470800009,1646.306217417,1646.315335375,1646.764967208,1646.599939375,NaN,NaN,NaN,NaN,,NaN,,1646.302583667,1646.306168958,None,NaN,NaN,,NaN,NaN,NaN,NaN,NaN,NaN,NaN,9,bathroom,2,2024-03-22_12h26.00.837,image_similarity_rating,2023.2.3,None,2024-03-22 12h27.07.079342 +0100
,120,126,411,411,stimuli/own/bathroom/120_bat.jpg,stimuli/own/bathroom/126_bat.jpg,NaN,NaN,NaN,NaN,NaN,NaN,NaN,NaN,0,196,196,410,1652.065261667,NaN,NaN,NaN,NaN,NaN,NaN,NaN,,NaN,,1652.350531958,1652.516277583,1652.516277583,1652.516277583,1652.516277583,1652.516277583,1652.516277583,1652.516277583,1652.516277583,1652.516277583,1657.422168167,7,-7,4,6,4.38670195899999,6,4.87113829200007,1652.059652167,1652.065261667,1652.516277583,1652.350518375,NaN,NaN,NaN,NaN,,NaN,,1652.056209542,1652.05960625,None,NaN,NaN,,NaN,NaN,NaN,NaN,NaN,NaN,NaN,9,bathroom,2,2024-03-22_12h26.00.837,image_similarity_rating,2023.2.3,None,2024-03-22 12h27.07.079342 +0100
,111,127,232,232,stimuli/own/bathroom/111_bat.jpg,stimuli/own/bathroom/127_bat.jpg,NaN,NaN,NaN,NaN,NaN,NaN,NaN,NaN,0,197,197,231,1657.43189525,NaN,NaN,NaN,NaN,NaN,NaN,NaN,,NaN,,1657.716815125,1657.888642,1657.888642,1657.888642,1657.888642,1657.888642,1657.888642,1657.888642,1657.888642,1657.888642,1665.450983083,-7,7,4,5,5.68025291599997,5,7.17598087499982,1657.425834083,1657.43189525,1657.888642,1657.716795083,NaN,NaN,NaN,NaN,,NaN,,1657.422395125,1657.425785583,None,NaN,NaN,,NaN,NaN,NaN,NaN,NaN,NaN,NaN,9,bathroom,2,2024-03-22_12h26.00.837,image_similarity_rating,2023.2.3,None,2024-03-22 12h27.07.079342 +0100
,123,131,466,466,stimuli/own/bathroom/123_bat.jpg,stimuli/own/bathroom/131_bat.jpg,NaN,NaN,NaN,NaN,NaN,NaN,NaN,NaN,0,198,198,465,1665.456597583,NaN,NaN,NaN,NaN,NaN,NaN,NaN,,NaN,,1665.74977,1665.91516775,1665.91516775,1665.91516775,1665.91516775,1665.91516775,1665.91516775,1665.91516775,1665.91516775,1665.91516775,1678.163908625,-7,7,4,3,9.545729209,3,5.3782205829998,1665.454651875,1665.456597583,1665.91516775,1665.749755208,NaN,NaN,NaN,NaN,,NaN,,1665.451203417,1665.454605542,None,NaN,NaN,,NaN,NaN,NaN,NaN,NaN,NaN,NaN,9,bathroom,2,2024-03-22_12h26.00.837,image_similarity_rating,2023.2.3,None,2024-03-22 12h27.07.079342 +0100
,103,104,68,68,stimuli/own/bathroom/103_bat.jpg,stimuli/own/bathroom/104_bat.jpg,NaN,NaN,NaN,NaN,NaN,NaN,NaN,NaN,0,199,199,67,1678.169729292,NaN,NaN,NaN,NaN,NaN,NaN,NaN,,NaN,,1678.455695583,1678.621745708,1678.621745708,1678.621745708,1678.621745708,1678.621745708,1678.621745708,1678.621745708,1678.621745708,1678.621745708,1685.617980875,-7,7,4,3,4.41969745899996,5,6.97223816600012,1678.167630542,1678.169729292,1678.621745708,1678.455682875,NaN,NaN,NaN,NaN,,NaN,,1678.164164375,1678.16758425,None,NaN,NaN,,NaN,NaN,NaN,NaN,NaN,NaN,NaN,9,bathroom,2,2024-03-22_12h26.00.837,image_similarity_rating,2023.2.3,None,2024-03-22 12h27.07.079342 +0100
,102,125,53,53,stimuli/own/bathroom/102_bat.jpg,stimuli/own/bathroom/125_bat.jpg,NaN,NaN,NaN,NaN,NaN,NaN,NaN,NaN,0,200,200,52,1685.623709333,NaN,NaN,NaN,NaN,NaN,NaN,NaN,,NaN,,1685.916445083,1686.081533292,1686.081533292,1686.081533292,1686.081533292,1686.081533292,1686.081533292,1686.081533292,1686.081533292,1686.081533292,1689.21824375,-7,7,4,5,3.18987629200001,5,1.79745279200006,1685.621763958,1685.623709333,1686.081533292,1685.916430042,NaN,NaN,NaN,NaN,,NaN,,1685.6181965,1685.621718042,None,NaN,NaN,,NaN,NaN,NaN,NaN,NaN,NaN,NaN,9,bathroom,2,2024-03-22_12h26.00.837,image_similarity_rating,2023.2.3,None,2024-03-22 12h27.07.079342 +0100
,101,132,26,26,stimuli/own/bathroom/101_bat.jpg,stimuli/own/bathroom/132_bat.jpg,NaN,NaN,NaN,NaN,NaN,NaN,NaN,NaN,0,201,201,25,1689.231734375,NaN,NaN,NaN,NaN,NaN,NaN,NaN,,NaN,,1689.516422917,1689.688529292,1689.688529292,1689.688529292,1689.688529292,1689.688529292,1689.688529292,1689.688529292,1689.688529292,1689.688529292,1693.014029417,7,-7,4,6,2.63727812499997,6,3.25071124999999,1689.222011625,1689.231734375,1689.688529292,1689.516407,NaN,NaN,NaN,NaN,,NaN,,1689.218461542,1689.22196375,None,NaN,NaN,,NaN,NaN,NaN,NaN,NaN,NaN,NaN,9,bathroom,2,2024-03-22_12h26.00.837,image_similarity_rating,2023.2.3,None,2024-03-22 12h27.07.079342 +0100
,112,118,249,249,stimuli/own/bathroom/112_bat.jpg,stimuli/own/bathroom/118_bat.jpg,NaN,NaN,NaN,NaN,NaN,NaN,NaN,NaN,0,202,202,248,1693.01973275,NaN,NaN,NaN,NaN,NaN,NaN,NaN,,NaN,,1693.304235667,1693.471358333,1693.471358333,1693.471358333,1693.471358333,1693.471358333,1693.471358333,1693.471358333,1693.471358333,1693.471358333,1698.913751208,7,-7,4,3,5.42899587500006,1,1.95822954100004,1693.017717083,1693.01973275,1693.471358333,1693.304222208,NaN,NaN,NaN,NaN,,NaN,,1693.014265333,1693.017667292,None,NaN,NaN,,NaN,NaN,NaN,NaN,NaN,NaN,NaN,9,bathroom,2,2024-03-22_12h26.00.837,image_similarity_rating,2023.2.3,None,2024-03-22 12h27.07.079342 +0100
,109,121,199,199,stimuli/own/bathroom/109_bat.jpg,stimuli/own/bathroom/121_bat.jpg,NaN,NaN,NaN,NaN,NaN,NaN,NaN,NaN,0,203,203,198,1698.919661083,NaN,NaN,NaN,NaN,NaN,NaN,NaN,,NaN,,1699.203751375,1699.368339708,1699.368339708,1699.368339708,1699.368339708,1699.368339708,1699.368339708,1699.368339708,1699.368339708,1699.368339708,1710.5427015,-7,7,4,2,11.0342637079998,4,6.47834029099999,1698.917576875,1698.919661083,1699.368339708,1699.20374,NaN,NaN,NaN,NaN,,NaN,,1698.913970542,1698.917530125,None,NaN,NaN,,NaN,NaN,NaN,NaN,NaN,NaN,NaN,9,bathroom,2,2024-03-22_12h26.00.837,image_similarity_rating,2023.2.3,None,2024-03-22 12h27.07.079342 +0100
,113,134,288,288,stimuli/own/bathroom/113_bat.jpg,stimuli/own/bathroom/134_bat.jpg,NaN,NaN,NaN,NaN,NaN,NaN,NaN,NaN,0,204,204,287,1710.548285875,NaN,NaN,NaN,NaN,NaN,NaN,NaN,,NaN,,1710.833169083,1710.996717417,1710.996717417,1710.996717417,1710.996717417,1710.996717417,1710.996717417,1710.996717417,1710.996717417,1710.996717417,1717.430404417,-7,7,4,5,5.48481058300013,6,6.27278829200009,1710.546489542,1710.548285875,1710.996717417,1710.833156667,NaN,NaN,NaN,NaN,,NaN,,1710.542920625,1710.546442875,None,NaN,NaN,,NaN,NaN,NaN,NaN,NaN,NaN,NaN,9,bathroom,2,2024-03-22_12h26.00.837,image_similarity_rating,2023.2.3,None,2024-03-22 12h27.07.079342 +0100
,127,130,519,519,stimuli/own/bathroom/127_bat.jpg,stimuli/own/bathroom/130_bat.jpg,NaN,NaN,NaN,NaN,NaN,NaN,NaN,NaN,0,205,205,518,1717.435940792,NaN,NaN,NaN,NaN,NaN,NaN,NaN,,NaN,,1717.720239125,1717.8858345,1717.8858345,1717.8858345,1717.8858345,1717.8858345,1717.8858345,1717.8858345,1717.8858345,1717.8858345,1726.180385875,7,-7,4,5,8.31753954199985,3,3.25567133300001,1717.434105333,1717.435940792,1717.8858345,1717.720225667,NaN,NaN,NaN,NaN,,NaN,,1717.43063225,1717.4340585,None,NaN,NaN,,NaN,NaN,NaN,NaN,NaN,NaN,NaN,9,bathroom,2,2024-03-22_12h26.00.837,image_similarity_rating,2023.2.3,None,2024-03-22 12h27.07.079342 +0100
,117,123,348,348,stimuli/own/bathroom/117_bat.jpg,stimuli/own/bathroom/123_bat.jpg,NaN,NaN,NaN,NaN,NaN,NaN,NaN,NaN,0,206,206,347,1726.185828958,NaN,NaN,NaN,NaN,NaN,NaN,NaN,,NaN,,1726.470183792,1726.636617458,1726.636617458,1726.636617458,1726.636617458,1726.636617458,1726.636617458,1726.636617458,1726.636617458,1726.636617458,1732.221498542,7,-7,4,6,2.95638099999996,5,5.4481209999999,1726.184077792,1726.185828958,1726.636617458,1726.47017075,NaN,NaN,NaN,NaN,,NaN,,1726.180618542,1726.184031167,None,NaN,NaN,,NaN,NaN,NaN,NaN,NaN,NaN,NaN,9,bathroom,2,2024-03-22_12h26.00.837,image_similarity_rating,2023.2.3,None,2024-03-22 12h27.07.079342 +0100
,106,139,187,187,stimuli/own/bathroom/106_bat.jpg,stimuli/own/bathroom/139_bat.jpg,NaN,NaN,NaN,NaN,NaN,NaN,NaN,NaN,0,207,207,186,1732.231737792,NaN,NaN,NaN,NaN,NaN,NaN,NaN,,NaN,,1732.517430875,1732.685484,1732.685484,1732.685484,1732.685484,1732.685484,1732.685484,1732.685484,1732.685484,1732.685484,1740.092994875,7,-7,4,5,7.08992237500001,4,4.78276783299998,1732.2251495,1732.231737792,1732.685484,1732.517414458,NaN,NaN,NaN,NaN,,NaN,,1732.22172025,1732.225103625,None,NaN,NaN,,NaN,NaN,NaN,NaN,NaN,NaN,NaN,9,bathroom,2,2024-03-22_12h26.00.837,image_similarity_rating,2023.2.3,None,2024-03-22 12h27.07.079342 +0100
,116,136,337,337,stimuli/own/bathroom/116_bat.jpg,stimuli/own/bathroom/136_bat.jpg,NaN,NaN,NaN,NaN,NaN,NaN,NaN,NaN,0,208,208,336,1740.114933625,NaN,NaN,NaN,NaN,NaN,NaN,NaN,,NaN,,1740.398940333,1740.564425458,1740.564425458,1740.564425458,1740.564425458,1740.564425458,1740.564425458,1740.564425458,1740.564425458,1740.564425458,1745.78019625,7,-7,4,5,5.10701237499984,3,2.65678554200008,1740.096693667,1740.114933625,NaN,1740.398922208,NaN,NaN,NaN,NaN,,NaN,,1740.093218458,1740.096647917,None,NaN,NaN,,NaN,NaN,NaN,NaN,NaN,NaN,NaN,9,bathroom,2,2024-03-22_12h26.00.837,image_similarity_rating,2023.2.3,None,2024-03-22 12h27.07.079342 +0100
,126,130,507,507,stimuli/own/bathroom/126_bat.jpg,stimuli/own/bathroom/130_bat.jpg,NaN,NaN,NaN,NaN,NaN,NaN,NaN,NaN,0,209,209,506,1745.785988542,NaN,NaN,NaN,NaN,NaN,NaN,NaN,,NaN,,1746.069993708,1746.235494083,1746.235494083,1746.235494083,1746.235494083,1746.235494083,1746.235494083,1746.235494083,1746.235494083,1746.235494083,1752.280465292,7,-7,4,5,4.86360487499996,5,5.94578479099982,1745.784040958,1745.785988542,1746.235494083,1746.06998075,NaN,NaN,NaN,NaN,,NaN,,1745.780418833,1745.783994042,None,NaN,NaN,,NaN,NaN,NaN,NaN,NaN,NaN,NaN,9,bathroom,2,2024-03-22_12h26.00.837,image_similarity_rating,2023.2.3,None,2024-03-22 12h27.07.079342 +0100
,114,135,313,313,stimuli/own/bathroom/114_bat.jpg,stimuli/own/bathroom/135_bat.jpg,NaN,NaN,NaN,NaN,NaN,NaN,NaN,NaN,0,210,210,312,1752.286444417,NaN,NaN,NaN,NaN,NaN,NaN,NaN,,NaN,,1752.570605583,1752.738135042,1752.738135042,1752.738135042,1752.738135042,1752.738135042,1752.738135042,1752.738135042,1752.738135042,1752.738135042,1759.167872667,-7,7,4,6,5.29259970899989,5,6.26530041599995,1752.284205375,1752.286444417,1752.738135042,1752.570591917,NaN,NaN,NaN,NaN,,NaN,,1752.280703,1752.284159167,None,NaN,NaN,,NaN,NaN,NaN,NaN,NaN,NaN,NaN,9,bathroom,2,2024-03-22_12h26.00.837,image_similarity_rating,2023.2.3,None,2024-03-22 12h27.07.079342 +0100
,103,137,95,95,stimuli/own/bathroom/103_bat.jpg,stimuli/own/bathroom/137_bat.jpg,NaN,NaN,NaN,NaN,NaN,NaN,NaN,NaN,0,211,211,94,1759.181397542,NaN,NaN,NaN,NaN,NaN,NaN,NaN,,NaN,,1759.466095125,1759.636537292,1759.636537292,1759.636537292,1759.636537292,1759.636537292,1759.636537292,1759.636537292,1759.636537292,1759.636537292,1766.025788042,7,-7,4,3,6.33829962499999,2,5.0427581670001,1759.171807083,1759.181397542,1759.636537292,1759.4660745,NaN,NaN,NaN,NaN,,NaN,,1759.168102,1759.171758833,None,NaN,NaN,,NaN,NaN,NaN,NaN,NaN,NaN,NaN,9,bathroom,2,2024-03-22_12h26.00.837,image_similarity_rating,2023.2.3,None,2024-03-22 12h27.07.079342 +0100
,127,139,527,527,stimuli/own/bathroom/127_bat.jpg,stimuli/own/bathroom/139_bat.jpg,NaN,NaN,NaN,NaN,NaN,NaN,NaN,NaN,0,212,212,526,1766.031282292,NaN,NaN,NaN,NaN,NaN,NaN,NaN,,NaN,,1766.316704708,1766.4809195,1766.4809195,1766.4809195,1766.4809195,1766.4809195,1766.4809195,1766.4809195,1766.4809195,1766.4809195,1770.52584,7,-7,4,5,3.31911170900003,6,3.98159941699987,1766.029436542,1766.031282292,1766.4809195,1766.316691458,NaN,NaN,NaN,NaN,,NaN,,1766.026008,1766.029390333,None,NaN,NaN,,NaN,NaN,NaN,NaN,NaN,NaN,NaN,9,bathroom,2,2024-03-22_12h26.00.837,image_similarity_rating,2023.2.3,None,2024-03-22 12h27.07.079342 +0100
,136,141,585,585,stimuli/own/bathroom/136_bat.jpg,stimuli/own/bathroom/141_bat.jpg,NaN,NaN,NaN,NaN,NaN,NaN,NaN,NaN,0,213,213,584,1770.531337708,NaN,NaN,NaN,NaN,NaN,NaN,NaN,,NaN,,1770.816147167,1770.983675875,1770.983675875,1770.983675875,1770.983675875,1770.983675875,1770.983675875,1770.983675875,1770.983675875,1770.983675875,1777.681002625,-7,7,4,6,6.59741666600007,6,5.25065654199989,1770.52950325,1770.531337708,1770.983675875,1770.816131167,NaN,NaN,NaN,NaN,,NaN,,1770.526057667,1770.529457458,None,NaN,NaN,,NaN,NaN,NaN,NaN,NaN,NaN,NaN,9,bathroom,2,2024-03-22_12h26.00.837,image_similarity_rating,2023.2.3,None,2024-03-22 12h27.07.079342 +0100
,102,139,65,606,stimuli/own/bathroom/102_bat.jpg,stimuli/own/bathroom/139_bat.jpg,NaN,NaN,NaN,NaN,NaN,NaN,NaN,NaN,0,214,214,605,1777.686939542,NaN,NaN,NaN,NaN,NaN,NaN,NaN,,NaN,,1777.97078975,1778.132877542,1778.132877542,1778.132877542,1778.132877542,1778.132877542,1778.132877542,1778.132877542,1778.132877542,1778.132877542,1785.504769583,7,-7,4,5,6.76657662499997,6,3.19654291699999,1777.68469475,1777.686939542,1778.132877542,1777.9707795,NaN,NaN,NaN,NaN,,NaN,,1777.681220417,1777.684648667,None,NaN,NaN,,NaN,NaN,NaN,NaN,NaN,NaN,NaN,9,bathroom,2,2024-03-22_12h26.00.837,image_similarity_rating,2023.2.3,None,2024-03-22 12h27.07.079342 +0100
,106,137,185,185,stimuli/own/bathroom/106_bat.jpg,stimuli/own/bathroom/137_bat.jpg,NaN,NaN,NaN,NaN,NaN,NaN,NaN,NaN,0,215,215,184,1785.514585458,NaN,NaN,NaN,NaN,NaN,NaN,NaN,,NaN,,1785.799299625,1785.962500417,1785.962500417,1785.962500417,1785.962500417,1785.962500417,1785.962500417,1785.962500417,1785.962500417,1785.962500417,1794.450917167,7,-7,4,5,8.50896145900015,6,5.94963733400004,1785.508422125,1785.514585458,1785.962500417,1785.799286875,NaN,NaN,NaN,NaN,,NaN,,1785.504988125,1785.508375667,None,NaN,NaN,,NaN,NaN,NaN,NaN,NaN,NaN,NaN,9,bathroom,2,2024-03-22_12h26.00.837,image_similarity_rating,2023.2.3,None,2024-03-22 12h27.07.079342 +0100
,124,126,477,477,stimuli/own/bathroom/124_bat.jpg,stimuli/own/bathroom/126_bat.jpg,NaN,NaN,NaN,NaN,NaN,NaN,NaN,NaN,0,216,216,476,1794.456572458,NaN,NaN,NaN,NaN,NaN,NaN,NaN,,NaN,,1794.74949775,1794.915466625,1794.915466625,1794.915466625,1794.915466625,1794.915466625,1794.915466625,1794.915466625,1794.915466625,1794.915466625,1802.996789542,7,-7,4,5,7.26745966699991,6,7.80768079199993,1794.454604458,1794.456572458,1794.915466625,1794.749484792,NaN,NaN,NaN,NaN,,NaN,,1794.45114375,1794.454555208,None,NaN,NaN,,NaN,NaN,NaN,NaN,NaN,NaN,NaN,9,bathroom,2,2024-03-22_12h26.00.837,image_similarity_rating,2023.2.3,None,2024-03-22 12h27.07.079342 +0100
,103,117,77,77,stimuli/own/bathroom/103_bat.jpg,stimuli/own/bathroom/117_bat.jpg,NaN,NaN,NaN,NaN,NaN,NaN,NaN,NaN,0,217,217,76,1803.002457875,NaN,NaN,NaN,NaN,NaN,NaN,NaN,,NaN,,1803.286895625,1803.454516375,1803.454516375,1803.454516375,1803.454516375,1803.454516375,1803.454516375,1803.454516375,1803.454516375,1803.454516375,1808.013537125,7,-7,4,5,3.02067479099992,6,2.01917587499997,1803.000624292,1803.002457875,1803.454516375,1803.286880542,NaN,NaN,NaN,NaN,,NaN,,1802.997028917,1803.000578167,None,NaN,NaN,,NaN,NaN,NaN,NaN,NaN,NaN,NaN,9,bathroom,2,2024-03-22_12h26.00.837,image_similarity_rating,2023.2.3,None,2024-03-22 12h27.07.079342 +0100
,102,116,44,44,stimuli/own/bathroom/102_bat.jpg,stimuli/own/bathroom/116_bat.jpg,NaN,NaN,NaN,NaN,NaN,NaN,NaN,NaN,0,218,218,43,1808.019284333,NaN,NaN,NaN,NaN,NaN,NaN,NaN,,NaN,,1808.303274125,1808.46753975,1808.46753975,1808.46753975,1808.46753975,1808.46753975,1808.46753975,1808.46753975,1808.46753975,1808.46753975,1814.046815083,-7,7,4,4,5.54947399999992,2,4.24420850000001,1808.017374292,1808.019284333,1808.46753975,1808.303261375,NaN,NaN,NaN,NaN,,NaN,,1808.013783625,1808.017327375,None,NaN,NaN,,NaN,NaN,NaN,NaN,NaN,NaN,NaN,9,bathroom,2,2024-03-22_12h26.00.837,image_similarity_rating,2023.2.3,None,2024-03-22 12h27.07.079342 +0100
,121,122,425,425,stimuli/own/bathroom/121_bat.jpg,stimuli/own/bathroom/122_bat.jpg,NaN,NaN,NaN,NaN,NaN,NaN,NaN,NaN,0,219,219,424,1814.052371708,NaN,NaN,NaN,NaN,NaN,NaN,NaN,,NaN,,1814.336907667,1814.501499667,1814.501499667,1814.501499667,1814.501499667,1814.501499667,1814.501499667,1814.501499667,1814.501499667,1814.501499667,1819.580428292,7,-7,4,6,5.08760058300004,2,4.09465258299997,1814.050542083,1814.052371708,1814.501499667,1814.336897792,NaN,NaN,NaN,NaN,,NaN,,1814.047060333,1814.0504925,None,NaN,NaN,,NaN,NaN,NaN,NaN,NaN,NaN,NaN,9,bathroom,2,2024-03-22_12h26.00.837,image_similarity_rating,2023.2.3,None,2024-03-22 12h27.07.079342 +0100
,103,112,73,73,stimuli/own/bathroom/103_bat.jpg,stimuli/own/bathroom/112_bat.jpg,NaN,NaN,NaN,NaN,NaN,NaN,NaN,NaN,0,220,220,72,1819.586056,NaN,NaN,NaN,NaN,NaN,NaN,NaN,,NaN,,1819.883583,1820.051268083,1820.051268083,1820.051268083,1820.051268083,1820.051268083,1820.051268083,1820.051268083,1820.051268083,1820.051268083,1828.867504125,7,-7,4,4,6.28436283299993,4,8.58107558400002,1819.584113,1819.586056,1820.051268083,1819.883564833,NaN,NaN,NaN,NaN,,NaN,,1819.580644417,1819.584066625,None,NaN,NaN,,NaN,NaN,NaN,NaN,NaN,NaN,NaN,9,bathroom,2,2024-03-22_12h26.00.837,image_similarity_rating,2023.2.3,None,2024-03-22 12h27.07.079342 +0100
,102,104,36,36,stimuli/own/bathroom/102_bat.jpg,stimuli/own/bathroom/104_bat.jpg,NaN,NaN,NaN,NaN,NaN,NaN,NaN,NaN,0,221,221,35,1828.873081,NaN,NaN,NaN,NaN,NaN,NaN,NaN,,NaN,,1829.166835333,1829.335745708,1829.335745708,1829.335745708,1829.335745708,1829.335745708,1829.335745708,1829.335745708,1829.335745708,1829.335745708,1834.030831625,7,-7,4,4,4.69193575000008,2,3.66064133299983,1828.871155208,1828.873081,1829.335745708,1829.166819,NaN,NaN,NaN,NaN,,NaN,,1828.867722083,1828.871109333,None,NaN,NaN,,NaN,NaN,NaN,NaN,NaN,NaN,NaN,9,bathroom,2,2024-03-22_12h26.00.837,image_similarity_rating,2023.2.3,None,2024-03-22 12h27.07.079342 +0100
,103,114,75,75,stimuli/own/bathroom/103_bat.jpg,stimuli/own/bathroom/114_bat.jpg,NaN,NaN,NaN,NaN,NaN,NaN,NaN,NaN,0,222,222,74,1834.036299083,NaN,NaN,NaN,NaN,NaN,NaN,NaN,,NaN,,1834.32064275,1834.485967667,1834.485967667,1834.485967667,1834.485967667,1834.485967667,1834.485967667,1834.485967667,1834.485967667,1834.485967667,1838.996975042,-7,7,4,5,3.60376854200013,3,4.4556835410001,1834.034523667,1834.036299083,1834.485967667,1834.320632625,NaN,NaN,NaN,NaN,,NaN,,1834.031048125,1834.034477875,None,NaN,NaN,,NaN,NaN,NaN,NaN,NaN,NaN,NaN,9,bathroom,2,2024-03-22_12h26.00.837,image_similarity_rating,2023.2.3,None,2024-03-22 12h27.07.079342 +0100
,109,114,193,193,stimuli/own/bathroom/109_bat.jpg,stimuli/own/bathroom/114_bat.jpg,NaN,NaN,NaN,NaN,NaN,NaN,NaN,NaN,0,223,223,192,1839.002578625,NaN,NaN,NaN,NaN,NaN,NaN,NaN,,NaN,,1839.286992083,1839.451674417,1839.451674417,1839.451674417,1839.451674417,1839.451674417,1839.451674417,1839.451674417,1839.451674417,1839.451674417,1849.213588458,-7,7,4,4,8.89616720799995,2,3.00291800000014,1839.000649625,1839.002578625,1839.451674417,1839.286979042,NaN,NaN,NaN,NaN,,NaN,,1838.997194208,1839.000603875,None,NaN,NaN,,NaN,NaN,NaN,NaN,NaN,NaN,NaN,9,bathroom,2,2024-03-22_12h26.00.837,image_similarity_rating,2023.2.3,None,2024-03-22 12h27.07.079342 +0100
,118,119,365,365,stimuli/own/bathroom/118_bat.jpg,stimuli/own/bathroom/119_bat.jpg,NaN,NaN,NaN,NaN,NaN,NaN,NaN,NaN,0,224,224,364,1849.219344,NaN,NaN,NaN,NaN,NaN,NaN,NaN,,NaN,,1849.503437708,1849.673073875,1849.673073875,1849.673073875,1849.673073875,1849.673073875,1849.673073875,1849.673073875,1849.673073875,1849.673073875,1867.09227075,7,-7,4,4,16.9055266249998,2,13.7417164170001,1849.217398542,1849.219344,1849.673073875,1849.503422375,NaN,NaN,NaN,NaN,,NaN,,1849.213806833,1849.217351125,None,NaN,NaN,,NaN,NaN,NaN,NaN,NaN,NaN,NaN,9,bathroom,2,2024-03-22_12h26.00.837,image_similarity_rating,2023.2.3,None,2024-03-22 12h27.07.079342 +0100
,120,122,407,407,stimuli/own/bathroom/120_bat.jpg,stimuli/own/bathroom/122_bat.jpg,NaN,NaN,NaN,NaN,NaN,NaN,NaN,NaN,0,225,225,406,1867.114551292,NaN,NaN,NaN,NaN,NaN,NaN,NaN,,NaN,,1867.3985835,1867.564991792,1867.564991792,1867.564991792,1867.564991792,1867.564991792,1867.564991792,1867.564991792,1867.564991792,1867.564991792,1871.4919095,-7,7,4,5,3.93820600000026,6,2.8517092080001,1867.096016375,1867.114551292,NaN,1867.39856525,NaN,NaN,NaN,NaN,,NaN,,1867.092492667,1867.095969667,None,NaN,NaN,,NaN,NaN,NaN,NaN,NaN,NaN,NaN,9,bathroom,2,2024-03-22_12h26.00.837,image_similarity_rating,2023.2.3,None,2024-03-22 12h27.07.079342 +0100
,104,131,121,615,stimuli/own/bathroom/104_bat.jpg,stimuli/own/bathroom/131_bat.jpg,NaN,NaN,NaN,NaN,NaN,NaN,NaN,NaN,0,226,226,614,1871.514565042,NaN,NaN,NaN,NaN,NaN,NaN,NaN,,NaN,,1871.798667708,1871.964049167,1871.964049167,1871.964049167,1871.964049167,1871.964049167,1871.964049167,1871.964049167,1871.964049167,1871.964049167,1877.209112875,-7,7,4,2,4.85438216600005,2,2.95310487500001,1871.495817708,1871.514565042,NaN,1871.798647125,NaN,NaN,NaN,NaN,,NaN,,1871.492131958,1871.49576925,None,NaN,NaN,,NaN,NaN,NaN,NaN,NaN,NaN,NaN,9,bathroom,2,2024-03-22_12h26.00.837,image_similarity_rating,2023.2.3,None,2024-03-22 12h27.07.079342 +0100
,126,138,514,514,stimuli/own/bathroom/126_bat.jpg,stimuli/own/bathroom/138_bat.jpg,NaN,NaN,NaN,NaN,NaN,NaN,NaN,NaN,0,227,227,513,1877.231072708,NaN,NaN,NaN,NaN,NaN,NaN,NaN,,NaN,,1877.515251875,1877.686303542,1877.686303542,1877.686303542,1877.686303542,1877.686303542,1877.686303542,1877.686303542,1877.686303542,1877.686303542,1887.492023583,7,-7,4,3,9.81824345799987,5,8.26166979199979,1877.21276625,1877.231072708,NaN,1877.515233125,NaN,NaN,NaN,NaN,,NaN,,1877.209335417,1877.212720333,None,NaN,NaN,,NaN,NaN,NaN,NaN,NaN,NaN,NaN,9,bathroom,2,2024-03-22_12h26.00.837,image_similarity_rating,2023.2.3,None,2024-03-22 12h27.07.079342 +0100
,105,131,151,151,stimuli/own/bathroom/105_bat.jpg,stimuli/own/bathroom/131_bat.jpg,NaN,NaN,NaN,NaN,NaN,NaN,NaN,NaN,0,228,228,150,1887.497589542,NaN,NaN,NaN,NaN,NaN,NaN,NaN,,NaN,,1887.7823945,1887.947280958,1887.947280958,1887.947280958,1887.947280958,1887.947280958,1887.947280958,1887.947280958,1887.947280958,1887.947280958,1895.942206333,-7,7,4,3,7.97367529200028,5,3.14880670799994,1887.495807167,1887.497589542,1887.947280958,1887.782380083,NaN,NaN,NaN,NaN,,NaN,,1887.492248917,1887.495760667,None,NaN,NaN,,NaN,NaN,NaN,NaN,NaN,NaN,NaN,9,bathroom,2,2024-03-22_12h26.00.837,image_similarity_rating,2023.2.3,None,2024-03-22 12h27.07.079342 +0100
,112,113,245,245,stimuli/own/bathroom/112_bat.jpg,stimuli/own/bathroom/113_bat.jpg,NaN,NaN,NaN,NaN,NaN,NaN,NaN,NaN,0,229,229,244,1895.964576833,NaN,NaN,NaN,NaN,NaN,NaN,NaN,,NaN,,1896.248556583,1896.4203785,1896.4203785,1896.4203785,1896.4203785,1896.4203785,1896.4203785,1896.4203785,1896.4203785,1896.4203785,1899.879672667,7,-7,4,6,2.71763083299993,6,3.35353858300005,1895.945869417,1895.964576833,NaN,1896.248534167,NaN,NaN,NaN,NaN,,NaN,,1895.94243675,1895.94582375,None,NaN,NaN,,NaN,NaN,NaN,NaN,NaN,NaN,NaN,9,bathroom,2,2024-03-22_12h26.00.837,image_similarity_rating,2023.2.3,None,2024-03-22 12h27.07.079342 +0100
,137,138,586,586,stimuli/own/bathroom/137_bat.jpg,stimuli/own/bathroom/138_bat.jpg,NaN,NaN,NaN,NaN,NaN,NaN,NaN,NaN,0,230,230,585,1899.885367042,NaN,NaN,NaN,NaN,NaN,NaN,NaN,,NaN,,1900.170654542,1900.337724458,1900.337724458,1900.337724458,1900.337724458,1900.337724458,1900.337724458,1900.337724458,1900.337724458,1900.337724458,1905.875399792,7,-7,4,3,5.611594083,1,2.79239724999979,1899.883363,1899.885367042,1900.337724458,1900.170641333,NaN,NaN,NaN,NaN,,NaN,,1899.879891417,1899.88331675,None,NaN,NaN,,NaN,NaN,NaN,NaN,NaN,NaN,NaN,9,bathroom,2,2024-03-22_12h26.00.837,image_similarity_rating,2023.2.3,None,2024-03-22 12h27.07.079342 +0100
,125,141,504,504,stimuli/own/bathroom/125_bat.jpg,stimuli/own/bathroom/141_bat.jpg,NaN,NaN,NaN,NaN,NaN,NaN,NaN,NaN,0,231,231,503,1905.881263958,NaN,NaN,NaN,NaN,NaN,NaN,NaN,,NaN,,1906.165692667,1906.33249825,1906.33249825,1906.33249825,1906.33249825,1906.33249825,1906.33249825,1906.33249825,1906.33249825,1906.33249825,1911.813834917,7,-7,4,6,4.85518916599995,6,5.48764362500015,1905.879079792,1905.881263958,1906.33249825,1906.165678625,NaN,NaN,NaN,NaN,,NaN,,1905.875619708,1905.879033583,None,NaN,NaN,,NaN,NaN,NaN,NaN,NaN,NaN,NaN,9,bathroom,2,2024-03-22_12h26.00.837,image_similarity_rating,2023.2.3,None,2024-03-22 12h27.07.079342 +0100
,106,112,163,163,stimuli/own/bathroom/106_bat.jpg,stimuli/own/bathroom/112_bat.jpg,NaN,NaN,NaN,NaN,NaN,NaN,NaN,NaN,0,232,232,162,1911.819311417,NaN,NaN,NaN,NaN,NaN,NaN,NaN,,NaN,,1912.102920083,1912.268459458,1912.268459458,1912.268459458,1912.268459458,1912.268459458,1912.268459458,1912.268459458,1912.268459458,1912.268459458,1920.23835475,7,-7,4,3,8.04184375000023,1,5.50194675000012,1911.817508542,1911.819311417,1912.268459458,1912.102907167,NaN,NaN,NaN,NaN,,NaN,,1911.814052167,1911.817462458,None,NaN,NaN,,NaN,NaN,NaN,NaN,NaN,NaN,NaN,9,bathroom,2,2024-03-22_12h26.00.837,image_similarity_rating,2023.2.3,None,2024-03-22 12h27.07.079342 +0100
,117,140,363,363,stimuli/own/bathroom/117_bat.jpg,stimuli/own/bathroom/140_bat.jpg,NaN,NaN,NaN,NaN,NaN,NaN,NaN,NaN,0,233,233,362,1920.247531917,NaN,NaN,NaN,NaN,NaN,NaN,NaN,,NaN,,1920.532159917,1920.698066292,1920.698066292,1920.698066292,1920.698066292,1920.698066292,1920.698066292,1920.698066292,1920.698066292,1920.698066292,1933.458733417,7,-7,4,5,10.9610067090002,5,11.9878465829997,1920.242141958,1920.247531917,1920.698066292,1920.53214525,NaN,NaN,NaN,NaN,,NaN,,1920.238571833,1920.24209525,None,NaN,NaN,,NaN,NaN,NaN,NaN,NaN,NaN,NaN,9,bathroom,2,2024-03-22_12h26.00.837,image_similarity_rating,2023.2.3,None,2024-03-22 12h27.07.079342 +0100
,111,139,242,242,stimuli/own/bathroom/111_bat.jpg,stimuli/own/bathroom/139_bat.jpg,NaN,NaN,NaN,NaN,NaN,NaN,NaN,NaN,0,234,234,241,1933.481239667,NaN,NaN,NaN,NaN,NaN,NaN,NaN,,NaN,,1933.764975875,1933.930759583,1933.930759583,1933.930759583,1933.930759583,1933.930759583,1933.930759583,1933.930759583,1933.930759583,1933.930759583,1940.087617792,7,-7,4,4,5.03684854199992,5,5.93352904199992,1933.462397208,1933.481239667,NaN,1933.764953875,NaN,NaN,NaN,NaN,,NaN,,1933.458954042,1933.462350958,None,NaN,NaN,,NaN,NaN,NaN,NaN,NaN,NaN,NaN,9,bathroom,2,2024-03-22_12h26.00.837,image_similarity_rating,2023.2.3,None,2024-03-22 12h27.07.079342 +0100
,118,137,381,381,stimuli/own/bathroom/118_bat.jpg,stimuli/own/bathroom/137_bat.jpg,NaN,NaN,NaN,NaN,NaN,NaN,NaN,NaN,0,235,235,380,1940.097397625,NaN,NaN,NaN,NaN,NaN,NaN,NaN,,NaN,,1940.382128833,1940.551146917,1940.551146917,1940.551146917,1940.551146917,1940.551146917,1940.551146917,1940.551146917,1940.551146917,1940.551146917,1946.9998695,-7,7,4,4,6.32211499999994,6,3.36879908399987,1940.091634625,1940.097397625,1940.551146917,1940.382105167,NaN,NaN,NaN,NaN,,NaN,,1940.087836625,1940.091585083,None,NaN,NaN,,NaN,NaN,NaN,NaN,NaN,NaN,NaN,9,bathroom,2,2024-03-22_12h26.00.837,image_similarity_rating,2023.2.3,None,2024-03-22 12h27.07.079342 +0100
,105,118,139,139,stimuli/own/bathroom/105_bat.jpg,stimuli/own/bathroom/118_bat.jpg,NaN,NaN,NaN,NaN,NaN,NaN,NaN,NaN,0,236,236,138,1947.005300625,NaN,NaN,NaN,NaN,NaN,NaN,NaN,,NaN,,1947.298874458,1947.467994375,1947.467994375,1947.467994375,1947.467994375,1947.467994375,1947.467994375,1947.467994375,1947.467994375,1947.467994375,1951.533178792,-7,7,4,4,3.45283454199989,6,2.58283204199961,1947.003526167,1947.005300625,1947.467994375,1947.298857417,NaN,NaN,NaN,NaN,,NaN,,1947.000087917,1947.003479875,None,NaN,NaN,,NaN,NaN,NaN,NaN,NaN,NaN,NaN,9,bathroom,2,2024-03-22_12h26.00.837,image_similarity_rating,2023.2.3,None,2024-03-22 12h27.07.079342 +0100
,132,137,563,563,stimuli/own/bathroom/132_bat.jpg,stimuli/own/bathroom/137_bat.jpg,NaN,NaN,NaN,NaN,NaN,NaN,NaN,NaN,0,237,237,562,1951.538838458,NaN,NaN,NaN,NaN,NaN,NaN,NaN,,NaN,,1951.832055,1952.003678708,1952.003678708,1952.003678708,1952.003678708,1952.003678708,1952.003678708,1952.003678708,1952.003678708,1952.003678708,1959.808562417,7,-7,4,3,7.74272708399985,1,3.23329549999971,1951.536838792,1951.538838458,1952.003678708,1951.832038917,NaN,NaN,NaN,NaN,,NaN,,1951.533405167,1951.536792792,None,NaN,NaN,,NaN,NaN,NaN,NaN,NaN,NaN,NaN,9,bathroom,2,2024-03-22_12h26.00.837,image_similarity_rating,2023.2.3,None,2024-03-22 12h27.07.079342 +0100
,124,125,476,476,stimuli/own/bathroom/124_bat.jpg,stimuli/own/bathroom/125_bat.jpg,NaN,NaN,NaN,NaN,NaN,NaN,NaN,NaN,0,238,238,475,1959.814018083,NaN,NaN,NaN,NaN,NaN,NaN,NaN,,NaN,,1960.098789667,1960.263429875,1960.263429875,1960.263429875,1960.263429875,1960.263429875,1960.263429875,1960.263429875,1960.263429875,1960.263429875,1964.554547875,-7,7,4,6,3.2028408340002,6,4.25559812499978,1959.812214667,1959.814018083,1960.263429875,1960.098776083,NaN,NaN,NaN,NaN,,NaN,,1959.80878225,1959.812168458,None,NaN,NaN,,NaN,NaN,NaN,NaN,NaN,NaN,NaN,9,bathroom,2,2024-03-22_12h26.00.837,image_similarity_rating,2023.2.3,None,2024-03-22 12h27.07.079342 +0100
,104,122,113,113,stimuli/own/bathroom/104_bat.jpg,stimuli/own/bathroom/122_bat.jpg,NaN,NaN,NaN,NaN,NaN,NaN,NaN,NaN,0,239,239,112,1964.564531583,NaN,NaN,NaN,NaN,NaN,NaN,NaN,,NaN,,1964.848639958,1965.017320208,1965.017320208,1965.017320208,1965.017320208,1965.017320208,1965.017320208,1965.017320208,1965.017320208,1965.017320208,1987.492161125,7,-7,4,4,22.5468778750001,2,21.572610791,1964.558205042,1964.564531583,1965.017320208,1964.848623167,NaN,NaN,NaN,NaN,,NaN,,1964.554774958,1964.558156625,None,NaN,NaN,,NaN,NaN,NaN,NaN,NaN,NaN,NaN,9,bathroom,2,2024-03-22_12h26.00.837,image_similarity_rating,2023.2.3,None,2024-03-22 12h27.07.079342 +0100
,101,125,20,20,stimuli/own/bathroom/101_bat.jpg,stimuli/own/bathroom/125_bat.jpg,NaN,NaN,NaN,NaN,NaN,NaN,NaN,NaN,0,240,240,19,1987.51407375,NaN,NaN,NaN,NaN,NaN,NaN,NaN,,NaN,,1987.798236292,1987.96314725,1987.96314725,1987.96314725,1987.96314725,1987.96314725,1987.96314725,1987.96314725,1987.96314725,1987.96314725,1992.266380875,7,-7,4,5,3.67883670899982,5,4.16549050000003,1987.495902792,1987.51407375,NaN,1987.798218458,NaN,NaN,NaN,NaN,,NaN,,1987.492381,1987.49585725,None,NaN,NaN,,NaN,NaN,NaN,NaN,NaN,NaN,NaN,9,bathroom,2,2024-03-22_12h26.00.837,image_similarity_rating,2023.2.3,None,2024-03-22 12h27.07.079342 +0100
,103,119,79,79,stimuli/own/bathroom/103_bat.jpg,stimuli/own/bathroom/119_bat.jpg,NaN,NaN,NaN,NaN,NaN,NaN,NaN,NaN,0,241,241,78,1992.271931583,NaN,NaN,NaN,NaN,NaN,NaN,NaN,,NaN,,1992.565342958,1992.734139917,1992.734139917,1992.734139917,1992.734139917,1992.734139917,1992.734139917,1992.734139917,1992.734139917,1992.734139917,1998.921488333,7,-7,4,3,6.23406995799996,1,5.08373154200035,1992.270017125,1992.271931583,1992.734139917,1992.565326875,NaN,NaN,NaN,NaN,,NaN,,1992.266598167,1992.269969417,None,NaN,NaN,,NaN,NaN,NaN,NaN,NaN,NaN,NaN,9,bathroom,2,2024-03-22_12h26.00.837,image_similarity_rating,2023.2.3,None,2024-03-22 12h27.07.079342 +0100
,111,122,227,227,stimuli/own/bathroom/111_bat.jpg,stimuli/own/bathroom/122_bat.jpg,NaN,NaN,NaN,NaN,NaN,NaN,NaN,NaN,0,242,242,226,1998.93052075,NaN,NaN,NaN,NaN,NaN,NaN,NaN,,NaN,,1999.215447458,1999.38107775,1999.38107775,1999.38107775,1999.38107775,1999.38107775,1999.38107775,1999.38107775,1999.38107775,1999.38107775,2001.8539385,-7,7,4,5,1.97801316699997,5,2.4735001250001,1998.925136833,1998.93052075,1999.38107775,1999.215435375,NaN,NaN,NaN,NaN,,NaN,,1998.92170675,1998.925090375,None,NaN,NaN,,NaN,NaN,NaN,NaN,NaN,NaN,NaN,9,bathroom,2,2024-03-22_12h26.00.837,image_similarity_rating,2023.2.3,None,2024-03-22 12h27.07.079342 +0100
,118,124,370,370,stimuli/own/bathroom/118_bat.jpg,stimuli/own/bathroom/124_bat.jpg,NaN,NaN,NaN,NaN,NaN,NaN,NaN,NaN,0,243,243,369,2001.863855208,NaN,NaN,NaN,NaN,NaN,NaN,NaN,,NaN,,2002.148649917,2002.318919292,2002.318919292,2002.318919292,2002.318919292,2002.318919292,2002.318919292,2002.318919292,2002.318919292,2002.318919292,2005.359324542,-7,7,4,3,3.11277050000035,1,2.41836245800005,2001.857676625,2001.863855208,2002.318919292,2002.148630958,NaN,NaN,NaN,NaN,,NaN,,2001.854170458,2001.857630875,None,NaN,NaN,,NaN,NaN,NaN,NaN,NaN,NaN,NaN,9,bathroom,2,2024-03-22_12h26.00.837,image_similarity_rating,2023.2.3,None,2024-03-22 12h27.07.079342 +0100
,116,127,330,330,stimuli/own/bathroom/116_bat.jpg,stimuli/own/bathroom/127_bat.jpg,NaN,NaN,NaN,NaN,NaN,NaN,NaN,NaN,0,244,244,329,2005.365160917,NaN,NaN,NaN,NaN,NaN,NaN,NaN,,NaN,,2005.648666417,2005.819243292,2005.819243292,2005.819243292,2005.819243292,2005.819243292,2005.819243292,2005.819243292,2005.819243292,2005.819243292,2011.812905083,7,-7,4,5,4.00654091699971,1,2.07561562500041,2005.36311325,2005.365160917,2005.819243292,2005.648649208,NaN,NaN,NaN,NaN,,NaN,,2005.359545042,2005.363066833,None,NaN,NaN,,NaN,NaN,NaN,NaN,NaN,NaN,NaN,9,bathroom,2,2024-03-22_12h26.00.837,image_similarity_rating,2023.2.3,None,2024-03-22 12h27.07.079342 +0100
,118,121,367,367,stimuli/own/bathroom/118_bat.jpg,stimuli/own/bathroom/121_bat.jpg,NaN,NaN,NaN,NaN,NaN,NaN,NaN,NaN,0,245,245,366,2011.818549333,NaN,NaN,NaN,NaN,NaN,NaN,NaN,,NaN,,2012.102985875,2012.270397875,2012.270397875,2012.270397875,2012.270397875,2012.270397875,2012.270397875,2012.270397875,2012.270397875,2012.270397875,2016.696013833,-7,7,4,6,4.38734237500012,6,3.72183287500002,2011.816615542,2011.818549333,2012.270397875,2012.102972292,NaN,NaN,NaN,NaN,,NaN,,2011.813130458,2011.816569,None,NaN,NaN,,NaN,NaN,NaN,NaN,NaN,NaN,NaN,9,bathroom,2,2024-03-22_12h26.00.837,image_similarity_rating,2023.2.3,None,2024-03-22 12h27.07.079342 +0100
,106,135,183,183,stimuli/own/bathroom/106_bat.jpg,stimuli/own/bathroom/135_bat.jpg,NaN,NaN,NaN,NaN,NaN,NaN,NaN,NaN,0,246,246,182,2016.701466208,NaN,NaN,NaN,NaN,NaN,NaN,NaN,,NaN,,2016.985557125,2017.148522583,2017.148522583,2017.148522583,2017.148522583,2017.148522583,2017.148522583,2017.148522583,2017.148522583,2017.148522583,2021.412564917,7,-7,4,2,4.27222566700038,1,2.1904958340001,2016.699716875,2016.701466208,2017.148522583,2016.985544458,NaN,NaN,NaN,NaN,,NaN,,2016.696258125,2016.699670667,None,NaN,NaN,,NaN,NaN,NaN,NaN,NaN,NaN,NaN,9,bathroom,2,2024-03-22_12h26.00.837,image_similarity_rating,2023.2.3,None,2024-03-22 12h27.07.079342 +0100
,109,141,217,217,stimuli/own/bathroom/109_bat.jpg,stimuli/own/bathroom/141_bat.jpg,NaN,NaN,NaN,NaN,NaN,NaN,NaN,NaN,0,247,247,216,2021.418028083,NaN,NaN,NaN,NaN,NaN,NaN,NaN,,NaN,,2021.703268083,2021.867258333,2021.867258333,2021.867258333,2021.867258333,2021.867258333,2021.867258333,2021.867258333,2021.867258333,2021.867258333,2026.387392958,-7,7,4,4,4.50547275000008,3,3.34428129200023,2021.416253667,2021.418028083,2021.867258333,2021.70325525,NaN,NaN,NaN,NaN,,NaN,,2021.412783583,2021.41620825,None,NaN,NaN,,NaN,NaN,NaN,NaN,NaN,NaN,NaN,9,bathroom,2,2024-03-22_12h26.00.837,image_similarity_rating,2023.2.3,None,2024-03-22 12h27.07.079342 +0100
,104,109,102,102,stimuli/own/bathroom/104_bat.jpg,stimuli/own/bathroom/109_bat.jpg,NaN,NaN,NaN,NaN,NaN,NaN,NaN,NaN,0,248,248,101,2026.397293417,NaN,NaN,NaN,NaN,NaN,NaN,NaN,,NaN,,2026.681854625,2026.84971625,2026.84971625,2026.84971625,2026.84971625,2026.84971625,2026.84971625,2026.84971625,2026.84971625,2026.84971625,2033.845951667,7,-7,4,5,6.78146575000028,6,4.44279341599986,2026.391014708,2026.397293417,2026.84971625,2026.681837167,NaN,NaN,NaN,NaN,,NaN,,2026.387608833,2026.390968583,None,NaN,NaN,,NaN,NaN,NaN,NaN,NaN,NaN,NaN,9,bathroom,2,2024-03-22_12h26.00.837,image_similarity_rating,2023.2.3,None,2024-03-22 12h27.07.079342 +0100
,102,113,42,42,stimuli/own/bathroom/102_bat.jpg,stimuli/own/bathroom/113_bat.jpg,NaN,NaN,NaN,NaN,NaN,NaN,NaN,NaN,0,249,249,41,2033.851434833,NaN,NaN,NaN,NaN,NaN,NaN,NaN,,NaN,,2034.136019958,2034.303205833,2034.303205833,2034.303205833,2034.303205833,2034.303205833,2034.303205833,2034.303205833,2034.303205833,2034.303205833,2039.092238458,7,-7,4,5,1.92873999999983,6,4.03939558299999,2033.84967,2033.851434833,2034.303205833,2034.136002375,NaN,NaN,NaN,NaN,,NaN,,2033.846196333,2033.849623292,None,NaN,NaN,,NaN,NaN,NaN,NaN,NaN,NaN,NaN,9,bathroom,2,2024-03-22_12h26.00.837,image_similarity_rating,2023.2.3,None,2024-03-22 12h27.07.079342 +0100
,105,129,149,149,stimuli/own/bathroom/105_bat.jpg,stimuli/own/bathroom/129_bat.jpg,NaN,NaN,NaN,NaN,NaN,NaN,NaN,NaN,0,250,250,148,2039.098937792,NaN,NaN,NaN,NaN,NaN,NaN,NaN,,NaN,,2039.385954542,2039.553158333,2039.553158333,2039.553158333,2039.553158333,2039.553158333,2039.553158333,2039.553158333,2039.553158333,2039.553158333,2044.87923475,7,-7,4,3,5.35018437500003,2,2.95782741700032,2039.096003792,2039.098937792,2039.553158333,2039.385941583,NaN,NaN,NaN,NaN,,NaN,,2039.092459875,2039.095957708,None,NaN,NaN,,NaN,NaN,NaN,NaN,NaN,NaN,NaN,9,bathroom,2,2024-03-22_12h26.00.837,image_similarity_rating,2023.2.3,None,2024-03-22 12h27.07.079342 +0100
,126,139,515,515,stimuli/own/bathroom/126_bat.jpg,stimuli/own/bathroom/139_bat.jpg,NaN,NaN,NaN,NaN,NaN,NaN,NaN,NaN,0,251,251,514,2044.884968708,NaN,NaN,NaN,NaN,NaN,NaN,NaN,,NaN,,2045.169271667,2045.334621458,2045.334621458,2045.334621458,2045.334621458,2045.334621458,2045.334621458,2045.334621458,2045.334621458,2045.334621458,2050.641426375,-7,7,4,5,5.29159237499971,6,4.54217483399998,2044.883033458,2044.884968708,2045.334621458,2045.169255792,NaN,NaN,NaN,NaN,,NaN,,2044.879477292,2044.882987458,None,NaN,NaN,,NaN,NaN,NaN,NaN,NaN,NaN,NaN,9,bathroom,2,2024-03-22_12h26.00.837,image_similarity_rating,2023.2.3,None,2024-03-22 12h27.07.079342 +0100
,119,131,396,396,stimuli/own/bathroom/119_bat.jpg,stimuli/own/bathroom/131_bat.jpg,NaN,NaN,NaN,NaN,NaN,NaN,NaN,NaN,0,252,252,395,2050.647053042,NaN,NaN,NaN,NaN,NaN,NaN,NaN,,NaN,,2069.731468208,2069.898198292,2069.898198292,2069.898198292,2069.898198292,2069.898198292,2069.898198292,2069.898198292,2069.898198292,2069.898198292,2085.587136958,7,-7,5,3,15.5868286659997,2,14.463958459,2069.439142333,2069.447591042,2069.898198292,2069.731453375,NaN,NaN,NaN,NaN,,NaN,,2050.6416455,2069.43878525,space,2050.647053042,18.791567667,None,NaN,NaN,NaN,NaN,NaN,NaN,NaN,9,bathroom,2,2024-03-22_12h26.00.837,image_similarity_rating,2023.2.3,None,2024-03-22 12h27.07.079342 +0100
,103,136,94,94,stimuli/own/bathroom/103_bat.jpg,stimuli/own/bathroom/136_bat.jpg,NaN,NaN,NaN,NaN,NaN,NaN,NaN,NaN,0,253,253,93,2085.596893417,NaN,NaN,NaN,NaN,NaN,NaN,NaN,,NaN,,2085.881518375,2086.048398625,2086.048398625,2086.048398625,2086.048398625,2086.048398625,2086.048398625,2086.048398625,2086.048398625,2086.048398625,2093.782729917,-7,7,5,6,5.17987241599985,6,7.58440408300021,2085.591469792,2085.596893417,2086.048398625,2085.881503875,NaN,NaN,NaN,NaN,,NaN,,2085.587365417,2085.591422708,None,NaN,NaN,,NaN,NaN,NaN,NaN,NaN,NaN,NaN,9,bathroom,2,2024-03-22_12h26.00.837,image_similarity_rating,2023.2.3,None,2024-03-22 12h27.07.079342 +0100
,119,134,398,398,stimuli/own/bathroom/119_bat.jpg,stimuli/own/bathroom/134_bat.jpg,NaN,NaN,NaN,NaN,NaN,NaN,NaN,NaN,0,254,254,397,2093.788421042,NaN,NaN,NaN,NaN,NaN,NaN,NaN,,NaN,,2094.081460875,2094.247553167,2094.247553167,2094.247553167,2094.247553167,2094.247553167,2094.247553167,2094.247553167,2094.247553167,2094.247553167,2100.229094292,7,-7,5,4,5.69282904200008,1,3.21917204099964,2093.786490083,2093.788421042,2094.247553167,2094.08144675,NaN,NaN,NaN,NaN,,NaN,,2093.782948042,2093.786444,None,NaN,NaN,,NaN,NaN,NaN,NaN,NaN,NaN,NaN,9,bathroom,2,2024-03-22_12h26.00.837,image_similarity_rating,2023.2.3,None,2024-03-22 12h27.07.079342 +0100
,109,136,212,212,stimuli/own/bathroom/109_bat.jpg,stimuli/own/bathroom/136_bat.jpg,NaN,NaN,NaN,NaN,NaN,NaN,NaN,NaN,0,255,255,211,2100.2348495,NaN,NaN,NaN,NaN,NaN,NaN,NaN,,NaN,,2100.518935417,2100.684332375,2100.684332375,2100.684332375,2100.684332375,2100.684332375,2100.684332375,2100.684332375,2100.684332375,2100.684332375,2105.258371375,7,-7,5,4,4.28272212499996,4,3.47917166599973,2100.232904625,2100.2348495,2100.684332375,2100.518921667,NaN,NaN,NaN,NaN,,NaN,,2100.229340125,2100.232858125,None,NaN,NaN,,NaN,NaN,NaN,NaN,NaN,NaN,NaN,9,bathroom,2,2024-03-22_12h26.00.837,image_similarity_rating,2023.2.3,None,2024-03-22 12h27.07.079342 +0100
,117,125,350,350,stimuli/own/bathroom/117_bat.jpg,stimuli/own/bathroom/125_bat.jpg,NaN,NaN,NaN,NaN,NaN,NaN,NaN,NaN,0,256,256,349,2105.2804335,NaN,NaN,NaN,NaN,NaN,NaN,NaN,,NaN,,2105.564365375,2105.730484292,2105.730484292,2105.730484292,2105.730484292,2105.730484292,2105.730484292,2105.730484292,2105.730484292,2105.730484292,2110.683300708,7,-7,5,6,4.08910858299987,6,4.86411366599987,2105.262018625,2105.2804335,NaN,2105.564347083,NaN,NaN,NaN,NaN,,NaN,,2105.258588875,2105.261972792,None,NaN,NaN,,NaN,NaN,NaN,NaN,NaN,NaN,NaN,9,bathroom,2,2024-03-22_12h26.00.837,image_similarity_rating,2023.2.3,None,2024-03-22 12h27.07.079342 +0100
,114,129,308,308,stimuli/own/bathroom/114_bat.jpg,stimuli/own/bathroom/129_bat.jpg,NaN,NaN,NaN,NaN,NaN,NaN,NaN,NaN,0,257,257,307,2110.688739042,NaN,NaN,NaN,NaN,NaN,NaN,NaN,,NaN,,2110.981322875,2111.148530583,2111.148530583,2111.148530583,2111.148530583,2111.148530583,2111.148530583,2111.148530583,2111.148530583,2111.148530583,2115.845703958,7,-7,5,5,3.95159462500033,6,2.45412416699992,2110.686981417,2110.688739042,2111.148530583,2110.981308625,NaN,NaN,NaN,NaN,,NaN,,2110.6835215,2110.686935542,None,NaN,NaN,,NaN,NaN,NaN,NaN,NaN,NaN,NaN,9,bathroom,2,2024-03-22_12h26.00.837,image_similarity_rating,2023.2.3,None,2024-03-22 12h27.07.079342 +0100
,124,135,484,484,stimuli/own/bathroom/124_bat.jpg,stimuli/own/bathroom/135_bat.jpg,NaN,NaN,NaN,NaN,NaN,NaN,NaN,NaN,0,258,258,483,2115.851333292,NaN,NaN,NaN,NaN,NaN,NaN,NaN,,NaN,,2116.135758125,2116.30452925,2116.30452925,2116.30452925,2116.30452925,2116.30452925,2116.30452925,2116.30452925,2116.30452925,2116.30452925,2120.978742167,-7,7,5,4,4.57299487499995,6,3.24655233299973,2115.849501417,2115.851333292,2116.30452925,2116.135742917,NaN,NaN,NaN,NaN,,NaN,,2115.845940042,2115.849455208,None,NaN,NaN,,NaN,NaN,NaN,NaN,NaN,NaN,NaN,9,bathroom,2,2024-03-22_12h26.00.837,image_similarity_rating,2023.2.3,None,2024-03-22 12h27.07.079342 +0100
,112,139,268,268,stimuli/own/bathroom/112_bat.jpg,stimuli/own/bathroom/139_bat.jpg,NaN,NaN,NaN,NaN,NaN,NaN,NaN,NaN,0,259,259,267,2120.984700833,NaN,NaN,NaN,NaN,NaN,NaN,NaN,,NaN,,2121.268837292,2121.435233833,2121.435233833,2121.435233833,2121.435233833,2121.435233833,2121.435233833,2121.435233833,2121.435233833,2121.435233833,2129.062537875,7,-7,5,3,7.64812362500015,4,5.30670487499992,2120.982567042,2120.984700833,2121.435233833,2121.268822292,NaN,NaN,NaN,NaN,,NaN,,2120.978961458,2120.9825205,None,NaN,NaN,,NaN,NaN,NaN,NaN,NaN,NaN,NaN,9,bathroom,2,2024-03-22_12h26.00.837,image_similarity_rating,2023.2.3,None,2024-03-22 12h27.07.079342 +0100
,104,121,112,112,stimuli/own/bathroom/104_bat.jpg,stimuli/own/bathroom/121_bat.jpg,NaN,NaN,NaN,NaN,NaN,NaN,NaN,NaN,0,260,260,111,2129.068163167,NaN,NaN,NaN,NaN,NaN,NaN,NaN,,NaN,,2129.352041417,2129.516640792,2129.516640792,2129.516640792,2129.516640792,2129.516640792,2129.516640792,2129.516640792,2129.516640792,2129.516640792,2137.405041333,-7,7,5,3,7.86909370800004,5,4.10859716699997,2129.066222833,2129.068163167,2129.516640792,2129.352029625,NaN,NaN,NaN,NaN,,NaN,,2129.0627545,2129.066173667,None,NaN,NaN,,NaN,NaN,NaN,NaN,NaN,NaN,NaN,9,bathroom,2,2024-03-22_12h26.00.837,image_similarity_rating,2023.2.3,None,2024-03-22 12h27.07.079342 +0100
,109,130,207,207,stimuli/own/bathroom/109_bat.jpg,stimuli/own/bathroom/130_bat.jpg,NaN,NaN,NaN,NaN,NaN,NaN,NaN,NaN,0,261,261,206,2137.413346792,NaN,NaN,NaN,NaN,NaN,NaN,NaN,,NaN,,2137.698039125,2137.865679125,2137.865679125,2137.865679125,2137.865679125,2137.865679125,2137.865679125,2137.865679125,2137.865679125,2137.865679125,2143.678802708,-7,7,5,4,5.71081350000031,1,3.16301758300006,2137.408805667,2137.413346792,2137.865679125,2137.698022917,NaN,NaN,NaN,NaN,,NaN,,2137.405260542,2137.40875825,None,NaN,NaN,,NaN,NaN,NaN,NaN,NaN,NaN,NaN,9,bathroom,2,2024-03-22_12h26.00.837,image_similarity_rating,2023.2.3,None,2024-03-22 12h27.07.079342 +0100
,102,140,66,66,stimuli/own/bathroom/102_bat.jpg,stimuli/own/bathroom/140_bat.jpg,NaN,NaN,NaN,NaN,NaN,NaN,NaN,NaN,0,262,262,65,2143.684269292,NaN,NaN,NaN,NaN,NaN,NaN,NaN,,NaN,,2143.966868958,2144.129427792,2144.129427792,2144.129427792,2144.129427792,2144.129427792,2144.129427792,2144.129427792,2144.129427792,2144.129427792,2150.8332805,-7,7,5,4,5.31873854200012,6,6.58658341699993,2143.682507333,2143.684269292,2144.129427792,2143.966858958,NaN,NaN,NaN,NaN,,NaN,,2143.679034708,2143.682459417,None,NaN,NaN,,NaN,NaN,NaN,NaN,NaN,NaN,NaN,9,bathroom,2,2024-03-22_12h26.00.837,image_similarity_rating,2023.2.3,None,2024-03-22 12h27.07.079342 +0100
,104,123,114,114,stimuli/own/bathroom/104_bat.jpg,stimuli/own/bathroom/123_bat.jpg,NaN,NaN,NaN,NaN,NaN,NaN,NaN,NaN,0,263,263,113,2150.846621333,NaN,NaN,NaN,NaN,NaN,NaN,NaN,,NaN,,2151.131332667,2151.303244333,2151.303244333,2151.303244333,2151.303244333,2151.303244333,2151.303244333,2151.303244333,2151.303244333,2151.303244333,2159.320273167,-7,7,5,5,8.09197508300031,7,4.98840987499989,2150.837275625,2150.846621333,2151.303244333,2151.131315667,NaN,NaN,NaN,NaN,,NaN,,2150.833521417,2150.837226917,None,NaN,NaN,,NaN,NaN,NaN,NaN,NaN,NaN,NaN,9,bathroom,2,2024-03-22_12h26.00.837,image_similarity_rating,2023.2.3,None,2024-03-22 12h27.07.079342 +0100
,137,140,588,588,stimuli/own/bathroom/137_bat.jpg,stimuli/own/bathroom/140_bat.jpg,NaN,NaN,NaN,NaN,NaN,NaN,NaN,NaN,0,264,264,587,2159.330180083,NaN,NaN,NaN,NaN,NaN,NaN,NaN,,NaN,,2159.614592,2159.779668125,2159.779668125,2159.779668125,2159.779668125,2159.779668125,2159.779668125,2159.779668125,2159.779668125,2159.779668125,2163.070235792,-7,7,5,2,3.27378158400006,1,2.08110879100013,2159.324030708,2159.330180083,2159.779668125,2159.614577792,NaN,NaN,NaN,NaN,,NaN,,2159.320500333,2159.323984875,None,NaN,NaN,,NaN,NaN,NaN,NaN,NaN,NaN,NaN,9,bathroom,2,2024-03-22_12h26.00.837,image_similarity_rating,2023.2.3,None,2024-03-22 12h27.07.079342 +0100
,120,123,408,408,stimuli/own/bathroom/120_bat.jpg,stimuli/own/bathroom/123_bat.jpg,NaN,NaN,NaN,NaN,NaN,NaN,NaN,NaN,0,265,265,407,2163.080030292,NaN,NaN,NaN,NaN,NaN,NaN,NaN,,NaN,,2163.364660333,2163.53523575,2163.53523575,2163.53523575,2163.53523575,2163.53523575,2163.53523575,2163.53523575,2163.53523575,2163.53523575,2169.782279583,7,-7,5,7,6.25939020799979,6,5.21226041700038,2163.073879292,2163.080030292,2163.53523575,2163.364644,NaN,NaN,NaN,NaN,,NaN,,2163.070453917,2163.073833333,None,NaN,NaN,,NaN,NaN,NaN,NaN,NaN,NaN,NaN,9,bathroom,2,2024-03-22_12h26.00.837,image_similarity_rating,2023.2.3,None,2024-03-22 12h27.07.079342 +0100
,138,141,592,592,stimuli/own/bathroom/138_bat.jpg,stimuli/own/bathroom/141_bat.jpg,NaN,NaN,NaN,NaN,NaN,NaN,NaN,NaN,0,266,266,591,2169.787847542,NaN,NaN,NaN,NaN,NaN,NaN,NaN,,NaN,,2170.081462583,2170.247170333,2170.247170333,2170.247170333,2170.247170333,2170.247170333,2170.247170333,2170.247170333,2170.247170333,2170.247170333,2178.299471917,7,-7,5,4,8.110080208,5,5.56731979200003,2169.78593075,2169.787847542,2170.247170333,2170.081450125,NaN,NaN,NaN,NaN,,NaN,,2169.782502542,2169.785884583,None,NaN,NaN,,NaN,NaN,NaN,NaN,NaN,NaN,NaN,9,bathroom,2,2024-03-22_12h26.00.837,image_similarity_rating,2023.2.3,None,2024-03-22 12h27.07.079342 +0100
,114,141,319,319,stimuli/own/bathroom/114_bat.jpg,stimuli/own/bathroom/141_bat.jpg,NaN,NaN,NaN,NaN,NaN,NaN,NaN,NaN,0,267,267,318,2178.31320875,NaN,NaN,NaN,NaN,NaN,NaN,NaN,,NaN,,2178.597870583,2178.763693708,2178.763693708,2178.763693708,2178.763693708,2178.763693708,2178.763693708,2178.763693708,2178.763693708,2178.763693708,2186.162912542,-7,7,5,4,7.45270708299995,5,5.94857400000001,2178.3034525,2178.31320875,2178.763693708,2178.597851458,NaN,NaN,NaN,NaN,,NaN,,2178.29970625,2178.303402542,None,NaN,NaN,,NaN,NaN,NaN,NaN,NaN,NaN,NaN,9,bathroom,2,2024-03-22_12h26.00.837,image_similarity_rating,2023.2.3,None,2024-03-22 12h27.07.079342 +0100
,117,141,364,364,stimuli/own/bathroom/117_bat.jpg,stimuli/own/bathroom/141_bat.jpg,NaN,NaN,NaN,NaN,NaN,NaN,NaN,NaN,0,268,268,363,2186.1688175,NaN,NaN,NaN,NaN,NaN,NaN,NaN,,NaN,,2186.451865875,2186.61668975,2186.61668975,2186.61668975,2186.61668975,2186.61668975,2186.61668975,2186.61668975,2186.61668975,2186.61668975,2190.808598375,7,-7,5,4,3.33586395800012,5,4.16073300000016,2186.166738583,2186.1688175,2186.61668975,2186.451853833,NaN,NaN,NaN,NaN,,NaN,,2186.163131375,2186.166692208,None,NaN,NaN,,NaN,NaN,NaN,NaN,NaN,NaN,NaN,9,bathroom,2,2024-03-22_12h26.00.837,image_similarity_rating,2023.2.3,None,2024-03-22 12h27.07.079342 +0100
,119,135,399,399,stimuli/own/bathroom/119_bat.jpg,stimuli/own/bathroom/135_bat.jpg,NaN,NaN,NaN,NaN,NaN,NaN,NaN,NaN,0,269,269,398,2190.814993125,NaN,NaN,NaN,NaN,NaN,NaN,NaN,,NaN,,2191.1017885,2191.266317667,2191.266317667,2191.266317667,2191.266317667,2191.266317667,2191.266317667,2191.266317667,2191.266317667,2191.266317667,2218.157636875,7,-7,5,3,26.3862717499997,1,24.3271271249996,2190.812362833,2190.814993125,2191.266317667,2191.101775125,NaN,NaN,NaN,NaN,,NaN,,2190.808814417,2190.812316667,None,NaN,NaN,,NaN,NaN,NaN,NaN,NaN,NaN,NaN,9,bathroom,2,2024-03-22_12h26.00.837,image_similarity_rating,2023.2.3,None,2024-03-22 12h27.07.079342 +0100
,102,130,57,57,stimuli/own/bathroom/102_bat.jpg,stimuli/own/bathroom/130_bat.jpg,NaN,NaN,NaN,NaN,NaN,NaN,NaN,NaN,0,270,270,56,2218.180036792,NaN,NaN,NaN,NaN,NaN,NaN,NaN,,NaN,,2218.463827375,2218.634897167,2218.634897167,2218.634897167,2218.634897167,2218.634897167,2218.634897167,2218.634897167,2218.634897167,2218.634897167,2232.640723792,7,-7,5,4,13.4061100830004,3,7.88585004199967,2218.161296125,2218.180036792,NaN,2218.463807583,NaN,NaN,NaN,NaN,,NaN,,2218.157856667,2218.161250083,None,NaN,NaN,,NaN,NaN,NaN,NaN,NaN,NaN,NaN,9,bathroom,2,2024-03-22_12h26.00.837,image_similarity_rating,2023.2.3,None,2024-03-22 12h27.07.079342 +0100
,101,106,5,5,stimuli/own/bathroom/101_bat.jpg,stimuli/own/bathroom/106_bat.jpg,NaN,NaN,NaN,NaN,NaN,NaN,NaN,NaN,0,271,271,4,2232.6465665,NaN,NaN,NaN,NaN,NaN,NaN,NaN,,NaN,,2232.930951792,2233.100188292,2233.100188292,2233.100188292,2233.100188292,2233.100188292,2233.100188292,2233.100188292,2233.100188292,2233.100188292,2238.636794875,7,-7,5,2,5.10123262499974,1,2.56121699999994,2232.644392958,2232.6465665,2233.100188292,2232.930936,NaN,NaN,NaN,NaN,,NaN,,2232.640945625,2232.644346917,None,NaN,NaN,,NaN,NaN,NaN,NaN,NaN,NaN,NaN,9,bathroom,2,2024-03-22_12h26.00.837,image_similarity_rating,2023.2.3,None,2024-03-22 12h27.07.079342 +0100
,103,111,72,72,stimuli/own/bathroom/103_bat.jpg,stimuli/own/bathroom/111_bat.jpg,NaN,NaN,NaN,NaN,NaN,NaN,NaN,NaN,0,272,272,71,2238.646266208,NaN,NaN,NaN,NaN,NaN,NaN,NaN,,NaN,,2238.930842125,2239.096916708,2239.096916708,2239.096916708,2239.096916708,2239.096916708,2239.096916708,2239.096916708,2239.096916708,2239.096916708,2243.582358833,7,-7,5,5,2.91449324999985,5,3.98782895800014,2238.640457208,2238.646266208,2239.096916708,2238.930827167,NaN,NaN,NaN,NaN,,NaN,,2238.6370165,2238.640411375,None,NaN,NaN,,NaN,NaN,NaN,NaN,NaN,NaN,NaN,9,bathroom,2,2024-03-22_12h26.00.837,image_similarity_rating,2023.2.3,None,2024-03-22 12h27.07.079342 +0100
,101,122,17,17,stimuli/own/bathroom/101_bat.jpg,stimuli/own/bathroom/122_bat.jpg,NaN,NaN,NaN,NaN,NaN,NaN,NaN,NaN,0,273,273,16,2243.587932667,NaN,NaN,NaN,NaN,NaN,NaN,NaN,,NaN,,2243.880892958,2244.047909667,2244.047909667,2244.047909667,2244.047909667,2244.047909667,2244.047909667,2244.047909667,2244.047909667,2244.047909667,2248.190730042,-7,7,5,6,2.9425508749996,6,3.60846679099996,2243.586008083,2243.587932667,2244.047909667,2243.880878333,NaN,NaN,NaN,NaN,,NaN,,2243.582576958,2243.585962458,None,NaN,NaN,,NaN,NaN,NaN,NaN,NaN,NaN,NaN,9,bathroom,2,2024-03-22_12h26.00.837,image_similarity_rating,2023.2.3,None,2024-03-22 12h27.07.079342 +0100
,121,136,437,437,stimuli/own/bathroom/121_bat.jpg,stimuli/own/bathroom/136_bat.jpg,NaN,NaN,NaN,NaN,NaN,NaN,NaN,NaN,0,274,274,436,2248.196235875,NaN,NaN,NaN,NaN,NaN,NaN,NaN,,NaN,,2248.480924542,2248.650045333,2248.650045333,2248.650045333,2248.650045333,2248.650045333,2248.650045333,2248.650045333,2248.650045333,2248.650045333,2266.803172292,-7,7,5,6,14.7569206249996,5,16.5899019999997,2248.1943805,2248.196235875,2248.650045333,2248.480907417,NaN,NaN,NaN,NaN,,NaN,,2248.190949375,2248.194333875,None,NaN,NaN,,NaN,NaN,NaN,NaN,NaN,NaN,NaN,9,bathroom,2,2024-03-22_12h26.00.837,image_similarity_rating,2023.2.3,None,2024-03-22 12h27.07.079342 +0100
,101,137,30,30,stimuli/own/bathroom/101_bat.jpg,stimuli/own/bathroom/137_bat.jpg,NaN,NaN,NaN,NaN,NaN,NaN,NaN,NaN,0,275,275,29,2266.813050958,NaN,NaN,NaN,NaN,NaN,NaN,NaN,,NaN,,2267.097472625,2267.265303125,2267.265303125,2267.265303125,2267.265303125,2267.265303125,2267.265303125,2267.265303125,2267.265303125,2267.265303125,2272.150697292,7,-7,5,2,3.95880691599996,1,2.94798295800001,2266.806822,2266.813050958,2267.265303125,2267.097452875,NaN,NaN,NaN,NaN,,NaN,,2266.803393083,2266.806775958,None,NaN,NaN,,NaN,NaN,NaN,NaN,NaN,NaN,NaN,9,bathroom,2,2024-03-22_12h26.00.837,image_similarity_rating,2023.2.3,None,2024-03-22 12h27.07.079342 +0100
,131,135,553,553,stimuli/own/bathroom/131_bat.jpg,stimuli/own/bathroom/135_bat.jpg,NaN,NaN,NaN,NaN,NaN,NaN,NaN,NaN,0,276,276,552,2272.162867417,NaN,NaN,NaN,NaN,NaN,NaN,NaN,,NaN,,2272.44780125,2272.616663208,2272.616663208,2272.616663208,2272.616663208,2272.616663208,2272.616663208,2272.616663208,2272.616663208,2272.616663208,2278.157421542,7,-7,5,3,4.15089183300006,1,3.2666927500004,2272.154528792,2272.162867417,2272.616663208,2272.447785,NaN,NaN,NaN,NaN,,NaN,,2272.150926833,2272.154481375,None,NaN,NaN,,NaN,NaN,NaN,NaN,NaN,NaN,NaN,9,bathroom,2,2024-03-22_12h26.00.837,image_similarity_rating,2023.2.3,None,2024-03-22 12h27.07.079342 +0100
,134,139,572,572,stimuli/own/bathroom/134_bat.jpg,stimuli/own/bathroom/139_bat.jpg,NaN,NaN,NaN,NaN,NaN,NaN,NaN,NaN,0,277,277,571,2278.179461625,NaN,NaN,NaN,NaN,NaN,NaN,NaN,,NaN,,2278.463626917,2278.634877333,2278.634877333,2278.634877333,2278.634877333,2278.634877333,2278.634877333,2278.634877333,2278.634877333,2278.634877333,2285.011632542,7,-7,5,3,5.93833541599997,4,3.49078429199972,2278.161213292,2278.179461625,NaN,2278.463606917,NaN,NaN,NaN,NaN,,NaN,,2278.157642375,2278.161166667,None,NaN,NaN,,NaN,NaN,NaN,NaN,NaN,NaN,NaN,9,bathroom,2,2024-03-22_12h26.00.837,image_similarity_rating,2023.2.3,None,2024-03-22 12h27.07.079342 +0100
,112,130,260,260,stimuli/own/bathroom/112_bat.jpg,stimuli/own/bathroom/130_bat.jpg,NaN,NaN,NaN,NaN,NaN,NaN,NaN,NaN,0,278,278,259,2285.017226,NaN,NaN,NaN,NaN,NaN,NaN,NaN,,NaN,,2285.301227417,2285.463625708,2285.463625708,2285.463625708,2285.463625708,2285.463625708,2285.463625708,2285.463625708,2285.463625708,2285.463625708,2292.157454042,-7,7,5,6,3.11734433399988,6,3.64459575000001,2285.015439625,2285.017226,2285.463625708,2285.301217458,NaN,NaN,NaN,NaN,,NaN,,2285.011879208,2285.015392583,None,NaN,NaN,,NaN,NaN,NaN,NaN,NaN,NaN,NaN,9,bathroom,2,2024-03-22_12h26.00.837,image_similarity_rating,2023.2.3,None,2024-03-22 12h27.07.079342 +0100
,130,136,545,545,stimuli/own/bathroom/130_bat.jpg,stimuli/own/bathroom/136_bat.jpg,NaN,NaN,NaN,NaN,NaN,NaN,NaN,NaN,0,279,279,544,2292.179497083,NaN,NaN,NaN,NaN,NaN,NaN,NaN,,NaN,,2292.463705917,2292.629993458,2292.629993458,2292.629993458,2292.629993458,2292.629993458,2292.629993458,2292.629993458,2292.629993458,2292.629993458,2304.832002292,7,-7,5,5,10.9121083750001,5,6.04762545799986,2292.161104917,2292.179497083,NaN,2292.463688125,NaN,NaN,NaN,NaN,,NaN,,2292.157676833,2292.161059167,None,NaN,NaN,,NaN,NaN,NaN,NaN,NaN,NaN,NaN,9,bathroom,2,2024-03-22_12h26.00.837,image_similarity_rating,2023.2.3,None,2024-03-22 12h27.07.079342 +0100
,105,134,153,153,stimuli/own/bathroom/105_bat.jpg,stimuli/own/bathroom/134_bat.jpg,NaN,NaN,NaN,NaN,NaN,NaN,NaN,NaN,0,280,280,152,2304.837595083,NaN,NaN,NaN,NaN,NaN,NaN,NaN,,NaN,,2305.130626292,2305.296646958,2305.296646958,2305.296646958,2305.296646958,2305.296646958,2305.296646958,2305.296646958,2305.296646958,2305.296646958,2315.381934417,7,-7,5,3,9.440284625,2,5.11970941699974,2304.835679625,2304.837595083,2305.296646958,2305.130607292,NaN,NaN,NaN,NaN,,NaN,,2304.832222667,2304.835633417,None,NaN,NaN,,NaN,NaN,NaN,NaN,NaN,NaN,NaN,9,bathroom,2,2024-03-22_12h26.00.837,image_similarity_rating,2023.2.3,None,2024-03-22 12h27.07.079342 +0100
,113,116,272,272,stimuli/own/bathroom/113_bat.jpg,stimuli/own/bathroom/116_bat.jpg,NaN,NaN,NaN,NaN,NaN,NaN,NaN,NaN,0,281,281,271,2315.38754875,NaN,NaN,NaN,NaN,NaN,NaN,NaN,,NaN,,2315.680747292,2315.84820125,2315.84820125,2315.84820125,2315.84820125,2315.84820125,2315.84820125,2315.84820125,2315.84820125,2315.84820125,2331.4529985,-7,7,5,4,14.8644603329999,1,13.2481198749997,2315.3855905,2315.38754875,2315.84820125,2315.680730917,NaN,NaN,NaN,NaN,,NaN,,2315.382154708,2315.3855445,None,NaN,NaN,,NaN,NaN,NaN,NaN,NaN,NaN,NaN,9,bathroom,2,2024-03-22_12h26.00.837,image_similarity_rating,2023.2.3,None,2024-03-22 12h27.07.079342 +0100
,104,130,120,120,stimuli/own/bathroom/104_bat.jpg,stimuli/own/bathroom/130_bat.jpg,NaN,NaN,NaN,NaN,NaN,NaN,NaN,NaN,0,282,282,119,2331.462693958,NaN,NaN,NaN,NaN,NaN,NaN,NaN,,NaN,,2331.747395208,2331.91819425,2331.91819425,2331.91819425,2331.91819425,2331.91819425,2331.91819425,2331.91819425,2331.91819425,2331.91819425,2345.061522167,7,-7,5,4,12.528658833,4,9.63957537500028,2331.456669792,2331.462693958,2331.91819425,2331.747379167,NaN,NaN,NaN,NaN,,NaN,,2331.45321825,2331.456623375,None,NaN,NaN,,NaN,NaN,NaN,NaN,NaN,NaN,NaN,9,bathroom,2,2024-03-22_12h26.00.837,image_similarity_rating,2023.2.3,None,2024-03-22 12h27.07.079342 +0100
,105,120,141,141,stimuli/own/bathroom/105_bat.jpg,stimuli/own/bathroom/120_bat.jpg,NaN,NaN,NaN,NaN,NaN,NaN,NaN,NaN,0,283,283,140,2345.067488042,NaN,NaN,NaN,NaN,NaN,NaN,NaN,,NaN,,2345.352054042,2345.516917292,2345.516917292,2345.516917292,2345.516917292,2345.516917292,2345.516917292,2345.516917292,2345.516917292,2345.516917292,2363.365212167,-7,7,5,3,17.193464166,2,13.3664343749997,2345.065225083,2345.067488042,2345.516917292,2345.35204425,NaN,NaN,NaN,NaN,,NaN,,2345.061766083,2345.065179125,None,NaN,NaN,,NaN,NaN,NaN,NaN,NaN,NaN,NaN,9,bathroom,2,2024-03-22_12h26.00.837,image_similarity_rating,2023.2.3,None,2024-03-22 12h27.07.079342 +0100
,101,134,27,27,stimuli/own/bathroom/101_bat.jpg,stimuli/own/bathroom/134_bat.jpg,NaN,NaN,NaN,NaN,NaN,NaN,NaN,NaN,0,284,284,26,2363.3709675,NaN,NaN,NaN,NaN,NaN,NaN,NaN,,NaN,,2363.663830708,2363.830614667,2363.830614667,2363.830614667,2363.830614667,2363.830614667,2363.830614667,2363.830614667,2363.830614667,2363.830614667,2368.357193667,7,-7,5,6,2.91951462499992,6,3.98905620899995,2363.368870583,2363.3709675,2363.830614667,2363.663816,NaN,NaN,NaN,NaN,,NaN,,2363.3654325,2363.368824625,None,NaN,NaN,,NaN,NaN,NaN,NaN,NaN,NaN,NaN,9,bathroom,2,2024-03-22_12h26.00.837,image_similarity_rating,2023.2.3,None,2024-03-22 12h27.07.079342 +0100
,130,135,544,544,stimuli/own/bathroom/130_bat.jpg,stimuli/own/bathroom/135_bat.jpg,NaN,NaN,NaN,NaN,NaN,NaN,NaN,NaN,0,285,285,543,2368.3794635,NaN,NaN,NaN,NaN,NaN,NaN,NaN,,NaN,,2368.663430042,2368.8315415,2368.8315415,2368.8315415,2368.8315415,2368.8315415,2368.8315415,2368.8315415,2368.8315415,2368.8315415,2377.365111417,7,-7,5,4,8.08550199999991,5,5.65638929200031,2368.360849417,2368.3794635,NaN,2368.663410583,NaN,NaN,NaN,NaN,,NaN,,2368.35741375,2368.360803833,None,NaN,NaN,,NaN,NaN,NaN,NaN,NaN,NaN,NaN,9,bathroom,2,2024-03-22_12h26.00.837,image_similarity_rating,2023.2.3,None,2024-03-22 12h27.07.079342 +0100
,104,131,121,121,stimuli/own/bathroom/104_bat.jpg,stimuli/own/bathroom/131_bat.jpg,NaN,NaN,NaN,NaN,NaN,NaN,NaN,NaN,0,286,286,120,2377.370702458,NaN,NaN,NaN,NaN,NaN,NaN,NaN,,NaN,,2377.663810625,2377.833183875,2377.833183875,2377.833183875,2377.833183875,2377.833183875,2377.833183875,2377.833183875,2377.833183875,2377.833183875,2385.698336083,-7,7,5,2,7.18972945800033,2,3.41051262499968,2377.368767,2377.370702458,2377.833183875,2377.663793833,NaN,NaN,NaN,NaN,,NaN,,2377.365330167,2377.368720875,None,NaN,NaN,,NaN,NaN,NaN,NaN,NaN,NaN,NaN,9,bathroom,2,2024-03-22_12h26.00.837,image_similarity_rating,2023.2.3,None,2024-03-22 12h27.07.079342 +0100
,126,137,513,513,stimuli/own/bathroom/126_bat.jpg,stimuli/own/bathroom/137_bat.jpg,NaN,NaN,NaN,NaN,NaN,NaN,NaN,NaN,0,287,287,512,2385.703926167,NaN,NaN,NaN,NaN,NaN,NaN,NaN,,NaN,,2385.997159583,2386.164922958,2386.164922958,2386.164922958,2386.164922958,2386.164922958,2386.164922958,2386.164922958,2386.164922958,2386.164922958,2390.665047583,7,-7,5,3,3.88588329200002,1,2.24221683300038,2385.701989583,2385.703926167,2386.164922958,2385.997143417,NaN,NaN,NaN,NaN,,NaN,,2385.698555292,2385.701943125,None,NaN,NaN,,NaN,NaN,NaN,NaN,NaN,NaN,NaN,9,bathroom,2,2024-03-22_12h26.00.837,image_similarity_rating,2023.2.3,None,2024-03-22 12h27.07.079342 +0100
,109,134,210,210,stimuli/own/bathroom/109_bat.jpg,stimuli/own/bathroom/134_bat.jpg,NaN,NaN,NaN,NaN,NaN,NaN,NaN,NaN,0,288,288,209,2390.6707035,NaN,NaN,NaN,NaN,NaN,NaN,NaN,,NaN,,2390.963675208,2391.128268375,2391.128268375,2391.128268375,2391.128268375,2391.128268375,2391.128268375,2391.128268375,2391.128268375,2391.128268375,2402.498329375,7,-7,5,2,10.9028991660002,3,10.2455460000001,2390.668783917,2390.6707035,2391.128268375,2390.963661042,NaN,NaN,NaN,NaN,,NaN,,2390.665267333,2390.668738083,None,NaN,NaN,,NaN,NaN,NaN,NaN,NaN,NaN,NaN,9,bathroom,2,2024-03-22_12h26.00.837,image_similarity_rating,2023.2.3,None,2024-03-22 12h27.07.079342 +0100
,114,127,307,307,stimuli/own/bathroom/114_bat.jpg,stimuli/own/bathroom/127_bat.jpg,NaN,NaN,NaN,NaN,NaN,NaN,NaN,NaN,0,289,289,306,2402.503920625,NaN,NaN,NaN,NaN,NaN,NaN,NaN,,NaN,,2402.797117208,2402.966229542,2402.966229542,2402.966229542,2402.966229542,2402.966229542,2402.966229542,2402.966229542,2402.966229542,2402.966229542,2412.414929292,7,-7,5,5,7.63993745900007,6,8.80316962500001,2402.501997625,2402.503920625,2402.966229542,2402.7971,NaN,NaN,NaN,NaN,,NaN,,2402.498548083,2402.5019515,None,NaN,NaN,,NaN,NaN,NaN,NaN,NaN,NaN,NaN,9,bathroom,2,2024-03-22_12h26.00.837,image_similarity_rating,2023.2.3,None,2024-03-22 12h27.07.079342 +0100
,112,121,252,252,stimuli/own/bathroom/112_bat.jpg,stimuli/own/bathroom/121_bat.jpg,NaN,NaN,NaN,NaN,NaN,NaN,NaN,NaN,0,290,290,251,2412.420324333,NaN,NaN,NaN,NaN,NaN,NaN,NaN,,NaN,,2412.713679292,2412.881493792,2412.881493792,2412.881493792,2412.881493792,2412.881493792,2412.881493792,2412.881493792,2412.881493792,2412.881493792,2420.194425125,-7,7,5,4,6.73693108299994,2,3.93381070799978,2412.418584708,2412.420324333,2412.881493792,2412.713663417,NaN,NaN,NaN,NaN,,NaN,,2412.415147833,2412.418537125,None,NaN,NaN,,NaN,NaN,NaN,NaN,NaN,NaN,NaN,9,bathroom,2,2024-03-22_12h26.00.837,image_similarity_rating,2023.2.3,None,2024-03-22 12h27.07.079342 +0100
,103,127,87,87,stimuli/own/bathroom/103_bat.jpg,stimuli/own/bathroom/127_bat.jpg,NaN,NaN,NaN,NaN,NaN,NaN,NaN,NaN,0,291,291,86,2420.200227625,NaN,NaN,NaN,NaN,NaN,NaN,NaN,,NaN,,2420.484398333,2420.650052875,2420.650052875,2420.650052875,2420.650052875,2420.650052875,2420.650052875,2420.650052875,2420.650052875,2420.650052875,2432.281531083,7,-7,5,5,10.7025664170001,3,9.07108837499982,2420.198121208,2420.200227625,2420.650052875,2420.484384417,NaN,NaN,NaN,NaN,,NaN,,2420.194649333,2420.19807525,None,NaN,NaN,,NaN,NaN,NaN,NaN,NaN,NaN,NaN,9,bathroom,2,2024-03-22_12h26.00.837,image_similarity_rating,2023.2.3,None,2024-03-22 12h27.07.079342 +0100
,134,137,570,570,stimuli/own/bathroom/134_bat.jpg,stimuli/own/bathroom/137_bat.jpg,NaN,NaN,NaN,NaN,NaN,NaN,NaN,NaN,0,292,292,569,2432.287116458,NaN,NaN,NaN,NaN,NaN,NaN,NaN,,NaN,,2432.580158375,2432.745752792,2432.745752792,2432.745752792,2432.745752792,2432.745752792,2432.745752792,2432.745752792,2432.745752792,2432.745752792,2436.098688042,7,-7,5,2,3.42218341600028,1,2.41993058300022,2432.285174958,2432.287116458,2432.745752792,2432.580143583,NaN,NaN,NaN,NaN,,NaN,,2432.28175,2432.28512875,None,NaN,NaN,,NaN,NaN,NaN,NaN,NaN,NaN,NaN,9,bathroom,2,2024-03-22_12h26.00.837,image_similarity_rating,2023.2.3,None,2024-03-22 12h27.07.079342 +0100
,116,117,320,320,stimuli/own/bathroom/116_bat.jpg,stimuli/own/bathroom/117_bat.jpg,NaN,NaN,NaN,NaN,NaN,NaN,NaN,NaN,0,293,293,319,2436.112297708,NaN,NaN,NaN,NaN,NaN,NaN,NaN,,NaN,,2436.397460833,2436.56295225,2436.56295225,2436.56295225,2436.56295225,2436.56295225,2436.56295225,2436.56295225,2436.56295225,2436.56295225,2441.873514667,7,-7,5,4,5.05221770900016,2,3.67854458300008,2436.102433375,2436.112297708,2436.56295225,2436.397448125,NaN,NaN,NaN,NaN,,NaN,,2436.098915625,2436.102386,None,NaN,NaN,,NaN,NaN,NaN,NaN,NaN,NaN,NaN,9,bathroom,2,2024-03-22_12h26.00.837,image_similarity_rating,2023.2.3,None,2024-03-22 12h27.07.079342 +0100
,118,139,383,383,stimuli/own/bathroom/118_bat.jpg,stimuli/own/bathroom/139_bat.jpg,NaN,NaN,NaN,NaN,NaN,NaN,NaN,NaN,0,294,294,382,2441.895859917,NaN,NaN,NaN,NaN,NaN,NaN,NaN,,NaN,,2442.179825417,2442.35191075,2442.35191075,2442.35191075,2442.35191075,2442.35191075,2442.35191075,2442.35191075,2442.35191075,2442.35191075,2451.085944375,7,-7,5,4,7.06669387500006,4,3.939314792,2441.877176125,2441.895859917,NaN,2442.179805375,NaN,NaN,NaN,NaN,,NaN,,2441.873734125,2441.877130542,None,NaN,NaN,,NaN,NaN,NaN,NaN,NaN,NaN,NaN,9,bathroom,2,2024-03-22_12h26.00.837,image_similarity_rating,2023.2.3,None,2024-03-22 12h27.07.079342 +0100
,111,126,231,231,stimuli/own/bathroom/111_bat.jpg,stimuli/own/bathroom/126_bat.jpg,NaN,NaN,NaN,NaN,NaN,NaN,NaN,NaN,0,295,295,230,2451.095618917,NaN,NaN,NaN,NaN,NaN,NaN,NaN,,NaN,,2451.38011725,2451.545133708,2451.545133708,2451.545133708,2451.545133708,2451.545133708,2451.545133708,2451.545133708,2451.545133708,2451.545133708,2455.636267083,-7,7,5,6,2.67866287499965,6,3.58623858300007,2451.089627375,2451.095618917,2451.545133708,2451.38010275,NaN,NaN,NaN,NaN,,NaN,,2451.086168292,2451.089580792,None,NaN,NaN,,NaN,NaN,NaN,NaN,NaN,NaN,NaN,9,bathroom,2,2024-03-22_12h26.00.837,image_similarity_rating,2023.2.3,None,2024-03-22 12h27.07.079342 +0100
,130,134,543,543,stimuli/own/bathroom/130_bat.jpg,stimuli/own/bathroom/134_bat.jpg,NaN,NaN,NaN,NaN,NaN,NaN,NaN,NaN,0,296,296,542,2455.645725333,NaN,NaN,NaN,NaN,NaN,NaN,NaN,,NaN,,2455.930159208,2456.099853208,2456.099853208,2456.099853208,2456.099853208,2456.099853208,2456.099853208,2456.099853208,2456.099853208,2456.099853208,2472.356803833,7,-7,5,6,16.3319392080002,6,14.5717514580001,2455.640052458,2455.645725333,2456.099853208,2455.930143375,NaN,NaN,NaN,NaN,,NaN,,2455.63648775,2455.640005875,None,NaN,NaN,,NaN,NaN,NaN,NaN,NaN,NaN,NaN,9,bathroom,2,2024-03-22_12h26.00.837,image_similarity_rating,2023.2.3,None,2024-03-22 12h27.07.079342 +0100
,111,114,220,220,stimuli/own/bathroom/111_bat.jpg,stimuli/own/bathroom/114_bat.jpg,NaN,NaN,NaN,NaN,NaN,NaN,NaN,NaN,0,297,297,219,2472.378807792,NaN,NaN,NaN,NaN,NaN,NaN,NaN,,NaN,,2472.662936792,2472.829234583,2472.829234583,2472.829234583,2472.829234583,2472.829234583,2472.829234583,2472.829234583,2472.829234583,2472.829234583,2476.757188208,7,-7,5,6,3.23907537500008,6,3.91408183299973,2472.360457083,2472.378807792,NaN,2472.66291825,NaN,NaN,NaN,NaN,,NaN,,2472.357023292,2472.360407667,None,NaN,NaN,,NaN,NaN,NaN,NaN,NaN,NaN,NaN,9,bathroom,2,2024-03-22_12h26.00.837,image_similarity_rating,2023.2.3,None,2024-03-22 12h27.07.079342 +0100
,111,138,241,241,stimuli/own/bathroom/111_bat.jpg,stimuli/own/bathroom/138_bat.jpg,NaN,NaN,NaN,NaN,NaN,NaN,NaN,NaN,0,298,298,240,2476.779003792,NaN,NaN,NaN,NaN,NaN,NaN,NaN,,NaN,,2477.062948417,2477.231226333,2477.231226333,2477.231226333,2477.231226333,2477.231226333,2477.231226333,2477.231226333,2477.231226333,2477.231226333,2496.740275833,7,-7,5,5,19.5460137499999,4,18.237006458,2476.760832125,2476.779003792,NaN,2477.062929083,NaN,NaN,NaN,NaN,,NaN,,2476.7574065,2476.760785917,None,NaN,NaN,,NaN,NaN,NaN,NaN,NaN,NaN,NaN,9,bathroom,2,2024-03-22_12h26.00.837,image_similarity_rating,2023.2.3,None,2024-03-22 12h27.07.079342 +0100
,120,132,416,416,stimuli/own/bathroom/120_bat.jpg,stimuli/own/bathroom/132_bat.jpg,NaN,NaN,NaN,NaN,NaN,NaN,NaN,NaN,0,299,299,415,2496.762516333,NaN,NaN,NaN,NaN,NaN,NaN,NaN,,NaN,,2497.046516792,2497.212599125,2497.212599125,2497.212599125,2497.212599125,2497.212599125,2497.212599125,2497.212599125,2497.212599125,2497.212599125,2501.428314458,-7,7,5,6,4.26961187500001,6,3.06757091700001,2496.743928875,2496.762516333,NaN,2497.046493417,NaN,NaN,NaN,NaN,,NaN,,2496.740493,2496.743882625,None,NaN,NaN,,NaN,NaN,NaN,NaN,NaN,NaN,NaN,9,bathroom,2,2024-03-22_12h26.00.837,image_similarity_rating,2023.2.3,None,2024-03-22 12h27.07.079342 +0100
,104,129,119,119,stimuli/own/bathroom/104_bat.jpg,stimuli/own/bathroom/129_bat.jpg,NaN,NaN,NaN,NaN,NaN,NaN,NaN,NaN,0,300,300,118,2501.433750625,NaN,NaN,NaN,NaN,NaN,NaN,NaN,,NaN,,2501.717724708,2501.88763025,2501.88763025,2501.88763025,2501.88763025,2501.88763025,2501.88763025,2501.88763025,2501.88763025,2501.88763025,2508.677852292,7,-7,5,4,6.88838183300004,5,4.58052866699973,2501.431988125,2501.433750625,2501.88763025,2501.717709833,NaN,NaN,NaN,NaN,,NaN,,2501.428530125,2501.431942542,None,NaN,NaN,,NaN,NaN,NaN,NaN,NaN,NaN,NaN,9,bathroom,2,2024-03-22_12h26.00.837,image_similarity_rating,2023.2.3,None,2024-03-22 12h27.07.079342 +0100
,129,141,540,540,stimuli/own/bathroom/129_bat.jpg,stimuli/own/bathroom/141_bat.jpg,NaN,NaN,NaN,NaN,NaN,NaN,NaN,NaN,0,301,301,539,2508.68340075,NaN,NaN,NaN,NaN,NaN,NaN,NaN,,NaN,,2508.967613208,2509.136506167,2509.136506167,2509.136506167,2509.136506167,2509.136506167,2509.136506167,2509.136506167,2509.136506167,2509.136506167,2529.152235042,7,-7,5,4,20.1031787920001,3,19.494174083,2508.681635708,2508.68340075,2509.136506167,2508.967593667,NaN,NaN,NaN,NaN,,NaN,,2508.678068375,2508.68158975,None,NaN,NaN,,NaN,NaN,NaN,NaN,NaN,NaN,NaN,9,bathroom,2,2024-03-22_12h26.00.837,image_similarity_rating,2023.2.3,None,2024-03-22 12h27.07.079342 +0100
,124,136,485,485,stimuli/own/bathroom/124_bat.jpg,stimuli/own/bathroom/136_bat.jpg,NaN,NaN,NaN,NaN,NaN,NaN,NaN,NaN,0,302,302,484,2529.162153042,NaN,NaN,NaN,NaN,NaN,NaN,NaN,,NaN,,2529.446767042,2529.611152625,2529.611152625,2529.611152625,2529.611152625,2529.611152625,2529.611152625,2529.611152625,2529.611152625,2529.611152625,2533.856438833,-7,7,5,5,3.61789945800001,5,4.20793145800008,2529.155888458,2529.162153042,2529.611152625,2529.446754375,NaN,NaN,NaN,NaN,,NaN,,2529.152452208,2529.1558425,None,NaN,NaN,,NaN,NaN,NaN,NaN,NaN,NaN,NaN,9,bathroom,2,2024-03-22_12h26.00.837,image_similarity_rating,2023.2.3,None,2024-03-22 12h27.07.079342 +0100
,101,104,3,3,stimuli/own/bathroom/101_bat.jpg,stimuli/own/bathroom/104_bat.jpg,NaN,NaN,NaN,NaN,NaN,NaN,NaN,NaN,0,303,303,2,2533.862138917,NaN,NaN,NaN,NaN,NaN,NaN,NaN,,NaN,,2534.14657625,2534.310432083,2534.310432083,2534.310432083,2534.310432083,2534.310432083,2534.310432083,2534.310432083,2534.310432083,2534.310432083,2538.660820167,-7,7,5,5,4.30759949999992,4,3.45759579200012,2533.860083458,2533.862138917,2534.310432083,2534.14656475,NaN,NaN,NaN,NaN,,NaN,,2533.856657708,2533.860037542,None,NaN,NaN,,NaN,NaN,NaN,NaN,NaN,NaN,NaN,9,bathroom,2,2024-03-22_12h26.00.837,image_similarity_rating,2023.2.3,None,2024-03-22 12h27.07.079342 +0100
,117,139,362,362,stimuli/own/bathroom/117_bat.jpg,stimuli/own/bathroom/139_bat.jpg,NaN,NaN,NaN,NaN,NaN,NaN,NaN,NaN,0,304,304,361,2538.666517333,NaN,NaN,NaN,NaN,NaN,NaN,NaN,,NaN,,2538.951135125,2539.115908958,2539.115908958,2539.115908958,2539.115908958,2539.115908958,2539.115908958,2539.115908958,2539.115908958,2539.115908958,2549.36891375,7,-7,5,5,6.71195779100026,4,9.72869104200026,2538.664529333,2538.666517333,2539.115908958,2538.951122667,NaN,NaN,NaN,NaN,,NaN,,2538.661064417,2538.664483042,None,NaN,NaN,,NaN,NaN,NaN,NaN,NaN,NaN,NaN,9,bathroom,2,2024-03-22_12h26.00.837,image_similarity_rating,2023.2.3,None,2024-03-22 12h27.07.079342 +0100
,109,113,192,192,stimuli/own/bathroom/109_bat.jpg,stimuli/own/bathroom/113_bat.jpg,NaN,NaN,NaN,NaN,NaN,NaN,NaN,NaN,0,305,305,191,2549.378525625,NaN,NaN,NaN,NaN,NaN,NaN,NaN,,NaN,,2549.663218292,2549.829383417,2549.829383417,2549.829383417,2549.829383417,2549.829383417,2549.829383417,2549.829383417,2549.829383417,2549.829383417,2556.381201708,-7,7,5,3,6.54964775000008,3,2.97715245900008,2549.372897542,2549.378525625,2549.829383417,2549.6632035,NaN,NaN,NaN,NaN,,NaN,,2549.369134875,2549.372849042,None,NaN,NaN,,NaN,NaN,NaN,NaN,NaN,NaN,NaN,9,bathroom,2,2024-03-22_12h26.00.837,image_similarity_rating,2023.2.3,None,2024-03-22 12h27.07.079342 +0100
,101,136,29,29,stimuli/own/bathroom/101_bat.jpg,stimuli/own/bathroom/136_bat.jpg,NaN,NaN,NaN,NaN,NaN,NaN,NaN,NaN,0,306,306,28,2556.386891292,NaN,NaN,NaN,NaN,NaN,NaN,NaN,,NaN,,2556.67991075,2556.851159708,2556.851159708,2556.851159708,2556.851159708,2556.851159708,2556.851159708,2556.851159708,2556.851159708,2556.851159708,2561.516116333,-7,7,5,5,4.06098679199977,6,4.69113675000017,2556.384933583,2556.386891292,2556.851159708,2556.679892292,NaN,NaN,NaN,NaN,,NaN,,2556.381417333,2556.384888125,None,NaN,NaN,,NaN,NaN,NaN,NaN,NaN,NaN,NaN,9,bathroom,2,2024-03-22_12h26.00.837,image_similarity_rating,2023.2.3,None,2024-03-22 12h27.07.079342 +0100
,104,117,108,108,stimuli/own/bathroom/104_bat.jpg,stimuli/own/bathroom/117_bat.jpg,NaN,NaN,NaN,NaN,NaN,NaN,NaN,NaN,0,307,307,107,2561.528437333,NaN,NaN,NaN,NaN,NaN,NaN,NaN,,NaN,,2561.813065292,2561.980119625,2561.980119625,2561.980119625,2561.980119625,2561.980119625,2561.980119625,2561.980119625,2561.980119625,2561.980119625,2566.43130175,7,-7,5,5,4.49871795900026,4,3.07471929199983,2561.51974425,2561.528437333,2561.980119625,2561.813051375,NaN,NaN,NaN,NaN,,NaN,,2561.5163315,2561.519697875,None,NaN,NaN,,NaN,NaN,NaN,NaN,NaN,NaN,NaN,9,bathroom,2,2024-03-22_12h26.00.837,image_similarity_rating,2023.2.3,None,2024-03-22 12h27.07.079342 +0100
,117,138,361,361,stimuli/own/bathroom/117_bat.jpg,stimuli/own/bathroom/138_bat.jpg,NaN,NaN,NaN,NaN,NaN,NaN,NaN,NaN,0,308,308,360,2566.43697275,NaN,NaN,NaN,NaN,NaN,NaN,NaN,,NaN,,2566.73053375,2566.896226542,2566.896226542,2566.896226542,2566.896226542,2566.896226542,2566.896226542,2566.896226542,2566.896226542,2566.896226542,2576.4350455,7,-7,5,6,7.47869970800002,5,9.53999187499994,2566.435032167,2566.43697275,2566.896226542,2566.7305205,NaN,NaN,NaN,NaN,,NaN,,2566.431520083,2566.434986333,None,NaN,NaN,,NaN,NaN,NaN,NaN,NaN,NaN,NaN,9,bathroom,2,2024-03-22_12h26.00.837,image_similarity_rating,2023.2.3,None,2024-03-22 12h27.07.079342 +0100
,104,119,110,110,stimuli/own/bathroom/104_bat.jpg,stimuli/own/bathroom/119_bat.jpg,NaN,NaN,NaN,NaN,NaN,NaN,NaN,NaN,0,309,309,109,2576.445096292,NaN,NaN,NaN,NaN,NaN,NaN,NaN,,NaN,,2576.72983075,2576.901338708,2576.901338708,2576.901338708,2576.901338708,2576.901338708,2576.901338708,2576.901338708,2576.901338708,2576.901338708,2581.677149167,-7,7,5,4,4.88888962500005,3,3.97188179199975,2576.438802333,2576.445096292,2576.901338708,2576.729814042,NaN,NaN,NaN,NaN,,NaN,,2576.435262542,2576.438756333,None,NaN,NaN,,NaN,NaN,NaN,NaN,NaN,NaN,NaN,9,bathroom,2,2024-03-22_12h26.00.837,image_similarity_rating,2023.2.3,None,2024-03-22 12h27.07.079342 +0100
,111,134,237,237,stimuli/own/bathroom/111_bat.jpg,stimuli/own/bathroom/134_bat.jpg,NaN,NaN,NaN,NaN,NaN,NaN,NaN,NaN,0,310,310,236,2581.682793042,NaN,NaN,NaN,NaN,NaN,NaN,NaN,,NaN,,2581.967069542,2582.131868333,2582.131868333,2582.131868333,2582.131868333,2582.131868333,2582.131868333,2582.131868333,2582.131868333,2582.131868333,2584.961221458,7,-7,5,6,2.12939879099986,6,2.55879466599981,2581.680849375,2581.682793042,2582.131868333,2581.9670575,NaN,NaN,NaN,NaN,,NaN,,2581.67736375,2581.680803208,None,NaN,NaN,,NaN,NaN,NaN,NaN,NaN,NaN,NaN,9,bathroom,2,2024-03-22_12h26.00.837,image_similarity_rating,2023.2.3,None,2024-03-22 12h27.07.079342 +0100
,127,132,521,521,stimuli/own/bathroom/127_bat.jpg,stimuli/own/bathroom/132_bat.jpg,NaN,NaN,NaN,NaN,NaN,NaN,NaN,NaN,0,311,311,520,2584.9672955,NaN,NaN,NaN,NaN,NaN,NaN,NaN,,NaN,,2585.263173208,2585.430593458,2585.430593458,2585.430593458,2585.430593458,2585.430593458,2585.430593458,2585.430593458,2585.430593458,2585.430593458,2592.84075325,7,-7,5,4,6.20747716699998,6,7.21232566700019,2584.965039875,2584.9672955,2585.430593458,2585.263156958,NaN,NaN,NaN,NaN,,NaN,,2584.961443083,2584.964993917,None,NaN,NaN,,NaN,NaN,NaN,NaN,NaN,NaN,NaN,9,bathroom,2,2024-03-22_12h26.00.837,image_similarity_rating,2023.2.3,None,2024-03-22 12h27.07.079342 +0100
,104,125,116,116,stimuli/own/bathroom/104_bat.jpg,stimuli/own/bathroom/125_bat.jpg,NaN,NaN,NaN,NaN,NaN,NaN,NaN,NaN,0,312,312,115,2592.846688125,NaN,NaN,NaN,NaN,NaN,NaN,NaN,,NaN,,2593.129736333,2593.295247667,2593.295247667,2593.295247667,2593.295247667,2593.295247667,2593.295247667,2593.295247667,2593.295247667,2593.295247667,2599.95689175,7,-7,5,4,6.63270683400015,3,5.39793925000004,2592.844437458,2592.846688125,2593.295247667,2593.129722042,NaN,NaN,NaN,NaN,,NaN,,2592.84097275,2592.844391,None,NaN,NaN,,NaN,NaN,NaN,NaN,NaN,NaN,NaN,9,bathroom,2,2024-03-22_12h26.00.837,image_similarity_rating,2023.2.3,None,2024-03-22 12h27.07.079342 +0100
,121,123,426,426,stimuli/own/bathroom/121_bat.jpg,stimuli/own/bathroom/123_bat.jpg,NaN,NaN,NaN,NaN,NaN,NaN,NaN,NaN,0,313,313,425,2599.963005958,NaN,NaN,NaN,NaN,NaN,NaN,NaN,,NaN,,2600.247170083,2600.412291667,2600.412291667,2600.412291667,2600.412291667,2600.412291667,2600.412291667,2600.412291667,2600.412291667,2600.412291667,2609.894027417,7,-7,5,4,9.4662506249997,6,6.21248804199968,2599.960544708,2599.963005958,2600.412291667,2600.247156917,NaN,NaN,NaN,NaN,,NaN,,2599.957108417,2599.960499125,None,NaN,NaN,,NaN,NaN,NaN,NaN,NaN,NaN,NaN,9,bathroom,2,2024-03-22_12h26.00.837,image_similarity_rating,2023.2.3,None,2024-03-22 12h27.07.079342 +0100
,105,117,138,596,stimuli/own/bathroom/105_bat.jpg,stimuli/own/bathroom/117_bat.jpg,NaN,NaN,NaN,NaN,NaN,NaN,NaN,NaN,0,314,314,595,2609.899763833,NaN,NaN,NaN,NaN,NaN,NaN,NaN,,NaN,,2610.1839995,2610.351058292,2610.351058292,2610.351058292,2610.351058292,2610.351058292,2610.351058292,2610.351058292,2610.351058292,2610.351058292,2615.782264958,-7,7,5,3,5.52626908399998,4,4.08277999999973,2609.897822917,2609.899763833,2610.351058292,2610.183982333,NaN,NaN,NaN,NaN,,NaN,,2609.894253333,2609.897776917,None,NaN,NaN,,NaN,NaN,NaN,NaN,NaN,NaN,NaN,9,bathroom,2,2024-03-22_12h26.00.837,image_similarity_rating,2023.2.3,None,2024-03-22 12h27.07.079342 +0100
,101,141,34,34,stimuli/own/bathroom/101_bat.jpg,stimuli/own/bathroom/141_bat.jpg,NaN,NaN,NaN,NaN,NaN,NaN,NaN,NaN,0,315,315,33,2615.7949505,NaN,NaN,NaN,NaN,NaN,NaN,NaN,,NaN,,2617.984668375,2618.155724667,2618.155724667,2618.155724667,2618.155724667,2618.155724667,2618.155724667,2618.155724667,2618.155724667,2618.155724667,2636.985181292,7,-7,6,3,16.3373052090001,2,18.6832103750003,2617.696811333,2617.700443083,2618.155724667,2617.984653167,NaN,NaN,NaN,NaN,,NaN,,2615.782500375,2617.696374625,space,2615.7949505,1.9011976249999,None,NaN,NaN,NaN,NaN,NaN,NaN,NaN,9,bathroom,2,2024-03-22_12h26.00.837,image_similarity_rating,2023.2.3,None,2024-03-22 12h27.07.079342 +0100
,109,117,195,195,stimuli/own/bathroom/109_bat.jpg,stimuli/own/bathroom/117_bat.jpg,NaN,NaN,NaN,NaN,NaN,NaN,NaN,NaN,0,316,316,194,2636.994920917,NaN,NaN,NaN,NaN,NaN,NaN,NaN,,NaN,,2637.27929225,2637.446294417,2637.446294417,2637.446294417,2637.446294417,2637.446294417,2637.446294417,2637.446294417,2637.446294417,2637.446294417,2644.069153458,7,-7,6,3,6.34782420800002,3,4.80559099999982,2636.989357292,2636.994920917,2637.446294417,2637.2792785,NaN,NaN,NaN,NaN,,NaN,,2636.985399542,2636.989310292,None,NaN,NaN,,NaN,NaN,NaN,NaN,NaN,NaN,NaN,9,bathroom,2,2024-03-22_12h26.00.837,image_similarity_rating,2023.2.3,None,2024-03-22 12h27.07.079342 +0100
,109,135,211,211,stimuli/own/bathroom/109_bat.jpg,stimuli/own/bathroom/135_bat.jpg,NaN,NaN,NaN,NaN,NaN,NaN,NaN,NaN,0,317,317,210,2644.078441958,NaN,NaN,NaN,NaN,NaN,NaN,NaN,,NaN,,2644.362912333,2644.527712958,2644.527712958,2644.527712958,2644.527712958,2644.527712958,2644.527712958,2644.527712958,2644.527712958,2644.527712958,2651.485726792,7,-7,6,2,6.904711959,3,5.69814658299993,2644.072940625,2644.078441958,2644.527712958,2644.362899042,NaN,NaN,NaN,NaN,,NaN,,2644.069372417,2644.072894042,None,NaN,NaN,,NaN,NaN,NaN,NaN,NaN,NaN,NaN,9,bathroom,2,2024-03-22_12h26.00.837,image_similarity_rating,2023.2.3,None,2024-03-22 12h27.07.079342 +0100
,118,131,376,376,stimuli/own/bathroom/118_bat.jpg,stimuli/own/bathroom/131_bat.jpg,NaN,NaN,NaN,NaN,NaN,NaN,NaN,NaN,0,318,318,375,2651.494777292,NaN,NaN,NaN,NaN,NaN,NaN,NaN,,NaN,,2651.780067458,2651.944450458,2651.944450458,2651.944450458,2651.944450458,2651.944450458,2651.944450458,2651.944450458,2651.944450458,2651.944450458,2661.160496792,-7,7,6,4,8.77727729200024,5,4.29022200000009,2651.489377833,2651.494777292,2651.944450458,2651.780053125,NaN,NaN,NaN,NaN,,NaN,,2651.485946792,2651.489331958,None,NaN,NaN,,NaN,NaN,NaN,NaN,NaN,NaN,NaN,9,bathroom,2,2024-03-22_12h26.00.837,image_similarity_rating,2023.2.3,None,2024-03-22 12h27.07.079342 +0100
,116,139,340,340,stimuli/own/bathroom/116_bat.jpg,stimuli/own/bathroom/139_bat.jpg,NaN,NaN,NaN,NaN,NaN,NaN,NaN,NaN,0,319,319,339,2661.166098875,NaN,NaN,NaN,NaN,NaN,NaN,NaN,,NaN,,2661.450471667,2661.618197708,2661.618197708,2661.618197708,2661.618197708,2661.618197708,2661.618197708,2661.618197708,2661.618197708,2661.618197708,2672.651693375,-7,7,6,4,4.27561487499997,4,10.8361705829998,2661.164185208,2661.166098875,2661.618197708,2661.450458583,NaN,NaN,NaN,NaN,,NaN,,2661.16073275,2661.164138583,None,NaN,NaN,,NaN,NaN,NaN,NaN,NaN,NaN,NaN,9,bathroom,2,2024-03-22_12h26.00.837,image_similarity_rating,2023.2.3,None,2024-03-22 12h27.07.079342 +0100
,104,132,122,122,stimuli/own/bathroom/104_bat.jpg,stimuli/own/bathroom/132_bat.jpg,NaN,NaN,NaN,NaN,NaN,NaN,NaN,NaN,0,320,320,121,2672.661454708,NaN,NaN,NaN,NaN,NaN,NaN,NaN,,NaN,,2672.946053917,2673.115710917,2673.115710917,2673.115710917,2673.115710917,2673.115710917,2673.115710917,2673.115710917,2673.115710917,2673.115710917,2692.930528083,-7,7,6,4,17.802664583,5,16.8793533329999,2672.6553475,2672.661454708,2673.115710917,2672.946032833,NaN,NaN,NaN,NaN,,NaN,,2672.651913458,2672.655302,None,NaN,NaN,,NaN,NaN,NaN,NaN,NaN,NaN,NaN,9,bathroom,2,2024-03-22_12h26.00.837,image_similarity_rating,2023.2.3,None,2024-03-22 12h27.07.079342 +0100
,101,139,32,32,stimuli/own/bathroom/101_bat.jpg,stimuli/own/bathroom/139_bat.jpg,NaN,NaN,NaN,NaN,NaN,NaN,NaN,NaN,0,321,321,31,2692.936112792,NaN,NaN,NaN,NaN,NaN,NaN,NaN,,NaN,,2693.22929525,2693.393964458,2693.393964458,2693.393964458,2693.393964458,2693.393964458,2693.393964458,2693.393964458,2693.393964458,2693.393964458,2704.601445458,-7,7,6,4,11.2290762499997,4,9.07628525000018,2692.934180917,2692.936112792,2693.393964458,2693.22928175,NaN,NaN,NaN,NaN,,NaN,,2692.930747583,2692.934134833,None,NaN,NaN,,NaN,NaN,NaN,NaN,NaN,NaN,NaN,9,bathroom,2,2024-03-22_12h26.00.837,image_similarity_rating,2023.2.3,None,2024-03-22 12h27.07.079342 +0100
,119,124,390,390,stimuli/own/bathroom/119_bat.jpg,stimuli/own/bathroom/124_bat.jpg,NaN,NaN,NaN,NaN,NaN,NaN,NaN,NaN,0,322,322,389,2704.611815208,NaN,NaN,NaN,NaN,NaN,NaN,NaN,,NaN,,2704.896531625,2705.06205825,2705.06205825,2705.06205825,2705.06205825,2705.06205825,2705.06205825,2705.06205825,2705.06205825,2705.06205825,2721.276955792,7,-7,6,4,15.5311032919999,3,13.808662375,2704.605221958,2704.611815208,2705.06205825,2704.896517667,NaN,NaN,NaN,NaN,,NaN,,2704.601663333,2704.60517575,None,NaN,NaN,,NaN,NaN,NaN,NaN,NaN,NaN,NaN,9,bathroom,2,2024-03-22_12h26.00.837,image_similarity_rating,2023.2.3,None,2024-03-22 12h27.07.079342 +0100
,113,136,290,290,stimuli/own/bathroom/113_bat.jpg,stimuli/own/bathroom/136_bat.jpg,NaN,NaN,NaN,NaN,NaN,NaN,NaN,NaN,0,323,323,289,2721.282589375,NaN,NaN,NaN,NaN,NaN,NaN,NaN,,NaN,,2721.566499667,2721.730662875,2721.730662875,2721.730662875,2721.730662875,2721.730662875,2721.730662875,2721.730662875,2721.730662875,2721.730662875,2726.681181208,-7,7,6,6,3.51926745900028,6,4.20230087500022,2721.280651042,2721.282589375,2721.730662875,2721.566487083,NaN,NaN,NaN,NaN,,NaN,,2721.277184167,2721.28060525,None,NaN,NaN,,NaN,NaN,NaN,NaN,NaN,NaN,NaN,9,bathroom,2,2024-03-22_12h26.00.837,image_similarity_rating,2023.2.3,None,2024-03-22 12h27.07.079342 +0100
,135,137,576,576,stimuli/own/bathroom/135_bat.jpg,stimuli/own/bathroom/137_bat.jpg,NaN,NaN,NaN,NaN,NaN,NaN,NaN,NaN,0,324,324,575,2726.686879583,NaN,NaN,NaN,NaN,NaN,NaN,NaN,,NaN,,2726.979218625,2727.145167458,2727.145167458,2727.145167458,2727.145167458,2727.145167458,2727.145167458,2727.145167458,2727.145167458,2727.145167458,2732.456024875,7,-7,6,2,4.84980258399992,1,3.25245474999974,2726.684935042,2726.686879583,2727.145167458,2726.979204833,NaN,NaN,NaN,NaN,,NaN,,2726.68140275,2726.684889625,None,NaN,NaN,,NaN,NaN,NaN,NaN,NaN,NaN,NaN,9,bathroom,2,2024-03-22_12h26.00.837,image_similarity_rating,2023.2.3,None,2024-03-22 12h27.07.079342 +0100
,114,117,297,297,stimuli/own/bathroom/114_bat.jpg,stimuli/own/bathroom/117_bat.jpg,NaN,NaN,NaN,NaN,NaN,NaN,NaN,NaN,0,325,325,296,2732.47816,NaN,NaN,NaN,NaN,NaN,NaN,NaN,,NaN,,2732.762127333,2732.927396542,2732.927396542,2732.927396542,2732.927396542,2732.927396542,2732.927396542,2732.927396542,2732.927396542,2732.927396542,2736.801452,-7,7,6,6,2.17013845800011,6,3.18785045799996,2732.459699833,2732.47816,NaN,2732.762101833,NaN,NaN,NaN,NaN,,NaN,,2732.456248375,2732.459654208,None,NaN,NaN,,NaN,NaN,NaN,NaN,NaN,NaN,NaN,9,bathroom,2,2024-03-22_12h26.00.837,image_similarity_rating,2023.2.3,None,2024-03-22 12h27.07.079342 +0100
,118,132,377,377,stimuli/own/bathroom/118_bat.jpg,stimuli/own/bathroom/132_bat.jpg,NaN,NaN,NaN,NaN,NaN,NaN,NaN,NaN,0,326,326,376,2736.811218708,NaN,NaN,NaN,NaN,NaN,NaN,NaN,,NaN,,2737.095892875,2737.262797042,2737.262797042,2737.262797042,2737.262797042,2737.262797042,2737.262797042,2737.262797042,2737.262797042,2737.262797042,2754.880347375,-7,7,6,4,15.5281769170001,1,3.54356825000013,2736.805101875,2736.811218708,2737.262797042,2737.095878458,NaN,NaN,NaN,NaN,,NaN,,2736.801674,2736.805056625,None,NaN,NaN,,NaN,NaN,NaN,NaN,NaN,NaN,NaN,9,bathroom,2,2024-03-22_12h26.00.837,image_similarity_rating,2023.2.3,None,2024-03-22 12h27.07.079342 +0100
,113,121,277,277,stimuli/own/bathroom/113_bat.jpg,stimuli/own/bathroom/121_bat.jpg,NaN,NaN,NaN,NaN,NaN,NaN,NaN,NaN,0,327,327,276,2754.886056833,NaN,NaN,NaN,NaN,NaN,NaN,NaN,,NaN,,2755.17905825,2755.34485575,2755.34485575,2755.34485575,2755.34485575,2755.34485575,2755.34485575,2755.34485575,2755.34485575,2755.34485575,2766.617490667,-7,7,6,3,8.49468758300009,1,5.21079341699988,2754.884133875,2754.886056833,2755.34485575,2755.179043333,NaN,NaN,NaN,NaN,,NaN,,2754.880566625,2754.8840875,None,NaN,NaN,,NaN,NaN,NaN,NaN,NaN,NaN,NaN,9,bathroom,2,2024-03-22_12h26.00.837,image_similarity_rating,2023.2.3,None,2024-03-22 12h27.07.079342 +0100
,111,140,243,243,stimuli/own/bathroom/111_bat.jpg,stimuli/own/bathroom/140_bat.jpg,NaN,NaN,NaN,NaN,NaN,NaN,NaN,NaN,0,328,328,242,2766.627694208,NaN,NaN,NaN,NaN,NaN,NaN,NaN,,NaN,,2766.912283125,2767.078351917,2767.078351917,2767.078351917,2767.078351917,2767.078351917,2767.078351917,2767.078351917,2767.078351917,2767.078351917,2773.143312833,7,-7,6,5,3.47513462500001,6,5.46603249999998,2766.621149958,2766.627694208,2767.078351917,2766.912268167,NaN,NaN,NaN,NaN,,NaN,,2766.617712083,2766.621103958,None,NaN,NaN,,NaN,NaN,NaN,NaN,NaN,NaN,NaN,9,bathroom,2,2024-03-22_12h26.00.837,image_similarity_rating,2023.2.3,None,2024-03-22 12h27.07.079342 +0100
,139,140,593,593,stimuli/own/bathroom/139_bat.jpg,stimuli/own/bathroom/140_bat.jpg,NaN,NaN,NaN,NaN,NaN,NaN,NaN,NaN,0,329,329,592,2773.148955125,NaN,NaN,NaN,NaN,NaN,NaN,NaN,,NaN,,2773.433547917,2773.599389833,2773.599389833,2773.599389833,2773.599389833,2773.599389833,2773.599389833,2773.599389833,2773.599389833,2773.599389833,2784.31429625,-7,7,6,3,9.9999229580003,3,8.25406075000001,2773.147010583,2773.148955125,2773.599389833,2773.433533958,NaN,NaN,NaN,NaN,,NaN,,2773.143559,2773.146964125,None,NaN,NaN,,NaN,NaN,NaN,NaN,NaN,NaN,NaN,9,bathroom,2,2024-03-22_12h26.00.837,image_similarity_rating,2023.2.3,None,2024-03-22 12h27.07.079342 +0100
,123,138,472,472,stimuli/own/bathroom/123_bat.jpg,stimuli/own/bathroom/138_bat.jpg,NaN,NaN,NaN,NaN,NaN,NaN,NaN,NaN,0,330,330,471,2784.319687458,NaN,NaN,NaN,NaN,NaN,NaN,NaN,,NaN,,2784.612248167,2784.777457417,2784.777457417,2784.777457417,2784.777457417,2784.777457417,2784.777457417,2784.777457417,2784.777457417,2784.777457417,2789.476467542,-7,7,6,6,3.25634725000009,6,3.93106537499989,2784.317947458,2784.319687458,2784.777457417,2784.612233333,NaN,NaN,NaN,NaN,,NaN,,2784.314518667,2784.317901417,None,NaN,NaN,,NaN,NaN,NaN,NaN,NaN,NaN,NaN,9,bathroom,2,2024-03-22_12h26.00.837,image_similarity_rating,2023.2.3,None,2024-03-22 12h27.07.079342 +0100
,127,136,524,524,stimuli/own/bathroom/127_bat.jpg,stimuli/own/bathroom/136_bat.jpg,NaN,NaN,NaN,NaN,NaN,NaN,NaN,NaN,0,331,331,523,2789.48211475,NaN,NaN,NaN,NaN,NaN,NaN,NaN,,NaN,,2789.766256542,2789.929735125,2789.929735125,2789.929735125,2789.929735125,2789.929735125,2789.929735125,2789.929735125,2789.929735125,2789.929735125,2793.18416175,7,-7,6,6,2.6513060000002,6,1.94555337500015,2789.480173625,2789.48211475,2789.929735125,2789.766243708,NaN,NaN,NaN,NaN,,NaN,,2789.476705792,2789.480127458,None,NaN,NaN,,NaN,NaN,NaN,NaN,NaN,NaN,NaN,9,bathroom,2,2024-03-22_12h26.00.837,image_similarity_rating,2023.2.3,None,2024-03-22 12h27.07.079342 +0100
,125,130,494,494,stimuli/own/bathroom/125_bat.jpg,stimuli/own/bathroom/130_bat.jpg,NaN,NaN,NaN,NaN,NaN,NaN,NaN,NaN,0,332,332,493,2793.194169833,NaN,NaN,NaN,NaN,NaN,NaN,NaN,,NaN,,2793.479012917,2793.647265833,2793.647265833,2793.647265833,2793.647265833,2793.647265833,2793.647265833,2793.647265833,2793.647265833,2793.647265833,2805.705492542,7,-7,6,6,6.52649350000002,4,11.45907575,2793.187803542,2793.194169833,2793.647265833,2793.478995958,NaN,NaN,NaN,NaN,,NaN,,2793.184381,2793.187757542,None,NaN,NaN,,NaN,NaN,NaN,NaN,NaN,NaN,NaN,9,bathroom,2,2024-03-22_12h26.00.837,image_similarity_rating,2023.2.3,None,2024-03-22 12h27.07.079342 +0100
,116,131,333,333,stimuli/own/bathroom/116_bat.jpg,stimuli/own/bathroom/131_bat.jpg,NaN,NaN,NaN,NaN,NaN,NaN,NaN,NaN,0,333,333,332,2805.727807833,NaN,NaN,NaN,NaN,NaN,NaN,NaN,,NaN,,2806.011794042,2806.182398458,2806.182398458,2806.182398458,2806.182398458,2806.182398458,2806.182398458,2806.182398458,2806.182398458,2806.182398458,2817.113326292,7,-7,6,2,9.08111241699999,3,10.3572282079999,2805.709136458,2805.727807833,NaN,2806.011774625,NaN,NaN,NaN,NaN,,NaN,,2805.705712083,2805.709090417,None,NaN,NaN,,NaN,NaN,NaN,NaN,NaN,NaN,NaN,9,bathroom,2,2024-03-22_12h26.00.837,image_similarity_rating,2023.2.3,None,2024-03-22 12h27.07.079342 +0100
,106,120,170,170,stimuli/own/bathroom/106_bat.jpg,stimuli/own/bathroom/120_bat.jpg,NaN,NaN,NaN,NaN,NaN,NaN,NaN,NaN,0,334,334,169,2817.119010917,NaN,NaN,NaN,NaN,NaN,NaN,NaN,,NaN,,2817.412142125,2817.578125167,2817.578125167,2817.578125167,2817.578125167,2817.578125167,2817.578125167,2817.578125167,2817.578125167,2817.578125167,2822.89672075,7,-7,6,2,4.842355666,1,3.09448745899999,2817.117095917,2817.119010917,2817.578125167,2817.412126875,NaN,NaN,NaN,NaN,,NaN,,2817.113544792,2817.117049958,None,NaN,NaN,,NaN,NaN,NaN,NaN,NaN,NaN,NaN,9,bathroom,2,2024-03-22_12h26.00.837,image_similarity_rating,2023.2.3,None,2024-03-22 12h27.07.079342 +0100
,106,118,168,168,stimuli/own/bathroom/106_bat.jpg,stimuli/own/bathroom/118_bat.jpg,NaN,NaN,NaN,NaN,NaN,NaN,NaN,NaN,0,335,335,167,2822.902572375,NaN,NaN,NaN,NaN,NaN,NaN,NaN,,NaN,,2823.195733,2823.3595845,2823.3595845,2823.3595845,2823.3595845,2823.3595845,2823.3595845,2823.3595845,2823.3595845,2823.3595845,2829.84304975,7,-7,6,3,5.80431545800002,6,2.82333870800039,2822.900471708,2822.902572375,2823.3595845,2823.195718333,NaN,NaN,NaN,NaN,,NaN,,2822.896941042,2822.9004255,None,NaN,NaN,,NaN,NaN,NaN,NaN,NaN,NaN,NaN,9,bathroom,2,2024-03-22_12h26.00.837,image_similarity_rating,2023.2.3,None,2024-03-22 12h27.07.079342 +0100
,102,139,65,605,stimuli/own/bathroom/102_bat.jpg,stimuli/own/bathroom/139_bat.jpg,NaN,NaN,NaN,NaN,NaN,NaN,NaN,NaN,0,336,336,604,2829.848858958,NaN,NaN,NaN,NaN,NaN,NaN,NaN,,NaN,,2830.133098583,2830.304209125,2830.304209125,2830.304209125,2830.304209125,2830.304209125,2830.304209125,2830.304209125,2830.304209125,2830.304209125,2837.209691917,7,-7,6,4,6.37486545800039,6,4.59858650000024,2829.846779083,2829.848858958,2830.304209125,2830.133080458,NaN,NaN,NaN,NaN,,NaN,,2829.843295708,2829.846732375,None,NaN,NaN,,NaN,NaN,NaN,NaN,NaN,NaN,NaN,9,bathroom,2,2024-03-22_12h26.00.837,image_similarity_rating,2023.2.3,None,2024-03-22 12h27.07.079342 +0100
,129,139,538,538,stimuli/own/bathroom/129_bat.jpg,stimuli/own/bathroom/139_bat.jpg,NaN,NaN,NaN,NaN,NaN,NaN,NaN,NaN,0,337,337,537,2837.215518417,NaN,NaN,NaN,NaN,NaN,NaN,NaN,,NaN,,2837.499519458,2837.664235708,2837.664235708,2837.664235708,2837.664235708,2837.664235708,2837.664235708,2837.664235708,2837.664235708,2837.664235708,2844.610120792,7,-7,6,4,4.51605145799977,5,3.84191391600007,2837.213415667,2837.215518417,2837.664235708,2837.499506792,NaN,NaN,NaN,NaN,,NaN,,2837.209940458,2837.213368667,None,NaN,NaN,,NaN,NaN,NaN,NaN,NaN,NaN,NaN,9,bathroom,2,2024-03-22_12h26.00.837,image_similarity_rating,2023.2.3,None,2024-03-22 12h27.07.079342 +0100
,109,122,200,200,stimuli/own/bathroom/109_bat.jpg,stimuli/own/bathroom/122_bat.jpg,NaN,NaN,NaN,NaN,NaN,NaN,NaN,NaN,0,338,338,199,2844.615772875,NaN,NaN,NaN,NaN,NaN,NaN,NaN,,NaN,,2844.899037833,2845.062252625,2845.062252625,2845.062252625,2845.062252625,2845.062252625,2845.062252625,2845.062252625,2845.062252625,2845.062252625,2854.600883458,7,-7,6,3,9.05926883300026,3,3.5629256670004,2844.61385075,2844.615772875,2845.062252625,2844.899027708,NaN,NaN,NaN,NaN,,NaN,,2844.610343708,2844.613804333,None,NaN,NaN,,NaN,NaN,NaN,NaN,NaN,NaN,NaN,9,bathroom,2,2024-03-22_12h26.00.837,image_similarity_rating,2023.2.3,None,2024-03-22 12h27.07.079342 +0100
,106,123,173,173,stimuli/own/bathroom/106_bat.jpg,stimuli/own/bathroom/123_bat.jpg,NaN,NaN,NaN,NaN,NaN,NaN,NaN,NaN,0,339,339,172,2854.610987708,NaN,NaN,NaN,NaN,NaN,NaN,NaN,,NaN,,2854.895542542,2855.0642605,2855.0642605,2855.0642605,2855.0642605,2855.0642605,2855.0642605,2855.0642605,2855.0642605,2855.0642605,2868.359647875,7,-7,6,3,12.7013911250001,2,11.6197229999998,2854.604793708,2854.610987708,2855.0642605,2854.89552675,NaN,NaN,NaN,NaN,,NaN,,2854.6011115,2854.60474425,None,NaN,NaN,,NaN,NaN,NaN,NaN,NaN,NaN,NaN,9,bathroom,2,2024-03-22_12h26.00.837,image_similarity_rating,2023.2.3,None,2024-03-22 12h27.07.079342 +0100
,117,126,351,351,stimuli/own/bathroom/117_bat.jpg,stimuli/own/bathroom/126_bat.jpg,NaN,NaN,NaN,NaN,NaN,NaN,NaN,NaN,0,340,340,350,2868.365474333,NaN,NaN,NaN,NaN,NaN,NaN,NaN,,NaN,,2868.649783625,2868.816429917,2868.816429917,2868.816429917,2868.816429917,2868.816429917,2868.816429917,2868.816429917,2868.816429917,2868.816429917,2875.863178458,-7,7,6,5,4.61230920800017,6,6.48486108399993,2868.363362708,2868.365474333,2868.816429917,2868.649769875,NaN,NaN,NaN,NaN,,NaN,,2868.359890958,2868.363316167,None,NaN,NaN,,NaN,NaN,NaN,NaN,NaN,NaN,NaN,9,bathroom,2,2024-03-22_12h26.00.837,image_similarity_rating,2023.2.3,None,2024-03-22 12h27.07.079342 +0100
,101,129,23,23,stimuli/own/bathroom/101_bat.jpg,stimuli/own/bathroom/129_bat.jpg,NaN,NaN,NaN,NaN,NaN,NaN,NaN,NaN,0,341,341,22,2875.868750583,NaN,NaN,NaN,NaN,NaN,NaN,NaN,,NaN,,2876.162004917,2876.333510625,2876.333510625,2876.333510625,2876.333510625,2876.333510625,2876.333510625,2876.333510625,2876.333510625,2876.333510625,2884.783987708,7,-7,6,4,4.95077399999991,5,7.70077008399994,2875.866830125,2875.868750583,2876.333510625,2876.161987875,NaN,NaN,NaN,NaN,,NaN,,2875.863395333,2875.866783875,None,NaN,NaN,,NaN,NaN,NaN,NaN,NaN,NaN,NaN,9,bathroom,2,2024-03-22_12h26.00.837,image_similarity_rating,2023.2.3,None,2024-03-22 12h27.07.079342 +0100
,109,132,209,209,stimuli/own/bathroom/109_bat.jpg,stimuli/own/bathroom/132_bat.jpg,NaN,NaN,NaN,NaN,NaN,NaN,NaN,NaN,0,342,342,208,2884.794024875,NaN,NaN,NaN,NaN,NaN,NaN,NaN,,NaN,,2885.07875625,2885.246989583,2885.246989583,2885.246989583,2885.246989583,2885.246989583,2885.246989583,2885.246989583,2885.246989583,2885.246989583,2898.034143458,7,-7,6,4,11.739455209,4,9.39154945799964,2884.7876495,2884.794024875,2885.246989583,2885.078739333,NaN,NaN,NaN,NaN,,NaN,,2884.784210208,2884.7876035,None,NaN,NaN,,NaN,NaN,NaN,NaN,NaN,NaN,NaN,9,bathroom,2,2024-03-22_12h26.00.837,image_similarity_rating,2023.2.3,None,2024-03-22 12h27.07.079342 +0100
,105,116,137,137,stimuli/own/bathroom/105_bat.jpg,stimuli/own/bathroom/116_bat.jpg,NaN,NaN,NaN,NaN,NaN,NaN,NaN,NaN,0,343,343,136,2898.043986542,NaN,NaN,NaN,NaN,NaN,NaN,NaN,,NaN,,2898.328625708,2898.498407708,2898.498407708,2898.498407708,2898.498407708,2898.498407708,2898.498407708,2898.498407708,2898.498407708,2898.498407708,2903.250518208,-7,7,6,4,4.66501587499988,5,2.72123537500011,2898.037806583,2898.043986542,2898.498407708,2898.328609667,NaN,NaN,NaN,NaN,,NaN,,2898.034366,2898.037760542,None,NaN,NaN,,NaN,NaN,NaN,NaN,NaN,NaN,NaN,9,bathroom,2,2024-03-22_12h26.00.837,image_similarity_rating,2023.2.3,None,2024-03-22 12h27.07.079342 +0100
,117,135,358,358,stimuli/own/bathroom/117_bat.jpg,stimuli/own/bathroom/135_bat.jpg,NaN,NaN,NaN,NaN,NaN,NaN,NaN,NaN,0,344,344,357,2903.26058375,NaN,NaN,NaN,NaN,NaN,NaN,NaN,,NaN,,2903.545084292,2903.710571333,2903.710571333,2903.710571333,2903.710571333,2903.710571333,2903.710571333,2903.710571333,2903.710571333,2903.710571333,2907.704997708,7,-7,6,5,3.38879274999999,5,3.90921658300022,2903.254271375,2903.26058375,2903.710571333,2903.545062708,NaN,NaN,NaN,NaN,,NaN,,2903.250737375,2903.254224875,None,NaN,NaN,,NaN,NaN,NaN,NaN,NaN,NaN,NaN,9,bathroom,2,2024-03-22_12h26.00.837,image_similarity_rating,2023.2.3,None,2024-03-22 12h27.07.079342 +0100
,112,119,250,250,stimuli/own/bathroom/112_bat.jpg,stimuli/own/bathroom/119_bat.jpg,NaN,NaN,NaN,NaN,NaN,NaN,NaN,NaN,0,345,345,249,2907.710451167,NaN,NaN,NaN,NaN,NaN,NaN,NaN,,NaN,,2907.995326167,2908.159595,2908.159595,2908.159595,2908.159595,2908.159595,2908.159595,2908.159595,2908.159595,2908.159595,2913.329628167,-7,7,6,5,5.19335174999969,1,3.9067813329998,2907.70863575,2907.710451167,2908.159595,2907.995312458,NaN,NaN,NaN,NaN,,NaN,,2907.705212958,2907.708590042,None,NaN,NaN,,NaN,NaN,NaN,NaN,NaN,NaN,NaN,9,bathroom,2,2024-03-22_12h26.00.837,image_similarity_rating,2023.2.3,None,2024-03-22 12h27.07.079342 +0100
,118,134,378,378,stimuli/own/bathroom/118_bat.jpg,stimuli/own/bathroom/134_bat.jpg,NaN,NaN,NaN,NaN,NaN,NaN,NaN,NaN,0,346,346,377,2913.335311875,NaN,NaN,NaN,NaN,NaN,NaN,NaN,,NaN,,2913.62912375,2913.793546458,2913.793546458,2913.793546458,2913.793546458,2913.793546458,2913.793546458,2913.793546458,2913.793546458,2913.793546458,2919.917551958,-7,7,6,4,6.19746633300019,1,4.62051166699985,2913.333377292,2913.335311875,2913.793546458,2913.62910925,NaN,NaN,NaN,NaN,,NaN,,2913.329844917,2913.33333175,None,NaN,NaN,,NaN,NaN,NaN,NaN,NaN,NaN,NaN,9,bathroom,2,2024-03-22_12h26.00.837,image_similarity_rating,2023.2.3,None,2024-03-22 12h27.07.079342 +0100
,127,134,522,522,stimuli/own/bathroom/127_bat.jpg,stimuli/own/bathroom/134_bat.jpg,NaN,NaN,NaN,NaN,NaN,NaN,NaN,NaN,0,347,347,521,2919.927348042,NaN,NaN,NaN,NaN,NaN,NaN,NaN,,NaN,,2920.211890542,2920.378176125,2920.378176125,2920.378176125,2920.378176125,2920.378176125,2920.378176125,2920.378176125,2920.378176125,2920.378176125,2923.214603833,-7,7,6,6,2.21208791700019,6,2.77124008300007,2919.921219,2919.927348042,2920.378176125,2920.211874875,NaN,NaN,NaN,NaN,,NaN,,2919.91777,2919.92117325,None,NaN,NaN,,NaN,NaN,NaN,NaN,NaN,NaN,NaN,9,bathroom,2,2024-03-22_12h26.00.837,image_similarity_rating,2023.2.3,None,2024-03-22 12h27.07.079342 +0100
,102,123,51,51,stimuli/own/bathroom/102_bat.jpg,stimuli/own/bathroom/123_bat.jpg,NaN,NaN,NaN,NaN,NaN,NaN,NaN,NaN,0,348,348,50,2923.227224625,NaN,NaN,NaN,NaN,NaN,NaN,NaN,,NaN,,2923.5116985,2923.6763455,2923.6763455,2923.6763455,2923.6763455,2923.6763455,2923.6763455,2923.6763455,2923.6763455,2923.6763455,2927.871567083,-7,7,6,6,4.14277870900014,4,3.14861379199965,2923.218465833,2923.227224625,2923.6763455,2923.511684833,NaN,NaN,NaN,NaN,,NaN,,2923.214847333,2923.218417292,None,NaN,NaN,,NaN,NaN,NaN,NaN,NaN,NaN,NaN,9,bathroom,2,2024-03-22_12h26.00.837,image_similarity_rating,2023.2.3,None,2024-03-22 12h27.07.079342 +0100
,104,137,126,126,stimuli/own/bathroom/104_bat.jpg,stimuli/own/bathroom/137_bat.jpg,NaN,NaN,NaN,NaN,NaN,NaN,NaN,NaN,0,349,349,125,2927.877047625,NaN,NaN,NaN,NaN,NaN,NaN,NaN,,NaN,,2928.162608125,2928.328529542,2928.328529542,2928.328529542,2928.328529542,2928.328529542,2928.328529542,2928.328529542,2928.328529542,2928.328529542,2933.729633292,7,-7,6,2,5.44924245799984,1,3.26338879199966,2927.87523625,2927.877047625,2928.328529542,2928.162595333,NaN,NaN,NaN,NaN,,NaN,,2927.871783708,2927.87519025,None,NaN,NaN,,NaN,NaN,NaN,NaN,NaN,NaN,NaN,9,bathroom,2,2024-03-22_12h26.00.837,image_similarity_rating,2023.2.3,None,2024-03-22 12h27.07.079342 +0100
,102,105,37,37,stimuli/own/bathroom/102_bat.jpg,stimuli/own/bathroom/105_bat.jpg,NaN,NaN,NaN,NaN,NaN,NaN,NaN,NaN,0,350,350,36,2933.735400375,NaN,NaN,NaN,NaN,NaN,NaN,NaN,,NaN,,2934.02914325,2934.19514725,2934.19514725,2934.19514725,2934.19514725,2934.19514725,2934.19514725,2934.19514725,2934.19514725,2934.19514725,2938.671892,-7,7,6,5,4.50898645799998,3,3.44379912500017,2933.733315917,2933.735400375,2934.19514725,2934.029129417,NaN,NaN,NaN,NaN,,NaN,,2933.729848458,2933.733269958,None,NaN,NaN,,NaN,NaN,NaN,NaN,NaN,NaN,NaN,9,bathroom,2,2024-03-22_12h26.00.837,image_similarity_rating,2023.2.3,None,2024-03-22 12h27.07.079342 +0100
,105,132,152,152,stimuli/own/bathroom/105_bat.jpg,stimuli/own/bathroom/132_bat.jpg,NaN,NaN,NaN,NaN,NaN,NaN,NaN,NaN,0,351,351,151,2938.694013042,NaN,NaN,NaN,NaN,NaN,NaN,NaN,,NaN,,2938.978250792,2939.142714208,2939.142714208,2939.142714208,2939.142714208,2939.142714208,2939.142714208,2939.142714208,2939.142714208,2939.142714208,2947.425966167,7,-7,6,4,8.40547154200021,2,6.55473479200009,2938.675547542,2938.694013042,NaN,2938.978234542,NaN,NaN,NaN,NaN,,NaN,,2938.672108792,2938.675500958,None,NaN,NaN,,NaN,NaN,NaN,NaN,NaN,NaN,NaN,9,bathroom,2,2024-03-22_12h26.00.837,image_similarity_rating,2023.2.3,None,2024-03-22 12h27.07.079342 +0100
,112,132,262,610,stimuli/own/bathroom/112_bat.jpg,stimuli/own/bathroom/132_bat.jpg,NaN,NaN,NaN,NaN,NaN,NaN,NaN,NaN,0,352,352,609,2947.431715208,NaN,NaN,NaN,NaN,NaN,NaN,NaN,,NaN,,2947.716251583,2947.880049833,2947.880049833,2947.880049833,2947.880049833,2947.880049833,2947.880049833,2947.880049833,2947.880049833,2947.880049833,2960.762856333,7,-7,6,4,12.2579195409999,3,12.8319469580001,2947.429787083,2947.431715208,2947.880049833,2947.716239125,NaN,NaN,NaN,NaN,,NaN,,2947.426209083,2947.429740542,None,NaN,NaN,,NaN,NaN,NaN,NaN,NaN,NaN,NaN,9,bathroom,2,2024-03-22_12h26.00.837,image_similarity_rating,2023.2.3,None,2024-03-22 12h27.07.079342 +0100
,124,139,488,488,stimuli/own/bathroom/124_bat.jpg,stimuli/own/bathroom/139_bat.jpg,NaN,NaN,NaN,NaN,NaN,NaN,NaN,NaN,0,353,353,487,2960.76864925,NaN,NaN,NaN,NaN,NaN,NaN,NaN,,NaN,,2961.062417458,2961.228877542,2961.228877542,2961.228877542,2961.228877542,2961.228877542,2961.228877542,2961.228877542,2961.228877542,2961.228877542,2991.238045958,-7,7,6,5,29.9951087909999,6,28.6714887090002,2960.766636667,2960.76864925,2961.228877542,2961.062398625,NaN,NaN,NaN,NaN,,NaN,,2960.763073333,2960.766590417,None,NaN,NaN,,NaN,NaN,NaN,NaN,NaN,NaN,NaN,9,bathroom,2,2024-03-22_12h26.00.837,image_similarity_rating,2023.2.3,None,2024-03-22 12h27.07.079342 +0100
,135,136,575,575,stimuli/own/bathroom/135_bat.jpg,stimuli/own/bathroom/136_bat.jpg,NaN,NaN,NaN,NaN,NaN,NaN,NaN,NaN,0,354,354,574,2991.243618542,NaN,NaN,NaN,NaN,NaN,NaN,NaN,,NaN,,2991.528854375,2991.693418083,2991.693418083,2991.693418083,2991.693418083,2991.693418083,2991.693418083,2991.693418083,2991.693418083,2991.693418083,2997.471341875,-7,7,6,5,5.1141807920003,6,5.69150220900019,2991.241805917,2991.243618542,2991.693418083,2991.528841333,NaN,NaN,NaN,NaN,,NaN,,2991.2382665,2991.241759708,None,NaN,NaN,,NaN,NaN,NaN,NaN,NaN,NaN,NaN,9,bathroom,2,2024-03-22_12h26.00.837,image_similarity_rating,2023.2.3,None,2024-03-22 12h27.07.079342 +0100
,126,131,508,508,stimuli/own/bathroom/126_bat.jpg,stimuli/own/bathroom/131_bat.jpg,NaN,NaN,NaN,NaN,NaN,NaN,NaN,NaN,0,355,355,507,2997.477122375,NaN,NaN,NaN,NaN,NaN,NaN,NaN,,NaN,,2997.761444167,2997.926030667,2997.926030667,2997.926030667,2997.926030667,2997.926030667,2997.926030667,2997.926030667,2997.926030667,2997.926030667,3008.121223625,7,-7,6,3,10.1110175419999,5,8.77920845800008,2997.47498675,2997.477122375,2997.926030667,2997.761431125,NaN,NaN,NaN,NaN,,NaN,,2997.471560042,2997.474939792,None,NaN,NaN,,NaN,NaN,NaN,NaN,NaN,NaN,NaN,9,bathroom,2,2024-03-22_12h26.00.837,image_similarity_rating,2023.2.3,None,2024-03-22 12h27.07.079342 +0100
,113,130,285,285,stimuli/own/bathroom/113_bat.jpg,stimuli/own/bathroom/130_bat.jpg,NaN,NaN,NaN,NaN,NaN,NaN,NaN,NaN,0,356,356,284,3008.126824708,NaN,NaN,NaN,NaN,NaN,NaN,NaN,,NaN,,3008.412141458,3008.57647425,3008.57647425,3008.57647425,3008.57647425,3008.57647425,3008.57647425,3008.57647425,3008.57647425,3008.57647425,3015.15547175,7,-7,6,5,5.81408916699957,7,6.54829145900021,3008.12496875,3008.126824708,3008.57647425,3008.412128292,NaN,NaN,NaN,NaN,,NaN,,3008.121441375,3008.1249225,None,NaN,NaN,,NaN,NaN,NaN,NaN,NaN,NaN,NaN,9,bathroom,2,2024-03-22_12h26.00.837,image_similarity_rating,2023.2.3,None,2024-03-22 12h27.07.079342 +0100
,102,106,38,38,stimuli/own/bathroom/102_bat.jpg,stimuli/own/bathroom/106_bat.jpg,NaN,NaN,NaN,NaN,NaN,NaN,NaN,NaN,0,357,357,37,3015.161899708,NaN,NaN,NaN,NaN,NaN,NaN,NaN,,NaN,,3015.444822167,3015.610055333,3015.610055333,3015.610055333,3015.610055333,3015.610055333,3015.610055333,3015.610055333,3015.610055333,3015.610055333,3021.28455075,-7,7,6,3,5.75761712500025,1,2.38083066700028,3015.159123625,3015.161899708,3015.610055333,3015.444808875,NaN,NaN,NaN,NaN,,NaN,,3015.155690833,3015.159077542,None,NaN,NaN,,NaN,NaN,NaN,NaN,NaN,NaN,NaN,9,bathroom,2,2024-03-22_12h26.00.837,image_similarity_rating,2023.2.3,None,2024-03-22 12h27.07.079342 +0100
,111,137,240,240,stimuli/own/bathroom/111_bat.jpg,stimuli/own/bathroom/137_bat.jpg,NaN,NaN,NaN,NaN,NaN,NaN,NaN,NaN,0,358,358,239,3021.293549417,NaN,NaN,NaN,NaN,NaN,NaN,NaN,,NaN,,3021.578202542,3021.745821958,3021.745821958,3021.745821958,3021.745821958,3021.745821958,3021.745821958,3021.745821958,3021.745821958,3021.745821958,3027.871132583,7,-7,6,3,6.06375562500034,1,2.62025850000009,3021.288191083,3021.293549417,3021.745821958,3021.578186875,NaN,NaN,NaN,NaN,,NaN,,3021.284766417,3021.288144667,None,NaN,NaN,,NaN,NaN,NaN,NaN,NaN,NaN,NaN,9,bathroom,2,2024-03-22_12h26.00.837,image_similarity_rating,2023.2.3,None,2024-03-22 12h27.07.079342 +0100
,119,141,405,405,stimuli/own/bathroom/119_bat.jpg,stimuli/own/bathroom/141_bat.jpg,NaN,NaN,NaN,NaN,NaN,NaN,NaN,NaN,0,359,359,404,3027.876535333,NaN,NaN,NaN,NaN,NaN,NaN,NaN,,NaN,,3028.16245125,3028.328377667,3028.328377667,3028.328377667,3028.328377667,3028.328377667,3028.328377667,3028.328377667,3028.328377667,3028.328377667,3034.750473625,-7,7,6,6,6.46852991700007,6,4.84509595899999,3027.874774583,3027.876535333,3028.328377667,3028.162421292,NaN,NaN,NaN,NaN,,NaN,,3027.871350042,3027.874728583,None,NaN,NaN,,NaN,NaN,NaN,NaN,NaN,NaN,NaN,9,bathroom,2,2024-03-22_12h26.00.837,image_similarity_rating,2023.2.3,None,2024-03-22 12h27.07.079342 +0100
,103,131,90,90,stimuli/own/bathroom/103_bat.jpg,stimuli/own/bathroom/131_bat.jpg,NaN,NaN,NaN,NaN,NaN,NaN,NaN,NaN,0,360,360,89,3034.760334208,NaN,NaN,NaN,NaN,NaN,NaN,NaN,,NaN,,3035.045467583,3035.2119055,3035.2119055,3035.2119055,3035.2119055,3035.2119055,3035.2119055,3035.2119055,3035.2119055,3035.2119055,3042.351377042,7,-7,6,4,7.09750450000001,3,6.26827420799964,3034.754121333,3034.760334208,3035.2119055,3035.045453083,NaN,NaN,NaN,NaN,,NaN,,3034.750701542,3034.754075792,None,NaN,NaN,,NaN,NaN,NaN,NaN,NaN,NaN,NaN,9,bathroom,2,2024-03-22_12h26.00.837,image_similarity_rating,2023.2.3,None,2024-03-22 12h27.07.079342 +0100
,105,137,156,156,stimuli/own/bathroom/105_bat.jpg,stimuli/own/bathroom/137_bat.jpg,NaN,NaN,NaN,NaN,NaN,NaN,NaN,NaN,0,361,361,155,3042.360105,NaN,NaN,NaN,NaN,NaN,NaN,NaN,,NaN,,3042.644684958,3042.809832,3042.809832,3042.809832,3042.809832,3042.809832,3042.809832,3042.809832,3042.809832,3042.809832,3049.071633458,-7,7,6,4,6.33221745900028,6,3.12057383299998,3042.355015292,3042.360105,3042.809832,3042.644661917,NaN,NaN,NaN,NaN,,NaN,,3042.351595583,3042.354970083,None,NaN,NaN,,NaN,NaN,NaN,NaN,NaN,NaN,NaN,9,bathroom,2,2024-03-22_12h26.00.837,image_similarity_rating,2023.2.3,None,2024-03-22 12h27.07.079342 +0100
,119,132,397,397,stimuli/own/bathroom/119_bat.jpg,stimuli/own/bathroom/132_bat.jpg,NaN,NaN,NaN,NaN,NaN,NaN,NaN,NaN,0,362,362,396,3049.09372675,NaN,NaN,NaN,NaN,NaN,NaN,NaN,,NaN,,3049.377499333,3049.549100333,3049.549100333,3049.549100333,3049.549100333,3049.549100333,3049.549100333,3049.549100333,3049.549100333,3049.549100333,3072.496435667,7,-7,6,4,20.4370825000001,1,22.8853708329998,3049.075292292,3049.09372675,NaN,3049.377463167,NaN,NaN,NaN,NaN,,NaN,,3049.071857958,3049.075246333,None,NaN,NaN,,NaN,NaN,NaN,NaN,NaN,NaN,NaN,9,bathroom,2,2024-03-22_12h26.00.837,image_similarity_rating,2023.2.3,None,2024-03-22 12h27.07.079342 +0100
,105,121,142,142,stimuli/own/bathroom/105_bat.jpg,stimuli/own/bathroom/121_bat.jpg,NaN,NaN,NaN,NaN,NaN,NaN,NaN,NaN,0,363,363,141,3072.50211525,NaN,NaN,NaN,NaN,NaN,NaN,NaN,,NaN,,3072.794873667,3072.962127958,3072.962127958,3072.962127958,3072.962127958,3072.962127958,3072.962127958,3072.962127958,3072.962127958,3072.962127958,3077.758729792,7,-7,6,5,4.75854970800037,5,2.67967799999997,3072.500188125,3072.50211525,3072.962127958,3072.794857083,NaN,NaN,NaN,NaN,,NaN,,3072.496653667,3072.50014225,None,NaN,NaN,,NaN,NaN,NaN,NaN,NaN,NaN,NaN,9,bathroom,2,2024-03-22_12h26.00.837,image_similarity_rating,2023.2.3,None,2024-03-22 12h27.07.079342 +0100
,114,116,296,296,stimuli/own/bathroom/114_bat.jpg,stimuli/own/bathroom/116_bat.jpg,NaN,NaN,NaN,NaN,NaN,NaN,NaN,NaN,0,364,364,295,3077.764345333,NaN,NaN,NaN,NaN,NaN,NaN,NaN,,NaN,,3078.048450917,3078.212477875,3078.212477875,3078.212477875,3078.212477875,3078.212477875,3078.212477875,3078.212477875,3078.212477875,3078.212477875,3084.479839542,-7,7,6,4,5.9134614579998,1,4.42011312500017,3077.762569167,3077.764345333,3078.212477875,3078.048438208,NaN,NaN,NaN,NaN,,NaN,,3077.758954375,3077.762522708,None,NaN,NaN,,NaN,NaN,NaN,NaN,NaN,NaN,NaN,9,bathroom,2,2024-03-22_12h26.00.837,image_similarity_rating,2023.2.3,None,2024-03-22 12h27.07.079342 +0100
,118,129,374,374,stimuli/own/bathroom/118_bat.jpg,stimuli/own/bathroom/129_bat.jpg,NaN,NaN,NaN,NaN,NaN,NaN,NaN,NaN,0,365,365,373,3084.48544475,NaN,NaN,NaN,NaN,NaN,NaN,NaN,,NaN,,3084.778082917,3084.941043708,3084.941043708,3084.941043708,3084.941043708,3084.941043708,3084.941043708,3084.941043708,3084.941043708,3084.941043708,3090.208838375,7,-7,6,4,5.21549441700017,1,2.61457362500005,3084.483598917,3084.48544475,3084.941043708,3084.77807,NaN,NaN,NaN,NaN,,NaN,,3084.48006075,3084.483553292,None,NaN,NaN,,NaN,NaN,NaN,NaN,NaN,NaN,NaN,9,bathroom,2,2024-03-22_12h26.00.837,image_similarity_rating,2023.2.3,None,2024-03-22 12h27.07.079342 +0100
,126,132,509,509,stimuli/own/bathroom/126_bat.jpg,stimuli/own/bathroom/132_bat.jpg,NaN,NaN,NaN,NaN,NaN,NaN,NaN,NaN,0,366,366,508,3090.214476625,NaN,NaN,NaN,NaN,NaN,NaN,NaN,,NaN,,3090.498961083,3090.670341958,3090.670341958,3090.670341958,3090.670341958,3090.670341958,3090.670341958,3090.670341958,3090.670341958,3090.670341958,3098.754531125,-7,7,6,5,8.10998566699982,5,7.57447520799997,3090.212531792,3090.214476625,3090.670341958,3090.498946417,NaN,NaN,NaN,NaN,,NaN,,3090.209075875,3090.21248475,None,NaN,NaN,,NaN,NaN,NaN,NaN,NaN,NaN,NaN,9,bathroom,2,2024-03-22_12h26.00.837,image_similarity_rating,2023.2.3,None,2024-03-22 12h27.07.079342 +0100
,105,112,134,134,stimuli/own/bathroom/105_bat.jpg,stimuli/own/bathroom/112_bat.jpg,NaN,NaN,NaN,NaN,NaN,NaN,NaN,NaN,0,367,367,133,3098.776819958,NaN,NaN,NaN,NaN,NaN,NaN,NaN,,NaN,,3099.060797708,3099.229830917,3099.229830917,3099.229830917,3099.229830917,3099.229830917,3099.229830917,3099.229830917,3099.229830917,3099.229830917,3111.578911833,7,-7,6,4,12.3737596669998,1,2.91173291599989,3098.758171958,3098.776819958,NaN,3099.060777625,NaN,NaN,NaN,NaN,,NaN,,3098.75474875,3098.758125875,None,NaN,NaN,,NaN,NaN,NaN,NaN,NaN,NaN,NaN,9,bathroom,2,2024-03-22_12h26.00.837,image_similarity_rating,2023.2.3,None,2024-03-22 12h27.07.079342 +0100
,113,135,289,289,stimuli/own/bathroom/113_bat.jpg,stimuli/own/bathroom/135_bat.jpg,NaN,NaN,NaN,NaN,NaN,NaN,NaN,NaN,0,368,368,288,3111.584314083,NaN,NaN,NaN,NaN,NaN,NaN,NaN,,NaN,,3111.878766958,3112.043969167,3112.043969167,3112.043969167,3112.043969167,3112.043969167,3112.043969167,3112.043969167,3112.043969167,3112.043969167,3114.346381208,-7,7,6,4,1.68007029099999,4,2.21187962499971,3111.582549542,3111.584314083,3112.043969167,3111.878754042,NaN,NaN,NaN,NaN,,NaN,,3111.579129375,3111.58250275,None,NaN,NaN,,NaN,NaN,NaN,NaN,NaN,NaN,NaN,9,bathroom,2,2024-03-22_12h26.00.837,image_similarity_rating,2023.2.3,None,2024-03-22 12h27.07.079342 +0100
,116,135,336,336,stimuli/own/bathroom/116_bat.jpg,stimuli/own/bathroom/135_bat.jpg,NaN,NaN,NaN,NaN,NaN,NaN,NaN,NaN,0,369,369,335,3114.359813417,NaN,NaN,NaN,NaN,NaN,NaN,NaN,,NaN,,3114.644517458,3114.810486917,3114.810486917,3114.810486917,3114.810486917,3114.810486917,3114.810486917,3114.810486917,3114.810486917,3114.810486917,3121.120926208,-7,7,6,4,2.39192116699996,4,6.07557854100014,3114.350128042,3114.359813417,3114.810486917,3114.644503125,NaN,NaN,NaN,NaN,,NaN,,3114.346622458,3114.350081333,None,NaN,NaN,,NaN,NaN,NaN,NaN,NaN,NaN,NaN,9,bathroom,2,2024-03-22_12h26.00.837,image_similarity_rating,2023.2.3,None,2024-03-22 12h27.07.079342 +0100
,106,119,169,169,stimuli/own/bathroom/106_bat.jpg,stimuli/own/bathroom/119_bat.jpg,NaN,NaN,NaN,NaN,NaN,NaN,NaN,NaN,0,370,370,168,3121.126402208,NaN,NaN,NaN,NaN,NaN,NaN,NaN,,NaN,,3121.411202792,3121.579666125,3121.579666125,3121.579666125,3121.579666125,3121.579666125,3121.579666125,3121.579666125,3121.579666125,3121.579666125,3128.96240125,7,-7,6,5,7.21987112499983,6,5.08898162500009,3121.12457775,3121.126402208,3121.579666125,3121.41118625,NaN,NaN,NaN,NaN,,NaN,,3121.1211465,3121.124531792,None,NaN,NaN,,NaN,NaN,NaN,NaN,NaN,NaN,NaN,9,bathroom,2,2024-03-22_12h26.00.837,image_similarity_rating,2023.2.3,None,2024-03-22 12h27.07.079342 +0100
,125,131,495,495,stimuli/own/bathroom/125_bat.jpg,stimuli/own/bathroom/131_bat.jpg,NaN,NaN,NaN,NaN,NaN,NaN,NaN,NaN,0,371,371,494,3128.968138,NaN,NaN,NaN,NaN,NaN,NaN,NaN,,NaN,,3129.261811333,3129.42668275,3129.42668275,3129.42668275,3129.42668275,3129.42668275,3129.42668275,3129.42668275,3129.42668275,3129.42668275,3135.425411583,7,-7,6,5,5.87036608300014,3,4.40699199999972,3128.966057708,3128.968138,3129.42668275,3129.261798792,NaN,NaN,NaN,NaN,,NaN,,3128.962619208,3128.966011375,None,NaN,NaN,,NaN,NaN,NaN,NaN,NaN,NaN,NaN,9,bathroom,2,2024-03-22_12h26.00.837,image_similarity_rating,2023.2.3,None,2024-03-22 12h27.07.079342 +0100
,125,139,502,502,stimuli/own/bathroom/125_bat.jpg,stimuli/own/bathroom/139_bat.jpg,NaN,NaN,NaN,NaN,NaN,NaN,NaN,NaN,0,372,372,501,3135.431193417,NaN,NaN,NaN,NaN,NaN,NaN,NaN,,NaN,,3135.714924583,3135.87724025,3135.87724025,3135.87724025,3135.87724025,3135.87724025,3135.87724025,3135.87724025,3135.87724025,3135.87724025,3141.401096583,-7,7,6,5,5.45585566699992,5,3.67739995800002,3135.429247917,3135.431193417,3135.87724025,3135.71491475,NaN,NaN,NaN,NaN,,NaN,,3135.425653042,3135.429201208,None,NaN,NaN,,NaN,NaN,NaN,NaN,NaN,NaN,NaN,9,bathroom,2,2024-03-22_12h26.00.837,image_similarity_rating,2023.2.3,None,2024-03-22 12h27.07.079342 +0100
,103,118,78,78,stimuli/own/bathroom/103_bat.jpg,stimuli/own/bathroom/118_bat.jpg,NaN,NaN,NaN,NaN,NaN,NaN,NaN,NaN,0,373,373,77,3141.40978475,NaN,NaN,NaN,NaN,NaN,NaN,NaN,,NaN,,3141.694460833,3141.85931175,3141.85931175,3141.85931175,3141.85931175,3141.85931175,3141.85931175,3141.85931175,3141.85931175,3141.85931175,3147.2665405,7,-7,6,4,5.36698141700026,2,3.80020804200012,3141.404845792,3141.40978475,3141.85931175,3141.694447833,NaN,NaN,NaN,NaN,,NaN,,3141.401313625,3141.404800208,None,NaN,NaN,,NaN,NaN,NaN,NaN,NaN,NaN,NaN,9,bathroom,2,2024-03-22_12h26.00.837,image_similarity_rating,2023.2.3,None,2024-03-22 12h27.07.079342 +0100
,109,137,213,213,stimuli/own/bathroom/109_bat.jpg,stimuli/own/bathroom/137_bat.jpg,NaN,NaN,NaN,NaN,NaN,NaN,NaN,NaN,0,374,374,212,3147.276506375,NaN,NaN,NaN,NaN,NaN,NaN,NaN,,NaN,,3147.561048208,3147.726629708,3147.726629708,3147.726629708,3147.726629708,3147.726629708,3147.726629708,3147.726629708,3147.726629708,3147.726629708,3152.858434917,-7,7,6,2,4.88604850000002,1,2.4982070420001,3147.270274333,3147.276506375,3147.726629708,3147.561032792,NaN,NaN,NaN,NaN,,NaN,,3147.26675825,3147.270228792,None,NaN,NaN,,NaN,NaN,NaN,NaN,NaN,NaN,NaN,9,bathroom,2,2024-03-22_12h26.00.837,image_similarity_rating,2023.2.3,None,2024-03-22 12h27.07.079342 +0100
,109,140,216,216,stimuli/own/bathroom/109_bat.jpg,stimuli/own/bathroom/140_bat.jpg,NaN,NaN,NaN,NaN,NaN,NaN,NaN,NaN,0,375,375,215,3152.863996458,NaN,NaN,NaN,NaN,NaN,NaN,NaN,,NaN,,3153.148337083,3153.313087875,3153.313087875,3153.313087875,3153.313087875,3153.313087875,3153.313087875,3153.313087875,3153.313087875,3153.313087875,3165.708643625,-7,7,6,4,8.90803229199992,4,12.3459187910003,3152.86222075,3152.863996458,3153.313087875,3153.148325125,NaN,NaN,NaN,NaN,,NaN,,3152.858657542,3152.862174458,None,NaN,NaN,,NaN,NaN,NaN,NaN,NaN,NaN,NaN,9,bathroom,2,2024-03-22_12h26.00.837,image_similarity_rating,2023.2.3,None,2024-03-22 12h27.07.079342 +0100
,132,136,562,562,stimuli/own/bathroom/132_bat.jpg,stimuli/own/bathroom/136_bat.jpg,NaN,NaN,NaN,NaN,NaN,NaN,NaN,NaN,0,376,376,561,3165.71412475,NaN,NaN,NaN,NaN,NaN,NaN,NaN,,NaN,,3165.998778375,3166.170072667,3166.170072667,3166.170072667,3166.170072667,3166.170072667,3166.170072667,3166.170072667,3166.170072667,3166.170072667,3169.212509375,7,-7,6,6,2.47178725000003,6,2.95622899999989,3165.712364708,3165.71412475,3166.170072667,3165.9987635,NaN,NaN,NaN,NaN,,NaN,,3165.7088785,3165.712315917,None,NaN,NaN,,NaN,NaN,NaN,NaN,NaN,NaN,NaN,9,bathroom,2,2024-03-22_12h26.00.837,image_similarity_rating,2023.2.3,None,2024-03-22 12h27.07.079342 +0100
,120,137,420,420,stimuli/own/bathroom/120_bat.jpg,stimuli/own/bathroom/137_bat.jpg,NaN,NaN,NaN,NaN,NaN,NaN,NaN,NaN,0,377,377,419,3169.218091917,NaN,NaN,NaN,NaN,NaN,NaN,NaN,,NaN,,3169.510987375,3169.682127333,3169.682127333,3169.682127333,3169.682127333,3169.682127333,3169.682127333,3169.682127333,3169.682127333,3169.682127333,3174.60899725,-7,7,6,3,3.75930237500006,1,2.65889079099998,3169.216148625,3169.218091917,3169.682127333,3169.510971042,NaN,NaN,NaN,NaN,,NaN,,3169.212725708,3169.216102583,None,NaN,NaN,,NaN,NaN,NaN,NaN,NaN,NaN,NaN,9,bathroom,2,2024-03-22_12h26.00.837,image_similarity_rating,2023.2.3,None,2024-03-22 12h27.07.079342 +0100
,113,132,287,287,stimuli/own/bathroom/113_bat.jpg,stimuli/own/bathroom/132_bat.jpg,NaN,NaN,NaN,NaN,NaN,NaN,NaN,NaN,0,378,378,286,3174.615020167,NaN,NaN,NaN,NaN,NaN,NaN,NaN,,NaN,,3177.127672208,3177.301056833,3177.301056833,3177.301056833,3177.301056833,3177.301056833,3177.301056833,3177.301056833,3177.301056833,3177.301056833,3195.175807708,-7,7,7,6,16.8552179160001,6,17.5896387090002,3176.830321333,3176.833803,3177.301056833,3177.12765325,NaN,NaN,NaN,NaN,,NaN,,3174.609216792,3176.829592167,space,3174.615020167,2.21433516699972,None,NaN,NaN,NaN,NaN,NaN,NaN,NaN,9,bathroom,2,2024-03-22_12h26.00.837,image_similarity_rating,2023.2.3,None,2024-03-22 12h27.07.079342 +0100
,105,135,154,154,stimuli/own/bathroom/105_bat.jpg,stimuli/own/bathroom/135_bat.jpg,NaN,NaN,NaN,NaN,NaN,NaN,NaN,NaN,0,379,379,153,3195.182115833,NaN,NaN,NaN,NaN,NaN,NaN,NaN,,NaN,,3195.465238,3195.63049125,3195.63049125,3195.63049125,3195.63049125,3195.63049125,3195.63049125,3195.63049125,3195.63049125,3195.63049125,3201.032948708,7,-7,7,3,5.32504520899965,2,2.77856237499964,3195.180106875,3195.182115833,3195.63049125,3195.465225125,NaN,NaN,NaN,NaN,,NaN,,3195.176029958,3195.180059708,None,NaN,NaN,,NaN,NaN,NaN,NaN,NaN,NaN,NaN,9,bathroom,2,2024-03-22_12h26.00.837,image_similarity_rating,2023.2.3,None,2024-03-22 12h27.07.079342 +0100
,106,132,181,181,stimuli/own/bathroom/106_bat.jpg,stimuli/own/bathroom/132_bat.jpg,NaN,NaN,NaN,NaN,NaN,NaN,NaN,NaN,0,380,380,180,3201.042969417,NaN,NaN,NaN,NaN,NaN,NaN,NaN,,NaN,,3201.3275155,3201.499820625,3201.499820625,3201.499820625,3201.499820625,3201.499820625,3201.499820625,3201.499820625,3201.499820625,3201.499820625,3206.505045208,-7,7,7,3,5.14505362499995,1,2.06417950000014,3201.0367035,3201.042969417,3201.499820625,3201.327499125,NaN,NaN,NaN,NaN,,NaN,,3201.033168083,3201.036657542,None,NaN,NaN,,NaN,NaN,NaN,NaN,NaN,NaN,NaN,9,bathroom,2,2024-03-22_12h26.00.837,image_similarity_rating,2023.2.3,None,2024-03-22 12h27.07.079342 +0100
,121,129,431,431,stimuli/own/bathroom/121_bat.jpg,stimuli/own/bathroom/129_bat.jpg,NaN,NaN,NaN,NaN,NaN,NaN,NaN,NaN,0,381,381,430,3206.511115917,NaN,NaN,NaN,NaN,NaN,NaN,NaN,,NaN,,3206.794307958,3206.963735333,3206.963735333,3206.963735333,3206.963735333,3206.963735333,3206.963735333,3206.963735333,3206.963735333,3206.963735333,3218.596690708,7,-7,7,3,11.5701812079997,1,8.05432629200004,3206.5088125,3206.511115917,3206.963735333,3206.794290083,NaN,NaN,NaN,NaN,,NaN,,3206.505262792,3206.508766167,None,NaN,NaN,,NaN,NaN,NaN,NaN,NaN,NaN,NaN,9,bathroom,2,2024-03-22_12h26.00.837,image_similarity_rating,2023.2.3,None,2024-03-22 12h27.07.079342 +0100
,119,125,391,391,stimuli/own/bathroom/119_bat.jpg,stimuli/own/bathroom/125_bat.jpg,NaN,NaN,NaN,NaN,NaN,NaN,NaN,NaN,0,382,382,390,3218.609416292,NaN,NaN,NaN,NaN,NaN,NaN,NaN,,NaN,,3218.894930958,3219.061908667,3219.061908667,3219.061908667,3219.061908667,3219.061908667,3219.061908667,3219.061908667,3219.061908667,3219.061908667,3225.183096458,7,-7,7,5,6.19372154200028,1,4.09499025000014,3218.600693708,3218.609416292,3219.061908667,3218.894915208,NaN,NaN,NaN,NaN,,NaN,,3218.596921833,3218.600644458,None,NaN,NaN,,NaN,NaN,NaN,NaN,NaN,NaN,NaN,9,bathroom,2,2024-03-22_12h26.00.837,image_similarity_rating,2023.2.3,None,2024-03-22 12h27.07.079342 +0100
,104,126,117,117,stimuli/own/bathroom/104_bat.jpg,stimuli/own/bathroom/126_bat.jpg,NaN,NaN,NaN,NaN,NaN,NaN,NaN,NaN,0,383,383,116,3225.192954458,NaN,NaN,NaN,NaN,NaN,NaN,NaN,,NaN,,3225.477545292,3225.64364375,3225.64364375,3225.64364375,3225.64364375,3225.64364375,3225.64364375,3225.64364375,3225.64364375,3225.64364375,3234.920871667,7,-7,7,4,9.36155179099978,2,6.919141459,3225.186756792,3225.192954458,3225.64364375,3225.477530833,NaN,NaN,NaN,NaN,,NaN,,3225.18332275,3225.186710583,None,NaN,NaN,,NaN,NaN,NaN,NaN,NaN,NaN,NaN,9,bathroom,2,2024-03-22_12h26.00.837,image_similarity_rating,2023.2.3,None,2024-03-22 12h27.07.079342 +0100
,101,105,4,4,stimuli/own/bathroom/101_bat.jpg,stimuli/own/bathroom/105_bat.jpg,NaN,NaN,NaN,NaN,NaN,NaN,NaN,NaN,0,384,384,3,3234.942770708,NaN,NaN,NaN,NaN,NaN,NaN,NaN,,NaN,,3235.226903875,3235.397434042,3235.397434042,3235.397434042,3235.397434042,3235.397434042,3235.397434042,3235.397434042,3235.397434042,3235.397434042,3240.2705915,-7,7,7,4,4.25261224999986,2,3.21870733300011,3234.924796792,3234.942770708,NaN,3235.226880125,NaN,NaN,NaN,NaN,,NaN,,3234.921087292,3234.924748,None,NaN,NaN,,NaN,NaN,NaN,NaN,NaN,NaN,NaN,9,bathroom,2,2024-03-22_12h26.00.837,image_similarity_rating,2023.2.3,None,2024-03-22 12h27.07.079342 +0100
,102,137,63,63,stimuli/own/bathroom/102_bat.jpg,stimuli/own/bathroom/137_bat.jpg,NaN,NaN,NaN,NaN,NaN,NaN,NaN,NaN,0,385,385,62,3240.292715917,NaN,NaN,NaN,NaN,NaN,NaN,NaN,,NaN,,3240.577209375,3240.743225,3240.743225,3240.743225,3240.743225,3240.743225,3240.743225,3240.743225,3240.743225,3240.743225,3248.161836375,-7,7,7,2,6.99096458300028,1,2.60583225000028,3240.274253292,3240.292715917,NaN,3240.577189917,NaN,NaN,NaN,NaN,,NaN,,3240.270813,3240.274207292,None,NaN,NaN,,NaN,NaN,NaN,NaN,NaN,NaN,NaN,9,bathroom,2,2024-03-22_12h26.00.837,image_similarity_rating,2023.2.3,None,2024-03-22 12h27.07.079342 +0100
,102,114,43,43,stimuli/own/bathroom/102_bat.jpg,stimuli/own/bathroom/114_bat.jpg,NaN,NaN,NaN,NaN,NaN,NaN,NaN,NaN,0,386,386,42,3248.167256083,NaN,NaN,NaN,NaN,NaN,NaN,NaN,,NaN,,3248.460888458,3248.626352625,3248.626352625,3248.626352625,3248.626352625,3248.626352625,3248.626352625,3248.626352625,3248.626352625,3248.626352625,3256.304213,-7,7,7,7,4.3334676669997,5,7.69245554200006,3248.165488458,3248.167256083,3248.626352625,3248.46087575,NaN,NaN,NaN,NaN,,NaN,,3248.162056958,3248.165442208,None,NaN,NaN,,NaN,NaN,NaN,NaN,NaN,NaN,NaN,9,bathroom,2,2024-03-22_12h26.00.837,image_similarity_rating,2023.2.3,None,2024-03-22 12h27.07.079342 +0100
,124,129,479,479,stimuli/own/bathroom/124_bat.jpg,stimuli/own/bathroom/129_bat.jpg,NaN,NaN,NaN,NaN,NaN,NaN,NaN,NaN,0,387,387,478,3256.326275458,NaN,NaN,NaN,NaN,NaN,NaN,NaN,,NaN,,3256.610308292,3256.775162333,3256.775162333,3256.775162333,3256.775162333,3256.775162333,3256.775162333,3256.775162333,3256.775162333,3256.775162333,3275.920831875,-7,7,7,5,19.2173804999998,5,15.7564420829999,3256.307862208,3256.326275458,NaN,3256.610289708,NaN,NaN,NaN,NaN,,NaN,,3256.304428542,3256.307816125,None,NaN,NaN,,NaN,NaN,NaN,NaN,NaN,NaN,NaN,9,bathroom,2,2024-03-22_12h26.00.837,image_similarity_rating,2023.2.3,None,2024-03-22 12h27.07.079342 +0100
,123,139,473,473,stimuli/own/bathroom/123_bat.jpg,stimuli/own/bathroom/139_bat.jpg,NaN,NaN,NaN,NaN,NaN,NaN,NaN,NaN,0,388,388,472,3275.942673708,NaN,NaN,NaN,NaN,NaN,NaN,NaN,,NaN,,3276.227013333,3276.392515458,3276.392515458,3276.392515458,3276.392515458,3276.392515458,3276.392515458,3276.392515458,3276.392515458,3276.392515458,3280.983930292,-7,7,7,4,4.52760812499992,4,3.73799854100025,3275.924608375,3275.942673708,NaN,3276.226995042,NaN,NaN,NaN,NaN,,NaN,,3275.921050375,3275.924561958,None,NaN,NaN,,NaN,NaN,NaN,NaN,NaN,NaN,NaN,9,bathroom,2,2024-03-22_12h26.00.837,image_similarity_rating,2023.2.3,None,2024-03-22 12h27.07.079342 +0100
,116,132,334,334,stimuli/own/bathroom/116_bat.jpg,stimuli/own/bathroom/132_bat.jpg,NaN,NaN,NaN,NaN,NaN,NaN,NaN,NaN,0,389,389,333,3280.992543292,NaN,NaN,NaN,NaN,NaN,NaN,NaN,,NaN,,3281.277347417,3281.444911667,3281.444911667,3281.444911667,3281.444911667,3281.444911667,3281.444911667,3281.444911667,3281.444911667,3281.444911667,3286.149353458,7,-7,7,5,4.77699137499985,1,3.47697408299973,3280.9875855,3280.992543292,3281.444911667,3281.277331042,NaN,NaN,NaN,NaN,,NaN,,3280.984155667,3280.98754025,None,NaN,NaN,,NaN,NaN,NaN,NaN,NaN,NaN,NaN,9,bathroom,2,2024-03-22_12h26.00.837,image_similarity_rating,2023.2.3,None,2024-03-22 12h27.07.079342 +0100
,125,132,496,496,stimuli/own/bathroom/125_bat.jpg,stimuli/own/bathroom/132_bat.jpg,NaN,NaN,NaN,NaN,NaN,NaN,NaN,NaN,0,390,390,495,3286.159338625,NaN,NaN,NaN,NaN,NaN,NaN,NaN,,NaN,,3286.4442645,3286.608828792,3286.608828792,3286.608828792,3286.608828792,3286.608828792,3286.608828792,3286.608828792,3286.608828792,3286.608828792,3292.52841775,7,-7,7,5,5.19326420800007,5,5.83299237500023,3286.153156375,3286.159338625,3286.608828792,3286.444250417,NaN,NaN,NaN,NaN,,NaN,,3286.149572417,3286.153110042,None,NaN,NaN,,NaN,NaN,NaN,NaN,NaN,NaN,NaN,9,bathroom,2,2024-03-22_12h26.00.837,image_similarity_rating,2023.2.3,None,2024-03-22 12h27.07.079342 +0100
,121,134,435,435,stimuli/own/bathroom/121_bat.jpg,stimuli/own/bathroom/134_bat.jpg,NaN,NaN,NaN,NaN,NaN,NaN,NaN,NaN,0,391,391,434,3292.534153542,NaN,NaN,NaN,NaN,NaN,NaN,NaN,,NaN,,3292.828335083,3292.993364458,3292.993364458,3292.993364458,3292.993364458,3292.993364458,3292.993364458,3292.993364458,3292.993364458,3292.993364458,3300.166415625,-7,7,7,6,5.25233295900034,5,6.92307395800026,3292.532069417,3292.534153542,3292.993364458,3292.828320125,NaN,NaN,NaN,NaN,,NaN,,3292.528635625,3292.53202375,None,NaN,NaN,,NaN,NaN,NaN,NaN,NaN,NaN,NaN,9,bathroom,2,2024-03-22_12h26.00.837,image_similarity_rating,2023.2.3,None,2024-03-22 12h27.07.079342 +0100
,101,121,16,16,stimuli/own/bathroom/101_bat.jpg,stimuli/own/bathroom/121_bat.jpg,NaN,NaN,NaN,NaN,NaN,NaN,NaN,NaN,0,392,392,15,3300.17608525,NaN,NaN,NaN,NaN,NaN,NaN,NaN,,NaN,,3300.460374833,3300.625090708,3300.625090708,3300.625090708,3300.625090708,3300.625090708,3300.625090708,3300.625090708,3300.625090708,3300.625090708,3306.603631708,7,-7,7,5,5.00576262499999,3,4.05652599999985,3300.170070042,3300.17608525,3300.625090708,3300.460361292,NaN,NaN,NaN,NaN,,NaN,,3300.166634083,3300.170024375,None,NaN,NaN,,NaN,NaN,NaN,NaN,NaN,NaN,NaN,9,bathroom,2,2024-03-22_12h26.00.837,image_similarity_rating,2023.2.3,None,2024-03-22 12h27.07.079342 +0100
,119,140,404,404,stimuli/own/bathroom/119_bat.jpg,stimuli/own/bathroom/140_bat.jpg,NaN,NaN,NaN,NaN,NaN,NaN,NaN,NaN,0,393,393,403,3306.609104125,NaN,NaN,NaN,NaN,NaN,NaN,NaN,,NaN,,3306.894243583,3307.064484042,3307.064484042,3307.064484042,3307.064484042,3307.064484042,3307.064484042,3307.064484042,3307.064484042,3307.064484042,3311.346019083,-7,7,7,4,4.40420316700011,1,2.60954312500007,3306.607298833,3306.609104125,3307.064484042,3306.894228167,NaN,NaN,NaN,NaN,,NaN,,3306.603852417,3306.607253042,None,NaN,NaN,,NaN,NaN,NaN,NaN,NaN,NaN,NaN,9,bathroom,2,2024-03-22_12h26.00.837,image_similarity_rating,2023.2.3,None,2024-03-22 12h27.07.079342 +0100
,136,139,583,603,stimuli/own/bathroom/136_bat.jpg,stimuli/own/bathroom/139_bat.jpg,NaN,NaN,NaN,NaN,NaN,NaN,NaN,NaN,0,394,394,602,3311.351487292,NaN,NaN,NaN,NaN,NaN,NaN,NaN,,NaN,,3311.64418125,3311.810269583,3311.810269583,3311.810269583,3311.810269583,3311.810269583,3311.810269583,3311.810269583,3311.810269583,3311.810269583,3323.438127083,-7,7,7,5,10.9364531249998,5,11.6212432910002,3311.349671667,3311.351487292,3311.810269583,3311.644168292,NaN,NaN,NaN,NaN,,NaN,,3311.346238125,3311.34962375,None,NaN,NaN,,NaN,NaN,NaN,NaN,NaN,NaN,NaN,9,bathroom,2,2024-03-22_12h26.00.837,image_similarity_rating,2023.2.3,None,2024-03-22 12h27.07.079342 +0100
,116,123,326,326,stimuli/own/bathroom/116_bat.jpg,stimuli/own/bathroom/123_bat.jpg,NaN,NaN,NaN,NaN,NaN,NaN,NaN,NaN,0,395,395,325,3323.444165958,NaN,NaN,NaN,NaN,NaN,NaN,NaN,,NaN,,3323.731104292,3323.895541208,3323.895541208,3323.895541208,3323.895541208,3323.895541208,3323.895541208,3323.895541208,3323.895541208,3323.895541208,3378.783321583,7,-7,7,4,54.6651474999999,2,53.4748718750002,3323.441837167,3323.444165958,3323.895541208,3323.731092167,NaN,NaN,NaN,NaN,,NaN,,3323.438344958,3323.441790958,None,NaN,NaN,,NaN,NaN,NaN,NaN,NaN,NaN,NaN,9,bathroom,2,2024-03-22_12h26.00.837,image_similarity_rating,2023.2.3,None,2024-03-22 12h27.07.079342 +0100
,113,138,292,292,stimuli/own/bathroom/113_bat.jpg,stimuli/own/bathroom/138_bat.jpg,NaN,NaN,NaN,NaN,NaN,NaN,NaN,NaN,0,396,396,291,3378.7922905,NaN,NaN,NaN,NaN,NaN,NaN,NaN,,NaN,,3379.07705275,3379.248427208,3379.248427208,3379.248427208,3379.248427208,3379.248427208,3379.248427208,3379.248427208,3379.248427208,3379.248427208,3391.420019125,-7,7,7,4,9.92211212499979,3,12.1726626669997,3378.787020042,3378.7922905,3379.248427208,3379.077036167,NaN,NaN,NaN,NaN,,NaN,,3378.783541583,3378.786974167,None,NaN,NaN,,NaN,NaN,NaN,NaN,NaN,NaN,NaN,9,bathroom,2,2024-03-22_12h26.00.837,image_similarity_rating,2023.2.3,None,2024-03-22 12h27.07.079342 +0100
,114,122,302,302,stimuli/own/bathroom/114_bat.jpg,stimuli/own/bathroom/122_bat.jpg,NaN,NaN,NaN,NaN,NaN,NaN,NaN,NaN,0,397,397,301,3391.425413042,NaN,NaN,NaN,NaN,NaN,NaN,NaN,,NaN,,3391.711452917,3391.878712167,3391.878712167,3391.878712167,3391.878712167,3391.878712167,3391.878712167,3391.878712167,3391.878712167,3391.878712167,3395.628015208,7,-7,7,7,2.80108737499995,7,3.55178525000019,3391.423667292,3391.425413042,3391.878712167,3391.711434292,NaN,NaN,NaN,NaN,,NaN,,3391.420234583,3391.423621792,None,NaN,NaN,,NaN,NaN,NaN,NaN,NaN,NaN,NaN,9,bathroom,2,2024-03-22_12h26.00.837,image_similarity_rating,2023.2.3,None,2024-03-22 12h27.07.079342 +0100
,101,109,6,6,stimuli/own/bathroom/101_bat.jpg,stimuli/own/bathroom/109_bat.jpg,NaN,NaN,NaN,NaN,NaN,NaN,NaN,NaN,0,398,398,5,3395.6335465,NaN,NaN,NaN,NaN,NaN,NaN,NaN,,NaN,,3395.926920958,3396.095612667,3396.095612667,3396.095612667,3396.095612667,3396.095612667,3396.095612667,3396.095612667,3396.095612667,3396.095612667,3412.607966958,-7,7,7,4,12.9767521660001,3,16.436587875,3395.631769083,3395.6335465,3396.095612667,3395.926899708,NaN,NaN,NaN,NaN,,NaN,,3395.628231208,3395.631721125,None,NaN,NaN,,NaN,NaN,NaN,NaN,NaN,NaN,NaN,9,bathroom,2,2024-03-22_12h26.00.837,image_similarity_rating,2023.2.3,None,2024-03-22 12h27.07.079342 +0100
,103,109,71,71,stimuli/own/bathroom/103_bat.jpg,stimuli/own/bathroom/109_bat.jpg,NaN,NaN,NaN,NaN,NaN,NaN,NaN,NaN,0,399,399,70,3412.613476792,NaN,NaN,NaN,NaN,NaN,NaN,NaN,,NaN,,3412.898128,3413.06476725,3413.06476725,3413.06476725,3413.06476725,3413.06476725,3413.06476725,3413.06476725,3413.06476725,3413.06476725,3433.153271792,-7,7,7,4,16.6529154579998,3,18.0897777499999,3412.611658,3412.613476792,3413.06476725,3412.89811325,NaN,NaN,NaN,NaN,,NaN,,3412.608183917,3412.611612083,None,NaN,NaN,,NaN,NaN,NaN,NaN,NaN,NaN,NaN,9,bathroom,2,2024-03-22_12h26.00.837,image_similarity_rating,2023.2.3,None,2024-03-22 12h27.07.079342 +0100
,122,140,458,458,stimuli/own/bathroom/122_bat.jpg,stimuli/own/bathroom/140_bat.jpg,NaN,NaN,NaN,NaN,NaN,NaN,NaN,NaN,0,400,400,457,3433.175649667,NaN,NaN,NaN,NaN,NaN,NaN,NaN,,NaN,,3433.459599083,3433.631816375,3433.631816375,3433.631816375,3433.631816375,3433.631816375,3433.631816375,3433.631816375,3433.631816375,3433.631816375,3438.53664925,-7,7,7,5,2.57007216600005,6,4.80439766699965,3433.156929833,3433.175649667,NaN,3433.459579792,NaN,NaN,NaN,NaN,,NaN,,3433.153493542,3433.156882958,None,NaN,NaN,,NaN,NaN,NaN,NaN,NaN,NaN,NaN,9,bathroom,2,2024-03-22_12h26.00.837,image_similarity_rating,2023.2.3,None,2024-03-22 12h27.07.079342 +0100
,111,135,238,238,stimuli/own/bathroom/111_bat.jpg,stimuli/own/bathroom/135_bat.jpg,NaN,NaN,NaN,NaN,NaN,NaN,NaN,NaN,0,401,401,237,3438.558909583,NaN,NaN,NaN,NaN,NaN,NaN,NaN,,NaN,,3438.842888583,3439.008867,3439.008867,3439.008867,3439.008867,3439.008867,3439.008867,3439.008867,3439.008867,3439.008867,3455.465166917,-7,7,7,6,14.878082875,6,16.3803817920002,3438.540413875,3438.558909583,NaN,3438.842870792,NaN,NaN,NaN,NaN,,NaN,,3438.536871,3438.540367292,None,NaN,NaN,,NaN,NaN,NaN,NaN,NaN,NaN,NaN,9,bathroom,2,2024-03-22_12h26.00.837,image_similarity_rating,2023.2.3,None,2024-03-22 12h27.07.079342 +0100
,111,116,221,221,stimuli/own/bathroom/111_bat.jpg,stimuli/own/bathroom/116_bat.jpg,NaN,NaN,NaN,NaN,NaN,NaN,NaN,NaN,0,402,402,220,3455.475508542,NaN,NaN,NaN,NaN,NaN,NaN,NaN,,NaN,,3455.759824042,3455.925434167,3455.925434167,3455.925434167,3455.925434167,3455.925434167,3455.925434167,3455.925434167,3455.925434167,3455.925434167,3462.374157167,-7,7,7,4,6.20230920799986,3,3.71396212499985,3455.468939417,3455.475508542,3455.925434167,3455.759809125,NaN,NaN,NaN,NaN,,NaN,,3455.465386708,3455.468893125,None,NaN,NaN,,NaN,NaN,NaN,NaN,NaN,NaN,NaN,9,bathroom,2,2024-03-22_12h26.00.837,image_similarity_rating,2023.2.3,None,2024-03-22 12h27.07.079342 +0100
,105,117,138,597,stimuli/own/bathroom/105_bat.jpg,stimuli/own/bathroom/117_bat.jpg,NaN,NaN,NaN,NaN,NaN,NaN,NaN,NaN,0,403,403,596,3462.379655167,NaN,NaN,NaN,NaN,NaN,NaN,NaN,,NaN,,3462.676709208,3462.845202208,3462.845202208,3462.845202208,3462.845202208,3462.845202208,3462.845202208,3462.845202208,3462.845202208,3462.845202208,3469.136397417,-7,7,7,4,6.19706766600029,2,2.98944687499989,3462.377845292,3462.379655167,3462.845202208,3462.676691833,NaN,NaN,NaN,NaN,,NaN,,3462.374399167,3462.377798583,None,NaN,NaN,,NaN,NaN,NaN,NaN,NaN,NaN,NaN,9,bathroom,2,2024-03-22_12h26.00.837,image_similarity_rating,2023.2.3,None,2024-03-22 12h27.07.079342 +0100
,112,114,246,246,stimuli/own/bathroom/112_bat.jpg,stimuli/own/bathroom/114_bat.jpg,NaN,NaN,NaN,NaN,NaN,NaN,NaN,NaN,0,404,404,245,3469.141877833,NaN,NaN,NaN,NaN,NaN,NaN,NaN,,NaN,,3469.426638417,3469.595126875,3469.595126875,3469.595126875,3469.595126875,3469.595126875,3469.595126875,3469.595126875,3469.595126875,3469.595126875,3474.558264958,-7,7,7,5,4.32434079199993,6,4.81333699999959,3469.140057083,3469.141877833,3469.595126875,3469.42661825,NaN,NaN,NaN,NaN,,NaN,,3469.136613917,3469.140011417,None,NaN,NaN,,NaN,NaN,NaN,NaN,NaN,NaN,NaN,9,bathroom,2,2024-03-22_12h26.00.837,image_similarity_rating,2023.2.3,None,2024-03-22 12h27.07.079342 +0100
,104,138,127,127,stimuli/own/bathroom/104_bat.jpg,stimuli/own/bathroom/138_bat.jpg,NaN,NaN,NaN,NaN,NaN,NaN,NaN,NaN,0,405,405,126,3474.563860917,NaN,NaN,NaN,NaN,NaN,NaN,NaN,,NaN,,3474.848064917,3475.017052583,3475.017052583,3475.017052583,3475.017052583,3475.017052583,3475.017052583,3475.017052583,3475.017052583,3475.017052583,3479.69078275,-7,7,7,4,4.72171949999984,6,2.53661354199994,3474.56192725,3474.563860917,3475.017052583,3474.848050583,NaN,NaN,NaN,NaN,,NaN,,3474.558484583,3474.561881083,None,NaN,NaN,,NaN,NaN,NaN,NaN,NaN,NaN,NaN,9,bathroom,2,2024-03-22_12h26.00.837,image_similarity_rating,2023.2.3,None,2024-03-22 12h27.07.079342 +0100
,135,138,577,577,stimuli/own/bathroom/135_bat.jpg,stimuli/own/bathroom/138_bat.jpg,NaN,NaN,NaN,NaN,NaN,NaN,NaN,NaN,0,406,406,576,3479.696414667,NaN,NaN,NaN,NaN,NaN,NaN,NaN,,NaN,,3479.993401917,3480.163083167,3480.163083167,3480.163083167,3480.163083167,3480.163083167,3480.163083167,3480.163083167,3480.163083167,3480.163083167,3484.927801375,-7,7,7,4,4.764031875,6,3.51881150000008,3479.694477583,3479.696414667,3480.163083167,3479.993386042,NaN,NaN,NaN,NaN,,NaN,,3479.691020792,3479.694431542,None,NaN,NaN,,NaN,NaN,NaN,NaN,NaN,NaN,NaN,9,bathroom,2,2024-03-22_12h26.00.837,image_similarity_rating,2023.2.3,None,2024-03-22 12h27.07.079342 +0100
,112,136,265,265,stimuli/own/bathroom/112_bat.jpg,stimuli/own/bathroom/136_bat.jpg,NaN,NaN,NaN,NaN,NaN,NaN,NaN,NaN,0,407,407,264,3484.933441125,NaN,NaN,NaN,NaN,NaN,NaN,NaN,,NaN,,3485.226679042,3485.391550208,3485.391550208,3485.391550208,3485.391550208,3485.391550208,3485.391550208,3485.391550208,3485.391550208,3485.391550208,3490.094336708,-7,7,7,4,3.75609554099992,6,4.64051287500024,3484.931430417,3484.933441125,3485.391550208,3485.22666625,NaN,NaN,NaN,NaN,,NaN,,3484.9280175,3484.931384542,None,NaN,NaN,,NaN,NaN,NaN,NaN,NaN,NaN,NaN,9,bathroom,2,2024-03-22_12h26.00.837,image_similarity_rating,2023.2.3,None,2024-03-22 12h27.07.079342 +0100
,114,131,310,310,stimuli/own/bathroom/114_bat.jpg,stimuli/own/bathroom/131_bat.jpg,NaN,NaN,NaN,NaN,NaN,NaN,NaN,NaN,0,408,408,309,3490.10009475,NaN,NaN,NaN,NaN,NaN,NaN,NaN,,NaN,,3490.393181667,3490.557702708,3490.557702708,3490.557702708,3490.557702708,3490.557702708,3490.557702708,3490.557702708,3490.557702708,3490.557702708,3498.977643917,-7,7,7,2,5.3697364589998,4,8.31880254199996,3490.098083375,3490.10009475,3490.557702708,3490.393167042,NaN,NaN,NaN,NaN,,NaN,,3490.094554042,3490.098036917,None,NaN,NaN,,NaN,NaN,NaN,NaN,NaN,NaN,NaN,9,bathroom,2,2024-03-22_12h26.00.837,image_similarity_rating,2023.2.3,None,2024-03-22 12h27.07.079342 +0100
,122,129,448,448,stimuli/own/bathroom/122_bat.jpg,stimuli/own/bathroom/129_bat.jpg,NaN,NaN,NaN,NaN,NaN,NaN,NaN,NaN,0,409,409,447,3498.983206875,NaN,NaN,NaN,NaN,NaN,NaN,NaN,,NaN,,3499.276415042,3499.443186292,3499.443186292,3499.443186292,3499.443186292,3499.443186292,3499.443186292,3499.443186292,3499.443186292,3499.443186292,3519.127550375,-7,7,7,3,18.3690763339996,5,19.4340943329998,3498.9812835,3498.983206875,3499.443186292,3499.276400542,NaN,NaN,NaN,NaN,,NaN,,3498.977860458,3498.981238125,None,NaN,NaN,,NaN,NaN,NaN,NaN,NaN,NaN,NaN,9,bathroom,2,2024-03-22_12h26.00.837,image_similarity_rating,2023.2.3,None,2024-03-22 12h27.07.079342 +0100
,101,112,8,8,stimuli/own/bathroom/101_bat.jpg,stimuli/own/bathroom/112_bat.jpg,NaN,NaN,NaN,NaN,NaN,NaN,NaN,NaN,0,410,410,7,3519.133155,NaN,NaN,NaN,NaN,NaN,NaN,NaN,,NaN,,3519.426224667,3519.591659958,3519.591659958,3519.591659958,3519.591659958,3519.591659958,3519.591659958,3519.591659958,3519.591659958,3519.591659958,3528.685928583,7,-7,7,3,6.51137495800003,6,8.99545845800003,3519.131216792,3519.133155,3519.591659958,3519.426205167,NaN,NaN,NaN,NaN,,NaN,,3519.127769958,3519.131170333,None,NaN,NaN,,NaN,NaN,NaN,NaN,NaN,NaN,NaN,9,bathroom,2,2024-03-22_12h26.00.837,image_similarity_rating,2023.2.3,None,2024-03-22 12h27.07.079342 +0100
,130,140,549,549,stimuli/own/bathroom/130_bat.jpg,stimuli/own/bathroom/140_bat.jpg,NaN,NaN,NaN,NaN,NaN,NaN,NaN,NaN,0,411,411,548,3528.691354417,NaN,NaN,NaN,NaN,NaN,NaN,NaN,,NaN,,3528.976345583,3529.1477745,3529.1477745,3529.1477745,3529.1477745,3529.1477745,3529.1477745,3529.1477745,3529.1477745,3529.1477745,3535.211504333,7,-7,7,4,6.04007970800012,6,4.63604424999994,3528.689585667,3528.691354417,3529.1477745,3528.976329208,NaN,NaN,NaN,NaN,,NaN,,3528.686147625,3528.689539875,None,NaN,NaN,,NaN,NaN,NaN,NaN,NaN,NaN,NaN,9,bathroom,2,2024-03-22_12h26.00.837,image_similarity_rating,2023.2.3,None,2024-03-22 12h27.07.079342 +0100
,101,131,25,25,stimuli/own/bathroom/101_bat.jpg,stimuli/own/bathroom/131_bat.jpg,NaN,NaN,NaN,NaN,NaN,NaN,NaN,NaN,0,412,412,24,3535.217403625,NaN,NaN,NaN,NaN,NaN,NaN,NaN,,NaN,,3535.509941583,3535.675607333,3535.675607333,3535.675607333,3535.675607333,3535.675607333,3535.675607333,3535.675607333,3535.675607333,3535.675607333,3546.127493375,-7,7,7,2,6.56720458299969,1,10.3524071249999,3535.215267833,3535.217403625,3535.675607333,3535.509926,NaN,NaN,NaN,NaN,,NaN,,3535.2117235,3535.2152215,None,NaN,NaN,,NaN,NaN,NaN,NaN,NaN,NaN,NaN,9,bathroom,2,2024-03-22_12h26.00.837,image_similarity_rating,2023.2.3,None,2024-03-22 12h27.07.079342 +0100
,134,140,573,573,stimuli/own/bathroom/134_bat.jpg,stimuli/own/bathroom/140_bat.jpg,NaN,NaN,NaN,NaN,NaN,NaN,NaN,NaN,0,413,413,572,3546.132897667,NaN,NaN,NaN,NaN,NaN,NaN,NaN,,NaN,,3546.426411958,3546.596720708,3546.596720708,3546.596720708,3546.596720708,3546.596720708,3546.596720708,3546.596720708,3546.596720708,3546.596720708,3551.274551375,-7,7,7,6,4.67938541700005,6,3.76098420800008,3546.131116625,3546.132897667,3546.596720708,3546.426395708,NaN,NaN,NaN,NaN,,NaN,,3546.127709667,3546.131070458,None,NaN,NaN,,NaN,NaN,NaN,NaN,NaN,NaN,NaN,9,bathroom,2,2024-03-22_12h26.00.837,image_similarity_rating,2023.2.3,None,2024-03-22 12h27.07.079342 +0100
,103,134,92,92,stimuli/own/bathroom/103_bat.jpg,stimuli/own/bathroom/134_bat.jpg,NaN,NaN,NaN,NaN,NaN,NaN,NaN,NaN,0,414,414,91,3551.280610583,NaN,NaN,NaN,NaN,NaN,NaN,NaN,,NaN,,3551.564391375,3551.729142792,3551.729142792,3551.729142792,3551.729142792,3551.729142792,3551.729142792,3551.729142792,3551.729142792,3551.729142792,3557.561677917,7,-7,7,5,4.80444283300039,6,5.70394162499997,3551.278346333,3551.280610583,3551.729142792,3551.564381542,NaN,NaN,NaN,NaN,,NaN,,3551.274769375,3551.278299875,None,NaN,NaN,,NaN,NaN,NaN,NaN,NaN,NaN,NaN,9,bathroom,2,2024-03-22_12h26.00.837,image_similarity_rating,2023.2.3,None,2024-03-22 12h27.07.079342 +0100
,104,106,101,101,stimuli/own/bathroom/104_bat.jpg,stimuli/own/bathroom/106_bat.jpg,NaN,NaN,NaN,NaN,NaN,NaN,NaN,NaN,0,415,415,100,3557.57488225,NaN,NaN,NaN,NaN,NaN,NaN,NaN,,NaN,,3557.86052175,3558.0251445,3558.0251445,3558.0251445,3558.0251445,3558.0251445,3558.0251445,3558.0251445,3558.0251445,3558.0251445,3562.853689333,-7,7,7,2,4.71147725000037,1,2.63671020899983,3557.56552475,3557.57488225,3558.0251445,3557.86050875,NaN,NaN,NaN,NaN,,NaN,,3557.561903958,3557.565466083,None,NaN,NaN,,NaN,NaN,NaN,NaN,NaN,NaN,NaN,9,bathroom,2,2024-03-22_12h26.00.837,image_similarity_rating,2023.2.3,None,2024-03-22 12h27.07.079342 +0100
,125,127,492,492,stimuli/own/bathroom/125_bat.jpg,stimuli/own/bathroom/127_bat.jpg,NaN,NaN,NaN,NaN,NaN,NaN,NaN,NaN,0,416,416,491,3562.859771583,NaN,NaN,NaN,NaN,NaN,NaN,NaN,,NaN,,3563.146635125,3563.311784292,3563.311784292,3563.311784292,3563.311784292,3563.311784292,3563.311784292,3563.311784292,3563.311784292,3563.311784292,3571.0406165,7,-7,7,5,6.61808558299981,5,7.6944250839997,3562.857386,3562.859771583,3563.311784292,3563.146617917,NaN,NaN,NaN,NaN,,NaN,,3562.853907417,3562.857334125,None,NaN,NaN,,NaN,NaN,NaN,NaN,NaN,NaN,NaN,9,bathroom,2,2024-03-22_12h26.00.837,image_similarity_rating,2023.2.3,None,2024-03-22 12h27.07.079342 +0100
,104,124,115,115,stimuli/own/bathroom/104_bat.jpg,stimuli/own/bathroom/124_bat.jpg,NaN,NaN,NaN,NaN,NaN,NaN,NaN,NaN,0,417,417,114,3571.046421542,NaN,NaN,NaN,NaN,NaN,NaN,NaN,,NaN,,3571.330725,3571.50045175,3571.50045175,3571.50045175,3571.50045175,3571.50045175,3571.50045175,3571.50045175,3571.50045175,3571.50045175,3591.26608175,-7,7,7,4,19.7954002500001,5,17.709128166,3571.0444685,3571.046421542,3571.50045175,3571.330710083,NaN,NaN,NaN,NaN,,NaN,,3571.040844875,3571.044422375,None,NaN,NaN,,NaN,NaN,NaN,NaN,NaN,NaN,NaN,9,bathroom,2,2024-03-22_12h26.00.837,image_similarity_rating,2023.2.3,None,2024-03-22 12h27.07.079342 +0100
,105,126,147,147,stimuli/own/bathroom/105_bat.jpg,stimuli/own/bathroom/126_bat.jpg,NaN,NaN,NaN,NaN,NaN,NaN,NaN,NaN,0,418,418,146,3591.274868958,NaN,NaN,NaN,NaN,NaN,NaN,NaN,,NaN,,3591.560393333,3591.727453958,3591.727453958,3591.727453958,3591.727453958,3591.727453958,3591.727453958,3591.727453958,3591.727453958,3591.727453958,3597.865268083,7,-7,7,4,5.33627366700011,2,2.39127270899962,3591.26972725,3591.274868958,3591.727453958,3591.560379542,NaN,NaN,NaN,NaN,,NaN,,3591.266297625,3591.269681,None,NaN,NaN,,NaN,NaN,NaN,NaN,NaN,NaN,NaN,9,bathroom,2,2024-03-22_12h26.00.837,image_similarity_rating,2023.2.3,None,2024-03-22 12h27.07.079342 +0100
,109,139,215,215,stimuli/own/bathroom/109_bat.jpg,stimuli/own/bathroom/139_bat.jpg,NaN,NaN,NaN,NaN,NaN,NaN,NaN,NaN,0,419,419,214,3597.875012292,NaN,NaN,NaN,NaN,NaN,NaN,NaN,,NaN,,3598.159567333,3598.332274917,3598.332274917,3598.332274917,3598.332274917,3598.332274917,3598.332274917,3598.332274917,3598.332274917,3598.332274917,3603.885996625,7,-7,7,3,5.60624604199984,4,4.58522870900015,3597.868924,3597.875012292,3598.332274917,3598.159550708,NaN,NaN,NaN,NaN,,NaN,,3597.865486583,3597.868877542,None,NaN,NaN,,NaN,NaN,NaN,NaN,NaN,NaN,NaN,9,bathroom,2,2024-03-22_12h26.00.837,image_similarity_rating,2023.2.3,None,2024-03-22 12h27.07.079342 +0100
,103,138,96,96,stimuli/own/bathroom/103_bat.jpg,stimuli/own/bathroom/138_bat.jpg,NaN,NaN,NaN,NaN,NaN,NaN,NaN,NaN,0,420,420,95,3603.891418417,NaN,NaN,NaN,NaN,NaN,NaN,NaN,,NaN,,3604.176116167,3604.342553833,3604.342553833,3604.342553833,3604.342553833,3604.342553833,3604.342553833,3604.342553833,3604.342553833,3604.342553833,3643.498127667,7,-7,7,4,30.7635164160001,4,37.013029708,3603.889641958,3603.891418417,3604.342553833,3604.176100708,NaN,NaN,NaN,NaN,,NaN,,3603.886213125,3603.889596,None,NaN,NaN,,NaN,NaN,NaN,NaN,NaN,NaN,NaN,9,bathroom,2,2024-03-22_12h26.00.837,image_similarity_rating,2023.2.3,None,2024-03-22 12h27.07.079342 +0100
,136,138,582,582,stimuli/own/bathroom/136_bat.jpg,stimuli/own/bathroom/138_bat.jpg,NaN,NaN,NaN,NaN,NaN,NaN,NaN,NaN,0,421,421,581,3643.508131208,NaN,NaN,NaN,NaN,NaN,NaN,NaN,,NaN,,3643.792858208,3643.957878125,3643.957878125,3643.957878125,3643.957878125,3643.957878125,3643.957878125,3643.957878125,3643.957878125,3643.957878125,3670.8814805,-7,7,7,5,26.9333649159998,3,25.9255083749999,3643.5018075,3643.508131208,3643.957878125,3643.792843125,NaN,NaN,NaN,NaN,,NaN,,3643.498348125,3643.501761417,None,NaN,NaN,,NaN,NaN,NaN,NaN,NaN,NaN,NaN,9,bathroom,2,2024-03-22_12h26.00.837,image_similarity_rating,2023.2.3,None,2024-03-22 12h27.07.079342 +0100
,120,127,412,412,stimuli/own/bathroom/120_bat.jpg,stimuli/own/bathroom/127_bat.jpg,NaN,NaN,NaN,NaN,NaN,NaN,NaN,NaN,0,422,422,411,3670.89142075,NaN,NaN,NaN,NaN,NaN,NaN,NaN,,NaN,,3671.175827875,3671.339751917,3671.339751917,3671.339751917,3671.339751917,3671.339751917,3671.339751917,3671.339751917,3671.339751917,3671.339751917,3673.732131125,-7,7,7,6,2.05554641699973,6,2.35727583399967,3670.885176583,3670.89142075,3671.339751917,3671.175815208,NaN,NaN,NaN,NaN,,NaN,,3670.881706833,3670.885130458,None,NaN,NaN,,NaN,NaN,NaN,NaN,NaN,NaN,NaN,9,bathroom,2,2024-03-22_12h26.00.837,image_similarity_rating,2023.2.3,None,2024-03-22 12h27.07.079342 +0100
,124,137,486,486,stimuli/own/bathroom/124_bat.jpg,stimuli/own/bathroom/137_bat.jpg,NaN,NaN,NaN,NaN,NaN,NaN,NaN,NaN,0,423,423,485,3673.74120575,NaN,NaN,NaN,NaN,NaN,NaN,NaN,,NaN,,3674.026145,3674.191217333,3674.191217333,3674.191217333,3674.191217333,3674.191217333,3674.191217333,3674.191217333,3674.191217333,3674.191217333,3679.828988542,7,-7,7,3,5.64577470900031,1,4.389387833,3673.735784833,3673.74120575,3674.191217333,3674.0261325,NaN,NaN,NaN,NaN,,NaN,,3673.73234875,3673.735739,None,NaN,NaN,,NaN,NaN,NaN,NaN,NaN,NaN,NaN,9,bathroom,2,2024-03-22_12h26.00.837,image_similarity_rating,2023.2.3,None,2024-03-22 12h27.07.079342 +0100
,116,138,339,339,stimuli/own/bathroom/116_bat.jpg,stimuli/own/bathroom/138_bat.jpg,NaN,NaN,NaN,NaN,NaN,NaN,NaN,NaN,0,424,424,338,3679.841406,NaN,NaN,NaN,NaN,NaN,NaN,NaN,,NaN,,3680.125828333,3680.291481375,3680.291481375,3680.291481375,3680.291481375,3680.291481375,3680.291481375,3680.291481375,3680.291481375,3680.291481375,3684.648229125,7,-7,7,6,4.41727266699991,6,3.643072459,3679.832646333,3679.841406,3680.291481375,3680.125815792,NaN,NaN,NaN,NaN,,NaN,,3679.829207417,3679.8326005,None,NaN,NaN,,NaN,NaN,NaN,NaN,NaN,NaN,NaN,9,bathroom,2,2024-03-22_12h26.00.837,image_similarity_rating,2023.2.3,None,2024-03-22 12h27.07.079342 +0100
,122,125,445,445,stimuli/own/bathroom/122_bat.jpg,stimuli/own/bathroom/125_bat.jpg,NaN,NaN,NaN,NaN,NaN,NaN,NaN,NaN,0,425,425,444,3684.657932,NaN,NaN,NaN,NaN,NaN,NaN,NaN,,NaN,,3684.942703083,3685.107794333,3685.107794333,3685.107794333,3685.107794333,3685.107794333,3685.107794333,3685.107794333,3685.107794333,3685.107794333,3686.964701375,7,-7,7,6,1.28685883300022,6,1.83397462499988,3684.651864458,3684.657932,3685.107794333,3684.942689375,NaN,NaN,NaN,NaN,,NaN,,3684.648452417,3684.6518185,None,NaN,NaN,,NaN,NaN,NaN,NaN,NaN,NaN,NaN,9,bathroom,2,2024-03-22_12h26.00.837,image_similarity_rating,2023.2.3,None,2024-03-22 12h27.07.079342 +0100
,132,139,565,565,stimuli/own/bathroom/132_bat.jpg,stimuli/own/bathroom/139_bat.jpg,NaN,NaN,NaN,NaN,NaN,NaN,NaN,NaN,0,426,426,564,3686.974652125,NaN,NaN,NaN,NaN,NaN,NaN,NaN,,NaN,,3687.259230083,3687.430851,3687.430851,3687.430851,3687.430851,3687.430851,3687.430851,3687.430851,3687.430851,3687.430851,3690.832196833,7,-7,7,4,3.47572320800009,5,2.39759754200031,3686.968359083,3686.974652125,3687.430851,3687.25921325,NaN,NaN,NaN,NaN,,NaN,,3686.964920333,3686.9683095,None,NaN,NaN,,NaN,NaN,NaN,NaN,NaN,NaN,NaN,9,bathroom,2,2024-03-22_12h26.00.837,image_similarity_rating,2023.2.3,None,2024-03-22 12h27.07.079342 +0100
,120,140,423,423,stimuli/own/bathroom/120_bat.jpg,stimuli/own/bathroom/140_bat.jpg,NaN,NaN,NaN,NaN,NaN,NaN,NaN,NaN,0,427,427,422,3690.841388083,NaN,NaN,NaN,NaN,NaN,NaN,NaN,,NaN,,3691.12647425,3691.29168975,3691.29168975,3691.29168975,3691.29168975,3691.29168975,3691.29168975,3691.29168975,3691.29168975,3691.29168975,3695.364878625,7,-7,7,5,4.07131945800029,6,2.22096579200024,3690.835829667,3690.841388083,3691.29168975,3691.126460917,NaN,NaN,NaN,NaN,,NaN,,3690.832412958,3690.835783125,None,NaN,NaN,,NaN,NaN,NaN,NaN,NaN,NaN,NaN,9,bathroom,2,2024-03-22_12h26.00.837,image_similarity_rating,2023.2.3,None,2024-03-22 12h27.07.079342 +0100
,135,141,580,580,stimuli/own/bathroom/135_bat.jpg,stimuli/own/bathroom/141_bat.jpg,NaN,NaN,NaN,NaN,NaN,NaN,NaN,NaN,0,428,428,579,3695.37445825,NaN,NaN,NaN,NaN,NaN,NaN,NaN,,NaN,,3695.659203625,3695.829056958,3695.829056958,3695.829056958,3695.829056958,3695.829056958,3695.829056958,3695.829056958,3695.829056958,3695.829056958,3702.110910042,-7,7,7,6,6.36910099999977,6,5.45978195799989,3695.368544208,3695.37445825,3695.829056958,3695.659187375,NaN,NaN,NaN,NaN,,NaN,,3695.365104292,3695.368498417,None,NaN,NaN,,NaN,NaN,NaN,NaN,NaN,NaN,NaN,9,bathroom,2,2024-03-22_12h26.00.837,image_similarity_rating,2023.2.3,None,2024-03-22 12h27.07.079342 +0100
,111,117,222,222,stimuli/own/bathroom/111_bat.jpg,stimuli/own/bathroom/117_bat.jpg,NaN,NaN,NaN,NaN,NaN,NaN,NaN,NaN,0,429,429,221,3702.116497417,NaN,NaN,NaN,NaN,NaN,NaN,NaN,,NaN,,3702.409631375,3702.57544,3702.57544,3702.57544,3702.57544,3702.57544,3702.57544,3702.57544,3702.57544,3702.57544,3711.294270833,7,-7,7,4,8.74346379200006,5,6.089370917,3702.114570125,3702.116497417,3702.57544,3702.40961875,NaN,NaN,NaN,NaN,,NaN,,3702.11112875,3702.114524583,None,NaN,NaN,,NaN,NaN,NaN,NaN,NaN,NaN,NaN,9,bathroom,2,2024-03-22_12h26.00.837,image_similarity_rating,2023.2.3,None,2024-03-22 12h27.07.079342 +0100
,125,137,500,500,stimuli/own/bathroom/125_bat.jpg,stimuli/own/bathroom/137_bat.jpg,NaN,NaN,NaN,NaN,NaN,NaN,NaN,NaN,0,430,430,499,3711.300131958,NaN,NaN,NaN,NaN,NaN,NaN,NaN,,NaN,,3711.59246125,3711.760934625,3711.760934625,3711.760934625,3711.760934625,3711.760934625,3711.760934625,3711.760934625,3711.760934625,3711.760934625,3715.921295167,7,-7,7,5,4.19632725000019,1,2.6328683339998,3711.298025875,3711.300131958,3711.760934625,3711.592443458,NaN,NaN,NaN,NaN,,NaN,,3711.294491042,3711.297979875,None,NaN,NaN,,NaN,NaN,NaN,NaN,NaN,NaN,NaN,9,bathroom,2,2024-03-22_12h26.00.837,image_similarity_rating,2023.2.3,None,2024-03-22 12h27.07.079342 +0100
,118,138,382,382,stimuli/own/bathroom/118_bat.jpg,stimuli/own/bathroom/138_bat.jpg,NaN,NaN,NaN,NaN,NaN,NaN,NaN,NaN,0,431,431,381,3715.926956375,NaN,NaN,NaN,NaN,NaN,NaN,NaN,,NaN,,3716.213570667,3716.382011708,3716.382011708,3716.382011708,3716.382011708,3716.382011708,3716.382011708,3716.382011708,3716.382011708,3716.382011708,3719.406829083,-7,7,7,4,3.06051108400015,1,2.00302454199982,3715.925285208,3715.926956375,3716.382011708,3716.21355825,NaN,NaN,NaN,NaN,,NaN,,3715.921526417,3715.925232208,None,NaN,NaN,,NaN,NaN,NaN,NaN,NaN,NaN,NaN,9,bathroom,2,2024-03-22_12h26.00.837,image_similarity_rating,2023.2.3,None,2024-03-22 12h27.07.079342 +0100
,106,125,175,175,stimuli/own/bathroom/106_bat.jpg,stimuli/own/bathroom/125_bat.jpg,NaN,NaN,NaN,NaN,NaN,NaN,NaN,NaN,0,432,432,174,3719.412497417,NaN,NaN,NaN,NaN,NaN,NaN,NaN,,NaN,,3719.69702775,3719.865605667,3719.865605667,3719.865605667,3719.865605667,3719.865605667,3719.865605667,3719.865605667,3719.865605667,3719.865605667,3723.390028375,7,-7,7,2,3.5857940840001,2,2.30839983300029,3719.410556167,3719.412497417,3719.865605667,3719.69701275,NaN,NaN,NaN,NaN,,NaN,,3719.407058333,3719.410510333,None,NaN,NaN,,NaN,NaN,NaN,NaN,NaN,NaN,NaN,9,bathroom,2,2024-03-22_12h26.00.837,image_similarity_rating,2023.2.3,None,2024-03-22 12h27.07.079342 +0100
,102,122,50,50,stimuli/own/bathroom/102_bat.jpg,stimuli/own/bathroom/122_bat.jpg,NaN,NaN,NaN,NaN,NaN,NaN,NaN,NaN,0,433,433,49,3723.395667292,NaN,NaN,NaN,NaN,NaN,NaN,NaN,,NaN,,3723.680676083,3723.845449083,3723.845449083,3723.845449083,3723.845449083,3723.845449083,3723.845449083,3723.845449083,3723.845449083,3723.845449083,3729.814760708,7,-7,7,5,3.59302379199971,5,5.33482800000002,3723.393728375,3723.395667292,3723.845449083,3723.680664,NaN,NaN,NaN,NaN,,NaN,,3723.390265083,3723.393682083,None,NaN,NaN,,NaN,NaN,NaN,NaN,NaN,NaN,NaN,9,bathroom,2,2024-03-22_12h26.00.837,image_similarity_rating,2023.2.3,None,2024-03-22 12h27.07.079342 +0100
,123,135,469,469,stimuli/own/bathroom/123_bat.jpg,stimuli/own/bathroom/135_bat.jpg,NaN,NaN,NaN,NaN,NaN,NaN,NaN,NaN,0,434,434,468,3729.824372708,NaN,NaN,NaN,NaN,NaN,NaN,NaN,,NaN,,3730.109051083,3730.278042167,3730.278042167,3730.278042167,3730.278042167,3730.278042167,3730.278042167,3730.278042167,3730.278042167,3730.278042167,3742.885449583,-7,7,7,4,12.1364172909998,4,11.5166112500001,3729.8184385,3729.824372708,3730.278042167,3730.10903475,NaN,NaN,NaN,NaN,,NaN,,3729.814989208,3729.818391917,None,NaN,NaN,,NaN,NaN,NaN,NaN,NaN,NaN,NaN,9,bathroom,2,2024-03-22_12h26.00.837,image_similarity_rating,2023.2.3,None,2024-03-22 12h27.07.079342 +0100
,106,140,188,188,stimuli/own/bathroom/106_bat.jpg,stimuli/own/bathroom/140_bat.jpg,NaN,NaN,NaN,NaN,NaN,NaN,NaN,NaN,0,435,435,187,3742.8909195,NaN,NaN,NaN,NaN,NaN,NaN,NaN,,NaN,,3743.175600083,3743.341232625,3743.341232625,3743.341232625,3743.341232625,3743.341232625,3743.341232625,3743.341232625,3743.341232625,3743.341232625,3752.056485167,7,-7,7,2,8.30039450000004,1,4.01218520899965,3742.8891315,3742.8909195,3743.341232625,3743.175586875,NaN,NaN,NaN,NaN,,NaN,,3742.885669083,3742.889085542,None,NaN,NaN,,NaN,NaN,NaN,NaN,NaN,NaN,NaN,9,bathroom,2,2024-03-22_12h26.00.837,image_similarity_rating,2023.2.3,None,2024-03-22 12h27.07.079342 +0100
,109,131,208,208,stimuli/own/bathroom/109_bat.jpg,stimuli/own/bathroom/131_bat.jpg,NaN,NaN,NaN,NaN,NaN,NaN,NaN,NaN,0,436,436,207,3752.061957792,NaN,NaN,NaN,NaN,NaN,NaN,NaN,,NaN,,3752.346098708,3752.510832917,3752.510832917,3752.510832917,3752.510832917,3752.510832917,3752.510832917,3752.510832917,3752.510832917,3752.510832917,3764.406551208,-7,7,7,1,10.506899125,1,2.9315649590003,3752.06019175,3752.061957792,3752.510832917,3752.346087167,NaN,NaN,NaN,NaN,,NaN,,3752.05673025,3752.06014475,None,NaN,NaN,,NaN,NaN,NaN,NaN,NaN,NaN,NaN,9,bathroom,2,2024-03-22_12h26.00.837,image_similarity_rating,2023.2.3,None,2024-03-22 12h27.07.079342 +0100
,102,117,45,45,stimuli/own/bathroom/102_bat.jpg,stimuli/own/bathroom/117_bat.jpg,NaN,NaN,NaN,NaN,NaN,NaN,NaN,NaN,0,437,437,44,3764.412560042,NaN,NaN,NaN,NaN,NaN,NaN,NaN,,NaN,,3764.696071292,3764.859175042,3764.859175042,3764.859175042,3764.859175042,3764.859175042,3764.859175042,3764.859175042,3764.859175042,3764.859175042,3768.960009542,7,-7,7,6,2.21480933299972,6,2.85081554199996,3764.4106275,3764.412560042,3764.859175042,3764.696058333,NaN,NaN,NaN,NaN,,NaN,,3764.40679,3764.410574958,None,NaN,NaN,,NaN,NaN,NaN,NaN,NaN,NaN,NaN,9,bathroom,2,2024-03-22_12h26.00.837,image_similarity_rating,2023.2.3,None,2024-03-22 12h27.07.079342 +0100
,131,134,552,552,stimuli/own/bathroom/131_bat.jpg,stimuli/own/bathroom/134_bat.jpg,NaN,NaN,NaN,NaN,NaN,NaN,NaN,NaN,0,438,438,551,3768.965487917,NaN,NaN,NaN,NaN,NaN,NaN,NaN,,NaN,,3769.258755167,3769.422312417,3769.422312417,3769.422312417,3769.422312417,3769.422312417,3769.422312417,3769.422312417,3769.422312417,3769.422312417,3779.998107375,7,-7,7,3,10.0042940000003,1,6.51374658299983,3768.963674208,3768.965487917,3769.422312417,3769.258740042,NaN,NaN,NaN,NaN,,NaN,,3768.960231042,3768.963627917,None,NaN,NaN,,NaN,NaN,NaN,NaN,NaN,NaN,NaN,9,bathroom,2,2024-03-22_12h26.00.837,image_similarity_rating,2023.2.3,None,2024-03-22 12h27.07.079342 +0100
,121,124,427,427,stimuli/own/bathroom/121_bat.jpg,stimuli/own/bathroom/124_bat.jpg,NaN,NaN,NaN,NaN,NaN,NaN,NaN,NaN,0,439,439,426,3780.007585083,NaN,NaN,NaN,NaN,NaN,NaN,NaN,,NaN,,3780.292125292,3780.463896542,3780.463896542,3780.463896542,3780.463896542,3780.463896542,3780.463896542,3780.463896542,3780.463896542,3780.463896542,3785.189600833,-7,7,7,5,4.19043245900002,4,3.25256141699992,3780.0017555,3780.007585083,3780.463896542,3780.292108333,NaN,NaN,NaN,NaN,,NaN,,3779.9983255,3780.001709333,None,NaN,NaN,,NaN,NaN,NaN,NaN,NaN,NaN,NaN,9,bathroom,2,2024-03-22_12h26.00.837,image_similarity_rating,2023.2.3,None,2024-03-22 12h27.07.079342 +0100
,109,127,205,205,stimuli/own/bathroom/109_bat.jpg,stimuli/own/bathroom/127_bat.jpg,NaN,NaN,NaN,NaN,NaN,NaN,NaN,NaN,0,440,440,204,3785.195266417,NaN,NaN,NaN,NaN,NaN,NaN,NaN,,NaN,,3785.479533625,3785.644640458,3785.644640458,3785.644640458,3785.644640458,3785.644640458,3785.644640458,3785.644640458,3785.644640458,3785.644640458,3790.531078875,7,-7,7,4,4.8703667499999,2,3.53567166599987,3785.193329458,3785.195266417,3785.644640458,3785.479521,NaN,NaN,NaN,NaN,,NaN,,3785.189846958,3785.193283417,None,NaN,NaN,,NaN,NaN,NaN,NaN,NaN,NaN,NaN,9,bathroom,2,2024-03-22_12h26.00.837,image_similarity_rating,2023.2.3,None,2024-03-22 12h27.07.079342 +0100
,111,130,234,234,stimuli/own/bathroom/111_bat.jpg,stimuli/own/bathroom/130_bat.jpg,NaN,NaN,NaN,NaN,NaN,NaN,NaN,NaN,0,441,441,233,3790.540870417,NaN,NaN,NaN,NaN,NaN,NaN,NaN,,NaN,,3808.42569175,3808.599336083,3808.599336083,3808.599336083,3808.599336083,3808.599336083,3808.599336083,3808.599336083,3808.599336083,3808.599336083,3818.031201542,7,-7,8,4,8.61990158299977,5,7.55722683400018,3808.128304375,3808.1323135,3808.599336083,3808.425671875,NaN,NaN,NaN,NaN,,NaN,,3790.531297583,3808.12757675,space,3790.540870417,17.5864554159998,None,NaN,NaN,NaN,NaN,NaN,NaN,NaN,9,bathroom,2,2024-03-22_12h26.00.837,image_similarity_rating,2023.2.3,None,2024-03-22 12h27.07.079342 +0100
,101,114,10,10,stimuli/own/bathroom/101_bat.jpg,stimuli/own/bathroom/114_bat.jpg,NaN,NaN,NaN,NaN,NaN,NaN,NaN,NaN,0,442,442,9,3818.040909917,NaN,NaN,NaN,NaN,NaN,NaN,NaN,,NaN,,3818.325411958,3818.490101458,3818.490101458,3818.490101458,3818.490101458,3818.490101458,3818.490101458,3818.490101458,3818.490101458,3818.490101458,3824.414304417,7,-7,8,5,4.916916958,5,5.83878825000011,3818.035407125,3818.040909917,3818.490101458,3818.325397917,NaN,NaN,NaN,NaN,,NaN,,3818.031421458,3818.035359708,None,NaN,NaN,,NaN,NaN,NaN,NaN,NaN,NaN,NaN,9,bathroom,2,2024-03-22_12h26.00.837,image_similarity_rating,2023.2.3,None,2024-03-22 12h27.07.079342 +0100
,102,111,40,40,stimuli/own/bathroom/102_bat.jpg,stimuli/own/bathroom/111_bat.jpg,NaN,NaN,NaN,NaN,NaN,NaN,NaN,NaN,0,443,443,39,3824.423997583,NaN,NaN,NaN,NaN,NaN,NaN,NaN,,NaN,,3824.708615,3824.874312333,3824.874312333,3824.874312333,3824.874312333,3824.874312333,3824.874312333,3824.874312333,3824.874312333,3824.874312333,3827.351778625,-7,7,8,5,2.52557983400038,5,1.51384966600017,3824.418199667,3824.423997583,3824.874312333,3824.708600667,NaN,NaN,NaN,NaN,,NaN,,3824.414521625,3824.418151083,None,NaN,NaN,,NaN,NaN,NaN,NaN,NaN,NaN,NaN,9,bathroom,2,2024-03-22_12h26.00.837,image_similarity_rating,2023.2.3,None,2024-03-22 12h27.07.079342 +0100
,111,113,219,219,stimuli/own/bathroom/111_bat.jpg,stimuli/own/bathroom/113_bat.jpg,NaN,NaN,NaN,NaN,NaN,NaN,NaN,NaN,0,444,444,218,3827.357273708,NaN,NaN,NaN,NaN,NaN,NaN,NaN,,NaN,,3827.642014583,3827.80651475,3827.80651475,3827.80651475,3827.80651475,3827.80651475,3827.80651475,3827.80651475,3827.80651475,3827.80651475,3831.947128583,-7,7,8,4,3.38392604199998,5,4.05544587500026,3827.355412167,3827.357273708,3827.80651475,3827.641999667,NaN,NaN,NaN,NaN,,NaN,,3827.351992667,3827.355366042,None,NaN,NaN,,NaN,NaN,NaN,NaN,NaN,NaN,NaN,9,bathroom,2,2024-03-22_12h26.00.837,image_similarity_rating,2023.2.3,None,2024-03-22 12h27.07.079342 +0100
,116,118,321,321,stimuli/own/bathroom/116_bat.jpg,stimuli/own/bathroom/118_bat.jpg,NaN,NaN,NaN,NaN,NaN,NaN,NaN,NaN,0,445,445,320,3831.957541542,NaN,NaN,NaN,NaN,NaN,NaN,NaN,,NaN,,3832.242070833,3832.412755625,3832.412755625,3832.412755625,3832.412755625,3832.412755625,3832.412755625,3832.412755625,3832.412755625,3832.412755625,3841.772798167,-7,7,8,6,9.10959316700018,2,3.23405104199992,3831.950780875,3831.957541542,3832.412755625,3832.242055167,NaN,NaN,NaN,NaN,,NaN,,3831.947349208,3831.950734833,None,NaN,NaN,,NaN,NaN,NaN,NaN,NaN,NaN,NaN,9,bathroom,2,2024-03-22_12h26.00.837,image_similarity_rating,2023.2.3,None,2024-03-22 12h27.07.079342 +0100
,105,125,146,146,stimuli/own/bathroom/105_bat.jpg,stimuli/own/bathroom/125_bat.jpg,NaN,NaN,NaN,NaN,NaN,NaN,NaN,NaN,0,446,446,145,3841.778297417,NaN,NaN,NaN,NaN,NaN,NaN,NaN,,NaN,,3842.06173925,3842.225841958,3842.225841958,3842.225841958,3842.225841958,3842.225841958,3842.225841958,3842.225841958,3842.225841958,3842.225841958,3846.980444667,7,-7,8,5,4.7648160839999,4,3.41332849999981,3841.776527083,3841.778297417,3842.225841958,3842.061729583,NaN,NaN,NaN,NaN,,NaN,,3841.773040875,3841.776480958,None,NaN,NaN,,NaN,NaN,NaN,NaN,NaN,NaN,NaN,9,bathroom,2,2024-03-22_12h26.00.837,image_similarity_rating,2023.2.3,None,2024-03-22 12h27.07.079342 +0100
,121,130,432,432,stimuli/own/bathroom/121_bat.jpg,stimuli/own/bathroom/130_bat.jpg,NaN,NaN,NaN,NaN,NaN,NaN,NaN,NaN,0,447,447,431,3846.990602,NaN,NaN,NaN,NaN,NaN,NaN,NaN,,NaN,,3847.275336,3847.444114792,3847.444114792,3847.444114792,3847.444114792,3847.444114792,3847.444114792,3847.444114792,3847.444114792,3847.444114792,3853.243016792,-7,7,8,4,5.73640254099973,1,2.6191650830001,3846.984118667,3846.990602,3847.444114792,3847.275319375,NaN,NaN,NaN,NaN,,NaN,,3846.980668208,3846.984072583,None,NaN,NaN,,NaN,NaN,NaN,NaN,NaN,NaN,NaN,9,bathroom,2,2024-03-22_12h26.00.837,image_similarity_rating,2023.2.3,None,2024-03-22 12h27.07.079342 +0100
,121,141,442,442,stimuli/own/bathroom/121_bat.jpg,stimuli/own/bathroom/141_bat.jpg,NaN,NaN,NaN,NaN,NaN,NaN,NaN,NaN,0,448,448,441,3853.248425833,NaN,NaN,NaN,NaN,NaN,NaN,NaN,,NaN,,3853.542593208,3853.707782208,3853.707782208,3853.707782208,3853.707782208,3853.707782208,3853.707782208,3853.707782208,3853.707782208,3853.707782208,3859.04345175,7,-7,8,5,5.2086857080003,4,3.63013975000013,3853.24665375,3853.248425833,3853.707782208,3853.542578625,NaN,NaN,NaN,NaN,,NaN,,3853.243234083,3853.246607917,None,NaN,NaN,,NaN,NaN,NaN,NaN,NaN,NaN,NaN,9,bathroom,2,2024-03-22_12h26.00.837,image_similarity_rating,2023.2.3,None,2024-03-22 12h27.07.079342 +0100
,136,139,583,601,stimuli/own/bathroom/136_bat.jpg,stimuli/own/bathroom/139_bat.jpg,NaN,NaN,NaN,NaN,NaN,NaN,NaN,NaN,0,449,449,600,3859.049120083,NaN,NaN,NaN,NaN,NaN,NaN,NaN,,NaN,,3859.341926667,3859.513514583,3859.513514583,3859.513514583,3859.513514583,3859.513514583,3859.513514583,3859.513514583,3859.513514583,3859.513514583,3866.097091125,-7,7,8,5,6.2095428749999,5,4.84796466699981,3859.047194958,3859.049120083,3859.513514583,3859.341910625,NaN,NaN,NaN,NaN,,NaN,,3859.043669375,3859.047148458,None,NaN,NaN,,NaN,NaN,NaN,NaN,NaN,NaN,NaN,9,bathroom,2,2024-03-22_12h26.00.837,image_similarity_rating,2023.2.3,None,2024-03-22 12h27.07.079342 +0100
,104,116,107,107,stimuli/own/bathroom/104_bat.jpg,stimuli/own/bathroom/116_bat.jpg,NaN,NaN,NaN,NaN,NaN,NaN,NaN,NaN,0,450,450,106,3866.107222875,NaN,NaN,NaN,NaN,NaN,NaN,NaN,,NaN,,3866.392633375,3866.561027417,3866.561027417,3866.561027417,3866.561027417,3866.561027417,3866.561027417,3866.561027417,3866.561027417,3866.561027417,3874.664575667,7,-7,8,5,7.95157837499983,4,5.13115600000037,3866.100751958,3866.107222875,3866.561027417,3866.392614708,NaN,NaN,NaN,NaN,,NaN,,3866.097310333,3866.100705458,None,NaN,NaN,,NaN,NaN,NaN,NaN,NaN,NaN,NaN,9,bathroom,2,2024-03-22_12h26.00.837,image_similarity_rating,2023.2.3,None,2024-03-22 12h27.07.079342 +0100
,106,138,186,186,stimuli/own/bathroom/106_bat.jpg,stimuli/own/bathroom/138_bat.jpg,NaN,NaN,NaN,NaN,NaN,NaN,NaN,NaN,0,451,451,185,3874.673863833,NaN,NaN,NaN,NaN,NaN,NaN,NaN,,NaN,,3874.958566917,3875.124447333,3875.124447333,3875.124447333,3875.124447333,3875.124447333,3875.124447333,3875.124447333,3875.124447333,3875.124447333,3882.656361875,-7,7,8,4,7.43474991699986,1,5.51421212500009,3874.668262083,3874.673863833,3875.124447333,3874.958551958,NaN,NaN,NaN,NaN,,NaN,,3874.664793583,3874.668216208,None,NaN,NaN,,NaN,NaN,NaN,NaN,NaN,NaN,NaN,9,bathroom,2,2024-03-22_12h26.00.837,image_similarity_rating,2023.2.3,None,2024-03-22 12h27.07.079342 +0100
,104,131,121,612,stimuli/own/bathroom/104_bat.jpg,stimuli/own/bathroom/131_bat.jpg,NaN,NaN,NaN,NaN,NaN,NaN,NaN,NaN,0,452,452,611,3882.661802708,NaN,NaN,NaN,NaN,NaN,NaN,NaN,,NaN,,3882.946000458,3883.116648708,3883.116648708,3883.116648708,3883.116648708,3883.116648708,3883.116648708,3883.116648708,3883.116648708,3883.116648708,3887.943131375,7,-7,8,2,4.77023208400033,1,2.46134266599984,3882.660046,3882.661802708,3883.116648708,3882.945985833,NaN,NaN,NaN,NaN,,NaN,,3882.656587417,3882.660000208,None,NaN,NaN,,NaN,NaN,NaN,NaN,NaN,NaN,NaN,9,bathroom,2,2024-03-22_12h26.00.837,image_similarity_rating,2023.2.3,None,2024-03-22 12h27.07.079342 +0100
,103,126,86,86,stimuli/own/bathroom/103_bat.jpg,stimuli/own/bathroom/126_bat.jpg,NaN,NaN,NaN,NaN,NaN,NaN,NaN,NaN,0,453,453,85,3887.948813125,NaN,NaN,NaN,NaN,NaN,NaN,NaN,,NaN,,3888.241721167,3888.40781325,3888.40781325,3888.40781325,3888.40781325,3888.40781325,3888.40781325,3888.40781325,3888.40781325,3888.40781325,3896.55975175,-7,7,8,4,7.37619237500076,5,5.91873129099986,3887.946889125,3887.948813125,3888.40781325,3888.241702333,NaN,NaN,NaN,NaN,,NaN,,3887.943349375,3887.946843083,None,NaN,NaN,,NaN,NaN,NaN,NaN,NaN,NaN,NaN,9,bathroom,2,2024-03-22_12h26.00.837,image_similarity_rating,2023.2.3,None,2024-03-22 12h27.07.079342 +0100
,103,121,81,81,stimuli/own/bathroom/103_bat.jpg,stimuli/own/bathroom/121_bat.jpg,NaN,NaN,NaN,NaN,NaN,NaN,NaN,NaN,0,454,454,80,3896.565429542,NaN,NaN,NaN,NaN,NaN,NaN,NaN,,NaN,,3896.858389,3897.026951875,3897.026951875,3897.026951875,3897.026951875,3897.026951875,3897.026951875,3897.026951875,3897.026951875,3897.026951875,3904.447239333,-7,7,8,4,4.24266466600056,3,7.24593458300023,3896.5634955,3896.565429542,3897.026951875,3896.858362458,NaN,NaN,NaN,NaN,,NaN,,3896.55996925,3896.563449083,None,NaN,NaN,,NaN,NaN,NaN,NaN,NaN,NaN,NaN,9,bathroom,2,2024-03-22_12h26.00.837,image_similarity_rating,2023.2.3,None,2024-03-22 12h27.07.079342 +0100
,103,129,88,88,stimuli/own/bathroom/103_bat.jpg,stimuli/own/bathroom/129_bat.jpg,NaN,NaN,NaN,NaN,NaN,NaN,NaN,NaN,0,455,455,87,3904.457022125,NaN,NaN,NaN,NaN,NaN,NaN,NaN,,NaN,,3904.741680417,3904.90685575,3904.90685575,3904.90685575,3904.90685575,3904.90685575,3904.90685575,3904.90685575,3904.90685575,3904.90685575,3911.592849583,-7,7,8,3,6.69557583299957,5,5.0976843339995,3904.450900417,3904.457022125,3904.90685575,3904.741666417,NaN,NaN,NaN,NaN,,NaN,,3904.4474685,3904.450854833,None,NaN,NaN,,NaN,NaN,NaN,NaN,NaN,NaN,NaN,9,bathroom,2,2024-03-22_12h26.00.837,image_similarity_rating,2023.2.3,None,2024-03-22 12h27.07.079342 +0100
,106,114,165,165,stimuli/own/bathroom/106_bat.jpg,stimuli/own/bathroom/114_bat.jpg,NaN,NaN,NaN,NaN,NaN,NaN,NaN,NaN,0,456,456,164,3911.598562708,NaN,NaN,NaN,NaN,NaN,NaN,NaN,,NaN,,3911.891542292,3912.05470125,3912.05470125,3912.05470125,3912.05470125,3912.05470125,3912.05470125,3912.05470125,3912.05470125,3912.05470125,3916.089232833,-7,7,8,2,3.86898533299973,1,2.1865546250001,3911.59661325,3911.598562708,3912.05470125,3911.8915295,NaN,NaN,NaN,NaN,,NaN,,3911.59306625,3911.596567208,None,NaN,NaN,,NaN,NaN,NaN,NaN,NaN,NaN,NaN,9,bathroom,2,2024-03-22_12h26.00.837,image_similarity_rating,2023.2.3,None,2024-03-22 12h27.07.079342 +0100
,109,111,190,190,stimuli/own/bathroom/109_bat.jpg,stimuli/own/bathroom/111_bat.jpg,NaN,NaN,NaN,NaN,NaN,NaN,NaN,NaN,0,457,457,189,3916.094905375,NaN,NaN,NaN,NaN,NaN,NaN,NaN,,NaN,,3916.379351542,3916.546509708,3916.546509708,3916.546509708,3916.546509708,3916.546509708,3916.546509708,3916.546509708,3916.546509708,3916.546509708,3929.9224465,-7,7,8,3,12.9052291669996,2,10.7427399580001,3916.092956792,3916.094905375,3916.546509708,3916.379337708,NaN,NaN,NaN,NaN,,NaN,,3916.089478375,3916.092910583,None,NaN,NaN,,NaN,NaN,NaN,NaN,NaN,NaN,NaN,9,bathroom,2,2024-03-22_12h26.00.837,image_similarity_rating,2023.2.3,None,2024-03-22 12h27.07.079342 +0100
,127,138,526,526,stimuli/own/bathroom/127_bat.jpg,stimuli/own/bathroom/138_bat.jpg,NaN,NaN,NaN,NaN,NaN,NaN,NaN,NaN,0,458,458,525,3929.928153667,NaN,NaN,NaN,NaN,NaN,NaN,NaN,,NaN,,3930.212108417,3930.376949375,3930.376949375,3930.376949375,3930.376949375,3930.376949375,3930.376949375,3930.376949375,3930.376949375,3930.376949375,3944.684348042,-7,7,8,5,13.6914378749998,3,10.4858897079994,3929.926142583,3929.928153667,3930.376949375,3930.212094792,NaN,NaN,NaN,NaN,,NaN,,3929.922687833,3929.926095375,None,NaN,NaN,,NaN,NaN,NaN,NaN,NaN,NaN,NaN,9,bathroom,2,2024-03-22_12h26.00.837,image_similarity_rating,2023.2.3,None,2024-03-22 12h27.07.079342 +0100
,105,106,131,131,stimuli/own/bathroom/105_bat.jpg,stimuli/own/bathroom/106_bat.jpg,NaN,NaN,NaN,NaN,NaN,NaN,NaN,NaN,0,459,459,130,3944.689915458,NaN,NaN,NaN,NaN,NaN,NaN,NaN,,NaN,,3944.97486125,3945.140628208,3945.140628208,3945.140628208,3945.140628208,3945.140628208,3945.140628208,3945.140628208,3945.140628208,3945.140628208,3951.468177958,7,-7,8,3,5.74257720900005,2,3.69194999999945,3944.688016125,3944.689915458,3945.140628208,3944.974846917,NaN,NaN,NaN,NaN,,NaN,,3944.68457075,3944.687970333,None,NaN,NaN,,NaN,NaN,NaN,NaN,NaN,NaN,NaN,9,bathroom,2,2024-03-22_12h26.00.837,image_similarity_rating,2023.2.3,None,2024-03-22 12h27.07.079342 +0100
,102,121,49,49,stimuli/own/bathroom/102_bat.jpg,stimuli/own/bathroom/121_bat.jpg,NaN,NaN,NaN,NaN,NaN,NaN,NaN,NaN,0,460,460,48,3951.490268125,NaN,NaN,NaN,NaN,NaN,NaN,NaN,,NaN,,3951.774477625,3951.945115125,3951.945115125,3951.945115125,3951.945115125,3951.945115125,3951.945115125,3951.945115125,3951.945115125,3951.945115125,3958.510123208,7,-7,8,4,6.11481970899968,4,5.51849525000034,3951.47183525,3951.490268125,NaN,3951.774457917,NaN,NaN,NaN,NaN,,NaN,,3951.468398292,3951.471788833,None,NaN,NaN,,NaN,NaN,NaN,NaN,NaN,NaN,NaN,9,bathroom,2,2024-03-22_12h26.00.837,image_similarity_rating,2023.2.3,None,2024-03-22 12h27.07.079342 +0100
,136,140,584,584,stimuli/own/bathroom/136_bat.jpg,stimuli/own/bathroom/140_bat.jpg,NaN,NaN,NaN,NaN,NaN,NaN,NaN,NaN,0,461,461,583,3958.51575025,NaN,NaN,NaN,NaN,NaN,NaN,NaN,,NaN,,3958.808271208,3958.972895417,3958.972895417,3958.972895417,3958.972895417,3958.972895417,3958.972895417,3958.972895417,3958.972895417,3958.972895417,3967.60124375,-7,7,8,6,7.4146497089996,6,7.97403308299999,3958.51381275,3958.51575025,3958.972895417,3958.808256458,NaN,NaN,NaN,NaN,,NaN,,3958.510347375,3958.513766542,None,NaN,NaN,,NaN,NaN,NaN,NaN,NaN,NaN,NaN,9,bathroom,2,2024-03-22_12h26.00.837,image_similarity_rating,2023.2.3,None,2024-03-22 12h27.07.079342 +0100
,106,134,182,182,stimuli/own/bathroom/106_bat.jpg,stimuli/own/bathroom/134_bat.jpg,NaN,NaN,NaN,NaN,NaN,NaN,NaN,NaN,0,462,462,181,3967.606728583,NaN,NaN,NaN,NaN,NaN,NaN,NaN,,NaN,,3967.891435792,3968.059511208,3968.059511208,3968.059511208,3968.059511208,3968.059511208,3968.059511208,3968.059511208,3968.059511208,3968.059511208,3975.072288083,7,-7,8,3,6.44751245799944,1,2.48402391700074,3967.604895208,3967.606728583,3968.059511208,3967.891418917,NaN,NaN,NaN,NaN,,NaN,,3967.601462417,3967.604849083,None,NaN,NaN,,NaN,NaN,NaN,NaN,NaN,NaN,NaN,9,bathroom,2,2024-03-22_12h26.00.837,image_similarity_rating,2023.2.3,None,2024-03-22 12h27.07.079342 +0100
,117,130,354,354,stimuli/own/bathroom/117_bat.jpg,stimuli/own/bathroom/130_bat.jpg,NaN,NaN,NaN,NaN,NaN,NaN,NaN,NaN,0,463,463,353,3975.077770917,NaN,NaN,NaN,NaN,NaN,NaN,NaN,,NaN,,3975.362169292,3975.526451417,3975.526451417,3975.526451417,3975.526451417,3975.526451417,3975.526451417,3975.526451417,3975.526451417,3975.526451417,3997.472286167,7,-7,8,4,19.8058447909998,5,18.9193985829997,3975.075999667,3975.077770917,3975.526451417,3975.362155458,NaN,NaN,NaN,NaN,,NaN,,3975.072526542,3975.075953,None,NaN,NaN,,NaN,NaN,NaN,NaN,NaN,NaN,NaN,9,bathroom,2,2024-03-22_12h26.00.837,image_similarity_rating,2023.2.3,None,2024-03-22 12h27.07.079342 +0100
,111,124,229,229,stimuli/own/bathroom/111_bat.jpg,stimuli/own/bathroom/124_bat.jpg,NaN,NaN,NaN,NaN,NaN,NaN,NaN,NaN,0,464,464,228,3997.477916958,NaN,NaN,NaN,NaN,NaN,NaN,NaN,,NaN,,3997.762260458,3997.92882475,3997.92882475,3997.92882475,3997.92882475,3997.92882475,3997.92882475,3997.92882475,3997.92882475,3997.92882475,4005.501409875,-7,7,8,6,6.37905458299974,5,6.99943266599985,3997.475997208,3997.477916958,3997.92882475,3997.762247083,NaN,NaN,NaN,NaN,,NaN,,3997.472530708,3997.475950667,None,NaN,NaN,,NaN,NaN,NaN,NaN,NaN,NaN,NaN,9,bathroom,2,2024-03-22_12h26.00.837,image_similarity_rating,2023.2.3,None,2024-03-22 12h27.07.079342 +0100
,122,138,456,456,stimuli/own/bathroom/122_bat.jpg,stimuli/own/bathroom/138_bat.jpg,NaN,NaN,NaN,NaN,NaN,NaN,NaN,NaN,0,465,465,455,4005.523619125,NaN,NaN,NaN,NaN,NaN,NaN,NaN,,NaN,,4005.807561042,4005.974059,4005.974059,4005.974059,4005.974059,4005.974059,4005.974059,4005.974059,4005.974059,4005.974059,4011.8133915,7,-7,8,6,4.87899583400031,6,5.2782183749996,4005.50515475,4005.523619125,NaN,4005.807538417,NaN,NaN,NaN,NaN,,NaN,,4005.501629292,4005.505108542,None,NaN,NaN,,NaN,NaN,NaN,NaN,NaN,NaN,NaN,9,bathroom,2,2024-03-22_12h26.00.837,image_similarity_rating,2023.2.3,None,2024-03-22 12h27.07.079342 +0100
,117,131,355,355,stimuli/own/bathroom/117_bat.jpg,stimuli/own/bathroom/131_bat.jpg,NaN,NaN,NaN,NaN,NaN,NaN,NaN,NaN,0,466,466,354,4011.823517958,NaN,NaN,NaN,NaN,NaN,NaN,NaN,,NaN,,4012.107922667,4012.2727885,4012.2727885,4012.2727885,4012.2727885,4012.2727885,4012.2727885,4012.2727885,4012.2727885,4012.2727885,4020.796956375,-7,7,8,2,7.76055833299961,1,3.57580395900004,4011.817049042,4011.823517958,4012.2727885,4012.107907917,NaN,NaN,NaN,NaN,,NaN,,4011.813613708,4011.817002958,None,NaN,NaN,,NaN,NaN,NaN,NaN,NaN,NaN,NaN,9,bathroom,2,2024-03-22_12h26.00.837,image_similarity_rating,2023.2.3,None,2024-03-22 12h27.07.079342 +0100
,113,129,284,284,stimuli/own/bathroom/113_bat.jpg,stimuli/own/bathroom/129_bat.jpg,NaN,NaN,NaN,NaN,NaN,NaN,NaN,NaN,0,467,467,283,4020.8068095,NaN,NaN,NaN,NaN,NaN,NaN,NaN,,NaN,,4021.09131225,4021.2561975,4021.2561975,4021.2561975,4021.2561975,4021.2561975,4021.2561975,4021.2561975,4021.2561975,4021.2561975,4025.055448125,-7,7,8,6,2.40756670799965,6,3.28801633400053,4020.800623708,4020.8068095,4021.2561975,4021.091297833,NaN,NaN,NaN,NaN,,NaN,,4020.797180208,4020.800576917,None,NaN,NaN,,NaN,NaN,NaN,NaN,NaN,NaN,NaN,9,bathroom,2,2024-03-22_12h26.00.837,image_similarity_rating,2023.2.3,None,2024-03-22 12h27.07.079342 +0100
,119,123,389,389,stimuli/own/bathroom/119_bat.jpg,stimuli/own/bathroom/123_bat.jpg,NaN,NaN,NaN,NaN,NaN,NaN,NaN,NaN,0,468,468,388,4025.060917333,NaN,NaN,NaN,NaN,NaN,NaN,NaN,,NaN,,4025.3456625,4025.51580125,4025.51580125,4025.51580125,4025.51580125,4025.51580125,4025.51580125,4025.51580125,4025.51580125,4025.51580125,4029.580220958,7,-7,8,6,4.12670208399959,6,3.2806556659998,4025.0591545,4025.060917333,4025.51580125,4025.345643,NaN,NaN,NaN,NaN,,NaN,,4025.055689333,4025.059108458,None,NaN,NaN,,NaN,NaN,NaN,NaN,NaN,NaN,NaN,9,bathroom,2,2024-03-22_12h26.00.837,image_similarity_rating,2023.2.3,None,2024-03-22 12h27.07.079342 +0100
,121,132,434,434,stimuli/own/bathroom/121_bat.jpg,stimuli/own/bathroom/132_bat.jpg,NaN,NaN,NaN,NaN,NaN,NaN,NaN,NaN,0,469,469,433,4029.590219708,NaN,NaN,NaN,NaN,NaN,NaN,NaN,,NaN,,4029.875386583,4030.040339208,4030.040339208,4030.040339208,4030.040339208,4030.040339208,4030.040339208,4030.040339208,4030.040339208,4030.040339208,4035.717632958,7,-7,8,4,4.94396850000066,2,5.59043645900056,4029.583848792,4029.590219708,4030.040339208,4029.875373583,NaN,NaN,NaN,NaN,,NaN,,4029.580444917,4029.583802917,None,NaN,NaN,,NaN,NaN,NaN,NaN,NaN,NaN,NaN,9,bathroom,2,2024-03-22_12h26.00.837,image_similarity_rating,2023.2.3,None,2024-03-22 12h27.07.079342 +0100
,103,141,99,99,stimuli/own/bathroom/103_bat.jpg,stimuli/own/bathroom/141_bat.jpg,NaN,NaN,NaN,NaN,NaN,NaN,NaN,NaN,0,470,470,98,4035.723211,NaN,NaN,NaN,NaN,NaN,NaN,NaN,,NaN,,4036.007882792,4036.174065083,4036.174065083,4036.174065083,4036.174065083,4036.174065083,4036.174065083,4036.174065083,4036.174065083,4036.174065083,4040.02241825,-7,7,8,5,3.28097374999925,6,3.77276229099971,4035.721395708,4035.723211,4036.174065083,4036.007868708,NaN,NaN,NaN,NaN,,NaN,,4035.717852333,4035.721349792,None,NaN,NaN,,NaN,NaN,NaN,NaN,NaN,NaN,NaN,9,bathroom,2,2024-03-22_12h26.00.837,image_similarity_rating,2023.2.3,None,2024-03-22 12h27.07.079342 +0100
,121,126,429,429,stimuli/own/bathroom/121_bat.jpg,stimuli/own/bathroom/126_bat.jpg,NaN,NaN,NaN,NaN,NaN,NaN,NaN,NaN,0,471,471,428,4040.028096208,NaN,NaN,NaN,NaN,NaN,NaN,NaN,,NaN,,4040.312315917,4040.482535833,4040.482535833,4040.482535833,4040.482535833,4040.482535833,4040.482535833,4040.482535833,4040.482535833,4040.482535833,4045.43003475,7,-7,8,4,4.92287858399959,2,2.55297508300009,4040.026130125,4040.028096208,4040.482535833,4040.312300125,NaN,NaN,NaN,NaN,,NaN,,4040.02263575,4040.026083542,None,NaN,NaN,,NaN,NaN,NaN,NaN,NaN,NaN,NaN,9,bathroom,2,2024-03-22_12h26.00.837,image_similarity_rating,2023.2.3,None,2024-03-22 12h27.07.079342 +0100
,106,111,162,162,stimuli/own/bathroom/106_bat.jpg,stimuli/own/bathroom/111_bat.jpg,NaN,NaN,NaN,NaN,NaN,NaN,NaN,NaN,0,472,472,161,4045.439876875,NaN,NaN,NaN,NaN,NaN,NaN,NaN,,NaN,,4045.724477125,4045.897306417,4045.897306417,4045.897306417,4045.897306417,4045.897306417,4045.897306417,4045.897306417,4045.897306417,4045.897306417,4050.538771083,-7,7,8,3,4.54201900000044,1,1.97125591599979,4045.433673167,4045.439876875,4045.897306417,4045.724460542,NaN,NaN,NaN,NaN,,NaN,,4045.430253,4045.433627625,None,NaN,NaN,,NaN,NaN,NaN,NaN,NaN,NaN,NaN,9,bathroom,2,2024-03-22_12h26.00.837,image_similarity_rating,2023.2.3,None,2024-03-22 12h27.07.079342 +0100
,122,137,455,455,stimuli/own/bathroom/122_bat.jpg,stimuli/own/bathroom/137_bat.jpg,NaN,NaN,NaN,NaN,NaN,NaN,NaN,NaN,0,473,473,454,4050.544396375,NaN,NaN,NaN,NaN,NaN,NaN,NaN,,NaN,,4050.82840975,4050.992481625,4050.992481625,4050.992481625,4050.992481625,4050.992481625,4050.992481625,4050.992481625,4050.992481625,4050.992481625,4058.325718083,-7,7,8,1,7.08721658299964,2,2.40910900000017,4050.542572083,4050.544396375,4050.992481625,4050.828395583,NaN,NaN,NaN,NaN,,NaN,,4050.539010875,4050.542525792,None,NaN,NaN,,NaN,NaN,NaN,NaN,NaN,NaN,NaN,9,bathroom,2,2024-03-22_12h26.00.837,image_similarity_rating,2023.2.3,None,2024-03-22 12h27.07.079342 +0100
,101,118,13,13,stimuli/own/bathroom/101_bat.jpg,stimuli/own/bathroom/118_bat.jpg,NaN,NaN,NaN,NaN,NaN,NaN,NaN,NaN,0,474,474,12,4058.331436958,NaN,NaN,NaN,NaN,NaN,NaN,NaN,,NaN,,4058.625248958,4058.789229875,4058.789229875,4058.789229875,4058.789229875,4058.789229875,4058.789229875,4058.789229875,4058.789229875,4058.789229875,4063.696775042,7,-7,8,3,4.95378466700004,1,2.321522792,4058.329377958,4058.331436958,4058.789229875,4058.625235583,NaN,NaN,NaN,NaN,,NaN,,4058.325936958,4058.329331625,None,NaN,NaN,,NaN,NaN,NaN,NaN,NaN,NaN,NaN,9,bathroom,2,2024-03-22_12h26.00.837,image_similarity_rating,2023.2.3,None,2024-03-22 12h27.07.079342 +0100
,120,136,419,419,stimuli/own/bathroom/120_bat.jpg,stimuli/own/bathroom/136_bat.jpg,NaN,NaN,NaN,NaN,NaN,NaN,NaN,NaN,0,475,475,418,4063.706436292,NaN,NaN,NaN,NaN,NaN,NaN,NaN,,NaN,,4063.991627417,4064.157985917,4064.157985917,4064.157985917,4064.157985917,4064.157985917,4064.157985917,4064.157985917,4064.157985917,4064.157985917,4071.417352333,7,-7,8,5,7.22620020800059,5,4.65827737499967,4063.700417792,4063.706436292,4064.157985917,4063.991610458,NaN,NaN,NaN,NaN,,NaN,,4063.696999375,4063.700371583,None,NaN,NaN,,NaN,NaN,NaN,NaN,NaN,NaN,NaN,9,bathroom,2,2024-03-22_12h26.00.837,image_similarity_rating,2023.2.3,None,2024-03-22 12h27.07.079342 +0100
,114,140,318,318,stimuli/own/bathroom/114_bat.jpg,stimuli/own/bathroom/140_bat.jpg,NaN,NaN,NaN,NaN,NaN,NaN,NaN,NaN,0,476,476,317,4071.422964208,NaN,NaN,NaN,NaN,NaN,NaN,NaN,,NaN,,4071.707654125,4071.873507375,4071.873507375,4071.873507375,4071.873507375,4071.873507375,4071.873507375,4071.873507375,4071.873507375,4071.873507375,4078.467595458,-7,7,8,5,6.62813929200001,7,5.07495966699935,4071.420993125,4071.422964208,4071.873507375,4071.707638958,NaN,NaN,NaN,NaN,,NaN,,4071.417570792,4071.420946917,None,NaN,NaN,,NaN,NaN,NaN,NaN,NaN,NaN,NaN,9,bathroom,2,2024-03-22_12h26.00.837,image_similarity_rating,2023.2.3,None,2024-03-22 12h27.07.079342 +0100
,104,141,130,130,stimuli/own/bathroom/104_bat.jpg,stimuli/own/bathroom/141_bat.jpg,NaN,NaN,NaN,NaN,NaN,NaN,NaN,NaN,0,477,477,129,4078.490019333,NaN,NaN,NaN,NaN,NaN,NaN,NaN,,NaN,,4078.773904458,4078.940154333,4078.940154333,4078.940154333,4078.940154333,4078.940154333,4078.940154333,4078.940154333,4078.940154333,4078.940154333,4083.063181542,-7,7,8,5,4.10909083299975,4,3.33337516600022,4078.471350167,4078.490019333,NaN,4078.7738865,NaN,NaN,NaN,NaN,,NaN,,4078.467811583,4078.471302375,None,NaN,NaN,,NaN,NaN,NaN,NaN,NaN,NaN,NaN,9,bathroom,2,2024-03-22_12h26.00.837,image_similarity_rating,2023.2.3,None,2024-03-22 12h27.07.079342 +0100
,132,135,561,561,stimuli/own/bathroom/132_bat.jpg,stimuli/own/bathroom/135_bat.jpg,NaN,NaN,NaN,NaN,NaN,NaN,NaN,NaN,0,478,478,560,4083.07313075,NaN,NaN,NaN,NaN,NaN,NaN,NaN,,NaN,,4083.357706792,4083.526652417,4083.526652417,4083.526652417,4083.526652417,4083.526652417,4083.526652417,4083.526652417,4083.526652417,4083.526652417,4086.022170917,-7,7,8,6,2.02264791699963,6,2.48406262500066,4083.066830875,4083.07313075,4083.526652417,4083.357690167,NaN,NaN,NaN,NaN,,NaN,,4083.063398792,4083.066784167,None,NaN,NaN,,NaN,NaN,NaN,NaN,NaN,NaN,NaN,9,bathroom,2,2024-03-22_12h26.00.837,image_similarity_rating,2023.2.3,None,2024-03-22 12h27.07.079342 +0100
,102,112,41,41,stimuli/own/bathroom/102_bat.jpg,stimuli/own/bathroom/112_bat.jpg,NaN,NaN,NaN,NaN,NaN,NaN,NaN,NaN,0,479,479,40,4086.027770083,NaN,NaN,NaN,NaN,NaN,NaN,NaN,,NaN,,4086.311937083,4086.480364625,4086.480364625,4086.480364625,4086.480364625,4086.480364625,4086.480364625,4086.480364625,4086.480364625,4086.480364625,4095.542260125,7,-7,8,6,8.19197695899948,6,8.99992341699999,4086.025839042,4086.027770083,4086.480364625,4086.311922583,NaN,NaN,NaN,NaN,,NaN,,4086.022389083,4086.025792792,None,NaN,NaN,,NaN,NaN,NaN,NaN,NaN,NaN,NaN,9,bathroom,2,2024-03-22_12h26.00.837,image_similarity_rating,2023.2.3,None,2024-03-22 12h27.07.079342 +0100
,117,120,345,345,stimuli/own/bathroom/117_bat.jpg,stimuli/own/bathroom/120_bat.jpg,NaN,NaN,NaN,NaN,NaN,NaN,NaN,NaN,0,480,480,344,4095.547820417,NaN,NaN,NaN,NaN,NaN,NaN,NaN,,NaN,,4095.841102458,4096.0116215,4096.0116215,4096.0116215,4096.0116215,4096.0116215,4096.0116215,4096.0116215,4096.0116215,4096.0116215,4102.222186292,7,-7,8,6,6.27365774999998,5,3.43951175000075,4095.545901708,4095.547820417,4096.0116215,4095.841085375,NaN,NaN,NaN,NaN,,NaN,,4095.542478583,4095.545854958,None,NaN,NaN,,NaN,NaN,NaN,NaN,NaN,NaN,NaN,9,bathroom,2,2024-03-22_12h26.00.837,image_similarity_rating,2023.2.3,None,2024-03-22 12h27.07.079342 +0100
,105,122,143,143,stimuli/own/bathroom/105_bat.jpg,stimuli/own/bathroom/122_bat.jpg,NaN,NaN,NaN,NaN,NaN,NaN,NaN,NaN,0,481,481,142,4102.227629,NaN,NaN,NaN,NaN,NaN,NaN,NaN,,NaN,,4102.5120925,4102.680864292,4102.680864292,4102.680864292,4102.680864292,4102.680864292,4102.680864292,4102.680864292,4102.680864292,4102.680864292,4109.597875708,7,-7,8,2,7.04207345899977,4,4.73948533400016,4102.225865292,4102.227629,4102.680864292,4102.512076958,NaN,NaN,NaN,NaN,,NaN,,4102.222403042,4102.225819042,None,NaN,NaN,,NaN,NaN,NaN,NaN,NaN,NaN,NaN,9,bathroom,2,2024-03-22_12h26.00.837,image_similarity_rating,2023.2.3,None,2024-03-22 12h27.07.079342 +0100
,114,120,300,300,stimuli/own/bathroom/114_bat.jpg,stimuli/own/bathroom/120_bat.jpg,NaN,NaN,NaN,NaN,NaN,NaN,NaN,NaN,0,482,482,299,4109.606365667,NaN,NaN,NaN,NaN,NaN,NaN,NaN,,NaN,,4109.891059375,4110.05576825,4110.05576825,4110.05576825,4110.05576825,4110.05576825,4110.05576825,4110.05576825,4110.05576825,4110.05576825,4119.038523625,-7,7,8,3,6.40026629099975,6,8.72170258299957,4109.601632625,4109.606365667,4110.05576825,4109.891044917,NaN,NaN,NaN,NaN,,NaN,,4109.598093042,4109.601585542,None,NaN,NaN,,NaN,NaN,NaN,NaN,NaN,NaN,NaN,9,bathroom,2,2024-03-22_12h26.00.837,image_similarity_rating,2023.2.3,None,2024-03-22 12h27.07.079342 +0100
,106,117,167,167,stimuli/own/bathroom/106_bat.jpg,stimuli/own/bathroom/117_bat.jpg,NaN,NaN,NaN,NaN,NaN,NaN,NaN,NaN,0,483,483,166,4119.044158042,NaN,NaN,NaN,NaN,NaN,NaN,NaN,,NaN,,4119.328687708,4119.496900792,4119.496900792,4119.496900792,4119.496900792,4119.496900792,4119.496900792,4119.496900792,4119.496900792,4119.496900792,4124.684125667,7,-7,8,2,5.22319249999964,1,1.87972162500046,4119.042243083,4119.044158042,4119.496900792,4119.328672292,NaN,NaN,NaN,NaN,,NaN,,4119.03876825,4119.04219675,None,NaN,NaN,,NaN,NaN,NaN,NaN,NaN,NaN,NaN,9,bathroom,2,2024-03-22_12h26.00.837,image_similarity_rating,2023.2.3,None,2024-03-22 12h27.07.079342 +0100
,117,132,356,356,stimuli/own/bathroom/117_bat.jpg,stimuli/own/bathroom/132_bat.jpg,NaN,NaN,NaN,NaN,NaN,NaN,NaN,NaN,0,484,484,355,4124.706560458,NaN,NaN,NaN,NaN,NaN,NaN,NaN,,NaN,,4124.990476792,4125.156499583,4125.156499583,4125.156499583,4125.156499583,4125.156499583,4125.156499583,4125.156499583,4125.156499583,4125.156499583,4130.4551815,-7,7,8,4,5.27198075000069,6,3.58732095800042,4124.687880792,4124.706560458,NaN,4124.990458333,NaN,NaN,NaN,NaN,,NaN,,4124.684343667,4124.687834917,None,NaN,NaN,,NaN,NaN,NaN,NaN,NaN,NaN,NaN,9,bathroom,2,2024-03-22_12h26.00.837,image_similarity_rating,2023.2.3,None,2024-03-22 12h27.07.079342 +0100
,119,139,403,403,stimuli/own/bathroom/119_bat.jpg,stimuli/own/bathroom/139_bat.jpg,NaN,NaN,NaN,NaN,NaN,NaN,NaN,NaN,0,485,485,402,4130.460635375,NaN,NaN,NaN,NaN,NaN,NaN,NaN,,NaN,,4130.746091792,4130.909096958,4130.909096958,4130.909096958,4130.909096958,4130.909096958,4130.909096958,4130.909096958,4130.909096958,4130.909096958,4136.325383333,-7,7,8,3,5.51338908300022,4,4.20428116699986,4130.458872083,4130.460635375,4130.909096958,4130.746081875,NaN,NaN,NaN,NaN,,NaN,,4130.455427125,4130.458825917,None,NaN,NaN,,NaN,NaN,NaN,NaN,NaN,NaN,NaN,9,bathroom,2,2024-03-22_12h26.00.837,image_similarity_rating,2023.2.3,None,2024-03-22 12h27.07.079342 +0100
,122,124,444,444,stimuli/own/bathroom/122_bat.jpg,stimuli/own/bathroom/124_bat.jpg,NaN,NaN,NaN,NaN,NaN,NaN,NaN,NaN,0,486,486,443,4136.330960375,NaN,NaN,NaN,NaN,NaN,NaN,NaN,,NaN,,4136.6242495,4136.794695167,4136.794695167,4136.794695167,4136.794695167,4136.794695167,4136.794695167,4136.794695167,4136.794695167,4136.794695167,4144.2936055,-7,7,8,6,6.69770674999927,6,7.21890074999919,4136.329031375,4136.330960375,4136.794695167,4136.624233458,NaN,NaN,NaN,NaN,,NaN,,4136.325601083,4136.328985125,None,NaN,NaN,,NaN,NaN,NaN,NaN,NaN,NaN,NaN,9,bathroom,2,2024-03-22_12h26.00.837,image_similarity_rating,2023.2.3,None,2024-03-22 12h27.07.079342 +0100
,101,116,11,11,stimuli/own/bathroom/101_bat.jpg,stimuli/own/bathroom/116_bat.jpg,NaN,NaN,NaN,NaN,NaN,NaN,NaN,NaN,0,487,487,10,4144.306157125,NaN,NaN,NaN,NaN,NaN,NaN,NaN,,NaN,,4144.590761625,4144.757463625,4144.757463625,4144.757463625,4144.757463625,4144.757463625,4144.757463625,4144.757463625,4144.757463625,4144.757463625,4149.262868167,-7,7,8,5,4.53055633300028,3,3.76429162500062,4144.297466333,4144.306157125,4144.757463625,4144.590746958,NaN,NaN,NaN,NaN,,NaN,,4144.293838208,4144.297417958,None,NaN,NaN,,NaN,NaN,NaN,NaN,NaN,NaN,NaN,9,bathroom,2,2024-03-22_12h26.00.837,image_similarity_rating,2023.2.3,None,2024-03-22 12h27.07.079342 +0100
,113,118,274,274,stimuli/own/bathroom/113_bat.jpg,stimuli/own/bathroom/118_bat.jpg,NaN,NaN,NaN,NaN,NaN,NaN,NaN,NaN,0,488,488,273,4149.272815708,NaN,NaN,NaN,NaN,NaN,NaN,NaN,,NaN,,4149.558161542,4149.722700083,4149.722700083,4149.722700083,4149.722700083,4149.722700083,4149.722700083,4149.722700083,4149.722700083,4149.722700083,4153.309377167,7,-7,8,4,3.5219349580002,1,2.19579150000027,4149.266507917,4149.272815708,4149.722700083,4149.558146458,NaN,NaN,NaN,NaN,,NaN,,4149.263084417,4149.266461958,None,NaN,NaN,,NaN,NaN,NaN,NaN,NaN,NaN,NaN,9,bathroom,2,2024-03-22_12h26.00.837,image_similarity_rating,2023.2.3,None,2024-03-22 12h27.07.079342 +0100
,113,131,286,286,stimuli/own/bathroom/113_bat.jpg,stimuli/own/bathroom/131_bat.jpg,NaN,NaN,NaN,NaN,NaN,NaN,NaN,NaN,0,489,489,285,4153.315036208,NaN,NaN,NaN,NaN,NaN,NaN,NaN,,NaN,,4153.608373625,4153.774285375,4153.774285375,4153.774285375,4153.774285375,4153.774285375,4153.774285375,4153.774285375,4153.774285375,4153.774285375,4156.52952075,7,-7,8,2,2.80405895900003,1,1.86090016599974,4153.313117208,4153.315036208,4153.774285375,4153.608359958,NaN,NaN,NaN,NaN,,NaN,,4153.309597542,4153.313070125,None,NaN,NaN,,NaN,NaN,NaN,NaN,NaN,NaN,NaN,9,bathroom,2,2024-03-22_12h26.00.837,image_similarity_rating,2023.2.3,None,2024-03-22 12h27.07.079342 +0100
,112,120,251,251,stimuli/own/bathroom/112_bat.jpg,stimuli/own/bathroom/120_bat.jpg,NaN,NaN,NaN,NaN,NaN,NaN,NaN,NaN,0,490,490,250,4156.539565333,NaN,NaN,NaN,NaN,NaN,NaN,NaN,,NaN,,4156.824855333,4156.989253625,4156.989253625,4156.989253625,4156.989253625,4156.989253625,4156.989253625,4156.989253625,4156.989253625,4156.989253625,4159.955394,7,-7,8,6,2.2538302920002,6,2.85225787499985,4156.533298833,4156.539565333,4156.989253625,4156.824842375,NaN,NaN,NaN,NaN,,NaN,,4156.529737792,4156.533252792,None,NaN,NaN,,NaN,NaN,NaN,NaN,NaN,NaN,NaN,9,bathroom,2,2024-03-22_12h26.00.837,image_similarity_rating,2023.2.3,None,2024-03-22 12h27.07.079342 +0100
,116,129,331,331,stimuli/own/bathroom/116_bat.jpg,stimuli/own/bathroom/129_bat.jpg,NaN,NaN,NaN,NaN,NaN,NaN,NaN,NaN,0,491,491,330,4159.961013125,NaN,NaN,NaN,NaN,NaN,NaN,NaN,,NaN,,4160.244452,4160.406886792,4160.406886792,4160.406886792,4160.406886792,4160.406886792,4160.406886792,4160.406886792,4160.406886792,4160.406886792,4172.962807292,7,-7,8,4,12.1284064170004,2,11.4411337089996,4159.959100625,4159.961013125,4160.406886792,4160.244441875,NaN,NaN,NaN,NaN,,NaN,,4159.955614417,4159.959054042,None,NaN,NaN,,NaN,NaN,NaN,NaN,NaN,NaN,NaN,9,bathroom,2,2024-03-22_12h26.00.837,image_similarity_rating,2023.2.3,None,2024-03-22 12h27.07.079342 +0100
,105,141,160,160,stimuli/own/bathroom/105_bat.jpg,stimuli/own/bathroom/141_bat.jpg,NaN,NaN,NaN,NaN,NaN,NaN,NaN,NaN,0,492,492,159,4172.972833792,NaN,NaN,NaN,NaN,NaN,NaN,NaN,,NaN,,4173.257504417,4173.425174875,4173.425174875,4173.425174875,4173.425174875,4173.425174875,4173.425174875,4173.425174875,4173.425174875,4173.425174875,4184.562832792,-7,7,8,4,10.4618059160002,3,9.08095104200038,4172.966481333,4172.972833792,4173.425174875,4173.257489542,NaN,NaN,NaN,NaN,,NaN,,4172.963032542,4172.966421417,None,NaN,NaN,,NaN,NaN,NaN,NaN,NaN,NaN,NaN,9,bathroom,2,2024-03-22_12h26.00.837,image_similarity_rating,2023.2.3,None,2024-03-22 12h27.07.079342 +0100
,120,139,422,422,stimuli/own/bathroom/120_bat.jpg,stimuli/own/bathroom/139_bat.jpg,NaN,NaN,NaN,NaN,NaN,NaN,NaN,NaN,0,493,493,421,4184.572899083,NaN,NaN,NaN,NaN,NaN,NaN,NaN,,NaN,,4184.857456417,4185.02519425,4185.02519425,4185.02519425,4185.02519425,4185.02519425,4185.02519425,4185.02519425,4185.02519425,4185.02519425,4190.841826917,-7,7,8,3,4.65375441699962,5,5.34497441599979,4184.566502833,4184.572899083,4185.02519425,4184.857439917,NaN,NaN,NaN,NaN,,NaN,,4184.563051958,4184.566456875,None,NaN,NaN,,NaN,NaN,NaN,NaN,NaN,NaN,NaN,9,bathroom,2,2024-03-22_12h26.00.837,image_similarity_rating,2023.2.3,None,2024-03-22 12h27.07.079342 +0100
,132,141,567,567,stimuli/own/bathroom/132_bat.jpg,stimuli/own/bathroom/141_bat.jpg,NaN,NaN,NaN,NaN,NaN,NaN,NaN,NaN,0,494,494,566,4190.847502875,NaN,NaN,NaN,NaN,NaN,NaN,NaN,,NaN,,4191.140630917,4191.30511925,4191.30511925,4191.30511925,4191.30511925,4191.30511925,4191.30511925,4191.30511925,4191.30511925,4191.30511925,4200.604635333,7,-7,8,5,4.59280145799949,4,8.67531529200005,4190.845569625,4190.847502875,4191.30511925,4191.140618083,NaN,NaN,NaN,NaN,,NaN,,4190.842048,4190.845523542,None,NaN,NaN,,NaN,NaN,NaN,NaN,NaN,NaN,NaN,9,bathroom,2,2024-03-22_12h26.00.837,image_similarity_rating,2023.2.3,None,2024-03-22 12h27.07.079342 +0100
,121,131,433,433,stimuli/own/bathroom/121_bat.jpg,stimuli/own/bathroom/131_bat.jpg,NaN,NaN,NaN,NaN,NaN,NaN,NaN,NaN,0,495,495,432,4200.610388292,NaN,NaN,NaN,NaN,NaN,NaN,NaN,,NaN,,4200.894465833,4201.058390792,4201.058390792,4201.058390792,4201.058390792,4201.058390792,4201.058390792,4201.058390792,4201.058390792,4201.058390792,4210.588276708,-7,7,8,2,5.53323066599933,5,8.96833575000073,4200.608446,4200.610388292,4201.058390792,4200.894453125,NaN,NaN,NaN,NaN,,NaN,,4200.604859125,4200.608399833,None,NaN,NaN,,NaN,NaN,NaN,NaN,NaN,NaN,NaN,9,bathroom,2,2024-03-22_12h26.00.837,image_similarity_rating,2023.2.3,None,2024-03-22 12h27.07.079342 +0100
,138,140,591,591,stimuli/own/bathroom/138_bat.jpg,stimuli/own/bathroom/140_bat.jpg,NaN,NaN,NaN,NaN,NaN,NaN,NaN,NaN,0,496,496,590,4210.594007375,NaN,NaN,NaN,NaN,NaN,NaN,NaN,,NaN,,4210.877823333,4211.0431405,4211.0431405,4211.0431405,4211.0431405,4211.0431405,4211.0431405,4211.0431405,4211.0431405,4211.0431405,4220.525936333,-7,7,8,3,8.96094749999975,3,4.99388029200054,4210.592013625,4210.594007375,4211.0431405,4210.877810667,NaN,NaN,NaN,NaN,,NaN,,4210.588514917,4210.591967458,None,NaN,NaN,,NaN,NaN,NaN,NaN,NaN,NaN,NaN,9,bathroom,2,2024-03-22_12h26.00.837,image_similarity_rating,2023.2.3,None,2024-03-22 12h27.07.079342 +0100
,114,132,311,311,stimuli/own/bathroom/114_bat.jpg,stimuli/own/bathroom/132_bat.jpg,NaN,NaN,NaN,NaN,NaN,NaN,NaN,NaN,0,497,497,310,4220.531359333,NaN,NaN,NaN,NaN,NaN,NaN,NaN,,NaN,,4220.823918958,4220.988727375,4220.988727375,4220.988727375,4220.988727375,4220.988727375,4220.988727375,4220.988727375,4220.988727375,4220.988727375,4225.705288208,7,-7,8,6,2.85600112500015,6,3.40749454200068,4220.529592875,4220.531359333,4220.988727375,4220.823905708,NaN,NaN,NaN,NaN,,NaN,,4220.5261575,4220.529541625,None,NaN,NaN,,NaN,NaN,NaN,NaN,NaN,NaN,NaN,9,bathroom,2,2024-03-22_12h26.00.837,image_similarity_rating,2023.2.3,None,2024-03-22 12h27.07.079342 +0100
,119,122,388,388,stimuli/own/bathroom/119_bat.jpg,stimuli/own/bathroom/122_bat.jpg,NaN,NaN,NaN,NaN,NaN,NaN,NaN,NaN,0,498,498,387,4225.710939125,NaN,NaN,NaN,NaN,NaN,NaN,NaN,,NaN,,4225.994535375,4226.158378167,4226.158378167,4226.158378167,4226.158378167,4226.158378167,4226.158378167,4226.158378167,4226.158378167,4226.158378167,4229.750716125,7,-7,8,4,3.10162687499997,1,2.02000683299957,4225.708990042,4225.710939125,4226.158378167,4225.994523417,NaN,NaN,NaN,NaN,,NaN,,4225.705507792,4225.708943875,None,NaN,NaN,,NaN,NaN,NaN,NaN,NaN,NaN,NaN,9,bathroom,2,2024-03-22_12h26.00.837,image_similarity_rating,2023.2.3,None,2024-03-22 12h27.07.079342 +0100
,113,125,281,281,stimuli/own/bathroom/113_bat.jpg,stimuli/own/bathroom/125_bat.jpg,NaN,NaN,NaN,NaN,NaN,NaN,NaN,NaN,0,499,499,280,4229.772594042,NaN,NaN,NaN,NaN,NaN,NaN,NaN,,NaN,,4230.057055,4230.221941083,4230.221941083,4230.221941083,4230.221941083,4230.221941083,4230.221941083,4230.221941083,4230.221941083,4230.221941083,4234.825249625,-7,7,8,6,3.46156133299974,6,4.04615041699981,4229.754370708,4229.772594042,NaN,4230.057036667,NaN,NaN,NaN,NaN,,NaN,,4229.750932042,4229.754323917,None,NaN,NaN,,NaN,NaN,NaN,NaN,NaN,NaN,NaN,9,bathroom,2,2024-03-22_12h26.00.837,image_similarity_rating,2023.2.3,None,2024-03-22 12h27.07.079342 +0100
,122,131,450,450,stimuli/own/bathroom/122_bat.jpg,stimuli/own/bathroom/131_bat.jpg,NaN,NaN,NaN,NaN,NaN,NaN,NaN,NaN,0,500,500,449,4234.830824708,NaN,NaN,NaN,NaN,NaN,NaN,NaN,,NaN,,4235.123809542,4235.2882275,4235.2882275,4235.2882275,4235.2882275,4235.2882275,4235.2882275,4235.2882275,4235.2882275,4235.2882275,4241.212984958,-7,7,8,3,5.42008745900057,2,2.30740808399969,4234.828906833,4234.830824708,4235.2882275,4235.123796458,NaN,NaN,NaN,NaN,,NaN,,4234.825469333,4234.828860667,None,NaN,NaN,,NaN,NaN,NaN,NaN,NaN,NaN,NaN,9,bathroom,2,2024-03-22_12h26.00.837,image_similarity_rating,2023.2.3,None,2024-03-22 12h27.07.079342 +0100
,123,141,475,475,stimuli/own/bathroom/123_bat.jpg,stimuli/own/bathroom/141_bat.jpg,NaN,NaN,NaN,NaN,NaN,NaN,NaN,NaN,0,501,501,474,4241.222918667,NaN,NaN,NaN,NaN,NaN,NaN,NaN,,NaN,,4241.507166667,4241.678795958,4241.678795958,4241.678795958,4241.678795958,4241.678795958,4241.678795958,4241.678795958,4241.678795958,4241.678795958,4246.262564375,7,-7,8,6,3.30849887499971,6,3.88659091599948,4241.216634625,4241.222918667,4241.678795958,4241.507147042,NaN,NaN,NaN,NaN,,NaN,,4241.213201917,4241.216586,None,NaN,NaN,,NaN,NaN,NaN,NaN,NaN,NaN,NaN,9,bathroom,2,2024-03-22_12h26.00.837,image_similarity_rating,2023.2.3,None,2024-03-22 12h27.07.079342 +0100
,114,130,309,309,stimuli/own/bathroom/114_bat.jpg,stimuli/own/bathroom/130_bat.jpg,NaN,NaN,NaN,NaN,NaN,NaN,NaN,NaN,0,502,502,308,4246.272440958,NaN,NaN,NaN,NaN,NaN,NaN,NaN,,NaN,,4246.557203792,4246.722898292,4246.722898292,4246.722898292,4246.722898292,4246.722898292,4246.722898292,4246.722898292,4246.722898292,4246.722898292,4250.512413167,7,-7,8,4,2.96006300000045,6,2.03396712500034,4246.26621,4246.272440958,4246.722898292,4246.557189083,NaN,NaN,NaN,NaN,,NaN,,4246.262781333,4246.266164042,None,NaN,NaN,,NaN,NaN,NaN,NaN,NaN,NaN,NaN,9,bathroom,2,2024-03-22_12h26.00.837,image_similarity_rating,2023.2.3,None,2024-03-22 12h27.07.079342 +0100
,112,129,259,259,stimuli/own/bathroom/112_bat.jpg,stimuli/own/bathroom/129_bat.jpg,NaN,NaN,NaN,NaN,NaN,NaN,NaN,NaN,0,503,503,258,4250.522742917,NaN,NaN,NaN,NaN,NaN,NaN,NaN,,NaN,,4250.807070875,4250.970868875,4250.970868875,4250.970868875,4250.970868875,4250.970868875,4250.970868875,4250.970868875,4250.970868875,4250.970868875,4255.812392792,-7,7,8,6,4.12726129200018,6,1.95093662500039,4250.51622625,4250.522742917,4250.970868875,4250.807057708,NaN,NaN,NaN,NaN,,NaN,,4250.512631292,4250.516179625,None,NaN,NaN,,NaN,NaN,NaN,NaN,NaN,NaN,NaN,9,bathroom,2,2024-03-22_12h26.00.837,image_similarity_rating,2023.2.3,None,2024-03-22 12h27.07.079342 +0100
,102,120,48,48,stimuli/own/bathroom/102_bat.jpg,stimuli/own/bathroom/120_bat.jpg,NaN,NaN,NaN,NaN,NaN,NaN,NaN,NaN,0,504,504,47,4255.822576,NaN,NaN,NaN,NaN,NaN,NaN,NaN,,NaN,,4257.578171,4257.750638042,4257.750638042,4257.750638042,4257.750638042,4257.750638042,4257.750638042,4257.750638042,4257.750638042,4257.750638042,4268.058235667,7,-7,9,6,8.92219329199997,7,9.40916425000069,4257.290682042,4257.294054458,4257.750638042,4257.578155458,NaN,NaN,NaN,NaN,,NaN,,4255.812617417,4257.290313375,space,4255.822576,1.46756087500034,None,NaN,NaN,NaN,NaN,NaN,NaN,NaN,9,bathroom,2,2024-03-22_12h26.00.837,image_similarity_rating,2023.2.3,None,2024-03-22 12h27.07.079342 +0100
,113,124,280,280,stimuli/own/bathroom/113_bat.jpg,stimuli/own/bathroom/124_bat.jpg,NaN,NaN,NaN,NaN,NaN,NaN,NaN,NaN,0,505,505,279,4268.063881333,NaN,NaN,NaN,NaN,NaN,NaN,NaN,,NaN,,4268.35715775,4268.528357542,4268.528357542,4268.528357542,4268.528357542,4268.528357542,4268.528357542,4268.528357542,4268.528357542,4268.528357542,4272.150749333,-7,7,9,5,3.70984050000061,6,3.0597864170004,4268.061973875,4268.063881333,4268.528357542,4268.357141083,NaN,NaN,NaN,NaN,,NaN,,4268.058458917,4268.061927625,None,NaN,NaN,,NaN,NaN,NaN,NaN,NaN,NaN,NaN,9,bathroom,2,2024-03-22_12h26.00.837,image_similarity_rating,2023.2.3,None,2024-03-22 12h27.07.079342 +0100
,106,124,174,174,stimuli/own/bathroom/106_bat.jpg,stimuli/own/bathroom/124_bat.jpg,NaN,NaN,NaN,NaN,NaN,NaN,NaN,NaN,0,506,506,173,4272.172485958,NaN,NaN,NaN,NaN,NaN,NaN,NaN,,NaN,,4272.456529083,4272.623200542,4272.623200542,4272.623200542,4272.623200542,4272.623200542,4272.623200542,4272.623200542,4272.623200542,4272.623200542,4276.800230708,-7,7,9,3,4.01269250000041,1,2.18367279199992,4272.154430583,4272.172485958,NaN,4272.456482583,NaN,NaN,NaN,NaN,,NaN,,4272.15096675,4272.154382542,None,NaN,NaN,,NaN,NaN,NaN,NaN,NaN,NaN,NaN,9,bathroom,2,2024-03-22_12h26.00.837,image_similarity_rating,2023.2.3,None,2024-03-22 12h27.07.079342 +0100
,102,109,39,39,stimuli/own/bathroom/102_bat.jpg,stimuli/own/bathroom/109_bat.jpg,NaN,NaN,NaN,NaN,NaN,NaN,NaN,NaN,0,507,507,38,4276.805705958,NaN,NaN,NaN,NaN,NaN,NaN,NaN,,NaN,,4277.09046325,4277.259269083,4277.259269083,4277.259269083,4277.259269083,4277.259269083,4277.259269083,4277.259269083,4277.259269083,4277.259269083,4287.800178417,-7,7,9,4,10.6024985000004,1,8.10783474999971,4276.803909583,4276.805705958,4277.259269083,4277.090447292,NaN,NaN,NaN,NaN,,NaN,,4276.800446208,4276.803863083,None,NaN,NaN,,NaN,NaN,NaN,NaN,NaN,NaN,NaN,9,bathroom,2,2024-03-22_12h26.00.837,image_similarity_rating,2023.2.3,None,2024-03-22 12h27.07.079342 +0100
,112,123,254,254,stimuli/own/bathroom/112_bat.jpg,stimuli/own/bathroom/123_bat.jpg,NaN,NaN,NaN,NaN,NaN,NaN,NaN,NaN,0,508,508,253,4287.822460625,NaN,NaN,NaN,NaN,NaN,NaN,NaN,,NaN,,4288.106390833,4288.271096375,4288.271096375,4288.271096375,4288.271096375,4288.271096375,4288.271096375,4288.271096375,4288.271096375,4288.271096375,4296.508596208,-7,7,9,5,8.25785054199969,3,4.72623858299994,4287.803958375,4287.822460625,NaN,4288.106374,NaN,NaN,NaN,NaN,,NaN,,4287.80040025,4287.8039125,None,NaN,NaN,,NaN,NaN,NaN,NaN,NaN,NaN,NaN,9,bathroom,2,2024-03-22_12h26.00.837,image_similarity_rating,2023.2.3,None,2024-03-22 12h27.07.079342 +0100
,106,121,171,171,stimuli/own/bathroom/106_bat.jpg,stimuli/own/bathroom/121_bat.jpg,NaN,NaN,NaN,NaN,NaN,NaN,NaN,NaN,0,509,509,170,4296.514372542,NaN,NaN,NaN,NaN,NaN,NaN,NaN,,NaN,,4296.806961625,4296.973334875,4296.973334875,4296.973334875,4296.973334875,4296.973334875,4296.973334875,4296.973334875,4296.973334875,4296.973334875,4304.149931625,7,-7,9,4,7.22392808299992,4,6.3691492909993,4296.512267125,4296.514372542,4296.973334875,4296.806945708,NaN,NaN,NaN,NaN,,NaN,,4296.508811917,4296.512221042,None,NaN,NaN,,NaN,NaN,NaN,NaN,NaN,NaN,NaN,9,bathroom,2,2024-03-22_12h26.00.837,image_similarity_rating,2023.2.3,None,2024-03-22 12h27.07.079342 +0100
,111,123,228,228,stimuli/own/bathroom/111_bat.jpg,stimuli/own/bathroom/123_bat.jpg,NaN,NaN,NaN,NaN,NaN,NaN,NaN,NaN,0,510,510,227,4304.15579125,NaN,NaN,NaN,NaN,NaN,NaN,NaN,,NaN,,4304.440753167,4304.603512458,4304.603512458,4304.603512458,4304.603512458,4304.603512458,4304.603512458,4304.603512458,4304.603512458,4304.603512458,4319.845621167,-7,7,9,4,15.2379110840002,2,14.1669852079995,4304.153599333,4304.15579125,4304.603512458,4304.440743417,NaN,NaN,NaN,NaN,,NaN,,4304.150151,4304.153553542,None,NaN,NaN,,NaN,NaN,NaN,NaN,NaN,NaN,NaN,9,bathroom,2,2024-03-22_12h26.00.837,image_similarity_rating,2023.2.3,None,2024-03-22 12h27.07.079342 +0100
,112,126,257,257,stimuli/own/bathroom/112_bat.jpg,stimuli/own/bathroom/126_bat.jpg,NaN,NaN,NaN,NaN,NaN,NaN,NaN,NaN,0,511,511,256,4319.855525625,NaN,NaN,NaN,NaN,NaN,NaN,NaN,,NaN,,4320.140476833,4320.305239542,4320.305239542,4320.305239542,4320.305239542,4320.305239542,4320.305239542,4320.305239542,4320.305239542,4320.305239542,4323.949974042,-7,7,9,6,1.92055087500012,6,3.57093887500014,4319.849276125,4319.855525625,4320.305239542,4320.140463875,NaN,NaN,NaN,NaN,,NaN,,4319.8458385,4319.849229625,None,NaN,NaN,,NaN,NaN,NaN,NaN,NaN,NaN,NaN,9,bathroom,2,2024-03-22_12h26.00.837,image_similarity_rating,2023.2.3,None,2024-03-22 12h27.07.079342 +0100
,101,120,15,15,stimuli/own/bathroom/101_bat.jpg,stimuli/own/bathroom/120_bat.jpg,NaN,NaN,NaN,NaN,NaN,NaN,NaN,NaN,0,512,512,14,4323.955700667,NaN,NaN,NaN,NaN,NaN,NaN,NaN,,NaN,,4324.240180083,4324.405761083,4324.405761083,4324.405761083,4324.405761083,4324.405761083,4324.405761083,4324.405761083,4324.405761083,4324.405761083,4326.362961292,7,-7,9,6,2.04268862500066,6,0.919222417000128,4323.953751,4323.955700667,4324.405761083,4324.2401595,NaN,NaN,NaN,NaN,,NaN,,4323.95019125,4323.953705208,None,NaN,NaN,,NaN,NaN,NaN,NaN,NaN,NaN,NaN,9,bathroom,2,2024-03-22_12h26.00.837,image_similarity_rating,2023.2.3,None,2024-03-22 12h27.07.079342 +0100
,102,132,59,59,stimuli/own/bathroom/102_bat.jpg,stimuli/own/bathroom/132_bat.jpg,NaN,NaN,NaN,NaN,NaN,NaN,NaN,NaN,0,513,513,58,4326.372162458,NaN,NaN,NaN,NaN,NaN,NaN,NaN,,NaN,,4326.657538958,4326.825777958,4326.825777958,4326.825777958,4326.825777958,4326.825777958,4326.825777958,4326.825777958,4326.825777958,4326.825777958,4334.366784042,7,-7,9,4,4.14066054100022,5,7.51502437499948,4326.366696542,4326.372162458,4326.825777958,4326.657521958,NaN,NaN,NaN,NaN,,NaN,,4326.363180167,4326.366650708,None,NaN,NaN,,NaN,NaN,NaN,NaN,NaN,NaN,NaN,9,bathroom,2,2024-03-22_12h26.00.837,image_similarity_rating,2023.2.3,None,2024-03-22 12h27.07.079342 +0100
,116,125,328,328,stimuli/own/bathroom/116_bat.jpg,stimuli/own/bathroom/125_bat.jpg,NaN,NaN,NaN,NaN,NaN,NaN,NaN,NaN,0,514,514,327,4334.389194375,NaN,NaN,NaN,NaN,NaN,NaN,NaN,,NaN,,4334.673160958,4334.845518042,4334.845518042,4334.845518042,4334.845518042,4334.845518042,4334.845518042,4334.845518042,4334.845518042,4334.845518042,4339.225276958,-7,7,9,5,4.31735170899992,2,2.7327137909997,4334.370436208,4334.389194375,NaN,4334.673136917,NaN,NaN,NaN,NaN,,NaN,,4334.367001792,4334.370389917,None,NaN,NaN,,NaN,NaN,NaN,NaN,NaN,NaN,NaN,9,bathroom,2,2024-03-22_12h26.00.837,image_similarity_rating,2023.2.3,None,2024-03-22 12h27.07.079342 +0100
,119,137,401,401,stimuli/own/bathroom/119_bat.jpg,stimuli/own/bathroom/137_bat.jpg,NaN,NaN,NaN,NaN,NaN,NaN,NaN,NaN,0,515,515,400,4339.231008792,NaN,NaN,NaN,NaN,NaN,NaN,NaN,,NaN,,4339.524392167,4339.688597,4339.688597,4339.688597,4339.688597,4339.688597,4339.688597,4339.688597,4339.688597,4339.688597,4345.235569375,-7,7,9,3,5.66943529199943,4,4.8503881659999,4339.229070333,4339.231008792,4339.688597,4339.524378458,NaN,NaN,NaN,NaN,,NaN,,4339.225498708,4339.2290235,None,NaN,NaN,,NaN,NaN,NaN,NaN,NaN,NaN,NaN,9,bathroom,2,2024-03-22_12h26.00.837,image_similarity_rating,2023.2.3,None,2024-03-22 12h27.07.079342 +0100
,114,124,304,304,stimuli/own/bathroom/114_bat.jpg,stimuli/own/bathroom/124_bat.jpg,NaN,NaN,NaN,NaN,NaN,NaN,NaN,NaN,0,516,516,303,4345.240946167,NaN,NaN,NaN,NaN,NaN,NaN,NaN,,NaN,,4345.528243333,4345.693164625,4345.693164625,4345.693164625,4345.693164625,4345.693164625,4345.693164625,4345.693164625,4345.693164625,4345.693164625,4349.354338375,-7,7,9,5,2.78272945899971,6,3.55638191700018,4345.239324208,4345.240946167,4345.693164625,4345.528233333,NaN,NaN,NaN,NaN,,NaN,,4345.235794042,4345.239277792,None,NaN,NaN,,NaN,NaN,NaN,NaN,NaN,NaN,NaN,9,bathroom,2,2024-03-22_12h26.00.837,image_similarity_rating,2023.2.3,None,2024-03-22 12h27.07.079342 +0100
,103,120,80,80,stimuli/own/bathroom/103_bat.jpg,stimuli/own/bathroom/120_bat.jpg,NaN,NaN,NaN,NaN,NaN,NaN,NaN,NaN,0,517,517,79,4349.359807417,NaN,NaN,NaN,NaN,NaN,NaN,NaN,,NaN,,4349.644158833,4349.810427208,4349.810427208,4349.810427208,4349.810427208,4349.810427208,4349.810427208,4349.810427208,4349.810427208,4349.810427208,4357.770884,7,-7,9,5,6.4321468750004,4,3.77038091599934,4349.3580495,4349.359807417,4349.810427208,4349.644145167,NaN,NaN,NaN,NaN,,NaN,,4349.354581083,4349.358003375,None,NaN,NaN,,NaN,NaN,NaN,NaN,NaN,NaN,NaN,9,bathroom,2,2024-03-22_12h26.00.837,image_similarity_rating,2023.2.3,None,2024-03-22 12h27.07.079342 +0100
,123,140,474,474,stimuli/own/bathroom/123_bat.jpg,stimuli/own/bathroom/140_bat.jpg,NaN,NaN,NaN,NaN,NaN,NaN,NaN,NaN,0,518,518,473,4357.776683375,NaN,NaN,NaN,NaN,NaN,NaN,NaN,,NaN,,4358.060730042,4358.225763375,4358.225763375,4358.225763375,4358.225763375,4358.225763375,4358.225763375,4358.225763375,4358.225763375,4358.225763375,4369.776217,-7,7,9,4,8.51811254199947,3,11.5058018749996,4357.774852542,4357.776683375,4358.225763375,4358.06071375,NaN,NaN,NaN,NaN,,NaN,,4357.771114542,4357.774803,None,NaN,NaN,,NaN,NaN,NaN,NaN,NaN,NaN,NaN,9,bathroom,2,2024-03-22_12h26.00.837,image_similarity_rating,2023.2.3,None,2024-03-22 12h27.07.079342 +0100
,125,135,498,498,stimuli/own/bathroom/125_bat.jpg,stimuli/own/bathroom/135_bat.jpg,NaN,NaN,NaN,NaN,NaN,NaN,NaN,NaN,0,519,519,497,4369.788790458,NaN,NaN,NaN,NaN,NaN,NaN,NaN,,NaN,,4370.074221625,4370.24007925,4370.24007925,4370.24007925,4370.24007925,4370.24007925,4370.24007925,4370.24007925,4370.24007925,4370.24007925,4375.834542375,-7,7,9,5,5.44592683300016,5,4.39818612500039,4369.780075958,4369.788790458,4370.24007925,4370.074207625,NaN,NaN,NaN,NaN,,NaN,,4369.776449083,4369.780027833,None,NaN,NaN,,NaN,NaN,NaN,NaN,NaN,NaN,NaN,9,bathroom,2,2024-03-22_12h26.00.837,image_similarity_rating,2023.2.3,None,2024-03-22 12h27.07.079342 +0100
,112,127,258,258,stimuli/own/bathroom/112_bat.jpg,stimuli/own/bathroom/127_bat.jpg,NaN,NaN,NaN,NaN,NaN,NaN,NaN,NaN,0,520,520,257,4375.840033625,NaN,NaN,NaN,NaN,NaN,NaN,NaN,,NaN,,4376.124264,4376.290665917,4376.290665917,4376.290665917,4376.290665917,4376.290665917,4376.290665917,4376.290665917,4376.290665917,4376.290665917,4380.499871292,-7,7,9,6,3.5874000419999,6,3.97283970900025,4375.838244958,4375.840033625,4376.290665917,4376.124249292,NaN,NaN,NaN,NaN,,NaN,,4375.834758917,4375.838198583,None,NaN,NaN,,NaN,NaN,NaN,NaN,NaN,NaN,NaN,9,bathroom,2,2024-03-22_12h26.00.837,image_similarity_rating,2023.2.3,None,2024-03-22 12h27.07.079342 +0100
,103,122,82,82,stimuli/own/bathroom/103_bat.jpg,stimuli/own/bathroom/122_bat.jpg,NaN,NaN,NaN,NaN,NaN,NaN,NaN,NaN,0,521,521,81,4380.522452,NaN,NaN,NaN,NaN,NaN,NaN,NaN,,NaN,,4380.806216708,4380.974097708,4380.974097708,4380.974097708,4380.974097708,4380.974097708,4380.974097708,4380.974097708,4380.974097708,4380.974097708,4388.342870333,-7,7,9,4,6.79216008399999,5,4.09850054199978,4380.503626417,4380.522452,NaN,4380.806185,NaN,NaN,NaN,NaN,,NaN,,4380.5000905,4380.503580208,None,NaN,NaN,,NaN,NaN,NaN,NaN,NaN,NaN,NaN,9,bathroom,2,2024-03-22_12h26.00.837,image_similarity_rating,2023.2.3,None,2024-03-22 12h27.07.079342 +0100
,116,134,335,335,stimuli/own/bathroom/116_bat.jpg,stimuli/own/bathroom/134_bat.jpg,NaN,NaN,NaN,NaN,NaN,NaN,NaN,NaN,0,522,522,334,4388.355328833,NaN,NaN,NaN,NaN,NaN,NaN,NaN,,NaN,,4388.639786792,4388.80652475,4388.80652475,4388.80652475,4388.80652475,4388.80652475,4388.80652475,4388.80652475,4388.80652475,4388.80652475,4394.712782583,7,-7,9,5,5.65992541600008,2,3.87835016700046,4388.346580875,4388.355328833,4388.80652475,4388.639771792,NaN,NaN,NaN,NaN,,NaN,,4388.343090542,4388.346535,None,NaN,NaN,,NaN,NaN,NaN,NaN,NaN,NaN,NaN,9,bathroom,2,2024-03-22_12h26.00.837,image_similarity_rating,2023.2.3,None,2024-03-22 12h27.07.079342 +0100
,102,118,46,46,stimuli/own/bathroom/102_bat.jpg,stimuli/own/bathroom/118_bat.jpg,NaN,NaN,NaN,NaN,NaN,NaN,NaN,NaN,0,523,523,45,4394.721956417,NaN,NaN,NaN,NaN,NaN,NaN,NaN,,NaN,,4395.006669833,4395.170022667,4395.170022667,4395.170022667,4395.170022667,4395.170022667,4395.170022667,4395.170022667,4395.170022667,4395.170022667,4400.024498833,-7,7,9,4,4.00855262499954,1,3.11964474999968,4394.716564208,4394.721956417,4395.170022667,4395.006660333,NaN,NaN,NaN,NaN,,NaN,,4394.713007292,4394.716517667,None,NaN,NaN,,NaN,NaN,NaN,NaN,NaN,NaN,NaN,9,bathroom,2,2024-03-22_12h26.00.837,image_similarity_rating,2023.2.3,None,2024-03-22 12h27.07.079342 +0100
,112,134,263,263,stimuli/own/bathroom/112_bat.jpg,stimuli/own/bathroom/134_bat.jpg,NaN,NaN,NaN,NaN,NaN,NaN,NaN,NaN,0,524,524,262,4400.030090792,NaN,NaN,NaN,NaN,NaN,NaN,NaN,,NaN,,4400.323377625,4400.489044792,4400.489044792,4400.489044792,4400.489044792,4400.489044792,4400.489044792,4400.489044792,4400.489044792,4400.489044792,4405.962418042,-7,7,9,6,5.07859795900004,6,5.46173545800048,4400.02817075,4400.030090792,4400.489044792,4400.323362625,NaN,NaN,NaN,NaN,,NaN,,4400.024717958,4400.028125042,None,NaN,NaN,,NaN,NaN,NaN,NaN,NaN,NaN,NaN,9,bathroom,2,2024-03-22_12h26.00.837,image_similarity_rating,2023.2.3,None,2024-03-22 12h27.07.079342 +0100
,118,136,380,380,stimuli/own/bathroom/118_bat.jpg,stimuli/own/bathroom/136_bat.jpg,NaN,NaN,NaN,NaN,NaN,NaN,NaN,NaN,0,525,525,379,4405.972088458,NaN,NaN,NaN,NaN,NaN,NaN,NaN,,NaN,,4406.256674,4406.427485958,4406.427485958,4406.427485958,4406.427485958,4406.427485958,4406.427485958,4406.427485958,4406.427485958,4406.427485958,4409.374513292,7,-7,9,4,2.97090054099954,1,2.09466087500005,4405.966092708,4405.972088458,4406.427485958,4406.25665775,NaN,NaN,NaN,NaN,,NaN,,4405.962635875,4405.966046708,None,NaN,NaN,,NaN,NaN,NaN,NaN,NaN,NaN,NaN,9,bathroom,2,2024-03-22_12h26.00.837,image_similarity_rating,2023.2.3,None,2024-03-22 12h27.07.079342 +0100
,117,134,357,357,stimuli/own/bathroom/117_bat.jpg,stimuli/own/bathroom/134_bat.jpg,NaN,NaN,NaN,NaN,NaN,NaN,NaN,NaN,0,526,526,356,4409.380076083,NaN,NaN,NaN,NaN,NaN,NaN,NaN,,NaN,,4409.673153333,4409.83945575,4409.83945575,4409.83945575,4409.83945575,4409.83945575,4409.83945575,4409.83945575,4409.83945575,4409.83945575,4413.059470042,7,-7,9,5,3.19800766599928,4,2.4585013750002,4409.3781545,4409.380076083,4409.83945575,4409.673138167,NaN,NaN,NaN,NaN,,NaN,,4409.374729083,4409.378108375,None,NaN,NaN,,NaN,NaN,NaN,NaN,NaN,NaN,NaN,9,bathroom,2,2024-03-22_12h26.00.837,image_similarity_rating,2023.2.3,None,2024-03-22 12h27.07.079342 +0100
,104,136,125,125,stimuli/own/bathroom/104_bat.jpg,stimuli/own/bathroom/136_bat.jpg,NaN,NaN,NaN,NaN,NaN,NaN,NaN,NaN,0,527,527,124,4413.07194325,NaN,NaN,NaN,NaN,NaN,NaN,NaN,,NaN,,4413.356768958,4413.520811292,4413.520811292,4413.520811292,4413.520811292,4413.520811292,4413.520811292,4413.520811292,4413.520811292,4413.520811292,4420.770631167,7,-7,9,5,7.30974908299959,4,4.14330341699952,4413.063268917,4413.07194325,4413.520811292,4413.356756667,NaN,NaN,NaN,NaN,,NaN,,4413.059688833,4413.06322275,None,NaN,NaN,,NaN,NaN,NaN,NaN,NaN,NaN,NaN,9,bathroom,2,2024-03-22_12h26.00.837,image_similarity_rating,2023.2.3,None,2024-03-22 12h27.07.079342 +0100
,117,118,343,343,stimuli/own/bathroom/117_bat.jpg,stimuli/own/bathroom/118_bat.jpg,NaN,NaN,NaN,NaN,NaN,NaN,NaN,NaN,0,528,528,342,4420.776441917,NaN,NaN,NaN,NaN,NaN,NaN,NaN,,NaN,,4421.061244708,4421.225363875,4421.225363875,4421.225363875,4421.225363875,4421.225363875,4421.225363875,4421.225363875,4421.225363875,4421.225363875,4424.637439333,7,-7,9,5,2.33192004200009,3,3.31260650000058,4420.774503625,4420.776441917,4421.225363875,4421.06123325,NaN,NaN,NaN,NaN,,NaN,,4420.770850333,4420.774457458,None,NaN,NaN,,NaN,NaN,NaN,NaN,NaN,NaN,NaN,9,bathroom,2,2024-03-22_12h26.00.837,image_similarity_rating,2023.2.3,None,2024-03-22 12h27.07.079342 +0100
,103,124,84,84,stimuli/own/bathroom/103_bat.jpg,stimuli/own/bathroom/124_bat.jpg,NaN,NaN,NaN,NaN,NaN,NaN,NaN,NaN,0,529,529,83,4424.642975875,NaN,NaN,NaN,NaN,NaN,NaN,NaN,,NaN,,4424.927621583,4425.097838458,4425.097838458,4425.097838458,4425.097838458,4425.097838458,4425.097838458,4425.097838458,4425.097838458,4425.097838458,4430.433410208,-7,7,9,5,5.33417145800013,5,2.77832216600018,4424.6411305,4424.642975875,4425.097838458,4424.927606208,NaN,NaN,NaN,NaN,,NaN,,4424.637676125,4424.641084542,None,NaN,NaN,,NaN,NaN,NaN,NaN,NaN,NaN,NaN,9,bathroom,2,2024-03-22_12h26.00.837,image_similarity_rating,2023.2.3,None,2024-03-22 12h27.07.079342 +0100
,103,123,83,83,stimuli/own/bathroom/103_bat.jpg,stimuli/own/bathroom/123_bat.jpg,NaN,NaN,NaN,NaN,NaN,NaN,NaN,NaN,0,530,530,82,4430.439821833,NaN,NaN,NaN,NaN,NaN,NaN,NaN,,NaN,,4430.723331417,4430.890165083,4430.890165083,4430.890165083,4430.890165083,4430.890165083,4430.890165083,4430.890165083,4430.890165083,4430.890165083,4434.766599042,7,-7,9,5,3.04204691599989,5,3.68859549999979,4430.437114708,4430.439821833,4430.890165083,4430.723315458,NaN,NaN,NaN,NaN,,NaN,,4430.433634958,4430.4370655,None,NaN,NaN,,NaN,NaN,NaN,NaN,NaN,NaN,NaN,9,bathroom,2,2024-03-22_12h26.00.837,image_similarity_rating,2023.2.3,None,2024-03-22 12h27.07.079342 +0100
,106,131,180,180,stimuli/own/bathroom/106_bat.jpg,stimuli/own/bathroom/131_bat.jpg,NaN,NaN,NaN,NaN,NaN,NaN,NaN,NaN,0,531,531,179,4434.788530708,NaN,NaN,NaN,NaN,NaN,NaN,NaN,,NaN,,4435.072703917,4435.238557042,4435.238557042,4435.238557042,4435.238557042,4435.238557042,4435.238557042,4435.238557042,4435.238557042,4435.238557042,4441.354088125,7,-7,9,2,5.47720037500039,5,3.56996279100076,4434.770262208,4434.788530708,NaN,4435.072682125,NaN,NaN,NaN,NaN,,NaN,,4434.766818667,4434.7702165,None,NaN,NaN,,NaN,NaN,NaN,NaN,NaN,NaN,NaN,9,bathroom,2,2024-03-22_12h26.00.837,image_similarity_rating,2023.2.3,None,2024-03-22 12h27.07.079342 +0100
,125,134,497,497,stimuli/own/bathroom/125_bat.jpg,stimuli/own/bathroom/134_bat.jpg,NaN,NaN,NaN,NaN,NaN,NaN,NaN,NaN,0,532,532,496,4441.359882333,NaN,NaN,NaN,NaN,NaN,NaN,NaN,,NaN,,4441.656623542,4441.821027292,4441.821027292,4441.821027292,4441.821027292,4441.821027292,4441.821027292,4441.821027292,4441.821027292,4441.821027292,4445.50395275,-7,7,9,6,3.12035350000042,6,3.65801620799994,4441.357939167,4441.359882333,4441.821027292,4441.656609917,NaN,NaN,NaN,NaN,,NaN,,4441.354333833,4441.35789275,None,NaN,NaN,,NaN,NaN,NaN,NaN,NaN,NaN,NaN,9,bathroom,2,2024-03-22_12h26.00.837,image_similarity_rating,2023.2.3,None,2024-03-22 12h27.07.079342 +0100
,101,126,21,21,stimuli/own/bathroom/101_bat.jpg,stimuli/own/bathroom/126_bat.jpg,NaN,NaN,NaN,NaN,NaN,NaN,NaN,NaN,0,533,533,20,4445.509738833,NaN,NaN,NaN,NaN,NaN,NaN,NaN,,NaN,,4445.793912,4445.958484458,4445.958484458,4445.958484458,4445.958484458,4445.958484458,4445.958484458,4445.958484458,4445.958484458,4445.958484458,4452.070610833,-7,7,9,4,4.53069279099964,6,5.8543478749998,4445.507653458,4445.509738833,4445.958484458,4445.793900792,NaN,NaN,NaN,NaN,,NaN,,4445.504188042,4445.50760775,None,NaN,NaN,,NaN,NaN,NaN,NaN,NaN,NaN,NaN,9,bathroom,2,2024-03-22_12h26.00.837,image_similarity_rating,2023.2.3,None,2024-03-22 12h27.07.079342 +0100
,131,136,554,554,stimuli/own/bathroom/131_bat.jpg,stimuli/own/bathroom/136_bat.jpg,NaN,NaN,NaN,NaN,NaN,NaN,NaN,NaN,0,534,534,553,4452.076057833,NaN,NaN,NaN,NaN,NaN,NaN,NaN,,NaN,,4452.360480125,4452.527147292,4452.527147292,4452.527147292,4452.527147292,4452.527147292,4452.527147292,4452.527147292,4452.527147292,4452.527147292,4461.875406458,7,-7,9,2,9.38501124999948,4,8.11852499999986,4452.074290625,4452.076057833,4452.527147292,4452.360467542,NaN,NaN,NaN,NaN,,NaN,,4452.0708435,4452.074244208,None,NaN,NaN,,NaN,NaN,NaN,NaN,NaN,NaN,NaN,9,bathroom,2,2024-03-22_12h26.00.837,image_similarity_rating,2023.2.3,None,2024-03-22 12h27.07.079342 +0100
,111,131,235,235,stimuli/own/bathroom/111_bat.jpg,stimuli/own/bathroom/131_bat.jpg,NaN,NaN,NaN,NaN,NaN,NaN,NaN,NaN,0,535,535,234,4461.881179083,NaN,NaN,NaN,NaN,NaN,NaN,NaN,,NaN,,4462.173230417,4462.3378225,4462.3378225,4462.3378225,4462.3378225,4462.3378225,4462.3378225,4462.3378225,4462.3378225,4462.3378225,4466.287151,-7,7,9,2,2.80120504199931,4,3.46319733399923,4461.879085792,4461.881179083,4462.3378225,4462.173217833,NaN,NaN,NaN,NaN,,NaN,,4461.875625667,4461.879039667,None,NaN,NaN,,NaN,NaN,NaN,NaN,NaN,NaN,NaN,9,bathroom,2,2024-03-22_12h26.00.837,image_similarity_rating,2023.2.3,None,2024-03-22 12h27.07.079342 +0100
,106,116,166,166,stimuli/own/bathroom/106_bat.jpg,stimuli/own/bathroom/116_bat.jpg,NaN,NaN,NaN,NaN,NaN,NaN,NaN,NaN,0,536,536,165,4466.292879667,NaN,NaN,NaN,NaN,NaN,NaN,NaN,,NaN,,4466.578102792,4466.74178925,4466.74178925,4466.74178925,4466.74178925,4466.74178925,4466.74178925,4466.74178925,4466.74178925,4466.74178925,4474.878332167,7,-7,9,2,7.92002975000014,5,5.93622670900004,4466.290935333,4466.292879667,4466.74178925,4466.578090792,NaN,NaN,NaN,NaN,,NaN,,4466.287378583,4466.290889125,None,NaN,NaN,,NaN,NaN,NaN,NaN,NaN,NaN,NaN,9,bathroom,2,2024-03-22_12h26.00.837,image_similarity_rating,2023.2.3,None,2024-03-22 12h27.07.079342 +0100
,125,129,493,493,stimuli/own/bathroom/125_bat.jpg,stimuli/own/bathroom/129_bat.jpg,NaN,NaN,NaN,NaN,NaN,NaN,NaN,NaN,0,537,537,492,4474.888510375,NaN,NaN,NaN,NaN,NaN,NaN,NaN,,NaN,,4475.173004417,4475.339188333,4475.339188333,4475.339188333,4475.339188333,4475.339188333,4475.339188333,4475.339188333,4475.339188333,4475.339188333,4480.4995525,7,-7,9,4,5.16935454200029,6,3.67259337500036,4474.881958542,4474.888510375,4475.339188333,4475.172983958,NaN,NaN,NaN,NaN,,NaN,,4474.878550333,4474.88191225,None,NaN,NaN,,NaN,NaN,NaN,NaN,NaN,NaN,NaN,9,bathroom,2,2024-03-22_12h26.00.837,image_similarity_rating,2023.2.3,None,2024-03-22 12h27.07.079342 +0100
,109,118,196,196,stimuli/own/bathroom/109_bat.jpg,stimuli/own/bathroom/118_bat.jpg,NaN,NaN,NaN,NaN,NaN,NaN,NaN,NaN,0,538,538,195,4480.521704333,NaN,NaN,NaN,NaN,NaN,NaN,NaN,,NaN,,4480.805914958,4480.979061958,4480.979061958,4480.979061958,4480.979061958,4480.979061958,4480.979061958,4480.979061958,4480.979061958,4480.979061958,4485.12505875,7,-7,9,2,4.24795491699933,1,2.4090834159997,4480.503383792,4480.521704333,NaN,4480.805895542,NaN,NaN,NaN,NaN,,NaN,,4480.499770625,4480.503335458,None,NaN,NaN,,NaN,NaN,NaN,NaN,NaN,NaN,NaN,9,bathroom,2,2024-03-22_12h26.00.837,image_similarity_rating,2023.2.3,None,2024-03-22 12h27.07.079342 +0100
,121,135,436,436,stimuli/own/bathroom/121_bat.jpg,stimuli/own/bathroom/135_bat.jpg,NaN,NaN,NaN,NaN,NaN,NaN,NaN,NaN,0,539,539,435,4485.130811125,NaN,NaN,NaN,NaN,NaN,NaN,NaN,,NaN,,4485.423072333,4485.593323917,4485.593323917,4485.593323917,4485.593323917,4485.593323917,4485.593323917,4485.593323917,4485.593323917,4485.593323917,4490.704888042,7,-7,9,5,5.16667649999999,6,4.00626708300024,4485.128858125,4485.130811125,4485.593323917,4485.423055292,NaN,NaN,NaN,NaN,,NaN,,4485.125279042,4485.128812125,None,NaN,NaN,,NaN,NaN,NaN,NaN,NaN,NaN,NaN,9,bathroom,2,2024-03-22_12h26.00.837,image_similarity_rating,2023.2.3,None,2024-03-22 12h27.07.079342 +0100
,123,129,464,464,stimuli/own/bathroom/123_bat.jpg,stimuli/own/bathroom/129_bat.jpg,NaN,NaN,NaN,NaN,NaN,NaN,NaN,NaN,0,540,540,463,4490.710528083,NaN,NaN,NaN,NaN,NaN,NaN,NaN,,NaN,,4490.993746,4491.159682667,4491.159682667,4491.159682667,4491.159682667,4491.159682667,4491.159682667,4491.159682667,4491.159682667,4491.159682667,4496.229751833,7,-7,9,4,5.09821887500038,4,3.15685216699967,4490.708600833,4490.710528083,4491.159682667,4490.993732375,NaN,NaN,NaN,NaN,,NaN,,4490.705103583,4490.708554125,None,NaN,NaN,,NaN,NaN,NaN,NaN,NaN,NaN,NaN,9,bathroom,2,2024-03-22_12h26.00.837,image_similarity_rating,2023.2.3,None,2024-03-22 12h27.07.079342 +0100
,111,129,233,233,stimuli/own/bathroom/111_bat.jpg,stimuli/own/bathroom/129_bat.jpg,NaN,NaN,NaN,NaN,NaN,NaN,NaN,NaN,0,541,541,232,4496.238277542,NaN,NaN,NaN,NaN,NaN,NaN,NaN,,NaN,,4496.523225375,4496.686886625,4496.686886625,4496.686886625,4496.686886625,4496.686886625,4496.686886625,4496.686886625,4496.686886625,4496.686886625,4507.374195917,7,-7,9,6,9.60615691600015,6,10.5258468330003,4496.233428,4496.238277542,4496.686886625,4496.523212417,NaN,NaN,NaN,NaN,,NaN,,4496.229972625,4496.233381583,None,NaN,NaN,,NaN,NaN,NaN,NaN,NaN,NaN,NaN,9,bathroom,2,2024-03-22_12h26.00.837,image_similarity_rating,2023.2.3,None,2024-03-22 12h27.07.079342 +0100
,123,126,462,462,stimuli/own/bathroom/123_bat.jpg,stimuli/own/bathroom/126_bat.jpg,NaN,NaN,NaN,NaN,NaN,NaN,NaN,NaN,0,542,542,461,4507.379919542,NaN,NaN,NaN,NaN,NaN,NaN,NaN,,NaN,,4507.672981583,4507.841859208,4507.841859208,4507.841859208,4507.841859208,4507.841859208,4507.841859208,4507.841859208,4507.841859208,4507.841859208,4512.699264167,-7,7,9,4,4.59362720799982,2,3.70593895799993,4507.377998333,4507.379919542,4507.841859208,4507.672965167,NaN,NaN,NaN,NaN,,NaN,,4507.374413083,4507.377952333,None,NaN,NaN,,NaN,NaN,NaN,NaN,NaN,NaN,NaN,9,bathroom,2,2024-03-22_12h26.00.837,image_similarity_rating,2023.2.3,None,2024-03-22 12h27.07.079342 +0100
,138,139,590,590,stimuli/own/bathroom/138_bat.jpg,stimuli/own/bathroom/139_bat.jpg,NaN,NaN,NaN,NaN,NaN,NaN,NaN,NaN,0,543,543,589,4512.704825792,NaN,NaN,NaN,NaN,NaN,NaN,NaN,,NaN,,4512.989481875,4513.153673792,4513.153673792,4513.153673792,4513.153673792,4513.153673792,4513.153673792,4513.153673792,4513.153673792,4513.153673792,4520.88253325,7,-7,9,4,4.88673562500026,5,6.77951633300017,4512.703016875,4512.704825792,4513.153673792,4512.989468917,NaN,NaN,NaN,NaN,,NaN,,4512.699485083,4512.702970292,None,NaN,NaN,,NaN,NaN,NaN,NaN,NaN,NaN,NaN,9,bathroom,2,2024-03-22_12h26.00.837,image_similarity_rating,2023.2.3,None,2024-03-22 12h27.07.079342 +0100
,127,140,528,528,stimuli/own/bathroom/127_bat.jpg,stimuli/own/bathroom/140_bat.jpg,NaN,NaN,NaN,NaN,NaN,NaN,NaN,NaN,0,544,544,527,4520.88799025,NaN,NaN,NaN,NaN,NaN,NaN,NaN,,NaN,,4521.172944292,4521.340152042,4521.340152042,4521.340152042,4521.340152042,4521.340152042,4521.340152042,4521.340152042,4521.340152042,4521.340152042,4524.586895,-7,7,9,5,3.16842820800048,5,1.52631845799988,4520.886207375,4520.88799025,4521.340152042,4521.172927583,NaN,NaN,NaN,NaN,,NaN,,4520.882755333,4520.886161542,None,NaN,NaN,,NaN,NaN,NaN,NaN,NaN,NaN,NaN,9,bathroom,2,2024-03-22_12h26.00.837,image_similarity_rating,2023.2.3,None,2024-03-22 12h27.07.079342 +0100
,137,141,589,589,stimuli/own/bathroom/137_bat.jpg,stimuli/own/bathroom/141_bat.jpg,NaN,NaN,NaN,NaN,NaN,NaN,NaN,NaN,0,545,545,588,4524.59263925,NaN,NaN,NaN,NaN,NaN,NaN,NaN,,NaN,,4524.876903083,4525.042264708,4525.042264708,4525.042264708,4525.042264708,4525.042264708,4525.042264708,4525.042264708,4525.042264708,4525.042264708,4529.624392958,7,-7,9,3,4.66806458300016,5,3.02939245899961,4524.59070325,4524.59263925,4525.042264708,4524.876890833,NaN,NaN,NaN,NaN,,NaN,,4524.587115,4524.590656625,None,NaN,NaN,,NaN,NaN,NaN,NaN,NaN,NaN,NaN,9,bathroom,2,2024-03-22_12h26.00.837,image_similarity_rating,2023.2.3,None,2024-03-22 12h27.07.079342 +0100
,129,130,530,530,stimuli/own/bathroom/129_bat.jpg,stimuli/own/bathroom/130_bat.jpg,NaN,NaN,NaN,NaN,NaN,NaN,NaN,NaN,0,546,546,529,4529.629988458,NaN,NaN,NaN,NaN,NaN,NaN,NaN,,NaN,,4529.922874208,4530.091615167,4530.091615167,4530.091615167,4530.091615167,4530.091615167,4530.091615167,4530.091615167,4530.091615167,4530.091615167,4532.878577125,-7,7,9,6,2.30766187499921,6,2.75079349999942,4529.628046167,4529.629988458,4530.091615167,4529.922857125,NaN,NaN,NaN,NaN,,NaN,,4529.624610125,4529.628000125,None,NaN,NaN,,NaN,NaN,NaN,NaN,NaN,NaN,NaN,9,bathroom,2,2024-03-22_12h26.00.837,image_similarity_rating,2023.2.3,None,2024-03-22 12h27.07.079342 +0100
,104,139,128,128,stimuli/own/bathroom/104_bat.jpg,stimuli/own/bathroom/139_bat.jpg,NaN,NaN,NaN,NaN,NaN,NaN,NaN,NaN,0,547,547,127,4532.888227625,NaN,NaN,NaN,NaN,NaN,NaN,NaN,,NaN,,4533.17281675,4533.339078417,4533.339078417,4533.339078417,4533.339078417,4533.339078417,4533.339078417,4533.339078417,4533.339078417,4533.339078417,4536.874669083,7,-7,9,3,3.63300758300011,5,2.48015958400083,4532.882220625,4532.888227625,4533.339078417,4533.172801,NaN,NaN,NaN,NaN,,NaN,,4532.878793583,4532.8821745,None,NaN,NaN,,NaN,NaN,NaN,NaN,NaN,NaN,NaN,9,bathroom,2,2024-03-22_12h26.00.837,image_similarity_rating,2023.2.3,None,2024-03-22 12h27.07.079342 +0100
,132,140,566,566,stimuli/own/bathroom/132_bat.jpg,stimuli/own/bathroom/140_bat.jpg,NaN,NaN,NaN,NaN,NaN,NaN,NaN,NaN,0,548,548,565,4536.880334917,NaN,NaN,NaN,NaN,NaN,NaN,NaN,,NaN,,4537.172830917,4537.338239375,4537.338239375,4537.338239375,4537.338239375,4537.338239375,4537.338239375,4537.338239375,4537.338239375,4537.338239375,4539.974178792,-7,7,9,6,2.09217283299949,6,2.5001626659996,4536.87834225,4536.880334917,4537.338239375,4537.172812292,NaN,NaN,NaN,NaN,,NaN,,4536.874887292,4536.878296417,None,NaN,NaN,,NaN,NaN,NaN,NaN,NaN,NaN,NaN,9,bathroom,2,2024-03-22_12h26.00.837,image_similarity_rating,2023.2.3,None,2024-03-22 12h27.07.079342 +0100
,105,139,158,158,stimuli/own/bathroom/105_bat.jpg,stimuli/own/bathroom/139_bat.jpg,NaN,NaN,NaN,NaN,NaN,NaN,NaN,NaN,0,549,549,157,4539.979772542,NaN,NaN,NaN,NaN,NaN,NaN,NaN,,NaN,,4540.272804125,4540.441781042,4540.441781042,4540.441781042,4540.441781042,4540.441781042,4540.441781042,4540.441781042,4540.441781042,4540.441781042,4547.236763083,-7,7,9,4,5.69332949999989,5,6.71988954100016,4539.977840875,4539.979772542,4540.441781042,4540.272788458,NaN,NaN,NaN,NaN,,NaN,,4539.974398125,4539.977793875,None,NaN,NaN,,NaN,NaN,NaN,NaN,NaN,NaN,NaN,9,bathroom,2,2024-03-22_12h26.00.837,image_similarity_rating,2023.2.3,None,2024-03-22 12h27.07.079342 +0100
,120,129,413,413,stimuli/own/bathroom/120_bat.jpg,stimuli/own/bathroom/129_bat.jpg,NaN,NaN,NaN,NaN,NaN,NaN,NaN,NaN,0,550,550,412,4547.242380625,NaN,NaN,NaN,NaN,NaN,NaN,NaN,,NaN,,4547.527213917,4547.693980875,4547.693980875,4547.693980875,4547.693980875,4547.693980875,4547.693980875,4547.693980875,4547.693980875,4547.693980875,4549.882782833,-7,7,9,7,1.7924172919993,7,2.21564570800001,4547.240459208,4547.242380625,4547.693980875,4547.527200375,NaN,NaN,NaN,NaN,,NaN,,4547.23698825,4547.240412833,None,NaN,NaN,,NaN,NaN,NaN,NaN,NaN,NaN,NaN,9,bathroom,2,2024-03-22_12h26.00.837,image_similarity_rating,2023.2.3,None,2024-03-22 12h27.07.079342 +0100
,103,116,76,76,stimuli/own/bathroom/103_bat.jpg,stimuli/own/bathroom/116_bat.jpg,NaN,NaN,NaN,NaN,NaN,NaN,NaN,NaN,0,551,551,75,4549.9047825,NaN,NaN,NaN,NaN,NaN,NaN,NaN,,NaN,,4550.188949208,4550.355695583,4550.355695583,4550.355695583,4550.355695583,4550.355695583,4550.355695583,4550.355695583,4550.355695583,4550.355695583,4556.170249208,-7,7,9,6,5.89967712499947,6,4.03027670899974,4549.886439375,4549.9047825,NaN,4550.188927167,NaN,NaN,NaN,NaN,,NaN,,4549.882997958,4549.886392917,None,NaN,NaN,,NaN,NaN,NaN,NaN,NaN,NaN,NaN,9,bathroom,2,2024-03-22_12h26.00.837,image_similarity_rating,2023.2.3,None,2024-03-22 12h27.07.079342 +0100
,112,132,262,262,stimuli/own/bathroom/112_bat.jpg,stimuli/own/bathroom/132_bat.jpg,NaN,NaN,NaN,NaN,NaN,NaN,NaN,NaN,0,552,552,261,4556.175771125,NaN,NaN,NaN,NaN,NaN,NaN,NaN,,NaN,,4556.473810833,4556.63961475,4556.63961475,4556.63961475,4556.63961475,4556.63961475,4556.63961475,4556.63961475,4556.63961475,4556.63961475,4563.211347375,7,-7,9,4,5.61002445899976,6,6.5849710829998,4556.1739935,4556.175771125,4556.63961475,4556.473797417,NaN,NaN,NaN,NaN,,NaN,,4556.170490833,4556.173947,None,NaN,NaN,,NaN,NaN,NaN,NaN,NaN,NaN,NaN,9,bathroom,2,2024-03-22_12h26.00.837,image_similarity_rating,2023.2.3,None,2024-03-22 12h27.07.079342 +0100
,102,135,61,61,stimuli/own/bathroom/102_bat.jpg,stimuli/own/bathroom/135_bat.jpg,NaN,NaN,NaN,NaN,NaN,NaN,NaN,NaN,0,553,553,60,4563.221379125,NaN,NaN,NaN,NaN,NaN,NaN,NaN,,NaN,,4563.506070708,4563.672555292,4563.672555292,4563.672555292,4563.672555292,4563.672555292,4563.672555292,4563.672555292,4563.672555292,4563.672555292,4568.336690375,-7,7,9,5,4.02438879100009,6,2.99346829199931,4563.215100958,4563.221379125,4563.672555292,4563.506053375,NaN,NaN,NaN,NaN,,NaN,,4563.211568375,4563.215055417,None,NaN,NaN,,NaN,NaN,NaN,NaN,NaN,NaN,NaN,9,bathroom,2,2024-03-22_12h26.00.837,image_similarity_rating,2023.2.3,None,2024-03-22 12h27.07.079342 +0100
,124,132,482,482,stimuli/own/bathroom/124_bat.jpg,stimuli/own/bathroom/132_bat.jpg,NaN,NaN,NaN,NaN,NaN,NaN,NaN,NaN,0,554,554,481,4568.342175625,NaN,NaN,NaN,NaN,NaN,NaN,NaN,,NaN,,4568.6267815,4568.791562667,4568.791562667,4568.791562667,4568.791562667,4568.791562667,4568.791562667,4568.791562667,4568.791562667,4568.791562667,4578.977991417,7,-7,9,6,9.21617620800043,6,9.69170845900044,4568.340423708,4568.342175625,4568.791562667,4568.626764458,NaN,NaN,NaN,NaN,,NaN,,4568.336917042,4568.340374042,None,NaN,NaN,,NaN,NaN,NaN,NaN,NaN,NaN,NaN,9,bathroom,2,2024-03-22_12h26.00.837,image_similarity_rating,2023.2.3,None,2024-03-22 12h27.07.079342 +0100
,109,119,197,197,stimuli/own/bathroom/109_bat.jpg,stimuli/own/bathroom/119_bat.jpg,NaN,NaN,NaN,NaN,NaN,NaN,NaN,NaN,0,555,555,196,4578.988385,NaN,NaN,NaN,NaN,NaN,NaN,NaN,,NaN,,4579.272622292,4579.438721417,4579.438721417,4579.438721417,4579.438721417,4579.438721417,4579.438721417,4579.438721417,4579.438721417,4579.438721417,4587.55732375,-7,7,9,4,7.61718145800023,2,4.51111683299951,4578.981660292,4578.988385,4579.438721417,4579.272608583,NaN,NaN,NaN,NaN,,NaN,,4578.978214333,4578.981614417,None,NaN,NaN,,NaN,NaN,NaN,NaN,NaN,NaN,NaN,9,bathroom,2,2024-03-22_12h26.00.837,image_similarity_rating,2023.2.3,None,2024-03-22 12h27.07.079342 +0100
,104,131,121,614,stimuli/own/bathroom/104_bat.jpg,stimuli/own/bathroom/131_bat.jpg,NaN,NaN,NaN,NaN,NaN,NaN,NaN,NaN,0,556,556,613,4587.563055042,NaN,NaN,NaN,NaN,NaN,NaN,NaN,,NaN,,4587.855949208,4588.021417125,4588.021417125,4588.021417125,4588.021417125,4588.021417125,4588.021417125,4588.021417125,4588.021417125,4588.021417125,4596.89902525,7,-7,9,2,8.0861676250006,1,5.21932416699929,4587.561124,4587.563055042,4588.021417125,4587.855932458,NaN,NaN,NaN,NaN,,NaN,,4587.557543542,4587.561075375,None,NaN,NaN,,NaN,NaN,NaN,NaN,NaN,NaN,NaN,9,bathroom,2,2024-03-22_12h26.00.837,image_similarity_rating,2023.2.3,None,2024-03-22 12h27.07.079342 +0100
,120,138,421,421,stimuli/own/bathroom/120_bat.jpg,stimuli/own/bathroom/138_bat.jpg,NaN,NaN,NaN,NaN,NaN,NaN,NaN,NaN,0,557,557,420,4596.904852,NaN,NaN,NaN,NaN,NaN,NaN,NaN,,NaN,,4597.189187583,4597.354499,4597.354499,4597.354499,4597.354499,4597.354499,4597.354499,4597.354499,4597.354499,4597.354499,4603.894910083,-7,7,9,4,6.11399158299992,3,4.44495333299983,4596.902702833,4596.904852,4597.354499,4597.189168708,NaN,NaN,NaN,NaN,,NaN,,4596.899246917,4596.902656583,None,NaN,NaN,,NaN,NaN,NaN,NaN,NaN,NaN,NaN,9,bathroom,2,2024-03-22_12h26.00.837,image_similarity_rating,2023.2.3,None,2024-03-22 12h27.07.079342 +0100
,114,138,316,316,stimuli/own/bathroom/114_bat.jpg,stimuli/own/bathroom/138_bat.jpg,NaN,NaN,NaN,NaN,NaN,NaN,NaN,NaN,0,558,558,315,4603.904606875,NaN,NaN,NaN,NaN,NaN,NaN,NaN,,NaN,,4604.189247167,4604.353949875,4604.353949875,4604.353949875,4604.353949875,4604.353949875,4604.353949875,4604.353949875,4604.353949875,4604.353949875,4610.806961042,7,-7,9,4,6.03792429199984,3,5.35013200000049,4603.898588542,4603.904606875,4604.353949875,4604.189229167,NaN,NaN,NaN,NaN,,NaN,,4603.895136167,4603.8985405,None,NaN,NaN,,NaN,NaN,NaN,NaN,NaN,NaN,NaN,9,bathroom,2,2024-03-22_12h26.00.837,image_similarity_rating,2023.2.3,None,2024-03-22 12h27.07.079342 +0100
,126,136,512,512,stimuli/own/bathroom/126_bat.jpg,stimuli/own/bathroom/136_bat.jpg,NaN,NaN,NaN,NaN,NaN,NaN,NaN,NaN,0,559,559,511,4610.812496333,NaN,NaN,NaN,NaN,NaN,NaN,NaN,,NaN,,4611.1058055,4611.27171,4611.27171,4611.27171,4611.27171,4611.27171,4611.27171,4611.27171,4611.27171,4611.27171,4614.7905465,7,-7,9,6,2.57829270799994,6,3.03229558299972,4610.810728375,4610.812496333,4611.27171,4611.105791125,NaN,NaN,NaN,NaN,,NaN,,4610.807181,4610.810682375,None,NaN,NaN,,NaN,NaN,NaN,NaN,NaN,NaN,NaN,9,bathroom,2,2024-03-22_12h26.00.837,image_similarity_rating,2023.2.3,None,2024-03-22 12h27.07.079342 +0100
,114,136,314,314,stimuli/own/bathroom/114_bat.jpg,stimuli/own/bathroom/136_bat.jpg,NaN,NaN,NaN,NaN,NaN,NaN,NaN,NaN,0,560,560,313,4614.796122958,NaN,NaN,NaN,NaN,NaN,NaN,NaN,,NaN,,4615.08922075,4615.256325417,4615.256325417,4615.256325417,4615.256325417,4615.256325417,4615.256325417,4615.256325417,4615.256325417,4615.256325417,4619.236672,7,-7,9,6,2.44700179200026,6,3.44394770800045,4614.794201333,4614.796122958,4615.256325417,4615.089196292,NaN,NaN,NaN,NaN,,NaN,,4614.790764792,4614.794155417,None,NaN,NaN,,NaN,NaN,NaN,NaN,NaN,NaN,NaN,9,bathroom,2,2024-03-22_12h26.00.837,image_similarity_rating,2023.2.3,None,2024-03-22 12h27.07.079342 +0100
,121,138,439,439,stimuli/own/bathroom/121_bat.jpg,stimuli/own/bathroom/138_bat.jpg,NaN,NaN,NaN,NaN,NaN,NaN,NaN,NaN,0,561,561,438,4619.242391,NaN,NaN,NaN,NaN,NaN,NaN,NaN,,NaN,,4619.527130542,4619.694628708,4619.694628708,4619.694628708,4619.694628708,4619.694628708,4619.694628708,4619.694628708,4619.694628708,4619.694628708,4624.186600208,7,-7,9,4,3.85240358299961,6,2.98327862499991,4619.240401625,4619.242391,4619.694628708,4619.527117125,NaN,NaN,NaN,NaN,,NaN,,4619.236916375,4619.240355542,None,NaN,NaN,,NaN,NaN,NaN,NaN,NaN,NaN,NaN,9,bathroom,2,2024-03-22_12h26.00.837,image_similarity_rating,2023.2.3,None,2024-03-22 12h27.07.079342 +0100
,131,140,558,558,stimuli/own/bathroom/131_bat.jpg,stimuli/own/bathroom/140_bat.jpg,NaN,NaN,NaN,NaN,NaN,NaN,NaN,NaN,0,562,562,557,4624.19209175,NaN,NaN,NaN,NaN,NaN,NaN,NaN,,NaN,,4624.476743458,4624.648249958,4624.648249958,4624.648249958,4624.648249958,4624.648249958,4624.648249958,4624.648249958,4624.648249958,4624.648249958,4634.411334708,-7,7,9,2,9.36433154199949,1,5.63465862499925,4624.190317083,4624.19209175,4624.648249958,4624.476728167,NaN,NaN,NaN,NaN,,NaN,,4624.186832042,4624.190270792,None,NaN,NaN,,NaN,NaN,NaN,NaN,NaN,NaN,NaN,9,bathroom,2,2024-03-22_12h26.00.837,image_similarity_rating,2023.2.3,None,2024-03-22 12h27.07.079342 +0100
,109,124,202,202,stimuli/own/bathroom/109_bat.jpg,stimuli/own/bathroom/124_bat.jpg,NaN,NaN,NaN,NaN,NaN,NaN,NaN,NaN,0,563,563,201,4634.421155833,NaN,NaN,NaN,NaN,NaN,NaN,NaN,,NaN,,4634.705887083,4634.875735625,4634.875735625,4634.875735625,4634.875735625,4634.875735625,4634.875735625,4634.875735625,4634.875735625,4634.875735625,4641.965774958,-7,7,9,2,6.96479358400029,1,4.91919599999983,4634.415111167,4634.421155833,4634.875735625,4634.705870458,NaN,NaN,NaN,NaN,,NaN,,4634.411556083,4634.415064958,None,NaN,NaN,,NaN,NaN,NaN,NaN,NaN,NaN,NaN,9,bathroom,2,2024-03-22_12h26.00.837,image_similarity_rating,2023.2.3,None,2024-03-22 12h27.07.079342 +0100
,123,130,465,465,stimuli/own/bathroom/123_bat.jpg,stimuli/own/bathroom/130_bat.jpg,NaN,NaN,NaN,NaN,NaN,NaN,NaN,NaN,0,564,564,464,4641.988083875,NaN,NaN,NaN,NaN,NaN,NaN,NaN,,NaN,,4642.272385458,4642.438667625,4642.438667625,4642.438667625,4642.438667625,4642.438667625,4642.438667625,4642.438667625,4642.438667625,4642.438667625,4647.906926708,7,-7,9,5,5.32958020799924,2,3.33355250000022,4641.969592,4641.988083875,NaN,4642.2723675,NaN,NaN,NaN,NaN,,NaN,,4641.965993667,4641.969545042,None,NaN,NaN,,NaN,NaN,NaN,NaN,NaN,NaN,NaN,9,bathroom,2,2024-03-22_12h26.00.837,image_similarity_rating,2023.2.3,None,2024-03-22 12h27.07.079342 +0100
,119,127,393,393,stimuli/own/bathroom/119_bat.jpg,stimuli/own/bathroom/127_bat.jpg,NaN,NaN,NaN,NaN,NaN,NaN,NaN,NaN,0,565,565,392,4647.912524083,NaN,NaN,NaN,NaN,NaN,NaN,NaN,,NaN,,4648.20583075,4648.370657875,4648.370657875,4648.370657875,4648.370657875,4648.370657875,4648.370657875,4648.370657875,4648.370657875,4648.370657875,4652.15321,-7,7,9,6,3.79342433300008,1,2.30631337500017,4647.910596292,4647.912524083,4648.370657875,4648.205816542,NaN,NaN,NaN,NaN,,NaN,,4647.907147167,4647.91055025,None,NaN,NaN,,NaN,NaN,NaN,NaN,NaN,NaN,NaN,9,bathroom,2,2024-03-22_12h26.00.837,image_similarity_rating,2023.2.3,None,2024-03-22 12h27.07.079342 +0100
,104,114,106,106,stimuli/own/bathroom/104_bat.jpg,stimuli/own/bathroom/114_bat.jpg,NaN,NaN,NaN,NaN,NaN,NaN,NaN,NaN,0,566,566,105,4652.158842917,NaN,NaN,NaN,NaN,NaN,NaN,NaN,,NaN,,4652.444049,4652.607852625,4652.607852625,4652.607852625,4652.607852625,4652.607852625,4652.607852625,4652.607852625,4652.607852625,4652.607852625,4660.297628333,-7,7,9,3,4.92414700000063,3,7.75460849999945,4652.156921375,4652.158842917,4652.607852625,4652.444035583,NaN,NaN,NaN,NaN,,NaN,,4652.153444708,4652.156874875,None,NaN,NaN,,NaN,NaN,NaN,NaN,NaN,NaN,NaN,9,bathroom,2,2024-03-22_12h26.00.837,image_similarity_rating,2023.2.3,None,2024-03-22 12h27.07.079342 +0100
,103,105,69,69,stimuli/own/bathroom/103_bat.jpg,stimuli/own/bathroom/105_bat.jpg,NaN,NaN,NaN,NaN,NaN,NaN,NaN,NaN,0,567,567,68,4660.304089917,NaN,NaN,NaN,NaN,NaN,NaN,NaN,,NaN,,4662.792920208,4662.958127333,4662.958127333,4662.958127333,4662.958127333,4662.958127333,4662.958127333,4662.958127333,4662.958127333,4662.958127333,4675.373616542,-7,7,10,4,11.9749359590005,2,10.2477802920002,4662.505954292,4662.509630917,4662.958127333,4662.792903917,NaN,NaN,NaN,NaN,,NaN,,4660.297842917,4662.505605333,space,4660.304089917,2.20133941700078,None,NaN,NaN,NaN,NaN,NaN,NaN,NaN,9,bathroom,2,2024-03-22_12h26.00.837,image_similarity_rating,2023.2.3,None,2024-03-22 12h27.07.079342 +0100
,101,102,1,1,stimuli/own/bathroom/101_bat.jpg,stimuli/own/bathroom/102_bat.jpg,NaN,NaN,NaN,NaN,NaN,NaN,NaN,NaN,0,568,568,0,4675.379714167,NaN,NaN,NaN,NaN,NaN,NaN,NaN,,NaN,,4675.6723785,4675.838247167,4675.838247167,4675.838247167,4675.838247167,4675.838247167,4675.838247167,4675.838247167,4675.838247167,4675.838247167,4681.757268917,-7,7,10,4,5.45448741600012,5,4.05798025000058,4675.377630583,4675.379714167,4675.838247167,4675.672364833,NaN,NaN,NaN,NaN,,NaN,,4675.373835625,4675.37758125,None,NaN,NaN,,NaN,NaN,NaN,NaN,NaN,NaN,NaN,9,bathroom,2,2024-03-22_12h26.00.837,image_similarity_rating,2023.2.3,None,2024-03-22 12h27.07.079342 +0100
,111,119,224,224,stimuli/own/bathroom/111_bat.jpg,stimuli/own/bathroom/119_bat.jpg,NaN,NaN,NaN,NaN,NaN,NaN,NaN,NaN,0,569,569,223,4681.762866167,NaN,NaN,NaN,NaN,NaN,NaN,NaN,,NaN,,4682.055677542,4682.22449075,4682.22449075,4682.22449075,4682.22449075,4682.22449075,4682.22449075,4682.22449075,4682.22449075,4682.22449075,4688.411187917,-7,7,10,4,5.67367337500036,1,3.84038495799996,4681.760926333,4681.762866167,4682.22449075,4682.0556605,NaN,NaN,NaN,NaN,,NaN,,4681.757488833,4681.760880625,None,NaN,NaN,,NaN,NaN,NaN,NaN,NaN,NaN,NaN,9,bathroom,2,2024-03-22_12h26.00.837,image_similarity_rating,2023.2.3,None,2024-03-22 12h27.07.079342 +0100
,116,124,327,327,stimuli/own/bathroom/116_bat.jpg,stimuli/own/bathroom/124_bat.jpg,NaN,NaN,NaN,NaN,NaN,NaN,NaN,NaN,0,570,570,326,4688.42114975,NaN,NaN,NaN,NaN,NaN,NaN,NaN,,NaN,,4688.705648708,4688.87217275,4688.87217275,4688.87217275,4688.87217275,4688.87217275,4688.87217275,4688.87217275,4688.87217275,4688.87217275,4693.173379125,-7,7,10,4,3.85004174999995,1,2.34918850000031,4688.414864792,4688.42114975,4688.87217275,4688.705633167,NaN,NaN,NaN,NaN,,NaN,,4688.411407792,4688.414818583,None,NaN,NaN,,NaN,NaN,NaN,NaN,NaN,NaN,NaN,9,bathroom,2,2024-03-22_12h26.00.837,image_similarity_rating,2023.2.3,None,2024-03-22 12h27.07.079342 +0100
,124,140,489,489,stimuli/own/bathroom/124_bat.jpg,stimuli/own/bathroom/140_bat.jpg,NaN,NaN,NaN,NaN,NaN,NaN,NaN,NaN,0,571,571,488,4693.178979208,NaN,NaN,NaN,NaN,NaN,NaN,NaN,,NaN,,4693.472279125,4693.641822583,4693.641822583,4693.641822583,4693.641822583,4693.641822583,4693.641822583,4693.641822583,4693.641822583,4693.641822583,4697.098842167,-7,7,10,6,2.49367087500013,6,2.95806416699997,4693.177030417,4693.178979208,4693.641822583,4693.4722615,NaN,NaN,NaN,NaN,,NaN,,4693.173597083,4693.176984458,None,NaN,NaN,,NaN,NaN,NaN,NaN,NaN,NaN,NaN,9,bathroom,2,2024-03-22_12h26.00.837,image_similarity_rating,2023.2.3,None,2024-03-22 12h27.07.079342 +0100
,131,138,556,556,stimuli/own/bathroom/131_bat.jpg,stimuli/own/bathroom/138_bat.jpg,NaN,NaN,NaN,NaN,NaN,NaN,NaN,NaN,0,572,572,555,4697.121201333,NaN,NaN,NaN,NaN,NaN,NaN,NaN,,NaN,,4697.405101375,4697.570047292,4697.570047292,4697.570047292,4697.570047292,4697.570047292,4697.570047292,4697.570047292,4697.570047292,4697.570047292,4702.44444875,7,-7,10,2,4.258179208,2,2.6483494590002,4697.102506875,4697.121201333,NaN,4697.405082708,NaN,NaN,NaN,NaN,,NaN,,4697.099062625,4697.10246075,None,NaN,NaN,,NaN,NaN,NaN,NaN,NaN,NaN,NaN,9,bathroom,2,2024-03-22_12h26.00.837,image_similarity_rating,2023.2.3,None,2024-03-22 12h27.07.079342 +0100
,119,129,394,394,stimuli/own/bathroom/119_bat.jpg,stimuli/own/bathroom/129_bat.jpg,NaN,NaN,NaN,NaN,NaN,NaN,NaN,NaN,0,573,573,393,4702.454260417,NaN,NaN,NaN,NaN,NaN,NaN,NaN,,NaN,,4702.739004,4702.903763583,4702.903763583,4702.903763583,4702.903763583,4702.903763583,4702.903763583,4702.903763583,4702.903763583,4702.903763583,4706.786933958,7,-7,10,5,3.31975191699985,1,2.20663895799953,4702.448134917,4702.454260417,4702.903763583,4702.738990208,NaN,NaN,NaN,NaN,,NaN,,4702.44467525,4702.448088125,None,NaN,NaN,,NaN,NaN,NaN,NaN,NaN,NaN,NaN,9,bathroom,2,2024-03-22_12h26.00.837,image_similarity_rating,2023.2.3,None,2024-03-22 12h27.07.079342 +0100
,105,136,155,155,stimuli/own/bathroom/105_bat.jpg,stimuli/own/bathroom/136_bat.jpg,NaN,NaN,NaN,NaN,NaN,NaN,NaN,NaN,0,574,574,154,4706.792686417,NaN,NaN,NaN,NaN,NaN,NaN,NaN,,NaN,,4707.076636417,4707.245725208,4707.245725208,4707.245725208,4707.245725208,4707.245725208,4707.245725208,4707.245725208,4707.245725208,4707.245725208,4710.869662542,-7,7,10,4,3.04192108300049,1,1.93176187500012,4706.790655833,4706.792686417,4707.245725208,4707.076621208,NaN,NaN,NaN,NaN,,NaN,,4706.787154333,4706.790609333,None,NaN,NaN,,NaN,NaN,NaN,NaN,NaN,NaN,NaN,9,bathroom,2,2024-03-22_12h26.00.837,image_similarity_rating,2023.2.3,None,2024-03-22 12h27.07.079342 +0100
,119,121,387,387,stimuli/own/bathroom/119_bat.jpg,stimuli/own/bathroom/121_bat.jpg,NaN,NaN,NaN,NaN,NaN,NaN,NaN,NaN,0,575,575,386,4710.875390292,NaN,NaN,NaN,NaN,NaN,NaN,NaN,,NaN,,4711.159598125,4711.325500083,4711.325500083,4711.325500083,4711.325500083,4711.325500083,4711.325500083,4711.325500083,4711.325500083,4711.325500083,4717.31979025,7,-7,10,5,5.32971674999953,5,3.5846514169998,4710.873388458,4710.875390292,4711.325500083,4711.159585375,NaN,NaN,NaN,NaN,,NaN,,4710.869904125,4710.873341958,None,NaN,NaN,,NaN,NaN,NaN,NaN,NaN,NaN,NaN,9,bathroom,2,2024-03-22_12h26.00.837,image_similarity_rating,2023.2.3,None,2024-03-22 12h27.07.079342 +0100
,102,127,55,55,stimuli/own/bathroom/102_bat.jpg,stimuli/own/bathroom/127_bat.jpg,NaN,NaN,NaN,NaN,NaN,NaN,NaN,NaN,0,576,576,54,4717.325619833,NaN,NaN,NaN,NaN,NaN,NaN,NaN,,NaN,,4717.609828833,4717.778026792,4717.778026792,4717.778026792,4717.778026792,4717.778026792,4717.778026792,4717.778026792,4717.778026792,4717.778026792,4720.873519833,7,-7,10,6,2.04550525000013,6,2.58147504200042,4717.323675708,4717.325619833,4717.778026792,4717.6097995,NaN,NaN,NaN,NaN,,NaN,,4717.320035833,4717.323629792,None,NaN,NaN,,NaN,NaN,NaN,NaN,NaN,NaN,NaN,9,bathroom,2,2024-03-22_12h26.00.837,image_similarity_rating,2023.2.3,None,2024-03-22 12h27.07.079342 +0100
,123,127,463,463,stimuli/own/bathroom/123_bat.jpg,stimuli/own/bathroom/127_bat.jpg,NaN,NaN,NaN,NaN,NaN,NaN,NaN,NaN,0,577,577,462,4720.879104583,NaN,NaN,NaN,NaN,NaN,NaN,NaN,,NaN,,4721.172072625,4721.336982375,4721.336982375,4721.336982375,4721.336982375,4721.336982375,4721.336982375,4721.336982375,4721.336982375,4721.336982375,4724.873775208,7,-7,10,5,3.12208216599993,4,2.34938137500012,4720.877180417,4720.879104583,4721.336982375,4721.172059125,NaN,NaN,NaN,NaN,,NaN,,4720.873738458,4720.877134625,None,NaN,NaN,,NaN,NaN,NaN,NaN,NaN,NaN,NaN,9,bathroom,2,2024-03-22_12h26.00.837,image_similarity_rating,2023.2.3,None,2024-03-22 12h27.07.079342 +0100
,111,136,239,239,stimuli/own/bathroom/111_bat.jpg,stimuli/own/bathroom/136_bat.jpg,NaN,NaN,NaN,NaN,NaN,NaN,NaN,NaN,0,578,578,238,4724.879403667,NaN,NaN,NaN,NaN,NaN,NaN,NaN,,NaN,,4725.172203083,4725.343789583,4725.343789583,4725.343789583,4725.343789583,4725.343789583,4725.343789583,4725.343789583,4725.343789583,4725.343789583,4731.540104583,7,-7,10,5,4.94535245899988,5,5.70826187500006,4724.877451792,4724.879403667,4725.343789583,4725.172186625,NaN,NaN,NaN,NaN,,NaN,,4724.873994542,4724.877406,None,NaN,NaN,,NaN,NaN,NaN,NaN,NaN,NaN,NaN,9,bathroom,2,2024-03-22_12h26.00.837,image_similarity_rating,2023.2.3,None,2024-03-22 12h27.07.079342 +0100
,113,127,283,283,stimuli/own/bathroom/113_bat.jpg,stimuli/own/bathroom/127_bat.jpg,NaN,NaN,NaN,NaN,NaN,NaN,NaN,NaN,0,579,579,282,4731.545704167,NaN,NaN,NaN,NaN,NaN,NaN,NaN,,NaN,,4731.838785542,4732.005098083,4732.005098083,4732.005098083,4732.005098083,4732.005098083,4732.005098083,4732.005098083,4732.005098083,4732.005098083,4735.586698667,7,-7,10,6,1.91408416700051,6,3.05667037499916,4731.543777375,4731.545704167,4732.005098083,4731.838771125,NaN,NaN,NaN,NaN,,NaN,,4731.540323208,4731.543730875,None,NaN,NaN,,NaN,NaN,NaN,NaN,NaN,NaN,NaN,9,bathroom,2,2024-03-22_12h26.00.837,image_similarity_rating,2023.2.3,None,2024-03-22 12h27.07.079342 +0100
,139,141,594,594,stimuli/own/bathroom/139_bat.jpg,stimuli/own/bathroom/141_bat.jpg,NaN,NaN,NaN,NaN,NaN,NaN,NaN,NaN,0,580,580,593,4735.592429167,NaN,NaN,NaN,NaN,NaN,NaN,NaN,,NaN,,4735.876299083,4736.043360292,4736.043360292,4736.043360292,4736.043360292,4736.043360292,4736.043360292,4736.043360292,4736.043360292,4736.043360292,4740.458413708,7,-7,10,4,4.38835000000017,6,2.13421291699979,4735.590502083,4735.592429167,4736.043360292,4735.876282625,NaN,NaN,NaN,NaN,,NaN,,4735.586916,4735.590455917,None,NaN,NaN,,NaN,NaN,NaN,NaN,NaN,NaN,NaN,9,bathroom,2,2024-03-22_12h26.00.837,image_similarity_rating,2023.2.3,None,2024-03-22 12h27.07.079342 +0100
,117,119,344,344,stimuli/own/bathroom/117_bat.jpg,stimuli/own/bathroom/119_bat.jpg,NaN,NaN,NaN,NaN,NaN,NaN,NaN,NaN,0,581,581,343,4740.471200458,NaN,NaN,NaN,NaN,NaN,NaN,NaN,,NaN,,4740.756206083,4740.921409417,4740.921409417,4740.921409417,4740.921409417,4740.921409417,4740.921409417,4740.921409417,4740.921409417,4740.921409417,4745.232464875,7,-7,10,5,4.31446754100034,1,3.36364958300055,4740.462127625,4740.471200458,4740.921409417,4740.756193292,NaN,NaN,NaN,NaN,,NaN,,4740.458632583,4740.462081333,None,NaN,NaN,,NaN,NaN,NaN,NaN,NaN,NaN,NaN,9,bathroom,2,2024-03-22_12h26.00.837,image_similarity_rating,2023.2.3,None,2024-03-22 12h27.07.079342 +0100
,112,132,262,608,stimuli/own/bathroom/112_bat.jpg,stimuli/own/bathroom/132_bat.jpg,NaN,NaN,NaN,NaN,NaN,NaN,NaN,NaN,0,582,582,607,4745.239430958,NaN,NaN,NaN,NaN,NaN,NaN,NaN,,NaN,,4745.526450125,4745.691192792,4745.691192792,4745.691192792,4745.691192792,4745.691192792,4745.691192792,4745.691192792,4745.691192792,4745.691192792,4748.123207458,-7,7,10,6,1.76339691700014,6,2.37296912500005,4745.236212458,4745.239430958,4745.691192792,4745.526437417,NaN,NaN,NaN,NaN,,NaN,,4745.232682542,4745.236166125,None,NaN,NaN,,NaN,NaN,NaN,NaN,NaN,NaN,NaN,9,bathroom,2,2024-03-22_12h26.00.837,image_similarity_rating,2023.2.3,None,2024-03-22 12h27.07.079342 +0100
,116,120,323,323,stimuli/own/bathroom/116_bat.jpg,stimuli/own/bathroom/120_bat.jpg,NaN,NaN,NaN,NaN,NaN,NaN,NaN,NaN,0,583,583,322,4748.129084875,NaN,NaN,NaN,NaN,NaN,NaN,NaN,,NaN,,4748.422159542,4748.58662225,4748.58662225,4748.58662225,4748.58662225,4748.58662225,4748.58662225,4748.58662225,4748.58662225,4748.58662225,4751.190259625,7,-7,10,5,2.5435299589999,3,1.8511789159993,4748.126975542,4748.129084875,4748.58662225,4748.42214725,NaN,NaN,NaN,NaN,,NaN,,4748.1234235,4748.126929083,None,NaN,NaN,,NaN,NaN,NaN,NaN,NaN,NaN,NaN,9,bathroom,2,2024-03-22_12h26.00.837,image_similarity_rating,2023.2.3,None,2024-03-22 12h27.07.079342 +0100
,140,141,595,595,stimuli/own/bathroom/140_bat.jpg,stimuli/own/bathroom/141_bat.jpg,NaN,NaN,NaN,NaN,NaN,NaN,NaN,NaN,0,584,584,594,4751.19629725,NaN,NaN,NaN,NaN,NaN,NaN,NaN,,NaN,,4751.489462042,4751.654492375,4751.654492375,4751.654492375,4751.654492375,4751.654492375,4751.654492375,4751.654492375,4751.654492375,4751.654492375,4758.782626417,7,-7,10,5,7.14996095799961,3,6.26674487500077,4751.194006292,4751.19629725,4751.654492375,4751.48944875,NaN,NaN,NaN,NaN,,NaN,,4751.190483458,4751.193958917,None,NaN,NaN,,NaN,NaN,NaN,NaN,NaN,NaN,NaN,9,bathroom,2,2024-03-22_12h26.00.837,image_similarity_rating,2023.2.3,None,2024-03-22 12h27.07.079342 +0100
,118,141,385,385,stimuli/own/bathroom/118_bat.jpg,stimuli/own/bathroom/141_bat.jpg,NaN,NaN,NaN,NaN,NaN,NaN,NaN,NaN,0,585,585,384,4758.789057,NaN,NaN,NaN,NaN,NaN,NaN,NaN,,NaN,,4759.072729833,4759.236973833,4759.236973833,4759.236973833,4759.236973833,4759.236973833,4759.236973833,4759.236973833,4759.236973833,4759.236973833,4761.871870583,-7,7,10,4,2.77049129099942,1,1.85145870799988,4758.786300625,4758.789057,4759.236973833,4759.072717167,NaN,NaN,NaN,NaN,,NaN,,4758.782842583,4758.786254708,None,NaN,NaN,,NaN,NaN,NaN,NaN,NaN,NaN,NaN,9,bathroom,2,2024-03-22_12h26.00.837,image_similarity_rating,2023.2.3,None,2024-03-22 12h27.07.079342 +0100
,124,141,490,490,stimuli/own/bathroom/124_bat.jpg,stimuli/own/bathroom/141_bat.jpg,NaN,NaN,NaN,NaN,NaN,NaN,NaN,NaN,0,586,586,489,4761.877476417,NaN,NaN,NaN,NaN,NaN,NaN,NaN,,NaN,,4762.172598458,4762.337536625,4762.337536625,4762.337536625,4762.337536625,4762.337536625,4762.337536625,4762.337536625,4762.337536625,4762.337536625,4765.923462208,-7,7,10,5,2.14350808299969,5,3.52495374999944,4761.875528375,4761.877476417,4762.337536625,4762.172585875,NaN,NaN,NaN,NaN,,NaN,,4761.872084667,4761.875482542,None,NaN,NaN,,NaN,NaN,NaN,NaN,NaN,NaN,NaN,9,bathroom,2,2024-03-22_12h26.00.837,image_similarity_rating,2023.2.3,None,2024-03-22 12h27.07.079342 +0100
,127,131,520,520,stimuli/own/bathroom/127_bat.jpg,stimuli/own/bathroom/131_bat.jpg,NaN,NaN,NaN,NaN,NaN,NaN,NaN,NaN,0,587,587,519,4765.928925167,NaN,NaN,NaN,NaN,NaN,NaN,NaN,,NaN,,4766.222044958,4766.39266875,4766.39266875,4766.39266875,4766.39266875,4766.39266875,4766.39266875,4766.39266875,4766.39266875,4766.39266875,4772.349332042,-7,7,10,2,5.99521291599922,2,4.69509579199985,4765.927142208,4765.928925167,4766.39266875,4766.222027167,NaN,NaN,NaN,NaN,,NaN,,4765.923681375,4765.92709575,None,NaN,NaN,,NaN,NaN,NaN,NaN,NaN,NaN,NaN,9,bathroom,2,2024-03-22_12h26.00.837,image_similarity_rating,2023.2.3,None,2024-03-22 12h27.07.079342 +0100
,105,111,133,133,stimuli/own/bathroom/105_bat.jpg,stimuli/own/bathroom/111_bat.jpg,NaN,NaN,NaN,NaN,NaN,NaN,NaN,NaN,0,588,588,132,4772.355250417,NaN,NaN,NaN,NaN,NaN,NaN,NaN,,NaN,,4772.639218542,4772.802877917,4772.802877917,4772.802877917,4772.802877917,4772.802877917,4772.802877917,4772.802877917,4772.802877917,4772.802877917,4777.14421175,-7,7,10,4,4.33978391599976,1,2.13298974999998,4772.352987625,4772.355250417,4772.802877917,4772.639208333,NaN,NaN,NaN,NaN,,NaN,,4772.349555042,4772.352934708,None,NaN,NaN,,NaN,NaN,NaN,NaN,NaN,NaN,NaN,9,bathroom,2,2024-03-22_12h26.00.837,image_similarity_rating,2023.2.3,None,2024-03-22 12h27.07.079342 +0100
,134,138,571,571,stimuli/own/bathroom/134_bat.jpg,stimuli/own/bathroom/138_bat.jpg,NaN,NaN,NaN,NaN,NaN,NaN,NaN,NaN,0,589,589,570,4777.154151667,NaN,NaN,NaN,NaN,NaN,NaN,NaN,,NaN,,4777.439156417,4777.601744583,4777.601744583,4777.601744583,4777.601744583,4777.601744583,4777.601744583,4777.601744583,4777.601744583,4777.601744583,4785.844100708,-7,7,10,5,8.17758287499964,3,7.05858212500061,4777.14797825,4777.154151667,4777.601744583,4777.439146333,NaN,NaN,NaN,NaN,,NaN,,4777.144429208,4777.14793225,None,NaN,NaN,,NaN,NaN,NaN,NaN,NaN,NaN,NaN,9,bathroom,2,2024-03-22_12h26.00.837,image_similarity_rating,2023.2.3,None,2024-03-22 12h27.07.079342 +0100
,123,136,470,470,stimuli/own/bathroom/123_bat.jpg,stimuli/own/bathroom/136_bat.jpg,NaN,NaN,NaN,NaN,NaN,NaN,NaN,NaN,0,590,590,469,4785.853942833,NaN,NaN,NaN,NaN,NaN,NaN,NaN,,NaN,,4786.138817875,4786.303318833,4786.303318833,4786.303318833,4786.303318833,4786.303318833,4786.303318833,4786.303318833,4786.303318833,4786.303318833,4788.842402208,-7,7,10,5,1.57856908400026,3,2.57706062499983,4785.847880333,4785.853942833,4786.303318833,4786.138800417,NaN,NaN,NaN,NaN,,NaN,,4785.844328458,4785.847834125,None,NaN,NaN,,NaN,NaN,NaN,NaN,NaN,NaN,NaN,9,bathroom,2,2024-03-22_12h26.00.837,image_similarity_rating,2023.2.3,None,2024-03-22 12h27.07.079342 +0100
,116,141,342,342,stimuli/own/bathroom/116_bat.jpg,stimuli/own/bathroom/141_bat.jpg,NaN,NaN,NaN,NaN,NaN,NaN,NaN,NaN,0,591,591,341,4788.853976667,NaN,NaN,NaN,NaN,NaN,NaN,NaN,,NaN,,4789.138690958,4789.306535958,4789.306535958,4789.306535958,4789.306535958,4789.306535958,4789.306535958,4789.306535958,4789.306535958,4789.306535958,4793.965149875,-7,7,10,5,4.17067237500032,4,2.8595475839993,4788.846065125,4788.853976667,4789.306535958,4789.138674833,NaN,NaN,NaN,NaN,,NaN,,4788.84261925,4788.846019375,None,NaN,NaN,,NaN,NaN,NaN,NaN,NaN,NaN,NaN,9,bathroom,2,2024-03-22_12h26.00.837,image_similarity_rating,2023.2.3,None,2024-03-22 12h27.07.079342 +0100
,112,116,247,247,stimuli/own/bathroom/112_bat.jpg,stimuli/own/bathroom/116_bat.jpg,NaN,NaN,NaN,NaN,NaN,NaN,NaN,NaN,0,592,592,246,4793.987738917,NaN,NaN,NaN,NaN,NaN,NaN,NaN,,NaN,,4794.271416208,4794.444646542,4794.444646542,4794.444646542,4794.444646542,4794.444646542,4794.444646542,4794.444646542,4794.444646542,4794.444646542,4800.081776375,7,-7,10,6,3.34729454199987,2,5.63835149999977,4793.968804958,4793.987738917,NaN,4794.271394083,NaN,NaN,NaN,NaN,,NaN,,4793.965366875,4793.968758917,None,NaN,NaN,,NaN,NaN,NaN,NaN,NaN,NaN,NaN,9,bathroom,2,2024-03-22_12h26.00.837,image_similarity_rating,2023.2.3,None,2024-03-22 12h27.07.079342 +0100
,122,132,451,451,stimuli/own/bathroom/122_bat.jpg,stimuli/own/bathroom/132_bat.jpg,NaN,NaN,NaN,NaN,NaN,NaN,NaN,NaN,0,593,593,450,4800.104157042,NaN,NaN,NaN,NaN,NaN,NaN,NaN,,NaN,,4800.388106833,4800.553946458,4800.553946458,4800.553946458,4800.553946458,4800.553946458,4800.553946458,4800.553946458,4800.553946458,4800.553946458,4804.75090425,7,-7,10,5,3.77305675000025,5,4.24761929200031,4800.0855685,4800.104157042,NaN,4800.388089042,NaN,NaN,NaN,NaN,,NaN,,4800.0819945,4800.085521667,None,NaN,NaN,,NaN,NaN,NaN,NaN,NaN,NaN,NaN,9,bathroom,2,2024-03-22_12h26.00.837,image_similarity_rating,2023.2.3,None,2024-03-22 12h27.07.079342 +0100
,105,124,145,145,stimuli/own/bathroom/105_bat.jpg,stimuli/own/bathroom/124_bat.jpg,NaN,NaN,NaN,NaN,NaN,NaN,NaN,NaN,0,594,594,144,4804.756206833,NaN,NaN,NaN,NaN,NaN,NaN,NaN,,NaN,,4805.042661625,4805.20926825,4805.20926825,4805.20926825,4805.20926825,4805.20926825,4805.20926825,4805.20926825,4805.20926825,4805.20926825,4812.777385458,7,-7,10,5,6.08188108299964,5,7.44511950000015,4804.754626042,4804.756206833,4805.20926825,4805.042649458,NaN,NaN,NaN,NaN,,NaN,,4804.75112275,4804.754580042,None,NaN,NaN,,NaN,NaN,NaN,NaN,NaN,NaN,NaN,9,bathroom,2,2024-03-22_12h26.00.837,image_similarity_rating,2023.2.3,None,2024-03-22 12h27.07.079342 +0100
,129,138,537,537,stimuli/own/bathroom/129_bat.jpg,stimuli/own/bathroom/138_bat.jpg,NaN,NaN,NaN,NaN,NaN,NaN,NaN,NaN,0,595,595,536,4812.787168417,NaN,NaN,NaN,NaN,NaN,NaN,NaN,,NaN,,4813.071940542,4813.240611917,4813.240611917,4813.240611917,4813.240611917,4813.240611917,4813.240611917,4813.240611917,4813.240611917,4813.240611917,4822.67761025,-7,7,10,3,9.42481804199997,1,8.73331979199975,4812.781039833,4812.787168417,4813.240611917,4813.071924208,NaN,NaN,NaN,NaN,,NaN,,4812.777602375,4812.780993458,None,NaN,NaN,,NaN,NaN,NaN,NaN,NaN,NaN,NaN,9,bathroom,2,2024-03-22_12h26.00.837,image_similarity_rating,2023.2.3,None,2024-03-22 12h27.07.079342 +0100
,126,134,510,510,stimuli/own/bathroom/126_bat.jpg,stimuli/own/bathroom/134_bat.jpg,NaN,NaN,NaN,NaN,NaN,NaN,NaN,NaN,0,596,596,509,4822.687238792,NaN,NaN,NaN,NaN,NaN,NaN,NaN,,NaN,,4822.971889708,4823.1431545,4823.1431545,4823.1431545,4823.1431545,4823.1431545,4823.1431545,4823.1431545,4823.1431545,4823.1431545,4825.906277167,-7,7,10,5,2.11716820799938,5,2.54184695899949,4822.681272667,4822.687238792,4823.1431545,4822.971868833,NaN,NaN,NaN,NaN,,NaN,,4822.677830625,4822.681226292,None,NaN,NaN,,NaN,NaN,NaN,NaN,NaN,NaN,NaN,9,bathroom,2,2024-03-22_12h26.00.837,image_similarity_rating,2023.2.3,None,2024-03-22 12h27.07.079342 +0100
,104,134,123,123,stimuli/own/bathroom/104_bat.jpg,stimuli/own/bathroom/134_bat.jpg,NaN,NaN,NaN,NaN,NaN,NaN,NaN,NaN,0,597,597,122,4825.9118795,NaN,NaN,NaN,NaN,NaN,NaN,NaN,,NaN,,4826.205245708,4826.374352625,4826.374352625,4826.374352625,4826.374352625,4826.374352625,4826.374352625,4826.374352625,4826.374352625,4826.374352625,4833.760713375,-7,7,10,6,3.09205916700012,5,7.25108858300064,4825.909944125,4825.9118795,4826.374352625,4826.205228667,NaN,NaN,NaN,NaN,,NaN,,4825.9064945,4825.909898,None,NaN,NaN,,NaN,NaN,NaN,NaN,NaN,NaN,NaN,9,bathroom,2,2024-03-22_12h26.00.837,image_similarity_rating,2023.2.3,None,2024-03-22 12h27.07.079342 +0100
,112,122,253,253,stimuli/own/bathroom/112_bat.jpg,stimuli/own/bathroom/122_bat.jpg,NaN,NaN,NaN,NaN,NaN,NaN,NaN,NaN,0,598,598,252,4833.770663917,NaN,NaN,NaN,NaN,NaN,NaN,NaN,,NaN,,4834.055173292,4834.220183,4834.220183,4834.220183,4834.220183,4834.220183,4834.220183,4834.220183,4834.220183,4834.220183,4838.602627583,-7,7,10,5,4.4160033750004,4,3.62585258300078,4833.764369,4833.770663917,4834.220183,4834.05516075,NaN,NaN,NaN,NaN,,NaN,,4833.76093,4833.764322708,None,NaN,NaN,,NaN,NaN,NaN,NaN,NaN,NaN,NaN,9,bathroom,2,2024-03-22_12h26.00.837,image_similarity_rating,2023.2.3,None,2024-03-22 12h27.07.079342 +0100
,113,141,295,295,stimuli/own/bathroom/113_bat.jpg,stimuli/own/bathroom/141_bat.jpg,NaN,NaN,NaN,NaN,NaN,NaN,NaN,NaN,0,599,599,294,4838.608191417,NaN,NaN,NaN,NaN,NaN,NaN,NaN,,NaN,,4838.892810792,4839.057302208,4839.057302208,4839.057302208,4839.057302208,4839.057302208,4839.057302208,4839.057302208,4839.057302208,4839.057302208,4841.665192,-7,7,10,5,1.87818770800004,5,2.62121420899985,4838.606359417,4838.608191417,4839.057302208,4838.892796083,NaN,NaN,NaN,NaN,,NaN,,4838.60287375,4838.60631275,None,NaN,NaN,,NaN,NaN,NaN,NaN,NaN,NaN,NaN,9,bathroom,2,2024-03-22_12h26.00.837,image_similarity_rating,2023.2.3,None,2024-03-22 12h27.07.079342 +0100
,113,123,279,279,stimuli/own/bathroom/113_bat.jpg,stimuli/own/bathroom/123_bat.jpg,NaN,NaN,NaN,NaN,NaN,NaN,NaN,NaN,0,600,600,278,4841.687412583,NaN,NaN,NaN,NaN,NaN,NaN,NaN,,NaN,,4841.971182292,4842.14140625,4842.14140625,4842.14140625,4842.14140625,4842.14140625,4842.14140625,4842.14140625,4842.14140625,4842.14140625,4847.369306625,7,-7,10,5,4.46317408300001,3,5.21500637500048,4841.6688475,4841.687412583,NaN,4841.971146542,NaN,NaN,NaN,NaN,,NaN,,4841.665407542,4841.668801042,None,NaN,NaN,,NaN,NaN,NaN,NaN,NaN,NaN,NaN,9,bathroom,2,2024-03-22_12h26.00.837,image_similarity_rating,2023.2.3,None,2024-03-22 12h27.07.079342 +0100
,103,125,85,85,stimuli/own/bathroom/103_bat.jpg,stimuli/own/bathroom/125_bat.jpg,NaN,NaN,NaN,NaN,NaN,NaN,NaN,NaN,0,601,601,84,4847.374951125,NaN,NaN,NaN,NaN,NaN,NaN,NaN,,NaN,,4847.659544542,4847.830025917,4847.830025917,4847.830025917,4847.830025917,4847.830025917,4847.830025917,4847.830025917,4847.830025917,4847.830025917,4853.731902375,7,-7,10,3,5.99093237499983,4,3.78809150000052,4847.373019667,4847.374951125,4847.830025917,4847.659529833,NaN,NaN,NaN,NaN,,NaN,,4847.369549417,4847.37297375,None,NaN,NaN,,NaN,NaN,NaN,NaN,NaN,NaN,NaN,9,bathroom,2,2024-03-22_12h26.00.837,image_similarity_rating,2023.2.3,None,2024-03-22 12h27.07.079342 +0100
,116,121,324,324,stimuli/own/bathroom/116_bat.jpg,stimuli/own/bathroom/121_bat.jpg,NaN,NaN,NaN,NaN,NaN,NaN,NaN,NaN,0,602,602,323,4853.754042708,NaN,NaN,NaN,NaN,NaN,NaN,NaN,,NaN,,4854.037831542,4854.210227708,4854.210227708,4854.210227708,4854.210227708,4854.210227708,4854.210227708,4854.210227708,4854.210227708,4854.210227708,4863.06161675,7,-7,10,5,8.92616141599956,4,4.69254616699982,4853.735662167,4853.754042708,NaN,4854.037786042,NaN,NaN,NaN,NaN,,NaN,,4853.732120583,4853.735616667,None,NaN,NaN,,NaN,NaN,NaN,NaN,NaN,NaN,NaN,9,bathroom,2,2024-03-22_12h26.00.837,image_similarity_rating,2023.2.3,None,2024-03-22 12h27.07.079342 +0100
,104,131,121,613,stimuli/own/bathroom/104_bat.jpg,stimuli/own/bathroom/131_bat.jpg,NaN,NaN,NaN,NaN,NaN,NaN,NaN,NaN,0,603,603,612,4863.07033075,NaN,NaN,NaN,NaN,NaN,NaN,NaN,,NaN,,4863.35534125,4863.522340167,4863.522340167,4863.522340167,4863.522340167,4863.522340167,4863.522340167,4863.522340167,4863.522340167,4863.522340167,4870.01478825,-7,7,10,2,4.35739674999968,2,6.44449841700043,4863.065324125,4863.07033075,4863.522340167,4863.355326917,NaN,NaN,NaN,NaN,,NaN,,4863.061834833,4863.065277875,None,NaN,NaN,,NaN,NaN,NaN,NaN,NaN,NaN,NaN,9,bathroom,2,2024-03-22_12h26.00.837,image_similarity_rating,2023.2.3,None,2024-03-22 12h27.07.079342 +0100
,102,129,56,56,stimuli/own/bathroom/102_bat.jpg,stimuli/own/bathroom/129_bat.jpg,NaN,NaN,NaN,NaN,NaN,NaN,NaN,NaN,0,604,604,55,4870.036986542,NaN,NaN,NaN,NaN,NaN,NaN,NaN,,NaN,,4870.321154875,4870.49119325,4870.49119325,4870.49119325,4870.49119325,4870.49119325,4870.49119325,4870.49119325,4870.49119325,4870.49119325,4876.293765875,-7,7,10,7,3.15866800000003,5,5.5646926670006,4870.01855625,4870.036986542,NaN,4870.321135333,NaN,NaN,NaN,NaN,,NaN,,4870.015005917,4870.018510125,None,NaN,NaN,,NaN,NaN,NaN,NaN,NaN,NaN,NaN,9,bathroom,2,2024-03-22_12h26.00.837,image_similarity_rating,2023.2.3,None,2024-03-22 12h27.07.079342 +0100
,121,125,428,428,stimuli/own/bathroom/121_bat.jpg,stimuli/own/bathroom/125_bat.jpg,NaN,NaN,NaN,NaN,NaN,NaN,NaN,NaN,0,605,605,427,4876.303644792,NaN,NaN,NaN,NaN,NaN,NaN,NaN,,NaN,,4876.588320333,4876.759828583,4876.759828583,4876.759828583,4876.759828583,4876.759828583,4876.759828583,4876.759828583,4876.759828583,4876.759828583,4880.672706625,7,-7,10,7,3.17796295900007,5,3.82537612500073,4876.297435167,4876.303644792,4876.759828583,4876.588304542,NaN,NaN,NaN,NaN,,NaN,,4876.293990333,4876.297388958,None,NaN,NaN,,NaN,NaN,NaN,NaN,NaN,NaN,NaN,9,bathroom,2,2024-03-22_12h26.00.837,image_similarity_rating,2023.2.3,None,2024-03-22 12h27.07.079342 +0100
,109,120,198,198,stimuli/own/bathroom/109_bat.jpg,stimuli/own/bathroom/120_bat.jpg,NaN,NaN,NaN,NaN,NaN,NaN,NaN,NaN,0,606,606,197,4880.678115333,NaN,NaN,NaN,NaN,NaN,NaN,NaN,,NaN,,4880.971676167,4881.143075958,4881.143075958,4881.143075958,4881.143075958,4881.143075958,4881.143075958,4881.143075958,4881.143075958,4881.143075958,4886.539384167,7,-7,10,5,3.9162420420007,4,5.38480570800039,4880.676351042,4880.678115333,4881.143075958,4880.971659875,NaN,NaN,NaN,NaN,,NaN,,4880.672922375,4880.676305125,None,NaN,NaN,,NaN,NaN,NaN,NaN,NaN,NaN,NaN,9,bathroom,2,2024-03-22_12h26.00.837,image_similarity_rating,2023.2.3,None,2024-03-22 12h27.07.079342 +0100
,114,123,303,303,stimuli/own/bathroom/114_bat.jpg,stimuli/own/bathroom/123_bat.jpg,NaN,NaN,NaN,NaN,NaN,NaN,NaN,NaN,0,607,607,302,4886.544981167,NaN,NaN,NaN,NaN,NaN,NaN,NaN,,NaN,,4886.83830725,4887.009937833,4887.009937833,4887.009937833,4887.009937833,4887.009937833,4887.009937833,4887.009937833,4887.009937833,4887.009937833,4892.245310833,-7,7,10,6,5.25164383300034,4,3.09980729200015,4886.543059167,4886.544981167,4887.009937833,4886.838290875,NaN,NaN,NaN,NaN,,NaN,,4886.539602333,4886.543013042,None,NaN,NaN,,NaN,NaN,NaN,NaN,NaN,NaN,NaN,9,bathroom,2,2024-03-22_12h26.00.837,image_similarity_rating,2023.2.3,None,2024-03-22 12h27.07.079342 +0100
,101,117,12,12,stimuli/own/bathroom/101_bat.jpg,stimuli/own/bathroom/117_bat.jpg,NaN,NaN,NaN,NaN,NaN,NaN,NaN,NaN,0,608,608,11,4892.25359775,NaN,NaN,NaN,NaN,NaN,NaN,NaN,,NaN,,4892.539094292,4892.703785792,4892.703785792,4892.703785792,4892.703785792,4892.703785792,4892.703785792,4892.703785792,4892.703785792,4892.703785792,4899.089813583,7,-7,10,6,5.68951770899912,6,6.27236500000072,4892.248978958,4892.25359775,4892.703785792,4892.539076958,NaN,NaN,NaN,NaN,,NaN,,4892.245531292,4892.248932042,None,NaN,NaN,,NaN,NaN,NaN,NaN,NaN,NaN,NaN,9,bathroom,2,2024-03-22_12h26.00.837,image_similarity_rating,2023.2.3,None,2024-03-22 12h27.07.079342 +0100
,123,137,471,471,stimuli/own/bathroom/123_bat.jpg,stimuli/own/bathroom/137_bat.jpg,NaN,NaN,NaN,NaN,NaN,NaN,NaN,NaN,0,609,609,470,4899.095739542,NaN,NaN,NaN,NaN,NaN,NaN,NaN,,NaN,,4899.388288417,4899.556180542,4899.556180542,4899.556180542,4899.556180542,4899.556180542,4899.556180542,4899.556180542,4899.556180542,4899.556180542,4904.145812125,-7,7,10,2,4.70209687499937,3,2.99673079200056,4899.093482167,4899.095739542,4899.556180542,4899.38827175,NaN,NaN,NaN,NaN,,NaN,,4899.090029667,4899.093435958,None,NaN,NaN,,NaN,NaN,NaN,NaN,NaN,NaN,NaN,9,bathroom,2,2024-03-22_12h26.00.837,image_similarity_rating,2023.2.3,None,2024-03-22 12h27.07.079342 +0100
,120,121,406,406,stimuli/own/bathroom/120_bat.jpg,stimuli/own/bathroom/121_bat.jpg,NaN,NaN,NaN,NaN,NaN,NaN,NaN,NaN,0,610,610,405,4904.153903583,NaN,NaN,NaN,NaN,NaN,NaN,NaN,,NaN,,4904.438053542,4904.602848375,4904.602848375,4904.602848375,4904.602848375,4904.602848375,4904.602848375,4904.602848375,4904.602848375,4904.602848375,4909.669389625,7,-7,10,4,3.64812479099965,1,5.09188079199976,4904.149487958,4904.153903583,4904.602848375,4904.438040208,NaN,NaN,NaN,NaN,,NaN,,4904.146030417,4904.149441875,None,NaN,NaN,,NaN,NaN,NaN,NaN,NaN,NaN,NaN,9,bathroom,2,2024-03-22_12h26.00.837,image_similarity_rating,2023.2.3,None,2024-03-22 12h27.07.079342 +0100
,126,129,506,506,stimuli/own/bathroom/126_bat.jpg,stimuli/own/bathroom/129_bat.jpg,NaN,NaN,NaN,NaN,NaN,NaN,NaN,NaN,0,611,611,505,4909.675050375,NaN,NaN,NaN,NaN,NaN,NaN,NaN,,NaN,,4909.959077417,4910.130721083,4910.130721083,4910.130721083,4910.130721083,4910.130721083,4910.130721083,4910.130721083,4910.130721083,4910.130721083,4915.948040667,7,-7,10,2,5.78686591699989,3,3.79274474999966,4909.673112083,4909.675050375,4910.130721083,4909.959062625,NaN,NaN,NaN,NaN,,NaN,,4909.669614083,4909.673065833,None,NaN,NaN,,NaN,NaN,NaN,NaN,NaN,NaN,NaN,9,bathroom,2,2024-03-22_12h26.00.837,image_similarity_rating,2023.2.3,None,2024-03-22 12h27.07.079342 +0100
,129,131,531,531,stimuli/own/bathroom/129_bat.jpg,stimuli/own/bathroom/131_bat.jpg,NaN,NaN,NaN,NaN,NaN,NaN,NaN,NaN,0,612,612,530,4915.970449708,NaN,NaN,NaN,NaN,NaN,NaN,NaN,,NaN,,4916.254373792,4916.422335708,4916.422335708,4916.422335708,4916.422335708,4916.422335708,4916.422335708,4916.422335708,4916.422335708,4916.422335708,4921.368906,-7,7,10,2,4.93283258300016,1,2.58545599999979,4915.951707375,4915.970449708,NaN,4916.254352042,NaN,NaN,NaN,NaN,,NaN,,4915.948257083,4915.95166125,None,NaN,NaN,,NaN,NaN,NaN,NaN,NaN,NaN,NaN,9,bathroom,2,2024-03-22_12h26.00.837,image_similarity_rating,2023.2.3,None,2024-03-22 12h27.07.079342 +0100
,119,120,386,386,stimuli/own/bathroom/119_bat.jpg,stimuli/own/bathroom/120_bat.jpg,NaN,NaN,NaN,NaN,NaN,NaN,NaN,NaN,0,613,613,385,4921.374370417,NaN,NaN,NaN,NaN,NaN,NaN,NaN,,NaN,,4921.658759292,4921.82532725,4921.82532725,4921.82532725,4921.82532725,4921.82532725,4921.82532725,4921.82532725,4921.82532725,4921.82532725,4926.185965042,7,-7,10,4,4.29582683300032,1,2.6815391250002,4921.372617,4921.374370417,4921.82532725,4921.658741,NaN,NaN,NaN,NaN,,NaN,,4921.369132375,4921.3725705,None,NaN,NaN,,NaN,NaN,NaN,NaN,NaN,NaN,NaN,9,bathroom,2,2024-03-22_12h26.00.837,image_similarity_rating,2023.2.3,None,2024-03-22 12h27.07.079342 +0100
,116,122,325,325,stimuli/own/bathroom/116_bat.jpg,stimuli/own/bathroom/122_bat.jpg,NaN,NaN,NaN,NaN,NaN,NaN,NaN,NaN,0,614,614,324,4926.191718792,NaN,NaN,NaN,NaN,NaN,NaN,NaN,,NaN,,4926.475729458,4926.643269167,4926.643269167,4926.643269167,4926.643269167,4926.643269167,4926.643269167,4926.643269167,4926.643269167,4926.643269167,4937.260320958,7,-7,10,3,10.5407207500002,1,8.90495704200021,4926.189799583,4926.191718792,4926.643269167,4926.475713792,NaN,NaN,NaN,NaN,,NaN,,4926.186183,4926.189753125,None,NaN,NaN,,NaN,NaN,NaN,NaN,NaN,NaN,NaN,9,bathroom,2,2024-03-22_12h26.00.837,image_similarity_rating,2023.2.3,None,2024-03-22 12h27.07.079342 +0100
,NaN,NaN,NaN,NaN,,,NaN,NaN,NaN,NaN,NaN,NaN,NaN,NaN,NaN,NaN,NaN,NaN,NaN,NaN,NaN,NaN,NaN,NaN,NaN,NaN,,NaN,,NaN,NaN,NaN,NaN,NaN,NaN,NaN,NaN,NaN,NaN,NaN,NaN,NaN,NaN,NaN,NaN,NaN,NaN,NaN,NaN,NaN,NaN,NaN,NaN,NaN,NaN,,NaN,,NaN,NaN,,NaN,NaN,,4937.260490708,4937.270073292,4937.270073292,4940.207284,NaN,2.93688316699991,NaN,9,bathroom,2,2024-03-22_12h26.00.837,image_similarity_rating,2023.2.3,None,2024-03-22 12h27.07.079342 +0100
