slide,sub1,sub2,pairID,trialID,stim1,stim2,instructionsLoop_thisRepN,instructionsLoop_thisTrialN,instructionsLoop_thisN,instructionsLoop_thisIndex,practice_thisRepN,practice_thisTrialN,practice_thisN,practice_thisIndex,trials_thisRepN,trials_thisTrialN,trials_thisN,trials_thisIndex,thisRow_t,notes,preparation_started,preparation_stopped,instructions_started,startResponse_started,slide_img_started,instructions_stopped,startResponse_keys,startResponse_rt,startResponse_duration,trial_started,polygon_started,polygon_2_started,image1_started,image2_started,rating_1_started,question_started,rating_2_started,question_2_started,block_text_started,trial_stopped,stim1pos,stim2pos,block,rating_1_response,rating_1_rt,rating_2_response,rating_2_rt,ITI_started,text_started,text_stopped,ITI_stopped,practice_over_started,text_2_started,space_practice_over_started,practice_over_stopped,space_practice_over_keys,space_practice_over_rt,space_practice_over_duration,breakBlocks_started,breakBlocks_stopped,startBlock_keys,startBlock_started,startBlock_rt,startBlock_duration,end_started,message_end_started,key_resp_started,end_stopped,key_resp_keys,key_resp_rt,key_resp_duration,participant,session,session_number,date,expName,psychopyVersion,frameRate,expStart
instructions/Slide2.jpg,NaN,NaN,NaN,NaN,,,0,0,0,0,NaN,NaN,NaN,NaN,NaN,NaN,NaN,NaN,0.0257728750000012,NaN,0.00218749999999091,0.00231120800000895,0.00966400000001499,0.0257728750000012,0.0257728750000012,13.607082708,space,13.581000041,None,NaN,NaN,NaN,NaN,NaN,NaN,NaN,NaN,NaN,NaN,NaN,NaN,NaN,NaN,NaN,NaN,NaN,NaN,NaN,NaN,NaN,NaN,NaN,NaN,NaN,NaN,,NaN,,NaN,NaN,,NaN,NaN,,NaN,NaN,NaN,NaN,NaN,NaN,NaN,12,kitchen,2,2024-04-10_10h03.09.698,image_similarity_rating,2023.2.3,None,2024-04-10 10h03.23.237854 +0200
instructions/Slide3.jpg,NaN,NaN,NaN,NaN,,,0,1,1,1,NaN,NaN,NaN,NaN,NaN,NaN,NaN,NaN,13.629927958,NaN,NaN,NaN,13.607965333,13.629927958,13.629927958,15.0491245,space,1.41891100000001,None,NaN,NaN,NaN,NaN,NaN,NaN,NaN,NaN,NaN,NaN,NaN,NaN,NaN,NaN,NaN,NaN,NaN,NaN,NaN,NaN,NaN,NaN,NaN,NaN,NaN,NaN,,NaN,,NaN,NaN,,NaN,NaN,,NaN,NaN,NaN,NaN,NaN,NaN,NaN,12,kitchen,2,2024-04-10_10h03.09.698,image_similarity_rating,2023.2.3,None,2024-04-10 10h03.23.237854 +0200
instructions/Slide4.jpg,NaN,NaN,NaN,NaN,,,0,2,2,2,NaN,NaN,NaN,NaN,NaN,NaN,NaN,NaN,15.077386208,NaN,NaN,NaN,15.049900416,15.077386208,15.077386208,17.014711208,space,1.93697212500001,None,NaN,NaN,NaN,NaN,NaN,NaN,NaN,NaN,NaN,NaN,NaN,NaN,NaN,NaN,NaN,NaN,NaN,NaN,NaN,NaN,NaN,NaN,NaN,NaN,NaN,NaN,,NaN,,NaN,NaN,,NaN,NaN,,NaN,NaN,NaN,NaN,NaN,NaN,NaN,12,kitchen,2,2024-04-10_10h03.09.698,image_similarity_rating,2023.2.3,None,2024-04-10 10h03.23.237854 +0200
instructions/Slide5.jpg,NaN,NaN,NaN,NaN,,,0,3,3,3,NaN,NaN,NaN,NaN,NaN,NaN,NaN,NaN,17.039384166,NaN,NaN,NaN,17.015713958,17.039384166,17.039384166,30.849032291,space,13.809359,None,NaN,NaN,NaN,NaN,NaN,NaN,NaN,NaN,NaN,NaN,NaN,NaN,NaN,NaN,NaN,NaN,NaN,NaN,NaN,NaN,NaN,NaN,NaN,NaN,NaN,NaN,,NaN,,NaN,NaN,,NaN,NaN,,NaN,NaN,NaN,NaN,NaN,NaN,NaN,12,kitchen,2,2024-04-10_10h03.09.698,image_similarity_rating,2023.2.3,None,2024-04-10 10h03.23.237854 +0200
,110,107,NaN,4,stimuli/own/kitchen/110_kit.jpg,stimuli/own/kitchen/107_kit.jpg,NaN,NaN,NaN,NaN,0,0,0,3,NaN,NaN,NaN,NaN,31.054746416,NaN,NaN,NaN,NaN,NaN,NaN,NaN,,NaN,,30.875639458,31.054746416,31.054746416,31.054746416,31.054746416,31.054746416,31.054746416,31.054746416,31.054746416,31.054746416,37.245071708,7,-7,0,3,3.29838754100001,4,5.37037708300002,37.245298208,37.255378833,37.706766208,37.539553416,NaN,NaN,NaN,NaN,,NaN,,NaN,NaN,,NaN,NaN,,NaN,NaN,NaN,NaN,NaN,NaN,NaN,12,kitchen,2,2024-04-10_10h03.09.698,image_similarity_rating,2023.2.3,None,2024-04-10 10h03.23.237854 +0200
,110,128,NaN,2,stimuli/own/kitchen/110_kit.jpg,stimuli/own/kitchen/128_kit.jpg,NaN,NaN,NaN,NaN,0,1,1,1,NaN,NaN,NaN,NaN,37.706766208,NaN,NaN,NaN,NaN,NaN,NaN,NaN,,NaN,,37.540000583,37.706766208,37.706766208,37.706766208,37.706766208,37.706766208,37.706766208,37.706766208,37.706766208,37.706766208,42.542189,7,-7,0,2,3.09368495800001,5,4.36335624999998,42.542335541,42.544083708,43.006671416,42.840112708,NaN,NaN,NaN,NaN,,NaN,,NaN,NaN,,NaN,NaN,,NaN,NaN,NaN,NaN,NaN,NaN,NaN,12,kitchen,2,2024-04-10_10h03.09.698,image_similarity_rating,2023.2.3,None,2024-04-10 10h03.23.237854 +0200
,108,110,NaN,8,stimuli/own/kitchen/108_kit.jpg,stimuli/own/kitchen/110_kit.jpg,NaN,NaN,NaN,NaN,0,2,2,7,NaN,NaN,NaN,NaN,43.006671416,NaN,NaN,NaN,NaN,NaN,NaN,NaN,,NaN,,42.840536333,43.006671416,43.006671416,43.006671416,43.006671416,43.006671416,43.006671416,43.006671416,43.006671416,43.006671416,49.112085958,7,-7,0,3,3.185318792,5,4.844755709,49.112226041,49.122108708,49.572658041,49.406509708,NaN,NaN,NaN,NaN,,NaN,,NaN,NaN,,NaN,NaN,,NaN,NaN,NaN,NaN,NaN,NaN,NaN,12,kitchen,2,2024-04-10_10h03.09.698,image_similarity_rating,2023.2.3,None,2024-04-10 10h03.23.237854 +0200
,107,128,NaN,7,stimuli/own/kitchen/107_kit.jpg,stimuli/own/kitchen/128_kit.jpg,NaN,NaN,NaN,NaN,0,3,3,6,NaN,NaN,NaN,NaN,49.572658041,NaN,NaN,NaN,NaN,NaN,NaN,NaN,,NaN,,49.406927166,49.572658041,49.572658041,49.572658041,49.572658041,49.572658041,49.572658041,49.572658041,49.572658041,49.572658041,54.375157541,-7,7,0,5,2.969587625,5,4.39293899999998,54.375299875,54.377216958,54.82650975,54.660416291,NaN,NaN,NaN,NaN,,NaN,,NaN,NaN,,NaN,NaN,,NaN,NaN,NaN,NaN,NaN,NaN,NaN,12,kitchen,2,2024-04-10_10h03.09.698,image_similarity_rating,2023.2.3,None,2024-04-10 10h03.23.237854 +0200
,108,133,NaN,10,stimuli/own/kitchen/108_kit.jpg,stimuli/own/kitchen/133_kit.jpg,NaN,NaN,NaN,NaN,0,4,4,9,NaN,NaN,NaN,NaN,54.82650975,NaN,NaN,NaN,NaN,NaN,NaN,NaN,,NaN,,54.660783541,54.82650975,54.82650975,54.82650975,54.82650975,54.82650975,54.82650975,54.82650975,54.82650975,54.82650975,61.266447833,7,-7,0,2,3.701058292,5,6.25307970899999,61.26659175,61.271785625,61.722534625,61.556466375,NaN,NaN,NaN,NaN,,NaN,,NaN,NaN,,NaN,NaN,,NaN,NaN,NaN,NaN,NaN,NaN,NaN,12,kitchen,2,2024-04-10_10h03.09.698,image_similarity_rating,2023.2.3,None,2024-04-10 10h03.23.237854 +0200
,128,133,NaN,6,stimuli/own/kitchen/128_kit.jpg,stimuli/own/kitchen/133_kit.jpg,NaN,NaN,NaN,NaN,0,5,5,5,NaN,NaN,NaN,NaN,61.722534625,NaN,NaN,NaN,NaN,NaN,NaN,NaN,,NaN,,61.556879375,61.722534625,61.722534625,61.722534625,61.722534625,61.722534625,61.722534625,61.722534625,61.722534625,61.722534625,69.129061125,-7,7,0,5,4.36408112500001,4,6.31640779200001,69.129202208,69.138633541,69.5899985,69.423616916,NaN,NaN,NaN,NaN,,NaN,,NaN,NaN,,NaN,NaN,,NaN,NaN,NaN,NaN,NaN,NaN,NaN,12,kitchen,2,2024-04-10_10h03.09.698,image_similarity_rating,2023.2.3,None,2024-04-10 10h03.23.237854 +0200
,107,133,NaN,9,stimuli/own/kitchen/107_kit.jpg,stimuli/own/kitchen/133_kit.jpg,NaN,NaN,NaN,NaN,0,6,6,8,NaN,NaN,NaN,NaN,69.5899985,NaN,NaN,NaN,NaN,NaN,NaN,NaN,,NaN,,69.424021583,69.5899985,69.5899985,69.5899985,69.5899985,69.5899985,69.5899985,69.5899985,69.5899985,69.5899985,75.437088916,-7,7,0,2,3.516287291,4,4.79749866700001,75.437232791,75.440556083,75.892668875,75.726919375,NaN,NaN,NaN,NaN,,NaN,,NaN,NaN,,NaN,NaN,,NaN,NaN,NaN,NaN,NaN,NaN,NaN,12,kitchen,2,2024-04-10_10h03.09.698,image_similarity_rating,2023.2.3,None,2024-04-10 10h03.23.237854 +0200
,110,133,NaN,1,stimuli/own/kitchen/110_kit.jpg,stimuli/own/kitchen/133_kit.jpg,NaN,NaN,NaN,NaN,0,7,7,0,NaN,NaN,NaN,NaN,75.892668875,NaN,NaN,NaN,NaN,NaN,NaN,NaN,,NaN,,75.727294833,75.892668875,75.892668875,75.892668875,75.892668875,75.892668875,75.892668875,75.892668875,75.892668875,75.892668875,85.60762325,-7,7,0,3,3.31276383400001,3,8.71419004200001,85.607764916,85.609700875,86.060419166,85.89387,NaN,NaN,NaN,NaN,,NaN,,NaN,NaN,,NaN,NaN,,NaN,NaN,NaN,NaN,NaN,NaN,NaN,12,kitchen,2,2024-04-10_10h03.09.698,image_similarity_rating,2023.2.3,None,2024-04-10 10h03.23.237854 +0200
,128,108,NaN,3,stimuli/own/kitchen/128_kit.jpg,stimuli/own/kitchen/108_kit.jpg,NaN,NaN,NaN,NaN,0,8,8,2,NaN,NaN,NaN,NaN,86.060419166,NaN,NaN,NaN,NaN,NaN,NaN,NaN,,NaN,,85.894224583,86.060419166,86.060419166,86.060419166,86.060419166,86.060419166,86.060419166,86.060419166,86.060419166,86.060419166,94.082601,7,-7,0,3,5.74568612500002,3,7.36233408300001,94.082743916,94.0883795,94.546228041,94.373208333,NaN,NaN,NaN,NaN,,NaN,,NaN,NaN,,NaN,NaN,,NaN,NaN,NaN,NaN,NaN,NaN,NaN,12,kitchen,2,2024-04-10_10h03.09.698,image_similarity_rating,2023.2.3,None,2024-04-10 10h03.23.237854 +0200
,107,108,NaN,5,stimuli/own/kitchen/107_kit.jpg,stimuli/own/kitchen/108_kit.jpg,NaN,NaN,NaN,NaN,0,9,9,4,NaN,NaN,NaN,NaN,94.546228041,NaN,NaN,NaN,NaN,NaN,NaN,NaN,,NaN,,94.373790708,94.546228041,94.546228041,94.546228041,94.546228041,94.546228041,94.546228041,94.546228041,94.546228041,94.546228041,98.41206025,-7,7,0,3,2.77964625000001,5,3.41711237499999,98.412210916,98.421817458,98.711808583,98.706370083,NaN,NaN,NaN,NaN,,NaN,,NaN,NaN,,NaN,NaN,,NaN,NaN,NaN,NaN,NaN,NaN,NaN,12,kitchen,2,2024-04-10_10h03.09.698,image_similarity_rating,2023.2.3,None,2024-04-10 10h03.23.237854 +0200
,NaN,NaN,NaN,NaN,,,NaN,NaN,NaN,NaN,NaN,NaN,NaN,NaN,NaN,NaN,NaN,NaN,NaN,NaN,NaN,NaN,NaN,NaN,NaN,NaN,,NaN,,NaN,NaN,NaN,NaN,NaN,NaN,NaN,NaN,NaN,NaN,NaN,NaN,NaN,NaN,NaN,NaN,NaN,NaN,NaN,NaN,NaN,NaN,98.706473791,98.711808583,98.711808583,109.141959458,space,10.429782291,None,NaN,NaN,,NaN,NaN,,NaN,NaN,NaN,NaN,NaN,NaN,NaN,12,kitchen,2,2024-04-10_10h03.09.698,image_similarity_rating,2023.2.3,None,2024-04-10 10h03.23.237854 +0200
,119,131,396,396,stimuli/own/kitchen/119_kit.jpg,stimuli/own/kitchen/131_kit.jpg,NaN,NaN,NaN,NaN,NaN,NaN,NaN,NaN,0,0,0,395,109.1929335,NaN,NaN,NaN,NaN,NaN,NaN,NaN,,NaN,,109.4778205,109.657377291,109.657377291,109.657377291,109.657377291,109.657377291,109.657377291,109.657377291,109.657377291,109.657377291,120.799458958,-7,7,1,2,6.12500291700002,3,10.551553209,109.190822625,109.1929335,109.657377291,109.477806,NaN,NaN,NaN,NaN,,NaN,,109.176793166,109.190527666,None,NaN,NaN,,NaN,NaN,NaN,NaN,NaN,NaN,NaN,12,kitchen,2,2024-04-10_10h03.09.698,image_similarity_rating,2023.2.3,None,2024-04-10 10h03.23.237854 +0200
,125,138,501,501,stimuli/own/kitchen/125_kit.jpg,stimuli/own/kitchen/138_kit.jpg,NaN,NaN,NaN,NaN,NaN,NaN,NaN,NaN,0,1,1,500,120.807782791,NaN,NaN,NaN,NaN,NaN,NaN,NaN,,NaN,,121.094120125,121.265437375,121.265437375,121.265437375,121.265437375,121.265437375,121.265437375,121.265437375,121.265437375,121.265437375,126.774190875,7,-7,1,4,4.085484458,3,4.99775229199997,120.806083458,120.807782791,121.265437375,121.09410125,NaN,NaN,NaN,NaN,,NaN,,120.800038083,120.806032083,None,NaN,NaN,,NaN,NaN,NaN,NaN,NaN,NaN,NaN,12,kitchen,2,2024-04-10_10h03.09.698,image_similarity_rating,2023.2.3,None,2024-04-10 10h03.23.237854 +0200
,120,125,410,410,stimuli/own/kitchen/120_kit.jpg,stimuli/own/kitchen/125_kit.jpg,NaN,NaN,NaN,NaN,NaN,NaN,NaN,NaN,0,2,2,409,126.779829833,NaN,NaN,NaN,NaN,NaN,NaN,NaN,,NaN,,127.072895458,127.240204208,127.240204208,127.240204208,127.240204208,127.240204208,127.240204208,127.240204208,127.240204208,127.240204208,133.36596775,-7,7,1,5,3.85770608300004,3,4.85681558300001,126.777907791,126.779829833,127.240204208,127.072882166,NaN,NaN,NaN,NaN,,NaN,,126.774414333,126.777859666,None,NaN,NaN,,NaN,NaN,NaN,NaN,NaN,NaN,NaN,12,kitchen,2,2024-04-10_10h03.09.698,image_similarity_rating,2023.2.3,None,2024-04-10 10h03.23.237854 +0200
,106,114,165,165,stimuli/own/kitchen/106_kit.jpg,stimuli/own/kitchen/114_kit.jpg,NaN,NaN,NaN,NaN,NaN,NaN,NaN,NaN,0,3,3,164,133.371446541,NaN,NaN,NaN,NaN,NaN,NaN,NaN,,NaN,,133.656167583,133.822834625,133.822834625,133.822834625,133.822834625,133.822834625,133.822834625,133.822834625,133.822834625,133.822834625,140.566083166,7,-7,1,2,4.72720754200003,3,6.50838804199998,133.369655291,133.371446541,133.822834625,133.656152791,NaN,NaN,NaN,NaN,,NaN,,133.366192666,133.369607291,None,NaN,NaN,,NaN,NaN,NaN,NaN,NaN,NaN,NaN,12,kitchen,2,2024-04-10_10h03.09.698,image_similarity_rating,2023.2.3,None,2024-04-10 10h03.23.237854 +0200
,106,119,169,169,stimuli/own/kitchen/106_kit.jpg,stimuli/own/kitchen/119_kit.jpg,NaN,NaN,NaN,NaN,NaN,NaN,NaN,NaN,0,4,4,168,140.588136833,NaN,NaN,NaN,NaN,NaN,NaN,NaN,,NaN,,140.8725415,141.039258125,141.039258125,141.039258125,141.039258125,141.039258125,141.039258125,141.039258125,141.039258125,141.039258125,147.453611,-7,7,1,1,3.48710983399997,1,5.72905795900004,140.569755375,140.588136833,NaN,140.872525166,NaN,NaN,NaN,NaN,,NaN,,140.566303291,140.569707875,None,NaN,NaN,,NaN,NaN,NaN,NaN,NaN,NaN,NaN,12,kitchen,2,2024-04-10_10h03.09.698,image_similarity_rating,2023.2.3,None,2024-04-10 10h03.23.237854 +0200
,118,138,382,382,stimuli/own/kitchen/118_kit.jpg,stimuli/own/kitchen/138_kit.jpg,NaN,NaN,NaN,NaN,NaN,NaN,NaN,NaN,0,5,5,381,147.459212125,NaN,NaN,NaN,NaN,NaN,NaN,NaN,,NaN,,147.743669458,147.916324791,147.916324791,147.916324791,147.916324791,147.916324791,147.916324791,147.916324791,147.916324791,147.916324791,153.840655333,7,-7,1,3,3.26463575000002,4,5.48821708399998,147.457402708,147.459212125,147.916324791,147.743655083,NaN,NaN,NaN,NaN,,NaN,,147.453860333,147.457354083,None,NaN,NaN,,NaN,NaN,NaN,NaN,NaN,NaN,NaN,12,kitchen,2,2024-04-10_10h03.09.698,image_similarity_rating,2023.2.3,None,2024-04-10 10h03.23.237854 +0200
,130,139,548,548,stimuli/own/kitchen/130_kit.jpg,stimuli/own/kitchen/139_kit.jpg,NaN,NaN,NaN,NaN,NaN,NaN,NaN,NaN,0,6,6,547,153.846453583,NaN,NaN,NaN,NaN,NaN,NaN,NaN,,NaN,,154.139675208,154.310190291,154.310190291,154.310190291,154.310190291,154.310190291,154.310190291,154.310190291,154.310190291,154.310190291,159.349445166,7,-7,1,1,4.23710545900002,1,4.74835220799997,153.844626583,153.846453583,154.310190291,154.139658958,NaN,NaN,NaN,NaN,,NaN,,153.840886208,153.84457475,None,NaN,NaN,,NaN,NaN,NaN,NaN,NaN,NaN,NaN,12,kitchen,2,2024-04-10_10h03.09.698,image_similarity_rating,2023.2.3,None,2024-04-10 10h03.23.237854 +0200
,132,138,564,564,stimuli/own/kitchen/132_kit.jpg,stimuli/own/kitchen/138_kit.jpg,NaN,NaN,NaN,NaN,NaN,NaN,NaN,NaN,0,7,7,563,159.356491791,NaN,NaN,NaN,NaN,NaN,NaN,NaN,,NaN,,159.643098,159.809098208,159.809098208,159.809098208,159.809098208,159.809098208,159.809098208,159.809098208,159.809098208,159.809098208,168.941174666,7,-7,1,3,3.34044008300003,3,8.896191542,159.3534925,159.356491791,159.809098208,159.64308625,NaN,NaN,NaN,NaN,,NaN,,159.349673458,159.353436,None,NaN,NaN,,NaN,NaN,NaN,NaN,NaN,NaN,NaN,12,kitchen,2,2024-04-10_10h03.09.698,image_similarity_rating,2023.2.3,None,2024-04-10 10h03.23.237854 +0200
,119,122,388,388,stimuli/own/kitchen/119_kit.jpg,stimuli/own/kitchen/122_kit.jpg,NaN,NaN,NaN,NaN,NaN,NaN,NaN,NaN,0,8,8,387,168.947028083,NaN,NaN,NaN,NaN,NaN,NaN,NaN,,NaN,,169.239201083,169.405913,169.405913,169.405913,169.405913,169.405913,169.405913,169.405913,169.405913,169.405913,176.33236,7,-7,1,3,4.421551416,5,5.18474470899997,168.945096083,168.947028083,169.405913,169.23918575,NaN,NaN,NaN,NaN,,NaN,,168.94140175,168.945045416,None,NaN,NaN,,NaN,NaN,NaN,NaN,NaN,NaN,NaN,12,kitchen,2,2024-04-10_10h03.09.698,image_similarity_rating,2023.2.3,None,2024-04-10 10h03.23.237854 +0200
,102,135,61,61,stimuli/own/kitchen/102_kit.jpg,stimuli/own/kitchen/135_kit.jpg,NaN,NaN,NaN,NaN,NaN,NaN,NaN,NaN,0,9,9,60,176.354632583,NaN,NaN,NaN,NaN,NaN,NaN,NaN,,NaN,,176.638676875,176.811477208,176.811477208,176.811477208,176.811477208,176.811477208,176.811477208,176.811477208,176.811477208,176.811477208,183.920446208,-7,7,1,2,4.45765612499997,5,6.34728962499997,176.33614775,176.354632583,NaN,176.63865725,NaN,NaN,NaN,NaN,,NaN,,176.332583166,176.336099916,None,NaN,NaN,,NaN,NaN,NaN,NaN,NaN,NaN,NaN,12,kitchen,2,2024-04-10_10h03.09.698,image_similarity_rating,2023.2.3,None,2024-04-10 10h03.23.237854 +0200
,126,141,517,517,stimuli/own/kitchen/126_kit.jpg,stimuli/own/kitchen/141_kit.jpg,NaN,NaN,NaN,NaN,NaN,NaN,NaN,NaN,0,10,10,516,183.926439125,NaN,NaN,NaN,NaN,NaN,NaN,NaN,,NaN,,184.209562916,184.373881583,184.373881583,184.373881583,184.373881583,184.373881583,184.373881583,184.373881583,184.373881583,184.373881583,190.74896125,-7,7,1,3,4.96364695800003,4,5.529935959,183.9244985,183.926439125,184.373881583,184.2095505,NaN,NaN,NaN,NaN,,NaN,,183.920675666,183.924447541,None,NaN,NaN,,NaN,NaN,NaN,NaN,NaN,NaN,NaN,12,kitchen,2,2024-04-10_10h03.09.698,image_similarity_rating,2023.2.3,None,2024-04-10 10h03.23.237854 +0200
,121,126,429,429,stimuli/own/kitchen/121_kit.jpg,stimuli/own/kitchen/126_kit.jpg,NaN,NaN,NaN,NaN,NaN,NaN,NaN,NaN,0,11,11,428,190.754477458,NaN,NaN,NaN,NaN,NaN,NaN,NaN,,NaN,,191.039877083,191.205668125,191.205668125,191.205668125,191.205668125,191.205668125,191.205668125,191.205668125,191.205668125,191.205668125,199.15720925,7,-7,1,2,6.89702299999999,2,7.45910924999998,190.752663791,190.754477458,191.205668125,191.039862458,NaN,NaN,NaN,NaN,,NaN,,190.749193416,190.752616,None,NaN,NaN,,NaN,NaN,NaN,NaN,NaN,NaN,NaN,12,kitchen,2,2024-04-10_10h03.09.698,image_similarity_rating,2023.2.3,None,2024-04-10 10h03.23.237854 +0200
,111,138,241,241,stimuli/own/kitchen/111_kit.jpg,stimuli/own/kitchen/138_kit.jpg,NaN,NaN,NaN,NaN,NaN,NaN,NaN,NaN,0,12,12,240,199.163006625,NaN,NaN,NaN,NaN,NaN,NaN,NaN,,NaN,,199.455902791,199.6219635,199.6219635,199.6219635,199.6219635,199.6219635,199.6219635,199.6219635,199.6219635,199.6219635,204.973546375,7,-7,1,4,4.09915683399998,3,5.08971608299998,199.160899583,199.163006625,199.6219635,199.455888041,NaN,NaN,NaN,NaN,,NaN,,199.157435333,199.160851333,None,NaN,NaN,,NaN,NaN,NaN,NaN,NaN,NaN,NaN,12,kitchen,2,2024-04-10_10h03.09.698,image_similarity_rating,2023.2.3,None,2024-04-10 10h03.23.237854 +0200
,120,139,422,422,stimuli/own/kitchen/120_kit.jpg,stimuli/own/kitchen/139_kit.jpg,NaN,NaN,NaN,NaN,NaN,NaN,NaN,NaN,0,13,13,421,204.979333875,NaN,NaN,NaN,NaN,NaN,NaN,NaN,,NaN,,205.272492625,205.445249083,205.445249083,205.445249083,205.445249083,205.445249083,205.445249083,205.445249083,205.445249083,205.445249083,215.773448666,7,-7,1,3,9.61638783299998,1,10.110820833,204.977234291,204.979333875,205.445249083,205.272475666,NaN,NaN,NaN,NaN,,NaN,,204.973769958,204.97718675,None,NaN,NaN,,NaN,NaN,NaN,NaN,NaN,NaN,NaN,12,kitchen,2,2024-04-10_10h03.09.698,image_similarity_rating,2023.2.3,None,2024-04-10 10h03.23.237854 +0200
,114,123,303,303,stimuli/own/kitchen/114_kit.jpg,stimuli/own/kitchen/123_kit.jpg,NaN,NaN,NaN,NaN,NaN,NaN,NaN,NaN,0,14,14,302,215.77898225,NaN,NaN,NaN,NaN,NaN,NaN,NaN,,NaN,,216.072470458,216.238228625,216.238228625,216.238228625,216.238228625,216.238228625,216.238228625,216.238228625,216.238228625,216.238228625,221.827829583,-7,7,1,3,4.78629637499995,3,5.32922433300001,215.777135041,215.77898225,216.238228625,216.072457291,NaN,NaN,NaN,NaN,,NaN,,215.773671416,215.777087333,None,NaN,NaN,,NaN,NaN,NaN,NaN,NaN,NaN,NaN,12,kitchen,2,2024-04-10_10h03.09.698,image_similarity_rating,2023.2.3,None,2024-04-10 10h03.23.237854 +0200
,112,134,263,263,stimuli/own/kitchen/112_kit.jpg,stimuli/own/kitchen/134_kit.jpg,NaN,NaN,NaN,NaN,NaN,NaN,NaN,NaN,0,15,15,262,221.837908541,NaN,NaN,NaN,NaN,NaN,NaN,NaN,,NaN,,222.122441875,222.293212708,222.293212708,222.293212708,222.293212708,222.293212708,222.293212708,222.293212708,222.293212708,222.293212708,227.999027458,7,-7,1,3,4.881151375,4,5.21876641599999,221.831611875,221.837908541,222.293212708,222.122414708,NaN,NaN,NaN,NaN,,NaN,,221.828054083,221.831564041,None,NaN,NaN,,NaN,NaN,NaN,NaN,NaN,NaN,NaN,12,kitchen,2,2024-04-10_10h03.09.698,image_similarity_rating,2023.2.3,None,2024-04-10 10h03.23.237854 +0200
,113,125,281,281,stimuli/own/kitchen/113_kit.jpg,stimuli/own/kitchen/125_kit.jpg,NaN,NaN,NaN,NaN,NaN,NaN,NaN,NaN,0,16,16,280,228.021466166,NaN,NaN,NaN,NaN,NaN,NaN,NaN,,NaN,,228.305155125,228.471618041,228.471618041,228.471618041,228.471618041,228.471618041,228.471618041,228.471618041,228.471618041,228.471618041,233.419894791,7,-7,1,3,3.88695633400005,3,4.68873687499996,228.0029775,228.021466166,NaN,228.305137166,NaN,NaN,NaN,NaN,,NaN,,227.999255416,228.00292675,None,NaN,NaN,,NaN,NaN,NaN,NaN,NaN,NaN,NaN,12,kitchen,2,2024-04-10_10h03.09.698,image_similarity_rating,2023.2.3,None,2024-04-10 10h03.23.237854 +0200
,136,139,583,603,stimuli/own/kitchen/136_kit.jpg,stimuli/own/kitchen/139_kit.jpg,NaN,NaN,NaN,NaN,NaN,NaN,NaN,NaN,0,17,17,602,233.425545125,NaN,NaN,NaN,NaN,NaN,NaN,NaN,,NaN,,233.71006775,233.874506,233.874506,233.874506,233.874506,233.874506,233.874506,233.874506,233.874506,233.874506,241.310605791,7,-7,1,2,6.17154987499998,3,7.02677237500001,233.423633416,233.425545125,233.874506,233.710057666,NaN,NaN,NaN,NaN,,NaN,,233.420143125,233.423585583,None,NaN,NaN,,NaN,NaN,NaN,NaN,NaN,NaN,NaN,12,kitchen,2,2024-04-10_10h03.09.698,image_similarity_rating,2023.2.3,None,2024-04-10 10h03.23.237854 +0200
,101,120,15,15,stimuli/own/kitchen/101_kit.jpg,stimuli/own/kitchen/120_kit.jpg,NaN,NaN,NaN,NaN,NaN,NaN,NaN,NaN,0,18,18,14,241.321009,NaN,NaN,NaN,NaN,NaN,NaN,NaN,,NaN,,241.605519791,241.771204375,241.771204375,241.771204375,241.771204375,241.771204375,241.771204375,241.771204375,241.771204375,241.771204375,248.511614916,-7,7,1,4,6.18563337500001,4,6.51437699999997,241.314395125,241.321009,241.771204375,241.605505791,NaN,NaN,NaN,NaN,,NaN,,241.310832208,241.314347791,None,NaN,NaN,,NaN,NaN,NaN,NaN,NaN,NaN,NaN,12,kitchen,2,2024-04-10_10h03.09.698,image_similarity_rating,2023.2.3,None,2024-04-10 10h03.23.237854 +0200
,103,126,86,86,stimuli/own/kitchen/103_kit.jpg,stimuli/own/kitchen/126_kit.jpg,NaN,NaN,NaN,NaN,NaN,NaN,NaN,NaN,0,19,19,85,248.52102,NaN,NaN,NaN,NaN,NaN,NaN,NaN,,NaN,,248.805574375,248.972598291,248.972598291,248.972598291,248.972598291,248.972598291,248.972598291,248.972598291,248.972598291,248.972598291,253.686313041,-7,7,1,3,2.91589316699998,4,4.46619091700001,248.515538958,248.52102,248.972598291,248.805560458,NaN,NaN,NaN,NaN,,NaN,,248.511837541,248.515488666,None,NaN,NaN,,NaN,NaN,NaN,NaN,NaN,NaN,NaN,12,kitchen,2,2024-04-10_10h03.09.698,image_similarity_rating,2023.2.3,None,2024-04-10 10h03.23.237854 +0200
,106,132,181,181,stimuli/own/kitchen/106_kit.jpg,stimuli/own/kitchen/132_kit.jpg,NaN,NaN,NaN,NaN,NaN,NaN,NaN,NaN,0,20,20,180,253.692136208,NaN,NaN,NaN,NaN,NaN,NaN,NaN,,NaN,,253.976913916,254.141850416,254.141850416,254.141850416,254.141850416,254.141850416,254.141850416,254.141850416,254.141850416,254.141850416,260.494201375,-7,7,1,1,3.17428079199999,2,3.61277991600002,253.6900545,253.692136208,254.141850416,253.976900916,NaN,NaN,NaN,NaN,,NaN,,253.68655675,253.690006375,None,NaN,NaN,,NaN,NaN,NaN,NaN,NaN,NaN,NaN,12,kitchen,2,2024-04-10_10h03.09.698,image_similarity_rating,2023.2.3,None,2024-04-10 10h03.23.237854 +0200
,114,121,301,301,stimuli/own/kitchen/114_kit.jpg,stimuli/own/kitchen/121_kit.jpg,NaN,NaN,NaN,NaN,NaN,NaN,NaN,NaN,0,21,21,300,260.504305041,NaN,NaN,NaN,NaN,NaN,NaN,NaN,,NaN,,260.788902083,260.954799916,260.954799916,260.954799916,260.954799916,260.954799916,260.954799916,260.954799916,260.954799916,260.954799916,267.286595625,-7,7,1,2,5.29820204199996,2,5.99520150000001,260.498240833,260.504305041,260.954799916,260.788888,NaN,NaN,NaN,NaN,,NaN,,260.494440541,260.49819075,None,NaN,NaN,,NaN,NaN,NaN,NaN,NaN,NaN,NaN,12,kitchen,2,2024-04-10_10h03.09.698,image_similarity_rating,2023.2.3,None,2024-04-10 10h03.23.237854 +0200
,129,131,531,531,stimuli/own/kitchen/129_kit.jpg,stimuli/own/kitchen/131_kit.jpg,NaN,NaN,NaN,NaN,NaN,NaN,NaN,NaN,0,22,22,530,267.292252958,NaN,NaN,NaN,NaN,NaN,NaN,NaN,,NaN,,267.576451791,267.746773916,267.746773916,267.746773916,267.746773916,267.746773916,267.746773916,267.746773916,267.746773916,267.746773916,273.790032208,7,-7,1,1,4.25190637499998,3,5.15734520799998,267.290313083,267.292252958,267.746773916,267.576437666,NaN,NaN,NaN,NaN,,NaN,,267.286817625,267.290265083,None,NaN,NaN,,NaN,NaN,NaN,NaN,NaN,NaN,NaN,12,kitchen,2,2024-04-10_10h03.09.698,image_similarity_rating,2023.2.3,None,2024-04-10 10h03.23.237854 +0200
,131,132,551,551,stimuli/own/kitchen/131_kit.jpg,stimuli/own/kitchen/132_kit.jpg,NaN,NaN,NaN,NaN,NaN,NaN,NaN,NaN,0,23,23,550,273.795651083,NaN,NaN,NaN,NaN,NaN,NaN,NaN,,NaN,,274.0893945,274.253995791,274.253995791,274.253995791,274.253995791,274.253995791,274.253995791,274.253995791,274.253995791,274.253995791,282.727553458,7,-7,1,1,4.20565254100001,2,6.09580320800001,273.793727166,273.795651083,274.253995791,274.089381583,NaN,NaN,NaN,NaN,,NaN,,273.790256666,273.793679666,None,NaN,NaN,,NaN,NaN,NaN,NaN,NaN,NaN,NaN,12,kitchen,2,2024-04-10_10h03.09.698,image_similarity_rating,2023.2.3,None,2024-04-10 10h03.23.237854 +0200
,130,141,550,550,stimuli/own/kitchen/130_kit.jpg,stimuli/own/kitchen/141_kit.jpg,NaN,NaN,NaN,NaN,NaN,NaN,NaN,NaN,0,24,24,549,282.73745675,NaN,NaN,NaN,NaN,NaN,NaN,NaN,,NaN,,283.021954166,283.187257958,283.187257958,283.187257958,283.187257958,283.187257958,283.187257958,283.187257958,283.187257958,283.187257958,287.773919166,-7,7,1,4,3.386788083,4,3.96948375000005,282.731516875,282.73745675,283.187257958,283.021940708,NaN,NaN,NaN,NaN,,NaN,,282.727778041,282.731467083,None,NaN,NaN,,NaN,NaN,NaN,NaN,NaN,NaN,NaN,12,kitchen,2,2024-04-10_10h03.09.698,image_similarity_rating,2023.2.3,None,2024-04-10 10h03.23.237854 +0200
,109,127,205,205,stimuli/own/kitchen/109_kit.jpg,stimuli/own/kitchen/127_kit.jpg,NaN,NaN,NaN,NaN,NaN,NaN,NaN,NaN,0,25,25,204,287.787277,NaN,NaN,NaN,NaN,NaN,NaN,NaN,,NaN,,288.072410583,288.238504958,288.238504958,288.238504958,288.238504958,288.238504958,288.238504958,288.238504958,288.238504958,288.238504958,309.598663958,-7,7,1,1,21.208695,3,19.011582416,287.778682416,287.787277,288.238504958,288.072396333,NaN,NaN,NaN,NaN,,NaN,,287.774204375,287.778614958,None,NaN,NaN,,NaN,NaN,NaN,NaN,NaN,NaN,NaN,12,kitchen,2,2024-04-10_10h03.09.698,image_similarity_rating,2023.2.3,None,2024-04-10 10h03.23.237854 +0200
,113,114,271,271,stimuli/own/kitchen/113_kit.jpg,stimuli/own/kitchen/114_kit.jpg,NaN,NaN,NaN,NaN,NaN,NaN,NaN,NaN,0,26,26,270,309.605808416,NaN,NaN,NaN,NaN,NaN,NaN,NaN,,NaN,,309.888870041,310.054721291,310.054721291,310.054721291,310.054721291,310.054721291,310.054721291,310.054721291,310.054721291,310.054721291,322.036276125,7,-7,1,2,9.46320137500004,3,11.2676435,309.602723625,309.605808416,310.054721291,309.888851958,NaN,NaN,NaN,NaN,,NaN,,309.598888416,309.602673125,None,NaN,NaN,,NaN,NaN,NaN,NaN,NaN,NaN,NaN,12,kitchen,2,2024-04-10_10h03.09.698,image_similarity_rating,2023.2.3,None,2024-04-10 10h03.23.237854 +0200
,122,130,449,449,stimuli/own/kitchen/122_kit.jpg,stimuli/own/kitchen/130_kit.jpg,NaN,NaN,NaN,NaN,NaN,NaN,NaN,NaN,0,27,27,448,322.041795416,NaN,NaN,NaN,NaN,NaN,NaN,NaN,,NaN,,322.326035208,322.497417375,322.497417375,322.497417375,322.497417375,322.497417375,322.497417375,322.497417375,322.497417375,322.497417375,327.665101166,-7,7,1,5,4.12911750000001,4,4.55550329099998,322.040033791,322.041795416,322.497417375,322.326020916,NaN,NaN,NaN,NaN,,NaN,,322.036519166,322.039986083,None,NaN,NaN,,NaN,NaN,NaN,NaN,NaN,NaN,NaN,12,kitchen,2,2024-04-10_10h03.09.698,image_similarity_rating,2023.2.3,None,2024-04-10 10h03.23.237854 +0200
,134,141,574,574,stimuli/own/kitchen/134_kit.jpg,stimuli/own/kitchen/141_kit.jpg,NaN,NaN,NaN,NaN,NaN,NaN,NaN,NaN,0,28,28,573,327.687201791,NaN,NaN,NaN,NaN,NaN,NaN,NaN,,NaN,,327.97155825,328.136993125,328.136993125,328.136993125,328.136993125,328.136993125,328.136993125,328.136993125,328.136993125,328.136993125,334.614718125,-7,7,1,6,3.75079970799999,5,5.84071666700004,327.669100583,327.687201791,NaN,327.97153875,NaN,NaN,NaN,NaN,,NaN,,327.66532575,327.669050333,None,NaN,NaN,,NaN,NaN,NaN,NaN,NaN,NaN,NaN,12,kitchen,2,2024-04-10_10h03.09.698,image_similarity_rating,2023.2.3,None,2024-04-10 10h03.23.237854 +0200
,112,141,270,270,stimuli/own/kitchen/112_kit.jpg,stimuli/own/kitchen/141_kit.jpg,NaN,NaN,NaN,NaN,NaN,NaN,NaN,NaN,0,29,29,269,334.637421458,NaN,NaN,NaN,NaN,NaN,NaN,NaN,,NaN,,334.921318708,335.091218,335.091218,335.091218,335.091218,335.091218,335.091218,335.091218,335.091218,335.091218,341.402742458,7,-7,1,4,4.69895825000003,4,5.962505792,334.618746666,334.637421458,NaN,334.92129775,NaN,NaN,NaN,NaN,,NaN,,334.614941791,334.618695791,None,NaN,NaN,,NaN,NaN,NaN,NaN,NaN,NaN,NaN,12,kitchen,2,2024-04-10_10h03.09.698,image_similarity_rating,2023.2.3,None,2024-04-10 10h03.23.237854 +0200
,104,141,130,130,stimuli/own/kitchen/104_kit.jpg,stimuli/own/kitchen/141_kit.jpg,NaN,NaN,NaN,NaN,NaN,NaN,NaN,NaN,0,30,30,129,341.408295041,NaN,NaN,NaN,NaN,NaN,NaN,NaN,,NaN,,341.692237375,341.856350125,341.856350125,341.856350125,341.856350125,341.856350125,341.856350125,341.856350125,341.856350125,341.856350125,353.927123458,-7,7,1,3,7.53638908300002,4,8.25022158399997,341.4064815,341.408295041,341.856350125,341.692227708,NaN,NaN,NaN,NaN,,NaN,,341.402992041,341.406434,None,NaN,NaN,,NaN,NaN,NaN,NaN,NaN,NaN,NaN,12,kitchen,2,2024-04-10_10h03.09.698,image_similarity_rating,2023.2.3,None,2024-04-10 10h03.23.237854 +0200
,104,129,119,119,stimuli/own/kitchen/104_kit.jpg,stimuli/own/kitchen/129_kit.jpg,NaN,NaN,NaN,NaN,NaN,NaN,NaN,NaN,0,31,31,118,353.937294458,NaN,NaN,NaN,NaN,NaN,NaN,NaN,,NaN,,354.221582625,354.386570958,354.386570958,354.386570958,354.386570958,354.386570958,354.386570958,354.386570958,354.386570958,354.386570958,360.18600025,7,-7,1,1,4.25645541699998,2,4.91335887499997,353.931022375,353.937294458,354.386570958,354.221569458,NaN,NaN,NaN,NaN,,NaN,,353.9273525,353.930972083,None,NaN,NaN,,NaN,NaN,NaN,NaN,NaN,NaN,NaN,12,kitchen,2,2024-04-10_10h03.09.698,image_similarity_rating,2023.2.3,None,2024-04-10 10h03.23.237854 +0200
,102,105,37,37,stimuli/own/kitchen/102_kit.jpg,stimuli/own/kitchen/105_kit.jpg,NaN,NaN,NaN,NaN,NaN,NaN,NaN,NaN,0,32,32,36,360.191878708,NaN,NaN,NaN,NaN,NaN,NaN,NaN,,NaN,,360.475941708,360.644128166,360.644128166,360.644128166,360.644128166,360.644128166,360.644128166,360.644128166,360.644128166,360.644128166,367.972755083,-7,7,1,1,3.80019912500006,2,7.10532691699996,360.189969333,360.191878708,360.644128166,360.475925916,NaN,NaN,NaN,NaN,,NaN,,360.186251291,360.189918541,None,NaN,NaN,,NaN,NaN,NaN,NaN,NaN,NaN,NaN,12,kitchen,2,2024-04-10_10h03.09.698,image_similarity_rating,2023.2.3,None,2024-04-10 10h03.23.237854 +0200
,112,138,267,267,stimuli/own/kitchen/112_kit.jpg,stimuli/own/kitchen/138_kit.jpg,NaN,NaN,NaN,NaN,NaN,NaN,NaN,NaN,0,33,33,266,367.97836925,NaN,NaN,NaN,NaN,NaN,NaN,NaN,,NaN,,368.271578666,368.435818375,368.435818375,368.435818375,368.435818375,368.435818375,368.435818375,368.435818375,368.435818375,368.435818375,374.176626166,-7,7,1,3,4.80165529199996,3,5.45657045799999,367.976434333,367.97836925,368.435818375,368.271565166,NaN,NaN,NaN,NaN,,NaN,,367.97297675,367.976386875,None,NaN,NaN,,NaN,NaN,NaN,NaN,NaN,NaN,NaN,12,kitchen,2,2024-04-10_10h03.09.698,image_similarity_rating,2023.2.3,None,2024-04-10 10h03.23.237854 +0200
,131,137,555,555,stimuli/own/kitchen/131_kit.jpg,stimuli/own/kitchen/137_kit.jpg,NaN,NaN,NaN,NaN,NaN,NaN,NaN,NaN,0,34,34,554,374.187296291,NaN,NaN,NaN,NaN,NaN,NaN,NaN,,NaN,,374.471609666,374.637358,374.637358,374.637358,374.637358,374.637358,374.637358,374.637358,374.637358,374.637358,378.381893041,-7,7,1,1,3.07104025000001,2,3.52170566699999,374.18030475,374.187296291,374.637358,374.471594458,NaN,NaN,NaN,NaN,,NaN,,374.1768495,374.180257208,None,NaN,NaN,,NaN,NaN,NaN,NaN,NaN,NaN,NaN,12,kitchen,2,2024-04-10_10h03.09.698,image_similarity_rating,2023.2.3,None,2024-04-10 10h03.23.237854 +0200
,116,127,330,330,stimuli/own/kitchen/116_kit.jpg,stimuli/own/kitchen/127_kit.jpg,NaN,NaN,NaN,NaN,NaN,NaN,NaN,NaN,0,35,35,329,378.388479958,NaN,NaN,NaN,NaN,NaN,NaN,NaN,,NaN,,378.67224025,378.838684541,378.838684541,378.838684541,378.838684541,378.838684541,378.838684541,378.838684541,378.838684541,378.838684541,388.715158125,-7,7,1,4,6.193499084,4,9.47798591699996,378.385804875,378.388479958,378.838684541,378.672220416,NaN,NaN,NaN,NaN,,NaN,,378.382116708,378.385754583,None,NaN,NaN,,NaN,NaN,NaN,NaN,NaN,NaN,NaN,12,kitchen,2,2024-04-10_10h03.09.698,image_similarity_rating,2023.2.3,None,2024-04-10 10h03.23.237854 +0200
,109,141,217,217,stimuli/own/kitchen/109_kit.jpg,stimuli/own/kitchen/141_kit.jpg,NaN,NaN,NaN,NaN,NaN,NaN,NaN,NaN,0,36,36,216,388.737023625,NaN,NaN,NaN,NaN,NaN,NaN,NaN,,NaN,,389.021062791,389.190939875,389.190939875,389.190939875,389.190939875,389.190939875,389.190939875,389.190939875,389.190939875,389.190939875,413.777445625,7,-7,1,1,4.73670037499994,2,23.2633590410001,388.718860208,388.737023625,NaN,389.021014291,NaN,NaN,NaN,NaN,,NaN,,388.715382041,388.718812875,None,NaN,NaN,,NaN,NaN,NaN,NaN,NaN,NaN,NaN,12,kitchen,2,2024-04-10_10h03.09.698,image_similarity_rating,2023.2.3,None,2024-04-10 10h03.23.237854 +0200
,132,136,562,562,stimuli/own/kitchen/132_kit.jpg,stimuli/own/kitchen/136_kit.jpg,NaN,NaN,NaN,NaN,NaN,NaN,NaN,NaN,0,37,37,561,413.786976875,NaN,NaN,NaN,NaN,NaN,NaN,NaN,,NaN,,414.071511625,414.237095291,414.237095291,414.237095291,414.237095291,414.237095291,414.237095291,414.237095291,414.237095291,414.237095291,419.781419291,-7,7,1,2,3.56125187500004,4,4.193490333,413.78115475,413.786976875,414.237095291,414.071495291,NaN,NaN,NaN,NaN,,NaN,,413.777668666,413.781106333,None,NaN,NaN,,NaN,NaN,NaN,NaN,NaN,NaN,NaN,12,kitchen,2,2024-04-10_10h03.09.698,image_similarity_rating,2023.2.3,None,2024-04-10 10h03.23.237854 +0200
,117,118,343,343,stimuli/own/kitchen/117_kit.jpg,stimuli/own/kitchen/118_kit.jpg,NaN,NaN,NaN,NaN,NaN,NaN,NaN,NaN,0,38,38,342,419.803477416,NaN,NaN,NaN,NaN,NaN,NaN,NaN,,NaN,,420.087812833,420.256344208,420.256344208,420.256344208,420.256344208,420.256344208,420.256344208,420.256344208,420.256344208,420.256344208,424.852068791,7,-7,1,4,3.45185470900003,4,4.38338816700002,419.785098708,419.803477416,NaN,420.087786708,NaN,NaN,NaN,NaN,,NaN,,419.781640875,419.785051708,None,NaN,NaN,,NaN,NaN,NaN,NaN,NaN,NaN,NaN,12,kitchen,2,2024-04-10_10h03.09.698,image_similarity_rating,2023.2.3,None,2024-04-10 10h03.23.237854 +0200
,118,130,375,375,stimuli/own/kitchen/118_kit.jpg,stimuli/own/kitchen/130_kit.jpg,NaN,NaN,NaN,NaN,NaN,NaN,NaN,NaN,0,39,39,374,424.857628,NaN,NaN,NaN,NaN,NaN,NaN,NaN,,NaN,,425.141848208,425.3046885,425.3046885,425.3046885,425.3046885,425.3046885,425.3046885,425.3046885,425.3046885,425.3046885,431.581320666,7,-7,1,5,4.66294629099991,4,5.978024334,424.855823041,424.857628,425.3046885,425.141838125,NaN,NaN,NaN,NaN,,NaN,,424.852294666,424.855775916,None,NaN,NaN,,NaN,NaN,NaN,NaN,NaN,NaN,NaN,12,kitchen,2,2024-04-10_10h03.09.698,image_similarity_rating,2023.2.3,None,2024-04-10 10h03.23.237854 +0200
,135,137,576,576,stimuli/own/kitchen/135_kit.jpg,stimuli/own/kitchen/137_kit.jpg,NaN,NaN,NaN,NaN,NaN,NaN,NaN,NaN,0,40,40,575,431.603482958,NaN,NaN,NaN,NaN,NaN,NaN,NaN,,NaN,,431.887701458,432.057466208,432.057466208,432.057466208,432.057466208,432.057466208,432.057466208,432.057466208,432.057466208,432.057466208,436.722466125,-7,7,1,1,3.56501879100006,1,4.30371316699996,431.585009333,431.603482958,NaN,431.887677166,NaN,NaN,NaN,NaN,,NaN,,431.581543291,431.584961458,None,NaN,NaN,,NaN,NaN,NaN,NaN,NaN,NaN,NaN,12,kitchen,2,2024-04-10_10h03.09.698,image_similarity_rating,2023.2.3,None,2024-04-10 10h03.23.237854 +0200
,135,141,580,580,stimuli/own/kitchen/135_kit.jpg,stimuli/own/kitchen/141_kit.jpg,NaN,NaN,NaN,NaN,NaN,NaN,NaN,NaN,0,41,41,579,436.728070541,NaN,NaN,NaN,NaN,NaN,NaN,NaN,,NaN,,437.02136575,437.188366041,437.188366041,437.188366041,437.188366041,437.188366041,437.188366041,437.188366041,437.188366041,437.188366041,445.085513458,-7,7,1,3,5.15109899999993,3,7.69837929200003,436.726137416,436.728070541,437.188366041,437.021347125,NaN,NaN,NaN,NaN,,NaN,,436.722687083,436.726089458,None,NaN,NaN,,NaN,NaN,NaN,NaN,NaN,NaN,NaN,12,kitchen,2,2024-04-10_10h03.09.698,image_similarity_rating,2023.2.3,None,2024-04-10 10h03.23.237854 +0200
,103,125,85,85,stimuli/own/kitchen/103_kit.jpg,stimuli/own/kitchen/125_kit.jpg,NaN,NaN,NaN,NaN,NaN,NaN,NaN,NaN,0,42,42,84,445.091231541,NaN,NaN,NaN,NaN,NaN,NaN,NaN,,NaN,,445.37558775,445.5460475,445.5460475,445.5460475,445.5460475,445.5460475,445.5460475,445.5460475,445.5460475,445.5460475,449.8440105,7,-7,1,3,3.37168045800001,3,4.17308841700003,445.089248708,445.091231541,445.5460475,445.375573291,NaN,NaN,NaN,NaN,,NaN,,445.085762041,445.08920125,None,NaN,NaN,,NaN,NaN,NaN,NaN,NaN,NaN,NaN,12,kitchen,2,2024-04-10_10h03.09.698,image_similarity_rating,2023.2.3,None,2024-04-10 10h03.23.237854 +0200
,122,124,444,444,stimuli/own/kitchen/122_kit.jpg,stimuli/own/kitchen/124_kit.jpg,NaN,NaN,NaN,NaN,NaN,NaN,NaN,NaN,0,43,43,443,449.853497083,NaN,NaN,NaN,NaN,NaN,NaN,NaN,,NaN,,450.137968208,450.308106291,450.308106291,450.308106291,450.308106291,450.308106291,450.308106291,450.308106291,450.308106291,450.308106291,457.281197875,-7,7,1,7,4.60135537500003,6,6.05564270800005,449.847693708,449.853497083,450.308106291,450.137951833,NaN,NaN,NaN,NaN,,NaN,,449.844234291,449.847646583,None,NaN,NaN,,NaN,NaN,NaN,NaN,NaN,NaN,NaN,12,kitchen,2,2024-04-10_10h03.09.698,image_similarity_rating,2023.2.3,None,2024-04-10 10h03.23.237854 +0200
,111,136,239,239,stimuli/own/kitchen/111_kit.jpg,stimuli/own/kitchen/136_kit.jpg,NaN,NaN,NaN,NaN,NaN,NaN,NaN,NaN,0,44,44,238,457.303580791,NaN,NaN,NaN,NaN,NaN,NaN,NaN,,NaN,,457.587401791,457.754515875,457.754515875,457.754515875,457.754515875,457.754515875,457.754515875,457.754515875,457.754515875,457.754515875,465.093486791,7,-7,1,7,4.28670087500007,6,6.15337566700009,457.284870958,457.303580791,NaN,457.58736825,NaN,NaN,NaN,NaN,,NaN,,457.281422833,457.284823291,None,NaN,NaN,,NaN,NaN,NaN,NaN,NaN,NaN,NaN,12,kitchen,2,2024-04-10_10h03.09.698,image_similarity_rating,2023.2.3,None,2024-04-10 10h03.23.237854 +0200
,129,134,533,533,stimuli/own/kitchen/129_kit.jpg,stimuli/own/kitchen/134_kit.jpg,NaN,NaN,NaN,NaN,NaN,NaN,NaN,NaN,0,45,45,532,465.103216333,NaN,NaN,NaN,NaN,NaN,NaN,NaN,,NaN,,465.388180708,465.561562291,465.561562291,465.561562291,465.561562291,465.561562291,465.561562291,465.561562291,465.561562291,465.561562291,477.181196916,-7,7,1,2,3.25160795900001,5,11.297582333,465.097158916,465.103216333,465.561562291,465.388159625,NaN,NaN,NaN,NaN,,NaN,,465.09370875,465.097112083,None,NaN,NaN,,NaN,NaN,NaN,NaN,NaN,NaN,NaN,12,kitchen,2,2024-04-10_10h03.09.698,image_similarity_rating,2023.2.3,None,2024-04-10 10h03.23.237854 +0200
,129,141,540,540,stimuli/own/kitchen/129_kit.jpg,stimuli/own/kitchen/141_kit.jpg,NaN,NaN,NaN,NaN,NaN,NaN,NaN,NaN,0,46,46,539,477.203608666,NaN,NaN,NaN,NaN,NaN,NaN,NaN,,NaN,,477.487359041,477.655448333,477.655448333,477.655448333,477.655448333,477.655448333,477.655448333,477.655448333,477.655448333,477.655448333,481.923111333,7,-7,1,1,2.602937666,5,3.53681783299999,477.185121375,477.203608666,NaN,477.487339958,NaN,NaN,NaN,NaN,,NaN,,477.181431916,477.185067541,None,NaN,NaN,,NaN,NaN,NaN,NaN,NaN,NaN,NaN,12,kitchen,2,2024-04-10_10h03.09.698,image_similarity_rating,2023.2.3,None,2024-04-10 10h03.23.237854 +0200
,104,121,112,112,stimuli/own/kitchen/104_kit.jpg,stimuli/own/kitchen/121_kit.jpg,NaN,NaN,NaN,NaN,NaN,NaN,NaN,NaN,0,47,47,111,481.9287385,NaN,NaN,NaN,NaN,NaN,NaN,NaN,,NaN,,482.221218375,482.3884585,482.3884585,482.3884585,482.3884585,482.3884585,482.3884585,482.3884585,482.3884585,482.3884585,487.805697291,7,-7,1,3,4.24640141700002,4,5.24394466700005,481.92679125,481.9287385,482.3884585,482.221201541,NaN,NaN,NaN,NaN,,NaN,,481.923336041,481.926743708,None,NaN,NaN,,NaN,NaN,NaN,NaN,NaN,NaN,NaN,12,kitchen,2,2024-04-10_10h03.09.698,image_similarity_rating,2023.2.3,None,2024-04-10 10h03.23.237854 +0200
,120,126,411,411,stimuli/own/kitchen/120_kit.jpg,stimuli/own/kitchen/126_kit.jpg,NaN,NaN,NaN,NaN,NaN,NaN,NaN,NaN,0,48,48,410,487.811308333,NaN,NaN,NaN,NaN,NaN,NaN,NaN,,NaN,,488.105065083,488.270989625,488.270989625,488.270989625,488.270989625,488.270989625,488.270989625,488.270989625,488.270989625,488.270989625,494.605533541,7,-7,1,6,4.83646412499991,6,6.055614375,487.809369375,487.811308333,488.270989625,488.105052583,NaN,NaN,NaN,NaN,,NaN,,487.805920916,487.809322291,None,NaN,NaN,,NaN,NaN,NaN,NaN,NaN,NaN,NaN,12,kitchen,2,2024-04-10_10h03.09.698,image_similarity_rating,2023.2.3,None,2024-04-10 10h03.23.237854 +0200
,116,140,341,341,stimuli/own/kitchen/116_kit.jpg,stimuli/own/kitchen/140_kit.jpg,NaN,NaN,NaN,NaN,NaN,NaN,NaN,NaN,0,49,49,340,494.611147958,NaN,NaN,NaN,NaN,NaN,NaN,NaN,,NaN,,494.9044525,495.072508958,495.072508958,495.072508958,495.072508958,495.072508958,495.072508958,495.072508958,495.072508958,495.072508958,503.610010541,-7,7,1,4,6.90133441700004,3,8.27499429199997,494.609212208,494.611147958,495.072508958,494.904438,NaN,NaN,NaN,NaN,,NaN,,494.605757416,494.609164458,None,NaN,NaN,,NaN,NaN,NaN,NaN,NaN,NaN,NaN,12,kitchen,2,2024-04-10_10h03.09.698,image_similarity_rating,2023.2.3,None,2024-04-10 10h03.23.237854 +0200
,106,134,182,182,stimuli/own/kitchen/106_kit.jpg,stimuli/own/kitchen/134_kit.jpg,NaN,NaN,NaN,NaN,NaN,NaN,NaN,NaN,0,50,50,181,503.619938541,NaN,NaN,NaN,NaN,NaN,NaN,NaN,,NaN,,503.904496708,504.071759125,504.071759125,504.071759125,504.071759125,504.071759125,504.071759125,504.071759125,504.071759125,504.071759125,509.714087541,-7,7,1,1,2.76370229200006,3,5.17992487499998,503.61377975,503.619938541,504.071759125,503.904476625,NaN,NaN,NaN,NaN,,NaN,,503.610240166,503.613732583,None,NaN,NaN,,NaN,NaN,NaN,NaN,NaN,NaN,NaN,12,kitchen,2,2024-04-10_10h03.09.698,image_similarity_rating,2023.2.3,None,2024-04-10 10h03.23.237854 +0200
,112,126,257,257,stimuli/own/kitchen/112_kit.jpg,stimuli/own/kitchen/126_kit.jpg,NaN,NaN,NaN,NaN,NaN,NaN,NaN,NaN,0,51,51,256,509.736715375,NaN,NaN,NaN,NaN,NaN,NaN,NaN,,NaN,,510.020556208,510.19226875,510.19226875,510.19226875,510.19226875,510.19226875,510.19226875,510.19226875,510.19226875,510.19226875,523.659432083,7,-7,1,6,4.15448716700007,5,9.993754459,509.718158833,509.736715375,NaN,510.020507958,NaN,NaN,NaN,NaN,,NaN,,509.714310166,509.718108291,None,NaN,NaN,,NaN,NaN,NaN,NaN,NaN,NaN,NaN,12,kitchen,2,2024-04-10_10h03.09.698,image_similarity_rating,2023.2.3,None,2024-04-10 10h03.23.237854 +0200
,120,131,415,415,stimuli/own/kitchen/120_kit.jpg,stimuli/own/kitchen/131_kit.jpg,NaN,NaN,NaN,NaN,NaN,NaN,NaN,NaN,0,52,52,414,523.669596333,NaN,NaN,NaN,NaN,NaN,NaN,NaN,,NaN,,523.954417291,524.126784916,524.126784916,524.126784916,524.126784916,524.126784916,524.126784916,524.126784916,524.126784916,524.126784916,536.15553825,-7,7,1,1,4.55527895900002,3,11.2785666670001,523.66319475,523.669596333,524.126784916,523.954401416,NaN,NaN,NaN,NaN,,NaN,,523.659658083,523.663148041,None,NaN,NaN,,NaN,NaN,NaN,NaN,NaN,NaN,NaN,12,kitchen,2,2024-04-10_10h03.09.698,image_similarity_rating,2023.2.3,None,2024-04-10 10h03.23.237854 +0200
,117,130,354,354,stimuli/own/kitchen/117_kit.jpg,stimuli/own/kitchen/130_kit.jpg,NaN,NaN,NaN,NaN,NaN,NaN,NaN,NaN,0,53,53,353,536.161275,NaN,NaN,NaN,NaN,NaN,NaN,NaN,,NaN,,536.454517416,536.626857208,536.626857208,536.626857208,536.626857208,536.626857208,536.626857208,536.626857208,536.626857208,536.626857208,542.172151541,7,-7,1,6,4.06592858300007,5,4.5999425,536.159339458,536.161275,536.626857208,536.454494875,NaN,NaN,NaN,NaN,,NaN,,536.155759583,536.15929225,None,NaN,NaN,,NaN,NaN,NaN,NaN,NaN,NaN,NaN,12,kitchen,2,2024-04-10_10h03.09.698,image_similarity_rating,2023.2.3,None,2024-04-10 10h03.23.237854 +0200
,137,140,588,588,stimuli/own/kitchen/137_kit.jpg,stimuli/own/kitchen/140_kit.jpg,NaN,NaN,NaN,NaN,NaN,NaN,NaN,NaN,0,54,54,587,542.177549666,NaN,NaN,NaN,NaN,NaN,NaN,NaN,,NaN,,542.470943958,542.640953708,542.640953708,542.640953708,542.640953708,542.640953708,542.640953708,542.640953708,542.640953708,542.640953708,548.164180625,7,-7,1,1,3.43711379199999,2,5.300847084,542.175804083,542.177549666,542.640953708,542.470927875,NaN,NaN,NaN,NaN,,NaN,,542.172375791,542.175757208,None,NaN,NaN,,NaN,NaN,NaN,NaN,NaN,NaN,NaN,12,kitchen,2,2024-04-10_10h03.09.698,image_similarity_rating,2023.2.3,None,2024-04-10 10h03.23.237854 +0200
,109,124,202,202,stimuli/own/kitchen/109_kit.jpg,stimuli/own/kitchen/124_kit.jpg,NaN,NaN,NaN,NaN,NaN,NaN,NaN,NaN,0,55,55,201,548.186547791,NaN,NaN,NaN,NaN,NaN,NaN,NaN,,NaN,,548.47037375,548.641675625,548.641675625,548.641675625,548.641675625,548.641675625,548.641675625,548.641675625,548.641675625,548.641675625,553.9976355,7,-7,1,1,3.61753350000004,2,4.15746116699995,548.167847916,548.186547791,NaN,548.470339333,NaN,NaN,NaN,NaN,,NaN,,548.164403375,548.167800583,None,NaN,NaN,,NaN,NaN,NaN,NaN,NaN,NaN,NaN,12,kitchen,2,2024-04-10_10h03.09.698,image_similarity_rating,2023.2.3,None,2024-04-10 10h03.23.237854 +0200
,112,132,262,611,stimuli/own/kitchen/112_kit.jpg,stimuli/own/kitchen/132_kit.jpg,NaN,NaN,NaN,NaN,NaN,NaN,NaN,NaN,0,56,56,610,554.019795875,NaN,NaN,NaN,NaN,NaN,NaN,NaN,,NaN,,554.303801666,554.478472125,554.478472125,554.478472125,554.478472125,554.478472125,554.478472125,554.478472125,554.478472125,554.478472125,566.364228375,7,-7,1,6,4.84110724999994,5,10.9376957080001,554.001296958,554.019795875,NaN,554.303778,NaN,NaN,NaN,NaN,,NaN,,553.9978595,554.001249583,None,NaN,NaN,,NaN,NaN,NaN,NaN,NaN,NaN,NaN,12,kitchen,2,2024-04-10_10h03.09.698,image_similarity_rating,2023.2.3,None,2024-04-10 10h03.23.237854 +0200
,103,113,74,74,stimuli/own/kitchen/103_kit.jpg,stimuli/own/kitchen/113_kit.jpg,NaN,NaN,NaN,NaN,NaN,NaN,NaN,NaN,0,57,57,73,566.386355916,NaN,NaN,NaN,NaN,NaN,NaN,NaN,,NaN,,566.670473291,566.836095916,566.836095916,566.836095916,566.836095916,566.836095916,566.836095916,566.836095916,566.836095916,566.836095916,572.818536916,7,-7,1,2,4.22819629200001,4,5.48235891700006,566.36791975,566.386355916,NaN,566.670455625,NaN,NaN,NaN,NaN,,NaN,,566.364450375,566.367872125,None,NaN,NaN,,NaN,NaN,NaN,NaN,NaN,NaN,NaN,12,kitchen,2,2024-04-10_10h03.09.698,image_similarity_rating,2023.2.3,None,2024-04-10 10h03.23.237854 +0200
,131,136,554,554,stimuli/own/kitchen/131_kit.jpg,stimuli/own/kitchen/136_kit.jpg,NaN,NaN,NaN,NaN,NaN,NaN,NaN,NaN,0,58,58,553,572.824173125,NaN,NaN,NaN,NaN,NaN,NaN,NaN,,NaN,,573.1085755,573.276379333,573.276379333,573.276379333,573.276379333,573.276379333,573.276379333,573.276379333,573.276379333,573.276379333,582.018665125,7,-7,1,1,3.02879912499998,1,8.31704999999999,572.822242041,572.824173125,573.276379333,573.108562291,NaN,NaN,NaN,NaN,,NaN,,572.818767041,572.822194875,None,NaN,NaN,,NaN,NaN,NaN,NaN,NaN,NaN,NaN,12,kitchen,2,2024-04-10_10h03.09.698,image_similarity_rating,2023.2.3,None,2024-04-10 10h03.23.237854 +0200
,119,129,394,394,stimuli/own/kitchen/119_kit.jpg,stimuli/own/kitchen/129_kit.jpg,NaN,NaN,NaN,NaN,NaN,NaN,NaN,NaN,0,59,59,393,582.024388458,NaN,NaN,NaN,NaN,NaN,NaN,NaN,,NaN,,582.307697,582.471255083,582.471255083,582.471255083,582.471255083,582.471255083,582.471255083,582.471255083,582.471255083,582.471255083,590.642774583,7,-7,1,1,5.261486375,5,7.94669291599996,582.02247525,582.024388458,582.471255083,582.307686625,NaN,NaN,NaN,NaN,,NaN,,582.0188885,582.022427666,None,NaN,NaN,,NaN,NaN,NaN,NaN,NaN,NaN,NaN,12,kitchen,2,2024-04-10_10h03.09.698,image_similarity_rating,2023.2.3,None,2024-04-10 10h03.23.237854 +0200
,112,125,256,256,stimuli/own/kitchen/112_kit.jpg,stimuli/own/kitchen/125_kit.jpg,NaN,NaN,NaN,NaN,NaN,NaN,NaN,NaN,0,60,60,255,590.652899583,NaN,NaN,NaN,NaN,NaN,NaN,NaN,,NaN,,590.937424375,591.103362125,591.103362125,591.103362125,591.103362125,591.103362125,591.103362125,591.103362125,591.103362125,591.103362125,600.021868041,7,-7,1,6,5.16393033299994,5,6.49319337500003,590.646569958,590.652899583,591.103362125,590.937410041,NaN,NaN,NaN,NaN,,NaN,,590.642998791,590.646511375,None,NaN,NaN,,NaN,NaN,NaN,NaN,NaN,NaN,NaN,12,kitchen,2,2024-04-10_10h03.09.698,image_similarity_rating,2023.2.3,None,2024-04-10 10h03.23.237854 +0200
,113,122,278,278,stimuli/own/kitchen/113_kit.jpg,stimuli/own/kitchen/122_kit.jpg,NaN,NaN,NaN,NaN,NaN,NaN,NaN,NaN,0,61,61,277,600.027831958,NaN,NaN,NaN,NaN,NaN,NaN,NaN,,NaN,,600.320763916,600.490472708,600.490472708,600.490472708,600.490472708,600.490472708,600.490472708,600.490472708,600.490472708,600.490472708,608.409853375,7,-7,1,6,4.900701916,5,6.87438204199998,600.025673416,600.027831958,600.490472708,600.320742375,NaN,NaN,NaN,NaN,,NaN,,600.022088458,600.025626125,None,NaN,NaN,,NaN,NaN,NaN,NaN,NaN,NaN,NaN,12,kitchen,2,2024-04-10_10h03.09.698,image_similarity_rating,2023.2.3,None,2024-04-10 10h03.23.237854 +0200
,134,139,572,572,stimuli/own/kitchen/134_kit.jpg,stimuli/own/kitchen/139_kit.jpg,NaN,NaN,NaN,NaN,NaN,NaN,NaN,NaN,0,62,62,571,608.419323083,NaN,NaN,NaN,NaN,NaN,NaN,NaN,,NaN,,608.703997666,608.868252083,608.868252083,608.868252083,608.868252083,608.868252083,608.868252083,608.868252083,608.868252083,608.868252083,616.705168208,-7,7,1,5,4.72342500000002,5,6.37701704100004,608.413510208,608.419323083,608.868252083,608.703984875,NaN,NaN,NaN,NaN,,NaN,,608.410077583,608.413463083,None,NaN,NaN,,NaN,NaN,NaN,NaN,NaN,NaN,NaN,12,kitchen,2,2024-04-10_10h03.09.698,image_similarity_rating,2023.2.3,None,2024-04-10 10h03.23.237854 +0200
,106,122,172,172,stimuli/own/kitchen/106_kit.jpg,stimuli/own/kitchen/122_kit.jpg,NaN,NaN,NaN,NaN,NaN,NaN,NaN,NaN,0,63,63,171,616.710824666,NaN,NaN,NaN,NaN,NaN,NaN,NaN,,NaN,,630.920692166,631.095368791,631.095368791,631.095368791,631.095368791,631.095368791,631.095368791,631.095368791,631.095368791,631.095368791,636.188296958,7,-7,2,1,2.43521691599994,2,4.681143625,630.625089083,630.628800666,631.095368791,630.920672458,NaN,NaN,NaN,NaN,,NaN,,616.705389875,630.6230915,space,616.710824666,13.911996333,None,NaN,NaN,NaN,NaN,NaN,NaN,NaN,12,kitchen,2,2024-04-10_10h03.09.698,image_similarity_rating,2023.2.3,None,2024-04-10 10h03.23.237854 +0200
,136,141,585,585,stimuli/own/kitchen/136_kit.jpg,stimuli/own/kitchen/141_kit.jpg,NaN,NaN,NaN,NaN,NaN,NaN,NaN,NaN,0,64,64,584,636.194512958,NaN,NaN,NaN,NaN,NaN,NaN,NaN,,NaN,,636.487260875,636.658752166,636.658752166,636.658752166,636.658752166,636.658752166,636.658752166,636.658752166,636.658752166,636.658752166,647.513693375,7,-7,2,5,2.96734358399999,5,6.651084083,636.19261475,636.194512958,636.658752166,636.487243583,NaN,NaN,NaN,NaN,,NaN,,636.188517541,636.192566375,None,NaN,NaN,,NaN,NaN,NaN,NaN,NaN,NaN,NaN,12,kitchen,2,2024-04-10_10h03.09.698,image_similarity_rating,2023.2.3,None,2024-04-10 10h03.23.237854 +0200
,122,132,451,451,stimuli/own/kitchen/122_kit.jpg,stimuli/own/kitchen/132_kit.jpg,NaN,NaN,NaN,NaN,NaN,NaN,NaN,NaN,0,65,65,450,647.535945583,NaN,NaN,NaN,NaN,NaN,NaN,NaN,,NaN,,647.819977083,647.991591666,647.991591666,647.991591666,647.991591666,647.991591666,647.991591666,647.991591666,647.991591666,647.991591666,652.976084083,-7,7,2,7,2.81962795800007,6,4.13561508400005,647.517478166,647.535945583,NaN,647.819957416,NaN,NaN,NaN,NaN,,NaN,,647.513918125,647.517431083,None,NaN,NaN,,NaN,NaN,NaN,NaN,NaN,NaN,NaN,12,kitchen,2,2024-04-10_10h03.09.698,image_similarity_rating,2023.2.3,None,2024-04-10 10h03.23.237854 +0200
,130,135,544,544,stimuli/own/kitchen/130_kit.jpg,stimuli/own/kitchen/135_kit.jpg,NaN,NaN,NaN,NaN,NaN,NaN,NaN,NaN,0,66,66,543,652.985765291,NaN,NaN,NaN,NaN,NaN,NaN,NaN,,NaN,,653.270422041,653.437581416,653.437581416,653.437581416,653.437581416,653.437581416,653.437581416,653.437581416,653.437581416,653.437581416,659.172269666,-7,7,2,6,3.99416604200007,6,4.96297145900007,652.979745625,652.985765291,653.437581416,653.270406208,NaN,NaN,NaN,NaN,,NaN,,652.976307791,652.979698875,None,NaN,NaN,,NaN,NaN,NaN,NaN,NaN,NaN,NaN,12,kitchen,2,2024-04-10_10h03.09.698,image_similarity_rating,2023.2.3,None,2024-04-10 10h03.23.237854 +0200
,125,136,499,499,stimuli/own/kitchen/125_kit.jpg,stimuli/own/kitchen/136_kit.jpg,NaN,NaN,NaN,NaN,NaN,NaN,NaN,NaN,0,67,67,498,659.17768975,NaN,NaN,NaN,NaN,NaN,NaN,NaN,,NaN,,659.470544833,659.63607125,659.63607125,659.63607125,659.63607125,659.63607125,659.63607125,659.63607125,659.63607125,659.63607125,667.359123416,7,-7,2,6,3.71415316600007,6,5.59349525000005,659.175936708,659.17768975,659.63607125,659.47053,NaN,NaN,NaN,NaN,,NaN,,659.172495958,659.17589025,None,NaN,NaN,,NaN,NaN,NaN,NaN,NaN,NaN,NaN,12,kitchen,2,2024-04-10_10h03.09.698,image_similarity_rating,2023.2.3,None,2024-04-10 10h03.23.237854 +0200
,109,117,195,195,stimuli/own/kitchen/109_kit.jpg,stimuli/own/kitchen/117_kit.jpg,NaN,NaN,NaN,NaN,NaN,NaN,NaN,NaN,0,68,68,194,667.369407541,NaN,NaN,NaN,NaN,NaN,NaN,NaN,,NaN,,667.653681833,667.818945541,667.818945541,667.818945541,667.818945541,667.818945541,667.818945541,667.818945541,667.818945541,667.818945541,676.834941416,-7,7,2,2,6.43659474999993,1,8.66480037500003,667.362930666,667.369407541,667.818945541,667.653666083,NaN,NaN,NaN,NaN,,NaN,,667.359350375,667.362884125,None,NaN,NaN,,NaN,NaN,NaN,NaN,NaN,NaN,NaN,12,kitchen,2,2024-04-10_10h03.09.698,image_similarity_rating,2023.2.3,None,2024-04-10 10h03.23.237854 +0200
,104,131,121,121,stimuli/own/kitchen/104_kit.jpg,stimuli/own/kitchen/131_kit.jpg,NaN,NaN,NaN,NaN,NaN,NaN,NaN,NaN,0,69,69,120,676.840566916,NaN,NaN,NaN,NaN,NaN,NaN,NaN,,NaN,,677.124439375,677.290449708,677.290449708,677.290449708,677.290449708,677.290449708,677.290449708,677.290449708,677.290449708,677.290449708,684.584736125,-7,7,2,2,6.36322958300002,1,7.019186042,676.838639708,676.840566916,677.290449708,677.124428125,NaN,NaN,NaN,NaN,,NaN,,676.83515925,676.838592791,None,NaN,NaN,,NaN,NaN,NaN,NaN,NaN,NaN,NaN,12,kitchen,2,2024-04-10_10h03.09.698,image_similarity_rating,2023.2.3,None,2024-04-10 10h03.23.237854 +0200
,101,123,18,18,stimuli/own/kitchen/101_kit.jpg,stimuli/own/kitchen/123_kit.jpg,NaN,NaN,NaN,NaN,NaN,NaN,NaN,NaN,0,70,70,17,684.590486583,NaN,NaN,NaN,NaN,NaN,NaN,NaN,,NaN,,684.874307583,685.039613916,685.039613916,685.039613916,685.039613916,685.039613916,685.039613916,685.039613916,685.039613916,685.039613916,700.404809708,-7,7,2,3,9.21012874999997,2,12.6787270420001,684.588570083,684.590486583,685.039613916,684.874291875,NaN,NaN,NaN,NaN,,NaN,,684.584964791,684.588510041,None,NaN,NaN,,NaN,NaN,NaN,NaN,NaN,NaN,NaN,12,kitchen,2,2024-04-10_10h03.09.698,image_similarity_rating,2023.2.3,None,2024-04-10 10h03.23.237854 +0200
,111,125,230,230,stimuli/own/kitchen/111_kit.jpg,stimuli/own/kitchen/125_kit.jpg,NaN,NaN,NaN,NaN,NaN,NaN,NaN,NaN,0,71,71,229,700.410494666,NaN,NaN,NaN,NaN,NaN,NaN,NaN,,NaN,,700.703604958,700.871435916,700.871435916,700.871435916,700.871435916,700.871435916,700.871435916,700.871435916,700.871435916,700.871435916,708.171436666,-7,7,2,6,2.73796495800002,5,6.95248945800006,700.40859025,700.410494666,700.871435916,700.703577541,NaN,NaN,NaN,NaN,,NaN,,700.4050335,700.408543291,None,NaN,NaN,,NaN,NaN,NaN,NaN,NaN,NaN,NaN,12,kitchen,2,2024-04-10_10h03.09.698,image_similarity_rating,2023.2.3,None,2024-04-10 10h03.23.237854 +0200
,105,136,155,155,stimuli/own/kitchen/105_kit.jpg,stimuli/own/kitchen/136_kit.jpg,NaN,NaN,NaN,NaN,NaN,NaN,NaN,NaN,0,72,72,154,708.177111166,NaN,NaN,NaN,NaN,NaN,NaN,NaN,,NaN,,708.470365791,708.635733916,708.635733916,708.635733916,708.635733916,708.635733916,708.635733916,708.635733916,708.635733916,708.635733916,723.696603291,-7,7,2,6,12.171454125,5,14.598648042,708.175182291,708.177111166,708.635733916,708.470346333,NaN,NaN,NaN,NaN,,NaN,,708.171654208,708.17513325,None,NaN,NaN,,NaN,NaN,NaN,NaN,NaN,NaN,NaN,12,kitchen,2,2024-04-10_10h03.09.698,image_similarity_rating,2023.2.3,None,2024-04-10 10h03.23.237854 +0200
,136,139,583,602,stimuli/own/kitchen/136_kit.jpg,stimuli/own/kitchen/139_kit.jpg,NaN,NaN,NaN,NaN,NaN,NaN,NaN,NaN,0,73,73,601,723.702068833,NaN,NaN,NaN,NaN,NaN,NaN,NaN,,NaN,,723.986852583,724.153100916,724.153100916,724.153100916,724.153100916,724.153100916,724.153100916,724.153100916,724.153100916,724.153100916,729.75144025,7,-7,2,5,4.41462237500002,4,5.45080933400004,723.700275333,723.702068833,724.153100916,723.9868355,NaN,NaN,NaN,NaN,,NaN,,723.696824416,723.700228916,None,NaN,NaN,,NaN,NaN,NaN,NaN,NaN,NaN,NaN,12,kitchen,2,2024-04-10_10h03.09.698,image_similarity_rating,2023.2.3,None,2024-04-10 10h03.23.237854 +0200
,109,119,197,197,stimuli/own/kitchen/109_kit.jpg,stimuli/own/kitchen/119_kit.jpg,NaN,NaN,NaN,NaN,NaN,NaN,NaN,NaN,0,74,74,196,729.757069208,NaN,NaN,NaN,NaN,NaN,NaN,NaN,,NaN,,730.04102475,730.210832041,730.210832041,730.210832041,730.210832041,730.210832041,730.210832041,730.210832041,730.210832041,730.210832041,734.938399583,7,-7,2,3,3.97793891700007,1,4.513185292,729.75514525,729.757069208,730.210832041,730.041009625,NaN,NaN,NaN,NaN,,NaN,,729.751660291,729.755098416,None,NaN,NaN,,NaN,NaN,NaN,NaN,NaN,NaN,NaN,12,kitchen,2,2024-04-10_10h03.09.698,image_similarity_rating,2023.2.3,None,2024-04-10 10h03.23.237854 +0200
,106,138,186,186,stimuli/own/kitchen/106_kit.jpg,stimuli/own/kitchen/138_kit.jpg,NaN,NaN,NaN,NaN,NaN,NaN,NaN,NaN,0,75,75,185,734.944219458,NaN,NaN,NaN,NaN,NaN,NaN,NaN,,NaN,,735.236805416,735.409280083,735.409280083,735.409280083,735.409280083,735.409280083,735.409280083,735.409280083,735.409280083,735.409280083,739.813455583,-7,7,2,6,3.81367383300005,4,4.23618787500004,734.942255916,734.944219458,735.409280083,735.236788041,NaN,NaN,NaN,NaN,,NaN,,734.938626583,734.942208208,None,NaN,NaN,,NaN,NaN,NaN,NaN,NaN,NaN,NaN,12,kitchen,2,2024-04-10_10h03.09.698,image_similarity_rating,2023.2.3,None,2024-04-10 10h03.23.237854 +0200
,102,103,35,35,stimuli/own/kitchen/102_kit.jpg,stimuli/own/kitchen/103_kit.jpg,NaN,NaN,NaN,NaN,NaN,NaN,NaN,NaN,0,76,76,34,739.835725666,NaN,NaN,NaN,NaN,NaN,NaN,NaN,,NaN,,740.119699291,740.287440625,740.287440625,740.287440625,740.287440625,740.287440625,740.287440625,740.287440625,740.287440625,740.287440625,744.292192791,7,-7,2,5,2.99938545800001,5,3.62997483300001,739.817105541,739.835725666,NaN,740.119668875,NaN,NaN,NaN,NaN,,NaN,,739.813673291,739.8170585,None,NaN,NaN,,NaN,NaN,NaN,NaN,NaN,NaN,NaN,12,kitchen,2,2024-04-10_10h03.09.698,image_similarity_rating,2023.2.3,None,2024-04-10 10h03.23.237854 +0200
,111,123,228,228,stimuli/own/kitchen/111_kit.jpg,stimuli/own/kitchen/123_kit.jpg,NaN,NaN,NaN,NaN,NaN,NaN,NaN,NaN,0,77,77,227,744.302300541,NaN,NaN,NaN,NaN,NaN,NaN,NaN,,NaN,,744.586731791,744.752219583,744.752219583,744.752219583,744.752219583,744.752219583,744.752219583,744.752219583,744.752219583,744.752219583,749.955212166,7,-7,2,6,4.16487270899995,4,4.91231975000005,744.295860083,744.302300541,744.752219583,744.586718416,NaN,NaN,NaN,NaN,,NaN,,744.292416625,744.295813291,None,NaN,NaN,,NaN,NaN,NaN,NaN,NaN,NaN,NaN,12,kitchen,2,2024-04-10_10h03.09.698,image_similarity_rating,2023.2.3,None,2024-04-10 10h03.23.237854 +0200
,118,124,370,370,stimuli/own/kitchen/118_kit.jpg,stimuli/own/kitchen/124_kit.jpg,NaN,NaN,NaN,NaN,NaN,NaN,NaN,NaN,0,78,78,369,749.968748791,NaN,NaN,NaN,NaN,NaN,NaN,NaN,,NaN,,750.253659125,750.420662375,750.420662375,750.420662375,750.420662375,750.420662375,750.420662375,750.420662375,750.420662375,750.420662375,754.579870541,7,-7,2,6,2.98602766700003,4,3.68682462499999,749.959133666,749.968748791,750.420662375,750.253646041,NaN,NaN,NaN,NaN,,NaN,,749.955449541,749.959083916,None,NaN,NaN,,NaN,NaN,NaN,NaN,NaN,NaN,NaN,12,kitchen,2,2024-04-10_10h03.09.698,image_similarity_rating,2023.2.3,None,2024-04-10 10h03.23.237854 +0200
,112,139,268,268,stimuli/own/kitchen/112_kit.jpg,stimuli/own/kitchen/139_kit.jpg,NaN,NaN,NaN,NaN,NaN,NaN,NaN,NaN,0,79,79,267,754.585382083,NaN,NaN,NaN,NaN,NaN,NaN,NaN,,NaN,,754.870615708,755.037138083,755.037138083,755.037138083,755.037138083,755.037138083,755.037138083,755.037138083,755.037138083,755.037138083,763.092028958,-7,7,2,5,5.61734645800004,5,7.54498462499998,754.583530083,754.585382083,755.037138083,754.870602,NaN,NaN,NaN,NaN,,NaN,,754.580091375,754.58348275,None,NaN,NaN,,NaN,NaN,NaN,NaN,NaN,NaN,NaN,12,kitchen,2,2024-04-10_10h03.09.698,image_similarity_rating,2023.2.3,None,2024-04-10 10h03.23.237854 +0200
,116,120,323,323,stimuli/own/kitchen/116_kit.jpg,stimuli/own/kitchen/120_kit.jpg,NaN,NaN,NaN,NaN,NaN,NaN,NaN,NaN,0,80,80,322,763.101999666,NaN,NaN,NaN,NaN,NaN,NaN,NaN,,NaN,,763.386847083,763.551807958,763.551807958,763.551807958,763.551807958,763.551807958,763.551807958,763.551807958,763.551807958,763.551807958,770.525591333,7,-7,2,5,4.20911245899993,4,6.63859008299994,763.095802208,763.101999666,763.551807958,763.386830916,NaN,NaN,NaN,NaN,,NaN,,763.0922645,763.095755416,None,NaN,NaN,,NaN,NaN,NaN,NaN,NaN,NaN,NaN,12,kitchen,2,2024-04-10_10h03.09.698,image_similarity_rating,2023.2.3,None,2024-04-10 10h03.23.237854 +0200
,120,130,414,414,stimuli/own/kitchen/120_kit.jpg,stimuli/own/kitchen/130_kit.jpg,NaN,NaN,NaN,NaN,NaN,NaN,NaN,NaN,0,81,81,413,770.535494208,NaN,NaN,NaN,NaN,NaN,NaN,NaN,,NaN,,770.819701291,770.992147208,770.992147208,770.992147208,770.992147208,770.992147208,770.992147208,770.992147208,770.992147208,770.992147208,775.908956083,-7,7,2,6,2.96659358299996,4,4.71743974999993,770.529239708,770.535494208,770.992147208,770.819681541,NaN,NaN,NaN,NaN,,NaN,,770.525814916,770.529193166,None,NaN,NaN,,NaN,NaN,NaN,NaN,NaN,NaN,NaN,12,kitchen,2,2024-04-10_10h03.09.698,image_similarity_rating,2023.2.3,None,2024-04-10 10h03.23.237854 +0200
,123,138,472,472,stimuli/own/kitchen/123_kit.jpg,stimuli/own/kitchen/138_kit.jpg,NaN,NaN,NaN,NaN,NaN,NaN,NaN,NaN,0,82,82,471,775.9188605,NaN,NaN,NaN,NaN,NaN,NaN,NaN,,NaN,,776.204345958,776.369265666,776.369265666,776.369265666,776.369265666,776.369265666,776.369265666,776.369265666,776.369265666,776.369265666,780.005091375,7,-7,2,6,2.55832800000007,5,3.45764099999997,775.912606041,775.9188605,776.369265666,776.204332375,NaN,NaN,NaN,NaN,,NaN,,775.909178,775.912559041,None,NaN,NaN,,NaN,NaN,NaN,NaN,NaN,NaN,NaN,12,kitchen,2,2024-04-10_10h03.09.698,image_similarity_rating,2023.2.3,None,2024-04-10 10h03.23.237854 +0200
,105,121,142,142,stimuli/own/kitchen/105_kit.jpg,stimuli/own/kitchen/121_kit.jpg,NaN,NaN,NaN,NaN,NaN,NaN,NaN,NaN,0,83,83,141,780.018605125,NaN,NaN,NaN,NaN,NaN,NaN,NaN,,NaN,,780.303300583,780.476859708,780.476859708,780.476859708,780.476859708,780.476859708,780.476859708,780.476859708,780.476859708,780.476859708,791.258390541,7,-7,2,7,7.63274987500006,5,10.582732125,780.00902575,780.018605125,780.476859708,780.303283583,NaN,NaN,NaN,NaN,,NaN,,780.005312708,780.008976,None,NaN,NaN,,NaN,NaN,NaN,NaN,NaN,NaN,NaN,12,kitchen,2,2024-04-10_10h03.09.698,image_similarity_rating,2023.2.3,None,2024-04-10 10h03.23.237854 +0200
,120,134,417,417,stimuli/own/kitchen/120_kit.jpg,stimuli/own/kitchen/134_kit.jpg,NaN,NaN,NaN,NaN,NaN,NaN,NaN,NaN,0,84,84,416,791.268667583,NaN,NaN,NaN,NaN,NaN,NaN,NaN,,NaN,,791.553199208,791.72602325,791.72602325,791.72602325,791.72602325,791.72602325,791.72602325,791.72602325,791.72602325,791.72602325,799.908650333,7,-7,2,5,6.81155566700011,5,7.87206891699998,791.262156541,791.268667583,791.72602325,791.5531825,NaN,NaN,NaN,NaN,,NaN,,791.258613916,791.262109416,None,NaN,NaN,,NaN,NaN,NaN,NaN,NaN,NaN,NaN,12,kitchen,2,2024-04-10_10h03.09.698,image_similarity_rating,2023.2.3,None,2024-04-10 10h03.23.237854 +0200
,122,123,443,443,stimuli/own/kitchen/122_kit.jpg,stimuli/own/kitchen/123_kit.jpg,NaN,NaN,NaN,NaN,NaN,NaN,NaN,NaN,0,85,85,442,799.918545208,NaN,NaN,NaN,NaN,NaN,NaN,NaN,,NaN,,800.20327125,800.375756125,800.375756125,800.375756125,800.375756125,800.375756125,800.375756125,800.375756125,800.375756125,800.375756125,804.558367458,-7,7,2,6,3.10240687499993,4,3.95103066699994,799.912317041,799.918545208,800.375756125,800.203254041,NaN,NaN,NaN,NaN,,NaN,,799.908877208,799.912270208,None,NaN,NaN,,NaN,NaN,NaN,NaN,NaN,NaN,NaN,12,kitchen,2,2024-04-10_10h03.09.698,image_similarity_rating,2023.2.3,None,2024-04-10 10h03.23.237854 +0200
,102,122,50,50,stimuli/own/kitchen/102_kit.jpg,stimuli/own/kitchen/122_kit.jpg,NaN,NaN,NaN,NaN,NaN,NaN,NaN,NaN,0,86,86,49,804.568743958,NaN,NaN,NaN,NaN,NaN,NaN,NaN,,NaN,,804.853856333,805.018261541,805.018261541,805.018261541,805.018261541,805.018261541,805.018261541,805.018261541,805.018261541,805.018261541,808.387793833,7,-7,2,6,2.61241500000006,4,3.13235404099999,804.562035958,804.568743958,805.018261541,804.853838291,NaN,NaN,NaN,NaN,,NaN,,804.55859225,804.5619895,None,NaN,NaN,,NaN,NaN,NaN,NaN,NaN,NaN,NaN,12,kitchen,2,2024-04-10_10h03.09.698,image_similarity_rating,2023.2.3,None,2024-04-10 10h03.23.237854 +0200
,105,109,132,132,stimuli/own/kitchen/105_kit.jpg,stimuli/own/kitchen/109_kit.jpg,NaN,NaN,NaN,NaN,NaN,NaN,NaN,NaN,0,87,87,131,808.393408708,NaN,NaN,NaN,NaN,NaN,NaN,NaN,,NaN,,808.686669625,808.853209833,808.853209833,808.853209833,808.853209833,808.853209833,808.853209833,808.853209833,808.853209833,808.853209833,812.730043916,7,-7,2,2,3.08582445899992,1,3.67604958300001,808.39146575,808.393408708,808.853209833,808.686656125,NaN,NaN,NaN,NaN,,NaN,,808.388017958,808.39141875,None,NaN,NaN,,NaN,NaN,NaN,NaN,NaN,NaN,NaN,12,kitchen,2,2024-04-10_10h03.09.698,image_similarity_rating,2023.2.3,None,2024-04-10 10h03.23.237854 +0200
,109,130,207,207,stimuli/own/kitchen/109_kit.jpg,stimuli/own/kitchen/130_kit.jpg,NaN,NaN,NaN,NaN,NaN,NaN,NaN,NaN,0,88,88,206,812.751938041,NaN,NaN,NaN,NaN,NaN,NaN,NaN,,NaN,,813.035987291,813.204142833,813.204142833,813.204142833,813.204142833,813.204142833,813.204142833,813.204142833,813.204142833,813.204142833,827.117800916,7,-7,2,3,8.70770579200007,1,12.541565916,812.733733416,812.751938041,NaN,813.035968291,NaN,NaN,NaN,NaN,,NaN,,812.730267416,812.733686375,None,NaN,NaN,,NaN,NaN,NaN,NaN,NaN,NaN,NaN,12,kitchen,2,2024-04-10_10h03.09.698,image_similarity_rating,2023.2.3,None,2024-04-10 10h03.23.237854 +0200
,101,109,6,6,stimuli/own/kitchen/101_kit.jpg,stimuli/own/kitchen/109_kit.jpg,NaN,NaN,NaN,NaN,NaN,NaN,NaN,NaN,0,89,89,5,827.123430041,NaN,NaN,NaN,NaN,NaN,NaN,NaN,,NaN,,827.407669,827.576317375,827.576317375,827.576317375,827.576317375,827.576317375,827.576317375,827.576317375,827.576317375,827.576317375,833.529554083,7,-7,2,1,3.18779995799991,1,5.78071712500002,827.121504125,827.123430041,827.576317375,827.407654083,NaN,NaN,NaN,NaN,,NaN,,827.118021666,827.12145675,None,NaN,NaN,,NaN,NaN,NaN,NaN,NaN,NaN,NaN,12,kitchen,2,2024-04-10_10h03.09.698,image_similarity_rating,2023.2.3,None,2024-04-10 10h03.23.237854 +0200
,103,119,79,79,stimuli/own/kitchen/103_kit.jpg,stimuli/own/kitchen/119_kit.jpg,NaN,NaN,NaN,NaN,NaN,NaN,NaN,NaN,0,90,90,78,833.552324,NaN,NaN,NaN,NaN,NaN,NaN,NaN,,NaN,,833.835955583,834.006463875,834.006463875,834.006463875,834.006463875,834.006463875,834.006463875,834.006463875,834.006463875,834.006463875,840.696459125,7,-7,2,4,5.33827308299999,3,6.39449758299997,833.533308458,833.552324,NaN,833.835931541,NaN,NaN,NaN,NaN,,NaN,,833.529771875,833.533261541,None,NaN,NaN,,NaN,NaN,NaN,NaN,NaN,NaN,NaN,12,kitchen,2,2024-04-10_10h03.09.698,image_similarity_rating,2023.2.3,None,2024-04-10 10h03.23.237854 +0200
,102,139,65,604,stimuli/own/kitchen/102_kit.jpg,stimuli/own/kitchen/139_kit.jpg,NaN,NaN,NaN,NaN,NaN,NaN,NaN,NaN,0,91,91,603,840.718892,NaN,NaN,NaN,NaN,NaN,NaN,NaN,,NaN,,841.002548875,841.168543,841.168543,841.168543,841.168543,841.168543,841.168543,841.168543,841.168543,841.168543,845.304208083,7,-7,2,4,2.29534904100001,4,3.7861562920001,840.700129291,840.718892,NaN,841.002527583,NaN,NaN,NaN,NaN,,NaN,,840.696680375,840.700083125,None,NaN,NaN,,NaN,NaN,NaN,NaN,NaN,NaN,NaN,12,kitchen,2,2024-04-10_10h03.09.698,image_similarity_rating,2023.2.3,None,2024-04-10 10h03.23.237854 +0200
,124,130,480,480,stimuli/own/kitchen/124_kit.jpg,stimuli/own/kitchen/130_kit.jpg,NaN,NaN,NaN,NaN,NaN,NaN,NaN,NaN,0,92,92,479,845.309785666,NaN,NaN,NaN,NaN,NaN,NaN,NaN,,NaN,,845.603056416,845.768721541,845.768721541,845.768721541,845.768721541,845.768721541,845.768721541,845.768721541,845.768721541,845.768721541,854.116918416,7,-7,2,7,4.803761291,6,7.81039499999997,845.30787325,845.309785666,845.768721541,845.603041583,NaN,NaN,NaN,NaN,,NaN,,845.304428958,845.30782475,None,NaN,NaN,,NaN,NaN,NaN,NaN,NaN,NaN,NaN,12,kitchen,2,2024-04-10_10h03.09.698,image_similarity_rating,2023.2.3,None,2024-04-10 10h03.23.237854 +0200
,104,138,127,127,stimuli/own/kitchen/104_kit.jpg,stimuli/own/kitchen/138_kit.jpg,NaN,NaN,NaN,NaN,NaN,NaN,NaN,NaN,0,93,93,126,854.122668833,NaN,NaN,NaN,NaN,NaN,NaN,NaN,,NaN,,854.407112583,854.57234225,854.57234225,854.57234225,854.57234225,854.57234225,854.57234225,854.57234225,854.57234225,854.57234225,860.937410916,-7,7,2,6,4.974679917,6,5.86028783300003,854.120734083,854.122668833,854.57234225,854.407101625,NaN,NaN,NaN,NaN,,NaN,,854.117139375,854.120686291,None,NaN,NaN,,NaN,NaN,NaN,NaN,NaN,NaN,NaN,12,kitchen,2,2024-04-10_10h03.09.698,image_similarity_rating,2023.2.3,None,2024-04-10 10h03.23.237854 +0200
,123,137,471,471,stimuli/own/kitchen/123_kit.jpg,stimuli/own/kitchen/137_kit.jpg,NaN,NaN,NaN,NaN,NaN,NaN,NaN,NaN,0,94,94,470,860.943149375,NaN,NaN,NaN,NaN,NaN,NaN,NaN,,NaN,,861.236382958,861.402212958,861.402212958,861.402212958,861.402212958,861.402212958,861.402212958,861.402212958,861.402212958,861.402212958,868.570702791,-7,7,2,6,4.13634954099996,7,4.97327050000001,860.941211375,860.943149375,861.402212958,861.236367958,NaN,NaN,NaN,NaN,,NaN,,860.937629291,860.941164291,None,NaN,NaN,,NaN,NaN,NaN,NaN,NaN,NaN,NaN,12,kitchen,2,2024-04-10_10h03.09.698,image_similarity_rating,2023.2.3,None,2024-04-10 10h03.23.237854 +0200
,102,127,55,55,stimuli/own/kitchen/102_kit.jpg,stimuli/own/kitchen/127_kit.jpg,NaN,NaN,NaN,NaN,NaN,NaN,NaN,NaN,0,95,95,54,868.576145833,NaN,NaN,NaN,NaN,NaN,NaN,NaN,,NaN,,868.869753416,869.037952958,869.037952958,869.037952958,869.037952958,869.037952958,869.037952958,869.037952958,869.037952958,869.037952958,877.012431125,7,-7,2,2,6.2380824999999,2,6.90121566700009,868.574378375,868.576145833,869.037952958,868.869736541,NaN,NaN,NaN,NaN,,NaN,,868.570928625,868.574332,None,NaN,NaN,,NaN,NaN,NaN,NaN,NaN,NaN,NaN,12,kitchen,2,2024-04-10_10h03.09.698,image_similarity_rating,2023.2.3,None,2024-04-10 10h03.23.237854 +0200
,111,129,233,233,stimuli/own/kitchen/111_kit.jpg,stimuli/own/kitchen/129_kit.jpg,NaN,NaN,NaN,NaN,NaN,NaN,NaN,NaN,0,96,96,232,877.0179835,NaN,NaN,NaN,NaN,NaN,NaN,NaN,,NaN,,877.302958166,877.472892,877.472892,877.472892,877.472892,877.472892,877.472892,877.472892,877.472892,877.472892,882.917010875,-7,7,2,5,4.49848662500017,5,5.26951587500002,877.016096583,877.0179835,877.472892,877.302940208,NaN,NaN,NaN,NaN,,NaN,,877.012652083,877.016047291,None,NaN,NaN,,NaN,NaN,NaN,NaN,NaN,NaN,NaN,12,kitchen,2,2024-04-10_10h03.09.698,image_similarity_rating,2023.2.3,None,2024-04-10 10h03.23.237854 +0200
,112,116,247,247,stimuli/own/kitchen/112_kit.jpg,stimuli/own/kitchen/116_kit.jpg,NaN,NaN,NaN,NaN,NaN,NaN,NaN,NaN,0,97,97,246,882.922656083,NaN,NaN,NaN,NaN,NaN,NaN,NaN,,NaN,,883.207446333,883.375362333,883.375362333,883.375362333,883.375362333,883.375362333,883.375362333,883.375362333,883.375362333,883.375362333,889.100229416,-7,7,2,5,3.47830225000007,4,5.56438333400001,882.920721625,882.922656083,883.375362333,883.207432625,NaN,NaN,NaN,NaN,,NaN,,882.917239083,882.920674541,None,NaN,NaN,,NaN,NaN,NaN,NaN,NaN,NaN,NaN,12,kitchen,2,2024-04-10_10h03.09.698,image_similarity_rating,2023.2.3,None,2024-04-10 10h03.23.237854 +0200
,103,106,70,70,stimuli/own/kitchen/103_kit.jpg,stimuli/own/kitchen/106_kit.jpg,NaN,NaN,NaN,NaN,NaN,NaN,NaN,NaN,0,98,98,69,889.105966,NaN,NaN,NaN,NaN,NaN,NaN,NaN,,NaN,,889.390824875,889.556215833,889.556215833,889.556215833,889.556215833,889.556215833,889.556215833,889.556215833,889.556215833,889.556215833,895.970612166,7,-7,2,1,3.33296737499995,3,6.3161654590001,889.104032125,889.105966,889.556215833,889.390812125,NaN,NaN,NaN,NaN,,NaN,,889.10044875,889.103984916,None,NaN,NaN,,NaN,NaN,NaN,NaN,NaN,NaN,NaN,12,kitchen,2,2024-04-10_10h03.09.698,image_similarity_rating,2023.2.3,None,2024-04-10 10h03.23.237854 +0200
,118,127,373,373,stimuli/own/kitchen/118_kit.jpg,stimuli/own/kitchen/127_kit.jpg,NaN,NaN,NaN,NaN,NaN,NaN,NaN,NaN,0,99,99,372,895.976238791,NaN,NaN,NaN,NaN,NaN,NaN,NaN,,NaN,,896.269534833,896.43869025,896.43869025,896.43869025,896.43869025,896.43869025,896.43869025,896.43869025,896.43869025,896.43869025,907.691477625,-7,7,2,3,8.91258991600012,4,10.3549561249999,895.974289125,895.976238791,896.43869025,896.269517791,NaN,NaN,NaN,NaN,,NaN,,895.970832583,895.9742425,None,NaN,NaN,,NaN,NaN,NaN,NaN,NaN,NaN,NaN,12,kitchen,2,2024-04-10_10h03.09.698,image_similarity_rating,2023.2.3,None,2024-04-10 10h03.23.237854 +0200
,105,113,135,135,stimuli/own/kitchen/105_kit.jpg,stimuli/own/kitchen/113_kit.jpg,NaN,NaN,NaN,NaN,NaN,NaN,NaN,NaN,0,100,100,134,907.701896833,NaN,NaN,NaN,NaN,NaN,NaN,NaN,,NaN,,907.986103125,908.154778416,908.154778416,908.154778416,908.154778416,908.154778416,908.154778416,908.154778416,908.154778416,908.154778416,913.112593208,-7,7,2,4,3.65184212500003,3,4.78257608299987,907.695159958,907.701896833,908.154778416,907.986086375,NaN,NaN,NaN,NaN,,NaN,,907.691698875,907.69511325,None,NaN,NaN,,NaN,NaN,NaN,NaN,NaN,NaN,NaN,12,kitchen,2,2024-04-10_10h03.09.698,image_similarity_rating,2023.2.3,None,2024-04-10 10h03.23.237854 +0200
,106,124,174,174,stimuli/own/kitchen/106_kit.jpg,stimuli/own/kitchen/124_kit.jpg,NaN,NaN,NaN,NaN,NaN,NaN,NaN,NaN,0,101,101,173,913.134736958,NaN,NaN,NaN,NaN,NaN,NaN,NaN,,NaN,,913.418960875,913.588142708,913.588142708,913.588142708,913.588142708,913.588142708,913.588142708,913.588142708,913.588142708,913.588142708,918.670640875,7,-7,2,2,3.72709125000006,3,4.94555066700013,913.116368375,913.134736958,NaN,913.418935916,NaN,NaN,NaN,NaN,,NaN,,913.112810708,913.116321291,None,NaN,NaN,,NaN,NaN,NaN,NaN,NaN,NaN,NaN,12,kitchen,2,2024-04-10_10h03.09.698,image_similarity_rating,2023.2.3,None,2024-04-10 10h03.23.237854 +0200
,113,120,276,276,stimuli/own/kitchen/113_kit.jpg,stimuli/own/kitchen/120_kit.jpg,NaN,NaN,NaN,NaN,NaN,NaN,NaN,NaN,0,102,102,275,918.676569958,NaN,NaN,NaN,NaN,NaN,NaN,NaN,,NaN,,918.969424958,919.136678291,919.136678291,919.136678291,919.136678291,919.136678291,919.136678291,919.136678291,919.136678291,919.136678291,928.062360166,7,-7,2,6,7.9940522500001,4,8.76572483299992,918.674319,918.676569958,919.136678291,918.969405666,NaN,NaN,NaN,NaN,,NaN,,918.670859041,918.674272041,None,NaN,NaN,,NaN,NaN,NaN,NaN,NaN,NaN,NaN,12,kitchen,2,2024-04-10_10h03.09.698,image_similarity_rating,2023.2.3,None,2024-04-10 10h03.23.237854 +0200
,121,132,434,434,stimuli/own/kitchen/121_kit.jpg,stimuli/own/kitchen/132_kit.jpg,NaN,NaN,NaN,NaN,NaN,NaN,NaN,NaN,0,103,103,433,928.068034583,NaN,NaN,NaN,NaN,NaN,NaN,NaN,,NaN,,928.352719083,928.52244325,928.52244325,928.52244325,928.52244325,928.52244325,928.52244325,928.52244325,928.52244325,928.52244325,931.612515375,-7,7,2,3,2.06486558400002,4,2.7154834590001,928.066099208,928.068034583,928.52244325,928.352703541,NaN,NaN,NaN,NaN,,NaN,,928.062578791,928.066053,None,NaN,NaN,,NaN,NaN,NaN,NaN,NaN,NaN,NaN,12,kitchen,2,2024-04-10_10h03.09.698,image_similarity_rating,2023.2.3,None,2024-04-10 10h03.23.237854 +0200
,120,137,420,420,stimuli/own/kitchen/120_kit.jpg,stimuli/own/kitchen/137_kit.jpg,NaN,NaN,NaN,NaN,NaN,NaN,NaN,NaN,0,104,104,419,931.634983666,NaN,NaN,NaN,NaN,NaN,NaN,NaN,,NaN,,931.918973708,932.091390166,932.091390166,932.091390166,932.091390166,932.091390166,932.091390166,932.091390166,932.091390166,932.091390166,937.0502325,7,-7,2,3,2.56404441599989,4,4.47261383399996,931.616157,931.634983666,NaN,931.918941208,NaN,NaN,NaN,NaN,,NaN,,931.612730541,931.616110375,None,NaN,NaN,,NaN,NaN,NaN,NaN,NaN,NaN,NaN,12,kitchen,2,2024-04-10_10h03.09.698,image_similarity_rating,2023.2.3,None,2024-04-10 10h03.23.237854 +0200
,119,127,393,393,stimuli/own/kitchen/119_kit.jpg,stimuli/own/kitchen/127_kit.jpg,NaN,NaN,NaN,NaN,NaN,NaN,NaN,NaN,0,105,105,392,937.055875833,NaN,NaN,NaN,NaN,NaN,NaN,NaN,,NaN,,937.34024175,937.50946175,937.50946175,937.50946175,937.50946175,937.50946175,937.50946175,937.50946175,937.50946175,937.50946175,942.65374725,7,-7,2,3,3.16347191600016,4,4.6207266670001,937.053933791,937.055875833,937.50946175,937.340226833,NaN,NaN,NaN,NaN,,NaN,,937.050478375,937.053886708,None,NaN,NaN,,NaN,NaN,NaN,NaN,NaN,NaN,NaN,12,kitchen,2,2024-04-10_10h03.09.698,image_similarity_rating,2023.2.3,None,2024-04-10 10h03.23.237854 +0200
,111,127,232,232,stimuli/own/kitchen/111_kit.jpg,stimuli/own/kitchen/127_kit.jpg,NaN,NaN,NaN,NaN,NaN,NaN,NaN,NaN,0,106,106,231,942.659133291,NaN,NaN,NaN,NaN,NaN,NaN,NaN,,NaN,,942.952729666,943.122201291,943.122201291,943.122201291,943.122201291,943.122201291,943.122201291,943.122201291,943.122201291,943.122201291,949.716744791,7,-7,2,6,4.44368916600001,5,5.08420374999992,942.657390583,942.659133291,943.122201291,942.952711666,NaN,NaN,NaN,NaN,,NaN,,942.653967291,942.657344291,None,NaN,NaN,,NaN,NaN,NaN,NaN,NaN,NaN,NaN,12,kitchen,2,2024-04-10_10h03.09.698,image_similarity_rating,2023.2.3,None,2024-04-10 10h03.23.237854 +0200
,102,139,65,605,stimuli/own/kitchen/102_kit.jpg,stimuli/own/kitchen/139_kit.jpg,NaN,NaN,NaN,NaN,NaN,NaN,NaN,NaN,0,107,107,604,949.722377458,NaN,NaN,NaN,NaN,NaN,NaN,NaN,,NaN,,950.006836083,950.174534125,950.174534125,950.174534125,950.174534125,950.174534125,950.174534125,950.174534125,950.174534125,950.174534125,956.420445291,-7,7,2,3,4.96442937500001,4,6.12277912500008,949.72045125,949.722377458,950.174534125,950.006823208,NaN,NaN,NaN,NaN,,NaN,,949.716974833,949.720404041,None,NaN,NaN,,NaN,NaN,NaN,NaN,NaN,NaN,NaN,12,kitchen,2,2024-04-10_10h03.09.698,image_similarity_rating,2023.2.3,None,2024-04-10 10h03.23.237854 +0200
,104,113,105,105,stimuli/own/kitchen/104_kit.jpg,stimuli/own/kitchen/113_kit.jpg,NaN,NaN,NaN,NaN,NaN,NaN,NaN,NaN,0,108,108,104,956.426021125,NaN,NaN,NaN,NaN,NaN,NaN,NaN,,NaN,,956.720042208,956.888658291,956.888658291,956.888658291,956.888658291,956.888658291,956.888658291,956.888658291,956.888658291,956.888658291,961.49568,7,-7,2,6,3.39782566700001,5,4.08752325,956.424090916,956.426021125,956.888658291,956.720026,NaN,NaN,NaN,NaN,,NaN,,956.420662083,956.424044333,None,NaN,NaN,,NaN,NaN,NaN,NaN,NaN,NaN,NaN,12,kitchen,2,2024-04-10_10h03.09.698,image_similarity_rating,2023.2.3,None,2024-04-10 10h03.23.237854 +0200
,102,126,54,54,stimuli/own/kitchen/102_kit.jpg,stimuli/own/kitchen/126_kit.jpg,NaN,NaN,NaN,NaN,NaN,NaN,NaN,NaN,0,109,109,53,961.501398541,NaN,NaN,NaN,NaN,NaN,NaN,NaN,,NaN,,961.7859045,961.954464125,961.954464125,961.954464125,961.954464125,961.954464125,961.954464125,961.954464125,961.954464125,961.954464125,967.737028125,7,-7,2,6,2.91860716700012,5,5.69533616599983,961.499443791,961.501398541,961.954464125,961.785888041,NaN,NaN,NaN,NaN,,NaN,,961.495898541,961.499397208,None,NaN,NaN,,NaN,NaN,NaN,NaN,NaN,NaN,NaN,12,kitchen,2,2024-04-10_10h03.09.698,image_similarity_rating,2023.2.3,None,2024-04-10 10h03.23.237854 +0200
,101,124,19,19,stimuli/own/kitchen/101_kit.jpg,stimuli/own/kitchen/124_kit.jpg,NaN,NaN,NaN,NaN,NaN,NaN,NaN,NaN,0,110,110,18,967.74263225,NaN,NaN,NaN,NaN,NaN,NaN,NaN,,NaN,,968.035891541,968.201893625,968.201893625,968.201893625,968.201893625,968.201893625,968.201893625,968.201893625,968.201893625,968.201893625,980.52540775,-7,7,2,6,4.74761724999985,6,12.236604292,967.740693625,967.74263225,968.201893625,968.0358735,NaN,NaN,NaN,NaN,,NaN,,967.737245791,967.740645375,None,NaN,NaN,,NaN,NaN,NaN,NaN,NaN,NaN,NaN,12,kitchen,2,2024-04-10_10h03.09.698,image_similarity_rating,2023.2.3,None,2024-04-10 10h03.23.237854 +0200
,129,138,537,537,stimuli/own/kitchen/129_kit.jpg,stimuli/own/kitchen/138_kit.jpg,NaN,NaN,NaN,NaN,NaN,NaN,NaN,NaN,0,111,111,536,980.534445583,NaN,NaN,NaN,NaN,NaN,NaN,NaN,,NaN,,980.8197045,980.986963458,980.986963458,980.986963458,980.986963458,980.986963458,980.986963458,980.986963458,980.986963458,980.986963458,986.524404125,-7,7,2,5,3.9626774169999,5,4.71431199999984,980.5290775,980.534445583,980.986963458,980.819689416,NaN,NaN,NaN,NaN,,NaN,,980.52562525,980.529030791,None,NaN,NaN,,NaN,NaN,NaN,NaN,NaN,NaN,NaN,12,kitchen,2,2024-04-10_10h03.09.698,image_similarity_rating,2023.2.3,None,2024-04-10 10h03.23.237854 +0200
,106,137,185,185,stimuli/own/kitchen/106_kit.jpg,stimuli/own/kitchen/137_kit.jpg,NaN,NaN,NaN,NaN,NaN,NaN,NaN,NaN,0,112,112,184,986.534499958,NaN,NaN,NaN,NaN,NaN,NaN,NaN,,NaN,,986.819116541,986.987752291,986.987752291,986.987752291,986.987752291,986.987752291,986.987752291,986.987752291,986.987752291,986.987752291,992.099637833,-7,7,2,1,4.28842366599997,2,4.89952179099987,986.528148125,986.534499958,986.987752291,986.819099541,NaN,NaN,NaN,NaN,,NaN,,986.524626333,986.528101375,None,NaN,NaN,,NaN,NaN,NaN,NaN,NaN,NaN,NaN,12,kitchen,2,2024-04-10_10h03.09.698,image_similarity_rating,2023.2.3,None,2024-04-10 10h03.23.237854 +0200
,112,136,265,265,stimuli/own/kitchen/112_kit.jpg,stimuli/own/kitchen/136_kit.jpg,NaN,NaN,NaN,NaN,NaN,NaN,NaN,NaN,0,113,113,264,992.10541675,NaN,NaN,NaN,NaN,NaN,NaN,NaN,,NaN,,992.390273791,992.553931208,992.553931208,992.553931208,992.553931208,992.553931208,992.553931208,992.553931208,992.553931208,992.553931208,1003.361908708,-7,7,2,5,6.87500012500004,5,10.6075331250001,992.103449375,992.10541675,992.553931208,992.390260375,NaN,NaN,NaN,NaN,,NaN,,992.099865541,992.103401333,None,NaN,NaN,,NaN,NaN,NaN,NaN,NaN,NaN,NaN,12,kitchen,2,2024-04-10_10h03.09.698,image_similarity_rating,2023.2.3,None,2024-04-10 10h03.23.237854 +0200
,112,137,266,266,stimuli/own/kitchen/112_kit.jpg,stimuli/own/kitchen/137_kit.jpg,NaN,NaN,NaN,NaN,NaN,NaN,NaN,NaN,0,114,114,265,1003.367476458,NaN,NaN,NaN,NaN,NaN,NaN,NaN,,NaN,,1003.652407541,1003.819571916,1003.819571916,1003.819571916,1003.819571916,1003.819571916,1003.819571916,1003.819571916,1003.819571916,1003.819571916,1011.304172208,7,-7,2,3,5.6775586660001,2,7.32165062500007,1003.365583958,1003.367476458,1003.819571916,1003.652388166,NaN,NaN,NaN,NaN,,NaN,,1003.362133,1003.36553775,None,NaN,NaN,,NaN,NaN,NaN,NaN,NaN,NaN,NaN,12,kitchen,2,2024-04-10_10h03.09.698,image_similarity_rating,2023.2.3,None,2024-04-10 10h03.23.237854 +0200
,109,129,206,206,stimuli/own/kitchen/109_kit.jpg,stimuli/own/kitchen/129_kit.jpg,NaN,NaN,NaN,NaN,NaN,NaN,NaN,NaN,0,115,115,205,1011.309637541,NaN,NaN,NaN,NaN,NaN,NaN,NaN,,NaN,,1011.602951083,1011.76863925,1011.76863925,1011.76863925,1011.76863925,1011.76863925,1011.76863925,1011.76863925,1011.76863925,1011.76863925,1017.090576708,7,-7,2,1,3.16937495799993,2,5.01051870800006,1011.307838458,1011.309637541,1011.76863925,1011.60293375,NaN,NaN,NaN,NaN,,NaN,,1011.304393541,1011.307792291,None,NaN,NaN,,NaN,NaN,NaN,NaN,NaN,NaN,NaN,12,kitchen,2,2024-04-10_10h03.09.698,image_similarity_rating,2023.2.3,None,2024-04-10 10h03.23.237854 +0200
,114,138,316,316,stimuli/own/kitchen/114_kit.jpg,stimuli/own/kitchen/138_kit.jpg,NaN,NaN,NaN,NaN,NaN,NaN,NaN,NaN,0,116,116,315,1017.101182541,NaN,NaN,NaN,NaN,NaN,NaN,NaN,,NaN,,1017.385615541,1017.551226083,1017.551226083,1017.551226083,1017.551226083,1017.551226083,1017.551226083,1017.551226083,1017.551226083,1017.551226083,1027.340736666,-7,7,2,4,3.16985612500002,4,9.52235454200013,1017.094250958,1017.101182541,1017.551226083,1017.385600625,NaN,NaN,NaN,NaN,,NaN,,1017.09079625,1017.094203708,None,NaN,NaN,,NaN,NaN,NaN,NaN,NaN,NaN,NaN,12,kitchen,2,2024-04-10_10h03.09.698,image_similarity_rating,2023.2.3,None,2024-04-10 10h03.23.237854 +0200
,124,139,488,488,stimuli/own/kitchen/124_kit.jpg,stimuli/own/kitchen/139_kit.jpg,NaN,NaN,NaN,NaN,NaN,NaN,NaN,NaN,0,117,117,487,1027.351152583,NaN,NaN,NaN,NaN,NaN,NaN,NaN,,NaN,,1027.635717166,1027.807354333,1027.807354333,1027.807354333,1027.807354333,1027.807354333,1027.807354333,1027.807354333,1027.807354333,1027.807354333,1032.920052958,-7,7,2,3,2.44458912499999,4,4.86743066700001,1027.344491458,1027.351152583,1027.807354333,1027.635700791,NaN,NaN,NaN,NaN,,NaN,,1027.34095775,1027.344443791,None,NaN,NaN,,NaN,NaN,NaN,NaN,NaN,NaN,NaN,12,kitchen,2,2024-04-10_10h03.09.698,image_similarity_rating,2023.2.3,None,2024-04-10 10h03.23.237854 +0200
,114,129,308,308,stimuli/own/kitchen/114_kit.jpg,stimuli/own/kitchen/129_kit.jpg,NaN,NaN,NaN,NaN,NaN,NaN,NaN,NaN,0,118,118,307,1032.925766958,NaN,NaN,NaN,NaN,NaN,NaN,NaN,,NaN,,1033.219116375,1033.391302625,1033.391302625,1033.391302625,1033.391302625,1033.391302625,1033.391302625,1033.391302625,1033.391302625,1033.391302625,1042.774740916,7,-7,2,1,7.10942475000002,2,8.87185095799987,1032.923826625,1032.925766958,1033.391302625,1033.219092958,NaN,NaN,NaN,NaN,,NaN,,1032.920270625,1032.923778541,None,NaN,NaN,,NaN,NaN,NaN,NaN,NaN,NaN,NaN,12,kitchen,2,2024-04-10_10h03.09.698,image_similarity_rating,2023.2.3,None,2024-04-10 10h03.23.237854 +0200
,103,121,81,81,stimuli/own/kitchen/103_kit.jpg,stimuli/own/kitchen/121_kit.jpg,NaN,NaN,NaN,NaN,NaN,NaN,NaN,NaN,0,119,119,80,1042.784439625,NaN,NaN,NaN,NaN,NaN,NaN,NaN,,NaN,,1043.069576041,1043.23541325,1043.23541325,1043.23541325,1043.23541325,1043.23541325,1043.23541325,1043.23541325,1043.23541325,1043.23541325,1047.232792875,7,-7,2,5,3.20846162500015,5,3.82072962500001,1042.778516333,1042.784439625,1043.23541325,1043.069560625,NaN,NaN,NaN,NaN,,NaN,,1042.774960958,1042.778469458,None,NaN,NaN,,NaN,NaN,NaN,NaN,NaN,NaN,NaN,12,kitchen,2,2024-04-10_10h03.09.698,image_similarity_rating,2023.2.3,None,2024-04-10 10h03.23.237854 +0200
,120,132,416,416,stimuli/own/kitchen/120_kit.jpg,stimuli/own/kitchen/132_kit.jpg,NaN,NaN,NaN,NaN,NaN,NaN,NaN,NaN,0,120,120,415,1047.23827425,NaN,NaN,NaN,NaN,NaN,NaN,NaN,,NaN,,1047.522307583,1047.686282,1047.686282,1047.686282,1047.686282,1047.686282,1047.686282,1047.686282,1047.686282,1047.686282,1058.195746875,-7,7,2,7,4.01754554199988,6,7.37893237499998,1047.236509541,1047.23827425,1047.686282,1047.522297583,NaN,NaN,NaN,NaN,,NaN,,1047.23301425,1047.236463041,None,NaN,NaN,,NaN,NaN,NaN,NaN,NaN,NaN,NaN,12,kitchen,2,2024-04-10_10h03.09.698,image_similarity_rating,2023.2.3,None,2024-04-10 10h03.23.237854 +0200
,122,131,450,450,stimuli/own/kitchen/122_kit.jpg,stimuli/own/kitchen/131_kit.jpg,NaN,NaN,NaN,NaN,NaN,NaN,NaN,NaN,0,121,121,449,1058.217574958,NaN,NaN,NaN,NaN,NaN,NaN,NaN,,NaN,,1058.502103625,1058.669715791,1058.669715791,1058.669715791,1058.669715791,1058.669715791,1058.669715791,1058.669715791,1058.669715791,1058.669715791,1066.616457291,7,-7,2,5,4.76072433299987,3,7.74871949999988,1058.19941375,1058.217574958,NaN,1058.502081666,NaN,NaN,NaN,NaN,,NaN,,1058.195969166,1058.199367083,None,NaN,NaN,,NaN,NaN,NaN,NaN,NaN,NaN,NaN,12,kitchen,2,2024-04-10_10h03.09.698,image_similarity_rating,2023.2.3,None,2024-04-10 10h03.23.237854 +0200
,106,141,189,189,stimuli/own/kitchen/106_kit.jpg,stimuli/own/kitchen/141_kit.jpg,NaN,NaN,NaN,NaN,NaN,NaN,NaN,NaN,0,122,122,188,1066.622130625,NaN,NaN,NaN,NaN,NaN,NaN,NaN,,NaN,,1066.906145583,1067.072604916,1067.072604916,1067.072604916,1067.072604916,1067.072604916,1067.072604916,1067.072604916,1067.072604916,1067.072604916,1072.03294325,7,-7,2,1,3.31562937499984,2,4.73607145799997,1066.620196541,1066.622130625,1067.072604916,1066.906133041,NaN,NaN,NaN,NaN,,NaN,,1066.616708,1066.620149875,None,NaN,NaN,,NaN,NaN,NaN,NaN,NaN,NaN,NaN,12,kitchen,2,2024-04-10_10h03.09.698,image_similarity_rating,2023.2.3,None,2024-04-10 10h03.23.237854 +0200
,104,131,121,613,stimuli/own/kitchen/104_kit.jpg,stimuli/own/kitchen/131_kit.jpg,NaN,NaN,NaN,NaN,NaN,NaN,NaN,NaN,0,123,123,612,1072.038682708,NaN,NaN,NaN,NaN,NaN,NaN,NaN,,NaN,,1072.323028291,1072.492549541,1072.492549541,1072.492549541,1072.492549541,1072.492549541,1072.492549541,1072.492549541,1072.492549541,1072.492549541,1077.261684,7,-7,2,5,3.67554520899989,3,4.60867291600016,1072.036762333,1072.038682708,1072.492549541,1072.323009083,NaN,NaN,NaN,NaN,,NaN,,1072.033173708,1072.03671525,None,NaN,NaN,,NaN,NaN,NaN,NaN,NaN,NaN,NaN,12,kitchen,2,2024-04-10_10h03.09.698,image_similarity_rating,2023.2.3,None,2024-04-10 10h03.23.237854 +0200
,119,140,404,404,stimuli/own/kitchen/119_kit.jpg,stimuli/own/kitchen/140_kit.jpg,NaN,NaN,NaN,NaN,NaN,NaN,NaN,NaN,0,124,124,403,1077.267219,NaN,NaN,NaN,NaN,NaN,NaN,NaN,,NaN,,1077.552134791,1077.7214165,1077.7214165,1077.7214165,1077.7214165,1077.7214165,1077.7214165,1077.7214165,1077.7214165,1077.7214165,1091.899370708,-7,7,2,2,9.40887212500002,4,13.9044671249999,1077.26533075,1077.267219,1077.7214165,1077.552117458,NaN,NaN,NaN,NaN,,NaN,,1077.261905875,1077.265284625,None,NaN,NaN,,NaN,NaN,NaN,NaN,NaN,NaN,NaN,12,kitchen,2,2024-04-10_10h03.09.698,image_similarity_rating,2023.2.3,None,2024-04-10 10h03.23.237854 +0200
,113,137,291,291,stimuli/own/kitchen/113_kit.jpg,stimuli/own/kitchen/137_kit.jpg,NaN,NaN,NaN,NaN,NaN,NaN,NaN,NaN,0,125,125,290,1091.905265833,NaN,NaN,NaN,NaN,NaN,NaN,NaN,,NaN,,1092.18920025,1092.355573958,1092.355573958,1092.355573958,1092.355573958,1092.355573958,1092.355573958,1092.355573958,1092.355573958,1092.355573958,1100.750227,-7,7,2,2,5.87756800000011,2,8.24543304099984,1091.903337416,1091.905265833,1092.355573958,1092.189188166,NaN,NaN,NaN,NaN,,NaN,,1091.899593375,1091.903286458,None,NaN,NaN,,NaN,NaN,NaN,NaN,NaN,NaN,NaN,12,kitchen,2,2024-04-10_10h03.09.698,image_similarity_rating,2023.2.3,None,2024-04-10 10h03.23.237854 +0200
,139,141,594,594,stimuli/own/kitchen/139_kit.jpg,stimuli/own/kitchen/141_kit.jpg,NaN,NaN,NaN,NaN,NaN,NaN,NaN,NaN,0,126,126,593,1100.756285375,NaN,NaN,NaN,NaN,NaN,NaN,NaN,,NaN,,1111.218803125,1111.394582333,1111.394582333,1111.394582333,1111.394582333,1111.394582333,1111.394582333,1111.394582333,1111.394582333,1111.394582333,1115.761548875,-7,7,3,2,2.92103966700006,4,3.93539141699989,1110.924453583,1110.934833375,1111.394582333,1111.2187835,NaN,NaN,NaN,NaN,,NaN,,1100.750448666,1110.924107208,space,1100.756285375,10.1676527080001,None,NaN,NaN,NaN,NaN,NaN,NaN,NaN,12,kitchen,2,2024-04-10_10h03.09.698,image_similarity_rating,2023.2.3,None,2024-04-10 10h03.23.237854 +0200
,129,137,536,536,stimuli/own/kitchen/129_kit.jpg,stimuli/own/kitchen/137_kit.jpg,NaN,NaN,NaN,NaN,NaN,NaN,NaN,NaN,0,127,127,535,1115.784068708,NaN,NaN,NaN,NaN,NaN,NaN,NaN,,NaN,,1116.068331416,1116.233475791,1116.233475791,1116.233475791,1116.233475791,1116.233475791,1116.233475791,1116.233475791,1116.233475791,1116.233475791,1120.261804333,7,-7,3,1,2.10132575000011,3,3.85387474999993,1115.765852833,1115.784068708,NaN,1116.068312541,NaN,NaN,NaN,NaN,,NaN,,1115.76177275,1115.765802125,None,NaN,NaN,,NaN,NaN,NaN,NaN,NaN,NaN,NaN,12,kitchen,2,2024-04-10_10h03.09.698,image_similarity_rating,2023.2.3,None,2024-04-10 10h03.23.237854 +0200
,119,132,397,397,stimuli/own/kitchen/119_kit.jpg,stimuli/own/kitchen/132_kit.jpg,NaN,NaN,NaN,NaN,NaN,NaN,NaN,NaN,0,128,128,396,1120.267274583,NaN,NaN,NaN,NaN,NaN,NaN,NaN,,NaN,,1120.552055208,1120.717840041,1120.717840041,1120.717840041,1120.717840041,1120.717840041,1120.717840041,1120.717840041,1120.717840041,1120.717840041,1131.749331541,7,-7,3,3,10.191123583,3,5.44766212500008,1120.265455,1120.267274583,1120.717840041,1120.552038666,NaN,NaN,NaN,NaN,,NaN,,1120.262025333,1120.265407875,None,NaN,NaN,,NaN,NaN,NaN,NaN,NaN,NaN,NaN,12,kitchen,2,2024-04-10_10h03.09.698,image_similarity_rating,2023.2.3,None,2024-04-10 10h03.23.237854 +0200
,125,127,492,492,stimuli/own/kitchen/125_kit.jpg,stimuli/own/kitchen/127_kit.jpg,NaN,NaN,NaN,NaN,NaN,NaN,NaN,NaN,0,129,129,491,1131.754869,NaN,NaN,NaN,NaN,NaN,NaN,NaN,,NaN,,1132.038864291,1132.202261375,1132.202261375,1132.202261375,1132.202261375,1132.202261375,1132.202261375,1132.202261375,1132.202261375,1132.202261375,1138.328464208,-7,7,3,5,3.578333875,4,5.73024825000016,1131.753053375,1131.754869,1132.202261375,1132.038854666,NaN,NaN,NaN,NaN,,NaN,,1131.74955475,1131.75300625,None,NaN,NaN,,NaN,NaN,NaN,NaN,NaN,NaN,NaN,12,kitchen,2,2024-04-10_10h03.09.698,image_similarity_rating,2023.2.3,None,2024-04-10 10h03.23.237854 +0200
,121,136,437,437,stimuli/own/kitchen/121_kit.jpg,stimuli/own/kitchen/136_kit.jpg,NaN,NaN,NaN,NaN,NaN,NaN,NaN,NaN,0,130,130,436,1138.350577125,NaN,NaN,NaN,NaN,NaN,NaN,NaN,,NaN,,1138.634741708,1138.800900375,1138.800900375,1138.800900375,1138.800900375,1138.800900375,1138.800900375,1138.800900375,1138.800900375,1138.800900375,1144.269672666,-7,7,3,5,4.17377345800014,5,4.86285483300003,1138.332125375,1138.350577125,NaN,1138.634723791,NaN,NaN,NaN,NaN,,NaN,,1138.328685083,1138.332078916,None,NaN,NaN,,NaN,NaN,NaN,NaN,NaN,NaN,NaN,12,kitchen,2,2024-04-10_10h03.09.698,image_similarity_rating,2023.2.3,None,2024-04-10 10h03.23.237854 +0200
,102,139,65,65,stimuli/own/kitchen/102_kit.jpg,stimuli/own/kitchen/139_kit.jpg,NaN,NaN,NaN,NaN,NaN,NaN,NaN,NaN,0,131,131,64,1144.275273583,NaN,NaN,NaN,NaN,NaN,NaN,NaN,,NaN,,1144.568681625,1144.734044375,1144.734044375,1144.734044375,1144.734044375,1144.734044375,1144.734044375,1144.734044375,1144.734044375,1144.734044375,1151.66965,-7,7,3,4,5.70308266699999,5,6.56273366599999,1144.273440708,1144.275273583,1144.734044375,1144.568668541,NaN,NaN,NaN,NaN,,NaN,,1144.269896041,1144.273394708,None,NaN,NaN,,NaN,NaN,NaN,NaN,NaN,NaN,NaN,12,kitchen,2,2024-04-10_10h03.09.698,image_similarity_rating,2023.2.3,None,2024-04-10 10h03.23.237854 +0200
,122,125,445,445,stimuli/own/kitchen/122_kit.jpg,stimuli/own/kitchen/125_kit.jpg,NaN,NaN,NaN,NaN,NaN,NaN,NaN,NaN,0,132,132,444,1151.675205666,NaN,NaN,NaN,NaN,NaN,NaN,NaN,,NaN,,1151.968586333,1152.135539458,1152.135539458,1152.135539458,1152.135539458,1152.135539458,1152.135539458,1152.135539458,1152.135539458,1152.135539458,1162.9906575,-7,7,3,7,2.9554885,6,10.5439026250001,1151.673293541,1151.675205666,1152.135539458,1151.968571458,NaN,NaN,NaN,NaN,,NaN,,1151.669867625,1151.67324675,None,NaN,NaN,,NaN,NaN,NaN,NaN,NaN,NaN,NaN,12,kitchen,2,2024-04-10_10h03.09.698,image_similarity_rating,2023.2.3,None,2024-04-10 10h03.23.237854 +0200
,114,137,315,315,stimuli/own/kitchen/114_kit.jpg,stimuli/own/kitchen/137_kit.jpg,NaN,NaN,NaN,NaN,NaN,NaN,NaN,NaN,0,133,133,314,1163.000599041,NaN,NaN,NaN,NaN,NaN,NaN,NaN,,NaN,,1163.285165541,1163.450717625,1163.450717625,1163.450717625,1163.450717625,1163.450717625,1163.450717625,1163.450717625,1163.450717625,1163.450717625,1170.595341541,7,-7,3,4,5.26463854100007,4,6.75449416699985,1162.994435291,1163.000599041,1163.450717625,1163.285150791,NaN,NaN,NaN,NaN,,NaN,,1162.990878708,1162.994387583,None,NaN,NaN,,NaN,NaN,NaN,NaN,NaN,NaN,NaN,12,kitchen,2,2024-04-10_10h03.09.698,image_similarity_rating,2023.2.3,None,2024-04-10 10h03.23.237854 +0200
,101,134,27,27,stimuli/own/kitchen/101_kit.jpg,stimuli/own/kitchen/134_kit.jpg,NaN,NaN,NaN,NaN,NaN,NaN,NaN,NaN,0,134,134,26,1170.617428125,NaN,NaN,NaN,NaN,NaN,NaN,NaN,,NaN,,1170.901187583,1171.068015458,1171.068015458,1171.068015458,1171.068015458,1171.068015458,1171.068015458,1171.068015458,1171.068015458,1171.068015458,1179.208252791,-7,7,3,5,4.58476041699987,5,8.01453750000019,1170.599084666,1170.617428125,NaN,1170.901177333,NaN,NaN,NaN,NaN,,NaN,,1170.595565916,1170.599038958,None,NaN,NaN,,NaN,NaN,NaN,NaN,NaN,NaN,NaN,12,kitchen,2,2024-04-10_10h03.09.698,image_similarity_rating,2023.2.3,None,2024-04-10 10h03.23.237854 +0200
,112,135,264,264,stimuli/own/kitchen/112_kit.jpg,stimuli/own/kitchen/135_kit.jpg,NaN,NaN,NaN,NaN,NaN,NaN,NaN,NaN,0,135,135,263,1179.217070958,NaN,NaN,NaN,NaN,NaN,NaN,NaN,,NaN,,1179.501851166,1179.667143166,1179.667143166,1179.667143166,1179.667143166,1179.667143166,1179.667143166,1179.667143166,1179.667143166,1179.667143166,1187.365773458,7,-7,3,5,6.58691283299981,4,7.45175045800011,1179.211954875,1179.217070958,1179.667143166,1179.501837958,NaN,NaN,NaN,NaN,,NaN,,1179.208473625,1179.211908333,None,NaN,NaN,,NaN,NaN,NaN,NaN,NaN,NaN,NaN,12,kitchen,2,2024-04-10_10h03.09.698,image_similarity_rating,2023.2.3,None,2024-04-10 10h03.23.237854 +0200
,137,138,586,586,stimuli/own/kitchen/137_kit.jpg,stimuli/own/kitchen/138_kit.jpg,NaN,NaN,NaN,NaN,NaN,NaN,NaN,NaN,0,136,136,585,1187.37139675,NaN,NaN,NaN,NaN,NaN,NaN,NaN,,NaN,,1187.656907375,1187.82149,1187.82149,1187.82149,1187.82149,1187.82149,1187.82149,1187.82149,1187.82149,1187.82149,1193.571007666,-7,7,3,4,4.11734037500014,4,4.93629641699999,1187.369628291,1187.37139675,1187.82149,1187.656894666,NaN,NaN,NaN,NaN,,NaN,,1187.36599475,1187.36958125,None,NaN,NaN,,NaN,NaN,NaN,NaN,NaN,NaN,NaN,12,kitchen,2,2024-04-10_10h03.09.698,image_similarity_rating,2023.2.3,None,2024-04-10 10h03.23.237854 +0200
,127,136,524,524,stimuli/own/kitchen/127_kit.jpg,stimuli/own/kitchen/136_kit.jpg,NaN,NaN,NaN,NaN,NaN,NaN,NaN,NaN,0,137,137,523,1193.583740625,NaN,NaN,NaN,NaN,NaN,NaN,NaN,,NaN,,1193.868342625,1194.033934958,1194.033934958,1194.033934958,1194.033934958,1194.033934958,1194.033934958,1194.033934958,1194.033934958,1194.033934958,1199.544889,-7,7,3,7,3.04401358400014,5,5.02389125000013,1193.574732916,1193.583740625,1194.033934958,1193.868318583,NaN,NaN,NaN,NaN,,NaN,,1193.57122525,1193.574686291,None,NaN,NaN,,NaN,NaN,NaN,NaN,NaN,NaN,NaN,12,kitchen,2,2024-04-10_10h03.09.698,image_similarity_rating,2023.2.3,None,2024-04-10 10h03.23.237854 +0200
,101,103,2,2,stimuli/own/kitchen/101_kit.jpg,stimuli/own/kitchen/103_kit.jpg,NaN,NaN,NaN,NaN,NaN,NaN,NaN,NaN,0,138,138,1,1199.567321375,NaN,NaN,NaN,NaN,NaN,NaN,NaN,,NaN,,1199.85110325,1200.018744916,1200.018744916,1200.018744916,1200.018744916,1200.018744916,1200.018744916,1200.018744916,1200.018744916,1200.018744916,1206.607169,7,-7,3,6,4.67205220799997,5,6.24118974999988,1199.548591166,1199.567321375,NaN,1199.851071416,NaN,NaN,NaN,NaN,,NaN,,1199.545109916,1199.548545,None,NaN,NaN,,NaN,NaN,NaN,NaN,NaN,NaN,NaN,12,kitchen,2,2024-04-10_10h03.09.698,image_similarity_rating,2023.2.3,None,2024-04-10 10h03.23.237854 +0200
,134,135,568,568,stimuli/own/kitchen/134_kit.jpg,stimuli/own/kitchen/135_kit.jpg,NaN,NaN,NaN,NaN,NaN,NaN,NaN,NaN,0,139,139,567,1206.6169885,NaN,NaN,NaN,NaN,NaN,NaN,NaN,,NaN,,1206.901730708,1207.070517541,1207.070517541,1207.070517541,1207.070517541,1207.070517541,1207.070517541,1207.070517541,1207.070517541,1207.070517541,1212.473904375,7,-7,3,6,2.82694866599991,5,4.66706608300001,1206.610909875,1206.6169885,1207.070517541,1206.9017155,NaN,NaN,NaN,NaN,,NaN,,1206.607385125,1206.610863833,None,NaN,NaN,,NaN,NaN,NaN,NaN,NaN,NaN,NaN,12,kitchen,2,2024-04-10_10h03.09.698,image_similarity_rating,2023.2.3,None,2024-04-10 10h03.23.237854 +0200
,131,135,553,553,stimuli/own/kitchen/131_kit.jpg,stimuli/own/kitchen/135_kit.jpg,NaN,NaN,NaN,NaN,NaN,NaN,NaN,NaN,0,140,140,552,1212.483739208,NaN,NaN,NaN,NaN,NaN,NaN,NaN,,NaN,,1212.768358833,1212.936394083,1212.936394083,1212.936394083,1212.936394083,1212.936394083,1212.936394083,1212.936394083,1212.936394083,1212.936394083,1230.75432375,-7,7,3,1,14.585203459,2,17.2242391249999,1212.477578208,1212.483739208,1212.936394083,1212.768339375,NaN,NaN,NaN,NaN,,NaN,,1212.474122375,1212.477532666,None,NaN,NaN,,NaN,NaN,NaN,NaN,NaN,NaN,NaN,12,kitchen,2,2024-04-10_10h03.09.698,image_similarity_rating,2023.2.3,None,2024-04-10 10h03.23.237854 +0200
,126,140,516,516,stimuli/own/kitchen/126_kit.jpg,stimuli/own/kitchen/140_kit.jpg,NaN,NaN,NaN,NaN,NaN,NaN,NaN,NaN,0,141,141,515,1230.766943958,NaN,NaN,NaN,NaN,NaN,NaN,NaN,,NaN,,1231.052293916,1231.218107708,1231.218107708,1231.218107708,1231.218107708,1231.218107708,1231.218107708,1231.218107708,1231.218107708,1231.218107708,1239.749014125,7,-7,3,6,5.68047283400006,5,7.73199008400002,1230.758188166,1230.766943958,1231.218107708,1231.052278875,NaN,NaN,NaN,NaN,,NaN,,1230.75456675,1230.758139666,None,NaN,NaN,,NaN,NaN,NaN,NaN,NaN,NaN,NaN,12,kitchen,2,2024-04-10_10h03.09.698,image_similarity_rating,2023.2.3,None,2024-04-10 10h03.23.237854 +0200
,117,135,358,358,stimuli/own/kitchen/117_kit.jpg,stimuli/own/kitchen/135_kit.jpg,NaN,NaN,NaN,NaN,NaN,NaN,NaN,NaN,0,142,142,357,1239.754975166,NaN,NaN,NaN,NaN,NaN,NaN,NaN,,NaN,,1240.039792416,1240.206915458,1240.206915458,1240.206915458,1240.206915458,1240.206915458,1240.206915458,1240.206915458,1240.206915458,1240.206915458,1251.673537083,-7,7,3,6,3.64236329100004,4,4.43271587499999,1239.752729208,1239.754975166,1240.206915458,1240.039776916,NaN,NaN,NaN,NaN,,NaN,,1239.749248791,1239.752682333,None,NaN,NaN,,NaN,NaN,NaN,NaN,NaN,NaN,NaN,12,kitchen,2,2024-04-10_10h03.09.698,image_similarity_rating,2023.2.3,None,2024-04-10 10h03.23.237854 +0200
,102,104,36,36,stimuli/own/kitchen/102_kit.jpg,stimuli/own/kitchen/104_kit.jpg,NaN,NaN,NaN,NaN,NaN,NaN,NaN,NaN,0,143,143,35,1251.683477541,NaN,NaN,NaN,NaN,NaN,NaN,NaN,,NaN,,1251.968135,1252.140613416,1252.140613416,1252.140613416,1252.140613416,1252.140613416,1252.140613416,1252.140613416,1252.140613416,1252.140613416,1262.090001666,7,-7,3,6,8.65883104199997,4,9.33715412499987,1251.677334916,1251.683477541,1252.140613416,1251.968118708,NaN,NaN,NaN,NaN,,NaN,,1251.673756583,1251.677288875,None,NaN,NaN,,NaN,NaN,NaN,NaN,NaN,NaN,NaN,12,kitchen,2,2024-04-10_10h03.09.698,image_similarity_rating,2023.2.3,None,2024-04-10 10h03.23.237854 +0200
,112,119,250,250,stimuli/own/kitchen/112_kit.jpg,stimuli/own/kitchen/119_kit.jpg,NaN,NaN,NaN,NaN,NaN,NaN,NaN,NaN,0,144,144,249,1262.1000735,NaN,NaN,NaN,NaN,NaN,NaN,NaN,,NaN,,1262.385471958,1262.555298583,1262.555298583,1262.555298583,1262.555298583,1262.555298583,1262.555298583,1262.555298583,1262.555298583,1262.555298583,1272.990830708,-7,7,3,3,8.3086813330001,3,10.2361584159999,1262.093666458,1262.1000735,1262.555298583,1262.385450125,NaN,NaN,NaN,NaN,,NaN,,1262.090220791,1262.093620125,None,NaN,NaN,,NaN,NaN,NaN,NaN,NaN,NaN,NaN,12,kitchen,2,2024-04-10_10h03.09.698,image_similarity_rating,2023.2.3,None,2024-04-10 10h03.23.237854 +0200
,111,117,222,222,stimuli/own/kitchen/111_kit.jpg,stimuli/own/kitchen/117_kit.jpg,NaN,NaN,NaN,NaN,NaN,NaN,NaN,NaN,0,145,145,221,1273.0001905,NaN,NaN,NaN,NaN,NaN,NaN,NaN,,NaN,,1273.285499083,1273.452699541,1273.452699541,1273.452699541,1273.452699541,1273.452699541,1273.452699541,1273.452699541,1273.452699541,1273.452699541,1282.311207875,7,-7,3,7,2.91899704100001,5,8.18643654199991,1272.994488666,1273.0001905,1273.452699541,1273.2854855,NaN,NaN,NaN,NaN,,NaN,,1272.991051916,1272.994442416,None,NaN,NaN,,NaN,NaN,NaN,NaN,NaN,NaN,NaN,12,kitchen,2,2024-04-10_10h03.09.698,image_similarity_rating,2023.2.3,None,2024-04-10 10h03.23.237854 +0200
,109,126,204,204,stimuli/own/kitchen/109_kit.jpg,stimuli/own/kitchen/126_kit.jpg,NaN,NaN,NaN,NaN,NaN,NaN,NaN,NaN,0,146,146,203,1282.316703083,NaN,NaN,NaN,NaN,NaN,NaN,NaN,,NaN,,1282.601454583,1282.773819625,1282.773819625,1282.773819625,1282.773819625,1282.773819625,1282.773819625,1282.773819625,1282.773819625,1282.773819625,1287.435844833,7,-7,3,1,3.15780991699989,3,4.47430166699996,1282.314877708,1282.316703083,1282.773819625,1282.601436666,NaN,NaN,NaN,NaN,,NaN,,1282.311427291,1282.31483125,None,NaN,NaN,,NaN,NaN,NaN,NaN,NaN,NaN,NaN,12,kitchen,2,2024-04-10_10h03.09.698,image_similarity_rating,2023.2.3,None,2024-04-10 10h03.23.237854 +0200
,109,116,194,194,stimuli/own/kitchen/109_kit.jpg,stimuli/own/kitchen/116_kit.jpg,NaN,NaN,NaN,NaN,NaN,NaN,NaN,NaN,0,147,147,193,1287.44142325,NaN,NaN,NaN,NaN,NaN,NaN,NaN,,NaN,,1287.735273083,1287.902413625,1287.902413625,1287.902413625,1287.902413625,1287.902413625,1287.902413625,1287.902413625,1287.902413625,1287.902413625,1296.353224958,-7,7,3,2,6.22979666700007,3,7.55476466599998,1287.439488666,1287.44142325,1287.902413625,1287.735256333,NaN,NaN,NaN,NaN,,NaN,,1287.436059083,1287.43944275,None,NaN,NaN,,NaN,NaN,NaN,NaN,NaN,NaN,NaN,12,kitchen,2,2024-04-10_10h03.09.698,image_similarity_rating,2023.2.3,None,2024-04-10 10h03.23.237854 +0200
,105,117,138,138,stimuli/own/kitchen/105_kit.jpg,stimuli/own/kitchen/117_kit.jpg,NaN,NaN,NaN,NaN,NaN,NaN,NaN,NaN,0,148,148,137,1296.358937416,NaN,NaN,NaN,NaN,NaN,NaN,NaN,,NaN,,1296.651917375,1296.818315833,1296.818315833,1296.818315833,1296.818315833,1296.818315833,1296.818315833,1296.818315833,1296.818315833,1296.818315833,1304.144252666,7,-7,3,6,5.16904066699999,6,7.06606800000009,1296.357035166,1296.358937416,1296.818315833,1296.65190375,NaN,NaN,NaN,NaN,,NaN,,1296.353443875,1296.3569895,None,NaN,NaN,,NaN,NaN,NaN,NaN,NaN,NaN,NaN,12,kitchen,2,2024-04-10_10h03.09.698,image_similarity_rating,2023.2.3,None,2024-04-10 10h03.23.237854 +0200
,122,126,446,446,stimuli/own/kitchen/122_kit.jpg,stimuli/own/kitchen/126_kit.jpg,NaN,NaN,NaN,NaN,NaN,NaN,NaN,NaN,0,149,149,445,1304.149684791,NaN,NaN,NaN,NaN,NaN,NaN,NaN,,NaN,,1304.434623875,1304.600821375,1304.600821375,1304.600821375,1304.600821375,1304.600821375,1304.600821375,1304.600821375,1304.600821375,1304.600821375,1309.682386916,-7,7,3,7,3.60396645800006,6,4.65895987499994,1304.147911958,1304.149684791,1304.600821375,1304.434610458,NaN,NaN,NaN,NaN,,NaN,,1304.144474,1304.147865916,None,NaN,NaN,,NaN,NaN,NaN,NaN,NaN,NaN,NaN,12,kitchen,2,2024-04-10_10h03.09.698,image_similarity_rating,2023.2.3,None,2024-04-10 10h03.23.237854 +0200
,129,132,532,532,stimuli/own/kitchen/129_kit.jpg,stimuli/own/kitchen/132_kit.jpg,NaN,NaN,NaN,NaN,NaN,NaN,NaN,NaN,0,150,150,531,1309.688306166,NaN,NaN,NaN,NaN,NaN,NaN,NaN,,NaN,,1309.972399375,1310.138453291,1310.138453291,1310.138453291,1310.138453291,1310.138453291,1310.138453291,1310.138453291,1310.138453291,1310.138453291,1317.607392166,-7,7,3,1,6.06841299999996,3,7.33368320799991,1309.686242166,1309.688306166,1310.138453291,1309.972388208,NaN,NaN,NaN,NaN,,NaN,,1309.682604833,1309.686194958,None,NaN,NaN,,NaN,NaN,NaN,NaN,NaN,NaN,NaN,12,kitchen,2,2024-04-10_10h03.09.698,image_similarity_rating,2023.2.3,None,2024-04-10 10h03.23.237854 +0200
,105,111,133,133,stimuli/own/kitchen/105_kit.jpg,stimuli/own/kitchen/111_kit.jpg,NaN,NaN,NaN,NaN,NaN,NaN,NaN,NaN,0,151,151,132,1317.616789333,NaN,NaN,NaN,NaN,NaN,NaN,NaN,,NaN,,1317.901248666,1318.069523,1318.069523,1318.069523,1318.069523,1318.069523,1318.069523,1318.069523,1318.069523,1318.069523,1322.498550083,7,-7,3,6,2.687669959,5,4.20285854200006,1317.611147875,1317.616789333,1318.069523,1317.901231958,NaN,NaN,NaN,NaN,,NaN,,1317.607611166,1317.61110075,None,NaN,NaN,,NaN,NaN,NaN,NaN,NaN,NaN,NaN,12,kitchen,2,2024-04-10_10h03.09.698,image_similarity_rating,2023.2.3,None,2024-04-10 10h03.23.237854 +0200
,117,127,352,352,stimuli/own/kitchen/117_kit.jpg,stimuli/own/kitchen/127_kit.jpg,NaN,NaN,NaN,NaN,NaN,NaN,NaN,NaN,0,152,152,351,1322.504008458,NaN,NaN,NaN,NaN,NaN,NaN,NaN,,NaN,,1322.788577083,1322.954058166,1322.954058166,1322.954058166,1322.954058166,1322.954058166,1322.954058166,1322.954058166,1322.954058166,1322.954058166,1333.87317675,-7,7,3,6,3.99961237499997,6,10.5201774999998,1322.502245541,1322.504008458,1322.954058166,1322.788559958,NaN,NaN,NaN,NaN,,NaN,,1322.498765541,1322.502199458,None,NaN,NaN,,NaN,NaN,NaN,NaN,NaN,NaN,NaN,12,kitchen,2,2024-04-10_10h03.09.698,image_similarity_rating,2023.2.3,None,2024-04-10 10h03.23.237854 +0200
,104,127,118,118,stimuli/own/kitchen/104_kit.jpg,stimuli/own/kitchen/127_kit.jpg,NaN,NaN,NaN,NaN,NaN,NaN,NaN,NaN,0,153,153,117,1333.883275875,NaN,NaN,NaN,NaN,NaN,NaN,NaN,,NaN,,1334.167775958,1334.333248875,1334.333248875,1334.333248875,1334.333248875,1334.333248875,1334.333248875,1334.333248875,1334.333248875,1334.333248875,1337.936333916,7,-7,3,6,3.0086604170001,5,3.36464820800006,1333.87695075,1333.883275875,1334.333248875,1334.167762333,NaN,NaN,NaN,NaN,,NaN,,1333.873396625,1333.876903958,None,NaN,NaN,,NaN,NaN,NaN,NaN,NaN,NaN,NaN,12,kitchen,2,2024-04-10_10h03.09.698,image_similarity_rating,2023.2.3,None,2024-04-10 10h03.23.237854 +0200
,104,112,104,104,stimuli/own/kitchen/104_kit.jpg,stimuli/own/kitchen/112_kit.jpg,NaN,NaN,NaN,NaN,NaN,NaN,NaN,NaN,0,154,154,103,1337.942019583,NaN,NaN,NaN,NaN,NaN,NaN,NaN,,NaN,,1338.234453041,1338.399771041,1338.399771041,1338.399771041,1338.399771041,1338.399771041,1338.399771041,1338.399771041,1338.399771041,1338.399771041,1352.627439875,-7,7,3,6,12.014732417,5,8.05843658399999,1337.94006675,1337.942019583,1338.399771041,1338.234437375,NaN,NaN,NaN,NaN,,NaN,,1337.936551458,1337.940021,None,NaN,NaN,,NaN,NaN,NaN,NaN,NaN,NaN,NaN,12,kitchen,2,2024-04-10_10h03.09.698,image_similarity_rating,2023.2.3,None,2024-04-10 10h03.23.237854 +0200
,130,136,545,545,stimuli/own/kitchen/130_kit.jpg,stimuli/own/kitchen/136_kit.jpg,NaN,NaN,NaN,NaN,NaN,NaN,NaN,NaN,0,155,155,544,1352.632990458,NaN,NaN,NaN,NaN,NaN,NaN,NaN,,NaN,,1352.917710375,1353.085524625,1353.085524625,1353.085524625,1353.085524625,1353.085524625,1353.085524625,1353.085524625,1353.085524625,1353.085524625,1360.6566585,-7,7,3,6,3.73737958399988,6,6.48623495800007,1352.631100291,1352.632990458,1353.085524625,1352.917695041,NaN,NaN,NaN,NaN,,NaN,,1352.627658708,1352.631054375,None,NaN,NaN,,NaN,NaN,NaN,NaN,NaN,NaN,NaN,12,kitchen,2,2024-04-10_10h03.09.698,image_similarity_rating,2023.2.3,None,2024-04-10 10h03.23.237854 +0200
,117,139,362,362,stimuli/own/kitchen/117_kit.jpg,stimuli/own/kitchen/139_kit.jpg,NaN,NaN,NaN,NaN,NaN,NaN,NaN,NaN,0,156,156,361,1360.6666215,NaN,NaN,NaN,NaN,NaN,NaN,NaN,,NaN,,1360.951112041,1361.12127925,1361.12127925,1361.12127925,1361.12127925,1361.12127925,1361.12127925,1361.12127925,1361.12127925,1361.12127925,1365.127438541,7,-7,3,5,2.38681291699982,4,3.18187799999987,1360.660325958,1360.6666215,1361.12127925,1360.9510945,NaN,NaN,NaN,NaN,,NaN,,1360.656877041,1360.660279625,None,NaN,NaN,,NaN,NaN,NaN,NaN,NaN,NaN,NaN,12,kitchen,2,2024-04-10_10h03.09.698,image_similarity_rating,2023.2.3,None,2024-04-10 10h03.23.237854 +0200
,104,116,107,107,stimuli/own/kitchen/104_kit.jpg,stimuli/own/kitchen/116_kit.jpg,NaN,NaN,NaN,NaN,NaN,NaN,NaN,NaN,0,157,157,106,1365.133270375,NaN,NaN,NaN,NaN,NaN,NaN,NaN,,NaN,,1365.41774275,1365.583274166,1365.583274166,1365.583274166,1365.583274166,1365.583274166,1365.583274166,1365.583274166,1365.583274166,1365.583274166,1372.639500875,-7,7,3,2,4.47849083400001,2,6.81783050000013,1365.131082875,1365.133270375,1365.583274166,1365.417727791,NaN,NaN,NaN,NaN,,NaN,,1365.12765825,1365.131036666,None,NaN,NaN,,NaN,NaN,NaN,NaN,NaN,NaN,NaN,12,kitchen,2,2024-04-10_10h03.09.698,image_similarity_rating,2023.2.3,None,2024-04-10 10h03.23.237854 +0200
,113,138,292,292,stimuli/own/kitchen/113_kit.jpg,stimuli/own/kitchen/138_kit.jpg,NaN,NaN,NaN,NaN,NaN,NaN,NaN,NaN,0,158,158,291,1372.64973475,NaN,NaN,NaN,NaN,NaN,NaN,NaN,,NaN,,1372.93441975,1373.104359416,1373.104359416,1373.104359416,1373.104359416,1373.104359416,1373.104359416,1373.104359416,1373.104359416,1373.104359416,1379.044068833,7,-7,3,6,3.71493358299995,3,5.72924941700012,1372.643154708,1372.64973475,1373.104359416,1372.934403,NaN,NaN,NaN,NaN,,NaN,,1372.63971975,1372.6431085,None,NaN,NaN,,NaN,NaN,NaN,NaN,NaN,NaN,NaN,12,kitchen,2,2024-04-10_10h03.09.698,image_similarity_rating,2023.2.3,None,2024-04-10 10h03.23.237854 +0200
,102,109,39,39,stimuli/own/kitchen/102_kit.jpg,stimuli/own/kitchen/109_kit.jpg,NaN,NaN,NaN,NaN,NaN,NaN,NaN,NaN,0,159,159,38,1379.049564166,NaN,NaN,NaN,NaN,NaN,NaN,NaN,,NaN,,1379.334452666,1379.50307125,1379.50307125,1379.50307125,1379.50307125,1379.50307125,1379.50307125,1379.50307125,1379.50307125,1379.50307125,1384.035876791,-7,7,3,2,3.15794008400007,2,4.09502999999995,1379.047715791,1379.049564166,1379.50307125,1379.334431541,NaN,NaN,NaN,NaN,,NaN,,1379.044291541,1379.047668916,None,NaN,NaN,,NaN,NaN,NaN,NaN,NaN,NaN,NaN,12,kitchen,2,2024-04-10_10h03.09.698,image_similarity_rating,2023.2.3,None,2024-04-10 10h03.23.237854 +0200
,126,131,508,508,stimuli/own/kitchen/126_kit.jpg,stimuli/own/kitchen/131_kit.jpg,NaN,NaN,NaN,NaN,NaN,NaN,NaN,NaN,0,160,160,507,1384.04145575,NaN,NaN,NaN,NaN,NaN,NaN,NaN,,NaN,,1384.334519708,1384.503746125,1384.503746125,1384.503746125,1384.503746125,1384.503746125,1384.503746125,1384.503746125,1384.503746125,1384.503746125,1391.552153541,7,-7,3,2,6.5018638749998,1,4.66459554200014,1384.039530625,1384.04145575,1384.503746125,1384.334499958,NaN,NaN,NaN,NaN,,NaN,,1384.036095083,1384.039483958,None,NaN,NaN,,NaN,NaN,NaN,NaN,NaN,NaN,NaN,12,kitchen,2,2024-04-10_10h03.09.698,image_similarity_rating,2023.2.3,None,2024-04-10 10h03.23.237854 +0200
,119,134,398,398,stimuli/own/kitchen/119_kit.jpg,stimuli/own/kitchen/134_kit.jpg,NaN,NaN,NaN,NaN,NaN,NaN,NaN,NaN,0,161,161,397,1391.557584166,NaN,NaN,NaN,NaN,NaN,NaN,NaN,,NaN,,1391.850874791,1392.016643333,1392.016643333,1392.016643333,1392.016643333,1392.016643333,1392.016643333,1392.016643333,1392.016643333,1392.016643333,1397.304587,-7,7,3,2,4.43707670899994,3,5.11552791600002,1391.55581125,1391.557584166,1392.016643333,1391.850861416,NaN,NaN,NaN,NaN,,NaN,,1391.552374208,1391.55576525,None,NaN,NaN,,NaN,NaN,NaN,NaN,NaN,NaN,NaN,12,kitchen,2,2024-04-10_10h03.09.698,image_similarity_rating,2023.2.3,None,2024-04-10 10h03.23.237854 +0200
,117,123,348,348,stimuli/own/kitchen/117_kit.jpg,stimuli/own/kitchen/123_kit.jpg,NaN,NaN,NaN,NaN,NaN,NaN,NaN,NaN,0,162,162,347,1397.316346166,NaN,NaN,NaN,NaN,NaN,NaN,NaN,,NaN,,1397.601788583,1397.7688135,1397.7688135,1397.7688135,1397.7688135,1397.7688135,1397.7688135,1397.7688135,1397.7688135,1397.7688135,1406.4190025,7,-7,3,5,5.40475270799993,2,8.18902466700001,1397.30825,1397.316346166,1397.7688135,1397.601773708,NaN,NaN,NaN,NaN,,NaN,,1397.304806125,1397.308204083,None,NaN,NaN,,NaN,NaN,NaN,NaN,NaN,NaN,NaN,12,kitchen,2,2024-04-10_10h03.09.698,image_similarity_rating,2023.2.3,None,2024-04-10 10h03.23.237854 +0200
,122,138,456,456,stimuli/own/kitchen/122_kit.jpg,stimuli/own/kitchen/138_kit.jpg,NaN,NaN,NaN,NaN,NaN,NaN,NaN,NaN,0,163,163,455,1406.42440875,NaN,NaN,NaN,NaN,NaN,NaN,NaN,,NaN,,1406.717550708,1406.885999375,1406.885999375,1406.885999375,1406.885999375,1406.885999375,1406.885999375,1406.885999375,1406.885999375,1406.885999375,1415.106251083,7,-7,3,7,6.54345245900004,5,7.92060137499993,1406.422644,1406.42440875,1406.885999375,1406.717534291,NaN,NaN,NaN,NaN,,NaN,,1406.419221166,1406.422597916,None,NaN,NaN,,NaN,NaN,NaN,NaN,NaN,NaN,NaN,12,kitchen,2,2024-04-10_10h03.09.698,image_similarity_rating,2023.2.3,None,2024-04-10 10h03.23.237854 +0200
,104,134,123,123,stimuli/own/kitchen/104_kit.jpg,stimuli/own/kitchen/134_kit.jpg,NaN,NaN,NaN,NaN,NaN,NaN,NaN,NaN,0,164,164,122,1415.116732,NaN,NaN,NaN,NaN,NaN,NaN,NaN,,NaN,,1415.401139916,1415.565254875,1415.565254875,1415.565254875,1415.565254875,1415.565254875,1415.565254875,1415.565254875,1415.565254875,1415.565254875,1421.369432875,-7,7,3,6,4.16559741700007,5,5.41118537500006,1415.109888041,1415.116732,1415.565254875,1415.401127625,NaN,NaN,NaN,NaN,,NaN,,1415.106474291,1415.109842375,None,NaN,NaN,,NaN,NaN,NaN,NaN,NaN,NaN,NaN,12,kitchen,2,2024-04-10_10h03.09.698,image_similarity_rating,2023.2.3,None,2024-04-10 10h03.23.237854 +0200
,116,119,322,322,stimuli/own/kitchen/116_kit.jpg,stimuli/own/kitchen/119_kit.jpg,NaN,NaN,NaN,NaN,NaN,NaN,NaN,NaN,0,165,165,321,1421.3748265,NaN,NaN,NaN,NaN,NaN,NaN,NaN,,NaN,,1421.667414791,1421.836428958,1421.836428958,1421.836428958,1421.836428958,1421.836428958,1421.836428958,1421.836428958,1421.836428958,1421.836428958,1437.6318145,7,-7,3,5,15.644499,3,14.1576021659998,1421.373076625,1421.3748265,1421.836428958,1421.667397041,NaN,NaN,NaN,NaN,,NaN,,1421.369651333,1421.37303075,None,NaN,NaN,,NaN,NaN,NaN,NaN,NaN,NaN,NaN,12,kitchen,2,2024-04-10_10h03.09.698,image_similarity_rating,2023.2.3,None,2024-04-10 10h03.23.237854 +0200
,118,134,378,378,stimuli/own/kitchen/118_kit.jpg,stimuli/own/kitchen/134_kit.jpg,NaN,NaN,NaN,NaN,NaN,NaN,NaN,NaN,0,166,166,377,1437.637289208,NaN,NaN,NaN,NaN,NaN,NaN,NaN,,NaN,,1437.92213825,1438.087768875,1438.087768875,1438.087768875,1438.087768875,1438.087768875,1438.087768875,1438.087768875,1438.087768875,1438.087768875,1447.460394291,7,-7,3,5,7.14663891700002,3,8.56224133299997,1437.635513208,1437.637289208,1438.087768875,1437.922126125,NaN,NaN,NaN,NaN,,NaN,,1437.632053083,1437.635467416,None,NaN,NaN,,NaN,NaN,NaN,NaN,NaN,NaN,NaN,12,kitchen,2,2024-04-10_10h03.09.698,image_similarity_rating,2023.2.3,None,2024-04-10 10h03.23.237854 +0200
,117,119,344,344,stimuli/own/kitchen/117_kit.jpg,stimuli/own/kitchen/119_kit.jpg,NaN,NaN,NaN,NaN,NaN,NaN,NaN,NaN,0,167,167,343,1447.466004125,NaN,NaN,NaN,NaN,NaN,NaN,NaN,,NaN,,1447.750736125,1447.916900041,1447.916900041,1447.916900041,1447.916900041,1447.916900041,1447.916900041,1447.916900041,1447.916900041,1447.916900041,1469.619691,7,-7,3,5,18.750503125,4,21.4642758330001,1447.464160083,1447.466004125,1447.916900041,1447.7507225,NaN,NaN,NaN,NaN,,NaN,,1447.460612791,1447.46411375,None,NaN,NaN,,NaN,NaN,NaN,NaN,NaN,NaN,NaN,12,kitchen,2,2024-04-10_10h03.09.698,image_similarity_rating,2023.2.3,None,2024-04-10 10h03.23.237854 +0200
,104,119,110,110,stimuli/own/kitchen/104_kit.jpg,stimuli/own/kitchen/119_kit.jpg,NaN,NaN,NaN,NaN,NaN,NaN,NaN,NaN,0,168,168,109,1469.632727291,NaN,NaN,NaN,NaN,NaN,NaN,NaN,,NaN,,1469.917429916,1470.087426625,1470.087426625,1470.087426625,1470.087426625,1470.087426625,1470.087426625,1470.087426625,1470.087426625,1470.087426625,1472.936818541,-7,7,3,5,2.27863645800016,3,2.70122995799989,1469.623571583,1469.632727291,1470.087426625,1469.917412875,NaN,NaN,NaN,NaN,,NaN,,1469.619929375,1469.62352275,None,NaN,NaN,,NaN,NaN,NaN,NaN,NaN,NaN,NaN,12,kitchen,2,2024-04-10_10h03.09.698,image_similarity_rating,2023.2.3,None,2024-04-10 10h03.23.237854 +0200
,116,126,329,329,stimuli/own/kitchen/116_kit.jpg,stimuli/own/kitchen/126_kit.jpg,NaN,NaN,NaN,NaN,NaN,NaN,NaN,NaN,0,169,169,328,1472.949541583,NaN,NaN,NaN,NaN,NaN,NaN,NaN,,NaN,,1473.233947166,1473.40030875,1473.40030875,1473.40030875,1473.40030875,1473.40030875,1473.40030875,1473.40030875,1473.40030875,1473.40030875,1476.39382975,7,-7,3,5,2.20285666699988,3,2.5460344170001,1472.940487375,1472.949541583,1473.40030875,1473.233926083,NaN,NaN,NaN,NaN,,NaN,,1472.937036041,1472.940441208,None,NaN,NaN,,NaN,NaN,NaN,NaN,NaN,NaN,NaN,12,kitchen,2,2024-04-10_10h03.09.698,image_similarity_rating,2023.2.3,None,2024-04-10 10h03.23.237854 +0200
,126,132,509,509,stimuli/own/kitchen/126_kit.jpg,stimuli/own/kitchen/132_kit.jpg,NaN,NaN,NaN,NaN,NaN,NaN,NaN,NaN,0,170,170,508,1476.399274791,NaN,NaN,NaN,NaN,NaN,NaN,NaN,,NaN,,1476.684101666,1476.85245875,1476.85245875,1476.85245875,1476.85245875,1476.85245875,1476.85245875,1476.85245875,1476.85245875,1476.85245875,1481.152591291,-7,7,3,7,3.60109329099987,6,4.06355104199997,1476.397468958,1476.399274791,1476.85245875,1476.684081916,NaN,NaN,NaN,NaN,,NaN,,1476.394046791,1476.397422416,None,NaN,NaN,,NaN,NaN,NaN,NaN,NaN,NaN,NaN,12,kitchen,2,2024-04-10_10h03.09.698,image_similarity_rating,2023.2.3,None,2024-04-10 10h03.23.237854 +0200
,102,106,38,38,stimuli/own/kitchen/102_kit.jpg,stimuli/own/kitchen/106_kit.jpg,NaN,NaN,NaN,NaN,NaN,NaN,NaN,NaN,0,171,171,37,1481.15848875,NaN,NaN,NaN,NaN,NaN,NaN,NaN,,NaN,,1481.450735875,1481.623385583,1481.623385583,1481.623385583,1481.623385583,1481.623385583,1481.623385583,1481.623385583,1481.623385583,1481.623385583,1485.785494458,7,-7,3,1,2.600285708,2,3.7940145,1481.156391416,1481.15848875,1481.623385583,1481.450715041,NaN,NaN,NaN,NaN,,NaN,,1481.152811,1481.1563445,None,NaN,NaN,,NaN,NaN,NaN,NaN,NaN,NaN,NaN,12,kitchen,2,2024-04-10_10h03.09.698,image_similarity_rating,2023.2.3,None,2024-04-10 10h03.23.237854 +0200
,109,134,210,210,stimuli/own/kitchen/109_kit.jpg,stimuli/own/kitchen/134_kit.jpg,NaN,NaN,NaN,NaN,NaN,NaN,NaN,NaN,0,172,172,209,1485.79124725,NaN,NaN,NaN,NaN,NaN,NaN,NaN,,NaN,,1486.084179375,1486.251745375,1486.251745375,1486.251745375,1486.251745375,1486.251745375,1486.251745375,1486.251745375,1486.251745375,1486.251745375,1491.014593458,-7,7,3,1,2.81287066699997,1,4.51428904099998,1485.789145375,1485.79124725,1486.251745375,1486.084162541,NaN,NaN,NaN,NaN,,NaN,,1485.785707833,1485.789099666,None,NaN,NaN,,NaN,NaN,NaN,NaN,NaN,NaN,NaN,12,kitchen,2,2024-04-10_10h03.09.698,image_similarity_rating,2023.2.3,None,2024-04-10 10h03.23.237854 +0200
,132,137,563,563,stimuli/own/kitchen/132_kit.jpg,stimuli/own/kitchen/137_kit.jpg,NaN,NaN,NaN,NaN,NaN,NaN,NaN,NaN,0,173,173,562,1491.020056041,NaN,NaN,NaN,NaN,NaN,NaN,NaN,,NaN,,1491.304876,1491.473053625,1491.473053625,1491.473053625,1491.473053625,1491.473053625,1491.473053625,1491.473053625,1491.473053625,1491.473053625,1499.089304958,7,-7,3,2,4.02808829200012,2,7.19321083299997,1491.018297041,1491.020056041,1491.473053625,1491.304862416,NaN,NaN,NaN,NaN,,NaN,,1491.014813166,1491.018250625,None,NaN,NaN,,NaN,NaN,NaN,NaN,NaN,NaN,NaN,12,kitchen,2,2024-04-10_10h03.09.698,image_similarity_rating,2023.2.3,None,2024-04-10 10h03.23.237854 +0200
,102,140,66,66,stimuli/own/kitchen/102_kit.jpg,stimuli/own/kitchen/140_kit.jpg,NaN,NaN,NaN,NaN,NaN,NaN,NaN,NaN,0,174,174,65,1499.099286708,NaN,NaN,NaN,NaN,NaN,NaN,NaN,,NaN,,1499.383890541,1499.555914916,1499.555914916,1499.555914916,1499.555914916,1499.555914916,1499.555914916,1499.555914916,1499.555914916,1499.555914916,1509.926847875,7,-7,3,6,8.80871970900012,5,9.80822445800004,1499.09302325,1499.099286708,1499.555914916,1499.383871083,NaN,NaN,NaN,NaN,,NaN,,1499.08952125,1499.092977791,None,NaN,NaN,,NaN,NaN,NaN,NaN,NaN,NaN,NaN,12,kitchen,2,2024-04-10_10h03.09.698,image_similarity_rating,2023.2.3,None,2024-04-10 10h03.23.237854 +0200
,103,124,84,84,stimuli/own/kitchen/103_kit.jpg,stimuli/own/kitchen/124_kit.jpg,NaN,NaN,NaN,NaN,NaN,NaN,NaN,NaN,0,175,175,83,1509.932762125,NaN,NaN,NaN,NaN,NaN,NaN,NaN,,NaN,,1510.21723925,1510.384693625,1510.384693625,1510.384693625,1510.384693625,1510.384693625,1510.384693625,1510.384693625,1510.384693625,1510.384693625,1516.944272958,7,-7,3,6,3.56331629199985,6,5.6976111670001,1509.930592416,1509.932762125,1510.384693625,1510.217224458,NaN,NaN,NaN,NaN,,NaN,,1509.927066583,1509.930546166,None,NaN,NaN,,NaN,NaN,NaN,NaN,NaN,NaN,NaN,12,kitchen,2,2024-04-10_10h03.09.698,image_similarity_rating,2023.2.3,None,2024-04-10 10h03.23.237854 +0200
,106,127,177,177,stimuli/own/kitchen/106_kit.jpg,stimuli/own/kitchen/127_kit.jpg,NaN,NaN,NaN,NaN,NaN,NaN,NaN,NaN,0,176,176,176,1516.950817625,NaN,NaN,NaN,NaN,NaN,NaN,NaN,,NaN,,1517.233748583,1517.40105625,1517.40105625,1517.40105625,1517.40105625,1517.40105625,1517.40105625,1517.40105625,1517.40105625,1517.40105625,1521.689475375,-7,7,3,1,2.32502125000019,1,3.07787495800017,1516.948023291,1516.950817625,1517.40105625,1517.233733875,NaN,NaN,NaN,NaN,,NaN,,1516.944489458,1516.947974625,None,NaN,NaN,,NaN,NaN,NaN,NaN,NaN,NaN,NaN,12,kitchen,2,2024-04-10_10h03.09.698,image_similarity_rating,2023.2.3,None,2024-04-10 10h03.23.237854 +0200
,130,131,541,541,stimuli/own/kitchen/130_kit.jpg,stimuli/own/kitchen/131_kit.jpg,NaN,NaN,NaN,NaN,NaN,NaN,NaN,NaN,0,177,177,540,1521.699230166,NaN,NaN,NaN,NaN,NaN,NaN,NaN,,NaN,,1521.983699666,1522.14932625,1522.14932625,1522.14932625,1522.14932625,1522.14932625,1522.14932625,1522.14932625,1522.14932625,1522.14932625,1527.860109916,7,-7,3,5,4.0227742080001,2,5.13861316700013,1521.693107625,1521.699230166,1522.14932625,1521.983685916,NaN,NaN,NaN,NaN,,NaN,,1521.689694541,1521.693061583,None,NaN,NaN,,NaN,NaN,NaN,NaN,NaN,NaN,NaN,12,kitchen,2,2024-04-10_10h03.09.698,image_similarity_rating,2023.2.3,None,2024-04-10 10h03.23.237854 +0200
,101,114,10,10,stimuli/own/kitchen/101_kit.jpg,stimuli/own/kitchen/114_kit.jpg,NaN,NaN,NaN,NaN,NaN,NaN,NaN,NaN,0,178,178,9,1527.865994791,NaN,NaN,NaN,NaN,NaN,NaN,NaN,,NaN,,1528.150585041,1528.31953325,1528.31953325,1528.31953325,1528.31953325,1528.31953325,1528.31953325,1528.31953325,1528.31953325,1528.31953325,1534.327300166,-7,7,3,6,4.1519601670002,5,5.77379116700013,1527.863761,1527.865994791,1528.31953325,1528.150565791,NaN,NaN,NaN,NaN,,NaN,,1527.860329208,1527.863715625,None,NaN,NaN,,NaN,NaN,NaN,NaN,NaN,NaN,NaN,12,kitchen,2,2024-04-10_10h03.09.698,image_similarity_rating,2023.2.3,None,2024-04-10 10h03.23.237854 +0200
,103,127,87,87,stimuli/own/kitchen/103_kit.jpg,stimuli/own/kitchen/127_kit.jpg,NaN,NaN,NaN,NaN,NaN,NaN,NaN,NaN,0,179,179,86,1534.349567916,NaN,NaN,NaN,NaN,NaN,NaN,NaN,,NaN,,1534.63327725,1534.799428125,1534.799428125,1534.799428125,1534.799428125,1534.799428125,1534.799428125,1534.799428125,1534.799428125,1534.799428125,1540.247941791,7,-7,3,5,4.45083712500013,5,5.25321862500004,1534.33096125,1534.349567916,NaN,1534.633255041,NaN,NaN,NaN,NaN,,NaN,,1534.327516041,1534.330915125,None,NaN,NaN,,NaN,NaN,NaN,NaN,NaN,NaN,NaN,12,kitchen,2,2024-04-10_10h03.09.698,image_similarity_rating,2023.2.3,None,2024-04-10 10h03.23.237854 +0200
,103,141,99,99,stimuli/own/kitchen/103_kit.jpg,stimuli/own/kitchen/141_kit.jpg,NaN,NaN,NaN,NaN,NaN,NaN,NaN,NaN,0,180,180,98,1540.253707291,NaN,NaN,NaN,NaN,NaN,NaN,NaN,,NaN,,1540.538109333,1540.707460333,1540.707460333,1540.707460333,1540.707460333,1540.707460333,1540.707460333,1540.707460333,1540.707460333,1540.707460333,1561.676617541,7,-7,3,5,20.7640327080001,4,19.6347888330001,1540.251771416,1540.253707291,1540.707460333,1540.5380945,NaN,NaN,NaN,NaN,,NaN,,1540.248181791,1540.251725125,None,NaN,NaN,,NaN,NaN,NaN,NaN,NaN,NaN,NaN,12,kitchen,2,2024-04-10_10h03.09.698,image_similarity_rating,2023.2.3,None,2024-04-10 10h03.23.237854 +0200
,113,119,275,275,stimuli/own/kitchen/113_kit.jpg,stimuli/own/kitchen/119_kit.jpg,NaN,NaN,NaN,NaN,NaN,NaN,NaN,NaN,0,181,181,274,1561.68247225,NaN,NaN,NaN,NaN,NaN,NaN,NaN,,NaN,,1561.967319541,1562.132540208,1562.132540208,1562.132540208,1562.132540208,1562.132540208,1562.132540208,1562.132540208,1562.132540208,1562.132540208,1569.272329166,-7,7,3,2,4.61957174999998,3,6.70251212500011,1561.680279833,1561.68247225,1562.132540208,1561.967307208,NaN,NaN,NaN,NaN,,NaN,,1561.676844833,1561.680233291,None,NaN,NaN,,NaN,NaN,NaN,NaN,NaN,NaN,NaN,12,kitchen,2,2024-04-10_10h03.09.698,image_similarity_rating,2023.2.3,None,2024-04-10 10h03.23.237854 +0200
,137,139,587,587,stimuli/own/kitchen/137_kit.jpg,stimuli/own/kitchen/139_kit.jpg,NaN,NaN,NaN,NaN,NaN,NaN,NaN,NaN,0,182,182,586,1569.282781625,NaN,NaN,NaN,NaN,NaN,NaN,NaN,,NaN,,1569.566991333,1569.733978708,1569.733978708,1569.733978708,1569.733978708,1569.733978708,1569.733978708,1569.733978708,1569.733978708,1569.733978708,1583.868050125,-7,7,3,3,12.393115333,3,13.6839761669999,1569.275998791,1569.282781625,1569.733978708,1569.566970916,NaN,NaN,NaN,NaN,,NaN,,1569.272547416,1569.275952208,None,NaN,NaN,,NaN,NaN,NaN,NaN,NaN,NaN,NaN,12,kitchen,2,2024-04-10_10h03.09.698,image_similarity_rating,2023.2.3,None,2024-04-10 10h03.23.237854 +0200
,124,127,478,478,stimuli/own/kitchen/124_kit.jpg,stimuli/own/kitchen/127_kit.jpg,NaN,NaN,NaN,NaN,NaN,NaN,NaN,NaN,0,183,183,477,1583.873578458,NaN,NaN,NaN,NaN,NaN,NaN,NaN,,NaN,,1584.167632375,1584.333935666,1584.333935666,1584.333935666,1584.333935666,1584.333935666,1584.333935666,1584.333935666,1584.333935666,1584.333935666,1588.631059833,-7,7,3,6,3.30681800000002,5,4.07289258299988,1583.871792916,1583.873578458,1584.333935666,1584.167617833,NaN,NaN,NaN,NaN,,NaN,,1583.868266833,1583.871746,None,NaN,NaN,,NaN,NaN,NaN,NaN,NaN,NaN,NaN,12,kitchen,2,2024-04-10_10h03.09.698,image_similarity_rating,2023.2.3,None,2024-04-10 10h03.23.237854 +0200
,112,132,262,609,stimuli/own/kitchen/112_kit.jpg,stimuli/own/kitchen/132_kit.jpg,NaN,NaN,NaN,NaN,NaN,NaN,NaN,NaN,0,184,184,608,1588.636672208,NaN,NaN,NaN,NaN,NaN,NaN,NaN,,NaN,,1588.921182083,1589.088695625,1589.088695625,1589.088695625,1589.088695625,1589.088695625,1589.088695625,1589.088695625,1589.088695625,1589.088695625,1593.526982041,7,-7,3,6,3.35054558299998,5,4.17526216700003,1588.63474825,1588.636672208,1589.088695625,1588.921165208,NaN,NaN,NaN,NaN,,NaN,,1588.631290333,1588.634701416,None,NaN,NaN,,NaN,NaN,NaN,NaN,NaN,NaN,NaN,12,kitchen,2,2024-04-10_10h03.09.698,image_similarity_rating,2023.2.3,None,2024-04-10 10h03.23.237854 +0200
,120,127,412,412,stimuli/own/kitchen/120_kit.jpg,stimuli/own/kitchen/127_kit.jpg,NaN,NaN,NaN,NaN,NaN,NaN,NaN,NaN,0,185,185,411,1593.5492175,NaN,NaN,NaN,NaN,NaN,NaN,NaN,,NaN,,1593.833011916,1593.999876375,1593.999876375,1593.999876375,1593.999876375,1593.999876375,1593.999876375,1593.999876375,1593.999876375,1593.999876375,1600.139376208,7,-7,3,6,3.23649608300002,5,5.63928295799997,1593.530635208,1593.5492175,NaN,1593.832993875,NaN,NaN,NaN,NaN,,NaN,,1593.52720025,1593.530589291,None,NaN,NaN,,NaN,NaN,NaN,NaN,NaN,NaN,NaN,12,kitchen,2,2024-04-10_10h03.09.698,image_similarity_rating,2023.2.3,None,2024-04-10 10h03.23.237854 +0200
,109,138,214,214,stimuli/own/kitchen/109_kit.jpg,stimuli/own/kitchen/138_kit.jpg,NaN,NaN,NaN,NaN,NaN,NaN,NaN,NaN,0,186,186,213,1600.149061833,NaN,NaN,NaN,NaN,NaN,NaN,NaN,,NaN,,1600.433550166,1600.598194333,1600.598194333,1600.598194333,1600.598194333,1600.598194333,1600.598194333,1600.598194333,1600.598194333,1600.598194333,1605.355697083,7,-7,3,1,2.81525308299979,2,4.56073816699995,1600.143011166,1600.149061833,1600.598194333,1600.433537291,NaN,NaN,NaN,NaN,,NaN,,1600.139594541,1600.142964625,None,NaN,NaN,,NaN,NaN,NaN,NaN,NaN,NaN,NaN,12,kitchen,2,2024-04-10_10h03.09.698,image_similarity_rating,2023.2.3,None,2024-04-10 10h03.23.237854 +0200
,125,129,493,493,stimuli/own/kitchen/125_kit.jpg,stimuli/own/kitchen/129_kit.jpg,NaN,NaN,NaN,NaN,NaN,NaN,NaN,NaN,0,187,187,492,1605.365726375,NaN,NaN,NaN,NaN,NaN,NaN,NaN,,NaN,,1605.650228,1605.816750833,1605.816750833,1605.816750833,1605.816750833,1605.816750833,1605.816750833,1605.816750833,1605.816750833,1605.816750833,1614.081600166,7,-7,3,1,3.32245987500005,3,8.11513412500017,1605.359323291,1605.365726375,1605.816750833,1605.6502135,NaN,NaN,NaN,NaN,,NaN,,1605.355912,1605.359274875,None,NaN,NaN,,NaN,NaN,NaN,NaN,NaN,NaN,NaN,12,kitchen,2,2024-04-10_10h03.09.698,image_similarity_rating,2023.2.3,None,2024-04-10 10h03.23.237854 +0200
,117,121,346,346,stimuli/own/kitchen/117_kit.jpg,stimuli/own/kitchen/121_kit.jpg,NaN,NaN,NaN,NaN,NaN,NaN,NaN,NaN,0,188,188,345,1614.087231,NaN,NaN,NaN,NaN,NaN,NaN,NaN,,NaN,,1614.371095666,1614.540484583,1614.540484583,1614.540484583,1614.540484583,1614.540484583,1614.540484583,1614.540484583,1614.540484583,1614.540484583,1624.667910291,-7,7,3,7,6.54142375000015,5,8.57772479200003,1614.085300416,1614.087231,1614.540484583,1614.371076833,NaN,NaN,NaN,NaN,,NaN,,1614.08181575,1614.085254125,None,NaN,NaN,,NaN,NaN,NaN,NaN,NaN,NaN,NaN,12,kitchen,2,2024-04-10_10h03.09.698,image_similarity_rating,2023.2.3,None,2024-04-10 10h03.23.237854 +0200
,104,126,117,117,stimuli/own/kitchen/104_kit.jpg,stimuli/own/kitchen/126_kit.jpg,NaN,NaN,NaN,NaN,NaN,NaN,NaN,NaN,0,189,189,116,1624.673581958,NaN,NaN,NaN,NaN,NaN,NaN,NaN,,NaN,,1638.483698375,1638.650722791,1638.650722791,1638.650722791,1638.650722791,1638.650722791,1638.650722791,1638.650722791,1638.650722791,1638.650722791,1642.551300666,7,-7,4,7,2.95502266699987,6,3.51525658299988,1638.190551583,1638.199426166,1638.650722791,1638.483682958,NaN,NaN,NaN,NaN,,NaN,,1624.668130291,1638.190127,space,1624.673581958,13.5163251249999,None,NaN,NaN,NaN,NaN,NaN,NaN,NaN,12,kitchen,2,2024-04-10_10h03.09.698,image_similarity_rating,2023.2.3,None,2024-04-10 10h03.23.237854 +0200
,131,134,552,552,stimuli/own/kitchen/131_kit.jpg,stimuli/own/kitchen/134_kit.jpg,NaN,NaN,NaN,NaN,NaN,NaN,NaN,NaN,0,190,190,551,1642.557415041,NaN,NaN,NaN,NaN,NaN,NaN,NaN,,NaN,,1642.850677333,1643.017319625,1643.017319625,1643.017319625,1643.017319625,1643.017319625,1643.017319625,1643.017319625,1643.017319625,1643.017319625,1654.914279666,-7,7,4,2,10.4746434589999,2,11.2969989579999,1642.555492166,1642.557415041,1643.017319625,1642.850662541,NaN,NaN,NaN,NaN,,NaN,,1642.55151625,1642.555444666,None,NaN,NaN,,NaN,NaN,NaN,NaN,NaN,NaN,NaN,12,kitchen,2,2024-04-10_10h03.09.698,image_similarity_rating,2023.2.3,None,2024-04-10 10h03.23.237854 +0200
,132,140,566,566,stimuli/own/kitchen/132_kit.jpg,stimuli/own/kitchen/140_kit.jpg,NaN,NaN,NaN,NaN,NaN,NaN,NaN,NaN,0,191,191,565,1654.920010583,NaN,NaN,NaN,NaN,NaN,NaN,NaN,,NaN,,1655.204993458,1655.368934958,1655.368934958,1655.368934958,1655.368934958,1655.368934958,1655.368934958,1655.368934958,1655.368934958,1655.368934958,1660.747801625,7,-7,4,6,1.83603504100006,5,4.51380074999997,1654.918097458,1654.920010583,1655.368934958,1655.204980416,NaN,NaN,NaN,NaN,,NaN,,1654.91452175,1654.91805075,None,NaN,NaN,,NaN,NaN,NaN,NaN,NaN,NaN,NaN,12,kitchen,2,2024-04-10_10h03.09.698,image_similarity_rating,2023.2.3,None,2024-04-10 10h03.23.237854 +0200
,131,141,559,559,stimuli/own/kitchen/131_kit.jpg,stimuli/own/kitchen/141_kit.jpg,NaN,NaN,NaN,NaN,NaN,NaN,NaN,NaN,0,192,192,558,1660.753502583,NaN,NaN,NaN,NaN,NaN,NaN,NaN,,NaN,,1661.037379791,1661.2037555,1661.2037555,1661.2037555,1661.2037555,1661.2037555,1661.2037555,1661.2037555,1661.2037555,1661.2037555,1667.054957208,-7,7,4,2,4.24925708299997,3,5.58562083399988,1660.751575583,1660.753502583,1661.2037555,1661.037368083,NaN,NaN,NaN,NaN,,NaN,,1660.74801875,1660.751528583,None,NaN,NaN,,NaN,NaN,NaN,NaN,NaN,NaN,NaN,12,kitchen,2,2024-04-10_10h03.09.698,image_similarity_rating,2023.2.3,None,2024-04-10 10h03.23.237854 +0200
,123,132,467,467,stimuli/own/kitchen/123_kit.jpg,stimuli/own/kitchen/132_kit.jpg,NaN,NaN,NaN,NaN,NaN,NaN,NaN,NaN,0,193,193,466,1667.065282958,NaN,NaN,NaN,NaN,NaN,NaN,NaN,,NaN,,1667.349845083,1667.518349125,1667.518349125,1667.518349125,1667.518349125,1667.518349125,1667.518349125,1667.518349125,1667.518349125,1667.518349125,1677.66428275,-7,7,4,5,7.86630237500003,3,9.836600417,1667.058617083,1667.065282958,1667.518349125,1667.349822916,NaN,NaN,NaN,NaN,,NaN,,1667.055178708,1667.058570958,None,NaN,NaN,,NaN,NaN,NaN,NaN,NaN,NaN,NaN,12,kitchen,2,2024-04-10_10h03.09.698,image_similarity_rating,2023.2.3,None,2024-04-10 10h03.23.237854 +0200
,134,138,571,571,stimuli/own/kitchen/134_kit.jpg,stimuli/own/kitchen/138_kit.jpg,NaN,NaN,NaN,NaN,NaN,NaN,NaN,NaN,0,194,194,570,1677.669918666,NaN,NaN,NaN,NaN,NaN,NaN,NaN,,NaN,,1677.953870958,1678.11959575,1678.11959575,1678.11959575,1678.11959575,1678.11959575,1678.11959575,1678.11959575,1678.11959575,1678.11959575,1691.893398583,7,-7,4,2,9.07754649999993,2,12.180503625,1677.6679935,1677.669918666,1678.11959575,1677.953857875,NaN,NaN,NaN,NaN,,NaN,,1677.664521333,1677.667947166,None,NaN,NaN,,NaN,NaN,NaN,NaN,NaN,NaN,NaN,12,kitchen,2,2024-04-10_10h03.09.698,image_similarity_rating,2023.2.3,None,2024-04-10 10h03.23.237854 +0200
,113,131,286,286,stimuli/own/kitchen/113_kit.jpg,stimuli/own/kitchen/131_kit.jpg,NaN,NaN,NaN,NaN,NaN,NaN,NaN,NaN,0,195,195,285,1691.915326958,NaN,NaN,NaN,NaN,NaN,NaN,NaN,,NaN,,1692.199407833,1692.37041975,1692.37041975,1692.37041975,1692.37041975,1692.37041975,1692.37041975,1692.37041975,1692.37041975,1692.37041975,1701.055702583,7,-7,4,3,8.55682891599986,2,3.24365274999991,1691.897058375,1691.915326958,NaN,1692.199387166,NaN,NaN,NaN,NaN,,NaN,,1691.893616375,1691.897012375,None,NaN,NaN,,NaN,NaN,NaN,NaN,NaN,NaN,NaN,12,kitchen,2,2024-04-10_10h03.09.698,image_similarity_rating,2023.2.3,None,2024-04-10 10h03.23.237854 +0200
,130,140,549,549,stimuli/own/kitchen/130_kit.jpg,stimuli/own/kitchen/140_kit.jpg,NaN,NaN,NaN,NaN,NaN,NaN,NaN,NaN,0,196,196,548,1701.065268208,NaN,NaN,NaN,NaN,NaN,NaN,NaN,,NaN,,1701.350160583,1701.516813166,1701.516813166,1701.516813166,1701.516813166,1701.516813166,1701.516813166,1701.516813166,1701.516813166,1701.516813166,1707.500962,-7,7,4,6,4.74517670900013,5,5.77386045800017,1701.05937625,1701.065268208,1701.516813166,1701.350145541,NaN,NaN,NaN,NaN,,NaN,,1701.055923958,1701.05933,None,NaN,NaN,,NaN,NaN,NaN,NaN,NaN,NaN,NaN,12,kitchen,2,2024-04-10_10h03.09.698,image_similarity_rating,2023.2.3,None,2024-04-10 10h03.23.237854 +0200
,114,116,296,296,stimuli/own/kitchen/114_kit.jpg,stimuli/own/kitchen/116_kit.jpg,NaN,NaN,NaN,NaN,NaN,NaN,NaN,NaN,0,197,197,295,1707.506692333,NaN,NaN,NaN,NaN,NaN,NaN,NaN,,NaN,,1707.799967541,1707.968876458,1707.968876458,1707.968876458,1707.968876458,1707.968876458,1707.968876458,1707.968876458,1707.968876458,1707.968876458,1714.638709333,-7,7,4,5,2.95163929199998,6,5.80899387499994,1707.504741166,1707.506692333,1707.968876458,1707.799951791,NaN,NaN,NaN,NaN,,NaN,,1707.501182166,1707.504694541,None,NaN,NaN,,NaN,NaN,NaN,NaN,NaN,NaN,NaN,12,kitchen,2,2024-04-10_10h03.09.698,image_similarity_rating,2023.2.3,None,2024-04-10 10h03.23.237854 +0200
,114,127,307,307,stimuli/own/kitchen/114_kit.jpg,stimuli/own/kitchen/127_kit.jpg,NaN,NaN,NaN,NaN,NaN,NaN,NaN,NaN,0,198,198,306,1714.648616583,NaN,NaN,NaN,NaN,NaN,NaN,NaN,,NaN,,1714.933121041,1715.105571375,1715.105571375,1715.105571375,1715.105571375,1715.105571375,1715.105571375,1715.105571375,1715.105571375,1715.105571375,1723.747308916,-7,7,4,7,6.54408595899986,6,8.204961916,1714.642518916,1714.648616583,1715.105571375,1714.933094458,NaN,NaN,NaN,NaN,,NaN,,1714.638934916,1714.642472416,None,NaN,NaN,,NaN,NaN,NaN,NaN,NaN,NaN,NaN,12,kitchen,2,2024-04-10_10h03.09.698,image_similarity_rating,2023.2.3,None,2024-04-10 10h03.23.237854 +0200
,111,124,229,229,stimuli/own/kitchen/111_kit.jpg,stimuli/own/kitchen/124_kit.jpg,NaN,NaN,NaN,NaN,NaN,NaN,NaN,NaN,0,199,199,228,1723.753128083,NaN,NaN,NaN,NaN,NaN,NaN,NaN,,NaN,,1724.037013208,1724.202878583,1724.202878583,1724.202878583,1724.202878583,1724.202878583,1724.202878583,1724.202878583,1724.202878583,1724.202878583,1729.160219541,-7,7,4,7,3.24912691600002,6,3.72067650000008,1723.751034041,1723.753128083,1724.202878583,1724.037000666,NaN,NaN,NaN,NaN,,NaN,,1723.747552916,1723.750987291,None,NaN,NaN,,NaN,NaN,NaN,NaN,NaN,NaN,NaN,12,kitchen,2,2024-04-10_10h03.09.698,image_similarity_rating,2023.2.3,None,2024-04-10 10h03.23.237854 +0200
,118,125,371,371,stimuli/own/kitchen/118_kit.jpg,stimuli/own/kitchen/125_kit.jpg,NaN,NaN,NaN,NaN,NaN,NaN,NaN,NaN,0,200,200,370,1729.166333083,NaN,NaN,NaN,NaN,NaN,NaN,NaN,,NaN,,1729.449792708,1729.61651625,1729.61651625,1729.61651625,1729.61651625,1729.61651625,1729.61651625,1729.61651625,1729.61651625,1729.61651625,1737.622402208,-7,7,4,7,5.37762283300003,6,6.85894824999991,1729.163875708,1729.166333083,1729.61651625,1729.449777166,NaN,NaN,NaN,NaN,,NaN,,1729.160436875,1729.163826583,None,NaN,NaN,,NaN,NaN,NaN,NaN,NaN,NaN,NaN,12,kitchen,2,2024-04-10_10h03.09.698,image_similarity_rating,2023.2.3,None,2024-04-10 10h03.23.237854 +0200
,111,132,236,236,stimuli/own/kitchen/111_kit.jpg,stimuli/own/kitchen/132_kit.jpg,NaN,NaN,NaN,NaN,NaN,NaN,NaN,NaN,0,201,201,235,1737.631750333,NaN,NaN,NaN,NaN,NaN,NaN,NaN,,NaN,,1737.91646575,1738.08857025,1738.08857025,1738.08857025,1738.08857025,1738.08857025,1738.08857025,1738.08857025,1738.08857025,1738.08857025,1742.926184291,7,-7,4,7,2.45829270799982,6,3.03925633299991,1737.626057208,1737.631750333,1738.08857025,1737.916440041,NaN,NaN,NaN,NaN,,NaN,,1737.622623708,1737.626010958,None,NaN,NaN,,NaN,NaN,NaN,NaN,NaN,NaN,NaN,12,kitchen,2,2024-04-10_10h03.09.698,image_similarity_rating,2023.2.3,None,2024-04-10 10h03.23.237854 +0200
,102,121,49,49,stimuli/own/kitchen/102_kit.jpg,stimuli/own/kitchen/121_kit.jpg,NaN,NaN,NaN,NaN,NaN,NaN,NaN,NaN,0,202,202,48,1742.931642125,NaN,NaN,NaN,NaN,NaN,NaN,NaN,,NaN,,1743.216431625,1743.382283208,1743.382283208,1743.382283208,1743.382283208,1743.382283208,1743.382283208,1743.382283208,1743.382283208,1743.382283208,1755.738521166,7,-7,4,2,12.2074326249999,4,7.98574099999996,1742.929857208,1742.931642125,1743.382283208,1743.216416375,NaN,NaN,NaN,NaN,,NaN,,1742.926403125,1742.929810291,None,NaN,NaN,,NaN,NaN,NaN,NaN,NaN,NaN,NaN,12,kitchen,2,2024-04-10_10h03.09.698,image_similarity_rating,2023.2.3,None,2024-04-10 10h03.23.237854 +0200
,134,136,569,569,stimuli/own/kitchen/134_kit.jpg,stimuli/own/kitchen/136_kit.jpg,NaN,NaN,NaN,NaN,NaN,NaN,NaN,NaN,0,203,203,568,1755.74836925,NaN,NaN,NaN,NaN,NaN,NaN,NaN,,NaN,,1756.033102958,1756.201535083,1756.201535083,1756.201535083,1756.201535083,1756.201535083,1756.201535083,1756.201535083,1756.201535083,1756.201535083,1764.555202166,-7,7,4,6,5.40401716700012,6,8.12811891599995,1755.742171916,1755.74836925,1756.201535083,1756.033086083,NaN,NaN,NaN,NaN,,NaN,,1755.738740125,1755.742125666,None,NaN,NaN,,NaN,NaN,NaN,NaN,NaN,NaN,NaN,12,kitchen,2,2024-04-10_10h03.09.698,image_similarity_rating,2023.2.3,None,2024-04-10 10h03.23.237854 +0200
,101,139,32,32,stimuli/own/kitchen/101_kit.jpg,stimuli/own/kitchen/139_kit.jpg,NaN,NaN,NaN,NaN,NaN,NaN,NaN,NaN,0,204,204,31,1764.565005,NaN,NaN,NaN,NaN,NaN,NaN,NaN,,NaN,,1764.849674291,1765.016717083,1765.016717083,1765.016717083,1765.016717083,1765.016717083,1765.016717083,1765.016717083,1765.016717083,1765.016717083,1782.5049895,-7,7,4,3,2.88546470799997,4,17.264234625,1764.558870375,1764.565005,1765.016717083,1764.849658083,NaN,NaN,NaN,NaN,,NaN,,1764.555423916,1764.55882175,None,NaN,NaN,,NaN,NaN,NaN,NaN,NaN,NaN,NaN,12,kitchen,2,2024-04-10_10h03.09.698,image_similarity_rating,2023.2.3,None,2024-04-10 10h03.23.237854 +0200
,129,135,534,534,stimuli/own/kitchen/129_kit.jpg,stimuli/own/kitchen/135_kit.jpg,NaN,NaN,NaN,NaN,NaN,NaN,NaN,NaN,0,205,205,533,1782.515108083,NaN,NaN,NaN,NaN,NaN,NaN,NaN,,NaN,,1782.799709333,1782.965525458,1782.965525458,1782.965525458,1782.965525458,1782.965525458,1782.965525458,1782.965525458,1782.965525458,1782.965525458,1787.184636583,-7,7,4,2,2.42309233300011,3,3.90337620900004,1782.508659125,1782.515108083,1782.965525458,1782.799691,NaN,NaN,NaN,NaN,,NaN,,1782.505208083,1782.508612666,None,NaN,NaN,,NaN,NaN,NaN,NaN,NaN,NaN,NaN,12,kitchen,2,2024-04-10_10h03.09.698,image_similarity_rating,2023.2.3,None,2024-04-10 10h03.23.237854 +0200
,132,139,565,565,stimuli/own/kitchen/132_kit.jpg,stimuli/own/kitchen/139_kit.jpg,NaN,NaN,NaN,NaN,NaN,NaN,NaN,NaN,0,206,206,564,1787.198328541,NaN,NaN,NaN,NaN,NaN,NaN,NaN,,NaN,,1787.482816625,1787.649783541,1787.649783541,1787.649783541,1787.649783541,1787.649783541,1787.649783541,1787.649783541,1787.649783541,1787.649783541,1792.335730208,-7,7,4,2,4.56656470899998,3,2.50049325000009,1787.188709375,1787.198328541,1787.649783541,1787.48280175,NaN,NaN,NaN,NaN,,NaN,,1787.184870958,1787.188658416,None,NaN,NaN,,NaN,NaN,NaN,NaN,NaN,NaN,NaN,12,kitchen,2,2024-04-10_10h03.09.698,image_similarity_rating,2023.2.3,None,2024-04-10 10h03.23.237854 +0200
,117,125,350,350,stimuli/own/kitchen/117_kit.jpg,stimuli/own/kitchen/125_kit.jpg,NaN,NaN,NaN,NaN,NaN,NaN,NaN,NaN,0,207,207,349,1792.3481765,NaN,NaN,NaN,NaN,NaN,NaN,NaN,,NaN,,1792.633043125,1792.796991,1792.796991,1792.796991,1792.796991,1792.796991,1792.796991,1792.796991,1792.796991,1792.796991,1798.517553583,7,-7,4,6,4.13691208299997,5,5.47073933299998,1792.339600291,1792.3481765,1792.796991,1792.633030125,NaN,NaN,NaN,NaN,,NaN,,1792.335960291,1792.339551208,None,NaN,NaN,,NaN,NaN,NaN,NaN,NaN,NaN,NaN,12,kitchen,2,2024-04-10_10h03.09.698,image_similarity_rating,2023.2.3,None,2024-04-10 10h03.23.237854 +0200
,101,136,29,29,stimuli/own/kitchen/101_kit.jpg,stimuli/own/kitchen/136_kit.jpg,NaN,NaN,NaN,NaN,NaN,NaN,NaN,NaN,0,208,208,28,1798.5232445,NaN,NaN,NaN,NaN,NaN,NaN,NaN,,NaN,,1798.817000916,1798.987999958,1798.987999958,1798.987999958,1798.987999958,1798.987999958,1798.987999958,1798.987999958,1798.987999958,1798.987999958,1805.413769125,-7,7,4,4,4.40792208300013,3,6.26375125000004,1798.521298666,1798.5232445,1798.987999958,1798.816984041,NaN,NaN,NaN,NaN,,NaN,,1798.517769958,1798.521252666,None,NaN,NaN,,NaN,NaN,NaN,NaN,NaN,NaN,NaN,12,kitchen,2,2024-04-10_10h03.09.698,image_similarity_rating,2023.2.3,None,2024-04-10 10h03.23.237854 +0200
,104,131,121,615,stimuli/own/kitchen/104_kit.jpg,stimuli/own/kitchen/131_kit.jpg,NaN,NaN,NaN,NaN,NaN,NaN,NaN,NaN,0,209,209,614,1805.419604791,NaN,NaN,NaN,NaN,NaN,NaN,NaN,,NaN,,1805.704175166,1805.869746208,1805.869746208,1805.869746208,1805.869746208,1805.869746208,1805.869746208,1805.869746208,1805.869746208,1805.869746208,1809.918072833,7,-7,4,3,3.35483375000013,2,3.87461566699994,1805.417527625,1805.419604791,1805.869746208,1805.704162583,NaN,NaN,NaN,NaN,,NaN,,1805.414020875,1805.417481375,None,NaN,NaN,,NaN,NaN,NaN,NaN,NaN,NaN,NaN,12,kitchen,2,2024-04-10_10h03.09.698,image_similarity_rating,2023.2.3,None,2024-04-10 10h03.23.237854 +0200
,114,134,312,312,stimuli/own/kitchen/114_kit.jpg,stimuli/own/kitchen/134_kit.jpg,NaN,NaN,NaN,NaN,NaN,NaN,NaN,NaN,0,210,210,311,1809.923792416,NaN,NaN,NaN,NaN,NaN,NaN,NaN,,NaN,,1810.216118333,1810.38595875,1810.38595875,1810.38595875,1810.38595875,1810.38595875,1810.38595875,1810.38595875,1810.38595875,1810.38595875,1815.28027125,-7,7,4,5,3.65123654099989,5,4.68080679199988,1809.921842333,1809.923792416,1810.38595875,1810.216101125,NaN,NaN,NaN,NaN,,NaN,,1809.918292791,1809.921796208,None,NaN,NaN,,NaN,NaN,NaN,NaN,NaN,NaN,NaN,12,kitchen,2,2024-04-10_10h03.09.698,image_similarity_rating,2023.2.3,None,2024-04-10 10h03.23.237854 +0200
,104,124,115,115,stimuli/own/kitchen/104_kit.jpg,stimuli/own/kitchen/124_kit.jpg,NaN,NaN,NaN,NaN,NaN,NaN,NaN,NaN,0,211,211,114,1815.286052458,NaN,NaN,NaN,NaN,NaN,NaN,NaN,,NaN,,1815.570375,1815.738538083,1815.738538083,1815.738538083,1815.738538083,1815.738538083,1815.738538083,1815.738538083,1815.738538083,1815.738538083,1822.451239666,-7,7,4,7,4.13959137500001,6,5.77423120800017,1815.284120041,1815.286052458,1815.738538083,1815.570361833,NaN,NaN,NaN,NaN,,NaN,,1815.280505166,1815.2840725,None,NaN,NaN,,NaN,NaN,NaN,NaN,NaN,NaN,NaN,12,kitchen,2,2024-04-10_10h03.09.698,image_similarity_rating,2023.2.3,None,2024-04-10 10h03.23.237854 +0200
,113,121,277,277,stimuli/own/kitchen/113_kit.jpg,stimuli/own/kitchen/121_kit.jpg,NaN,NaN,NaN,NaN,NaN,NaN,NaN,NaN,0,212,212,276,1822.456984041,NaN,NaN,NaN,NaN,NaN,NaN,NaN,,NaN,,1822.750148708,1822.916414625,1822.916414625,1822.916414625,1822.916414625,1822.916414625,1822.916414625,1822.916414625,1822.916414625,1822.916414625,1830.359536708,-7,7,4,6,5.28321404200005,5,6.61370029199998,1822.454893916,1822.456984041,1822.916414625,1822.750135125,NaN,NaN,NaN,NaN,,NaN,,1822.451455416,1822.454847333,None,NaN,NaN,,NaN,NaN,NaN,NaN,NaN,NaN,NaN,12,kitchen,2,2024-04-10_10h03.09.698,image_similarity_rating,2023.2.3,None,2024-04-10 10h03.23.237854 +0200
,122,127,447,447,stimuli/own/kitchen/122_kit.jpg,stimuli/own/kitchen/127_kit.jpg,NaN,NaN,NaN,NaN,NaN,NaN,NaN,NaN,0,213,213,446,1830.382052583,NaN,NaN,NaN,NaN,NaN,NaN,NaN,,NaN,,1830.665843083,1830.838645291,1830.838645291,1830.838645291,1830.838645291,1830.838645291,1830.838645291,1830.838645291,1830.838645291,1830.838645291,1836.592598041,-7,7,4,7,4.08043087500005,6,5.45882308299997,1830.363179333,1830.382052583,NaN,1830.66581975,NaN,NaN,NaN,NaN,,NaN,,1830.359756416,1830.36313275,None,NaN,NaN,,NaN,NaN,NaN,NaN,NaN,NaN,NaN,12,kitchen,2,2024-04-10_10h03.09.698,image_similarity_rating,2023.2.3,None,2024-04-10 10h03.23.237854 +0200
,112,131,261,261,stimuli/own/kitchen/112_kit.jpg,stimuli/own/kitchen/131_kit.jpg,NaN,NaN,NaN,NaN,NaN,NaN,NaN,NaN,0,214,214,260,1836.5980565,NaN,NaN,NaN,NaN,NaN,NaN,NaN,,NaN,,1836.882868291,1837.049501958,1837.049501958,1837.049501958,1837.049501958,1837.049501958,1837.049501958,1837.049501958,1837.049501958,1837.049501958,1845.725869291,7,-7,4,3,6.71258841600002,2,5.00331175000019,1836.59624075,1836.5980565,1837.049501958,1836.882852916,NaN,NaN,NaN,NaN,,NaN,,1836.592813458,1836.596194583,None,NaN,NaN,,NaN,NaN,NaN,NaN,NaN,NaN,NaN,12,kitchen,2,2024-04-10_10h03.09.698,image_similarity_rating,2023.2.3,None,2024-04-10 10h03.23.237854 +0200
,116,136,337,337,stimuli/own/kitchen/116_kit.jpg,stimuli/own/kitchen/136_kit.jpg,NaN,NaN,NaN,NaN,NaN,NaN,NaN,NaN,0,215,215,336,1845.731337458,NaN,NaN,NaN,NaN,NaN,NaN,NaN,,NaN,,1846.016088666,1846.18683325,1846.18683325,1846.18683325,1846.18683325,1846.18683325,1846.18683325,1846.18683325,1846.18683325,1846.18683325,1855.959232125,-7,7,4,5,7.30106599999999,4,9.16027391700004,1845.729526125,1845.731337458,1846.18683325,1846.0160715,NaN,NaN,NaN,NaN,,NaN,,1845.726089083,1845.729479375,None,NaN,NaN,,NaN,NaN,NaN,NaN,NaN,NaN,NaN,12,kitchen,2,2024-04-10_10h03.09.698,image_similarity_rating,2023.2.3,None,2024-04-10 10h03.23.237854 +0200
,118,132,377,377,stimuli/own/kitchen/118_kit.jpg,stimuli/own/kitchen/132_kit.jpg,NaN,NaN,NaN,NaN,NaN,NaN,NaN,NaN,0,216,216,376,1855.964685416,NaN,NaN,NaN,NaN,NaN,NaN,NaN,,NaN,,1856.250467666,1856.416692083,1856.416692083,1856.416692083,1856.416692083,1856.416692083,1856.416692083,1856.416692083,1856.416692083,1856.416692083,1863.768171333,7,-7,4,7,4.18248708299984,4,4.71299362500008,1855.962880666,1855.964685416,1856.416692083,1856.250452416,NaN,NaN,NaN,NaN,,NaN,,1855.959453666,1855.962834666,None,NaN,NaN,,NaN,NaN,NaN,NaN,NaN,NaN,NaN,12,kitchen,2,2024-04-10_10h03.09.698,image_similarity_rating,2023.2.3,None,2024-04-10 10h03.23.237854 +0200
,113,135,289,289,stimuli/own/kitchen/113_kit.jpg,stimuli/own/kitchen/135_kit.jpg,NaN,NaN,NaN,NaN,NaN,NaN,NaN,NaN,0,217,217,288,1863.773768833,NaN,NaN,NaN,NaN,NaN,NaN,NaN,,NaN,,1864.065962333,1864.231855166,1864.231855166,1864.231855166,1864.231855166,1864.231855166,1864.231855166,1864.231855166,1864.231855166,1864.231855166,1868.804659708,7,-7,4,6,2.96681566699999,5,4.26213912499998,1863.771829625,1863.773768833,1864.231855166,1864.065947083,NaN,NaN,NaN,NaN,,NaN,,1863.768395,1863.771783791,None,NaN,NaN,,NaN,NaN,NaN,NaN,NaN,NaN,NaN,12,kitchen,2,2024-04-10_10h03.09.698,image_similarity_rating,2023.2.3,None,2024-04-10 10h03.23.237854 +0200
,111,131,235,235,stimuli/own/kitchen/111_kit.jpg,stimuli/own/kitchen/131_kit.jpg,NaN,NaN,NaN,NaN,NaN,NaN,NaN,NaN,0,218,218,234,1868.81467175,NaN,NaN,NaN,NaN,NaN,NaN,NaN,,NaN,,1869.09917075,1869.264581166,1869.264581166,1869.264581166,1869.264581166,1869.264581166,1869.264581166,1869.264581166,1869.264581166,1869.264581166,1874.283833583,-7,7,4,3,3.07813150000015,2,4.04853212499984,1868.808299958,1868.81467175,1869.264581166,1869.099157625,NaN,NaN,NaN,NaN,,NaN,,1868.804877083,1868.808253916,None,NaN,NaN,,NaN,NaN,NaN,NaN,NaN,NaN,NaN,12,kitchen,2,2024-04-10_10h03.09.698,image_similarity_rating,2023.2.3,None,2024-04-10 10h03.23.237854 +0200
,106,113,164,164,stimuli/own/kitchen/106_kit.jpg,stimuli/own/kitchen/113_kit.jpg,NaN,NaN,NaN,NaN,NaN,NaN,NaN,NaN,0,219,219,163,1874.289507166,NaN,NaN,NaN,NaN,NaN,NaN,NaN,,NaN,,1874.582688083,1874.753068375,1874.753068375,1874.753068375,1874.753068375,1874.753068375,1874.753068375,1874.753068375,1874.753068375,1874.753068375,1880.217304541,7,-7,4,1,4.664912792,1,5.21598404199995,1874.28758575,1874.289507166,1874.753068375,1874.582671083,NaN,NaN,NaN,NaN,,NaN,,1874.284053791,1874.287539791,None,NaN,NaN,,NaN,NaN,NaN,NaN,NaN,NaN,NaN,12,kitchen,2,2024-04-10_10h03.09.698,image_similarity_rating,2023.2.3,None,2024-04-10 10h03.23.237854 +0200
,101,122,17,17,stimuli/own/kitchen/101_kit.jpg,stimuli/own/kitchen/122_kit.jpg,NaN,NaN,NaN,NaN,NaN,NaN,NaN,NaN,0,220,220,16,1880.222697416,NaN,NaN,NaN,NaN,NaN,NaN,NaN,,NaN,,1880.515931291,1880.684065208,1880.684065208,1880.684065208,1880.684065208,1880.684065208,1880.684065208,1880.684065208,1880.684065208,1880.684065208,1888.617130666,-7,7,4,2,5.63830433400017,4,6.27871774999994,1880.220928208,1880.222697416,1880.684065208,1880.515916166,NaN,NaN,NaN,NaN,,NaN,,1880.2175205,1880.220882791,None,NaN,NaN,,NaN,NaN,NaN,NaN,NaN,NaN,NaN,12,kitchen,2,2024-04-10_10h03.09.698,image_similarity_rating,2023.2.3,None,2024-04-10 10h03.23.237854 +0200
,101,118,13,13,stimuli/own/kitchen/101_kit.jpg,stimuli/own/kitchen/118_kit.jpg,NaN,NaN,NaN,NaN,NaN,NaN,NaN,NaN,0,221,221,12,1888.622869291,NaN,NaN,NaN,NaN,NaN,NaN,NaN,,NaN,,1888.915964375,1889.086024625,1889.086024625,1889.086024625,1889.086024625,1889.086024625,1889.086024625,1889.086024625,1889.086024625,1889.086024625,1894.188279958,-7,7,4,5,3.51501891699991,4,4.72888212499993,1888.620937333,1888.622869291,1889.086024625,1888.915946958,NaN,NaN,NaN,NaN,,NaN,,1888.617347583,1888.620891791,None,NaN,NaN,,NaN,NaN,NaN,NaN,NaN,NaN,NaN,12,kitchen,2,2024-04-10_10h03.09.698,image_similarity_rating,2023.2.3,None,2024-04-10 10h03.23.237854 +0200
,106,130,179,179,stimuli/own/kitchen/106_kit.jpg,stimuli/own/kitchen/130_kit.jpg,NaN,NaN,NaN,NaN,NaN,NaN,NaN,NaN,0,222,222,178,1894.198068541,NaN,NaN,NaN,NaN,NaN,NaN,NaN,,NaN,,1894.482391125,1894.647944,1894.647944,1894.647944,1894.647944,1894.647944,1894.647944,1894.647944,1894.647944,1894.647944,1898.57577375,-7,7,4,1,1.98878366700001,3,3.71533241700013,1894.192038541,1894.198068541,1894.647944,1894.482376041,NaN,NaN,NaN,NaN,,NaN,,1894.188507416,1894.191992458,None,NaN,NaN,,NaN,NaN,NaN,NaN,NaN,NaN,NaN,12,kitchen,2,2024-04-10_10h03.09.698,image_similarity_rating,2023.2.3,None,2024-04-10 10h03.23.237854 +0200
,103,123,83,83,stimuli/own/kitchen/103_kit.jpg,stimuli/own/kitchen/123_kit.jpg,NaN,NaN,NaN,NaN,NaN,NaN,NaN,NaN,0,223,223,82,1898.598142875,NaN,NaN,NaN,NaN,NaN,NaN,NaN,,NaN,,1898.881947833,1899.049781416,1899.049781416,1899.049781416,1899.049781416,1899.049781416,1899.049781416,1899.049781416,1899.049781416,1899.049781416,1911.65032525,7,-7,4,5,10.7941768340002,4,11.9138537919998,1898.579419416,1898.598142875,NaN,1898.881929416,NaN,NaN,NaN,NaN,,NaN,,1898.575994416,1898.579373625,None,NaN,NaN,,NaN,NaN,NaN,NaN,NaN,NaN,NaN,12,kitchen,2,2024-04-10_10h03.09.698,image_similarity_rating,2023.2.3,None,2024-04-10 10h03.23.237854 +0200
,121,137,438,438,stimuli/own/kitchen/121_kit.jpg,stimuli/own/kitchen/137_kit.jpg,NaN,NaN,NaN,NaN,NaN,NaN,NaN,NaN,0,224,224,437,1911.655904541,NaN,NaN,NaN,NaN,NaN,NaN,NaN,,NaN,,1911.949120375,1912.114694666,1912.114694666,1912.114694666,1912.114694666,1912.114694666,1912.114694666,1912.114694666,1912.114694666,1912.114694666,1922.487817666,7,-7,4,5,8.58670383399976,3,9.24120725000012,1911.653971583,1911.655904541,1912.114694666,1911.949103125,NaN,NaN,NaN,NaN,,NaN,,1911.650541333,1911.653926083,None,NaN,NaN,,NaN,NaN,NaN,NaN,NaN,NaN,NaN,12,kitchen,2,2024-04-10_10h03.09.698,image_similarity_rating,2023.2.3,None,2024-04-10 10h03.23.237854 +0200
,119,137,401,401,stimuli/own/kitchen/119_kit.jpg,stimuli/own/kitchen/137_kit.jpg,NaN,NaN,NaN,NaN,NaN,NaN,NaN,NaN,0,225,225,400,1922.497764208,NaN,NaN,NaN,NaN,NaN,NaN,NaN,,NaN,,1922.782426916,1922.950087875,1922.950087875,1922.950087875,1922.950087875,1922.950087875,1922.950087875,1922.950087875,1922.950087875,1922.950087875,1930.675779458,-7,7,4,5,6.17210841600036,3,7.12265712499993,1922.491470833,1922.497764208,1922.950087875,1922.782411833,NaN,NaN,NaN,NaN,,NaN,,1922.488036458,1922.4914255,None,NaN,NaN,,NaN,NaN,NaN,NaN,NaN,NaN,NaN,12,kitchen,2,2024-04-10_10h03.09.698,image_similarity_rating,2023.2.3,None,2024-04-10 10h03.23.237854 +0200
,123,127,463,463,stimuli/own/kitchen/123_kit.jpg,stimuli/own/kitchen/127_kit.jpg,NaN,NaN,NaN,NaN,NaN,NaN,NaN,NaN,0,226,226,462,1930.697848875,NaN,NaN,NaN,NaN,NaN,NaN,NaN,,NaN,,1930.981876875,1931.149282666,1931.149282666,1931.149282666,1931.149282666,1931.149282666,1931.149282666,1931.149282666,1931.149282666,1931.149282666,1939.646852208,7,-7,4,6,5.50052833300015,3,8.27540954200003,1930.679441,1930.697848875,NaN,1930.981853458,NaN,NaN,NaN,NaN,,NaN,,1930.675997583,1930.679395041,None,NaN,NaN,,NaN,NaN,NaN,NaN,NaN,NaN,NaN,12,kitchen,2,2024-04-10_10h03.09.698,image_similarity_rating,2023.2.3,None,2024-04-10 10h03.23.237854 +0200
,104,130,120,120,stimuli/own/kitchen/104_kit.jpg,stimuli/own/kitchen/130_kit.jpg,NaN,NaN,NaN,NaN,NaN,NaN,NaN,NaN,0,227,227,119,1939.652447208,NaN,NaN,NaN,NaN,NaN,NaN,NaN,,NaN,,1939.936590041,1940.106179916,1940.106179916,1940.106179916,1940.106179916,1940.106179916,1940.106179916,1940.106179916,1940.106179916,1940.106179916,1944.271485375,7,-7,4,7,3.27793124999971,5,3.84131591699997,1939.650520916,1939.652447208,1940.106179916,1939.936575416,NaN,NaN,NaN,NaN,,NaN,,1939.647068125,1939.650474708,None,NaN,NaN,,NaN,NaN,NaN,NaN,NaN,NaN,NaN,12,kitchen,2,2024-04-10_10h03.09.698,image_similarity_rating,2023.2.3,None,2024-04-10 10h03.23.237854 +0200
,123,131,466,466,stimuli/own/kitchen/123_kit.jpg,stimuli/own/kitchen/131_kit.jpg,NaN,NaN,NaN,NaN,NaN,NaN,NaN,NaN,0,228,228,465,1944.281088041,NaN,NaN,NaN,NaN,NaN,NaN,NaN,,NaN,,1944.565792666,1944.7365665,1944.7365665,1944.7365665,1944.7365665,1944.7365665,1944.7365665,1944.7365665,1944.7365665,1944.7365665,1954.838820291,-7,7,4,2,9.14251070899991,2,9.92629012499992,1944.275127166,1944.281088041,1944.7365665,1944.565776458,NaN,NaN,NaN,NaN,,NaN,,1944.271704958,1944.275080208,None,NaN,NaN,,NaN,NaN,NaN,NaN,NaN,NaN,NaN,12,kitchen,2,2024-04-10_10h03.09.698,image_similarity_rating,2023.2.3,None,2024-04-10 10h03.23.237854 +0200
,106,131,180,180,stimuli/own/kitchen/106_kit.jpg,stimuli/own/kitchen/131_kit.jpg,NaN,NaN,NaN,NaN,NaN,NaN,NaN,NaN,0,229,229,179,1954.847660791,NaN,NaN,NaN,NaN,NaN,NaN,NaN,,NaN,,1955.133514791,1955.298734791,1955.298734791,1955.298734791,1955.298734791,1955.298734791,1955.298734791,1955.298734791,1955.298734791,1955.298734791,1960.013177916,7,-7,4,1,2.56352270799971,5,3.65520020899976,1954.842653708,1954.847660791,1955.298734791,1955.13350125,NaN,NaN,NaN,NaN,,NaN,,1954.839038416,1954.84260775,None,NaN,NaN,,NaN,NaN,NaN,NaN,NaN,NaN,NaN,12,kitchen,2,2024-04-10_10h03.09.698,image_similarity_rating,2023.2.3,None,2024-04-10 10h03.23.237854 +0200
,109,131,208,208,stimuli/own/kitchen/109_kit.jpg,stimuli/own/kitchen/131_kit.jpg,NaN,NaN,NaN,NaN,NaN,NaN,NaN,NaN,0,230,230,207,1960.018852458,NaN,NaN,NaN,NaN,NaN,NaN,NaN,,NaN,,1960.303636083,1960.470925166,1960.470925166,1960.470925166,1960.470925166,1960.470925166,1960.470925166,1960.470925166,1960.470925166,1960.470925166,1964.072153666,7,-7,4,1,2.54217491700001,4,3.38208195800007,1960.016916791,1960.018852458,1960.470925166,1960.303618083,NaN,NaN,NaN,NaN,,NaN,,1960.013423041,1960.016870791,None,NaN,NaN,,NaN,NaN,NaN,NaN,NaN,NaN,NaN,12,kitchen,2,2024-04-10_10h03.09.698,image_similarity_rating,2023.2.3,None,2024-04-10 10h03.23.237854 +0200
,103,120,80,80,stimuli/own/kitchen/103_kit.jpg,stimuli/own/kitchen/120_kit.jpg,NaN,NaN,NaN,NaN,NaN,NaN,NaN,NaN,0,231,231,79,1964.080953208,NaN,NaN,NaN,NaN,NaN,NaN,NaN,,NaN,,1964.365654791,1964.539220625,1964.539220625,1964.539220625,1964.539220625,1964.539220625,1964.539220625,1964.539220625,1964.539220625,1964.539220625,1971.404297125,7,-7,4,5,4.86044099999981,3,6.29097258299998,1964.075821083,1964.080953208,1964.539220625,1964.365637958,NaN,NaN,NaN,NaN,,NaN,,1964.072371708,1964.075774541,None,NaN,NaN,,NaN,NaN,NaN,NaN,NaN,NaN,NaN,12,kitchen,2,2024-04-10_10h03.09.698,image_similarity_rating,2023.2.3,None,2024-04-10 10h03.23.237854 +0200
,114,124,304,304,stimuli/own/kitchen/114_kit.jpg,stimuli/own/kitchen/124_kit.jpg,NaN,NaN,NaN,NaN,NaN,NaN,NaN,NaN,0,232,232,303,1971.414301916,NaN,NaN,NaN,NaN,NaN,NaN,NaN,,NaN,,1971.699875333,1971.865079833,1971.865079833,1971.865079833,1971.865079833,1971.865079833,1971.865079833,1971.865079833,1971.865079833,1971.865079833,1975.708602958,-7,7,4,7,2.28627262500004,5,3.56984175000025,1971.407953833,1971.414301916,1971.865079833,1971.699861666,NaN,NaN,NaN,NaN,,NaN,,1971.404514833,1971.407907833,None,NaN,NaN,,NaN,NaN,NaN,NaN,NaN,NaN,NaN,12,kitchen,2,2024-04-10_10h03.09.698,image_similarity_rating,2023.2.3,None,2024-04-10 10h03.23.237854 +0200
,101,119,14,14,stimuli/own/kitchen/101_kit.jpg,stimuli/own/kitchen/119_kit.jpg,NaN,NaN,NaN,NaN,NaN,NaN,NaN,NaN,0,233,233,13,1975.7144135,NaN,NaN,NaN,NaN,NaN,NaN,NaN,,NaN,,1975.998657375,1976.164677083,1976.164677083,1976.164677083,1976.164677083,1976.164677083,1976.164677083,1976.164677083,1976.164677083,1976.164677083,1984.31677225,7,-7,4,5,6.91428366599985,4,7.71445099999983,1975.712247166,1975.7144135,1976.164677083,1975.998644,NaN,NaN,NaN,NaN,,NaN,,1975.708823791,1975.712201333,None,NaN,NaN,,NaN,NaN,NaN,NaN,NaN,NaN,NaN,12,kitchen,2,2024-04-10_10h03.09.698,image_similarity_rating,2023.2.3,None,2024-04-10 10h03.23.237854 +0200
,102,116,44,44,stimuli/own/kitchen/102_kit.jpg,stimuli/own/kitchen/116_kit.jpg,NaN,NaN,NaN,NaN,NaN,NaN,NaN,NaN,0,234,234,43,1984.322495333,NaN,NaN,NaN,NaN,NaN,NaN,NaN,,NaN,,1984.615601,1984.787698708,1984.787698708,1984.787698708,1984.787698708,1984.787698708,1984.787698708,1984.787698708,1984.787698708,1984.787698708,1992.392960583,7,-7,4,5,5.37291583300021,4,6.48240404199987,1984.320420791,1984.322495333,1984.787698708,1984.615584,NaN,NaN,NaN,NaN,,NaN,,1984.316987291,1984.320374833,None,NaN,NaN,,NaN,NaN,NaN,NaN,NaN,NaN,NaN,12,kitchen,2,2024-04-10_10h03.09.698,image_similarity_rating,2023.2.3,None,2024-04-10 10h03.23.237854 +0200
,117,137,360,360,stimuli/own/kitchen/117_kit.jpg,stimuli/own/kitchen/137_kit.jpg,NaN,NaN,NaN,NaN,NaN,NaN,NaN,NaN,0,235,235,359,1992.399104333,NaN,NaN,NaN,NaN,NaN,NaN,NaN,,NaN,,1992.683145291,1992.852440375,1992.852440375,1992.852440375,1992.852440375,1992.852440375,1992.852440375,1992.852440375,1992.852440375,1992.852440375,2001.592900083,7,-7,4,4,7.42012420799983,3,8.50282654200009,1992.396641625,1992.399104333,1992.852440375,1992.683129,NaN,NaN,NaN,NaN,,NaN,,1992.393182083,1992.39657825,None,NaN,NaN,,NaN,NaN,NaN,NaN,NaN,NaN,NaN,12,kitchen,2,2024-04-10_10h03.09.698,image_similarity_rating,2023.2.3,None,2024-04-10 10h03.23.237854 +0200
,114,118,298,298,stimuli/own/kitchen/114_kit.jpg,stimuli/own/kitchen/118_kit.jpg,NaN,NaN,NaN,NaN,NaN,NaN,NaN,NaN,0,236,236,297,2001.598978958,NaN,NaN,NaN,NaN,NaN,NaN,NaN,,NaN,,2001.882258,2002.048110333,2002.048110333,2002.048110333,2002.048110333,2002.048110333,2002.048110333,2002.048110333,2002.048110333,2002.048110333,2015.520624083,7,-7,4,6,12.0059235839999,4,12.8599913749999,2001.596568125,2001.598978958,2002.048110333,2001.8822425,NaN,NaN,NaN,NaN,,NaN,,2001.593119833,2001.59650675,None,NaN,NaN,,NaN,NaN,NaN,NaN,NaN,NaN,NaN,12,kitchen,2,2024-04-10_10h03.09.698,image_similarity_rating,2023.2.3,None,2024-04-10 10h03.23.237854 +0200
,139,140,593,593,stimuli/own/kitchen/139_kit.jpg,stimuli/own/kitchen/140_kit.jpg,NaN,NaN,NaN,NaN,NaN,NaN,NaN,NaN,0,237,237,592,2015.530709875,NaN,NaN,NaN,NaN,NaN,NaN,NaN,,NaN,,2015.815428208,2015.981703625,2015.981703625,2015.981703625,2015.981703625,2015.981703625,2015.981703625,2015.981703625,2015.981703625,2015.981703625,2021.437688,7,-7,4,5,4.05356962499991,3,5.16115062499966,2015.524508125,2015.530709875,2015.981703625,2015.815414208,NaN,NaN,NaN,NaN,,NaN,,2015.52084275,2015.524458708,None,NaN,NaN,,NaN,NaN,NaN,NaN,NaN,NaN,NaN,12,kitchen,2,2024-04-10_10h03.09.698,image_similarity_rating,2023.2.3,None,2024-04-10 10h03.23.237854 +0200
,125,141,504,504,stimuli/own/kitchen/125_kit.jpg,stimuli/own/kitchen/141_kit.jpg,NaN,NaN,NaN,NaN,NaN,NaN,NaN,NaN,0,238,238,503,2021.447448458,NaN,NaN,NaN,NaN,NaN,NaN,NaN,,NaN,,2021.732102416,2021.899466666,2021.899466666,2021.899466666,2021.899466666,2021.899466666,2021.899466666,2021.899466666,2021.899466666,2021.899466666,2027.767404958,-7,7,4,5,4.3164516249999,4,5.38257604199998,2021.441350916,2021.447448458,2021.899466666,2021.732087333,NaN,NaN,NaN,NaN,,NaN,,2021.437909166,2021.441304458,None,NaN,NaN,,NaN,NaN,NaN,NaN,NaN,NaN,NaN,12,kitchen,2,2024-04-10_10h03.09.698,image_similarity_rating,2023.2.3,None,2024-04-10 10h03.23.237854 +0200
,116,121,324,324,stimuli/own/kitchen/116_kit.jpg,stimuli/own/kitchen/121_kit.jpg,NaN,NaN,NaN,NaN,NaN,NaN,NaN,NaN,0,239,239,323,2027.773153625,NaN,NaN,NaN,NaN,NaN,NaN,NaN,,NaN,,2028.065403583,2028.231057333,2028.231057333,2028.231057333,2028.231057333,2028.231057333,2028.231057333,2028.231057333,2028.231057333,2028.231057333,2044.087456208,-7,7,4,5,6.29244787500011,3,15.6214092079999,2027.771056208,2027.773153625,2028.231057333,2028.065390125,NaN,NaN,NaN,NaN,,NaN,,2027.76762575,2027.771010666,None,NaN,NaN,,NaN,NaN,NaN,NaN,NaN,NaN,NaN,12,kitchen,2,2024-04-10_10h03.09.698,image_similarity_rating,2023.2.3,None,2024-04-10 10h03.23.237854 +0200
,126,139,515,515,stimuli/own/kitchen/126_kit.jpg,stimuli/own/kitchen/139_kit.jpg,NaN,NaN,NaN,NaN,NaN,NaN,NaN,NaN,0,240,240,514,2044.097522208,NaN,NaN,NaN,NaN,NaN,NaN,NaN,,NaN,,2044.381919291,2044.5488315,2044.5488315,2044.5488315,2044.5488315,2044.5488315,2044.5488315,2044.5488315,2044.5488315,2044.5488315,2052.104425875,-7,7,4,4,4.12538012499999,5,7.30621350000001,2044.091113125,2044.097522208,2044.5488315,2044.381901625,NaN,NaN,NaN,NaN,,NaN,,2044.087674583,2044.091066583,None,NaN,NaN,,NaN,NaN,NaN,NaN,NaN,NaN,NaN,12,kitchen,2,2024-04-10_10h03.09.698,image_similarity_rating,2023.2.3,None,2024-04-10 10h03.23.237854 +0200
,117,136,359,359,stimuli/own/kitchen/117_kit.jpg,stimuli/own/kitchen/136_kit.jpg,NaN,NaN,NaN,NaN,NaN,NaN,NaN,NaN,0,241,241,358,2052.1140225,NaN,NaN,NaN,NaN,NaN,NaN,NaN,,NaN,,2052.398723708,2052.570279708,2052.570279708,2052.570279708,2052.570279708,2052.570279708,2052.570279708,2052.570279708,2052.570279708,2052.570279708,2060.566438708,-7,7,4,6,2.85392616600029,4,6.62332729200034,2052.108093083,2052.1140225,2052.570279708,2052.398699625,NaN,NaN,NaN,NaN,,NaN,,2052.10464925,2052.10804675,None,NaN,NaN,,NaN,NaN,NaN,NaN,NaN,NaN,NaN,12,kitchen,2,2024-04-10_10h03.09.698,image_similarity_rating,2023.2.3,None,2024-04-10 10h03.23.237854 +0200
,109,136,212,212,stimuli/own/kitchen/109_kit.jpg,stimuli/own/kitchen/136_kit.jpg,NaN,NaN,NaN,NaN,NaN,NaN,NaN,NaN,0,242,242,211,2060.572012666,NaN,NaN,NaN,NaN,NaN,NaN,NaN,,NaN,,2060.865329958,2061.032042791,2061.032042791,2061.032042791,2061.032042791,2061.032042791,2061.032042791,2061.032042791,2061.032042791,2061.032042791,2069.279749958,7,-7,4,2,7.55949362499996,1,7.99943970899994,2060.570095791,2060.572012666,2061.032042791,2060.865314625,NaN,NaN,NaN,NaN,,NaN,,2060.56665675,2060.570050333,None,NaN,NaN,,NaN,NaN,NaN,NaN,NaN,NaN,NaN,12,kitchen,2,2024-04-10_10h03.09.698,image_similarity_rating,2023.2.3,None,2024-04-10 10h03.23.237854 +0200
,101,140,33,33,stimuli/own/kitchen/101_kit.jpg,stimuli/own/kitchen/140_kit.jpg,NaN,NaN,NaN,NaN,NaN,NaN,NaN,NaN,0,243,243,32,2069.285713666,NaN,NaN,NaN,NaN,NaN,NaN,NaN,,NaN,,2069.569171041,2069.7351555,2069.7351555,2069.7351555,2069.7351555,2069.7351555,2069.7351555,2069.7351555,2069.7351555,2069.7351555,2077.249966041,7,-7,4,5,6.01813720900009,3,6.78513620799959,2069.283467458,2069.285713666,2069.7351555,2069.569158083,NaN,NaN,NaN,NaN,,NaN,,2069.279964666,2069.283420958,None,NaN,NaN,,NaN,NaN,NaN,NaN,NaN,NaN,NaN,12,kitchen,2,2024-04-10_10h03.09.698,image_similarity_rating,2023.2.3,None,2024-04-10 10h03.23.237854 +0200
,118,140,384,384,stimuli/own/kitchen/118_kit.jpg,stimuli/own/kitchen/140_kit.jpg,NaN,NaN,NaN,NaN,NaN,NaN,NaN,NaN,0,244,244,383,2077.255581416,NaN,NaN,NaN,NaN,NaN,NaN,NaN,,NaN,,2077.548596041,2077.716874041,2077.716874041,2077.716874041,2077.716874041,2077.716874041,2077.716874041,2077.716874041,2077.716874041,2077.716874041,2082.912859041,7,-7,4,6,3.33764074999999,4,4.22940254200012,2077.253634458,2077.255581416,2077.716874041,2077.548580375,NaN,NaN,NaN,NaN,,NaN,,2077.250184125,2077.253588416,None,NaN,NaN,,NaN,NaN,NaN,NaN,NaN,NaN,NaN,12,kitchen,2,2024-04-10_10h03.09.698,image_similarity_rating,2023.2.3,None,2024-04-10 10h03.23.237854 +0200
,132,134,560,560,stimuli/own/kitchen/132_kit.jpg,stimuli/own/kitchen/134_kit.jpg,NaN,NaN,NaN,NaN,NaN,NaN,NaN,NaN,0,245,245,559,2082.918843666,NaN,NaN,NaN,NaN,NaN,NaN,NaN,,NaN,,2083.201663708,2083.365901791,2083.365901791,2083.365901791,2083.365901791,2083.365901791,2083.365901791,2083.365901791,2083.365901791,2083.365901791,2088.912792833,7,-7,4,6,3.92912037499991,4,4.62720695799999,2082.916575291,2082.918843666,2083.365901791,2083.201653625,NaN,NaN,NaN,NaN,,NaN,,2082.913102333,2082.916528958,None,NaN,NaN,,NaN,NaN,NaN,NaN,NaN,NaN,NaN,12,kitchen,2,2024-04-10_10h03.09.698,image_similarity_rating,2023.2.3,None,2024-04-10 10h03.23.237854 +0200
,101,121,16,16,stimuli/own/kitchen/101_kit.jpg,stimuli/own/kitchen/121_kit.jpg,NaN,NaN,NaN,NaN,NaN,NaN,NaN,NaN,0,246,246,15,2088.918425083,NaN,NaN,NaN,NaN,NaN,NaN,NaN,,NaN,,2089.202821833,2089.371964541,2089.371964541,2089.371964541,2089.371964541,2089.371964541,2089.371964541,2089.371964541,2089.371964541,2089.371964541,2094.249872166,7,-7,4,5,2.55013033400019,3,4.55245641600004,2088.916496541,2088.918425083,2089.371964541,2089.2028065,NaN,NaN,NaN,NaN,,NaN,,2088.91303475,2088.916450166,None,NaN,NaN,,NaN,NaN,NaN,NaN,NaN,NaN,NaN,12,kitchen,2,2024-04-10_10h03.09.698,image_similarity_rating,2023.2.3,None,2024-04-10 10h03.23.237854 +0200
,117,140,363,363,stimuli/own/kitchen/117_kit.jpg,stimuli/own/kitchen/140_kit.jpg,NaN,NaN,NaN,NaN,NaN,NaN,NaN,NaN,0,247,247,362,2094.255585125,NaN,NaN,NaN,NaN,NaN,NaN,NaN,,NaN,,2094.548570375,2094.7178395,2094.7178395,2094.7178395,2094.7178395,2094.7178395,2094.7178395,2094.7178395,2094.7178395,2094.7178395,2099.712697291,-7,7,4,5,3.50087595900004,4,4.42094883300024,2094.253650375,2094.255585125,2094.7178395,2094.548549875,NaN,NaN,NaN,NaN,,NaN,,2094.250085625,2094.253604208,None,NaN,NaN,,NaN,NaN,NaN,NaN,NaN,NaN,NaN,12,kitchen,2,2024-04-10_10h03.09.698,image_similarity_rating,2023.2.3,None,2024-04-10 10h03.23.237854 +0200
,102,139,65,606,stimuli/own/kitchen/102_kit.jpg,stimuli/own/kitchen/139_kit.jpg,NaN,NaN,NaN,NaN,NaN,NaN,NaN,NaN,0,248,248,605,2099.718432875,NaN,NaN,NaN,NaN,NaN,NaN,NaN,,NaN,,2100.002503541,2100.169602,2100.169602,2100.169602,2100.169602,2100.169602,2100.169602,2100.169602,2100.169602,2100.169602,2105.916319166,-7,7,4,4,2.20153987499998,5,5.3729670419998,2099.716493291,2099.718432875,2100.169602,2100.0024865,NaN,NaN,NaN,NaN,,NaN,,2099.712943333,2099.7164465,None,NaN,NaN,,NaN,NaN,NaN,NaN,NaN,NaN,NaN,12,kitchen,2,2024-04-10_10h03.09.698,image_similarity_rating,2023.2.3,None,2024-04-10 10h03.23.237854 +0200
,118,129,374,374,stimuli/own/kitchen/118_kit.jpg,stimuli/own/kitchen/129_kit.jpg,NaN,NaN,NaN,NaN,NaN,NaN,NaN,NaN,0,249,249,373,2105.921823791,NaN,NaN,NaN,NaN,NaN,NaN,NaN,,NaN,,2106.215118625,2106.386151041,2106.386151041,2106.386151041,2106.386151041,2106.386151041,2106.386151041,2106.386151041,2106.386151041,2106.386151041,2117.096052208,7,-7,4,2,9.38412170800029,1,4.78513449999991,2105.920059583,2105.921823791,2106.386151041,2106.215102166,NaN,NaN,NaN,NaN,,NaN,,2105.916535541,2105.920012375,None,NaN,NaN,,NaN,NaN,NaN,NaN,NaN,NaN,NaN,12,kitchen,2,2024-04-10_10h03.09.698,image_similarity_rating,2023.2.3,None,2024-04-10 10h03.23.237854 +0200
,109,139,215,215,stimuli/own/kitchen/109_kit.jpg,stimuli/own/kitchen/139_kit.jpg,NaN,NaN,NaN,NaN,NaN,NaN,NaN,NaN,0,250,250,214,2117.101776625,NaN,NaN,NaN,NaN,NaN,NaN,NaN,,NaN,,2117.38602625,2117.556909958,2117.556909958,2117.556909958,2117.556909958,2117.556909958,2117.556909958,2117.556909958,2117.556909958,2117.556909958,2127.024704875,-7,7,4,4,6.86332570900004,4,7.39550583299979,2117.099855333,2117.101776625,2117.556909958,2117.38601125,NaN,NaN,NaN,NaN,,NaN,,2117.096298875,2117.099808458,None,NaN,NaN,,NaN,NaN,NaN,NaN,NaN,NaN,NaN,12,kitchen,2,2024-04-10_10h03.09.698,image_similarity_rating,2023.2.3,None,2024-04-10 10h03.23.237854 +0200
,102,141,67,67,stimuli/own/kitchen/102_kit.jpg,stimuli/own/kitchen/141_kit.jpg,NaN,NaN,NaN,NaN,NaN,NaN,NaN,NaN,0,251,251,66,2127.030448208,NaN,NaN,NaN,NaN,NaN,NaN,NaN,,NaN,,2127.315177583,2127.482874958,2127.482874958,2127.482874958,2127.482874958,2127.482874958,2127.482874958,2127.482874958,2127.482874958,2127.482874958,2135.70564325,-7,7,4,4,6.13275274999978,5,8.03876008399993,2127.028473625,2127.030448208,2127.482874958,2127.315162791,NaN,NaN,NaN,NaN,,NaN,,2127.02492125,2127.02842725,None,NaN,NaN,,NaN,NaN,NaN,NaN,NaN,NaN,NaN,12,kitchen,2,2024-04-10_10h03.09.698,image_similarity_rating,2023.2.3,None,2024-04-10 10h03.23.237854 +0200
,102,131,58,58,stimuli/own/kitchen/102_kit.jpg,stimuli/own/kitchen/131_kit.jpg,NaN,NaN,NaN,NaN,NaN,NaN,NaN,NaN,0,252,252,57,2135.713788458,NaN,NaN,NaN,NaN,NaN,NaN,NaN,,NaN,,2148.348678333,2148.523272708,2148.523272708,2148.523272708,2148.523272708,2148.523272708,2148.523272708,2148.523272708,2148.523272708,2148.523272708,2156.533604625,-7,7,5,3,6.77708262499982,2,7.11034879199997,2148.051593208,2148.055711083,2148.523272708,2148.348651583,NaN,NaN,NaN,NaN,,NaN,,2135.7058585,2148.050901125,space,2135.713788458,12.3368457500001,None,NaN,NaN,NaN,NaN,NaN,NaN,NaN,12,kitchen,2,2024-04-10_10h03.09.698,image_similarity_rating,2023.2.3,None,2024-04-10 10h03.23.237854 +0200
,123,129,464,464,stimuli/own/kitchen/123_kit.jpg,stimuli/own/kitchen/129_kit.jpg,NaN,NaN,NaN,NaN,NaN,NaN,NaN,NaN,0,253,253,463,2156.540052208,NaN,NaN,NaN,NaN,NaN,NaN,NaN,,NaN,,2156.831696458,2157.002214875,2157.002214875,2157.002214875,2157.002214875,2157.002214875,2157.002214875,2157.002214875,2157.002214875,2157.002214875,2164.482784166,7,-7,5,2,5.93191262500022,2,7.03092041699983,2156.537952,2156.540052208,2157.002214875,2156.831679208,NaN,NaN,NaN,NaN,,NaN,,2156.533820333,2156.537904875,None,NaN,NaN,,NaN,NaN,NaN,NaN,NaN,NaN,NaN,12,kitchen,2,2024-04-10_10h03.09.698,image_similarity_rating,2023.2.3,None,2024-04-10 10h03.23.237854 +0200
,120,124,409,409,stimuli/own/kitchen/120_kit.jpg,stimuli/own/kitchen/124_kit.jpg,NaN,NaN,NaN,NaN,NaN,NaN,NaN,NaN,0,254,254,408,2164.488460666,NaN,NaN,NaN,NaN,NaN,NaN,NaN,,NaN,,2164.781482791,2164.946502083,2164.946502083,2164.946502083,2164.946502083,2164.946502083,2164.946502083,2164.946502083,2164.946502083,2164.946502083,2174.232759958,7,-7,5,7,4.70111779199988,5,8.86047687500013,2164.486523,2164.488460666,2164.946502083,2164.781468958,NaN,NaN,NaN,NaN,,NaN,,2164.483000916,2164.486476375,None,NaN,NaN,,NaN,NaN,NaN,NaN,NaN,NaN,NaN,12,kitchen,2,2024-04-10_10h03.09.698,image_similarity_rating,2023.2.3,None,2024-04-10 10h03.23.237854 +0200
,109,112,191,191,stimuli/own/kitchen/109_kit.jpg,stimuli/own/kitchen/112_kit.jpg,NaN,NaN,NaN,NaN,NaN,NaN,NaN,NaN,0,255,255,190,2174.238328666,NaN,NaN,NaN,NaN,NaN,NaN,NaN,,NaN,,2174.531579541,2174.699282541,2174.699282541,2174.699282541,2174.699282541,2174.699282541,2174.699282541,2174.699282541,2174.699282541,2174.699282541,2189.57169075,-7,7,5,3,12.1019125829998,2,13.9268992920001,2174.236403,2174.238328666,2174.699282541,2174.531564833,NaN,NaN,NaN,NaN,,NaN,,2174.232974375,2174.236356583,None,NaN,NaN,,NaN,NaN,NaN,NaN,NaN,NaN,NaN,12,kitchen,2,2024-04-10_10h03.09.698,image_similarity_rating,2023.2.3,None,2024-04-10 10h03.23.237854 +0200
,105,134,153,153,stimuli/own/kitchen/105_kit.jpg,stimuli/own/kitchen/134_kit.jpg,NaN,NaN,NaN,NaN,NaN,NaN,NaN,NaN,0,256,256,152,2189.57996125,NaN,NaN,NaN,NaN,NaN,NaN,NaN,,NaN,,2189.864689625,2190.029406416,2190.029406416,2190.029406416,2190.029406416,2190.029406416,2190.029406416,2190.029406416,2190.029406416,2190.029406416,2200.908074208,7,-7,5,6,5.11826191599994,6,10.4919177500001,2189.575590916,2189.57996125,2190.029406416,2189.864677041,NaN,NaN,NaN,NaN,,NaN,,2189.571905833,2189.575541,None,NaN,NaN,,NaN,NaN,NaN,NaN,NaN,NaN,NaN,12,kitchen,2,2024-04-10_10h03.09.698,image_similarity_rating,2023.2.3,None,2024-04-10 10h03.23.237854 +0200
,103,117,77,77,stimuli/own/kitchen/103_kit.jpg,stimuli/own/kitchen/117_kit.jpg,NaN,NaN,NaN,NaN,NaN,NaN,NaN,NaN,0,257,257,76,2200.913482791,NaN,NaN,NaN,NaN,NaN,NaN,NaN,,NaN,,2201.198282833,2201.370564083,2201.370564083,2201.370564083,2201.370564083,2201.370564083,2201.370564083,2201.370564083,2201.370564083,2201.370564083,2209.133327458,7,-7,5,6,3.76856575000011,6,4.62725591700018,2200.911689708,2200.913482791,2201.370564083,2201.198265166,NaN,NaN,NaN,NaN,,NaN,,2200.908294541,2200.911639791,None,NaN,NaN,,NaN,NaN,NaN,NaN,NaN,NaN,NaN,12,kitchen,2,2024-04-10_10h03.09.698,image_similarity_rating,2023.2.3,None,2024-04-10 10h03.23.237854 +0200
,111,137,240,240,stimuli/own/kitchen/111_kit.jpg,stimuli/own/kitchen/137_kit.jpg,NaN,NaN,NaN,NaN,NaN,NaN,NaN,NaN,0,258,258,239,2209.139060875,NaN,NaN,NaN,NaN,NaN,NaN,NaN,,NaN,,2209.431588458,2209.601619583,2209.601619583,2209.601619583,2209.601619583,2209.601619583,2209.601619583,2209.601619583,2209.601619583,2209.601619583,2214.662391958,-7,7,5,5,4.22903425000004,4,4.76544854199983,2209.137061708,2209.139060875,2209.601619583,2209.431572208,NaN,NaN,NaN,NaN,,NaN,,2209.133545125,2209.137015666,None,NaN,NaN,,NaN,NaN,NaN,NaN,NaN,NaN,NaN,12,kitchen,2,2024-04-10_10h03.09.698,image_similarity_rating,2023.2.3,None,2024-04-10 10h03.23.237854 +0200
,113,141,295,295,stimuli/own/kitchen/113_kit.jpg,stimuli/own/kitchen/141_kit.jpg,NaN,NaN,NaN,NaN,NaN,NaN,NaN,NaN,0,259,259,294,2214.668101416,NaN,NaN,NaN,NaN,NaN,NaN,NaN,,NaN,,2214.95244875,2215.120735666,2215.120735666,2215.120735666,2215.120735666,2215.120735666,2215.120735666,2215.120735666,2215.120735666,2215.120735666,2223.4326035,-7,7,5,5,7.34963837499981,4,7.79163637500005,2214.666167208,2214.668101416,2215.120735666,2214.952435625,NaN,NaN,NaN,NaN,,NaN,,2214.662632458,2214.666120666,None,NaN,NaN,,NaN,NaN,NaN,NaN,NaN,NaN,NaN,12,kitchen,2,2024-04-10_10h03.09.698,image_similarity_rating,2023.2.3,None,2024-04-10 10h03.23.237854 +0200
,106,140,188,188,stimuli/own/kitchen/106_kit.jpg,stimuli/own/kitchen/140_kit.jpg,NaN,NaN,NaN,NaN,NaN,NaN,NaN,NaN,0,260,260,187,2223.438246708,NaN,NaN,NaN,NaN,NaN,NaN,NaN,,NaN,,2223.731446,2223.901200166,2223.901200166,2223.901200166,2223.901200166,2223.901200166,2223.901200166,2223.901200166,2223.901200166,2223.901200166,2233.917086458,-7,7,5,1,8.66495220800016,1,9.6371672500004,2223.436331375,2223.438246708,2223.901200166,2223.731428458,NaN,NaN,NaN,NaN,,NaN,,2223.4328315,2223.43628475,None,NaN,NaN,,NaN,NaN,NaN,NaN,NaN,NaN,NaN,12,kitchen,2,2024-04-10_10h03.09.698,image_similarity_rating,2023.2.3,None,2024-04-10 10h03.23.237854 +0200
,124,132,482,482,stimuli/own/kitchen/124_kit.jpg,stimuli/own/kitchen/132_kit.jpg,NaN,NaN,NaN,NaN,NaN,NaN,NaN,NaN,0,261,261,481,2233.930131458,NaN,NaN,NaN,NaN,NaN,NaN,NaN,,NaN,,2234.215136833,2234.380934958,2234.380934958,2234.380934958,2234.380934958,2234.380934958,2234.380934958,2234.380934958,2234.380934958,2234.380934958,2244.828656708,7,-7,5,5,3.42111350000005,5,6.92243874999986,2233.920892875,2233.930131458,2234.380934958,2234.21512325,NaN,NaN,NaN,NaN,,NaN,,2233.917316708,2233.920844166,None,NaN,NaN,,NaN,NaN,NaN,NaN,NaN,NaN,NaN,12,kitchen,2,2024-04-10_10h03.09.698,image_similarity_rating,2023.2.3,None,2024-04-10 10h03.23.237854 +0200
,111,135,238,238,stimuli/own/kitchen/111_kit.jpg,stimuli/own/kitchen/135_kit.jpg,NaN,NaN,NaN,NaN,NaN,NaN,NaN,NaN,0,262,262,237,2244.834278875,NaN,NaN,NaN,NaN,NaN,NaN,NaN,,NaN,,2245.118558166,2245.284530833,2245.284530833,2245.284530833,2245.284530833,2245.284530833,2245.284530833,2245.284530833,2245.284530833,2245.284530833,2256.94989825,-7,7,5,5,4.67171091699993,5,11.316222292,2244.832321833,2244.834278875,2245.284530833,2245.118545208,NaN,NaN,NaN,NaN,,NaN,,2244.828878708,2244.832275416,None,NaN,NaN,,NaN,NaN,NaN,NaN,NaN,NaN,NaN,12,kitchen,2,2024-04-10_10h03.09.698,image_similarity_rating,2023.2.3,None,2024-04-10 10h03.23.237854 +0200
,136,139,583,583,stimuli/own/kitchen/136_kit.jpg,stimuli/own/kitchen/139_kit.jpg,NaN,NaN,NaN,NaN,NaN,NaN,NaN,NaN,0,263,263,582,2256.955630708,NaN,NaN,NaN,NaN,NaN,NaN,NaN,,NaN,,2257.248032625,2257.415060583,2257.415060583,2257.415060583,2257.415060583,2257.415060583,2257.415060583,2257.415060583,2257.415060583,2257.415060583,2275.912200291,-7,7,5,4,15.9713805000001,3,18.2113778340004,2256.953539375,2256.955630708,2257.415060583,2257.248017125,NaN,NaN,NaN,NaN,,NaN,,2256.950124291,2256.953493541,None,NaN,NaN,,NaN,NaN,NaN,NaN,NaN,NaN,NaN,12,kitchen,2,2024-04-10_10h03.09.698,image_similarity_rating,2023.2.3,None,2024-04-10 10h03.23.237854 +0200
,117,122,347,347,stimuli/own/kitchen/117_kit.jpg,stimuli/own/kitchen/122_kit.jpg,NaN,NaN,NaN,NaN,NaN,NaN,NaN,NaN,0,264,264,346,2275.918083333,NaN,NaN,NaN,NaN,NaN,NaN,NaN,,NaN,,2276.201950541,2276.368165041,2276.368165041,2276.368165041,2276.368165041,2276.368165041,2276.368165041,2276.368165041,2276.368165041,2276.368165041,2291.270541375,7,-7,5,5,14.7329158330003,7,8.30137745899992,2275.916002458,2275.918083333,2276.368165041,2276.201938291,NaN,NaN,NaN,NaN,,NaN,,2275.912442833,2275.915956041,None,NaN,NaN,,NaN,NaN,NaN,NaN,NaN,NaN,NaN,12,kitchen,2,2024-04-10_10h03.09.698,image_similarity_rating,2023.2.3,None,2024-04-10 10h03.23.237854 +0200
,105,125,146,146,stimuli/own/kitchen/105_kit.jpg,stimuli/own/kitchen/125_kit.jpg,NaN,NaN,NaN,NaN,NaN,NaN,NaN,NaN,0,265,265,145,2291.279940125,NaN,NaN,NaN,NaN,NaN,NaN,NaN,,NaN,,2291.564608125,2291.729546583,2291.729546583,2291.729546583,2291.729546583,2291.729546583,2291.729546583,2291.729546583,2291.729546583,2291.729546583,2296.232370583,7,-7,5,5,2.98956504099988,6,3.63719704100004,2291.274167166,2291.279940125,2291.729546583,2291.564595125,NaN,NaN,NaN,NaN,,NaN,,2291.270761666,2291.274120625,None,NaN,NaN,,NaN,NaN,NaN,NaN,NaN,NaN,NaN,12,kitchen,2,2024-04-10_10h03.09.698,image_similarity_rating,2023.2.3,None,2024-04-10 10h03.23.237854 +0200
,116,118,321,321,stimuli/own/kitchen/116_kit.jpg,stimuli/own/kitchen/118_kit.jpg,NaN,NaN,NaN,NaN,NaN,NaN,NaN,NaN,0,266,266,320,2296.237968666,NaN,NaN,NaN,NaN,NaN,NaN,NaN,,NaN,,2296.531206125,2296.702843875,2296.702843875,2296.702843875,2296.702843875,2296.702843875,2296.702843875,2296.702843875,2296.702843875,2296.702843875,2301.945280666,7,-7,5,6,3.54174570799978,6,4.50677816699999,2296.236023833,2296.237968666,2296.702843875,2296.531190458,NaN,NaN,NaN,NaN,,NaN,,2296.232586791,2296.235977083,None,NaN,NaN,,NaN,NaN,NaN,NaN,NaN,NaN,NaN,12,kitchen,2,2024-04-10_10h03.09.698,image_similarity_rating,2023.2.3,None,2024-04-10 10h03.23.237854 +0200
,106,125,175,175,stimuli/own/kitchen/106_kit.jpg,stimuli/own/kitchen/125_kit.jpg,NaN,NaN,NaN,NaN,NaN,NaN,NaN,NaN,0,267,267,174,2301.950868583,NaN,NaN,NaN,NaN,NaN,NaN,NaN,,NaN,,2302.235208041,2302.400497625,2302.400497625,2302.400497625,2302.400497625,2302.400497625,2302.400497625,2302.400497625,2302.400497625,2302.400497625,2311.498974541,-7,7,5,3,7.68442304100017,2,8.6080077079996,2301.949063583,2301.950868583,2302.400497625,2302.235196458,NaN,NaN,NaN,NaN,,NaN,,2301.945508916,2301.9490165,None,NaN,NaN,,NaN,NaN,NaN,NaN,NaN,NaN,NaN,12,kitchen,2,2024-04-10_10h03.09.698,image_similarity_rating,2023.2.3,None,2024-04-10 10h03.23.237854 +0200
,129,130,530,530,stimuli/own/kitchen/129_kit.jpg,stimuli/own/kitchen/130_kit.jpg,NaN,NaN,NaN,NaN,NaN,NaN,NaN,NaN,0,268,268,529,2311.504701583,NaN,NaN,NaN,NaN,NaN,NaN,NaN,,NaN,,2311.797822416,2311.963297375,2311.963297375,2311.963297375,2311.963297375,2311.963297375,2311.963297375,2311.963297375,2311.963297375,2311.963297375,2325.590842166,-7,7,5,1,11.9621349579998,4,13.214847708,2311.502733375,2311.504701583,2311.963297375,2311.797808625,NaN,NaN,NaN,NaN,,NaN,,2311.499195375,2311.502686708,None,NaN,NaN,,NaN,NaN,NaN,NaN,NaN,NaN,NaN,12,kitchen,2,2024-04-10_10h03.09.698,image_similarity_rating,2023.2.3,None,2024-04-10 10h03.23.237854 +0200
,103,136,94,94,stimuli/own/kitchen/103_kit.jpg,stimuli/own/kitchen/136_kit.jpg,NaN,NaN,NaN,NaN,NaN,NaN,NaN,NaN,0,269,269,93,2325.596387083,NaN,NaN,NaN,NaN,NaN,NaN,NaN,,NaN,,2325.881056583,2326.046677291,2326.046677291,2326.046677291,2326.046677291,2326.046677291,2326.046677291,2326.046677291,2326.046677291,2326.046677291,2339.228868791,-7,7,5,6,8.12254133299984,5,12.8357474170002,2325.59450375,2325.596387083,2326.046677291,2325.88104225,NaN,NaN,NaN,NaN,,NaN,,2325.591061416,2325.594457375,None,NaN,NaN,,NaN,NaN,NaN,NaN,NaN,NaN,NaN,12,kitchen,2,2024-04-10_10h03.09.698,image_similarity_rating,2023.2.3,None,2024-04-10 10h03.23.237854 +0200
,104,132,122,122,stimuli/own/kitchen/104_kit.jpg,stimuli/own/kitchen/132_kit.jpg,NaN,NaN,NaN,NaN,NaN,NaN,NaN,NaN,0,270,270,121,2339.234500625,NaN,NaN,NaN,NaN,NaN,NaN,NaN,,NaN,,2339.518987333,2339.683690375,2339.683690375,2339.683690375,2339.683690375,2339.683690375,2339.683690375,2339.683690375,2339.683690375,2339.683690375,2350.728490958,7,-7,5,7,5.55753908399993,5,8.27764891700008,2339.232561416,2339.234500625,2339.683690375,2339.518977083,NaN,NaN,NaN,NaN,,NaN,,2339.229085958,2339.232514875,None,NaN,NaN,,NaN,NaN,NaN,NaN,NaN,NaN,NaN,12,kitchen,2,2024-04-10_10h03.09.698,image_similarity_rating,2023.2.3,None,2024-04-10 10h03.23.237854 +0200
,106,135,183,183,stimuli/own/kitchen/106_kit.jpg,stimuli/own/kitchen/135_kit.jpg,NaN,NaN,NaN,NaN,NaN,NaN,NaN,NaN,0,271,271,182,2350.73427575,NaN,NaN,NaN,NaN,NaN,NaN,NaN,,NaN,,2351.018686875,2351.188656208,2351.188656208,2351.188656208,2351.188656208,2351.188656208,2351.188656208,2351.188656208,2351.188656208,2351.188656208,2360.865469208,-7,7,5,2,9.36365054099997,2,8.3510563750001,2350.732332291,2350.73427575,2351.188656208,2351.018672583,NaN,NaN,NaN,NaN,,NaN,,2350.728730791,2350.7322855,None,NaN,NaN,,NaN,NaN,NaN,NaN,NaN,NaN,NaN,12,kitchen,2,2024-04-10_10h03.09.698,image_similarity_rating,2023.2.3,None,2024-04-10 10h03.23.237854 +0200
,113,116,272,272,stimuli/own/kitchen/113_kit.jpg,stimuli/own/kitchen/116_kit.jpg,NaN,NaN,NaN,NaN,NaN,NaN,NaN,NaN,0,272,272,271,2360.871023166,NaN,NaN,NaN,NaN,NaN,NaN,NaN,,NaN,,2361.164257791,2361.332785833,2361.332785833,2361.332785833,2361.332785833,2361.332785833,2361.332785833,2361.332785833,2361.332785833,2361.332785833,2369.886295,7,-7,5,5,5.62459091699975,4,7.37952987499966,2360.869109416,2360.871023166,2361.332785833,2361.164241583,NaN,NaN,NaN,NaN,,NaN,,2360.865686166,2360.869063333,None,NaN,NaN,,NaN,NaN,NaN,NaN,NaN,NaN,NaN,12,kitchen,2,2024-04-10_10h03.09.698,image_similarity_rating,2023.2.3,None,2024-04-10 10h03.23.237854 +0200
,121,134,435,435,stimuli/own/kitchen/121_kit.jpg,stimuli/own/kitchen/134_kit.jpg,NaN,NaN,NaN,NaN,NaN,NaN,NaN,NaN,0,273,273,434,2369.8962295,NaN,NaN,NaN,NaN,NaN,NaN,NaN,,NaN,,2370.180981833,2370.3518835,2370.3518835,2370.3518835,2370.3518835,2370.3518835,2370.3518835,2370.3518835,2370.3518835,2370.3518835,2375.478350541,-7,7,5,5,3.71732079200001,5,4.83329787499997,2369.889950958,2369.8962295,2370.3518835,2370.180953916,NaN,NaN,NaN,NaN,,NaN,,2369.886513083,2369.889905041,None,NaN,NaN,,NaN,NaN,NaN,NaN,NaN,NaN,NaN,12,kitchen,2,2024-04-10_10h03.09.698,image_similarity_rating,2023.2.3,None,2024-04-10 10h03.23.237854 +0200
,106,121,171,171,stimuli/own/kitchen/106_kit.jpg,stimuli/own/kitchen/121_kit.jpg,NaN,NaN,NaN,NaN,NaN,NaN,NaN,NaN,0,274,274,170,2375.483979833,NaN,NaN,NaN,NaN,NaN,NaN,NaN,,NaN,,2375.768278791,2375.935356291,2375.935356291,2375.935356291,2375.935356291,2375.935356291,2375.935356291,2375.935356291,2375.935356291,2375.935356291,2386.58572175,-7,7,5,1,9.36507258399979,1,9.91419050000013,2375.48203475,2375.483979833,2375.935356291,2375.7682655,NaN,NaN,NaN,NaN,,NaN,,2375.478575083,2375.481987791,None,NaN,NaN,,NaN,NaN,NaN,NaN,NaN,NaN,NaN,12,kitchen,2,2024-04-10_10h03.09.698,image_similarity_rating,2023.2.3,None,2024-04-10 10h03.23.237854 +0200
,106,123,173,173,stimuli/own/kitchen/106_kit.jpg,stimuli/own/kitchen/123_kit.jpg,NaN,NaN,NaN,NaN,NaN,NaN,NaN,NaN,0,275,275,172,2386.596242125,NaN,NaN,NaN,NaN,NaN,NaN,NaN,,NaN,,2386.880740833,2387.047167458,2387.047167458,2387.047167458,2387.047167458,2387.047167458,2387.047167458,2387.047167458,2387.047167458,2387.047167458,2405.045036,-7,7,5,1,8.15086983299989,1,17.8294704170003,2386.589341125,2386.596242125,2387.047167458,2386.880726708,NaN,NaN,NaN,NaN,,NaN,,2386.585937083,2386.589294833,None,NaN,NaN,,NaN,NaN,NaN,NaN,NaN,NaN,NaN,12,kitchen,2,2024-04-10_10h03.09.698,image_similarity_rating,2023.2.3,None,2024-04-10 10h03.23.237854 +0200
,131,139,557,557,stimuli/own/kitchen/131_kit.jpg,stimuli/own/kitchen/139_kit.jpg,NaN,NaN,NaN,NaN,NaN,NaN,NaN,NaN,0,276,276,556,2405.05067675,NaN,NaN,NaN,NaN,NaN,NaN,NaN,,NaN,,2405.335060291,2405.500145458,2405.500145458,2405.500145458,2405.500145458,2405.500145458,2405.500145458,2405.500145458,2405.500145458,2405.500145458,2411.219641416,-7,7,5,2,3.33009229199979,2,5.54616570899998,2405.048728916,2405.05067675,2405.500145458,2405.335045625,NaN,NaN,NaN,NaN,,NaN,,2405.045285666,2405.048683041,None,NaN,NaN,,NaN,NaN,NaN,NaN,NaN,NaN,NaN,12,kitchen,2,2024-04-10_10h03.09.698,image_similarity_rating,2023.2.3,None,2024-04-10 10h03.23.237854 +0200
,114,122,302,302,stimuli/own/kitchen/114_kit.jpg,stimuli/own/kitchen/122_kit.jpg,NaN,NaN,NaN,NaN,NaN,NaN,NaN,NaN,0,277,277,301,2411.229574333,NaN,NaN,NaN,NaN,NaN,NaN,NaN,,NaN,,2411.514606583,2411.680592291,2411.680592291,2411.680592291,2411.680592291,2411.680592291,2411.680592291,2411.680592291,2411.680592291,2411.680592291,2417.781839291,7,-7,5,7,2.54440591600041,7,5.30260966700007,2411.223238458,2411.229574333,2411.680592291,2411.514579916,NaN,NaN,NaN,NaN,,NaN,,2411.219855708,2411.2231925,None,NaN,NaN,,NaN,NaN,NaN,NaN,NaN,NaN,NaN,12,kitchen,2,2024-04-10_10h03.09.698,image_similarity_rating,2023.2.3,None,2024-04-10 10h03.23.237854 +0200
,118,131,376,376,stimuli/own/kitchen/118_kit.jpg,stimuli/own/kitchen/131_kit.jpg,NaN,NaN,NaN,NaN,NaN,NaN,NaN,NaN,0,278,278,375,2417.78750675,NaN,NaN,NaN,NaN,NaN,NaN,NaN,,NaN,,2418.0807695,2418.250547458,2418.250547458,2418.250547458,2418.250547458,2418.250547458,2418.250547458,2418.250547458,2418.250547458,2418.250547458,2432.748572333,7,-7,5,5,4.14020937499981,2,7.54841400000032,2417.785571875,2417.78750675,2418.250547458,2418.080748708,NaN,NaN,NaN,NaN,,NaN,,2417.7820565,2417.785525208,None,NaN,NaN,,NaN,NaN,NaN,NaN,NaN,NaN,NaN,12,kitchen,2,2024-04-10_10h03.09.698,image_similarity_rating,2023.2.3,None,2024-04-10 10h03.23.237854 +0200
,104,109,102,102,stimuli/own/kitchen/104_kit.jpg,stimuli/own/kitchen/109_kit.jpg,NaN,NaN,NaN,NaN,NaN,NaN,NaN,NaN,0,279,279,101,2432.754196375,NaN,NaN,NaN,NaN,NaN,NaN,NaN,,NaN,,2433.047171541,2433.212793375,2433.212793375,2433.212793375,2433.212793375,2433.212793375,2433.212793375,2433.212793375,2433.212793375,2433.212793375,2451.436125708,-7,7,5,3,15.1771092909999,2,17.7988905410002,2432.7521895,2432.754196375,2433.212793375,2433.047154166,NaN,NaN,NaN,NaN,,NaN,,2432.748790041,2432.7521435,None,NaN,NaN,,NaN,NaN,NaN,NaN,NaN,NaN,NaN,12,kitchen,2,2024-04-10_10h03.09.698,image_similarity_rating,2023.2.3,None,2024-04-10 10h03.23.237854 +0200
,121,138,439,439,stimuli/own/kitchen/121_kit.jpg,stimuli/own/kitchen/138_kit.jpg,NaN,NaN,NaN,NaN,NaN,NaN,NaN,NaN,0,280,280,438,2451.446164833,NaN,NaN,NaN,NaN,NaN,NaN,NaN,,NaN,,2451.730730708,2451.900947083,2451.900947083,2451.900947083,2451.900947083,2451.900947083,2451.900947083,2451.900947083,2451.900947083,2451.900947083,2460.074242291,7,-7,5,6,3.04822683299972,4,3.9950289999997,2451.439742041,2451.446164833,2451.900947083,2451.730713833,NaN,NaN,NaN,NaN,,NaN,,2451.436343583,2451.439695791,None,NaN,NaN,,NaN,NaN,NaN,NaN,NaN,NaN,NaN,12,kitchen,2,2024-04-10_10h03.09.698,image_similarity_rating,2023.2.3,None,2024-04-10 10h03.23.237854 +0200
,113,136,290,290,stimuli/own/kitchen/113_kit.jpg,stimuli/own/kitchen/136_kit.jpg,NaN,NaN,NaN,NaN,NaN,NaN,NaN,NaN,0,281,281,289,2460.096039541,NaN,NaN,NaN,NaN,NaN,NaN,NaN,,NaN,,2460.380280041,2460.550415666,2460.550415666,2460.550415666,2460.550415666,2460.550415666,2460.550415666,2460.550415666,2460.550415666,2460.550415666,2481.940404875,-7,7,5,5,20.3269621670001,5,21.1175616659998,2460.077865375,2460.096039541,NaN,2460.380254333,NaN,NaN,NaN,NaN,,NaN,,2460.074459708,2460.077819666,None,NaN,NaN,,NaN,NaN,NaN,NaN,NaN,NaN,NaN,12,kitchen,2,2024-04-10_10h03.09.698,image_similarity_rating,2023.2.3,None,2024-04-10 10h03.23.237854 +0200
,105,116,137,137,stimuli/own/kitchen/105_kit.jpg,stimuli/own/kitchen/116_kit.jpg,NaN,NaN,NaN,NaN,NaN,NaN,NaN,NaN,0,282,282,136,2481.945937458,NaN,NaN,NaN,NaN,NaN,NaN,NaN,,NaN,,2482.230641541,2482.397230625,2482.397230625,2482.397230625,2482.397230625,2482.397230625,2482.397230625,2482.397230625,2482.397230625,2482.397230625,2497.420630625,7,-7,5,5,14.2100431669996,6,9.45620583400023,2481.944037791,2481.945937458,2482.397230625,2482.230626958,NaN,NaN,NaN,NaN,,NaN,,2481.940621833,2481.94399225,None,NaN,NaN,,NaN,NaN,NaN,NaN,NaN,NaN,NaN,12,kitchen,2,2024-04-10_10h03.09.698,image_similarity_rating,2023.2.3,None,2024-04-10 10h03.23.237854 +0200
,103,122,82,82,stimuli/own/kitchen/103_kit.jpg,stimuli/own/kitchen/122_kit.jpg,NaN,NaN,NaN,NaN,NaN,NaN,NaN,NaN,0,283,283,81,2497.429242291,NaN,NaN,NaN,NaN,NaN,NaN,NaN,,NaN,,2497.714769708,2497.879920916,2497.879920916,2497.879920916,2497.879920916,2497.879920916,2497.879920916,2497.879920916,2497.879920916,2497.879920916,2504.118966958,-7,7,5,5,3.52438445799999,4,5.17854479200014,2497.424444291,2497.429242291,2497.879920916,2497.714757166,NaN,NaN,NaN,NaN,,NaN,,2497.420853875,2497.424397375,None,NaN,NaN,,NaN,NaN,NaN,NaN,NaN,NaN,NaN,12,kitchen,2,2024-04-10_10h03.09.698,image_similarity_rating,2023.2.3,None,2024-04-10 10h03.23.237854 +0200
,109,132,209,209,stimuli/own/kitchen/109_kit.jpg,stimuli/own/kitchen/132_kit.jpg,NaN,NaN,NaN,NaN,NaN,NaN,NaN,NaN,0,284,284,208,2504.129245958,NaN,NaN,NaN,NaN,NaN,NaN,NaN,,NaN,,2504.413900791,2504.580633875,2504.580633875,2504.580633875,2504.580633875,2504.580633875,2504.580633875,2504.580633875,2504.580633875,2504.580633875,2510.694578916,-7,7,5,3,2.61119412500011,2,5.16450220800016,2504.122623,2504.129245958,2504.580633875,2504.413885916,NaN,NaN,NaN,NaN,,NaN,,2504.119185291,2504.1225775,None,NaN,NaN,,NaN,NaN,NaN,NaN,NaN,NaN,NaN,12,kitchen,2,2024-04-10_10h03.09.698,image_similarity_rating,2023.2.3,None,2024-04-10 10h03.23.237854 +0200
,126,136,512,512,stimuli/own/kitchen/126_kit.jpg,stimuli/own/kitchen/136_kit.jpg,NaN,NaN,NaN,NaN,NaN,NaN,NaN,NaN,0,285,285,511,2510.700238708,NaN,NaN,NaN,NaN,NaN,NaN,NaN,,NaN,,2510.984393791,2511.148935875,2511.148935875,2511.148935875,2511.148935875,2511.148935875,2511.148935875,2511.148935875,2511.148935875,2511.148935875,2516.478000041,-7,7,5,7,4.00358316700022,6,4.97823450000033,2510.698287458,2510.700238708,2511.148935875,2510.984382083,NaN,NaN,NaN,NaN,,NaN,,2510.694804,2510.698241,None,NaN,NaN,,NaN,NaN,NaN,NaN,NaN,NaN,NaN,12,kitchen,2,2024-04-10_10h03.09.698,image_similarity_rating,2023.2.3,None,2024-04-10 10h03.23.237854 +0200
,120,123,408,408,stimuli/own/kitchen/120_kit.jpg,stimuli/own/kitchen/123_kit.jpg,NaN,NaN,NaN,NaN,NaN,NaN,NaN,NaN,0,286,286,407,2516.483639333,NaN,NaN,NaN,NaN,NaN,NaN,NaN,,NaN,,2516.768538541,2516.938894958,2516.938894958,2516.938894958,2516.938894958,2516.938894958,2516.938894958,2516.938894958,2516.938894958,2516.938894958,2521.790371333,-7,7,5,6,3.83358691700005,4,4.45979808300035,2516.481707333,2516.483639333,2516.938894958,2516.768523166,NaN,NaN,NaN,NaN,,NaN,,2516.478244125,2516.481661208,None,NaN,NaN,,NaN,NaN,NaN,NaN,NaN,NaN,NaN,12,kitchen,2,2024-04-10_10h03.09.698,image_similarity_rating,2023.2.3,None,2024-04-10 10h03.23.237854 +0200
,105,119,140,140,stimuli/own/kitchen/105_kit.jpg,stimuli/own/kitchen/119_kit.jpg,NaN,NaN,NaN,NaN,NaN,NaN,NaN,NaN,0,287,287,139,2521.812523458,NaN,NaN,NaN,NaN,NaN,NaN,NaN,,NaN,,2522.096561208,2522.269363375,2522.269363375,2522.269363375,2522.269363375,2522.269363375,2522.269363375,2522.269363375,2522.269363375,2522.269363375,2528.51160175,-7,7,5,6,4.23971433299994,3,4.81780541599983,2521.794024375,2521.812523458,NaN,2522.096541291,NaN,NaN,NaN,NaN,,NaN,,2521.790587541,2521.793978375,None,NaN,NaN,,NaN,NaN,NaN,NaN,NaN,NaN,NaN,12,kitchen,2,2024-04-10_10h03.09.698,image_similarity_rating,2023.2.3,None,2024-04-10 10h03.23.237854 +0200
,106,109,161,161,stimuli/own/kitchen/106_kit.jpg,stimuli/own/kitchen/109_kit.jpg,NaN,NaN,NaN,NaN,NaN,NaN,NaN,NaN,0,288,288,160,2528.517067541,NaN,NaN,NaN,NaN,NaN,NaN,NaN,,NaN,,2528.8011045,2528.966826916,2528.966826916,2528.966826916,2528.966826916,2528.966826916,2528.966826916,2528.966826916,2528.966826916,2528.966826916,2538.035498791,-7,7,5,3,6.72715470799994,5,8.3197356669998,2528.515304416,2528.517067541,2528.966826916,2528.801092875,NaN,NaN,NaN,NaN,,NaN,,2528.51182525,2528.5152575,None,NaN,NaN,,NaN,NaN,NaN,NaN,NaN,NaN,NaN,12,kitchen,2,2024-04-10_10h03.09.698,image_similarity_rating,2023.2.3,None,2024-04-10 10h03.23.237854 +0200
,118,119,365,365,stimuli/own/kitchen/118_kit.jpg,stimuli/own/kitchen/119_kit.jpg,NaN,NaN,NaN,NaN,NaN,NaN,NaN,NaN,0,289,289,364,2538.045831541,NaN,NaN,NaN,NaN,NaN,NaN,NaN,,NaN,,2538.330936708,2538.497744125,2538.497744125,2538.497744125,2538.497744125,2538.497744125,2538.497744125,2538.497744125,2538.497744125,2538.497744125,2548.283144208,-7,7,5,5,8.13821687500013,3,9.31086400000004,2538.03917,2538.045831541,2538.497744125,2538.330922583,NaN,NaN,NaN,NaN,,NaN,,2538.035718208,2538.039123916,None,NaN,NaN,,NaN,NaN,NaN,NaN,NaN,NaN,NaN,12,kitchen,2,2024-04-10_10h03.09.698,image_similarity_rating,2023.2.3,None,2024-04-10 10h03.23.237854 +0200
,101,126,21,21,stimuli/own/kitchen/101_kit.jpg,stimuli/own/kitchen/126_kit.jpg,NaN,NaN,NaN,NaN,NaN,NaN,NaN,NaN,0,290,290,20,2548.295672583,NaN,NaN,NaN,NaN,NaN,NaN,NaN,,NaN,,2548.580325,2548.745666583,2548.745666583,2548.745666583,2548.745666583,2548.745666583,2548.745666583,2548.745666583,2548.745666583,2548.745666583,2554.500174416,7,-7,5,5,4.38649304199998,3,5.35049904100015,2548.286999166,2548.295672583,2548.745666583,2548.580311833,NaN,NaN,NaN,NaN,,NaN,,2548.283378125,2548.286950708,None,NaN,NaN,,NaN,NaN,NaN,NaN,NaN,NaN,NaN,12,kitchen,2,2024-04-10_10h03.09.698,image_similarity_rating,2023.2.3,None,2024-04-10 10h03.23.237854 +0200
,138,140,591,591,stimuli/own/kitchen/138_kit.jpg,stimuli/own/kitchen/140_kit.jpg,NaN,NaN,NaN,NaN,NaN,NaN,NaN,NaN,0,291,291,590,2554.512753416,NaN,NaN,NaN,NaN,NaN,NaN,NaN,,NaN,,2554.796988333,2554.963817291,2554.963817291,2554.963817291,2554.963817291,2554.963817291,2554.963817291,2554.963817291,2554.963817291,2554.963817291,2558.982547666,-7,7,5,6,3.4000246669998,4,3.8518427920003,2554.504037458,2554.512753416,2554.963817291,2554.796973333,NaN,NaN,NaN,NaN,,NaN,,2554.500400833,2554.503989125,None,NaN,NaN,,NaN,NaN,NaN,NaN,NaN,NaN,NaN,12,kitchen,2,2024-04-10_10h03.09.698,image_similarity_rating,2023.2.3,None,2024-04-10 10h03.23.237854 +0200
,113,117,273,273,stimuli/own/kitchen/113_kit.jpg,stimuli/own/kitchen/117_kit.jpg,NaN,NaN,NaN,NaN,NaN,NaN,NaN,NaN,0,292,292,272,2558.995867166,NaN,NaN,NaN,NaN,NaN,NaN,NaN,,NaN,,2559.280769125,2559.446242083,2559.446242083,2559.446242083,2559.446242083,2559.446242083,2559.446242083,2559.446242083,2559.446242083,2559.446242083,2566.82351675,7,-7,5,6,3.52330475000008,4,3.88926108300029,2558.986423416,2558.995867166,2559.446242083,2559.280755375,NaN,NaN,NaN,NaN,,NaN,,2558.9827805,2558.986375041,None,NaN,NaN,,NaN,NaN,NaN,NaN,NaN,NaN,NaN,12,kitchen,2,2024-04-10_10h03.09.698,image_similarity_rating,2023.2.3,None,2024-04-10 10h03.23.237854 +0200
,102,130,57,57,stimuli/own/kitchen/102_kit.jpg,stimuli/own/kitchen/130_kit.jpg,NaN,NaN,NaN,NaN,NaN,NaN,NaN,NaN,0,293,293,56,2566.845961041,NaN,NaN,NaN,NaN,NaN,NaN,NaN,,NaN,,2567.129787375,2567.298989125,2567.298989125,2567.298989125,2567.298989125,2567.298989125,2567.298989125,2567.298989125,2567.298989125,2567.298989125,2571.702304125,7,-7,5,5,3.14369041700002,3,3.58074104200023,2566.827285541,2566.845961041,NaN,2567.129767375,NaN,NaN,NaN,NaN,,NaN,,2566.823734083,2566.827239083,None,NaN,NaN,,NaN,NaN,NaN,NaN,NaN,NaN,NaN,12,kitchen,2,2024-04-10_10h03.09.698,image_similarity_rating,2023.2.3,None,2024-04-10 10h03.23.237854 +0200
,103,116,76,76,stimuli/own/kitchen/103_kit.jpg,stimuli/own/kitchen/116_kit.jpg,NaN,NaN,NaN,NaN,NaN,NaN,NaN,NaN,0,294,294,75,2571.712313291,NaN,NaN,NaN,NaN,NaN,NaN,NaN,,NaN,,2571.9969245,2572.163033625,2572.163033625,2572.163033625,2572.163033625,2572.163033625,2572.163033625,2572.163033625,2572.163033625,2572.163033625,2579.94009825,7,-7,5,7,5.54784358299958,4,7.23202704200003,2571.705964,2571.712313291,2572.163033625,2571.996910791,NaN,NaN,NaN,NaN,,NaN,,2571.702522291,2571.705918041,None,NaN,NaN,,NaN,NaN,NaN,NaN,NaN,NaN,NaN,12,kitchen,2,2024-04-10_10h03.09.698,image_similarity_rating,2023.2.3,None,2024-04-10 10h03.23.237854 +0200
,105,124,145,145,stimuli/own/kitchen/105_kit.jpg,stimuli/own/kitchen/124_kit.jpg,NaN,NaN,NaN,NaN,NaN,NaN,NaN,NaN,0,295,295,144,2579.96230825,NaN,NaN,NaN,NaN,NaN,NaN,NaN,,NaN,,2580.246567833,2580.413676375,2580.413676375,2580.413676375,2580.413676375,2580.413676375,2580.413676375,2580.413676375,2580.413676375,2580.413676375,2588.295011125,-7,7,5,5,4.34182008400012,5,7.67543225000009,2579.943893166,2579.96230825,NaN,2580.246550125,NaN,NaN,NaN,NaN,,NaN,,2579.940315916,2579.943846458,None,NaN,NaN,,NaN,NaN,NaN,NaN,NaN,NaN,NaN,12,kitchen,2,2024-04-10_10h03.09.698,image_similarity_rating,2023.2.3,None,2024-04-10 10h03.23.237854 +0200
,104,123,114,114,stimuli/own/kitchen/104_kit.jpg,stimuli/own/kitchen/123_kit.jpg,NaN,NaN,NaN,NaN,NaN,NaN,NaN,NaN,0,296,296,113,2588.300733333,NaN,NaN,NaN,NaN,NaN,NaN,NaN,,NaN,,2588.584278708,2588.750453833,2588.750453833,2588.750453833,2588.750453833,2588.750453833,2588.750453833,2588.750453833,2588.750453833,2588.750453833,2598.56953075,7,-7,5,7,8.2125094590001,4,9.48386320899999,2588.298804041,2588.300733333,2588.750453833,2588.584266291,NaN,NaN,NaN,NaN,,NaN,,2588.295228666,2588.298757041,None,NaN,NaN,,NaN,NaN,NaN,NaN,NaN,NaN,NaN,12,kitchen,2,2024-04-10_10h03.09.698,image_similarity_rating,2023.2.3,None,2024-04-10 10h03.23.237854 +0200
,111,134,237,237,stimuli/own/kitchen/111_kit.jpg,stimuli/own/kitchen/134_kit.jpg,NaN,NaN,NaN,NaN,NaN,NaN,NaN,NaN,0,297,297,236,2598.579036291,NaN,NaN,NaN,NaN,NaN,NaN,NaN,,NaN,,2598.863573875,2599.0308455,2599.0308455,2599.0308455,2599.0308455,2599.0308455,2599.0308455,2599.0308455,2599.0308455,2599.0308455,2607.439823958,7,-7,5,6,4.1808336250001,6,7.87512170899981,2598.573211166,2598.579036291,2599.0308455,2598.863558666,NaN,NaN,NaN,NaN,,NaN,,2598.569752333,2598.573165,None,NaN,NaN,,NaN,NaN,NaN,NaN,NaN,NaN,NaN,12,kitchen,2,2024-04-10_10h03.09.698,image_similarity_rating,2023.2.3,None,2024-04-10 10h03.23.237854 +0200
,113,134,288,288,stimuli/own/kitchen/113_kit.jpg,stimuli/own/kitchen/134_kit.jpg,NaN,NaN,NaN,NaN,NaN,NaN,NaN,NaN,0,298,298,287,2607.462396375,NaN,NaN,NaN,NaN,NaN,NaN,NaN,,NaN,,2607.746357041,2607.910428291,2607.910428291,2607.910428291,2607.910428291,2607.910428291,2607.910428291,2607.910428291,2607.910428291,2607.910428291,2631.481200583,7,-7,5,5,22.3918910420002,5,11.2700353750001,2607.443722041,2607.462396375,NaN,2607.746344375,NaN,NaN,NaN,NaN,,NaN,,2607.440040041,2607.443672708,None,NaN,NaN,,NaN,NaN,NaN,NaN,NaN,NaN,NaN,12,kitchen,2,2024-04-10_10h03.09.698,image_similarity_rating,2023.2.3,None,2024-04-10 10h03.23.237854 +0200
,127,141,529,529,stimuli/own/kitchen/127_kit.jpg,stimuli/own/kitchen/141_kit.jpg,NaN,NaN,NaN,NaN,NaN,NaN,NaN,NaN,0,299,299,528,2631.486634083,NaN,NaN,NaN,NaN,NaN,NaN,NaN,,NaN,,2631.780136041,2631.946473,2631.946473,2631.946473,2631.946473,2631.946473,2631.946473,2631.946473,2631.946473,2631.946473,2637.20641725,7,-7,5,5,3.71132325000008,6,4.59275412499983,2631.484870916,2631.486634083,2631.946473,2631.780120625,NaN,NaN,NaN,NaN,,NaN,,2631.481421791,2631.484824916,None,NaN,NaN,,NaN,NaN,NaN,NaN,NaN,NaN,NaN,12,kitchen,2,2024-04-10_10h03.09.698,image_similarity_rating,2023.2.3,None,2024-04-10 10h03.23.237854 +0200
,101,135,28,28,stimuli/own/kitchen/101_kit.jpg,stimuli/own/kitchen/135_kit.jpg,NaN,NaN,NaN,NaN,NaN,NaN,NaN,NaN,0,300,300,27,2637.212374958,NaN,NaN,NaN,NaN,NaN,NaN,NaN,,NaN,,2637.496861458,2637.669712541,2637.669712541,2637.669712541,2637.669712541,2637.669712541,2637.669712541,2637.669712541,2637.669712541,2637.669712541,2643.686752791,-7,7,5,5,4.64193329099999,3,5.60268729100017,2637.210105,2637.212374958,2637.669712541,2637.496844833,NaN,NaN,NaN,NaN,,NaN,,2637.20663175,2637.210058958,None,NaN,NaN,,NaN,NaN,NaN,NaN,NaN,NaN,NaN,12,kitchen,2,2024-04-10_10h03.09.698,image_similarity_rating,2023.2.3,None,2024-04-10 10h03.23.237854 +0200
,116,129,331,331,stimuli/own/kitchen/116_kit.jpg,stimuli/own/kitchen/129_kit.jpg,NaN,NaN,NaN,NaN,NaN,NaN,NaN,NaN,0,301,301,330,2643.695404125,NaN,NaN,NaN,NaN,NaN,NaN,NaN,,NaN,,2643.980022916,2644.145495041,2644.145495041,2644.145495041,2644.145495041,2644.145495041,2644.145495041,2644.145495041,2644.145495041,2644.145495041,2651.486940916,-7,7,5,2,7.25552991699988,2,5.90278545899992,2643.690405375,2643.695404125,2644.145495041,2643.980009916,NaN,NaN,NaN,NaN,,NaN,,2643.686969458,2643.690359083,None,NaN,NaN,,NaN,NaN,NaN,NaN,NaN,NaN,NaN,12,kitchen,2,2024-04-10_10h03.09.698,image_similarity_rating,2023.2.3,None,2024-04-10 10h03.23.237854 +0200
,109,113,192,192,stimuli/own/kitchen/109_kit.jpg,stimuli/own/kitchen/113_kit.jpg,NaN,NaN,NaN,NaN,NaN,NaN,NaN,NaN,0,302,302,191,2651.495340208,NaN,NaN,NaN,NaN,NaN,NaN,NaN,,NaN,,2651.780022791,2651.9445085,2651.9445085,2651.9445085,2651.9445085,2651.9445085,2651.9445085,2651.9445085,2651.9445085,2651.9445085,2657.436000791,-7,7,5,2,4.32751550000012,1,4.85406854100029,2651.490632833,2651.495340208,2651.9445085,2651.780012875,NaN,NaN,NaN,NaN,,NaN,,2651.487157166,2651.490586458,None,NaN,NaN,,NaN,NaN,NaN,NaN,NaN,NaN,NaN,12,kitchen,2,2024-04-10_10h03.09.698,image_similarity_rating,2023.2.3,None,2024-04-10 10h03.23.237854 +0200
,120,129,413,413,stimuli/own/kitchen/120_kit.jpg,stimuli/own/kitchen/129_kit.jpg,NaN,NaN,NaN,NaN,NaN,NaN,NaN,NaN,0,303,303,412,2657.445515208,NaN,NaN,NaN,NaN,NaN,NaN,NaN,,NaN,,2657.729966833,2657.894384625,2657.894384625,2657.894384625,2657.894384625,2657.894384625,2657.894384625,2657.894384625,2657.894384625,2657.894384625,2663.735326875,7,-7,5,1,5.40478637499973,1,3.74265962499976,2657.439669833,2657.445515208,2657.894384625,2657.729956833,NaN,NaN,NaN,NaN,,NaN,,2657.436221,2657.439624041,None,NaN,NaN,,NaN,NaN,NaN,NaN,NaN,NaN,NaN,12,kitchen,2,2024-04-10_10h03.09.698,image_similarity_rating,2023.2.3,None,2024-04-10 10h03.23.237854 +0200
,117,131,355,355,stimuli/own/kitchen/117_kit.jpg,stimuli/own/kitchen/131_kit.jpg,NaN,NaN,NaN,NaN,NaN,NaN,NaN,NaN,0,304,304,354,2663.745492166,NaN,NaN,NaN,NaN,NaN,NaN,NaN,,NaN,,2664.030029541,2664.199616458,2664.199616458,2664.199616458,2664.199616458,2664.199616458,2664.199616458,2664.199616458,2664.199616458,2664.199616458,2668.381035583,-7,7,5,2,3.68874454100023,1,3.96496750000006,2663.7389825,2663.745492166,2664.199616458,2664.030012625,NaN,NaN,NaN,NaN,,NaN,,2663.735544083,2663.738936916,None,NaN,NaN,,NaN,NaN,NaN,NaN,NaN,NaN,NaN,12,kitchen,2,2024-04-10_10h03.09.698,image_similarity_rating,2023.2.3,None,2024-04-10 10h03.23.237854 +0200
,119,126,392,392,stimuli/own/kitchen/119_kit.jpg,stimuli/own/kitchen/126_kit.jpg,NaN,NaN,NaN,NaN,NaN,NaN,NaN,NaN,0,305,305,391,2668.386770833,NaN,NaN,NaN,NaN,NaN,NaN,NaN,,NaN,,2668.67991075,2668.848403916,2668.848403916,2668.848403916,2668.848403916,2668.848403916,2668.848403916,2668.848403916,2668.848403916,2668.848403916,2674.118577333,-7,7,5,3,2.85425695799995,3,4.32110454099984,2668.384671791,2668.386770833,2668.848403916,2668.679894166,NaN,NaN,NaN,NaN,,NaN,,2668.381251,2668.384625375,None,NaN,NaN,,NaN,NaN,NaN,NaN,NaN,NaN,NaN,12,kitchen,2,2024-04-10_10h03.09.698,image_similarity_rating,2023.2.3,None,2024-04-10 10h03.23.237854 +0200
,104,105,100,100,stimuli/own/kitchen/104_kit.jpg,stimuli/own/kitchen/105_kit.jpg,NaN,NaN,NaN,NaN,NaN,NaN,NaN,NaN,0,306,306,99,2674.12879525,NaN,NaN,NaN,NaN,NaN,NaN,NaN,,NaN,,2674.41318775,2674.58546525,2674.58546525,2674.58546525,2674.58546525,2674.58546525,2674.58546525,2674.58546525,2674.58546525,2674.58546525,2678.340758375,-7,7,5,4,3.25259479099986,3,3.56944166600033,2674.122336583,2674.12879525,2674.58546525,2674.413172,NaN,NaN,NaN,NaN,,NaN,,2674.118796416,2674.122290666,None,NaN,NaN,,NaN,NaN,NaN,NaN,NaN,NaN,NaN,12,kitchen,2,2024-04-10_10h03.09.698,image_similarity_rating,2023.2.3,None,2024-04-10 10h03.23.237854 +0200
,111,139,242,242,stimuli/own/kitchen/111_kit.jpg,stimuli/own/kitchen/139_kit.jpg,NaN,NaN,NaN,NaN,NaN,NaN,NaN,NaN,0,307,307,241,2678.346652583,NaN,NaN,NaN,NaN,NaN,NaN,NaN,,NaN,,2678.629938333,2678.7955615,2678.7955615,2678.7955615,2678.7955615,2678.7955615,2678.7955615,2678.7955615,2678.7955615,2678.7955615,2683.998133875,7,-7,5,4,4.49803470899997,5,5.04863266699977,2678.344529166,2678.346652583,2678.7955615,2678.629923833,NaN,NaN,NaN,NaN,,NaN,,2678.340972208,2678.344483083,None,NaN,NaN,,NaN,NaN,NaN,NaN,NaN,NaN,NaN,12,kitchen,2,2024-04-10_10h03.09.698,image_similarity_rating,2023.2.3,None,2024-04-10 10h03.23.237854 +0200
,113,140,294,294,stimuli/own/kitchen/113_kit.jpg,stimuli/own/kitchen/140_kit.jpg,NaN,NaN,NaN,NaN,NaN,NaN,NaN,NaN,0,308,308,293,2684.003887083,NaN,NaN,NaN,NaN,NaN,NaN,NaN,,NaN,,2684.296560416,2684.463777916,2684.463777916,2684.463777916,2684.463777916,2684.463777916,2684.463777916,2684.463777916,2684.463777916,2684.463777916,2692.57304175,7,-7,5,6,7.60235074999991,7,4.5224028749999,2684.001942208,2684.003887083,2684.463777916,2684.296545291,NaN,NaN,NaN,NaN,,NaN,,2683.998357958,2684.001894833,None,NaN,NaN,,NaN,NaN,NaN,NaN,NaN,NaN,NaN,12,kitchen,2,2024-04-10_10h03.09.698,image_similarity_rating,2023.2.3,None,2024-04-10 10h03.23.237854 +0200
,121,124,427,427,stimuli/own/kitchen/121_kit.jpg,stimuli/own/kitchen/124_kit.jpg,NaN,NaN,NaN,NaN,NaN,NaN,NaN,NaN,0,309,309,426,2692.578506416,NaN,NaN,NaN,NaN,NaN,NaN,NaN,,NaN,,2692.863826333,2693.029633833,2693.029633833,2693.029633833,2693.029633833,2693.029633833,2693.029633833,2693.029633833,2693.029633833,2693.029633833,2702.911325083,7,-7,5,5,9.67517166700009,5,8.66475616699972,2692.576690666,2692.578506416,2693.029633833,2692.863808666,NaN,NaN,NaN,NaN,,NaN,,2692.573258208,2692.576644291,None,NaN,NaN,,NaN,NaN,NaN,NaN,NaN,NaN,NaN,12,kitchen,2,2024-04-10_10h03.09.698,image_similarity_rating,2023.2.3,None,2024-04-10 10h03.23.237854 +0200
,136,139,583,600,stimuli/own/kitchen/136_kit.jpg,stimuli/own/kitchen/139_kit.jpg,NaN,NaN,NaN,NaN,NaN,NaN,NaN,NaN,0,310,310,599,2702.917052416,NaN,NaN,NaN,NaN,NaN,NaN,NaN,,NaN,,2703.200990333,2703.365168708,2703.365168708,2703.365168708,2703.365168708,2703.365168708,2703.365168708,2703.365168708,2703.365168708,2703.365168708,2714.819192708,-7,7,5,5,8.34994312500021,4,10.3037964169998,2702.915115791,2702.917052416,2703.365168708,2703.200977541,NaN,NaN,NaN,NaN,,NaN,,2702.911541166,2702.915069708,None,NaN,NaN,,NaN,NaN,NaN,NaN,NaN,NaN,NaN,12,kitchen,2,2024-04-10_10h03.09.698,image_similarity_rating,2023.2.3,None,2024-04-10 10h03.23.237854 +0200
,117,138,361,361,stimuli/own/kitchen/117_kit.jpg,stimuli/own/kitchen/138_kit.jpg,NaN,NaN,NaN,NaN,NaN,NaN,NaN,NaN,0,311,311,360,2714.828550625,NaN,NaN,NaN,NaN,NaN,NaN,NaN,,NaN,,2715.113111541,2715.285512833,2715.285512833,2715.285512833,2715.285512833,2715.285512833,2715.285512833,2715.285512833,2715.285512833,2715.285512833,2726.514886333,7,-7,5,6,5.62802520900004,5,11.1092492919997,2714.8228975,2714.828550625,2715.285512833,2715.113095208,NaN,NaN,NaN,NaN,,NaN,,2714.819410708,2714.822851833,None,NaN,NaN,,NaN,NaN,NaN,NaN,NaN,NaN,NaN,12,kitchen,2,2024-04-10_10h03.09.698,image_similarity_rating,2023.2.3,None,2024-04-10 10h03.23.237854 +0200
,112,118,249,249,stimuli/own/kitchen/112_kit.jpg,stimuli/own/kitchen/118_kit.jpg,NaN,NaN,NaN,NaN,NaN,NaN,NaN,NaN,0,312,312,248,2726.52051225,NaN,NaN,NaN,NaN,NaN,NaN,NaN,,NaN,,2726.81308375,2726.978832833,2726.978832833,2726.978832833,2726.978832833,2726.978832833,2726.978832833,2726.978832833,2726.978832833,2726.978832833,2732.4608895,7,-7,5,7,3.20300416700002,5,3.88245716599977,2726.518568375,2726.52051225,2726.978832833,2726.813069041,NaN,NaN,NaN,NaN,,NaN,,2726.515107208,2726.518522458,None,NaN,NaN,,NaN,NaN,NaN,NaN,NaN,NaN,NaN,12,kitchen,2,2024-04-10_10h03.09.698,image_similarity_rating,2023.2.3,None,2024-04-10 10h03.23.237854 +0200
,126,138,514,514,stimuli/own/kitchen/126_kit.jpg,stimuli/own/kitchen/138_kit.jpg,NaN,NaN,NaN,NaN,NaN,NaN,NaN,NaN,0,313,313,513,2732.466511333,NaN,NaN,NaN,NaN,NaN,NaN,NaN,,NaN,,2732.750252708,2732.915590208,2732.915590208,2732.915590208,2732.915590208,2732.915590208,2732.915590208,2732.915590208,2732.915590208,2732.915590208,2737.06992175,-7,7,5,7,2.89941483299981,6,3.35369087500021,2732.464571,2732.466511333,2732.915590208,2732.750240583,NaN,NaN,NaN,NaN,,NaN,,2732.461106958,2732.464524625,None,NaN,NaN,,NaN,NaN,NaN,NaN,NaN,NaN,NaN,12,kitchen,2,2024-04-10_10h03.09.698,image_similarity_rating,2023.2.3,None,2024-04-10 10h03.23.237854 +0200
,111,112,218,218,stimuli/own/kitchen/111_kit.jpg,stimuli/own/kitchen/112_kit.jpg,NaN,NaN,NaN,NaN,NaN,NaN,NaN,NaN,0,314,314,217,2737.078452875,NaN,NaN,NaN,NaN,NaN,NaN,NaN,,NaN,,2737.363005791,2737.529038125,2737.529038125,2737.529038125,2737.529038125,2737.529038125,2737.529038125,2737.529038125,2737.529038125,2737.529038125,2745.02306775,-7,7,5,7,2.66456449999987,5,5.41965045899997,2737.0736755,2737.078452875,2737.529038125,2737.36298,NaN,NaN,NaN,NaN,,NaN,,2737.070145083,2737.073629333,None,NaN,NaN,,NaN,NaN,NaN,NaN,NaN,NaN,NaN,12,kitchen,2,2024-04-10_10h03.09.698,image_similarity_rating,2023.2.3,None,2024-04-10 10h03.23.237854 +0200
,114,135,313,313,stimuli/own/kitchen/114_kit.jpg,stimuli/own/kitchen/135_kit.jpg,NaN,NaN,NaN,NaN,NaN,NaN,NaN,NaN,0,315,315,312,2745.045010083,NaN,NaN,NaN,NaN,NaN,NaN,NaN,,NaN,,2762.963006333,2763.137665291,2763.137665291,2763.137665291,2763.137665291,2763.137665291,2763.137665291,2763.137665291,2763.137665291,2763.137665291,2771.166091666,-7,7,6,4,7.83442037500026,4,4.06914108299998,2762.666201541,2762.670049041,2763.137665291,2762.962989958,NaN,NaN,NaN,NaN,,NaN,,2745.023286166,2762.665543791,space,2745.045010083,17.6202835829999,None,NaN,NaN,NaN,NaN,NaN,NaN,NaN,12,kitchen,2,2024-04-10_10h03.09.698,image_similarity_rating,2023.2.3,None,2024-04-10 10h03.23.237854 +0200
,103,134,92,92,stimuli/own/kitchen/103_kit.jpg,stimuli/own/kitchen/134_kit.jpg,NaN,NaN,NaN,NaN,NaN,NaN,NaN,NaN,0,316,316,91,2771.178282416,NaN,NaN,NaN,NaN,NaN,NaN,NaN,,NaN,,2771.463048666,2771.628467083,2771.628467083,2771.628467083,2771.628467083,2771.628467083,2771.628467083,2771.628467083,2771.628467083,2771.628467083,2778.043738958,7,-7,6,5,4.7510190830003,5,6.11711925000009,2771.170434791,2771.178282416,2771.628467083,2771.463033541,NaN,NaN,NaN,NaN,,NaN,,2771.166310375,2771.170387375,None,NaN,NaN,,NaN,NaN,NaN,NaN,NaN,NaN,NaN,12,kitchen,2,2024-04-10_10h03.09.698,image_similarity_rating,2023.2.3,None,2024-04-10 10h03.23.237854 +0200
,113,139,293,293,stimuli/own/kitchen/113_kit.jpg,stimuli/own/kitchen/139_kit.jpg,NaN,NaN,NaN,NaN,NaN,NaN,NaN,NaN,0,317,317,292,2778.049350833,NaN,NaN,NaN,NaN,NaN,NaN,NaN,,NaN,,2778.3342595,2778.500669125,2778.500669125,2778.500669125,2778.500669125,2778.500669125,2778.500669125,2778.500669125,2778.500669125,2778.500669125,2789.201805375,-7,7,6,4,7.71886295900003,3,6.51094812500014,2778.047415583,2778.049350833,2778.500669125,2778.334246416,NaN,NaN,NaN,NaN,,NaN,,2778.043969583,2778.047368541,None,NaN,NaN,,NaN,NaN,NaN,NaN,NaN,NaN,NaN,12,kitchen,2,2024-04-10_10h03.09.698,image_similarity_rating,2023.2.3,None,2024-04-10 10h03.23.237854 +0200
,104,111,103,103,stimuli/own/kitchen/104_kit.jpg,stimuli/own/kitchen/111_kit.jpg,NaN,NaN,NaN,NaN,NaN,NaN,NaN,NaN,0,318,318,102,2789.211742375,NaN,NaN,NaN,NaN,NaN,NaN,NaN,,NaN,,2789.496233166,2789.667976583,2789.667976583,2789.667976583,2789.667976583,2789.667976583,2789.667976583,2789.667976583,2789.667976583,2789.667976583,2801.022498,7,-7,6,7,8.28593745799981,5,10.6270637089997,2789.205456666,2789.211742375,2789.667976583,2789.496210333,NaN,NaN,NaN,NaN,,NaN,,2789.202021333,2789.205410416,None,NaN,NaN,,NaN,NaN,NaN,NaN,NaN,NaN,NaN,12,kitchen,2,2024-04-10_10h03.09.698,image_similarity_rating,2023.2.3,None,2024-04-10 10h03.23.237854 +0200
,112,127,258,258,stimuli/own/kitchen/112_kit.jpg,stimuli/own/kitchen/127_kit.jpg,NaN,NaN,NaN,NaN,NaN,NaN,NaN,NaN,0,319,319,257,2801.027923791,NaN,NaN,NaN,NaN,NaN,NaN,NaN,,NaN,,2801.313035791,2801.480771,2801.480771,2801.480771,2801.480771,2801.480771,2801.480771,2801.480771,2801.480771,2801.480771,2806.613994833,-7,7,6,7,4.09229499999992,6,4.5963190829998,2801.026155375,2801.027923791,2801.480771,2801.31301825,NaN,NaN,NaN,NaN,,NaN,,2801.022716041,2801.026109125,None,NaN,NaN,,NaN,NaN,NaN,NaN,NaN,NaN,NaN,12,kitchen,2,2024-04-10_10h03.09.698,image_similarity_rating,2023.2.3,None,2024-04-10 10h03.23.237854 +0200
,104,135,124,124,stimuli/own/kitchen/104_kit.jpg,stimuli/own/kitchen/135_kit.jpg,NaN,NaN,NaN,NaN,NaN,NaN,NaN,NaN,0,320,320,123,2806.619626291,NaN,NaN,NaN,NaN,NaN,NaN,NaN,,NaN,,2806.912864666,2807.081605041,2807.081605041,2807.081605041,2807.081605041,2807.081605041,2807.081605041,2807.081605041,2807.081605041,2807.081605041,2817.247223875,7,-7,6,6,7.06580704200042,5,9.30431016700004,2806.617636333,2806.619626291,2807.081605041,2806.912848708,NaN,NaN,NaN,NaN,,NaN,,2806.614215583,2806.617590041,None,NaN,NaN,,NaN,NaN,NaN,NaN,NaN,NaN,NaN,12,kitchen,2,2024-04-10_10h03.09.698,image_similarity_rating,2023.2.3,None,2024-04-10 10h03.23.237854 +0200
,111,141,244,244,stimuli/own/kitchen/111_kit.jpg,stimuli/own/kitchen/141_kit.jpg,NaN,NaN,NaN,NaN,NaN,NaN,NaN,NaN,0,321,321,243,2817.252632625,NaN,NaN,NaN,NaN,NaN,NaN,NaN,,NaN,,2817.546038916,2817.711948875,2817.711948875,2817.711948875,2817.711948875,2817.711948875,2817.711948875,2817.711948875,2817.711948875,2817.711948875,2828.143638541,-7,7,6,5,6.00359883300007,4,9.6829309159998,2817.250865416,2817.252632625,2817.711948875,2817.546024541,NaN,NaN,NaN,NaN,,NaN,,2817.24743775,2817.250819666,None,NaN,NaN,,NaN,NaN,NaN,NaN,NaN,NaN,NaN,12,kitchen,2,2024-04-10_10h03.09.698,image_similarity_rating,2023.2.3,None,2024-04-10 10h03.23.237854 +0200
,101,111,7,7,stimuli/own/kitchen/101_kit.jpg,stimuli/own/kitchen/111_kit.jpg,NaN,NaN,NaN,NaN,NaN,NaN,NaN,NaN,0,322,322,6,2828.14941325,NaN,NaN,NaN,NaN,NaN,NaN,NaN,,NaN,,2828.433273666,2828.5989895,2828.5989895,2828.5989895,2828.5989895,2828.5989895,2828.5989895,2828.5989895,2828.5989895,2828.5989895,2834.456034458,7,-7,6,6,4.26653625000017,4,5.67035466700008,2828.147496791,2828.14941325,2828.5989895,2828.433261875,NaN,NaN,NaN,NaN,,NaN,,2828.143885458,2828.1474505,None,NaN,NaN,,NaN,NaN,NaN,NaN,NaN,NaN,NaN,12,kitchen,2,2024-04-10_10h03.09.698,image_similarity_rating,2023.2.3,None,2024-04-10 10h03.23.237854 +0200
,124,129,479,479,stimuli/own/kitchen/124_kit.jpg,stimuli/own/kitchen/129_kit.jpg,NaN,NaN,NaN,NaN,NaN,NaN,NaN,NaN,0,323,323,478,2834.47807175,NaN,NaN,NaN,NaN,NaN,NaN,NaN,,NaN,,2834.762424791,2834.928981791,2834.928981791,2834.928981791,2834.928981791,2834.928981791,2834.928981791,2834.928981791,2834.928981791,2834.928981791,2848.860553125,7,-7,6,1,4.19532633300014,5,10.462306292,2834.459688208,2834.47807175,NaN,2834.762406541,NaN,NaN,NaN,NaN,,NaN,,2834.456250083,2834.459640625,None,NaN,NaN,,NaN,NaN,NaN,NaN,NaN,NaN,NaN,12,kitchen,2,2024-04-10_10h03.09.698,image_similarity_rating,2023.2.3,None,2024-04-10 10h03.23.237854 +0200
,123,136,470,470,stimuli/own/kitchen/123_kit.jpg,stimuli/own/kitchen/136_kit.jpg,NaN,NaN,NaN,NaN,NaN,NaN,NaN,NaN,0,324,324,469,2848.866168541,NaN,NaN,NaN,NaN,NaN,NaN,NaN,,NaN,,2849.149960791,2849.316340458,2849.316340458,2849.316340458,2849.316340458,2849.316340458,2849.316340458,2849.316340458,2849.316340458,2849.316340458,2858.856150625,7,-7,6,6,7.91278812499968,3,9.2406913750001,2848.864239458,2848.866168541,2849.316340458,2849.1499485,NaN,NaN,NaN,NaN,,NaN,,2848.860770666,2848.864193083,None,NaN,NaN,,NaN,NaN,NaN,NaN,NaN,NaN,NaN,12,kitchen,2,2024-04-10_10h03.09.698,image_similarity_rating,2023.2.3,None,2024-04-10 10h03.23.237854 +0200
,127,139,527,527,stimuli/own/kitchen/127_kit.jpg,stimuli/own/kitchen/139_kit.jpg,NaN,NaN,NaN,NaN,NaN,NaN,NaN,NaN,0,325,325,526,2858.878353208,NaN,NaN,NaN,NaN,NaN,NaN,NaN,,NaN,,2859.162098041,2859.328310208,2859.328310208,2859.328310208,2859.328310208,2859.328310208,2859.328310208,2859.328310208,2859.328310208,2859.328310208,2866.156327875,7,-7,6,3,2.42882845800023,3,5.96905725000033,2858.859792375,2858.878353208,NaN,2859.162071625,NaN,NaN,NaN,NaN,,NaN,,2858.856366916,2858.8597455,None,NaN,NaN,,NaN,NaN,NaN,NaN,NaN,NaN,NaN,12,kitchen,2,2024-04-10_10h03.09.698,image_similarity_rating,2023.2.3,None,2024-04-10 10h03.23.237854 +0200
,103,131,90,90,stimuli/own/kitchen/103_kit.jpg,stimuli/own/kitchen/131_kit.jpg,NaN,NaN,NaN,NaN,NaN,NaN,NaN,NaN,0,326,326,89,2866.177917625,NaN,NaN,NaN,NaN,NaN,NaN,NaN,,NaN,,2866.462052083,2866.630023208,2866.630023208,2866.630023208,2866.630023208,2866.630023208,2866.630023208,2866.630023208,2866.630023208,2866.630023208,2876.180583416,-7,7,6,1,6.33604300000025,2,8.17304000000013,2866.159996416,2866.177917625,NaN,2866.462033875,NaN,NaN,NaN,NaN,,NaN,,2866.156546166,2866.159950541,None,NaN,NaN,,NaN,NaN,NaN,NaN,NaN,NaN,NaN,12,kitchen,2,2024-04-10_10h03.09.698,image_similarity_rating,2023.2.3,None,2024-04-10 10h03.23.237854 +0200
,118,136,380,380,stimuli/own/kitchen/118_kit.jpg,stimuli/own/kitchen/136_kit.jpg,NaN,NaN,NaN,NaN,NaN,NaN,NaN,NaN,0,327,327,379,2876.186103166,NaN,NaN,NaN,NaN,NaN,NaN,NaN,,NaN,,2876.480204791,2876.645772083,2876.645772083,2876.645772083,2876.645772083,2876.645772083,2876.645772083,2876.645772083,2876.645772083,2876.645772083,2881.651695208,7,-7,6,6,3.39900920800028,4,4.30478866700014,2876.184244875,2876.186103166,2876.645772083,2876.48019075,NaN,NaN,NaN,NaN,,NaN,,2876.180802291,2876.184198791,None,NaN,NaN,,NaN,NaN,NaN,NaN,NaN,NaN,NaN,12,kitchen,2,2024-04-10_10h03.09.698,image_similarity_rating,2023.2.3,None,2024-04-10 10h03.23.237854 +0200
,101,116,11,11,stimuli/own/kitchen/101_kit.jpg,stimuli/own/kitchen/116_kit.jpg,NaN,NaN,NaN,NaN,NaN,NaN,NaN,NaN,0,328,328,10,2881.661449833,NaN,NaN,NaN,NaN,NaN,NaN,NaN,,NaN,,2881.946656208,2882.113241458,2882.113241458,2882.113241458,2882.113241458,2882.113241458,2882.113241458,2882.113241458,2882.113241458,2882.113241458,2889.88897,7,-7,6,6,3.85740391699983,5,7.28953533399999,2881.655341666,2881.661449833,2882.113241458,2881.946642041,NaN,NaN,NaN,NaN,,NaN,,2881.651912375,2881.655295791,None,NaN,NaN,,NaN,NaN,NaN,NaN,NaN,NaN,NaN,12,kitchen,2,2024-04-10_10h03.09.698,image_similarity_rating,2023.2.3,None,2024-04-10 10h03.23.237854 +0200
,112,140,269,269,stimuli/own/kitchen/112_kit.jpg,stimuli/own/kitchen/140_kit.jpg,NaN,NaN,NaN,NaN,NaN,NaN,NaN,NaN,0,329,329,268,2889.894439208,NaN,NaN,NaN,NaN,NaN,NaN,NaN,,NaN,,2890.179201541,2890.347287958,2890.347287958,2890.347287958,2890.347287958,2890.347287958,2890.347287958,2890.347287958,2890.347287958,2890.347287958,2894.868712416,-7,7,6,7,2.91654829100025,5,4.03296499999988,2889.892624291,2889.894439208,2890.347287958,2890.179187041,NaN,NaN,NaN,NaN,,NaN,,2889.889186666,2889.892577458,None,NaN,NaN,,NaN,NaN,NaN,NaN,NaN,NaN,NaN,12,kitchen,2,2024-04-10_10h03.09.698,image_similarity_rating,2023.2.3,None,2024-04-10 10h03.23.237854 +0200
,103,114,75,75,stimuli/own/kitchen/103_kit.jpg,stimuli/own/kitchen/114_kit.jpg,NaN,NaN,NaN,NaN,NaN,NaN,NaN,NaN,0,330,330,74,2894.878403541,NaN,NaN,NaN,NaN,NaN,NaN,NaN,,NaN,,2895.16299325,2895.328978083,2895.328978083,2895.328978083,2895.328978083,2895.328978083,2895.328978083,2895.328978083,2895.328978083,2895.328978083,2903.310099541,-7,7,6,5,4.74108183399994,4,7.17138775000012,2894.872468875,2894.878403541,2895.328978083,2895.162979791,NaN,NaN,NaN,NaN,,NaN,,2894.868928416,2894.872422625,None,NaN,NaN,,NaN,NaN,NaN,NaN,NaN,NaN,NaN,12,kitchen,2,2024-04-10_10h03.09.698,image_similarity_rating,2023.2.3,None,2024-04-10 10h03.23.237854 +0200
,113,126,282,282,stimuli/own/kitchen/113_kit.jpg,stimuli/own/kitchen/126_kit.jpg,NaN,NaN,NaN,NaN,NaN,NaN,NaN,NaN,0,331,331,281,2903.315861125,NaN,NaN,NaN,NaN,NaN,NaN,NaN,,NaN,,2903.613330958,2903.780800208,2903.780800208,2903.780800208,2903.780800208,2903.780800208,2903.780800208,2903.780800208,2903.780800208,2903.780800208,2908.089652833,-7,7,6,7,3.18050475000018,5,3.81259883299981,2903.313925958,2903.315861125,2903.780800208,2903.613290833,NaN,NaN,NaN,NaN,,NaN,,2903.31034325,2903.313879208,None,NaN,NaN,,NaN,NaN,NaN,NaN,NaN,NaN,NaN,12,kitchen,2,2024-04-10_10h03.09.698,image_similarity_rating,2023.2.3,None,2024-04-10 10h03.23.237854 +0200
,121,122,425,425,stimuli/own/kitchen/121_kit.jpg,stimuli/own/kitchen/122_kit.jpg,NaN,NaN,NaN,NaN,NaN,NaN,NaN,NaN,0,332,332,424,2908.095886291,NaN,NaN,NaN,NaN,NaN,NaN,NaN,,NaN,,2908.380385333,2908.546107708,2908.546107708,2908.546107708,2908.546107708,2908.546107708,2908.546107708,2908.546107708,2908.546107708,2908.546107708,2913.501279083,7,-7,6,5,3.77952116699998,4,4.44460345900006,2908.093423208,2908.095886291,2908.546107708,2908.380370416,NaN,NaN,NaN,NaN,,NaN,,2908.089868416,2908.093376708,None,NaN,NaN,,NaN,NaN,NaN,NaN,NaN,NaN,NaN,12,kitchen,2,2024-04-10_10h03.09.698,image_similarity_rating,2023.2.3,None,2024-04-10 10h03.23.237854 +0200
,101,105,4,4,stimuli/own/kitchen/101_kit.jpg,stimuli/own/kitchen/105_kit.jpg,NaN,NaN,NaN,NaN,NaN,NaN,NaN,NaN,0,333,333,3,2913.511254958,NaN,NaN,NaN,NaN,NaN,NaN,NaN,,NaN,,2913.796147916,2913.961868708,2913.961868708,2913.961868708,2913.961868708,2913.961868708,2913.961868708,2913.961868708,2913.961868708,2913.961868708,2943.076437583,-7,7,6,6,19.5141645829999,5,28.6646514579998,2913.505045666,2913.511254958,2913.961868708,2913.796135333,NaN,NaN,NaN,NaN,,NaN,,2913.501495916,2913.505000083,None,NaN,NaN,,NaN,NaN,NaN,NaN,NaN,NaN,NaN,12,kitchen,2,2024-04-10_10h03.09.698,image_similarity_rating,2023.2.3,None,2024-04-10 10h03.23.237854 +0200
,124,135,484,484,stimuli/own/kitchen/124_kit.jpg,stimuli/own/kitchen/135_kit.jpg,NaN,NaN,NaN,NaN,NaN,NaN,NaN,NaN,0,334,334,483,2943.082328291,NaN,NaN,NaN,NaN,NaN,NaN,NaN,,NaN,,2943.366402833,2943.533739958,2943.533739958,2943.533739958,2943.533739958,2943.533739958,2943.533739958,2943.533739958,2943.533739958,2943.533739958,2948.03028125,-7,7,6,5,2.37117712500003,4,4.18748904199992,2943.08039275,2943.082328291,2943.533739958,2943.366385125,NaN,NaN,NaN,NaN,,NaN,,2943.076661083,2943.080343208,None,NaN,NaN,,NaN,NaN,NaN,NaN,NaN,NaN,NaN,12,kitchen,2,2024-04-10_10h03.09.698,image_similarity_rating,2023.2.3,None,2024-04-10 10h03.23.237854 +0200
,106,120,170,170,stimuli/own/kitchen/106_kit.jpg,stimuli/own/kitchen/120_kit.jpg,NaN,NaN,NaN,NaN,NaN,NaN,NaN,NaN,0,335,335,169,2948.035862083,NaN,NaN,NaN,NaN,NaN,NaN,NaN,,NaN,,2948.329031916,2948.496355166,2948.496355166,2948.496355166,2948.496355166,2948.496355166,2948.496355166,2948.496355166,2948.496355166,2948.496355166,2981.3435795,-7,7,6,4,31.3279642499997,3,32.373423,2948.033924625,2948.035862083,2948.496355166,2948.329016791,NaN,NaN,NaN,NaN,,NaN,,2948.030495291,2948.033879,None,NaN,NaN,,NaN,NaN,NaN,NaN,NaN,NaN,NaN,12,kitchen,2,2024-04-10_10h03.09.698,image_similarity_rating,2023.2.3,None,2024-04-10 10h03.23.237854 +0200
,113,118,274,274,stimuli/own/kitchen/113_kit.jpg,stimuli/own/kitchen/118_kit.jpg,NaN,NaN,NaN,NaN,NaN,NaN,NaN,NaN,0,336,336,273,2981.349121458,NaN,NaN,NaN,NaN,NaN,NaN,NaN,,NaN,,2981.63315625,2981.803791166,2981.803791166,2981.803791166,2981.803791166,2981.803791166,2981.803791166,2981.803791166,2981.803791166,2981.803791166,2988.883948583,-7,7,6,7,2.55752212499965,3,5.72203945899992,2981.347392958,2981.349121458,2981.803791166,2981.633141625,NaN,NaN,NaN,NaN,,NaN,,2981.343794833,2981.347346208,None,NaN,NaN,,NaN,NaN,NaN,NaN,NaN,NaN,NaN,12,kitchen,2,2024-04-10_10h03.09.698,image_similarity_rating,2023.2.3,None,2024-04-10 10h03.23.237854 +0200
,127,138,526,526,stimuli/own/kitchen/127_kit.jpg,stimuli/own/kitchen/138_kit.jpg,NaN,NaN,NaN,NaN,NaN,NaN,NaN,NaN,0,337,337,525,2988.894362541,NaN,NaN,NaN,NaN,NaN,NaN,NaN,,NaN,,2989.178688375,2989.351303583,2989.351303583,2989.351303583,2989.351303583,2989.351303583,2989.351303583,2989.351303583,2989.351303583,2989.351303583,2993.196920583,7,-7,6,7,2.31682404100002,3,3.64665979199981,2988.887622458,2988.894362541,2989.351303583,2989.17867175,NaN,NaN,NaN,NaN,,NaN,,2988.884166416,2988.887576083,None,NaN,NaN,,NaN,NaN,NaN,NaN,NaN,NaN,NaN,12,kitchen,2,2024-04-10_10h03.09.698,image_similarity_rating,2023.2.3,None,2024-04-10 10h03.23.237854 +0200
,116,130,332,332,stimuli/own/kitchen/116_kit.jpg,stimuli/own/kitchen/130_kit.jpg,NaN,NaN,NaN,NaN,NaN,NaN,NaN,NaN,0,338,338,331,2993.202318125,NaN,NaN,NaN,NaN,NaN,NaN,NaN,,NaN,,2993.495592666,2993.658936333,2993.658936333,2993.658936333,2993.658936333,2993.658936333,2993.658936333,2993.658936333,2993.658936333,2993.658936333,2999.163419625,-7,7,6,6,4.45149241599984,4,4.94351554199966,2993.200557916,2993.202318125,2993.658936333,2993.495582875,NaN,NaN,NaN,NaN,,NaN,,2993.197133125,2993.200511208,None,NaN,NaN,,NaN,NaN,NaN,NaN,NaN,NaN,NaN,12,kitchen,2,2024-04-10_10h03.09.698,image_similarity_rating,2023.2.3,None,2024-04-10 10h03.23.237854 +0200
,101,131,25,25,stimuli/own/kitchen/101_kit.jpg,stimuli/own/kitchen/131_kit.jpg,NaN,NaN,NaN,NaN,NaN,NaN,NaN,NaN,0,339,339,24,2999.168883333,NaN,NaN,NaN,NaN,NaN,NaN,NaN,,NaN,,2999.462283333,2999.632671291,2999.632671291,2999.632671291,2999.632671291,2999.632671291,2999.632671291,2999.632671291,2999.632671291,2999.632671291,3013.996766541,-7,7,6,5,6.45292279199975,2,8.97472316699987,2999.167072458,2999.168883333,2999.632671291,2999.4622665,NaN,NaN,NaN,NaN,,NaN,,2999.163635625,2999.167026375,None,NaN,NaN,,NaN,NaN,NaN,NaN,NaN,NaN,NaN,12,kitchen,2,2024-04-10_10h03.09.698,image_similarity_rating,2023.2.3,None,2024-04-10 10h03.23.237854 +0200
,121,129,431,431,stimuli/own/kitchen/121_kit.jpg,stimuli/own/kitchen/129_kit.jpg,NaN,NaN,NaN,NaN,NaN,NaN,NaN,NaN,0,340,340,430,3014.002356,NaN,NaN,NaN,NaN,NaN,NaN,NaN,,NaN,,3014.295449625,3014.46761975,3014.46761975,3014.46761975,3014.46761975,3014.46761975,3014.46761975,3014.46761975,3014.46761975,3014.46761975,3027.488700083,-7,7,6,2,5.71128262500042,2,10.8751092089997,3014.000415,3014.002356,3014.46761975,3014.29543225,NaN,NaN,NaN,NaN,,NaN,,3013.996983666,3014.000368833,None,NaN,NaN,,NaN,NaN,NaN,NaN,NaN,NaN,NaN,12,kitchen,2,2024-04-10_10h03.09.698,image_similarity_rating,2023.2.3,None,2024-04-10 10h03.23.237854 +0200
,116,125,328,328,stimuli/own/kitchen/116_kit.jpg,stimuli/own/kitchen/125_kit.jpg,NaN,NaN,NaN,NaN,NaN,NaN,NaN,NaN,0,341,341,327,3027.511089833,NaN,NaN,NaN,NaN,NaN,NaN,NaN,,NaN,,3027.795090375,3027.96031,3027.96031,3027.96031,3027.96031,3027.96031,3027.96031,3027.96031,3027.96031,3027.96031,3035.413286875,-7,7,6,6,5.06264758299994,4,7.21640537500025,3027.492451291,3027.511089833,NaN,3027.795064416,NaN,NaN,NaN,NaN,,NaN,,3027.4889195,3027.49240525,None,NaN,NaN,,NaN,NaN,NaN,NaN,NaN,NaN,NaN,12,kitchen,2,2024-04-10_10h03.09.698,image_similarity_rating,2023.2.3,None,2024-04-10 10h03.23.237854 +0200
,102,112,41,41,stimuli/own/kitchen/102_kit.jpg,stimuli/own/kitchen/112_kit.jpg,NaN,NaN,NaN,NaN,NaN,NaN,NaN,NaN,0,342,342,40,3035.418917333,NaN,NaN,NaN,NaN,NaN,NaN,NaN,,NaN,,3035.71196875,3035.879202,3035.879202,3035.879202,3035.879202,3035.879202,3035.879202,3035.879202,3035.879202,3035.879202,3041.05086175,-7,7,6,7,3.59402245900037,5,4.20336558300005,3035.4169325,3035.418917333,3035.879202,3035.711954083,NaN,NaN,NaN,NaN,,NaN,,3035.413506041,3035.416886083,None,NaN,NaN,,NaN,NaN,NaN,NaN,NaN,NaN,NaN,12,kitchen,2,2024-04-10_10h03.09.698,image_similarity_rating,2023.2.3,None,2024-04-10 10h03.23.237854 +0200
,118,121,367,367,stimuli/own/kitchen/118_kit.jpg,stimuli/own/kitchen/121_kit.jpg,NaN,NaN,NaN,NaN,NaN,NaN,NaN,NaN,0,343,343,366,3041.060932083,NaN,NaN,NaN,NaN,NaN,NaN,NaN,,NaN,,3041.346037083,3041.511760875,3041.511760875,3041.511760875,3041.511760875,3041.511760875,3041.511760875,3041.511760875,3041.511760875,3041.511760875,3046.976616958,7,-7,6,5,3.97453254199991,3,5.20234249999976,3041.054535583,3041.060932083,3041.511760875,3041.346023625,NaN,NaN,NaN,NaN,,NaN,,3041.051078916,3041.054490125,None,NaN,NaN,,NaN,NaN,NaN,NaN,NaN,NaN,NaN,12,kitchen,2,2024-04-10_10h03.09.698,image_similarity_rating,2023.2.3,None,2024-04-10 10h03.23.237854 +0200
,101,117,12,12,stimuli/own/kitchen/101_kit.jpg,stimuli/own/kitchen/117_kit.jpg,NaN,NaN,NaN,NaN,NaN,NaN,NaN,NaN,0,344,344,11,3046.982491,NaN,NaN,NaN,NaN,NaN,NaN,NaN,,NaN,,3047.265876125,3047.430288541,3047.430288541,3047.430288541,3047.430288541,3047.430288541,3047.430288541,3047.430288541,3047.430288541,3047.430288541,3051.931127125,-7,7,6,6,3.60440895800002,4,4.22451366699988,3046.980392666,3046.982491,3047.430288541,3047.265866208,NaN,NaN,NaN,NaN,,NaN,,3046.97683925,3046.980346708,None,NaN,NaN,,NaN,NaN,NaN,NaN,NaN,NaN,NaN,12,kitchen,2,2024-04-10_10h03.09.698,image_similarity_rating,2023.2.3,None,2024-04-10 10h03.23.237854 +0200
,116,138,339,339,stimuli/own/kitchen/116_kit.jpg,stimuli/own/kitchen/138_kit.jpg,NaN,NaN,NaN,NaN,NaN,NaN,NaN,NaN,0,345,345,338,3051.936843625,NaN,NaN,NaN,NaN,NaN,NaN,NaN,,NaN,,3052.228599,3052.394361625,3052.394361625,3052.394361625,3052.394361625,3052.394361625,3052.394361625,3052.394361625,3052.394361625,3052.394361625,3059.0428345,-7,7,6,5,4.72840783299989,3,6.48855095799991,3051.934913375,3051.936843625,3052.394361625,3052.228584666,NaN,NaN,NaN,NaN,,NaN,,3051.931347791,3051.9348665,None,NaN,NaN,,NaN,NaN,NaN,NaN,NaN,NaN,NaN,12,kitchen,2,2024-04-10_10h03.09.698,image_similarity_rating,2023.2.3,None,2024-04-10 10h03.23.237854 +0200
,116,131,333,333,stimuli/own/kitchen/116_kit.jpg,stimuli/own/kitchen/131_kit.jpg,NaN,NaN,NaN,NaN,NaN,NaN,NaN,NaN,0,346,346,332,3059.048477916,NaN,NaN,NaN,NaN,NaN,NaN,NaN,,NaN,,3059.333116458,3059.498455458,3059.498455458,3059.498455458,3059.498455458,3059.498455458,3059.498455458,3059.498455458,3059.498455458,3059.498455458,3069.197264541,7,-7,6,1,9.60489837500018,1,7.81128162499999,3059.046554458,3059.048477916,3059.498455458,3059.33310675,NaN,NaN,NaN,NaN,,NaN,,3059.043082166,3059.0465085,None,NaN,NaN,,NaN,NaN,NaN,NaN,NaN,NaN,NaN,12,kitchen,2,2024-04-10_10h03.09.698,image_similarity_rating,2023.2.3,None,2024-04-10 10h03.23.237854 +0200
,105,120,141,141,stimuli/own/kitchen/105_kit.jpg,stimuli/own/kitchen/120_kit.jpg,NaN,NaN,NaN,NaN,NaN,NaN,NaN,NaN,0,347,347,140,3069.210770041,NaN,NaN,NaN,NaN,NaN,NaN,NaN,,NaN,,3069.495118333,3069.667889125,3069.667889125,3069.667889125,3069.667889125,3069.667889125,3069.667889125,3069.667889125,3069.667889125,3069.667889125,3084.346630458,7,-7,6,4,8.64486649999981,5,13.8938933330001,3069.2011745,3069.210770041,3069.667889125,3069.495097625,NaN,NaN,NaN,NaN,,NaN,,3069.197496916,3069.201125625,None,NaN,NaN,,NaN,NaN,NaN,NaN,NaN,NaN,NaN,12,kitchen,2,2024-04-10_10h03.09.698,image_similarity_rating,2023.2.3,None,2024-04-10 10h03.23.237854 +0200
,111,113,219,219,stimuli/own/kitchen/111_kit.jpg,stimuli/own/kitchen/113_kit.jpg,NaN,NaN,NaN,NaN,NaN,NaN,NaN,NaN,0,348,348,218,3084.352204375,NaN,NaN,NaN,NaN,NaN,NaN,NaN,,NaN,,3084.64581325,3084.811606708,3084.811606708,3084.811606708,3084.811606708,3084.811606708,3084.811606708,3084.811606708,3084.811606708,3084.811606708,3092.955004833,-7,7,6,7,6.18671512499986,4,7.03858441700004,3084.3502935,3084.352204375,3084.811606708,3084.645799291,NaN,NaN,NaN,NaN,,NaN,,3084.346849625,3084.350246958,None,NaN,NaN,,NaN,NaN,NaN,NaN,NaN,NaN,NaN,12,kitchen,2,2024-04-10_10h03.09.698,image_similarity_rating,2023.2.3,None,2024-04-10 10h03.23.237854 +0200
,123,126,462,462,stimuli/own/kitchen/123_kit.jpg,stimuli/own/kitchen/126_kit.jpg,NaN,NaN,NaN,NaN,NaN,NaN,NaN,NaN,0,349,349,461,3092.960417041,NaN,NaN,NaN,NaN,NaN,NaN,NaN,,NaN,,3093.245285666,3093.412775958,3093.412775958,3093.412775958,3093.412775958,3093.412775958,3093.412775958,3093.412775958,3093.412775958,3093.412775958,3098.20489025,-7,7,6,7,3.41664104199981,4,4.06836129099975,3092.958653375,3092.960417041,3093.412775958,3093.245270875,NaN,NaN,NaN,NaN,,NaN,,3092.955229375,3092.958607583,None,NaN,NaN,,NaN,NaN,NaN,NaN,NaN,NaN,NaN,12,kitchen,2,2024-04-10_10h03.09.698,image_similarity_rating,2023.2.3,None,2024-04-10 10h03.23.237854 +0200
,106,112,163,163,stimuli/own/kitchen/106_kit.jpg,stimuli/own/kitchen/112_kit.jpg,NaN,NaN,NaN,NaN,NaN,NaN,NaN,NaN,0,350,350,162,3098.210666208,NaN,NaN,NaN,NaN,NaN,NaN,NaN,,NaN,,3098.495432125,3098.6586715,3098.6586715,3098.6586715,3098.6586715,3098.6586715,3098.6586715,3098.6586715,3098.6586715,3098.6586715,3106.246467416,-7,7,6,3,4.20120766699984,1,7.05456841700016,3098.208531625,3098.210666208,3098.6586715,3098.495419083,NaN,NaN,NaN,NaN,,NaN,,3098.205109333,3098.208486208,None,NaN,NaN,,NaN,NaN,NaN,NaN,NaN,NaN,NaN,12,kitchen,2,2024-04-10_10h03.09.698,image_similarity_rating,2023.2.3,None,2024-04-10 10h03.23.237854 +0200
,126,129,506,506,stimuli/own/kitchen/126_kit.jpg,stimuli/own/kitchen/129_kit.jpg,NaN,NaN,NaN,NaN,NaN,NaN,NaN,NaN,0,351,351,505,3106.251891375,NaN,NaN,NaN,NaN,NaN,NaN,NaN,,NaN,,3106.545276291,3106.716489625,3106.716489625,3106.716489625,3106.716489625,3106.716489625,3106.716489625,3106.716489625,3106.716489625,3106.716489625,3116.429802375,7,-7,6,2,4.44465983400005,4,8.88562045900017,3106.250118833,3106.251891375,3106.716489625,3106.545259291,NaN,NaN,NaN,NaN,,NaN,,3106.246685875,3106.250072666,None,NaN,NaN,,NaN,NaN,NaN,NaN,NaN,NaN,NaN,12,kitchen,2,2024-04-10_10h03.09.698,image_similarity_rating,2023.2.3,None,2024-04-10 10h03.23.237854 +0200
,103,135,93,93,stimuli/own/kitchen/103_kit.jpg,stimuli/own/kitchen/135_kit.jpg,NaN,NaN,NaN,NaN,NaN,NaN,NaN,NaN,0,352,352,92,3116.435539708,NaN,NaN,NaN,NaN,NaN,NaN,NaN,,NaN,,3116.728619958,3116.896672458,3116.896672458,3116.896672458,3116.896672458,3116.896672458,3116.896672458,3116.896672458,3116.896672458,3116.896672458,3127.546337,7,-7,6,7,9.5272002910001,4,9.96774008299963,3116.433602375,3116.435539708,3116.896672458,3116.728602708,NaN,NaN,NaN,NaN,,NaN,,3116.430018916,3116.433556208,None,NaN,NaN,,NaN,NaN,NaN,NaN,NaN,NaN,NaN,12,kitchen,2,2024-04-10_10h03.09.698,image_similarity_rating,2023.2.3,None,2024-04-10 10h03.23.237854 +0200
,114,139,317,317,stimuli/own/kitchen/114_kit.jpg,stimuli/own/kitchen/139_kit.jpg,NaN,NaN,NaN,NaN,NaN,NaN,NaN,NaN,0,353,353,316,3127.552043208,NaN,NaN,NaN,NaN,NaN,NaN,NaN,,NaN,,3127.845927208,3128.010930708,3128.010930708,3128.010930708,3128.010930708,3128.010930708,3128.010930708,3128.010930708,3128.010930708,3128.010930708,3140.179631708,-7,7,6,5,6.01976070799992,5,8.05191904200001,3127.55012175,3127.552043208,3128.010930708,3127.84591375,NaN,NaN,NaN,NaN,,NaN,,3127.54655325,3127.55007575,None,NaN,NaN,,NaN,NaN,NaN,NaN,NaN,NaN,NaN,12,kitchen,2,2024-04-10_10h03.09.698,image_similarity_rating,2023.2.3,None,2024-04-10 10h03.23.237854 +0200
,105,106,131,131,stimuli/own/kitchen/105_kit.jpg,stimuli/own/kitchen/106_kit.jpg,NaN,NaN,NaN,NaN,NaN,NaN,NaN,NaN,0,354,354,130,3140.1853305,NaN,NaN,NaN,NaN,NaN,NaN,NaN,,NaN,,3140.478521458,3140.645543875,3140.645543875,3140.645543875,3140.645543875,3140.645543875,3140.645543875,3140.645543875,3140.645543875,3140.645543875,3153.104641375,7,-7,6,3,11.6255165830003,2,10.6867389589997,3140.183392958,3140.1853305,3140.645543875,3140.478506166,NaN,NaN,NaN,NaN,,NaN,,3140.1798515,3140.183346583,None,NaN,NaN,,NaN,NaN,NaN,NaN,NaN,NaN,NaN,12,kitchen,2,2024-04-10_10h03.09.698,image_similarity_rating,2023.2.3,None,2024-04-10 10h03.23.237854 +0200
,119,138,402,402,stimuli/own/kitchen/119_kit.jpg,stimuli/own/kitchen/138_kit.jpg,NaN,NaN,NaN,NaN,NaN,NaN,NaN,NaN,0,355,355,401,3153.110081666,NaN,NaN,NaN,NaN,NaN,NaN,NaN,,NaN,,3153.395057375,3153.568489125,3153.568489125,3153.568489125,3153.568489125,3153.568489125,3153.568489125,3153.568489125,3153.568489125,3153.568489125,3193.875900416,7,-7,6,4,8.3802111670002,4,27.1953251670002,3153.10829525,3153.110081666,3153.568489125,3153.395040875,NaN,NaN,NaN,NaN,,NaN,,3153.10485825,3153.108249041,None,NaN,NaN,,NaN,NaN,NaN,NaN,NaN,NaN,NaN,12,kitchen,2,2024-04-10_10h03.09.698,image_similarity_rating,2023.2.3,None,2024-04-10 10h03.23.237854 +0200
,134,137,570,570,stimuli/own/kitchen/134_kit.jpg,stimuli/own/kitchen/137_kit.jpg,NaN,NaN,NaN,NaN,NaN,NaN,NaN,NaN,0,356,356,569,3193.881485916,NaN,NaN,NaN,NaN,NaN,NaN,NaN,,NaN,,3194.16527775,3194.328959875,3194.328959875,3194.328959875,3194.328959875,3194.328959875,3194.328959875,3194.328959875,3194.328959875,3194.328959875,3203.092362,-7,7,6,3,6.17828574999976,2,8.12646787499989,3193.879751458,3193.881485916,3194.328959875,3194.165268,NaN,NaN,NaN,NaN,,NaN,,3193.876150208,3193.879704041,None,NaN,NaN,,NaN,NaN,NaN,NaN,NaN,NaN,NaN,12,kitchen,2,2024-04-10_10h03.09.698,image_similarity_rating,2023.2.3,None,2024-04-10 10h03.23.237854 +0200
,102,136,62,62,stimuli/own/kitchen/102_kit.jpg,stimuli/own/kitchen/136_kit.jpg,NaN,NaN,NaN,NaN,NaN,NaN,NaN,NaN,0,357,357,61,3203.09801525,NaN,NaN,NaN,NaN,NaN,NaN,NaN,,NaN,,3203.382515208,3203.5495975,3203.5495975,3203.5495975,3203.5495975,3203.5495975,3203.5495975,3203.5495975,3203.5495975,3203.5495975,3211.109043625,-7,7,6,4,3.24595162500009,4,7.18534583300016,3203.096205041,3203.09801525,3203.5495975,3203.382497375,NaN,NaN,NaN,NaN,,NaN,,3203.092593125,3203.096157791,None,NaN,NaN,,NaN,NaN,NaN,NaN,NaN,NaN,NaN,12,kitchen,2,2024-04-10_10h03.09.698,image_similarity_rating,2023.2.3,None,2024-04-10 10h03.23.237854 +0200
,105,140,159,159,stimuli/own/kitchen/105_kit.jpg,stimuli/own/kitchen/140_kit.jpg,NaN,NaN,NaN,NaN,NaN,NaN,NaN,NaN,0,358,358,158,3211.114813208,NaN,NaN,NaN,NaN,NaN,NaN,NaN,,NaN,,3211.399441333,3211.562798708,3211.562798708,3211.562798708,3211.562798708,3211.562798708,3211.562798708,3211.562798708,3211.562798708,3211.562798708,3218.742396041,-7,7,6,3,3.68881137500011,3,6.90558100000044,3211.112878333,3211.114813208,3211.562798708,3211.399430791,NaN,NaN,NaN,NaN,,NaN,,3211.109283625,3211.112831333,None,NaN,NaN,,NaN,NaN,NaN,NaN,NaN,NaN,NaN,12,kitchen,2,2024-04-10_10h03.09.698,image_similarity_rating,2023.2.3,None,2024-04-10 10h03.23.237854 +0200
,124,138,487,487,stimuli/own/kitchen/124_kit.jpg,stimuli/own/kitchen/138_kit.jpg,NaN,NaN,NaN,NaN,NaN,NaN,NaN,NaN,0,359,359,486,3218.74788425,NaN,NaN,NaN,NaN,NaN,NaN,NaN,,NaN,,3219.044904291,3219.210871916,3219.210871916,3219.210871916,3219.210871916,3219.210871916,3219.210871916,3219.210871916,3219.210871916,3219.210871916,3223.571114708,-7,7,6,7,2.20059274999994,5,3.53108795800017,3218.746111833,3218.74788425,3219.210871916,3219.044884375,NaN,NaN,NaN,NaN,,NaN,,3218.742639791,3218.746065458,None,NaN,NaN,,NaN,NaN,NaN,NaN,NaN,NaN,NaN,12,kitchen,2,2024-04-10_10h03.09.698,image_similarity_rating,2023.2.3,None,2024-04-10 10h03.23.237854 +0200
,109,140,216,216,stimuli/own/kitchen/109_kit.jpg,stimuli/own/kitchen/140_kit.jpg,NaN,NaN,NaN,NaN,NaN,NaN,NaN,NaN,0,360,360,215,3223.576528041,NaN,NaN,NaN,NaN,NaN,NaN,NaN,,NaN,,3223.861573166,3224.030276458,3224.030276458,3224.030276458,3224.030276458,3224.030276458,3224.030276458,3224.030276458,3224.030276458,3224.030276458,3229.379584083,7,-7,6,3,4.17312450000009,1,4.88987091699983,3223.574760625,3223.576528041,3224.030276458,3223.861556125,NaN,NaN,NaN,NaN,,NaN,,3223.571331708,3223.574714375,None,NaN,NaN,,NaN,NaN,NaN,NaN,NaN,NaN,NaN,12,kitchen,2,2024-04-10_10h03.09.698,image_similarity_rating,2023.2.3,None,2024-04-10 10h03.23.237854 +0200
,111,119,224,224,stimuli/own/kitchen/111_kit.jpg,stimuli/own/kitchen/119_kit.jpg,NaN,NaN,NaN,NaN,NaN,NaN,NaN,NaN,0,361,361,223,3229.385370875,NaN,NaN,NaN,NaN,NaN,NaN,NaN,,NaN,,3229.67804475,3229.844090708,3229.844090708,3229.844090708,3229.844090708,3229.844090708,3229.844090708,3229.844090708,3229.844090708,3229.844090708,3237.421555625,7,-7,6,4,4.47536229099978,3,5.51681395900005,3229.38327625,3229.385370875,3229.844090708,3229.6780255,NaN,NaN,NaN,NaN,,NaN,,3229.379798583,3229.383230458,None,NaN,NaN,,NaN,NaN,NaN,NaN,NaN,NaN,NaN,12,kitchen,2,2024-04-10_10h03.09.698,image_similarity_rating,2023.2.3,None,2024-04-10 10h03.23.237854 +0200
,119,136,400,400,stimuli/own/kitchen/119_kit.jpg,stimuli/own/kitchen/136_kit.jpg,NaN,NaN,NaN,NaN,NaN,NaN,NaN,NaN,0,362,362,399,3237.443795541,NaN,NaN,NaN,NaN,NaN,NaN,NaN,,NaN,,3237.72758475,3237.896686916,3237.896686916,3237.896686916,3237.896686916,3237.896686916,3237.896686916,3237.896686916,3237.896686916,3237.896686916,3243.812550333,7,-7,6,5,3.76651008299996,3,5.35565825000003,3237.4252345,3237.443795541,NaN,3237.727567,NaN,NaN,NaN,NaN,,NaN,,3237.421774958,3237.425188125,None,NaN,NaN,,NaN,NaN,NaN,NaN,NaN,NaN,NaN,12,kitchen,2,2024-04-10_10h03.09.698,image_similarity_rating,2023.2.3,None,2024-04-10 10h03.23.237854 +0200
,122,136,454,454,stimuli/own/kitchen/122_kit.jpg,stimuli/own/kitchen/136_kit.jpg,NaN,NaN,NaN,NaN,NaN,NaN,NaN,NaN,0,363,363,453,3243.818142,NaN,NaN,NaN,NaN,NaN,NaN,NaN,,NaN,,3244.111482916,3244.279166666,3244.279166666,3244.279166666,3244.279166666,3244.279166666,3244.279166666,3244.279166666,3244.279166666,3244.279166666,3252.900260458,7,-7,6,7,6.20761062500014,5,7.51038795900013,3243.81620425,3243.818142,3244.279166666,3244.11146725,NaN,NaN,NaN,NaN,,NaN,,3243.812766625,3243.816158166,None,NaN,NaN,,NaN,NaN,NaN,NaN,NaN,NaN,NaN,12,kitchen,2,2024-04-10_10h03.09.698,image_similarity_rating,2023.2.3,None,2024-04-10 10h03.23.237854 +0200
,111,122,227,227,stimuli/own/kitchen/111_kit.jpg,stimuli/own/kitchen/122_kit.jpg,NaN,NaN,NaN,NaN,NaN,NaN,NaN,NaN,0,364,364,226,3252.91026025,NaN,NaN,NaN,NaN,NaN,NaN,NaN,,NaN,,3253.194761166,3253.361700833,3253.361700833,3253.361700833,3253.361700833,3253.361700833,3253.361700833,3253.361700833,3253.361700833,3253.361700833,3265.059055291,-7,7,6,7,6.83297912500029,4,8.94414437500018,3252.903926125,3252.91026025,3253.361700833,3253.194746208,NaN,NaN,NaN,NaN,,NaN,,3252.900477125,3252.903879833,None,NaN,NaN,,NaN,NaN,NaN,NaN,NaN,NaN,NaN,12,kitchen,2,2024-04-10_10h03.09.698,image_similarity_rating,2023.2.3,None,2024-04-10 10h03.23.237854 +0200
,121,139,440,440,stimuli/own/kitchen/121_kit.jpg,stimuli/own/kitchen/139_kit.jpg,NaN,NaN,NaN,NaN,NaN,NaN,NaN,NaN,0,365,365,439,3265.06471625,NaN,NaN,NaN,NaN,NaN,NaN,NaN,,NaN,,3265.348990958,3265.519807083,3265.519807083,3265.519807083,3265.519807083,3265.519807083,3265.519807083,3265.519807083,3265.519807083,3265.519807083,3280.980113708,-7,7,6,2,14.7962607919999,5,11.8098005000002,3265.062780416,3265.06471625,3265.519807083,3265.348976458,NaN,NaN,NaN,NaN,,NaN,,3265.0592935,3265.062733708,None,NaN,NaN,,NaN,NaN,NaN,NaN,NaN,NaN,NaN,12,kitchen,2,2024-04-10_10h03.09.698,image_similarity_rating,2023.2.3,None,2024-04-10 10h03.23.237854 +0200
,132,135,561,561,stimuli/own/kitchen/132_kit.jpg,stimuli/own/kitchen/135_kit.jpg,NaN,NaN,NaN,NaN,NaN,NaN,NaN,NaN,0,366,366,560,3280.99333125,NaN,NaN,NaN,NaN,NaN,NaN,NaN,,NaN,,3281.278508958,3281.445268041,3281.445268041,3281.445268041,3281.445268041,3281.445268041,3281.445268041,3281.445268041,3281.445268041,3281.445268041,3288.375287708,7,-7,6,2,5.55411254199998,5,6.33220429199991,3280.984016333,3280.99333125,3281.445268041,3281.27849375,NaN,NaN,NaN,NaN,,NaN,,3280.980352458,3280.983967791,None,NaN,NaN,,NaN,NaN,NaN,NaN,NaN,NaN,NaN,12,kitchen,2,2024-04-10_10h03.09.698,image_similarity_rating,2023.2.3,None,2024-04-10 10h03.23.237854 +0200
,126,135,511,511,stimuli/own/kitchen/126_kit.jpg,stimuli/own/kitchen/135_kit.jpg,NaN,NaN,NaN,NaN,NaN,NaN,NaN,NaN,0,367,367,510,3288.380796791,NaN,NaN,NaN,NaN,NaN,NaN,NaN,,NaN,,3288.665838583,3288.835067208,3288.835067208,3288.835067208,3288.835067208,3288.835067208,3288.835067208,3288.835067208,3288.835067208,3288.835067208,3298.825345916,-7,7,6,2,5.54990270799999,3,8.98960625000018,3288.3790315,3288.380796791,3288.835067208,3288.665824125,NaN,NaN,NaN,NaN,,NaN,,3288.375513458,3288.378985583,None,NaN,NaN,,NaN,NaN,NaN,NaN,NaN,NaN,NaN,12,kitchen,2,2024-04-10_10h03.09.698,image_similarity_rating,2023.2.3,None,2024-04-10 10h03.23.237854 +0200
,137,141,589,589,stimuli/own/kitchen/137_kit.jpg,stimuli/own/kitchen/141_kit.jpg,NaN,NaN,NaN,NaN,NaN,NaN,NaN,NaN,0,368,368,588,3298.831134541,NaN,NaN,NaN,NaN,NaN,NaN,NaN,,NaN,,3299.11542775,3299.285771208,3299.285771208,3299.285771208,3299.285771208,3299.285771208,3299.285771208,3299.285771208,3299.285771208,3299.285771208,3309.125416583,7,-7,6,1,4.2525002919997,5,7.13982325000006,3298.829195208,3298.831134541,3299.285771208,3299.115412833,NaN,NaN,NaN,NaN,,NaN,,3298.825571208,3298.829149,None,NaN,NaN,,NaN,NaN,NaN,NaN,NaN,NaN,NaN,12,kitchen,2,2024-04-10_10h03.09.698,image_similarity_rating,2023.2.3,None,2024-04-10 10h03.23.237854 +0200
,122,129,448,448,stimuli/own/kitchen/122_kit.jpg,stimuli/own/kitchen/129_kit.jpg,NaN,NaN,NaN,NaN,NaN,NaN,NaN,NaN,0,369,369,447,3309.131228291,NaN,NaN,NaN,NaN,NaN,NaN,NaN,,NaN,,3309.415227166,3309.580743125,3309.580743125,3309.580743125,3309.580743125,3309.580743125,3309.580743125,3309.580743125,3309.580743125,3309.580743125,3316.466402416,7,-7,6,1,4.36636599999974,4,6.0110763749999,3309.129313583,3309.131228291,3309.580743125,3309.415214,NaN,NaN,NaN,NaN,,NaN,,3309.12566625,3309.129266666,None,NaN,NaN,,NaN,NaN,NaN,NaN,NaN,NaN,NaN,12,kitchen,2,2024-04-10_10h03.09.698,image_similarity_rating,2023.2.3,None,2024-04-10 10h03.23.237854 +0200
,105,117,138,596,stimuli/own/kitchen/105_kit.jpg,stimuli/own/kitchen/117_kit.jpg,NaN,NaN,NaN,NaN,NaN,NaN,NaN,NaN,0,370,370,595,3316.476564458,NaN,NaN,NaN,NaN,NaN,NaN,NaN,,NaN,,3316.761315125,3316.927502833,3316.927502833,3316.927502833,3316.927502833,3316.927502833,3316.927502833,3316.927502833,3316.927502833,3316.927502833,3334.787747166,-7,7,6,4,14.431362667,7,9.00552758399999,3316.470083791,3316.476564458,3316.927502833,3316.76129975,NaN,NaN,NaN,NaN,,NaN,,3316.466621166,3316.470037208,None,NaN,NaN,,NaN,NaN,NaN,NaN,NaN,NaN,NaN,12,kitchen,2,2024-04-10_10h03.09.698,image_similarity_rating,2023.2.3,None,2024-04-10 10h03.23.237854 +0200
,125,132,496,496,stimuli/own/kitchen/125_kit.jpg,stimuli/own/kitchen/132_kit.jpg,NaN,NaN,NaN,NaN,NaN,NaN,NaN,NaN,0,371,371,495,3334.809832958,NaN,NaN,NaN,NaN,NaN,NaN,NaN,,NaN,,3335.094105916,3335.26717175,3335.26717175,3335.26717175,3335.26717175,3335.26717175,3335.26717175,3335.26717175,3335.26717175,3335.26717175,3340.816603083,7,-7,6,7,2.43408258299996,5,3.50037862499994,3334.791503041,3334.809832958,NaN,3335.094073416,NaN,NaN,NaN,NaN,,NaN,,3334.787967083,3334.791456875,None,NaN,NaN,,NaN,NaN,NaN,NaN,NaN,NaN,NaN,12,kitchen,2,2024-04-10_10h03.09.698,image_similarity_rating,2023.2.3,None,2024-04-10 10h03.23.237854 +0200
,136,139,583,601,stimuli/own/kitchen/136_kit.jpg,stimuli/own/kitchen/139_kit.jpg,NaN,NaN,NaN,NaN,NaN,NaN,NaN,NaN,0,372,372,600,3340.826950083,NaN,NaN,NaN,NaN,NaN,NaN,NaN,,NaN,,3341.11112725,3341.279419875,3341.279419875,3341.279419875,3341.279419875,3341.279419875,3341.279419875,3341.279419875,3341.279419875,3341.279419875,3351.346541375,7,-7,6,4,9.99099504200012,3,6.99030208400018,3340.820253625,3340.826950083,3341.279419875,3341.111106375,NaN,NaN,NaN,NaN,,NaN,,3340.816820375,3340.820207666,None,NaN,NaN,,NaN,NaN,NaN,NaN,NaN,NaN,NaN,12,kitchen,2,2024-04-10_10h03.09.698,image_similarity_rating,2023.2.3,None,2024-04-10 10h03.23.237854 +0200
,122,137,455,455,stimuli/own/kitchen/122_kit.jpg,stimuli/own/kitchen/137_kit.jpg,NaN,NaN,NaN,NaN,NaN,NaN,NaN,NaN,0,373,373,454,3351.352490958,NaN,NaN,NaN,NaN,NaN,NaN,NaN,,NaN,,3351.645092291,3351.811965375,3351.811965375,3351.811965375,3351.811965375,3351.811965375,3351.811965375,3351.811965375,3351.811965375,3351.811965375,3361.458618916,-7,7,6,3,2.25397166700031,5,7.48468987499973,3351.3502275,3351.352490958,3351.811965375,3351.645079166,NaN,NaN,NaN,NaN,,NaN,,3351.346762416,3351.35017275,None,NaN,NaN,,NaN,NaN,NaN,NaN,NaN,NaN,NaN,12,kitchen,2,2024-04-10_10h03.09.698,image_similarity_rating,2023.2.3,None,2024-04-10 10h03.23.237854 +0200
,112,123,254,254,stimuli/own/kitchen/112_kit.jpg,stimuli/own/kitchen/123_kit.jpg,NaN,NaN,NaN,NaN,NaN,NaN,NaN,NaN,0,374,374,253,3361.464264958,NaN,NaN,NaN,NaN,NaN,NaN,NaN,,NaN,,3361.7487315,3361.915268791,3361.915268791,3361.915268791,3361.915268791,3361.915268791,3361.915268791,3361.915268791,3361.915268791,3361.915268791,3369.658704708,7,-7,6,7,4.70660674999999,3,6.30946520799989,3361.462348708,3361.464264958,3361.915268791,3361.748718166,NaN,NaN,NaN,NaN,,NaN,,3361.458872458,3361.462301875,None,NaN,NaN,,NaN,NaN,NaN,NaN,NaN,NaN,NaN,12,kitchen,2,2024-04-10_10h03.09.698,image_similarity_rating,2023.2.3,None,2024-04-10 10h03.23.237854 +0200
,114,130,309,309,stimuli/own/kitchen/114_kit.jpg,stimuli/own/kitchen/130_kit.jpg,NaN,NaN,NaN,NaN,NaN,NaN,NaN,NaN,0,375,375,308,3369.664177958,NaN,NaN,NaN,NaN,NaN,NaN,NaN,,NaN,,3369.948368333,3370.115408875,3370.115408875,3370.115408875,3370.115408875,3370.115408875,3370.115408875,3370.115408875,3370.115408875,3370.115408875,3374.52890025,7,-7,6,7,3.12955233399998,5,3.69054912499996,3369.662421458,3369.664177958,3370.115408875,3369.9483565,NaN,NaN,NaN,NaN,,NaN,,3369.658943375,3369.662367708,None,NaN,NaN,,NaN,NaN,NaN,NaN,NaN,NaN,NaN,12,kitchen,2,2024-04-10_10h03.09.698,image_similarity_rating,2023.2.3,None,2024-04-10 10h03.23.237854 +0200
,103,138,96,96,stimuli/own/kitchen/103_kit.jpg,stimuli/own/kitchen/138_kit.jpg,NaN,NaN,NaN,NaN,NaN,NaN,NaN,NaN,0,376,376,95,3374.534476666,NaN,NaN,NaN,NaN,NaN,NaN,NaN,,NaN,,3374.827759083,3374.994276041,3374.994276041,3374.994276041,3374.994276041,3374.994276041,3374.994276041,3374.994276041,3374.994276041,3374.994276041,3380.808680208,-7,7,6,6,3.25023420799971,5,5.2514867079999,3374.532565125,3374.534476666,3374.994276041,3374.827744041,NaN,NaN,NaN,NaN,,NaN,,3374.52911625,3374.532519083,None,NaN,NaN,,NaN,NaN,NaN,NaN,NaN,NaN,NaN,12,kitchen,2,2024-04-10_10h03.09.698,image_similarity_rating,2023.2.3,None,2024-04-10 10h03.23.237854 +0200
,121,135,436,436,stimuli/own/kitchen/121_kit.jpg,stimuli/own/kitchen/135_kit.jpg,NaN,NaN,NaN,NaN,NaN,NaN,NaN,NaN,0,377,377,435,3380.814311375,NaN,NaN,NaN,NaN,NaN,NaN,NaN,,NaN,,3381.0987325,3381.270476416,3381.270476416,3381.270476416,3381.270476416,3381.270476416,3381.270476416,3381.270476416,3381.270476416,3381.270476416,3392.399691666,-7,7,6,7,4.94024470800014,6,10.1445183750002,3380.812366958,3380.814311375,3381.270476416,3381.098717875,NaN,NaN,NaN,NaN,,NaN,,3380.808914791,3380.812320958,None,NaN,NaN,,NaN,NaN,NaN,NaN,NaN,NaN,NaN,12,kitchen,2,2024-04-10_10h03.09.698,image_similarity_rating,2023.2.3,None,2024-04-10 10h03.23.237854 +0200
,125,137,500,500,stimuli/own/kitchen/125_kit.jpg,stimuli/own/kitchen/137_kit.jpg,NaN,NaN,NaN,NaN,NaN,NaN,NaN,NaN,0,378,378,499,3392.409689041,NaN,NaN,NaN,NaN,NaN,NaN,NaN,,NaN,,3418.127537791,3418.303438916,3418.303438916,3418.303438916,3418.303438916,3418.303438916,3418.303438916,3418.303438916,3418.303438916,3418.303438916,3427.375157083,7,-7,7,2,4.54659612500018,4,7.67105220799976,3417.836300541,3417.84360925,3418.303438916,3418.127517541,NaN,NaN,NaN,NaN,,NaN,,3392.399906708,3417.835851375,space,3392.409689041,25.4259425830001,None,NaN,NaN,NaN,NaN,NaN,NaN,NaN,12,kitchen,2,2024-04-10_10h03.09.698,image_similarity_rating,2023.2.3,None,2024-04-10 10h03.23.237854 +0200
,105,112,134,134,stimuli/own/kitchen/105_kit.jpg,stimuli/own/kitchen/112_kit.jpg,NaN,NaN,NaN,NaN,NaN,NaN,NaN,NaN,0,379,379,133,3427.381381416,NaN,NaN,NaN,NaN,NaN,NaN,NaN,,NaN,,3427.66521725,3427.834055666,3427.834055666,3427.834055666,3427.834055666,3427.834055666,3427.834055666,3427.834055666,3427.834055666,3427.834055666,3435.424842916,-7,7,7,3,3.37787483300008,3,5.72720820799987,3427.379432541,3427.381381416,3427.834055666,3427.66520275,NaN,NaN,NaN,NaN,,NaN,,3427.375396625,3427.379385375,None,NaN,NaN,,NaN,NaN,NaN,NaN,NaN,NaN,NaN,12,kitchen,2,2024-04-10_10h03.09.698,image_similarity_rating,2023.2.3,None,2024-04-10 10h03.23.237854 +0200
,132,141,567,567,stimuli/own/kitchen/132_kit.jpg,stimuli/own/kitchen/141_kit.jpg,NaN,NaN,NaN,NaN,NaN,NaN,NaN,NaN,0,380,380,566,3435.430517291,NaN,NaN,NaN,NaN,NaN,NaN,NaN,,NaN,,3435.714988875,3435.881045875,3435.881045875,3435.881045875,3435.881045875,3435.881045875,3435.881045875,3435.881045875,3435.881045875,3435.881045875,3447.465918208,-7,7,7,3,8.12428204200023,3,10.611094459,3435.428582541,3435.430517291,3435.881045875,3435.714977791,NaN,NaN,NaN,NaN,,NaN,,3435.425069583,3435.428535875,None,NaN,NaN,,NaN,NaN,NaN,NaN,NaN,NaN,NaN,12,kitchen,2,2024-04-10_10h03.09.698,image_similarity_rating,2023.2.3,None,2024-04-10 10h03.23.237854 +0200
,127,135,523,523,stimuli/own/kitchen/127_kit.jpg,stimuli/own/kitchen/135_kit.jpg,NaN,NaN,NaN,NaN,NaN,NaN,NaN,NaN,0,381,381,522,3447.476571041,NaN,NaN,NaN,NaN,NaN,NaN,NaN,,NaN,,3447.761942875,3447.928210583,3447.928210583,3447.928210583,3447.928210583,3447.928210583,3447.928210583,3447.928210583,3447.928210583,3447.928210583,3456.728678208,7,-7,7,4,6.23740241600035,3,6.71397070800003,3447.469598416,3447.476571041,3447.928210583,3447.761927625,NaN,NaN,NaN,NaN,,NaN,,3447.466139166,3447.469549875,None,NaN,NaN,,NaN,NaN,NaN,NaN,NaN,NaN,NaN,12,kitchen,2,2024-04-10_10h03.09.698,image_similarity_rating,2023.2.3,None,2024-04-10 10h03.23.237854 +0200
,122,134,452,452,stimuli/own/kitchen/122_kit.jpg,stimuli/own/kitchen/134_kit.jpg,NaN,NaN,NaN,NaN,NaN,NaN,NaN,NaN,0,382,382,451,3456.734453333,NaN,NaN,NaN,NaN,NaN,NaN,NaN,,NaN,,3457.027486041,3457.192818541,3457.192818541,3457.192818541,3457.192818541,3457.192818541,3457.192818541,3457.192818541,3457.192818541,3457.192818541,3466.358799916,7,-7,7,3,8.66506616700008,5,5.10073687499971,3456.7324415,3456.734453333,3457.192818541,3457.027467125,NaN,NaN,NaN,NaN,,NaN,,3456.728894166,3456.732395041,None,NaN,NaN,,NaN,NaN,NaN,NaN,NaN,NaN,NaN,12,kitchen,2,2024-04-10_10h03.09.698,image_similarity_rating,2023.2.3,None,2024-04-10 10h03.23.237854 +0200
,103,140,98,98,stimuli/own/kitchen/103_kit.jpg,stimuli/own/kitchen/140_kit.jpg,NaN,NaN,NaN,NaN,NaN,NaN,NaN,NaN,0,383,383,97,3466.364422125,NaN,NaN,NaN,NaN,NaN,NaN,NaN,,NaN,,3466.648596875,3466.817119958,3466.817119958,3466.817119958,3466.817119958,3466.817119958,3466.817119958,3466.817119958,3466.817119958,3466.817119958,3477.892121625,7,-7,7,3,5.70332425000015,5,7.691645333,3466.362483208,3466.364422125,3466.817119958,3466.648579875,NaN,NaN,NaN,NaN,,NaN,,3466.359016208,3466.362436916,None,NaN,NaN,,NaN,NaN,NaN,NaN,NaN,NaN,NaN,12,kitchen,2,2024-04-10_10h03.09.698,image_similarity_rating,2023.2.3,None,2024-04-10 10h03.23.237854 +0200
,117,134,357,357,stimuli/own/kitchen/117_kit.jpg,stimuli/own/kitchen/134_kit.jpg,NaN,NaN,NaN,NaN,NaN,NaN,NaN,NaN,0,384,384,356,3477.897743166,NaN,NaN,NaN,NaN,NaN,NaN,NaN,,NaN,,3478.181855375,3478.354118,3478.354118,3478.354118,3478.354118,3478.354118,3478.354118,3478.354118,3478.354118,3478.354118,3486.074903958,-7,7,7,5,4.7928433750003,5,7.05343499999981,3477.895802083,3477.897743166,3478.354118,3478.181840666,NaN,NaN,NaN,NaN,,NaN,,3477.89233675,3477.895755458,None,NaN,NaN,,NaN,NaN,NaN,NaN,NaN,NaN,NaN,12,kitchen,2,2024-04-10_10h03.09.698,image_similarity_rating,2023.2.3,None,2024-04-10 10h03.23.237854 +0200
,102,114,43,43,stimuli/own/kitchen/102_kit.jpg,stimuli/own/kitchen/114_kit.jpg,NaN,NaN,NaN,NaN,NaN,NaN,NaN,NaN,0,385,385,42,3486.080559,NaN,NaN,NaN,NaN,NaN,NaN,NaN,,NaN,,3486.365054333,3486.5342495,3486.5342495,3486.5342495,3486.5342495,3486.5342495,3486.5342495,3486.5342495,3486.5342495,3486.5342495,3494.997001666,-7,7,7,7,1.9349206249999,3,8.12310625000009,3486.078622666,3486.080559,3486.5342495,3486.365039333,NaN,NaN,NaN,NaN,,NaN,,3486.0751485,3486.0785765,None,NaN,NaN,,NaN,NaN,NaN,NaN,NaN,NaN,NaN,12,kitchen,2,2024-04-10_10h03.09.698,image_similarity_rating,2023.2.3,None,2024-04-10 10h03.23.237854 +0200
,116,122,325,325,stimuli/own/kitchen/116_kit.jpg,stimuli/own/kitchen/122_kit.jpg,NaN,NaN,NaN,NaN,NaN,NaN,NaN,NaN,0,386,386,324,3495.009343125,NaN,NaN,NaN,NaN,NaN,NaN,NaN,,NaN,,3495.293742333,3495.459028708,3495.459028708,3495.459028708,3495.459028708,3495.459028708,3495.459028708,3495.459028708,3495.459028708,3495.459028708,3502.449366583,7,-7,7,5,3.63696191600002,4,5.56336895799996,3495.000853458,3495.009343125,3495.459028708,3495.293729541,NaN,NaN,NaN,NaN,,NaN,,3494.997239583,3495.00080425,None,NaN,NaN,,NaN,NaN,NaN,NaN,NaN,NaN,NaN,12,kitchen,2,2024-04-10_10h03.09.698,image_similarity_rating,2023.2.3,None,2024-04-10 10h03.23.237854 +0200
,105,117,138,598,stimuli/own/kitchen/105_kit.jpg,stimuli/own/kitchen/117_kit.jpg,NaN,NaN,NaN,NaN,NaN,NaN,NaN,NaN,0,387,387,597,3502.459454916,NaN,NaN,NaN,NaN,NaN,NaN,NaN,,NaN,,3502.74407175,3502.917219791,3502.917219791,3502.917219791,3502.917219791,3502.917219791,3502.917219791,3502.917219791,3502.917219791,3502.917219791,3508.9747435,7,-7,7,4,4.93036454200001,5,5.83310633300016,3502.453044583,3502.459454916,3502.917219791,3502.744055375,NaN,NaN,NaN,NaN,,NaN,,3502.449582458,3502.4529975,None,NaN,NaN,,NaN,NaN,NaN,NaN,NaN,NaN,NaN,12,kitchen,2,2024-04-10_10h03.09.698,image_similarity_rating,2023.2.3,None,2024-04-10 10h03.23.237854 +0200
,114,132,311,311,stimuli/own/kitchen/114_kit.jpg,stimuli/own/kitchen/132_kit.jpg,NaN,NaN,NaN,NaN,NaN,NaN,NaN,NaN,0,388,388,310,3508.980236291,NaN,NaN,NaN,NaN,NaN,NaN,NaN,,NaN,,3509.2644605,3509.429987083,3509.429987083,3509.429987083,3509.429987083,3509.429987083,3509.429987083,3509.429987083,3509.429987083,3509.429987083,3513.095047833,7,-7,7,7,2.56324933299993,4,3.12833224999986,3508.978468125,3508.980236291,3509.429987083,3509.264448375,NaN,NaN,NaN,NaN,,NaN,,3508.974988041,3508.978421791,None,NaN,NaN,,NaN,NaN,NaN,NaN,NaN,NaN,NaN,12,kitchen,2,2024-04-10_10h03.09.698,image_similarity_rating,2023.2.3,None,2024-04-10 10h03.23.237854 +0200
,104,114,106,106,stimuli/own/kitchen/104_kit.jpg,stimuli/own/kitchen/114_kit.jpg,NaN,NaN,NaN,NaN,NaN,NaN,NaN,NaN,0,389,389,105,3513.100587583,NaN,NaN,NaN,NaN,NaN,NaN,NaN,,NaN,,3513.393905583,3513.562606916,3513.562606916,3513.562606916,3513.562606916,3513.562606916,3513.562606916,3513.562606916,3513.562606916,3513.562606916,3518.678382083,-7,7,7,7,2.001512542,4,3.94323083300014,3513.098695083,3513.100587583,3513.562606916,3513.39388925,NaN,NaN,NaN,NaN,,NaN,,3513.095264583,3513.0986495,None,NaN,NaN,,NaN,NaN,NaN,NaN,NaN,NaN,NaN,12,kitchen,2,2024-04-10_10h03.09.698,image_similarity_rating,2023.2.3,None,2024-04-10 10h03.23.237854 +0200
,112,114,246,246,stimuli/own/kitchen/112_kit.jpg,stimuli/own/kitchen/114_kit.jpg,NaN,NaN,NaN,NaN,NaN,NaN,NaN,NaN,0,390,390,245,3518.683966,NaN,NaN,NaN,NaN,NaN,NaN,NaN,,NaN,,3518.9772275,3519.145759416,3519.145759416,3519.145759416,3519.145759416,3519.145759416,3519.145759416,3519.145759416,3519.145759416,3519.145759416,3524.437326333,7,-7,7,7,3.72651016600003,5,4.34613900000022,3518.682036125,3518.683966,3519.145759416,3518.977208208,NaN,NaN,NaN,NaN,,NaN,,3518.678598458,3518.681988208,None,NaN,NaN,,NaN,NaN,NaN,NaN,NaN,NaN,NaN,12,kitchen,2,2024-04-10_10h03.09.698,image_similarity_rating,2023.2.3,None,2024-04-10 10h03.23.237854 +0200
,105,127,148,148,stimuli/own/kitchen/105_kit.jpg,stimuli/own/kitchen/127_kit.jpg,NaN,NaN,NaN,NaN,NaN,NaN,NaN,NaN,0,391,391,147,3524.459474333,NaN,NaN,NaN,NaN,NaN,NaN,NaN,,NaN,,3524.743411,3524.909441166,3524.909441166,3524.909441166,3524.909441166,3524.909441166,3524.909441166,3524.909441166,3524.909441166,3524.909441166,3532.586764,7,-7,7,3,7.33688129199982,6,4.81011787500029,3524.440984083,3524.459474333,NaN,3524.743389708,NaN,NaN,NaN,NaN,,NaN,,3524.437544375,3524.440938083,None,NaN,NaN,,NaN,NaN,NaN,NaN,NaN,NaN,NaN,12,kitchen,2,2024-04-10_10h03.09.698,image_similarity_rating,2023.2.3,None,2024-04-10 10h03.23.237854 +0200
,118,137,381,381,stimuli/own/kitchen/118_kit.jpg,stimuli/own/kitchen/137_kit.jpg,NaN,NaN,NaN,NaN,NaN,NaN,NaN,NaN,0,392,392,380,3532.592330416,NaN,NaN,NaN,NaN,NaN,NaN,NaN,,NaN,,3532.877242208,3533.043124375,3533.043124375,3533.043124375,3533.043124375,3533.043124375,3533.043124375,3533.043124375,3533.043124375,3533.043124375,3540.403821041,-7,7,7,3,4.83354416700013,4,6.47648558299989,3532.590543458,3532.592330416,3533.043124375,3532.877227791,NaN,NaN,NaN,NaN,,NaN,,3532.5869855,3532.590497166,None,NaN,NaN,,NaN,NaN,NaN,NaN,NaN,NaN,NaN,12,kitchen,2,2024-04-10_10h03.09.698,image_similarity_rating,2023.2.3,None,2024-04-10 10h03.23.237854 +0200
,112,129,259,259,stimuli/own/kitchen/112_kit.jpg,stimuli/own/kitchen/129_kit.jpg,NaN,NaN,NaN,NaN,NaN,NaN,NaN,NaN,0,393,393,258,3540.426107208,NaN,NaN,NaN,NaN,NaN,NaN,NaN,,NaN,,3540.71005575,3540.876514458,3540.876514458,3540.876514458,3540.876514458,3540.876514458,3540.876514458,3540.876514458,3540.876514458,3540.876514458,3547.44902825,-7,7,7,1,4.07799912500013,4,5.79819854099969,3540.407480958,3540.426107208,NaN,3540.710031708,NaN,NaN,NaN,NaN,,NaN,,3540.404045833,3540.40743425,None,NaN,NaN,,NaN,NaN,NaN,NaN,NaN,NaN,NaN,12,kitchen,2,2024-04-10_10h03.09.698,image_similarity_rating,2023.2.3,None,2024-04-10 10h03.23.237854 +0200
,120,138,421,421,stimuli/own/kitchen/120_kit.jpg,stimuli/own/kitchen/138_kit.jpg,NaN,NaN,NaN,NaN,NaN,NaN,NaN,NaN,0,394,394,420,3547.459122375,NaN,NaN,NaN,NaN,NaN,NaN,NaN,,NaN,,3547.74388725,3547.916619291,3547.916619291,3547.916619291,3547.916619291,3547.916619291,3547.916619291,3547.916619291,3547.916619291,3547.916619291,3559.432088541,-7,7,7,2,9.83295929099995,5,10.7692596669999,3547.452673791,3547.459122375,3547.916619291,3547.743870416,NaN,NaN,NaN,NaN,,NaN,,3547.449246125,3547.4526275,None,NaN,NaN,,NaN,NaN,NaN,NaN,NaN,NaN,NaN,12,kitchen,2,2024-04-10_10h03.09.698,image_similarity_rating,2023.2.3,None,2024-04-10 10h03.23.237854 +0200
,112,132,262,610,stimuli/own/kitchen/112_kit.jpg,stimuli/own/kitchen/132_kit.jpg,NaN,NaN,NaN,NaN,NaN,NaN,NaN,NaN,0,395,395,609,3559.442426375,NaN,NaN,NaN,NaN,NaN,NaN,NaN,,NaN,,3559.72714725,3559.897930875,3559.897930875,3559.897930875,3559.897930875,3559.897930875,3559.897930875,3559.897930875,3559.897930875,3559.897930875,3564.465804458,-7,7,7,7,3.46718904199997,5,3.95459279199986,3559.435763291,3559.442426375,3559.897930875,3559.727130041,NaN,NaN,NaN,NaN,,NaN,,3559.432307166,3559.435717625,None,NaN,NaN,,NaN,NaN,NaN,NaN,NaN,NaN,NaN,12,kitchen,2,2024-04-10_10h03.09.698,image_similarity_rating,2023.2.3,None,2024-04-10 10h03.23.237854 +0200
,122,141,459,459,stimuli/own/kitchen/122_kit.jpg,stimuli/own/kitchen/141_kit.jpg,NaN,NaN,NaN,NaN,NaN,NaN,NaN,NaN,0,396,396,458,3564.475779208,NaN,NaN,NaN,NaN,NaN,NaN,NaN,,NaN,,3564.760408416,3564.928329541,3564.928329541,3564.928329541,3564.928329541,3564.928329541,3564.928329541,3564.928329541,3564.928329541,3564.928329541,3572.628191541,7,-7,7,2,4.60764300000028,5,6.63469954199991,3564.469467208,3564.475779208,3564.928329541,3564.760393208,NaN,NaN,NaN,NaN,,NaN,,3564.466019583,3564.469420583,None,NaN,NaN,,NaN,NaN,NaN,NaN,NaN,NaN,NaN,12,kitchen,2,2024-04-10_10h03.09.698,image_similarity_rating,2023.2.3,None,2024-04-10 10h03.23.237854 +0200
,111,126,231,231,stimuli/own/kitchen/111_kit.jpg,stimuli/own/kitchen/126_kit.jpg,NaN,NaN,NaN,NaN,NaN,NaN,NaN,NaN,0,397,397,230,3572.633612666,NaN,NaN,NaN,NaN,NaN,NaN,NaN,,NaN,,3572.927101833,3573.093053,3573.093053,3573.093053,3573.093053,3573.093053,3573.093053,3573.093053,3573.093053,3573.093053,3579.394869208,7,-7,7,7,2.43621166699995,5,4.80981470799998,3572.631851875,3572.633612666,3573.093053,3572.927084,NaN,NaN,NaN,NaN,,NaN,,3572.628407916,3572.631805625,None,NaN,NaN,,NaN,NaN,NaN,NaN,NaN,NaN,NaN,12,kitchen,2,2024-04-10_10h03.09.698,image_similarity_rating,2023.2.3,None,2024-04-10 10h03.23.237854 +0200
,104,131,121,612,stimuli/own/kitchen/104_kit.jpg,stimuli/own/kitchen/131_kit.jpg,NaN,NaN,NaN,NaN,NaN,NaN,NaN,NaN,0,398,398,611,3579.400446875,NaN,NaN,NaN,NaN,NaN,NaN,NaN,,NaN,,3579.693765125,3579.861548125,3579.861548125,3579.861548125,3579.861548125,3579.861548125,3579.861548125,3579.861548125,3579.861548125,3579.861548125,3587.71570025,-7,7,7,6,4.11327774999972,1,5.53075429199998,3579.3986095,3579.400446875,3579.861548125,3579.693750541,NaN,NaN,NaN,NaN,,NaN,,3579.395093291,3579.398563166,None,NaN,NaN,,NaN,NaN,NaN,NaN,NaN,NaN,NaN,12,kitchen,2,2024-04-10_10h03.09.698,image_similarity_rating,2023.2.3,None,2024-04-10 10h03.23.237854 +0200
,103,105,69,69,stimuli/own/kitchen/103_kit.jpg,stimuli/own/kitchen/105_kit.jpg,NaN,NaN,NaN,NaN,NaN,NaN,NaN,NaN,0,399,399,68,3587.725891041,NaN,NaN,NaN,NaN,NaN,NaN,NaN,,NaN,,3588.010213291,3588.176336583,3588.176336583,3588.176336583,3588.176336583,3588.176336583,3588.176336583,3588.176336583,3588.176336583,3588.176336583,3592.028150375,7,-7,7,7,2.56439041699969,5,3.55242275000001,3587.719492333,3587.725891041,3588.176336583,3588.010197958,NaN,NaN,NaN,NaN,,NaN,,3587.715922166,3587.719446,None,NaN,NaN,,NaN,NaN,NaN,NaN,NaN,NaN,NaN,12,kitchen,2,2024-04-10_10h03.09.698,image_similarity_rating,2023.2.3,None,2024-04-10 10h03.23.237854 +0200
,126,137,513,513,stimuli/own/kitchen/126_kit.jpg,stimuli/own/kitchen/137_kit.jpg,NaN,NaN,NaN,NaN,NaN,NaN,NaN,NaN,0,400,400,512,3592.034010333,NaN,NaN,NaN,NaN,NaN,NaN,NaN,,NaN,,3592.327135916,3592.499773958,3592.499773958,3592.499773958,3592.499773958,3592.499773958,3592.499773958,3592.499773958,3592.499773958,3592.499773958,3596.33334,-7,7,7,2,2.48367504199996,5,3.69631654099976,3592.031942541,3592.034010333,3592.499773958,3592.327114708,NaN,NaN,NaN,NaN,,NaN,,3592.028368791,3592.031896625,None,NaN,NaN,,NaN,NaN,NaN,NaN,NaN,NaN,NaN,12,kitchen,2,2024-04-10_10h03.09.698,image_similarity_rating,2023.2.3,None,2024-04-10 10h03.23.237854 +0200
,102,129,56,56,stimuli/own/kitchen/102_kit.jpg,stimuli/own/kitchen/129_kit.jpg,NaN,NaN,NaN,NaN,NaN,NaN,NaN,NaN,0,401,401,55,3596.342521291,NaN,NaN,NaN,NaN,NaN,NaN,NaN,,NaN,,3596.627043458,3596.792579333,3596.792579333,3596.792579333,3596.792579333,3596.792579333,3596.792579333,3596.792579333,3596.792579333,3596.792579333,3601.986773291,7,-7,7,1,2.98338199999989,1,3.27766699999984,3596.336986666,3596.342521291,3596.792579333,3596.627027458,NaN,NaN,NaN,NaN,,NaN,,3596.333556166,3596.336941041,None,NaN,NaN,,NaN,NaN,NaN,NaN,NaN,NaN,NaN,12,kitchen,2,2024-04-10_10h03.09.698,image_similarity_rating,2023.2.3,None,2024-04-10 10h03.23.237854 +0200
,116,141,342,342,stimuli/own/kitchen/116_kit.jpg,stimuli/own/kitchen/141_kit.jpg,NaN,NaN,NaN,NaN,NaN,NaN,NaN,NaN,0,402,402,341,3601.992361541,NaN,NaN,NaN,NaN,NaN,NaN,NaN,,NaN,,3602.277030291,3602.443983166,3602.443983166,3602.443983166,3602.443983166,3602.443983166,3602.443983166,3602.443983166,3602.443983166,3602.443983166,3608.194728708,-7,7,7,5,3.11363583399998,4,5.51331841699994,3601.990419666,3601.992361541,3602.443983166,3602.277014791,NaN,NaN,NaN,NaN,,NaN,,3601.986987791,3601.99037375,None,NaN,NaN,,NaN,NaN,NaN,NaN,NaN,NaN,NaN,12,kitchen,2,2024-04-10_10h03.09.698,image_similarity_rating,2023.2.3,None,2024-04-10 10h03.23.237854 +0200
,101,113,9,9,stimuli/own/kitchen/101_kit.jpg,stimuli/own/kitchen/113_kit.jpg,NaN,NaN,NaN,NaN,NaN,NaN,NaN,NaN,0,403,403,8,3608.200391791,NaN,NaN,NaN,NaN,NaN,NaN,NaN,,NaN,,3608.493703208,3608.661516625,3608.661516625,3608.661516625,3608.661516625,3608.661516625,3608.661516625,3608.661516625,3608.661516625,3608.661516625,3614.920068125,-7,7,7,5,5.11875229199995,3,5.58456891700007,3608.198381375,3608.200391791,3608.661516625,3608.493686083,NaN,NaN,NaN,NaN,,NaN,,3608.194958375,3608.198335833,None,NaN,NaN,,NaN,NaN,NaN,NaN,NaN,NaN,NaN,12,kitchen,2,2024-04-10_10h03.09.698,image_similarity_rating,2023.2.3,None,2024-04-10 10h03.23.237854 +0200
,104,139,128,128,stimuli/own/kitchen/104_kit.jpg,stimuli/own/kitchen/139_kit.jpg,NaN,NaN,NaN,NaN,NaN,NaN,NaN,NaN,0,404,404,127,3614.942308625,NaN,NaN,NaN,NaN,NaN,NaN,NaN,,NaN,,3615.226578458,3615.3937895,3615.3937895,3615.3937895,3615.3937895,3615.3937895,3615.3937895,3615.3937895,3615.3937895,3615.3937895,3620.73660275,-7,7,7,2,2.98150329100008,5,4.54713900000024,3614.923824958,3614.942308625,NaN,3615.2265605,NaN,NaN,NaN,NaN,,NaN,,3614.920287583,3614.923778958,None,NaN,NaN,,NaN,NaN,NaN,NaN,NaN,NaN,NaN,12,kitchen,2,2024-04-10_10h03.09.698,image_similarity_rating,2023.2.3,None,2024-04-10 10h03.23.237854 +0200
,106,129,178,178,stimuli/own/kitchen/106_kit.jpg,stimuli/own/kitchen/129_kit.jpg,NaN,NaN,NaN,NaN,NaN,NaN,NaN,NaN,0,405,405,177,3620.759137625,NaN,NaN,NaN,NaN,NaN,NaN,NaN,,NaN,,3621.043442041,3621.20918225,3621.20918225,3621.20918225,3621.20918225,3621.20918225,3621.20918225,3621.20918225,3621.20918225,3621.20918225,3626.586736708,-7,7,7,2,3.68668483300007,6,5.14300420800009,3620.740298541,3620.759137625,NaN,3621.04342525,NaN,NaN,NaN,NaN,,NaN,,3620.736832291,3620.740252541,None,NaN,NaN,,NaN,NaN,NaN,NaN,NaN,NaN,NaN,12,kitchen,2,2024-04-10_10h03.09.698,image_similarity_rating,2023.2.3,None,2024-04-10 10h03.23.237854 +0200
,101,112,8,8,stimuli/own/kitchen/101_kit.jpg,stimuli/own/kitchen/112_kit.jpg,NaN,NaN,NaN,NaN,NaN,NaN,NaN,NaN,0,406,406,7,3626.609060625,NaN,NaN,NaN,NaN,NaN,NaN,NaN,,NaN,,3626.8930975,3627.064208666,3627.064208666,3627.064208666,3627.064208666,3627.064208666,3627.064208666,3627.064208666,3627.064208666,3627.064208666,3637.003343916,-7,7,7,5,6.98143329100003,5,9.615511083,3626.590479708,3626.609060625,NaN,3626.893077625,NaN,NaN,NaN,NaN,,NaN,,3626.586952041,3626.590431583,None,NaN,NaN,,NaN,NaN,NaN,NaN,NaN,NaN,NaN,12,kitchen,2,2024-04-10_10h03.09.698,image_similarity_rating,2023.2.3,None,2024-04-10 10h03.23.237854 +0200
,116,139,340,340,stimuli/own/kitchen/116_kit.jpg,stimuli/own/kitchen/139_kit.jpg,NaN,NaN,NaN,NaN,NaN,NaN,NaN,NaN,0,407,407,339,3637.0259535,NaN,NaN,NaN,NaN,NaN,NaN,NaN,,NaN,,3637.3096605,3637.475138208,3637.475138208,3637.475138208,3637.475138208,3637.475138208,3637.475138208,3637.475138208,3637.475138208,3637.475138208,3644.065624083,-7,7,7,4,5.17595312499998,3,6.3153031249999,3637.007105708,3637.0259535,NaN,3637.309642375,NaN,NaN,NaN,NaN,,NaN,,3637.003564333,3637.007058958,None,NaN,NaN,,NaN,NaN,NaN,NaN,NaN,NaN,NaN,12,kitchen,2,2024-04-10_10h03.09.698,image_similarity_rating,2023.2.3,None,2024-04-10 10h03.23.237854 +0200
,124,131,481,481,stimuli/own/kitchen/124_kit.jpg,stimuli/own/kitchen/131_kit.jpg,NaN,NaN,NaN,NaN,NaN,NaN,NaN,NaN,0,408,408,480,3644.075537583,NaN,NaN,NaN,NaN,NaN,NaN,NaN,,NaN,,3644.360091583,3644.532487333,3644.532487333,3644.532487333,3644.532487333,3644.532487333,3644.532487333,3644.532487333,3644.532487333,3644.532487333,3652.053425916,7,-7,7,6,3.01656308300016,1,4.66200441699993,3644.069286625,3644.075537583,3644.532487333,3644.360072958,NaN,NaN,NaN,NaN,,NaN,,3644.065838875,3644.0692405,None,NaN,NaN,,NaN,NaN,NaN,NaN,NaN,NaN,NaN,12,kitchen,2,2024-04-10_10h03.09.698,image_similarity_rating,2023.2.3,None,2024-04-10 10h03.23.237854 +0200
,130,132,542,542,stimuli/own/kitchen/130_kit.jpg,stimuli/own/kitchen/132_kit.jpg,NaN,NaN,NaN,NaN,NaN,NaN,NaN,NaN,0,409,409,541,3652.075509333,NaN,NaN,NaN,NaN,NaN,NaN,NaN,,NaN,,3652.35983225,3652.525868875,3652.525868875,3652.525868875,3652.525868875,3652.525868875,3652.525868875,3652.525868875,3652.525868875,3652.525868875,3656.898979541,-7,7,7,7,3.05056608300038,6,4.00226854199991,3652.057112416,3652.075509333,NaN,3652.359815541,NaN,NaN,NaN,NaN,,NaN,,3652.053641958,3652.0570665,None,NaN,NaN,,NaN,NaN,NaN,NaN,NaN,NaN,NaN,12,kitchen,2,2024-04-10_10h03.09.698,image_similarity_rating,2023.2.3,None,2024-04-10 10h03.23.237854 +0200
,103,139,97,97,stimuli/own/kitchen/103_kit.jpg,stimuli/own/kitchen/139_kit.jpg,NaN,NaN,NaN,NaN,NaN,NaN,NaN,NaN,0,410,410,96,3656.908960333,NaN,NaN,NaN,NaN,NaN,NaN,NaN,,NaN,,3657.193476958,3657.359681125,3657.359681125,3657.359681125,3657.359681125,3657.359681125,3657.359681125,3657.359681125,3657.359681125,3657.359681125,3666.91117925,7,-7,7,4,6.35889208400022,3,8.97368745799986,3656.902643,3656.908960333,3657.359681125,3657.193461583,NaN,NaN,NaN,NaN,,NaN,,3656.899197666,3656.90259675,None,NaN,NaN,,NaN,NaN,NaN,NaN,NaN,NaN,NaN,12,kitchen,2,2024-04-10_10h03.09.698,image_similarity_rating,2023.2.3,None,2024-04-10 10h03.23.237854 +0200
,121,123,426,426,stimuli/own/kitchen/121_kit.jpg,stimuli/own/kitchen/123_kit.jpg,NaN,NaN,NaN,NaN,NaN,NaN,NaN,NaN,0,411,411,425,3666.916814041,NaN,NaN,NaN,NaN,NaN,NaN,NaN,,NaN,,3667.210824,3667.376759916,3667.376759916,3667.376759916,3667.376759916,3667.376759916,3667.376759916,3667.376759916,3667.376759916,3667.376759916,3673.732105625,-7,7,7,5,4.13111137500027,3,5.79981374999988,3666.914828208,3666.916814041,3667.376759916,3667.21080975,NaN,NaN,NaN,NaN,,NaN,,3666.911395291,3666.914781791,None,NaN,NaN,,NaN,NaN,NaN,NaN,NaN,NaN,NaN,12,kitchen,2,2024-04-10_10h03.09.698,image_similarity_rating,2023.2.3,None,2024-04-10 10h03.23.237854 +0200
,120,140,423,423,stimuli/own/kitchen/120_kit.jpg,stimuli/own/kitchen/140_kit.jpg,NaN,NaN,NaN,NaN,NaN,NaN,NaN,NaN,0,412,412,422,3673.742069416,NaN,NaN,NaN,NaN,NaN,NaN,NaN,,NaN,,3674.026627541,3674.193490875,3674.193490875,3674.193490875,3674.193490875,3674.193490875,3674.193490875,3674.193490875,3674.193490875,3674.193490875,3685.040849291,-7,7,7,7,9.37770354199984,4,10.297209375,3673.735759625,3673.742069416,3674.193490875,3674.026611916,NaN,NaN,NaN,NaN,,NaN,,3673.732325166,3673.735713208,None,NaN,NaN,,NaN,NaN,NaN,NaN,NaN,NaN,NaN,12,kitchen,2,2024-04-10_10h03.09.698,image_similarity_rating,2023.2.3,None,2024-04-10 10h03.23.237854 +0200
,136,137,581,581,stimuli/own/kitchen/136_kit.jpg,stimuli/own/kitchen/137_kit.jpg,NaN,NaN,NaN,NaN,NaN,NaN,NaN,NaN,0,413,413,580,3685.046602541,NaN,NaN,NaN,NaN,NaN,NaN,NaN,,NaN,,3685.331245708,3685.500228125,3685.500228125,3685.500228125,3685.500228125,3685.500228125,3685.500228125,3685.500228125,3685.500228125,3685.500228125,3692.170376291,-7,7,7,5,6.0394617500001,3,6.46940212499976,3685.044521625,3685.046602541,3685.500228125,3685.331230666,NaN,NaN,NaN,NaN,,NaN,,3685.041095791,3685.044474916,None,NaN,NaN,,NaN,NaN,NaN,NaN,NaN,NaN,NaN,12,kitchen,2,2024-04-10_10h03.09.698,image_similarity_rating,2023.2.3,None,2024-04-10 10h03.23.237854 +0200
,105,141,160,160,stimuli/own/kitchen/105_kit.jpg,stimuli/own/kitchen/141_kit.jpg,NaN,NaN,NaN,NaN,NaN,NaN,NaN,NaN,0,414,414,159,3692.192234625,NaN,NaN,NaN,NaN,NaN,NaN,NaN,,NaN,,3692.4761655,3692.644087041,3692.644087041,3692.644087041,3692.644087041,3692.644087041,3692.644087041,3692.644087041,3692.644087041,3692.644087041,3700.390608041,-7,7,7,7,6.06993216599994,5,7.55819212500001,3692.174019333,3692.192234625,NaN,3692.476147583,NaN,NaN,NaN,NaN,,NaN,,3692.170592416,3692.173973375,None,NaN,NaN,,NaN,NaN,NaN,NaN,NaN,NaN,NaN,12,kitchen,2,2024-04-10_10h03.09.698,image_similarity_rating,2023.2.3,None,2024-04-10 10h03.23.237854 +0200
,102,120,48,48,stimuli/own/kitchen/102_kit.jpg,stimuli/own/kitchen/120_kit.jpg,NaN,NaN,NaN,NaN,NaN,NaN,NaN,NaN,0,415,415,47,3700.396215958,NaN,NaN,NaN,NaN,NaN,NaN,NaN,,NaN,,3700.680912125,3700.850844875,3700.850844875,3700.850844875,3700.850844875,3700.850844875,3700.850844875,3700.850844875,3700.850844875,3700.850844875,3707.715586708,-7,7,7,7,5.0874679159997,4,6.34258524999996,3700.394290291,3700.396215958,3700.850844875,3700.680897458,NaN,NaN,NaN,NaN,,NaN,,3700.390826083,3700.394244208,None,NaN,NaN,,NaN,NaN,NaN,NaN,NaN,NaN,NaN,12,kitchen,2,2024-04-10_10h03.09.698,image_similarity_rating,2023.2.3,None,2024-04-10 10h03.23.237854 +0200
,117,141,364,364,stimuli/own/kitchen/117_kit.jpg,stimuli/own/kitchen/141_kit.jpg,NaN,NaN,NaN,NaN,NaN,NaN,NaN,NaN,0,416,416,363,3707.725774708,NaN,NaN,NaN,NaN,NaN,NaN,NaN,,NaN,,3708.010096666,3708.176321916,3708.176321916,3708.176321916,3708.176321916,3708.176321916,3708.176321916,3708.176321916,3708.176321916,3708.176321916,3711.807710375,-7,7,7,3,2.63883795800029,4,3.43099320900001,3707.719228916,3707.725774708,3708.176321916,3708.010080916,NaN,NaN,NaN,NaN,,NaN,,3707.715806791,3707.719182583,None,NaN,NaN,,NaN,NaN,NaN,NaN,NaN,NaN,NaN,12,kitchen,2,2024-04-10_10h03.09.698,image_similarity_rating,2023.2.3,None,2024-04-10 10h03.23.237854 +0200
,106,111,162,162,stimuli/own/kitchen/106_kit.jpg,stimuli/own/kitchen/111_kit.jpg,NaN,NaN,NaN,NaN,NaN,NaN,NaN,NaN,0,417,417,161,3711.813549708,NaN,NaN,NaN,NaN,NaN,NaN,NaN,,NaN,,3712.097227541,3712.262020208,3712.262020208,3712.262020208,3712.262020208,3712.262020208,3712.262020208,3712.262020208,3712.262020208,3712.262020208,3717.131920083,7,-7,7,6,3.25197841599993,2,3.95921099999987,3711.811492708,3711.813549708,3712.262020208,3712.097214916,NaN,NaN,NaN,NaN,,NaN,,3711.80793,3711.81144625,None,NaN,NaN,,NaN,NaN,NaN,NaN,NaN,NaN,NaN,12,kitchen,2,2024-04-10_10h03.09.698,image_similarity_rating,2023.2.3,None,2024-04-10 10h03.23.237854 +0200
,112,132,262,262,stimuli/own/kitchen/112_kit.jpg,stimuli/own/kitchen/132_kit.jpg,NaN,NaN,NaN,NaN,NaN,NaN,NaN,NaN,0,418,418,261,3717.141897166,NaN,NaN,NaN,NaN,NaN,NaN,NaN,,NaN,,3717.426523875,3717.596406041,3717.596406041,3717.596406041,3717.596406041,3717.596406041,3717.596406041,3717.596406041,3717.596406041,3717.596406041,3720.961138583,-7,7,7,7,2.13881562500001,4,2.72963599999957,3717.135572083,3717.141897166,3717.596406041,3717.426507375,NaN,NaN,NaN,NaN,,NaN,,3717.132136958,3717.135525791,None,NaN,NaN,,NaN,NaN,NaN,NaN,NaN,NaN,NaN,12,kitchen,2,2024-04-10_10h03.09.698,image_similarity_rating,2023.2.3,None,2024-04-10 10h03.23.237854 +0200
,138,139,590,590,stimuli/own/kitchen/138_kit.jpg,stimuli/own/kitchen/139_kit.jpg,NaN,NaN,NaN,NaN,NaN,NaN,NaN,NaN,0,419,419,589,3720.966633875,NaN,NaN,NaN,NaN,NaN,NaN,NaN,,NaN,,3721.259855458,3721.424813208,3721.424813208,3721.424813208,3721.424813208,3721.424813208,3721.424813208,3721.424813208,3721.424813208,3721.424813208,3735.441853083,-7,7,7,3,2.19132274999993,3,8.39693599999964,3720.964817416,3720.966633875,3721.424813208,3721.25984275,NaN,NaN,NaN,NaN,,NaN,,3720.961352958,3720.964771208,None,NaN,NaN,,NaN,NaN,NaN,NaN,NaN,NaN,NaN,12,kitchen,2,2024-04-10_10h03.09.698,image_similarity_rating,2023.2.3,None,2024-04-10 10h03.23.237854 +0200
,109,111,190,190,stimuli/own/kitchen/109_kit.jpg,stimuli/own/kitchen/111_kit.jpg,NaN,NaN,NaN,NaN,NaN,NaN,NaN,NaN,0,420,420,189,3735.447594416,NaN,NaN,NaN,NaN,NaN,NaN,NaN,,NaN,,3735.731264916,3735.89747675,3735.89747675,3735.89747675,3735.89747675,3735.89747675,3735.89747675,3735.89747675,3735.89747675,3735.89747675,3741.865808791,-7,7,7,4,3.41490733299997,1,5.73180979100016,3735.445660333,3735.447594416,3735.89747675,3735.731246083,NaN,NaN,NaN,NaN,,NaN,,3735.442096333,3735.445614041,None,NaN,NaN,,NaN,NaN,NaN,NaN,NaN,NaN,NaN,12,kitchen,2,2024-04-10_10h03.09.698,image_similarity_rating,2023.2.3,None,2024-04-10 10h03.23.237854 +0200
,101,106,5,5,stimuli/own/kitchen/101_kit.jpg,stimuli/own/kitchen/106_kit.jpg,NaN,NaN,NaN,NaN,NaN,NaN,NaN,NaN,0,421,421,4,3741.875086,NaN,NaN,NaN,NaN,NaN,NaN,NaN,,NaN,,3742.159751833,3742.326445458,3742.326445458,3742.326445458,3742.326445458,3742.326445458,3742.326445458,3742.326445458,3742.326445458,3742.326445458,3747.544307041,7,-7,7,4,2.82467404199997,1,4.54311462500027,3741.869477166,3741.875086,3742.326445458,3742.159737375,NaN,NaN,NaN,NaN,,NaN,,3741.866023458,3741.869431833,None,NaN,NaN,,NaN,NaN,NaN,NaN,NaN,NaN,NaN,12,kitchen,2,2024-04-10_10h03.09.698,image_similarity_rating,2023.2.3,None,2024-04-10 10h03.23.237854 +0200
,102,125,53,53,stimuli/own/kitchen/102_kit.jpg,stimuli/own/kitchen/125_kit.jpg,NaN,NaN,NaN,NaN,NaN,NaN,NaN,NaN,0,422,422,52,3747.549870166,NaN,NaN,NaN,NaN,NaN,NaN,NaN,,NaN,,3747.843838625,3748.009452291,3748.009452291,3748.009452291,3748.009452291,3748.009452291,3748.009452291,3748.009452291,3748.009452291,3748.009452291,3752.41102825,-7,7,7,7,2.35967708299995,3,3.23060883300013,3747.54807625,3747.549870166,3748.009452291,3747.843823458,NaN,NaN,NaN,NaN,,NaN,,3747.5445255,3747.548030541,None,NaN,NaN,,NaN,NaN,NaN,NaN,NaN,NaN,NaN,12,kitchen,2,2024-04-10_10h03.09.698,image_similarity_rating,2023.2.3,None,2024-04-10 10h03.23.237854 +0200
,114,120,300,300,stimuli/own/kitchen/114_kit.jpg,stimuli/own/kitchen/120_kit.jpg,NaN,NaN,NaN,NaN,NaN,NaN,NaN,NaN,0,423,423,299,3752.416595541,NaN,NaN,NaN,NaN,NaN,NaN,NaN,,NaN,,3752.709785291,3752.882124666,3752.882124666,3752.882124666,3752.882124666,3752.882124666,3752.882124666,3752.882124666,3752.882124666,3752.882124666,3757.424039708,-7,7,7,7,3.30019645799985,4,4.38032308399988,3752.414663541,3752.416595541,3752.882124666,3752.709768291,NaN,NaN,NaN,NaN,,NaN,,3752.411243708,3752.414617583,None,NaN,NaN,,NaN,NaN,NaN,NaN,NaN,NaN,NaN,12,kitchen,2,2024-04-10_10h03.09.698,image_similarity_rating,2023.2.3,None,2024-04-10 10h03.23.237854 +0200
,119,120,386,386,stimuli/own/kitchen/119_kit.jpg,stimuli/own/kitchen/120_kit.jpg,NaN,NaN,NaN,NaN,NaN,NaN,NaN,NaN,0,424,424,385,3757.42970875,NaN,NaN,NaN,NaN,NaN,NaN,NaN,,NaN,,3757.714381125,3757.87777125,3757.87777125,3757.87777125,3757.87777125,3757.87777125,3757.87777125,3757.87777125,3757.87777125,3757.87777125,3765.577566083,-7,7,7,2,3.44731108299993,2,7.47687412499999,3757.427771291,3757.42970875,3757.87777125,3757.714371083,NaN,NaN,NaN,NaN,,NaN,,3757.424281541,3757.427725125,None,NaN,NaN,,NaN,NaN,NaN,NaN,NaN,NaN,NaN,12,kitchen,2,2024-04-10_10h03.09.698,image_similarity_rating,2023.2.3,None,2024-04-10 10h03.23.237854 +0200
,127,129,518,518,stimuli/own/kitchen/127_kit.jpg,stimuli/own/kitchen/129_kit.jpg,NaN,NaN,NaN,NaN,NaN,NaN,NaN,NaN,0,425,425,517,3765.583152791,NaN,NaN,NaN,NaN,NaN,NaN,NaN,,NaN,,3765.876314875,3766.047240083,3766.047240083,3766.047240083,3766.047240083,3766.047240083,3766.047240083,3766.047240083,3766.047240083,3766.047240083,3771.852877875,-7,7,7,1,2.60664366699984,4,5.60619091699982,3765.581212,3765.583152791,3766.047240083,3765.876298958,NaN,NaN,NaN,NaN,,NaN,,3765.577780875,3765.581165666,None,NaN,NaN,,NaN,NaN,NaN,NaN,NaN,NaN,NaN,12,kitchen,2,2024-04-10_10h03.09.698,image_similarity_rating,2023.2.3,None,2024-04-10 10h03.23.237854 +0200
,104,117,108,108,stimuli/own/kitchen/104_kit.jpg,stimuli/own/kitchen/117_kit.jpg,NaN,NaN,NaN,NaN,NaN,NaN,NaN,NaN,0,426,426,107,3771.858324208,NaN,NaN,NaN,NaN,NaN,NaN,NaN,,NaN,,3772.14319425,3772.313285958,3772.313285958,3772.313285958,3772.313285958,3772.313285958,3772.313285958,3772.313285958,3772.313285958,3772.313285958,3778.623591333,7,-7,7,5,3.39950491699983,4,6.047844833,3771.8565435,3771.858324208,3772.313285958,3772.143178125,NaN,NaN,NaN,NaN,,NaN,,3771.85309775,3771.85649725,None,NaN,NaN,,NaN,NaN,NaN,NaN,NaN,NaN,NaN,12,kitchen,2,2024-04-10_10h03.09.698,image_similarity_rating,2023.2.3,None,2024-04-10 10h03.23.237854 +0200
,124,125,476,476,stimuli/own/kitchen/124_kit.jpg,stimuli/own/kitchen/125_kit.jpg,NaN,NaN,NaN,NaN,NaN,NaN,NaN,NaN,0,427,427,475,3778.629275416,NaN,NaN,NaN,NaN,NaN,NaN,NaN,,NaN,,3778.914488208,3779.081042333,3779.081042333,3779.081042333,3779.081042333,3779.081042333,3779.081042333,3779.081042333,3779.081042333,3779.081042333,3783.736506583,-7,7,7,7,2.47897387500007,5,4.13159991700013,3778.627515416,3778.629275416,3779.081042333,3778.914474083,NaN,NaN,NaN,NaN,,NaN,,3778.623818666,3778.627466375,None,NaN,NaN,,NaN,NaN,NaN,NaN,NaN,NaN,NaN,12,kitchen,2,2024-04-10_10h03.09.698,image_similarity_rating,2023.2.3,None,2024-04-10 10h03.23.237854 +0200
,105,135,154,154,stimuli/own/kitchen/105_kit.jpg,stimuli/own/kitchen/135_kit.jpg,NaN,NaN,NaN,NaN,NaN,NaN,NaN,NaN,0,428,428,153,3783.758572791,NaN,NaN,NaN,NaN,NaN,NaN,NaN,,NaN,,3784.042894333,3784.208806625,3784.208806625,3784.208806625,3784.208806625,3784.208806625,3784.208806625,3784.208806625,3784.208806625,3784.208806625,3791.515353916,-7,7,7,6,3.07220808300008,3,6.88156212500007,3783.740146333,3783.758572791,NaN,3784.042877083,NaN,NaN,NaN,NaN,,NaN,,3783.736727625,3783.740100041,None,NaN,NaN,,NaN,NaN,NaN,NaN,NaN,NaN,NaN,12,kitchen,2,2024-04-10_10h03.09.698,image_similarity_rating,2023.2.3,None,2024-04-10 10h03.23.237854 +0200
,112,120,251,251,stimuli/own/kitchen/112_kit.jpg,stimuli/own/kitchen/120_kit.jpg,NaN,NaN,NaN,NaN,NaN,NaN,NaN,NaN,0,429,429,250,3791.524999666,NaN,NaN,NaN,NaN,NaN,NaN,NaN,,NaN,,3791.809734166,3791.980701208,3791.980701208,3791.980701208,3791.980701208,3791.980701208,3791.980701208,3791.980701208,3791.980701208,3791.980701208,3795.298716916,-7,7,7,7,1.94192658299971,4,2.68486766700016,3791.519017,3791.524999666,3791.980701208,3791.809708375,NaN,NaN,NaN,NaN,,NaN,,3791.515567708,3791.518971333,None,NaN,NaN,,NaN,NaN,NaN,NaN,NaN,NaN,NaN,12,kitchen,2,2024-04-10_10h03.09.698,image_similarity_rating,2023.2.3,None,2024-04-10 10h03.23.237854 +0200
,105,129,149,149,stimuli/own/kitchen/105_kit.jpg,stimuli/own/kitchen/129_kit.jpg,NaN,NaN,NaN,NaN,NaN,NaN,NaN,NaN,0,430,430,148,3795.308428583,NaN,NaN,NaN,NaN,NaN,NaN,NaN,,NaN,,3795.593628083,3795.759253,3795.759253,3795.759253,3795.759253,3795.759253,3795.759253,3795.759253,3795.759253,3795.759253,3801.640426333,-7,7,7,2,3.08331800000042,2,5.17449733399962,3795.302475541,3795.308428583,3795.759253,3795.593612041,NaN,NaN,NaN,NaN,,NaN,,3795.298939291,3795.302429583,None,NaN,NaN,,NaN,NaN,NaN,NaN,NaN,NaN,NaN,12,kitchen,2,2024-04-10_10h03.09.698,image_similarity_rating,2023.2.3,None,2024-04-10 10h03.23.237854 +0200
,102,138,64,64,stimuli/own/kitchen/102_kit.jpg,stimuli/own/kitchen/138_kit.jpg,NaN,NaN,NaN,NaN,NaN,NaN,NaN,NaN,0,431,431,63,3801.6460495,NaN,NaN,NaN,NaN,NaN,NaN,NaN,,NaN,,3801.930300625,3802.096500291,3802.096500291,3802.096500291,3802.096500291,3802.096500291,3802.096500291,3802.096500291,3802.096500291,3802.096500291,3805.760743166,7,-7,7,7,2.6462455410001,6,3.27677841700006,3801.644126958,3801.6460495,3802.096500291,3801.9302885,NaN,NaN,NaN,NaN,,NaN,,3801.640652083,3801.644080458,None,NaN,NaN,,NaN,NaN,NaN,NaN,NaN,NaN,NaN,12,kitchen,2,2024-04-10_10h03.09.698,image_similarity_rating,2023.2.3,None,2024-04-10 10h03.23.237854 +0200
,105,122,143,143,stimuli/own/kitchen/105_kit.jpg,stimuli/own/kitchen/122_kit.jpg,NaN,NaN,NaN,NaN,NaN,NaN,NaN,NaN,0,432,432,142,3805.766492,NaN,NaN,NaN,NaN,NaN,NaN,NaN,,NaN,,3806.059666125,3806.225047583,3806.225047583,3806.225047583,3806.225047583,3806.225047583,3806.225047583,3806.225047583,3806.225047583,3806.225047583,3813.990470583,-7,7,7,2,2.91470845899994,6,5.76573579200021,3805.764420541,3805.766492,3806.225047583,3806.05965275,NaN,NaN,NaN,NaN,,NaN,,3805.76095875,3805.764373875,None,NaN,NaN,,NaN,NaN,NaN,NaN,NaN,NaN,NaN,12,kitchen,2,2024-04-10_10h03.09.698,image_similarity_rating,2023.2.3,None,2024-04-10 10h03.23.237854 +0200
,121,125,428,428,stimuli/own/kitchen/121_kit.jpg,stimuli/own/kitchen/125_kit.jpg,NaN,NaN,NaN,NaN,NaN,NaN,NaN,NaN,0,433,433,427,3813.996226083,NaN,NaN,NaN,NaN,NaN,NaN,NaN,,NaN,,3814.280485333,3814.448239791,3814.448239791,3814.448239791,3814.448239791,3814.448239791,3814.448239791,3814.448239791,3814.448239791,3814.448239791,3819.890385,-7,7,7,2,3.17591350000021,4,4.71073229100011,3813.994281208,3813.996226083,3814.448239791,3814.280472416,NaN,NaN,NaN,NaN,,NaN,,3813.990710333,3813.994234333,None,NaN,NaN,,NaN,NaN,NaN,NaN,NaN,NaN,NaN,12,kitchen,2,2024-04-10_10h03.09.698,image_similarity_rating,2023.2.3,None,2024-04-10 10h03.23.237854 +0200
,113,127,283,283,stimuli/own/kitchen/113_kit.jpg,stimuli/own/kitchen/127_kit.jpg,NaN,NaN,NaN,NaN,NaN,NaN,NaN,NaN,0,434,434,282,3819.896149958,NaN,NaN,NaN,NaN,NaN,NaN,NaN,,NaN,,3820.180321416,3820.346557416,3820.346557416,3820.346557416,3820.346557416,3820.346557416,3820.346557416,3820.346557416,3820.346557416,3820.346557416,3826.416113583,7,-7,7,7,2.2772267080004,3,5.82235170800004,3819.8940685,3819.896149958,3820.346557416,3820.180309,NaN,NaN,NaN,NaN,,NaN,,3819.890604,3819.894021833,None,NaN,NaN,,NaN,NaN,NaN,NaN,NaN,NaN,NaN,12,kitchen,2,2024-04-10_10h03.09.698,image_similarity_rating,2023.2.3,None,2024-04-10 10h03.23.237854 +0200
,124,136,485,485,stimuli/own/kitchen/124_kit.jpg,stimuli/own/kitchen/136_kit.jpg,NaN,NaN,NaN,NaN,NaN,NaN,NaN,NaN,0,435,435,484,3826.424945208,NaN,NaN,NaN,NaN,NaN,NaN,NaN,,NaN,,3826.709594416,3826.87727775,3826.87727775,3826.87727775,3826.87727775,3826.87727775,3826.87727775,3826.87727775,3826.87727775,3826.87727775,3831.914999583,-7,7,7,7,2.0016032919998,4,4.65068512500011,3826.419921625,3826.424945208,3826.87727775,3826.709579083,NaN,NaN,NaN,NaN,,NaN,,3826.416337083,3826.419875541,None,NaN,NaN,,NaN,NaN,NaN,NaN,NaN,NaN,NaN,12,kitchen,2,2024-04-10_10h03.09.698,image_similarity_rating,2023.2.3,None,2024-04-10 10h03.23.237854 +0200
,122,135,453,453,stimuli/own/kitchen/122_kit.jpg,stimuli/own/kitchen/135_kit.jpg,NaN,NaN,NaN,NaN,NaN,NaN,NaN,NaN,0,436,436,452,3831.925053208,NaN,NaN,NaN,NaN,NaN,NaN,NaN,,NaN,,3832.209530041,3832.380779625,3832.380779625,3832.380779625,3832.380779625,3832.380779625,3832.380779625,3832.380779625,3832.380779625,3832.380779625,3841.194508875,-7,7,7,3,8.2039945839997,3,5.2925572500003,3831.918640875,3831.925053208,3832.380779625,3832.209512833,NaN,NaN,NaN,NaN,,NaN,,3831.915213625,3831.9185925,None,NaN,NaN,,NaN,NaN,NaN,NaN,NaN,NaN,NaN,12,kitchen,2,2024-04-10_10h03.09.698,image_similarity_rating,2023.2.3,None,2024-04-10 10h03.23.237854 +0200
,111,121,226,226,stimuli/own/kitchen/111_kit.jpg,stimuli/own/kitchen/121_kit.jpg,NaN,NaN,NaN,NaN,NaN,NaN,NaN,NaN,0,437,437,225,3841.208118916,NaN,NaN,NaN,NaN,NaN,NaN,NaN,,NaN,,3841.492861208,3841.662691541,3841.662691541,3841.662691541,3841.662691541,3841.662691541,3841.662691541,3841.662691541,3841.662691541,3841.662691541,3846.344696375,-7,7,7,3,3.39292616700004,4,4.445746375,3841.198472125,3841.208118916,3841.662691541,3841.492840708,NaN,NaN,NaN,NaN,,NaN,,3841.19474175,3841.198423208,None,NaN,NaN,,NaN,NaN,NaN,NaN,NaN,NaN,NaN,12,kitchen,2,2024-04-10_10h03.09.698,image_similarity_rating,2023.2.3,None,2024-04-10 10h03.23.237854 +0200
,124,140,489,489,stimuli/own/kitchen/124_kit.jpg,stimuli/own/kitchen/140_kit.jpg,NaN,NaN,NaN,NaN,NaN,NaN,NaN,NaN,0,438,438,488,3846.350605,NaN,NaN,NaN,NaN,NaN,NaN,NaN,,NaN,,3846.643069,3846.81578375,3846.81578375,3846.81578375,3846.81578375,3846.81578375,3846.81578375,3846.81578375,3846.81578375,3846.81578375,3849.423610541,-7,7,7,7,1.84177124999997,4,2.32900299999983,3846.34869025,3846.350605,3846.81578375,3846.643046541,NaN,NaN,NaN,NaN,,NaN,,3846.344916041,3846.348640791,None,NaN,NaN,,NaN,NaN,NaN,NaN,NaN,NaN,NaN,12,kitchen,2,2024-04-10_10h03.09.698,image_similarity_rating,2023.2.3,None,2024-04-10 10h03.23.237854 +0200
,109,122,200,200,stimuli/own/kitchen/109_kit.jpg,stimuli/own/kitchen/122_kit.jpg,NaN,NaN,NaN,NaN,NaN,NaN,NaN,NaN,0,439,439,199,3849.429351208,NaN,NaN,NaN,NaN,NaN,NaN,NaN,,NaN,,3849.712863333,3849.876603125,3849.876603125,3849.876603125,3849.876603125,3849.876603125,3849.876603125,3849.876603125,3849.876603125,3849.876603125,3854.264918708,-7,7,7,3,3.29291241700003,1,4.12235362499996,3849.427412625,3849.429351208,3849.876603125,3849.712853166,NaN,NaN,NaN,NaN,,NaN,,3849.42383225,3849.427366541,None,NaN,NaN,,NaN,NaN,NaN,NaN,NaN,NaN,NaN,12,kitchen,2,2024-04-10_10h03.09.698,image_similarity_rating,2023.2.3,None,2024-04-10 10h03.23.237854 +0200
,113,129,284,284,stimuli/own/kitchen/113_kit.jpg,stimuli/own/kitchen/129_kit.jpg,NaN,NaN,NaN,NaN,NaN,NaN,NaN,NaN,0,440,440,283,3854.274987458,NaN,NaN,NaN,NaN,NaN,NaN,NaN,,NaN,,3854.559529291,3854.730024208,3854.730024208,3854.730024208,3854.730024208,3854.730024208,3854.730024208,3854.730024208,3854.730024208,3854.730024208,3859.944656625,7,-7,7,1,2.90407683300009,1,4.56621825000002,3854.268567458,3854.274987458,3854.730024208,3854.559507375,NaN,NaN,NaN,NaN,,NaN,,3854.26513625,3854.268520791,None,NaN,NaN,,NaN,NaN,NaN,NaN,NaN,NaN,NaN,12,kitchen,2,2024-04-10_10h03.09.698,image_similarity_rating,2023.2.3,None,2024-04-10 10h03.23.237854 +0200
,119,125,391,391,stimuli/own/kitchen/119_kit.jpg,stimuli/own/kitchen/125_kit.jpg,NaN,NaN,NaN,NaN,NaN,NaN,NaN,NaN,0,441,441,390,3859.950244375,NaN,NaN,NaN,NaN,NaN,NaN,NaN,,NaN,,3876.709606833,3876.884741208,3876.884741208,3876.884741208,3876.884741208,3876.884741208,3876.884741208,3876.884741208,3876.884741208,3876.884741208,3887.4271345,7,-7,8,2,2.01884616699999,4,9.78359512499992,3876.417208208,3876.42537225,3876.884741208,3876.709589458,NaN,NaN,NaN,NaN,,NaN,,3859.944876708,3876.416852416,space,3859.950244375,16.4664415830002,None,NaN,NaN,NaN,NaN,NaN,NaN,NaN,12,kitchen,2,2024-04-10_10h03.09.698,image_similarity_rating,2023.2.3,None,2024-04-10 10h03.23.237854 +0200
,109,121,199,199,stimuli/own/kitchen/109_kit.jpg,stimuli/own/kitchen/121_kit.jpg,NaN,NaN,NaN,NaN,NaN,NaN,NaN,NaN,0,442,442,198,3887.433502333,NaN,NaN,NaN,NaN,NaN,NaN,NaN,,NaN,,3887.725932916,3887.894114333,3887.894114333,3887.894114333,3887.894114333,3887.894114333,3887.894114333,3887.894114333,3887.894114333,3887.894114333,3897.514697875,-7,7,8,2,5.38862362500004,1,8.47679591700035,3887.431416,3887.433502333,3887.894114333,3887.725917666,NaN,NaN,NaN,NaN,,NaN,,3887.427352208,3887.431368333,None,NaN,NaN,,NaN,NaN,NaN,NaN,NaN,NaN,NaN,12,kitchen,2,2024-04-10_10h03.09.698,image_similarity_rating,2023.2.3,None,2024-04-10 10h03.23.237854 +0200
,102,132,59,59,stimuli/own/kitchen/102_kit.jpg,stimuli/own/kitchen/132_kit.jpg,NaN,NaN,NaN,NaN,NaN,NaN,NaN,NaN,0,443,443,58,3897.524691083,NaN,NaN,NaN,NaN,NaN,NaN,NaN,,NaN,,3897.809337916,3897.97540575,3897.97540575,3897.97540575,3897.97540575,3897.97540575,3897.97540575,3897.97540575,3897.97540575,3897.97540575,3902.944645541,-7,7,8,7,1.97286133300031,5,4.35917875000041,3897.518355666,3897.524691083,3897.97540575,3897.809322666,NaN,NaN,NaN,NaN,,NaN,,3897.514912666,3897.518309875,None,NaN,NaN,,NaN,NaN,NaN,NaN,NaN,NaN,NaN,12,kitchen,2,2024-04-10_10h03.09.698,image_similarity_rating,2023.2.3,None,2024-04-10 10h03.23.237854 +0200
,123,135,469,469,stimuli/own/kitchen/123_kit.jpg,stimuli/own/kitchen/135_kit.jpg,NaN,NaN,NaN,NaN,NaN,NaN,NaN,NaN,0,444,444,468,3902.950090625,NaN,NaN,NaN,NaN,NaN,NaN,NaN,,NaN,,3903.242703333,3903.409599958,3903.409599958,3903.409599958,3903.409599958,3903.409599958,3903.409599958,3903.409599958,3903.409599958,3903.409599958,3908.464159666,7,-7,8,3,3.42054470899984,3,4.51518154099995,3902.948285791,3902.950090625,3903.409599958,3903.242687875,NaN,NaN,NaN,NaN,,NaN,,3902.944863666,3902.948239875,None,NaN,NaN,,NaN,NaN,NaN,NaN,NaN,NaN,NaN,12,kitchen,2,2024-04-10_10h03.09.698,image_similarity_rating,2023.2.3,None,2024-04-10 10h03.23.237854 +0200
,118,141,385,385,stimuli/own/kitchen/118_kit.jpg,stimuli/own/kitchen/141_kit.jpg,NaN,NaN,NaN,NaN,NaN,NaN,NaN,NaN,0,445,445,384,3908.47465075,NaN,NaN,NaN,NaN,NaN,NaN,NaN,,NaN,,3908.760280041,3908.925662041,3908.925662041,3908.925662041,3908.925662041,3908.925662041,3908.925662041,3908.925662041,3908.925662041,3908.925662041,3912.795084416,-7,7,8,5,2.31623170900002,5,3.64346341700002,3908.467913458,3908.47465075,3908.925662041,3908.760264666,NaN,NaN,NaN,NaN,,NaN,,3908.4643765,3908.467867666,None,NaN,NaN,,NaN,NaN,NaN,NaN,NaN,NaN,NaN,12,kitchen,2,2024-04-10_10h03.09.698,image_similarity_rating,2023.2.3,None,2024-04-10 10h03.23.237854 +0200
,114,136,314,314,stimuli/own/kitchen/114_kit.jpg,stimuli/own/kitchen/136_kit.jpg,NaN,NaN,NaN,NaN,NaN,NaN,NaN,NaN,0,446,446,313,3912.800999833,NaN,NaN,NaN,NaN,NaN,NaN,NaN,,NaN,,3913.092627083,3913.25736275,3913.25736275,3913.25736275,3913.25736275,3913.25736275,3913.25736275,3913.25736275,3913.25736275,3913.25736275,3917.207807291,7,-7,8,7,2.95163729199976,5,3.75207812500003,3912.798901166,3912.800999833,3913.25736275,3913.092611,NaN,NaN,NaN,NaN,,NaN,,3912.795315125,3912.798854041,None,NaN,NaN,,NaN,NaN,NaN,NaN,NaN,NaN,NaN,12,kitchen,2,2024-04-10_10h03.09.698,image_similarity_rating,2023.2.3,None,2024-04-10 10h03.23.237854 +0200
,101,138,31,31,stimuli/own/kitchen/101_kit.jpg,stimuli/own/kitchen/138_kit.jpg,NaN,NaN,NaN,NaN,NaN,NaN,NaN,NaN,0,447,447,30,3917.21342225,NaN,NaN,NaN,NaN,NaN,NaN,NaN,,NaN,,3917.496976291,3917.665577541,3917.665577541,3917.665577541,3917.665577541,3917.665577541,3917.665577541,3917.665577541,3917.665577541,3917.665577541,3923.168987291,7,-7,8,6,4.35327575000019,4,5.2911963749998,3917.21149225,3917.21342225,3917.665577541,3917.496961916,NaN,NaN,NaN,NaN,,NaN,,3917.208040208,3917.211447,None,NaN,NaN,,NaN,NaN,NaN,NaN,NaN,NaN,NaN,12,kitchen,2,2024-04-10_10h03.09.698,image_similarity_rating,2023.2.3,None,2024-04-10 10h03.23.237854 +0200
,112,132,262,608,stimuli/own/kitchen/112_kit.jpg,stimuli/own/kitchen/132_kit.jpg,NaN,NaN,NaN,NaN,NaN,NaN,NaN,NaN,0,448,448,607,3923.174577833,NaN,NaN,NaN,NaN,NaN,NaN,NaN,,NaN,,3923.459241541,3923.625507458,3923.625507458,3923.625507458,3923.625507458,3923.625507458,3923.625507458,3923.625507458,3923.625507458,3923.625507458,3929.635912708,7,-7,8,7,1.95133462500007,3,5.04844533400001,3923.17272575,3923.174577833,3923.625507458,3923.459226958,NaN,NaN,NaN,NaN,,NaN,,3923.169203541,3923.172679375,None,NaN,NaN,,NaN,NaN,NaN,NaN,NaN,NaN,NaN,12,kitchen,2,2024-04-10_10h03.09.698,image_similarity_rating,2023.2.3,None,2024-04-10 10h03.23.237854 +0200
,123,130,465,465,stimuli/own/kitchen/123_kit.jpg,stimuli/own/kitchen/130_kit.jpg,NaN,NaN,NaN,NaN,NaN,NaN,NaN,NaN,0,449,449,464,3929.657987125,NaN,NaN,NaN,NaN,NaN,NaN,NaN,,NaN,,3929.942040416,3930.114289666,3930.114289666,3930.114289666,3930.114289666,3930.114289666,3930.114289666,3930.114289666,3930.114289666,3930.114289666,3934.720321333,7,-7,8,7,3.49020708399985,3,4.07336954199991,3929.639568583,3929.657987125,NaN,3929.942020125,NaN,NaN,NaN,NaN,,NaN,,3929.636128625,3929.639522375,None,NaN,NaN,,NaN,NaN,NaN,NaN,NaN,NaN,NaN,12,kitchen,2,2024-04-10_10h03.09.698,image_similarity_rating,2023.2.3,None,2024-04-10 10h03.23.237854 +0200
,102,119,47,47,stimuli/own/kitchen/102_kit.jpg,stimuli/own/kitchen/119_kit.jpg,NaN,NaN,NaN,NaN,NaN,NaN,NaN,NaN,0,450,450,46,3934.726196916,NaN,NaN,NaN,NaN,NaN,NaN,NaN,,NaN,,3935.009212833,3935.176421875,3935.176421875,3935.176421875,3935.176421875,3935.176421875,3935.176421875,3935.176421875,3935.176421875,3935.176421875,3939.952233833,-7,7,8,3,3.12142616699975,3,4.50111991600033,3934.724033625,3934.726196916,3935.176421875,3935.009198291,NaN,NaN,NaN,NaN,,NaN,,3934.720542416,3934.72398725,None,NaN,NaN,,NaN,NaN,NaN,NaN,NaN,NaN,NaN,12,kitchen,2,2024-04-10_10h03.09.698,image_similarity_rating,2023.2.3,None,2024-04-10 10h03.23.237854 +0200
,130,137,546,546,stimuli/own/kitchen/130_kit.jpg,stimuli/own/kitchen/137_kit.jpg,NaN,NaN,NaN,NaN,NaN,NaN,NaN,NaN,0,451,451,545,3939.957691583,NaN,NaN,NaN,NaN,NaN,NaN,NaN,,NaN,,3940.242604916,3940.409520625,3940.409520625,3940.409520625,3940.409520625,3940.409520625,3940.409520625,3940.409520625,3940.409520625,3940.409520625,3946.727653541,-7,7,8,3,3.77011416599998,3,5.9703976249998,3939.955888625,3939.957691583,3940.409520625,3940.242589958,NaN,NaN,NaN,NaN,,NaN,,3939.952451791,3939.955842333,None,NaN,NaN,,NaN,NaN,NaN,NaN,NaN,NaN,NaN,12,kitchen,2,2024-04-10_10h03.09.698,image_similarity_rating,2023.2.3,None,2024-04-10 10h03.23.237854 +0200
,103,104,68,68,stimuli/own/kitchen/103_kit.jpg,stimuli/own/kitchen/104_kit.jpg,NaN,NaN,NaN,NaN,NaN,NaN,NaN,NaN,0,452,452,67,3946.733038833,NaN,NaN,NaN,NaN,NaN,NaN,NaN,,NaN,,3947.02577,3947.193002666,3947.193002666,3947.193002666,3947.193002666,3947.193002666,3947.193002666,3947.193002666,3947.193002666,3947.193002666,3954.723510125,-7,7,8,4,6.46701750000011,6,5.76781375000064,3946.731294333,3946.733038833,3947.193002666,3947.025750666,NaN,NaN,NaN,NaN,,NaN,,3946.727871166,3946.731245916,None,NaN,NaN,,NaN,NaN,NaN,NaN,NaN,NaN,NaN,12,kitchen,2,2024-04-10_10h03.09.698,image_similarity_rating,2023.2.3,None,2024-04-10 10h03.23.237854 +0200
,114,131,310,310,stimuli/own/kitchen/114_kit.jpg,stimuli/own/kitchen/131_kit.jpg,NaN,NaN,NaN,NaN,NaN,NaN,NaN,NaN,0,453,453,309,3954.729273583,NaN,NaN,NaN,NaN,NaN,NaN,NaN,,NaN,,3955.013442416,3955.183329958,3955.183329958,3955.183329958,3955.183329958,3955.183329958,3955.183329958,3955.183329958,3955.183329958,3955.183329958,3961.06457975,7,-7,8,6,2.49704250000013,1,4.09916491700005,3954.72733925,3954.729273583,3955.183329958,3955.013424666,NaN,NaN,NaN,NaN,,NaN,,3954.723747583,3954.7272925,None,NaN,NaN,,NaN,NaN,NaN,NaN,NaN,NaN,NaN,12,kitchen,2,2024-04-10_10h03.09.698,image_similarity_rating,2023.2.3,None,2024-04-10 10h03.23.237854 +0200
,114,140,318,318,stimuli/own/kitchen/114_kit.jpg,stimuli/own/kitchen/140_kit.jpg,NaN,NaN,NaN,NaN,NaN,NaN,NaN,NaN,0,454,454,317,3961.074642541,NaN,NaN,NaN,NaN,NaN,NaN,NaN,,NaN,,3961.359079583,3961.527544916,3961.527544916,3961.527544916,3961.527544916,3961.527544916,3961.527544916,3961.527544916,3961.527544916,3961.527544916,3967.997988583,-7,7,8,7,2.04130416600037,4,6.1400329170001,3961.0682395,3961.074642541,3961.527544916,3961.359063083,NaN,NaN,NaN,NaN,,NaN,,3961.064797791,3961.068192791,None,NaN,NaN,,NaN,NaN,NaN,NaN,NaN,NaN,NaN,12,kitchen,2,2024-04-10_10h03.09.698,image_similarity_rating,2023.2.3,None,2024-04-10 10h03.23.237854 +0200
,101,141,34,34,stimuli/own/kitchen/101_kit.jpg,stimuli/own/kitchen/141_kit.jpg,NaN,NaN,NaN,NaN,NaN,NaN,NaN,NaN,0,455,455,33,3968.0077745,NaN,NaN,NaN,NaN,NaN,NaN,NaN,,NaN,,3968.292245208,3968.457996583,3968.457996583,3968.457996583,3968.457996583,3968.457996583,3968.457996583,3968.457996583,3968.457996583,3968.457996583,3977.514539333,7,-7,8,5,3.80366333300026,5,7.75691841700063,3968.001663458,3968.0077745,3968.457996583,3968.292228666,NaN,NaN,NaN,NaN,,NaN,,3967.998205791,3968.001617625,None,NaN,NaN,,NaN,NaN,NaN,NaN,NaN,NaN,NaN,12,kitchen,2,2024-04-10_10h03.09.698,image_similarity_rating,2023.2.3,None,2024-04-10 10h03.23.237854 +0200
,105,132,152,152,stimuli/own/kitchen/105_kit.jpg,stimuli/own/kitchen/132_kit.jpg,NaN,NaN,NaN,NaN,NaN,NaN,NaN,NaN,0,456,456,151,3977.524441791,NaN,NaN,NaN,NaN,NaN,NaN,NaN,,NaN,,3977.808998208,3977.975705958,3977.975705958,3977.975705958,3977.975705958,3977.975705958,3977.975705958,3977.975705958,3977.975705958,3977.975705958,3981.440010333,7,-7,8,3,2.4780707079999,3,3.31554591700024,3977.518332791,3977.524441791,3977.975705958,3977.808982625,NaN,NaN,NaN,NaN,,NaN,,3977.51475325,3977.518286958,None,NaN,NaN,,NaN,NaN,NaN,NaN,NaN,NaN,NaN,12,kitchen,2,2024-04-10_10h03.09.698,image_similarity_rating,2023.2.3,None,2024-04-10 10h03.23.237854 +0200
,104,140,129,129,stimuli/own/kitchen/104_kit.jpg,stimuli/own/kitchen/140_kit.jpg,NaN,NaN,NaN,NaN,NaN,NaN,NaN,NaN,0,457,457,128,3981.445816875,NaN,NaN,NaN,NaN,NaN,NaN,NaN,,NaN,,3981.729740541,3981.895886791,3981.895886791,3981.895886791,3981.895886791,3981.895886791,3981.895886791,3981.895886791,3981.895886791,3981.895886791,3987.14036575,7,-7,8,7,2.19909120899956,4,3.33597120800005,3981.443901833,3981.445816875,3981.895886791,3981.729711041,NaN,NaN,NaN,NaN,,NaN,,3981.440263125,3981.443855791,None,NaN,NaN,,NaN,NaN,NaN,NaN,NaN,NaN,NaN,12,kitchen,2,2024-04-10_10h03.09.698,image_similarity_rating,2023.2.3,None,2024-04-10 10h03.23.237854 +0200
,101,127,22,22,stimuli/own/kitchen/101_kit.jpg,stimuli/own/kitchen/127_kit.jpg,NaN,NaN,NaN,NaN,NaN,NaN,NaN,NaN,0,458,458,21,3987.14608975,NaN,NaN,NaN,NaN,NaN,NaN,NaN,,NaN,,3987.429525166,3987.593016041,3987.593016041,3987.593016041,3987.593016041,3987.593016041,3987.593016041,3987.593016041,3987.593016041,3987.593016041,4009.823297708,-7,7,8,3,21.3501018330007,4,16.750484833,3987.144161958,3987.14608975,3987.593016041,3987.429512208,NaN,NaN,NaN,NaN,,NaN,,3987.140582083,3987.144113291,None,NaN,NaN,,NaN,NaN,NaN,NaN,NaN,NaN,NaN,12,kitchen,2,2024-04-10_10h03.09.698,image_similarity_rating,2023.2.3,None,2024-04-10 10h03.23.237854 +0200
,102,139,65,607,stimuli/own/kitchen/102_kit.jpg,stimuli/own/kitchen/139_kit.jpg,NaN,NaN,NaN,NaN,NaN,NaN,NaN,NaN,0,459,459,606,4009.8288235,NaN,NaN,NaN,NaN,NaN,NaN,NaN,,NaN,,4010.112978583,4010.279744333,4010.279744333,4010.279744333,4010.279744333,4010.279744333,4010.279744333,4010.279744333,4010.279744333,4010.279744333,4016.630924333,-7,7,8,3,2.15265179200014,4,5.48582604199964,4009.827015083,4009.8288235,4010.279744333,4010.112965375,NaN,NaN,NaN,NaN,,NaN,,4009.823532458,4009.826968291,None,NaN,NaN,,NaN,NaN,NaN,NaN,NaN,NaN,NaN,12,kitchen,2,2024-04-10_10h03.09.698,image_similarity_rating,2023.2.3,None,2024-04-10 10h03.23.237854 +0200
,119,121,387,387,stimuli/own/kitchen/119_kit.jpg,stimuli/own/kitchen/121_kit.jpg,NaN,NaN,NaN,NaN,NaN,NaN,NaN,NaN,0,460,460,386,4016.64092575,NaN,NaN,NaN,NaN,NaN,NaN,NaN,,NaN,,4016.925595208,4017.092326375,4017.092326375,4017.092326375,4017.092326375,4017.092326375,4017.092326375,4017.092326375,4017.092326375,4017.092326375,4023.7934335,7,-7,8,5,4.19981929200003,2,6.40181795799981,4016.634671375,4016.64092575,4017.092326375,4016.925579666,NaN,NaN,NaN,NaN,,NaN,,4016.631140708,4016.634625541,None,NaN,NaN,,NaN,NaN,NaN,NaN,NaN,NaN,NaN,12,kitchen,2,2024-04-10_10h03.09.698,image_similarity_rating,2023.2.3,None,2024-04-10 10h03.23.237854 +0200
,113,124,280,280,stimuli/own/kitchen/113_kit.jpg,stimuli/own/kitchen/124_kit.jpg,NaN,NaN,NaN,NaN,NaN,NaN,NaN,NaN,0,461,461,279,4023.799034666,NaN,NaN,NaN,NaN,NaN,NaN,NaN,,NaN,,4024.092228958,4024.257821916,4024.257821916,4024.257821916,4024.257821916,4024.257821916,4024.257821916,4024.257821916,4024.257821916,4024.257821916,4028.268762041,7,-7,8,7,2.16127804200005,3,3.72630870900048,4023.797090666,4023.799034666,4024.257821916,4024.092214041,NaN,NaN,NaN,NaN,,NaN,,4023.793662541,4023.79704425,None,NaN,NaN,,NaN,NaN,NaN,NaN,NaN,NaN,NaN,12,kitchen,2,2024-04-10_10h03.09.698,image_similarity_rating,2023.2.3,None,2024-04-10 10h03.23.237854 +0200
,114,141,319,319,stimuli/own/kitchen/114_kit.jpg,stimuli/own/kitchen/141_kit.jpg,NaN,NaN,NaN,NaN,NaN,NaN,NaN,NaN,0,462,462,318,4028.2742145,NaN,NaN,NaN,NaN,NaN,NaN,NaN,,NaN,,4028.558895083,4028.725514666,4028.725514666,4028.725514666,4028.725514666,4028.725514666,4028.725514666,4028.725514666,4028.725514666,4028.725514666,4032.30660325,-7,7,8,3,2.83639216699976,5,3.39541208300034,4028.272396458,4028.2742145,4028.725514666,4028.558880041,NaN,NaN,NaN,NaN,,NaN,,4028.268976083,4028.272350208,None,NaN,NaN,,NaN,NaN,NaN,NaN,NaN,NaN,NaN,12,kitchen,2,2024-04-10_10h03.09.698,image_similarity_rating,2023.2.3,None,2024-04-10 10h03.23.237854 +0200
,105,126,147,147,stimuli/own/kitchen/105_kit.jpg,stimuli/own/kitchen/126_kit.jpg,NaN,NaN,NaN,NaN,NaN,NaN,NaN,NaN,0,463,463,146,4032.31237725,NaN,NaN,NaN,NaN,NaN,NaN,NaN,,NaN,,4032.59656675,4032.760465791,4032.760465791,4032.760465791,4032.760465791,4032.760465791,4032.760465791,4032.760465791,4032.760465791,4032.760465791,4039.335388166,-7,7,8,3,4.33274170799996,5,6.36234100000001,4032.310289,4032.31237725,4032.760465791,4032.596554208,NaN,NaN,NaN,NaN,,NaN,,4032.3068275,4032.31024275,None,NaN,NaN,,NaN,NaN,NaN,NaN,NaN,NaN,NaN,12,kitchen,2,2024-04-10_10h03.09.698,image_similarity_rating,2023.2.3,None,2024-04-10 10h03.23.237854 +0200
,113,132,287,287,stimuli/own/kitchen/113_kit.jpg,stimuli/own/kitchen/132_kit.jpg,NaN,NaN,NaN,NaN,NaN,NaN,NaN,NaN,0,464,464,286,4039.357813083,NaN,NaN,NaN,NaN,NaN,NaN,NaN,,NaN,,4039.641988833,4039.808125708,4039.808125708,4039.808125708,4039.808125708,4039.808125708,4039.808125708,4039.808125708,4039.808125708,4039.808125708,4043.130927166,7,-7,8,7,2.38652779200038,3,3.04881216700051,4039.339146416,4039.357813083,NaN,4039.641945666,NaN,NaN,NaN,NaN,,NaN,,4039.335604208,4039.339099583,None,NaN,NaN,,NaN,NaN,NaN,NaN,NaN,NaN,NaN,12,kitchen,2,2024-04-10_10h03.09.698,image_similarity_rating,2023.2.3,None,2024-04-10 10h03.23.237854 +0200
,101,104,3,3,stimuli/own/kitchen/101_kit.jpg,stimuli/own/kitchen/104_kit.jpg,NaN,NaN,NaN,NaN,NaN,NaN,NaN,NaN,0,465,465,2,4043.140959791,NaN,NaN,NaN,NaN,NaN,NaN,NaN,,NaN,,4043.425541083,4043.592175083,4043.592175083,4043.592175083,4043.592175083,4043.592175083,4043.592175083,4043.592175083,4043.592175083,4043.592175083,4048.8683985,7,-7,8,6,2.63867470800051,4,5.00187925000046,4043.13457275,4043.140959791,4043.592175083,4043.425513833,NaN,NaN,NaN,NaN,,NaN,,4043.131145041,4043.134526541,None,NaN,NaN,,NaN,NaN,NaN,NaN,NaN,NaN,NaN,12,kitchen,2,2024-04-10_10h03.09.698,image_similarity_rating,2023.2.3,None,2024-04-10 10h03.23.237854 +0200
,119,130,395,395,stimuli/own/kitchen/119_kit.jpg,stimuli/own/kitchen/130_kit.jpg,NaN,NaN,NaN,NaN,NaN,NaN,NaN,NaN,0,466,466,394,4048.873940333,NaN,NaN,NaN,NaN,NaN,NaN,NaN,,NaN,,4049.158866541,4049.327079583,4049.327079583,4049.327079583,4049.327079583,4049.327079583,4049.327079583,4049.327079583,4049.327079583,4049.327079583,4053.680939166,7,-7,8,3,2.32123300000057,4,3.83410954100054,4048.872043166,4048.873940333,4049.327079583,4049.158850208,NaN,NaN,NaN,NaN,,NaN,,4048.868613166,4048.871996916,None,NaN,NaN,,NaN,NaN,NaN,NaN,NaN,NaN,NaN,12,kitchen,2,2024-04-10_10h03.09.698,image_similarity_rating,2023.2.3,None,2024-04-10 10h03.23.237854 +0200
,136,140,584,584,stimuli/own/kitchen/136_kit.jpg,stimuli/own/kitchen/140_kit.jpg,NaN,NaN,NaN,NaN,NaN,NaN,NaN,NaN,0,467,467,583,4053.690824166,NaN,NaN,NaN,NaN,NaN,NaN,NaN,,NaN,,4053.975443375,4054.142051791,4054.142051791,4054.142051791,4054.142051791,4054.142051791,4054.142051791,4054.142051791,4054.142051791,4054.142051791,4058.735181583,-7,7,8,7,2.20039550000001,4,4.13065295800061,4053.684575125,4053.690824166,4054.142051791,4053.975427833,NaN,NaN,NaN,NaN,,NaN,,4053.6811545,4053.684529166,None,NaN,NaN,,NaN,NaN,NaN,NaN,NaN,NaN,NaN,12,kitchen,2,2024-04-10_10h03.09.698,image_similarity_rating,2023.2.3,None,2024-04-10 10h03.23.237854 +0200
,135,140,579,579,stimuli/own/kitchen/135_kit.jpg,stimuli/own/kitchen/140_kit.jpg,NaN,NaN,NaN,NaN,NaN,NaN,NaN,NaN,0,468,468,578,4058.740679333,NaN,NaN,NaN,NaN,NaN,NaN,NaN,,NaN,,4059.025423416,4059.1918835,4059.1918835,4059.1918835,4059.1918835,4059.1918835,4059.1918835,4059.1918835,4059.1918835,4059.1918835,4066.2408005,-7,7,8,3,6.92301787500037,4,5.69556104099956,4058.7388175,4058.740679333,4059.1918835,4059.025408083,NaN,NaN,NaN,NaN,,NaN,,4058.735397166,4058.738771416,None,NaN,NaN,,NaN,NaN,NaN,NaN,NaN,NaN,NaN,12,kitchen,2,2024-04-10_10h03.09.698,image_similarity_rating,2023.2.3,None,2024-04-10 10h03.23.237854 +0200
,116,134,335,335,stimuli/own/kitchen/116_kit.jpg,stimuli/own/kitchen/134_kit.jpg,NaN,NaN,NaN,NaN,NaN,NaN,NaN,NaN,0,469,469,334,4066.246407166,NaN,NaN,NaN,NaN,NaN,NaN,NaN,,NaN,,4066.529347666,4066.694210708,4066.694210708,4066.694210708,4066.694210708,4066.694210708,4066.694210708,4066.694210708,4066.694210708,4066.694210708,4080.6393935,7,-7,8,7,10.8494617920005,4,13.0760494579999,4066.244479166,4066.246407166,4066.694210708,4066.529335333,NaN,NaN,NaN,NaN,,NaN,,4066.241015625,4066.244433416,None,NaN,NaN,,NaN,NaN,NaN,NaN,NaN,NaN,NaN,12,kitchen,2,2024-04-10_10h03.09.698,image_similarity_rating,2023.2.3,None,2024-04-10 10h03.23.237854 +0200
,112,130,260,260,stimuli/own/kitchen/112_kit.jpg,stimuli/own/kitchen/130_kit.jpg,NaN,NaN,NaN,NaN,NaN,NaN,NaN,NaN,0,470,470,259,4080.645034541,NaN,NaN,NaN,NaN,NaN,NaN,NaN,,NaN,,4080.929709083,4081.097272208,4081.097272208,4081.097272208,4081.097272208,4081.097272208,4081.097272208,4081.097272208,4081.097272208,4081.097272208,4086.830368833,7,-7,8,7,3.0158477089999,6,4.73514191599952,4080.643098166,4080.645034541,4081.097272208,4080.929695708,NaN,NaN,NaN,NaN,,NaN,,4080.639618458,4080.643052,None,NaN,NaN,,NaN,NaN,NaN,NaN,NaN,NaN,NaN,12,kitchen,2,2024-04-10_10h03.09.698,image_similarity_rating,2023.2.3,None,2024-04-10 10h03.23.237854 +0200
,102,123,51,51,stimuli/own/kitchen/102_kit.jpg,stimuli/own/kitchen/123_kit.jpg,NaN,NaN,NaN,NaN,NaN,NaN,NaN,NaN,0,471,471,50,4086.840700958,NaN,NaN,NaN,NaN,NaN,NaN,NaN,,NaN,,4087.125633666,4087.291637791,4087.291637791,4087.291637791,4087.291637791,4087.291637791,4087.291637791,4087.291637791,4087.291637791,4087.291637791,4091.206229,-7,7,8,7,2.91043700000046,5,3.40403349999997,4086.834161666,4086.840700958,4087.291637791,4087.125617458,NaN,NaN,NaN,NaN,,NaN,,4086.8305895,4086.834114875,None,NaN,NaN,,NaN,NaN,NaN,NaN,NaN,NaN,NaN,12,kitchen,2,2024-04-10_10h03.09.698,image_similarity_rating,2023.2.3,None,2024-04-10 10h03.23.237854 +0200
,119,135,399,399,stimuli/own/kitchen/119_kit.jpg,stimuli/own/kitchen/135_kit.jpg,NaN,NaN,NaN,NaN,NaN,NaN,NaN,NaN,0,472,472,398,4091.212024041,NaN,NaN,NaN,NaN,NaN,NaN,NaN,,NaN,,4091.4958805,4091.661401958,4091.661401958,4091.661401958,4091.661401958,4091.661401958,4091.661401958,4091.661401958,4091.661401958,4091.661401958,4098.593813541,7,-7,8,6,4.87688391699976,3,6.220841458,4091.209929625,4091.212024041,4091.661401958,4091.495863916,NaN,NaN,NaN,NaN,,NaN,,4091.206476791,4091.209883333,None,NaN,NaN,,NaN,NaN,NaN,NaN,NaN,NaN,NaN,12,kitchen,2,2024-04-10_10h03.09.698,image_similarity_rating,2023.2.3,None,2024-04-10 10h03.23.237854 +0200
,127,132,521,521,stimuli/own/kitchen/127_kit.jpg,stimuli/own/kitchen/132_kit.jpg,NaN,NaN,NaN,NaN,NaN,NaN,NaN,NaN,0,473,473,520,4098.607340791,NaN,NaN,NaN,NaN,NaN,NaN,NaN,,NaN,,4098.892024458,4099.059259625,4099.059259625,4099.059259625,4099.059259625,4099.059259625,4099.059259625,4099.059259625,4099.059259625,4099.059259625,4103.502521083,-7,7,8,7,3.29456616700008,4,4.06941395800004,4098.597798416,4098.607340791,4099.059259625,4098.89200325,NaN,NaN,NaN,NaN,,NaN,,4098.594046375,4098.597748,None,NaN,NaN,,NaN,NaN,NaN,NaN,NaN,NaN,NaN,12,kitchen,2,2024-04-10_10h03.09.698,image_similarity_rating,2023.2.3,None,2024-04-10 10h03.23.237854 +0200
,102,111,40,40,stimuli/own/kitchen/102_kit.jpg,stimuli/own/kitchen/111_kit.jpg,NaN,NaN,NaN,NaN,NaN,NaN,NaN,NaN,0,474,474,39,4103.509099916,NaN,NaN,NaN,NaN,NaN,NaN,NaN,,NaN,,4103.795886083,4103.960560541,4103.960560541,4103.960560541,4103.960560541,4103.960560541,4103.960560541,4103.960560541,4103.960560541,4103.960560541,4112.414179833,7,-7,8,7,2.48612849999972,4,7.41534525000043,4103.506167041,4103.509099916,4103.960560541,4103.79587425,NaN,NaN,NaN,NaN,,NaN,,4103.502739083,4103.506118625,None,NaN,NaN,,NaN,NaN,NaN,NaN,NaN,NaN,NaN,12,kitchen,2,2024-04-10_10h03.09.698,image_similarity_rating,2023.2.3,None,2024-04-10 10h03.23.237854 +0200
,119,139,403,403,stimuli/own/kitchen/119_kit.jpg,stimuli/own/kitchen/139_kit.jpg,NaN,NaN,NaN,NaN,NaN,NaN,NaN,NaN,0,475,475,402,4112.424031583,NaN,NaN,NaN,NaN,NaN,NaN,NaN,,NaN,,4112.70858975,4112.876621166,4112.876621166,4112.876621166,4112.876621166,4112.876621166,4112.876621166,4112.876621166,4112.876621166,4112.876621166,4118.37684725,-7,7,8,5,2.90211158300008,3,3.95386895799948,4112.417879458,4112.424031583,4112.876621166,4112.708570583,NaN,NaN,NaN,NaN,,NaN,,4112.414400833,4112.417833416,None,NaN,NaN,,NaN,NaN,NaN,NaN,NaN,NaN,NaN,12,kitchen,2,2024-04-10_10h03.09.698,image_similarity_rating,2023.2.3,None,2024-04-10 10h03.23.237854 +0200
,117,132,356,356,stimuli/own/kitchen/117_kit.jpg,stimuli/own/kitchen/132_kit.jpg,NaN,NaN,NaN,NaN,NaN,NaN,NaN,NaN,0,476,476,355,4118.382430166,NaN,NaN,NaN,NaN,NaN,NaN,NaN,,NaN,,4118.675238666,4118.843574791,4118.843574791,4118.843574791,4118.843574791,4118.843574791,4118.843574791,4118.843574791,4118.843574791,4118.843574791,4123.209736916,7,-7,8,6,3.26861983300023,4,3.72193816599975,4118.380525333,4118.382430166,4118.843574791,4118.675224208,NaN,NaN,NaN,NaN,,NaN,,4118.377066541,4118.380479416,None,NaN,NaN,,NaN,NaN,NaN,NaN,NaN,NaN,NaN,12,kitchen,2,2024-04-10_10h03.09.698,image_similarity_rating,2023.2.3,None,2024-04-10 10h03.23.237854 +0200
,121,130,432,432,stimuli/own/kitchen/121_kit.jpg,stimuli/own/kitchen/130_kit.jpg,NaN,NaN,NaN,NaN,NaN,NaN,NaN,NaN,0,477,477,431,4123.215314833,NaN,NaN,NaN,NaN,NaN,NaN,NaN,,NaN,,4123.50846675,4123.674581875,4123.674581875,4123.674581875,4123.674581875,4123.674581875,4123.674581875,4123.674581875,4123.674581875,4123.674581875,4138.289411,7,-7,8,4,13.823551042,5,11.9980592920001,4123.213393916,4123.215314833,4123.674581875,4123.508453041,NaN,NaN,NaN,NaN,,NaN,,4123.209953375,4123.213347708,None,NaN,NaN,,NaN,NaN,NaN,NaN,NaN,NaN,NaN,12,kitchen,2,2024-04-10_10h03.09.698,image_similarity_rating,2023.2.3,None,2024-04-10 10h03.23.237854 +0200
,104,122,113,113,stimuli/own/kitchen/104_kit.jpg,stimuli/own/kitchen/122_kit.jpg,NaN,NaN,NaN,NaN,NaN,NaN,NaN,NaN,0,478,478,112,4138.295310791,NaN,NaN,NaN,NaN,NaN,NaN,NaN,,NaN,,4138.579494625,4138.743719333,4138.743719333,4138.743719333,4138.743719333,4138.743719333,4138.743719333,4138.743719333,4138.743719333,4138.743719333,4145.947470875,-7,7,8,7,4.46151174999977,5,6.18785650000063,4138.293216833,4138.295310791,4138.743719333,4138.579482208,NaN,NaN,NaN,NaN,,NaN,,4138.289656166,4138.293169625,None,NaN,NaN,,NaN,NaN,NaN,NaN,NaN,NaN,NaN,12,kitchen,2,2024-04-10_10h03.09.698,image_similarity_rating,2023.2.3,None,2024-04-10 10h03.23.237854 +0200
,114,117,297,297,stimuli/own/kitchen/114_kit.jpg,stimuli/own/kitchen/117_kit.jpg,NaN,NaN,NaN,NaN,NaN,NaN,NaN,NaN,0,479,479,296,4145.957700166,NaN,NaN,NaN,NaN,NaN,NaN,NaN,,NaN,,4146.242317958,4146.408050208,4146.408050208,4146.408050208,4146.408050208,4146.408050208,4146.408050208,4146.408050208,4146.408050208,4146.408050208,4159.489715625,7,-7,8,6,10.4275157090005,6,12.3104433749995,4145.9511455,4145.957700166,4146.408050208,4146.242304625,NaN,NaN,NaN,NaN,,NaN,,4145.94770775,4145.951099208,None,NaN,NaN,,NaN,NaN,NaN,NaN,NaN,NaN,NaN,12,kitchen,2,2024-04-10_10h03.09.698,image_similarity_rating,2023.2.3,None,2024-04-10 10h03.23.237854 +0200
,121,141,442,442,stimuli/own/kitchen/121_kit.jpg,stimuli/own/kitchen/141_kit.jpg,NaN,NaN,NaN,NaN,NaN,NaN,NaN,NaN,0,480,480,441,4159.495668458,NaN,NaN,NaN,NaN,NaN,NaN,NaN,,NaN,,4159.779410958,4159.947880875,4159.947880875,4159.947880875,4159.947880875,4159.947880875,4159.947880875,4159.947880875,4159.947880875,4159.947880875,4170.006224458,7,-7,8,6,5.17913091599985,4,7.85891054100011,4159.4934175,4159.495668458,4159.947880875,4159.779398083,NaN,NaN,NaN,NaN,,NaN,,4159.489939208,4159.493371125,None,NaN,NaN,,NaN,NaN,NaN,NaN,NaN,NaN,NaN,12,kitchen,2,2024-04-10_10h03.09.698,image_similarity_rating,2023.2.3,None,2024-04-10 10h03.23.237854 +0200
,125,140,503,503,stimuli/own/kitchen/125_kit.jpg,stimuli/own/kitchen/140_kit.jpg,NaN,NaN,NaN,NaN,NaN,NaN,NaN,NaN,0,481,481,502,4170.011776666,NaN,NaN,NaN,NaN,NaN,NaN,NaN,,NaN,,4170.295868125,4170.461764,4170.461764,4170.461764,4170.461764,4170.461764,4170.461764,4170.461764,4170.461764,4170.461764,4174.7228615,7,-7,8,7,3.56326762499975,5,4.1643212909994,4170.010021625,4170.011776666,4170.461764,4170.295856083,NaN,NaN,NaN,NaN,,NaN,,4170.006443708,4170.009974541,None,NaN,NaN,,NaN,NaN,NaN,NaN,NaN,NaN,NaN,12,kitchen,2,2024-04-10_10h03.09.698,image_similarity_rating,2023.2.3,None,2024-04-10 10h03.23.237854 +0200
,106,139,187,187,stimuli/own/kitchen/106_kit.jpg,stimuli/own/kitchen/139_kit.jpg,NaN,NaN,NaN,NaN,NaN,NaN,NaN,NaN,0,482,482,186,4174.72872525,NaN,NaN,NaN,NaN,NaN,NaN,NaN,,NaN,,4175.012309166,4175.175608791,4175.175608791,4175.175608791,4175.175608791,4175.175608791,4175.175608791,4175.175608791,4175.175608791,4175.175608791,4183.009658833,-7,7,8,3,4.00335716599966,3,7.67227774999992,4174.726667333,4174.72872525,4175.175608791,4175.012295875,NaN,NaN,NaN,NaN,,NaN,,4174.723077041,4174.726620291,None,NaN,NaN,,NaN,NaN,NaN,NaN,NaN,NaN,NaN,12,kitchen,2,2024-04-10_10h03.09.698,image_similarity_rating,2023.2.3,None,2024-04-10 10h03.23.237854 +0200
,118,122,368,368,stimuli/own/kitchen/118_kit.jpg,stimuli/own/kitchen/122_kit.jpg,NaN,NaN,NaN,NaN,NaN,NaN,NaN,NaN,0,483,483,367,4183.015290833,NaN,NaN,NaN,NaN,NaN,NaN,NaN,,NaN,,4183.3092995,4183.476868333,4183.476868333,4183.476868333,4183.476868333,4183.476868333,4183.476868333,4183.476868333,4183.476868333,4183.476868333,4187.539119375,7,-7,8,7,2.2489774579999,6,3.35292041699995,4183.013304166,4183.015290833,4183.476868333,4183.309282958,NaN,NaN,NaN,NaN,,NaN,,4183.009876333,4183.013257541,None,NaN,NaN,,NaN,NaN,NaN,NaN,NaN,NaN,NaN,12,kitchen,2,2024-04-10_10h03.09.698,image_similarity_rating,2023.2.3,None,2024-04-10 10h03.23.237854 +0200
,118,123,369,369,stimuli/own/kitchen/118_kit.jpg,stimuli/own/kitchen/123_kit.jpg,NaN,NaN,NaN,NaN,NaN,NaN,NaN,NaN,0,484,484,368,4187.544861333,NaN,NaN,NaN,NaN,NaN,NaN,NaN,,NaN,,4187.829400416,4187.993902666,4187.993902666,4187.993902666,4187.993902666,4187.993902666,4187.993902666,4187.993902666,4187.993902666,4187.993902666,4193.239324541,7,-7,8,7,2.79930316700029,6,4.92053300000043,4187.5429315,4187.544861333,4187.993902666,4187.829390208,NaN,NaN,NaN,NaN,,NaN,,4187.539338291,4187.54288525,None,NaN,NaN,,NaN,NaN,NaN,NaN,NaN,NaN,NaN,12,kitchen,2,2024-04-10_10h03.09.698,image_similarity_rating,2023.2.3,None,2024-04-10 10h03.23.237854 +0200
,123,141,475,475,stimuli/own/kitchen/123_kit.jpg,stimuli/own/kitchen/141_kit.jpg,NaN,NaN,NaN,NaN,NaN,NaN,NaN,NaN,0,485,485,474,4193.245470083,NaN,NaN,NaN,NaN,NaN,NaN,NaN,,NaN,,4193.529238708,4193.692522666,4193.692522666,4193.692522666,4193.692522666,4193.692522666,4193.692522666,4193.692522666,4193.692522666,4193.692522666,4198.584751708,-7,7,8,3,2.61698370799968,5,4.66058104199965,4193.243237458,4193.245470083,4193.692522666,4193.529228541,NaN,NaN,NaN,NaN,,NaN,,4193.239568416,4193.2431905,None,NaN,NaN,,NaN,NaN,NaN,NaN,NaN,NaN,NaN,12,kitchen,2,2024-04-10_10h03.09.698,image_similarity_rating,2023.2.3,None,2024-04-10 10h03.23.237854 +0200
,125,135,498,498,stimuli/own/kitchen/125_kit.jpg,stimuli/own/kitchen/135_kit.jpg,NaN,NaN,NaN,NaN,NaN,NaN,NaN,NaN,0,486,486,497,4198.590255125,NaN,NaN,NaN,NaN,NaN,NaN,NaN,,NaN,,4198.875139125,4199.040471666,4199.040471666,4199.040471666,4199.040471666,4199.040471666,4199.040471666,4199.040471666,4199.040471666,4199.040471666,4204.293241166,-7,7,8,3,4.45313195800009,2,4.98165475000042,4198.588407208,4198.590255125,4199.040471666,4198.875121541,NaN,NaN,NaN,NaN,,NaN,,4198.584966,4198.588361166,None,NaN,NaN,,NaN,NaN,NaN,NaN,NaN,NaN,NaN,12,kitchen,2,2024-04-10_10h03.09.698,image_similarity_rating,2023.2.3,None,2024-04-10 10h03.23.237854 +0200
,124,137,486,486,stimuli/own/kitchen/124_kit.jpg,stimuli/own/kitchen/137_kit.jpg,NaN,NaN,NaN,NaN,NaN,NaN,NaN,NaN,0,487,487,485,4204.307142666,NaN,NaN,NaN,NaN,NaN,NaN,NaN,,NaN,,4204.591567041,4204.758562958,4204.758562958,4204.758562958,4204.758562958,4204.758562958,4204.758562958,4204.758562958,4204.758562958,4204.758562958,4213.652650875,-7,7,8,2,4.12228804199913,3,8.23583158299971,4204.297214083,4204.307142666,4204.758562958,4204.591552208,NaN,NaN,NaN,NaN,,NaN,,4204.293473208,4204.297164166,None,NaN,NaN,,NaN,NaN,NaN,NaN,NaN,NaN,NaN,12,kitchen,2,2024-04-10_10h03.09.698,image_similarity_rating,2023.2.3,None,2024-04-10 10h03.23.237854 +0200
,124,141,490,490,stimuli/own/kitchen/124_kit.jpg,stimuli/own/kitchen/141_kit.jpg,NaN,NaN,NaN,NaN,NaN,NaN,NaN,NaN,0,488,488,489,4213.65882675,NaN,NaN,NaN,NaN,NaN,NaN,NaN,,NaN,,4213.945466958,4214.109315166,4214.109315166,4214.109315166,4214.109315166,4214.109315166,4214.109315166,4214.109315166,4214.109315166,4214.109315166,4221.618072541,-7,7,8,3,4.4523382920006,3,5.16942837500028,4213.656358583,4213.65882675,4214.109315166,4213.945454208,NaN,NaN,NaN,NaN,,NaN,,4213.652869375,4213.656312416,None,NaN,NaN,,NaN,NaN,NaN,NaN,NaN,NaN,NaN,12,kitchen,2,2024-04-10_10h03.09.698,image_similarity_rating,2023.2.3,None,2024-04-10 10h03.23.237854 +0200
,120,136,419,419,stimuli/own/kitchen/120_kit.jpg,stimuli/own/kitchen/136_kit.jpg,NaN,NaN,NaN,NaN,NaN,NaN,NaN,NaN,0,489,489,418,4221.623528125,NaN,NaN,NaN,NaN,NaN,NaN,NaN,,NaN,,4221.908305541,4222.072600583,4222.072600583,4222.072600583,4222.072600583,4222.072600583,4222.072600583,4222.072600583,4222.072600583,4222.072600583,4225.8013745,-7,7,8,7,2.65415595800005,4,3.16863270800059,4221.621731083,4221.623528125,4222.072600583,4221.908292166,NaN,NaN,NaN,NaN,,NaN,,4221.618291083,4221.621685208,None,NaN,NaN,,NaN,NaN,NaN,NaN,NaN,NaN,NaN,12,kitchen,2,2024-04-10_10h03.09.698,image_similarity_rating,2023.2.3,None,2024-04-10 10h03.23.237854 +0200
,101,130,24,24,stimuli/own/kitchen/101_kit.jpg,stimuli/own/kitchen/130_kit.jpg,NaN,NaN,NaN,NaN,NaN,NaN,NaN,NaN,0,490,490,23,4225.806863958,NaN,NaN,NaN,NaN,NaN,NaN,NaN,,NaN,,4226.092286125,4226.257875541,4226.257875541,4226.257875541,4226.257875541,4226.257875541,4226.257875541,4226.257875541,4226.257875541,4226.257875541,4230.542719166,7,-7,8,6,1.99977045800006,5,3.67569541699959,4225.80501575,4225.806863958,4226.257875541,4226.092267666,NaN,NaN,NaN,NaN,,NaN,,4225.801588166,4225.804969833,None,NaN,NaN,,NaN,NaN,NaN,NaN,NaN,NaN,NaN,12,kitchen,2,2024-04-10_10h03.09.698,image_similarity_rating,2023.2.3,None,2024-04-10 10h03.23.237854 +0200
,127,140,528,528,stimuli/own/kitchen/127_kit.jpg,stimuli/own/kitchen/140_kit.jpg,NaN,NaN,NaN,NaN,NaN,NaN,NaN,NaN,0,491,491,527,4230.5483125,NaN,NaN,NaN,NaN,NaN,NaN,NaN,,NaN,,4230.841557916,4231.012617416,4231.012617416,4231.012617416,4231.012617416,4231.012617416,4231.012617416,4231.012617416,4231.012617416,4231.012617416,4240.813742458,7,-7,8,7,2.73123404200032,4,9.10013941699981,4230.546378208,4230.5483125,4231.012617416,4230.841539041,NaN,NaN,NaN,NaN,,NaN,,4230.542933833,4230.546331375,None,NaN,NaN,,NaN,NaN,NaN,NaN,NaN,NaN,NaN,12,kitchen,2,2024-04-10_10h03.09.698,image_similarity_rating,2023.2.3,None,2024-04-10 10h03.23.237854 +0200
,114,126,306,306,stimuli/own/kitchen/114_kit.jpg,stimuli/own/kitchen/126_kit.jpg,NaN,NaN,NaN,NaN,NaN,NaN,NaN,NaN,0,492,492,305,4240.823620041,NaN,NaN,NaN,NaN,NaN,NaN,NaN,,NaN,,4241.10832,4241.275805166,4241.275805166,4241.275805166,4241.275805166,4241.275805166,4241.275805166,4241.275805166,4241.275805166,4241.275805166,4245.601376583,7,-7,8,7,2.43799795799987,6,3.90278320800007,4240.817533375,4240.823620041,4241.275805166,4241.1083015,NaN,NaN,NaN,NaN,,NaN,,4240.813963666,4240.81748725,None,NaN,NaN,,NaN,NaN,NaN,NaN,NaN,NaN,NaN,12,kitchen,2,2024-04-10_10h03.09.698,image_similarity_rating,2023.2.3,None,2024-04-10 10h03.23.237854 +0200
,126,130,507,507,stimuli/own/kitchen/126_kit.jpg,stimuli/own/kitchen/130_kit.jpg,NaN,NaN,NaN,NaN,NaN,NaN,NaN,NaN,0,493,493,506,4245.606818583,NaN,NaN,NaN,NaN,NaN,NaN,NaN,,NaN,,4245.891512875,4246.056964791,4246.056964791,4246.056964791,4246.056964791,4246.056964791,4246.056964791,4246.056964791,4246.056964791,4246.056964791,4250.76058875,7,-7,8,7,3.15077745899998,6,4.10478991699983,4245.605020333,4245.606818583,4246.056964791,4245.891493875,NaN,NaN,NaN,NaN,,NaN,,4245.601592333,4245.604973875,None,NaN,NaN,,NaN,NaN,NaN,NaN,NaN,NaN,NaN,12,kitchen,2,2024-04-10_10h03.09.698,image_similarity_rating,2023.2.3,None,2024-04-10 10h03.23.237854 +0200
,111,120,225,225,stimuli/own/kitchen/111_kit.jpg,stimuli/own/kitchen/120_kit.jpg,NaN,NaN,NaN,NaN,NaN,NaN,NaN,NaN,0,494,494,224,4250.773516,NaN,NaN,NaN,NaN,NaN,NaN,NaN,,NaN,,4251.058198166,4251.224085708,4251.224085708,4251.224085708,4251.224085708,4251.224085708,4251.224085708,4251.224085708,4251.224085708,4251.224085708,4255.009555,-7,7,8,7,2.09743675000027,5,3.38631970799997,4250.76445975,4250.773516,4251.224085708,4251.0581835,NaN,NaN,NaN,NaN,,NaN,,4250.76082675,4250.764411166,None,NaN,NaN,,NaN,NaN,NaN,NaN,NaN,NaN,NaN,12,kitchen,2,2024-04-10_10h03.09.698,image_similarity_rating,2023.2.3,None,2024-04-10 10h03.23.237854 +0200
,109,114,193,193,stimuli/own/kitchen/109_kit.jpg,stimuli/own/kitchen/114_kit.jpg,NaN,NaN,NaN,NaN,NaN,NaN,NaN,NaN,0,495,495,192,4255.015130166,NaN,NaN,NaN,NaN,NaN,NaN,NaN,,NaN,,4255.308397291,4255.482102416,4255.482102416,4255.482102416,4255.482102416,4255.482102416,4255.482102416,4255.482102416,4255.482102416,4255.482102416,4263.372509708,-7,7,8,5,4.82979670900022,1,7.21645812500083,4255.013201041,4255.015130166,4255.482102416,4255.308376541,NaN,NaN,NaN,NaN,,NaN,,4255.009771875,4255.013154875,None,NaN,NaN,,NaN,NaN,NaN,NaN,NaN,NaN,NaN,12,kitchen,2,2024-04-10_10h03.09.698,image_similarity_rating,2023.2.3,None,2024-04-10 10h03.23.237854 +0200
,120,135,418,418,stimuli/own/kitchen/120_kit.jpg,stimuli/own/kitchen/135_kit.jpg,NaN,NaN,NaN,NaN,NaN,NaN,NaN,NaN,0,496,496,417,4263.378167291,NaN,NaN,NaN,NaN,NaN,NaN,NaN,,NaN,,4263.662625291,4263.830345,4263.830345,4263.830345,4263.830345,4263.830345,4263.830345,4263.830345,4263.830345,4263.830345,4270.825963333,-7,7,8,2,3.82469183299963,4,6.77293416700013,4263.376224041,4263.378167291,4263.830345,4263.662612083,NaN,NaN,NaN,NaN,,NaN,,4263.37274525,4263.376177625,None,NaN,NaN,,NaN,NaN,NaN,NaN,NaN,NaN,NaN,12,kitchen,2,2024-04-10_10h03.09.698,image_similarity_rating,2023.2.3,None,2024-04-10 10h03.23.237854 +0200
,106,118,168,168,stimuli/own/kitchen/106_kit.jpg,stimuli/own/kitchen/118_kit.jpg,NaN,NaN,NaN,NaN,NaN,NaN,NaN,NaN,0,497,497,167,4270.831624291,NaN,NaN,NaN,NaN,NaN,NaN,NaN,,NaN,,4271.124694458,4271.29021775,4271.29021775,4271.29021775,4271.29021775,4271.29021775,4271.29021775,4271.29021775,4271.29021775,4271.29021775,4275.942611875,-7,7,8,5,2.65063945800011,1,3.19100137500027,4270.829693833,4270.831624291,4271.29021775,4271.124676625,NaN,NaN,NaN,NaN,,NaN,,4270.82617775,4270.829647375,None,NaN,NaN,,NaN,NaN,NaN,NaN,NaN,NaN,NaN,12,kitchen,2,2024-04-10_10h03.09.698,image_similarity_rating,2023.2.3,None,2024-04-10 10h03.23.237854 +0200
,127,130,519,519,stimuli/own/kitchen/127_kit.jpg,stimuli/own/kitchen/130_kit.jpg,NaN,NaN,NaN,NaN,NaN,NaN,NaN,NaN,0,498,498,518,4275.948037791,NaN,NaN,NaN,NaN,NaN,NaN,NaN,,NaN,,4276.241572791,4276.411712541,4276.411712541,4276.411712541,4276.411712541,4276.411712541,4276.411712541,4276.411712541,4276.411712541,4276.411712541,4283.201493,-7,7,8,7,1.88971299999957,5,6.67889012499927,4275.946274541,4275.948037791,4276.411712541,4276.241555958,NaN,NaN,NaN,NaN,,NaN,,4275.942828208,4275.946228083,None,NaN,NaN,,NaN,NaN,NaN,NaN,NaN,NaN,NaN,12,kitchen,2,2024-04-10_10h03.09.698,image_similarity_rating,2023.2.3,None,2024-04-10 10h03.23.237854 +0200
,124,126,477,477,stimuli/own/kitchen/124_kit.jpg,stimuli/own/kitchen/126_kit.jpg,NaN,NaN,NaN,NaN,NaN,NaN,NaN,NaN,0,499,499,476,4283.223397166,NaN,NaN,NaN,NaN,NaN,NaN,NaN,,NaN,,4283.507605416,4283.673694916,4283.673694916,4283.673694916,4283.673694916,4283.673694916,4283.673694916,4283.673694916,4283.673694916,4283.673694916,4287.560844541,-7,7,8,7,2.15087833400048,6,3.33880695799962,4283.205274083,4283.223397166,NaN,4283.507581583,NaN,NaN,NaN,NaN,,NaN,,4283.201707875,4283.205212833,None,NaN,NaN,,NaN,NaN,NaN,NaN,NaN,NaN,NaN,12,kitchen,2,2024-04-10_10h03.09.698,image_similarity_rating,2023.2.3,None,2024-04-10 10h03.23.237854 +0200
,109,120,198,198,stimuli/own/kitchen/109_kit.jpg,stimuli/own/kitchen/120_kit.jpg,NaN,NaN,NaN,NaN,NaN,NaN,NaN,NaN,0,500,500,197,4287.57337475,NaN,NaN,NaN,NaN,NaN,NaN,NaN,,NaN,,4287.858022875,4288.029160416,4288.029160416,4288.029160416,4288.029160416,4288.029160416,4288.029160416,4288.029160416,4288.029160416,4288.029160416,4295.696867916,7,-7,8,5,6.09504491699954,1,6.94435095800054,4287.564560583,4287.57337475,4288.029160416,4287.85800675,NaN,NaN,NaN,NaN,,NaN,,4287.561061333,4287.564514833,None,NaN,NaN,,NaN,NaN,NaN,NaN,NaN,NaN,NaN,12,kitchen,2,2024-04-10_10h03.09.698,image_similarity_rating,2023.2.3,None,2024-04-10 10h03.23.237854 +0200
,113,130,285,285,stimuli/own/kitchen/113_kit.jpg,stimuli/own/kitchen/130_kit.jpg,NaN,NaN,NaN,NaN,NaN,NaN,NaN,NaN,0,501,501,284,4295.707166708,NaN,NaN,NaN,NaN,NaN,NaN,NaN,,NaN,,4295.991371875,4296.162313041,4296.162313041,4296.162313041,4296.162313041,4296.162313041,4296.162313041,4296.162313041,4296.162313041,4296.162313041,4299.818121958,-7,7,8,7,2.66669195800023,3,3.35663420799938,4295.700531125,4295.707166708,4296.162313041,4295.991352541,NaN,NaN,NaN,NaN,,NaN,,4295.697094041,4295.700484541,None,NaN,NaN,,NaN,NaN,NaN,NaN,NaN,NaN,NaN,12,kitchen,2,2024-04-10_10h03.09.698,image_similarity_rating,2023.2.3,None,2024-04-10 10h03.23.237854 +0200
,116,132,334,334,stimuli/own/kitchen/116_kit.jpg,stimuli/own/kitchen/132_kit.jpg,NaN,NaN,NaN,NaN,NaN,NaN,NaN,NaN,0,502,502,333,4299.840443083,NaN,NaN,NaN,NaN,NaN,NaN,NaN,,NaN,,4300.124198166,4300.288951125,4300.288951125,4300.288951125,4300.288951125,4300.288951125,4300.288951125,4300.288951125,4300.288951125,4300.288951125,4308.201238416,-7,7,8,2,7.13168116699944,2,6.3196698339998,4299.821767916,4299.840443083,NaN,4300.124175666,NaN,NaN,NaN,NaN,,NaN,,4299.8183345,4299.821721208,None,NaN,NaN,,NaN,NaN,NaN,NaN,NaN,NaN,NaN,12,kitchen,2,2024-04-10_10h03.09.698,image_similarity_rating,2023.2.3,None,2024-04-10 10h03.23.237854 +0200
,118,120,366,366,stimuli/own/kitchen/118_kit.jpg,stimuli/own/kitchen/120_kit.jpg,NaN,NaN,NaN,NaN,NaN,NaN,NaN,NaN,0,503,503,365,4308.223385041,NaN,NaN,NaN,NaN,NaN,NaN,NaN,,NaN,,4308.507529083,4308.675454208,4308.675454208,4308.675454208,4308.675454208,4308.675454208,4308.675454208,4308.675454208,4308.675454208,4308.675454208,4313.197652916,-7,7,8,7,3.20452204100002,6,4.07793920900076,4308.204917291,4308.223385041,NaN,4308.507510375,NaN,NaN,NaN,NaN,,NaN,,4308.20146125,4308.20486825,None,NaN,NaN,,NaN,NaN,NaN,NaN,NaN,NaN,NaN,12,kitchen,2,2024-04-10_10h03.09.698,image_similarity_rating,2023.2.3,None,2024-04-10 10h03.23.237854 +0200
,102,134,60,60,stimuli/own/kitchen/102_kit.jpg,stimuli/own/kitchen/134_kit.jpg,NaN,NaN,NaN,NaN,NaN,NaN,NaN,NaN,0,504,504,59,4313.207065375,NaN,NaN,NaN,NaN,NaN,NaN,NaN,,NaN,,4331.941789375,4332.110173375,4332.110173375,4332.110173375,4332.110173375,4332.110173375,4332.110173375,4332.110173375,4332.110173375,4332.110173375,4341.902551083,7,-7,9,2,9.4284255420007,2,8.35282475000076,4331.644773666,4331.648775541,4332.110173375,4331.941775458,NaN,NaN,NaN,NaN,,NaN,,4313.197875625,4331.644067833,space,4313.207065375,18.4367418339998,None,NaN,NaN,NaN,NaN,NaN,NaN,NaN,12,kitchen,2,2024-04-10_10h03.09.698,image_similarity_rating,2023.2.3,None,2024-04-10 10h03.23.237854 +0200
,118,139,383,383,stimuli/own/kitchen/118_kit.jpg,stimuli/own/kitchen/139_kit.jpg,NaN,NaN,NaN,NaN,NaN,NaN,NaN,NaN,0,505,505,382,4341.908207041,NaN,NaN,NaN,NaN,NaN,NaN,NaN,,NaN,,4342.191294375,4342.360453291,4342.360453291,4342.360453291,4342.360453291,4342.360453291,4342.360453291,4342.360453291,4342.360453291,4342.360453291,4349.159861666,7,-7,9,2,3.78915108300043,2,6.49153150000075,4341.90643475,4341.908207041,4342.360453291,4342.191277708,NaN,NaN,NaN,NaN,,NaN,,4341.90276625,4341.90638825,None,NaN,NaN,,NaN,NaN,NaN,NaN,NaN,NaN,NaN,12,kitchen,2,2024-04-10_10h03.09.698,image_similarity_rating,2023.2.3,None,2024-04-10 10h03.23.237854 +0200
,121,140,441,441,stimuli/own/kitchen/121_kit.jpg,stimuli/own/kitchen/140_kit.jpg,NaN,NaN,NaN,NaN,NaN,NaN,NaN,NaN,0,506,506,440,4349.165559958,NaN,NaN,NaN,NaN,NaN,NaN,NaN,,NaN,,4349.4576965,4349.622655625,4349.622655625,4349.622655625,4349.622655625,4349.622655625,4349.622655625,4349.622655625,4349.622655625,4349.622655625,4355.996664791,7,-7,9,2,4.7724806669994,4,3.71476066699961,4349.163523291,4349.165559958,4349.622655625,4349.457683541,NaN,NaN,NaN,NaN,,NaN,,4349.160080416,4349.163474791,None,NaN,NaN,,NaN,NaN,NaN,NaN,NaN,NaN,NaN,12,kitchen,2,2024-04-10_10h03.09.698,image_similarity_rating,2023.2.3,None,2024-04-10 10h03.23.237854 +0200
,129,140,539,539,stimuli/own/kitchen/129_kit.jpg,stimuli/own/kitchen/140_kit.jpg,NaN,NaN,NaN,NaN,NaN,NaN,NaN,NaN,0,507,507,538,4356.006665125,NaN,NaN,NaN,NaN,NaN,NaN,NaN,,NaN,,4356.291439625,4356.464088791,4356.464088791,4356.464088791,4356.464088791,4356.464088791,4356.464088791,4356.464088791,4356.464088791,4356.464088791,4362.305569041,7,-7,9,2,2.2608037910004,3,4.29106658299952,4356.000334625,4356.006665125,4356.464088791,4356.291414375,NaN,NaN,NaN,NaN,,NaN,,4355.996881375,4356.000288208,None,NaN,NaN,,NaN,NaN,NaN,NaN,NaN,NaN,NaN,12,kitchen,2,2024-04-10_10h03.09.698,image_similarity_rating,2023.2.3,None,2024-04-10 10h03.23.237854 +0200
,122,139,457,457,stimuli/own/kitchen/122_kit.jpg,stimuli/own/kitchen/139_kit.jpg,NaN,NaN,NaN,NaN,NaN,NaN,NaN,NaN,0,508,508,456,4362.311012958,NaN,NaN,NaN,NaN,NaN,NaN,NaN,,NaN,,4362.595059916,4362.759390583,4362.759390583,4362.759390583,4362.759390583,4362.759390583,4362.759390583,4362.759390583,4362.759390583,4362.759390583,4371.508998458,7,-7,9,2,8.36455379200015,2,7.36185404200023,4362.309271916,4362.311012958,4362.759390583,4362.595048375,NaN,NaN,NaN,NaN,,NaN,,4362.305798791,4362.309225375,None,NaN,NaN,,NaN,NaN,NaN,NaN,NaN,NaN,NaN,12,kitchen,2,2024-04-10_10h03.09.698,image_similarity_rating,2023.2.3,None,2024-04-10 10h03.23.237854 +0200
,105,130,150,150,stimuli/own/kitchen/105_kit.jpg,stimuli/own/kitchen/130_kit.jpg,NaN,NaN,NaN,NaN,NaN,NaN,NaN,NaN,0,509,509,149,4371.514736208,NaN,NaN,NaN,NaN,NaN,NaN,NaN,,NaN,,4371.808695208,4371.97736475,4371.97736475,4371.97736475,4371.97736475,4371.97736475,4371.97736475,4371.97736475,4371.97736475,4371.97736475,4376.810360166,-7,7,9,3,3.59286774999964,4,4.30705941699944,4371.512656708,4371.514736208,4371.97736475,4371.808680291,NaN,NaN,NaN,NaN,,NaN,,4371.509213458,4371.512609875,None,NaN,NaN,,NaN,NaN,NaN,NaN,NaN,NaN,NaN,12,kitchen,2,2024-04-10_10h03.09.698,image_similarity_rating,2023.2.3,None,2024-04-10 10h03.23.237854 +0200
,101,132,26,26,stimuli/own/kitchen/101_kit.jpg,stimuli/own/kitchen/132_kit.jpg,NaN,NaN,NaN,NaN,NaN,NaN,NaN,NaN,0,510,510,25,4376.823111625,NaN,NaN,NaN,NaN,NaN,NaN,NaN,,NaN,,4377.107853083,4377.275576291,4377.275576291,4377.275576291,4377.275576291,4377.275576291,4377.275576291,4377.275576291,4377.275576291,4377.275576291,4383.371834291,-7,7,9,6,4.22992816699934,4,5.29537537500073,4376.814360791,4376.823111625,4377.275576291,4377.107837166,NaN,NaN,NaN,NaN,,NaN,,4376.81059575,4376.814312791,None,NaN,NaN,,NaN,NaN,NaN,NaN,NaN,NaN,NaN,12,kitchen,2,2024-04-10_10h03.09.698,image_similarity_rating,2023.2.3,None,2024-04-10 10h03.23.237854 +0200
,125,130,494,494,stimuli/own/kitchen/125_kit.jpg,stimuli/own/kitchen/130_kit.jpg,NaN,NaN,NaN,NaN,NaN,NaN,NaN,NaN,0,511,511,493,4383.377465541,NaN,NaN,NaN,NaN,NaN,NaN,NaN,,NaN,,4383.662115708,4383.826802333,4383.826802333,4383.826802333,4383.826802333,4383.826802333,4383.826802333,4383.826802333,4383.826802333,4383.826802333,4394.088666791,-7,7,9,7,7.92690654200032,5,9.5353184580008,4383.375537666,4383.377465541,4383.826802333,4383.662105666,NaN,NaN,NaN,NaN,,NaN,,4383.37206725,4383.37549125,None,NaN,NaN,,NaN,NaN,NaN,NaN,NaN,NaN,NaN,12,kitchen,2,2024-04-10_10h03.09.698,image_similarity_rating,2023.2.3,None,2024-04-10 10h03.23.237854 +0200
,123,125,461,461,stimuli/own/kitchen/123_kit.jpg,stimuli/own/kitchen/125_kit.jpg,NaN,NaN,NaN,NaN,NaN,NaN,NaN,NaN,0,512,512,460,4394.094634875,NaN,NaN,NaN,NaN,NaN,NaN,NaN,,NaN,,4394.378773416,4394.543543208,4394.543543208,4394.543543208,4394.543543208,4394.543543208,4394.543543208,4394.543543208,4394.543543208,4394.543543208,4400.809196833,-7,7,9,7,4.66563983399919,6,5.69300816599934,4394.092730583,4394.094634875,4394.543543208,4394.378760791,NaN,NaN,NaN,NaN,,NaN,,4394.08891425,4394.092680416,None,NaN,NaN,,NaN,NaN,NaN,NaN,NaN,NaN,NaN,12,kitchen,2,2024-04-10_10h03.09.698,image_similarity_rating,2023.2.3,None,2024-04-10 10h03.23.237854 +0200
,127,134,522,522,stimuli/own/kitchen/127_kit.jpg,stimuli/own/kitchen/134_kit.jpg,NaN,NaN,NaN,NaN,NaN,NaN,NaN,NaN,0,513,513,521,4400.814939416,NaN,NaN,NaN,NaN,NaN,NaN,NaN,,NaN,,4401.107611625,4401.273666708,4401.273666708,4401.273666708,4401.273666708,4401.273666708,4401.273666708,4401.273666708,4401.273666708,4401.273666708,4407.493787375,-7,7,9,5,4.6142794590005,6,5.91755175000071,4400.8128615,4400.814939416,4401.273666708,4401.1075985,NaN,NaN,NaN,NaN,,NaN,,4400.809417166,4400.812815416,None,NaN,NaN,,NaN,NaN,NaN,NaN,NaN,NaN,NaN,12,kitchen,2,2024-04-10_10h03.09.698,image_similarity_rating,2023.2.3,None,2024-04-10 10h03.23.237854 +0200
,123,124,460,460,stimuli/own/kitchen/123_kit.jpg,stimuli/own/kitchen/124_kit.jpg,NaN,NaN,NaN,NaN,NaN,NaN,NaN,NaN,0,514,514,459,4407.506439208,NaN,NaN,NaN,NaN,NaN,NaN,NaN,,NaN,,4407.791887666,4407.9603205,4407.9603205,4407.9603205,4407.9603205,4407.9603205,4407.9603205,4407.9603205,4407.9603205,4407.9603205,4420.184366875,-7,7,9,7,3.2759627079995,4,8.31365016699965,4407.497641083,4407.506439208,4407.9603205,4407.7918675,NaN,NaN,NaN,NaN,,NaN,,4407.494015666,4407.497592,None,NaN,NaN,,NaN,NaN,NaN,NaN,NaN,NaN,NaN,12,kitchen,2,2024-04-10_10h03.09.698,image_similarity_rating,2023.2.3,None,2024-04-10 10h03.23.237854 +0200
,129,139,538,538,stimuli/own/kitchen/129_kit.jpg,stimuli/own/kitchen/139_kit.jpg,NaN,NaN,NaN,NaN,NaN,NaN,NaN,NaN,0,515,515,537,4420.206366375,NaN,NaN,NaN,NaN,NaN,NaN,NaN,,NaN,,4420.490549291,4420.656583875,4420.656583875,4420.656583875,4420.656583875,4420.656583875,4420.656583875,4420.656583875,4420.656583875,4420.656583875,4424.746530958,-7,7,9,2,2.90880712499984,5,3.46578675000001,4420.188039083,4420.206366375,NaN,4420.490532125,NaN,NaN,NaN,NaN,,NaN,,4420.184585291,4420.187993333,None,NaN,NaN,,NaN,NaN,NaN,NaN,NaN,NaN,NaN,12,kitchen,2,2024-04-10_10h03.09.698,image_similarity_rating,2023.2.3,None,2024-04-10 10h03.23.237854 +0200
,123,140,474,474,stimuli/own/kitchen/123_kit.jpg,stimuli/own/kitchen/140_kit.jpg,NaN,NaN,NaN,NaN,NaN,NaN,NaN,NaN,0,516,516,473,4424.756367625,NaN,NaN,NaN,NaN,NaN,NaN,NaN,,NaN,,4425.041020875,4425.2071535,4425.2071535,4425.2071535,4425.2071535,4425.2071535,4425.2071535,4425.2071535,4425.2071535,4425.2071535,4428.379969083,7,-7,9,7,2.11144370900001,3,2.73792991700066,4424.750194333,4424.756367625,4425.2071535,4425.041007416,NaN,NaN,NaN,NaN,,NaN,,4424.746746083,4424.750147666,None,NaN,NaN,,NaN,NaN,NaN,NaN,NaN,NaN,NaN,12,kitchen,2,2024-04-10_10h03.09.698,image_similarity_rating,2023.2.3,None,2024-04-10 10h03.23.237854 +0200
,105,139,158,158,stimuli/own/kitchen/105_kit.jpg,stimuli/own/kitchen/139_kit.jpg,NaN,NaN,NaN,NaN,NaN,NaN,NaN,NaN,0,517,517,157,4428.38972575,NaN,NaN,NaN,NaN,NaN,NaN,NaN,,NaN,,4428.674408458,4428.839301083,4428.839301083,4428.839301083,4428.839301083,4428.839301083,4428.839301083,4428.839301083,4428.839301083,4428.839301083,4435.906141,7,-7,9,5,5.4752199579998,1,6.84009004200016,4428.383636416,4428.38972575,4428.839301083,4428.674395458,NaN,NaN,NaN,NaN,,NaN,,4428.380189458,4428.383589666,None,NaN,NaN,,NaN,NaN,NaN,NaN,NaN,NaN,NaN,12,kitchen,2,2024-04-10_10h03.09.698,image_similarity_rating,2023.2.3,None,2024-04-10 10h03.23.237854 +0200
,138,141,592,592,stimuli/own/kitchen/138_kit.jpg,stimuli/own/kitchen/141_kit.jpg,NaN,NaN,NaN,NaN,NaN,NaN,NaN,NaN,0,518,518,591,4435.911775041,NaN,NaN,NaN,NaN,NaN,NaN,NaN,,NaN,,4436.195949791,4436.366298458,4436.366298458,4436.366298458,4436.366298458,4436.366298458,4436.366298458,4436.366298458,4436.366298458,4436.366298458,4442.917082125,-7,7,9,4,4.24010137500045,5,6.2022940830002,4435.90985575,4435.911775041,4436.366298458,4436.195935,NaN,NaN,NaN,NaN,,NaN,,4435.906377166,4435.909809041,None,NaN,NaN,,NaN,NaN,NaN,NaN,NaN,NaN,NaN,12,kitchen,2,2024-04-10_10h03.09.698,image_similarity_rating,2023.2.3,None,2024-04-10 10h03.23.237854 +0200
,105,123,144,144,stimuli/own/kitchen/105_kit.jpg,stimuli/own/kitchen/123_kit.jpg,NaN,NaN,NaN,NaN,NaN,NaN,NaN,NaN,0,519,519,143,4442.922951083,NaN,NaN,NaN,NaN,NaN,NaN,NaN,,NaN,,4443.207754666,4443.37096125,4443.37096125,4443.37096125,4443.37096125,4443.37096125,4443.37096125,4443.37096125,4443.37096125,4443.37096125,4449.396715333,-7,7,9,3,3.50122337499943,6,5.54143199999999,4442.920743916,4442.922951083,4443.37096125,4443.207741916,NaN,NaN,NaN,NaN,,NaN,,4442.917299583,4442.920697583,None,NaN,NaN,,NaN,NaN,NaN,NaN,NaN,NaN,NaN,12,kitchen,2,2024-04-10_10h03.09.698,image_similarity_rating,2023.2.3,None,2024-04-10 10h03.23.237854 +0200
,117,124,349,349,stimuli/own/kitchen/117_kit.jpg,stimuli/own/kitchen/124_kit.jpg,NaN,NaN,NaN,NaN,NaN,NaN,NaN,NaN,0,520,520,348,4449.40642825,NaN,NaN,NaN,NaN,NaN,NaN,NaN,,NaN,,4449.690991333,4449.85668025,4449.85668025,4449.85668025,4449.85668025,4449.85668025,4449.85668025,4449.85668025,4449.85668025,4449.85668025,4454.133932083,7,-7,9,6,2.39582549999977,4,3.04315629099983,4449.40039025,4449.40642825,4449.85668025,4449.69097125,NaN,NaN,NaN,NaN,,NaN,,4449.396945666,4449.40034375,None,NaN,NaN,,NaN,NaN,NaN,NaN,NaN,NaN,NaN,12,kitchen,2,2024-04-10_10h03.09.698,image_similarity_rating,2023.2.3,None,2024-04-10 10h03.23.237854 +0200
,118,135,379,379,stimuli/own/kitchen/118_kit.jpg,stimuli/own/kitchen/135_kit.jpg,NaN,NaN,NaN,NaN,NaN,NaN,NaN,NaN,0,521,521,378,4454.139427208,NaN,NaN,NaN,NaN,NaN,NaN,NaN,,NaN,,4454.424334458,4454.591174541,4454.591174541,4454.591174541,4454.591174541,4454.591174541,4454.591174541,4454.591174541,4454.591174541,4454.591174541,4466.780735583,7,-7,9,6,7.987960208,4,11.5643002910001,4454.137568333,4454.139427208,4454.591174541,4454.424319333,NaN,NaN,NaN,NaN,,NaN,,4454.134150291,4454.137521875,None,NaN,NaN,,NaN,NaN,NaN,NaN,NaN,NaN,NaN,12,kitchen,2,2024-04-10_10h03.09.698,image_similarity_rating,2023.2.3,None,2024-04-10 10h03.23.237854 +0200
,136,138,582,582,stimuli/own/kitchen/136_kit.jpg,stimuli/own/kitchen/138_kit.jpg,NaN,NaN,NaN,NaN,NaN,NaN,NaN,NaN,0,522,522,581,4466.789492041,NaN,NaN,NaN,NaN,NaN,NaN,NaN,,NaN,,4467.075042166,4467.241859666,4467.241859666,4467.241859666,4467.241859666,4467.241859666,4467.241859666,4467.241859666,4467.241859666,4467.241859666,4472.000773958,7,-7,9,7,3.00521229199967,3,3.83292883300055,4466.784451416,4466.789492041,4467.241859666,4467.075028541,NaN,NaN,NaN,NaN,,NaN,,4466.780957375,4466.78440425,None,NaN,NaN,,NaN,NaN,NaN,NaN,NaN,NaN,NaN,12,kitchen,2,2024-04-10_10h03.09.698,image_similarity_rating,2023.2.3,None,2024-04-10 10h03.23.237854 +0200
,126,134,510,510,stimuli/own/kitchen/126_kit.jpg,stimuli/own/kitchen/134_kit.jpg,NaN,NaN,NaN,NaN,NaN,NaN,NaN,NaN,0,523,523,509,4472.022851208,NaN,NaN,NaN,NaN,NaN,NaN,NaN,,NaN,,4472.307038083,4472.472240458,4472.472240458,4472.472240458,4472.472240458,4472.472240458,4472.472240458,4472.472240458,4472.472240458,4472.472240458,4487.400472333,-7,7,9,4,4.98747399999957,7,7.75654949999989,4472.004424208,4472.022851208,NaN,4472.307008416,NaN,NaN,NaN,NaN,,NaN,,4472.000990541,4472.004378125,None,NaN,NaN,,NaN,NaN,NaN,NaN,NaN,NaN,NaN,12,kitchen,2,2024-04-10_10h03.09.698,image_similarity_rating,2023.2.3,None,2024-04-10 10h03.23.237854 +0200
,120,121,406,406,stimuli/own/kitchen/120_kit.jpg,stimuli/own/kitchen/121_kit.jpg,NaN,NaN,NaN,NaN,NaN,NaN,NaN,NaN,0,524,524,405,4487.40617575,NaN,NaN,NaN,NaN,NaN,NaN,NaN,,NaN,,4487.690926208,4487.858278458,4487.858278458,4487.858278458,4487.858278458,4487.858278458,4487.858278458,4487.858278458,4487.858278458,4487.858278458,4493.408900291,-7,7,9,3,4.86958929100001,3,5.36069933300041,4487.404271791,4487.40617575,4487.858278458,4487.690908791,NaN,NaN,NaN,NaN,,NaN,,4487.400695541,4487.404225541,None,NaN,NaN,,NaN,NaN,NaN,NaN,NaN,NaN,NaN,12,kitchen,2,2024-04-10_10h03.09.698,image_similarity_rating,2023.2.3,None,2024-04-10 10h03.23.237854 +0200
,109,118,196,196,stimuli/own/kitchen/109_kit.jpg,stimuli/own/kitchen/118_kit.jpg,NaN,NaN,NaN,NaN,NaN,NaN,NaN,NaN,0,525,525,195,4493.422786166,NaN,NaN,NaN,NaN,NaN,NaN,NaN,,NaN,,4493.707299041,4493.881698625,4493.881698625,4493.881698625,4493.881698625,4493.881698625,4493.881698625,4493.881698625,4493.881698625,4493.881698625,4501.413066458,-7,7,9,5,3.88290599999982,1,6.97846158300035,4493.4127,4493.422786166,4493.881698625,4493.707279041,NaN,NaN,NaN,NaN,,NaN,,4493.409118333,4493.412651458,None,NaN,NaN,,NaN,NaN,NaN,NaN,NaN,NaN,NaN,12,kitchen,2,2024-04-10_10h03.09.698,image_similarity_rating,2023.2.3,None,2024-04-10 10h03.23.237854 +0200
,103,111,72,72,stimuli/own/kitchen/103_kit.jpg,stimuli/own/kitchen/111_kit.jpg,NaN,NaN,NaN,NaN,NaN,NaN,NaN,NaN,0,526,526,71,4501.422678208,NaN,NaN,NaN,NaN,NaN,NaN,NaN,,NaN,,4501.707494875,4501.873709875,4501.873709875,4501.873709875,4501.873709875,4501.873709875,4501.873709875,4501.873709875,4501.873709875,4501.873709875,4509.608518541,-7,7,9,5,3.88332641699981,5,7.5755014159995,4501.416845791,4501.422678208,4501.873709875,4501.707479708,NaN,NaN,NaN,NaN,,NaN,,4501.413284333,4501.41680025,None,NaN,NaN,,NaN,NaN,NaN,NaN,NaN,NaN,NaN,12,kitchen,2,2024-04-10_10h03.09.698,image_similarity_rating,2023.2.3,None,2024-04-10 10h03.23.237854 +0200
,104,125,116,116,stimuli/own/kitchen/104_kit.jpg,stimuli/own/kitchen/125_kit.jpg,NaN,NaN,NaN,NaN,NaN,NaN,NaN,NaN,0,527,527,115,4509.613917875,NaN,NaN,NaN,NaN,NaN,NaN,NaN,,NaN,,4509.907474916,4510.079818333,4510.079818333,4510.079818333,4510.079818333,4510.079818333,4510.079818333,4510.079818333,4510.079818333,4510.079818333,4512.971493416,7,-7,9,7,2.07975675000034,4,2.7317326250004,4509.612169958,4509.613917875,4510.079818333,4509.907457708,NaN,NaN,NaN,NaN,,NaN,,4509.608733125,4509.612124416,None,NaN,NaN,,NaN,NaN,NaN,NaN,NaN,NaN,NaN,12,kitchen,2,2024-04-10_10h03.09.698,image_similarity_rating,2023.2.3,None,2024-04-10 10h03.23.237854 +0200
,124,134,483,483,stimuli/own/kitchen/124_kit.jpg,stimuli/own/kitchen/134_kit.jpg,NaN,NaN,NaN,NaN,NaN,NaN,NaN,NaN,0,528,528,482,4512.976932583,NaN,NaN,NaN,NaN,NaN,NaN,NaN,,NaN,,4513.261832666,4513.431547541,4513.431547541,4513.431547541,4513.431547541,4513.431547541,4513.431547541,4513.431547541,4513.431547541,4513.431547541,4527.45858725,7,-7,9,5,10.7466715410001,6,13.5895823749997,4512.975179958,4512.976932583,4513.431547541,4513.261817916,NaN,NaN,NaN,NaN,,NaN,,4512.971712,4512.975132666,None,NaN,NaN,,NaN,NaN,NaN,NaN,NaN,NaN,NaN,12,kitchen,2,2024-04-10_10h03.09.698,image_similarity_rating,2023.2.3,None,2024-04-10 10h03.23.237854 +0200
,102,117,45,45,stimuli/own/kitchen/102_kit.jpg,stimuli/own/kitchen/117_kit.jpg,NaN,NaN,NaN,NaN,NaN,NaN,NaN,NaN,0,529,529,44,4527.464013458,NaN,NaN,NaN,NaN,NaN,NaN,NaN,,NaN,,4527.757282875,4527.92161925,4527.92161925,4527.92161925,4527.92161925,4527.92161925,4527.92161925,4527.92161925,4527.92161925,4527.92161925,4531.988392458,-7,7,9,6,2.45401612499973,3,3.85193829199943,4527.462255458,4527.464013458,4527.92161925,4527.757269,NaN,NaN,NaN,NaN,,NaN,,4527.458808166,4527.462209583,None,NaN,NaN,,NaN,NaN,NaN,NaN,NaN,NaN,NaN,12,kitchen,2,2024-04-10_10h03.09.698,image_similarity_rating,2023.2.3,None,2024-04-10 10h03.23.237854 +0200
,116,137,338,338,stimuli/own/kitchen/116_kit.jpg,stimuli/own/kitchen/137_kit.jpg,NaN,NaN,NaN,NaN,NaN,NaN,NaN,NaN,0,530,530,337,4531.994438708,NaN,NaN,NaN,NaN,NaN,NaN,NaN,,NaN,,4532.277804583,4532.443425875,4532.443425875,4532.443425875,4532.443425875,4532.443425875,4532.443425875,4532.443425875,4532.443425875,4532.443425875,4541.07508025,7,-7,9,4,8.31569624999975,4,6.49854091700035,4531.992104375,4531.994438708,4532.443425875,4532.27779275,NaN,NaN,NaN,NaN,,NaN,,4531.98862425,4531.992058291,None,NaN,NaN,,NaN,NaN,NaN,NaN,NaN,NaN,NaN,12,kitchen,2,2024-04-10_10h03.09.698,image_similarity_rating,2023.2.3,None,2024-04-10 10h03.23.237854 +0200
,101,129,23,23,stimuli/own/kitchen/101_kit.jpg,stimuli/own/kitchen/129_kit.jpg,NaN,NaN,NaN,NaN,NaN,NaN,NaN,NaN,0,531,531,22,4541.080620541,NaN,NaN,NaN,NaN,NaN,NaN,NaN,,NaN,,4541.374099708,4541.542520916,4541.542520916,4541.542520916,4541.542520916,4541.542520916,4541.542520916,4541.542520916,4541.542520916,4541.542520916,4550.492130583,-7,7,9,4,8.79928108299919,1,7.22626304200003,4541.07873625,4541.080620541,4541.542520916,4541.3740795,NaN,NaN,NaN,NaN,,NaN,,4541.07529625,4541.078689916,None,NaN,NaN,,NaN,NaN,NaN,NaN,NaN,NaN,NaN,12,kitchen,2,2024-04-10_10h03.09.698,image_similarity_rating,2023.2.3,None,2024-04-10 10h03.23.237854 +0200
,131,138,556,556,stimuli/own/kitchen/131_kit.jpg,stimuli/own/kitchen/138_kit.jpg,NaN,NaN,NaN,NaN,NaN,NaN,NaN,NaN,0,532,532,555,4550.497997,NaN,NaN,NaN,NaN,NaN,NaN,NaN,,NaN,,4550.790695833,4550.955958333,4550.955958333,4550.955958333,4550.955958333,4550.955958333,4550.955958333,4550.955958333,4550.955958333,4550.955958333,4558.455285875,7,-7,9,5,7.36031979200015,1,4.05816487500033,4550.495923083,4550.497997,4550.955958333,4550.790677541,NaN,NaN,NaN,NaN,,NaN,,4550.492354625,4550.495875791,None,NaN,NaN,,NaN,NaN,NaN,NaN,NaN,NaN,NaN,12,kitchen,2,2024-04-10_10h03.09.698,image_similarity_rating,2023.2.3,None,2024-04-10 10h03.23.237854 +0200
,109,135,211,211,stimuli/own/kitchen/109_kit.jpg,stimuli/own/kitchen/135_kit.jpg,NaN,NaN,NaN,NaN,NaN,NaN,NaN,NaN,0,533,533,210,4558.460888916,NaN,NaN,NaN,NaN,NaN,NaN,NaN,,NaN,,4558.744720333,4558.908544958,4558.908544958,4558.908544958,4558.908544958,4558.908544958,4558.908544958,4558.908544958,4558.908544958,4558.908544958,4566.183742583,7,-7,9,4,6.06082187499942,1,6.67949699999917,4558.458980291,4558.460888916,4558.908544958,4558.744710458,NaN,NaN,NaN,NaN,,NaN,,4558.455500833,4558.458933666,None,NaN,NaN,,NaN,NaN,NaN,NaN,NaN,NaN,NaN,12,kitchen,2,2024-04-10_10h03.09.698,image_similarity_rating,2023.2.3,None,2024-04-10 10h03.23.237854 +0200
,116,117,320,320,stimuli/own/kitchen/116_kit.jpg,stimuli/own/kitchen/117_kit.jpg,NaN,NaN,NaN,NaN,NaN,NaN,NaN,NaN,0,534,534,319,4566.205618208,NaN,NaN,NaN,NaN,NaN,NaN,NaN,,NaN,,4566.489982375,4566.654931541,4566.654931541,4566.654931541,4566.654931541,4566.654931541,4566.654931541,4566.654931541,4566.654931541,4566.654931541,4575.51255975,7,-7,9,5,6.12095812500047,4,8.68463516700012,4566.187407291,4566.205618208,NaN,4566.489967541,NaN,NaN,NaN,NaN,,NaN,,4566.183961,4566.187360708,None,NaN,NaN,,NaN,NaN,NaN,NaN,NaN,NaN,NaN,12,kitchen,2,2024-04-10_10h03.09.698,image_similarity_rating,2023.2.3,None,2024-04-10 10h03.23.237854 +0200
,127,131,520,520,stimuli/own/kitchen/127_kit.jpg,stimuli/own/kitchen/131_kit.jpg,NaN,NaN,NaN,NaN,NaN,NaN,NaN,NaN,0,535,535,519,4575.522572083,NaN,NaN,NaN,NaN,NaN,NaN,NaN,,NaN,,4575.807050666,4575.972764583,4575.972764583,4575.972764583,4575.972764583,4575.972764583,4575.972764583,4575.972764583,4575.972764583,4575.972764583,4581.416910291,-7,7,9,5,3.88723341599962,1,4.66679012500026,4575.516345958,4575.522572083,4575.972764583,4575.807035333,NaN,NaN,NaN,NaN,,NaN,,4575.512777625,4575.516299875,None,NaN,NaN,,NaN,NaN,NaN,NaN,NaN,NaN,NaN,12,kitchen,2,2024-04-10_10h03.09.698,image_similarity_rating,2023.2.3,None,2024-04-10 10h03.23.237854 +0200
,109,125,203,203,stimuli/own/kitchen/109_kit.jpg,stimuli/own/kitchen/125_kit.jpg,NaN,NaN,NaN,NaN,NaN,NaN,NaN,NaN,0,536,536,202,4581.422406583,NaN,NaN,NaN,NaN,NaN,NaN,NaN,,NaN,,4581.707090666,4581.872932666,4581.872932666,4581.872932666,4581.872932666,4581.872932666,4581.872932666,4581.872932666,4581.872932666,4581.872932666,4586.933923916,-7,7,9,3,3.02216754100027,1,4.48573862500052,4581.420564416,4581.422406583,4581.872932666,4581.707075666,NaN,NaN,NaN,NaN,,NaN,,4581.417127375,4581.420518458,None,NaN,NaN,,NaN,NaN,NaN,NaN,NaN,NaN,NaN,12,kitchen,2,2024-04-10_10h03.09.698,image_similarity_rating,2023.2.3,None,2024-04-10 10h03.23.237854 +0200
,111,118,223,223,stimuli/own/kitchen/111_kit.jpg,stimuli/own/kitchen/118_kit.jpg,NaN,NaN,NaN,NaN,NaN,NaN,NaN,NaN,0,537,537,222,4586.94071375,NaN,NaN,NaN,NaN,NaN,NaN,NaN,,NaN,,4587.223835833,4587.393707,4587.393707,4587.393707,4587.393707,4587.393707,4587.393707,4587.393707,4587.393707,4587.393707,4590.942293166,-7,7,9,7,2.38721904100021,3,2.98428941699967,4586.937731875,4586.94071375,4587.393707,4587.223818791,NaN,NaN,NaN,NaN,,NaN,,4586.9341415,4586.937685708,None,NaN,NaN,,NaN,NaN,NaN,NaN,NaN,NaN,NaN,12,kitchen,2,2024-04-10_10h03.09.698,image_similarity_rating,2023.2.3,None,2024-04-10 10h03.23.237854 +0200
,104,131,121,614,stimuli/own/kitchen/104_kit.jpg,stimuli/own/kitchen/131_kit.jpg,NaN,NaN,NaN,NaN,NaN,NaN,NaN,NaN,0,538,538,613,4590.94796975,NaN,NaN,NaN,NaN,NaN,NaN,NaN,,NaN,,4591.240389,4591.410237166,4591.410237166,4591.410237166,4591.410237166,4591.410237166,4591.410237166,4591.410237166,4591.410237166,4591.410237166,4597.050917458,-7,7,9,5,4.79815941700053,2,5.30158641700018,4590.946042208,4590.94796975,4591.410237166,4591.240372083,NaN,NaN,NaN,NaN,,NaN,,4590.94250725,4590.945996416,None,NaN,NaN,,NaN,NaN,NaN,NaN,NaN,NaN,NaN,12,kitchen,2,2024-04-10_10h03.09.698,image_similarity_rating,2023.2.3,None,2024-04-10 10h03.23.237854 +0200
,102,124,52,52,stimuli/own/kitchen/102_kit.jpg,stimuli/own/kitchen/124_kit.jpg,NaN,NaN,NaN,NaN,NaN,NaN,NaN,NaN,0,539,539,51,4597.057560333,NaN,NaN,NaN,NaN,NaN,NaN,NaN,,NaN,,4597.344183083,4597.507735,4597.507735,4597.507735,4597.507735,4597.507735,4597.507735,4597.507735,4597.507735,4597.507735,4604.208678875,7,-7,9,7,2.03933991700069,4,6.48608954200063,4597.054582083,4597.057560333,4597.507735,4597.344170416,NaN,NaN,NaN,NaN,,NaN,,4597.051137541,4597.054536541,None,NaN,NaN,,NaN,NaN,NaN,NaN,NaN,NaN,NaN,12,kitchen,2,2024-04-10_10h03.09.698,image_similarity_rating,2023.2.3,None,2024-04-10 10h03.23.237854 +0200
,135,136,575,575,stimuli/own/kitchen/135_kit.jpg,stimuli/own/kitchen/136_kit.jpg,NaN,NaN,NaN,NaN,NaN,NaN,NaN,NaN,0,540,540,574,4604.222409958,NaN,NaN,NaN,NaN,NaN,NaN,NaN,,NaN,,4604.507016125,4604.673761,4604.673761,4604.673761,4604.673761,4604.673761,4604.673761,4604.673761,4604.673761,4604.673761,4608.471943625,-7,7,9,3,2.4644537919994,3,3.44977095899958,4604.212415625,4604.222409958,4604.673761,4604.507001166,NaN,NaN,NaN,NaN,,NaN,,4604.208899833,4604.212368458,None,NaN,NaN,,NaN,NaN,NaN,NaN,NaN,NaN,NaN,12,kitchen,2,2024-04-10_10h03.09.698,image_similarity_rating,2023.2.3,None,2024-04-10 10h03.23.237854 +0200
,104,136,125,125,stimuli/own/kitchen/104_kit.jpg,stimuli/own/kitchen/136_kit.jpg,NaN,NaN,NaN,NaN,NaN,NaN,NaN,NaN,0,541,541,124,4608.477892791,NaN,NaN,NaN,NaN,NaN,NaN,NaN,,NaN,,4608.774467375,4608.942778541,4608.942778541,4608.942778541,4608.942778541,4608.942778541,4608.942778541,4608.942778541,4608.942778541,4608.942778541,4612.133249666,-7,7,9,7,2.17311633400004,3,2.79058925000027,4608.475632833,4608.477892791,4608.942778541,4608.774445833,NaN,NaN,NaN,NaN,,NaN,,4608.472159041,4608.475586541,None,NaN,NaN,,NaN,NaN,NaN,NaN,NaN,NaN,NaN,12,kitchen,2,2024-04-10_10h03.09.698,image_similarity_rating,2023.2.3,None,2024-04-10 10h03.23.237854 +0200
,118,126,372,372,stimuli/own/kitchen/118_kit.jpg,stimuli/own/kitchen/126_kit.jpg,NaN,NaN,NaN,NaN,NaN,NaN,NaN,NaN,0,542,542,371,4612.13887675,NaN,NaN,NaN,NaN,NaN,NaN,NaN,,NaN,,4612.423680958,4612.591222125,4612.591222125,4612.591222125,4612.591222125,4612.591222125,4612.591222125,4612.591222125,4612.591222125,4612.591222125,4617.013054458,7,-7,9,7,3.26863475000027,3,4.1718139579998,4612.137015291,4612.13887675,4612.591222125,4612.423666,NaN,NaN,NaN,NaN,,NaN,,4612.133468416,4612.1369695,None,NaN,NaN,,NaN,NaN,NaN,NaN,NaN,NaN,NaN,12,kitchen,2,2024-04-10_10h03.09.698,image_similarity_rating,2023.2.3,None,2024-04-10 10h03.23.237854 +0200
,101,137,30,30,stimuli/own/kitchen/101_kit.jpg,stimuli/own/kitchen/137_kit.jpg,NaN,NaN,NaN,NaN,NaN,NaN,NaN,NaN,0,543,543,29,4617.022279625,NaN,NaN,NaN,NaN,NaN,NaN,NaN,,NaN,,4617.306794458,4617.470603916,4617.470603916,4617.470603916,4617.470603916,4617.470603916,4617.470603916,4617.470603916,4617.470603916,4617.470603916,4629.616919791,-7,7,9,3,11.0647651250001,5,11.8493717920001,4617.016771833,4617.022279625,4617.470603916,4617.306784291,NaN,NaN,NaN,NaN,,NaN,,4617.013274708,4617.016725625,None,NaN,NaN,,NaN,NaN,NaN,NaN,NaN,NaN,NaN,12,kitchen,2,2024-04-10_10h03.09.698,image_similarity_rating,2023.2.3,None,2024-04-10 10h03.23.237854 +0200
,101,125,20,20,stimuli/own/kitchen/101_kit.jpg,stimuli/own/kitchen/125_kit.jpg,NaN,NaN,NaN,NaN,NaN,NaN,NaN,NaN,0,544,544,19,4629.638976041,NaN,NaN,NaN,NaN,NaN,NaN,NaN,,NaN,,4629.923159958,4630.089171125,4630.089171125,4630.089171125,4630.089171125,4630.089171125,4630.089171125,4630.089171125,4630.089171125,4630.089171125,4636.908163416,-7,7,9,5,5.51035354099986,6,6.12005233299988,4629.620587666,4629.638976041,NaN,4629.923139791,NaN,NaN,NaN,NaN,,NaN,,4629.617135916,4629.620541791,None,NaN,NaN,,NaN,NaN,NaN,NaN,NaN,NaN,NaN,12,kitchen,2,2024-04-10_10h03.09.698,image_similarity_rating,2023.2.3,None,2024-04-10 10h03.23.237854 +0200
,111,116,221,221,stimuli/own/kitchen/111_kit.jpg,stimuli/own/kitchen/116_kit.jpg,NaN,NaN,NaN,NaN,NaN,NaN,NaN,NaN,0,545,545,220,4636.913753625,NaN,NaN,NaN,NaN,NaN,NaN,NaN,,NaN,,4637.207017708,4637.379448708,4637.379448708,4637.379448708,4637.379448708,4637.379448708,4637.379448708,4637.379448708,4637.379448708,4637.379448708,4648.037986583,7,-7,9,5,7.03067350000038,3,10.3756887499994,4636.91182825,4636.913753625,4637.379448708,4637.207000958,NaN,NaN,NaN,NaN,,NaN,,4636.908378666,4636.911782041,None,NaN,NaN,,NaN,NaN,NaN,NaN,NaN,NaN,NaN,12,kitchen,2,2024-04-10_10h03.09.698,image_similarity_rating,2023.2.3,None,2024-04-10 10h03.23.237854 +0200
,114,119,299,299,stimuli/own/kitchen/114_kit.jpg,stimuli/own/kitchen/119_kit.jpg,NaN,NaN,NaN,NaN,NaN,NaN,NaN,NaN,0,546,546,298,4648.0436505,NaN,NaN,NaN,NaN,NaN,NaN,NaN,,NaN,,4648.327852833,4648.498153208,4648.498153208,4648.498153208,4648.498153208,4648.498153208,4648.498153208,4648.498153208,4648.498153208,4648.498153208,4658.421166166,7,-7,9,2,9.83671137500005,5,7.65595229099927,4648.041709,4648.0436505,4648.498153208,4648.327837791,NaN,NaN,NaN,NaN,,NaN,,4648.038216791,4648.041661708,None,NaN,NaN,,NaN,NaN,NaN,NaN,NaN,NaN,NaN,12,kitchen,2,2024-04-10_10h03.09.698,image_similarity_rating,2023.2.3,None,2024-04-10 10h03.23.237854 +0200
,125,131,495,495,stimuli/own/kitchen/125_kit.jpg,stimuli/own/kitchen/131_kit.jpg,NaN,NaN,NaN,NaN,NaN,NaN,NaN,NaN,0,547,547,494,4658.42682425,NaN,NaN,NaN,NaN,NaN,NaN,NaN,,NaN,,4658.711260166,4658.876433,4658.876433,4658.876433,4658.876433,4658.876433,4658.876433,4658.876433,4658.876433,4658.876433,4667.84141825,-7,7,9,6,2.62728408299972,1,7.25064045799991,4658.425005041,4658.42682425,4658.876433,4658.711250125,NaN,NaN,NaN,NaN,,NaN,,4658.4214105,4658.424957958,None,NaN,NaN,,NaN,NaN,NaN,NaN,NaN,NaN,NaN,12,kitchen,2,2024-04-10_10h03.09.698,image_similarity_rating,2023.2.3,None,2024-04-10 10h03.23.237854 +0200
,111,140,243,243,stimuli/own/kitchen/111_kit.jpg,stimuli/own/kitchen/140_kit.jpg,NaN,NaN,NaN,NaN,NaN,NaN,NaN,NaN,0,548,548,242,4667.847147666,NaN,NaN,NaN,NaN,NaN,NaN,NaN,,NaN,,4668.140793916,4668.305422,4668.305422,4668.305422,4668.305422,4668.305422,4668.305422,4668.305422,4668.305422,4668.305422,4680.650082125,-7,7,9,7,10.1918980410001,4,11.5749676670002,4667.845208666,4667.847147666,4668.305422,4668.140776208,NaN,NaN,NaN,NaN,,NaN,,4667.841638375,4667.8451625,None,NaN,NaN,,NaN,NaN,NaN,NaN,NaN,NaN,NaN,12,kitchen,2,2024-04-10_10h03.09.698,image_similarity_rating,2023.2.3,None,2024-04-10 10h03.23.237854 +0200
,121,127,430,430,stimuli/own/kitchen/121_kit.jpg,stimuli/own/kitchen/127_kit.jpg,NaN,NaN,NaN,NaN,NaN,NaN,NaN,NaN,0,549,549,429,4680.672175458,NaN,NaN,NaN,NaN,NaN,NaN,NaN,,NaN,,4680.956358541,4681.127938625,4681.127938625,4681.127938625,4681.127938625,4681.127938625,4681.127938625,4681.127938625,4681.127938625,4681.127938625,4701.742259458,-7,7,9,3,19.8450974159996,3,19.2160203330004,4680.653762666,4680.672175458,NaN,4680.956339,NaN,NaN,NaN,NaN,,NaN,,4680.650298583,4680.653716708,None,NaN,NaN,,NaN,NaN,NaN,NaN,NaN,NaN,NaN,12,kitchen,2,2024-04-10_10h03.09.698,image_similarity_rating,2023.2.3,None,2024-04-10 10h03.23.237854 +0200
,105,114,136,136,stimuli/own/kitchen/105_kit.jpg,stimuli/own/kitchen/114_kit.jpg,NaN,NaN,NaN,NaN,NaN,NaN,NaN,NaN,0,550,550,135,4701.755416208,NaN,NaN,NaN,NaN,NaN,NaN,NaN,,NaN,,4702.040043541,4702.2063035,4702.2063035,4702.2063035,4702.2063035,4702.2063035,4702.2063035,4702.2063035,4702.2063035,4702.2063035,4711.120709125,-7,7,9,3,4.33350091699958,6,6.91917074999947,4701.746268,4701.755416208,4702.2063035,4702.04002925,NaN,NaN,NaN,NaN,,NaN,,4701.742494083,4701.746217375,None,NaN,NaN,,NaN,NaN,NaN,NaN,NaN,NaN,NaN,12,kitchen,2,2024-04-10_10h03.09.698,image_similarity_rating,2023.2.3,None,2024-04-10 10h03.23.237854 +0200
,106,126,176,176,stimuli/own/kitchen/106_kit.jpg,stimuli/own/kitchen/126_kit.jpg,NaN,NaN,NaN,NaN,NaN,NaN,NaN,NaN,0,551,551,175,4711.126435833,NaN,NaN,NaN,NaN,NaN,NaN,NaN,,NaN,,4711.411174916,4711.580036083,4711.580036083,4711.580036083,4711.580036083,4711.580036083,4711.580036083,4711.580036083,4711.580036083,4711.580036083,4715.941207458,-7,7,9,5,3.07849312500002,1,3.63026858400008,4711.124442166,4711.126435833,4711.580036083,4711.411162375,NaN,NaN,NaN,NaN,,NaN,,4711.120927541,4711.124394958,None,NaN,NaN,,NaN,NaN,NaN,NaN,NaN,NaN,NaN,12,kitchen,2,2024-04-10_10h03.09.698,image_similarity_rating,2023.2.3,None,2024-04-10 10h03.23.237854 +0200
,103,137,95,95,stimuli/own/kitchen/103_kit.jpg,stimuli/own/kitchen/137_kit.jpg,NaN,NaN,NaN,NaN,NaN,NaN,NaN,NaN,0,552,552,94,4715.94682275,NaN,NaN,NaN,NaN,NaN,NaN,NaN,,NaN,,4716.24014475,4716.409707208,4716.409707208,4716.409707208,4716.409707208,4716.409707208,4716.409707208,4716.409707208,4716.409707208,4716.409707208,4726.870914166,7,-7,9,2,8.36839054099983,2,7.67937008399986,4715.944901541,4715.94682275,4716.409707208,4716.240123625,NaN,NaN,NaN,NaN,,NaN,,4715.941427083,4715.944854916,None,NaN,NaN,,NaN,NaN,NaN,NaN,NaN,NaN,NaN,12,kitchen,2,2024-04-10_10h03.09.698,image_similarity_rating,2023.2.3,None,2024-04-10 10h03.23.237854 +0200
,131,140,558,558,stimuli/own/kitchen/131_kit.jpg,stimuli/own/kitchen/140_kit.jpg,NaN,NaN,NaN,NaN,NaN,NaN,NaN,NaN,0,553,553,557,4726.876575583,NaN,NaN,NaN,NaN,NaN,NaN,NaN,,NaN,,4727.161918666,4727.328526791,4727.328526791,4727.328526791,4727.328526791,4727.328526791,4727.328526791,4727.328526791,4727.328526791,4727.328526791,4731.579011958,-7,7,9,5,2.15587245799998,1,4.0763970830003,4726.874644541,4726.876575583,4727.328526791,4727.161904125,NaN,NaN,NaN,NaN,,NaN,,4726.87116,4726.874598333,None,NaN,NaN,,NaN,NaN,NaN,NaN,NaN,NaN,NaN,12,kitchen,2,2024-04-10_10h03.09.698,image_similarity_rating,2023.2.3,None,2024-04-10 10h03.23.237854 +0200
,121,131,433,433,stimuli/own/kitchen/121_kit.jpg,stimuli/own/kitchen/131_kit.jpg,NaN,NaN,NaN,NaN,NaN,NaN,NaN,NaN,0,554,554,432,4731.588693416,NaN,NaN,NaN,NaN,NaN,NaN,NaN,,NaN,,4731.873457916,4732.03909725,4732.03909725,4732.03909725,4732.03909725,4732.03909725,4732.03909725,4732.03909725,4732.03909725,4732.03909725,4737.104437375,7,-7,9,1,4.34702483399997,1,4.86472312499973,4731.5828215,4731.588693416,4732.03909725,4731.873438875,NaN,NaN,NaN,NaN,,NaN,,4731.579235875,4731.582775166,None,NaN,NaN,,NaN,NaN,NaN,NaN,NaN,NaN,NaN,12,kitchen,2,2024-04-10_10h03.09.698,image_similarity_rating,2023.2.3,None,2024-04-10 10h03.23.237854 +0200
,119,123,389,389,stimuli/own/kitchen/119_kit.jpg,stimuli/own/kitchen/123_kit.jpg,NaN,NaN,NaN,NaN,NaN,NaN,NaN,NaN,0,555,555,388,4737.110346833,NaN,NaN,NaN,NaN,NaN,NaN,NaN,,NaN,,4737.394846666,4737.558474458,4737.558474458,4737.558474458,4737.558474458,4737.558474458,4737.558474458,4737.558474458,4737.558474458,4737.558474458,4741.420539666,7,-7,9,2,2.90757254099935,4,3.60094962499988,4737.108272041,4737.110346833,4737.558474458,4737.39483375,NaN,NaN,NaN,NaN,,NaN,,4737.104662416,4737.108225708,None,NaN,NaN,,NaN,NaN,NaN,NaN,NaN,NaN,NaN,12,kitchen,2,2024-04-10_10h03.09.698,image_similarity_rating,2023.2.3,None,2024-04-10 10h03.23.237854 +0200
,116,123,326,326,stimuli/own/kitchen/116_kit.jpg,stimuli/own/kitchen/123_kit.jpg,NaN,NaN,NaN,NaN,NaN,NaN,NaN,NaN,0,556,556,325,4741.426317541,NaN,NaN,NaN,NaN,NaN,NaN,NaN,,NaN,,4741.710665458,4741.878212791,4741.878212791,4741.878212791,4741.878212791,4741.878212791,4741.878212791,4741.878212791,4741.878212791,4741.878212791,4746.087594041,-7,7,9,2,3.19239549999929,5,4.08466899999985,4741.424385541,4741.426317541,4741.878212791,4741.71065225,NaN,NaN,NaN,NaN,,NaN,,4741.420757666,4741.424338875,None,NaN,NaN,,NaN,NaN,NaN,NaN,NaN,NaN,NaN,12,kitchen,2,2024-04-10_10h03.09.698,image_similarity_rating,2023.2.3,None,2024-04-10 10h03.23.237854 +0200
,135,138,577,577,stimuli/own/kitchen/135_kit.jpg,stimuli/own/kitchen/138_kit.jpg,NaN,NaN,NaN,NaN,NaN,NaN,NaN,NaN,0,557,557,576,4746.093238833,NaN,NaN,NaN,NaN,NaN,NaN,NaN,,NaN,,4746.378208833,4746.5445945,4746.5445945,4746.5445945,4746.5445945,4746.5445945,4746.5445945,4746.5445945,4746.5445945,4746.5445945,4752.7910805,-7,7,9,5,3.79304004199912,3,5.36336183299954,4746.091308541,4746.093238833,4746.5445945,4746.378197,NaN,NaN,NaN,NaN,,NaN,,4746.08783825,4746.0912625,None,NaN,NaN,,NaN,NaN,NaN,NaN,NaN,NaN,NaN,12,kitchen,2,2024-04-10_10h03.09.698,image_similarity_rating,2023.2.3,None,2024-04-10 10h03.23.237854 +0200
,102,137,63,63,stimuli/own/kitchen/102_kit.jpg,stimuli/own/kitchen/137_kit.jpg,NaN,NaN,NaN,NaN,NaN,NaN,NaN,NaN,0,558,558,62,4752.796667333,NaN,NaN,NaN,NaN,NaN,NaN,NaN,,NaN,,4753.090107541,4753.261407333,4753.261407333,4753.261407333,4753.261407333,4753.261407333,4753.261407333,4753.261407333,4753.261407333,4753.261407333,4759.208907583,7,-7,9,2,3.58061529099996,3,5.74548541700005,4752.794757041,4752.796667333,4753.261407333,4753.090091916,NaN,NaN,NaN,NaN,,NaN,,4752.791300833,4752.794711333,None,NaN,NaN,,NaN,NaN,NaN,NaN,NaN,NaN,NaN,12,kitchen,2,2024-04-10_10h03.09.698,image_similarity_rating,2023.2.3,None,2024-04-10 10h03.23.237854 +0200
,106,116,166,166,stimuli/own/kitchen/106_kit.jpg,stimuli/own/kitchen/116_kit.jpg,NaN,NaN,NaN,NaN,NaN,NaN,NaN,NaN,0,559,559,165,4759.214766583,NaN,NaN,NaN,NaN,NaN,NaN,NaN,,NaN,,4759.507002666,4759.67313775,4759.67313775,4759.67313775,4759.67313775,4759.67313775,4759.67313775,4759.67313775,4759.67313775,4759.67313775,4763.424383,7,-7,9,3,3.00842033400022,1,3.53762654100046,4759.212936833,4759.214766583,4759.67313775,4759.506989125,NaN,NaN,NaN,NaN,,NaN,,4759.2091355,4759.212878083,None,NaN,NaN,,NaN,NaN,NaN,NaN,NaN,NaN,NaN,12,kitchen,2,2024-04-10_10h03.09.698,image_similarity_rating,2023.2.3,None,2024-04-10 10h03.23.237854 +0200
,105,117,138,597,stimuli/own/kitchen/105_kit.jpg,stimuli/own/kitchen/117_kit.jpg,NaN,NaN,NaN,NaN,NaN,NaN,NaN,NaN,0,560,560,596,4763.429969125,NaN,NaN,NaN,NaN,NaN,NaN,NaN,,NaN,,4763.723084583,4763.891875125,4763.891875125,4763.891875125,4763.891875125,4763.891875125,4763.891875125,4763.891875125,4763.891875125,4763.891875125,4783.237639375,-7,7,9,6,18.1502342089998,7,18.9486722920001,4763.428040083,4763.429969125,4763.891875125,4763.723069833,NaN,NaN,NaN,NaN,,NaN,,4763.424599291,4763.427993791,None,NaN,NaN,,NaN,NaN,NaN,NaN,NaN,NaN,NaN,12,kitchen,2,2024-04-10_10h03.09.698,image_similarity_rating,2023.2.3,None,2024-04-10 10h03.23.237854 +0200
,127,137,525,525,stimuli/own/kitchen/127_kit.jpg,stimuli/own/kitchen/137_kit.jpg,NaN,NaN,NaN,NaN,NaN,NaN,NaN,NaN,0,561,561,524,4783.243269958,NaN,NaN,NaN,NaN,NaN,NaN,NaN,,NaN,,4783.527397666,4783.6920935,4783.6920935,4783.6920935,4783.6920935,4783.6920935,4783.6920935,4783.6920935,4783.6920935,4783.6920935,4795.859879375,-7,7,9,1,9.60541412500061,5,11.9621526669998,4783.241342625,4783.243269958,4783.6920935,4783.527385125,NaN,NaN,NaN,NaN,,NaN,,4783.237855958,4783.241295916,None,NaN,NaN,,NaN,NaN,NaN,NaN,NaN,NaN,NaN,12,kitchen,2,2024-04-10_10h03.09.698,image_similarity_rating,2023.2.3,None,2024-04-10 10h03.23.237854 +0200
,123,134,468,468,stimuli/own/kitchen/123_kit.jpg,stimuli/own/kitchen/134_kit.jpg,NaN,NaN,NaN,NaN,NaN,NaN,NaN,NaN,0,562,562,467,4795.872230583,NaN,NaN,NaN,NaN,NaN,NaN,NaN,,NaN,,4796.156566916,4796.323854833,4796.323854833,4796.323854833,4796.323854833,4796.323854833,4796.323854833,4796.323854833,4796.323854833,4796.323854833,4803.35842175,7,-7,9,5,3.73905541699969,2,6.28109154200047,4795.863560541,4795.872230583,4796.323854833,4796.156552041,NaN,NaN,NaN,NaN,,NaN,,4795.860095875,4795.863513958,None,NaN,NaN,,NaN,NaN,NaN,NaN,NaN,NaN,NaN,12,kitchen,2,2024-04-10_10h03.09.698,image_similarity_rating,2023.2.3,None,2024-04-10 10h03.23.237854 +0200
,104,137,126,126,stimuli/own/kitchen/104_kit.jpg,stimuli/own/kitchen/137_kit.jpg,NaN,NaN,NaN,NaN,NaN,NaN,NaN,NaN,0,563,563,125,4803.364217666,NaN,NaN,NaN,NaN,NaN,NaN,NaN,,NaN,,4803.656452958,4803.827512166,4803.827512166,4803.827512166,4803.827512166,4803.827512166,4803.827512166,4803.827512166,4803.827512166,4803.827512166,4811.141764541,7,-7,9,1,4.8050209590001,3,6.63190120800027,4803.362089583,4803.364217666,4803.827512166,4803.656436,NaN,NaN,NaN,NaN,,NaN,,4803.358640166,4803.362042333,None,NaN,NaN,,NaN,NaN,NaN,NaN,NaN,NaN,NaN,12,kitchen,2,2024-04-10_10h03.09.698,image_similarity_rating,2023.2.3,None,2024-04-10 10h03.23.237854 +0200
,112,121,252,252,stimuli/own/kitchen/112_kit.jpg,stimuli/own/kitchen/121_kit.jpg,NaN,NaN,NaN,NaN,NaN,NaN,NaN,NaN,0,564,564,251,4811.147520041,NaN,NaN,NaN,NaN,NaN,NaN,NaN,,NaN,,4811.440334291,4811.6044345,4811.6044345,4811.6044345,4811.6044345,4811.6044345,4811.6044345,4811.6044345,4811.6044345,4811.6044345,4816.645951958,-7,7,9,2,3.30095245899975,3,4.54405604200019,4811.145441708,4811.147520041,4811.6044345,4811.440315708,NaN,NaN,NaN,NaN,,NaN,,4811.141984833,4811.145395625,None,NaN,NaN,,NaN,NaN,NaN,NaN,NaN,NaN,NaN,12,kitchen,2,2024-04-10_10h03.09.698,image_similarity_rating,2023.2.3,None,2024-04-10 10h03.23.237854 +0200
,119,124,390,390,stimuli/own/kitchen/119_kit.jpg,stimuli/own/kitchen/124_kit.jpg,NaN,NaN,NaN,NaN,NaN,NaN,NaN,NaN,0,565,565,389,4816.655050625,NaN,NaN,NaN,NaN,NaN,NaN,NaN,,NaN,,4816.939691208,4817.106729916,4817.106729916,4817.106729916,4817.106729916,4817.106729916,4817.106729916,4817.106729916,4817.106729916,4817.106729916,4822.870784125,-7,7,9,2,3.41748829100015,2,5.13275437499942,4816.649675916,4816.655050625,4817.106729916,4816.939674833,NaN,NaN,NaN,NaN,,NaN,,4816.646171625,4816.649629708,None,NaN,NaN,,NaN,NaN,NaN,NaN,NaN,NaN,NaN,12,kitchen,2,2024-04-10_10h03.09.698,image_similarity_rating,2023.2.3,None,2024-04-10 10h03.23.237854 +0200
,120,141,424,424,stimuli/own/kitchen/120_kit.jpg,stimuli/own/kitchen/141_kit.jpg,NaN,NaN,NaN,NaN,NaN,NaN,NaN,NaN,0,566,566,423,4822.876255583,NaN,NaN,NaN,NaN,NaN,NaN,NaN,,NaN,,4823.160698708,4823.32509975,4823.32509975,4823.32509975,4823.32509975,4823.32509975,4823.32509975,4823.32509975,4823.32509975,4823.32509975,4830.054864666,7,-7,9,3,3.58684995800013,3,5.6288862499996,4822.874491541,4822.876255583,4823.32509975,4823.160688583,NaN,NaN,NaN,NaN,,NaN,,4822.871021583,4822.874445041,None,NaN,NaN,,NaN,NaN,NaN,NaN,NaN,NaN,NaN,12,kitchen,2,2024-04-10_10h03.09.698,image_similarity_rating,2023.2.3,None,2024-04-10 10h03.23.237854 +0200
,117,120,345,345,stimuli/own/kitchen/117_kit.jpg,stimuli/own/kitchen/120_kit.jpg,NaN,NaN,NaN,NaN,NaN,NaN,NaN,NaN,0,567,567,344,4830.060558833,NaN,NaN,NaN,NaN,NaN,NaN,NaN,,NaN,,4848.756473625,4848.930779791,4848.930779791,4848.930779791,4848.930779791,4848.930779791,4848.930779791,4848.930779791,4848.930779791,4848.930779791,4854.89482475,7,-7,10,5,4.61029679200055,6,4.89487870799985,4848.463760791,4848.472384791,4848.930779791,4848.756451791,NaN,NaN,NaN,NaN,,NaN,,4830.055103291,4848.463401166,space,4830.060558833,18.4026704580001,None,NaN,NaN,NaN,NaN,NaN,NaN,NaN,12,kitchen,2,2024-04-10_10h03.09.698,image_similarity_rating,2023.2.3,None,2024-04-10 10h03.23.237854 +0200
,130,134,543,543,stimuli/own/kitchen/130_kit.jpg,stimuli/own/kitchen/134_kit.jpg,NaN,NaN,NaN,NaN,NaN,NaN,NaN,NaN,0,568,568,542,4854.90518725,NaN,NaN,NaN,NaN,NaN,NaN,NaN,,NaN,,4855.189493708,4855.356708083,4855.356708083,4855.356708083,4855.356708083,4855.356708083,4855.356708083,4855.356708083,4855.356708083,4855.356708083,4859.899595958,7,-7,10,6,3.69974374999947,6,4.24442795799951,4854.89850125,4854.90518725,4855.356708083,4855.189479208,NaN,NaN,NaN,NaN,,NaN,,4854.895053208,4854.898455208,None,NaN,NaN,,NaN,NaN,NaN,NaN,NaN,NaN,NaN,12,kitchen,2,2024-04-10_10h03.09.698,image_similarity_rating,2023.2.3,None,2024-04-10 10h03.23.237854 +0200
,103,130,89,89,stimuli/own/kitchen/103_kit.jpg,stimuli/own/kitchen/130_kit.jpg,NaN,NaN,NaN,NaN,NaN,NaN,NaN,NaN,0,569,569,88,4859.921851125,NaN,NaN,NaN,NaN,NaN,NaN,NaN,,NaN,,4860.205740875,4860.372240375,4860.372240375,4860.372240375,4860.372240375,4860.372240375,4860.372240375,4860.372240375,4860.372240375,4860.372240375,4865.311607791,-7,7,10,4,4.08753387500019,6,4.81639720900057,4859.903256208,4859.921851125,NaN,4860.20571875,NaN,NaN,NaN,NaN,,NaN,,4859.899813375,4859.903210208,None,NaN,NaN,,NaN,NaN,NaN,NaN,NaN,NaN,NaN,12,kitchen,2,2024-04-10_10h03.09.698,image_similarity_rating,2023.2.3,None,2024-04-10 10h03.23.237854 +0200
,122,140,458,458,stimuli/own/kitchen/122_kit.jpg,stimuli/own/kitchen/140_kit.jpg,NaN,NaN,NaN,NaN,NaN,NaN,NaN,NaN,0,570,570,457,4865.321637333,NaN,NaN,NaN,NaN,NaN,NaN,NaN,,NaN,,4865.606104833,4865.776443541,4865.776443541,4865.776443541,4865.776443541,4865.776443541,4865.776443541,4865.776443541,4865.776443541,4865.776443541,4868.511798791,-7,7,10,7,1.79269633399963,5,2.38706070799981,4865.315313416,4865.321637333,4865.776443541,4865.606088083,NaN,NaN,NaN,NaN,,NaN,,4865.311826875,4865.315266166,None,NaN,NaN,,NaN,NaN,NaN,NaN,NaN,NaN,NaN,12,kitchen,2,2024-04-10_10h03.09.698,image_similarity_rating,2023.2.3,None,2024-04-10 10h03.23.237854 +0200
,109,123,201,201,stimuli/own/kitchen/109_kit.jpg,stimuli/own/kitchen/123_kit.jpg,NaN,NaN,NaN,NaN,NaN,NaN,NaN,NaN,0,571,571,200,4868.521633375,NaN,NaN,NaN,NaN,NaN,NaN,NaN,,NaN,,4868.806215125,4868.972937416,4868.972937416,4868.972937416,4868.972937416,4868.972937416,4868.972937416,4868.972937416,4868.972937416,4868.972937416,4887.949610625,7,-7,10,2,2.79952891599987,5,17.2523628750005,4868.515474083,4868.521633375,4868.972937416,4868.806200208,NaN,NaN,NaN,NaN,,NaN,,4868.512013875,4868.515425583,None,NaN,NaN,,NaN,NaN,NaN,NaN,NaN,NaN,NaN,12,kitchen,2,2024-04-10_10h03.09.698,image_similarity_rating,2023.2.3,None,2024-04-10 10h03.23.237854 +0200
,105,137,156,156,stimuli/own/kitchen/105_kit.jpg,stimuli/own/kitchen/137_kit.jpg,NaN,NaN,NaN,NaN,NaN,NaN,NaN,NaN,0,572,572,155,4887.971908208,NaN,NaN,NaN,NaN,NaN,NaN,NaN,,NaN,,4888.255657541,4888.427503083,4888.427503083,4888.427503083,4888.427503083,4888.427503083,4888.427503083,4888.427503083,4888.427503083,4888.427503083,4896.670603666,7,-7,10,3,7.18614316700041,1,7.87073262500053,4887.953275125,4887.971908208,NaN,4888.255637833,NaN,NaN,NaN,NaN,,NaN,,4887.949828791,4887.953228375,None,NaN,NaN,,NaN,NaN,NaN,NaN,NaN,NaN,NaN,12,kitchen,2,2024-04-10_10h03.09.698,image_similarity_rating,2023.2.3,None,2024-04-10 10h03.23.237854 +0200
,104,118,109,109,stimuli/own/kitchen/104_kit.jpg,stimuli/own/kitchen/118_kit.jpg,NaN,NaN,NaN,NaN,NaN,NaN,NaN,NaN,0,573,573,108,4896.676070916,NaN,NaN,NaN,NaN,NaN,NaN,NaN,,NaN,,4896.960219541,4897.127345416,4897.127345416,4897.127345416,4897.127345416,4897.127345416,4897.127345416,4897.127345416,4897.127345416,4897.127345416,4900.683312375,7,-7,10,7,2.76475170899994,4,3.19435458400039,4896.674303625,4896.676070916,4897.127345416,4896.960206916,NaN,NaN,NaN,NaN,,NaN,,4896.67082,4896.674257375,None,NaN,NaN,,NaN,NaN,NaN,NaN,NaN,NaN,NaN,12,kitchen,2,2024-04-10_10h03.09.698,image_similarity_rating,2023.2.3,None,2024-04-10 10h03.23.237854 +0200
,105,117,138,599,stimuli/own/kitchen/105_kit.jpg,stimuli/own/kitchen/117_kit.jpg,NaN,NaN,NaN,NaN,NaN,NaN,NaN,NaN,0,574,574,598,4900.689685875,NaN,NaN,NaN,NaN,NaN,NaN,NaN,,NaN,,4900.972885708,4901.142957208,4901.142957208,4901.142957208,4901.142957208,4901.142957208,4901.142957208,4901.142957208,4901.142957208,4901.142957208,4905.949448125,7,-7,10,3,3.58779020799921,6,4.46280866699999,4900.6869605,4900.689685875,4901.142957208,4900.972866166,NaN,NaN,NaN,NaN,,NaN,,4900.683524666,4900.686913625,None,NaN,NaN,,NaN,NaN,NaN,NaN,NaN,NaN,NaN,12,kitchen,2,2024-04-10_10h03.09.698,image_similarity_rating,2023.2.3,None,2024-04-10 10h03.23.237854 +0200
,126,127,505,505,stimuli/own/kitchen/126_kit.jpg,stimuli/own/kitchen/127_kit.jpg,NaN,NaN,NaN,NaN,NaN,NaN,NaN,NaN,0,575,575,504,4905.971485666,NaN,NaN,NaN,NaN,NaN,NaN,NaN,,NaN,,4906.255661458,4906.41992275,4906.41992275,4906.41992275,4906.41992275,4906.41992275,4906.41992275,4906.41992275,4906.41992275,4906.41992275,4916.790508208,-7,7,10,7,4.56669429200065,6,9.87164900000062,4905.953106583,4905.971485666,NaN,4906.255646166,NaN,NaN,NaN,NaN,,NaN,,4905.949661833,4905.95306075,None,NaN,NaN,,NaN,NaN,NaN,NaN,NaN,NaN,NaN,12,kitchen,2,2024-04-10_10h03.09.698,image_similarity_rating,2023.2.3,None,2024-04-10 10h03.23.237854 +0200
,103,112,73,73,stimuli/own/kitchen/103_kit.jpg,stimuli/own/kitchen/112_kit.jpg,NaN,NaN,NaN,NaN,NaN,NaN,NaN,NaN,0,576,576,72,4916.795952375,NaN,NaN,NaN,NaN,NaN,NaN,NaN,,NaN,,4917.0900515,4917.256752666,4917.256752666,4917.256752666,4917.256752666,4917.256752666,4917.256752666,4917.256752666,4917.256752666,4917.256752666,4921.432507625,-7,7,10,3,3.48915666600078,5,3.9707414580007,4916.794181916,4916.795952375,4917.256752666,4917.090036291,NaN,NaN,NaN,NaN,,NaN,,4916.790725958,4916.794135791,None,NaN,NaN,,NaN,NaN,NaN,NaN,NaN,NaN,NaN,12,kitchen,2,2024-04-10_10h03.09.698,image_similarity_rating,2023.2.3,None,2024-04-10 10h03.23.237854 +0200
,112,113,245,245,stimuli/own/kitchen/112_kit.jpg,stimuli/own/kitchen/113_kit.jpg,NaN,NaN,NaN,NaN,NaN,NaN,NaN,NaN,0,577,577,244,4921.455156416,NaN,NaN,NaN,NaN,NaN,NaN,NaN,,NaN,,4921.739042375,4921.904632458,4921.904632458,4921.904632458,4921.904632458,4921.904632458,4921.904632458,4921.904632458,4921.904632458,4921.904632458,4926.582674041,7,-7,10,7,2.21185866699943,6,4.42941749999954,4921.43627775,4921.455156416,NaN,4921.7390225,NaN,NaN,NaN,NaN,,NaN,,4921.432723541,4921.436231333,None,NaN,NaN,,NaN,NaN,NaN,NaN,NaN,NaN,NaN,12,kitchen,2,2024-04-10_10h03.09.698,image_similarity_rating,2023.2.3,None,2024-04-10 10h03.23.237854 +0200
,125,139,502,502,stimuli/own/kitchen/125_kit.jpg,stimuli/own/kitchen/139_kit.jpg,NaN,NaN,NaN,NaN,NaN,NaN,NaN,NaN,0,578,578,501,4926.605117791,NaN,NaN,NaN,NaN,NaN,NaN,NaN,,NaN,,4926.888885625,4927.055419875,4927.055419875,4927.055419875,4927.055419875,4927.055419875,4927.055419875,4927.055419875,4927.055419875,4927.055419875,4931.1658615,-7,7,10,2,2.38884045800023,2,3.84067379200042,4926.586335541,4926.605117791,NaN,4926.888866625,NaN,NaN,NaN,NaN,,NaN,,4926.58290225,4926.586288958,None,NaN,NaN,,NaN,NaN,NaN,NaN,NaN,NaN,NaN,12,kitchen,2,2024-04-10_10h03.09.698,image_similarity_rating,2023.2.3,None,2024-04-10 10h03.23.237854 +0200
,125,126,491,491,stimuli/own/kitchen/125_kit.jpg,stimuli/own/kitchen/126_kit.jpg,NaN,NaN,NaN,NaN,NaN,NaN,NaN,NaN,0,579,579,490,4931.171312416,NaN,NaN,NaN,NaN,NaN,NaN,NaN,,NaN,,4931.456182583,4931.62217325,4931.62217325,4931.62217325,4931.62217325,4931.62217325,4931.62217325,4931.62217325,4931.62217325,4931.62217325,4935.575744875,-7,7,10,7,2.26516362499933,6,3.17022174999966,4931.169525708,4931.171312416,4931.62217325,4931.456167666,NaN,NaN,NaN,NaN,,NaN,,4931.166076458,4931.169479833,None,NaN,NaN,,NaN,NaN,NaN,NaN,NaN,NaN,NaN,12,kitchen,2,2024-04-10_10h03.09.698,image_similarity_rating,2023.2.3,None,2024-04-10 10h03.23.237854 +0200
,105,118,139,139,stimuli/own/kitchen/105_kit.jpg,stimuli/own/kitchen/118_kit.jpg,NaN,NaN,NaN,NaN,NaN,NaN,NaN,NaN,0,580,580,138,4935.588060041,NaN,NaN,NaN,NaN,NaN,NaN,NaN,,NaN,,4935.873923166,4936.039883708,4936.039883708,4936.039883708,4936.039883708,4936.039883708,4936.039883708,4936.039883708,4936.039883708,4936.039883708,4942.586792291,7,-7,10,2,4.36613079199924,5,5.59758858299938,4935.579415875,4935.588060041,4936.039883708,4935.873903083,NaN,NaN,NaN,NaN,,NaN,,4935.575960958,4935.579369625,None,NaN,NaN,,NaN,NaN,NaN,NaN,NaN,NaN,NaN,12,kitchen,2,2024-04-10_10h03.09.698,image_similarity_rating,2023.2.3,None,2024-04-10 10h03.23.237854 +0200
,112,124,255,255,stimuli/own/kitchen/112_kit.jpg,stimuli/own/kitchen/124_kit.jpg,NaN,NaN,NaN,NaN,NaN,NaN,NaN,NaN,0,581,581,254,4942.592465666,NaN,NaN,NaN,NaN,NaN,NaN,NaN,,NaN,,4942.877062125,4943.045437125,4943.045437125,4943.045437125,4943.045437125,4943.045437125,4943.045437125,4943.045437125,4943.045437125,4943.045437125,4947.045453833,-7,7,10,7,2.14227845900041,4,3.65314450000005,4942.59063925,4942.592465666,4943.045437125,4942.877049208,NaN,NaN,NaN,NaN,,NaN,,4942.58703425,4942.590593125,None,NaN,NaN,,NaN,NaN,NaN,NaN,NaN,NaN,NaN,12,kitchen,2,2024-04-10_10h03.09.698,image_similarity_rating,2023.2.3,None,2024-04-10 10h03.23.237854 +0200
,109,137,213,213,stimuli/own/kitchen/109_kit.jpg,stimuli/own/kitchen/137_kit.jpg,NaN,NaN,NaN,NaN,NaN,NaN,NaN,NaN,0,582,582,212,4947.054786333,NaN,NaN,NaN,NaN,NaN,NaN,NaN,,NaN,,4947.33928725,4947.507614,4947.507614,4947.507614,4947.507614,4947.507614,4947.507614,4947.507614,4947.507614,4947.507614,4956.64044225,-7,7,10,1,6.29664841700014,1,8.68575933299962,4947.049110416,4947.054786333,4947.507614,4947.339271333,NaN,NaN,NaN,NaN,,NaN,,4947.045668041,4947.049063666,None,NaN,NaN,,NaN,NaN,NaN,NaN,NaN,NaN,NaN,12,kitchen,2,2024-04-10_10h03.09.698,image_similarity_rating,2023.2.3,None,2024-04-10 10h03.23.237854 +0200
,113,123,279,279,stimuli/own/kitchen/113_kit.jpg,stimuli/own/kitchen/123_kit.jpg,NaN,NaN,NaN,NaN,NaN,NaN,NaN,NaN,0,583,583,278,4956.645845833,NaN,NaN,NaN,NaN,NaN,NaN,NaN,,NaN,,4956.939225791,4957.105717458,4957.105717458,4957.105717458,4957.105717458,4957.105717458,4957.105717458,4957.105717458,4957.105717458,4957.105717458,4963.507122125,-7,7,10,7,5.18625383399922,3,5.80101187500077,4956.644104958,4956.645845833,4957.105717458,4956.939210416,NaN,NaN,NaN,NaN,,NaN,,4956.640657916,4956.644059166,None,NaN,NaN,,NaN,NaN,NaN,NaN,NaN,NaN,NaN,12,kitchen,2,2024-04-10_10h03.09.698,image_similarity_rating,2023.2.3,None,2024-04-10 10h03.23.237854 +0200
,103,132,91,91,stimuli/own/kitchen/103_kit.jpg,stimuli/own/kitchen/132_kit.jpg,NaN,NaN,NaN,NaN,NaN,NaN,NaN,NaN,0,584,584,90,4963.512732958,NaN,NaN,NaN,NaN,NaN,NaN,NaN,,NaN,,4963.806091416,4963.971745041,4963.971745041,4963.971745041,4963.971745041,4963.971745041,4963.971745041,4963.971745041,4963.971745041,4963.971745041,4967.319860541,7,-7,10,2,2.6231132920002,3,3.17495758299992,4963.510799791,4963.512732958,4963.971745041,4963.806076666,NaN,NaN,NaN,NaN,,NaN,,4963.507336916,4963.510753791,None,NaN,NaN,,NaN,NaN,NaN,NaN,NaN,NaN,NaN,12,kitchen,2,2024-04-10_10h03.09.698,image_similarity_rating,2023.2.3,None,2024-04-10 10h03.23.237854 +0200
,117,129,353,353,stimuli/own/kitchen/117_kit.jpg,stimuli/own/kitchen/129_kit.jpg,NaN,NaN,NaN,NaN,NaN,NaN,NaN,NaN,0,585,585,352,4967.325992083,NaN,NaN,NaN,NaN,NaN,NaN,NaN,,NaN,,4967.610082708,4967.775451416,4967.775451416,4967.775451416,4967.775451416,4967.775451416,4967.775451416,4967.775451416,4967.775451416,4967.775451416,4973.248940791,7,-7,10,1,2.78259854200041,1,5.27457604099982,4967.323729416,4967.325992083,4967.775451416,4967.610071416,NaN,NaN,NaN,NaN,,NaN,,4967.320079458,4967.323679416,None,NaN,NaN,,NaN,NaN,NaN,NaN,NaN,NaN,NaN,12,kitchen,2,2024-04-10_10h03.09.698,image_similarity_rating,2023.2.3,None,2024-04-10 10h03.23.237854 +0200
,112,122,253,253,stimuli/own/kitchen/112_kit.jpg,stimuli/own/kitchen/122_kit.jpg,NaN,NaN,NaN,NaN,NaN,NaN,NaN,NaN,0,586,586,252,4973.254568416,NaN,NaN,NaN,NaN,NaN,NaN,NaN,,NaN,,4973.539854625,4973.70583675,4973.70583675,4973.70583675,4973.70583675,4973.70583675,4973.70583675,4973.70583675,4973.70583675,4973.70583675,4983.590310333,-7,7,10,7,1.73593604100006,4,7.911752041,4973.252609,4973.254568416,4973.70583675,4973.539841041,NaN,NaN,NaN,NaN,,NaN,,4973.249154125,4973.252562875,None,NaN,NaN,,NaN,NaN,NaN,NaN,NaN,NaN,NaN,12,kitchen,2,2024-04-10_10h03.09.698,image_similarity_rating,2023.2.3,None,2024-04-10 10h03.23.237854 +0200
,116,124,327,327,stimuli/own/kitchen/116_kit.jpg,stimuli/own/kitchen/124_kit.jpg,NaN,NaN,NaN,NaN,NaN,NaN,NaN,NaN,0,587,587,326,4983.595714916,NaN,NaN,NaN,NaN,NaN,NaN,NaN,,NaN,,4983.889262625,4984.055726333,4984.055726333,4984.055726333,4984.055726333,4984.055726333,4984.055726333,4984.055726333,4984.055726333,4984.055726333,4987.973652375,-7,7,10,3,3.12832925000021,3,3.7047118749997,4983.593979041,4983.595714916,4984.055726333,4983.889240125,NaN,NaN,NaN,NaN,,NaN,,4983.590528458,4983.593932666,None,NaN,NaN,,NaN,NaN,NaN,NaN,NaN,NaN,NaN,12,kitchen,2,2024-04-10_10h03.09.698,image_similarity_rating,2023.2.3,None,2024-04-10 10h03.23.237854 +0200
,105,131,151,151,stimuli/own/kitchen/105_kit.jpg,stimuli/own/kitchen/131_kit.jpg,NaN,NaN,NaN,NaN,NaN,NaN,NaN,NaN,0,588,588,150,4987.979381875,NaN,NaN,NaN,NaN,NaN,NaN,NaN,,NaN,,4988.27309625,4988.438778,4988.438778,4988.438778,4988.438778,4988.438778,4988.438778,4988.438778,4988.438778,4988.438778,4993.836835125,-7,7,10,2,3.26430758300012,1,3.84282779200021,4987.97731,4987.979381875,4988.438778,4988.273081625,NaN,NaN,NaN,NaN,,NaN,,4987.973867208,4987.977264333,None,NaN,NaN,,NaN,NaN,NaN,NaN,NaN,NaN,NaN,12,kitchen,2,2024-04-10_10h03.09.698,image_similarity_rating,2023.2.3,None,2024-04-10 10h03.23.237854 +0200
,135,139,578,578,stimuli/own/kitchen/135_kit.jpg,stimuli/own/kitchen/139_kit.jpg,NaN,NaN,NaN,NaN,NaN,NaN,NaN,NaN,0,589,589,577,4993.842496541,NaN,NaN,NaN,NaN,NaN,NaN,NaN,,NaN,,4994.126690208,4994.294858208,4994.294858208,4994.294858208,4994.294858208,4994.294858208,4994.294858208,4994.294858208,4994.294858208,4994.294858208,5004.565599291,7,-7,10,5,8.77866662500037,1,9.6890547919993,4993.840568125,4993.842496541,4994.294858208,4994.126676,NaN,NaN,NaN,NaN,,NaN,,4993.837072541,4993.840521666,None,NaN,NaN,,NaN,NaN,NaN,NaN,NaN,NaN,NaN,12,kitchen,2,2024-04-10_10h03.09.698,image_similarity_rating,2023.2.3,None,2024-04-10 10h03.23.237854 +0200
,102,113,42,42,stimuli/own/kitchen/102_kit.jpg,stimuli/own/kitchen/113_kit.jpg,NaN,NaN,NaN,NaN,NaN,NaN,NaN,NaN,0,590,590,41,5004.571083291,NaN,NaN,NaN,NaN,NaN,NaN,NaN,,NaN,,5004.855827166,5005.027717666,5005.027717666,5005.027717666,5005.027717666,5005.027717666,5005.027717666,5005.027717666,5005.027717666,5005.027717666,5007.444085125,7,-7,10,7,1.65413375000026,3,2.29287487499914,5004.569279041,5004.571083291,5005.027717666,5004.85581075,NaN,NaN,NaN,NaN,,NaN,,5004.56581725,5004.569232583,None,NaN,NaN,,NaN,NaN,NaN,NaN,NaN,NaN,NaN,12,kitchen,2,2024-04-10_10h03.09.698,image_similarity_rating,2023.2.3,None,2024-04-10 10h03.23.237854 +0200
,116,135,336,336,stimuli/own/kitchen/116_kit.jpg,stimuli/own/kitchen/135_kit.jpg,NaN,NaN,NaN,NaN,NaN,NaN,NaN,NaN,0,591,591,335,5007.454436583,NaN,NaN,NaN,NaN,NaN,NaN,NaN,,NaN,,5007.739089,5007.904739666,5007.904739666,5007.904739666,5007.904739666,5007.904739666,5007.904739666,5007.904739666,5007.904739666,5007.904739666,5014.432487875,7,-7,10,6,5.17803462500069,3,6.2655374169999,5007.447778,5007.454436583,5007.904739666,5007.739070708,NaN,NaN,NaN,NaN,,NaN,,5007.444316208,5007.447729625,None,NaN,NaN,,NaN,NaN,NaN,NaN,NaN,NaN,NaN,12,kitchen,2,2024-04-10_10h03.09.698,image_similarity_rating,2023.2.3,None,2024-04-10 10h03.23.237854 +0200
,125,134,497,497,stimuli/own/kitchen/125_kit.jpg,stimuli/own/kitchen/134_kit.jpg,NaN,NaN,NaN,NaN,NaN,NaN,NaN,NaN,0,592,592,496,5014.4546805,NaN,NaN,NaN,NaN,NaN,NaN,NaN,,NaN,,5014.738522583,5014.907553333,5014.907553333,5014.907553333,5014.907553333,5014.907553333,5014.907553333,5014.907553333,5014.907553333,5014.907553333,5025.756990208,7,-7,10,3,6.74886412500018,4,10.5493817500001,5014.436147416,5014.4546805,NaN,5014.738483875,NaN,NaN,NaN,NaN,,NaN,,5014.432701583,5014.436101541,None,NaN,NaN,,NaN,NaN,NaN,NaN,NaN,NaN,NaN,12,kitchen,2,2024-04-10_10h03.09.698,image_similarity_rating,2023.2.3,None,2024-04-10 10h03.23.237854 +0200
,120,122,407,407,stimuli/own/kitchen/120_kit.jpg,stimuli/own/kitchen/122_kit.jpg,NaN,NaN,NaN,NaN,NaN,NaN,NaN,NaN,0,593,593,406,5025.762464791,NaN,NaN,NaN,NaN,NaN,NaN,NaN,,NaN,,5026.0557175,5026.22085625,5026.22085625,5026.22085625,5026.22085625,5026.22085625,5026.22085625,5026.22085625,5026.22085625,5026.22085625,5029.240194791,-7,7,10,7,1.63700150000022,5,2.76126595799997,5025.76069775,5025.762464791,5026.22085625,5026.055700458,NaN,NaN,NaN,NaN,,NaN,,5025.757214125,5025.760650791,None,NaN,NaN,,NaN,NaN,NaN,NaN,NaN,NaN,NaN,12,kitchen,2,2024-04-10_10h03.09.698,image_similarity_rating,2023.2.3,None,2024-04-10 10h03.23.237854 +0200
,105,138,157,157,stimuli/own/kitchen/105_kit.jpg,stimuli/own/kitchen/138_kit.jpg,NaN,NaN,NaN,NaN,NaN,NaN,NaN,NaN,0,594,594,156,5029.245594416,NaN,NaN,NaN,NaN,NaN,NaN,NaN,,NaN,,5029.539021791,5029.70897925,5029.70897925,5029.70897925,5029.70897925,5029.70897925,5029.70897925,5029.70897925,5029.70897925,5029.70897925,5035.5868125,-7,7,10,3,4.4124126250008,5,5.11284779199923,5029.243851833,5029.245594416,5029.70897925,5029.539004416,NaN,NaN,NaN,NaN,,NaN,,5029.240409125,5029.243805375,None,NaN,NaN,,NaN,NaN,NaN,NaN,NaN,NaN,NaN,12,kitchen,2,2024-04-10_10h03.09.698,image_similarity_rating,2023.2.3,None,2024-04-10 10h03.23.237854 +0200
,103,109,71,71,stimuli/own/kitchen/103_kit.jpg,stimuli/own/kitchen/109_kit.jpg,NaN,NaN,NaN,NaN,NaN,NaN,NaN,NaN,0,595,595,70,5035.592627333,NaN,NaN,NaN,NaN,NaN,NaN,NaN,,NaN,,5035.876167583,5036.040730625,5036.040730625,5036.040730625,5036.040730625,5036.040730625,5036.040730625,5036.040730625,5036.040730625,5036.040730625,5040.427446416,-7,7,10,3,2.76394095900014,2,3.39542941699983,5035.59051875,5035.592627333,5036.040730625,5035.876157708,NaN,NaN,NaN,NaN,,NaN,,5035.587026458,5035.590458625,None,NaN,NaN,,NaN,NaN,NaN,NaN,NaN,NaN,NaN,12,kitchen,2,2024-04-10_10h03.09.698,image_similarity_rating,2023.2.3,None,2024-04-10 10h03.23.237854 +0200
,111,114,220,220,stimuli/own/kitchen/111_kit.jpg,stimuli/own/kitchen/114_kit.jpg,NaN,NaN,NaN,NaN,NaN,NaN,NaN,NaN,0,596,596,219,5040.437702125,NaN,NaN,NaN,NaN,NaN,NaN,NaN,,NaN,,5040.722399791,5040.893903125,5040.893903125,5040.893903125,5040.893903125,5040.893903125,5040.893903125,5040.893903125,5040.893903125,5040.893903125,5045.337014916,7,-7,10,7,2.11664604099951,4,4.1424488749999,5040.43123975,5040.437702125,5040.893903125,5040.722378958,NaN,NaN,NaN,NaN,,NaN,,5040.427666416,5040.431193583,None,NaN,NaN,,NaN,NaN,NaN,NaN,NaN,NaN,NaN,12,kitchen,2,2024-04-10_10h03.09.698,image_similarity_rating,2023.2.3,None,2024-04-10 10h03.23.237854 +0200
,140,141,595,595,stimuli/own/kitchen/140_kit.jpg,stimuli/own/kitchen/141_kit.jpg,NaN,NaN,NaN,NaN,NaN,NaN,NaN,NaN,0,597,597,594,5045.342481375,NaN,NaN,NaN,NaN,NaN,NaN,NaN,,NaN,,5045.626656291,5045.795255666,5045.795255666,5045.795255666,5045.795255666,5045.795255666,5045.795255666,5045.795255666,5045.795255666,5045.795255666,5051.174600833,7,-7,10,2,3.68124054199961,2,5.2355464580005,5045.340715291,5045.342481375,5045.795255666,5045.6266395,NaN,NaN,NaN,NaN,,NaN,,5045.337228708,5045.340668583,None,NaN,NaN,,NaN,NaN,NaN,NaN,NaN,NaN,NaN,12,kitchen,2,2024-04-10_10h03.09.698,image_similarity_rating,2023.2.3,None,2024-04-10 10h03.23.237854 +0200
,104,106,101,101,stimuli/own/kitchen/104_kit.jpg,stimuli/own/kitchen/106_kit.jpg,NaN,NaN,NaN,NaN,NaN,NaN,NaN,NaN,0,598,598,100,5051.187647708,NaN,NaN,NaN,NaN,NaN,NaN,NaN,,NaN,,5051.472115,5051.63587575,5051.63587575,5051.63587575,5051.63587575,5051.63587575,5051.63587575,5051.63587575,5051.63587575,5051.63587575,5056.569588875,-7,7,10,2,4.26573154200014,1,4.77834654199978,5051.1785075,5051.187647708,5051.63587575,5051.472102125,NaN,NaN,NaN,NaN,,NaN,,5051.174817125,5051.178459,None,NaN,NaN,,NaN,NaN,NaN,NaN,NaN,NaN,NaN,12,kitchen,2,2024-04-10_10h03.09.698,image_similarity_rating,2023.2.3,None,2024-04-10 10h03.23.237854 +0200
,103,129,88,88,stimuli/own/kitchen/103_kit.jpg,stimuli/own/kitchen/129_kit.jpg,NaN,NaN,NaN,NaN,NaN,NaN,NaN,NaN,0,599,599,87,5056.575246791,NaN,NaN,NaN,NaN,NaN,NaN,NaN,,NaN,,5056.859605833,5057.026253,5057.026253,5057.026253,5057.026253,5057.026253,5057.026253,5057.026253,5057.026253,5057.026253,5059.019631625,7,-7,10,1,1.48453116699966,1,1.84507350000058,5056.573309125,5056.575246791,5057.026253,5056.859593791,NaN,NaN,NaN,NaN,,NaN,,5056.56980125,5056.573262458,None,NaN,NaN,,NaN,NaN,NaN,NaN,NaN,NaN,NaN,12,kitchen,2,2024-04-10_10h03.09.698,image_similarity_rating,2023.2.3,None,2024-04-10 10h03.23.237854 +0200
,119,141,405,405,stimuli/own/kitchen/119_kit.jpg,stimuli/own/kitchen/141_kit.jpg,NaN,NaN,NaN,NaN,NaN,NaN,NaN,NaN,0,600,600,404,5059.025302333,NaN,NaN,NaN,NaN,NaN,NaN,NaN,,NaN,,5059.309705666,5059.476190166,5059.476190166,5059.476190166,5059.476190166,5059.476190166,5059.476190166,5059.476190166,5059.476190166,5059.476190166,5063.819552625,7,-7,10,3,2.78866954200021,2,3.84311304100083,5059.023375625,5059.025302333,5059.476190166,5059.309693333,NaN,NaN,NaN,NaN,,NaN,,5059.019855833,5059.02333025,None,NaN,NaN,,NaN,NaN,NaN,NaN,NaN,NaN,NaN,12,kitchen,2,2024-04-10_10h03.09.698,image_similarity_rating,2023.2.3,None,2024-04-10 10h03.23.237854 +0200
,111,130,234,234,stimuli/own/kitchen/111_kit.jpg,stimuli/own/kitchen/130_kit.jpg,NaN,NaN,NaN,NaN,NaN,NaN,NaN,NaN,0,601,601,233,5063.825191791,NaN,NaN,NaN,NaN,NaN,NaN,NaN,,NaN,,5064.109537375,5064.273889458,5064.273889458,5064.273889458,5064.273889458,5064.273889458,5064.273889458,5064.273889458,5064.273889458,5064.273889458,5069.399882,7,-7,10,7,4.69984541600024,6,4.9498242919999,5063.82326025,5063.825191791,5064.273889458,5064.109521708,NaN,NaN,NaN,NaN,,NaN,,5063.8197685,5063.823213541,None,NaN,NaN,,NaN,NaN,NaN,NaN,NaN,NaN,NaN,12,kitchen,2,2024-04-10_10h03.09.698,image_similarity_rating,2023.2.3,None,2024-04-10 10h03.23.237854 +0200
,102,118,46,46,stimuli/own/kitchen/102_kit.jpg,stimuli/own/kitchen/118_kit.jpg,NaN,NaN,NaN,NaN,NaN,NaN,NaN,NaN,0,602,602,45,5069.406052208,NaN,NaN,NaN,NaN,NaN,NaN,NaN,,NaN,,5069.692514458,5069.855605,5069.855605,5069.855605,5069.855605,5069.855605,5069.855605,5069.855605,5069.855605,5069.855605,5075.65326675,7,-7,10,7,3.29006983300042,4,5.67435866699998,5069.403703875,5069.406052208,5069.855605,5069.6925045,NaN,NaN,NaN,NaN,,NaN,,5069.400095166,5069.403658083,None,NaN,NaN,,NaN,NaN,NaN,NaN,NaN,NaN,NaN,12,kitchen,2,2024-04-10_10h03.09.698,image_similarity_rating,2023.2.3,None,2024-04-10 10h03.23.237854 +0200
,101,102,1,1,stimuli/own/kitchen/101_kit.jpg,stimuli/own/kitchen/102_kit.jpg,NaN,NaN,NaN,NaN,NaN,NaN,NaN,NaN,0,603,603,0,5075.658789708,NaN,NaN,NaN,NaN,NaN,NaN,NaN,,NaN,,5075.943179541,5076.113530833,5076.113530833,5076.113530833,5076.113530833,5076.113530833,5076.113530833,5076.113530833,5076.113530833,5076.113530833,5082.890173041,7,-7,10,6,2.56060512499971,4,6.61605625000084,5075.656965208,5075.658789708,5076.113530833,5075.943164916,NaN,NaN,NaN,NaN,,NaN,,5075.653503333,5075.656918458,None,NaN,NaN,,NaN,NaN,NaN,NaN,NaN,NaN,NaN,12,kitchen,2,2024-04-10_10h03.09.698,image_similarity_rating,2023.2.3,None,2024-04-10 10h03.23.237854 +0200
,106,136,184,184,stimuli/own/kitchen/106_kit.jpg,stimuli/own/kitchen/136_kit.jpg,NaN,NaN,NaN,NaN,NaN,NaN,NaN,NaN,0,604,604,183,5082.895757125,NaN,NaN,NaN,NaN,NaN,NaN,NaN,,NaN,,5083.1888185,5083.355123125,5083.355123125,5083.355123125,5083.355123125,5083.355123125,5083.355123125,5083.355123125,5083.355123125,5083.355123125,5090.76083025,7,-7,10,5,5.75976000000082,2,6.63324541700058,5082.893826958,5082.895757125,5083.355123125,5083.188798833,NaN,NaN,NaN,NaN,,NaN,,5082.890387625,5082.893779416,None,NaN,NaN,,NaN,NaN,NaN,NaN,NaN,NaN,NaN,12,kitchen,2,2024-04-10_10h03.09.698,image_similarity_rating,2023.2.3,None,2024-04-10 10h03.23.237854 +0200
,114,125,305,305,stimuli/own/kitchen/114_kit.jpg,stimuli/own/kitchen/125_kit.jpg,NaN,NaN,NaN,NaN,NaN,NaN,NaN,NaN,0,605,605,304,5090.771037833,NaN,NaN,NaN,NaN,NaN,NaN,NaN,,NaN,,5091.055409,5091.222067208,5091.222067208,5091.222067208,5091.222067208,5091.222067208,5091.222067208,5091.222067208,5091.222067208,5091.222067208,5094.119932916,-7,7,10,7,2.00001629200051,6,2.6795712080002,5090.764496416,5090.771037833,5091.222067208,5091.055394291,NaN,NaN,NaN,NaN,,NaN,,5090.761046541,5090.764450166,None,NaN,NaN,,NaN,NaN,NaN,NaN,NaN,NaN,NaN,12,kitchen,2,2024-04-10_10h03.09.698,image_similarity_rating,2023.2.3,None,2024-04-10 10h03.23.237854 +0200
,117,126,351,351,stimuli/own/kitchen/117_kit.jpg,stimuli/own/kitchen/126_kit.jpg,NaN,NaN,NaN,NaN,NaN,NaN,NaN,NaN,0,606,606,350,5094.125664666,NaN,NaN,NaN,NaN,NaN,NaN,NaN,,NaN,,5094.409479,5094.576614958,5094.576614958,5094.576614958,5094.576614958,5094.576614958,5094.576614958,5094.576614958,5094.576614958,5094.576614958,5099.557378958,-7,7,10,6,3.12899204199948,6,4.73070541600009,5094.123729125,5094.125664666,5094.576614958,5094.409466125,NaN,NaN,NaN,NaN,,NaN,,5094.120164,5094.123682791,None,NaN,NaN,,NaN,NaN,NaN,NaN,NaN,NaN,NaN,12,kitchen,2,2024-04-10_10h03.09.698,image_similarity_rating,2023.2.3,None,2024-04-10 10h03.23.237854 +0200
,123,139,473,473,stimuli/own/kitchen/123_kit.jpg,stimuli/own/kitchen/139_kit.jpg,NaN,NaN,NaN,NaN,NaN,NaN,NaN,NaN,0,607,607,472,5099.562912291,NaN,NaN,NaN,NaN,NaN,NaN,NaN,,NaN,,5099.855434541,5100.02322725,5100.02322725,5100.02322725,5100.02322725,5100.02322725,5100.02322725,5100.02322725,5100.02322725,5100.02322725,5104.95299225,7,-7,10,3,3.58692104099919,2,4.64354820900007,5099.56112775,5099.562912291,5100.02322725,5099.855408791,NaN,NaN,NaN,NaN,,NaN,,5099.55759725,5099.5610815,None,NaN,NaN,,NaN,NaN,NaN,NaN,NaN,NaN,NaN,12,kitchen,2,2024-04-10_10h03.09.698,image_similarity_rating,2023.2.3,None,2024-04-10 10h03.23.237854 +0200
,106,117,167,167,stimuli/own/kitchen/106_kit.jpg,stimuli/own/kitchen/117_kit.jpg,NaN,NaN,NaN,NaN,NaN,NaN,NaN,NaN,0,608,608,166,5104.95859775,NaN,NaN,NaN,NaN,NaN,NaN,NaN,,NaN,,5105.242934916,5105.410494125,5105.410494125,5105.410494125,5105.410494125,5105.410494125,5105.410494125,5105.410494125,5105.410494125,5105.410494125,5110.71549225,7,-7,10,3,4.33714579200023,1,5.09237608400053,5104.95669925,5104.95859775,5105.410494125,5105.242921833,NaN,NaN,NaN,NaN,,NaN,,5104.953232416,5104.956652583,None,NaN,NaN,,NaN,NaN,NaN,NaN,NaN,NaN,NaN,12,kitchen,2,2024-04-10_10h03.09.698,image_similarity_rating,2023.2.3,None,2024-04-10 10h03.23.237854 +0200
,112,117,248,248,stimuli/own/kitchen/112_kit.jpg,stimuli/own/kitchen/117_kit.jpg,NaN,NaN,NaN,NaN,NaN,NaN,NaN,NaN,0,609,609,247,5110.73745525,NaN,NaN,NaN,NaN,NaN,NaN,NaN,,NaN,,5111.021605541,5111.191999541,5111.191999541,5111.191999541,5111.191999541,5111.191999541,5111.191999541,5111.191999541,5111.191999541,5111.191999541,5118.210919166,-7,7,10,3,3.84058645799996,3,6.84390945799987,5110.719335291,5110.73745525,NaN,5111.021584625,NaN,NaN,NaN,NaN,,NaN,,5110.715707666,5110.719288458,None,NaN,NaN,,NaN,NaN,NaN,NaN,NaN,NaN,NaN,12,kitchen,2,2024-04-10_10h03.09.698,image_similarity_rating,2023.2.3,None,2024-04-10 10h03.23.237854 +0200
,129,136,535,535,stimuli/own/kitchen/129_kit.jpg,stimuli/own/kitchen/136_kit.jpg,NaN,NaN,NaN,NaN,NaN,NaN,NaN,NaN,0,610,610,534,5118.220951375,NaN,NaN,NaN,NaN,NaN,NaN,NaN,,NaN,,5118.505683083,5118.671480375,5118.671480375,5118.671480375,5118.671480375,5118.671480375,5118.671480375,5118.671480375,5118.671480375,5118.671480375,5126.002764291,-7,7,10,1,3.43595591600024,2,6.76182758300001,5118.214584541,5118.220951375,5118.671480375,5118.505669833,NaN,NaN,NaN,NaN,,NaN,,5118.211135833,5118.214538666,None,NaN,NaN,,NaN,NaN,NaN,NaN,NaN,NaN,NaN,12,kitchen,2,2024-04-10_10h03.09.698,image_similarity_rating,2023.2.3,None,2024-04-10 10h03.23.237854 +0200
,134,140,573,573,stimuli/own/kitchen/134_kit.jpg,stimuli/own/kitchen/140_kit.jpg,NaN,NaN,NaN,NaN,NaN,NaN,NaN,NaN,0,611,611,572,5126.008412166,NaN,NaN,NaN,NaN,NaN,NaN,NaN,,NaN,,5126.292717833,5126.459058416,5126.459058416,5126.459058416,5126.459058416,5126.459058416,5126.459058416,5126.459058416,5126.459058416,5126.459058416,5135.798810875,-7,7,10,2,6.95245095800055,2,9.14174412500051,5126.006479166,5126.008412166,5126.459058416,5126.292705958,NaN,NaN,NaN,NaN,,NaN,,5126.0029875,5126.006432916,None,NaN,NaN,,NaN,NaN,NaN,NaN,NaN,NaN,NaN,12,kitchen,2,2024-04-10_10h03.09.698,image_similarity_rating,2023.2.3,None,2024-04-10 10h03.23.237854 +0200
,103,118,78,78,stimuli/own/kitchen/103_kit.jpg,stimuli/own/kitchen/118_kit.jpg,NaN,NaN,NaN,NaN,NaN,NaN,NaN,NaN,0,612,612,77,5135.80530775,NaN,NaN,NaN,NaN,NaN,NaN,NaN,,NaN,,5136.088722666,5136.253815916,5136.253815916,5136.253815916,5136.253815916,5136.253815916,5136.253815916,5136.253815916,5136.253815916,5136.253815916,5142.094327833,-7,7,10,2,5.20818095800041,2,5.58031266699982,5135.802625708,5135.80530775,5136.253815916,5136.088710125,NaN,NaN,NaN,NaN,,NaN,,5135.799027083,5135.802578791,None,NaN,NaN,,NaN,NaN,NaN,NaN,NaN,NaN,NaN,12,kitchen,2,2024-04-10_10h03.09.698,image_similarity_rating,2023.2.3,None,2024-04-10 10h03.23.237854 +0200
,104,120,111,111,stimuli/own/kitchen/104_kit.jpg,stimuli/own/kitchen/120_kit.jpg,NaN,NaN,NaN,NaN,NaN,NaN,NaN,NaN,0,613,613,110,5142.104294333,NaN,NaN,NaN,NaN,NaN,NaN,NaN,,NaN,,5142.388708791,5142.554885666,5142.554885666,5142.554885666,5142.554885666,5142.554885666,5142.554885666,5142.554885666,5142.554885666,5142.554885666,5149.381797333,-7,7,10,7,2.44456929199987,3,4.04734012500012,5142.098167875,5142.104294333,5142.554885666,5142.388689375,NaN,NaN,NaN,NaN,,NaN,,5142.094558375,5142.098121625,None,NaN,NaN,,NaN,NaN,NaN,NaN,NaN,NaN,NaN,12,kitchen,2,2024-04-10_10h03.09.698,image_similarity_rating,2023.2.3,None,2024-04-10 10h03.23.237854 +0200
,130,138,547,547,stimuli/own/kitchen/130_kit.jpg,stimuli/own/kitchen/138_kit.jpg,NaN,NaN,NaN,NaN,NaN,NaN,NaN,NaN,0,614,614,546,5149.387331708,NaN,NaN,NaN,NaN,NaN,NaN,NaN,,NaN,,5149.672267708,5149.844962958,5149.844962958,5149.844962958,5149.844962958,5149.844962958,5149.844962958,5149.844962958,5149.844962958,5149.844962958,5154.890102791,-7,7,10,7,2.23310504199981,4,4.87850270800027,5149.385501041,5149.387331708,5149.844962958,5149.672247333,NaN,NaN,NaN,NaN,,NaN,,5149.382029666,5149.385455166,None,NaN,NaN,,NaN,NaN,NaN,NaN,NaN,NaN,NaN,12,kitchen,2,2024-04-10_10h03.09.698,image_similarity_rating,2023.2.3,None,2024-04-10 10h03.23.237854 +0200
,NaN,NaN,NaN,NaN,,,NaN,NaN,NaN,NaN,NaN,NaN,NaN,NaN,NaN,NaN,NaN,NaN,NaN,NaN,NaN,NaN,NaN,NaN,NaN,NaN,,NaN,,NaN,NaN,NaN,NaN,NaN,NaN,NaN,NaN,NaN,NaN,NaN,NaN,NaN,NaN,NaN,NaN,NaN,NaN,NaN,NaN,NaN,NaN,NaN,NaN,NaN,NaN,,NaN,,NaN,NaN,,NaN,NaN,,5154.89026575,5154.8977775,5154.8977775,5165.340602833,NaN,10.4425278750005,NaN,12,kitchen,2,2024-04-10_10h03.09.698,image_similarity_rating,2023.2.3,None,2024-04-10 10h03.23.237854 +0200
