slide,sub1,sub2,pairID,trialID,stim1,stim2,instructionsLoop_thisRepN,instructionsLoop_thisTrialN,instructionsLoop_thisN,instructionsLoop_thisIndex,practice_thisRepN,practice_thisTrialN,practice_thisN,practice_thisIndex,trials_thisRepN,trials_thisTrialN,trials_thisN,trials_thisIndex,thisRow_t,notes,preparation_started,preparation_stopped,instructions_started,startResponse_started,slide_img_started,instructions_stopped,startResponse_keys,startResponse_rt,startResponse_duration,trial_started,polygon_started,polygon_2_started,image1_started,image2_started,rating_1_started,question_started,rating_2_started,question_2_started,block_text_started,trial_stopped,stim1pos,stim2pos,block,rating_1_response,rating_1_rt,rating_2_response,rating_2_rt,ITI_started,text_started,text_stopped,ITI_stopped,practice_over_started,text_2_started,space_practice_over_started,practice_over_stopped,space_practice_over_keys,space_practice_over_rt,space_practice_over_duration,breakBlocks_started,breakBlocks_stopped,startBlock_keys,startBlock_started,startBlock_rt,startBlock_duration,end_started,message_end_started,key_resp_started,end_stopped,key_resp_keys,key_resp_rt,key_resp_duration,participant,session,session_number,date,expName,psychopyVersion,frameRate,expStart
instructions/Slide2.jpg,NaN,NaN,NaN,NaN,,,0,0,0,0,NaN,NaN,NaN,NaN,NaN,NaN,NaN,NaN,0.0262680409999803,NaN,0.00230441599995856,0.00240562499999442,0.00965433299995766,0.0262680409999803,0.0262680409999803,20.588603291,space,20.562113458,None,NaN,NaN,NaN,NaN,NaN,NaN,NaN,NaN,NaN,NaN,NaN,NaN,NaN,NaN,NaN,NaN,NaN,NaN,NaN,NaN,NaN,NaN,NaN,NaN,NaN,NaN,,NaN,,NaN,NaN,,NaN,NaN,,NaN,NaN,NaN,NaN,NaN,NaN,NaN,11,kitchen,1,2024-04-06_10h17.33.664,image_similarity_rating,2023.2.3,None,2024-04-06 10h17.46.441618 +0200
instructions/Slide3.jpg,NaN,NaN,NaN,NaN,,,0,1,1,1,NaN,NaN,NaN,NaN,NaN,NaN,NaN,NaN,20.613409416,NaN,NaN,NaN,20.58939,20.613409416,20.613409416,28.197929541,space,7.58424337500003,None,NaN,NaN,NaN,NaN,NaN,NaN,NaN,NaN,NaN,NaN,NaN,NaN,NaN,NaN,NaN,NaN,NaN,NaN,NaN,NaN,NaN,NaN,NaN,NaN,NaN,NaN,,NaN,,NaN,NaN,,NaN,NaN,,NaN,NaN,NaN,NaN,NaN,NaN,NaN,11,kitchen,1,2024-04-06_10h17.33.664,image_similarity_rating,2023.2.3,None,2024-04-06 10h17.46.441618 +0200
instructions/Slide4.jpg,NaN,NaN,NaN,NaN,,,0,2,2,2,NaN,NaN,NaN,NaN,NaN,NaN,NaN,NaN,28.225970708,NaN,NaN,NaN,28.19867825,28.225970708,28.225970708,35.87211175,space,7.64580983299999,None,NaN,NaN,NaN,NaN,NaN,NaN,NaN,NaN,NaN,NaN,NaN,NaN,NaN,NaN,NaN,NaN,NaN,NaN,NaN,NaN,NaN,NaN,NaN,NaN,NaN,NaN,,NaN,,NaN,NaN,,NaN,NaN,,NaN,NaN,NaN,NaN,NaN,NaN,NaN,11,kitchen,1,2024-04-06_10h17.33.664,image_similarity_rating,2023.2.3,None,2024-04-06 10h17.46.441618 +0200
instructions/Slide5.jpg,NaN,NaN,NaN,NaN,,,0,3,3,3,NaN,NaN,NaN,NaN,NaN,NaN,NaN,NaN,35.899211458,NaN,NaN,NaN,35.872929791,35.899211458,35.899211458,108.895702916,space,72.996098792,None,NaN,NaN,NaN,NaN,NaN,NaN,NaN,NaN,NaN,NaN,NaN,NaN,NaN,NaN,NaN,NaN,NaN,NaN,NaN,NaN,NaN,NaN,NaN,NaN,NaN,NaN,,NaN,,NaN,NaN,,NaN,NaN,,NaN,NaN,NaN,NaN,NaN,NaN,NaN,11,kitchen,1,2024-04-06_10h17.33.664,image_similarity_rating,2023.2.3,None,2024-04-06 10h17.46.441618 +0200
,110,107,NaN,4,stimuli/own/kitchen/110_kit.jpg,stimuli/own/kitchen/107_kit.jpg,NaN,NaN,NaN,NaN,0,0,0,3,NaN,NaN,NaN,NaN,109.102540583,NaN,NaN,NaN,NaN,NaN,NaN,NaN,,NaN,,108.923103916,109.102540583,109.102540583,109.102540583,109.102540583,109.102540583,109.102540583,109.102540583,109.102540583,109.102540583,192.297239166,-7,7,0,1,72.470006541,3,81.877706625,192.297465333,192.303015916,192.757219916,192.587557833,NaN,NaN,NaN,NaN,,NaN,,NaN,NaN,,NaN,NaN,,NaN,NaN,NaN,NaN,NaN,NaN,NaN,11,kitchen,1,2024-04-06_10h17.33.664,image_similarity_rating,2023.2.3,None,2024-04-06 10h17.46.441618 +0200
,108,110,NaN,8,stimuli/own/kitchen/108_kit.jpg,stimuli/own/kitchen/110_kit.jpg,NaN,NaN,NaN,NaN,0,1,1,7,NaN,NaN,NaN,NaN,192.757219916,NaN,NaN,NaN,NaN,NaN,NaN,NaN,,NaN,,192.58806325,192.757219916,192.757219916,192.757219916,192.757219916,192.757219916,192.757219916,192.757219916,192.757219916,192.757219916,214.935549625,7,-7,0,3,14.176790667,2,21.382896417,214.935690708,214.938097916,215.394158,215.226098875,NaN,NaN,NaN,NaN,,NaN,,NaN,NaN,,NaN,NaN,,NaN,NaN,NaN,NaN,NaN,NaN,NaN,11,kitchen,1,2024-04-06_10h17.33.664,image_similarity_rating,2023.2.3,None,2024-04-06 10h17.46.441618 +0200
,110,133,NaN,1,stimuli/own/kitchen/110_kit.jpg,stimuli/own/kitchen/133_kit.jpg,NaN,NaN,NaN,NaN,0,2,2,0,NaN,NaN,NaN,NaN,215.394158,NaN,NaN,NaN,NaN,NaN,NaN,NaN,,NaN,,215.226634333,215.394158,215.394158,215.394158,215.394158,215.394158,215.394158,215.394158,215.394158,215.394158,229.097458833,7,-7,0,1,5.38934395800004,2,13.140175834,229.09760475,229.102707125,229.554417166,229.387910291,NaN,NaN,NaN,NaN,,NaN,,NaN,NaN,,NaN,NaN,,NaN,NaN,NaN,NaN,NaN,NaN,NaN,11,kitchen,1,2024-04-06_10h17.33.664,image_similarity_rating,2023.2.3,None,2024-04-06 10h17.46.441618 +0200
,128,133,NaN,6,stimuli/own/kitchen/128_kit.jpg,stimuli/own/kitchen/133_kit.jpg,NaN,NaN,NaN,NaN,0,3,3,5,NaN,NaN,NaN,NaN,229.554417166,NaN,NaN,NaN,NaN,NaN,NaN,NaN,,NaN,,229.388322666,229.554417166,229.554417166,229.554417166,229.554417166,229.554417166,229.554417166,229.554417166,229.554417166,229.554417166,251.489166791,7,-7,0,4,8.19838008299996,6,20.6365215830001,251.489308583,251.491236083,251.938107083,251.7744135,NaN,NaN,NaN,NaN,,NaN,,NaN,NaN,,NaN,NaN,,NaN,NaN,NaN,NaN,NaN,NaN,NaN,11,kitchen,1,2024-04-06_10h17.33.664,image_similarity_rating,2023.2.3,None,2024-04-06 10h17.46.441618 +0200
,107,128,NaN,7,stimuli/own/kitchen/107_kit.jpg,stimuli/own/kitchen/128_kit.jpg,NaN,NaN,NaN,NaN,0,4,4,6,NaN,NaN,NaN,NaN,251.938107083,NaN,NaN,NaN,NaN,NaN,NaN,NaN,,NaN,,251.7747375,251.938107083,251.938107083,251.938107083,251.938107083,251.938107083,251.938107083,251.938107083,251.938107083,251.938107083,278.146749333,7,-7,0,4,18.1887460409999,7,19.845702166,278.146894583,278.15248675,278.609852875,278.436990583,NaN,NaN,NaN,NaN,,NaN,,NaN,NaN,,NaN,NaN,,NaN,NaN,NaN,NaN,NaN,NaN,NaN,11,kitchen,1,2024-04-06_10h17.33.664,image_similarity_rating,2023.2.3,None,2024-04-06 10h17.46.441618 +0200
,128,108,NaN,3,stimuli/own/kitchen/128_kit.jpg,stimuli/own/kitchen/108_kit.jpg,NaN,NaN,NaN,NaN,0,5,5,2,NaN,NaN,NaN,NaN,278.609852875,NaN,NaN,NaN,NaN,NaN,NaN,NaN,,NaN,,278.437481875,278.609852875,278.609852875,278.609852875,278.609852875,278.609852875,278.609852875,278.609852875,278.609852875,278.609852875,299.063539125,7,-7,0,2,14.343339958,6,19.7914590829999,299.063694916,299.069187458,299.519998791,299.353631041,NaN,NaN,NaN,NaN,,NaN,,NaN,NaN,,NaN,NaN,,NaN,NaN,NaN,NaN,NaN,NaN,NaN,11,kitchen,1,2024-04-06_10h17.33.664,image_similarity_rating,2023.2.3,None,2024-04-06 10h17.46.441618 +0200
,108,133,NaN,10,stimuli/own/kitchen/108_kit.jpg,stimuli/own/kitchen/133_kit.jpg,NaN,NaN,NaN,NaN,0,6,6,9,NaN,NaN,NaN,NaN,299.519998791,NaN,NaN,NaN,NaN,NaN,NaN,NaN,,NaN,,299.354076708,299.519998791,299.519998791,299.519998791,299.519998791,299.519998791,299.519998791,299.519998791,299.519998791,299.519998791,318.775410833,-7,7,0,4,15.635502542,6,18.37541375,318.775552916,318.785842958,319.233980625,319.070137291,NaN,NaN,NaN,NaN,,NaN,,NaN,NaN,,NaN,NaN,,NaN,NaN,NaN,NaN,NaN,NaN,NaN,11,kitchen,1,2024-04-06_10h17.33.664,image_similarity_rating,2023.2.3,None,2024-04-06 10h17.46.441618 +0200
,107,108,NaN,5,stimuli/own/kitchen/107_kit.jpg,stimuli/own/kitchen/108_kit.jpg,NaN,NaN,NaN,NaN,0,7,7,4,NaN,NaN,NaN,NaN,319.233980625,NaN,NaN,NaN,NaN,NaN,NaN,NaN,,NaN,,319.070552833,319.233980625,319.233980625,319.233980625,319.233980625,319.233980625,319.233980625,319.233980625,319.233980625,319.233980625,345.910078958,-7,7,0,3,16.284217042,7,26.3987582079999,345.910219041,345.918683625,346.366916416,346.203417291,NaN,NaN,NaN,NaN,,NaN,,NaN,NaN,,NaN,NaN,,NaN,NaN,NaN,NaN,NaN,NaN,NaN,11,kitchen,1,2024-04-06_10h17.33.664,image_similarity_rating,2023.2.3,None,2024-04-06 10h17.46.441618 +0200
,107,133,NaN,9,stimuli/own/kitchen/107_kit.jpg,stimuli/own/kitchen/133_kit.jpg,NaN,NaN,NaN,NaN,0,8,8,8,NaN,NaN,NaN,NaN,346.366916416,NaN,NaN,NaN,NaN,NaN,NaN,NaN,,NaN,,346.203776291,346.366916416,346.366916416,346.366916416,346.366916416,346.366916416,346.366916416,346.366916416,346.366916416,346.366916416,374.363926333,-7,7,0,2,17.567403334,5,20.271104,374.364069041,374.368528041,374.821077958,374.653434375,NaN,NaN,NaN,NaN,,NaN,,NaN,NaN,,NaN,NaN,,NaN,NaN,NaN,NaN,NaN,NaN,NaN,11,kitchen,1,2024-04-06_10h17.33.664,image_similarity_rating,2023.2.3,None,2024-04-06 10h17.46.441618 +0200
,110,128,NaN,2,stimuli/own/kitchen/110_kit.jpg,stimuli/own/kitchen/128_kit.jpg,NaN,NaN,NaN,NaN,0,9,9,1,NaN,NaN,NaN,NaN,374.821077958,NaN,NaN,NaN,NaN,NaN,NaN,NaN,,NaN,,374.653929333,374.821077958,374.821077958,374.821077958,374.821077958,374.821077958,374.821077958,374.821077958,374.821077958,374.821077958,403.637712541,7,-7,0,2,11.267401292,5,26.968543167,403.637857791,403.639598,403.936061541,403.9234935,NaN,NaN,NaN,NaN,,NaN,,NaN,NaN,,NaN,NaN,,NaN,NaN,NaN,NaN,NaN,NaN,NaN,11,kitchen,1,2024-04-06_10h17.33.664,image_similarity_rating,2023.2.3,None,2024-04-06 10h17.46.441618 +0200
,NaN,NaN,NaN,NaN,,,NaN,NaN,NaN,NaN,NaN,NaN,NaN,NaN,NaN,NaN,NaN,NaN,NaN,NaN,NaN,NaN,NaN,NaN,NaN,NaN,,NaN,,NaN,NaN,NaN,NaN,NaN,NaN,NaN,NaN,NaN,NaN,NaN,NaN,NaN,NaN,NaN,NaN,NaN,NaN,NaN,NaN,NaN,NaN,403.923576166,403.936061541,403.936061541,508.759782291,space,104.823485,None,NaN,NaN,,NaN,NaN,,NaN,NaN,NaN,NaN,NaN,NaN,NaN,11,kitchen,1,2024-04-06_10h17.33.664,image_similarity_rating,2023.2.3,None,2024-04-06 10h17.46.441618 +0200
,102,117,45,45,stimuli/own/kitchen/102_kit.jpg,stimuli/own/kitchen/117_kit.jpg,NaN,NaN,NaN,NaN,NaN,NaN,NaN,NaN,0,0,0,44,508.809580166,NaN,NaN,NaN,NaN,NaN,NaN,NaN,,NaN,,509.102483375,509.276795708,509.276795708,509.276795708,509.276795708,509.276795708,509.276795708,509.276795708,509.276795708,509.276795708,538.416610041,-7,7,1,1,12.57376875,2,28.3319612079999,508.807320416,508.809580166,509.276795708,509.102468875,NaN,NaN,NaN,NaN,,NaN,,508.793662458,508.807018,None,NaN,NaN,,NaN,NaN,NaN,NaN,NaN,NaN,NaN,11,kitchen,1,2024-04-06_10h17.33.664,image_similarity_rating,2023.2.3,None,2024-04-06 10h17.46.441618 +0200
,127,130,519,519,stimuli/own/kitchen/127_kit.jpg,stimuli/own/kitchen/130_kit.jpg,NaN,NaN,NaN,NaN,NaN,NaN,NaN,NaN,0,1,1,518,538.424950208,NaN,NaN,NaN,NaN,NaN,NaN,NaN,,NaN,,538.719398541,538.884919958,538.884919958,538.884919958,538.884919958,538.884919958,538.884919958,538.884919958,538.884919958,538.884919958,570.729112291,-7,7,1,5,11.4262519580001,5,23.66585275,538.42316425,538.424950208,538.884919958,538.719382208,NaN,NaN,NaN,NaN,,NaN,,538.417220791,538.423113166,None,NaN,NaN,,NaN,NaN,NaN,NaN,NaN,NaN,NaN,11,kitchen,1,2024-04-06_10h17.33.664,image_similarity_rating,2023.2.3,None,2024-04-06 10h17.46.441618 +0200
,121,129,431,431,stimuli/own/kitchen/121_kit.jpg,stimuli/own/kitchen/129_kit.jpg,NaN,NaN,NaN,NaN,NaN,NaN,NaN,NaN,0,2,2,430,570.751268791,NaN,NaN,NaN,NaN,NaN,NaN,NaN,,NaN,,571.035216,571.205268833,571.205268833,571.205268833,571.205268833,571.205268833,571.205268833,571.205268833,571.205268833,571.205268833,604.278747958,7,-7,1,1,11.989599417,4,32.515076166,570.732829583,570.751268791,NaN,571.03519325,NaN,NaN,NaN,NaN,,NaN,,570.729336791,570.732781875,None,NaN,NaN,,NaN,NaN,NaN,NaN,NaN,NaN,NaN,11,kitchen,1,2024-04-06_10h17.33.664,image_similarity_rating,2023.2.3,None,2024-04-06 10h17.46.441618 +0200
,132,139,565,565,stimuli/own/kitchen/132_kit.jpg,stimuli/own/kitchen/139_kit.jpg,NaN,NaN,NaN,NaN,NaN,NaN,NaN,NaN,0,3,3,564,604.301143125,NaN,NaN,NaN,NaN,NaN,NaN,NaN,,NaN,,604.585082166,604.752880583,604.752880583,604.752880583,604.752880583,604.752880583,604.752880583,604.752880583,604.752880583,604.752880583,624.711640916,-7,7,1,2,14.579414583,7,19.2717662920001,604.282464625,604.301143125,NaN,604.58504625,NaN,NaN,NaN,NaN,,NaN,,604.278971458,604.282416458,None,NaN,NaN,,NaN,NaN,NaN,NaN,NaN,NaN,NaN,11,kitchen,1,2024-04-06_10h17.33.664,image_similarity_rating,2023.2.3,None,2024-04-06 10h17.46.441618 +0200
,104,106,101,101,stimuli/own/kitchen/104_kit.jpg,stimuli/own/kitchen/106_kit.jpg,NaN,NaN,NaN,NaN,NaN,NaN,NaN,NaN,0,4,4,100,624.71712375,NaN,NaN,NaN,NaN,NaN,NaN,NaN,,NaN,,625.001836666,625.167566666,625.167566666,625.167566666,625.167566666,625.167566666,625.167566666,625.167566666,625.167566666,625.167566666,654.383110375,7,-7,1,2,10.2635272079999,5,28.4872998339999,624.715341083,624.71712375,625.167566666,625.001821791,NaN,NaN,NaN,NaN,,NaN,,624.7118645,624.715293666,None,NaN,NaN,,NaN,NaN,NaN,NaN,NaN,NaN,NaN,11,kitchen,1,2024-04-06_10h17.33.664,image_similarity_rating,2023.2.3,None,2024-04-06 10h17.46.441618 +0200
,103,112,73,73,stimuli/own/kitchen/103_kit.jpg,stimuli/own/kitchen/112_kit.jpg,NaN,NaN,NaN,NaN,NaN,NaN,NaN,NaN,0,5,5,72,654.388944,NaN,NaN,NaN,NaN,NaN,NaN,NaN,,NaN,,654.672984,654.840571,654.840571,654.840571,654.840571,654.840571,654.840571,654.840571,654.840571,654.840571,673.457069125,7,-7,1,4,11.940557167,6,18.1192121659999,654.386942583,654.388944,654.840571,654.672969083,NaN,NaN,NaN,NaN,,NaN,,654.383330583,654.386895,None,NaN,NaN,,NaN,NaN,NaN,NaN,NaN,NaN,NaN,11,kitchen,1,2024-04-06_10h17.33.664,image_similarity_rating,2023.2.3,None,2024-04-06 10h17.46.441618 +0200
,123,141,475,475,stimuli/own/kitchen/123_kit.jpg,stimuli/own/kitchen/141_kit.jpg,NaN,NaN,NaN,NaN,NaN,NaN,NaN,NaN,0,6,6,474,673.467362833,NaN,NaN,NaN,NaN,NaN,NaN,NaN,,NaN,,673.752136541,673.924578458,673.924578458,673.924578458,673.924578458,673.924578458,673.924578458,673.924578458,673.924578458,673.924578458,697.136199875,7,-7,1,1,17.329219666,1,22.0573228329999,673.460865666,673.467362833,673.924578458,673.752116541,NaN,NaN,NaN,NaN,,NaN,,673.45729125,673.460817833,None,NaN,NaN,,NaN,NaN,NaN,NaN,NaN,NaN,NaN,11,kitchen,1,2024-04-06_10h17.33.664,image_similarity_rating,2023.2.3,None,2024-04-06 10h17.46.441618 +0200
,121,136,437,437,stimuli/own/kitchen/121_kit.jpg,stimuli/own/kitchen/136_kit.jpg,NaN,NaN,NaN,NaN,NaN,NaN,NaN,NaN,0,7,7,436,697.141741583,NaN,NaN,NaN,NaN,NaN,NaN,NaN,,NaN,,697.43501975,697.5994775,697.5994775,697.5994775,697.5994775,697.5994775,697.5994775,697.5994775,697.5994775,697.5994775,720.489927583,7,-7,1,2,13.6884315,3,19.252307666,697.139900833,697.141741583,697.5994775,697.435003458,NaN,NaN,NaN,NaN,,NaN,,697.136423208,697.139850916,None,NaN,NaN,,NaN,NaN,NaN,NaN,NaN,NaN,NaN,11,kitchen,1,2024-04-06_10h17.33.664,image_similarity_rating,2023.2.3,None,2024-04-06 10h17.46.441618 +0200
,105,135,154,154,stimuli/own/kitchen/105_kit.jpg,stimuli/own/kitchen/135_kit.jpg,NaN,NaN,NaN,NaN,NaN,NaN,NaN,NaN,0,8,8,153,720.50042175,NaN,NaN,NaN,NaN,NaN,NaN,NaN,,NaN,,720.784971208,720.951696333,720.951696333,720.951696333,720.951696333,720.951696333,720.951696333,720.951696333,720.951696333,720.951696333,741.189862916,7,-7,1,5,10.923513916,6,19.6028772919999,720.493612958,720.50042175,720.951696333,720.78495,NaN,NaN,NaN,NaN,,NaN,,720.490153458,720.493565583,None,NaN,NaN,,NaN,NaN,NaN,NaN,NaN,NaN,NaN,11,kitchen,1,2024-04-06_10h17.33.664,image_similarity_rating,2023.2.3,None,2024-04-06 10h17.46.441618 +0200
,102,136,62,62,stimuli/own/kitchen/102_kit.jpg,stimuli/own/kitchen/136_kit.jpg,NaN,NaN,NaN,NaN,NaN,NaN,NaN,NaN,0,9,9,61,741.200258291,NaN,NaN,NaN,NaN,NaN,NaN,NaN,,NaN,,741.485006791,741.648323541,741.648323541,741.648323541,741.648323541,741.648323541,741.648323541,741.648323541,741.648323541,741.648323541,765.094506625,-7,7,1,1,8.60396037499982,4,16.341945833,741.193573916,741.200258291,741.648323541,741.484993583,NaN,NaN,NaN,NaN,,NaN,,741.190091666,741.193526083,None,NaN,NaN,,NaN,NaN,NaN,NaN,NaN,NaN,NaN,11,kitchen,1,2024-04-06_10h17.33.664,image_similarity_rating,2023.2.3,None,2024-04-06 10h17.46.441618 +0200
,111,132,236,236,stimuli/own/kitchen/111_kit.jpg,stimuli/own/kitchen/132_kit.jpg,NaN,NaN,NaN,NaN,NaN,NaN,NaN,NaN,0,10,10,235,765.11683275,NaN,NaN,NaN,NaN,NaN,NaN,NaN,,NaN,,765.400972708,765.567487958,765.567487958,765.567487958,765.567487958,765.567487958,765.567487958,765.567487958,765.567487958,765.567487958,790.456841583,7,-7,1,4,10.949175875,6,21.2916148750001,765.098311833,765.11683275,NaN,765.400953125,NaN,NaN,NaN,NaN,,NaN,,765.094730583,765.098264166,None,NaN,NaN,,NaN,NaN,NaN,NaN,NaN,NaN,NaN,11,kitchen,1,2024-04-06_10h17.33.664,image_similarity_rating,2023.2.3,None,2024-04-06 10h17.46.441618 +0200
,125,130,494,494,stimuli/own/kitchen/125_kit.jpg,stimuli/own/kitchen/130_kit.jpg,NaN,NaN,NaN,NaN,NaN,NaN,NaN,NaN,0,11,11,493,790.466841,NaN,NaN,NaN,NaN,NaN,NaN,NaN,,NaN,,790.751202875,790.917263,790.917263,790.917263,790.917263,790.917263,790.917263,790.917263,790.917263,790.917263,823.152385916,-7,7,1,6,22.8031700409999,3,30.9339602919999,790.46053525,790.466841,790.917263,790.751187375,NaN,NaN,NaN,NaN,,NaN,,790.457067333,790.4604865,None,NaN,NaN,,NaN,NaN,NaN,NaN,NaN,NaN,NaN,11,kitchen,1,2024-04-06_10h17.33.664,image_similarity_rating,2023.2.3,None,2024-04-06 10h17.46.441618 +0200
,121,126,429,429,stimuli/own/kitchen/121_kit.jpg,stimuli/own/kitchen/126_kit.jpg,NaN,NaN,NaN,NaN,NaN,NaN,NaN,NaN,0,12,12,428,823.158010458,NaN,NaN,NaN,NaN,NaN,NaN,NaN,,NaN,,823.451249625,823.6188625,823.6188625,823.6188625,823.6188625,823.6188625,823.6188625,823.6188625,823.6188625,823.6188625,841.510747875,-7,7,1,4,9.31508745899987,2,15.0204904579998,823.156089125,823.158010458,823.6188625,823.451232416,NaN,NaN,NaN,NaN,,NaN,,823.1526115,823.156041916,None,NaN,NaN,,NaN,NaN,NaN,NaN,NaN,NaN,NaN,11,kitchen,1,2024-04-06_10h17.33.664,image_similarity_rating,2023.2.3,None,2024-04-06 10h17.46.441618 +0200
,124,136,485,485,stimuli/own/kitchen/124_kit.jpg,stimuli/own/kitchen/136_kit.jpg,NaN,NaN,NaN,NaN,NaN,NaN,NaN,NaN,0,13,13,484,841.5331795,NaN,NaN,NaN,NaN,NaN,NaN,NaN,,NaN,,841.817429208,841.987792083,841.987792083,841.987792083,841.987792083,841.987792083,841.987792083,841.987792083,841.987792083,841.987792083,862.482145083,7,-7,1,2,12.8279494160001,4,19.516568,841.514808041,841.5331795,NaN,841.817396541,NaN,NaN,NaN,NaN,,NaN,,841.510973208,841.514756875,None,NaN,NaN,,NaN,NaN,NaN,NaN,NaN,NaN,NaN,11,kitchen,1,2024-04-06_10h17.33.664,image_similarity_rating,2023.2.3,None,2024-04-06 10h17.46.441618 +0200
,111,141,244,244,stimuli/own/kitchen/111_kit.jpg,stimuli/own/kitchen/141_kit.jpg,NaN,NaN,NaN,NaN,NaN,NaN,NaN,NaN,0,14,14,243,862.487635375,NaN,NaN,NaN,NaN,NaN,NaN,NaN,,NaN,,862.771725375,862.937217041,862.937217041,862.937217041,862.937217041,862.937217041,862.937217041,862.937217041,862.937217041,862.937217041,886.039739833,7,-7,1,2,14.9008055000002,3,20.4267855840001,862.485889541,862.487635375,862.937217041,862.771713083,NaN,NaN,NaN,NaN,,NaN,,862.482377416,862.4858415,None,NaN,NaN,,NaN,NaN,NaN,NaN,NaN,NaN,NaN,11,kitchen,1,2024-04-06_10h17.33.664,image_similarity_rating,2023.2.3,None,2024-04-06 10h17.46.441618 +0200
,117,140,363,363,stimuli/own/kitchen/117_kit.jpg,stimuli/own/kitchen/140_kit.jpg,NaN,NaN,NaN,NaN,NaN,NaN,NaN,NaN,0,15,15,362,886.049661208,NaN,NaN,NaN,NaN,NaN,NaN,NaN,,NaN,,886.335195875,886.507402541,886.507402541,886.507402541,886.507402541,886.507402541,886.507402541,886.507402541,886.507402541,886.507402541,909.015079333,7,-7,1,1,14.172381584,3,21.6239399580002,886.043446166,886.049661208,886.507402541,886.3351785,NaN,NaN,NaN,NaN,,NaN,,886.039964625,886.043397583,None,NaN,NaN,,NaN,NaN,NaN,NaN,NaN,NaN,NaN,11,kitchen,1,2024-04-06_10h17.33.664,image_similarity_rating,2023.2.3,None,2024-04-06 10h17.46.441618 +0200
,116,130,332,332,stimuli/own/kitchen/116_kit.jpg,stimuli/own/kitchen/130_kit.jpg,NaN,NaN,NaN,NaN,NaN,NaN,NaN,NaN,0,16,16,331,909.020761291,NaN,NaN,NaN,NaN,NaN,NaN,NaN,,NaN,,909.304704333,909.467584791,909.467584791,909.467584791,909.467584791,909.467584791,909.467584791,909.467584791,909.467584791,909.467584791,937.861110625,7,-7,1,2,19.022161416,1,25.729268,909.01882625,909.020761291,909.467584791,909.304690916,NaN,NaN,NaN,NaN,,NaN,,909.015327875,909.018778125,None,NaN,NaN,,NaN,NaN,NaN,NaN,NaN,NaN,NaN,11,kitchen,1,2024-04-06_10h17.33.664,image_similarity_rating,2023.2.3,None,2024-04-06 10h17.46.441618 +0200
,109,124,202,202,stimuli/own/kitchen/109_kit.jpg,stimuli/own/kitchen/124_kit.jpg,NaN,NaN,NaN,NaN,NaN,NaN,NaN,NaN,0,17,17,201,937.867740666,NaN,NaN,NaN,NaN,NaN,NaN,NaN,,NaN,,938.151344416,938.317260083,938.317260083,938.317260083,938.317260083,938.317260083,938.317260083,938.317260083,938.317260083,938.317260083,955.235079833,7,-7,1,1,12.8699560829998,1,4.55530866699996,937.86483725,937.867740666,938.317260083,938.151330583,NaN,NaN,NaN,NaN,,NaN,,937.861337625,937.864786125,None,NaN,NaN,,NaN,NaN,NaN,NaN,NaN,NaN,NaN,11,kitchen,1,2024-04-06_10h17.33.664,image_similarity_rating,2023.2.3,None,2024-04-06 10h17.46.441618 +0200
,112,117,248,248,stimuli/own/kitchen/112_kit.jpg,stimuli/own/kitchen/117_kit.jpg,NaN,NaN,NaN,NaN,NaN,NaN,NaN,NaN,0,18,18,247,955.240817916,NaN,NaN,NaN,NaN,NaN,NaN,NaN,,NaN,,955.533950541,955.69979575,955.69979575,955.69979575,955.69979575,955.69979575,955.69979575,955.69979575,955.69979575,955.69979575,980.768393875,7,-7,1,6,6.08562125000003,5,24.4919743329999,955.238873416,955.240817916,955.69979575,955.533935,NaN,NaN,NaN,NaN,,NaN,,955.235304166,955.238826208,None,NaN,NaN,,NaN,NaN,NaN,NaN,NaN,NaN,NaN,11,kitchen,1,2024-04-06_10h17.33.664,image_similarity_rating,2023.2.3,None,2024-04-06 10h17.46.441618 +0200
,111,126,231,231,stimuli/own/kitchen/111_kit.jpg,stimuli/own/kitchen/126_kit.jpg,NaN,NaN,NaN,NaN,NaN,NaN,NaN,NaN,0,19,19,230,980.774014333,NaN,NaN,NaN,NaN,NaN,NaN,NaN,,NaN,,981.067312791,981.238873541,981.238873541,981.238873541,981.238873541,981.238873541,981.238873541,981.238873541,981.238873541,981.238873541,1001.476745583,7,-7,1,6,4.70779074999996,6,18.1956317500001,980.772080416,980.774014333,981.238873541,981.067293875,NaN,NaN,NaN,NaN,,NaN,,980.768619416,980.772032583,None,NaN,NaN,,NaN,NaN,NaN,NaN,NaN,NaN,NaN,11,kitchen,1,2024-04-06_10h17.33.664,image_similarity_rating,2023.2.3,None,2024-04-06 10h17.46.441618 +0200
,123,129,464,464,stimuli/own/kitchen/123_kit.jpg,stimuli/own/kitchen/129_kit.jpg,NaN,NaN,NaN,NaN,NaN,NaN,NaN,NaN,0,20,20,463,1001.482638166,NaN,NaN,NaN,NaN,NaN,NaN,NaN,,NaN,,1001.767220916,1001.9345605,1001.9345605,1001.9345605,1001.9345605,1001.9345605,1001.9345605,1001.9345605,1001.9345605,1001.9345605,1022.247767,-7,7,1,1,5.52065754199998,2,19.716794834,1001.480432666,1001.482638166,1001.9345605,1001.767204291,NaN,NaN,NaN,NaN,,NaN,,1001.476974166,1001.480385458,None,NaN,NaN,,NaN,NaN,NaN,NaN,NaN,NaN,NaN,11,kitchen,1,2024-04-06_10h17.33.664,image_similarity_rating,2023.2.3,None,2024-04-06 10h17.46.441618 +0200
,113,132,287,287,stimuli/own/kitchen/113_kit.jpg,stimuli/own/kitchen/132_kit.jpg,NaN,NaN,NaN,NaN,NaN,NaN,NaN,NaN,0,21,21,286,1022.253290166,NaN,NaN,NaN,NaN,NaN,NaN,NaN,,NaN,,1022.538581375,1022.702932583,1022.702932583,1022.702932583,1022.702932583,1022.702932583,1022.702932583,1022.702932583,1022.702932583,1022.702932583,1046.438573125,7,-7,1,5,11.8398064999999,6,22.7888208750001,1022.251523541,1022.253290166,1022.702932583,1022.538571083,NaN,NaN,NaN,NaN,,NaN,,1022.247991791,1022.251475375,None,NaN,NaN,,NaN,NaN,NaN,NaN,NaN,NaN,NaN,11,kitchen,1,2024-04-06_10h17.33.664,image_similarity_rating,2023.2.3,None,2024-04-06 10h17.46.441618 +0200
,118,137,381,381,stimuli/own/kitchen/118_kit.jpg,stimuli/own/kitchen/137_kit.jpg,NaN,NaN,NaN,NaN,NaN,NaN,NaN,NaN,0,22,22,380,1046.449156333,NaN,NaN,NaN,NaN,NaN,NaN,NaN,,NaN,,1046.733566833,1046.900879333,1046.900879333,1046.900879333,1046.900879333,1046.900879333,1046.900879333,1046.900879333,1046.900879333,1046.900879333,1068.055693041,7,-7,1,5,12.9320198750002,6,18.780271958,1046.442396708,1046.449156333,1046.900879333,1046.733549458,NaN,NaN,NaN,NaN,,NaN,,1046.438799333,1046.442348458,None,NaN,NaN,,NaN,NaN,NaN,NaN,NaN,NaN,NaN,11,kitchen,1,2024-04-06_10h17.33.664,image_similarity_rating,2023.2.3,None,2024-04-06 10h17.46.441618 +0200
,120,123,408,408,stimuli/own/kitchen/120_kit.jpg,stimuli/own/kitchen/123_kit.jpg,NaN,NaN,NaN,NaN,NaN,NaN,NaN,NaN,0,23,23,407,1068.066001875,NaN,NaN,NaN,NaN,NaN,NaN,NaN,,NaN,,1068.3501935,1068.521495625,1068.521495625,1068.521495625,1068.521495625,1068.521495625,1068.521495625,1068.521495625,1068.521495625,1068.521495625,1083.905601,7,-7,1,2,8.21346525000013,5,13.1578621670001,1068.059387625,1068.066001875,1068.521495625,1068.350174416,NaN,NaN,NaN,NaN,,NaN,,1068.055917666,1068.05933975,None,NaN,NaN,,NaN,NaN,NaN,NaN,NaN,NaN,NaN,11,kitchen,1,2024-04-06_10h17.33.664,image_similarity_rating,2023.2.3,None,2024-04-06 10h17.46.441618 +0200
,112,122,253,253,stimuli/own/kitchen/112_kit.jpg,stimuli/own/kitchen/122_kit.jpg,NaN,NaN,NaN,NaN,NaN,NaN,NaN,NaN,0,24,24,252,1083.915575916,NaN,NaN,NaN,NaN,NaN,NaN,NaN,,NaN,,1084.200026583,1084.365801166,1084.365801166,1084.365801166,1084.365801166,1084.365801166,1084.365801166,1084.365801166,1084.365801166,1084.365801166,1099.909671916,7,-7,1,5,7.40417416700006,6,13.839142458,1083.909413375,1083.915575916,1084.365801166,1084.200011041,NaN,NaN,NaN,NaN,,NaN,,1083.905832791,1083.909366,None,NaN,NaN,,NaN,NaN,NaN,NaN,NaN,NaN,NaN,11,kitchen,1,2024-04-06_10h17.33.664,image_similarity_rating,2023.2.3,None,2024-04-06 10h17.46.441618 +0200
,122,124,444,444,stimuli/own/kitchen/122_kit.jpg,stimuli/own/kitchen/124_kit.jpg,NaN,NaN,NaN,NaN,NaN,NaN,NaN,NaN,0,25,25,443,1099.915176916,NaN,NaN,NaN,NaN,NaN,NaN,NaN,,NaN,,1100.200104875,1100.3656475,1100.3656475,1100.3656475,1100.3656475,1100.3656475,1100.3656475,1100.3656475,1100.3656475,1100.3656475,1115.001184208,-7,7,1,6,10.9500592079999,5,13.952313625,1099.91336425,1099.915176916,1100.3656475,1100.200089583,NaN,NaN,NaN,NaN,,NaN,,1099.909896041,1099.91331575,None,NaN,NaN,,NaN,NaN,NaN,NaN,NaN,NaN,NaN,11,kitchen,1,2024-04-06_10h17.33.664,image_similarity_rating,2023.2.3,None,2024-04-06 10h17.46.441618 +0200
,102,111,40,40,stimuli/own/kitchen/102_kit.jpg,stimuli/own/kitchen/111_kit.jpg,NaN,NaN,NaN,NaN,NaN,NaN,NaN,NaN,0,26,26,39,1115.006809416,NaN,NaN,NaN,NaN,NaN,NaN,NaN,,NaN,,1115.30078,1115.473466208,1115.473466208,1115.473466208,1115.473466208,1115.473466208,1115.473466208,1115.473466208,1115.473466208,1115.473466208,1129.009598666,-7,7,1,2,8.79825925,4,12.8629126249998,1115.004872333,1115.006809416,1115.473466208,1115.300763666,NaN,NaN,NaN,NaN,,NaN,,1115.001409166,1115.004825125,None,NaN,NaN,,NaN,NaN,NaN,NaN,NaN,NaN,NaN,11,kitchen,1,2024-04-06_10h17.33.664,image_similarity_rating,2023.2.3,None,2024-04-06 10h17.46.441618 +0200
,117,119,344,344,stimuli/own/kitchen/117_kit.jpg,stimuli/own/kitchen/119_kit.jpg,NaN,NaN,NaN,NaN,NaN,NaN,NaN,NaN,0,27,27,343,1129.015230625,NaN,NaN,NaN,NaN,NaN,NaN,NaN,,NaN,,1129.300477208,1129.465234,1129.465234,1129.465234,1129.465234,1129.465234,1129.465234,1129.465234,1129.465234,1129.465234,1148.114220708,-7,7,1,5,13.444584458,6,18.0508298750001,1129.013413708,1129.015230625,1129.465234,1129.300463625,NaN,NaN,NaN,NaN,,NaN,,1129.009820708,1129.013366208,None,NaN,NaN,,NaN,NaN,NaN,NaN,NaN,NaN,NaN,11,kitchen,1,2024-04-06_10h17.33.664,image_similarity_rating,2023.2.3,None,2024-04-06 10h17.46.441618 +0200
,121,131,433,433,stimuli/own/kitchen/121_kit.jpg,stimuli/own/kitchen/131_kit.jpg,NaN,NaN,NaN,NaN,NaN,NaN,NaN,NaN,0,28,28,432,1148.120018041,NaN,NaN,NaN,NaN,NaN,NaN,NaN,,NaN,,1148.404162333,1148.573109541,1148.573109541,1148.573109541,1148.573109541,1148.573109541,1148.573109541,1148.573109541,1148.573109541,1148.573109541,1164.309425291,7,-7,1,1,10.1124547919999,2,15.012636209,1148.118094,1148.120018041,1148.573109541,1148.404147625,NaN,NaN,NaN,NaN,,NaN,,1148.114460541,1148.118045791,None,NaN,NaN,,NaN,NaN,NaN,NaN,NaN,NaN,NaN,11,kitchen,1,2024-04-06_10h17.33.664,image_similarity_rating,2023.2.3,None,2024-04-06 10h17.46.441618 +0200
,105,125,146,146,stimuli/own/kitchen/105_kit.jpg,stimuli/own/kitchen/125_kit.jpg,NaN,NaN,NaN,NaN,NaN,NaN,NaN,NaN,0,29,29,145,1164.31486025,NaN,NaN,NaN,NaN,NaN,NaN,NaN,,NaN,,1164.599757833,1164.765118041,1164.765118041,1164.765118041,1164.765118041,1164.765118041,1164.765118041,1164.765118041,1164.765118041,1164.765118041,1179.242929791,7,-7,1,5,5.76423466699998,7,12.7679896249999,1164.313106333,1164.31486025,1164.765118041,1164.599741791,NaN,NaN,NaN,NaN,,NaN,,1164.309650125,1164.313058791,None,NaN,NaN,,NaN,NaN,NaN,NaN,NaN,NaN,NaN,11,kitchen,1,2024-04-06_10h17.33.664,image_similarity_rating,2023.2.3,None,2024-04-06 10h17.46.441618 +0200
,124,135,484,484,stimuli/own/kitchen/124_kit.jpg,stimuli/own/kitchen/135_kit.jpg,NaN,NaN,NaN,NaN,NaN,NaN,NaN,NaN,0,30,30,483,1179.248398291,NaN,NaN,NaN,NaN,NaN,NaN,NaN,,NaN,,1179.533036083,1179.697458875,1179.697458875,1179.697458875,1179.697458875,1179.697458875,1179.697458875,1179.697458875,1179.697458875,1179.697458875,1198.964315916,7,-7,1,4,10.2862519580001,7,16.7264090420001,1179.246590291,1179.248398291,1179.697458875,1179.533022125,NaN,NaN,NaN,NaN,,NaN,,1179.243153958,1179.246543458,None,NaN,NaN,,NaN,NaN,NaN,NaN,NaN,NaN,NaN,11,kitchen,1,2024-04-06_10h17.33.664,image_similarity_rating,2023.2.3,None,2024-04-06 10h17.46.441618 +0200
,123,136,470,470,stimuli/own/kitchen/123_kit.jpg,stimuli/own/kitchen/136_kit.jpg,NaN,NaN,NaN,NaN,NaN,NaN,NaN,NaN,0,31,31,469,1198.969776166,NaN,NaN,NaN,NaN,NaN,NaN,NaN,,NaN,,1199.25399425,1199.421525375,1199.421525375,1199.421525375,1199.421525375,1199.421525375,1199.421525375,1199.421525375,1199.421525375,1199.421525375,1216.354772666,7,-7,1,3,9.43793712499996,5,16.453218333,1198.9680095,1198.969776166,1199.421525375,1199.253978458,NaN,NaN,NaN,NaN,,NaN,,1198.964541375,1198.967961583,None,NaN,NaN,,NaN,NaN,NaN,NaN,NaN,NaN,NaN,11,kitchen,1,2024-04-06_10h17.33.664,image_similarity_rating,2023.2.3,None,2024-04-06 10h17.46.441618 +0200
,131,134,552,552,stimuli/own/kitchen/131_kit.jpg,stimuli/own/kitchen/134_kit.jpg,NaN,NaN,NaN,NaN,NaN,NaN,NaN,NaN,0,32,32,551,1216.364972708,NaN,NaN,NaN,NaN,NaN,NaN,NaN,,NaN,,1216.6497035,1216.81780525,1216.81780525,1216.81780525,1216.81780525,1216.81780525,1216.81780525,1216.81780525,1216.81780525,1216.81780525,1236.413988166,7,-7,1,2,6.49191145899999,1,18.804948042,1216.358524083,1216.364972708,1216.81780525,1216.64968725,NaN,NaN,NaN,NaN,,NaN,,1216.35499875,1216.358476916,None,NaN,NaN,,NaN,NaN,NaN,NaN,NaN,NaN,NaN,11,kitchen,1,2024-04-06_10h17.33.664,image_similarity_rating,2023.2.3,None,2024-04-06 10h17.46.441618 +0200
,104,131,121,121,stimuli/own/kitchen/104_kit.jpg,stimuli/own/kitchen/131_kit.jpg,NaN,NaN,NaN,NaN,NaN,NaN,NaN,NaN,0,33,33,120,1236.419661958,NaN,NaN,NaN,NaN,NaN,NaN,NaN,,NaN,,1236.703237,1236.865027666,1236.865027666,1236.865027666,1236.865027666,1236.865027666,1236.865027666,1236.865027666,1236.865027666,1236.865027666,1249.892461416,-7,7,1,1,5.86177304100011,2,12.1659103750001,1236.417771708,1236.419661958,1236.865027666,1236.703225083,NaN,NaN,NaN,NaN,,NaN,,1236.414226291,1236.417719583,None,NaN,NaN,,NaN,NaN,NaN,NaN,NaN,NaN,NaN,11,kitchen,1,2024-04-06_10h17.33.664,image_similarity_rating,2023.2.3,None,2024-04-06 10h17.46.441618 +0200
,105,136,155,155,stimuli/own/kitchen/105_kit.jpg,stimuli/own/kitchen/136_kit.jpg,NaN,NaN,NaN,NaN,NaN,NaN,NaN,NaN,0,34,34,154,1249.89791125,NaN,NaN,NaN,NaN,NaN,NaN,NaN,,NaN,,1250.1829195,1250.350769583,1250.350769583,1250.350769583,1250.350769583,1250.350769583,1250.350769583,1250.350769583,1250.350769583,1250.350769583,1273.209257791,-7,7,1,4,7.7430891250001,4,19.2092035000001,1249.896145958,1249.89791125,1250.350769583,1250.1829035,NaN,NaN,NaN,NaN,,NaN,,1249.892690666,1249.896098875,None,NaN,NaN,,NaN,NaN,NaN,NaN,NaN,NaN,NaN,11,kitchen,1,2024-04-06_10h17.33.664,image_similarity_rating,2023.2.3,None,2024-04-06 10h17.46.441618 +0200
,124,131,481,481,stimuli/own/kitchen/124_kit.jpg,stimuli/own/kitchen/131_kit.jpg,NaN,NaN,NaN,NaN,NaN,NaN,NaN,NaN,0,35,35,480,1273.231508666,NaN,NaN,NaN,NaN,NaN,NaN,NaN,,NaN,,1273.515603625,1273.683416833,1273.683416833,1273.683416833,1273.683416833,1273.683416833,1273.683416833,1273.683416833,1273.683416833,1273.683416833,1292.6375505,-7,7,1,3,9.60419408300004,7,17.4458059170001,1273.212935375,1273.231508666,NaN,1273.515575666,NaN,NaN,NaN,NaN,,NaN,,1273.209483166,1273.212887916,None,NaN,NaN,,NaN,NaN,NaN,NaN,NaN,NaN,NaN,11,kitchen,1,2024-04-06_10h17.33.664,image_similarity_rating,2023.2.3,None,2024-04-06 10h17.46.441618 +0200
,119,130,395,395,stimuli/own/kitchen/119_kit.jpg,stimuli/own/kitchen/130_kit.jpg,NaN,NaN,NaN,NaN,NaN,NaN,NaN,NaN,0,36,36,394,1292.648006333,NaN,NaN,NaN,NaN,NaN,NaN,NaN,,NaN,,1292.932634916,1293.097137416,1293.097137416,1293.097137416,1293.097137416,1293.097137416,1293.097137416,1293.097137416,1293.097137416,1293.097137416,1314.109175541,-7,7,1,2,10.4698135420001,3,20.1432549170001,1292.641378166,1292.648006333,1293.097137416,1292.932615916,NaN,NaN,NaN,NaN,,NaN,,1292.637777041,1292.641330083,None,NaN,NaN,,NaN,NaN,NaN,NaN,NaN,NaN,NaN,11,kitchen,1,2024-04-06_10h17.33.664,image_similarity_rating,2023.2.3,None,2024-04-06 10h17.46.441618 +0200
,106,130,179,179,stimuli/own/kitchen/106_kit.jpg,stimuli/own/kitchen/130_kit.jpg,NaN,NaN,NaN,NaN,NaN,NaN,NaN,NaN,0,37,37,178,1314.131200458,NaN,NaN,NaN,NaN,NaN,NaN,NaN,,NaN,,1314.415468833,1314.5871825,1314.5871825,1314.5871825,1314.5871825,1314.5871825,1314.5871825,1314.5871825,1314.5871825,1314.5871825,1330.804700791,-7,7,1,2,5.342043375,3,15.4013662920001,1314.112859291,1314.131200458,NaN,1314.415449375,NaN,NaN,NaN,NaN,,NaN,,1314.109398833,1314.112808291,None,NaN,NaN,,NaN,NaN,NaN,NaN,NaN,NaN,NaN,11,kitchen,1,2024-04-06_10h17.33.664,image_similarity_rating,2023.2.3,None,2024-04-06 10h17.46.441618 +0200
,109,137,213,213,stimuli/own/kitchen/109_kit.jpg,stimuli/own/kitchen/137_kit.jpg,NaN,NaN,NaN,NaN,NaN,NaN,NaN,NaN,0,38,38,212,1330.814417,NaN,NaN,NaN,NaN,NaN,NaN,NaN,,NaN,,1331.09925075,1331.269870458,1331.269870458,1331.269870458,1331.269870458,1331.269870458,1331.269870458,1331.269870458,1331.269870458,1331.269870458,1353.046580458,-7,7,1,1,3.28378229099985,6,21.1683754169999,1330.808432416,1330.814417,1331.269870458,1331.099228625,NaN,NaN,NaN,NaN,,NaN,,1330.804924083,1330.808385583,None,NaN,NaN,,NaN,NaN,NaN,NaN,NaN,NaN,NaN,11,kitchen,1,2024-04-06_10h17.33.664,image_similarity_rating,2023.2.3,None,2024-04-06 10h17.46.441618 +0200
,104,138,127,127,stimuli/own/kitchen/104_kit.jpg,stimuli/own/kitchen/138_kit.jpg,NaN,NaN,NaN,NaN,NaN,NaN,NaN,NaN,0,39,39,126,1353.0521485,NaN,NaN,NaN,NaN,NaN,NaN,NaN,,NaN,,1353.336215833,1353.501242708,1353.501242708,1353.501242708,1353.501242708,1353.501242708,1353.501242708,1353.501242708,1353.501242708,1353.501242708,1372.642052125,-7,7,1,6,7.82681608299981,7,12.8033062499999,1353.05033275,1353.0521485,1353.501242708,1353.33620375,NaN,NaN,NaN,NaN,,NaN,,1353.04683,1353.05028475,None,NaN,NaN,,NaN,NaN,NaN,NaN,NaN,NaN,NaN,11,kitchen,1,2024-04-06_10h17.33.664,image_similarity_rating,2023.2.3,None,2024-04-06 10h17.46.441618 +0200
,103,140,98,98,stimuli/own/kitchen/103_kit.jpg,stimuli/own/kitchen/140_kit.jpg,NaN,NaN,NaN,NaN,NaN,NaN,NaN,NaN,0,40,40,97,1372.647631,NaN,NaN,NaN,NaN,NaN,NaN,NaN,,NaN,,1372.932323833,1373.096340833,1373.096340833,1373.096340833,1373.096340833,1373.096340833,1373.096340833,1373.096340833,1373.096340833,1373.096340833,1387.18735075,-7,7,1,2,8.29121899999996,6,11.9854286249999,1372.645741208,1372.647631,1373.096340833,1372.9323045,NaN,NaN,NaN,NaN,,NaN,,1372.642275708,1372.645694166,None,NaN,NaN,,NaN,NaN,NaN,NaN,NaN,NaN,NaN,11,kitchen,1,2024-04-06_10h17.33.664,image_similarity_rating,2023.2.3,None,2024-04-06 10h17.46.441618 +0200
,109,140,216,216,stimuli/own/kitchen/109_kit.jpg,stimuli/own/kitchen/140_kit.jpg,NaN,NaN,NaN,NaN,NaN,NaN,NaN,NaN,0,41,41,215,1387.197717291,NaN,NaN,NaN,NaN,NaN,NaN,NaN,,NaN,,1387.482265333,1387.649754458,1387.649754458,1387.649754458,1387.649754458,1387.649754458,1387.649754458,1387.649754458,1387.649754458,1387.649754458,1398.667436166,-7,7,1,1,3.11813516699999,4,10.4451716670001,1387.191040458,1387.197717291,1387.649754458,1387.48224475,NaN,NaN,NaN,NaN,,NaN,,1387.187576875,1387.190992666,None,NaN,NaN,,NaN,NaN,NaN,NaN,NaN,NaN,NaN,11,kitchen,1,2024-04-06_10h17.33.664,image_similarity_rating,2023.2.3,None,2024-04-06 10h17.46.441618 +0200
,103,109,71,71,stimuli/own/kitchen/103_kit.jpg,stimuli/own/kitchen/109_kit.jpg,NaN,NaN,NaN,NaN,NaN,NaN,NaN,NaN,0,42,42,70,1398.673058916,NaN,NaN,NaN,NaN,NaN,NaN,NaN,,NaN,,1398.965572708,1399.130672083,1399.130672083,1399.130672083,1399.130672083,1399.130672083,1399.130672083,1399.130672083,1399.130672083,1399.130672083,1415.149927583,7,-7,1,1,6.85291941700007,3,15.418861417,1398.671125291,1398.673058916,1399.130672083,1398.965558,NaN,NaN,NaN,NaN,,NaN,,1398.667660333,1398.671075958,None,NaN,NaN,,NaN,NaN,NaN,NaN,NaN,NaN,NaN,11,kitchen,1,2024-04-06_10h17.33.664,image_similarity_rating,2023.2.3,None,2024-04-06 10h17.46.441618 +0200
,102,109,39,39,stimuli/own/kitchen/102_kit.jpg,stimuli/own/kitchen/109_kit.jpg,NaN,NaN,NaN,NaN,NaN,NaN,NaN,NaN,0,43,43,38,1415.155528166,NaN,NaN,NaN,NaN,NaN,NaN,NaN,,NaN,,1415.450088,1415.613518875,1415.613518875,1415.613518875,1415.613518875,1415.613518875,1415.613518875,1415.613518875,1415.613518875,1415.613518875,1431.183294083,7,-7,1,1,4.36318904199993,6,14.7319259579999,1415.15360425,1415.155528166,1415.613518875,1415.450073833,NaN,NaN,NaN,NaN,,NaN,,1415.150151375,1415.153557041,None,NaN,NaN,,NaN,NaN,NaN,NaN,NaN,NaN,NaN,11,kitchen,1,2024-04-06_10h17.33.664,image_similarity_rating,2023.2.3,None,2024-04-06 10h17.46.441618 +0200
,119,121,387,387,stimuli/own/kitchen/119_kit.jpg,stimuli/own/kitchen/121_kit.jpg,NaN,NaN,NaN,NaN,NaN,NaN,NaN,NaN,0,44,44,386,1431.188892375,NaN,NaN,NaN,NaN,NaN,NaN,NaN,,NaN,,1431.482096333,1431.647606041,1431.647606041,1431.647606041,1431.647606041,1431.647606041,1431.647606041,1431.647606041,1431.647606041,1431.647606041,1445.075143958,-7,7,1,4,8.47718437499998,5,11.1405213750002,1431.186950083,1431.188892375,1431.647606041,1431.482079041,NaN,NaN,NaN,NaN,,NaN,,1431.183516875,1431.186902291,None,NaN,NaN,,NaN,NaN,NaN,NaN,NaN,NaN,NaN,11,kitchen,1,2024-04-06_10h17.33.664,image_similarity_rating,2023.2.3,None,2024-04-06 10h17.46.441618 +0200
,120,124,409,409,stimuli/own/kitchen/120_kit.jpg,stimuli/own/kitchen/124_kit.jpg,NaN,NaN,NaN,NaN,NaN,NaN,NaN,NaN,0,45,45,408,1445.08069925,NaN,NaN,NaN,NaN,NaN,NaN,NaN,,NaN,,1445.365430875,1445.53663125,1445.53663125,1445.53663125,1445.53663125,1445.53663125,1445.53663125,1445.53663125,1445.53663125,1445.53663125,1457.020718041,-7,7,1,5,7.40804849999995,5,10.839217792,1445.078897041,1445.08069925,1445.53663125,1445.365413791,NaN,NaN,NaN,NaN,,NaN,,1445.075374958,1445.078850125,None,NaN,NaN,,NaN,NaN,NaN,NaN,NaN,NaN,NaN,11,kitchen,1,2024-04-06_10h17.33.664,image_similarity_rating,2023.2.3,None,2024-04-06 10h17.46.441618 +0200
,111,140,243,243,stimuli/own/kitchen/111_kit.jpg,stimuli/own/kitchen/140_kit.jpg,NaN,NaN,NaN,NaN,NaN,NaN,NaN,NaN,0,46,46,242,1457.030752583,NaN,NaN,NaN,NaN,NaN,NaN,NaN,,NaN,,1457.315426791,1457.483495625,1457.483495625,1457.483495625,1457.483495625,1457.483495625,1457.483495625,1457.483495625,1457.483495625,1457.483495625,1476.450476083,-7,7,1,3,7.06592254199995,6,17.3622001669999,1457.024393958,1457.030752583,1457.483495625,1457.315410125,NaN,NaN,NaN,NaN,,NaN,,1457.020943208,1457.024346375,None,NaN,NaN,,NaN,NaN,NaN,NaN,NaN,NaN,NaN,11,kitchen,1,2024-04-06_10h17.33.664,image_similarity_rating,2023.2.3,None,2024-04-06 10h17.46.441618 +0200
,106,138,186,186,stimuli/own/kitchen/106_kit.jpg,stimuli/own/kitchen/138_kit.jpg,NaN,NaN,NaN,NaN,NaN,NaN,NaN,NaN,0,47,47,185,1476.455982625,NaN,NaN,NaN,NaN,NaN,NaN,NaN,,NaN,,1476.748694291,1476.91853825,1476.91853825,1476.91853825,1476.91853825,1476.91853825,1476.91853825,1476.91853825,1476.91853825,1476.91853825,1488.196011583,7,-7,1,1,5.03942408300009,7,9.20167045800008,1476.454158458,1476.455982625,1476.91853825,1476.748673166,NaN,NaN,NaN,NaN,,NaN,,1476.450704125,1476.454111333,None,NaN,NaN,,NaN,NaN,NaN,NaN,NaN,NaN,NaN,11,kitchen,1,2024-04-06_10h17.33.664,image_similarity_rating,2023.2.3,None,2024-04-06 10h17.46.441618 +0200
,103,130,89,89,stimuli/own/kitchen/103_kit.jpg,stimuli/own/kitchen/130_kit.jpg,NaN,NaN,NaN,NaN,NaN,NaN,NaN,NaN,0,48,48,88,1488.201827208,NaN,NaN,NaN,NaN,NaN,NaN,NaN,,NaN,,1488.485779875,1488.649984333,1488.649984333,1488.649984333,1488.649984333,1488.649984333,1488.649984333,1488.649984333,1488.649984333,1488.649984333,1499.058335875,7,-7,1,2,6.14916645799985,6,9.68239420800001,1488.199871125,1488.201827208,1488.649984333,1488.485764,NaN,NaN,NaN,NaN,,NaN,,1488.19625625,1488.199823208,None,NaN,NaN,,NaN,NaN,NaN,NaN,NaN,NaN,NaN,11,kitchen,1,2024-04-06_10h17.33.664,image_similarity_rating,2023.2.3,None,2024-04-06 10h17.46.441618 +0200
,101,102,1,1,stimuli/own/kitchen/101_kit.jpg,stimuli/own/kitchen/102_kit.jpg,NaN,NaN,NaN,NaN,NaN,NaN,NaN,NaN,0,49,49,0,1499.063904666,NaN,NaN,NaN,NaN,NaN,NaN,NaN,,NaN,,1499.348628083,1499.516704666,1499.516704666,1499.516704666,1499.516704666,1499.516704666,1499.516704666,1499.516704666,1499.516704666,1499.516704666,1518.587241458,7,-7,1,5,9.83397079199995,5,15.2991449580002,1499.062019791,1499.063904666,1499.516704666,1499.348607125,NaN,NaN,NaN,NaN,,NaN,,1499.058566125,1499.06197275,None,NaN,NaN,,NaN,NaN,NaN,NaN,NaN,NaN,NaN,11,kitchen,1,2024-04-06_10h17.33.664,image_similarity_rating,2023.2.3,None,2024-04-06 10h17.46.441618 +0200
,105,106,131,131,stimuli/own/kitchen/105_kit.jpg,stimuli/own/kitchen/106_kit.jpg,NaN,NaN,NaN,NaN,NaN,NaN,NaN,NaN,0,50,50,130,1518.597149208,NaN,NaN,NaN,NaN,NaN,NaN,NaN,,NaN,,1518.881665375,1519.047496333,1519.047496333,1519.047496333,1519.047496333,1519.047496333,1519.047496333,1519.047496333,1519.047496333,1519.047496333,1536.945889083,-7,7,1,2,13.4307994590001,5,17.2377102089999,1518.590944166,1518.597149208,1519.047496333,1518.881650166,NaN,NaN,NaN,NaN,,NaN,,1518.58746675,1518.590895958,None,NaN,NaN,,NaN,NaN,NaN,NaN,NaN,NaN,NaN,11,kitchen,1,2024-04-06_10h17.33.664,image_similarity_rating,2023.2.3,None,2024-04-06 10h17.46.441618 +0200
,125,138,501,501,stimuli/own/kitchen/125_kit.jpg,stimuli/own/kitchen/138_kit.jpg,NaN,NaN,NaN,NaN,NaN,NaN,NaN,NaN,0,51,51,500,1536.951658083,NaN,NaN,NaN,NaN,NaN,NaN,NaN,,NaN,,1537.235529166,1537.398238833,1537.398238833,1537.398238833,1537.398238833,1537.398238833,1537.398238833,1537.398238833,1537.398238833,1537.398238833,1554.084536291,7,-7,1,2,5.42597924999995,4,16.457477208,1536.949750833,1536.951658083,1537.398238833,1537.235512833,NaN,NaN,NaN,NaN,,NaN,,1536.946148791,1536.949702416,None,NaN,NaN,,NaN,NaN,NaN,NaN,NaN,NaN,NaN,11,kitchen,1,2024-04-06_10h17.33.664,image_similarity_rating,2023.2.3,None,2024-04-06 10h17.46.441618 +0200
,102,121,49,49,stimuli/own/kitchen/102_kit.jpg,stimuli/own/kitchen/121_kit.jpg,NaN,NaN,NaN,NaN,NaN,NaN,NaN,NaN,0,52,52,48,1554.096991416,NaN,NaN,NaN,NaN,NaN,NaN,NaN,,NaN,,1554.382002875,1554.548066291,1554.548066291,1554.548066291,1554.548066291,1554.548066291,1554.548066291,1554.548066291,1554.548066291,1554.548066291,1565.658250375,7,-7,1,1,4.53339762500013,5,9.78717829199991,1554.0882345,1554.096991416,1554.548066291,1554.381984875,NaN,NaN,NaN,NaN,,NaN,,1554.084758708,1554.088187291,None,NaN,NaN,,NaN,NaN,NaN,NaN,NaN,NaN,NaN,11,kitchen,1,2024-04-06_10h17.33.664,image_similarity_rating,2023.2.3,None,2024-04-06 10h17.46.441618 +0200
,132,135,561,561,stimuli/own/kitchen/132_kit.jpg,stimuli/own/kitchen/135_kit.jpg,NaN,NaN,NaN,NaN,NaN,NaN,NaN,NaN,0,53,53,560,1565.680304,NaN,NaN,NaN,NaN,NaN,NaN,NaN,,NaN,,1565.964498833,1566.131253333,1566.131253333,1566.131253333,1566.131253333,1566.131253333,1566.131253333,1566.131253333,1566.131253333,1566.131253333,1589.07043675,7,-7,1,2,14.17118,7,22.1293734999999,1565.661913708,1565.680304,NaN,1565.964476291,NaN,NaN,NaN,NaN,,NaN,,1565.658473875,1565.661866291,None,NaN,NaN,,NaN,NaN,NaN,NaN,NaN,NaN,NaN,11,kitchen,1,2024-04-06_10h17.33.664,image_similarity_rating,2023.2.3,None,2024-04-06 10h17.46.441618 +0200
,122,123,443,443,stimuli/own/kitchen/122_kit.jpg,stimuli/own/kitchen/123_kit.jpg,NaN,NaN,NaN,NaN,NaN,NaN,NaN,NaN,0,54,54,442,1589.080239541,NaN,NaN,NaN,NaN,NaN,NaN,NaN,,NaN,,1589.364797958,1589.533349041,1589.533349041,1589.533349041,1589.533349041,1589.533349041,1589.533349041,1589.533349041,1589.533349041,1589.533349041,1603.77891825,7,-7,1,1,12.4912482500001,6,6.80505391700012,1589.074106916,1589.080239541,1589.533349041,1589.364780416,NaN,NaN,NaN,NaN,,NaN,,1589.07066,1589.074059416,None,NaN,NaN,,NaN,NaN,NaN,NaN,NaN,NaN,NaN,11,kitchen,1,2024-04-06_10h17.33.664,image_similarity_rating,2023.2.3,None,2024-04-06 10h17.46.441618 +0200
,106,132,181,181,stimuli/own/kitchen/106_kit.jpg,stimuli/own/kitchen/132_kit.jpg,NaN,NaN,NaN,NaN,NaN,NaN,NaN,NaN,0,55,55,180,1603.784455041,NaN,NaN,NaN,NaN,NaN,NaN,NaN,,NaN,,1604.068806333,1604.233412375,1604.233412375,1604.233412375,1604.233412375,1604.233412375,1604.233412375,1604.233412375,1604.233412375,1604.233412375,1621.020627083,-7,7,1,1,5.363103916,2,16.5256277919998,1603.782654916,1603.784455041,1604.233412375,1604.068789916,NaN,NaN,NaN,NaN,,NaN,,1603.779157541,1603.782606875,None,NaN,NaN,,NaN,NaN,NaN,NaN,NaN,NaN,NaN,11,kitchen,1,2024-04-06_10h17.33.664,image_similarity_rating,2023.2.3,None,2024-04-06 10h17.46.441618 +0200
,127,141,529,529,stimuli/own/kitchen/127_kit.jpg,stimuli/own/kitchen/141_kit.jpg,NaN,NaN,NaN,NaN,NaN,NaN,NaN,NaN,0,56,56,528,1621.030090541,NaN,NaN,NaN,NaN,NaN,NaN,NaN,,NaN,,1621.314595958,1621.479079416,1621.479079416,1621.479079416,1621.479079416,1621.479079416,1621.479079416,1621.479079416,1621.479079416,1621.479079416,1638.36972175,-7,7,1,2,10.0144957500002,7,14.143373417,1621.02431525,1621.030090541,1621.479079416,1621.314581375,NaN,NaN,NaN,NaN,,NaN,,1621.020862291,1621.024267958,None,NaN,NaN,,NaN,NaN,NaN,NaN,NaN,NaN,NaN,11,kitchen,1,2024-04-06_10h17.33.664,image_similarity_rating,2023.2.3,None,2024-04-06 10h17.46.441618 +0200
,113,139,293,293,stimuli/own/kitchen/113_kit.jpg,stimuli/own/kitchen/139_kit.jpg,NaN,NaN,NaN,NaN,NaN,NaN,NaN,NaN,0,57,57,292,1638.379967375,NaN,NaN,NaN,NaN,NaN,NaN,NaN,,NaN,,1638.664636583,1638.829267625,1638.829267625,1638.829267625,1638.829267625,1638.829267625,1638.829267625,1638.829267625,1638.829267625,1638.829267625,1657.233353916,-7,7,1,1,6.89109800000006,7,17.6626996669997,1638.373387583,1638.379967375,1638.829267625,1638.664621041,NaN,NaN,NaN,NaN,,NaN,,1638.369953791,1638.373340333,None,NaN,NaN,,NaN,NaN,NaN,NaN,NaN,NaN,NaN,11,kitchen,1,2024-04-06_10h17.33.664,image_similarity_rating,2023.2.3,None,2024-04-06 10h17.46.441618 +0200
,116,139,340,340,stimuli/own/kitchen/116_kit.jpg,stimuli/own/kitchen/139_kit.jpg,NaN,NaN,NaN,NaN,NaN,NaN,NaN,NaN,0,58,58,339,1657.239044708,NaN,NaN,NaN,NaN,NaN,NaN,NaN,,NaN,,1657.531219958,1657.702034625,1657.702034625,1657.702034625,1657.702034625,1657.702034625,1657.702034625,1657.702034625,1657.702034625,1657.702034625,1672.724349375,7,-7,1,2,7.32172408299994,6,14.176479833,1657.237119583,1657.239044708,1657.702034625,1657.531204458,NaN,NaN,NaN,NaN,,NaN,,1657.233588166,1657.237072583,None,NaN,NaN,,NaN,NaN,NaN,NaN,NaN,NaN,NaN,11,kitchen,1,2024-04-06_10h17.33.664,image_similarity_rating,2023.2.3,None,2024-04-06 10h17.46.441618 +0200
,126,140,516,516,stimuli/own/kitchen/126_kit.jpg,stimuli/own/kitchen/140_kit.jpg,NaN,NaN,NaN,NaN,NaN,NaN,NaN,NaN,0,59,59,515,1672.729791625,NaN,NaN,NaN,NaN,NaN,NaN,NaN,,NaN,,1673.014456208,1673.185503333,1673.185503333,1673.185503333,1673.185503333,1673.185503333,1673.185503333,1673.185503333,1673.185503333,1673.185503333,1687.378519458,7,-7,1,4,6.83075937499962,5,13.4918669999997,1672.727989208,1672.729791625,1673.185503333,1673.014439375,NaN,NaN,NaN,NaN,,NaN,,1672.724571125,1672.72794225,None,NaN,NaN,,NaN,NaN,NaN,NaN,NaN,NaN,NaN,11,kitchen,1,2024-04-06_10h17.33.664,image_similarity_rating,2023.2.3,None,2024-04-06 10h17.46.441618 +0200
,121,138,439,439,stimuli/own/kitchen/121_kit.jpg,stimuli/own/kitchen/138_kit.jpg,NaN,NaN,NaN,NaN,NaN,NaN,NaN,NaN,0,60,60,438,1687.384249958,NaN,NaN,NaN,NaN,NaN,NaN,NaN,,NaN,,1687.668078541,1687.83049725,1687.83049725,1687.83049725,1687.83049725,1687.83049725,1687.83049725,1687.83049725,1687.83049725,1687.83049725,1703.97378925,7,-7,1,4,7.46099275000006,3,15.7694322089997,1687.382329291,1687.384249958,1687.83049725,1687.668062125,NaN,NaN,NaN,NaN,,NaN,,1687.378749166,1687.382281916,None,NaN,NaN,,NaN,NaN,NaN,NaN,NaN,NaN,NaN,11,kitchen,1,2024-04-06_10h17.33.664,image_similarity_rating,2023.2.3,None,2024-04-06 10h17.46.441618 +0200
,135,136,575,575,stimuli/own/kitchen/135_kit.jpg,stimuli/own/kitchen/136_kit.jpg,NaN,NaN,NaN,NaN,NaN,NaN,NaN,NaN,0,61,61,574,1703.979414791,NaN,NaN,NaN,NaN,NaN,NaN,NaN,,NaN,,1704.264431875,1704.4349275,1704.4349275,1704.4349275,1704.4349275,1704.4349275,1704.4349275,1704.4349275,1704.4349275,1704.4349275,1724.153131208,7,-7,1,2,4.56667508300006,7,19.1730556670004,1703.977473041,1703.979414791,1704.4349275,1704.264411583,NaN,NaN,NaN,NaN,,NaN,,1703.974011583,1703.977425833,None,NaN,NaN,,NaN,NaN,NaN,NaN,NaN,NaN,NaN,11,kitchen,1,2024-04-06_10h17.33.664,image_similarity_rating,2023.2.3,None,2024-04-06 10h17.46.441618 +0200
,103,117,77,77,stimuli/own/kitchen/103_kit.jpg,stimuli/own/kitchen/117_kit.jpg,NaN,NaN,NaN,NaN,NaN,NaN,NaN,NaN,0,62,62,76,1724.163109375,NaN,NaN,NaN,NaN,NaN,NaN,NaN,,NaN,,1724.447583541,1724.615997458,1724.615997458,1724.615997458,1724.615997458,1724.615997458,1724.615997458,1724.615997458,1724.615997458,1724.615997458,1735.024602125,-7,7,1,5,6.01552520899986,6,9.85883966700021,1724.156793958,1724.163109375,1724.615997458,1724.447567291,NaN,NaN,NaN,NaN,,NaN,,1724.153354,1724.156747,None,NaN,NaN,,NaN,NaN,NaN,NaN,NaN,NaN,NaN,11,kitchen,1,2024-04-06_10h17.33.664,image_similarity_rating,2023.2.3,None,2024-04-06 10h17.46.441618 +0200
,125,139,502,502,stimuli/own/kitchen/125_kit.jpg,stimuli/own/kitchen/139_kit.jpg,NaN,NaN,NaN,NaN,NaN,NaN,NaN,NaN,0,63,63,501,1735.046550958,NaN,NaN,NaN,NaN,NaN,NaN,NaN,,NaN,,1767.314181625,1767.487638916,1767.487638916,1767.487638916,1767.487638916,1767.487638916,1767.487638916,1767.487638916,1767.487638916,1767.487638916,1781.74058725,-7,7,2,3,6.37704554099992,3,13.1075892500003,1767.022009458,1767.030160958,1767.487638916,1767.314163375,NaN,NaN,NaN,NaN,,NaN,,1735.024822333,1767.020698791,space,1735.046550958,31.97399025,None,NaN,NaN,NaN,NaN,NaN,NaN,NaN,11,kitchen,1,2024-04-06_10h17.33.664,image_similarity_rating,2023.2.3,None,2024-04-06 10h17.46.441618 +0200
,116,129,331,331,stimuli/own/kitchen/116_kit.jpg,stimuli/own/kitchen/129_kit.jpg,NaN,NaN,NaN,NaN,NaN,NaN,NaN,NaN,0,64,64,330,1781.747438083,NaN,NaN,NaN,NaN,NaN,NaN,NaN,,NaN,,1782.030855166,1782.198426291,1782.198426291,1782.198426291,1782.198426291,1782.198426291,1782.198426291,1782.198426291,1782.198426291,1782.198426291,1790.682688166,-7,7,2,1,3.3683934579999,1,8.07196720899992,1781.745067541,1781.747438083,1782.198426291,1782.030838208,NaN,NaN,NaN,NaN,,NaN,,1781.740807541,1781.745006708,None,NaN,NaN,,NaN,NaN,NaN,NaN,NaN,NaN,NaN,11,kitchen,1,2024-04-06_10h17.33.664,image_similarity_rating,2023.2.3,None,2024-04-06 10h17.46.441618 +0200
,116,119,322,322,stimuli/own/kitchen/116_kit.jpg,stimuli/own/kitchen/119_kit.jpg,NaN,NaN,NaN,NaN,NaN,NaN,NaN,NaN,0,65,65,321,1790.688137791,NaN,NaN,NaN,NaN,NaN,NaN,NaN,,NaN,,1790.981360625,1791.146844583,1791.146844583,1791.146844583,1791.146844583,1791.146844583,1791.146844583,1791.146844583,1791.146844583,1791.146844583,1808.375004125,-7,7,2,1,12.4723019159997,5,16.9122333329997,1790.68636675,1790.688137791,1791.146844583,1790.981341958,NaN,NaN,NaN,NaN,,NaN,,1790.682912041,1790.686320166,None,NaN,NaN,,NaN,NaN,NaN,NaN,NaN,NaN,NaN,11,kitchen,1,2024-04-06_10h17.33.664,image_similarity_rating,2023.2.3,None,2024-04-06 10h17.46.441618 +0200
,120,132,416,416,stimuli/own/kitchen/120_kit.jpg,stimuli/own/kitchen/132_kit.jpg,NaN,NaN,NaN,NaN,NaN,NaN,NaN,NaN,0,66,66,415,1808.380991125,NaN,NaN,NaN,NaN,NaN,NaN,NaN,,NaN,,1808.66414875,1808.826292083,1808.826292083,1808.826292083,1808.826292083,1808.826292083,1808.826292083,1808.826292083,1808.826292083,1808.826292083,1827.948318666,7,-7,2,7,11.517850833,5,18.1840351659998,1808.3787935,1808.380991125,1808.826292083,1808.664135541,NaN,NaN,NaN,NaN,,NaN,,1808.375228541,1808.378746208,None,NaN,NaN,,NaN,NaN,NaN,NaN,NaN,NaN,NaN,11,kitchen,1,2024-04-06_10h17.33.664,image_similarity_rating,2023.2.3,None,2024-04-06 10h17.46.441618 +0200
,132,140,566,566,stimuli/own/kitchen/132_kit.jpg,stimuli/own/kitchen/140_kit.jpg,NaN,NaN,NaN,NaN,NaN,NaN,NaN,NaN,0,67,67,565,1827.953928916,NaN,NaN,NaN,NaN,NaN,NaN,NaN,,NaN,,1828.247305916,1828.41201775,1828.41201775,1828.41201775,1828.41201775,1828.41201775,1828.41201775,1828.41201775,1828.41201775,1828.41201775,1840.54834425,7,-7,2,5,6.76805670799968,5,11.1499427090002,1827.951996041,1827.953928916,1828.41201775,1828.247288333,NaN,NaN,NaN,NaN,,NaN,,1827.948539708,1827.95194875,None,NaN,NaN,,NaN,NaN,NaN,NaN,NaN,NaN,NaN,11,kitchen,1,2024-04-06_10h17.33.664,image_similarity_rating,2023.2.3,None,2024-04-06 10h17.46.441618 +0200
,112,136,265,265,stimuli/own/kitchen/112_kit.jpg,stimuli/own/kitchen/136_kit.jpg,NaN,NaN,NaN,NaN,NaN,NaN,NaN,NaN,0,68,68,264,1840.553924791,NaN,NaN,NaN,NaN,NaN,NaN,NaN,,NaN,,1840.847115291,1841.019109208,1841.019109208,1841.019109208,1841.019109208,1841.019109208,1841.019109208,1841.019109208,1841.019109208,1841.019109208,1853.981559125,-7,7,2,3,11.8184584169999,6,4.691814583,1840.55198475,1840.553924791,1841.019109208,1840.847098625,NaN,NaN,NaN,NaN,,NaN,,1840.548564375,1840.55193775,None,NaN,NaN,,NaN,NaN,NaN,NaN,NaN,NaN,NaN,11,kitchen,1,2024-04-06_10h17.33.664,image_similarity_rating,2023.2.3,None,2024-04-06 10h17.46.441618 +0200
,114,130,309,309,stimuli/own/kitchen/114_kit.jpg,stimuli/own/kitchen/130_kit.jpg,NaN,NaN,NaN,NaN,NaN,NaN,NaN,NaN,0,69,69,308,1853.986950625,NaN,NaN,NaN,NaN,NaN,NaN,NaN,,NaN,,1854.280320375,1854.444036791,1854.444036791,1854.444036791,1854.444036791,1854.444036791,1854.444036791,1854.444036791,1854.444036791,1854.444036791,1872.669230041,-7,7,2,5,14.0478830419997,6,4.97729666700025,1853.985210833,1853.986950625,1854.444036791,1854.280307833,NaN,NaN,NaN,NaN,,NaN,,1853.981778958,1853.985163458,None,NaN,NaN,,NaN,NaN,NaN,NaN,NaN,NaN,NaN,11,kitchen,1,2024-04-06_10h17.33.664,image_similarity_rating,2023.2.3,None,2024-04-06 10h17.46.441618 +0200
,106,136,184,184,stimuli/own/kitchen/106_kit.jpg,stimuli/own/kitchen/136_kit.jpg,NaN,NaN,NaN,NaN,NaN,NaN,NaN,NaN,0,70,70,183,1872.67919925,NaN,NaN,NaN,NaN,NaN,NaN,NaN,,NaN,,1872.963721208,1873.127794375,1873.127794375,1873.127794375,1873.127794375,1873.127794375,1873.127794375,1873.127794375,1873.127794375,1873.127794375,1893.657564375,-7,7,2,2,10.8007300419999,6,19.305218125,1872.67289775,1872.67919925,1873.127794375,1872.963699041,NaN,NaN,NaN,NaN,,NaN,,1872.669454041,1872.672851291,None,NaN,NaN,,NaN,NaN,NaN,NaN,NaN,NaN,NaN,11,kitchen,1,2024-04-06_10h17.33.664,image_similarity_rating,2023.2.3,None,2024-04-06 10h17.46.441618 +0200
,123,134,468,468,stimuli/own/kitchen/123_kit.jpg,stimuli/own/kitchen/134_kit.jpg,NaN,NaN,NaN,NaN,NaN,NaN,NaN,NaN,0,71,71,467,1893.663797958,NaN,NaN,NaN,NaN,NaN,NaN,NaN,,NaN,,1893.946978666,1894.11482825,1894.11482825,1894.11482825,1894.11482825,1894.11482825,1894.11482825,1894.11482825,1894.11482825,1894.11482825,1910.144607916,7,-7,2,4,6.31536779199996,1,15.5618950829999,1893.661531416,1893.663797958,1894.11482825,1893.946962,NaN,NaN,NaN,NaN,,NaN,,1893.657785125,1893.661481083,None,NaN,NaN,,NaN,NaN,NaN,NaN,NaN,NaN,NaN,11,kitchen,1,2024-04-06_10h17.33.664,image_similarity_rating,2023.2.3,None,2024-04-06 10h17.46.441618 +0200
,114,132,311,311,stimuli/own/kitchen/114_kit.jpg,stimuli/own/kitchen/132_kit.jpg,NaN,NaN,NaN,NaN,NaN,NaN,NaN,NaN,0,72,72,310,1910.150384708,NaN,NaN,NaN,NaN,NaN,NaN,NaN,,NaN,,1910.435186041,1910.598426958,1910.598426958,1910.598426958,1910.598426958,1910.598426958,1910.598426958,1910.598426958,1910.598426958,1910.598426958,1937.969144083,-7,7,2,5,22.0557065419998,3,8.38073487499969,1910.148311583,1910.150384708,1910.598426958,1910.435176166,NaN,NaN,NaN,NaN,,NaN,,1910.144842875,1910.148263625,None,NaN,NaN,,NaN,NaN,NaN,NaN,NaN,NaN,NaN,11,kitchen,1,2024-04-06_10h17.33.664,image_similarity_rating,2023.2.3,None,2024-04-06 10h17.46.441618 +0200
,123,127,463,463,stimuli/own/kitchen/123_kit.jpg,stimuli/own/kitchen/127_kit.jpg,NaN,NaN,NaN,NaN,NaN,NaN,NaN,NaN,0,73,73,462,1937.979285583,NaN,NaN,NaN,NaN,NaN,NaN,NaN,,NaN,,1938.263460583,1938.430158166,1938.430158166,1938.430158166,1938.430158166,1938.430158166,1938.430158166,1938.430158166,1938.430158166,1938.430158166,1968.743961458,-7,7,2,1,19.4046546249997,2,29.6702927920001,1937.972915708,1937.979285583,1938.430158166,1938.263443833,NaN,NaN,NaN,NaN,,NaN,,1937.96936925,1937.972868791,None,NaN,NaN,,NaN,NaN,NaN,NaN,NaN,NaN,NaN,11,kitchen,1,2024-04-06_10h17.33.664,image_similarity_rating,2023.2.3,None,2024-04-06 10h17.46.441618 +0200
,112,130,260,260,stimuli/own/kitchen/112_kit.jpg,stimuli/own/kitchen/130_kit.jpg,NaN,NaN,NaN,NaN,NaN,NaN,NaN,NaN,0,74,74,259,1968.749608666,NaN,NaN,NaN,NaN,NaN,NaN,NaN,,NaN,,1969.03356625,1969.196826458,1969.196826458,1969.196826458,1969.196826458,1969.196826458,1969.196826458,1969.196826458,1969.196826458,1969.196826458,1982.139743458,-7,7,2,3,12.0151258329997,6,4.69918691600014,1968.747671,1968.749608666,1969.196826458,1969.03355275,NaN,NaN,NaN,NaN,,NaN,,1968.744184958,1968.74762325,None,NaN,NaN,,NaN,NaN,NaN,NaN,NaN,NaN,NaN,11,kitchen,1,2024-04-06_10h17.33.664,image_similarity_rating,2023.2.3,None,2024-04-06 10h17.46.441618 +0200
,114,123,303,303,stimuli/own/kitchen/114_kit.jpg,stimuli/own/kitchen/123_kit.jpg,NaN,NaN,NaN,NaN,NaN,NaN,NaN,NaN,0,75,75,302,1982.145390083,NaN,NaN,NaN,NaN,NaN,NaN,NaN,,NaN,,1982.430106708,1982.59432325,1982.59432325,1982.59432325,1982.59432325,1982.59432325,1982.59432325,1982.59432325,1982.59432325,1982.59432325,1996.428553666,7,-7,2,2,7.43849779199991,4,13.4167021669996,1982.143417625,1982.145390083,1982.59432325,1982.4300925,NaN,NaN,NaN,NaN,,NaN,,1982.139963916,1982.143371375,None,NaN,NaN,,NaN,NaN,NaN,NaN,NaN,NaN,NaN,11,kitchen,1,2024-04-06_10h17.33.664,image_similarity_rating,2023.2.3,None,2024-04-06 10h17.46.441618 +0200
,111,125,230,230,stimuli/own/kitchen/111_kit.jpg,stimuli/own/kitchen/125_kit.jpg,NaN,NaN,NaN,NaN,NaN,NaN,NaN,NaN,0,76,76,229,1996.434096875,NaN,NaN,NaN,NaN,NaN,NaN,NaN,,NaN,,1996.717557375,1996.884177708,1996.884177708,1996.884177708,1996.884177708,1996.884177708,1996.884177708,1996.884177708,1996.884177708,1996.884177708,2015.902027875,-7,7,2,3,10.30073025,5,17.7064552920001,1996.43232225,1996.434096875,1996.884177708,1996.717543833,NaN,NaN,NaN,NaN,,NaN,,1996.4287785,1996.432275333,None,NaN,NaN,,NaN,NaN,NaN,NaN,NaN,NaN,NaN,11,kitchen,1,2024-04-06_10h17.33.664,image_similarity_rating,2023.2.3,None,2024-04-06 10h17.46.441618 +0200
,101,109,6,6,stimuli/own/kitchen/101_kit.jpg,stimuli/own/kitchen/109_kit.jpg,NaN,NaN,NaN,NaN,NaN,NaN,NaN,NaN,0,77,77,5,2015.91199225,NaN,NaN,NaN,NaN,NaN,NaN,NaN,,NaN,,2016.19636875,2016.36697025,2016.36697025,2016.36697025,2016.36697025,2016.36697025,2016.36697025,2016.36697025,2016.36697025,2016.36697025,2047.40167025,-7,7,2,1,19.6564119579998,2,30.6099957500001,2015.905698375,2015.91199225,2016.36697025,2016.196352708,NaN,NaN,NaN,NaN,,NaN,,2015.902248458,2015.905651625,None,NaN,NaN,,NaN,NaN,NaN,NaN,NaN,NaN,NaN,11,kitchen,1,2024-04-06_10h17.33.664,image_similarity_rating,2023.2.3,None,2024-04-06 10h17.46.441618 +0200
,113,137,291,291,stimuli/own/kitchen/113_kit.jpg,stimuli/own/kitchen/137_kit.jpg,NaN,NaN,NaN,NaN,NaN,NaN,NaN,NaN,0,78,78,290,2047.411921583,NaN,NaN,NaN,NaN,NaN,NaN,NaN,,NaN,,2047.697127833,2047.867285666,2047.867285666,2047.867285666,2047.867285666,2047.867285666,2047.867285666,2047.867285666,2047.867285666,2047.867285666,2060.977446041,7,-7,2,3,9.54128216700019,2,12.5612404170001,2047.405324791,2047.411921583,2047.867285666,2047.697111125,NaN,NaN,NaN,NaN,,NaN,,2047.401887833,2047.405278166,None,NaN,NaN,,NaN,NaN,NaN,NaN,NaN,NaN,NaN,11,kitchen,1,2024-04-06_10h17.33.664,image_similarity_rating,2023.2.3,None,2024-04-06 10h17.46.441618 +0200
,116,127,330,330,stimuli/own/kitchen/116_kit.jpg,stimuli/own/kitchen/127_kit.jpg,NaN,NaN,NaN,NaN,NaN,NaN,NaN,NaN,0,79,79,329,2060.983077583,NaN,NaN,NaN,NaN,NaN,NaN,NaN,,NaN,,2061.267327875,2061.433709666,2061.433709666,2061.433709666,2061.433709666,2061.433709666,2061.433709666,2061.433709666,2061.433709666,2061.433709666,2072.739148375,7,-7,2,3,5.49205720800001,5,10.0935895000002,2060.981144625,2060.983077583,2061.433709666,2061.267314208,NaN,NaN,NaN,NaN,,NaN,,2060.977674458,2060.981096333,None,NaN,NaN,,NaN,NaN,NaN,NaN,NaN,NaN,NaN,11,kitchen,1,2024-04-06_10h17.33.664,image_similarity_rating,2023.2.3,None,2024-04-06 10h17.46.441618 +0200
,114,137,315,315,stimuli/own/kitchen/114_kit.jpg,stimuli/own/kitchen/137_kit.jpg,NaN,NaN,NaN,NaN,NaN,NaN,NaN,NaN,0,80,80,314,2072.744801166,NaN,NaN,NaN,NaN,NaN,NaN,NaN,,NaN,,2073.029783666,2073.193652291,2073.193652291,2073.193652291,2073.193652291,2073.193652291,2073.193652291,2073.193652291,2073.193652291,2073.193652291,2091.498345541,-7,7,2,4,10.2530655420001,4,17.7688505419997,2072.74294175,2072.744801166,2073.193652291,2073.029768583,NaN,NaN,NaN,NaN,,NaN,,2072.739371166,2072.742894125,None,NaN,NaN,,NaN,NaN,NaN,NaN,NaN,NaN,NaN,11,kitchen,1,2024-04-06_10h17.33.664,image_similarity_rating,2023.2.3,None,2024-04-06 10h17.46.441618 +0200
,117,127,352,352,stimuli/own/kitchen/117_kit.jpg,stimuli/own/kitchen/127_kit.jpg,NaN,NaN,NaN,NaN,NaN,NaN,NaN,NaN,0,81,81,351,2091.503813583,NaN,NaN,NaN,NaN,NaN,NaN,NaN,,NaN,,2091.797244416,2091.960896625,2091.960896625,2091.960896625,2091.960896625,2091.960896625,2091.960896625,2091.960896625,2091.960896625,2091.960896625,2107.482107791,-7,7,2,1,15.4121365420001,2,7.10070620900024,2091.50202375,2091.503813583,2091.960896625,2091.797227,NaN,NaN,NaN,NaN,,NaN,,2091.498568166,2091.50197375,None,NaN,NaN,,NaN,NaN,NaN,NaN,NaN,NaN,NaN,11,kitchen,1,2024-04-06_10h17.33.664,image_similarity_rating,2023.2.3,None,2024-04-06 10h17.46.441618 +0200
,121,139,440,440,stimuli/own/kitchen/121_kit.jpg,stimuli/own/kitchen/139_kit.jpg,NaN,NaN,NaN,NaN,NaN,NaN,NaN,NaN,0,82,82,439,2107.494868208,NaN,NaN,NaN,NaN,NaN,NaN,NaN,,NaN,,2107.779623083,2107.946186333,2107.946186333,2107.946186333,2107.946186333,2107.946186333,2107.946186333,2107.946186333,2107.946186333,2107.946186333,2121.056392416,7,-7,2,1,6.1270079169999,6,11.6982433329999,2107.486075125,2107.494868208,2107.946186333,2107.779605416,NaN,NaN,NaN,NaN,,NaN,,2107.482347625,2107.486025166,None,NaN,NaN,,NaN,NaN,NaN,NaN,NaN,NaN,NaN,11,kitchen,1,2024-04-06_10h17.33.664,image_similarity_rating,2023.2.3,None,2024-04-06 10h17.46.441618 +0200
,105,117,138,597,stimuli/own/kitchen/105_kit.jpg,stimuli/own/kitchen/117_kit.jpg,NaN,NaN,NaN,NaN,NaN,NaN,NaN,NaN,0,83,83,596,2121.078223833,NaN,NaN,NaN,NaN,NaN,NaN,NaN,,NaN,,2121.362358166,2121.528121583,2121.528121583,2121.528121583,2121.528121583,2121.528121583,2121.528121583,2121.528121583,2121.528121583,2121.528121583,2139.401310208,7,-7,2,5,16.3028922500002,7,9.52795645799961,2121.060058583,2121.078223833,NaN,2121.362326291,NaN,NaN,NaN,NaN,,NaN,,2121.056614833,2121.060012291,None,NaN,NaN,,NaN,NaN,NaN,NaN,NaN,NaN,NaN,11,kitchen,1,2024-04-06_10h17.33.664,image_similarity_rating,2023.2.3,None,2024-04-06 10h17.46.441618 +0200
,131,137,555,555,stimuli/own/kitchen/131_kit.jpg,stimuli/own/kitchen/137_kit.jpg,NaN,NaN,NaN,NaN,NaN,NaN,NaN,NaN,0,84,84,554,2139.411706125,NaN,NaN,NaN,NaN,NaN,NaN,NaN,,NaN,,2139.696028,2139.863368291,2139.863368291,2139.863368291,2139.863368291,2139.863368291,2139.863368291,2139.863368291,2139.863368291,2139.863368291,2154.193375625,-7,7,2,4,10.7408017090002,6,13.5594819579997,2139.405119,2139.411706125,2139.863368291,2139.696011166,NaN,NaN,NaN,NaN,,NaN,,2139.401530916,2139.405072125,None,NaN,NaN,,NaN,NaN,NaN,NaN,NaN,NaN,NaN,11,kitchen,1,2024-04-06_10h17.33.664,image_similarity_rating,2023.2.3,None,2024-04-06 10h17.46.441618 +0200
,120,135,418,418,stimuli/own/kitchen/120_kit.jpg,stimuli/own/kitchen/135_kit.jpg,NaN,NaN,NaN,NaN,NaN,NaN,NaN,NaN,0,85,85,417,2154.199058166,NaN,NaN,NaN,NaN,NaN,NaN,NaN,,NaN,,2154.483687041,2154.654628333,2154.654628333,2154.654628333,2154.654628333,2154.654628333,2154.654628333,2154.654628333,2154.654628333,2154.654628333,2171.418814916,7,-7,2,4,10.6145997089998,6,16.3138625000001,2154.197108166,2154.199058166,2154.654628333,2154.48366725,NaN,NaN,NaN,NaN,,NaN,,2154.193602291,2154.1970615,None,NaN,NaN,,NaN,NaN,NaN,NaN,NaN,NaN,NaN,11,kitchen,1,2024-04-06_10h17.33.664,image_similarity_rating,2023.2.3,None,2024-04-06 10h17.46.441618 +0200
,129,130,530,530,stimuli/own/kitchen/129_kit.jpg,stimuli/own/kitchen/130_kit.jpg,NaN,NaN,NaN,NaN,NaN,NaN,NaN,NaN,0,86,86,529,2171.427962416,NaN,NaN,NaN,NaN,NaN,NaN,NaN,,NaN,,2171.712617458,2171.878219125,2171.878219125,2171.878219125,2171.878219125,2171.878219125,2171.878219125,2171.878219125,2171.878219125,2171.878219125,2185.248361,7,-7,2,1,3.20281487500006,7,12.507276625,2171.422532125,2171.427962416,2171.878219125,2171.712599958,NaN,NaN,NaN,NaN,,NaN,,2171.419048,2171.422485,None,NaN,NaN,,NaN,NaN,NaN,NaN,NaN,NaN,NaN,11,kitchen,1,2024-04-06_10h17.33.664,image_similarity_rating,2023.2.3,None,2024-04-06 10h17.46.441618 +0200
,124,127,478,478,stimuli/own/kitchen/124_kit.jpg,stimuli/own/kitchen/127_kit.jpg,NaN,NaN,NaN,NaN,NaN,NaN,NaN,NaN,0,87,87,477,2185.25394675,NaN,NaN,NaN,NaN,NaN,NaN,NaN,,NaN,,2185.5459345,2185.718057958,2185.718057958,2185.718057958,2185.718057958,2185.718057958,2185.718057958,2185.718057958,2185.718057958,2185.718057958,2204.471965291,-7,7,2,5,12.1031589170002,2,18.1142003330001,2185.252014333,2185.25394675,2185.718057958,2185.545918,NaN,NaN,NaN,NaN,,NaN,,2185.248581083,2185.251965208,None,NaN,NaN,,NaN,NaN,NaN,NaN,NaN,NaN,NaN,11,kitchen,1,2024-04-06_10h17.33.664,image_similarity_rating,2023.2.3,None,2024-04-06 10h17.46.441618 +0200
,118,121,367,367,stimuli/own/kitchen/118_kit.jpg,stimuli/own/kitchen/121_kit.jpg,NaN,NaN,NaN,NaN,NaN,NaN,NaN,NaN,0,88,88,366,2204.477688666,NaN,NaN,NaN,NaN,NaN,NaN,NaN,,NaN,,2204.7625405,2204.928297125,2204.928297125,2204.928297125,2204.928297125,2204.928297125,2204.928297125,2204.928297125,2204.928297125,2204.928297125,2226.61387375,7,-7,2,2,21.4645821659997,1,8.60502004199998,2204.475636958,2204.477688666,2204.928297125,2204.76252525,NaN,NaN,NaN,NaN,,NaN,,2204.472186958,2204.475589375,None,NaN,NaN,,NaN,NaN,NaN,NaN,NaN,NaN,NaN,11,kitchen,1,2024-04-06_10h17.33.664,image_similarity_rating,2023.2.3,None,2024-04-06 10h17.46.441618 +0200
,112,118,249,249,stimuli/own/kitchen/112_kit.jpg,stimuli/own/kitchen/118_kit.jpg,NaN,NaN,NaN,NaN,NaN,NaN,NaN,NaN,0,89,89,248,2226.619641958,NaN,NaN,NaN,NaN,NaN,NaN,NaN,,NaN,,2226.9120315,2227.077332166,2227.077332166,2227.077332166,2227.077332166,2227.077332166,2227.077332166,2227.077332166,2227.077332166,2227.077332166,2247.227436541,7,-7,2,5,10.7550055419997,2,19.7265930000003,2226.617625291,2226.619641958,2227.077332166,2226.912015958,NaN,NaN,NaN,NaN,,NaN,,2226.614096666,2226.617577291,None,NaN,NaN,,NaN,NaN,NaN,NaN,NaN,NaN,NaN,11,kitchen,1,2024-04-06_10h17.33.664,image_similarity_rating,2023.2.3,None,2024-04-06 10h17.46.441618 +0200
,105,114,136,136,stimuli/own/kitchen/105_kit.jpg,stimuli/own/kitchen/114_kit.jpg,NaN,NaN,NaN,NaN,NaN,NaN,NaN,NaN,0,90,90,135,2247.233212166,NaN,NaN,NaN,NaN,NaN,NaN,NaN,,NaN,,2247.516265291,2247.682208625,2247.682208625,2247.682208625,2247.682208625,2247.682208625,2247.682208625,2247.682208625,2247.682208625,2247.682208625,2266.600956291,-7,7,2,1,18.355388083,7,11.1899647500004,2247.23113025,2247.233212166,2247.682208625,2247.516250125,NaN,NaN,NaN,NaN,,NaN,,2247.227655541,2247.231082833,None,NaN,NaN,,NaN,NaN,NaN,NaN,NaN,NaN,NaN,11,kitchen,1,2024-04-06_10h17.33.664,image_similarity_rating,2023.2.3,None,2024-04-06 10h17.46.441618 +0200
,120,130,414,414,stimuli/own/kitchen/120_kit.jpg,stimuli/own/kitchen/130_kit.jpg,NaN,NaN,NaN,NaN,NaN,NaN,NaN,NaN,0,91,91,413,2266.610983375,NaN,NaN,NaN,NaN,NaN,NaN,NaN,,NaN,,2266.895600375,2267.061053291,2267.061053291,2267.061053291,2267.061053291,2267.061053291,2267.061053291,2267.061053291,2267.061053291,2267.061053291,2285.105203,7,-7,2,4,16.2897804160002,5,4.74145841699965,2266.6046225,2266.610983375,2267.061053291,2266.895587083,NaN,NaN,NaN,NaN,,NaN,,2266.601176375,2266.604575583,None,NaN,NaN,,NaN,NaN,NaN,NaN,NaN,NaN,NaN,11,kitchen,1,2024-04-06_10h17.33.664,image_similarity_rating,2023.2.3,None,2024-04-06 10h17.46.441618 +0200
,113,134,288,288,stimuli/own/kitchen/113_kit.jpg,stimuli/own/kitchen/134_kit.jpg,NaN,NaN,NaN,NaN,NaN,NaN,NaN,NaN,0,92,92,287,2285.110784333,NaN,NaN,NaN,NaN,NaN,NaN,NaN,,NaN,,2285.395505625,2285.560905666,2285.560905666,2285.560905666,2285.560905666,2285.560905666,2285.560905666,2285.560905666,2285.560905666,2285.560905666,2308.672471083,7,-7,2,2,7.80068420799989,5,22.9001047919996,2285.108859541,2285.110784333,2285.560905666,2285.395489416,NaN,NaN,NaN,NaN,,NaN,,2285.10542425,2285.108812125,None,NaN,NaN,,NaN,NaN,NaN,NaN,NaN,NaN,NaN,11,kitchen,1,2024-04-06_10h17.33.664,image_similarity_rating,2023.2.3,None,2024-04-06 10h17.46.441618 +0200
,112,116,247,247,stimuli/own/kitchen/112_kit.jpg,stimuli/own/kitchen/116_kit.jpg,NaN,NaN,NaN,NaN,NaN,NaN,NaN,NaN,0,93,93,246,2308.678679541,NaN,NaN,NaN,NaN,NaN,NaN,NaN,,NaN,,2308.962686166,2309.127103041,2309.127103041,2309.127103041,2309.127103041,2309.127103041,2309.127103041,2309.127103041,2309.127103041,2309.127103041,2323.455445291,7,-7,2,1,8.94988341699991,2,12.549865125,2308.6761625,2308.678679541,2309.127103041,2308.962670833,NaN,NaN,NaN,NaN,,NaN,,2308.672692958,2308.676115625,None,NaN,NaN,,NaN,NaN,NaN,NaN,NaN,NaN,NaN,11,kitchen,1,2024-04-06_10h17.33.664,image_similarity_rating,2023.2.3,None,2024-04-06 10h17.46.441618 +0200
,111,123,228,228,stimuli/own/kitchen/111_kit.jpg,stimuli/own/kitchen/123_kit.jpg,NaN,NaN,NaN,NaN,NaN,NaN,NaN,NaN,0,94,94,227,2323.477424375,NaN,NaN,NaN,NaN,NaN,NaN,NaN,,NaN,,2323.761579375,2323.92878275,2323.92878275,2323.92878275,2323.92878275,2323.92878275,2323.92878275,2323.92878275,2323.92878275,2323.92878275,2340.542669208,-7,7,2,3,15.1258145830002,6,3.67420783299985,2323.45920075,2323.477424375,NaN,2323.761553625,NaN,NaN,NaN,NaN,,NaN,,2323.455669708,2323.459153416,None,NaN,NaN,,NaN,NaN,NaN,NaN,NaN,NaN,NaN,11,kitchen,1,2024-04-06_10h17.33.664,image_similarity_rating,2023.2.3,None,2024-04-06 10h17.46.441618 +0200
,102,130,57,57,stimuli/own/kitchen/102_kit.jpg,stimuli/own/kitchen/130_kit.jpg,NaN,NaN,NaN,NaN,NaN,NaN,NaN,NaN,0,95,95,56,2340.5483225,NaN,NaN,NaN,NaN,NaN,NaN,NaN,,NaN,,2340.8327285,2340.999596958,2340.999596958,2340.999596958,2340.999596958,2340.999596958,2340.999596958,2340.999596958,2340.999596958,2340.999596958,2352.167111666,-7,7,2,2,6.56471362500042,3,10.7152392500002,2340.546389208,2340.5483225,2340.999596958,2340.832715291,NaN,NaN,NaN,NaN,,NaN,,2340.542890291,2340.54634225,None,NaN,NaN,,NaN,NaN,NaN,NaN,NaN,NaN,NaN,11,kitchen,1,2024-04-06_10h17.33.664,image_similarity_rating,2023.2.3,None,2024-04-06 10h17.46.441618 +0200
,136,139,583,601,stimuli/own/kitchen/136_kit.jpg,stimuli/own/kitchen/139_kit.jpg,NaN,NaN,NaN,NaN,NaN,NaN,NaN,NaN,0,96,96,600,2352.177461666,NaN,NaN,NaN,NaN,NaN,NaN,NaN,,NaN,,2352.462050125,2352.63059475,2352.63059475,2352.63059475,2352.63059475,2352.63059475,2352.63059475,2352.63059475,2352.63059475,2352.63059475,2380.692978916,7,-7,2,1,19.719784417,4,25.1508414999998,2352.170778291,2352.177461666,2352.63059475,2352.462032583,NaN,NaN,NaN,NaN,,NaN,,2352.167338333,2352.170731333,None,NaN,NaN,,NaN,NaN,NaN,NaN,NaN,NaN,NaN,11,kitchen,1,2024-04-06_10h17.33.664,image_similarity_rating,2023.2.3,None,2024-04-06 10h17.46.441618 +0200
,116,125,328,328,stimuli/own/kitchen/116_kit.jpg,stimuli/own/kitchen/125_kit.jpg,NaN,NaN,NaN,NaN,NaN,NaN,NaN,NaN,0,97,97,327,2380.698906333,NaN,NaN,NaN,NaN,NaN,NaN,NaN,,NaN,,2380.98262425,2381.147092625,2381.147092625,2381.147092625,2381.147092625,2381.147092625,2381.147092625,2381.147092625,2381.147092625,2381.147092625,2398.96293375,-7,7,2,4,17.5246529999999,7,9.96843795799987,2380.6969085,2380.698906333,2381.147092625,2380.982608541,NaN,NaN,NaN,NaN,,NaN,,2380.693199708,2380.696857958,None,NaN,NaN,,NaN,NaN,NaN,NaN,NaN,NaN,NaN,11,kitchen,1,2024-04-06_10h17.33.664,image_similarity_rating,2023.2.3,None,2024-04-06 10h17.46.441618 +0200
,119,124,390,390,stimuli/own/kitchen/119_kit.jpg,stimuli/own/kitchen/124_kit.jpg,NaN,NaN,NaN,NaN,NaN,NaN,NaN,NaN,0,98,98,389,2398.968494791,NaN,NaN,NaN,NaN,NaN,NaN,NaN,,NaN,,2399.261833375,2399.430027625,2399.430027625,2399.430027625,2399.430027625,2399.430027625,2399.430027625,2399.430027625,2399.430027625,2399.430027625,2412.088765791,-7,7,2,3,8.20195237500002,4,12.4286722500001,2398.966734208,2398.968494791,2399.430027625,2399.261816041,NaN,NaN,NaN,NaN,,NaN,,2398.963154208,2398.966687333,None,NaN,NaN,,NaN,NaN,NaN,NaN,NaN,NaN,NaN,11,kitchen,1,2024-04-06_10h17.33.664,image_similarity_rating,2023.2.3,None,2024-04-06 10h17.46.441618 +0200
,116,134,335,335,stimuli/own/kitchen/116_kit.jpg,stimuli/own/kitchen/134_kit.jpg,NaN,NaN,NaN,NaN,NaN,NaN,NaN,NaN,0,99,99,334,2412.110782875,NaN,NaN,NaN,NaN,NaN,NaN,NaN,,NaN,,2412.394522333,2412.56675525,2412.56675525,2412.56675525,2412.56675525,2412.56675525,2412.56675525,2412.56675525,2412.56675525,2412.56675525,2437.271745208,-7,7,2,6,23.9144674590002,3,18.1397575420001,2412.0924255,2412.110782875,NaN,2412.394495833,NaN,NaN,NaN,NaN,,NaN,,2412.088986125,2412.092378958,None,NaN,NaN,,NaN,NaN,NaN,NaN,NaN,NaN,NaN,11,kitchen,1,2024-04-06_10h17.33.664,image_similarity_rating,2023.2.3,None,2024-04-06 10h17.46.441618 +0200
,124,130,480,480,stimuli/own/kitchen/124_kit.jpg,stimuli/own/kitchen/130_kit.jpg,NaN,NaN,NaN,NaN,NaN,NaN,NaN,NaN,0,100,100,479,2437.29385675,NaN,NaN,NaN,NaN,NaN,NaN,NaN,,NaN,,2437.577839125,2437.744467875,2437.744467875,2437.744467875,2437.744467875,2437.744467875,2437.744467875,2437.744467875,2437.744467875,2437.744467875,2454.842728333,-7,7,2,5,8.82736270799978,6,16.6416955420004,2437.275401833,2437.29385675,NaN,2437.577813416,NaN,NaN,NaN,NaN,,NaN,,2437.271968208,2437.275355041,None,NaN,NaN,,NaN,NaN,NaN,NaN,NaN,NaN,NaN,11,kitchen,1,2024-04-06_10h17.33.664,image_similarity_rating,2023.2.3,None,2024-04-06 10h17.46.441618 +0200
,126,132,509,509,stimuli/own/kitchen/126_kit.jpg,stimuli/own/kitchen/132_kit.jpg,NaN,NaN,NaN,NaN,NaN,NaN,NaN,NaN,0,101,101,508,2454.848347166,NaN,NaN,NaN,NaN,NaN,NaN,NaN,,NaN,,2455.132588791,2455.303669916,2455.303669916,2455.303669916,2455.303669916,2455.303669916,2455.303669916,2455.303669916,2455.303669916,2455.303669916,2471.371398583,-7,7,2,6,7.54305424999984,5,14.5470003750002,2454.846417666,2454.848347166,2455.303669916,2455.13257375,NaN,NaN,NaN,NaN,,NaN,,2454.842947125,2454.846370416,None,NaN,NaN,,NaN,NaN,NaN,NaN,NaN,NaN,NaN,11,kitchen,1,2024-04-06_10h17.33.664,image_similarity_rating,2023.2.3,None,2024-04-06 10h17.46.441618 +0200
,121,134,435,435,stimuli/own/kitchen/121_kit.jpg,stimuli/own/kitchen/134_kit.jpg,NaN,NaN,NaN,NaN,NaN,NaN,NaN,NaN,0,102,102,434,2471.393740416,NaN,NaN,NaN,NaN,NaN,NaN,NaN,,NaN,,2471.677702916,2471.850848291,2471.850848291,2471.850848291,2471.850848291,2471.850848291,2471.850848291,2471.850848291,2471.850848291,2471.850848291,2491.112594875,7,-7,2,5,14.0442539579999,3,18.2167570419997,2471.375067625,2471.393740416,NaN,2471.67768375,NaN,NaN,NaN,NaN,,NaN,,2471.371618541,2471.375020791,None,NaN,NaN,,NaN,NaN,NaN,NaN,NaN,NaN,NaN,11,kitchen,1,2024-04-06_10h17.33.664,image_similarity_rating,2023.2.3,None,2024-04-06 10h17.46.441618 +0200
,113,135,289,289,stimuli/own/kitchen/113_kit.jpg,stimuli/own/kitchen/135_kit.jpg,NaN,NaN,NaN,NaN,NaN,NaN,NaN,NaN,0,103,103,288,2491.1182065,NaN,NaN,NaN,NaN,NaN,NaN,NaN,,NaN,,2491.411365125,2491.577187625,2491.577187625,2491.577187625,2491.577187625,2491.577187625,2491.577187625,2491.577187625,2491.577187625,2491.577187625,2515.821506583,-7,7,2,4,8.76366837500018,6,14.8534393750001,2491.116282208,2491.1182065,2491.577187625,2491.4113495,NaN,NaN,NaN,NaN,,NaN,,2491.112830458,2491.116235375,None,NaN,NaN,,NaN,NaN,NaN,NaN,NaN,NaN,NaN,11,kitchen,1,2024-04-06_10h17.33.664,image_similarity_rating,2023.2.3,None,2024-04-06 10h17.46.441618 +0200
,113,138,292,292,stimuli/own/kitchen/113_kit.jpg,stimuli/own/kitchen/138_kit.jpg,NaN,NaN,NaN,NaN,NaN,NaN,NaN,NaN,0,104,104,291,2515.843700166,NaN,NaN,NaN,NaN,NaN,NaN,NaN,,NaN,,2516.1275095,2516.300381541,2516.300381541,2516.300381541,2516.300381541,2516.300381541,2516.300381541,2516.300381541,2516.300381541,2516.300381541,2534.863977875,-7,7,2,1,15.7806699170001,2,18.08506175,2515.825180416,2515.843700166,NaN,2516.12748875,NaN,NaN,NaN,NaN,,NaN,,2515.821728875,2515.825132708,None,NaN,NaN,,NaN,NaN,NaN,NaN,NaN,NaN,NaN,11,kitchen,1,2024-04-06_10h17.33.664,image_similarity_rating,2023.2.3,None,2024-04-06 10h17.46.441618 +0200
,116,118,321,321,stimuli/own/kitchen/116_kit.jpg,stimuli/own/kitchen/118_kit.jpg,NaN,NaN,NaN,NaN,NaN,NaN,NaN,NaN,0,105,105,320,2534.876685,NaN,NaN,NaN,NaN,NaN,NaN,NaN,,NaN,,2535.161409416,2535.327341916,2535.327341916,2535.327341916,2535.327341916,2535.327341916,2535.327341916,2535.327341916,2535.327341916,2535.327341916,2552.146247,7,-7,2,5,16.6366413749997,6,5.68865400000004,2534.867956583,2534.876685,2535.327341916,2535.161394166,NaN,NaN,NaN,NaN,,NaN,,2534.864217541,2534.867907708,None,NaN,NaN,,NaN,NaN,NaN,NaN,NaN,NaN,NaN,11,kitchen,1,2024-04-06_10h17.33.664,image_similarity_rating,2023.2.3,None,2024-04-06 10h17.46.441618 +0200
,111,122,227,227,stimuli/own/kitchen/111_kit.jpg,stimuli/own/kitchen/122_kit.jpg,NaN,NaN,NaN,NaN,NaN,NaN,NaN,NaN,0,106,106,226,2552.152327708,NaN,NaN,NaN,NaN,NaN,NaN,NaN,,NaN,,2552.444493166,2552.611375291,2552.611375291,2552.611375291,2552.611375291,2552.611375291,2552.611375291,2552.611375291,2552.611375291,2552.611375291,2571.949816416,-7,7,2,3,7.80437866700004,4,18.49408675,2552.150034333,2552.152327708,2552.611375291,2552.444477291,NaN,NaN,NaN,NaN,,NaN,,2552.14647475,2552.149985791,None,NaN,NaN,,NaN,NaN,NaN,NaN,NaN,NaN,NaN,11,kitchen,1,2024-04-06_10h17.33.664,image_similarity_rating,2023.2.3,None,2024-04-06 10h17.46.441618 +0200
,101,121,16,16,stimuli/own/kitchen/101_kit.jpg,stimuli/own/kitchen/121_kit.jpg,NaN,NaN,NaN,NaN,NaN,NaN,NaN,NaN,0,107,107,15,2571.959849,NaN,NaN,NaN,NaN,NaN,NaN,NaN,,NaN,,2572.244535166,2572.4121225,2572.4121225,2572.4121225,2572.4121225,2572.4121225,2572.4121225,2572.4121225,2572.4121225,2572.4121225,2588.000966833,7,-7,2,2,7.85736970900007,2,15.1496144590001,2571.953468875,2571.959849,2572.4121225,2572.244514583,NaN,NaN,NaN,NaN,,NaN,,2571.950039583,2571.953421666,None,NaN,NaN,,NaN,NaN,NaN,NaN,NaN,NaN,NaN,11,kitchen,1,2024-04-06_10h17.33.664,image_similarity_rating,2023.2.3,None,2024-04-06 10h17.46.441618 +0200
,104,137,126,126,stimuli/own/kitchen/104_kit.jpg,stimuli/own/kitchen/137_kit.jpg,NaN,NaN,NaN,NaN,NaN,NaN,NaN,NaN,0,108,108,125,2588.009773541,NaN,NaN,NaN,NaN,NaN,NaN,NaN,,NaN,,2588.295350333,2588.462140208,2588.462140208,2588.462140208,2588.462140208,2588.462140208,2588.462140208,2588.462140208,2588.462140208,2588.462140208,2608.05845,7,-7,2,1,18.791298916,7,6.78144320899992,2588.004616791,2588.009773541,2588.462140208,2588.295335875,NaN,NaN,NaN,NaN,,NaN,,2588.001188125,2588.004570583,None,NaN,NaN,,NaN,NaN,NaN,NaN,NaN,NaN,NaN,11,kitchen,1,2024-04-06_10h17.33.664,image_similarity_rating,2023.2.3,None,2024-04-06 10h17.46.441618 +0200
,129,137,536,536,stimuli/own/kitchen/129_kit.jpg,stimuli/own/kitchen/137_kit.jpg,NaN,NaN,NaN,NaN,NaN,NaN,NaN,NaN,0,109,109,535,2608.063952958,NaN,NaN,NaN,NaN,NaN,NaN,NaN,,NaN,,2608.348598208,2608.513698541,2608.513698541,2608.513698541,2608.513698541,2608.513698541,2608.513698541,2608.513698541,2608.513698541,2608.513698541,2625.145357666,7,-7,2,1,16.0419245000003,7,7.25542600000017,2608.062150875,2608.063952958,2608.513698541,2608.348584833,NaN,NaN,NaN,NaN,,NaN,,2608.058679833,2608.062103416,None,NaN,NaN,,NaN,NaN,NaN,NaN,NaN,NaN,NaN,11,kitchen,1,2024-04-06_10h17.33.664,image_similarity_rating,2023.2.3,None,2024-04-06 10h17.46.441618 +0200
,109,139,215,215,stimuli/own/kitchen/109_kit.jpg,stimuli/own/kitchen/139_kit.jpg,NaN,NaN,NaN,NaN,NaN,NaN,NaN,NaN,0,110,110,214,2625.150957666,NaN,NaN,NaN,NaN,NaN,NaN,NaN,,NaN,,2625.445117041,2625.611359375,2625.611359375,2625.611359375,2625.611359375,2625.611359375,2625.611359375,2625.611359375,2625.611359375,2625.611359375,2640.14595725,7,-7,2,1,6.65720712499979,2,13.40522925,2625.1490155,2625.150957666,2625.611359375,2625.445103416,NaN,NaN,NaN,NaN,,NaN,,2625.145578083,2625.148968708,None,NaN,NaN,,NaN,NaN,NaN,NaN,NaN,NaN,NaN,11,kitchen,1,2024-04-06_10h17.33.664,image_similarity_rating,2023.2.3,None,2024-04-06 10h17.46.441618 +0200
,122,140,458,458,stimuli/own/kitchen/122_kit.jpg,stimuli/own/kitchen/140_kit.jpg,NaN,NaN,NaN,NaN,NaN,NaN,NaN,NaN,0,111,111,457,2640.159574,NaN,NaN,NaN,NaN,NaN,NaN,NaN,,NaN,,2640.444807833,2640.610702375,2640.610702375,2640.610702375,2640.610702375,2640.610702375,2640.610702375,2640.610702375,2640.610702375,2640.610702375,2653.212080083,-7,7,2,3,7.61640816599993,4,11.252130458,2640.149750791,2640.159574,2640.610702375,2640.444789166,NaN,NaN,NaN,NaN,,NaN,,2640.14618275,2640.149701458,None,NaN,NaN,,NaN,NaN,NaN,NaN,NaN,NaN,NaN,11,kitchen,1,2024-04-06_10h17.33.664,image_similarity_rating,2023.2.3,None,2024-04-06 10h17.46.441618 +0200
,103,106,70,70,stimuli/own/kitchen/103_kit.jpg,stimuli/own/kitchen/106_kit.jpg,NaN,NaN,NaN,NaN,NaN,NaN,NaN,NaN,0,112,112,69,2653.217753,NaN,NaN,NaN,NaN,NaN,NaN,NaN,,NaN,,2653.51077275,2653.675516541,2653.675516541,2653.675516541,2653.675516541,2653.675516541,2653.675516541,2653.675516541,2653.675516541,2653.675516541,2660.145446208,7,-7,2,1,3.32486745800043,4,5.72936733400002,2653.215828125,2653.217753,2653.675516541,2653.510756625,NaN,NaN,NaN,NaN,,NaN,,2653.212300333,2653.215781333,None,NaN,NaN,,NaN,NaN,NaN,NaN,NaN,NaN,NaN,11,kitchen,1,2024-04-06_10h17.33.664,image_similarity_rating,2023.2.3,None,2024-04-06 10h17.46.441618 +0200
,125,131,495,495,stimuli/own/kitchen/125_kit.jpg,stimuli/own/kitchen/131_kit.jpg,NaN,NaN,NaN,NaN,NaN,NaN,NaN,NaN,0,113,113,494,2660.151011875,NaN,NaN,NaN,NaN,NaN,NaN,NaN,,NaN,,2660.444783125,2660.609762,2660.609762,2660.609762,2660.609762,2660.609762,2660.609762,2660.609762,2660.609762,2660.609762,2685.825512208,7,-7,2,4,10.1863180830001,6,24.756780875,2660.149091958,2660.151011875,2660.609762,2660.444768375,NaN,NaN,NaN,NaN,,NaN,,2660.145667,2660.149045375,None,NaN,NaN,,NaN,NaN,NaN,NaN,NaN,NaN,NaN,11,kitchen,1,2024-04-06_10h17.33.664,image_similarity_rating,2023.2.3,None,2024-04-06 10h17.46.441618 +0200
,124,137,486,486,stimuli/own/kitchen/124_kit.jpg,stimuli/own/kitchen/137_kit.jpg,NaN,NaN,NaN,NaN,NaN,NaN,NaN,NaN,0,114,114,485,2685.831537583,NaN,NaN,NaN,NaN,NaN,NaN,NaN,,NaN,,2686.116132708,2686.280059208,2686.280059208,2686.280059208,2686.280059208,2686.280059208,2686.280059208,2686.280059208,2686.280059208,2686.280059208,2705.329033291,-7,7,2,3,18.5320257920002,6,8.76348504099997,2685.829434875,2685.831537583,2686.280059208,2686.116119208,NaN,NaN,NaN,NaN,,NaN,,2685.825730291,2685.829384541,None,NaN,NaN,,NaN,NaN,NaN,NaN,NaN,NaN,NaN,11,kitchen,1,2024-04-06_10h17.33.664,image_similarity_rating,2023.2.3,None,2024-04-06 10h17.46.441618 +0200
,104,119,110,110,stimuli/own/kitchen/104_kit.jpg,stimuli/own/kitchen/119_kit.jpg,NaN,NaN,NaN,NaN,NaN,NaN,NaN,NaN,0,115,115,109,2705.342801541,NaN,NaN,NaN,NaN,NaN,NaN,NaN,,NaN,,2705.628098083,2705.797933041,2705.797933041,2705.797933041,2705.797933041,2705.797933041,2705.797933041,2705.797933041,2705.797933041,2705.797933041,2734.870202041,7,-7,2,1,28.4420367089997,6,22.090265625,2705.332885708,2705.342801541,2705.797933041,2705.628080375,NaN,NaN,NaN,NaN,,NaN,,2705.329265333,2705.332837,None,NaN,NaN,,NaN,NaN,NaN,NaN,NaN,NaN,NaN,11,kitchen,1,2024-04-06_10h17.33.664,image_similarity_rating,2023.2.3,None,2024-04-06 10h17.46.441618 +0200
,136,141,585,585,stimuli/own/kitchen/136_kit.jpg,stimuli/own/kitchen/141_kit.jpg,NaN,NaN,NaN,NaN,NaN,NaN,NaN,NaN,0,116,116,584,2734.87561025,NaN,NaN,NaN,NaN,NaN,NaN,NaN,,NaN,,2735.160596083,2735.32499725,2735.32499725,2735.32499725,2735.32499725,2735.32499725,2735.32499725,2735.32499725,2735.32499725,2735.32499725,2759.04144,-7,7,2,6,19.5278210830002,5,22.5712020840001,2734.873854416,2734.87561025,2735.32499725,2735.160581458,NaN,NaN,NaN,NaN,,NaN,,2734.870425125,2734.873807958,None,NaN,NaN,,NaN,NaN,NaN,NaN,NaN,NaN,NaN,11,kitchen,1,2024-04-06_10h17.33.664,image_similarity_rating,2023.2.3,None,2024-04-06 10h17.46.441618 +0200
,117,134,357,357,stimuli/own/kitchen/117_kit.jpg,stimuli/own/kitchen/134_kit.jpg,NaN,NaN,NaN,NaN,NaN,NaN,NaN,NaN,0,117,117,356,2759.04690825,NaN,NaN,NaN,NaN,NaN,NaN,NaN,,NaN,,2759.331348166,2759.499921791,2759.499921791,2759.499921791,2759.499921791,2759.499921791,2759.499921791,2759.499921791,2759.499921791,2759.499921791,2775.515798541,7,-7,2,2,6.92777399999977,3,15.2286625000002,2759.045143875,2759.04690825,2759.499921791,2759.331332916,NaN,NaN,NaN,NaN,,NaN,,2759.041687458,2759.045096875,None,NaN,NaN,,NaN,NaN,NaN,NaN,NaN,NaN,NaN,11,kitchen,1,2024-04-06_10h17.33.664,image_similarity_rating,2023.2.3,None,2024-04-06 10h17.46.441618 +0200
,105,138,157,157,stimuli/own/kitchen/105_kit.jpg,stimuli/own/kitchen/138_kit.jpg,NaN,NaN,NaN,NaN,NaN,NaN,NaN,NaN,0,118,118,156,2775.525954666,NaN,NaN,NaN,NaN,NaN,NaN,NaN,,NaN,,2775.810550916,2775.975653125,2775.975653125,2775.975653125,2775.975653125,2775.975653125,2775.975653125,2775.975653125,2775.975653125,2775.975653125,2789.636534583,-7,7,2,4,7.85906170899989,4,12.026384708,2775.519460083,2775.525954666,2775.975653125,2775.810537916,NaN,NaN,NaN,NaN,,NaN,,2775.516020791,2775.519412833,None,NaN,NaN,,NaN,NaN,NaN,NaN,NaN,NaN,NaN,11,kitchen,1,2024-04-06_10h17.33.664,image_similarity_rating,2023.2.3,None,2024-04-06 10h17.46.441618 +0200
,139,140,593,593,stimuli/own/kitchen/139_kit.jpg,stimuli/own/kitchen/140_kit.jpg,NaN,NaN,NaN,NaN,NaN,NaN,NaN,NaN,0,119,119,592,2789.642382666,NaN,NaN,NaN,NaN,NaN,NaN,NaN,,NaN,,2789.927112708,2790.098214458,2790.098214458,2790.098214458,2790.098214458,2790.098214458,2790.098214458,2790.098214458,2790.098214458,2790.098214458,2814.086476708,7,-7,2,1,22.2525761659999,7,12.655445333,2789.640205291,2789.642382666,2790.098214458,2789.927094791,NaN,NaN,NaN,NaN,,NaN,,2789.636758125,2789.640158458,None,NaN,NaN,,NaN,NaN,NaN,NaN,NaN,NaN,NaN,11,kitchen,1,2024-04-06_10h17.33.664,image_similarity_rating,2023.2.3,None,2024-04-06 10h17.46.441618 +0200
,103,120,80,80,stimuli/own/kitchen/103_kit.jpg,stimuli/own/kitchen/120_kit.jpg,NaN,NaN,NaN,NaN,NaN,NaN,NaN,NaN,0,120,120,79,2814.092348416,NaN,NaN,NaN,NaN,NaN,NaN,NaN,,NaN,,2814.377095125,2814.542925541,2814.542925541,2814.542925541,2814.542925541,2814.542925541,2814.542925541,2814.542925541,2814.542925541,2814.542925541,2835.758782458,7,-7,2,1,9.61883712500003,6,20.9946573339998,2814.090139291,2814.092348416,2814.542925541,2814.377079666,NaN,NaN,NaN,NaN,,NaN,,2814.086698125,2814.090091916,None,NaN,NaN,,NaN,NaN,NaN,NaN,NaN,NaN,NaN,11,kitchen,1,2024-04-06_10h17.33.664,image_similarity_rating,2023.2.3,None,2024-04-06 10h17.46.441618 +0200
,131,139,557,557,stimuli/own/kitchen/131_kit.jpg,stimuli/own/kitchen/139_kit.jpg,NaN,NaN,NaN,NaN,NaN,NaN,NaN,NaN,0,121,121,556,2835.76470825,NaN,NaN,NaN,NaN,NaN,NaN,NaN,,NaN,,2836.061008833,2836.22604525,2836.22604525,2836.22604525,2836.22604525,2836.22604525,2836.22604525,2836.22604525,2836.22604525,2836.22604525,2857.271056708,-7,7,2,1,14.1107151670003,4,20.7643118330002,2835.762615375,2835.76470825,2836.22604525,2836.0609905,NaN,NaN,NaN,NaN,,NaN,,2835.759007833,2835.762568208,None,NaN,NaN,,NaN,NaN,NaN,NaN,NaN,NaN,NaN,11,kitchen,1,2024-04-06_10h17.33.664,image_similarity_rating,2023.2.3,None,2024-04-06 10h17.46.441618 +0200
,111,120,225,225,stimuli/own/kitchen/111_kit.jpg,stimuli/own/kitchen/120_kit.jpg,NaN,NaN,NaN,NaN,NaN,NaN,NaN,NaN,0,122,122,224,2857.276803416,NaN,NaN,NaN,NaN,NaN,NaN,NaN,,NaN,,2857.560022625,2857.724544958,2857.724544958,2857.724544958,2857.724544958,2857.724544958,2857.724544958,2857.724544958,2857.724544958,2857.724544958,2879.144496958,-7,7,2,3,20.1049953330003,5,7.05626445799999,2857.274738625,2857.276803416,2857.724544958,2857.56000825,NaN,NaN,NaN,NaN,,NaN,,2857.27127575,2857.274691083,None,NaN,NaN,,NaN,NaN,NaN,NaN,NaN,NaN,NaN,11,kitchen,1,2024-04-06_10h17.33.664,image_similarity_rating,2023.2.3,None,2024-04-06 10h17.46.441618 +0200
,114,124,304,304,stimuli/own/kitchen/114_kit.jpg,stimuli/own/kitchen/124_kit.jpg,NaN,NaN,NaN,NaN,NaN,NaN,NaN,NaN,0,123,123,303,2879.150046375,NaN,NaN,NaN,NaN,NaN,NaN,NaN,,NaN,,2879.443363708,2879.612201166,2879.612201166,2879.612201166,2879.612201166,2879.612201166,2879.612201166,2879.612201166,2879.612201166,2879.612201166,2904.695488958,7,-7,2,6,8.26733920800007,4,24.398187708,2879.148287166,2879.150046375,2879.612201166,2879.443338416,NaN,NaN,NaN,NaN,,NaN,,2879.144721166,2879.148240041,None,NaN,NaN,,NaN,NaN,NaN,NaN,NaN,NaN,NaN,11,kitchen,1,2024-04-06_10h17.33.664,image_similarity_rating,2023.2.3,None,2024-04-06 10h17.46.441618 +0200
,114,118,298,298,stimuli/own/kitchen/114_kit.jpg,stimuli/own/kitchen/118_kit.jpg,NaN,NaN,NaN,NaN,NaN,NaN,NaN,NaN,0,124,124,297,2904.701375,NaN,NaN,NaN,NaN,NaN,NaN,NaN,,NaN,,2904.993305833,2905.15876225,2905.15876225,2905.15876225,2905.15876225,2905.15876225,2905.15876225,2905.15876225,2905.15876225,2905.15876225,2935.398481541,7,-7,2,5,7.86599495799965,5,26.2801946249997,2904.699272375,2904.701375,2905.15876225,2904.993290666,NaN,NaN,NaN,NaN,,NaN,,2904.695713291,2904.69922375,None,NaN,NaN,,NaN,NaN,NaN,NaN,NaN,NaN,NaN,11,kitchen,1,2024-04-06_10h17.33.664,image_similarity_rating,2023.2.3,None,2024-04-06 10h17.46.441618 +0200
,122,125,445,445,stimuli/own/kitchen/122_kit.jpg,stimuli/own/kitchen/125_kit.jpg,NaN,NaN,NaN,NaN,NaN,NaN,NaN,NaN,0,125,125,444,2935.408591708,NaN,NaN,NaN,NaN,NaN,NaN,NaN,,NaN,,2935.693301208,2935.864537625,2935.864537625,2935.864537625,2935.864537625,2935.864537625,2935.864537625,2935.864537625,2935.864537625,2935.864537625,2950.807497875,-7,7,2,5,14.5537051670003,7,5.70213033299979,2935.402148375,2935.408591708,2935.864537625,2935.69327975,NaN,NaN,NaN,NaN,,NaN,,2935.398703291,2935.402101125,None,NaN,NaN,,NaN,NaN,NaN,NaN,NaN,NaN,NaN,11,kitchen,1,2024-04-06_10h17.33.664,image_similarity_rating,2023.2.3,None,2024-04-06 10h17.46.441618 +0200
,101,135,28,28,stimuli/own/kitchen/101_kit.jpg,stimuli/own/kitchen/135_kit.jpg,NaN,NaN,NaN,NaN,NaN,NaN,NaN,NaN,0,126,126,27,2950.813170833,NaN,NaN,NaN,NaN,NaN,NaN,NaN,,NaN,,3083.459203958,3083.632898916,3083.632898916,3083.632898916,3083.632898916,3083.632898916,3083.632898916,3083.632898916,3083.632898916,3083.632898916,3102.615084,7,-7,3,5,9.89382270800024,6,18.3853926250003,3083.167940583,3083.175331583,3083.632898916,3083.459188,NaN,NaN,NaN,NaN,,NaN,,2950.807737208,3083.16756475,space,2950.813170833,132.3542225,None,NaN,NaN,NaN,NaN,NaN,NaN,NaN,11,kitchen,1,2024-04-06_10h17.33.664,image_similarity_rating,2023.2.3,None,2024-04-06 10h17.46.441618 +0200
,127,138,526,526,stimuli/own/kitchen/127_kit.jpg,stimuli/own/kitchen/138_kit.jpg,NaN,NaN,NaN,NaN,NaN,NaN,NaN,NaN,0,127,127,525,3102.624874833,NaN,NaN,NaN,NaN,NaN,NaN,NaN,,NaN,,3102.909114416,3103.07450025,3103.07450025,3103.07450025,3103.07450025,3103.07450025,3103.07450025,3103.07450025,3103.07450025,3103.07450025,3121.981453041,-7,7,3,5,13.9787449999999,6,4.88903170799995,3102.619379875,3102.624874833,3103.07450025,3102.909098958,NaN,NaN,NaN,NaN,,NaN,,3102.61530625,3102.619332708,None,NaN,NaN,,NaN,NaN,NaN,NaN,NaN,NaN,NaN,11,kitchen,1,2024-04-06_10h17.33.664,image_similarity_rating,2023.2.3,None,2024-04-06 10h17.46.441618 +0200
,113,118,274,274,stimuli/own/kitchen/113_kit.jpg,stimuli/own/kitchen/118_kit.jpg,NaN,NaN,NaN,NaN,NaN,NaN,NaN,NaN,0,128,128,273,3121.991315291,NaN,NaN,NaN,NaN,NaN,NaN,NaN,,NaN,,3122.275693875,3122.444952875,3122.444952875,3122.444952875,3122.444952875,3122.444952875,3122.444952875,3122.444952875,3122.444952875,3122.444952875,3146.740076833,-7,7,3,4,18.1845331669997,1,7.34940720799977,3121.985129208,3121.991315291,3122.444952875,3122.275677208,NaN,NaN,NaN,NaN,,NaN,,3121.981676708,3121.985082208,None,NaN,NaN,,NaN,NaN,NaN,NaN,NaN,NaN,NaN,11,kitchen,1,2024-04-06_10h17.33.664,image_similarity_rating,2023.2.3,None,2024-04-06 10h17.46.441618 +0200
,102,129,56,56,stimuli/own/kitchen/102_kit.jpg,stimuli/own/kitchen/129_kit.jpg,NaN,NaN,NaN,NaN,NaN,NaN,NaN,NaN,0,129,129,55,3146.745822125,NaN,NaN,NaN,NaN,NaN,NaN,NaN,,NaN,,3147.029918791,3147.194199875,3147.194199875,3147.194199875,3147.194199875,3147.194199875,3147.194199875,3147.194199875,3147.194199875,3147.194199875,3162.926776958,7,-7,3,1,3.69900066699984,3,10.8032926250003,3146.743896916,3146.745822125,3147.194199875,3147.029902208,NaN,NaN,NaN,NaN,,NaN,,3146.74030075,3146.743849291,None,NaN,NaN,,NaN,NaN,NaN,NaN,NaN,NaN,NaN,11,kitchen,1,2024-04-06_10h17.33.664,image_similarity_rating,2023.2.3,None,2024-04-06 10h17.46.441618 +0200
,125,136,499,499,stimuli/own/kitchen/125_kit.jpg,stimuli/own/kitchen/136_kit.jpg,NaN,NaN,NaN,NaN,NaN,NaN,NaN,NaN,0,130,130,498,3162.932297041,NaN,NaN,NaN,NaN,NaN,NaN,NaN,,NaN,,3163.225596458,3163.392203583,3163.392203583,3163.392203583,3163.392203583,3163.392203583,3163.392203583,3163.392203583,3163.392203583,3163.392203583,3187.856425666,-7,7,3,1,23.9113443340002,4,12.3517214159997,3162.930537166,3162.932297041,3163.392203583,3163.225575125,NaN,NaN,NaN,NaN,,NaN,,3162.927004333,3162.930490708,None,NaN,NaN,,NaN,NaN,NaN,NaN,NaN,NaN,NaN,11,kitchen,1,2024-04-06_10h17.33.664,image_similarity_rating,2023.2.3,None,2024-04-06 10h17.46.441618 +0200
,106,116,166,166,stimuli/own/kitchen/106_kit.jpg,stimuli/own/kitchen/116_kit.jpg,NaN,NaN,NaN,NaN,NaN,NaN,NaN,NaN,0,131,131,165,3187.862076291,NaN,NaN,NaN,NaN,NaN,NaN,NaN,,NaN,,3188.146321625,3188.315218375,3188.315218375,3188.315218375,3188.315218375,3188.315218375,3188.315218375,3188.315218375,3188.315218375,3188.315218375,3204.118586958,-7,7,3,2,8.85511679199999,1,10.1381070830002,3187.860138083,3187.862076291,3188.315218375,3188.146307,NaN,NaN,NaN,NaN,,NaN,,3187.8566735,3187.860090916,None,NaN,NaN,,NaN,NaN,NaN,NaN,NaN,NaN,NaN,11,kitchen,1,2024-04-06_10h17.33.664,image_similarity_rating,2023.2.3,None,2024-04-06 10h17.46.441618 +0200
,114,139,317,317,stimuli/own/kitchen/114_kit.jpg,stimuli/own/kitchen/139_kit.jpg,NaN,NaN,NaN,NaN,NaN,NaN,NaN,NaN,0,132,132,316,3204.124113125,NaN,NaN,NaN,NaN,NaN,NaN,NaN,,NaN,,3204.408862791,3204.575064125,3204.575064125,3204.575064125,3204.575064125,3204.575064125,3204.575064125,3204.575064125,3204.575064125,3204.575064125,3233.301871208,7,-7,3,2,15.7269958339998,1,27.872648,3204.1222425,3204.124113125,3204.575064125,3204.408843083,NaN,NaN,NaN,NaN,,NaN,,3204.118810416,3204.122196041,None,NaN,NaN,,NaN,NaN,NaN,NaN,NaN,NaN,NaN,11,kitchen,1,2024-04-06_10h17.33.664,image_similarity_rating,2023.2.3,None,2024-04-06 10h17.46.441618 +0200
,101,139,32,32,stimuli/own/kitchen/101_kit.jpg,stimuli/own/kitchen/139_kit.jpg,NaN,NaN,NaN,NaN,NaN,NaN,NaN,NaN,0,133,133,31,3233.32433075,NaN,NaN,NaN,NaN,NaN,NaN,NaN,,NaN,,3233.608118541,3233.771967125,3233.771967125,3233.771967125,3233.771967125,3233.771967125,3233.771967125,3233.771967125,3233.771967125,3233.771967125,3255.947192125,7,-7,3,5,20.9392877500004,6,11.6347856660004,3233.305540583,3233.32433075,NaN,3233.608100916,NaN,NaN,NaN,NaN,,NaN,,3233.302089583,3233.305493625,None,NaN,NaN,,NaN,NaN,NaN,NaN,NaN,NaN,NaN,11,kitchen,1,2024-04-06_10h17.33.664,image_similarity_rating,2023.2.3,None,2024-04-06 10h17.46.441618 +0200
,114,119,299,299,stimuli/own/kitchen/114_kit.jpg,stimuli/own/kitchen/119_kit.jpg,NaN,NaN,NaN,NaN,NaN,NaN,NaN,NaN,0,134,134,298,3255.957261291,NaN,NaN,NaN,NaN,NaN,NaN,NaN,,NaN,,3256.241969958,3256.410708583,3256.410708583,3256.410708583,3256.410708583,3256.410708583,3256.410708583,3256.410708583,3256.410708583,3256.410708583,3273.006351,7,-7,3,3,9.93966195800022,5,15.9580112920003,3255.95097175,3255.957261291,3256.410708583,3256.241949416,NaN,NaN,NaN,NaN,,NaN,,3255.947418041,3255.95092575,None,NaN,NaN,,NaN,NaN,NaN,NaN,NaN,NaN,NaN,11,kitchen,1,2024-04-06_10h17.33.664,image_similarity_rating,2023.2.3,None,2024-04-06 10h17.46.441618 +0200
,122,139,457,457,stimuli/own/kitchen/122_kit.jpg,stimuli/own/kitchen/139_kit.jpg,NaN,NaN,NaN,NaN,NaN,NaN,NaN,NaN,0,135,135,456,3273.011973083,NaN,NaN,NaN,NaN,NaN,NaN,NaN,,NaN,,3273.29620275,3273.463120125,3273.463120125,3273.463120125,3273.463120125,3273.463120125,3273.463120125,3273.463120125,3273.463120125,3273.463120125,3294.83953325,-7,7,3,4,20.28043325,1,11.7050866660002,3273.01004825,3273.011973083,3273.463120125,3273.296189583,NaN,NaN,NaN,NaN,,NaN,,3273.006575833,3273.010000958,None,NaN,NaN,,NaN,NaN,NaN,NaN,NaN,NaN,NaN,11,kitchen,1,2024-04-06_10h17.33.664,image_similarity_rating,2023.2.3,None,2024-04-06 10h17.46.441618 +0200
,109,113,192,192,stimuli/own/kitchen/109_kit.jpg,stimuli/own/kitchen/113_kit.jpg,NaN,NaN,NaN,NaN,NaN,NaN,NaN,NaN,0,136,136,191,3294.845300541,NaN,NaN,NaN,NaN,NaN,NaN,NaN,,NaN,,3295.129014416,3295.294501166,3295.294501166,3295.294501166,3295.294501166,3295.294501166,3295.294501166,3295.294501166,3295.294501166,3295.294501166,3314.64652925,7,-7,3,2,14.213315,2,19.0025772079998,3294.843218583,3294.845300541,3295.294501166,3295.129001958,NaN,NaN,NaN,NaN,,NaN,,3294.839753916,3294.843171708,None,NaN,NaN,,NaN,NaN,NaN,NaN,NaN,NaN,NaN,11,kitchen,1,2024-04-06_10h17.33.664,image_similarity_rating,2023.2.3,None,2024-04-06 10h17.46.441618 +0200
,104,122,113,113,stimuli/own/kitchen/104_kit.jpg,stimuli/own/kitchen/122_kit.jpg,NaN,NaN,NaN,NaN,NaN,NaN,NaN,NaN,0,137,137,112,3314.657091416,NaN,NaN,NaN,NaN,NaN,NaN,NaN,,NaN,,3314.942330416,3315.108657833,3315.108657833,3315.108657833,3315.108657833,3315.108657833,3315.108657833,3315.108657833,3315.108657833,3315.108657833,3335.976168041,-7,7,3,3,12.665589917,4,19.7315082920004,3314.650178375,3314.657091416,3315.108657833,3314.942314958,NaN,NaN,NaN,NaN,,NaN,,3314.646746833,3314.650131791,None,NaN,NaN,,NaN,NaN,NaN,NaN,NaN,NaN,NaN,11,kitchen,1,2024-04-06_10h17.33.664,image_similarity_rating,2023.2.3,None,2024-04-06 10h17.46.441618 +0200
,123,125,461,461,stimuli/own/kitchen/123_kit.jpg,stimuli/own/kitchen/125_kit.jpg,NaN,NaN,NaN,NaN,NaN,NaN,NaN,NaN,0,138,138,460,3335.981664666,NaN,NaN,NaN,NaN,NaN,NaN,NaN,,NaN,,3336.275074541,3336.445197333,3336.445197333,3336.445197333,3336.445197333,3336.445197333,3336.445197333,3336.445197333,3336.445197333,3336.445197333,3353.888705625,-7,7,3,2,16.9478410420002,5,6.86184304200015,3335.979897083,3335.981664666,3336.445197333,3336.275053291,NaN,NaN,NaN,NaN,,NaN,,3335.97638625,3335.979850958,None,NaN,NaN,,NaN,NaN,NaN,NaN,NaN,NaN,NaN,11,kitchen,1,2024-04-06_10h17.33.664,image_similarity_rating,2023.2.3,None,2024-04-06 10h17.46.441618 +0200
,112,134,263,263,stimuli/own/kitchen/112_kit.jpg,stimuli/own/kitchen/134_kit.jpg,NaN,NaN,NaN,NaN,NaN,NaN,NaN,NaN,0,139,139,262,3353.894512333,NaN,NaN,NaN,NaN,NaN,NaN,NaN,,NaN,,3354.179002333,3354.343831833,3354.343831833,3354.343831833,3354.343831833,3354.343831833,3354.343831833,3354.343831833,3354.343831833,3354.343831833,3366.509603458,7,-7,3,5,5.06580158299994,7,11.153511041,3353.892419833,3353.894512333,3354.343831833,3354.178990083,NaN,NaN,NaN,NaN,,NaN,,3353.888923458,3353.892372791,None,NaN,NaN,,NaN,NaN,NaN,NaN,NaN,NaN,NaN,11,kitchen,1,2024-04-06_10h17.33.664,image_similarity_rating,2023.2.3,None,2024-04-06 10h17.46.441618 +0200
,104,120,111,111,stimuli/own/kitchen/104_kit.jpg,stimuli/own/kitchen/120_kit.jpg,NaN,NaN,NaN,NaN,NaN,NaN,NaN,NaN,0,140,140,110,3366.515199166,NaN,NaN,NaN,NaN,NaN,NaN,NaN,,NaN,,3366.808739708,3366.974233041,3366.974233041,3366.974233041,3366.974233041,3366.974233041,3366.974233041,3366.974233041,3366.974233041,3366.974233041,3382.58072275,7,-7,3,4,9.60021879100032,5,13.2187075420002,3366.513263875,3366.515199166,3366.974233041,3366.808721208,NaN,NaN,NaN,NaN,,NaN,,3366.509821208,3366.51321725,None,NaN,NaN,,NaN,NaN,NaN,NaN,NaN,NaN,NaN,11,kitchen,1,2024-04-06_10h17.33.664,image_similarity_rating,2023.2.3,None,2024-04-06 10h17.46.441618 +0200
,105,141,160,160,stimuli/own/kitchen/105_kit.jpg,stimuli/own/kitchen/141_kit.jpg,NaN,NaN,NaN,NaN,NaN,NaN,NaN,NaN,0,141,141,159,3382.590258875,NaN,NaN,NaN,NaN,NaN,NaN,NaN,,NaN,,3382.874830083,3383.042432583,3383.042432583,3383.042432583,3383.042432583,3383.042432583,3383.042432583,3383.042432583,3383.042432583,3383.042432583,3400.830226208,7,-7,3,3,9.54004599999962,3,17.357137167,3382.584397666,3382.590258875,3383.042432583,3382.874805,NaN,NaN,NaN,NaN,,NaN,,3382.580941083,3382.584351041,None,NaN,NaN,,NaN,NaN,NaN,NaN,NaN,NaN,NaN,11,kitchen,1,2024-04-06_10h17.33.664,image_similarity_rating,2023.2.3,None,2024-04-06 10h17.46.441618 +0200
,103,116,76,76,stimuli/own/kitchen/103_kit.jpg,stimuli/own/kitchen/116_kit.jpg,NaN,NaN,NaN,NaN,NaN,NaN,NaN,NaN,0,142,142,75,3400.840092625,NaN,NaN,NaN,NaN,NaN,NaN,NaN,,NaN,,3401.125040083,3401.287727083,3401.287727083,3401.287727083,3401.287727083,3401.287727083,3401.287727083,3401.287727083,3401.287727083,3401.287727083,3423.051064416,7,-7,3,5,5.74420258400005,1,20.6610297079997,3400.833883541,3400.840092625,3401.287727083,3401.125026833,NaN,NaN,NaN,NaN,,NaN,,3400.83045025,3400.833836833,None,NaN,NaN,,NaN,NaN,NaN,NaN,NaN,NaN,NaN,11,kitchen,1,2024-04-06_10h17.33.664,image_similarity_rating,2023.2.3,None,2024-04-06 10h17.46.441618 +0200
,102,134,60,60,stimuli/own/kitchen/102_kit.jpg,stimuli/own/kitchen/134_kit.jpg,NaN,NaN,NaN,NaN,NaN,NaN,NaN,NaN,0,143,143,59,3423.056716,NaN,NaN,NaN,NaN,NaN,NaN,NaN,,NaN,,3423.34128925,3423.509954833,3423.509954833,3423.509954833,3423.509954833,3423.509954833,3423.509954833,3423.509954833,3423.509954833,3423.509954833,3434.651442666,-7,7,3,4,10.8793017089997,4,6.991270042,3423.054738125,3423.056716,3423.509954833,3423.341272666,NaN,NaN,NaN,NaN,,NaN,,3423.051287541,3423.054692041,None,NaN,NaN,,NaN,NaN,NaN,NaN,NaN,NaN,NaN,11,kitchen,1,2024-04-06_10h17.33.664,image_similarity_rating,2023.2.3,None,2024-04-06 10h17.46.441618 +0200
,129,134,533,533,stimuli/own/kitchen/129_kit.jpg,stimuli/own/kitchen/134_kit.jpg,NaN,NaN,NaN,NaN,NaN,NaN,NaN,NaN,0,144,144,532,3434.673942708,NaN,NaN,NaN,NaN,NaN,NaN,NaN,,NaN,,3434.957448958,3435.12304625,3435.12304625,3435.12304625,3435.12304625,3435.12304625,3435.12304625,3435.12304625,3435.12304625,3435.12304625,3447.425668541,-7,7,3,1,3.80025995799997,7,10.9902582919999,3434.655072833,3434.673942708,NaN,3434.957429708,NaN,NaN,NaN,NaN,,NaN,,3434.651659583,3434.65502625,None,NaN,NaN,,NaN,NaN,NaN,NaN,NaN,NaN,NaN,11,kitchen,1,2024-04-06_10h17.33.664,image_similarity_rating,2023.2.3,None,2024-04-06 10h17.46.441618 +0200
,109,116,194,194,stimuli/own/kitchen/109_kit.jpg,stimuli/own/kitchen/116_kit.jpg,NaN,NaN,NaN,NaN,NaN,NaN,NaN,NaN,0,145,145,193,3447.431159541,NaN,NaN,NaN,NaN,NaN,NaN,NaN,,NaN,,3447.724433583,3447.89032775,3447.89032775,3447.89032775,3447.89032775,3447.89032775,3447.89032775,3447.89032775,3447.89032775,3447.89032775,3465.525721625,-7,7,3,1,16.2452120840003,7,2.70850029100029,3447.42933475,3447.431159541,3447.89032775,3447.724409125,NaN,NaN,NaN,NaN,,NaN,,3447.425891833,3447.429288958,None,NaN,NaN,,NaN,NaN,NaN,NaN,NaN,NaN,NaN,11,kitchen,1,2024-04-06_10h17.33.664,image_similarity_rating,2023.2.3,None,2024-04-06 10h17.46.441618 +0200
,102,104,36,36,stimuli/own/kitchen/102_kit.jpg,stimuli/own/kitchen/104_kit.jpg,NaN,NaN,NaN,NaN,NaN,NaN,NaN,NaN,0,146,146,35,3465.531133916,NaN,NaN,NaN,NaN,NaN,NaN,NaN,,NaN,,3465.824577958,3465.991974333,3465.991974333,3465.991974333,3465.991974333,3465.991974333,3465.991974333,3465.991974333,3465.991974333,3465.991974333,3482.130078208,-7,7,3,4,8.04535570799999,3,14.0627904580001,3465.5293575,3465.531133916,3465.991974333,3465.824561166,NaN,NaN,NaN,NaN,,NaN,,3465.525938541,3465.529311583,None,NaN,NaN,,NaN,NaN,NaN,NaN,NaN,NaN,NaN,11,kitchen,1,2024-04-06_10h17.33.664,image_similarity_rating,2023.2.3,None,2024-04-06 10h17.46.441618 +0200
,105,121,142,142,stimuli/own/kitchen/105_kit.jpg,stimuli/own/kitchen/121_kit.jpg,NaN,NaN,NaN,NaN,NaN,NaN,NaN,NaN,0,147,147,141,3482.139731833,NaN,NaN,NaN,NaN,NaN,NaN,NaN,,NaN,,3482.424370125,3482.589782833,3482.589782833,3482.589782833,3482.589782833,3482.589782833,3482.589782833,3482.589782833,3482.589782833,3482.589782833,3503.884021458,7,-7,3,6,20.8810288750001,6,13.797386792,3482.133756291,3482.139731833,3482.589782833,3482.424345875,NaN,NaN,NaN,NaN,,NaN,,3482.130303166,3482.1337095,None,NaN,NaN,,NaN,NaN,NaN,NaN,NaN,NaN,NaN,11,kitchen,1,2024-04-06_10h17.33.664,image_similarity_rating,2023.2.3,None,2024-04-06 10h17.46.441618 +0200
,130,140,549,549,stimuli/own/kitchen/130_kit.jpg,stimuli/own/kitchen/140_kit.jpg,NaN,NaN,NaN,NaN,NaN,NaN,NaN,NaN,0,148,148,548,3503.889570291,NaN,NaN,NaN,NaN,NaN,NaN,NaN,,NaN,,3504.174405541,3504.33948775,3504.33948775,3504.33948775,3504.33948775,3504.33948775,3504.33948775,3504.33948775,3504.33948775,3504.33948775,3517.521616583,7,-7,3,4,9.42525933299976,5,11.8449370419999,3503.887773791,3503.889570291,3504.33948775,3504.174389458,NaN,NaN,NaN,NaN,,NaN,,3503.884238958,3503.887727,None,NaN,NaN,,NaN,NaN,NaN,NaN,NaN,NaN,NaN,11,kitchen,1,2024-04-06_10h17.33.664,image_similarity_rating,2023.2.3,None,2024-04-06 10h17.46.441618 +0200
,103,105,69,69,stimuli/own/kitchen/103_kit.jpg,stimuli/own/kitchen/105_kit.jpg,NaN,NaN,NaN,NaN,NaN,NaN,NaN,NaN,0,149,149,68,3517.527179708,NaN,NaN,NaN,NaN,NaN,NaN,NaN,,NaN,,3517.811671083,3517.976409291,3517.976409291,3517.976409291,3517.976409291,3517.976409291,3517.976409291,3517.976409291,3517.976409291,3517.976409291,3537.92529675,-7,7,3,7,15.398913125,6,18.812837125,3517.52541675,3517.527179708,3517.976409291,3517.811658958,NaN,NaN,NaN,NaN,,NaN,,3517.521842291,3517.525370166,None,NaN,NaN,,NaN,NaN,NaN,NaN,NaN,NaN,NaN,11,kitchen,1,2024-04-06_10h17.33.664,image_similarity_rating,2023.2.3,None,2024-04-06 10h17.46.441618 +0200
,102,106,38,38,stimuli/own/kitchen/102_kit.jpg,stimuli/own/kitchen/106_kit.jpg,NaN,NaN,NaN,NaN,NaN,NaN,NaN,NaN,0,150,150,37,3537.931163208,NaN,NaN,NaN,NaN,NaN,NaN,NaN,,NaN,,3538.224273125,3538.392511291,3538.392511291,3538.392511291,3538.392511291,3538.392511291,3538.392511291,3538.392511291,3538.392511291,3538.392511291,3562.796140375,7,-7,3,5,21.2652549169998,7,22.4061246250003,3537.929213291,3537.931163208,3538.392511291,3538.224256125,NaN,NaN,NaN,NaN,,NaN,,3537.925516291,3537.929163875,None,NaN,NaN,,NaN,NaN,NaN,NaN,NaN,NaN,NaN,11,kitchen,1,2024-04-06_10h17.33.664,image_similarity_rating,2023.2.3,None,2024-04-06 10h17.46.441618 +0200
,113,123,279,279,stimuli/own/kitchen/113_kit.jpg,stimuli/own/kitchen/123_kit.jpg,NaN,NaN,NaN,NaN,NaN,NaN,NaN,NaN,0,151,151,278,3562.806399541,NaN,NaN,NaN,NaN,NaN,NaN,NaN,,NaN,,3563.090894875,3563.262301291,3563.262301291,3563.262301291,3563.262301291,3563.262301291,3563.262301291,3563.262301291,3563.262301291,3563.262301291,3581.821820708,-7,7,3,1,9.98030400000016,2,17.8600885830001,3562.799811583,3562.806399541,3563.262301291,3563.09087675,NaN,NaN,NaN,NaN,,NaN,,3562.796360916,3562.799765208,None,NaN,NaN,,NaN,NaN,NaN,NaN,NaN,NaN,NaN,11,kitchen,1,2024-04-06_10h17.33.664,image_similarity_rating,2023.2.3,None,2024-04-06 10h17.46.441618 +0200
,130,141,550,550,stimuli/own/kitchen/130_kit.jpg,stimuli/own/kitchen/141_kit.jpg,NaN,NaN,NaN,NaN,NaN,NaN,NaN,NaN,0,152,152,549,3581.827319291,NaN,NaN,NaN,NaN,NaN,NaN,NaN,,NaN,,3582.111170375,3582.273995541,3582.273995541,3582.273995541,3582.273995541,3582.273995541,3582.273995541,3582.273995541,3582.273995541,3582.273995541,3603.925170666,7,-7,3,5,7.2355829170001,1,20.9460936250002,3581.825516125,3581.827319291,3582.273995541,3582.111157125,NaN,NaN,NaN,NaN,,NaN,,3581.822050583,3581.82546925,None,NaN,NaN,,NaN,NaN,NaN,NaN,NaN,NaN,NaN,11,kitchen,1,2024-04-06_10h17.33.664,image_similarity_rating,2023.2.3,None,2024-04-06 10h17.46.441618 +0200
,113,129,284,284,stimuli/own/kitchen/113_kit.jpg,stimuli/own/kitchen/129_kit.jpg,NaN,NaN,NaN,NaN,NaN,NaN,NaN,NaN,0,153,153,283,3603.93075575,NaN,NaN,NaN,NaN,NaN,NaN,NaN,,NaN,,3604.224002291,3604.389122125,3604.389122125,3604.389122125,3604.389122125,3604.389122125,3604.389122125,3604.389122125,3604.389122125,3604.389122125,3616.000884541,7,-7,3,1,2.02212954100014,4,11.3733984169999,3603.92881825,3603.93075575,3604.389122125,3604.223984541,NaN,NaN,NaN,NaN,,NaN,,3603.925391291,3603.928770916,None,NaN,NaN,,NaN,NaN,NaN,NaN,NaN,NaN,NaN,11,kitchen,1,2024-04-06_10h17.33.664,image_similarity_rating,2023.2.3,None,2024-04-06 10h17.46.441618 +0200
,116,141,342,342,stimuli/own/kitchen/116_kit.jpg,stimuli/own/kitchen/141_kit.jpg,NaN,NaN,NaN,NaN,NaN,NaN,NaN,NaN,0,154,154,341,3616.0072355,NaN,NaN,NaN,NaN,NaN,NaN,NaN,,NaN,,3616.29083125,3616.455122125,3616.455122125,3616.455122125,3616.455122125,3616.455122125,3616.455122125,3616.455122125,3616.455122125,3616.455122125,3629.776118916,7,-7,3,2,7.96134537500029,2,12.929756,3616.004924708,3616.0072355,3616.455122125,3616.290818583,NaN,NaN,NaN,NaN,,NaN,,3616.001101291,3616.004875291,None,NaN,NaN,,NaN,NaN,NaN,NaN,NaN,NaN,NaN,11,kitchen,1,2024-04-06_10h17.33.664,image_similarity_rating,2023.2.3,None,2024-04-06 10h17.46.441618 +0200
,105,123,144,144,stimuli/own/kitchen/105_kit.jpg,stimuli/own/kitchen/123_kit.jpg,NaN,NaN,NaN,NaN,NaN,NaN,NaN,NaN,0,155,155,143,3629.789639291,NaN,NaN,NaN,NaN,NaN,NaN,NaN,,NaN,,3630.073846916,3630.244504166,3630.244504166,3630.244504166,3630.244504166,3630.244504166,3630.244504166,3630.244504166,3630.244504166,3630.244504166,3643.979035375,7,-7,3,3,8.29178187499974,4,13.1854040830003,3629.780004125,3629.789639291,3630.244504166,3630.073820416,NaN,NaN,NaN,NaN,,NaN,,3629.776355708,3629.779954833,None,NaN,NaN,,NaN,NaN,NaN,NaN,NaN,NaN,NaN,11,kitchen,1,2024-04-06_10h17.33.664,image_similarity_rating,2023.2.3,None,2024-04-06 10h17.46.441618 +0200
,134,135,568,568,stimuli/own/kitchen/134_kit.jpg,stimuli/own/kitchen/135_kit.jpg,NaN,NaN,NaN,NaN,NaN,NaN,NaN,NaN,0,156,156,567,3643.989202958,NaN,NaN,NaN,NaN,NaN,NaN,NaN,,NaN,,3644.274721166,3644.443110208,3644.443110208,3644.443110208,3644.443110208,3644.443110208,3644.443110208,3644.443110208,3644.443110208,3644.443110208,3661.212778083,-7,7,3,5,7.35019254200006,5,16.3344084169998,3643.9827,3643.989202958,3644.443110208,3644.27469975,NaN,NaN,NaN,NaN,,NaN,,3643.979258625,3643.982653541,None,NaN,NaN,,NaN,NaN,NaN,NaN,NaN,NaN,NaN,11,kitchen,1,2024-04-06_10h17.33.664,image_similarity_rating,2023.2.3,None,2024-04-06 10h17.46.441618 +0200
,123,137,471,471,stimuli/own/kitchen/123_kit.jpg,stimuli/own/kitchen/137_kit.jpg,NaN,NaN,NaN,NaN,NaN,NaN,NaN,NaN,0,157,157,470,3661.222493791,NaN,NaN,NaN,NaN,NaN,NaN,NaN,,NaN,,3661.507421,3661.678840916,3661.678840916,3661.678840916,3661.678840916,3661.678840916,3661.678840916,3661.678840916,3661.678840916,3661.678840916,3680.18804375,7,-7,3,5,15.4198518749999,7,9.3930031660002,3661.21645175,3661.222493791,3661.678840916,3661.507399416,NaN,NaN,NaN,NaN,,NaN,,3661.213004458,3661.2164055,None,NaN,NaN,,NaN,NaN,NaN,NaN,NaN,NaN,NaN,11,kitchen,1,2024-04-06_10h17.33.664,image_similarity_rating,2023.2.3,None,2024-04-06 10h17.46.441618 +0200
,103,126,86,86,stimuli/own/kitchen/103_kit.jpg,stimuli/own/kitchen/126_kit.jpg,NaN,NaN,NaN,NaN,NaN,NaN,NaN,NaN,0,158,158,85,3680.19381425,NaN,NaN,NaN,NaN,NaN,NaN,NaN,,NaN,,3680.477772,3680.642285291,3680.642285291,3680.642285291,3680.642285291,3680.642285291,3680.642285291,3680.642285291,3680.642285291,3680.642285291,3699.8210575,-7,7,3,1,10.7349137909996,4,18.0750939580003,3680.191894708,3680.19381425,3680.642285291,3680.477759708,NaN,NaN,NaN,NaN,,NaN,,3680.188290541,3680.19184825,None,NaN,NaN,,NaN,NaN,NaN,NaN,NaN,NaN,NaN,11,kitchen,1,2024-04-06_10h17.33.664,image_similarity_rating,2023.2.3,None,2024-04-06 10h17.46.441618 +0200
,105,119,140,140,stimuli/own/kitchen/105_kit.jpg,stimuli/own/kitchen/119_kit.jpg,NaN,NaN,NaN,NaN,NaN,NaN,NaN,NaN,0,159,159,139,3699.826681791,NaN,NaN,NaN,NaN,NaN,NaN,NaN,,NaN,,3700.1112665,3700.27883625,3700.27883625,3700.27883625,3700.27883625,3700.27883625,3700.27883625,3700.27883625,3700.27883625,3700.27883625,3717.866663041,7,-7,3,3,17.2404661250002,7,4.74360845900082,3699.824750333,3699.826681791,3700.27883625,3700.111252875,NaN,NaN,NaN,NaN,,NaN,,3699.821280041,3699.824703291,None,NaN,NaN,,NaN,NaN,NaN,NaN,NaN,NaN,NaN,11,kitchen,1,2024-04-06_10h17.33.664,image_similarity_rating,2023.2.3,None,2024-04-06 10h17.46.441618 +0200
,102,105,37,37,stimuli/own/kitchen/102_kit.jpg,stimuli/own/kitchen/105_kit.jpg,NaN,NaN,NaN,NaN,NaN,NaN,NaN,NaN,0,160,160,36,3717.872176791,NaN,NaN,NaN,NaN,NaN,NaN,NaN,,NaN,,3718.156990708,3718.3284955,3718.3284955,3718.3284955,3718.3284955,3718.3284955,3718.3284955,3718.3284955,3718.3284955,3718.3284955,3740.63754725,-7,7,3,1,13.8164608330007,4,19.2745185000003,3717.870324541,3717.872176791,3718.3284955,3718.156969041,NaN,NaN,NaN,NaN,,NaN,,3717.86688225,3717.870278625,None,NaN,NaN,,NaN,NaN,NaN,NaN,NaN,NaN,NaN,11,kitchen,1,2024-04-06_10h17.33.664,image_similarity_rating,2023.2.3,None,2024-04-06 10h17.46.441618 +0200
,113,140,294,294,stimuli/own/kitchen/113_kit.jpg,stimuli/own/kitchen/140_kit.jpg,NaN,NaN,NaN,NaN,NaN,NaN,NaN,NaN,0,161,161,293,3740.64319375,NaN,NaN,NaN,NaN,NaN,NaN,NaN,,NaN,,3740.928203166,3741.096218,3741.096218,3741.096218,3741.096218,3741.096218,3741.096218,3741.096218,3741.096218,3741.096218,3768.44971975,7,-7,3,4,24.084416875,6,8.74024816699966,3740.6412585,3740.64319375,3741.096218,3740.928185125,NaN,NaN,NaN,NaN,,NaN,,3740.637776416,3740.641213125,None,NaN,NaN,,NaN,NaN,NaN,NaN,NaN,NaN,NaN,11,kitchen,1,2024-04-06_10h17.33.664,image_similarity_rating,2023.2.3,None,2024-04-06 10h17.46.441618 +0200
,112,123,254,254,stimuli/own/kitchen/112_kit.jpg,stimuli/own/kitchen/123_kit.jpg,NaN,NaN,NaN,NaN,NaN,NaN,NaN,NaN,0,162,162,253,3768.455159958,NaN,NaN,NaN,NaN,NaN,NaN,NaN,,NaN,,3768.740059375,3768.90410575,3768.90410575,3768.90410575,3768.90410575,3768.90410575,3768.90410575,3768.90410575,3768.90410575,3768.90410575,3786.3763835,-7,7,3,2,17.1121320829998,1,11.0797174169993,3768.45338875,3768.455159958,3768.90410575,3768.740043708,NaN,NaN,NaN,NaN,,NaN,,3768.44994525,3768.453342833,None,NaN,NaN,,NaN,NaN,NaN,NaN,NaN,NaN,NaN,11,kitchen,1,2024-04-06_10h17.33.664,image_similarity_rating,2023.2.3,None,2024-04-06 10h17.46.441618 +0200
,131,141,559,559,stimuli/own/kitchen/131_kit.jpg,stimuli/own/kitchen/141_kit.jpg,NaN,NaN,NaN,NaN,NaN,NaN,NaN,NaN,0,163,163,558,3786.388740875,NaN,NaN,NaN,NaN,NaN,NaN,NaN,,NaN,,3786.673455333,3786.84344025,3786.84344025,3786.84344025,3786.84344025,3786.84344025,3786.84344025,3786.84344025,3786.84344025,3786.84344025,3805.733866666,-7,7,3,2,18.714830166,1,16.2924432910004,3786.380067083,3786.388740875,3786.84344025,3786.673438791,NaN,NaN,NaN,NaN,,NaN,,3786.376601208,3786.380020458,None,NaN,NaN,,NaN,NaN,NaN,NaN,NaN,NaN,NaN,11,kitchen,1,2024-04-06_10h17.33.664,image_similarity_rating,2023.2.3,None,2024-04-06 10h17.46.441618 +0200
,130,137,546,546,stimuli/own/kitchen/130_kit.jpg,stimuli/own/kitchen/137_kit.jpg,NaN,NaN,NaN,NaN,NaN,NaN,NaN,NaN,0,164,164,545,3805.7401315,NaN,NaN,NaN,NaN,NaN,NaN,NaN,,NaN,,3806.023153416,3806.189456833,3806.189456833,3806.189456833,3806.189456833,3806.189456833,3806.189456833,3806.189456833,3806.189456833,3806.189456833,3826.330130041,7,-7,3,3,8.99938779100012,3,19.6917389579994,3805.737611958,3805.7401315,3806.189456833,3806.023133208,NaN,NaN,NaN,NaN,,NaN,,3805.734084416,3805.737565791,None,NaN,NaN,,NaN,NaN,NaN,NaN,NaN,NaN,NaN,11,kitchen,1,2024-04-06_10h17.33.664,image_similarity_rating,2023.2.3,None,2024-04-06 10h17.46.441618 +0200
,104,131,121,613,stimuli/own/kitchen/104_kit.jpg,stimuli/own/kitchen/131_kit.jpg,NaN,NaN,NaN,NaN,NaN,NaN,NaN,NaN,0,165,165,612,3826.338394458,NaN,NaN,NaN,NaN,NaN,NaN,NaN,,NaN,,3826.623288375,3826.788747791,3826.788747791,3826.788747791,3826.788747791,3826.788747791,3826.788747791,3826.788747791,3826.788747791,3826.788747791,3842.857864708,7,-7,3,2,15.6860590420001,3,8.94136720799997,3826.333774125,3826.338394458,3826.788747791,3826.623273833,NaN,NaN,NaN,NaN,,NaN,,3826.330348541,3826.333727833,None,NaN,NaN,,NaN,NaN,NaN,NaN,NaN,NaN,NaN,11,kitchen,1,2024-04-06_10h17.33.664,image_similarity_rating,2023.2.3,None,2024-04-06 10h17.46.441618 +0200
,109,141,217,217,stimuli/own/kitchen/109_kit.jpg,stimuli/own/kitchen/141_kit.jpg,NaN,NaN,NaN,NaN,NaN,NaN,NaN,NaN,0,166,166,216,3842.863564083,NaN,NaN,NaN,NaN,NaN,NaN,NaN,,NaN,,3843.156628541,3843.32795325,3843.32795325,3843.32795325,3843.32795325,3843.32795325,3843.32795325,3843.32795325,3843.32795325,3843.32795325,3854.600183625,7,-7,3,1,2.46656950000033,1,10.7791439579996,3842.861600125,3842.863564083,3843.32795325,3843.156611208,NaN,NaN,NaN,NaN,,NaN,,3842.85809125,3842.861552458,None,NaN,NaN,,NaN,NaN,NaN,NaN,NaN,NaN,NaN,11,kitchen,1,2024-04-06_10h17.33.664,image_similarity_rating,2023.2.3,None,2024-04-06 10h17.46.441618 +0200
,122,135,453,453,stimuli/own/kitchen/122_kit.jpg,stimuli/own/kitchen/135_kit.jpg,NaN,NaN,NaN,NaN,NaN,NaN,NaN,NaN,0,167,167,452,3854.6221805,NaN,NaN,NaN,NaN,NaN,NaN,NaN,,NaN,,3854.906059458,3855.077208916,3855.077208916,3855.077208916,3855.077208916,3855.077208916,3855.077208916,3855.077208916,3855.077208916,3855.077208916,3869.07628775,7,-7,3,5,6.80821920800008,4,13.6153067920004,3854.603834208,3854.6221805,NaN,3854.906027,NaN,NaN,NaN,NaN,,NaN,,3854.600407208,3854.60378825,None,NaN,NaN,,NaN,NaN,NaN,NaN,NaN,NaN,NaN,11,kitchen,1,2024-04-06_10h17.33.664,image_similarity_rating,2023.2.3,None,2024-04-06 10h17.46.441618 +0200
,138,141,592,592,stimuli/own/kitchen/138_kit.jpg,stimuli/own/kitchen/141_kit.jpg,NaN,NaN,NaN,NaN,NaN,NaN,NaN,NaN,0,168,168,591,3869.088669541,NaN,NaN,NaN,NaN,NaN,NaN,NaN,,NaN,,3869.373086875,3869.53905275,3869.53905275,3869.53905275,3869.53905275,3869.53905275,3869.53905275,3869.53905275,3869.53905275,3869.53905275,3889.567406333,-7,7,3,2,11.6860564170001,2,19.8473672499995,3869.080077,3869.088669541,3869.53905275,3869.373070416,NaN,NaN,NaN,NaN,,NaN,,3869.076506541,3869.080030291,None,NaN,NaN,,NaN,NaN,NaN,NaN,NaN,NaN,NaN,11,kitchen,1,2024-04-06_10h17.33.664,image_similarity_rating,2023.2.3,None,2024-04-06 10h17.46.441618 +0200
,136,137,581,581,stimuli/own/kitchen/136_kit.jpg,stimuli/own/kitchen/137_kit.jpg,NaN,NaN,NaN,NaN,NaN,NaN,NaN,NaN,0,169,169,580,3889.57309875,NaN,NaN,NaN,NaN,NaN,NaN,NaN,,NaN,,3889.856458916,3890.02238525,3890.02238525,3890.02238525,3890.02238525,3890.02238525,3890.02238525,3890.02238525,3890.02238525,3890.02238525,3901.144765375,7,-7,3,2,10.4460579999995,2,5.64393583400033,3889.571110833,3889.57309875,3890.02238525,3889.856443541,NaN,NaN,NaN,NaN,,NaN,,3889.567625833,3889.571064333,None,NaN,NaN,,NaN,NaN,NaN,NaN,NaN,NaN,NaN,11,kitchen,1,2024-04-06_10h17.33.664,image_similarity_rating,2023.2.3,None,2024-04-06 10h17.46.441618 +0200
,127,139,527,527,stimuli/own/kitchen/127_kit.jpg,stimuli/own/kitchen/139_kit.jpg,NaN,NaN,NaN,NaN,NaN,NaN,NaN,NaN,0,170,170,526,3901.1551815,NaN,NaN,NaN,NaN,NaN,NaN,NaN,,NaN,,3901.439964833,3901.602985583,3901.602985583,3901.602985583,3901.602985583,3901.602985583,3901.602985583,3901.602985583,3901.602985583,3901.602985583,3920.044533,-7,7,3,1,17.9010849590004,1,11.5333728750002,3901.148408958,3901.1551815,3901.602985583,3901.439951833,NaN,NaN,NaN,NaN,,NaN,,3901.144982166,3901.14836275,None,NaN,NaN,,NaN,NaN,NaN,NaN,NaN,NaN,NaN,11,kitchen,1,2024-04-06_10h17.33.664,image_similarity_rating,2023.2.3,None,2024-04-06 10h17.46.441618 +0200
,102,123,51,51,stimuli/own/kitchen/102_kit.jpg,stimuli/own/kitchen/123_kit.jpg,NaN,NaN,NaN,NaN,NaN,NaN,NaN,NaN,0,171,171,50,3920.05502625,NaN,NaN,NaN,NaN,NaN,NaN,NaN,,NaN,,3920.33952,3920.502935458,3920.502935458,3920.502935458,3920.502935458,3920.502935458,3920.502935458,3920.502935458,3920.502935458,3920.502935458,3945.566449291,-7,7,3,1,24.8346726669997,6,5.04342050000014,3920.048297166,3920.05502625,3920.502935458,3920.339507208,NaN,NaN,NaN,NaN,,NaN,,3920.04475325,3920.048250291,None,NaN,NaN,,NaN,NaN,NaN,NaN,NaN,NaN,NaN,11,kitchen,1,2024-04-06_10h17.33.664,image_similarity_rating,2023.2.3,None,2024-04-06 10h17.46.441618 +0200
,120,134,417,417,stimuli/own/kitchen/120_kit.jpg,stimuli/own/kitchen/134_kit.jpg,NaN,NaN,NaN,NaN,NaN,NaN,NaN,NaN,0,172,172,416,3945.588492,NaN,NaN,NaN,NaN,NaN,NaN,NaN,,NaN,,3945.872292166,3946.037160666,3946.037160666,3946.037160666,3946.037160666,3946.037160666,3946.037160666,3946.037160666,3946.037160666,3946.037160666,3958.291600583,-7,7,3,5,6.69639587500023,5,11.1561065839996,3945.570213708,3945.588492,NaN,3945.872272666,NaN,NaN,NaN,NaN,,NaN,,3945.566672666,3945.570160666,None,NaN,NaN,,NaN,NaN,NaN,NaN,NaN,NaN,NaN,11,kitchen,1,2024-04-06_10h17.33.664,image_similarity_rating,2023.2.3,None,2024-04-06 10h17.46.441618 +0200
,113,127,283,283,stimuli/own/kitchen/113_kit.jpg,stimuli/own/kitchen/127_kit.jpg,NaN,NaN,NaN,NaN,NaN,NaN,NaN,NaN,0,173,173,282,3958.297178541,NaN,NaN,NaN,NaN,NaN,NaN,NaN,,NaN,,3958.58933075,3958.752763875,3958.752763875,3958.752763875,3958.752763875,3958.752763875,3958.752763875,3958.752763875,3958.752763875,3958.752763875,3973.515944333,7,-7,3,4,7.18147012499958,4,14.1673972919998,3958.295281625,3958.297178541,3958.752763875,3958.589317791,NaN,NaN,NaN,NaN,,NaN,,3958.291837208,3958.295232625,None,NaN,NaN,,NaN,NaN,NaN,NaN,NaN,NaN,NaN,11,kitchen,1,2024-04-06_10h17.33.664,image_similarity_rating,2023.2.3,None,2024-04-06 10h17.46.441618 +0200
,104,129,119,119,stimuli/own/kitchen/104_kit.jpg,stimuli/own/kitchen/129_kit.jpg,NaN,NaN,NaN,NaN,NaN,NaN,NaN,NaN,0,174,174,118,3973.521398375,NaN,NaN,NaN,NaN,NaN,NaN,NaN,,NaN,,3973.8060975,3973.971987041,3973.971987041,3973.971987041,3973.971987041,3973.971987041,3973.971987041,3973.971987041,3973.971987041,3973.971987041,3991.915570916,-7,7,3,1,3.08063166700049,6,17.3677404170003,3973.519591833,3973.521398375,3973.971987041,3973.80608175,NaN,NaN,NaN,NaN,,NaN,,3973.516167666,3973.5195455,None,NaN,NaN,,NaN,NaN,NaN,NaN,NaN,NaN,NaN,11,kitchen,1,2024-04-06_10h17.33.664,image_similarity_rating,2023.2.3,None,2024-04-06 10h17.46.441618 +0200
,112,137,266,266,stimuli/own/kitchen/112_kit.jpg,stimuli/own/kitchen/137_kit.jpg,NaN,NaN,NaN,NaN,NaN,NaN,NaN,NaN,0,175,175,265,3991.921125708,NaN,NaN,NaN,NaN,NaN,NaN,NaN,,NaN,,3992.205930416,3992.37095575,3992.37095575,3992.37095575,3992.37095575,3992.37095575,3992.37095575,3992.37095575,3992.37095575,3992.37095575,4018.1703025,7,-7,3,5,20.0341623749991,4,25.3574412919997,3991.919218625,3991.921125708,3992.37095575,3992.20591725,NaN,NaN,NaN,NaN,,NaN,,3991.915789833,3991.919171958,None,NaN,NaN,,NaN,NaN,NaN,NaN,NaN,NaN,NaN,11,kitchen,1,2024-04-06_10h17.33.664,image_similarity_rating,2023.2.3,None,2024-04-06 10h17.46.441618 +0200
,119,131,396,396,stimuli/own/kitchen/119_kit.jpg,stimuli/own/kitchen/131_kit.jpg,NaN,NaN,NaN,NaN,NaN,NaN,NaN,NaN,0,176,176,395,4018.175921375,NaN,NaN,NaN,NaN,NaN,NaN,NaN,,NaN,,4018.460202,4018.62361725,4018.62361725,4018.62361725,4018.62361725,4018.62361725,4018.62361725,4018.62361725,4018.62361725,4018.62361725,4041.360640666,7,-7,3,2,12.7688179159995,4,22.5241622079993,4018.174002916,4018.175921375,4018.62361725,4018.460191375,NaN,NaN,NaN,NaN,,NaN,,4018.170532833,4018.173956125,None,NaN,NaN,,NaN,NaN,NaN,NaN,NaN,NaN,NaN,11,kitchen,1,2024-04-06_10h17.33.664,image_similarity_rating,2023.2.3,None,2024-04-06 10h17.46.441618 +0200
,112,132,262,609,stimuli/own/kitchen/112_kit.jpg,stimuli/own/kitchen/132_kit.jpg,NaN,NaN,NaN,NaN,NaN,NaN,NaN,NaN,0,177,177,608,4041.371175416,NaN,NaN,NaN,NaN,NaN,NaN,NaN,,NaN,,4041.656356625,4041.82187,4041.82187,4041.82187,4041.82187,4041.82187,4041.82187,4041.82187,4041.82187,4041.82187,4062.020120291,7,-7,3,6,18.3068015419994,5,7.90628166599981,4041.3642925,4041.371175416,4041.82187,4041.6563425,NaN,NaN,NaN,NaN,,NaN,,4041.360858916,4041.364246291,None,NaN,NaN,,NaN,NaN,NaN,NaN,NaN,NaN,NaN,11,kitchen,1,2024-04-06_10h17.33.664,image_similarity_rating,2023.2.3,None,2024-04-06 10h17.46.441618 +0200
,105,127,148,148,stimuli/own/kitchen/105_kit.jpg,stimuli/own/kitchen/127_kit.jpg,NaN,NaN,NaN,NaN,NaN,NaN,NaN,NaN,0,178,178,147,4062.025759958,NaN,NaN,NaN,NaN,NaN,NaN,NaN,,NaN,,4062.309528625,4062.472126,4062.472126,4062.472126,4062.472126,4062.472126,4062.472126,4062.472126,4062.472126,4062.472126,4083.610408166,-7,7,3,5,7.578116916,4,16.6975704589995,4062.023824208,4062.025759958,4062.472126,4062.309512916,NaN,NaN,NaN,NaN,,NaN,,4062.02035725,4062.023777625,None,NaN,NaN,,NaN,NaN,NaN,NaN,NaN,NaN,NaN,11,kitchen,1,2024-04-06_10h17.33.664,image_similarity_rating,2023.2.3,None,2024-04-06 10h17.46.441618 +0200
,137,139,587,587,stimuli/own/kitchen/137_kit.jpg,stimuli/own/kitchen/139_kit.jpg,NaN,NaN,NaN,NaN,NaN,NaN,NaN,NaN,0,179,179,586,4083.621129458,NaN,NaN,NaN,NaN,NaN,NaN,NaN,,NaN,,4083.9056555,4084.070448,4084.070448,4084.070448,4084.070448,4084.070448,4084.070448,4084.070448,4084.070448,4084.070448,4108.115805333,-7,7,3,5,16.5862192079994,5,23.6643874170004,4083.61409125,4083.621129458,4084.070448,4083.90564,NaN,NaN,NaN,NaN,,NaN,,4083.61062875,4083.614045125,None,NaN,NaN,,NaN,NaN,NaN,NaN,NaN,NaN,NaN,11,kitchen,1,2024-04-06_10h17.33.664,image_similarity_rating,2023.2.3,None,2024-04-06 10h17.46.441618 +0200
,104,130,120,120,stimuli/own/kitchen/104_kit.jpg,stimuli/own/kitchen/130_kit.jpg,NaN,NaN,NaN,NaN,NaN,NaN,NaN,NaN,0,180,180,119,4108.138242583,NaN,NaN,NaN,NaN,NaN,NaN,NaN,,NaN,,4108.421765166,4108.588654583,4108.588654583,4108.588654583,4108.588654583,4108.588654583,4108.588654583,4108.588654583,4108.588654583,4108.588654583,4126.491404583,7,-7,3,7,12.2779086250002,5,16.163714708,4108.119449708,4108.138242583,NaN,4108.421747291,NaN,NaN,NaN,NaN,,NaN,,4108.116022958,4108.119403375,None,NaN,NaN,,NaN,NaN,NaN,NaN,NaN,NaN,NaN,11,kitchen,1,2024-04-06_10h17.33.664,image_similarity_rating,2023.2.3,None,2024-04-06 10h17.46.441618 +0200
,109,132,209,209,stimuli/own/kitchen/109_kit.jpg,stimuli/own/kitchen/132_kit.jpg,NaN,NaN,NaN,NaN,NaN,NaN,NaN,NaN,0,181,181,208,4126.49744675,NaN,NaN,NaN,NaN,NaN,NaN,NaN,,NaN,,4126.789550541,4126.953663666,4126.953663666,4126.953663666,4126.953663666,4126.953663666,4126.953663666,4126.953663666,4126.953663666,4126.953663666,4162.777770291,-7,7,3,1,3.97729812499983,1,34.5646686669998,4126.495354625,4126.49744675,4126.953663666,4126.789535916,NaN,NaN,NaN,NaN,,NaN,,4126.491634458,4126.49530425,None,NaN,NaN,,NaN,NaN,NaN,NaN,NaN,NaN,NaN,11,kitchen,1,2024-04-06_10h17.33.664,image_similarity_rating,2023.2.3,None,2024-04-06 10h17.46.441618 +0200
,122,141,459,459,stimuli/own/kitchen/122_kit.jpg,stimuli/own/kitchen/141_kit.jpg,NaN,NaN,NaN,NaN,NaN,NaN,NaN,NaN,0,182,182,458,4162.787640666,NaN,NaN,NaN,NaN,NaN,NaN,NaN,,NaN,,4163.072228291,4163.243505166,4163.243505166,4163.243505166,4163.243505166,4163.243505166,4163.243505166,4163.243505166,4163.243505166,4163.243505166,4179.449649416,-7,7,3,6,8.75281758300025,5,15.732639375,4162.781440041,4162.787640666,4163.243505166,4163.072205375,NaN,NaN,NaN,NaN,,NaN,,4162.777999958,4162.781393041,None,NaN,NaN,,NaN,NaN,NaN,NaN,NaN,NaN,NaN,11,kitchen,1,2024-04-06_10h17.33.664,image_similarity_rating,2023.2.3,None,2024-04-06 10h17.46.441618 +0200
,114,125,305,305,stimuli/own/kitchen/114_kit.jpg,stimuli/own/kitchen/125_kit.jpg,NaN,NaN,NaN,NaN,NaN,NaN,NaN,NaN,0,183,183,304,4179.455546833,NaN,NaN,NaN,NaN,NaN,NaN,NaN,,NaN,,4179.739157375,4179.904168041,4179.904168041,4179.904168041,4179.904168041,4179.904168041,4179.904168041,4179.904168041,4179.904168041,4179.904168041,4200.10660275,-7,7,3,6,9.72482591599965,7,16.632945417,4179.45378025,4179.455546833,4179.904168041,4179.739139666,NaN,NaN,NaN,NaN,,NaN,,4179.449870666,4179.453730333,None,NaN,NaN,,NaN,NaN,NaN,NaN,NaN,NaN,NaN,11,kitchen,1,2024-04-06_10h17.33.664,image_similarity_rating,2023.2.3,None,2024-04-06 10h17.46.441618 +0200
,106,114,165,165,stimuli/own/kitchen/106_kit.jpg,stimuli/own/kitchen/114_kit.jpg,NaN,NaN,NaN,NaN,NaN,NaN,NaN,NaN,0,184,184,164,4200.112182,NaN,NaN,NaN,NaN,NaN,NaN,NaN,,NaN,,4200.405339625,4200.569834875,4200.569834875,4200.569834875,4200.569834875,4200.569834875,4200.569834875,4200.569834875,4200.569834875,4200.569834875,4223.577012708,-7,7,3,2,17.0305365419999,4,21.3979974169997,4200.110252791,4200.112182,4200.569834875,4200.405321583,NaN,NaN,NaN,NaN,,NaN,,4200.106827458,4200.11020625,None,NaN,NaN,,NaN,NaN,NaN,NaN,NaN,NaN,NaN,11,kitchen,1,2024-04-06_10h17.33.664,image_similarity_rating,2023.2.3,None,2024-04-06 10h17.46.441618 +0200
,111,129,233,233,stimuli/own/kitchen/111_kit.jpg,stimuli/own/kitchen/129_kit.jpg,NaN,NaN,NaN,NaN,NaN,NaN,NaN,NaN,0,185,185,232,4223.587458791,NaN,NaN,NaN,NaN,NaN,NaN,NaN,,NaN,,4223.871915041,4224.04371725,4224.04371725,4224.04371725,4224.04371725,4224.04371725,4224.04371725,4224.04371725,4224.04371725,4224.04371725,4238.106537625,7,-7,3,1,3.46895812499952,4,13.2456836659994,4223.580757083,4223.587458791,4224.04371725,4223.87189525,NaN,NaN,NaN,NaN,,NaN,,4223.577234875,4223.5807105,None,NaN,NaN,,NaN,NaN,NaN,NaN,NaN,NaN,NaN,11,kitchen,1,2024-04-06_10h17.33.664,image_similarity_rating,2023.2.3,None,2024-04-06 10h17.46.441618 +0200
,116,137,338,338,stimuli/own/kitchen/116_kit.jpg,stimuli/own/kitchen/137_kit.jpg,NaN,NaN,NaN,NaN,NaN,NaN,NaN,NaN,0,186,186,337,4238.112307875,NaN,NaN,NaN,NaN,NaN,NaN,NaN,,NaN,,4238.405165416,4238.571841208,4238.571841208,4238.571841208,4238.571841208,4238.571841208,4238.571841208,4238.571841208,4238.571841208,4238.571841208,4250.731808416,7,-7,3,3,5.73017274999984,5,11.1727861250001,4238.110200125,4238.112307875,4238.571841208,4238.405147875,NaN,NaN,NaN,NaN,,NaN,,4238.106759833,4238.110153708,None,NaN,NaN,,NaN,NaN,NaN,NaN,NaN,NaN,NaN,11,kitchen,1,2024-04-06_10h17.33.664,image_similarity_rating,2023.2.3,None,2024-04-06 10h17.46.441618 +0200
,103,111,72,72,stimuli/own/kitchen/103_kit.jpg,stimuli/own/kitchen/111_kit.jpg,NaN,NaN,NaN,NaN,NaN,NaN,NaN,NaN,0,187,187,71,4250.753893083,NaN,NaN,NaN,NaN,NaN,NaN,NaN,,NaN,,4251.037948,4251.203083125,4251.203083125,4251.203083125,4251.203083125,4251.203083125,4251.203083125,4251.203083125,4251.203083125,4251.203083125,4275.873654625,7,-7,3,5,15.0758550830005,5,18.3815967499995,4250.735552416,4250.753893083,NaN,4251.037930083,NaN,NaN,NaN,NaN,,NaN,,4250.732030416,4250.735506291,None,NaN,NaN,,NaN,NaN,NaN,NaN,NaN,NaN,NaN,11,kitchen,1,2024-04-06_10h17.33.664,image_similarity_rating,2023.2.3,None,2024-04-06 10h17.46.441618 +0200
,134,137,570,570,stimuli/own/kitchen/134_kit.jpg,stimuli/own/kitchen/137_kit.jpg,NaN,NaN,NaN,NaN,NaN,NaN,NaN,NaN,0,188,188,569,4275.879206166,NaN,NaN,NaN,NaN,NaN,NaN,NaN,,NaN,,4276.171639833,4276.336326333,4276.336326333,4276.336326333,4276.336326333,4276.336326333,4276.336326333,4276.336326333,4276.336326333,4276.336326333,4299.552360958,7,-7,3,6,9.90041645800011,3,21.9955923750003,4275.877418666,4275.879206166,4276.336326333,4276.17162425,NaN,NaN,NaN,NaN,,NaN,,4275.873878333,4275.877372291,None,NaN,NaN,,NaN,NaN,NaN,NaN,NaN,NaN,NaN,11,kitchen,1,2024-04-06_10h17.33.664,image_similarity_rating,2023.2.3,None,2024-04-06 10h17.46.441618 +0200
,119,134,398,398,stimuli/own/kitchen/119_kit.jpg,stimuli/own/kitchen/134_kit.jpg,NaN,NaN,NaN,NaN,NaN,NaN,NaN,NaN,0,189,189,397,4299.558303833,NaN,NaN,NaN,NaN,NaN,NaN,NaN,,NaN,,4306.154891125,4306.329382166,4306.329382166,4306.329382166,4306.329382166,4306.329382166,4306.329382166,4306.329382166,4306.329382166,4306.329382166,4325.810728916,7,-7,4,4,9.61073304199999,3,17.1863553749999,4305.8570405,4305.860349541,4306.329382166,4306.154874916,NaN,NaN,NaN,NaN,,NaN,,4299.552588625,4305.856661125,space,4299.558303833,6.29817154200009,None,NaN,NaN,NaN,NaN,NaN,NaN,NaN,11,kitchen,1,2024-04-06_10h17.33.664,image_similarity_rating,2023.2.3,None,2024-04-06 10h17.46.441618 +0200
,123,140,474,474,stimuli/own/kitchen/123_kit.jpg,stimuli/own/kitchen/140_kit.jpg,NaN,NaN,NaN,NaN,NaN,NaN,NaN,NaN,0,190,190,473,4325.820352708,NaN,NaN,NaN,NaN,NaN,NaN,NaN,,NaN,,4326.104886625,4326.272813208,4326.272813208,4326.272813208,4326.272813208,4326.272813208,4326.272813208,4326.272813208,4326.272813208,4326.272813208,4349.560716125,7,-7,4,4,20.5446715409998,2,6.70080599999983,4325.81504025,4325.820352708,4326.272813208,4326.104870083,NaN,NaN,NaN,NaN,,NaN,,4325.810948458,4325.814992583,None,NaN,NaN,,NaN,NaN,NaN,NaN,NaN,NaN,NaN,11,kitchen,1,2024-04-06_10h17.33.664,image_similarity_rating,2023.2.3,None,2024-04-06 10h17.46.441618 +0200
,122,134,452,452,stimuli/own/kitchen/122_kit.jpg,stimuli/own/kitchen/134_kit.jpg,NaN,NaN,NaN,NaN,NaN,NaN,NaN,NaN,0,191,191,451,4349.570249833,NaN,NaN,NaN,NaN,NaN,NaN,NaN,,NaN,,4349.854750791,4350.019699333,4350.019699333,4350.019699333,4350.019699333,4350.019699333,4350.019699333,4350.019699333,4350.019699333,4350.019699333,4367.872611916,7,-7,4,5,4.80530383300083,5,12.1190931250003,4349.564370958,4349.570249833,4350.019699333,4349.854736458,NaN,NaN,NaN,NaN,,NaN,,4349.560937375,4349.564324875,None,NaN,NaN,,NaN,NaN,NaN,NaN,NaN,NaN,NaN,11,kitchen,1,2024-04-06_10h17.33.664,image_similarity_rating,2023.2.3,None,2024-04-06 10h17.46.441618 +0200
,122,136,454,454,stimuli/own/kitchen/122_kit.jpg,stimuli/own/kitchen/136_kit.jpg,NaN,NaN,NaN,NaN,NaN,NaN,NaN,NaN,0,192,192,453,4367.87801975,NaN,NaN,NaN,NaN,NaN,NaN,NaN,,NaN,,4368.171392666,4368.335639,4368.335639,4368.335639,4368.335639,4368.335639,4368.335639,4368.335639,4368.335639,4368.335639,4384.726851541,7,-7,4,5,13.2503398750005,7,6.26711295899986,4367.876273625,4367.87801975,4368.335639,4368.171378583,NaN,NaN,NaN,NaN,,NaN,,4367.87283225,4367.876227291,None,NaN,NaN,,NaN,NaN,NaN,NaN,NaN,NaN,NaN,11,kitchen,1,2024-04-06_10h17.33.664,image_similarity_rating,2023.2.3,None,2024-04-06 10h17.46.441618 +0200
,103,129,88,88,stimuli/own/kitchen/103_kit.jpg,stimuli/own/kitchen/129_kit.jpg,NaN,NaN,NaN,NaN,NaN,NaN,NaN,NaN,0,193,193,87,4384.7371,NaN,NaN,NaN,NaN,NaN,NaN,NaN,,NaN,,4385.021261916,4385.187703125,4385.187703125,4385.187703125,4385.187703125,4385.187703125,4385.187703125,4385.187703125,4385.187703125,4385.187703125,4399.222465375,-7,7,4,1,2.57171716599987,7,11.4250690420004,4384.730514166,4384.7371,4385.187703125,4385.021245166,NaN,NaN,NaN,NaN,,NaN,,4384.727071625,4384.730467833,None,NaN,NaN,,NaN,NaN,NaN,NaN,NaN,NaN,NaN,11,kitchen,1,2024-04-06_10h17.33.664,image_similarity_rating,2023.2.3,None,2024-04-06 10h17.46.441618 +0200
,122,130,449,449,stimuli/own/kitchen/122_kit.jpg,stimuli/own/kitchen/130_kit.jpg,NaN,NaN,NaN,NaN,NaN,NaN,NaN,NaN,0,194,194,448,4399.227983708,NaN,NaN,NaN,NaN,NaN,NaN,NaN,,NaN,,4399.521300875,4399.686667375,4399.686667375,4399.686667375,4399.686667375,4399.686667375,4399.686667375,4399.686667375,4399.686667375,4399.686667375,4423.451842333,-7,7,4,6,7.47513233399968,3,22.4399938749993,4399.226212541,4399.227983708,4399.686667375,4399.521284791,NaN,NaN,NaN,NaN,,NaN,,4399.222689875,4399.226166375,None,NaN,NaN,,NaN,NaN,NaN,NaN,NaN,NaN,NaN,11,kitchen,1,2024-04-06_10h17.33.664,image_similarity_rating,2023.2.3,None,2024-04-06 10h17.46.441618 +0200
,102,124,52,52,stimuli/own/kitchen/102_kit.jpg,stimuli/own/kitchen/124_kit.jpg,NaN,NaN,NaN,NaN,NaN,NaN,NaN,NaN,0,195,195,51,4423.45766425,NaN,NaN,NaN,NaN,NaN,NaN,NaN,,NaN,,4423.741322791,4423.903875708,4423.903875708,4423.903875708,4423.903875708,4423.903875708,4423.903875708,4423.903875708,4423.903875708,4423.903875708,4436.180939416,-7,7,4,3,7.65044683300039,1,10.4911356250004,4423.455556416,4423.45766425,4423.903875708,4423.741312458,NaN,NaN,NaN,NaN,,NaN,,4423.452061666,4423.455509916,None,NaN,NaN,,NaN,NaN,NaN,NaN,NaN,NaN,NaN,11,kitchen,1,2024-04-06_10h17.33.664,image_similarity_rating,2023.2.3,None,2024-04-06 10h17.46.441618 +0200
,109,111,190,190,stimuli/own/kitchen/109_kit.jpg,stimuli/own/kitchen/111_kit.jpg,NaN,NaN,NaN,NaN,NaN,NaN,NaN,NaN,0,196,196,189,4436.186607458,NaN,NaN,NaN,NaN,NaN,NaN,NaN,,NaN,,4436.47120475,4436.640632416,4436.640632416,4436.640632416,4436.640632416,4436.640632416,4436.640632416,4436.640632416,4436.640632416,4436.640632416,4444.347274833,-7,7,4,1,7.29575104100059,1,4.12662075000026,4436.184581083,4436.186607458,4436.640632416,4436.47118775,NaN,NaN,NaN,NaN,,NaN,,4436.181155666,4436.184534958,None,NaN,NaN,,NaN,NaN,NaN,NaN,NaN,NaN,NaN,11,kitchen,1,2024-04-06_10h17.33.664,image_similarity_rating,2023.2.3,None,2024-04-06 10h17.46.441618 +0200
,123,139,473,473,stimuli/own/kitchen/123_kit.jpg,stimuli/own/kitchen/139_kit.jpg,NaN,NaN,NaN,NaN,NaN,NaN,NaN,NaN,0,197,197,472,4444.353229958,NaN,NaN,NaN,NaN,NaN,NaN,NaN,,NaN,,4444.637878291,4444.806990875,4444.806990875,4444.806990875,4444.806990875,4444.806990875,4444.806990875,4444.806990875,4444.806990875,4444.806990875,4458.847696916,7,-7,4,2,8.66181720799977,2,13.8171500420003,4444.35092925,4444.353229958,4444.806990875,4444.637861125,NaN,NaN,NaN,NaN,,NaN,,4444.347495291,4444.350882666,None,NaN,NaN,,NaN,NaN,NaN,NaN,NaN,NaN,NaN,11,kitchen,1,2024-04-06_10h17.33.664,image_similarity_rating,2023.2.3,None,2024-04-06 10h17.46.441618 +0200
,124,134,483,483,stimuli/own/kitchen/124_kit.jpg,stimuli/own/kitchen/134_kit.jpg,NaN,NaN,NaN,NaN,NaN,NaN,NaN,NaN,0,198,198,482,4458.869822625,NaN,NaN,NaN,NaN,NaN,NaN,NaN,,NaN,,4459.154066125,4459.321317375,4459.321317375,4459.321317375,4459.321317375,4459.321317375,4459.321317375,4459.321317375,4459.321317375,4459.321317375,4477.835090708,7,-7,4,5,18.1190945419994,5,10.3940370829996,4458.85135175,4458.869822625,NaN,4459.154045416,NaN,NaN,NaN,NaN,,NaN,,4458.847913125,4458.851305083,None,NaN,NaN,,NaN,NaN,NaN,NaN,NaN,NaN,NaN,11,kitchen,1,2024-04-06_10h17.33.664,image_similarity_rating,2023.2.3,None,2024-04-06 10h17.46.441618 +0200
,114,126,306,306,stimuli/own/kitchen/114_kit.jpg,stimuli/own/kitchen/126_kit.jpg,NaN,NaN,NaN,NaN,NaN,NaN,NaN,NaN,0,199,199,305,4477.840696208,NaN,NaN,NaN,NaN,NaN,NaN,NaN,,NaN,,4478.125351958,4478.294950916,4478.294950916,4478.294950916,4478.294950916,4478.294950916,4478.294950916,4478.294950916,4478.294950916,4478.294950916,4495.61062075,7,-7,4,6,10.8048876660005,5,17.0788369169995,4477.838775416,4477.840696208,4478.294950916,4478.125337291,NaN,NaN,NaN,NaN,,NaN,,4477.835309375,4477.838728625,None,NaN,NaN,,NaN,NaN,NaN,NaN,NaN,NaN,NaN,11,kitchen,1,2024-04-06_10h17.33.664,image_similarity_rating,2023.2.3,None,2024-04-06 10h17.46.441618 +0200
,101,132,26,26,stimuli/own/kitchen/101_kit.jpg,stimuli/own/kitchen/132_kit.jpg,NaN,NaN,NaN,NaN,NaN,NaN,NaN,NaN,0,200,200,25,4495.619639166,NaN,NaN,NaN,NaN,NaN,NaN,NaN,,NaN,,4495.904926541,4496.0692215,4496.0692215,4496.0692215,4496.0692215,4496.0692215,4496.0692215,4496.0692215,4496.0692215,4496.0692215,4512.156919958,-7,7,4,5,12.23048225,4,15.650727833,4495.614264208,4495.619639166,4496.0692215,4495.904913208,NaN,NaN,NaN,NaN,,NaN,,4495.610835916,4495.614217958,None,NaN,NaN,,NaN,NaN,NaN,NaN,NaN,NaN,NaN,11,kitchen,1,2024-04-06_10h17.33.664,image_similarity_rating,2023.2.3,None,2024-04-06 10h17.46.441618 +0200
,130,136,545,545,stimuli/own/kitchen/130_kit.jpg,stimuli/own/kitchen/136_kit.jpg,NaN,NaN,NaN,NaN,NaN,NaN,NaN,NaN,0,201,201,544,4512.169976125,NaN,NaN,NaN,NaN,NaN,NaN,NaN,,NaN,,4512.454442333,4512.626113291,4512.626113291,4512.626113291,4512.626113291,4512.626113291,4512.626113291,4512.626113291,4512.626113291,4512.626113291,4528.330328,7,-7,4,4,14.6437507090004,6,8.93214095900021,4512.1605955,4512.169976125,4512.626113291,4512.454420666,NaN,NaN,NaN,NaN,,NaN,,4512.157140208,4512.160540583,None,NaN,NaN,,NaN,NaN,NaN,NaN,NaN,NaN,NaN,11,kitchen,1,2024-04-06_10h17.33.664,image_similarity_rating,2023.2.3,None,2024-04-06 10h17.46.441618 +0200
,105,117,138,599,stimuli/own/kitchen/105_kit.jpg,stimuli/own/kitchen/117_kit.jpg,NaN,NaN,NaN,NaN,NaN,NaN,NaN,NaN,0,202,202,598,4528.336039291,NaN,NaN,NaN,NaN,NaN,NaN,NaN,,NaN,,4528.620832625,4528.786795333,4528.786795333,4528.786795333,4528.786795333,4528.786795333,4528.786795333,4528.786795333,4528.786795333,4528.786795333,4544.959536083,7,-7,4,6,5.7135249590001,6,15.2302559999998,4528.33421075,4528.336039291,4528.786795333,4528.620816791,NaN,NaN,NaN,NaN,,NaN,,4528.33055425,4528.334161666,None,NaN,NaN,,NaN,NaN,NaN,NaN,NaN,NaN,NaN,11,kitchen,1,2024-04-06_10h17.33.664,image_similarity_rating,2023.2.3,None,2024-04-06 10h17.46.441618 +0200
,104,105,100,100,stimuli/own/kitchen/104_kit.jpg,stimuli/own/kitchen/105_kit.jpg,NaN,NaN,NaN,NaN,NaN,NaN,NaN,NaN,0,203,203,99,4544.969688916,NaN,NaN,NaN,NaN,NaN,NaN,NaN,,NaN,,4545.2542125,4545.418614458,4545.418614458,4545.418614458,4545.418614458,4545.418614458,4545.418614458,4545.418614458,4545.418614458,4545.418614458,4560.197200916,-7,7,4,5,8.68398745800005,5,5.96941162500025,4544.963320583,4544.969688916,4545.418614458,4545.254197958,NaN,NaN,NaN,NaN,,NaN,,4544.95975525,4544.963274083,None,NaN,NaN,,NaN,NaN,NaN,NaN,NaN,NaN,NaN,11,kitchen,1,2024-04-06_10h17.33.664,image_similarity_rating,2023.2.3,None,2024-04-06 10h17.46.441618 +0200
,111,112,218,218,stimuli/own/kitchen/111_kit.jpg,stimuli/own/kitchen/112_kit.jpg,NaN,NaN,NaN,NaN,NaN,NaN,NaN,NaN,0,204,204,217,4560.202664958,NaN,NaN,NaN,NaN,NaN,NaN,NaN,,NaN,,4560.487525,4560.65678675,4560.65678675,4560.65678675,4560.65678675,4560.65678675,4560.65678675,4560.65678675,4560.65678675,4560.65678675,4572.85962725,7,-7,4,5,4.58660887500082,6,9.55277987499994,4560.200860125,4560.202664958,4560.65678675,4560.487508125,NaN,NaN,NaN,NaN,,NaN,,4560.197421375,4560.200813583,None,NaN,NaN,,NaN,NaN,NaN,NaN,NaN,NaN,NaN,11,kitchen,1,2024-04-06_10h17.33.664,image_similarity_rating,2023.2.3,None,2024-04-06 10h17.46.441618 +0200
,104,132,122,122,stimuli/own/kitchen/104_kit.jpg,stimuli/own/kitchen/132_kit.jpg,NaN,NaN,NaN,NaN,NaN,NaN,NaN,NaN,0,205,205,121,4572.869554583,NaN,NaN,NaN,NaN,NaN,NaN,NaN,,NaN,,4573.153950625,4573.319645916,4573.319645916,4573.319645916,4573.319645916,4573.319645916,4573.319645916,4573.319645916,4573.319645916,4573.319645916,4587.438445208,7,-7,4,5,6.72740954200071,6,13.6286577500005,4572.863289875,4572.869554583,4573.319645916,4573.153929333,NaN,NaN,NaN,NaN,,NaN,,4572.859846541,4572.863243625,None,NaN,NaN,,NaN,NaN,NaN,NaN,NaN,NaN,NaN,11,kitchen,1,2024-04-06_10h17.33.664,image_similarity_rating,2023.2.3,None,2024-04-06 10h17.46.441618 +0200
,119,125,391,391,stimuli/own/kitchen/119_kit.jpg,stimuli/own/kitchen/125_kit.jpg,NaN,NaN,NaN,NaN,NaN,NaN,NaN,NaN,0,206,206,390,4587.443835333,NaN,NaN,NaN,NaN,NaN,NaN,NaN,,NaN,,4587.737333333,4587.905885833,4587.905885833,4587.905885833,4587.905885833,4587.905885833,4587.905885833,4587.905885833,4587.905885833,4587.905885833,4609.226200291,7,-7,4,5,20.6441371669998,7,11.9159416250004,4587.442082041,4587.443835333,4587.905885833,4587.73731575,NaN,NaN,NaN,NaN,,NaN,,4587.43866175,4587.442035875,None,NaN,NaN,,NaN,NaN,NaN,NaN,NaN,NaN,NaN,11,kitchen,1,2024-04-06_10h17.33.664,image_similarity_rating,2023.2.3,None,2024-04-06 10h17.46.441618 +0200
,105,130,150,150,stimuli/own/kitchen/105_kit.jpg,stimuli/own/kitchen/130_kit.jpg,NaN,NaN,NaN,NaN,NaN,NaN,NaN,NaN,0,207,207,149,4609.236105833,NaN,NaN,NaN,NaN,NaN,NaN,NaN,,NaN,,4609.520513208,4609.685257625,4609.685257625,4609.685257625,4609.685257625,4609.685257625,4609.685257625,4609.685257625,4609.685257625,4609.685257625,4630.156690458,7,-7,4,6,11.0368416250003,4,19.8748767080006,4609.22985275,4609.236105833,4609.685257625,4609.520497416,NaN,NaN,NaN,NaN,,NaN,,4609.226418083,4609.229806416,None,NaN,NaN,,NaN,NaN,NaN,NaN,NaN,NaN,NaN,11,kitchen,1,2024-04-06_10h17.33.664,image_similarity_rating,2023.2.3,None,2024-04-06 10h17.46.441618 +0200
,116,124,327,327,stimuli/own/kitchen/116_kit.jpg,stimuli/own/kitchen/124_kit.jpg,NaN,NaN,NaN,NaN,NaN,NaN,NaN,NaN,0,208,208,326,4630.169187416,NaN,NaN,NaN,NaN,NaN,NaN,NaN,,NaN,,4630.453837333,4630.620836,4630.620836,4630.620836,4630.620836,4630.620836,4630.620836,4630.620836,4630.620836,4630.620836,4649.1882925,-7,7,4,6,13.037101166,1,17.6553445829995,4630.160699458,4630.169187416,4630.620836,4630.453820541,NaN,NaN,NaN,NaN,,NaN,,4630.15692975,4630.160650541,None,NaN,NaN,,NaN,NaN,NaN,NaN,NaN,NaN,NaN,11,kitchen,1,2024-04-06_10h17.33.664,image_similarity_rating,2023.2.3,None,2024-04-06 10h17.46.441618 +0200
,126,127,505,505,stimuli/own/kitchen/126_kit.jpg,stimuli/own/kitchen/127_kit.jpg,NaN,NaN,NaN,NaN,NaN,NaN,NaN,NaN,0,209,209,504,4649.193868375,NaN,NaN,NaN,NaN,NaN,NaN,NaN,,NaN,,4649.487249208,4649.651418375,4649.651418375,4649.651418375,4649.651418375,4649.651418375,4649.651418375,4649.651418375,4649.651418375,4649.651418375,4668.288176041,7,-7,4,5,15.9007448749999,7,12.1789644159999,4649.191943416,4649.193868375,4649.651418375,4649.487232958,NaN,NaN,NaN,NaN,,NaN,,4649.188508875,4649.191897083,None,NaN,NaN,,NaN,NaN,NaN,NaN,NaN,NaN,NaN,11,kitchen,1,2024-04-06_10h17.33.664,image_similarity_rating,2023.2.3,None,2024-04-06 10h17.46.441618 +0200
,102,139,65,606,stimuli/own/kitchen/102_kit.jpg,stimuli/own/kitchen/139_kit.jpg,NaN,NaN,NaN,NaN,NaN,NaN,NaN,NaN,0,210,210,605,4668.29377425,NaN,NaN,NaN,NaN,NaN,NaN,NaN,,NaN,,4668.587095666,4668.751556875,4668.751556875,4668.751556875,4668.751556875,4668.751556875,4668.751556875,4668.751556875,4668.751556875,4668.751556875,4685.684509708,-7,7,4,2,6.9742602919996,7,14.6192168329999,4668.291842791,4668.29377425,4668.751556875,4668.587080083,NaN,NaN,NaN,NaN,,NaN,,4668.288394083,4668.29179575,None,NaN,NaN,,NaN,NaN,NaN,NaN,NaN,NaN,NaN,11,kitchen,1,2024-04-06_10h17.33.664,image_similarity_rating,2023.2.3,None,2024-04-06 10h17.46.441618 +0200
,102,139,65,607,stimuli/own/kitchen/102_kit.jpg,stimuli/own/kitchen/139_kit.jpg,NaN,NaN,NaN,NaN,NaN,NaN,NaN,NaN,0,211,211,606,4685.6904105,NaN,NaN,NaN,NaN,NaN,NaN,NaN,,NaN,,4685.974260791,4686.139837833,4686.139837833,4686.139837833,4686.139837833,4686.139837833,4686.139837833,4686.139837833,4686.139837833,4686.139837833,4707.641874541,7,-7,4,1,20.5381890419994,7,4.75092145899998,4685.688308,4685.6904105,4686.139837833,4685.974248041,NaN,NaN,NaN,NaN,,NaN,,4685.684755041,4685.688260958,None,NaN,NaN,,NaN,NaN,NaN,NaN,NaN,NaN,NaN,11,kitchen,1,2024-04-06_10h17.33.664,image_similarity_rating,2023.2.3,None,2024-04-06 10h17.46.441618 +0200
,106,120,170,170,stimuli/own/kitchen/106_kit.jpg,stimuli/own/kitchen/120_kit.jpg,NaN,NaN,NaN,NaN,NaN,NaN,NaN,NaN,0,212,212,169,4707.6522865,NaN,NaN,NaN,NaN,NaN,NaN,NaN,,NaN,,4707.9369885,4708.107796458,4708.107796458,4708.107796458,4708.107796458,4708.107796458,4708.107796458,4708.107796458,4708.107796458,4708.107796458,4721.004624,-7,7,4,1,11.7349855000002,6,5.60597887499989,4707.645526666,4707.6522865,4708.107796458,4707.936965458,NaN,NaN,NaN,NaN,,NaN,,4707.642093208,4707.64548075,None,NaN,NaN,,NaN,NaN,NaN,NaN,NaN,NaN,NaN,11,kitchen,1,2024-04-06_10h17.33.664,image_similarity_rating,2023.2.3,None,2024-04-06 10h17.46.441618 +0200
,121,123,426,426,stimuli/own/kitchen/121_kit.jpg,stimuli/own/kitchen/123_kit.jpg,NaN,NaN,NaN,NaN,NaN,NaN,NaN,NaN,0,213,213,425,4721.010033375,NaN,NaN,NaN,NaN,NaN,NaN,NaN,,NaN,,4721.303523708,4721.468849541,4721.468849541,4721.468849541,4721.468849541,4721.468849541,4721.468849541,4721.468849541,4721.468849541,4721.468849541,4741.618014166,7,-7,4,4,12.5139598750002,5,17.172780416,4721.008256083,4721.010033375,4721.468849541,4721.303503958,NaN,NaN,NaN,NaN,,NaN,,4721.004841208,4721.008209958,None,NaN,NaN,,NaN,NaN,NaN,NaN,NaN,NaN,NaN,11,kitchen,1,2024-04-06_10h17.33.664,image_similarity_rating,2023.2.3,None,2024-04-06 10h17.46.441618 +0200
,120,138,421,421,stimuli/own/kitchen/120_kit.jpg,stimuli/own/kitchen/138_kit.jpg,NaN,NaN,NaN,NaN,NaN,NaN,NaN,NaN,0,214,214,420,4741.623669458,NaN,NaN,NaN,NaN,NaN,NaN,NaN,,NaN,,4741.907262375,4742.072216291,4742.072216291,4742.072216291,4742.072216291,4742.072216291,4742.072216291,4742.072216291,4742.072216291,4742.072216291,4752.123133625,-7,7,4,3,4.7108976669997,3,9.8132417909992,4741.621730416,4741.623669458,4742.072216291,4741.907249833,NaN,NaN,NaN,NaN,,NaN,,4741.618233333,4741.621683791,None,NaN,NaN,,NaN,NaN,NaN,NaN,NaN,NaN,NaN,11,kitchen,1,2024-04-06_10h17.33.664,image_similarity_rating,2023.2.3,None,2024-04-06 10h17.46.441618 +0200
,129,132,532,532,stimuli/own/kitchen/129_kit.jpg,stimuli/own/kitchen/132_kit.jpg,NaN,NaN,NaN,NaN,NaN,NaN,NaN,NaN,0,215,215,531,4752.135404791,NaN,NaN,NaN,NaN,NaN,NaN,NaN,,NaN,,4752.420201583,4752.593094791,4752.593094791,4752.593094791,4752.593094791,4752.593094791,4752.593094791,4752.593094791,4752.593094791,4752.593094791,4759.250848416,7,-7,4,1,2.2158703340001,5,6.03266299999996,4752.126794833,4752.135404791,4752.593094791,4752.420184041,NaN,NaN,NaN,NaN,,NaN,,4752.123349166,4752.12674875,None,NaN,NaN,,NaN,NaN,NaN,NaN,NaN,NaN,NaN,11,kitchen,1,2024-04-06_10h17.33.664,image_similarity_rating,2023.2.3,None,2024-04-06 10h17.46.441618 +0200
,101,126,21,21,stimuli/own/kitchen/101_kit.jpg,stimuli/own/kitchen/126_kit.jpg,NaN,NaN,NaN,NaN,NaN,NaN,NaN,NaN,0,216,216,20,4759.256419791,NaN,NaN,NaN,NaN,NaN,NaN,NaN,,NaN,,4759.541299458,4759.704536041,4759.704536041,4759.704536041,4759.704536041,4759.704536041,4759.704536041,4759.704536041,4759.704536041,4759.704536041,4782.334269875,7,-7,4,5,19.489769584,6,13.6787683329994,4759.254648541,4759.256419791,4759.704536041,4759.541289541,NaN,NaN,NaN,NaN,,NaN,,4759.25107325,4759.254602125,None,NaN,NaN,,NaN,NaN,NaN,NaN,NaN,NaN,NaN,11,kitchen,1,2024-04-06_10h17.33.664,image_similarity_rating,2023.2.3,None,2024-04-06 10h17.46.441618 +0200
,112,135,264,264,stimuli/own/kitchen/112_kit.jpg,stimuli/own/kitchen/135_kit.jpg,NaN,NaN,NaN,NaN,NaN,NaN,NaN,NaN,0,217,217,263,4782.339892833,NaN,NaN,NaN,NaN,NaN,NaN,NaN,,NaN,,4782.624218583,4782.791344125,4782.791344125,4782.791344125,4782.791344125,4782.791344125,4782.791344125,4782.791344125,4782.791344125,4782.791344125,4796.471804083,-7,7,4,3,3.87931316699996,5,12.5058629999994,4782.338117166,4782.339892833,4782.791344125,4782.624205208,NaN,NaN,NaN,NaN,,NaN,,4782.334520958,4782.338070458,None,NaN,NaN,,NaN,NaN,NaN,NaN,NaN,NaN,NaN,11,kitchen,1,2024-04-06_10h17.33.664,image_similarity_rating,2023.2.3,None,2024-04-06 10h17.46.441618 +0200
,122,129,448,448,stimuli/own/kitchen/122_kit.jpg,stimuli/own/kitchen/129_kit.jpg,NaN,NaN,NaN,NaN,NaN,NaN,NaN,NaN,0,218,218,447,4796.477215208,NaN,NaN,NaN,NaN,NaN,NaN,NaN,,NaN,,4796.769818166,4796.93573725,4796.93573725,4796.93573725,4796.93573725,4796.93573725,4796.93573725,4796.93573725,4796.93573725,4796.93573725,4810.720996416,-7,7,4,1,13.4066801250001,3,10.7137844170002,4796.47543125,4796.477215208,4796.93573725,4796.769803208,NaN,NaN,NaN,NaN,,NaN,,4796.47202575,4796.475385041,None,NaN,NaN,,NaN,NaN,NaN,NaN,NaN,NaN,NaN,11,kitchen,1,2024-04-06_10h17.33.664,image_similarity_rating,2023.2.3,None,2024-04-06 10h17.46.441618 +0200
,127,132,521,521,stimuli/own/kitchen/127_kit.jpg,stimuli/own/kitchen/132_kit.jpg,NaN,NaN,NaN,NaN,NaN,NaN,NaN,NaN,0,219,219,520,4810.726570416,NaN,NaN,NaN,NaN,NaN,NaN,NaN,,NaN,,4811.02094675,4811.185613875,4811.185613875,4811.185613875,4811.185613875,4811.185613875,4811.185613875,4811.185613875,4811.185613875,4811.185613875,4827.087714041,7,-7,4,1,10.549560292,2,15.4481728749997,4810.724650458,4810.726570416,4811.185613875,4811.020932375,NaN,NaN,NaN,NaN,,NaN,,4810.721220958,4810.72460425,None,NaN,NaN,,NaN,NaN,NaN,NaN,NaN,NaN,NaN,11,kitchen,1,2024-04-06_10h17.33.664,image_similarity_rating,2023.2.3,None,2024-04-06 10h17.46.441618 +0200
,105,124,145,145,stimuli/own/kitchen/105_kit.jpg,stimuli/own/kitchen/124_kit.jpg,NaN,NaN,NaN,NaN,NaN,NaN,NaN,NaN,0,220,220,144,4827.093334583,NaN,NaN,NaN,NaN,NaN,NaN,NaN,,NaN,,4827.386554708,4827.553040458,4827.553040458,4827.553040458,4827.553040458,4827.553040458,4827.553040458,4827.553040458,4827.553040458,4827.553040458,4846.600386,-7,7,4,5,6.69649216700054,2,18.539808167,4827.091570291,4827.093334583,4827.553040458,4827.386538541,NaN,NaN,NaN,NaN,,NaN,,4827.08793725,4827.091518916,None,NaN,NaN,,NaN,NaN,NaN,NaN,NaN,NaN,NaN,11,kitchen,1,2024-04-06_10h17.33.664,image_similarity_rating,2023.2.3,None,2024-04-06 10h17.46.441618 +0200
,138,140,591,591,stimuli/own/kitchen/138_kit.jpg,stimuli/own/kitchen/140_kit.jpg,NaN,NaN,NaN,NaN,NaN,NaN,NaN,NaN,0,221,221,590,4846.605897416,NaN,NaN,NaN,NaN,NaN,NaN,NaN,,NaN,,4846.891485,4847.054353833,4847.054353833,4847.054353833,4847.054353833,4847.054353833,4847.054353833,4847.054353833,4847.054353833,4847.054353833,4857.01259825,7,-7,4,1,6.20147129099951,4,9.28734604199963,4846.604124375,4846.605897416,4847.054353833,4846.891474791,NaN,NaN,NaN,NaN,,NaN,,4846.600609833,4846.60407575,None,NaN,NaN,,NaN,NaN,NaN,NaN,NaN,NaN,NaN,11,kitchen,1,2024-04-06_10h17.33.664,image_similarity_rating,2023.2.3,None,2024-04-06 10h17.46.441618 +0200
,132,137,563,563,stimuli/own/kitchen/132_kit.jpg,stimuli/own/kitchen/137_kit.jpg,NaN,NaN,NaN,NaN,NaN,NaN,NaN,NaN,0,222,222,562,4857.0181315,NaN,NaN,NaN,NaN,NaN,NaN,NaN,,NaN,,4857.303065416,4857.471512125,4857.471512125,4857.471512125,4857.471512125,4857.471512125,4857.471512125,4857.471512125,4857.471512125,4857.471512125,4873.446124125,-7,7,4,2,13.0868662909998,5,14.8869812909998,4857.016240291,4857.0181315,4857.471512125,4857.303048458,NaN,NaN,NaN,NaN,,NaN,,4857.012815916,4857.016193791,None,NaN,NaN,,NaN,NaN,NaN,NaN,NaN,NaN,NaN,11,kitchen,1,2024-04-06_10h17.33.664,image_similarity_rating,2023.2.3,None,2024-04-06 10h17.46.441618 +0200
,102,139,65,65,stimuli/own/kitchen/102_kit.jpg,stimuli/own/kitchen/139_kit.jpg,NaN,NaN,NaN,NaN,NaN,NaN,NaN,NaN,0,223,223,64,4873.451546125,NaN,NaN,NaN,NaN,NaN,NaN,NaN,,NaN,,4873.736436875,4873.906065916,4873.906065916,4873.906065916,4873.906065916,4873.906065916,4873.906065916,4873.906065916,4873.906065916,4873.906065916,4891.5295075,-7,7,4,1,13.7019342500007,7,7.57483845800016,4873.449786,4873.451546125,4873.906065916,4873.736419916,NaN,NaN,NaN,NaN,,NaN,,4873.446345,4873.449738958,None,NaN,NaN,,NaN,NaN,NaN,NaN,NaN,NaN,NaN,11,kitchen,1,2024-04-06_10h17.33.664,image_similarity_rating,2023.2.3,None,2024-04-06 10h17.46.441618 +0200
,118,131,376,376,stimuli/own/kitchen/118_kit.jpg,stimuli/own/kitchen/131_kit.jpg,NaN,NaN,NaN,NaN,NaN,NaN,NaN,NaN,0,224,224,375,4891.55171175,NaN,NaN,NaN,NaN,NaN,NaN,NaN,,NaN,,4891.835732708,4892.007323625,4892.007323625,4892.007323625,4892.007323625,4892.007323625,4892.007323625,4892.007323625,4892.007323625,4892.007323625,4904.454794291,-7,7,4,2,10.1332522909997,1,5.7558186669994,4891.533162583,4891.55171175,NaN,4891.835712458,NaN,NaN,NaN,NaN,,NaN,,4891.52972875,4891.533115791,None,NaN,NaN,,NaN,NaN,NaN,NaN,NaN,NaN,NaN,11,kitchen,1,2024-04-06_10h17.33.664,image_similarity_rating,2023.2.3,None,2024-04-06 10h17.46.441618 +0200
,104,121,112,112,stimuli/own/kitchen/104_kit.jpg,stimuli/own/kitchen/121_kit.jpg,NaN,NaN,NaN,NaN,NaN,NaN,NaN,NaN,0,225,225,111,4904.460396833,NaN,NaN,NaN,NaN,NaN,NaN,NaN,,NaN,,4904.752914083,4904.918654583,4904.918654583,4904.918654583,4904.918654583,4904.918654583,4904.918654583,4904.918654583,4904.918654583,4904.918654583,4918.704679791,-7,7,4,5,8.503008959,3,13.1368032500004,4904.458462833,4904.460396833,4904.918654583,4904.752890416,NaN,NaN,NaN,NaN,,NaN,,4904.455015666,4904.458416375,None,NaN,NaN,,NaN,NaN,NaN,NaN,NaN,NaN,NaN,11,kitchen,1,2024-04-06_10h17.33.664,image_similarity_rating,2023.2.3,None,2024-04-06 10h17.46.441618 +0200
,106,137,185,185,stimuli/own/kitchen/106_kit.jpg,stimuli/own/kitchen/137_kit.jpg,NaN,NaN,NaN,NaN,NaN,NaN,NaN,NaN,0,226,226,184,4918.718198833,NaN,NaN,NaN,NaN,NaN,NaN,NaN,,NaN,,4919.003098333,4919.165744291,4919.165744291,4919.165744291,4919.165744291,4919.165744291,4919.165744291,4919.165744291,4919.165744291,4919.165744291,4929.350433125,7,-7,4,1,3.8516840000002,6,6.86888979099967,4918.708544,4918.718198833,4919.165744291,4919.003085333,NaN,NaN,NaN,NaN,,NaN,,4918.704914083,4918.70849525,None,NaN,NaN,,NaN,NaN,NaN,NaN,NaN,NaN,NaN,11,kitchen,1,2024-04-06_10h17.33.664,image_similarity_rating,2023.2.3,None,2024-04-06 10h17.46.441618 +0200
,120,121,406,406,stimuli/own/kitchen/120_kit.jpg,stimuli/own/kitchen/121_kit.jpg,NaN,NaN,NaN,NaN,NaN,NaN,NaN,NaN,0,227,227,405,4929.356246875,NaN,NaN,NaN,NaN,NaN,NaN,NaN,,NaN,,4929.640611291,4929.808386166,4929.808386166,4929.808386166,4929.808386166,4929.808386166,4929.808386166,4929.808386166,4929.808386166,4929.808386166,4941.118226458,7,-7,4,1,7.02786683399972,1,10.7665319999996,4929.354297291,4929.356246875,4929.808386166,4929.640596208,NaN,NaN,NaN,NaN,,NaN,,4929.350686375,4929.354250291,None,NaN,NaN,,NaN,NaN,NaN,NaN,NaN,NaN,NaN,11,kitchen,1,2024-04-06_10h17.33.664,image_similarity_rating,2023.2.3,None,2024-04-06 10h17.46.441618 +0200
,117,131,355,355,stimuli/own/kitchen/117_kit.jpg,stimuli/own/kitchen/131_kit.jpg,NaN,NaN,NaN,NaN,NaN,NaN,NaN,NaN,0,228,228,354,4941.123853541,NaN,NaN,NaN,NaN,NaN,NaN,NaN,,NaN,,4941.406757333,4941.571183625,4941.571183625,4941.571183625,4941.571183625,4941.571183625,4941.571183625,4941.571183625,4941.571183625,4941.571183625,4948.888204041,-7,7,4,1,3.97718445800001,1,6.65483579099964,4941.121921875,4941.123853541,4941.571183625,4941.406745083,NaN,NaN,NaN,NaN,,NaN,,4941.118452708,4941.121875375,None,NaN,NaN,,NaN,NaN,NaN,NaN,NaN,NaN,NaN,11,kitchen,1,2024-04-06_10h17.33.664,image_similarity_rating,2023.2.3,None,2024-04-06 10h17.46.441618 +0200
,117,124,349,349,stimuli/own/kitchen/117_kit.jpg,stimuli/own/kitchen/124_kit.jpg,NaN,NaN,NaN,NaN,NaN,NaN,NaN,NaN,0,229,229,348,4948.893861791,NaN,NaN,NaN,NaN,NaN,NaN,NaN,,NaN,,4949.186145125,4949.353436958,4949.353436958,4949.353436958,4949.353436958,4949.353436958,4949.353436958,4949.353436958,4949.353436958,4949.353436958,4968.534026416,-7,7,4,6,5.03507166700001,4,18.735790791,4948.891855916,4948.893861791,4949.353436958,4949.186127125,NaN,NaN,NaN,NaN,,NaN,,4948.888423875,4948.891809791,None,NaN,NaN,,NaN,NaN,NaN,NaN,NaN,NaN,NaN,11,kitchen,1,2024-04-06_10h17.33.664,image_similarity_rating,2023.2.3,None,2024-04-06 10h17.46.441618 +0200
,113,114,271,271,stimuli/own/kitchen/113_kit.jpg,stimuli/own/kitchen/114_kit.jpg,NaN,NaN,NaN,NaN,NaN,NaN,NaN,NaN,0,230,230,270,4968.53946975,NaN,NaN,NaN,NaN,NaN,NaN,NaN,,NaN,,4968.823959208,4968.987045166,4968.987045166,4968.987045166,4968.987045166,4968.987045166,4968.987045166,4968.987045166,4968.987045166,4968.987045166,4981.812332583,-7,7,4,4,7.76290895900001,2,11.984940458,4968.537714083,4968.53946975,4968.987045166,4968.823949083,NaN,NaN,NaN,NaN,,NaN,,4968.53424225,4968.537667375,None,NaN,NaN,,NaN,NaN,NaN,NaN,NaN,NaN,NaN,11,kitchen,1,2024-04-06_10h17.33.664,image_similarity_rating,2023.2.3,None,2024-04-06 10h17.46.441618 +0200
,118,138,382,382,stimuli/own/kitchen/118_kit.jpg,stimuli/own/kitchen/138_kit.jpg,NaN,NaN,NaN,NaN,NaN,NaN,NaN,NaN,0,231,231,381,4981.834870833,NaN,NaN,NaN,NaN,NaN,NaN,NaN,,NaN,,4982.118886291,4982.291452791,4982.291452791,4982.291452791,4982.291452791,4982.291452791,4982.291452791,4982.291452791,4982.291452791,4982.291452791,4996.520784291,7,-7,4,5,5.1049739580003,2,13.7859884580002,4981.815973125,4981.834870833,NaN,4982.118860958,NaN,NaN,NaN,NaN,,NaN,,4981.812557083,4981.815927041,None,NaN,NaN,,NaN,NaN,NaN,NaN,NaN,NaN,NaN,11,kitchen,1,2024-04-06_10h17.33.664,image_similarity_rating,2023.2.3,None,2024-04-06 10h17.46.441618 +0200
,114,129,308,308,stimuli/own/kitchen/114_kit.jpg,stimuli/own/kitchen/129_kit.jpg,NaN,NaN,NaN,NaN,NaN,NaN,NaN,NaN,0,232,232,307,4996.526307958,NaN,NaN,NaN,NaN,NaN,NaN,NaN,,NaN,,4996.82015075,4996.985968333,4996.985968333,4996.985968333,4996.985968333,4996.985968333,4996.985968333,4996.985968333,4996.985968333,4996.985968333,5004.65464725,-7,7,4,1,3.5107923329997,2,6.03063158300029,4996.524538458,4996.526307958,4996.985968333,4996.820135583,NaN,NaN,NaN,NaN,,NaN,,4996.5210015,4996.524491958,None,NaN,NaN,,NaN,NaN,NaN,NaN,NaN,NaN,NaN,11,kitchen,1,2024-04-06_10h17.33.664,image_similarity_rating,2023.2.3,None,2024-04-06 10h17.46.441618 +0200
,125,132,496,496,stimuli/own/kitchen/125_kit.jpg,stimuli/own/kitchen/132_kit.jpg,NaN,NaN,NaN,NaN,NaN,NaN,NaN,NaN,0,233,233,495,5004.66020875,NaN,NaN,NaN,NaN,NaN,NaN,NaN,,NaN,,5004.952768583,5005.116522791,5005.116522791,5005.116522791,5005.116522791,5005.116522791,5005.116522791,5005.116522791,5005.116522791,5005.116522791,5022.30367975,7,-7,4,6,13.1368415830002,1,16.6779176669997,5004.658283458,5004.66020875,5005.116522791,5004.952755333,NaN,NaN,NaN,NaN,,NaN,,5004.654869708,5004.658237666,None,NaN,NaN,,NaN,NaN,NaN,NaN,NaN,NaN,NaN,11,kitchen,1,2024-04-06_10h17.33.664,image_similarity_rating,2023.2.3,None,2024-04-06 10h17.46.441618 +0200
,109,119,197,197,stimuli/own/kitchen/109_kit.jpg,stimuli/own/kitchen/119_kit.jpg,NaN,NaN,NaN,NaN,NaN,NaN,NaN,NaN,0,234,234,196,5022.309363875,NaN,NaN,NaN,NaN,NaN,NaN,NaN,,NaN,,5022.60259725,5022.767609291,5022.767609291,5022.767609291,5022.767609291,5022.767609291,5022.767609291,5022.767609291,5022.767609291,5022.767609291,5033.600302875,-7,7,4,1,9.97321974999977,7,7.97854520800047,5022.3074185,5022.309363875,5022.767609291,5022.602577666,NaN,NaN,NaN,NaN,,NaN,,5022.303896333,5022.307372583,None,NaN,NaN,,NaN,NaN,NaN,NaN,NaN,NaN,NaN,11,kitchen,1,2024-04-06_10h17.33.664,image_similarity_rating,2023.2.3,None,2024-04-06 10h17.46.441618 +0200
,114,131,310,310,stimuli/own/kitchen/114_kit.jpg,stimuli/own/kitchen/131_kit.jpg,NaN,NaN,NaN,NaN,NaN,NaN,NaN,NaN,0,235,235,309,5033.605911833,NaN,NaN,NaN,NaN,NaN,NaN,NaN,,NaN,,5033.889663583,5034.054198333,5034.054198333,5034.054198333,5034.054198333,5034.054198333,5034.054198333,5034.054198333,5034.054198333,5034.054198333,5047.620270375,7,-7,4,2,12.8409993750001,1,4.96412858300027,5033.60398925,5033.605911833,5034.054198333,5033.889650833,NaN,NaN,NaN,NaN,,NaN,,5033.600528083,5033.603942666,None,NaN,NaN,,NaN,NaN,NaN,NaN,NaN,NaN,NaN,11,kitchen,1,2024-04-06_10h17.33.664,image_similarity_rating,2023.2.3,None,2024-04-06 10h17.46.441618 +0200
,102,122,50,50,stimuli/own/kitchen/102_kit.jpg,stimuli/own/kitchen/122_kit.jpg,NaN,NaN,NaN,NaN,NaN,NaN,NaN,NaN,0,236,236,49,5047.62584525,NaN,NaN,NaN,NaN,NaN,NaN,NaN,,NaN,,5047.919069791,5048.090526541,5048.090526541,5048.090526541,5048.090526541,5048.090526541,5048.090526541,5048.090526541,5048.090526541,5048.090526541,5064.71196625,7,-7,4,2,16.1893563330004,4,7.9517922089999,5047.623910125,5047.62584525,5048.090526541,5047.91905075,NaN,NaN,NaN,NaN,,NaN,,5047.620488166,5047.623864041,None,NaN,NaN,,NaN,NaN,NaN,NaN,NaN,NaN,NaN,11,kitchen,1,2024-04-06_10h17.33.664,image_similarity_rating,2023.2.3,None,2024-04-06 10h17.46.441618 +0200
,116,126,329,329,stimuli/own/kitchen/116_kit.jpg,stimuli/own/kitchen/126_kit.jpg,NaN,NaN,NaN,NaN,NaN,NaN,NaN,NaN,0,237,237,328,5064.717477041,NaN,NaN,NaN,NaN,NaN,NaN,NaN,,NaN,,5065.002345666,5065.170722208,5065.170722208,5065.170722208,5065.170722208,5065.170722208,5065.170722208,5065.170722208,5065.170722208,5065.170722208,5085.3201475,-7,7,4,2,12.601819167,1,18.8281961659995,5064.715602625,5064.717477041,5065.170722208,5065.002328458,NaN,NaN,NaN,NaN,,NaN,,5064.712183791,5064.715554958,None,NaN,NaN,,NaN,NaN,NaN,NaN,NaN,NaN,NaN,11,kitchen,1,2024-04-06_10h17.33.664,image_similarity_rating,2023.2.3,None,2024-04-06 10h17.46.441618 +0200
,118,119,365,365,stimuli/own/kitchen/118_kit.jpg,stimuli/own/kitchen/119_kit.jpg,NaN,NaN,NaN,NaN,NaN,NaN,NaN,NaN,0,238,238,364,5085.325539125,NaN,NaN,NaN,NaN,NaN,NaN,NaN,,NaN,,5085.619034708,5085.7858665,5085.7858665,5085.7858665,5085.7858665,5085.7858665,5085.7858665,5085.7858665,5085.7858665,5085.7858665,5101.749418375,-7,7,4,3,15.5729249169999,6,11.2965066249999,5085.323791583,5085.325539125,5085.7858665,5085.619019041,NaN,NaN,NaN,NaN,,NaN,,5085.320367875,5085.323745291,None,NaN,NaN,,NaN,NaN,NaN,NaN,NaN,NaN,NaN,11,kitchen,1,2024-04-06_10h17.33.664,image_similarity_rating,2023.2.3,None,2024-04-06 10h17.46.441618 +0200
,127,140,528,528,stimuli/own/kitchen/127_kit.jpg,stimuli/own/kitchen/140_kit.jpg,NaN,NaN,NaN,NaN,NaN,NaN,NaN,NaN,0,239,239,527,5101.754840958,NaN,NaN,NaN,NaN,NaN,NaN,NaN,,NaN,,5102.0399185,5102.206254083,5102.206254083,5102.206254083,5102.206254083,5102.206254083,5102.206254083,5102.206254083,5102.206254083,5102.206254083,5120.399485791,7,-7,4,2,13.6920169589994,3,17.7795318340004,5101.7530925,5101.754840958,5102.206254083,5102.03990475,NaN,NaN,NaN,NaN,,NaN,,5101.749641,5101.753045291,None,NaN,NaN,,NaN,NaN,NaN,NaN,NaN,NaN,NaN,11,kitchen,1,2024-04-06_10h17.33.664,image_similarity_rating,2023.2.3,None,2024-04-06 10h17.46.441618 +0200
,106,109,161,161,stimuli/own/kitchen/106_kit.jpg,stimuli/own/kitchen/109_kit.jpg,NaN,NaN,NaN,NaN,NaN,NaN,NaN,NaN,0,240,240,160,5120.405138541,NaN,NaN,NaN,NaN,NaN,NaN,NaN,,NaN,,5120.690407166,5120.853039125,5120.853039125,5120.853039125,5120.853039125,5120.853039125,5120.853039125,5120.853039125,5120.853039125,5120.853039125,5127.995290583,7,-7,4,1,2.08592604200021,5,4.84076441700017,5120.403192041,5120.405138541,5120.853039125,5120.690397208,NaN,NaN,NaN,NaN,,NaN,,5120.39970925,5120.403145666,None,NaN,NaN,,NaN,NaN,NaN,NaN,NaN,NaN,NaN,11,kitchen,1,2024-04-06_10h17.33.664,image_similarity_rating,2023.2.3,None,2024-04-06 10h17.46.441618 +0200
,116,138,339,339,stimuli/own/kitchen/116_kit.jpg,stimuli/own/kitchen/138_kit.jpg,NaN,NaN,NaN,NaN,NaN,NaN,NaN,NaN,0,241,241,338,5128.000691791,NaN,NaN,NaN,NaN,NaN,NaN,NaN,,NaN,,5128.285600458,5128.45284,5128.45284,5128.45284,5128.45284,5128.45284,5128.45284,5128.45284,5128.45284,5128.45284,5144.72119175,7,-7,4,4,9.46248179200029,4,15.8906745000004,5127.998933208,5128.000691791,5128.45284,5128.285582625,NaN,NaN,NaN,NaN,,NaN,,5127.99551175,5127.998887,None,NaN,NaN,,NaN,NaN,NaN,NaN,NaN,NaN,NaN,11,kitchen,1,2024-04-06_10h17.33.664,image_similarity_rating,2023.2.3,None,2024-04-06 10h17.46.441618 +0200
,106,140,188,188,stimuli/own/kitchen/106_kit.jpg,stimuli/own/kitchen/140_kit.jpg,NaN,NaN,NaN,NaN,NaN,NaN,NaN,NaN,0,242,242,187,5144.734112625,NaN,NaN,NaN,NaN,NaN,NaN,NaN,,NaN,,5145.018885083,5145.186121541,5145.186121541,5145.186121541,5145.186121541,5145.186121541,5145.186121541,5145.186121541,5145.186121541,5145.186121541,5157.583640916,-7,7,4,6,6.94383800000014,2,12.0458581250004,5144.725042583,5144.734112625,5145.186121541,5145.018868166,NaN,NaN,NaN,NaN,,NaN,,5144.721424833,5144.724994041,None,NaN,NaN,,NaN,NaN,NaN,NaN,NaN,NaN,NaN,11,kitchen,1,2024-04-06_10h17.33.664,image_similarity_rating,2023.2.3,None,2024-04-06 10h17.46.441618 +0200
,132,134,560,560,stimuli/own/kitchen/132_kit.jpg,stimuli/own/kitchen/134_kit.jpg,NaN,NaN,NaN,NaN,NaN,NaN,NaN,NaN,0,243,243,559,5157.589567083,NaN,NaN,NaN,NaN,NaN,NaN,NaN,,NaN,,5157.885194041,5158.050819375,5158.050819375,5158.050819375,5158.050819375,5158.050819375,5158.050819375,5158.050819375,5158.050819375,5158.050819375,5169.453201583,7,-7,4,5,5.18892925,6,9.27200345799974,5157.587314333,5157.589567083,5158.050819375,5157.885180625,NaN,NaN,NaN,NaN,,NaN,,5157.583856833,5157.58726725,None,NaN,NaN,,NaN,NaN,NaN,NaN,NaN,NaN,NaN,11,kitchen,1,2024-04-06_10h17.33.664,image_similarity_rating,2023.2.3,None,2024-04-06 10h17.46.441618 +0200
,116,123,326,326,stimuli/own/kitchen/116_kit.jpg,stimuli/own/kitchen/123_kit.jpg,NaN,NaN,NaN,NaN,NaN,NaN,NaN,NaN,0,244,244,325,5169.458742125,NaN,NaN,NaN,NaN,NaN,NaN,NaN,,NaN,,5169.75205975,5169.917096041,5169.917096041,5169.917096041,5169.917096041,5169.917096041,5169.917096041,5169.917096041,5169.917096041,5169.917096041,5189.157122125,7,-7,4,2,15.5813241249998,7,4.97801454199998,5169.456959083,5169.458742125,5169.917096041,5169.75204425,NaN,NaN,NaN,NaN,,NaN,,5169.453423375,5169.456912541,None,NaN,NaN,,NaN,NaN,NaN,NaN,NaN,NaN,NaN,11,kitchen,1,2024-04-06_10h17.33.664,image_similarity_rating,2023.2.3,None,2024-04-06 10h17.46.441618 +0200
,126,141,517,517,stimuli/own/kitchen/126_kit.jpg,stimuli/own/kitchen/141_kit.jpg,NaN,NaN,NaN,NaN,NaN,NaN,NaN,NaN,0,245,245,516,5189.167286083,NaN,NaN,NaN,NaN,NaN,NaN,NaN,,NaN,,5189.452024958,5189.621240875,5189.621240875,5189.621240875,5189.621240875,5189.621240875,5189.621240875,5189.621240875,5189.621240875,5189.621240875,5196.76586925,-7,7,4,5,3.08664399999998,4,6.67101620799986,5189.160784833,5189.167286083,5189.621240875,5189.452007833,NaN,NaN,NaN,NaN,,NaN,,5189.157349,5189.160738125,None,NaN,NaN,,NaN,NaN,NaN,NaN,NaN,NaN,NaN,11,kitchen,1,2024-04-06_10h17.33.664,image_similarity_rating,2023.2.3,None,2024-04-06 10h17.46.441618 +0200
,118,139,383,383,stimuli/own/kitchen/118_kit.jpg,stimuli/own/kitchen/139_kit.jpg,NaN,NaN,NaN,NaN,NaN,NaN,NaN,NaN,0,246,246,382,5196.771475375,NaN,NaN,NaN,NaN,NaN,NaN,NaN,,NaN,,5197.056166,5197.224341291,5197.224341291,5197.224341291,5197.224341291,5197.224341291,5197.224341291,5197.224341291,5197.224341291,5197.224341291,5212.765850291,-7,7,4,3,8.95583483300015,2,13.8930379169997,5196.769702791,5196.771475375,5197.224341291,5197.056151125,NaN,NaN,NaN,NaN,,NaN,,5196.766089041,5196.769655375,None,NaN,NaN,,NaN,NaN,NaN,NaN,NaN,NaN,NaN,11,kitchen,1,2024-04-06_10h17.33.664,image_similarity_rating,2023.2.3,None,2024-04-06 10h17.46.441618 +0200
,101,104,3,3,stimuli/own/kitchen/101_kit.jpg,stimuli/own/kitchen/104_kit.jpg,NaN,NaN,NaN,NaN,NaN,NaN,NaN,NaN,0,247,247,2,5212.771705291,NaN,NaN,NaN,NaN,NaN,NaN,NaN,,NaN,,5213.056487916,5213.223246083,5213.223246083,5213.223246083,5213.223246083,5213.223246083,5213.223246083,5213.223246083,5213.223246083,5213.223246083,5234.73627525,-7,7,4,6,11.9638426669999,6,20.9149611659996,5212.769680875,5212.771705291,5213.223246083,5213.056473541,NaN,NaN,NaN,NaN,,NaN,,5212.766072666,5212.769634,None,NaN,NaN,,NaN,NaN,NaN,NaN,NaN,NaN,NaN,11,kitchen,1,2024-04-06_10h17.33.664,image_similarity_rating,2023.2.3,None,2024-04-06 10h17.46.441618 +0200
,113,122,278,278,stimuli/own/kitchen/113_kit.jpg,stimuli/own/kitchen/122_kit.jpg,NaN,NaN,NaN,NaN,NaN,NaN,NaN,NaN,0,248,248,277,5234.741673791,NaN,NaN,NaN,NaN,NaN,NaN,NaN,,NaN,,5235.035293958,5235.201267791,5235.201267791,5235.201267791,5235.201267791,5235.201267791,5235.201267791,5235.201267791,5235.201267791,5235.201267791,5247.012234333,7,-7,4,5,5.85216745900016,2,11.5112427079994,5234.739911083,5234.741673791,5235.201267791,5235.035279666,NaN,NaN,NaN,NaN,,NaN,,5234.736491916,5234.739864833,None,NaN,NaN,,NaN,NaN,NaN,NaN,NaN,NaN,NaN,11,kitchen,1,2024-04-06_10h17.33.664,image_similarity_rating,2023.2.3,None,2024-04-06 10h17.46.441618 +0200
,121,125,428,428,stimuli/own/kitchen/121_kit.jpg,stimuli/own/kitchen/125_kit.jpg,NaN,NaN,NaN,NaN,NaN,NaN,NaN,NaN,0,249,249,427,5247.018410541,NaN,NaN,NaN,NaN,NaN,NaN,NaN,,NaN,,5247.302235666,5247.464900833,5247.464900833,5247.464900833,5247.464900833,5247.464900833,5247.464900833,5247.464900833,5247.464900833,5247.464900833,5265.932634291,7,-7,4,1,14.2300029999997,2,17.7620028749998,5247.015983708,5247.018410541,5247.464900833,5247.302225791,NaN,NaN,NaN,NaN,,NaN,,5247.012447458,5247.015931375,None,NaN,NaN,,NaN,NaN,NaN,NaN,NaN,NaN,NaN,11,kitchen,1,2024-04-06_10h17.33.664,image_similarity_rating,2023.2.3,None,2024-04-06 10h17.46.441618 +0200
,106,121,171,171,stimuli/own/kitchen/106_kit.jpg,stimuli/own/kitchen/121_kit.jpg,NaN,NaN,NaN,NaN,NaN,NaN,NaN,NaN,0,250,250,170,5265.938441083,NaN,NaN,NaN,NaN,NaN,NaN,NaN,,NaN,,5266.222627791,5266.393311791,5266.393311791,5266.393311791,5266.393311791,5266.393311791,5266.393311791,5266.393311791,5266.393311791,5266.393311791,5280.432788333,7,-7,4,1,13.0457446249993,6,3.52065033399958,5265.936492083,5265.938441083,5266.393311791,5266.222611333,NaN,NaN,NaN,NaN,,NaN,,5265.932880916,5265.936445166,None,NaN,NaN,,NaN,NaN,NaN,NaN,NaN,NaN,NaN,11,kitchen,1,2024-04-06_10h17.33.664,image_similarity_rating,2023.2.3,None,2024-04-06 10h17.46.441618 +0200
,105,122,143,143,stimuli/own/kitchen/105_kit.jpg,stimuli/own/kitchen/122_kit.jpg,NaN,NaN,NaN,NaN,NaN,NaN,NaN,NaN,0,251,251,142,5280.438224916,NaN,NaN,NaN,NaN,NaN,NaN,NaN,,NaN,,5280.722383833,5280.887741666,5280.887741666,5280.887741666,5280.887741666,5280.887741666,5280.887741666,5280.887741666,5280.887741666,5280.887741666,5290.582717416,-7,7,4,6,6.57948637499976,7,2.20137049999994,5280.436468666,5280.438224916,5280.887741666,5280.722371458,NaN,NaN,NaN,NaN,,NaN,,5280.433008625,5280.436421458,None,NaN,NaN,,NaN,NaN,NaN,NaN,NaN,NaN,NaN,11,kitchen,1,2024-04-06_10h17.33.664,image_similarity_rating,2023.2.3,None,2024-04-06 10h17.46.441618 +0200
,103,131,90,90,stimuli/own/kitchen/103_kit.jpg,stimuli/own/kitchen/131_kit.jpg,NaN,NaN,NaN,NaN,NaN,NaN,NaN,NaN,0,252,252,89,5290.588399916,NaN,NaN,NaN,NaN,NaN,NaN,NaN,,NaN,,5327.868398791,5328.041988041,5328.041988041,5328.041988041,5328.041988041,5328.041988041,5328.041988041,5328.041988041,5328.041988041,5328.041988041,5341.704219,7,-7,5,1,7.25684825000008,5,12.4085794590001,5327.571314083,5327.575213458,5328.041988041,5327.868372583,NaN,NaN,NaN,NaN,,NaN,,5290.582943041,5327.570427208,space,5290.588399916,36.9817733330001,None,NaN,NaN,NaN,NaN,NaN,NaN,NaN,11,kitchen,1,2024-04-06_10h17.33.664,image_similarity_rating,2023.2.3,None,2024-04-06 10h17.46.441618 +0200
,111,124,229,229,stimuli/own/kitchen/111_kit.jpg,stimuli/own/kitchen/124_kit.jpg,NaN,NaN,NaN,NaN,NaN,NaN,NaN,NaN,0,253,253,228,5341.717165375,NaN,NaN,NaN,NaN,NaN,NaN,NaN,,NaN,,5342.001147583,5342.168057708,5342.168057708,5342.168057708,5342.168057708,5342.168057708,5342.168057708,5342.168057708,5342.168057708,5342.168057708,5350.989687625,-7,7,5,5,8.48032929200053,6,5.35425929200028,5341.7086585,5341.717165375,5342.168057708,5342.001122541,NaN,NaN,NaN,NaN,,NaN,,5341.704454958,5341.708608708,None,NaN,NaN,,NaN,NaN,NaN,NaN,NaN,NaN,NaN,11,kitchen,1,2024-04-06_10h17.33.664,image_similarity_rating,2023.2.3,None,2024-04-06 10h17.46.441618 +0200
,105,137,156,156,stimuli/own/kitchen/105_kit.jpg,stimuli/own/kitchen/137_kit.jpg,NaN,NaN,NaN,NaN,NaN,NaN,NaN,NaN,0,254,254,155,5351.000045791,NaN,NaN,NaN,NaN,NaN,NaN,NaN,,NaN,,5351.284784625,5351.452325375,5351.452325375,5351.452325375,5351.452325375,5351.452325375,5351.452325375,5351.452325375,5351.452325375,5351.452325375,5365.573275958,7,-7,5,5,5.96565250000003,5,13.8450622500004,5350.993341916,5351.000045791,5351.452325375,5351.284766791,NaN,NaN,NaN,NaN,,NaN,,5350.989902833,5350.99329575,None,NaN,NaN,,NaN,NaN,NaN,NaN,NaN,NaN,NaN,11,kitchen,1,2024-04-06_10h17.33.664,image_similarity_rating,2023.2.3,None,2024-04-06 10h17.46.441618 +0200
,137,140,588,588,stimuli/own/kitchen/137_kit.jpg,stimuli/own/kitchen/140_kit.jpg,NaN,NaN,NaN,NaN,NaN,NaN,NaN,NaN,0,255,255,587,5365.5833675,NaN,NaN,NaN,NaN,NaN,NaN,NaN,,NaN,,5365.868976958,5366.033313333,5366.033313333,5366.033313333,5366.033313333,5366.033313333,5366.033313333,5366.033313333,5366.033313333,5366.033313333,5380.694926666,-7,7,5,1,9.43575470900032,2,14.3624035419998,5365.577039291,5365.5833675,5366.033313333,5365.868963166,NaN,NaN,NaN,NaN,,NaN,,5365.573497583,5365.576992791,None,NaN,NaN,,NaN,NaN,NaN,NaN,NaN,NaN,NaN,11,kitchen,1,2024-04-06_10h17.33.664,image_similarity_rating,2023.2.3,None,2024-04-06 10h17.46.441618 +0200
,102,113,42,42,stimuli/own/kitchen/102_kit.jpg,stimuli/own/kitchen/113_kit.jpg,NaN,NaN,NaN,NaN,NaN,NaN,NaN,NaN,0,256,256,41,5380.701374083,NaN,NaN,NaN,NaN,NaN,NaN,NaN,,NaN,,5380.985457833,5381.151492708,5381.151492708,5381.151492708,5381.151492708,5381.151492708,5381.151492708,5381.151492708,5381.151492708,5381.151492708,5402.644401791,7,-7,5,2,8.29318462499941,3,20.3671850829996,5380.69861825,5380.701374083,5381.151492708,5380.985443833,NaN,NaN,NaN,NaN,,NaN,,5380.69515325,5380.698572125,None,NaN,NaN,,NaN,NaN,NaN,NaN,NaN,NaN,NaN,11,kitchen,1,2024-04-06_10h17.33.664,image_similarity_rating,2023.2.3,None,2024-04-06 10h17.46.441618 +0200
,103,123,83,83,stimuli/own/kitchen/103_kit.jpg,stimuli/own/kitchen/123_kit.jpg,NaN,NaN,NaN,NaN,NaN,NaN,NaN,NaN,0,257,257,82,5402.666762375,NaN,NaN,NaN,NaN,NaN,NaN,NaN,,NaN,,5402.950787,5403.123124291,5403.123124291,5403.123124291,5403.123124291,5403.123124291,5403.123124291,5403.123124291,5403.123124291,5403.123124291,5415.253206708,7,-7,5,1,9.46810291700058,6,6.40523366700018,5402.648070416,5402.666762375,NaN,5402.95076275,NaN,NaN,NaN,NaN,,NaN,,5402.644619625,5402.648024083,None,NaN,NaN,,NaN,NaN,NaN,NaN,NaN,NaN,NaN,11,kitchen,1,2024-04-06_10h17.33.664,image_similarity_rating,2023.2.3,None,2024-04-06 10h17.46.441618 +0200
,111,119,224,224,stimuli/own/kitchen/111_kit.jpg,stimuli/own/kitchen/119_kit.jpg,NaN,NaN,NaN,NaN,NaN,NaN,NaN,NaN,0,258,258,223,5415.258797333,NaN,NaN,NaN,NaN,NaN,NaN,NaN,,NaN,,5415.551225791,5415.717189916,5415.717189916,5415.717189916,5415.717189916,5415.717189916,5415.717189916,5415.717189916,5415.717189916,5415.717189916,5431.056336666,7,-7,5,3,14.0165597920004,5,9.35252100000071,5415.256862333,5415.258797333,5415.717189916,5415.551209791,NaN,NaN,NaN,NaN,,NaN,,5415.253426791,5415.256816208,None,NaN,NaN,,NaN,NaN,NaN,NaN,NaN,NaN,NaN,11,kitchen,1,2024-04-06_10h17.33.664,image_similarity_rating,2023.2.3,None,2024-04-06 10h17.46.441618 +0200
,109,122,200,200,stimuli/own/kitchen/109_kit.jpg,stimuli/own/kitchen/122_kit.jpg,NaN,NaN,NaN,NaN,NaN,NaN,NaN,NaN,0,259,259,199,5431.066576291,NaN,NaN,NaN,NaN,NaN,NaN,NaN,,NaN,,5431.3511415,5431.517814916,5431.517814916,5431.517814916,5431.517814916,5431.517814916,5431.517814916,5431.517814916,5431.517814916,5431.517814916,5439.577441041,-7,7,5,1,2.70753150000019,4,6.89799179200054,5431.060086291,5431.066576291,5431.517814916,5431.351124166,NaN,NaN,NaN,NaN,,NaN,,5431.056554291,5431.060039875,None,NaN,NaN,,NaN,NaN,NaN,NaN,NaN,NaN,NaN,11,kitchen,1,2024-04-06_10h17.33.664,image_similarity_rating,2023.2.3,None,2024-04-06 10h17.46.441618 +0200
,130,134,543,543,stimuli/own/kitchen/130_kit.jpg,stimuli/own/kitchen/134_kit.jpg,NaN,NaN,NaN,NaN,NaN,NaN,NaN,NaN,0,260,260,542,5439.599766458,NaN,NaN,NaN,NaN,NaN,NaN,NaN,,NaN,,5439.883921458,5440.05433625,5440.05433625,5440.05433625,5440.05433625,5440.05433625,5440.05433625,5440.05433625,5440.05433625,5440.05433625,5449.815281875,7,-7,5,5,5.03613670899995,4,9.05253120799989,5439.581479083,5439.599766458,NaN,5439.883902041,NaN,NaN,NaN,NaN,,NaN,,5439.577661958,5439.581430041,None,NaN,NaN,,NaN,NaN,NaN,NaN,NaN,NaN,NaN,11,kitchen,1,2024-04-06_10h17.33.664,image_similarity_rating,2023.2.3,None,2024-04-06 10h17.46.441618 +0200
,109,121,199,199,stimuli/own/kitchen/109_kit.jpg,stimuli/own/kitchen/121_kit.jpg,NaN,NaN,NaN,NaN,NaN,NaN,NaN,NaN,0,261,261,198,5449.8209035,NaN,NaN,NaN,NaN,NaN,NaN,NaN,,NaN,,5450.105161458,5450.271345208,5450.271345208,5450.271345208,5450.271345208,5450.271345208,5450.271345208,5450.271345208,5450.271345208,5450.271345208,5463.952610583,7,-7,5,1,2.74847899999986,2,13.0732162920003,5449.818980541,5449.8209035,5450.271345208,5450.105144916,NaN,NaN,NaN,NaN,,NaN,,5449.815527208,5449.818934458,None,NaN,NaN,,NaN,NaN,NaN,NaN,NaN,NaN,NaN,11,kitchen,1,2024-04-06_10h17.33.664,image_similarity_rating,2023.2.3,None,2024-04-06 10h17.46.441618 +0200
,101,134,27,27,stimuli/own/kitchen/101_kit.jpg,stimuli/own/kitchen/134_kit.jpg,NaN,NaN,NaN,NaN,NaN,NaN,NaN,NaN,0,262,262,26,5463.9581935,NaN,NaN,NaN,NaN,NaN,NaN,NaN,,NaN,,5464.251056166,5464.4197455,5464.4197455,5464.4197455,5464.4197455,5464.4197455,5464.4197455,5464.4197455,5464.4197455,5464.4197455,5479.606737583,-7,7,5,4,14.2903055420002,5,9.42927229199995,5463.95640075,5463.9581935,5464.4197455,5464.2510385,NaN,NaN,NaN,NaN,,NaN,,5463.952840041,5463.956353458,None,NaN,NaN,,NaN,NaN,NaN,NaN,NaN,NaN,NaN,11,kitchen,1,2024-04-06_10h17.33.664,image_similarity_rating,2023.2.3,None,2024-04-06 10h17.46.441618 +0200
,129,136,535,535,stimuli/own/kitchen/129_kit.jpg,stimuli/own/kitchen/136_kit.jpg,NaN,NaN,NaN,NaN,NaN,NaN,NaN,NaN,0,263,263,534,5479.616310875,NaN,NaN,NaN,NaN,NaN,NaN,NaN,,NaN,,5479.900890041,5480.066441291,5480.066441291,5480.066441291,5480.066441291,5480.066441291,5480.066441291,5480.066441291,5480.066441291,5480.066441291,5498.085572958,-7,7,5,2,15.341509459,4,17.5331678749999,5479.610386125,5479.616310875,5480.066441291,5479.900875333,NaN,NaN,NaN,NaN,,NaN,,5479.606955666,5479.610339916,None,NaN,NaN,,NaN,NaN,NaN,NaN,NaN,NaN,NaN,11,kitchen,1,2024-04-06_10h17.33.664,image_similarity_rating,2023.2.3,None,2024-04-06 10h17.46.441618 +0200
,112,126,257,257,stimuli/own/kitchen/112_kit.jpg,stimuli/own/kitchen/126_kit.jpg,NaN,NaN,NaN,NaN,NaN,NaN,NaN,NaN,0,264,264,256,5498.09128275,NaN,NaN,NaN,NaN,NaN,NaN,NaN,,NaN,,5498.384691375,5498.549609291,5498.549609291,5498.549609291,5498.549609291,5498.549609291,5498.549609291,5498.549609291,5498.549609291,5498.549609291,5513.277414875,-7,7,5,4,11.4136960830001,4,14.3071326250001,5498.089372791,5498.09128275,5498.549609291,5498.384676958,NaN,NaN,NaN,NaN,,NaN,,5498.08578925,5498.089326333,None,NaN,NaN,,NaN,NaN,NaN,NaN,NaN,NaN,NaN,11,kitchen,1,2024-04-06_10h17.33.664,image_similarity_rating,2023.2.3,None,2024-04-06 10h17.46.441618 +0200
,121,130,432,432,stimuli/own/kitchen/121_kit.jpg,stimuli/own/kitchen/130_kit.jpg,NaN,NaN,NaN,NaN,NaN,NaN,NaN,NaN,0,265,265,431,5513.299514125,NaN,NaN,NaN,NaN,NaN,NaN,NaN,,NaN,,5513.583698208,5513.752794583,5513.752794583,5513.752794583,5513.752794583,5513.752794583,5513.752794583,5513.752794583,5513.752794583,5513.752794583,5527.689657583,7,-7,5,3,5.70134637499996,2,12.7417163330001,5513.281149791,5513.299514125,NaN,5513.583678291,NaN,NaN,NaN,NaN,,NaN,,5513.277631791,5513.281103666,None,NaN,NaN,,NaN,NaN,NaN,NaN,NaN,NaN,NaN,11,kitchen,1,2024-04-06_10h17.33.664,image_similarity_rating,2023.2.3,None,2024-04-06 10h17.46.441618 +0200
,111,134,237,237,stimuli/own/kitchen/111_kit.jpg,stimuli/own/kitchen/134_kit.jpg,NaN,NaN,NaN,NaN,NaN,NaN,NaN,NaN,0,266,266,236,5527.699534375,NaN,NaN,NaN,NaN,NaN,NaN,NaN,,NaN,,5527.98412375,5528.148623208,5528.148623208,5528.148623208,5528.148623208,5528.148623208,5528.148623208,5528.148623208,5528.148623208,5528.148623208,5547.206309583,-7,7,5,5,18.6289631250002,6,16.5572268339993,5527.693424125,5527.699534375,5528.148623208,5527.984109541,NaN,NaN,NaN,NaN,,NaN,,5527.689879666,5527.693377583,None,NaN,NaN,,NaN,NaN,NaN,NaN,NaN,NaN,NaN,11,kitchen,1,2024-04-06_10h17.33.664,image_similarity_rating,2023.2.3,None,2024-04-06 10h17.46.441618 +0200
,106,117,167,167,stimuli/own/kitchen/106_kit.jpg,stimuli/own/kitchen/117_kit.jpg,NaN,NaN,NaN,NaN,NaN,NaN,NaN,NaN,0,267,267,166,5547.216038833,NaN,NaN,NaN,NaN,NaN,NaN,NaN,,NaN,,5547.500592625,5547.666998708,5547.666998708,5547.666998708,5547.666998708,5547.666998708,5547.666998708,5547.666998708,5547.666998708,5547.666998708,5559.693551291,-7,7,5,2,11.4359914999995,3,3.63598316600019,5547.209947916,5547.216038833,5547.666998708,5547.500577708,NaN,NaN,NaN,NaN,,NaN,,5547.206525083,5547.209901458,None,NaN,NaN,,NaN,NaN,NaN,NaN,NaN,NaN,NaN,11,kitchen,1,2024-04-06_10h17.33.664,image_similarity_rating,2023.2.3,None,2024-04-06 10h17.46.441618 +0200
,118,129,374,374,stimuli/own/kitchen/118_kit.jpg,stimuli/own/kitchen/129_kit.jpg,NaN,NaN,NaN,NaN,NaN,NaN,NaN,NaN,0,268,268,373,5559.699120583,NaN,NaN,NaN,NaN,NaN,NaN,NaN,,NaN,,5559.984083375,5560.148354083,5560.148354083,5560.148354083,5560.148354083,5560.148354083,5560.148354083,5560.148354083,5560.148354083,5560.148354083,5567.848645083,7,-7,5,1,1.88149479200001,1,7.15832554200006,5559.697212708,5559.699120583,5560.148354083,5559.984068125,NaN,NaN,NaN,NaN,,NaN,,5559.693773916,5559.697166458,None,NaN,NaN,,NaN,NaN,NaN,NaN,NaN,NaN,NaN,11,kitchen,1,2024-04-06_10h17.33.664,image_similarity_rating,2023.2.3,None,2024-04-06 10h17.46.441618 +0200
,104,140,129,129,stimuli/own/kitchen/104_kit.jpg,stimuli/own/kitchen/140_kit.jpg,NaN,NaN,NaN,NaN,NaN,NaN,NaN,NaN,0,269,269,128,5567.854087833,NaN,NaN,NaN,NaN,NaN,NaN,NaN,,NaN,,5568.138344458,5568.309595791,5568.309595791,5568.309595791,5568.309595791,5568.309595791,5568.309595791,5568.309595791,5568.309595791,5568.309595791,5594.043440333,7,-7,5,2,15.2932443339996,3,11.1822605829993,5567.85233275,5567.854087833,5568.309595791,5568.138325541,NaN,NaN,NaN,NaN,,NaN,,5567.848858416,5567.852285916,None,NaN,NaN,,NaN,NaN,NaN,NaN,NaN,NaN,NaN,11,kitchen,1,2024-04-06_10h17.33.664,image_similarity_rating,2023.2.3,None,2024-04-06 10h17.46.441618 +0200
,113,141,295,295,stimuli/own/kitchen/113_kit.jpg,stimuli/own/kitchen/141_kit.jpg,NaN,NaN,NaN,NaN,NaN,NaN,NaN,NaN,0,270,270,294,5594.049098041,NaN,NaN,NaN,NaN,NaN,NaN,NaN,,NaN,,5594.33388125,5594.504625,5594.504625,5594.504625,5594.504625,5594.504625,5594.504625,5594.504625,5594.504625,5594.504625,5614.260281375,7,-7,5,3,12.6027881250002,1,16.3415251659999,5594.047223083,5594.049098041,5594.504625,5594.333863,NaN,NaN,NaN,NaN,,NaN,,5594.04366625,5594.047175875,None,NaN,NaN,,NaN,NaN,NaN,NaN,NaN,NaN,NaN,11,kitchen,1,2024-04-06_10h17.33.664,image_similarity_rating,2023.2.3,None,2024-04-06 10h17.46.441618 +0200
,101,118,13,13,stimuli/own/kitchen/101_kit.jpg,stimuli/own/kitchen/118_kit.jpg,NaN,NaN,NaN,NaN,NaN,NaN,NaN,NaN,0,271,271,12,5614.266042666,NaN,NaN,NaN,NaN,NaN,NaN,NaN,,NaN,,5614.550342375,5614.720723416,5614.720723416,5614.720723416,5614.720723416,5614.720723416,5614.720723416,5614.720723416,5614.720723416,5614.720723416,5632.234854833,-7,7,5,6,14.7283902499994,5,4.72581470800014,5614.263932333,5614.266042666,5614.720723416,5614.550322625,NaN,NaN,NaN,NaN,,NaN,,5614.260500625,5614.263886,None,NaN,NaN,,NaN,NaN,NaN,NaN,NaN,NaN,NaN,11,kitchen,1,2024-04-06_10h17.33.664,image_similarity_rating,2023.2.3,None,2024-04-06 10h17.46.441618 +0200
,117,135,358,358,stimuli/own/kitchen/117_kit.jpg,stimuli/own/kitchen/135_kit.jpg,NaN,NaN,NaN,NaN,NaN,NaN,NaN,NaN,0,272,272,357,5632.240554333,NaN,NaN,NaN,NaN,NaN,NaN,NaN,,NaN,,5632.533802375,5632.697676833,5632.697676833,5632.697676833,5632.697676833,5632.697676833,5632.697676833,5632.697676833,5632.697676833,5632.697676833,5645.284832375,7,-7,5,5,8.22242558299968,3,11.538132916,5632.238622208,5632.240554333,5632.697676833,5632.533788333,NaN,NaN,NaN,NaN,,NaN,,5632.235074291,5632.238576,None,NaN,NaN,,NaN,NaN,NaN,NaN,NaN,NaN,NaN,11,kitchen,1,2024-04-06_10h17.33.664,image_similarity_rating,2023.2.3,None,2024-04-06 10h17.46.441618 +0200
,136,140,584,584,stimuli/own/kitchen/136_kit.jpg,stimuli/own/kitchen/140_kit.jpg,NaN,NaN,NaN,NaN,NaN,NaN,NaN,NaN,0,273,273,583,5645.29022975,NaN,NaN,NaN,NaN,NaN,NaN,NaN,,NaN,,5645.583725708,5645.755293,5645.755293,5645.755293,5645.755293,5645.755293,5645.755293,5645.755293,5645.755293,5645.755293,5673.643317083,-7,7,5,4,15.2306402499999,4,23.222195458,5645.288466541,5645.29022975,5645.755293,5645.583708708,NaN,NaN,NaN,NaN,,NaN,,5645.2850485,5645.288420541,None,NaN,NaN,,NaN,NaN,NaN,NaN,NaN,NaN,NaN,11,kitchen,1,2024-04-06_10h17.33.664,image_similarity_rating,2023.2.3,None,2024-04-06 10h17.46.441618 +0200
,114,135,313,313,stimuli/own/kitchen/114_kit.jpg,stimuli/own/kitchen/135_kit.jpg,NaN,NaN,NaN,NaN,NaN,NaN,NaN,NaN,0,274,274,312,5673.665883375,NaN,NaN,NaN,NaN,NaN,NaN,NaN,,NaN,,5673.949960791,5674.11493425,5674.11493425,5674.11493425,5674.11493425,5674.11493425,5674.11493425,5674.11493425,5674.11493425,5674.11493425,5693.397629625,7,-7,5,4,9.27515154199955,3,18.4575753750005,5673.647337791,5673.665883375,NaN,5673.949941,NaN,NaN,NaN,NaN,,NaN,,5673.643544,5673.647288333,None,NaN,NaN,,NaN,NaN,NaN,NaN,NaN,NaN,NaN,11,kitchen,1,2024-04-06_10h17.33.664,image_similarity_rating,2023.2.3,None,2024-04-06 10h17.46.441618 +0200
,120,136,419,419,stimuli/own/kitchen/120_kit.jpg,stimuli/own/kitchen/136_kit.jpg,NaN,NaN,NaN,NaN,NaN,NaN,NaN,NaN,0,275,275,418,5693.403564958,NaN,NaN,NaN,NaN,NaN,NaN,NaN,,NaN,,5693.687355583,5693.850688541,5693.850688541,5693.850688541,5693.850688541,5693.850688541,5693.850688541,5693.850688541,5693.850688541,5693.850688541,5712.831112833,7,-7,5,3,10.5642537080003,4,18.483798667,5693.401479666,5693.403564958,5693.850688541,5693.687345041,NaN,NaN,NaN,NaN,,NaN,,5693.397860166,5693.401433,None,NaN,NaN,,NaN,NaN,NaN,NaN,NaN,NaN,NaN,11,kitchen,1,2024-04-06_10h17.33.664,image_similarity_rating,2023.2.3,None,2024-04-06 10h17.46.441618 +0200
,119,123,389,389,stimuli/own/kitchen/119_kit.jpg,stimuli/own/kitchen/123_kit.jpg,NaN,NaN,NaN,NaN,NaN,NaN,NaN,NaN,0,276,276,388,5712.836938208,NaN,NaN,NaN,NaN,NaN,NaN,NaN,,NaN,,5713.121920916,5713.285765083,5713.285765083,5713.285765083,5713.285765083,5713.285765083,5713.285765083,5713.285765083,5713.285765083,5713.285765083,5732.910552416,-7,7,5,4,13.2992211249993,6,19.1568972919995,5712.834847375,5712.836938208,5713.285765083,5713.12191025,NaN,NaN,NaN,NaN,,NaN,,5712.831357083,5712.834801208,None,NaN,NaN,,NaN,NaN,NaN,NaN,NaN,NaN,NaN,11,kitchen,1,2024-04-06_10h17.33.664,image_similarity_rating,2023.2.3,None,2024-04-06 10h17.46.441618 +0200
,111,131,235,235,stimuli/own/kitchen/111_kit.jpg,stimuli/own/kitchen/131_kit.jpg,NaN,NaN,NaN,NaN,NaN,NaN,NaN,NaN,0,277,277,234,5732.916588583,NaN,NaN,NaN,NaN,NaN,NaN,NaN,,NaN,,5733.200902083,5733.365574083,5733.365574083,5733.365574083,5733.365574083,5733.365574083,5733.365574083,5733.365574083,5733.365574083,5733.365574083,5749.721947,7,-7,5,2,15.7424430000001,5,9.1619020829994,5732.914327791,5732.916588583,5733.365574083,5733.200884666,NaN,NaN,NaN,NaN,,NaN,,5732.910767625,5732.914279708,None,NaN,NaN,,NaN,NaN,NaN,NaN,NaN,NaN,NaN,11,kitchen,1,2024-04-06_10h17.33.664,image_similarity_rating,2023.2.3,None,2024-04-06 10h17.46.441618 +0200
,109,129,206,206,stimuli/own/kitchen/109_kit.jpg,stimuli/own/kitchen/129_kit.jpg,NaN,NaN,NaN,NaN,NaN,NaN,NaN,NaN,0,278,278,205,5749.731998833,NaN,NaN,NaN,NaN,NaN,NaN,NaN,,NaN,,5750.016724166,5750.184158791,5750.184158791,5750.184158791,5750.184158791,5750.184158791,5750.184158791,5750.184158791,5750.184158791,5750.184158791,5767.917669541,7,-7,5,2,5.18252695899992,1,16.8826146670008,5749.725605333,5749.731998833,5750.184158791,5750.016707666,NaN,NaN,NaN,NaN,,NaN,,5749.722166875,5749.725558541,None,NaN,NaN,,NaN,NaN,NaN,NaN,NaN,NaN,NaN,11,kitchen,1,2024-04-06_10h17.33.664,image_similarity_rating,2023.2.3,None,2024-04-06 10h17.46.441618 +0200
,117,120,345,345,stimuli/own/kitchen/117_kit.jpg,stimuli/own/kitchen/120_kit.jpg,NaN,NaN,NaN,NaN,NaN,NaN,NaN,NaN,0,279,279,344,5767.923239833,NaN,NaN,NaN,NaN,NaN,NaN,NaN,,NaN,,5768.216644958,5768.385062875,5768.385062875,5768.385062875,5768.385062875,5768.385062875,5768.385062875,5768.385062875,5768.385062875,5768.385062875,5781.96771125,-7,7,5,5,4.46474516699982,5,13.0444891249999,5767.921313,5767.923239833,5768.385062875,5768.216628083,NaN,NaN,NaN,NaN,,NaN,,5767.917885458,5767.92126675,None,NaN,NaN,,NaN,NaN,NaN,NaN,NaN,NaN,NaN,11,kitchen,1,2024-04-06_10h17.33.664,image_similarity_rating,2023.2.3,None,2024-04-06 10h17.46.441618 +0200
,120,126,411,411,stimuli/own/kitchen/120_kit.jpg,stimuli/own/kitchen/126_kit.jpg,NaN,NaN,NaN,NaN,NaN,NaN,NaN,NaN,0,280,280,410,5781.973340916,NaN,NaN,NaN,NaN,NaN,NaN,NaN,,NaN,,5782.267041375,5782.431245916,5782.431245916,5782.431245916,5782.431245916,5782.431245916,5782.431245916,5782.431245916,5782.431245916,5782.431245916,5803.638750083,7,-7,5,6,20.5665586249997,6,11.8700132079994,5781.971361208,5781.973340916,5782.431245916,5782.267027458,NaN,NaN,NaN,NaN,,NaN,,5781.967927458,5781.971315208,None,NaN,NaN,,NaN,NaN,NaN,NaN,NaN,NaN,NaN,11,kitchen,1,2024-04-06_10h17.33.664,image_similarity_rating,2023.2.3,None,2024-04-06 10h17.46.441618 +0200
,114,141,319,319,stimuli/own/kitchen/114_kit.jpg,stimuli/own/kitchen/141_kit.jpg,NaN,NaN,NaN,NaN,NaN,NaN,NaN,NaN,0,281,281,318,5803.648445208,NaN,NaN,NaN,NaN,NaN,NaN,NaN,,NaN,,5803.933230166,5804.103599083,5804.103599083,5804.103599083,5804.103599083,5804.103599083,5804.103599083,5804.103599083,5804.103599083,5804.103599083,5817.98844725,7,-7,5,6,6.92000395800005,4,11.7001647500001,5803.642390958,5803.648445208,5804.103599083,5803.933208833,NaN,NaN,NaN,NaN,,NaN,,5803.638966291,5803.642345333,None,NaN,NaN,,NaN,NaN,NaN,NaN,NaN,NaN,NaN,11,kitchen,1,2024-04-06_10h17.33.664,image_similarity_rating,2023.2.3,None,2024-04-06 10h17.46.441618 +0200
,112,132,262,608,stimuli/own/kitchen/112_kit.jpg,stimuli/own/kitchen/132_kit.jpg,NaN,NaN,NaN,NaN,NaN,NaN,NaN,NaN,0,282,282,607,5817.998610708,NaN,NaN,NaN,NaN,NaN,NaN,NaN,,NaN,,5818.283373166,5818.449062958,5818.449062958,5818.449062958,5818.449062958,5818.449062958,5818.449062958,5818.449062958,5818.449062958,5818.449062958,5827.768056041,7,-7,5,5,4.9242960419997,3,8.12057112500042,5817.992207875,5817.998610708,5818.449062958,5818.283358833,NaN,NaN,NaN,NaN,,NaN,,5817.988666791,5817.992161,None,NaN,NaN,,NaN,NaN,NaN,NaN,NaN,NaN,NaN,11,kitchen,1,2024-04-06_10h17.33.664,image_similarity_rating,2023.2.3,None,2024-04-06 10h17.46.441618 +0200
,119,120,386,386,stimuli/own/kitchen/119_kit.jpg,stimuli/own/kitchen/120_kit.jpg,NaN,NaN,NaN,NaN,NaN,NaN,NaN,NaN,0,283,283,385,5827.781748375,NaN,NaN,NaN,NaN,NaN,NaN,NaN,,NaN,,5828.067126333,5828.239217583,5828.239217583,5828.239217583,5828.239217583,5828.239217583,5828.239217583,5828.239217583,5828.239217583,5828.239217583,5840.697347291,7,-7,5,4,8.50785475000066,5,11.7081903330009,5827.771982083,5827.781748375,5828.239217583,5828.067109791,NaN,NaN,NaN,NaN,,NaN,,5827.768295458,5827.771932416,None,NaN,NaN,,NaN,NaN,NaN,NaN,NaN,NaN,NaN,11,kitchen,1,2024-04-06_10h17.33.664,image_similarity_rating,2023.2.3,None,2024-04-06 10h17.46.441618 +0200
,105,117,138,596,stimuli/own/kitchen/105_kit.jpg,stimuli/own/kitchen/117_kit.jpg,NaN,NaN,NaN,NaN,NaN,NaN,NaN,NaN,0,284,284,595,5840.703297916,NaN,NaN,NaN,NaN,NaN,NaN,NaN,,NaN,,5840.987032791,5841.151395458,5841.151395458,5841.151395458,5841.151395458,5841.151395458,5841.151395458,5841.151395458,5841.151395458,5841.151395458,5857.630327083,-7,7,5,6,9.05186049999975,7,15.2282566659997,5840.701191416,5840.703297916,5841.151395458,5840.987022541,NaN,NaN,NaN,NaN,,NaN,,5840.697585125,5840.701144458,None,NaN,NaN,,NaN,NaN,NaN,NaN,NaN,NaN,NaN,11,kitchen,1,2024-04-06_10h17.33.664,image_similarity_rating,2023.2.3,None,2024-04-06 10h17.46.441618 +0200
,125,137,500,500,stimuli/own/kitchen/125_kit.jpg,stimuli/own/kitchen/137_kit.jpg,NaN,NaN,NaN,NaN,NaN,NaN,NaN,NaN,0,285,285,499,5857.635894416,NaN,NaN,NaN,NaN,NaN,NaN,NaN,,NaN,,5857.920316833,5858.085634416,5858.085634416,5858.085634416,5858.085634416,5858.085634416,5858.085634416,5858.085634416,5858.085634416,5858.085634416,5872.730295,7,-7,5,5,14.0301809589992,7,6.34142262500063,5857.634071166,5857.635894416,5858.085634416,5857.920304333,NaN,NaN,NaN,NaN,,NaN,,5857.630552375,5857.634024083,None,NaN,NaN,,NaN,NaN,NaN,NaN,NaN,NaN,NaN,11,kitchen,1,2024-04-06_10h17.33.664,image_similarity_rating,2023.2.3,None,2024-04-06 10h17.46.441618 +0200
,111,138,241,241,stimuli/own/kitchen/111_kit.jpg,stimuli/own/kitchen/138_kit.jpg,NaN,NaN,NaN,NaN,NaN,NaN,NaN,NaN,0,286,286,240,5872.736019625,NaN,NaN,NaN,NaN,NaN,NaN,NaN,,NaN,,5873.020307166,5873.185074416,5873.185074416,5873.185074416,5873.185074416,5873.185074416,5873.185074416,5873.185074416,5873.185074416,5873.185074416,5883.55072725,-7,7,5,6,8.62823458399998,6,6.41086283299956,5872.734100666,5872.736019625,5873.185074416,5873.020294,NaN,NaN,NaN,NaN,,NaN,,5872.730518416,5872.734053125,None,NaN,NaN,,NaN,NaN,NaN,NaN,NaN,NaN,NaN,11,kitchen,1,2024-04-06_10h17.33.664,image_similarity_rating,2023.2.3,None,2024-04-06 10h17.46.441618 +0200
,123,138,472,472,stimuli/own/kitchen/123_kit.jpg,stimuli/own/kitchen/138_kit.jpg,NaN,NaN,NaN,NaN,NaN,NaN,NaN,NaN,0,287,287,471,5883.556307291,NaN,NaN,NaN,NaN,NaN,NaN,NaN,,NaN,,5883.849564583,5884.014018333,5884.014018333,5884.014018333,5884.014018333,5884.014018333,5884.014018333,5884.014018333,5884.014018333,5884.014018333,5898.430561958,-7,7,5,4,9.96715874999973,6,3.37012537499959,5883.5543655,5883.556307291,5884.014018333,5883.849550125,NaN,NaN,NaN,NaN,,NaN,,5883.550944541,5883.554319041,None,NaN,NaN,,NaN,NaN,NaN,NaN,NaN,NaN,NaN,11,kitchen,1,2024-04-06_10h17.33.664,image_similarity_rating,2023.2.3,None,2024-04-06 10h17.46.441618 +0200
,105,134,153,153,stimuli/own/kitchen/105_kit.jpg,stimuli/own/kitchen/134_kit.jpg,NaN,NaN,NaN,NaN,NaN,NaN,NaN,NaN,0,288,288,152,5898.436334,NaN,NaN,NaN,NaN,NaN,NaN,NaN,,NaN,,5898.719702833,5898.882070208,5898.882070208,5898.882070208,5898.882070208,5898.882070208,5898.882070208,5898.882070208,5898.882070208,5898.882070208,5910.813878083,7,-7,5,5,7.34760525000002,4,11.1440725840002,5898.434405458,5898.436334,5898.882070208,5898.719692375,NaN,NaN,NaN,NaN,,NaN,,5898.430792,5898.434359166,None,NaN,NaN,,NaN,NaN,NaN,NaN,NaN,NaN,NaN,11,kitchen,1,2024-04-06_10h17.33.664,image_similarity_rating,2023.2.3,None,2024-04-06 10h17.46.441618 +0200
,111,121,226,226,stimuli/own/kitchen/111_kit.jpg,stimuli/own/kitchen/121_kit.jpg,NaN,NaN,NaN,NaN,NaN,NaN,NaN,NaN,0,289,289,225,5910.819599583,NaN,NaN,NaN,NaN,NaN,NaN,NaN,,NaN,,5911.103420125,5911.266378291,5911.266378291,5911.266378291,5911.266378291,5911.266378291,5911.266378291,5911.266378291,5911.266378291,5911.266378291,5926.397170583,-7,7,5,4,14.5640814580001,5,7.44001141699937,5910.817657875,5910.819599583,5911.266378291,5911.103408416,NaN,NaN,NaN,NaN,,NaN,,5910.814105208,5910.817610958,None,NaN,NaN,,NaN,NaN,NaN,NaN,NaN,NaN,NaN,11,kitchen,1,2024-04-06_10h17.33.664,image_similarity_rating,2023.2.3,None,2024-04-06 10h17.46.441618 +0200
,103,125,85,85,stimuli/own/kitchen/103_kit.jpg,stimuli/own/kitchen/125_kit.jpg,NaN,NaN,NaN,NaN,NaN,NaN,NaN,NaN,0,290,290,84,5926.40308975,NaN,NaN,NaN,NaN,NaN,NaN,NaN,,NaN,,5926.68680175,5926.852542375,5926.852542375,5926.852542375,5926.852542375,5926.852542375,5926.852542375,5926.852542375,5926.852542375,5926.852542375,5943.600442791,7,-7,5,2,16.3147650000001,4,9.99260841700016,5926.400839916,5926.40308975,5926.852542375,5926.6867895,NaN,NaN,NaN,NaN,,NaN,,5926.397393541,5926.400793791,None,NaN,NaN,,NaN,NaN,NaN,NaN,NaN,NaN,NaN,11,kitchen,1,2024-04-06_10h17.33.664,image_similarity_rating,2023.2.3,None,2024-04-06 10h17.46.441618 +0200
,135,139,578,578,stimuli/own/kitchen/135_kit.jpg,stimuli/own/kitchen/139_kit.jpg,NaN,NaN,NaN,NaN,NaN,NaN,NaN,NaN,0,291,291,577,5943.605840625,NaN,NaN,NaN,NaN,NaN,NaN,NaN,,NaN,,5943.899418166,5944.064054625,5944.064054625,5944.064054625,5944.064054625,5944.064054625,5944.064054625,5944.064054625,5944.064054625,5944.064054625,5956.096850666,-7,7,5,5,9.23360812499959,7,4.77351070800069,5943.60407975,5943.605840625,5944.064054625,5943.899402166,NaN,NaN,NaN,NaN,,NaN,,5943.600657458,5943.604033916,None,NaN,NaN,,NaN,NaN,NaN,NaN,NaN,NaN,NaN,11,kitchen,1,2024-04-06_10h17.33.664,image_similarity_rating,2023.2.3,None,2024-04-06 10h17.46.441618 +0200
,104,114,106,106,stimuli/own/kitchen/104_kit.jpg,stimuli/own/kitchen/114_kit.jpg,NaN,NaN,NaN,NaN,NaN,NaN,NaN,NaN,0,292,292,105,5956.102430083,NaN,NaN,NaN,NaN,NaN,NaN,NaN,,NaN,,5956.3869855,5956.553885541,5956.553885541,5956.553885541,5956.553885541,5956.553885541,5956.553885541,5956.553885541,5956.553885541,5956.553885541,5969.983993625,-7,7,5,5,9.13631279199944,6,12.1968078749996,5956.100584208,5956.102430083,5956.553885541,5956.386967583,NaN,NaN,NaN,NaN,,NaN,,5956.097095291,5956.100536875,None,NaN,NaN,,NaN,NaN,NaN,NaN,NaN,NaN,NaN,11,kitchen,1,2024-04-06_10h17.33.664,image_similarity_rating,2023.2.3,None,2024-04-06 10h17.46.441618 +0200
,105,140,159,159,stimuli/own/kitchen/105_kit.jpg,stimuli/own/kitchen/140_kit.jpg,NaN,NaN,NaN,NaN,NaN,NaN,NaN,NaN,0,293,293,158,5969.989584875,NaN,NaN,NaN,NaN,NaN,NaN,NaN,,NaN,,5970.282438875,5970.448220916,5970.448220916,5970.448220916,5970.448220916,5970.448220916,5970.448220916,5970.448220916,5970.448220916,5970.448220916,5981.654071583,-7,7,5,2,6.336670959,5,10.2878284170001,5969.987648375,5969.989584875,5970.448220916,5970.282424041,NaN,NaN,NaN,NaN,,NaN,,5969.984213916,5969.987602791,None,NaN,NaN,,NaN,NaN,NaN,NaN,NaN,NaN,NaN,11,kitchen,1,2024-04-06_10h17.33.664,image_similarity_rating,2023.2.3,None,2024-04-06 10h17.46.441618 +0200
,112,119,250,250,stimuli/own/kitchen/112_kit.jpg,stimuli/own/kitchen/119_kit.jpg,NaN,NaN,NaN,NaN,NaN,NaN,NaN,NaN,0,294,294,249,5981.664585208,NaN,NaN,NaN,NaN,NaN,NaN,NaN,,NaN,,5981.949308416,5982.120561958,5982.120561958,5982.120561958,5982.120561958,5982.120561958,5982.120561958,5982.120561958,5982.120561958,5982.120561958,5998.629918958,7,-7,5,1,14.3137717499994,1,7.06591662500068,5981.658068291,5981.664585208,5982.120561958,5981.949290625,NaN,NaN,NaN,NaN,,NaN,,5981.65428675,5981.658018541,None,NaN,NaN,,NaN,NaN,NaN,NaN,NaN,NaN,NaN,11,kitchen,1,2024-04-06_10h17.33.664,image_similarity_rating,2023.2.3,None,2024-04-06 10h17.46.441618 +0200
,118,140,384,384,stimuli/own/kitchen/118_kit.jpg,stimuli/own/kitchen/140_kit.jpg,NaN,NaN,NaN,NaN,NaN,NaN,NaN,NaN,0,295,295,383,5998.635726166,NaN,NaN,NaN,NaN,NaN,NaN,NaN,,NaN,,5998.921158458,5999.085529666,5999.085529666,5999.085529666,5999.085529666,5999.085529666,5999.085529666,5999.085529666,5999.085529666,5999.085529666,6010.918810083,7,-7,5,3,8.49538425000082,1,11.2862514999997,5998.633735291,5998.635726166,5999.085529666,5998.921143875,NaN,NaN,NaN,NaN,,NaN,,5998.630148083,5998.633687875,None,NaN,NaN,,NaN,NaN,NaN,NaN,NaN,NaN,NaN,11,kitchen,1,2024-04-06_10h17.33.664,image_similarity_rating,2023.2.3,None,2024-04-06 10h17.46.441618 +0200
,136,139,583,603,stimuli/own/kitchen/136_kit.jpg,stimuli/own/kitchen/139_kit.jpg,NaN,NaN,NaN,NaN,NaN,NaN,NaN,NaN,0,296,296,602,6010.93114325,NaN,NaN,NaN,NaN,NaN,NaN,NaN,,NaN,,6011.215769583,6011.381369666,6011.381369666,6011.381369666,6011.381369666,6011.381369666,6011.381369666,6011.381369666,6011.381369666,6011.381369666,6031.72567175,7,-7,5,3,18.7928969169998,2,9.89320350000071,6010.922485416,6010.93114325,6011.381369666,6011.215755708,NaN,NaN,NaN,NaN,,NaN,,6010.919031125,6010.922439416,None,NaN,NaN,,NaN,NaN,NaN,NaN,NaN,NaN,NaN,11,kitchen,1,2024-04-06_10h17.33.664,image_similarity_rating,2023.2.3,None,2024-04-06 10h17.46.441618 +0200
,103,114,75,75,stimuli/own/kitchen/103_kit.jpg,stimuli/own/kitchen/114_kit.jpg,NaN,NaN,NaN,NaN,NaN,NaN,NaN,NaN,0,297,297,74,6031.747764625,NaN,NaN,NaN,NaN,NaN,NaN,NaN,,NaN,,6032.031918958,6032.199274666,6032.199274666,6032.199274666,6032.199274666,6032.199274666,6032.199274666,6032.199274666,6032.199274666,6032.199274666,6050.868769208,7,-7,5,4,18.2855238329994,3,7.15414041599979,6031.729319125,6031.747764625,NaN,6032.031900125,NaN,NaN,NaN,NaN,,NaN,,6031.725889958,6031.729272875,None,NaN,NaN,,NaN,NaN,NaN,NaN,NaN,NaN,NaN,11,kitchen,1,2024-04-06_10h17.33.664,image_similarity_rating,2023.2.3,None,2024-04-06 10h17.46.441618 +0200
,125,126,491,491,stimuli/own/kitchen/125_kit.jpg,stimuli/own/kitchen/126_kit.jpg,NaN,NaN,NaN,NaN,NaN,NaN,NaN,NaN,0,298,298,490,6050.880859833,NaN,NaN,NaN,NaN,NaN,NaN,NaN,,NaN,,6051.16636825,6051.332275125,6051.332275125,6051.332275125,6051.332275125,6051.332275125,6051.332275125,6051.332275125,6051.332275125,6051.332275125,6062.966698791,-7,7,5,5,6.60775683300017,3,10.7111915000005,6050.872471041,6050.880859833,6051.332275125,6051.166351083,NaN,NaN,NaN,NaN,,NaN,,6050.868984791,6050.872424958,None,NaN,NaN,,NaN,NaN,NaN,NaN,NaN,NaN,NaN,11,kitchen,1,2024-04-06_10h17.33.664,image_similarity_rating,2023.2.3,None,2024-04-06 10h17.46.441618 +0200
,102,135,61,61,stimuli/own/kitchen/102_kit.jpg,stimuli/own/kitchen/135_kit.jpg,NaN,NaN,NaN,NaN,NaN,NaN,NaN,NaN,0,299,299,60,6062.972268416,NaN,NaN,NaN,NaN,NaN,NaN,NaN,,NaN,,6063.265562708,6063.434209916,6063.434209916,6063.434209916,6063.434209916,6063.434209916,6063.434209916,6063.434209916,6063.434209916,6063.434209916,6075.275431125,-7,7,5,4,11.3673361250003,5,7.99114037500021,6062.970490416,6062.972268416,6063.434209916,6063.2655455,NaN,NaN,NaN,NaN,,NaN,,6062.966916625,6062.970443541,None,NaN,NaN,,NaN,NaN,NaN,NaN,NaN,NaN,NaN,11,kitchen,1,2024-04-06_10h17.33.664,image_similarity_rating,2023.2.3,None,2024-04-06 10h17.46.441618 +0200
,116,117,320,320,stimuli/own/kitchen/116_kit.jpg,stimuli/own/kitchen/117_kit.jpg,NaN,NaN,NaN,NaN,NaN,NaN,NaN,NaN,0,300,300,319,6075.2809445,NaN,NaN,NaN,NaN,NaN,NaN,NaN,,NaN,,6075.565611958,6075.731262458,6075.731262458,6075.731262458,6075.731262458,6075.731262458,6075.731262458,6075.731262458,6075.731262458,6075.731262458,6092.567321333,-7,7,5,5,10.1863436670001,5,16.4340071669994,6075.279074,6075.2809445,6075.731262458,6075.565593958,NaN,NaN,NaN,NaN,,NaN,,6075.275647916,6075.279027916,None,NaN,NaN,,NaN,NaN,NaN,NaN,NaN,NaN,NaN,11,kitchen,1,2024-04-06_10h17.33.664,image_similarity_rating,2023.2.3,None,2024-04-06 10h17.46.441618 +0200
,112,124,255,255,stimuli/own/kitchen/112_kit.jpg,stimuli/own/kitchen/124_kit.jpg,NaN,NaN,NaN,NaN,NaN,NaN,NaN,NaN,0,301,301,254,6092.580836083,NaN,NaN,NaN,NaN,NaN,NaN,NaN,,NaN,,6092.8663685,6093.030038416,6093.030038416,6093.030038416,6093.030038416,6093.030038416,6093.030038416,6093.030038416,6093.030038416,6093.030038416,6113.733231458,7,-7,5,5,18.3004609579993,7,9.37938024999949,6092.571137291,6092.580836083,6093.030038416,6092.86635475,NaN,NaN,NaN,NaN,,NaN,,6092.567546458,6092.571088875,None,NaN,NaN,,NaN,NaN,NaN,NaN,NaN,NaN,NaN,11,kitchen,1,2024-04-06_10h17.33.664,image_similarity_rating,2023.2.3,None,2024-04-06 10h17.46.441618 +0200
,109,117,195,195,stimuli/own/kitchen/109_kit.jpg,stimuli/own/kitchen/117_kit.jpg,NaN,NaN,NaN,NaN,NaN,NaN,NaN,NaN,0,302,302,194,6113.738897791,NaN,NaN,NaN,NaN,NaN,NaN,NaN,,NaN,,6114.032062333,6114.196907166,6114.196907166,6114.196907166,6114.196907166,6114.196907166,6114.196907166,6114.196907166,6114.196907166,6114.196907166,6121.618244291,7,-7,5,1,3.39986129200042,1,6.91841220900005,6113.736974291,6113.738897791,6114.196907166,6114.032043666,NaN,NaN,NaN,NaN,,NaN,,6113.733449958,6113.736927791,None,NaN,NaN,,NaN,NaN,NaN,NaN,NaN,NaN,NaN,11,kitchen,1,2024-04-06_10h17.33.664,image_similarity_rating,2023.2.3,None,2024-04-06 10h17.46.441618 +0200
,103,122,82,82,stimuli/own/kitchen/103_kit.jpg,stimuli/own/kitchen/122_kit.jpg,NaN,NaN,NaN,NaN,NaN,NaN,NaN,NaN,0,303,303,81,6121.630773083,NaN,NaN,NaN,NaN,NaN,NaN,NaN,,NaN,,6121.916378958,6122.080997875,6122.080997875,6122.080997875,6122.080997875,6122.080997875,6122.080997875,6122.080997875,6122.080997875,6122.080997875,6132.945951166,7,-7,5,2,5.87775537499965,3,9.95003554199957,6121.622089875,6121.630773083,6122.080997875,6121.916365125,NaN,NaN,NaN,NaN,,NaN,,6121.618470708,6121.6220415,None,NaN,NaN,,NaN,NaN,NaN,NaN,NaN,NaN,NaN,11,kitchen,1,2024-04-06_10h17.33.664,image_similarity_rating,2023.2.3,None,2024-04-06 10h17.46.441618 +0200
,104,113,105,105,stimuli/own/kitchen/104_kit.jpg,stimuli/own/kitchen/113_kit.jpg,NaN,NaN,NaN,NaN,NaN,NaN,NaN,NaN,0,304,304,104,6132.951483125,NaN,NaN,NaN,NaN,NaN,NaN,NaN,,NaN,,6133.237528916,6133.406284791,6133.406284791,6133.406284791,6133.406284791,6133.406284791,6133.406284791,6133.406284791,6133.406284791,6133.406284791,6154.53313675,7,-7,5,3,12.8308582499994,2,20.3259522500002,6132.949667583,6132.951483125,6133.406284791,6133.23751375,NaN,NaN,NaN,NaN,,NaN,,6132.946168666,6132.949621416,None,NaN,NaN,,NaN,NaN,NaN,NaN,NaN,NaN,NaN,11,kitchen,1,2024-04-06_10h17.33.664,image_similarity_rating,2023.2.3,None,2024-04-06 10h17.46.441618 +0200
,127,135,523,523,stimuli/own/kitchen/127_kit.jpg,stimuli/own/kitchen/135_kit.jpg,NaN,NaN,NaN,NaN,NaN,NaN,NaN,NaN,0,305,305,522,6154.538547041,NaN,NaN,NaN,NaN,NaN,NaN,NaN,,NaN,,6154.832651791,6154.99830175,6154.99830175,6154.99830175,6154.99830175,6154.99830175,6154.99830175,6154.99830175,6154.99830175,6154.99830175,6165.30833175,-7,7,5,5,8.99196720799955,3,2.9943059999996,6154.536780958,6154.538547041,6154.99830175,6154.83263675,NaN,NaN,NaN,NaN,,NaN,,6154.533353041,6154.536734458,None,NaN,NaN,,NaN,NaN,NaN,NaN,NaN,NaN,NaN,11,kitchen,1,2024-04-06_10h17.33.664,image_similarity_rating,2023.2.3,None,2024-04-06 10h17.46.441618 +0200
,102,132,59,59,stimuli/own/kitchen/102_kit.jpg,stimuli/own/kitchen/132_kit.jpg,NaN,NaN,NaN,NaN,NaN,NaN,NaN,NaN,0,306,306,58,6165.313839666,NaN,NaN,NaN,NaN,NaN,NaN,NaN,,NaN,,6165.598663375,6165.767297458,6165.767297458,6165.767297458,6165.767297458,6165.767297458,6165.767297458,6165.767297458,6165.767297458,6165.767297458,6185.0252,-7,7,5,5,13.4922781659998,2,18.5486442499996,6165.311986833,6165.313839666,6165.767297458,6165.598646083,NaN,NaN,NaN,NaN,,NaN,,6165.308549625,6165.311940291,None,NaN,NaN,,NaN,NaN,NaN,NaN,NaN,NaN,NaN,11,kitchen,1,2024-04-06_10h17.33.664,image_similarity_rating,2023.2.3,None,2024-04-06 10h17.46.441618 +0200
,105,116,137,137,stimuli/own/kitchen/105_kit.jpg,stimuli/own/kitchen/116_kit.jpg,NaN,NaN,NaN,NaN,NaN,NaN,NaN,NaN,0,307,307,136,6185.04748475,NaN,NaN,NaN,NaN,NaN,NaN,NaN,,NaN,,6185.331341333,6185.496663416,6185.496663416,6185.496663416,6185.496663416,6185.496663416,6185.496663416,6185.496663416,6185.496663416,6185.496663416,6196.800920541,7,-7,5,5,6.84797804199934,2,10.9405187499997,6185.028847958,6185.04748475,NaN,6185.331319208,NaN,NaN,NaN,NaN,,NaN,,6185.0254165,6185.028801666,None,NaN,NaN,,NaN,NaN,NaN,NaN,NaN,NaN,NaN,11,kitchen,1,2024-04-06_10h17.33.664,image_similarity_rating,2023.2.3,None,2024-04-06 10h17.46.441618 +0200
,102,131,58,58,stimuli/own/kitchen/102_kit.jpg,stimuli/own/kitchen/131_kit.jpg,NaN,NaN,NaN,NaN,NaN,NaN,NaN,NaN,0,308,308,57,6196.813793833,NaN,NaN,NaN,NaN,NaN,NaN,NaN,,NaN,,6197.098422458,6197.26157425,6197.26157425,6197.26157425,6197.26157425,6197.26157425,6197.26157425,6197.26157425,6197.26157425,6197.26157425,6207.337091041,7,-7,5,2,6.07880979199945,1,8.75909324999975,6196.804761041,6196.813793833,6197.26157425,6197.09840875,NaN,NaN,NaN,NaN,,NaN,,6196.801150166,6196.804712541,None,NaN,NaN,,NaN,NaN,NaN,NaN,NaN,NaN,NaN,11,kitchen,1,2024-04-06_10h17.33.664,image_similarity_rating,2023.2.3,None,2024-04-06 10h17.46.441618 +0200
,122,137,455,455,stimuli/own/kitchen/122_kit.jpg,stimuli/own/kitchen/137_kit.jpg,NaN,NaN,NaN,NaN,NaN,NaN,NaN,NaN,0,309,309,454,6207.347168333,NaN,NaN,NaN,NaN,NaN,NaN,NaN,,NaN,,6207.631789666,6207.797175833,6207.797175833,6207.797175833,6207.797175833,6207.797175833,6207.797175833,6207.797175833,6207.797175833,6207.797175833,6230.250444333,-7,7,5,5,21.6505803330001,7,8.40542187499977,6207.340756208,6207.347168333,6207.797175833,6207.6317735,NaN,NaN,NaN,NaN,,NaN,,6207.337307416,6207.340709958,None,NaN,NaN,,NaN,NaN,NaN,NaN,NaN,NaN,NaN,11,kitchen,1,2024-04-06_10h17.33.664,image_similarity_rating,2023.2.3,None,2024-04-06 10h17.46.441618 +0200
,124,138,487,487,stimuli/own/kitchen/124_kit.jpg,stimuli/own/kitchen/138_kit.jpg,NaN,NaN,NaN,NaN,NaN,NaN,NaN,NaN,0,310,310,486,6230.256294541,NaN,NaN,NaN,NaN,NaN,NaN,NaN,,NaN,,6230.548468333,6230.712853291,6230.712853291,6230.712853291,6230.712853291,6230.712853291,6230.712853291,6230.712853291,6230.712853291,6230.712853291,6244.74600875,7,-7,5,5,13.4049180420006,4,6.60122112499994,6230.254182958,6230.256294541,6230.712853291,6230.548453333,NaN,NaN,NaN,NaN,,NaN,,6230.250664583,6230.254136916,None,NaN,NaN,,NaN,NaN,NaN,NaN,NaN,NaN,NaN,11,kitchen,1,2024-04-06_10h17.33.664,image_similarity_rating,2023.2.3,None,2024-04-06 10h17.46.441618 +0200
,126,129,506,506,stimuli/own/kitchen/126_kit.jpg,stimuli/own/kitchen/129_kit.jpg,NaN,NaN,NaN,NaN,NaN,NaN,NaN,NaN,0,311,311,505,6244.7518665,NaN,NaN,NaN,NaN,NaN,NaN,NaN,,NaN,,6245.035677666,6245.200357916,6245.200357916,6245.200357916,6245.200357916,6245.200357916,6245.200357916,6245.200357916,6245.200357916,6245.200357916,6254.966097458,-7,7,5,1,2.59065295799974,4,8.66510854199987,6244.749719291,6244.7518665,6245.200357916,6245.035665416,NaN,NaN,NaN,NaN,,NaN,,6244.746246125,6244.749672291,None,NaN,NaN,,NaN,NaN,NaN,NaN,NaN,NaN,NaN,11,kitchen,1,2024-04-06_10h17.33.664,image_similarity_rating,2023.2.3,None,2024-04-06 10h17.46.441618 +0200
,112,125,256,256,stimuli/own/kitchen/112_kit.jpg,stimuli/own/kitchen/125_kit.jpg,NaN,NaN,NaN,NaN,NaN,NaN,NaN,NaN,0,312,312,255,6254.97177225,NaN,NaN,NaN,NaN,NaN,NaN,NaN,,NaN,,6255.264659583,6255.432691291,6255.432691291,6255.432691291,6255.432691291,6255.432691291,6255.432691291,6255.432691291,6255.432691291,6255.432691291,6266.736897083,-7,7,5,2,7.65148991699971,1,10.368358959,6254.969833541,6254.97177225,6255.432691291,6255.264642791,NaN,NaN,NaN,NaN,,NaN,,6254.966314666,6254.969788041,None,NaN,NaN,,NaN,NaN,NaN,NaN,NaN,NaN,NaN,11,kitchen,1,2024-04-06_10h17.33.664,image_similarity_rating,2023.2.3,None,2024-04-06 10h17.46.441618 +0200
,126,130,507,507,stimuli/own/kitchen/126_kit.jpg,stimuli/own/kitchen/130_kit.jpg,NaN,NaN,NaN,NaN,NaN,NaN,NaN,NaN,0,313,313,506,6266.747444375,NaN,NaN,NaN,NaN,NaN,NaN,NaN,,NaN,,6267.031555,6267.198383166,6267.198383166,6267.198383166,6267.198383166,6267.198383166,6267.198383166,6267.198383166,6267.198383166,6267.198383166,6286.262187666,7,-7,5,5,4.92183791599928,5,18.4055650839991,6266.740663083,6266.747444375,6267.198383166,6267.031537791,NaN,NaN,NaN,NaN,,NaN,,6266.737112375,6266.740617,None,NaN,NaN,,NaN,NaN,NaN,NaN,NaN,NaN,NaN,11,kitchen,1,2024-04-06_10h17.33.664,image_similarity_rating,2023.2.3,None,2024-04-06 10h17.46.441618 +0200
,118,136,380,380,stimuli/own/kitchen/118_kit.jpg,stimuli/own/kitchen/136_kit.jpg,NaN,NaN,NaN,NaN,NaN,NaN,NaN,NaN,0,314,314,379,6286.267698916,NaN,NaN,NaN,NaN,NaN,NaN,NaN,,NaN,,6286.552311458,6286.717109458,6286.717109458,6286.717109458,6286.717109458,6286.717109458,6286.717109458,6286.717109458,6286.717109458,6286.717109458,6296.570008166,-7,7,5,5,9.00547579100021,3,2.87769983300041,6286.265927833,6286.267698916,6286.717109458,6286.55230075,NaN,NaN,NaN,NaN,,NaN,,6286.262412791,6286.265881125,None,NaN,NaN,,NaN,NaN,NaN,NaN,NaN,NaN,NaN,11,kitchen,1,2024-04-06_10h17.33.664,image_similarity_rating,2023.2.3,None,2024-04-06 10h17.46.441618 +0200
,111,114,220,220,stimuli/own/kitchen/111_kit.jpg,stimuli/own/kitchen/114_kit.jpg,NaN,NaN,NaN,NaN,NaN,NaN,NaN,NaN,0,315,315,219,6296.580613416,NaN,NaN,NaN,NaN,NaN,NaN,NaN,,NaN,,6484.698057541,6484.872274791,6484.872274791,6484.872274791,6484.872274791,6484.872274791,6484.872274791,6484.872274791,6484.872274791,6484.872274791,6495.828390791,-7,7,6,2,5.57607429200016,5,8.7569417499999,6484.405158333,6484.413378,6484.872274791,6484.69804075,NaN,NaN,NaN,NaN,,NaN,,6296.570233125,6484.404788541,space,6296.580613416,187.824012209,None,NaN,NaN,NaN,NaN,NaN,NaN,NaN,11,kitchen,1,2024-04-06_10h17.33.664,image_similarity_rating,2023.2.3,None,2024-04-06 10h17.46.441618 +0200
,104,117,108,108,stimuli/own/kitchen/104_kit.jpg,stimuli/own/kitchen/117_kit.jpg,NaN,NaN,NaN,NaN,NaN,NaN,NaN,NaN,0,316,316,107,6495.834822,NaN,NaN,NaN,NaN,NaN,NaN,NaN,,NaN,,6496.117894416,6496.282045291,6496.282045291,6496.282045291,6496.282045291,6496.282045291,6496.282045291,6496.282045291,6496.282045291,6496.282045291,6511.452126083,7,-7,6,2,11.4765027909998,3,14.5421252079996,6495.832881708,6495.834822,6496.282045291,6496.117877625,NaN,NaN,NaN,NaN,,NaN,,6495.828607166,6495.832831208,None,NaN,NaN,,NaN,NaN,NaN,NaN,NaN,NaN,NaN,11,kitchen,1,2024-04-06_10h17.33.664,image_similarity_rating,2023.2.3,None,2024-04-06 10h17.46.441618 +0200
,114,136,314,314,stimuli/own/kitchen/114_kit.jpg,stimuli/own/kitchen/136_kit.jpg,NaN,NaN,NaN,NaN,NaN,NaN,NaN,NaN,0,317,317,313,6511.462591,NaN,NaN,NaN,NaN,NaN,NaN,NaN,,NaN,,6511.747268666,6511.91396025,6511.91396025,6511.91396025,6511.91396025,6511.91396025,6511.91396025,6511.91396025,6511.91396025,6511.91396025,6522.4692495,7,-7,6,4,4.83057745899987,4,9.71347299999979,6511.455918125,6511.462591,6511.91396025,6511.7472515,NaN,NaN,NaN,NaN,,NaN,,6511.452343291,6511.45586925,None,NaN,NaN,,NaN,NaN,NaN,NaN,NaN,NaN,NaN,11,kitchen,1,2024-04-06_10h17.33.664,image_similarity_rating,2023.2.3,None,2024-04-06 10h17.46.441618 +0200
,118,120,366,366,stimuli/own/kitchen/118_kit.jpg,stimuli/own/kitchen/120_kit.jpg,NaN,NaN,NaN,NaN,NaN,NaN,NaN,NaN,0,318,318,365,6522.479302833,NaN,NaN,NaN,NaN,NaN,NaN,NaN,,NaN,,6522.763919125,6522.929461208,6522.929461208,6522.929461208,6522.929461208,6522.929461208,6522.929461208,6522.929461208,6522.929461208,6522.929461208,6531.594435875,7,-7,6,3,8.18111833300009,5,2.22739116699995,6522.472892375,6522.479302833,6522.929461208,6522.763898583,NaN,NaN,NaN,NaN,,NaN,,6522.469466625,6522.472846541,None,NaN,NaN,,NaN,NaN,NaN,NaN,NaN,NaN,NaN,11,kitchen,1,2024-04-06_10h17.33.664,image_similarity_rating,2023.2.3,None,2024-04-06 10h17.46.441618 +0200
,106,126,176,176,stimuli/own/kitchen/106_kit.jpg,stimuli/own/kitchen/126_kit.jpg,NaN,NaN,NaN,NaN,NaN,NaN,NaN,NaN,0,319,319,175,6531.599902666,NaN,NaN,NaN,NaN,NaN,NaN,NaN,,NaN,,6531.884573083,6532.054272958,6532.054272958,6532.054272958,6532.054272958,6532.054272958,6532.054272958,6532.054272958,6532.054272958,6532.054272958,6541.903788833,-7,7,6,2,9.67950491700049,6,4.46378937499958,6531.598134916,6531.599902666,6532.054272958,6531.884556833,NaN,NaN,NaN,NaN,,NaN,,6531.59465375,6531.598088666,None,NaN,NaN,,NaN,NaN,NaN,NaN,NaN,NaN,NaN,11,kitchen,1,2024-04-06_10h17.33.664,image_similarity_rating,2023.2.3,None,2024-04-06 10h17.46.441618 +0200
,122,127,447,447,stimuli/own/kitchen/122_kit.jpg,stimuli/own/kitchen/127_kit.jpg,NaN,NaN,NaN,NaN,NaN,NaN,NaN,NaN,0,320,320,446,6541.912455416,NaN,NaN,NaN,NaN,NaN,NaN,NaN,,NaN,,6542.197787,6542.365312291,6542.365312291,6542.365312291,6542.365312291,6542.365312291,6542.365312291,6542.365312291,6542.365312291,6542.365312291,6552.603813833,7,-7,6,2,4.56548724999993,2,9.89550033400064,6541.907436791,6541.912455416,6542.365312291,6542.197772083,NaN,NaN,NaN,NaN,,NaN,,6541.904005041,6541.907389916,None,NaN,NaN,,NaN,NaN,NaN,NaN,NaN,NaN,NaN,11,kitchen,1,2024-04-06_10h17.33.664,image_similarity_rating,2023.2.3,None,2024-04-06 10h17.46.441618 +0200
,112,113,245,245,stimuli/own/kitchen/112_kit.jpg,stimuli/own/kitchen/113_kit.jpg,NaN,NaN,NaN,NaN,NaN,NaN,NaN,NaN,0,321,321,244,6552.612353041,NaN,NaN,NaN,NaN,NaN,NaN,NaN,,NaN,,6552.897995541,6553.062455625,6553.062455625,6553.062455625,6553.062455625,6553.062455625,6553.062455625,6553.062455625,6553.062455625,6553.062455625,6561.198170083,-7,7,6,5,7.04711695900005,1,4.71462987499945,6552.607493875,6552.612353041,6553.062455625,6552.897981416,NaN,NaN,NaN,NaN,,NaN,,6552.604027458,6552.607447125,None,NaN,NaN,,NaN,NaN,NaN,NaN,NaN,NaN,NaN,11,kitchen,1,2024-04-06_10h17.33.664,image_similarity_rating,2023.2.3,None,2024-04-06 10h17.46.441618 +0200
,116,131,333,333,stimuli/own/kitchen/116_kit.jpg,stimuli/own/kitchen/131_kit.jpg,NaN,NaN,NaN,NaN,NaN,NaN,NaN,NaN,0,322,322,332,6561.203868541,NaN,NaN,NaN,NaN,NaN,NaN,NaN,,NaN,,6561.497013583,6561.661964541,6561.661964541,6561.661964541,6561.661964541,6561.661964541,6561.661964541,6561.661964541,6561.661964541,6561.661964541,6570.314685166,7,-7,6,1,8.19567649999954,1,3.86154958400039,6561.201928125,6561.203868541,6561.661964541,6561.496998208,NaN,NaN,NaN,NaN,,NaN,,6561.198387833,6561.201881958,None,NaN,NaN,,NaN,NaN,NaN,NaN,NaN,NaN,NaN,11,kitchen,1,2024-04-06_10h17.33.664,image_similarity_rating,2023.2.3,None,2024-04-06 10h17.46.441618 +0200
,105,113,135,135,stimuli/own/kitchen/105_kit.jpg,stimuli/own/kitchen/113_kit.jpg,NaN,NaN,NaN,NaN,NaN,NaN,NaN,NaN,0,323,323,134,6570.320372333,NaN,NaN,NaN,NaN,NaN,NaN,NaN,,NaN,,6570.613636375,6570.778794083,6570.778794083,6570.778794083,6570.778794083,6570.778794083,6570.778794083,6570.778794083,6570.778794083,6570.778794083,6580.56960625,-7,7,6,1,8.12745258300038,1,9.25460091700006,6570.318439166,6570.320372333,6570.778794083,6570.613621291,NaN,NaN,NaN,NaN,,NaN,,6570.314900958,6570.318393208,None,NaN,NaN,,NaN,NaN,NaN,NaN,NaN,NaN,NaN,11,kitchen,1,2024-04-06_10h17.33.664,image_similarity_rating,2023.2.3,None,2024-04-06 10h17.46.441618 +0200
,121,132,434,434,stimuli/own/kitchen/121_kit.jpg,stimuli/own/kitchen/132_kit.jpg,NaN,NaN,NaN,NaN,NaN,NaN,NaN,NaN,0,324,324,433,6580.578954291,NaN,NaN,NaN,NaN,NaN,NaN,NaN,,NaN,,6580.864255208,6581.027166708,6581.027166708,6581.027166708,6581.027166708,6581.027166708,6581.027166708,6581.027166708,6581.027166708,6581.027166708,6590.952120666,7,-7,6,4,9.52064170799986,7,4.92975037500037,6580.573261625,6580.578954291,6581.027166708,6580.864242041,NaN,NaN,NaN,NaN,,NaN,,6580.5698285,6580.573216208,None,NaN,NaN,,NaN,NaN,NaN,NaN,NaN,NaN,NaN,11,kitchen,1,2024-04-06_10h17.33.664,image_similarity_rating,2023.2.3,None,2024-04-06 10h17.46.441618 +0200
,118,124,370,370,stimuli/own/kitchen/118_kit.jpg,stimuli/own/kitchen/124_kit.jpg,NaN,NaN,NaN,NaN,NaN,NaN,NaN,NaN,0,325,325,369,6590.9623005,NaN,NaN,NaN,NaN,NaN,NaN,NaN,,NaN,,6591.247146875,6591.418744541,6591.418744541,6591.418744541,6591.418744541,6591.418744541,6591.418744541,6591.418744541,6591.418744541,6591.418744541,6608.535793875,-7,7,6,5,7.42976045900014,1,13.3560051670001,6590.955758333,6590.9623005,6591.418744541,6591.24712675,NaN,NaN,NaN,NaN,,NaN,,6590.952341,6590.955711833,None,NaN,NaN,,NaN,NaN,NaN,NaN,NaN,NaN,NaN,11,kitchen,1,2024-04-06_10h17.33.664,image_similarity_rating,2023.2.3,None,2024-04-06 10h17.46.441618 +0200
,130,135,544,544,stimuli/own/kitchen/130_kit.jpg,stimuli/own/kitchen/135_kit.jpg,NaN,NaN,NaN,NaN,NaN,NaN,NaN,NaN,0,326,326,543,6608.545682125,NaN,NaN,NaN,NaN,NaN,NaN,NaN,,NaN,,6608.830207166,6608.994238958,6608.994238958,6608.994238958,6608.994238958,6608.994238958,6608.994238958,6608.994238958,6608.994238958,6608.994238958,6621.869113041,7,-7,6,3,12.445193083,4,6.71521233400017,6608.539557208,6608.545682125,6608.994238958,6608.830193166,NaN,NaN,NaN,NaN,,NaN,,6608.53601125,6608.539508416,None,NaN,NaN,,NaN,NaN,NaN,NaN,NaN,NaN,NaN,11,kitchen,1,2024-04-06_10h17.33.664,image_similarity_rating,2023.2.3,None,2024-04-06 10h17.46.441618 +0200
,122,132,451,451,stimuli/own/kitchen/122_kit.jpg,stimuli/own/kitchen/132_kit.jpg,NaN,NaN,NaN,NaN,NaN,NaN,NaN,NaN,0,327,327,450,6621.879283458,NaN,NaN,NaN,NaN,NaN,NaN,NaN,,NaN,,6622.1634315,6622.331445625,6622.331445625,6622.331445625,6622.331445625,6622.331445625,6622.331445625,6622.331445625,6622.331445625,6622.331445625,6629.094521416,7,-7,6,4,3.85948479200033,2,6.49494058299933,6621.872759541,6621.879283458,6622.331445625,6622.163414041,NaN,NaN,NaN,NaN,,NaN,,6621.8693305,6621.872713083,None,NaN,NaN,,NaN,NaN,NaN,NaN,NaN,NaN,NaN,11,kitchen,1,2024-04-06_10h17.33.664,image_similarity_rating,2023.2.3,None,2024-04-06 10h17.46.441618 +0200
,135,137,576,576,stimuli/own/kitchen/135_kit.jpg,stimuli/own/kitchen/137_kit.jpg,NaN,NaN,NaN,NaN,NaN,NaN,NaN,NaN,0,328,328,575,6629.100393375,NaN,NaN,NaN,NaN,NaN,NaN,NaN,,NaN,,6629.383816458,6629.548351583,6629.548351583,6629.548351583,6629.548351583,6629.548351583,6629.548351583,6629.548351583,6629.548351583,6629.548351583,6638.923054,7,-7,6,3,8.51379191700016,2,2.55291470799966,6629.098348666,6629.100393375,6629.548351583,6629.383803,NaN,NaN,NaN,NaN,,NaN,,6629.094739958,6629.098301125,None,NaN,NaN,,NaN,NaN,NaN,NaN,NaN,NaN,NaN,11,kitchen,1,2024-04-06_10h17.33.664,image_similarity_rating,2023.2.3,None,2024-04-06 10h17.46.441618 +0200
,123,132,467,467,stimuli/own/kitchen/123_kit.jpg,stimuli/own/kitchen/132_kit.jpg,NaN,NaN,NaN,NaN,NaN,NaN,NaN,NaN,0,329,329,466,6638.928672625,NaN,NaN,NaN,NaN,NaN,NaN,NaN,,NaN,,6639.213500958,6639.380053291,6639.380053291,6639.380053291,6639.380053291,6639.380053291,6639.380053291,6639.380053291,6639.380053291,6639.380053291,6650.618982583,7,-7,6,3,5.29932579099932,3,10.740927375,6638.926703416,6638.928672625,6639.380053291,6639.213483208,NaN,NaN,NaN,NaN,,NaN,,6638.923269166,6638.9266575,None,NaN,NaN,,NaN,NaN,NaN,NaN,NaN,NaN,NaN,11,kitchen,1,2024-04-06_10h17.33.664,image_similarity_rating,2023.2.3,None,2024-04-06 10h17.46.441618 +0200
,120,140,423,423,stimuli/own/kitchen/120_kit.jpg,stimuli/own/kitchen/140_kit.jpg,NaN,NaN,NaN,NaN,NaN,NaN,NaN,NaN,0,330,330,422,6650.628732208,NaN,NaN,NaN,NaN,NaN,NaN,NaN,,NaN,,6650.91348925,6651.085721541,6651.085721541,6651.085721541,6651.085721541,6651.085721541,6651.085721541,6651.085721541,6651.085721541,6651.085721541,6662.923369666,7,-7,6,3,11.4528132920004,5,2.80519108299995,6650.622642166,6650.628732208,6651.085721541,6650.913472333,NaN,NaN,NaN,NaN,,NaN,,6650.619200333,6650.622595083,None,NaN,NaN,,NaN,NaN,NaN,NaN,NaN,NaN,NaN,11,kitchen,1,2024-04-06_10h17.33.664,image_similarity_rating,2023.2.3,None,2024-04-06 10h17.46.441618 +0200
,121,141,442,442,stimuli/own/kitchen/121_kit.jpg,stimuli/own/kitchen/141_kit.jpg,NaN,NaN,NaN,NaN,NaN,NaN,NaN,NaN,0,331,331,441,6662.945624708,NaN,NaN,NaN,NaN,NaN,NaN,NaN,,NaN,,6663.229414333,6663.393281958,6663.393281958,6663.393281958,6663.393281958,6663.393281958,6663.393281958,6663.393281958,6663.393281958,6663.393281958,6674.023469875,7,-7,6,3,6.10213704099988,2,10.142767542,6662.927027958,6662.945624708,NaN,6663.229400875,NaN,NaN,NaN,NaN,,NaN,,6662.923585541,6662.926981416,None,NaN,NaN,,NaN,NaN,NaN,NaN,NaN,NaN,NaN,11,kitchen,1,2024-04-06_10h17.33.664,image_similarity_rating,2023.2.3,None,2024-04-06 10h17.46.441618 +0200
,118,127,373,373,stimuli/own/kitchen/118_kit.jpg,stimuli/own/kitchen/127_kit.jpg,NaN,NaN,NaN,NaN,NaN,NaN,NaN,NaN,0,332,332,372,6674.045551916,NaN,NaN,NaN,NaN,NaN,NaN,NaN,,NaN,,6674.329710041,6674.496136458,6674.496136458,6674.496136458,6674.496136458,6674.496136458,6674.496136458,6674.496136458,6674.496136458,6674.496136458,6682.939964666,7,-7,6,5,4.08068962499965,2,6.50702224999986,6674.027146625,6674.045551916,NaN,6674.32969225,NaN,NaN,NaN,NaN,,NaN,,6674.023685291,6674.027099583,None,NaN,NaN,,NaN,NaN,NaN,NaN,NaN,NaN,NaN,11,kitchen,1,2024-04-06_10h17.33.664,image_similarity_rating,2023.2.3,None,2024-04-06 10h17.46.441618 +0200
,112,120,251,251,stimuli/own/kitchen/112_kit.jpg,stimuli/own/kitchen/120_kit.jpg,NaN,NaN,NaN,NaN,NaN,NaN,NaN,NaN,0,333,333,250,6682.962174,NaN,NaN,NaN,NaN,NaN,NaN,NaN,,NaN,,6683.246084375,6683.41224175,6683.41224175,6683.41224175,6683.41224175,6683.41224175,6683.41224175,6683.41224175,6683.41224175,6683.41224175,6692.318414958,7,-7,6,5,5.19972770799995,4,8.08156491699992,6682.943614583,6682.962174,NaN,6683.2460665,NaN,NaN,NaN,NaN,,NaN,,6682.940182916,6682.943568416,None,NaN,NaN,,NaN,NaN,NaN,NaN,NaN,NaN,NaN,11,kitchen,1,2024-04-06_10h17.33.664,image_similarity_rating,2023.2.3,None,2024-04-06 10h17.46.441618 +0200
,130,131,541,541,stimuli/own/kitchen/130_kit.jpg,stimuli/own/kitchen/131_kit.jpg,NaN,NaN,NaN,NaN,NaN,NaN,NaN,NaN,0,334,334,540,6692.3286845,NaN,NaN,NaN,NaN,NaN,NaN,NaN,,NaN,,6692.613471791,6692.785751416,6692.785751416,6692.785751416,6692.785751416,6692.785751416,6692.785751416,6692.785751416,6692.785751416,6692.785751416,6704.144471958,-7,7,6,4,8.79706579200047,5,3.75445245799983,6692.322308916,6692.3286845,6692.785751416,6692.613454541,NaN,NaN,NaN,NaN,,NaN,,6692.318631916,6692.322259458,None,NaN,NaN,,NaN,NaN,NaN,NaN,NaN,NaN,NaN,11,kitchen,1,2024-04-06_10h17.33.664,image_similarity_rating,2023.2.3,None,2024-04-06 10h17.46.441618 +0200
,109,134,210,210,stimuli/own/kitchen/109_kit.jpg,stimuli/own/kitchen/134_kit.jpg,NaN,NaN,NaN,NaN,NaN,NaN,NaN,NaN,0,335,335,209,6704.150133458,NaN,NaN,NaN,NaN,NaN,NaN,NaN,,NaN,,6704.43399825,6704.601468125,6704.601468125,6704.601468125,6704.601468125,6704.601468125,6704.601468125,6704.601468125,6704.601468125,6704.601468125,6710.122948083,7,-7,6,1,2.4642111660005,1,4.90367966699978,6704.148182583,6704.150133458,6704.601468125,6704.433984625,NaN,NaN,NaN,NaN,,NaN,,6704.14468975,6704.148136375,None,NaN,NaN,,NaN,NaN,NaN,NaN,NaN,NaN,NaN,11,kitchen,1,2024-04-06_10h17.33.664,image_similarity_rating,2023.2.3,None,2024-04-06 10h17.46.441618 +0200
,101,137,30,30,stimuli/own/kitchen/101_kit.jpg,stimuli/own/kitchen/137_kit.jpg,NaN,NaN,NaN,NaN,NaN,NaN,NaN,NaN,0,336,336,29,6710.128409208,NaN,NaN,NaN,NaN,NaN,NaN,NaN,,NaN,,6710.413147291,6710.580018333,6710.580018333,6710.580018333,6710.580018333,6710.580018333,6710.580018333,6710.580018333,6710.580018333,6710.580018333,6723.194669041,-7,7,6,4,5.90382529199996,6,12.2219050000003,6710.126677833,6710.128409208,6710.580018333,6710.413129,NaN,NaN,NaN,NaN,,NaN,,6710.123162708,6710.126631791,None,NaN,NaN,,NaN,NaN,NaN,NaN,NaN,NaN,NaN,11,kitchen,1,2024-04-06_10h17.33.664,image_similarity_rating,2023.2.3,None,2024-04-06 10h17.46.441618 +0200
,106,113,164,164,stimuli/own/kitchen/106_kit.jpg,stimuli/own/kitchen/113_kit.jpg,NaN,NaN,NaN,NaN,NaN,NaN,NaN,NaN,0,337,337,163,6723.2004515,NaN,NaN,NaN,NaN,NaN,NaN,NaN,,NaN,,6723.485343541,6723.650758375,6723.650758375,6723.650758375,6723.650758375,6723.650758375,6723.650758375,6723.650758375,6723.650758375,6723.650758375,6730.585710416,7,-7,6,2,6.31406108400006,2,3.15559912500066,6723.19852075,6723.2004515,6723.650758375,6723.485329,NaN,NaN,NaN,NaN,,NaN,,6723.1948875,6723.198472208,None,NaN,NaN,,NaN,NaN,NaN,NaN,NaN,NaN,NaN,11,kitchen,1,2024-04-06_10h17.33.664,image_similarity_rating,2023.2.3,None,2024-04-06 10h17.46.441618 +0200
,103,113,74,74,stimuli/own/kitchen/103_kit.jpg,stimuli/own/kitchen/113_kit.jpg,NaN,NaN,NaN,NaN,NaN,NaN,NaN,NaN,0,338,338,73,6730.59514625,NaN,NaN,NaN,NaN,NaN,NaN,NaN,,NaN,,6730.879450416,6731.042127375,6731.042127375,6731.042127375,6731.042127375,6731.042127375,6731.042127375,6731.042127375,6731.042127375,6731.042127375,6745.556188208,-7,7,6,3,7.39818062500035,4,13.9511324579998,6730.5893655,6730.59514625,6731.042127375,6730.879437791,NaN,NaN,NaN,NaN,,NaN,,6730.585936666,6730.589319041,None,NaN,NaN,,NaN,NaN,NaN,NaN,NaN,NaN,NaN,11,kitchen,1,2024-04-06_10h17.33.664,image_similarity_rating,2023.2.3,None,2024-04-06 10h17.46.441618 +0200
,114,140,318,318,stimuli/own/kitchen/114_kit.jpg,stimuli/own/kitchen/140_kit.jpg,NaN,NaN,NaN,NaN,NaN,NaN,NaN,NaN,0,339,339,317,6745.561636666,NaN,NaN,NaN,NaN,NaN,NaN,NaN,,NaN,,6745.846449041,6746.013787875,6746.013787875,6746.013787875,6746.013787875,6746.013787875,6746.013787875,6746.013787875,6746.013787875,6746.013787875,6761.956061208,-7,7,6,2,14.7775921250004,1,5.52006479199918,6745.559833416,6745.561636666,6746.013787875,6745.84643225,NaN,NaN,NaN,NaN,,NaN,,6745.556405875,6745.559787083,None,NaN,NaN,,NaN,NaN,NaN,NaN,NaN,NaN,NaN,11,kitchen,1,2024-04-06_10h17.33.664,image_similarity_rating,2023.2.3,None,2024-04-06 10h17.46.441618 +0200
,119,122,388,388,stimuli/own/kitchen/119_kit.jpg,stimuli/own/kitchen/122_kit.jpg,NaN,NaN,NaN,NaN,NaN,NaN,NaN,NaN,0,340,340,387,6761.961566041,NaN,NaN,NaN,NaN,NaN,NaN,NaN,,NaN,,6762.246392916,6762.411626083,6762.411626083,6762.411626083,6762.411626083,6762.411626083,6762.411626083,6762.411626083,6762.411626083,6762.411626083,6774.934903416,7,-7,6,5,11.6225055410005,6,3.32489491700017,6761.959708916,6761.961566041,6762.411626083,6762.246377291,NaN,NaN,NaN,NaN,,NaN,,6761.956278208,6761.95966275,None,NaN,NaN,,NaN,NaN,NaN,NaN,NaN,NaN,NaN,11,kitchen,1,2024-04-06_10h17.33.664,image_similarity_rating,2023.2.3,None,2024-04-06 10h17.46.441618 +0200
,117,125,350,350,stimuli/own/kitchen/117_kit.jpg,stimuli/own/kitchen/125_kit.jpg,NaN,NaN,NaN,NaN,NaN,NaN,NaN,NaN,0,341,341,349,6774.945052916,NaN,NaN,NaN,NaN,NaN,NaN,NaN,,NaN,,6775.229785166,6775.395505416,6775.395505416,6775.395505416,6775.395505416,6775.395505416,6775.395505416,6775.395505416,6775.395505416,6775.395505416,6787.07244375,7,-7,6,4,5.81390833299974,6,10.4920326659994,6774.938648458,6774.945052916,6775.395505416,6775.229770833,NaN,NaN,NaN,NaN,,NaN,,6774.9351185,6774.938602083,None,NaN,NaN,,NaN,NaN,NaN,NaN,NaN,NaN,NaN,11,kitchen,1,2024-04-06_10h17.33.664,image_similarity_rating,2023.2.3,None,2024-04-06 10h17.46.441618 +0200
,104,126,117,117,stimuli/own/kitchen/104_kit.jpg,stimuli/own/kitchen/126_kit.jpg,NaN,NaN,NaN,NaN,NaN,NaN,NaN,NaN,0,342,342,116,6787.07802675,NaN,NaN,NaN,NaN,NaN,NaN,NaN,,NaN,,6787.362964833,6787.527820541,6787.527820541,6787.527820541,6787.527820541,6787.527820541,6787.527820541,6787.527820541,6787.527820541,6787.527820541,6799.030598666,-7,7,6,6,8.53665287500007,5,10.8275274580001,6787.0762195,6787.07802675,6787.527820541,6787.362945,NaN,NaN,NaN,NaN,,NaN,,6787.07266325,6787.07617325,None,NaN,NaN,,NaN,NaN,NaN,NaN,NaN,NaN,NaN,11,kitchen,1,2024-04-06_10h17.33.664,image_similarity_rating,2023.2.3,None,2024-04-06 10h17.46.441618 +0200
,112,127,258,258,stimuli/own/kitchen/112_kit.jpg,stimuli/own/kitchen/127_kit.jpg,NaN,NaN,NaN,NaN,NaN,NaN,NaN,NaN,0,343,343,257,6799.036098916,NaN,NaN,NaN,NaN,NaN,NaN,NaN,,NaN,,6799.329694333,6799.493559791,6799.493559791,6799.493559791,6799.493559791,6799.493559791,6799.493559791,6799.493559791,6799.493559791,6799.493559791,6809.773949708,-7,7,6,5,5.6143836250003,3,10.0727915000007,6799.034230458,6799.036098916,6799.493559791,6799.3296815,NaN,NaN,NaN,NaN,,NaN,,6799.030814416,6799.034184333,None,NaN,NaN,,NaN,NaN,NaN,NaN,NaN,NaN,NaN,11,kitchen,1,2024-04-06_10h17.33.664,image_similarity_rating,2023.2.3,None,2024-04-06 10h17.46.441618 +0200
,127,137,525,525,stimuli/own/kitchen/127_kit.jpg,stimuli/own/kitchen/137_kit.jpg,NaN,NaN,NaN,NaN,NaN,NaN,NaN,NaN,0,344,344,524,6809.779467833,NaN,NaN,NaN,NaN,NaN,NaN,NaN,,NaN,,6810.06310475,6810.226124083,6810.226124083,6810.226124083,6810.226124083,6810.226124083,6810.226124083,6810.226124083,6810.226124083,6810.226124083,6817.610522875,7,-7,6,5,4.75100491699959,2,6.90938462500071,6809.777637166,6809.779467833,6810.226124083,6810.063091625,NaN,NaN,NaN,NaN,,NaN,,6809.7741645,6809.777591125,None,NaN,NaN,,NaN,NaN,NaN,NaN,NaN,NaN,NaN,11,kitchen,1,2024-04-06_10h17.33.664,image_similarity_rating,2023.2.3,None,2024-04-06 10h17.46.441618 +0200
,101,127,22,22,stimuli/own/kitchen/101_kit.jpg,stimuli/own/kitchen/127_kit.jpg,NaN,NaN,NaN,NaN,NaN,NaN,NaN,NaN,0,345,345,21,6817.616405416,NaN,NaN,NaN,NaN,NaN,NaN,NaN,,NaN,,6817.899843958,6818.062164458,6818.062164458,6818.062164458,6818.062164458,6818.062164458,6818.062164458,6818.062164458,6818.062164458,6818.062164458,6827.222124583,7,-7,6,4,5.71482470800038,6,8.03193683300015,6817.6143215,6817.616405416,6818.062164458,6817.899833291,NaN,NaN,NaN,NaN,,NaN,,6817.610766208,6817.614275291,None,NaN,NaN,,NaN,NaN,NaN,NaN,NaN,NaN,NaN,11,kitchen,1,2024-04-06_10h17.33.664,image_similarity_rating,2023.2.3,None,2024-04-06 10h17.46.441618 +0200
,109,130,207,207,stimuli/own/kitchen/109_kit.jpg,stimuli/own/kitchen/130_kit.jpg,NaN,NaN,NaN,NaN,NaN,NaN,NaN,NaN,0,346,346,206,6827.227781916,NaN,NaN,NaN,NaN,NaN,NaN,NaN,,NaN,,6827.513375708,6827.677828125,6827.677828125,6827.677828125,6827.677828125,6827.677828125,6827.677828125,6827.677828125,6827.677828125,6827.677828125,6833.843457875,7,-7,6,1,2.51409058299942,1,5.69351354199989,6827.22579025,6827.227781916,6827.677828125,6827.513362791,NaN,NaN,NaN,NaN,,NaN,,6827.2223415,6827.225744166,None,NaN,NaN,,NaN,NaN,NaN,NaN,NaN,NaN,NaN,11,kitchen,1,2024-04-06_10h17.33.664,image_similarity_rating,2023.2.3,None,2024-04-06 10h17.46.441618 +0200
,117,123,348,348,stimuli/own/kitchen/117_kit.jpg,stimuli/own/kitchen/123_kit.jpg,NaN,NaN,NaN,NaN,NaN,NaN,NaN,NaN,0,347,347,347,6833.849151041,NaN,NaN,NaN,NaN,NaN,NaN,NaN,,NaN,,6834.134407875,6834.297621083,6834.297621083,6834.297621083,6834.297621083,6834.297621083,6834.297621083,6834.297621083,6834.297621083,6834.297621083,6846.77244625,-7,7,6,5,7.95484954199947,5,12.137402333,6833.84720425,6833.849151041,6834.297621083,6834.1343975,NaN,NaN,NaN,NaN,,NaN,,6833.843692541,6833.847155166,None,NaN,NaN,,NaN,NaN,NaN,NaN,NaN,NaN,NaN,11,kitchen,1,2024-04-06_10h17.33.664,image_similarity_rating,2023.2.3,None,2024-04-06 10h17.46.441618 +0200
,101,120,15,15,stimuli/own/kitchen/101_kit.jpg,stimuli/own/kitchen/120_kit.jpg,NaN,NaN,NaN,NaN,NaN,NaN,NaN,NaN,0,348,348,14,6846.795311916,NaN,NaN,NaN,NaN,NaN,NaN,NaN,,NaN,,6847.078846041,6847.244038166,6847.244038166,6847.244038166,6847.244038166,6847.244038166,6847.244038166,6847.244038166,6847.244038166,6847.244038166,6862.127519708,-7,7,6,3,3.76983583400033,7,14.4312877920001,6846.776230541,6846.795311916,NaN,6847.07881725,NaN,NaN,NaN,NaN,,NaN,,6846.772664791,6846.776184625,None,NaN,NaN,,NaN,NaN,NaN,NaN,NaN,NaN,NaN,11,kitchen,1,2024-04-06_10h17.33.664,image_similarity_rating,2023.2.3,None,2024-04-06 10h17.46.441618 +0200
,103,141,99,99,stimuli/own/kitchen/103_kit.jpg,stimuli/own/kitchen/141_kit.jpg,NaN,NaN,NaN,NaN,NaN,NaN,NaN,NaN,0,349,349,98,6862.133340333,NaN,NaN,NaN,NaN,NaN,NaN,NaN,,NaN,,6862.41678875,6862.579682833,6862.579682833,6862.579682833,6862.579682833,6862.579682833,6862.579682833,6862.579682833,6862.579682833,6862.579682833,6874.505620375,-7,7,6,3,4.85630608300016,3,11.3883130000004,6862.131321916,6862.133340333,6862.579682833,6862.416774833,NaN,NaN,NaN,NaN,,NaN,,6862.127736,6862.131274916,None,NaN,NaN,,NaN,NaN,NaN,NaN,NaN,NaN,NaN,11,kitchen,1,2024-04-06_10h17.33.664,image_similarity_rating,2023.2.3,None,2024-04-06 10h17.46.441618 +0200
,105,111,133,133,stimuli/own/kitchen/105_kit.jpg,stimuli/own/kitchen/111_kit.jpg,NaN,NaN,NaN,NaN,NaN,NaN,NaN,NaN,0,350,350,132,6874.511261333,NaN,NaN,NaN,NaN,NaN,NaN,NaN,,NaN,,6874.796408833,6874.96039625,6874.96039625,6874.96039625,6874.96039625,6874.96039625,6874.96039625,6874.96039625,6874.96039625,6874.96039625,6887.243440583,-7,7,6,5,4.30000254199967,2,11.9073045000005,6874.509393916,6874.511261333,6874.96039625,6874.7963945,NaN,NaN,NaN,NaN,,NaN,,6874.505837666,6874.509347416,None,NaN,NaN,,NaN,NaN,NaN,NaN,NaN,NaN,NaN,11,kitchen,1,2024-04-06_10h17.33.664,image_similarity_rating,2023.2.3,None,2024-04-06 10h17.46.441618 +0200
,113,121,277,277,stimuli/own/kitchen/113_kit.jpg,stimuli/own/kitchen/121_kit.jpg,NaN,NaN,NaN,NaN,NaN,NaN,NaN,NaN,0,351,351,276,6887.249054166,NaN,NaN,NaN,NaN,NaN,NaN,NaN,,NaN,,6887.533434791,6887.704374916,6887.704374916,6887.704374916,6887.704374916,6887.704374916,6887.704374916,6887.704374916,6887.704374916,6887.704374916,6899.197173208,7,-7,6,3,5.55730004199995,2,10.8310157919996,6887.24712875,6887.249054166,6887.704374916,6887.533420125,NaN,NaN,NaN,NaN,,NaN,,6887.243679833,6887.247082416,None,NaN,NaN,,NaN,NaN,NaN,NaN,NaN,NaN,NaN,11,kitchen,1,2024-04-06_10h17.33.664,image_similarity_rating,2023.2.3,None,2024-04-06 10h17.46.441618 +0200
,119,138,402,402,stimuli/own/kitchen/119_kit.jpg,stimuli/own/kitchen/138_kit.jpg,NaN,NaN,NaN,NaN,NaN,NaN,NaN,NaN,0,352,352,401,6899.202576875,NaN,NaN,NaN,NaN,NaN,NaN,NaN,,NaN,,6899.495774541,6899.662479333,6899.662479333,6899.662479333,6899.662479333,6899.662479333,6899.662479333,6899.662479333,6899.662479333,6899.662479333,6909.739809083,7,-7,6,2,9.81417170800069,5,2.53867541699947,6899.20081475,6899.202576875,6899.662479333,6899.495758791,NaN,NaN,NaN,NaN,,NaN,,6899.19738925,6899.200768208,None,NaN,NaN,,NaN,NaN,NaN,NaN,NaN,NaN,NaN,11,kitchen,1,2024-04-06_10h17.33.664,image_similarity_rating,2023.2.3,None,2024-04-06 10h17.46.441618 +0200
,111,113,219,219,stimuli/own/kitchen/111_kit.jpg,stimuli/own/kitchen/113_kit.jpg,NaN,NaN,NaN,NaN,NaN,NaN,NaN,NaN,0,353,353,218,6909.746283041,NaN,NaN,NaN,NaN,NaN,NaN,NaN,,NaN,,6910.032268791,6910.193943583,6910.193943583,6910.193943583,6910.193943583,6910.193943583,6910.193943583,6910.193943583,6910.193943583,6910.193943583,6918.930259541,-7,7,6,2,4.07665458300016,3,8.16008733299986,6909.743618666,6909.746283041,6910.193943583,6910.032258666,NaN,NaN,NaN,NaN,,NaN,,6909.740026458,6909.743565583,None,NaN,NaN,,NaN,NaN,NaN,NaN,NaN,NaN,NaN,11,kitchen,1,2024-04-06_10h17.33.664,image_similarity_rating,2023.2.3,None,2024-04-06 10h17.46.441618 +0200
,113,124,280,280,stimuli/own/kitchen/113_kit.jpg,stimuli/own/kitchen/124_kit.jpg,NaN,NaN,NaN,NaN,NaN,NaN,NaN,NaN,0,354,354,279,6918.935843166,NaN,NaN,NaN,NaN,NaN,NaN,NaN,,NaN,,6919.229790875,6919.395719833,6919.395719833,6919.395719833,6919.395719833,6919.395719833,6919.395719833,6919.395719833,6919.395719833,6919.395719833,6937.38021825,7,-7,6,5,6.23285029100043,1,16.5087093330003,6918.933908333,6918.935843166,6919.395719833,6919.229776458,NaN,NaN,NaN,NaN,,NaN,,6918.93048175,6918.933862375,None,NaN,NaN,,NaN,NaN,NaN,NaN,NaN,NaN,NaN,11,kitchen,1,2024-04-06_10h17.33.664,image_similarity_rating,2023.2.3,None,2024-04-06 10h17.46.441618 +0200
,121,135,436,436,stimuli/own/kitchen/121_kit.jpg,stimuli/own/kitchen/135_kit.jpg,NaN,NaN,NaN,NaN,NaN,NaN,NaN,NaN,0,355,355,435,6937.385664708,NaN,NaN,NaN,NaN,NaN,NaN,NaN,,NaN,,6937.67898775,6937.843604291,6937.843604291,6937.843604291,6937.843604291,6937.843604291,6937.843604291,6937.843604291,6937.843604291,6937.843604291,6945.905740041,-7,7,6,3,7.59571820800011,7,2.52352283300024,6937.383855583,6937.385664708,6937.843604291,6937.678972416,NaN,NaN,NaN,NaN,,NaN,,6937.380435458,6937.383809291,None,NaN,NaN,,NaN,NaN,NaN,NaN,NaN,NaN,NaN,11,kitchen,1,2024-04-06_10h17.33.664,image_similarity_rating,2023.2.3,None,2024-04-06 10h17.46.441618 +0200
,129,141,540,540,stimuli/own/kitchen/129_kit.jpg,stimuli/own/kitchen/141_kit.jpg,NaN,NaN,NaN,NaN,NaN,NaN,NaN,NaN,0,356,356,539,6945.928148583,NaN,NaN,NaN,NaN,NaN,NaN,NaN,,NaN,,6946.212092416,6946.376748916,6946.376748916,6946.376748916,6946.376748916,6946.376748916,6946.376748916,6946.376748916,6946.376748916,6946.376748916,6953.151322125,7,-7,6,1,2.15082662500026,5,5.59376754200002,6945.909401708,6945.928148583,NaN,6946.212074,NaN,NaN,NaN,NaN,,NaN,,6945.905958416,6945.909355,None,NaN,NaN,,NaN,NaN,NaN,NaN,NaN,NaN,NaN,11,kitchen,1,2024-04-06_10h17.33.664,image_similarity_rating,2023.2.3,None,2024-04-06 10h17.46.441618 +0200
,125,134,497,497,stimuli/own/kitchen/125_kit.jpg,stimuli/own/kitchen/134_kit.jpg,NaN,NaN,NaN,NaN,NaN,NaN,NaN,NaN,0,357,357,496,6953.160954125,NaN,NaN,NaN,NaN,NaN,NaN,NaN,,NaN,,6953.445844833,6953.613479833,6953.613479833,6953.613479833,6953.613479833,6953.613479833,6953.613479833,6953.613479833,6953.613479833,6953.613479833,6963.077006708,-7,7,6,6,5.03738995899948,4,9.11327945899939,6953.154960041,6953.160954125,6953.613479833,6953.44582775,NaN,NaN,NaN,NaN,,NaN,,6953.15154075,6953.154913916,None,NaN,NaN,,NaN,NaN,NaN,NaN,NaN,NaN,NaN,11,kitchen,1,2024-04-06_10h17.33.664,image_similarity_rating,2023.2.3,None,2024-04-06 10h17.46.441618 +0200
,102,139,65,604,stimuli/own/kitchen/102_kit.jpg,stimuli/own/kitchen/139_kit.jpg,NaN,NaN,NaN,NaN,NaN,NaN,NaN,NaN,0,358,358,603,6963.082678166,NaN,NaN,NaN,NaN,NaN,NaN,NaN,,NaN,,6963.366473291,6963.533524791,6963.533524791,6963.533524791,6963.533524791,6963.533524791,6963.533524791,6963.533524791,6963.533524791,6963.533524791,6972.038352083,7,-7,6,2,4.1502758329998,6,7.26242241599994,6963.080741791,6963.082678166,6963.533524791,6963.366459791,NaN,NaN,NaN,NaN,,NaN,,6963.077222791,6963.080695583,None,NaN,NaN,,NaN,NaN,NaN,NaN,NaN,NaN,NaN,11,kitchen,1,2024-04-06_10h17.33.664,image_similarity_rating,2023.2.3,None,2024-04-06 10h17.46.441618 +0200
,106,135,183,183,stimuli/own/kitchen/106_kit.jpg,stimuli/own/kitchen/135_kit.jpg,NaN,NaN,NaN,NaN,NaN,NaN,NaN,NaN,0,359,359,182,6972.04435675,NaN,NaN,NaN,NaN,NaN,NaN,NaN,,NaN,,6972.328905625,6972.497451583,6972.497451583,6972.497451583,6972.497451583,6972.497451583,6972.497451583,6972.497451583,6972.497451583,6972.497451583,6981.209729958,7,-7,6,1,8.03598349999993,5,4.57712320900009,6972.04201875,6972.04435675,6972.497451583,6972.328886958,NaN,NaN,NaN,NaN,,NaN,,6972.038578875,6972.041972541,None,NaN,NaN,,NaN,NaN,NaN,NaN,NaN,NaN,NaN,11,kitchen,1,2024-04-06_10h17.33.664,image_similarity_rating,2023.2.3,None,2024-04-06 10h17.46.441618 +0200
,104,131,121,612,stimuli/own/kitchen/104_kit.jpg,stimuli/own/kitchen/131_kit.jpg,NaN,NaN,NaN,NaN,NaN,NaN,NaN,NaN,0,360,360,611,6981.215346,NaN,NaN,NaN,NaN,NaN,NaN,NaN,,NaN,,6981.499714166,6981.666438541,6981.666438541,6981.666438541,6981.666438541,6981.666438541,6981.666438541,6981.666438541,6981.666438541,6981.666438541,6991.943318583,7,-7,6,1,4.07811879200017,5,9.35576154200044,6981.213428541,6981.215346,6981.666438541,6981.499700375,NaN,NaN,NaN,NaN,,NaN,,6981.20997325,6981.213381708,None,NaN,NaN,,NaN,NaN,NaN,NaN,NaN,NaN,NaN,11,kitchen,1,2024-04-06_10h17.33.664,image_similarity_rating,2023.2.3,None,2024-04-06 10h17.46.441618 +0200
,101,111,7,7,stimuli/own/kitchen/101_kit.jpg,stimuli/own/kitchen/111_kit.jpg,NaN,NaN,NaN,NaN,NaN,NaN,NaN,NaN,0,361,361,6,6991.94893625,NaN,NaN,NaN,NaN,NaN,NaN,NaN,,NaN,,6992.233038166,6992.399807916,6992.399807916,6992.399807916,6992.399807916,6992.399807916,6992.399807916,6992.399807916,6992.399807916,6992.399807916,7005.042875833,7,-7,6,3,6.7557901250002,5,12.1726978749994,6991.947006708,6991.94893625,6992.399807916,6992.233024875,NaN,NaN,NaN,NaN,,NaN,,6991.943543541,6991.946960666,None,NaN,NaN,,NaN,NaN,NaN,NaN,NaN,NaN,NaN,11,kitchen,1,2024-04-06_10h17.33.664,image_similarity_rating,2023.2.3,None,2024-04-06 10h17.46.441618 +0200
,122,126,446,446,stimuli/own/kitchen/122_kit.jpg,stimuli/own/kitchen/126_kit.jpg,NaN,NaN,NaN,NaN,NaN,NaN,NaN,NaN,0,362,362,445,7005.048369541,NaN,NaN,NaN,NaN,NaN,NaN,NaN,,NaN,,7005.333045125,7005.503905333,7005.503905333,7005.503905333,7005.503905333,7005.503905333,7005.503905333,7005.503905333,7005.503905333,7005.503905333,7014.871777166,-7,7,6,6,8.26861925000048,7,2.52265545899991,7005.046614291,7005.048369541,7005.503905333,7005.3330305,NaN,NaN,NaN,NaN,,NaN,,7005.043098166,7005.04656775,None,NaN,NaN,,NaN,NaN,NaN,NaN,NaN,NaN,NaN,11,kitchen,1,2024-04-06_10h17.33.664,image_similarity_rating,2023.2.3,None,2024-04-06 10h17.46.441618 +0200
,117,136,359,359,stimuli/own/kitchen/117_kit.jpg,stimuli/own/kitchen/136_kit.jpg,NaN,NaN,NaN,NaN,NaN,NaN,NaN,NaN,0,363,363,358,7014.877311041,NaN,NaN,NaN,NaN,NaN,NaN,NaN,,NaN,,7015.162111833,7015.331039916,7015.331039916,7015.331039916,7015.331039916,7015.331039916,7015.331039916,7015.331039916,7015.331039916,7015.331039916,7025.079941,-7,7,6,4,4.38188812499993,4,8.63631325000006,7014.875534333,7014.877311041,7015.331039916,7015.162094125,NaN,NaN,NaN,NaN,,NaN,,7014.871994541,7014.875487833,None,NaN,NaN,,NaN,NaN,NaN,NaN,NaN,NaN,NaN,11,kitchen,1,2024-04-06_10h17.33.664,image_similarity_rating,2023.2.3,None,2024-04-06 10h17.46.441618 +0200
,106,122,172,172,stimuli/own/kitchen/106_kit.jpg,stimuli/own/kitchen/122_kit.jpg,NaN,NaN,NaN,NaN,NaN,NaN,NaN,NaN,0,364,364,171,7025.085531375,NaN,NaN,NaN,NaN,NaN,NaN,NaN,,NaN,,7025.378671625,7025.543961583,7025.543961583,7025.543961583,7025.543961583,7025.543961583,7025.543961583,7025.543961583,7025.543961583,7025.543961583,7035.217507375,-7,7,6,4,8.92148954200002,6,2.4639749579992,7025.083598875,7025.085531375,7025.543961583,7025.378655666,NaN,NaN,NaN,NaN,,NaN,,7025.08016125,7025.083552625,None,NaN,NaN,,NaN,NaN,NaN,NaN,NaN,NaN,NaN,11,kitchen,1,2024-04-06_10h17.33.664,image_similarity_rating,2023.2.3,None,2024-04-06 10h17.46.441618 +0200
,116,135,336,336,stimuli/own/kitchen/116_kit.jpg,stimuli/own/kitchen/135_kit.jpg,NaN,NaN,NaN,NaN,NaN,NaN,NaN,NaN,0,365,365,335,7035.227570125,NaN,NaN,NaN,NaN,NaN,NaN,NaN,,NaN,,7035.511992,7035.683272458,7035.683272458,7035.683272458,7035.683272458,7035.683272458,7035.683272458,7035.683272458,7035.683272458,7035.683272458,7042.297225875,-7,7,6,4,4.19079675000012,3,5.98378333300025,7035.221291916,7035.227570125,7035.683272458,7035.511971916,NaN,NaN,NaN,NaN,,NaN,,7035.217724333,7035.221245958,None,NaN,NaN,,NaN,NaN,NaN,NaN,NaN,NaN,NaN,11,kitchen,1,2024-04-06_10h17.33.664,image_similarity_rating,2023.2.3,None,2024-04-06 10h17.46.441618 +0200
,101,129,23,23,stimuli/own/kitchen/101_kit.jpg,stimuli/own/kitchen/129_kit.jpg,NaN,NaN,NaN,NaN,NaN,NaN,NaN,NaN,0,366,366,22,7042.302760791,NaN,NaN,NaN,NaN,NaN,NaN,NaN,,NaN,,7042.595263333,7042.764903958,7042.764903958,7042.764903958,7042.764903958,7042.764903958,7042.764903958,7042.764903958,7042.764903958,7042.764903958,7052.888101,-7,7,6,1,2.85006070800046,5,8.02128383299987,7042.300995833,7042.302760791,7042.764903958,7042.595247083,NaN,NaN,NaN,NaN,,NaN,,7042.297457333,7042.300949666,None,NaN,NaN,,NaN,NaN,NaN,NaN,NaN,NaN,NaN,11,kitchen,1,2024-04-06_10h17.33.664,image_similarity_rating,2023.2.3,None,2024-04-06 10h17.46.441618 +0200
,101,112,8,8,stimuli/own/kitchen/101_kit.jpg,stimuli/own/kitchen/112_kit.jpg,NaN,NaN,NaN,NaN,NaN,NaN,NaN,NaN,0,367,367,7,7052.893669166,NaN,NaN,NaN,NaN,NaN,NaN,NaN,,NaN,,7053.1789185,7053.344088166,7053.344088166,7053.344088166,7053.344088166,7053.344088166,7053.344088166,7053.344088166,7053.344088166,7053.344088166,7059.867367,7,-7,6,3,5.35704741599966,4,2.09974024999974,7052.891755791,7052.893669166,7053.344088166,7053.178903875,NaN,NaN,NaN,NaN,,NaN,,7052.888321041,7052.891709958,None,NaN,NaN,,NaN,NaN,NaN,NaN,NaN,NaN,NaN,11,kitchen,1,2024-04-06_10h17.33.664,image_similarity_rating,2023.2.3,None,2024-04-06 10h17.46.441618 +0200
,118,130,375,375,stimuli/own/kitchen/118_kit.jpg,stimuli/own/kitchen/130_kit.jpg,NaN,NaN,NaN,NaN,NaN,NaN,NaN,NaN,0,368,368,374,7059.877502833,NaN,NaN,NaN,NaN,NaN,NaN,NaN,,NaN,,7060.161837875,7060.327602791,7060.327602791,7060.327602791,7060.327602791,7060.327602791,7060.327602791,7060.327602791,7060.327602791,7060.327602791,7068.633787583,7,-7,6,2,4.98786595799993,1,7.21568558300078,7059.871005208,7059.877502833,7060.327602791,7060.161822666,NaN,NaN,NaN,NaN,,NaN,,7059.867582625,7059.870959291,None,NaN,NaN,,NaN,NaN,NaN,NaN,NaN,NaN,NaN,11,kitchen,1,2024-04-06_10h17.33.664,image_similarity_rating,2023.2.3,None,2024-04-06 10h17.46.441618 +0200
,109,112,191,191,stimuli/own/kitchen/109_kit.jpg,stimuli/own/kitchen/112_kit.jpg,NaN,NaN,NaN,NaN,NaN,NaN,NaN,NaN,0,369,369,190,7068.644079291,NaN,NaN,NaN,NaN,NaN,NaN,NaN,,NaN,,7068.928630625,7069.093739791,7069.093739791,7069.093739791,7069.093739791,7069.093739791,7069.093739791,7069.093739791,7069.093739791,7069.093739791,7073.496260125,7,-7,6,1,3.43723741699978,1,2.38877262499955,7068.637561458,7068.644079291,7069.093739791,7068.928614666,NaN,NaN,NaN,NaN,,NaN,,7068.634005333,7068.637515333,None,NaN,NaN,,NaN,NaN,NaN,NaN,NaN,NaN,NaN,11,kitchen,1,2024-04-06_10h17.33.664,image_similarity_rating,2023.2.3,None,2024-04-06 10h17.46.441618 +0200
,113,130,285,285,stimuli/own/kitchen/113_kit.jpg,stimuli/own/kitchen/130_kit.jpg,NaN,NaN,NaN,NaN,NaN,NaN,NaN,NaN,0,370,370,284,7073.501907875,NaN,NaN,NaN,NaN,NaN,NaN,NaN,,NaN,,7073.7960205,7073.961805,7073.961805,7073.961805,7073.961805,7073.961805,7073.961805,7073.961805,7073.961805,7073.961805,7084.529757708,7,-7,6,3,4.28505479100022,1,10.1283902499999,7073.499984583,7073.501907875,7073.961805,7073.796005208,NaN,NaN,NaN,NaN,,NaN,,7073.496478541,7073.499938875,None,NaN,NaN,,NaN,NaN,NaN,NaN,NaN,NaN,NaN,11,kitchen,1,2024-04-06_10h17.33.664,image_similarity_rating,2023.2.3,None,2024-04-06 10h17.46.441618 +0200
,112,132,262,610,stimuli/own/kitchen/112_kit.jpg,stimuli/own/kitchen/132_kit.jpg,NaN,NaN,NaN,NaN,NaN,NaN,NaN,NaN,0,371,371,609,7084.535265541,NaN,NaN,NaN,NaN,NaN,NaN,NaN,,NaN,,7084.829073708,7084.995405375,7084.995405375,7084.995405375,7084.995405375,7084.995405375,7084.995405375,7084.995405375,7084.995405375,7084.995405375,7092.429902583,-7,7,6,4,4.94047166700057,3,6.89450833299998,7084.53339325,7084.535265541,7084.995405375,7084.829057958,NaN,NaN,NaN,NaN,,NaN,,7084.52997275,7084.533347041,None,NaN,NaN,,NaN,NaN,NaN,NaN,NaN,NaN,NaN,11,kitchen,1,2024-04-06_10h17.33.664,image_similarity_rating,2023.2.3,None,2024-04-06 10h17.46.441618 +0200
,113,117,273,273,stimuli/own/kitchen/113_kit.jpg,stimuli/own/kitchen/117_kit.jpg,NaN,NaN,NaN,NaN,NaN,NaN,NaN,NaN,0,372,372,272,7092.43548325,NaN,NaN,NaN,NaN,NaN,NaN,NaN,,NaN,,7092.728642541,7092.89291075,7092.89291075,7092.89291075,7092.89291075,7092.89291075,7092.89291075,7092.89291075,7092.89291075,7092.89291075,7102.267228541,-7,7,6,2,4.63687541700074,1,8.69926454200049,7092.43355075,7092.43548325,7092.89291075,7092.7286305,NaN,NaN,NaN,NaN,,NaN,,7092.430118333,7092.4335045,None,NaN,NaN,,NaN,NaN,NaN,NaN,NaN,NaN,NaN,11,kitchen,1,2024-04-06_10h17.33.664,image_similarity_rating,2023.2.3,None,2024-04-06 10h17.46.441618 +0200
,122,131,450,450,stimuli/own/kitchen/122_kit.jpg,stimuli/own/kitchen/131_kit.jpg,NaN,NaN,NaN,NaN,NaN,NaN,NaN,NaN,0,373,373,449,7102.277314291,NaN,NaN,NaN,NaN,NaN,NaN,NaN,,NaN,,7102.561862375,7102.7304145,7102.7304145,7102.7304145,7102.7304145,7102.7304145,7102.7304145,7102.7304145,7102.7304145,7102.7304145,7114.480315958,7,-7,6,2,5.72582125000008,1,10.1460658330006,7102.270864125,7102.277314291,7102.7304145,7102.561845541,NaN,NaN,NaN,NaN,,NaN,,7102.2674465,7102.270818458,None,NaN,NaN,,NaN,NaN,NaN,NaN,NaN,NaN,NaN,11,kitchen,1,2024-04-06_10h17.33.664,image_similarity_rating,2023.2.3,None,2024-04-06 10h17.46.441618 +0200
,126,135,511,511,stimuli/own/kitchen/126_kit.jpg,stimuli/own/kitchen/135_kit.jpg,NaN,NaN,NaN,NaN,NaN,NaN,NaN,NaN,0,374,374,510,7114.4857825,NaN,NaN,NaN,NaN,NaN,NaN,NaN,,NaN,,7114.778357625,7114.943989166,7114.943989166,7114.943989166,7114.943989166,7114.943989166,7114.943989166,7114.943989166,7114.943989166,7114.943989166,7122.967354458,7,-7,6,5,3.29950916600046,3,7.18992504200014,7114.483955875,7114.4857825,7114.943989166,7114.778341458,NaN,NaN,NaN,NaN,,NaN,,7114.480535833,7114.483910208,None,NaN,NaN,,NaN,NaN,NaN,NaN,NaN,NaN,NaN,11,kitchen,1,2024-04-06_10h17.33.664,image_similarity_rating,2023.2.3,None,2024-04-06 10h17.46.441618 +0200
,118,141,385,385,stimuli/own/kitchen/118_kit.jpg,stimuli/own/kitchen/141_kit.jpg,NaN,NaN,NaN,NaN,NaN,NaN,NaN,NaN,0,375,375,384,7122.977202416,NaN,NaN,NaN,NaN,NaN,NaN,NaN,,NaN,,7123.262527833,7123.428910916,7123.428910916,7123.428910916,7123.428910916,7123.428910916,7123.428910916,7123.428910916,7123.428910916,7123.428910916,7134.705158833,7,-7,6,4,5.45177545899969,1,10.6228948750004,7122.971134458,7122.977202416,7123.428910916,7123.2625145,NaN,NaN,NaN,NaN,,NaN,,7122.9675775,7122.971087583,None,NaN,NaN,,NaN,NaN,NaN,NaN,NaN,NaN,NaN,11,kitchen,1,2024-04-06_10h17.33.664,image_similarity_rating,2023.2.3,None,2024-04-06 10h17.46.441618 +0200
,103,119,79,79,stimuli/own/kitchen/103_kit.jpg,stimuli/own/kitchen/119_kit.jpg,NaN,NaN,NaN,NaN,NaN,NaN,NaN,NaN,0,376,376,78,7134.72731225,NaN,NaN,NaN,NaN,NaN,NaN,NaN,,NaN,,7135.011514625,7135.179255625,7135.179255625,7135.179255625,7135.179255625,7135.179255625,7135.179255625,7135.179255625,7135.179255625,7135.179255625,7144.500560916,7,-7,6,2,8.06917266699929,7,2.85199533400009,7134.709044375,7134.72731225,NaN,7135.011496,NaN,NaN,NaN,NaN,,NaN,,7134.705375583,7134.708995416,None,NaN,NaN,,NaN,NaN,NaN,NaN,NaN,NaN,NaN,11,kitchen,1,2024-04-06_10h17.33.664,image_similarity_rating,2023.2.3,None,2024-04-06 10h17.46.441618 +0200
,117,141,364,364,stimuli/own/kitchen/117_kit.jpg,stimuli/own/kitchen/141_kit.jpg,NaN,NaN,NaN,NaN,NaN,NaN,NaN,NaN,0,377,377,363,7144.510475208,NaN,NaN,NaN,NaN,NaN,NaN,NaN,,NaN,,7144.795039625,7144.964540916,7144.964540916,7144.964540916,7144.964540916,7144.964540916,7144.964540916,7144.964540916,7144.964540916,7144.964540916,7152.966922958,7,-7,6,3,7.20380220900006,3,3.77188279100028,7144.504240833,7144.510475208,7144.964540916,7144.795023166,NaN,NaN,NaN,NaN,,NaN,,7144.5007805,7144.504193833,None,NaN,NaN,,NaN,NaN,NaN,NaN,NaN,NaN,NaN,11,kitchen,1,2024-04-06_10h17.33.664,image_similarity_rating,2023.2.3,None,2024-04-06 10h17.46.441618 +0200
,111,117,222,222,stimuli/own/kitchen/111_kit.jpg,stimuli/own/kitchen/117_kit.jpg,NaN,NaN,NaN,NaN,NaN,NaN,NaN,NaN,0,378,378,221,7152.976979166,NaN,NaN,NaN,NaN,NaN,NaN,NaN,,NaN,,7166.612105041,7166.785390625,7166.785390625,7166.785390625,7166.785390625,7166.785390625,7166.785390625,7166.785390625,7166.785390625,7166.785390625,7174.48012175,-7,7,7,5,4.00160450000021,1,7.08840966700063,7166.314484375,7166.318287583,7166.785390625,7166.612083916,NaN,NaN,NaN,NaN,,NaN,,7152.96714225,7166.313814041,space,7152.976979166,13.3365919160005,None,NaN,NaN,NaN,NaN,NaN,NaN,NaN,11,kitchen,1,2024-04-06_10h17.33.664,image_similarity_rating,2023.2.3,None,2024-04-06 10h17.46.441618 +0200
,112,132,262,262,stimuli/own/kitchen/112_kit.jpg,stimuli/own/kitchen/132_kit.jpg,NaN,NaN,NaN,NaN,NaN,NaN,NaN,NaN,0,379,379,261,7174.493685083,NaN,NaN,NaN,NaN,NaN,NaN,NaN,,NaN,,7174.7781995,7174.942416416,7174.942416416,7174.942416416,7174.942416416,7174.942416416,7174.942416416,7174.942416416,7174.942416416,7174.942416416,7187.1759475,-7,7,7,6,8.65390783299972,3,11.7561121669996,7174.484595916,7174.493685083,7174.942416416,7174.778183791,NaN,NaN,NaN,NaN,,NaN,,7174.480356083,7174.484546458,None,NaN,NaN,,NaN,NaN,NaN,NaN,NaN,NaN,NaN,11,kitchen,1,2024-04-06_10h17.33.664,image_similarity_rating,2023.2.3,None,2024-04-06 10h17.46.441618 +0200
,109,123,201,201,stimuli/own/kitchen/109_kit.jpg,stimuli/own/kitchen/123_kit.jpg,NaN,NaN,NaN,NaN,NaN,NaN,NaN,NaN,0,380,380,200,7187.181601541,NaN,NaN,NaN,NaN,NaN,NaN,NaN,,NaN,,7187.466494583,7187.629505958,7187.629505958,7187.629505958,7187.629505958,7187.629505958,7187.629505958,7187.629505958,7187.629505958,7187.629505958,7195.576097375,7,-7,7,1,6.6399248329999,7,4.56545804100006,7187.179612833,7187.181601541,7187.629505958,7187.466481333,NaN,NaN,NaN,NaN,,NaN,,7187.176170958,7187.179566458,None,NaN,NaN,,NaN,NaN,NaN,NaN,NaN,NaN,NaN,11,kitchen,1,2024-04-06_10h17.33.664,image_similarity_rating,2023.2.3,None,2024-04-06 10h17.46.441618 +0200
,103,138,96,96,stimuli/own/kitchen/103_kit.jpg,stimuli/own/kitchen/138_kit.jpg,NaN,NaN,NaN,NaN,NaN,NaN,NaN,NaN,0,381,381,95,7195.581710041,NaN,NaN,NaN,NaN,NaN,NaN,NaN,,NaN,,7195.865491583,7196.034660208,7196.034660208,7196.034660208,7196.034660208,7196.034660208,7196.034660208,7196.034660208,7196.034660208,7196.034660208,7211.100047375,7,-7,7,6,5.63603537499966,6,14.3302399579998,7195.579779041,7195.581710041,7196.034660208,7195.865476875,NaN,NaN,NaN,NaN,,NaN,,7195.576314291,7195.579732791,None,NaN,NaN,,NaN,NaN,NaN,NaN,NaN,NaN,NaN,11,kitchen,1,2024-04-06_10h17.33.664,image_similarity_rating,2023.2.3,None,2024-04-06 10h17.46.441618 +0200
,118,132,377,377,stimuli/own/kitchen/118_kit.jpg,stimuli/own/kitchen/132_kit.jpg,NaN,NaN,NaN,NaN,NaN,NaN,NaN,NaN,0,382,382,376,7211.110250916,NaN,NaN,NaN,NaN,NaN,NaN,NaN,,NaN,,7211.394860041,7211.56484,7211.56484,7211.56484,7211.56484,7211.56484,7211.56484,7211.56484,7211.56484,7211.56484,7221.021167416,7,-7,7,6,6.68318470800023,3,8.21847191699999,7211.103701333,7211.110250916,7211.56484,7211.394843083,NaN,NaN,NaN,NaN,,NaN,,7211.100263666,7211.103654583,None,NaN,NaN,,NaN,NaN,NaN,NaN,NaN,NaN,NaN,11,kitchen,1,2024-04-06_10h17.33.664,image_similarity_rating,2023.2.3,None,2024-04-06 10h17.46.441618 +0200
,136,139,583,583,stimuli/own/kitchen/136_kit.jpg,stimuli/own/kitchen/139_kit.jpg,NaN,NaN,NaN,NaN,NaN,NaN,NaN,NaN,0,383,383,582,7221.043432791,NaN,NaN,NaN,NaN,NaN,NaN,NaN,,NaN,,7221.327647375,7221.49435125,7221.49435125,7221.49435125,7221.49435125,7221.49435125,7221.49435125,7221.49435125,7221.49435125,7221.49435125,7231.972110666,7,-7,7,4,5.92118908399971,1,9.38031754099939,7221.024964375,7221.043432791,NaN,7221.327614375,NaN,NaN,NaN,NaN,,NaN,,7221.021386458,7221.024918416,None,NaN,NaN,,NaN,NaN,NaN,NaN,NaN,NaN,NaN,11,kitchen,1,2024-04-06_10h17.33.664,image_similarity_rating,2023.2.3,None,2024-04-06 10h17.46.441618 +0200
,105,126,147,147,stimuli/own/kitchen/105_kit.jpg,stimuli/own/kitchen/126_kit.jpg,NaN,NaN,NaN,NaN,NaN,NaN,NaN,NaN,0,384,384,146,7231.978077458,NaN,NaN,NaN,NaN,NaN,NaN,NaN,,NaN,,7232.261993333,7232.42636125,7232.42636125,7232.42636125,7232.42636125,7232.42636125,7232.42636125,7232.42636125,7232.42636125,7232.42636125,7244.158908125,-7,7,7,6,4.87470245799977,6,10.4574525829994,7231.975818583,7231.978077458,7232.42636125,7232.261978875,NaN,NaN,NaN,NaN,,NaN,,7231.972326041,7231.975761125,None,NaN,NaN,,NaN,NaN,NaN,NaN,NaN,NaN,NaN,11,kitchen,1,2024-04-06_10h17.33.664,image_similarity_rating,2023.2.3,None,2024-04-06 10h17.46.441618 +0200
,102,103,35,35,stimuli/own/kitchen/102_kit.jpg,stimuli/own/kitchen/103_kit.jpg,NaN,NaN,NaN,NaN,NaN,NaN,NaN,NaN,0,385,385,34,7244.164560833,NaN,NaN,NaN,NaN,NaN,NaN,NaN,,NaN,,7244.449208291,7244.614977791,7244.614977791,7244.614977791,7244.614977791,7244.614977791,7244.614977791,7244.614977791,7244.614977791,7244.614977791,7253.887946625,-7,7,7,1,3.82662724999955,6,7.1282195419999,7244.162635791,7244.164560833,7244.614977791,7244.449194833,NaN,NaN,NaN,NaN,,NaN,,7244.159158291,7244.162588791,None,NaN,NaN,,NaN,NaN,NaN,NaN,NaN,NaN,NaN,11,kitchen,1,2024-04-06_10h17.33.664,image_similarity_rating,2023.2.3,None,2024-04-06 10h17.46.441618 +0200
,103,127,87,87,stimuli/own/kitchen/103_kit.jpg,stimuli/own/kitchen/127_kit.jpg,NaN,NaN,NaN,NaN,NaN,NaN,NaN,NaN,0,386,386,86,7253.909959458,NaN,NaN,NaN,NaN,NaN,NaN,NaN,,NaN,,7254.194126291,7254.3607795,7254.3607795,7254.3607795,7254.3607795,7254.3607795,7254.3607795,7254.3607795,7254.3607795,7254.3607795,7267.799955083,-7,7,7,5,10.3859817089997,7,5.56310216600014,7253.891689916,7253.909959458,NaN,7254.194107625,NaN,NaN,NaN,NaN,,NaN,,7253.8881645,7253.891644125,None,NaN,NaN,,NaN,NaN,NaN,NaN,NaN,NaN,NaN,11,kitchen,1,2024-04-06_10h17.33.664,image_similarity_rating,2023.2.3,None,2024-04-06 10h17.46.441618 +0200
,106,124,174,174,stimuli/own/kitchen/106_kit.jpg,stimuli/own/kitchen/124_kit.jpg,NaN,NaN,NaN,NaN,NaN,NaN,NaN,NaN,0,387,387,173,7267.8099085,NaN,NaN,NaN,NaN,NaN,NaN,NaN,,NaN,,7268.094608,7268.26460025,7268.26460025,7268.26460025,7268.26460025,7268.26460025,7268.26460025,7268.26460025,7268.26460025,7268.26460025,7281.44252925,7,-7,7,1,4.81954112499989,3,12.821166916,7267.803827125,7267.8099085,7268.26460025,7268.094587583,NaN,NaN,NaN,NaN,,NaN,,7267.800172083,7267.803778041,None,NaN,NaN,,NaN,NaN,NaN,NaN,NaN,NaN,NaN,11,kitchen,1,2024-04-06_10h17.33.664,image_similarity_rating,2023.2.3,None,2024-04-06 10h17.46.441618 +0200
,122,138,456,456,stimuli/own/kitchen/122_kit.jpg,stimuli/own/kitchen/138_kit.jpg,NaN,NaN,NaN,NaN,NaN,NaN,NaN,NaN,0,388,388,455,7281.448042166,NaN,NaN,NaN,NaN,NaN,NaN,NaN,,NaN,,7281.73218375,7281.898597833,7281.898597833,7281.898597833,7281.898597833,7281.898597833,7281.898597833,7281.898597833,7281.898597833,7281.898597833,7291.695519,7,-7,7,3,7.11542625000038,3,9.22954262500025,7281.44622675,7281.448042166,7281.898597833,7281.732170416,NaN,NaN,NaN,NaN,,NaN,,7281.442743791,7281.44618075,None,NaN,NaN,,NaN,NaN,NaN,NaN,NaN,NaN,NaN,11,kitchen,1,2024-04-06_10h17.33.664,image_similarity_rating,2023.2.3,None,2024-04-06 10h17.46.441618 +0200
,113,120,276,276,stimuli/own/kitchen/113_kit.jpg,stimuli/own/kitchen/120_kit.jpg,NaN,NaN,NaN,NaN,NaN,NaN,NaN,NaN,0,389,389,275,7291.700932041,NaN,NaN,NaN,NaN,NaN,NaN,NaN,,NaN,,7291.994540125,7292.159281416,7292.159281416,7292.159281416,7292.159281416,7292.159281416,7292.159281416,7292.159281416,7292.159281416,7292.159281416,7300.837739166,-7,7,7,5,6.20003941699997,1,7.84309391600073,7291.699155833,7291.700932041,7292.159281416,7291.994524916,NaN,NaN,NaN,NaN,,NaN,,7291.695735375,7291.699109208,None,NaN,NaN,,NaN,NaN,NaN,NaN,NaN,NaN,NaN,11,kitchen,1,2024-04-06_10h17.33.664,image_similarity_rating,2023.2.3,None,2024-04-06 10h17.46.441618 +0200
,131,140,558,558,stimuli/own/kitchen/131_kit.jpg,stimuli/own/kitchen/140_kit.jpg,NaN,NaN,NaN,NaN,NaN,NaN,NaN,NaN,0,390,390,557,7300.8597515,NaN,NaN,NaN,NaN,NaN,NaN,NaN,,NaN,,7301.144077916,7301.309976041,7301.309976041,7301.309976041,7301.309976041,7301.309976041,7301.309976041,7301.309976041,7301.309976041,7301.309976041,7310.929228583,7,-7,7,4,9.2101907920005,1,5.3556275840001,7300.841372708,7300.8597515,NaN,7301.144050708,NaN,NaN,NaN,NaN,,NaN,,7300.837957,7300.841326875,None,NaN,NaN,,NaN,NaN,NaN,NaN,NaN,NaN,NaN,11,kitchen,1,2024-04-06_10h17.33.664,image_similarity_rating,2023.2.3,None,2024-04-06 10h17.46.441618 +0200
,129,139,538,538,stimuli/own/kitchen/129_kit.jpg,stimuli/own/kitchen/139_kit.jpg,NaN,NaN,NaN,NaN,NaN,NaN,NaN,NaN,0,391,391,537,7310.934992875,NaN,NaN,NaN,NaN,NaN,NaN,NaN,,NaN,,7311.227814083,7311.392110541,7311.392110541,7311.392110541,7311.392110541,7311.392110541,7311.392110541,7311.392110541,7311.392110541,7311.392110541,7329.367054625,7,-7,7,4,11.1109199590001,5,17.149212458,7310.933034416,7310.934992875,7311.392110541,7311.227798375,NaN,NaN,NaN,NaN,,NaN,,7310.929456666,7310.932986666,None,NaN,NaN,,NaN,NaN,NaN,NaN,NaN,NaN,NaN,11,kitchen,1,2024-04-06_10h17.33.664,image_similarity_rating,2023.2.3,None,2024-04-06 10h17.46.441618 +0200
,116,132,334,334,stimuli/own/kitchen/116_kit.jpg,stimuli/own/kitchen/132_kit.jpg,NaN,NaN,NaN,NaN,NaN,NaN,NaN,NaN,0,392,392,333,7329.376361041,NaN,NaN,NaN,NaN,NaN,NaN,NaN,,NaN,,7329.660982958,7329.829024,7329.829024,7329.829024,7329.829024,7329.829024,7329.829024,7329.829024,7329.829024,7329.829024,7342.9917685,7,-7,7,2,7.91504845899999,2,12.2401126249997,7329.370698791,7329.376361041,7329.829024,7329.660966291,NaN,NaN,NaN,NaN,,NaN,,7329.367279541,7329.370652416,None,NaN,NaN,,NaN,NaN,NaN,NaN,NaN,NaN,NaN,11,kitchen,1,2024-04-06_10h17.33.664,image_similarity_rating,2023.2.3,None,2024-04-06 10h17.46.441618 +0200
,117,122,347,347,stimuli/own/kitchen/117_kit.jpg,stimuli/own/kitchen/122_kit.jpg,NaN,NaN,NaN,NaN,NaN,NaN,NaN,NaN,0,393,393,346,7342.997400666,NaN,NaN,NaN,NaN,NaN,NaN,NaN,,NaN,,7343.281918166,7343.452988041,7343.452988041,7343.452988041,7343.452988041,7343.452988041,7343.452988041,7343.452988041,7343.452988041,7343.452988041,7354.520949,7,-7,7,6,9.33802237500004,7,3.45664424999995,7342.995465625,7342.997400666,7343.452988041,7343.28190325,NaN,NaN,NaN,NaN,,NaN,,7342.991993041,7342.995416791,None,NaN,NaN,,NaN,NaN,NaN,NaN,NaN,NaN,NaN,11,kitchen,1,2024-04-06_10h17.33.664,image_similarity_rating,2023.2.3,None,2024-04-06 10h17.46.441618 +0200
,114,122,302,302,stimuli/own/kitchen/114_kit.jpg,stimuli/own/kitchen/122_kit.jpg,NaN,NaN,NaN,NaN,NaN,NaN,NaN,NaN,0,394,394,301,7354.542941791,NaN,NaN,NaN,NaN,NaN,NaN,NaN,,NaN,,7354.827168,7354.993097,7354.993097,7354.993097,7354.993097,7354.993097,7354.993097,7354.993097,7354.993097,7354.993097,7366.891547291,-7,7,7,6,10.510560959,7,5.8425419160003,7354.524603916,7354.542941791,NaN,7354.827149041,NaN,NaN,NaN,NaN,,NaN,,7354.521167916,7354.524557708,None,NaN,NaN,,NaN,NaN,NaN,NaN,NaN,NaN,NaN,11,kitchen,1,2024-04-06_10h17.33.664,image_similarity_rating,2023.2.3,None,2024-04-06 10h17.46.441618 +0200
,125,141,504,504,stimuli/own/kitchen/125_kit.jpg,stimuli/own/kitchen/141_kit.jpg,NaN,NaN,NaN,NaN,NaN,NaN,NaN,NaN,0,395,395,503,7366.897162791,NaN,NaN,NaN,NaN,NaN,NaN,NaN,,NaN,,7367.181492625,7367.346064083,7367.346064083,7367.346064083,7367.346064083,7367.346064083,7367.346064083,7367.346064083,7367.346064083,7367.346064083,7375.586820166,7,-7,7,4,7.78934679200029,6,2.57740841600025,7366.895231541,7366.897162791,7367.346064083,7367.181480625,NaN,NaN,NaN,NaN,,NaN,,7366.891763125,7366.895181833,None,NaN,NaN,,NaN,NaN,NaN,NaN,NaN,NaN,NaN,11,kitchen,1,2024-04-06_10h17.33.664,image_similarity_rating,2023.2.3,None,2024-04-06 10h17.46.441618 +0200
,106,112,163,163,stimuli/own/kitchen/106_kit.jpg,stimuli/own/kitchen/112_kit.jpg,NaN,NaN,NaN,NaN,NaN,NaN,NaN,NaN,0,396,396,162,7375.592773708,NaN,NaN,NaN,NaN,NaN,NaN,NaN,,NaN,,7375.877483833,7376.0447545,7376.0447545,7376.0447545,7376.0447545,7376.0447545,7376.0447545,7376.0447545,7376.0447545,7376.0447545,7384.975913583,7,-7,7,1,5.62037474999943,5,8.49402508300045,7375.590462541,7375.592773708,7376.0447545,7375.8774665,NaN,NaN,NaN,NaN,,NaN,,7375.587038541,7375.590416,None,NaN,NaN,,NaN,NaN,NaN,NaN,NaN,NaN,NaN,11,kitchen,1,2024-04-06_10h17.33.664,image_similarity_rating,2023.2.3,None,2024-04-06 10h17.46.441618 +0200
,136,139,583,600,stimuli/own/kitchen/136_kit.jpg,stimuli/own/kitchen/139_kit.jpg,NaN,NaN,NaN,NaN,NaN,NaN,NaN,NaN,0,397,397,599,7384.9816805,NaN,NaN,NaN,NaN,NaN,NaN,NaN,,NaN,,7385.264574458,7385.427285541,7385.427285541,7385.427285541,7385.427285541,7385.427285541,7385.427285541,7385.427285541,7385.427285541,7385.427285541,7397.308572291,7,-7,7,2,6.15041850000034,4,11.5171260830002,7384.97959125,7384.9816805,7385.427285541,7385.264563958,NaN,NaN,NaN,NaN,,NaN,,7384.976129208,7384.979544208,None,NaN,NaN,,NaN,NaN,NaN,NaN,NaN,NaN,NaN,11,kitchen,1,2024-04-06_10h17.33.664,image_similarity_rating,2023.2.3,None,2024-04-06 10h17.46.441618 +0200
,109,138,214,214,stimuli/own/kitchen/109_kit.jpg,stimuli/own/kitchen/138_kit.jpg,NaN,NaN,NaN,NaN,NaN,NaN,NaN,NaN,0,398,398,213,7397.314178166,NaN,NaN,NaN,NaN,NaN,NaN,NaN,,NaN,,7397.598211333,7397.763438791,7397.763438791,7397.763438791,7397.763438791,7397.763438791,7397.763438791,7397.763438791,7397.763438791,7397.763438791,7412.345208875,-7,7,7,1,2.51611204100027,1,13.9940590830001,7397.312416583,7397.314178166,7397.763438791,7397.598198208,NaN,NaN,NaN,NaN,,NaN,,7397.308794583,7397.312369416,None,NaN,NaN,,NaN,NaN,NaN,NaN,NaN,NaN,NaN,11,kitchen,1,2024-04-06_10h17.33.664,image_similarity_rating,2023.2.3,None,2024-04-06 10h17.46.441618 +0200
,104,109,102,102,stimuli/own/kitchen/104_kit.jpg,stimuli/own/kitchen/109_kit.jpg,NaN,NaN,NaN,NaN,NaN,NaN,NaN,NaN,0,399,399,101,7412.350788416,NaN,NaN,NaN,NaN,NaN,NaN,NaN,,NaN,,7412.644689125,7412.809387416,7412.809387416,7412.809387416,7412.809387416,7412.809387416,7412.809387416,7412.809387416,7412.809387416,7412.809387416,7424.321059708,-7,7,7,1,5.53569233300004,2,11.031236625,7412.348850166,7412.350788416,7412.809387416,7412.644674041,NaN,NaN,NaN,NaN,,NaN,,7412.345425083,7412.348803958,None,NaN,NaN,,NaN,NaN,NaN,NaN,NaN,NaN,NaN,11,kitchen,1,2024-04-06_10h17.33.664,image_similarity_rating,2023.2.3,None,2024-04-06 10h17.46.441618 +0200
,120,131,415,415,stimuli/own/kitchen/120_kit.jpg,stimuli/own/kitchen/131_kit.jpg,NaN,NaN,NaN,NaN,NaN,NaN,NaN,NaN,0,400,400,414,7424.327371,NaN,NaN,NaN,NaN,NaN,NaN,NaN,,NaN,,7424.611097125,7424.773089666,7424.773089666,7424.773089666,7424.773089666,7424.773089666,7424.773089666,7424.773089666,7424.773089666,7424.773089666,7435.349441125,-7,7,7,2,5.93202987500081,4,9.18416445899948,7424.324701166,7424.327371,7424.773089666,7424.61108625,NaN,NaN,NaN,NaN,,NaN,,7424.321277125,7424.324655416,None,NaN,NaN,,NaN,NaN,NaN,NaN,NaN,NaN,NaN,11,kitchen,1,2024-04-06_10h17.33.664,image_similarity_rating,2023.2.3,None,2024-04-06 10h17.46.441618 +0200
,102,141,67,67,stimuli/own/kitchen/102_kit.jpg,stimuli/own/kitchen/141_kit.jpg,NaN,NaN,NaN,NaN,NaN,NaN,NaN,NaN,0,401,401,66,7435.359343458,NaN,NaN,NaN,NaN,NaN,NaN,NaN,,NaN,,7435.643986416,7435.809103625,7435.809103625,7435.809103625,7435.809103625,7435.809103625,7435.809103625,7435.809103625,7435.809103625,7435.809103625,7450.253846291,7,-7,7,3,13.9289160839999,3,7.92831995800043,7435.353091583,7435.359343458,7435.809103625,7435.64397075,NaN,NaN,NaN,NaN,,NaN,,7435.349658,7435.353045625,None,NaN,NaN,,NaN,NaN,NaN,NaN,NaN,NaN,NaN,11,kitchen,1,2024-04-06_10h17.33.664,image_similarity_rating,2023.2.3,None,2024-04-06 10h17.46.441618 +0200
,106,134,182,182,stimuli/own/kitchen/106_kit.jpg,stimuli/own/kitchen/134_kit.jpg,NaN,NaN,NaN,NaN,NaN,NaN,NaN,NaN,0,402,402,181,7450.276248041,NaN,NaN,NaN,NaN,NaN,NaN,NaN,,NaN,,7450.560042041,7450.725699375,7450.725699375,7450.725699375,7450.725699375,7450.725699375,7450.725699375,7450.725699375,7450.725699375,7450.725699375,7462.949038833,7,-7,7,4,6.36122145799982,5,10.6497406670005,7450.257493208,7450.276248041,NaN,7450.560024666,NaN,NaN,NaN,NaN,,NaN,,7450.254067583,7450.257447041,None,NaN,NaN,,NaN,NaN,NaN,NaN,NaN,NaN,NaN,11,kitchen,1,2024-04-06_10h17.33.664,image_similarity_rating,2023.2.3,None,2024-04-06 10h17.46.441618 +0200
,120,129,413,413,stimuli/own/kitchen/120_kit.jpg,stimuli/own/kitchen/129_kit.jpg,NaN,NaN,NaN,NaN,NaN,NaN,NaN,NaN,0,403,403,412,7462.959241375,NaN,NaN,NaN,NaN,NaN,NaN,NaN,,NaN,,7463.243779,7463.409356041,7463.409356041,7463.409356041,7463.409356041,7463.409356041,7463.409356041,7463.409356041,7463.409356041,7463.409356041,7475.942009125,-7,7,7,1,3.57120091700017,6,12.1758625420007,7462.952695375,7462.959241375,7463.409356041,7463.24376275,NaN,NaN,NaN,NaN,,NaN,,7462.949261916,7462.952649416,None,NaN,NaN,,NaN,NaN,NaN,NaN,NaN,NaN,NaN,11,kitchen,1,2024-04-06_10h17.33.664,image_similarity_rating,2023.2.3,None,2024-04-06 10h17.46.441618 +0200
,106,123,173,173,stimuli/own/kitchen/106_kit.jpg,stimuli/own/kitchen/123_kit.jpg,NaN,NaN,NaN,NaN,NaN,NaN,NaN,NaN,0,404,404,172,7475.94763275,NaN,NaN,NaN,NaN,NaN,NaN,NaN,,NaN,,7476.231328375,7476.395703541,7476.395703541,7476.395703541,7476.395703541,7476.395703541,7476.395703541,7476.395703541,7476.395703541,7476.395703541,7487.349191208,7,-7,7,3,10.5586530410001,6,2.42999545800012,7475.945708625,7475.94763275,7476.395703541,7476.231316541,NaN,NaN,NaN,NaN,,NaN,,7475.942224541,7475.945662291,None,NaN,NaN,,NaN,NaN,NaN,NaN,NaN,NaN,NaN,11,kitchen,1,2024-04-06_10h17.33.664,image_similarity_rating,2023.2.3,None,2024-04-06 10h17.46.441618 +0200
,106,118,168,168,stimuli/own/kitchen/106_kit.jpg,stimuli/own/kitchen/118_kit.jpg,NaN,NaN,NaN,NaN,NaN,NaN,NaN,NaN,0,405,405,167,7487.359285,NaN,NaN,NaN,NaN,NaN,NaN,NaN,,NaN,,7487.643807333,7487.812519416,7487.812519416,7487.812519416,7487.812519416,7487.812519416,7487.812519416,7487.812519416,7487.812519416,7487.812519416,7496.058137791,7,-7,7,2,7.14602995899986,5,4.26940895899952,7487.352848541,7487.359285,7487.812519416,7487.643790083,NaN,NaN,NaN,NaN,,NaN,,7487.349405958,7487.35280225,None,NaN,NaN,,NaN,NaN,NaN,NaN,NaN,NaN,NaN,11,kitchen,1,2024-04-06_10h17.33.664,image_similarity_rating,2023.2.3,None,2024-04-06 10h17.46.441618 +0200
,105,132,152,152,stimuli/own/kitchen/105_kit.jpg,stimuli/own/kitchen/132_kit.jpg,NaN,NaN,NaN,NaN,NaN,NaN,NaN,NaN,0,406,406,151,7496.063624041,NaN,NaN,NaN,NaN,NaN,NaN,NaN,,NaN,,7496.347746708,7496.510481083,7496.510481083,7496.510481083,7496.510481083,7496.510481083,7496.510481083,7496.510481083,7496.510481083,7496.510481083,7508.2746885,7,-7,7,4,6.99987562500064,2,9.60282941700007,7496.0618445,7496.063624041,7496.510481083,7496.34773325,NaN,NaN,NaN,NaN,,NaN,,7496.058370041,7496.061795375,None,NaN,NaN,,NaN,NaN,NaN,NaN,NaN,NaN,NaN,11,kitchen,1,2024-04-06_10h17.33.664,image_similarity_rating,2023.2.3,None,2024-04-06 10h17.46.441618 +0200
,104,131,121,615,stimuli/own/kitchen/104_kit.jpg,stimuli/own/kitchen/131_kit.jpg,NaN,NaN,NaN,NaN,NaN,NaN,NaN,NaN,0,407,407,614,7508.28015025,NaN,NaN,NaN,NaN,NaN,NaN,NaN,,NaN,,7508.564500541,7508.728631291,7508.728631291,7508.728631291,7508.728631291,7508.728631291,7508.728631291,7508.728631291,7508.728631291,7508.728631291,7520.396438208,7,-7,7,2,11.3999250409997,4,5.88882516600006,7508.278412333,7508.28015025,7508.728631291,7508.564487458,NaN,NaN,NaN,NaN,,NaN,,7508.274935041,7508.278365458,None,NaN,NaN,,NaN,NaN,NaN,NaN,NaN,NaN,NaN,11,kitchen,1,2024-04-06_10h17.33.664,image_similarity_rating,2023.2.3,None,2024-04-06 10h17.46.441618 +0200
,112,131,261,261,stimuli/own/kitchen/112_kit.jpg,stimuli/own/kitchen/131_kit.jpg,NaN,NaN,NaN,NaN,NaN,NaN,NaN,NaN,0,408,408,260,7520.409075708,NaN,NaN,NaN,NaN,NaN,NaN,NaN,,NaN,,7520.69368525,7520.856969375,7520.856969375,7520.856969375,7520.856969375,7520.856969375,7520.856969375,7520.856969375,7520.856969375,7520.856969375,7533.394749083,-7,7,7,2,8.27705812500062,3,11.9410146660002,7520.400243416,7520.409075708,7520.856969375,7520.693675,NaN,NaN,NaN,NaN,,NaN,,7520.396653666,7520.400196625,None,NaN,NaN,,NaN,NaN,NaN,NaN,NaN,NaN,NaN,11,kitchen,1,2024-04-06_10h17.33.664,image_similarity_rating,2023.2.3,None,2024-04-06 10h17.46.441618 +0200
,119,141,405,405,stimuli/own/kitchen/119_kit.jpg,stimuli/own/kitchen/141_kit.jpg,NaN,NaN,NaN,NaN,NaN,NaN,NaN,NaN,0,409,409,404,7533.400294541,NaN,NaN,NaN,NaN,NaN,NaN,NaN,,NaN,,7533.693670708,7533.863516125,7533.863516125,7533.863516125,7533.863516125,7533.863516125,7533.863516125,7533.863516125,7533.863516125,7533.863516125,7547.031857833,-7,7,7,5,12.8671676670001,5,2.68985604199952,7533.398494833,7533.400294541,7533.863516125,7533.693653625,NaN,NaN,NaN,NaN,,NaN,,7533.394965041,7533.398448208,None,NaN,NaN,,NaN,NaN,NaN,NaN,NaN,NaN,NaN,11,kitchen,1,2024-04-06_10h17.33.664,image_similarity_rating,2023.2.3,None,2024-04-06 10h17.46.441618 +0200
,119,126,392,392,stimuli/own/kitchen/119_kit.jpg,stimuli/own/kitchen/126_kit.jpg,NaN,NaN,NaN,NaN,NaN,NaN,NaN,NaN,0,410,410,391,7547.042487583,NaN,NaN,NaN,NaN,NaN,NaN,NaN,,NaN,,7547.326688666,7547.49004625,7547.49004625,7547.49004625,7547.49004625,7547.49004625,7547.49004625,7547.49004625,7547.49004625,7547.49004625,7563.815137041,7,-7,7,5,8.62882720899961,6,15.2328293749997,7547.035640958,7547.042487583,7547.49004625,7547.326674875,NaN,NaN,NaN,NaN,,NaN,,7547.032077083,7547.035594375,None,NaN,NaN,,NaN,NaN,NaN,NaN,NaN,NaN,NaN,11,kitchen,1,2024-04-06_10h17.33.664,image_similarity_rating,2023.2.3,None,2024-04-06 10h17.46.441618 +0200
,120,139,422,422,stimuli/own/kitchen/120_kit.jpg,stimuli/own/kitchen/139_kit.jpg,NaN,NaN,NaN,NaN,NaN,NaN,NaN,NaN,0,411,411,421,7563.825671375,NaN,NaN,NaN,NaN,NaN,NaN,NaN,,NaN,,7564.110276125,7564.275417,7564.275417,7564.275417,7564.275417,7564.275417,7564.275417,7564.275417,7564.275417,7564.275417,7581.274496708,7,-7,7,4,8.04079983400061,4,15.8370605,7563.818908083,7563.825671375,7564.275417,7564.110256958,NaN,NaN,NaN,NaN,,NaN,,7563.815356833,7563.81886125,None,NaN,NaN,,NaN,NaN,NaN,NaN,NaN,NaN,NaN,11,kitchen,1,2024-04-06_10h17.33.664,image_similarity_rating,2023.2.3,None,2024-04-06 10h17.46.441618 +0200
,103,104,68,68,stimuli/own/kitchen/103_kit.jpg,stimuli/own/kitchen/104_kit.jpg,NaN,NaN,NaN,NaN,NaN,NaN,NaN,NaN,0,412,412,67,7581.280066541,NaN,NaN,NaN,NaN,NaN,NaN,NaN,,NaN,,7581.5641335,7581.729661791,7581.729661791,7581.729661791,7581.729661791,7581.729661791,7581.729661791,7581.729661791,7581.729661791,7581.729661791,7598.198356666,7,-7,7,6,13.4620904170006,5,15.7141620409993,7581.278293041,7581.280066541,7581.729661791,7581.564121041,NaN,NaN,NaN,NaN,,NaN,,7581.274734041,7581.278246791,None,NaN,NaN,,NaN,NaN,NaN,NaN,NaN,NaN,NaN,11,kitchen,1,2024-04-06_10h17.33.664,image_similarity_rating,2023.2.3,None,2024-04-06 10h17.46.441618 +0200
,125,127,492,492,stimuli/own/kitchen/125_kit.jpg,stimuli/own/kitchen/127_kit.jpg,NaN,NaN,NaN,NaN,NaN,NaN,NaN,NaN,0,413,413,491,7598.2087605,NaN,NaN,NaN,NaN,NaN,NaN,NaN,,NaN,,7598.493271083,7598.664448875,7598.664448875,7598.664448875,7598.664448875,7598.664448875,7598.664448875,7598.664448875,7598.664448875,7598.664448875,7608.965724291,7,-7,7,5,9.82552991699959,7,3.45013933399969,7598.2021165,7598.2087605,7598.664448875,7598.493248375,NaN,NaN,NaN,NaN,,NaN,,7598.198571666,7598.202069666,None,NaN,NaN,,NaN,NaN,NaN,NaN,NaN,NaN,NaN,11,kitchen,1,2024-04-06_10h17.33.664,image_similarity_rating,2023.2.3,None,2024-04-06 10h17.46.441618 +0200
,134,136,569,569,stimuli/own/kitchen/134_kit.jpg,stimuli/own/kitchen/136_kit.jpg,NaN,NaN,NaN,NaN,NaN,NaN,NaN,NaN,0,414,414,568,7608.975542,NaN,NaN,NaN,NaN,NaN,NaN,NaN,,NaN,,7609.260029333,7609.424695916,7609.424695916,7609.424695916,7609.424695916,7609.424695916,7609.424695916,7609.424695916,7609.424695916,7609.424695916,7620.781786875,7,-7,7,6,8.42013504200077,7,4.25092854099967,7608.969373916,7608.975542,7609.424695916,7609.26001325,NaN,NaN,NaN,NaN,,NaN,,7608.965943375,7608.969327833,None,NaN,NaN,,NaN,NaN,NaN,NaN,NaN,NaN,NaN,11,kitchen,1,2024-04-06_10h17.33.664,image_similarity_rating,2023.2.3,None,2024-04-06 10h17.46.441618 +0200
,104,123,114,114,stimuli/own/kitchen/104_kit.jpg,stimuli/own/kitchen/123_kit.jpg,NaN,NaN,NaN,NaN,NaN,NaN,NaN,NaN,0,415,415,113,7620.792072666,NaN,NaN,NaN,NaN,NaN,NaN,NaN,,NaN,,7621.076738291,7621.242028166,7621.242028166,7621.242028166,7621.242028166,7621.242028166,7621.242028166,7621.242028166,7621.242028166,7621.242028166,7638.065689291,7,-7,7,2,7.68853558299998,7,15.7066770000001,7620.785445583,7620.792072666,7621.242028166,7621.0767225,NaN,NaN,NaN,NaN,,NaN,,7620.782007208,7620.785399333,None,NaN,NaN,,NaN,NaN,NaN,NaN,NaN,NaN,NaN,11,kitchen,1,2024-04-06_10h17.33.664,image_similarity_rating,2023.2.3,None,2024-04-06 10h17.46.441618 +0200
,137,141,589,589,stimuli/own/kitchen/137_kit.jpg,stimuli/own/kitchen/141_kit.jpg,NaN,NaN,NaN,NaN,NaN,NaN,NaN,NaN,0,416,416,588,7638.075270458,NaN,NaN,NaN,NaN,NaN,NaN,NaN,,NaN,,7638.359876375,7638.531403333,7638.531403333,7638.531403333,7638.531403333,7638.531403333,7638.531403333,7638.531403333,7638.531403333,7638.531403333,7650.311175083,7,-7,7,6,8.50467058400045,5,2.83314625000003,7638.069353416,7638.075270458,7638.531403333,7638.359859458,NaN,NaN,NaN,NaN,,NaN,,7638.06591175,7638.069306916,None,NaN,NaN,,NaN,NaN,NaN,NaN,NaN,NaN,NaN,11,kitchen,1,2024-04-06_10h17.33.664,image_similarity_rating,2023.2.3,None,2024-04-06 10h17.46.441618 +0200
,111,137,240,240,stimuli/own/kitchen/111_kit.jpg,stimuli/own/kitchen/137_kit.jpg,NaN,NaN,NaN,NaN,NaN,NaN,NaN,NaN,0,417,417,239,7650.316896041,NaN,NaN,NaN,NaN,NaN,NaN,NaN,,NaN,,7650.610009041,7650.774686291,7650.774686291,7650.774686291,7650.774686291,7650.774686291,7650.774686291,7650.774686291,7650.774686291,7650.774686291,7659.927645375,-7,7,7,5,3.08850516700022,6,6.20670179199988,7650.314960333,7650.316896041,7650.774686291,7650.609993416,NaN,NaN,NaN,NaN,,NaN,,7650.311391583,7650.314913916,None,NaN,NaN,,NaN,NaN,NaN,NaN,NaN,NaN,NaN,11,kitchen,1,2024-04-06_10h17.33.664,image_similarity_rating,2023.2.3,None,2024-04-06 10h17.46.441618 +0200
,103,132,91,91,stimuli/own/kitchen/103_kit.jpg,stimuli/own/kitchen/132_kit.jpg,NaN,NaN,NaN,NaN,NaN,NaN,NaN,NaN,0,418,418,90,7659.933226916,NaN,NaN,NaN,NaN,NaN,NaN,NaN,,NaN,,7660.226532,7660.391577166,7660.391577166,7660.391577166,7660.391577166,7660.391577166,7660.391577166,7660.391577166,7660.391577166,7660.391577166,7671.669857708,7,-7,7,3,5.16147666699999,2,10.9070184579996,7659.931305375,7659.933226916,7660.391577166,7660.226513958,NaN,NaN,NaN,NaN,,NaN,,7659.927862791,7659.931258708,None,NaN,NaN,,NaN,NaN,NaN,NaN,NaN,NaN,NaN,11,kitchen,1,2024-04-06_10h17.33.664,image_similarity_rating,2023.2.3,None,2024-04-06 10h17.46.441618 +0200
,121,122,425,425,stimuli/own/kitchen/121_kit.jpg,stimuli/own/kitchen/122_kit.jpg,NaN,NaN,NaN,NaN,NaN,NaN,NaN,NaN,0,419,419,424,7671.691900083,NaN,NaN,NaN,NaN,NaN,NaN,NaN,,NaN,,7671.975933708,7672.141539833,7672.141539833,7672.141539833,7672.141539833,7672.141539833,7672.141539833,7672.141539833,7672.141539833,7672.141539833,7687.973817125,7,-7,7,2,13.100982125,1,15.2751692910006,7671.673497833,7671.691900083,NaN,7671.975910583,NaN,NaN,NaN,NaN,,NaN,,7671.670073791,7671.673451541,None,NaN,NaN,,NaN,NaN,NaN,NaN,NaN,NaN,NaN,11,kitchen,1,2024-04-06_10h17.33.664,image_similarity_rating,2023.2.3,None,2024-04-06 10h17.46.441618 +0200
,112,138,267,267,stimuli/own/kitchen/112_kit.jpg,stimuli/own/kitchen/138_kit.jpg,NaN,NaN,NaN,NaN,NaN,NaN,NaN,NaN,0,420,420,266,7687.979534125,NaN,NaN,NaN,NaN,NaN,NaN,NaN,,NaN,,7688.264279416,7688.428314958,7688.428314958,7688.428314958,7688.428314958,7688.428314958,7688.428314958,7688.428314958,7688.428314958,7688.428314958,7698.002654625,-7,7,7,5,3.79087429099945,6,6.77431237500059,7687.97751975,7687.979534125,7688.428314958,7688.264265041,NaN,NaN,NaN,NaN,,NaN,,7687.974044208,7687.977473583,None,NaN,NaN,,NaN,NaN,NaN,NaN,NaN,NaN,NaN,11,kitchen,1,2024-04-06_10h17.33.664,image_similarity_rating,2023.2.3,None,2024-04-06 10h17.46.441618 +0200
,113,131,286,286,stimuli/own/kitchen/113_kit.jpg,stimuli/own/kitchen/131_kit.jpg,NaN,NaN,NaN,NaN,NaN,NaN,NaN,NaN,0,421,421,285,7698.008544875,NaN,NaN,NaN,NaN,NaN,NaN,NaN,,NaN,,7698.293231375,7698.462076916,7698.462076916,7698.462076916,7698.462076916,7698.462076916,7698.462076916,7698.462076916,7698.462076916,7698.462076916,7709.265046791,7,-7,7,1,10.0012059580004,1,3.11292475000027,7698.006311666,7698.008544875,7698.462076916,7698.293214125,NaN,NaN,NaN,NaN,,NaN,,7698.002872666,7698.00626525,None,NaN,NaN,,NaN,NaN,NaN,NaN,NaN,NaN,NaN,11,kitchen,1,2024-04-06_10h17.33.664,image_similarity_rating,2023.2.3,None,2024-04-06 10h17.46.441618 +0200
,103,137,95,95,stimuli/own/kitchen/103_kit.jpg,stimuli/own/kitchen/137_kit.jpg,NaN,NaN,NaN,NaN,NaN,NaN,NaN,NaN,0,422,422,94,7709.275216833,NaN,NaN,NaN,NaN,NaN,NaN,NaN,,NaN,,7709.559760291,7709.727995833,7709.727995833,7709.727995833,7709.727995833,7709.727995833,7709.727995833,7709.727995833,7709.727995833,7709.727995833,7720.994508833,-7,7,7,6,7.56228850000025,5,10.3469420420006,7709.268791083,7709.275216833,7709.727995833,7709.559741916,NaN,NaN,NaN,NaN,,NaN,,7709.265265791,7709.268744625,None,NaN,NaN,,NaN,NaN,NaN,NaN,NaN,NaN,NaN,11,kitchen,1,2024-04-06_10h17.33.664,image_similarity_rating,2023.2.3,None,2024-04-06 10h17.46.441618 +0200
,131,132,551,551,stimuli/own/kitchen/131_kit.jpg,stimuli/own/kitchen/132_kit.jpg,NaN,NaN,NaN,NaN,NaN,NaN,NaN,NaN,0,423,423,550,7721.000254375,NaN,NaN,NaN,NaN,NaN,NaN,NaN,,NaN,,7721.293152375,7721.460134,7721.460134,7721.460134,7721.460134,7721.460134,7721.460134,7721.460134,7721.460134,7721.460134,7730.5440235,7,-7,7,2,7.49685579200013,3,4.01185258399983,7720.998164208,7721.000254375,7721.460134,7721.2931315,NaN,NaN,NaN,NaN,,NaN,,7720.994725375,7720.998117916,None,NaN,NaN,,NaN,NaN,NaN,NaN,NaN,NaN,NaN,11,kitchen,1,2024-04-06_10h17.33.664,image_similarity_rating,2023.2.3,None,2024-04-06 10h17.46.441618 +0200
,104,127,118,118,stimuli/own/kitchen/104_kit.jpg,stimuli/own/kitchen/127_kit.jpg,NaN,NaN,NaN,NaN,NaN,NaN,NaN,NaN,0,424,424,117,7730.549602375,NaN,NaN,NaN,NaN,NaN,NaN,NaN,,NaN,,7730.842964583,7731.01307525,7731.01307525,7731.01307525,7731.01307525,7731.01307525,7731.01307525,7731.01307525,7731.01307525,7731.01307525,7745.344192708,7,-7,7,5,8.15575741700013,6,12.6568991250006,7730.547661583,7730.549602375,7731.01307525,7730.84294925,NaN,NaN,NaN,NaN,,NaN,,7730.544240125,7730.547615458,None,NaN,NaN,,NaN,NaN,NaN,NaN,NaN,NaN,NaN,11,kitchen,1,2024-04-06_10h17.33.664,image_similarity_rating,2023.2.3,None,2024-04-06 10h17.46.441618 +0200
,125,129,493,493,stimuli/own/kitchen/125_kit.jpg,stimuli/own/kitchen/129_kit.jpg,NaN,NaN,NaN,NaN,NaN,NaN,NaN,NaN,0,425,425,492,7745.349618375,NaN,NaN,NaN,NaN,NaN,NaN,NaN,,NaN,,7745.642981791,7745.812047541,7745.812047541,7745.812047541,7745.812047541,7745.812047541,7745.812047541,7745.812047541,7745.812047541,7745.812047541,7752.540502125,7,-7,7,1,2.42293520900057,3,6.06714450000072,7745.347852541,7745.349618375,7745.812047541,7745.642957791,NaN,NaN,NaN,NaN,,NaN,,7745.344410166,7745.347806125,None,NaN,NaN,,NaN,NaN,NaN,NaN,NaN,NaN,NaN,11,kitchen,1,2024-04-06_10h17.33.664,image_similarity_rating,2023.2.3,None,2024-04-06 10h17.46.441618 +0200
,120,137,420,420,stimuli/own/kitchen/120_kit.jpg,stimuli/own/kitchen/137_kit.jpg,NaN,NaN,NaN,NaN,NaN,NaN,NaN,NaN,0,426,426,419,7752.546103166,NaN,NaN,NaN,NaN,NaN,NaN,NaN,,NaN,,7752.830120333,7752.993651666,7752.993651666,7752.993651666,7752.993651666,7752.993651666,7752.993651666,7752.993651666,7752.993651666,7752.993651666,7765.460655958,-7,7,7,3,7.17805279099957,7,10.85250025,7752.544319666,7752.546103166,7752.993651666,7752.830108375,NaN,NaN,NaN,NaN,,NaN,,7752.54074925,7752.54427375,None,NaN,NaN,,NaN,NaN,NaN,NaN,NaN,NaN,NaN,11,kitchen,1,2024-04-06_10h17.33.664,image_similarity_rating,2023.2.3,None,2024-04-06 10h17.46.441618 +0200
,123,131,466,466,stimuli/own/kitchen/123_kit.jpg,stimuli/own/kitchen/131_kit.jpg,NaN,NaN,NaN,NaN,NaN,NaN,NaN,NaN,0,427,427,465,7765.466306083,NaN,NaN,NaN,NaN,NaN,NaN,NaN,,NaN,,7765.759901541,7765.924488541,7765.924488541,7765.924488541,7765.924488541,7765.924488541,7765.924488541,7765.924488541,7765.924488541,7765.924488541,7778.453189333,-7,7,7,2,9.45944566700018,3,5.31422079200001,7765.464305083,7765.466306083,7765.924488541,7765.759886708,NaN,NaN,NaN,NaN,,NaN,,7765.460873416,7765.464259458,None,NaN,NaN,,NaN,NaN,NaN,NaN,NaN,NaN,NaN,11,kitchen,1,2024-04-06_10h17.33.664,image_similarity_rating,2023.2.3,None,2024-04-06 10h17.46.441618 +0200
,111,130,234,234,stimuli/own/kitchen/111_kit.jpg,stimuli/own/kitchen/130_kit.jpg,NaN,NaN,NaN,NaN,NaN,NaN,NaN,NaN,0,428,428,233,7778.474866125,NaN,NaN,NaN,NaN,NaN,NaN,NaN,,NaN,,7778.759068916,7778.931104333,7778.931104333,7778.931104333,7778.931104333,7778.931104333,7778.931104333,7778.931104333,7778.931104333,7778.931104333,7789.685862958,7,-7,7,3,4.16693333300009,5,9.53140291700038,7778.456846166,7778.474866125,NaN,7778.759048208,NaN,NaN,NaN,NaN,,NaN,,7778.453412291,7778.456799583,None,NaN,NaN,,NaN,NaN,NaN,NaN,NaN,NaN,NaN,11,kitchen,1,2024-04-06_10h17.33.664,image_similarity_rating,2023.2.3,None,2024-04-06 10h17.46.441618 +0200
,117,138,361,361,stimuli/own/kitchen/117_kit.jpg,stimuli/own/kitchen/138_kit.jpg,NaN,NaN,NaN,NaN,NaN,NaN,NaN,NaN,0,429,429,360,7789.708379458,NaN,NaN,NaN,NaN,NaN,NaN,NaN,,NaN,,7789.992374625,7790.159074666,7790.159074666,7790.159074666,7790.159074666,7790.159074666,7790.159074666,7790.159074666,7790.159074666,7790.159074666,7801.760513666,-7,7,7,6,5.63566274999903,3,10.6894876669994,7789.689886,7789.708379458,NaN,7789.992353875,NaN,NaN,NaN,NaN,,NaN,,7789.686081416,7789.689836875,None,NaN,NaN,,NaN,NaN,NaN,NaN,NaN,NaN,NaN,11,kitchen,1,2024-04-06_10h17.33.664,image_similarity_rating,2023.2.3,None,2024-04-06 10h17.46.441618 +0200
,101,119,14,14,stimuli/own/kitchen/101_kit.jpg,stimuli/own/kitchen/119_kit.jpg,NaN,NaN,NaN,NaN,NaN,NaN,NaN,NaN,0,430,430,13,7801.766158791,NaN,NaN,NaN,NaN,NaN,NaN,NaN,,NaN,,7802.05944925,7802.227702458,7802.227702458,7802.227702458,7802.227702458,7802.227702458,7802.227702458,7802.227702458,7802.227702458,7802.227702458,7819.231159666,7,-7,7,6,16.1299441249994,7,4.20550616699984,7801.764161208,7801.766158791,7802.227702458,7802.059431541,NaN,NaN,NaN,NaN,,NaN,,7801.76072975,7801.764115375,None,NaN,NaN,,NaN,NaN,NaN,NaN,NaN,NaN,NaN,11,kitchen,1,2024-04-06_10h17.33.664,image_similarity_rating,2023.2.3,None,2024-04-06 10h17.46.441618 +0200
,119,136,400,400,stimuli/own/kitchen/119_kit.jpg,stimuli/own/kitchen/136_kit.jpg,NaN,NaN,NaN,NaN,NaN,NaN,NaN,NaN,0,431,431,399,7819.241502416,NaN,NaN,NaN,NaN,NaN,NaN,NaN,,NaN,,7819.525960291,7819.69547425,7819.69547425,7819.69547425,7819.69547425,7819.69547425,7819.69547425,7819.69547425,7819.69547425,7819.69547425,7826.943884333,7,-7,7,4,3.92271433400128,3,6.81208024999978,7819.234811625,7819.241502416,7819.69547425,7819.525939041,NaN,NaN,NaN,NaN,,NaN,,7819.23137575,7819.234765333,None,NaN,NaN,,NaN,NaN,NaN,NaN,NaN,NaN,NaN,11,kitchen,1,2024-04-06_10h17.33.664,image_similarity_rating,2023.2.3,None,2024-04-06 10h17.46.441618 +0200
,106,127,177,177,stimuli/own/kitchen/106_kit.jpg,stimuli/own/kitchen/127_kit.jpg,NaN,NaN,NaN,NaN,NaN,NaN,NaN,NaN,0,432,432,176,7826.949465916,NaN,NaN,NaN,NaN,NaN,NaN,NaN,,NaN,,7827.242220708,7827.406727041,7827.406727041,7827.406727041,7827.406727041,7827.406727041,7827.406727041,7827.406727041,7827.406727041,7827.406727041,7833.668761625,7,-7,7,1,3.62809274999927,1,5.65338166600122,7826.947535125,7826.949465916,7827.406727041,7827.242205916,NaN,NaN,NaN,NaN,,NaN,,7826.944102166,7826.947489,None,NaN,NaN,,NaN,NaN,NaN,NaN,NaN,NaN,NaN,11,kitchen,1,2024-04-06_10h17.33.664,image_similarity_rating,2023.2.3,None,2024-04-06 10h17.46.441618 +0200
,127,131,520,520,stimuli/own/kitchen/127_kit.jpg,stimuli/own/kitchen/131_kit.jpg,NaN,NaN,NaN,NaN,NaN,NaN,NaN,NaN,0,433,433,519,7833.674316541,NaN,NaN,NaN,NaN,NaN,NaN,NaN,,NaN,,7833.9593705,7834.125477083,7834.125477083,7834.125477083,7834.125477083,7834.125477083,7834.125477083,7834.125477083,7834.125477083,7834.125477083,7841.094707458,-7,7,7,1,3.51401716699911,1,4.55630704200121,7833.672535208,7833.674316541,7834.125477083,7833.9593495,NaN,NaN,NaN,NaN,,NaN,,7833.668981666,7833.672488708,None,NaN,NaN,,NaN,NaN,NaN,NaN,NaN,NaN,NaN,11,kitchen,1,2024-04-06_10h17.33.664,image_similarity_rating,2023.2.3,None,2024-04-06 10h17.46.441618 +0200
,109,127,205,205,stimuli/own/kitchen/109_kit.jpg,stimuli/own/kitchen/127_kit.jpg,NaN,NaN,NaN,NaN,NaN,NaN,NaN,NaN,0,434,434,204,7841.100277833,NaN,NaN,NaN,NaN,NaN,NaN,NaN,,NaN,,7841.392797541,7841.564336333,7841.564336333,7841.564336333,7841.564336333,7841.564336333,7841.564336333,7841.564336333,7841.564336333,7841.564336333,7853.039994083,7,-7,7,1,7.47104829199998,1,10.1142581250006,7841.0983535,7841.100277833,7841.564336333,7841.392771791,NaN,NaN,NaN,NaN,,NaN,,7841.094928166,7841.098306916,None,NaN,NaN,,NaN,NaN,NaN,NaN,NaN,NaN,NaN,11,kitchen,1,2024-04-06_10h17.33.664,image_similarity_rating,2023.2.3,None,2024-04-06 10h17.46.441618 +0200
,114,121,301,301,stimuli/own/kitchen/114_kit.jpg,stimuli/own/kitchen/121_kit.jpg,NaN,NaN,NaN,NaN,NaN,NaN,NaN,NaN,0,435,435,300,7853.045710041,NaN,NaN,NaN,NaN,NaN,NaN,NaN,,NaN,,7853.32965375,7853.492168166,7853.492168166,7853.492168166,7853.492168166,7853.492168166,7853.492168166,7853.492168166,7853.492168166,7853.492168166,7859.686083958,7,-7,7,2,5.10467883400088,1,2.74830775000009,7853.043681083,7853.045710041,7853.492168166,7853.32963725,NaN,NaN,NaN,NaN,,NaN,,7853.040211083,7853.043632,None,NaN,NaN,,NaN,NaN,NaN,NaN,NaN,NaN,NaN,11,kitchen,1,2024-04-06_10h17.33.664,image_similarity_rating,2023.2.3,None,2024-04-06 10h17.46.441618 +0200
,101,140,33,33,stimuli/own/kitchen/101_kit.jpg,stimuli/own/kitchen/140_kit.jpg,NaN,NaN,NaN,NaN,NaN,NaN,NaN,NaN,0,436,436,32,7859.708144541,NaN,NaN,NaN,NaN,NaN,NaN,NaN,,NaN,,7859.992180416,7860.15638425,7860.15638425,7860.15638425,7860.15638425,7860.15638425,7860.15638425,7860.15638425,7860.15638425,7860.15638425,7875.935383125,7,-7,7,5,14.2349181659993,4,7.35168254200107,7859.689725583,7859.708144541,NaN,7859.992162541,NaN,NaN,NaN,NaN,,NaN,,7859.686299291,7859.689679166,None,NaN,NaN,,NaN,NaN,NaN,NaN,NaN,NaN,NaN,11,kitchen,1,2024-04-06_10h17.33.664,image_similarity_rating,2023.2.3,None,2024-04-06 10h17.46.441618 +0200
,114,117,297,297,stimuli/own/kitchen/114_kit.jpg,stimuli/own/kitchen/117_kit.jpg,NaN,NaN,NaN,NaN,NaN,NaN,NaN,NaN,0,437,437,296,7875.941091333,NaN,NaN,NaN,NaN,NaN,NaN,NaN,,NaN,,7876.225822583,7876.389703791,7876.389703791,7876.389703791,7876.389703791,7876.389703791,7876.389703791,7876.389703791,7876.389703791,7876.389703791,7885.060564625,-7,7,7,6,5.3500203750009,6,8.23305370800153,7875.93914575,7875.941091333,7876.389703791,7876.225807041,NaN,NaN,NaN,NaN,,NaN,,7875.935599,7875.939098708,None,NaN,NaN,,NaN,NaN,NaN,NaN,NaN,NaN,NaN,11,kitchen,1,2024-04-06_10h17.33.664,image_similarity_rating,2023.2.3,None,2024-04-06 10h17.46.441618 +0200
,124,141,490,490,stimuli/own/kitchen/124_kit.jpg,stimuli/own/kitchen/141_kit.jpg,NaN,NaN,NaN,NaN,NaN,NaN,NaN,NaN,0,438,438,489,7885.066137958,NaN,NaN,NaN,NaN,NaN,NaN,NaN,,NaN,,7885.359717833,7885.524726958,7885.524726958,7885.524726958,7885.524726958,7885.524726958,7885.524726958,7885.524726958,7885.524726958,7885.524726958,7897.423248916,-7,7,7,5,7.3098487089992,6,5.78959795899937,7885.064215541,7885.066137958,7885.524726958,7885.359702875,NaN,NaN,NaN,NaN,,NaN,,7885.060783958,7885.064169666,None,NaN,NaN,,NaN,NaN,NaN,NaN,NaN,NaN,NaN,11,kitchen,1,2024-04-06_10h17.33.664,image_similarity_rating,2023.2.3,None,2024-04-06 10h17.46.441618 +0200
,123,135,469,469,stimuli/own/kitchen/123_kit.jpg,stimuli/own/kitchen/135_kit.jpg,NaN,NaN,NaN,NaN,NaN,NaN,NaN,NaN,0,439,439,468,7897.428885625,NaN,NaN,NaN,NaN,NaN,NaN,NaN,,NaN,,7897.713266666,7897.879073125,7897.879073125,7897.879073125,7897.879073125,7897.879073125,7897.879073125,7897.879073125,7897.879073125,7897.879073125,7906.580624791,7,-7,7,3,7.71250725000027,2,2.55372345899923,7897.426965083,7897.428885625,7897.879073125,7897.713253375,NaN,NaN,NaN,NaN,,NaN,,7897.423491666,7897.426918333,None,NaN,NaN,,NaN,NaN,NaN,NaN,NaN,NaN,NaN,11,kitchen,1,2024-04-06_10h17.33.664,image_similarity_rating,2023.2.3,None,2024-04-06 10h17.46.441618 +0200
,101,117,12,12,stimuli/own/kitchen/101_kit.jpg,stimuli/own/kitchen/117_kit.jpg,NaN,NaN,NaN,NaN,NaN,NaN,NaN,NaN,0,440,440,11,7906.590958375,NaN,NaN,NaN,NaN,NaN,NaN,NaN,,NaN,,7906.875698916,7907.043535625,7907.043535625,7907.043535625,7907.043535625,7907.043535625,7907.043535625,7907.043535625,7907.043535625,7907.043535625,7919.968990708,7,-7,7,5,6.87082283400014,5,11.6487527499994,7906.584424458,7906.590958375,7907.043535625,7906.875681291,NaN,NaN,NaN,NaN,,NaN,,7906.580849958,7906.584377166,None,NaN,NaN,,NaN,NaN,NaN,NaN,NaN,NaN,NaN,11,kitchen,1,2024-04-06_10h17.33.664,image_similarity_rating,2023.2.3,None,2024-04-06 10h17.46.441618 +0200
,124,132,482,482,stimuli/own/kitchen/124_kit.jpg,stimuli/own/kitchen/132_kit.jpg,NaN,NaN,NaN,NaN,NaN,NaN,NaN,NaN,0,441,441,481,7919.991035833,NaN,NaN,NaN,NaN,NaN,NaN,NaN,,NaN,,8096.991486041,8097.16602575,8097.16602575,8097.16602575,8097.16602575,8097.16602575,8097.16602575,8097.16602575,8097.16602575,8097.16602575,8108.17220925,7,-7,8,6,10.1475972919998,6,2.79696825000065,8096.694497666,8096.698066625,8097.16602575,8096.991468375,NaN,NaN,NaN,NaN,,NaN,,7919.96921,8096.69364775,space,7919.991035833,176.702377915999,None,NaN,NaN,NaN,NaN,NaN,NaN,NaN,11,kitchen,1,2024-04-06_10h17.33.664,image_similarity_rating,2023.2.3,None,2024-04-06 10h17.46.441618 +0200
,104,111,103,103,stimuli/own/kitchen/104_kit.jpg,stimuli/own/kitchen/111_kit.jpg,NaN,NaN,NaN,NaN,NaN,NaN,NaN,NaN,0,442,442,102,8108.178534041,NaN,NaN,NaN,NaN,NaN,NaN,NaN,,NaN,,8108.462462666,8108.627940916,8108.627940916,8108.627940916,8108.627940916,8108.627940916,8108.627940916,8108.627940916,8108.627940916,8108.627940916,8114.738968916,-7,7,8,5,5.72385029200086,5,2.62758716699864,8108.176595291,8108.178534041,8108.627940916,8108.462446916,NaN,NaN,NaN,NaN,,NaN,,8108.172426375,8108.176547541,None,NaN,NaN,,NaN,NaN,NaN,NaN,NaN,NaN,NaN,11,kitchen,1,2024-04-06_10h17.33.664,image_similarity_rating,2023.2.3,None,2024-04-06 10h17.46.441618 +0200
,127,134,522,522,stimuli/own/kitchen/127_kit.jpg,stimuli/own/kitchen/134_kit.jpg,NaN,NaN,NaN,NaN,NaN,NaN,NaN,NaN,0,443,443,521,8114.744440958,NaN,NaN,NaN,NaN,NaN,NaN,NaN,,NaN,,8115.029009708,8115.196110125,8115.196110125,8115.196110125,8115.196110125,8115.196110125,8115.196110125,8115.196110125,8115.196110125,8115.196110125,8124.592648916,-7,7,8,6,8.95647483399989,7,4.29172387499966,8114.742655125,8114.744440958,8115.196110125,8115.028996166,NaN,NaN,NaN,NaN,,NaN,,8114.739202875,8114.742608625,None,NaN,NaN,,NaN,NaN,NaN,NaN,NaN,NaN,NaN,11,kitchen,1,2024-04-06_10h17.33.664,image_similarity_rating,2023.2.3,None,2024-04-06 10h17.46.441618 +0200
,120,127,412,412,stimuli/own/kitchen/120_kit.jpg,stimuli/own/kitchen/127_kit.jpg,NaN,NaN,NaN,NaN,NaN,NaN,NaN,NaN,0,444,444,411,8124.598323375,NaN,NaN,NaN,NaN,NaN,NaN,NaN,,NaN,,8124.891365916,8125.055583875,8125.055583875,8125.055583875,8125.055583875,8125.055583875,8125.055583875,8125.055583875,8125.055583875,8125.055583875,8134.768633166,7,-7,8,1,2.62208804200054,2,9.20221433300139,8124.596401458,8124.598323375,8125.055583875,8124.8913425,NaN,NaN,NaN,NaN,,NaN,,8124.592867125,8124.596354875,None,NaN,NaN,,NaN,NaN,NaN,NaN,NaN,NaN,NaN,11,kitchen,1,2024-04-06_10h17.33.664,image_similarity_rating,2023.2.3,None,2024-04-06 10h17.46.441618 +0200
,101,141,34,34,stimuli/own/kitchen/101_kit.jpg,stimuli/own/kitchen/141_kit.jpg,NaN,NaN,NaN,NaN,NaN,NaN,NaN,NaN,0,445,445,33,8134.775005041,NaN,NaN,NaN,NaN,NaN,NaN,NaN,,NaN,,8135.058033708,8135.222405375,8135.222405375,8135.222405375,8135.222405375,8135.222405375,8135.222405375,8135.222405375,8135.222405375,8135.222405375,8144.026710416,7,-7,8,3,3.50847600000088,4,8.33851516699906,8134.772417541,8134.775005041,8135.222405375,8135.058019791,NaN,NaN,NaN,NaN,,NaN,,8134.768848625,8134.772361708,None,NaN,NaN,,NaN,NaN,NaN,NaN,NaN,NaN,NaN,11,kitchen,1,2024-04-06_10h17.33.664,image_similarity_rating,2023.2.3,None,2024-04-06 10h17.46.441618 +0200
,130,132,542,542,stimuli/own/kitchen/130_kit.jpg,stimuli/own/kitchen/132_kit.jpg,NaN,NaN,NaN,NaN,NaN,NaN,NaN,NaN,0,446,446,541,8144.040106541,NaN,NaN,NaN,NaN,NaN,NaN,NaN,,NaN,,8144.324694583,8144.49458,8144.49458,8144.49458,8144.49458,8144.49458,8144.49458,8144.49458,8144.49458,8144.49458,8157.08451125,-7,7,8,5,4.65965433400015,4,11.3402638749994,8144.030462583,8144.040106541,8144.49458,8144.324672375,NaN,NaN,NaN,NaN,,NaN,,8144.026932666,8144.030413458,None,NaN,NaN,,NaN,NaN,NaN,NaN,NaN,NaN,NaN,11,kitchen,1,2024-04-06_10h17.33.664,image_similarity_rating,2023.2.3,None,2024-04-06 10h17.46.441618 +0200
,134,139,572,572,stimuli/own/kitchen/134_kit.jpg,stimuli/own/kitchen/139_kit.jpg,NaN,NaN,NaN,NaN,NaN,NaN,NaN,NaN,0,447,447,571,8157.08993325,NaN,NaN,NaN,NaN,NaN,NaN,NaN,,NaN,,8157.374744958,8157.545543208,8157.545543208,8157.545543208,8157.545543208,8157.545543208,8157.545543208,8157.545543208,8157.545543208,8157.545543208,8170.630012708,7,-7,8,5,8.5371893749998,5,4.3773299580007,8157.088151666,8157.08993325,8157.545543208,8157.374727833,NaN,NaN,NaN,NaN,,NaN,,8157.084729083,8157.088105291,None,NaN,NaN,,NaN,NaN,NaN,NaN,NaN,NaN,NaN,11,kitchen,1,2024-04-06_10h17.33.664,image_similarity_rating,2023.2.3,None,2024-04-06 10h17.46.441618 +0200
,104,112,104,104,stimuli/own/kitchen/104_kit.jpg,stimuli/own/kitchen/112_kit.jpg,NaN,NaN,NaN,NaN,NaN,NaN,NaN,NaN,0,448,448,103,8170.639899333,NaN,NaN,NaN,NaN,NaN,NaN,NaN,,NaN,,8170.924492166,8171.090892083,8171.090892083,8171.090892083,8171.090892083,8171.090892083,8171.090892083,8171.090892083,8171.090892083,8171.090892083,8185.471897791,7,-7,8,5,7.49420070899941,3,12.8389984170008,8170.633651125,8170.639899333,8171.090892083,8170.924476541,NaN,NaN,NaN,NaN,,NaN,,8170.630231416,8170.633604666,None,NaN,NaN,,NaN,NaN,NaN,NaN,NaN,NaN,NaN,11,kitchen,1,2024-04-06_10h17.33.664,image_similarity_rating,2023.2.3,None,2024-04-06 10h17.46.441618 +0200
,111,116,221,221,stimuli/own/kitchen/111_kit.jpg,stimuli/own/kitchen/116_kit.jpg,NaN,NaN,NaN,NaN,NaN,NaN,NaN,NaN,0,449,449,220,8185.477375083,NaN,NaN,NaN,NaN,NaN,NaN,NaN,,NaN,,8185.762221333,8185.932592666,8185.932592666,8185.932592666,8185.932592666,8185.932592666,8185.932592666,8185.932592666,8185.932592666,8185.932592666,8199.58876275,7,-7,8,3,12.4217388750003,2,2.34926199999973,8185.475615541,8185.477375083,8185.932592666,8185.762206375,NaN,NaN,NaN,NaN,,NaN,,8185.4721165,8185.475567875,None,NaN,NaN,,NaN,NaN,NaN,NaN,NaN,NaN,NaN,11,kitchen,1,2024-04-06_10h17.33.664,image_similarity_rating,2023.2.3,None,2024-04-06 10h17.46.441618 +0200
,132,138,564,564,stimuli/own/kitchen/132_kit.jpg,stimuli/own/kitchen/138_kit.jpg,NaN,NaN,NaN,NaN,NaN,NaN,NaN,NaN,0,450,450,563,8199.594650583,NaN,NaN,NaN,NaN,NaN,NaN,NaN,,NaN,,8199.878829791,8200.046783208,8200.046783208,8200.046783208,8200.046783208,8200.046783208,8200.046783208,8200.046783208,8200.046783208,8200.046783208,8215.742257208,7,-7,8,2,10.8777154159998,1,14.3333134169989,8199.592828375,8199.594650583,8200.046783208,8199.878815125,NaN,NaN,NaN,NaN,,NaN,,8199.58900975,8199.59277775,None,NaN,NaN,,NaN,NaN,NaN,NaN,NaN,NaN,NaN,11,kitchen,1,2024-04-06_10h17.33.664,image_similarity_rating,2023.2.3,None,2024-04-06 10h17.46.441618 +0200
,101,113,9,9,stimuli/own/kitchen/101_kit.jpg,stimuli/own/kitchen/113_kit.jpg,NaN,NaN,NaN,NaN,NaN,NaN,NaN,NaN,0,451,451,8,8215.747834666,NaN,NaN,NaN,NaN,NaN,NaN,NaN,,NaN,,8216.041056291,8216.213360666,8216.213360666,8216.213360666,8216.213360666,8216.213360666,8216.213360666,8216.213360666,8216.213360666,8216.213360666,8226.155167916,7,-7,8,2,7.64958829199895,1,1.69091258300068,8215.745905666,8215.747834666,8216.213360666,8216.041038666,NaN,NaN,NaN,NaN,,NaN,,8215.742472375,8215.745860083,None,NaN,NaN,,NaN,NaN,NaN,NaN,NaN,NaN,NaN,11,kitchen,1,2024-04-06_10h17.33.664,image_similarity_rating,2023.2.3,None,2024-04-06 10h17.46.441618 +0200
,101,103,2,2,stimuli/own/kitchen/101_kit.jpg,stimuli/own/kitchen/103_kit.jpg,NaN,NaN,NaN,NaN,NaN,NaN,NaN,NaN,0,452,452,1,8226.160921416,NaN,NaN,NaN,NaN,NaN,NaN,NaN,,NaN,,8226.445281208,8226.612970791,8226.612970791,8226.612970791,8226.612970791,8226.612970791,8226.612970791,8226.612970791,8226.612970791,8226.612970791,8236.33829275,-7,7,8,3,9.03675770799964,5,5.15145725000002,8226.158975041,8226.160921416,8226.612970791,8226.445266458,NaN,NaN,NaN,NaN,,NaN,,8226.155395458,8226.15892875,None,NaN,NaN,,NaN,NaN,NaN,NaN,NaN,NaN,NaN,11,kitchen,1,2024-04-06_10h17.33.664,image_similarity_rating,2023.2.3,None,2024-04-06 10h17.46.441618 +0200
,112,114,246,246,stimuli/own/kitchen/112_kit.jpg,stimuli/own/kitchen/114_kit.jpg,NaN,NaN,NaN,NaN,NaN,NaN,NaN,NaN,0,453,453,245,8236.343762083,NaN,NaN,NaN,NaN,NaN,NaN,NaN,,NaN,,8236.628088416,8236.791123458,8236.791123458,8236.791123458,8236.791123458,8236.791123458,8236.791123458,8236.791123458,8236.791123458,8236.791123458,8249.055003583,-7,7,8,3,10.7612185830003,3,5.47620224999991,8236.342004541,8236.343762083,8236.791123458,8236.628075,NaN,NaN,NaN,NaN,,NaN,,8236.338515583,8236.341958291,None,NaN,NaN,,NaN,NaN,NaN,NaN,NaN,NaN,NaN,11,kitchen,1,2024-04-06_10h17.33.664,image_similarity_rating,2023.2.3,None,2024-04-06 10h17.46.441618 +0200
,119,137,401,401,stimuli/own/kitchen/119_kit.jpg,stimuli/own/kitchen/137_kit.jpg,NaN,NaN,NaN,NaN,NaN,NaN,NaN,NaN,0,454,454,400,8249.060489333,NaN,NaN,NaN,NaN,NaN,NaN,NaN,,NaN,,8249.345330791,8249.515763625,8249.515763625,8249.515763625,8249.515763625,8249.515763625,8249.515763625,8249.515763625,8249.515763625,8249.515763625,8266.684222791,7,-7,8,2,16.5549162499992,7,7.10174062500118,8249.058715,8249.060489333,8249.515763625,8249.345315916,NaN,NaN,NaN,NaN,,NaN,,8249.055222791,8249.058667833,None,NaN,NaN,,NaN,NaN,NaN,NaN,NaN,NaN,NaN,11,kitchen,1,2024-04-06_10h17.33.664,image_similarity_rating,2023.2.3,None,2024-04-06 10h17.46.441618 +0200
,109,135,211,211,stimuli/own/kitchen/109_kit.jpg,stimuli/own/kitchen/135_kit.jpg,NaN,NaN,NaN,NaN,NaN,NaN,NaN,NaN,0,455,455,210,8266.706264916,NaN,NaN,NaN,NaN,NaN,NaN,NaN,,NaN,,8266.99033425,8267.157833166,8267.157833166,8267.157833166,8267.157833166,8267.157833166,8267.157833166,8267.157833166,8267.157833166,8267.157833166,8280.504849583,-7,7,8,1,3.70839187499951,2,11.5360611670003,8266.68788275,8266.706264916,NaN,8266.990314375,NaN,NaN,NaN,NaN,,NaN,,8266.684442166,8266.68783725,None,NaN,NaN,,NaN,NaN,NaN,NaN,NaN,NaN,NaN,11,kitchen,1,2024-04-06_10h17.33.664,image_similarity_rating,2023.2.3,None,2024-04-06 10h17.46.441618 +0200
,119,140,404,404,stimuli/own/kitchen/119_kit.jpg,stimuli/own/kitchen/140_kit.jpg,NaN,NaN,NaN,NaN,NaN,NaN,NaN,NaN,0,456,456,403,8280.51062725,NaN,NaN,NaN,NaN,NaN,NaN,NaN,,NaN,,8280.795091416,8280.962092833,8280.962092833,8280.962092833,8280.962092833,8280.962092833,8280.962092833,8280.962092833,8280.962092833,8280.962092833,8292.346090958,7,-7,8,2,4.97536145800041,3,10.9483961670012,8280.508685458,8280.51062725,8280.962092833,8280.795072416,NaN,NaN,NaN,NaN,,NaN,,8280.505071208,8280.508637916,None,NaN,NaN,,NaN,NaN,NaN,NaN,NaN,NaN,NaN,11,kitchen,1,2024-04-06_10h17.33.664,image_similarity_rating,2023.2.3,None,2024-04-06 10h17.46.441618 +0200
,105,117,138,138,stimuli/own/kitchen/105_kit.jpg,stimuli/own/kitchen/117_kit.jpg,NaN,NaN,NaN,NaN,NaN,NaN,NaN,NaN,0,457,457,137,8292.35634,NaN,NaN,NaN,NaN,NaN,NaN,NaN,,NaN,,8292.641499166,8292.809995666,8292.809995666,8292.809995666,8292.809995666,8292.809995666,8292.809995666,8292.809995666,8292.809995666,8292.809995666,8304.029480291,-7,7,8,5,10.1092060409992,7,6.52688204199876,8292.349839208,8292.35634,8292.809995666,8292.641481833,NaN,NaN,NaN,NaN,,NaN,,8292.346306625,8292.349792666,None,NaN,NaN,,NaN,NaN,NaN,NaN,NaN,NaN,NaN,11,kitchen,1,2024-04-06_10h17.33.664,image_similarity_rating,2023.2.3,None,2024-04-06 10h17.46.441618 +0200
,106,129,178,178,stimuli/own/kitchen/106_kit.jpg,stimuli/own/kitchen/129_kit.jpg,NaN,NaN,NaN,NaN,NaN,NaN,NaN,NaN,0,458,458,177,8304.039537458,NaN,NaN,NaN,NaN,NaN,NaN,NaN,,NaN,,8304.3240645,8304.489206458,8304.489206458,8304.489206458,8304.489206458,8304.489206458,8304.489206458,8304.489206458,8304.489206458,8304.489206458,8321.676235,-7,7,8,1,14.2869420839997,7,5.45112841700029,8304.0332235,8304.039537458,8304.489206458,8304.324046333,NaN,NaN,NaN,NaN,,NaN,,8304.029696458,8304.033177291,None,NaN,NaN,,NaN,NaN,NaN,NaN,NaN,NaN,NaN,11,kitchen,1,2024-04-06_10h17.33.664,image_similarity_rating,2023.2.3,None,2024-04-06 10h17.46.441618 +0200
,102,116,44,44,stimuli/own/kitchen/102_kit.jpg,stimuli/own/kitchen/116_kit.jpg,NaN,NaN,NaN,NaN,NaN,NaN,NaN,NaN,0,459,459,43,8321.681844333,NaN,NaN,NaN,NaN,NaN,NaN,NaN,,NaN,,8321.974039083,8322.139991833,8322.139991833,8322.139991833,8322.139991833,8322.139991833,8322.139991833,8322.139991833,8322.139991833,8322.139991833,8341.141719,7,-7,8,6,18.3559520409999,6,8.1801814169994,8321.679903,8321.681844333,8322.139991833,8321.974021416,NaN,NaN,NaN,NaN,,NaN,,8321.676459166,8321.679856583,None,NaN,NaN,,NaN,NaN,NaN,NaN,NaN,NaN,NaN,11,kitchen,1,2024-04-06_10h17.33.664,image_similarity_rating,2023.2.3,None,2024-04-06 10h17.46.441618 +0200
,104,116,107,107,stimuli/own/kitchen/104_kit.jpg,stimuli/own/kitchen/116_kit.jpg,NaN,NaN,NaN,NaN,NaN,NaN,NaN,NaN,0,460,460,106,8341.147311041,NaN,NaN,NaN,NaN,NaN,NaN,NaN,,NaN,,8341.440536541,8341.606742708,8341.606742708,8341.606742708,8341.606742708,8341.606742708,8341.606742708,8341.606742708,8341.606742708,8341.606742708,8349.483804625,-7,7,8,4,3.8994206669995,5,7.43974320800044,8341.145370541,8341.147311041,8341.606742708,8341.440519958,NaN,NaN,NaN,NaN,,NaN,,8341.141934875,8341.145324041,None,NaN,NaN,,NaN,NaN,NaN,NaN,NaN,NaN,NaN,11,kitchen,1,2024-04-06_10h17.33.664,image_similarity_rating,2023.2.3,None,2024-04-06 10h17.46.441618 +0200
,129,131,531,531,stimuli/own/kitchen/129_kit.jpg,stimuli/own/kitchen/131_kit.jpg,NaN,NaN,NaN,NaN,NaN,NaN,NaN,NaN,0,461,461,530,8349.489510041,NaN,NaN,NaN,NaN,NaN,NaN,NaN,,NaN,,8349.773987125,8349.937841166,8349.937841166,8349.937841166,8349.937841166,8349.937841166,8349.937841166,8349.937841166,8349.937841166,8349.937841166,8363.437762208,7,-7,8,1,12.7207927090003,6,8.02708037499906,8349.487469208,8349.489510041,8349.937841166,8349.773973416,NaN,NaN,NaN,NaN,,NaN,,8349.484023166,8349.487422583,None,NaN,NaN,,NaN,NaN,NaN,NaN,NaN,NaN,NaN,11,kitchen,1,2024-04-06_10h17.33.664,image_similarity_rating,2023.2.3,None,2024-04-06 10h17.46.441618 +0200
,126,138,514,514,stimuli/own/kitchen/126_kit.jpg,stimuli/own/kitchen/138_kit.jpg,NaN,NaN,NaN,NaN,NaN,NaN,NaN,NaN,0,462,462,513,8363.443545583,NaN,NaN,NaN,NaN,NaN,NaN,NaN,,NaN,,8363.728187291,8363.898372666,8363.898372666,8363.898372666,8363.898372666,8363.898372666,8363.898372666,8363.898372666,8363.898372666,8363.898372666,8373.659073875,-7,7,8,5,9.31292566699994,2,7.75204949999898,8363.441614458,8363.443545583,8363.898372666,8363.728169375,NaN,NaN,NaN,NaN,,NaN,,8363.437983583,8363.441567666,None,NaN,NaN,,NaN,NaN,NaN,NaN,NaN,NaN,NaN,11,kitchen,1,2024-04-06_10h17.33.664,image_similarity_rating,2023.2.3,None,2024-04-06 10h17.46.441618 +0200
,126,139,515,515,stimuli/own/kitchen/126_kit.jpg,stimuli/own/kitchen/139_kit.jpg,NaN,NaN,NaN,NaN,NaN,NaN,NaN,NaN,0,463,463,514,8373.664649375,NaN,NaN,NaN,NaN,NaN,NaN,NaN,,NaN,,8373.957342625,8374.12942975,8374.12942975,8374.12942975,8374.12942975,8374.12942975,8374.12942975,8374.12942975,8374.12942975,8374.12942975,8387.45017275,7,-7,8,3,13.0468479579995,3,9.60727070800021,8373.66271075,8373.664649375,8374.12942975,8373.957325458,NaN,NaN,NaN,NaN,,NaN,,8373.659294208,8373.662664666,None,NaN,NaN,,NaN,NaN,NaN,NaN,NaN,NaN,NaN,11,kitchen,1,2024-04-06_10h17.33.664,image_similarity_rating,2023.2.3,None,2024-04-06 10h17.46.441618 +0200
,112,141,270,270,stimuli/own/kitchen/112_kit.jpg,stimuli/own/kitchen/141_kit.jpg,NaN,NaN,NaN,NaN,NaN,NaN,NaN,NaN,0,464,464,269,8387.456069125,NaN,NaN,NaN,NaN,NaN,NaN,NaN,,NaN,,8387.740530083,8387.906169,8387.906169,8387.906169,8387.906169,8387.906169,8387.906169,8387.906169,8387.906169,8387.906169,8404.771707833,7,-7,8,1,15.6380879580011,6,9.81222349999916,8387.453800875,8387.456069125,8387.906169,8387.740515625,NaN,NaN,NaN,NaN,,NaN,,8387.450389708,8387.453755041,None,NaN,NaN,,NaN,NaN,NaN,NaN,NaN,NaN,NaN,11,kitchen,1,2024-04-06_10h17.33.664,image_similarity_rating,2023.2.3,None,2024-04-06 10h17.46.441618 +0200
,116,122,325,325,stimuli/own/kitchen/116_kit.jpg,stimuli/own/kitchen/122_kit.jpg,NaN,NaN,NaN,NaN,NaN,NaN,NaN,NaN,0,465,465,324,8404.777310416,NaN,NaN,NaN,NaN,NaN,NaN,NaN,,NaN,,8405.061582,8405.230260958,8405.230260958,8405.230260958,8405.230260958,8405.230260958,8405.230260958,8405.230260958,8405.230260958,8405.230260958,8412.346358958,-7,7,8,4,3.60182529200029,5,6.90468962500017,8404.775402083,8404.777310416,8405.230260958,8405.061566875,NaN,NaN,NaN,NaN,,NaN,,8404.771923958,8404.775356291,None,NaN,NaN,,NaN,NaN,NaN,NaN,NaN,NaN,NaN,11,kitchen,1,2024-04-06_10h17.33.664,image_similarity_rating,2023.2.3,None,2024-04-06 10h17.46.441618 +0200
,113,136,290,290,stimuli/own/kitchen/113_kit.jpg,stimuli/own/kitchen/136_kit.jpg,NaN,NaN,NaN,NaN,NaN,NaN,NaN,NaN,0,466,466,289,8412.355717708,NaN,NaN,NaN,NaN,NaN,NaN,NaN,,NaN,,8412.641290375,8412.80622325,8412.80622325,8412.80622325,8412.80622325,8412.80622325,8412.80622325,8412.80622325,8412.80622325,8412.80622325,8421.066608833,7,-7,8,1,5.96630154099876,3,2.8889930410005,8412.350057083,8412.355717708,8412.80622325,8412.641276041,NaN,NaN,NaN,NaN,,NaN,,8412.346578875,8412.350010125,None,NaN,NaN,,NaN,NaN,NaN,NaN,NaN,NaN,NaN,11,kitchen,1,2024-04-06_10h17.33.664,image_similarity_rating,2023.2.3,None,2024-04-06 10h17.46.441618 +0200
,117,126,351,351,stimuli/own/kitchen/117_kit.jpg,stimuli/own/kitchen/126_kit.jpg,NaN,NaN,NaN,NaN,NaN,NaN,NaN,NaN,0,467,467,350,8421.072059875,NaN,NaN,NaN,NaN,NaN,NaN,NaN,,NaN,,8421.357414958,8421.521352708,8421.521352708,8421.521352708,8421.521352708,8421.521352708,8421.521352708,8421.521352708,8421.521352708,8421.521352708,8442.59212775,-7,7,8,5,20.8744200000001,3,15.4795488340005,8421.070266375,8421.072059875,8421.521352708,8421.35739575,NaN,NaN,NaN,NaN,,NaN,,8421.066830666,8421.070220083,None,NaN,NaN,,NaN,NaN,NaN,NaN,NaN,NaN,NaN,11,kitchen,1,2024-04-06_10h17.33.664,image_similarity_rating,2023.2.3,None,2024-04-06 10h17.46.441618 +0200
,116,120,323,323,stimuli/own/kitchen/116_kit.jpg,stimuli/own/kitchen/120_kit.jpg,NaN,NaN,NaN,NaN,NaN,NaN,NaN,NaN,0,468,468,322,8442.605563208,NaN,NaN,NaN,NaN,NaN,NaN,NaN,,NaN,,8442.890686541,8443.054940875,8443.054940875,8443.054940875,8443.054940875,8443.054940875,8443.054940875,8443.054940875,8443.054940875,8443.054940875,8451.788205166,7,-7,8,3,8.5930968749999,5,6.02575908300059,8442.595924,8442.605563208,8443.054940875,8442.890672833,NaN,NaN,NaN,NaN,,NaN,,8442.592346916,8442.595877791,None,NaN,NaN,,NaN,NaN,NaN,NaN,NaN,NaN,NaN,11,kitchen,1,2024-04-06_10h17.33.664,image_similarity_rating,2023.2.3,None,2024-04-06 10h17.46.441618 +0200
,129,138,537,537,stimuli/own/kitchen/129_kit.jpg,stimuli/own/kitchen/138_kit.jpg,NaN,NaN,NaN,NaN,NaN,NaN,NaN,NaN,0,469,469,536,8451.793816083,NaN,NaN,NaN,NaN,NaN,NaN,NaN,,NaN,,8452.078100708,8452.241385708,8452.241385708,8452.241385708,8452.241385708,8452.241385708,8452.241385708,8452.241385708,8452.241385708,8452.241385708,8460.242601125,-7,7,8,1,1.96063112499905,5,7.64284658399993,8451.791880125,8451.793816083,8452.241385708,8452.078090583,NaN,NaN,NaN,NaN,,NaN,,8451.788423416,8451.7918335,None,NaN,NaN,,NaN,NaN,NaN,NaN,NaN,NaN,NaN,11,kitchen,1,2024-04-06_10h17.33.664,image_similarity_rating,2023.2.3,None,2024-04-06 10h17.46.441618 +0200
,118,125,371,371,stimuli/own/kitchen/118_kit.jpg,stimuli/own/kitchen/125_kit.jpg,NaN,NaN,NaN,NaN,NaN,NaN,NaN,NaN,0,470,470,370,8460.248415875,NaN,NaN,NaN,NaN,NaN,NaN,NaN,,NaN,,8460.540373,8460.706659958,8460.706659958,8460.706659958,8460.706659958,8460.706659958,8460.706659958,8460.706659958,8460.706659958,8460.706659958,8477.53786375,-7,7,8,4,13.091763167,3,5.6774543749998,8460.246394,8460.248415875,8460.706659958,8460.540358916,NaN,NaN,NaN,NaN,,NaN,,8460.242828791,8460.24634625,None,NaN,NaN,,NaN,NaN,NaN,NaN,NaN,NaN,NaN,11,kitchen,1,2024-04-06_10h17.33.664,image_similarity_rating,2023.2.3,None,2024-04-06 10h17.46.441618 +0200
,124,139,488,488,stimuli/own/kitchen/124_kit.jpg,stimuli/own/kitchen/139_kit.jpg,NaN,NaN,NaN,NaN,NaN,NaN,NaN,NaN,0,471,471,487,8477.54357475,NaN,NaN,NaN,NaN,NaN,NaN,NaN,,NaN,,8477.826514625,8477.988197458,8477.988197458,8477.988197458,8477.988197458,8477.988197458,8477.988197458,8477.988197458,8477.988197458,8477.988197458,8492.763116541,-7,7,8,2,14.4961234169987,3,5.53641095800049,8477.541691958,8477.54357475,8477.988197458,8477.826500791,NaN,NaN,NaN,NaN,,NaN,,8477.538101083,8477.541645333,None,NaN,NaN,,NaN,NaN,NaN,NaN,NaN,NaN,NaN,11,kitchen,1,2024-04-06_10h17.33.664,image_similarity_rating,2023.2.3,None,2024-04-06 10h17.46.441618 +0200
,101,130,24,24,stimuli/own/kitchen/101_kit.jpg,stimuli/own/kitchen/130_kit.jpg,NaN,NaN,NaN,NaN,NaN,NaN,NaN,NaN,0,472,472,23,8492.771994208,NaN,NaN,NaN,NaN,NaN,NaN,NaN,,NaN,,8493.057291625,8493.220085458,8493.220085458,8493.220085458,8493.220085458,8493.220085458,8493.220085458,8493.220085458,8493.220085458,8493.220085458,8499.141348416,-7,7,8,4,3.05103770900132,6,5.10426470799939,8492.766821791,8492.771994208,8493.220085458,8493.057281541,NaN,NaN,NaN,NaN,,NaN,,8492.763341708,8492.766774083,None,NaN,NaN,,NaN,NaN,NaN,NaN,NaN,NaN,NaN,11,kitchen,1,2024-04-06_10h17.33.664,image_similarity_rating,2023.2.3,None,2024-04-06 10h17.46.441618 +0200
,117,130,354,354,stimuli/own/kitchen/117_kit.jpg,stimuli/own/kitchen/130_kit.jpg,NaN,NaN,NaN,NaN,NaN,NaN,NaN,NaN,0,473,473,353,8499.14693275,NaN,NaN,NaN,NaN,NaN,NaN,NaN,,NaN,,8499.440089,8499.61144375,8499.61144375,8499.61144375,8499.61144375,8499.61144375,8499.61144375,8499.61144375,8499.61144375,8499.61144375,8510.857910541,7,-7,8,6,7.15012100000058,5,10.8585176670003,8499.145004708,8499.14693275,8499.61144375,8499.440071958,NaN,NaN,NaN,NaN,,NaN,,8499.1415655,8499.144958458,None,NaN,NaN,,NaN,NaN,NaN,NaN,NaN,NaN,NaN,11,kitchen,1,2024-04-06_10h17.33.664,image_similarity_rating,2023.2.3,None,2024-04-06 10h17.46.441618 +0200
,101,116,11,11,stimuli/own/kitchen/101_kit.jpg,stimuli/own/kitchen/116_kit.jpg,NaN,NaN,NaN,NaN,NaN,NaN,NaN,NaN,0,474,474,10,8510.86336475,NaN,NaN,NaN,NaN,NaN,NaN,NaN,,NaN,,8511.156661333,8511.321909208,8511.321909208,8511.321909208,8511.321909208,8511.321909208,8511.321909208,8511.321909208,8511.321909208,8511.321909208,8522.109704708,-7,7,8,5,6.45493629199882,4,10.5679071659997,8510.861541625,8510.86336475,8511.321909208,8511.156645166,NaN,NaN,NaN,NaN,,NaN,,8510.858126333,8510.861496166,None,NaN,NaN,,NaN,NaN,NaN,NaN,NaN,NaN,NaN,11,kitchen,1,2024-04-06_10h17.33.664,image_similarity_rating,2023.2.3,None,2024-04-06 10h17.46.441618 +0200
,103,124,84,84,stimuli/own/kitchen/103_kit.jpg,stimuli/own/kitchen/124_kit.jpg,NaN,NaN,NaN,NaN,NaN,NaN,NaN,NaN,0,475,475,83,8522.122190916,NaN,NaN,NaN,NaN,NaN,NaN,NaN,,NaN,,8522.40717825,8522.569868625,8522.569868625,8522.569868625,8522.569868625,8522.569868625,8522.569868625,8522.569868625,8522.569868625,8522.569868625,8528.809415833,-7,7,8,5,4.92914533299881,6,5.80119679199925,8522.11336825,8522.122190916,8522.569868625,8522.407168291,NaN,NaN,NaN,NaN,,NaN,,8522.109919541,8522.11332125,None,NaN,NaN,,NaN,NaN,NaN,NaN,NaN,NaN,NaN,11,kitchen,1,2024-04-06_10h17.33.664,image_similarity_rating,2023.2.3,None,2024-04-06 10h17.46.441618 +0200
,117,139,362,362,stimuli/own/kitchen/117_kit.jpg,stimuli/own/kitchen/139_kit.jpg,NaN,NaN,NaN,NaN,NaN,NaN,NaN,NaN,0,476,476,361,8528.821930375,NaN,NaN,NaN,NaN,NaN,NaN,NaN,,NaN,,8529.1072135,8529.273154458,8529.273154458,8529.273154458,8529.273154458,8529.273154458,8529.273154458,8529.273154458,8529.273154458,8529.273154458,8538.979797875,-7,7,8,3,6.63001950000034,1,9.25773112500065,8528.813135708,8528.821930375,8529.273154458,8529.107199625,NaN,NaN,NaN,NaN,,NaN,,8528.809630083,8528.813089916,None,NaN,NaN,,NaN,NaN,NaN,NaN,NaN,NaN,NaN,11,kitchen,1,2024-04-06_10h17.33.664,image_similarity_rating,2023.2.3,None,2024-04-06 10h17.46.441618 +0200
,135,138,577,577,stimuli/own/kitchen/135_kit.jpg,stimuli/own/kitchen/138_kit.jpg,NaN,NaN,NaN,NaN,NaN,NaN,NaN,NaN,0,477,477,576,8538.98870425,NaN,NaN,NaN,NaN,NaN,NaN,NaN,,NaN,,8539.273250791,8539.440440958,8539.440440958,8539.440440958,8539.440440958,8539.440440958,8539.440440958,8539.440440958,8539.440440958,8539.440440958,8546.14133825,-7,7,8,2,6.31289258300058,5,2.70058283300023,8538.983540833,8538.98870425,8539.440440958,8539.27323325,NaN,NaN,NaN,NaN,,NaN,,8538.980014625,8538.98349375,None,NaN,NaN,,NaN,NaN,NaN,NaN,NaN,NaN,NaN,11,kitchen,1,2024-04-06_10h17.33.664,image_similarity_rating,2023.2.3,None,2024-04-06 10h17.46.441618 +0200
,105,118,139,139,stimuli/own/kitchen/105_kit.jpg,stimuli/own/kitchen/118_kit.jpg,NaN,NaN,NaN,NaN,NaN,NaN,NaN,NaN,0,478,478,138,8546.146760666,NaN,NaN,NaN,NaN,NaN,NaN,NaN,,NaN,,8546.440041833,8546.6056475,8546.6056475,8546.6056475,8546.6056475,8546.6056475,8546.6056475,8546.6056475,8546.6056475,8546.6056475,8553.228529625,7,-7,8,5,6.19218725000064,7,3.57461312499981,8546.144982583,8546.146760666,8546.6056475,8546.440024541,NaN,NaN,NaN,NaN,,NaN,,8546.141555083,8546.144936208,None,NaN,NaN,,NaN,NaN,NaN,NaN,NaN,NaN,NaN,11,kitchen,1,2024-04-06_10h17.33.664,image_similarity_rating,2023.2.3,None,2024-04-06 10h17.46.441618 +0200
,106,119,169,169,stimuli/own/kitchen/106_kit.jpg,stimuli/own/kitchen/119_kit.jpg,NaN,NaN,NaN,NaN,NaN,NaN,NaN,NaN,0,479,479,168,8553.238820125,NaN,NaN,NaN,NaN,NaN,NaN,NaN,,NaN,,8553.523875666,8553.688879791,8553.688879791,8553.688879791,8553.688879791,8553.688879791,8553.688879791,8553.688879791,8553.688879791,8553.688879791,8560.075410958,-7,7,8,2,5.89464995799972,6,1.90002599999934,8553.232161041,8553.238820125,8553.688879791,8553.523859625,NaN,NaN,NaN,NaN,,NaN,,8553.228746875,8553.232115208,None,NaN,NaN,,NaN,NaN,NaN,NaN,NaN,NaN,NaN,11,kitchen,1,2024-04-06_10h17.33.664,image_similarity_rating,2023.2.3,None,2024-04-06 10h17.46.441618 +0200
,104,139,128,128,stimuli/own/kitchen/104_kit.jpg,stimuli/own/kitchen/139_kit.jpg,NaN,NaN,NaN,NaN,NaN,NaN,NaN,NaN,0,480,480,127,8560.08118325,NaN,NaN,NaN,NaN,NaN,NaN,NaN,,NaN,,8560.373056208,8560.544641083,8560.544641083,8560.544641083,8560.544641083,8560.544641083,8560.544641083,8560.544641083,8560.544641083,8560.544641083,8570.311814291,-7,7,8,1,6.9306373749987,5,8.8920202499994,8560.079068833,8560.08118325,8560.544641083,8560.373038541,NaN,NaN,NaN,NaN,,NaN,,8560.075631041,8560.079016833,None,NaN,NaN,,NaN,NaN,NaN,NaN,NaN,NaN,NaN,11,kitchen,1,2024-04-06_10h17.33.664,image_similarity_rating,2023.2.3,None,2024-04-06 10h17.46.441618 +0200
,101,106,5,5,stimuli/own/kitchen/101_kit.jpg,stimuli/own/kitchen/106_kit.jpg,NaN,NaN,NaN,NaN,NaN,NaN,NaN,NaN,0,481,481,4,8570.3220735,NaN,NaN,NaN,NaN,NaN,NaN,NaN,,NaN,,8570.606485375,8570.77791175,8570.77791175,8570.77791175,8570.77791175,8570.77791175,8570.77791175,8570.77791175,8570.77791175,8570.77791175,8578.333146125,7,-7,8,1,7.13123691700093,6,2.55508404099965,8570.315459708,8570.3220735,8570.77791175,8570.606465291,NaN,NaN,NaN,NaN,,NaN,,8570.312031166,8570.315413458,None,NaN,NaN,,NaN,NaN,NaN,NaN,NaN,NaN,NaN,11,kitchen,1,2024-04-06_10h17.33.664,image_similarity_rating,2023.2.3,None,2024-04-06 10h17.46.441618 +0200
,105,117,138,598,stimuli/own/kitchen/105_kit.jpg,stimuli/own/kitchen/117_kit.jpg,NaN,NaN,NaN,NaN,NaN,NaN,NaN,NaN,0,482,482,597,8578.35542175,NaN,NaN,NaN,NaN,NaN,NaN,NaN,,NaN,,8578.639384708,8578.809284666,8578.809284666,8578.809284666,8578.809284666,8578.809284666,8578.809284666,8578.809284666,8578.809284666,8578.809284666,8585.261967416,-7,7,8,6,4.50820904099965,7,2.62638166600118,8578.336795708,8578.35542175,NaN,8578.639363333,NaN,NaN,NaN,NaN,,NaN,,8578.333363291,8578.336747041,None,NaN,NaN,,NaN,NaN,NaN,NaN,NaN,NaN,NaN,11,kitchen,1,2024-04-06_10h17.33.664,image_similarity_rating,2023.2.3,None,2024-04-06 10h17.46.441618 +0200
,124,140,489,489,stimuli/own/kitchen/124_kit.jpg,stimuli/own/kitchen/140_kit.jpg,NaN,NaN,NaN,NaN,NaN,NaN,NaN,NaN,0,483,483,488,8585.272271333,NaN,NaN,NaN,NaN,NaN,NaN,NaN,,NaN,,8585.556475958,8585.724098875,8585.724098875,8585.724098875,8585.724098875,8585.724098875,8585.724098875,8585.724098875,8585.724098875,8585.724098875,8593.57123025,7,-7,8,4,7.53914287499902,3,3.08108408299995,8585.265612333,8585.272271333,8585.724098875,8585.556458833,NaN,NaN,NaN,NaN,,NaN,,8585.262185416,8585.265565541,None,NaN,NaN,,NaN,NaN,NaN,NaN,NaN,NaN,NaN,11,kitchen,1,2024-04-06_10h17.33.664,image_similarity_rating,2023.2.3,None,2024-04-06 10h17.46.441618 +0200
,116,136,337,337,stimuli/own/kitchen/116_kit.jpg,stimuli/own/kitchen/136_kit.jpg,NaN,NaN,NaN,NaN,NaN,NaN,NaN,NaN,0,484,484,336,8593.576828708,NaN,NaN,NaN,NaN,NaN,NaN,NaN,,NaN,,8593.860831,8594.02436275,8594.02436275,8594.02436275,8594.02436275,8594.02436275,8594.02436275,8594.02436275,8594.02436275,8594.02436275,8608.478254125,-7,7,8,2,10.6105987909996,2,14.0541314999991,8593.575012083,8593.576828708,8594.02436275,8593.860820208,NaN,NaN,NaN,NaN,,NaN,,8593.5714445,8593.574965833,None,NaN,NaN,,NaN,NaN,NaN,NaN,NaN,NaN,NaN,11,kitchen,1,2024-04-06_10h17.33.664,image_similarity_rating,2023.2.3,None,2024-04-06 10h17.46.441618 +0200
,127,136,524,524,stimuli/own/kitchen/127_kit.jpg,stimuli/own/kitchen/136_kit.jpg,NaN,NaN,NaN,NaN,NaN,NaN,NaN,NaN,0,485,485,523,8608.488589416,NaN,NaN,NaN,NaN,NaN,NaN,NaN,,NaN,,8608.77299075,8608.9378885,8608.9378885,8608.9378885,8608.9378885,8608.9378885,8608.9378885,8608.9378885,8608.9378885,8608.9378885,8617.527857208,-7,7,8,6,6.05491570800041,7,2.1476092920002,8608.481900625,8608.488589416,8608.9378885,8608.772974833,NaN,NaN,NaN,NaN,,NaN,,8608.478471125,8608.481854041,None,NaN,NaN,,NaN,NaN,NaN,NaN,NaN,NaN,NaN,11,kitchen,1,2024-04-06_10h17.33.664,image_similarity_rating,2023.2.3,None,2024-04-06 10h17.46.441618 +0200
,136,139,583,602,stimuli/own/kitchen/136_kit.jpg,stimuli/own/kitchen/139_kit.jpg,NaN,NaN,NaN,NaN,NaN,NaN,NaN,NaN,0,486,486,601,8617.538266666,NaN,NaN,NaN,NaN,NaN,NaN,NaN,,NaN,,8617.823101208,8617.988608291,8617.988608291,8617.988608291,8617.988608291,8617.988608291,8617.988608291,8617.988608291,8617.988608291,8617.988608291,8625.21211625,-7,7,8,5,4.6585620829992,5,6.86382212499848,8617.531510333,8617.538266666,8617.988608291,8617.823085125,NaN,NaN,NaN,NaN,,NaN,,8617.528075416,8617.531464666,None,NaN,NaN,,NaN,NaN,NaN,NaN,NaN,NaN,NaN,11,kitchen,1,2024-04-06_10h17.33.664,image_similarity_rating,2023.2.3,None,2024-04-06 10h17.46.441618 +0200
,134,138,571,571,stimuli/own/kitchen/134_kit.jpg,stimuli/own/kitchen/138_kit.jpg,NaN,NaN,NaN,NaN,NaN,NaN,NaN,NaN,0,487,487,570,8625.221679291,NaN,NaN,NaN,NaN,NaN,NaN,NaN,,NaN,,8625.506507458,8625.670851833,8625.670851833,8625.670851833,8625.670851833,8625.670851833,8625.670851833,8625.670851833,8625.670851833,8625.670851833,8638.5959015,7,-7,8,4,7.53673795799841,5,12.690038916,8625.2157645,8625.221679291,8625.670851833,8625.506494333,NaN,NaN,NaN,NaN,,NaN,,8625.212334666,8625.215717458,None,NaN,NaN,,NaN,NaN,NaN,NaN,NaN,NaN,NaN,11,kitchen,1,2024-04-06_10h17.33.664,image_similarity_rating,2023.2.3,None,2024-04-06 10h17.46.441618 +0200
,101,114,10,10,stimuli/own/kitchen/101_kit.jpg,stimuli/own/kitchen/114_kit.jpg,NaN,NaN,NaN,NaN,NaN,NaN,NaN,NaN,0,488,488,9,8638.60486825,NaN,NaN,NaN,NaN,NaN,NaN,NaN,,NaN,,8638.890644,8639.054550166,8639.054550166,8639.054550166,8639.054550166,8639.054550166,8639.054550166,8639.054550166,8639.054550166,8639.054550166,8652.161274625,7,-7,8,5,12.3401033749997,7,8.82320520899884,8638.599720958,8638.60486825,8639.054550166,8638.89063075,NaN,NaN,NaN,NaN,,NaN,,8638.596120583,8638.599674666,None,NaN,NaN,,NaN,NaN,NaN,NaN,NaN,NaN,NaN,11,kitchen,1,2024-04-06_10h17.33.664,image_similarity_rating,2023.2.3,None,2024-04-06 10h17.46.441618 +0200
,111,135,238,238,stimuli/own/kitchen/111_kit.jpg,stimuli/own/kitchen/135_kit.jpg,NaN,NaN,NaN,NaN,NaN,NaN,NaN,NaN,0,489,489,237,8652.172028375,NaN,NaN,NaN,NaN,NaN,NaN,NaN,,NaN,,8652.456396916,8652.623987416,8652.623987416,8652.623987416,8652.623987416,8652.623987416,8652.623987416,8652.623987416,8652.623987416,8652.623987416,8666.245064291,7,-7,8,6,11.6528532089997,7,8.51343370799987,8652.164925,8652.172028375,8652.623987416,8652.456374083,NaN,NaN,NaN,NaN,,NaN,,8652.161490333,8652.164876708,None,NaN,NaN,,NaN,NaN,NaN,NaN,NaN,NaN,NaN,11,kitchen,1,2024-04-06_10h17.33.664,image_similarity_rating,2023.2.3,None,2024-04-06 10h17.46.441618 +0200
,120,125,410,410,stimuli/own/kitchen/120_kit.jpg,stimuli/own/kitchen/125_kit.jpg,NaN,NaN,NaN,NaN,NaN,NaN,NaN,NaN,0,490,490,409,8666.254905875,NaN,NaN,NaN,NaN,NaN,NaN,NaN,,NaN,,8666.539554791,8666.711175791,8666.711175791,8666.711175791,8666.711175791,8666.711175791,8666.711175791,8666.711175791,8666.711175791,8666.711175791,8677.75389925,7,-7,8,5,6.15188079200016,7,6.96789283300132,8666.248719666,8666.254905875,8666.711175791,8666.53953775,NaN,NaN,NaN,NaN,,NaN,,8666.245282291,8666.248673458,None,NaN,NaN,,NaN,NaN,NaN,NaN,NaN,NaN,NaN,11,kitchen,1,2024-04-06_10h17.33.664,image_similarity_rating,2023.2.3,None,2024-04-06 10h17.46.441618 +0200
,101,122,17,17,stimuli/own/kitchen/101_kit.jpg,stimuli/own/kitchen/122_kit.jpg,NaN,NaN,NaN,NaN,NaN,NaN,NaN,NaN,0,491,491,16,8677.759543958,NaN,NaN,NaN,NaN,NaN,NaN,NaN,,NaN,,8678.0437855,8678.211305583,8678.211305583,8678.211305583,8678.211305583,8678.211305583,8678.211305583,8678.211305583,8678.211305583,8678.211305583,8684.091115666,7,-7,8,4,5.50734679199923,5,3.76670316700074,8677.757610291,8677.759543958,8678.211305583,8678.043771125,NaN,NaN,NaN,NaN,,NaN,,8677.754122458,8677.757563083,None,NaN,NaN,,NaN,NaN,NaN,NaN,NaN,NaN,NaN,11,kitchen,1,2024-04-06_10h17.33.664,image_similarity_rating,2023.2.3,None,2024-04-06 10h17.46.441618 +0200
,102,127,55,55,stimuli/own/kitchen/102_kit.jpg,stimuli/own/kitchen/127_kit.jpg,NaN,NaN,NaN,NaN,NaN,NaN,NaN,NaN,0,492,492,54,8684.104850333,NaN,NaN,NaN,NaN,NaN,NaN,NaN,,NaN,,8684.389272458,8684.553981208,8684.553981208,8684.553981208,8684.553981208,8684.553981208,8684.553981208,8684.553981208,8684.553981208,8684.553981208,8688.746219,-7,7,8,3,3.9765454999997,3,3.0397166670009,8684.095117125,8684.104850333,8684.553981208,8684.389256375,NaN,NaN,NaN,NaN,,NaN,,8684.091347541,8684.095066083,None,NaN,NaN,,NaN,NaN,NaN,NaN,NaN,NaN,NaN,11,kitchen,1,2024-04-06_10h17.33.664,image_similarity_rating,2023.2.3,None,2024-04-06 10h17.46.441618 +0200
,131,136,554,554,stimuli/own/kitchen/131_kit.jpg,stimuli/own/kitchen/136_kit.jpg,NaN,NaN,NaN,NaN,NaN,NaN,NaN,NaN,0,493,493,553,8688.755195833,NaN,NaN,NaN,NaN,NaN,NaN,NaN,,NaN,,8689.039406041,8689.209757625,8689.209757625,8689.209757625,8689.209757625,8689.209757625,8689.209757625,8689.209757625,8689.209757625,8689.209757625,8700.557185416,-7,7,8,2,9.70910100000037,1,3.64203674999953,8688.749998708,8688.755195833,8689.209757625,8689.039385916,NaN,NaN,NaN,NaN,,NaN,,8688.746434791,8688.749951458,None,NaN,NaN,,NaN,NaN,NaN,NaN,NaN,NaN,NaN,11,kitchen,1,2024-04-06_10h17.33.664,image_similarity_rating,2023.2.3,None,2024-04-06 10h17.46.441618 +0200
,109,131,208,208,stimuli/own/kitchen/109_kit.jpg,stimuli/own/kitchen/131_kit.jpg,NaN,NaN,NaN,NaN,NaN,NaN,NaN,NaN,0,494,494,207,8700.562799083,NaN,NaN,NaN,NaN,NaN,NaN,NaN,,NaN,,8700.85610325,8701.024651333,8701.024651333,8701.024651333,8701.024651333,8701.024651333,8701.024651333,8701.024651333,8701.024651333,8701.024651333,8705.13678,7,-7,8,1,2.12428120799996,1,2.95098283299922,8700.5608545,8700.562799083,8701.024651333,8700.85608575,NaN,NaN,NaN,NaN,,NaN,,8700.55740275,8700.5608055,None,NaN,NaN,,NaN,NaN,NaN,NaN,NaN,NaN,NaN,11,kitchen,1,2024-04-06_10h17.33.664,image_similarity_rating,2023.2.3,None,2024-04-06 10h17.46.441618 +0200
,105,131,151,151,stimuli/own/kitchen/105_kit.jpg,stimuli/own/kitchen/131_kit.jpg,NaN,NaN,NaN,NaN,NaN,NaN,NaN,NaN,0,495,495,150,8705.142395083,NaN,NaN,NaN,NaN,NaN,NaN,NaN,,NaN,,8705.426970541,8705.595329041,8705.595329041,8705.595329041,8705.595329041,8705.595329041,8705.595329041,8705.595329041,8705.595329041,8705.595329041,8715.5323345,-7,7,8,3,9.78096895899944,1,5.04328137500124,8705.140464291,8705.142395083,8705.595329041,8705.426953833,NaN,NaN,NaN,NaN,,NaN,,8705.136998833,8705.140417166,None,NaN,NaN,,NaN,NaN,NaN,NaN,NaN,NaN,NaN,11,kitchen,1,2024-04-06_10h17.33.664,image_similarity_rating,2023.2.3,None,2024-04-06 10h17.46.441618 +0200
,121,137,438,438,stimuli/own/kitchen/121_kit.jpg,stimuli/own/kitchen/137_kit.jpg,NaN,NaN,NaN,NaN,NaN,NaN,NaN,NaN,0,496,496,437,8715.538089625,NaN,NaN,NaN,NaN,NaN,NaN,NaN,,NaN,,8715.822915291,8715.988119666,8715.988119666,8715.988119666,8715.988119666,8715.988119666,8715.988119666,8715.988119666,8715.988119666,8715.988119666,8725.961528083,-7,7,8,2,9.07215087500117,3,2.50061241599906,8715.535999958,8715.538089625,8715.988119666,8715.822901708,NaN,NaN,NaN,NaN,,NaN,,8715.532561666,8715.535953125,None,NaN,NaN,,NaN,NaN,NaN,NaN,NaN,NaN,NaN,11,kitchen,1,2024-04-06_10h17.33.664,image_similarity_rating,2023.2.3,None,2024-04-06 10h17.46.441618 +0200
,125,140,503,503,stimuli/own/kitchen/125_kit.jpg,stimuli/own/kitchen/140_kit.jpg,NaN,NaN,NaN,NaN,NaN,NaN,NaN,NaN,0,497,497,502,8725.971388875,NaN,NaN,NaN,NaN,NaN,NaN,NaN,,NaN,,8726.256069958,8726.426246875,8726.426246875,8726.426246875,8726.426246875,8726.426246875,8726.426246875,8726.426246875,8726.426246875,8726.426246875,8736.80702275,7,-7,8,4,4.96408208299908,3,8.36898916700011,8725.965184083,8725.971388875,8726.426246875,8726.256044083,NaN,NaN,NaN,NaN,,NaN,,8725.96174975,8725.965137541,None,NaN,NaN,,NaN,NaN,NaN,NaN,NaN,NaN,NaN,11,kitchen,1,2024-04-06_10h17.33.664,image_similarity_rating,2023.2.3,None,2024-04-06 10h17.46.441618 +0200
,112,121,252,252,stimuli/own/kitchen/112_kit.jpg,stimuli/own/kitchen/121_kit.jpg,NaN,NaN,NaN,NaN,NaN,NaN,NaN,NaN,0,498,498,251,8736.8126425,NaN,NaN,NaN,NaN,NaN,NaN,NaN,,NaN,,8737.105916416,8737.273980583,8737.273980583,8737.273980583,8737.273980583,8737.273980583,8737.273980583,8737.273980583,8737.273980583,8737.273980583,8745.87493925,7,-7,8,3,4.81270791699899,3,8.19753683300041,8736.810684166,8736.8126425,8737.273980583,8737.105900291,NaN,NaN,NaN,NaN,,NaN,,8736.807241291,8736.810637625,None,NaN,NaN,,NaN,NaN,NaN,NaN,NaN,NaN,NaN,11,kitchen,1,2024-04-06_10h17.33.664,image_similarity_rating,2023.2.3,None,2024-04-06 10h17.46.441618 +0200
,102,112,41,41,stimuli/own/kitchen/102_kit.jpg,stimuli/own/kitchen/112_kit.jpg,NaN,NaN,NaN,NaN,NaN,NaN,NaN,NaN,0,499,499,40,8745.887927916,NaN,NaN,NaN,NaN,NaN,NaN,NaN,,NaN,,8746.172626291,8746.336893,8746.336893,8746.336893,8746.336893,8746.336893,8746.336893,8746.336893,8746.336893,8746.336893,8758.357025958,-7,7,8,1,10.776268833999,1,2.28958224999951,8745.878954666,8745.887927916,8746.336893,8746.172607291,NaN,NaN,NaN,NaN,,NaN,,8745.875172625,8745.878906083,None,NaN,NaN,,NaN,NaN,NaN,NaN,NaN,NaN,NaN,11,kitchen,1,2024-04-06_10h17.33.664,image_similarity_rating,2023.2.3,None,2024-04-06 10h17.46.441618 +0200
,103,139,97,97,stimuli/own/kitchen/103_kit.jpg,stimuli/own/kitchen/139_kit.jpg,NaN,NaN,NaN,NaN,NaN,NaN,NaN,NaN,0,500,500,96,8758.362604708,NaN,NaN,NaN,NaN,NaN,NaN,NaN,,NaN,,8758.656638,8758.82015375,8758.82015375,8758.82015375,8758.82015375,8758.82015375,8758.82015375,8758.82015375,8758.82015375,8758.82015375,8772.682411541,7,-7,8,2,9.82169029200122,2,12.1867148750007,8758.3606705,8758.362604708,8758.82015375,8758.656624958,NaN,NaN,NaN,NaN,,NaN,,8758.357243708,8758.360624833,None,NaN,NaN,,NaN,NaN,NaN,NaN,NaN,NaN,NaN,11,kitchen,1,2024-04-06_10h17.33.664,image_similarity_rating,2023.2.3,None,2024-04-06 10h17.46.441618 +0200
,102,120,48,48,stimuli/own/kitchen/102_kit.jpg,stimuli/own/kitchen/120_kit.jpg,NaN,NaN,NaN,NaN,NaN,NaN,NaN,NaN,0,501,501,47,8772.704485791,NaN,NaN,NaN,NaN,NaN,NaN,NaN,,NaN,,8772.988666166,8773.155473833,8773.155473833,8773.155473833,8773.155473833,8773.155473833,8773.155473833,8773.155473833,8773.155473833,8773.155473833,8787.936759875,-7,7,8,4,6.24997366699972,7,14.1318431669988,8772.686062333,8772.704485791,NaN,8772.988646916,NaN,NaN,NaN,NaN,,NaN,,8772.682626708,8772.686016416,None,NaN,NaN,,NaN,NaN,NaN,NaN,NaN,NaN,NaN,11,kitchen,1,2024-04-06_10h17.33.664,image_similarity_rating,2023.2.3,None,2024-04-06 10h17.46.441618 +0200
,111,118,223,223,stimuli/own/kitchen/111_kit.jpg,stimuli/own/kitchen/118_kit.jpg,NaN,NaN,NaN,NaN,NaN,NaN,NaN,NaN,0,502,502,222,8787.942286041,NaN,NaN,NaN,NaN,NaN,NaN,NaN,,NaN,,8788.239298041,8788.409068583,8788.409068583,8788.409068583,8788.409068583,8788.409068583,8788.409068583,8788.409068583,8788.409068583,8788.409068583,8797.731983208,7,-7,8,6,8.72320874999969,5,2.16703112499999,8787.940453,8787.942286041,8788.409068583,8788.239280291,NaN,NaN,NaN,NaN,,NaN,,8787.937000166,8787.940406625,None,NaN,NaN,,NaN,NaN,NaN,NaN,NaN,NaN,NaN,11,kitchen,1,2024-04-06_10h17.33.664,image_similarity_rating,2023.2.3,None,2024-04-06 10h17.46.441618 +0200
,126,137,513,513,stimuli/own/kitchen/126_kit.jpg,stimuli/own/kitchen/137_kit.jpg,NaN,NaN,NaN,NaN,NaN,NaN,NaN,NaN,0,503,503,512,8797.737748333,NaN,NaN,NaN,NaN,NaN,NaN,NaN,,NaN,,8798.022362291,8798.190331291,8798.190331291,8798.190331291,8798.190331291,8798.190331291,8798.190331291,8798.190331291,8798.190331291,8798.190331291,8809.549589083,7,-7,8,5,9.03713962500115,5,11.1237694579995,8797.7357555,8797.737748333,8798.190331291,8798.022344875,NaN,NaN,NaN,NaN,,NaN,,8797.732200208,8797.735709083,None,NaN,NaN,,NaN,NaN,NaN,NaN,NaN,NaN,NaN,11,kitchen,1,2024-04-06_10h17.33.664,image_similarity_rating,2023.2.3,None,2024-04-06 10h17.46.441618 +0200
,109,120,198,198,stimuli/own/kitchen/109_kit.jpg,stimuli/own/kitchen/120_kit.jpg,NaN,NaN,NaN,NaN,NaN,NaN,NaN,NaN,0,504,504,197,8809.555600416,NaN,NaN,NaN,NaN,NaN,NaN,NaN,,NaN,,8827.055634416,8827.229128166,8827.229128166,8827.229128166,8827.229128166,8827.229128166,8827.229128166,8827.229128166,8827.229128166,8827.229128166,8834.265625875,-7,7,9,1,6.76367925000159,5,3.97969037499934,8826.763771666,8826.771545666,8827.229128166,8827.055612625,NaN,NaN,NaN,NaN,,NaN,,8809.549805083,8826.763405083,space,8809.555600416,17.2076447090003,None,NaN,NaN,NaN,NaN,NaN,NaN,NaN,11,kitchen,1,2024-04-06_10h17.33.664,image_similarity_rating,2023.2.3,None,2024-04-06 10h17.46.441618 +0200
,129,135,534,534,stimuli/own/kitchen/129_kit.jpg,stimuli/own/kitchen/135_kit.jpg,NaN,NaN,NaN,NaN,NaN,NaN,NaN,NaN,0,505,505,533,8834.287848208,NaN,NaN,NaN,NaN,NaN,NaN,NaN,,NaN,,8834.572201458,8834.7367035,8834.7367035,8834.7367035,8834.7367035,8834.7367035,8834.7367035,8834.7367035,8834.7367035,8834.7367035,8840.165083875,7,-7,9,1,4.0624746249996,6,1.94026174999999,8834.269351416,8834.287848208,NaN,8834.572183375,NaN,NaN,NaN,NaN,,NaN,,8834.265841375,8834.269304958,None,NaN,NaN,,NaN,NaN,NaN,NaN,NaN,NaN,NaN,11,kitchen,1,2024-04-06_10h17.33.664,image_similarity_rating,2023.2.3,None,2024-04-06 10h17.46.441618 +0200
,126,136,512,512,stimuli/own/kitchen/126_kit.jpg,stimuli/own/kitchen/136_kit.jpg,NaN,NaN,NaN,NaN,NaN,NaN,NaN,NaN,0,506,506,511,8840.170972625,NaN,NaN,NaN,NaN,NaN,NaN,NaN,,NaN,,8840.4557765,8840.624586666,8840.624586666,8840.624586666,8840.624586666,8840.624586666,8840.624586666,8840.624586666,8840.624586666,8840.624586666,8854.13200325,-7,7,9,6,6.17857837500014,5,12.3577880830017,8840.168760125,8840.170972625,8840.624586666,8840.455759208,NaN,NaN,NaN,NaN,,NaN,,8840.165302583,8840.168714,None,NaN,NaN,,NaN,NaN,NaN,NaN,NaN,NaN,NaN,11,kitchen,1,2024-04-06_10h17.33.664,image_similarity_rating,2023.2.3,None,2024-04-06 10h17.46.441618 +0200
,123,126,462,462,stimuli/own/kitchen/123_kit.jpg,stimuli/own/kitchen/126_kit.jpg,NaN,NaN,NaN,NaN,NaN,NaN,NaN,NaN,0,507,507,461,8854.154120416,NaN,NaN,NaN,NaN,NaN,NaN,NaN,,NaN,,8854.438336833,8854.609598625,8854.609598625,8854.609598625,8854.609598625,8854.609598625,8854.609598625,8854.609598625,8854.609598625,8854.609598625,8862.656649708,-7,7,9,4,7.25956420799957,7,3.80605829199885,8854.135760416,8854.154120416,NaN,8854.438317333,NaN,NaN,NaN,NaN,,NaN,,8854.132220875,8854.135713791,None,NaN,NaN,,NaN,NaN,NaN,NaN,NaN,NaN,NaN,11,kitchen,1,2024-04-06_10h17.33.664,image_similarity_rating,2023.2.3,None,2024-04-06 10h17.46.441618 +0200
,105,139,158,158,stimuli/own/kitchen/105_kit.jpg,stimuli/own/kitchen/139_kit.jpg,NaN,NaN,NaN,NaN,NaN,NaN,NaN,NaN,0,508,508,157,8862.662400708,NaN,NaN,NaN,NaN,NaN,NaN,NaN,,NaN,,8862.955601666,8863.12676325,8863.12676325,8863.12676325,8863.12676325,8863.12676325,8863.12676325,8863.12676325,8863.12676325,8863.12676325,8873.953263625,-7,7,9,2,3.84432112499962,3,10.081452082999,8862.660454208,8862.662400708,8863.12676325,8862.955584541,NaN,NaN,NaN,NaN,,NaN,,8862.656867875,8862.660408083,None,NaN,NaN,,NaN,NaN,NaN,NaN,NaN,NaN,NaN,11,kitchen,1,2024-04-06_10h17.33.664,image_similarity_rating,2023.2.3,None,2024-04-06 10h17.46.441618 +0200
,102,138,64,64,stimuli/own/kitchen/102_kit.jpg,stimuli/own/kitchen/138_kit.jpg,NaN,NaN,NaN,NaN,NaN,NaN,NaN,NaN,0,509,509,63,8873.958996625,NaN,NaN,NaN,NaN,NaN,NaN,NaN,,NaN,,8874.242785875,8874.406977375,8874.406977375,8874.406977375,8874.406977375,8874.406977375,8874.406977375,8874.406977375,8874.406977375,8874.406977375,8883.539930708,7,-7,9,2,4.81319537499985,3,8.71447774999979,8873.9570585,8873.958996625,8874.406977375,8874.242773583,NaN,NaN,NaN,NaN,,NaN,,8873.953478708,8873.95701225,None,NaN,NaN,,NaN,NaN,NaN,NaN,NaN,NaN,NaN,11,kitchen,1,2024-04-06_10h17.33.664,image_similarity_rating,2023.2.3,None,2024-04-06 10h17.46.441618 +0200
,138,139,590,590,stimuli/own/kitchen/138_kit.jpg,stimuli/own/kitchen/139_kit.jpg,NaN,NaN,NaN,NaN,NaN,NaN,NaN,NaN,0,510,510,589,8883.545611125,NaN,NaN,NaN,NaN,NaN,NaN,NaN,,NaN,,8883.838771,8884.003602958,8884.003602958,8884.003602958,8884.003602958,8884.003602958,8884.003602958,8884.003602958,8884.003602958,8884.003602958,8899.377895916,-7,7,9,1,11.3867936250008,2,14.5384596669992,8883.543594958,8883.545611125,8884.003602958,8883.8387515,NaN,NaN,NaN,NaN,,NaN,,8883.540147333,8883.543548416,None,NaN,NaN,,NaN,NaN,NaN,NaN,NaN,NaN,NaN,11,kitchen,1,2024-04-06_10h17.33.664,image_similarity_rating,2023.2.3,None,2024-04-06 10h17.46.441618 +0200
,106,139,187,187,stimuli/own/kitchen/106_kit.jpg,stimuli/own/kitchen/139_kit.jpg,NaN,NaN,NaN,NaN,NaN,NaN,NaN,NaN,0,511,511,186,8899.387341708,NaN,NaN,NaN,NaN,NaN,NaN,NaN,,NaN,,8899.67280925,8899.837505125,8899.837505125,8899.837505125,8899.837505125,8899.837505125,8899.837505125,8899.837505125,8899.837505125,8899.837505125,8911.148561791,7,-7,9,1,10.7335916249995,6,4.93326879100096,8899.381604625,8899.387341708,8899.837505125,8899.672790875,NaN,NaN,NaN,NaN,,NaN,,8899.378112833,8899.381548041,None,NaN,NaN,,NaN,NaN,NaN,NaN,NaN,NaN,NaN,11,kitchen,1,2024-04-06_10h17.33.664,image_similarity_rating,2023.2.3,None,2024-04-06 10h17.46.441618 +0200
,109,118,196,196,stimuli/own/kitchen/109_kit.jpg,stimuli/own/kitchen/118_kit.jpg,NaN,NaN,NaN,NaN,NaN,NaN,NaN,NaN,0,512,512,195,8911.1709065,NaN,NaN,NaN,NaN,NaN,NaN,NaN,,NaN,,8911.454859166,8911.623654541,8911.623654541,8911.623654541,8911.623654541,8911.623654541,8911.623654541,8911.623654541,8911.623654541,8911.623654541,8917.269286291,-7,7,9,1,4.89601891699931,7,3.15627608300019,8911.1523325,8911.1709065,NaN,8911.454839791,NaN,NaN,NaN,NaN,,NaN,,8911.148780875,8911.152285541,None,NaN,NaN,,NaN,NaN,NaN,NaN,NaN,NaN,NaN,11,kitchen,1,2024-04-06_10h17.33.664,image_similarity_rating,2023.2.3,None,2024-04-06 10h17.46.441618 +0200
,105,109,132,132,stimuli/own/kitchen/105_kit.jpg,stimuli/own/kitchen/109_kit.jpg,NaN,NaN,NaN,NaN,NaN,NaN,NaN,NaN,0,513,513,131,8917.274927,NaN,NaN,NaN,NaN,NaN,NaN,NaN,,NaN,,8917.559162875,8917.722825666,8917.722825666,8917.722825666,8917.722825666,8917.722825666,8917.722825666,8917.722825666,8917.722825666,8917.722825666,8923.843908875,-7,7,9,1,5.76663649999864,6,2.95894112499991,8917.272988583,8917.274927,8917.722825666,8917.559150208,NaN,NaN,NaN,NaN,,NaN,,8917.269504875,8917.272942166,None,NaN,NaN,,NaN,NaN,NaN,NaN,NaN,NaN,NaN,11,kitchen,1,2024-04-06_10h17.33.664,image_similarity_rating,2023.2.3,None,2024-04-06 10h17.46.441618 +0200
,103,118,78,78,stimuli/own/kitchen/103_kit.jpg,stimuli/own/kitchen/118_kit.jpg,NaN,NaN,NaN,NaN,NaN,NaN,NaN,NaN,0,514,514,77,8923.854100041,NaN,NaN,NaN,NaN,NaN,NaN,NaN,,NaN,,8924.138560583,8924.304208166,8924.304208166,8924.304208166,8924.304208166,8924.304208166,8924.304208166,8924.304208166,8924.304208166,8924.304208166,8931.840833416,7,-7,9,6,3.69951504200071,5,5.86365866699998,8923.847566666,8923.854100041,8924.304208166,8924.138535083,NaN,NaN,NaN,NaN,,NaN,,8923.844123416,8923.847520666,None,NaN,NaN,,NaN,NaN,NaN,NaN,NaN,NaN,NaN,11,kitchen,1,2024-04-06_10h17.33.664,image_similarity_rating,2023.2.3,None,2024-04-06 10h17.46.441618 +0200
,126,134,510,510,stimuli/own/kitchen/126_kit.jpg,stimuli/own/kitchen/134_kit.jpg,NaN,NaN,NaN,NaN,NaN,NaN,NaN,NaN,0,515,515,509,8931.846623125,NaN,NaN,NaN,NaN,NaN,NaN,NaN,,NaN,,8932.138528916,8932.304564166,8932.304564166,8932.304564166,8932.304564166,8932.304564166,8932.304564166,8932.304564166,8932.304564166,8932.304564166,8939.210619291,-7,7,9,6,3.98784945899934,6,5.47566124999867,8931.8445155,8931.846623125,8932.304564166,8932.138512916,NaN,NaN,NaN,NaN,,NaN,,8931.841054,8931.844469041,None,NaN,NaN,,NaN,NaN,NaN,NaN,NaN,NaN,NaN,11,kitchen,1,2024-04-06_10h17.33.664,image_similarity_rating,2023.2.3,None,2024-04-06 10h17.46.441618 +0200
,130,139,548,548,stimuli/own/kitchen/130_kit.jpg,stimuli/own/kitchen/139_kit.jpg,NaN,NaN,NaN,NaN,NaN,NaN,NaN,NaN,0,516,516,547,8939.22054225,NaN,NaN,NaN,NaN,NaN,NaN,NaN,,NaN,,8939.505146958,8939.670787,8939.670787,8939.670787,8939.670787,8939.670787,8939.670787,8939.670787,8939.670787,8939.670787,8951.427112125,-7,7,9,4,8.32190420799998,5,11.3474542920012,8939.214295708,8939.22054225,8939.670787,8939.505120041,NaN,NaN,NaN,NaN,,NaN,,8939.210835958,8939.214249125,None,NaN,NaN,,NaN,NaN,NaN,NaN,NaN,NaN,NaN,11,kitchen,1,2024-04-06_10h17.33.664,image_similarity_rating,2023.2.3,None,2024-04-06 10h17.46.441618 +0200
,104,124,115,115,stimuli/own/kitchen/104_kit.jpg,stimuli/own/kitchen/124_kit.jpg,NaN,NaN,NaN,NaN,NaN,NaN,NaN,NaN,0,517,517,114,8951.437356666,NaN,NaN,NaN,NaN,NaN,NaN,NaN,,NaN,,8951.722295,8951.886856791,8951.886856791,8951.886856791,8951.886856791,8951.886856791,8951.886856791,8951.886856791,8951.886856791,8951.886856791,8964.427842208,7,-7,9,6,7.17427070899976,4,12.1960977920007,8951.43078025,8951.437356666,8951.886856791,8951.722279375,NaN,NaN,NaN,NaN,,NaN,,8951.42732825,8951.430734333,None,NaN,NaN,,NaN,NaN,NaN,NaN,NaN,NaN,NaN,11,kitchen,1,2024-04-06_10h17.33.664,image_similarity_rating,2023.2.3,None,2024-04-06 10h17.46.441618 +0200
,121,127,430,430,stimuli/own/kitchen/121_kit.jpg,stimuli/own/kitchen/127_kit.jpg,NaN,NaN,NaN,NaN,NaN,NaN,NaN,NaN,0,518,518,429,8964.437122791,NaN,NaN,NaN,NaN,NaN,NaN,NaN,,NaN,,8964.722297375,8964.886229291,8964.886229291,8964.886229291,8964.886229291,8964.886229291,8964.886229291,8964.886229291,8964.886229291,8964.886229291,8974.098841375,7,-7,9,4,8.48422070800007,2,4.60017104199869,8964.431528333,8964.437122791,8964.886229291,8964.722283708,NaN,NaN,NaN,NaN,,NaN,,8964.428064041,8964.431482208,None,NaN,NaN,,NaN,NaN,NaN,NaN,NaN,NaN,NaN,11,kitchen,1,2024-04-06_10h17.33.664,image_similarity_rating,2023.2.3,None,2024-04-06 10h17.46.441618 +0200
,109,125,203,203,stimuli/own/kitchen/109_kit.jpg,stimuli/own/kitchen/125_kit.jpg,NaN,NaN,NaN,NaN,NaN,NaN,NaN,NaN,0,519,519,202,8974.105436916,NaN,NaN,NaN,NaN,NaN,NaN,NaN,,NaN,,8974.392850791,8974.561056666,8974.561056666,8974.561056666,8974.561056666,8974.561056666,8974.561056666,8974.561056666,8974.561056666,8974.561056666,8988.640434916,7,-7,9,1,2.56348229200012,5,13.5609024170008,8974.10250625,8974.105436916,8974.561056666,8974.392835875,NaN,NaN,NaN,NaN,,NaN,,8974.099058666,8974.102459916,None,NaN,NaN,,NaN,NaN,NaN,NaN,NaN,NaN,NaN,11,kitchen,1,2024-04-06_10h17.33.664,image_similarity_rating,2023.2.3,None,2024-04-06 10h17.46.441618 +0200
,105,129,149,149,stimuli/own/kitchen/105_kit.jpg,stimuli/own/kitchen/129_kit.jpg,NaN,NaN,NaN,NaN,NaN,NaN,NaN,NaN,0,520,520,148,8988.646032875,NaN,NaN,NaN,NaN,NaN,NaN,NaN,,NaN,,8988.938261541,8989.108207208,8989.108207208,8989.108207208,8989.108207208,8989.108207208,8989.108207208,8989.108207208,8989.108207208,8989.108207208,8998.340114916,7,-7,9,1,3.47564283300017,3,8.8094006249994,8988.64409775,8988.646032875,8989.108207208,8988.938244,NaN,NaN,NaN,NaN,,NaN,,8988.640651833,8988.644042083,None,NaN,NaN,,NaN,NaN,NaN,NaN,NaN,NaN,NaN,11,kitchen,1,2024-04-06_10h17.33.664,image_similarity_rating,2023.2.3,None,2024-04-06 10h17.46.441618 +0200
,121,140,441,441,stimuli/own/kitchen/121_kit.jpg,stimuli/own/kitchen/140_kit.jpg,NaN,NaN,NaN,NaN,NaN,NaN,NaN,NaN,0,521,521,440,8998.345573166,NaN,NaN,NaN,NaN,NaN,NaN,NaN,,NaN,,8998.638311666,8998.805860916,8998.805860916,8998.805860916,8998.805860916,8998.805860916,8998.805860916,8998.805860916,8998.805860916,8998.805860916,9006.064867375,7,-7,9,1,5.88925033300075,7,2.81374899999901,8998.343805791,8998.345573166,8998.805860916,8998.638294125,NaN,NaN,NaN,NaN,,NaN,,8998.340332625,8998.343759916,None,NaN,NaN,,NaN,NaN,NaN,NaN,NaN,NaN,NaN,11,kitchen,1,2024-04-06_10h17.33.664,image_similarity_rating,2023.2.3,None,2024-04-06 10h17.46.441618 +0200
,102,140,66,66,stimuli/own/kitchen/102_kit.jpg,stimuli/own/kitchen/140_kit.jpg,NaN,NaN,NaN,NaN,NaN,NaN,NaN,NaN,0,522,522,65,9006.087271875,NaN,NaN,NaN,NaN,NaN,NaN,NaN,,NaN,,9006.371240291,9006.538015666,9006.538015666,9006.538015666,9006.538015666,9006.538015666,9006.538015666,9006.538015666,9006.538015666,9006.538015666,9021.222744708,-7,7,9,7,9.09201195800051,5,13.263154332999,9006.068626041,9006.087271875,NaN,9006.3712195,NaN,NaN,NaN,NaN,,NaN,,9006.065088625,9006.068579625,None,NaN,NaN,,NaN,NaN,NaN,NaN,NaN,NaN,NaN,11,kitchen,1,2024-04-06_10h17.33.664,image_similarity_rating,2023.2.3,None,2024-04-06 10h17.46.441618 +0200
,120,122,407,407,stimuli/own/kitchen/120_kit.jpg,stimuli/own/kitchen/122_kit.jpg,NaN,NaN,NaN,NaN,NaN,NaN,NaN,NaN,0,523,523,406,9021.228328166,NaN,NaN,NaN,NaN,NaN,NaN,NaN,,NaN,,9021.521441375,9021.685898208,9021.685898208,9021.685898208,9021.685898208,9021.685898208,9021.685898208,9021.685898208,9021.685898208,9021.685898208,9029.393061125,7,-7,9,7,5.08655933299997,6,6.71570175000124,9021.2264015,9021.228328166,9021.685898208,9021.521426625,NaN,NaN,NaN,NaN,,NaN,,9021.222963416,9021.226355291,None,NaN,NaN,,NaN,NaN,NaN,NaN,NaN,NaN,NaN,11,kitchen,1,2024-04-06_10h17.33.664,image_similarity_rating,2023.2.3,None,2024-04-06 10h17.46.441618 +0200
,114,134,312,312,stimuli/own/kitchen/114_kit.jpg,stimuli/own/kitchen/134_kit.jpg,NaN,NaN,NaN,NaN,NaN,NaN,NaN,NaN,0,524,524,311,9029.403509541,NaN,NaN,NaN,NaN,NaN,NaN,NaN,,NaN,,9029.68828275,9029.855488125,9029.855488125,9029.855488125,9029.855488125,9029.855488125,9029.855488125,9029.855488125,9029.855488125,9029.855488125,9038.116302958,-7,7,9,7,6.48207195900068,6,7.93828070800009,9029.396712,9029.403509541,9029.855488125,9029.688265833,NaN,NaN,NaN,NaN,,NaN,,9029.393281416,9029.396666041,None,NaN,NaN,,NaN,NaN,NaN,NaN,NaN,NaN,NaN,11,kitchen,1,2024-04-06_10h17.33.664,image_similarity_rating,2023.2.3,None,2024-04-06 10h17.46.441618 +0200
,132,136,562,562,stimuli/own/kitchen/132_kit.jpg,stimuli/own/kitchen/136_kit.jpg,NaN,NaN,NaN,NaN,NaN,NaN,NaN,NaN,0,525,525,561,9038.1217995,NaN,NaN,NaN,NaN,NaN,NaN,NaN,,NaN,,9038.405851375,9038.57046375,9038.57046375,9038.57046375,9038.57046375,9038.57046375,9038.57046375,9038.57046375,9038.57046375,9038.57046375,9044.33157875,-7,7,9,5,5.24772325000049,5,2.53916899999967,9038.119980041,9038.1217995,9038.57046375,9038.405837208,NaN,NaN,NaN,NaN,,NaN,,9038.116518166,9038.119934166,None,NaN,NaN,,NaN,NaN,NaN,NaN,NaN,NaN,NaN,11,kitchen,1,2024-04-06_10h17.33.664,image_similarity_rating,2023.2.3,None,2024-04-06 10h17.46.441618 +0200
,129,140,539,539,stimuli/own/kitchen/129_kit.jpg,stimuli/own/kitchen/140_kit.jpg,NaN,NaN,NaN,NaN,NaN,NaN,NaN,NaN,0,526,526,538,9044.353632375,NaN,NaN,NaN,NaN,NaN,NaN,NaN,,NaN,,9044.637697875,9044.809441666,9044.809441666,9044.809441666,9044.809441666,9044.809441666,9044.809441666,9044.809441666,9044.809441666,9044.809441666,9053.043096541,7,-7,9,1,7.33317458300007,6,5.20581154200045,9044.335227291,9044.353632375,NaN,9044.637677041,NaN,NaN,NaN,NaN,,NaN,,9044.331796541,9044.335180875,None,NaN,NaN,,NaN,NaN,NaN,NaN,NaN,NaN,NaN,11,kitchen,1,2024-04-06_10h17.33.664,image_similarity_rating,2023.2.3,None,2024-04-06 10h17.46.441618 +0200
,127,129,518,518,stimuli/own/kitchen/127_kit.jpg,stimuli/own/kitchen/129_kit.jpg,NaN,NaN,NaN,NaN,NaN,NaN,NaN,NaN,0,527,527,517,9053.053655833,NaN,NaN,NaN,NaN,NaN,NaN,NaN,,NaN,,9053.338109208,9053.506498708,9053.506498708,9053.506498708,9053.506498708,9053.506498708,9053.506498708,9053.506498708,9053.506498708,9053.506498708,9062.602635791,7,-7,9,1,8.44266008299928,4,6.59731337500125,9053.04685225,9053.053655833,9053.506498708,9053.338091625,NaN,NaN,NaN,NaN,,NaN,,9053.043312333,9053.046805583,None,NaN,NaN,,NaN,NaN,NaN,NaN,NaN,NaN,NaN,11,kitchen,1,2024-04-06_10h17.33.664,image_similarity_rating,2023.2.3,None,2024-04-06 10h17.46.441618 +0200
,104,131,121,614,stimuli/own/kitchen/104_kit.jpg,stimuli/own/kitchen/131_kit.jpg,NaN,NaN,NaN,NaN,NaN,NaN,NaN,NaN,0,528,528,613,9062.608414166,NaN,NaN,NaN,NaN,NaN,NaN,NaN,,NaN,,9062.892030375,9063.056502166,9063.056502166,9063.056502166,9063.056502166,9063.056502166,9063.056502166,9063.056502166,9063.056502166,9063.056502166,9071.898503875,7,-7,9,1,3.67752383299921,3,8.46250854199934,9062.606327791,9062.608414166,9063.056502166,9062.89201725,NaN,NaN,NaN,NaN,,NaN,,9062.602850958,9062.606280875,None,NaN,NaN,,NaN,NaN,NaN,NaN,NaN,NaN,NaN,11,kitchen,1,2024-04-06_10h17.33.664,image_similarity_rating,2023.2.3,None,2024-04-06 10h17.46.441618 +0200
,111,127,232,232,stimuli/own/kitchen/111_kit.jpg,stimuli/own/kitchen/127_kit.jpg,NaN,NaN,NaN,NaN,NaN,NaN,NaN,NaN,0,529,529,231,9071.905064458,NaN,NaN,NaN,NaN,NaN,NaN,NaN,,NaN,,9072.188039541,9072.352504041,9072.352504041,9072.352504041,9072.352504041,9072.352504041,9072.352504041,9072.352504041,9072.352504041,9072.352504041,9085.222783625,-7,7,9,3,6.65029499999946,4,12.3826645839999,9071.902172333,9071.905064458,9072.352504041,9072.188024666,NaN,NaN,NaN,NaN,,NaN,,9071.898718125,9071.902125708,None,NaN,NaN,,NaN,NaN,NaN,NaN,NaN,NaN,NaN,11,kitchen,1,2024-04-06_10h17.33.664,image_similarity_rating,2023.2.3,None,2024-04-06 10h17.46.441618 +0200
,135,141,580,580,stimuli/own/kitchen/135_kit.jpg,stimuli/own/kitchen/141_kit.jpg,NaN,NaN,NaN,NaN,NaN,NaN,NaN,NaN,0,530,530,579,9085.228672541,NaN,NaN,NaN,NaN,NaN,NaN,NaN,,NaN,,9085.521319541,9085.6925515,9085.6925515,9085.6925515,9085.6925515,9085.6925515,9085.6925515,9085.6925515,9085.6925515,9085.6925515,9094.735895166,7,-7,9,4,4.91649720799978,3,8.71728700000131,9085.226588625,9085.228672541,9085.6925515,9085.521298833,NaN,NaN,NaN,NaN,,NaN,,9085.22301975,9085.226542,None,NaN,NaN,,NaN,NaN,NaN,NaN,NaN,NaN,NaN,11,kitchen,1,2024-04-06_10h17.33.664,image_similarity_rating,2023.2.3,None,2024-04-06 10h17.46.441618 +0200
,112,139,268,268,stimuli/own/kitchen/112_kit.jpg,stimuli/own/kitchen/139_kit.jpg,NaN,NaN,NaN,NaN,NaN,NaN,NaN,NaN,0,531,531,267,9094.741691916,NaN,NaN,NaN,NaN,NaN,NaN,NaN,,NaN,,9095.025867083,9095.192415458,9095.192415458,9095.192415458,9095.192415458,9095.192415458,9095.192415458,9095.192415458,9095.192415458,9095.192415458,9106.790591,-7,7,9,1,2.99245420899933,3,11.2172792500005,9094.739628125,9094.741691916,9095.192415458,9095.025853166,NaN,NaN,NaN,NaN,,NaN,,9094.736110958,9094.739581,None,NaN,NaN,,NaN,NaN,NaN,NaN,NaN,NaN,NaN,11,kitchen,1,2024-04-06_10h17.33.664,image_similarity_rating,2023.2.3,None,2024-04-06 10h17.46.441618 +0200
,123,130,465,465,stimuli/own/kitchen/123_kit.jpg,stimuli/own/kitchen/130_kit.jpg,NaN,NaN,NaN,NaN,NaN,NaN,NaN,NaN,0,532,532,464,9106.803297958,NaN,NaN,NaN,NaN,NaN,NaN,NaN,,NaN,,9107.088054041,9107.259773416,9107.259773416,9107.259773416,9107.259773416,9107.259773416,9107.259773416,9107.259773416,9107.259773416,9107.259773416,9117.935875083,7,-7,9,3,5.45013570799892,2,10.2980859999989,9106.794478375,9106.803297958,9107.259773416,9107.088038,NaN,NaN,NaN,NaN,,NaN,,9106.79082075,9106.7944295,None,NaN,NaN,,NaN,NaN,NaN,NaN,NaN,NaN,NaN,11,kitchen,1,2024-04-06_10h17.33.664,image_similarity_rating,2023.2.3,None,2024-04-06 10h17.46.441618 +0200
,102,126,54,54,stimuli/own/kitchen/102_kit.jpg,stimuli/own/kitchen/126_kit.jpg,NaN,NaN,NaN,NaN,NaN,NaN,NaN,NaN,0,533,533,53,9117.941505791,NaN,NaN,NaN,NaN,NaN,NaN,NaN,,NaN,,9118.225487833,9118.39292375,9118.39292375,9118.39292375,9118.39292375,9118.39292375,9118.39292375,9118.39292375,9118.39292375,9118.39292375,9128.572474291,-7,7,9,3,8.31598991600004,4,5.00800529199842,9117.939587666,9117.941505791,9118.39292375,9118.22547225,NaN,NaN,NaN,NaN,,NaN,,9117.936093458,9117.939540583,None,NaN,NaN,,NaN,NaN,NaN,NaN,NaN,NaN,NaN,11,kitchen,1,2024-04-06_10h17.33.664,image_similarity_rating,2023.2.3,None,2024-04-06 10h17.46.441618 +0200
,113,125,281,281,stimuli/own/kitchen/113_kit.jpg,stimuli/own/kitchen/125_kit.jpg,NaN,NaN,NaN,NaN,NaN,NaN,NaN,NaN,0,534,534,280,9128.578371791,NaN,NaN,NaN,NaN,NaN,NaN,NaN,,NaN,,9128.871219083,9129.036623375,9129.036623375,9129.036623375,9129.036623375,9129.036623375,9129.036623375,9129.036623375,9129.036623375,9129.036623375,9136.985683875,-7,7,9,2,7.44498745800047,1,2.48617583399937,9128.576267041,9128.578371791,9129.036623375,9128.871203666,NaN,NaN,NaN,NaN,,NaN,,9128.572694041,9128.576220333,None,NaN,NaN,,NaN,NaN,NaN,NaN,NaN,NaN,NaN,11,kitchen,1,2024-04-06_10h17.33.664,image_similarity_rating,2023.2.3,None,2024-04-06 10h17.46.441618 +0200
,104,134,123,123,stimuli/own/kitchen/104_kit.jpg,stimuli/own/kitchen/134_kit.jpg,NaN,NaN,NaN,NaN,NaN,NaN,NaN,NaN,0,535,535,122,9136.991334875,NaN,NaN,NaN,NaN,NaN,NaN,NaN,,NaN,,9137.275260541,9137.440954791,9137.440954791,9137.440954791,9137.440954791,9137.440954791,9137.440954791,9137.440954791,9137.440954791,9137.440954791,9149.852164708,7,-7,9,2,9.19003816599979,2,11.413146709001,9136.989404916,9136.991334875,9137.440954791,9137.275248375,NaN,NaN,NaN,NaN,,NaN,,9136.985909166,9136.989358375,None,NaN,NaN,,NaN,NaN,NaN,NaN,NaN,NaN,NaN,11,kitchen,1,2024-04-06_10h17.33.664,image_similarity_rating,2023.2.3,None,2024-04-06 10h17.46.441618 +0200
,101,125,20,20,stimuli/own/kitchen/101_kit.jpg,stimuli/own/kitchen/125_kit.jpg,NaN,NaN,NaN,NaN,NaN,NaN,NaN,NaN,0,536,536,19,9149.857887625,NaN,NaN,NaN,NaN,NaN,NaN,NaN,,NaN,,9150.142067875,9150.3056115,9150.3056115,9150.3056115,9150.3056115,9150.3056115,9150.3056115,9150.3056115,9150.3056115,9150.3056115,9157.314974583,7,-7,9,5,5.13266941700022,7,2.86677979200067,9149.856134958,9149.857887625,9150.3056115,9150.1420555,NaN,NaN,NaN,NaN,,NaN,,9149.852399666,9149.856085333,None,NaN,NaN,,NaN,NaN,NaN,NaN,NaN,NaN,NaN,11,kitchen,1,2024-04-06_10h17.33.664,image_similarity_rating,2023.2.3,None,2024-04-06 10h17.46.441618 +0200
,105,112,134,134,stimuli/own/kitchen/105_kit.jpg,stimuli/own/kitchen/112_kit.jpg,NaN,NaN,NaN,NaN,NaN,NaN,NaN,NaN,0,537,537,133,9157.321183375,NaN,NaN,NaN,NaN,NaN,NaN,NaN,,NaN,,9157.604498708,9157.769666625,9157.769666625,9157.769666625,9157.769666625,9157.769666625,9157.769666625,9157.769666625,9157.769666625,9157.769666625,9169.188777583,-7,7,9,4,11.0224812920005,1,4.1642229170011,9157.318643958,9157.321183375,9157.769666625,9157.604479416,NaN,NaN,NaN,NaN,,NaN,,9157.315191708,9157.318591291,None,NaN,NaN,,NaN,NaN,NaN,NaN,NaN,NaN,NaN,11,kitchen,1,2024-04-06_10h17.33.664,image_similarity_rating,2023.2.3,None,2024-04-06 10h17.46.441618 +0200
,103,136,94,94,stimuli/own/kitchen/103_kit.jpg,stimuli/own/kitchen/136_kit.jpg,NaN,NaN,NaN,NaN,NaN,NaN,NaN,NaN,0,538,538,93,9169.194545916,NaN,NaN,NaN,NaN,NaN,NaN,NaN,,NaN,,9169.487619208,9169.65380825,9169.65380825,9169.65380825,9169.65380825,9169.65380825,9169.65380825,9169.65380825,9169.65380825,9169.65380825,9178.435150416,-7,7,9,4,8.34535020899966,6,3.13825491700118,9169.19244175,9169.194545916,9169.65380825,9169.487598083,NaN,NaN,NaN,NaN,,NaN,,9169.188993875,9169.1923955,None,NaN,NaN,,NaN,NaN,NaN,NaN,NaN,NaN,NaN,11,kitchen,1,2024-04-06_10h17.33.664,image_similarity_rating,2023.2.3,None,2024-04-06 10h17.46.441618 +0200
,114,120,300,300,stimuli/own/kitchen/114_kit.jpg,stimuli/own/kitchen/120_kit.jpg,NaN,NaN,NaN,NaN,NaN,NaN,NaN,NaN,0,539,539,299,9178.440813666,NaN,NaN,NaN,NaN,NaN,NaN,NaN,,NaN,,9178.725096666,9178.890846083,9178.890846083,9178.890846083,9178.890846083,9178.890846083,9178.890846083,9178.890846083,9178.890846083,9178.890846083,9187.634985458,7,-7,9,6,6.11348233299941,6,3.57675766699867,9178.438879125,9178.440813666,9178.890846083,9178.725083958,NaN,NaN,NaN,NaN,,NaN,,9178.435380833,9178.438832208,None,NaN,NaN,,NaN,NaN,NaN,NaN,NaN,NaN,NaN,11,kitchen,1,2024-04-06_10h17.33.664,image_similarity_rating,2023.2.3,None,2024-04-06 10h17.46.441618 +0200
,119,129,394,394,stimuli/own/kitchen/119_kit.jpg,stimuli/own/kitchen/129_kit.jpg,NaN,NaN,NaN,NaN,NaN,NaN,NaN,NaN,0,540,540,393,9187.640810375,NaN,NaN,NaN,NaN,NaN,NaN,NaN,,NaN,,9187.925500166,9188.094066291,9188.094066291,9188.094066291,9188.094066291,9188.094066291,9188.094066291,9188.094066291,9188.094066291,9188.094066291,9200.86421225,-7,7,9,1,2.74958666699968,5,12.0683815409993,9187.638714291,9187.640810375,9188.094066291,9187.925482041,NaN,NaN,NaN,NaN,,NaN,,9187.635214875,9187.638668333,None,NaN,NaN,,NaN,NaN,NaN,NaN,NaN,NaN,NaN,11,kitchen,1,2024-04-06_10h17.33.664,image_similarity_rating,2023.2.3,None,2024-04-06 10h17.46.441618 +0200
,112,129,259,259,stimuli/own/kitchen/112_kit.jpg,stimuli/own/kitchen/129_kit.jpg,NaN,NaN,NaN,NaN,NaN,NaN,NaN,NaN,0,541,541,258,9200.886739333,NaN,NaN,NaN,NaN,NaN,NaN,NaN,,NaN,,9201.17053025,9201.337915083,9201.337915083,9201.337915083,9201.337915083,9201.337915083,9201.337915083,9201.337915083,9201.337915083,9201.337915083,9208.221993708,-7,7,9,1,6.492938667001,3,4.11206683299861,9200.867873,9200.886739333,NaN,9201.170508583,NaN,NaN,NaN,NaN,,NaN,,9200.86444375,9200.867827375,None,NaN,NaN,,NaN,NaN,NaN,NaN,NaN,NaN,NaN,11,kitchen,1,2024-04-06_10h17.33.664,image_similarity_rating,2023.2.3,None,2024-04-06 10h17.46.441618 +0200
,130,138,547,547,stimuli/own/kitchen/130_kit.jpg,stimuli/own/kitchen/138_kit.jpg,NaN,NaN,NaN,NaN,NaN,NaN,NaN,NaN,0,542,542,546,9208.227485083,NaN,NaN,NaN,NaN,NaN,NaN,NaN,,NaN,,9208.520994416,9208.691261208,9208.691261208,9208.691261208,9208.691261208,9208.691261208,9208.691261208,9208.691261208,9208.691261208,9208.691261208,9217.788786458,7,-7,9,3,5.41129454200018,2,8.6042809999999,9208.225650125,9208.227485083,9208.691261208,9208.520977125,NaN,NaN,NaN,NaN,,NaN,,9208.22221025,9208.225601,None,NaN,NaN,,NaN,NaN,NaN,NaN,NaN,NaN,NaN,11,kitchen,1,2024-04-06_10h17.33.664,image_similarity_rating,2023.2.3,None,2024-04-06 10h17.46.441618 +0200
,101,124,19,19,stimuli/own/kitchen/101_kit.jpg,stimuli/own/kitchen/124_kit.jpg,NaN,NaN,NaN,NaN,NaN,NaN,NaN,NaN,0,543,543,18,9217.794374208,NaN,NaN,NaN,NaN,NaN,NaN,NaN,,NaN,,9218.0873505,9218.251084583,9218.251084583,9218.251084583,9218.251084583,9218.251084583,9218.251084583,9218.251084583,9218.251084583,9218.251084583,9230.797140416,7,-7,9,3,10.8289646659996,3,7.50473262499872,9217.792440333,9217.794374208,9218.251084583,9218.087337833,NaN,NaN,NaN,NaN,,NaN,,9217.789002583,9217.792393708,None,NaN,NaN,,NaN,NaN,NaN,NaN,NaN,NaN,NaN,11,kitchen,1,2024-04-06_10h17.33.664,image_similarity_rating,2023.2.3,None,2024-04-06 10h17.46.441618 +0200
,109,114,193,193,stimuli/own/kitchen/109_kit.jpg,stimuli/own/kitchen/114_kit.jpg,NaN,NaN,NaN,NaN,NaN,NaN,NaN,NaN,0,544,544,192,9230.80259025,NaN,NaN,NaN,NaN,NaN,NaN,NaN,,NaN,,9231.087592,9231.254456458,9231.254456458,9231.254456458,9231.254456458,9231.254456458,9231.254456458,9231.254456458,9231.254456458,9231.254456458,9242.89694,-7,7,9,1,10.258098708,6,8.25364941599946,9230.8008075,9230.80259025,9231.254456458,9231.087576333,NaN,NaN,NaN,NaN,,NaN,,9230.797357958,9230.800760875,None,NaN,NaN,,NaN,NaN,NaN,NaN,NaN,NaN,NaN,11,kitchen,1,2024-04-06_10h17.33.664,image_similarity_rating,2023.2.3,None,2024-04-06 10h17.46.441618 +0200
,114,116,296,296,stimuli/own/kitchen/114_kit.jpg,stimuli/own/kitchen/116_kit.jpg,NaN,NaN,NaN,NaN,NaN,NaN,NaN,NaN,0,545,545,295,9242.902794708,NaN,NaN,NaN,NaN,NaN,NaN,NaN,,NaN,,9243.187434541,9243.352652958,9243.352652958,9243.352652958,9243.352652958,9243.352652958,9243.352652958,9243.352652958,9243.352652958,9243.352652958,9255.305471958,-7,7,9,5,10.5764957910014,5,7.36406641599933,9242.900610875,9242.902794708,9243.352652958,9243.187417625,NaN,NaN,NaN,NaN,,NaN,,9242.897155541,9242.900564791,None,NaN,NaN,,NaN,NaN,NaN,NaN,NaN,NaN,NaN,11,kitchen,1,2024-04-06_10h17.33.664,image_similarity_rating,2023.2.3,None,2024-04-06 10h17.46.441618 +0200
,124,125,476,476,stimuli/own/kitchen/124_kit.jpg,stimuli/own/kitchen/125_kit.jpg,NaN,NaN,NaN,NaN,NaN,NaN,NaN,NaN,0,546,546,475,9255.311053041,NaN,NaN,NaN,NaN,NaN,NaN,NaN,,NaN,,9255.604233958,9255.772609666,9255.772609666,9255.772609666,9255.772609666,9255.772609666,9255.772609666,9255.772609666,9255.772609666,9255.772609666,9266.244023083,7,-7,9,6,2.94240591699963,3,9.82985704199928,9255.309135208,9255.311053041,9255.772609666,9255.604217041,NaN,NaN,NaN,NaN,,NaN,,9255.305690458,9255.309088708,None,NaN,NaN,,NaN,NaN,NaN,NaN,NaN,NaN,NaN,11,kitchen,1,2024-04-06_10h17.33.664,image_similarity_rating,2023.2.3,None,2024-04-06 10h17.46.441618 +0200
,124,129,479,479,stimuli/own/kitchen/124_kit.jpg,stimuli/own/kitchen/129_kit.jpg,NaN,NaN,NaN,NaN,NaN,NaN,NaN,NaN,0,547,547,478,9266.252865625,NaN,NaN,NaN,NaN,NaN,NaN,NaN,,NaN,,9266.537407125,9266.708416541,9266.708416541,9266.708416541,9266.708416541,9266.708416541,9266.708416541,9266.708416541,9266.708416541,9266.708416541,9273.547249291,-7,7,9,1,6.52837708399966,6,2.6059754580001,9266.247687916,9266.252865625,9266.708416541,9266.537389625,NaN,NaN,NaN,NaN,,NaN,,9266.244237583,9266.24764125,None,NaN,NaN,,NaN,NaN,NaN,NaN,NaN,NaN,NaN,11,kitchen,1,2024-04-06_10h17.33.664,image_similarity_rating,2023.2.3,None,2024-04-06 10h17.46.441618 +0200
,102,125,53,53,stimuli/own/kitchen/102_kit.jpg,stimuli/own/kitchen/125_kit.jpg,NaN,NaN,NaN,NaN,NaN,NaN,NaN,NaN,0,548,548,52,9273.552686875,NaN,NaN,NaN,NaN,NaN,NaN,NaN,,NaN,,9273.837560833,9274.002809208,9274.002809208,9274.002809208,9274.002809208,9274.002809208,9274.002809208,9274.002809208,9274.002809208,9274.002809208,9280.451563166,-7,7,9,2,5.64788979199875,4,3.4139648750006,9273.550900541,9273.552686875,9274.002809208,9273.83754525,NaN,NaN,NaN,NaN,,NaN,,9273.547467333,9273.550854416,None,NaN,NaN,,NaN,NaN,NaN,NaN,NaN,NaN,NaN,11,kitchen,1,2024-04-06_10h17.33.664,image_similarity_rating,2023.2.3,None,2024-04-06 10h17.46.441618 +0200
,114,127,307,307,stimuli/own/kitchen/114_kit.jpg,stimuli/own/kitchen/127_kit.jpg,NaN,NaN,NaN,NaN,NaN,NaN,NaN,NaN,0,549,549,306,9280.457147708,NaN,NaN,NaN,NaN,NaN,NaN,NaN,,NaN,,9280.741566625,9280.909523333,9280.909523333,9280.909523333,9280.909523333,9280.909523333,9280.909523333,9280.909523333,9280.909523333,9280.909523333,9292.9680965,7,-7,9,3,11.4305867919993,1,7.32727433299988,9280.455379083,9280.457147708,9280.909523333,9280.741551916,NaN,NaN,NaN,NaN,,NaN,,9280.451806458,9280.455331666,None,NaN,NaN,,NaN,NaN,NaN,NaN,NaN,NaN,NaN,11,kitchen,1,2024-04-06_10h17.33.664,image_similarity_rating,2023.2.3,None,2024-04-06 10h17.46.441618 +0200
,119,135,399,399,stimuli/own/kitchen/119_kit.jpg,stimuli/own/kitchen/135_kit.jpg,NaN,NaN,NaN,NaN,NaN,NaN,NaN,NaN,0,550,550,398,9292.973617833,NaN,NaN,NaN,NaN,NaN,NaN,NaN,,NaN,,9293.25793325,9293.4210455,9293.4210455,9293.4210455,9293.4210455,9293.4210455,9293.4210455,9293.4210455,9293.4210455,9293.4210455,9300.358974041,-7,7,9,2,6.12316474999898,3,4.06406229099957,9292.971807,9292.973617833,9293.4210455,9293.257916791,NaN,NaN,NaN,NaN,,NaN,,9292.968319875,9292.971759958,None,NaN,NaN,,NaN,NaN,NaN,NaN,NaN,NaN,NaN,11,kitchen,1,2024-04-06_10h17.33.664,image_similarity_rating,2023.2.3,None,2024-04-06 10h17.46.441618 +0200
,119,127,393,393,stimuli/own/kitchen/119_kit.jpg,stimuli/own/kitchen/127_kit.jpg,NaN,NaN,NaN,NaN,NaN,NaN,NaN,NaN,0,551,551,392,9300.36935775,NaN,NaN,NaN,NaN,NaN,NaN,NaN,,NaN,,9300.654034625,9300.81975,9300.81975,9300.81975,9300.81975,9300.81975,9300.81975,9300.81975,9300.81975,9300.81975,9311.196773583,-7,7,9,2,10.1028332920014,1,4.04690183399907,9300.362656583,9300.36935775,9300.81975,9300.654018916,NaN,NaN,NaN,NaN,,NaN,,9300.35919325,9300.362610083,None,NaN,NaN,,NaN,NaN,NaN,NaN,NaN,NaN,NaN,11,kitchen,1,2024-04-06_10h17.33.664,image_similarity_rating,2023.2.3,None,2024-04-06 10h17.46.441618 +0200
,117,118,343,343,stimuli/own/kitchen/117_kit.jpg,stimuli/own/kitchen/118_kit.jpg,NaN,NaN,NaN,NaN,NaN,NaN,NaN,NaN,0,552,552,342,9311.202752708,NaN,NaN,NaN,NaN,NaN,NaN,NaN,,NaN,,9311.487371791,9311.658580833,9311.658580833,9311.658580833,9311.658580833,9311.658580833,9311.658580833,9311.658580833,9311.658580833,9311.658580833,9324.821707083,-7,7,9,5,12.6636676670005,3,6.921716750001,9311.20053925,9311.202752708,9311.658580833,9311.48734975,NaN,NaN,NaN,NaN,,NaN,,9311.1969885,9311.200492583,None,NaN,NaN,,NaN,NaN,NaN,NaN,NaN,NaN,NaN,11,kitchen,1,2024-04-06_10h17.33.664,image_similarity_rating,2023.2.3,None,2024-04-06 10h17.46.441618 +0200
,119,132,397,397,stimuli/own/kitchen/119_kit.jpg,stimuli/own/kitchen/132_kit.jpg,NaN,NaN,NaN,NaN,NaN,NaN,NaN,NaN,0,553,553,396,9324.827407916,NaN,NaN,NaN,NaN,NaN,NaN,NaN,,NaN,,9325.120620708,9325.286361125,9325.286361125,9325.286361125,9325.286361125,9325.286361125,9325.286361125,9325.286361125,9325.286361125,9325.286361125,9339.184683875,7,-7,9,5,6.51361295800052,1,12.7396090840011,9324.82547175,9324.827407916,9325.286361125,9325.120604958,NaN,NaN,NaN,NaN,,NaN,,9324.821924458,9324.825425,None,NaN,NaN,,NaN,NaN,NaN,NaN,NaN,NaN,NaN,11,kitchen,1,2024-04-06_10h17.33.664,image_similarity_rating,2023.2.3,None,2024-04-06 10h17.46.441618 +0200
,104,125,116,116,stimuli/own/kitchen/104_kit.jpg,stimuli/own/kitchen/125_kit.jpg,NaN,NaN,NaN,NaN,NaN,NaN,NaN,NaN,0,554,554,115,9339.190428958,NaN,NaN,NaN,NaN,NaN,NaN,NaN,,NaN,,9339.474789166,9339.641336208,9339.641336208,9339.641336208,9339.641336208,9339.641336208,9339.641336208,9339.641336208,9339.641336208,9339.641336208,9346.9224095,7,-7,9,5,6.96398912499899,5,2.5386081250017,9339.188504208,9339.190428958,9339.641336208,9339.474775291,NaN,NaN,NaN,NaN,,NaN,,9339.184928666,9339.188457583,None,NaN,NaN,,NaN,NaN,NaN,NaN,NaN,NaN,NaN,11,kitchen,1,2024-04-06_10h17.33.664,image_similarity_rating,2023.2.3,None,2024-04-06 10h17.46.441618 +0200
,106,111,162,162,stimuli/own/kitchen/106_kit.jpg,stimuli/own/kitchen/111_kit.jpg,NaN,NaN,NaN,NaN,NaN,NaN,NaN,NaN,0,555,555,161,9346.935859291,NaN,NaN,NaN,NaN,NaN,NaN,NaN,,NaN,,9347.221129375,9347.385985333,9347.385985333,9347.385985333,9347.385985333,9347.385985333,9347.385985333,9347.385985333,9347.385985333,9347.385985333,9353.334635375,-7,7,9,2,4.72064262499953,1,2.56381483299992,9346.926314833,9346.935859291,9347.385985333,9347.221114541,NaN,NaN,NaN,NaN,,NaN,,9346.922630916,9346.926266458,None,NaN,NaN,,NaN,NaN,NaN,NaN,NaN,NaN,NaN,11,kitchen,1,2024-04-06_10h17.33.664,image_similarity_rating,2023.2.3,None,2024-04-06 10h17.46.441618 +0200
,104,135,124,124,stimuli/own/kitchen/104_kit.jpg,stimuli/own/kitchen/135_kit.jpg,NaN,NaN,NaN,NaN,NaN,NaN,NaN,NaN,0,556,556,123,9353.340459208,NaN,NaN,NaN,NaN,NaN,NaN,NaN,,NaN,,9353.624323708,9353.78898775,9353.78898775,9353.78898775,9353.78898775,9353.78898775,9353.78898775,9353.78898775,9353.78898775,9353.78898775,9369.675964291,-7,7,9,4,15.4110417920001,2,9.70495458400001,9353.338534125,9353.340459208,9353.78898775,9353.62430975,NaN,NaN,NaN,NaN,,NaN,,9353.334878375,9353.338486916,None,NaN,NaN,,NaN,NaN,NaN,NaN,NaN,NaN,NaN,11,kitchen,1,2024-04-06_10h17.33.664,image_similarity_rating,2023.2.3,None,2024-04-06 10h17.46.441618 +0200
,118,122,368,368,stimuli/own/kitchen/118_kit.jpg,stimuli/own/kitchen/122_kit.jpg,NaN,NaN,NaN,NaN,NaN,NaN,NaN,NaN,0,557,557,367,9369.685901958,NaN,NaN,NaN,NaN,NaN,NaN,NaN,,NaN,,9369.9704135,9370.13591675,9370.13591675,9370.13591675,9370.13591675,9370.13591675,9370.13591675,9370.13591675,9370.13591675,9370.13591675,9379.16352425,7,-7,9,5,7.28739566600052,5,2.94160754199947,9369.679721833,9369.685901958,9370.13591675,9369.970397958,NaN,NaN,NaN,NaN,,NaN,,9369.676185875,9369.679675333,None,NaN,NaN,,NaN,NaN,NaN,NaN,NaN,NaN,NaN,11,kitchen,1,2024-04-06_10h17.33.664,image_similarity_rating,2023.2.3,None,2024-04-06 10h17.46.441618 +0200
,112,132,262,611,stimuli/own/kitchen/112_kit.jpg,stimuli/own/kitchen/132_kit.jpg,NaN,NaN,NaN,NaN,NaN,NaN,NaN,NaN,0,558,558,610,9379.169013875,NaN,NaN,NaN,NaN,NaN,NaN,NaN,,NaN,,9379.453698583,9379.623125041,9379.623125041,9379.623125041,9379.623125041,9379.623125041,9379.623125041,9379.623125041,9379.623125041,9379.623125041,9391.489961916,-7,7,9,5,7.78939637499934,2,11.5412030829993,9379.167196041,9379.169013875,9379.623125041,9379.453681041,NaN,NaN,NaN,NaN,,NaN,,9379.163742916,9379.167149541,None,NaN,NaN,,NaN,NaN,NaN,NaN,NaN,NaN,NaN,11,kitchen,1,2024-04-06_10h17.33.664,image_similarity_rating,2023.2.3,None,2024-04-06 10h17.46.441618 +0200
,102,137,63,63,stimuli/own/kitchen/102_kit.jpg,stimuli/own/kitchen/137_kit.jpg,NaN,NaN,NaN,NaN,NaN,NaN,NaN,NaN,0,559,559,62,9391.502352458,NaN,NaN,NaN,NaN,NaN,NaN,NaN,,NaN,,9391.7876095,9391.9525795,9391.9525795,9391.9525795,9391.9525795,9391.9525795,9391.9525795,9391.9525795,9391.9525795,9391.9525795,9402.584220083,-7,7,9,1,9.72014449999915,7,3.21668537500045,9391.493819458,9391.502352458,9391.9525795,9391.787595375,NaN,NaN,NaN,NaN,,NaN,,9391.49019,9391.493770958,None,NaN,NaN,,NaN,NaN,NaN,NaN,NaN,NaN,NaN,11,kitchen,1,2024-04-06_10h17.33.664,image_similarity_rating,2023.2.3,None,2024-04-06 10h17.46.441618 +0200
,118,123,369,369,stimuli/own/kitchen/118_kit.jpg,stimuli/own/kitchen/123_kit.jpg,NaN,NaN,NaN,NaN,NaN,NaN,NaN,NaN,0,560,560,368,9402.589872166,NaN,NaN,NaN,NaN,NaN,NaN,NaN,,NaN,,9402.874523791,9403.045860166,9403.045860166,9403.045860166,9403.045860166,9403.045860166,9403.045860166,9403.045860166,9403.045860166,9403.045860166,9411.304815666,7,-7,9,1,7.06045241700122,7,3.52085608299967,9402.587959958,9402.589872166,9403.045860166,9402.8745085,NaN,NaN,NaN,NaN,,NaN,,9402.584435625,9402.587913125,None,NaN,NaN,,NaN,NaN,NaN,NaN,NaN,NaN,NaN,11,kitchen,1,2024-04-06_10h17.33.664,image_similarity_rating,2023.2.3,None,2024-04-06 10h17.46.441618 +0200
,119,139,403,403,stimuli/own/kitchen/119_kit.jpg,stimuli/own/kitchen/139_kit.jpg,NaN,NaN,NaN,NaN,NaN,NaN,NaN,NaN,0,561,561,402,9411.310392541,NaN,NaN,NaN,NaN,NaN,NaN,NaN,,NaN,,9411.604699333,9411.767466291,9411.767466291,9411.767466291,9411.767466291,9411.767466291,9411.767466291,9411.767466291,9411.767466291,9411.767466291,9423.192532166,7,-7,9,2,6.20266125000126,3,10.9444708749998,9411.30847625,9411.310392541,9411.767466291,9411.604685625,NaN,NaN,NaN,NaN,,NaN,,9411.305031416,9411.308429708,None,NaN,NaN,,NaN,NaN,NaN,NaN,NaN,NaN,NaN,11,kitchen,1,2024-04-06_10h17.33.664,image_similarity_rating,2023.2.3,None,2024-04-06 10h17.46.441618 +0200
,117,121,346,346,stimuli/own/kitchen/117_kit.jpg,stimuli/own/kitchen/121_kit.jpg,NaN,NaN,NaN,NaN,NaN,NaN,NaN,NaN,0,562,562,345,9423.202239,NaN,NaN,NaN,NaN,NaN,NaN,NaN,,NaN,,9423.4869845,9423.65709,9423.65709,9423.65709,9423.65709,9423.65709,9423.65709,9423.65709,9423.65709,9423.65709,9439.426984875,7,-7,9,5,7.95186037499843,2,15.3113127500001,9423.196310583,9423.202239,9423.65709,9423.486967458,NaN,NaN,NaN,NaN,,NaN,,9423.19275225,9423.196263708,None,NaN,NaN,,NaN,NaN,NaN,NaN,NaN,NaN,NaN,11,kitchen,1,2024-04-06_10h17.33.664,image_similarity_rating,2023.2.3,None,2024-04-06 10h17.46.441618 +0200
,134,141,574,574,stimuli/own/kitchen/134_kit.jpg,stimuli/own/kitchen/141_kit.jpg,NaN,NaN,NaN,NaN,NaN,NaN,NaN,NaN,0,563,563,573,9439.435681375,NaN,NaN,NaN,NaN,NaN,NaN,NaN,,NaN,,9439.720687166,9439.886394166,9439.886394166,9439.886394166,9439.886394166,9439.886394166,9439.886394166,9439.886394166,9439.886394166,9439.886394166,9447.117644208,7,-7,9,6,2.449107542001,5,6.97549166699901,9439.430650166,9439.435681375,9439.886394166,9439.720671708,NaN,NaN,NaN,NaN,,NaN,,9439.427202791,9439.430604,None,NaN,NaN,,NaN,NaN,NaN,NaN,NaN,NaN,NaN,11,kitchen,1,2024-04-06_10h17.33.664,image_similarity_rating,2023.2.3,None,2024-04-06 10h17.46.441618 +0200
,103,121,81,81,stimuli/own/kitchen/103_kit.jpg,stimuli/own/kitchen/121_kit.jpg,NaN,NaN,NaN,NaN,NaN,NaN,NaN,NaN,0,564,564,80,9447.123151458,NaN,NaN,NaN,NaN,NaN,NaN,NaN,,NaN,,9447.408685166,9447.573058,9447.573058,9447.573058,9447.573058,9447.573058,9447.573058,9447.573058,9447.573058,9447.573058,9453.617455875,-7,7,9,5,3.1003107079996,4,5.72035395800049,9447.121369166,9447.123151458,9447.573058,9447.408671291,NaN,NaN,NaN,NaN,,NaN,,9447.117891125,9447.12132275,None,NaN,NaN,,NaN,NaN,NaN,NaN,NaN,NaN,NaN,11,kitchen,1,2024-04-06_10h17.33.664,image_similarity_rating,2023.2.3,None,2024-04-06 10h17.46.441618 +0200
,111,136,239,239,stimuli/own/kitchen/111_kit.jpg,stimuli/own/kitchen/136_kit.jpg,NaN,NaN,NaN,NaN,NaN,NaN,NaN,NaN,0,565,565,238,9453.623133791,NaN,NaN,NaN,NaN,NaN,NaN,NaN,,NaN,,9453.9078735,9454.074739958,9454.074739958,9454.074739958,9454.074739958,9454.074739958,9454.074739958,9454.074739958,9454.074739958,9454.074739958,9463.337819041,7,-7,9,6,5.33915270800026,5,9.01317000000017,9453.621336583,9453.623133791,9454.074739958,9453.907859791,NaN,NaN,NaN,NaN,,NaN,,9453.617669083,9453.621289916,None,NaN,NaN,,NaN,NaN,NaN,NaN,NaN,NaN,NaN,11,kitchen,1,2024-04-06_10h17.33.664,image_similarity_rating,2023.2.3,None,2024-04-06 10h17.46.441618 +0200
,136,138,582,582,stimuli/own/kitchen/136_kit.jpg,stimuli/own/kitchen/138_kit.jpg,NaN,NaN,NaN,NaN,NaN,NaN,NaN,NaN,0,566,566,581,9463.343346333,NaN,NaN,NaN,NaN,NaN,NaN,NaN,,NaN,,9463.636687416,9463.807040208,9463.807040208,9463.807040208,9463.807040208,9463.807040208,9463.807040208,9463.807040208,9463.807040208,9463.807040208,9474.337928166,7,-7,9,5,7.6781191250011,1,10.029686584001,9463.341577833,9463.343346333,9463.807040208,9463.636669666,NaN,NaN,NaN,NaN,,NaN,,9463.33803625,9463.341531291,None,NaN,NaN,,NaN,NaN,NaN,NaN,NaN,NaN,NaN,11,kitchen,1,2024-04-06_10h17.33.664,image_similarity_rating,2023.2.3,None,2024-04-06 10h17.46.441618 +0200
,113,126,282,282,stimuli/own/kitchen/113_kit.jpg,stimuli/own/kitchen/126_kit.jpg,NaN,NaN,NaN,NaN,NaN,NaN,NaN,NaN,0,567,567,281,9474.343587375,NaN,NaN,NaN,NaN,NaN,NaN,NaN,,NaN,,9857.418384958,9857.592518916,9857.592518916,9857.592518916,9857.592518916,9857.592518916,9857.592518916,9857.592518916,9857.592518916,9857.592518916,9870.336005666,7,-7,10,1,9.13233304200003,1,12.3054709579992,9857.120535041,9857.12386125,9857.592518916,9857.418367416,NaN,NaN,NaN,NaN,,NaN,,9474.338145416,9857.120124833,space,9474.343587375,382.776319667,None,NaN,NaN,NaN,NaN,NaN,NaN,NaN,11,kitchen,1,2024-04-06_10h17.33.664,image_similarity_rating,2023.2.3,None,2024-04-06 10h17.46.441618 +0200
,131,135,553,553,stimuli/own/kitchen/131_kit.jpg,stimuli/own/kitchen/135_kit.jpg,NaN,NaN,NaN,NaN,NaN,NaN,NaN,NaN,0,568,568,552,9870.341835291,NaN,NaN,NaN,NaN,NaN,NaN,NaN,,NaN,,9870.63554525,9870.799294375,9870.799294375,9870.799294375,9870.799294375,9870.799294375,9870.799294375,9870.799294375,9870.799294375,9870.799294375,9877.956513583,-7,7,10,1,6.72646949999944,1,2.81516887500038,9870.339906416,9870.341835291,9870.799294375,9870.635531958,NaN,NaN,NaN,NaN,,NaN,,9870.336221791,9870.339856666,None,NaN,NaN,,NaN,NaN,NaN,NaN,NaN,NaN,NaN,11,kitchen,1,2024-04-06_10h17.33.664,image_similarity_rating,2023.2.3,None,2024-04-06 10h17.46.441618 +0200
,109,136,212,212,stimuli/own/kitchen/109_kit.jpg,stimuli/own/kitchen/136_kit.jpg,NaN,NaN,NaN,NaN,NaN,NaN,NaN,NaN,0,569,569,211,9877.966802833,NaN,NaN,NaN,NaN,NaN,NaN,NaN,,NaN,,9878.251829291,9878.417488041,9878.417488041,9878.417488041,9878.417488041,9878.417488041,9878.417488041,9878.417488041,9878.417488041,9878.417488041,9883.245508333,7,-7,10,1,4.37924033300078,1,1.99196354199921,9877.960184375,9877.966802833,9878.417488041,9878.251810541,NaN,NaN,NaN,NaN,,NaN,,9877.956730416,9877.960137791,None,NaN,NaN,,NaN,NaN,NaN,NaN,NaN,NaN,NaN,11,kitchen,1,2024-04-06_10h17.33.664,image_similarity_rating,2023.2.3,None,2024-04-06 10h17.46.441618 +0200
,124,126,477,477,stimuli/own/kitchen/124_kit.jpg,stimuli/own/kitchen/126_kit.jpg,NaN,NaN,NaN,NaN,NaN,NaN,NaN,NaN,0,570,570,476,9883.251790458,NaN,NaN,NaN,NaN,NaN,NaN,NaN,,NaN,,9883.53488925,9883.698004083,9883.698004083,9883.698004083,9883.698004083,9883.698004083,9883.698004083,9883.698004083,9883.698004083,9883.698004083,9896.165654583,7,-7,10,3,10.7767693749993,4,8.58830687500085,9883.249194625,9883.251790458,9883.698004083,9883.534878958,NaN,NaN,NaN,NaN,,NaN,,9883.245725416,9883.249140833,None,NaN,NaN,,NaN,NaN,NaN,NaN,NaN,NaN,NaN,11,kitchen,1,2024-04-06_10h17.33.664,image_similarity_rating,2023.2.3,None,2024-04-06 10h17.46.441618 +0200
,105,120,141,141,stimuli/own/kitchen/105_kit.jpg,stimuli/own/kitchen/120_kit.jpg,NaN,NaN,NaN,NaN,NaN,NaN,NaN,NaN,0,571,571,140,9896.17130825,NaN,NaN,NaN,NaN,NaN,NaN,NaN,,NaN,,9896.4554325,9896.620929208,9896.620929208,9896.620929208,9896.620929208,9896.620929208,9896.620929208,9896.620929208,9896.620929208,9896.620929208,9907.761214291,-7,7,10,3,10.3942267499988,5,7.08203050000157,9896.169373166,9896.17130825,9896.620929208,9896.455419583,NaN,NaN,NaN,NaN,,NaN,,9896.165898916,9896.169327,None,NaN,NaN,,NaN,NaN,NaN,NaN,NaN,NaN,NaN,11,kitchen,1,2024-04-06_10h17.33.664,image_similarity_rating,2023.2.3,None,2024-04-06 10h17.46.441618 +0200
,113,119,275,275,stimuli/own/kitchen/113_kit.jpg,stimuli/own/kitchen/119_kit.jpg,NaN,NaN,NaN,NaN,NaN,NaN,NaN,NaN,0,572,572,274,9907.78362775,NaN,NaN,NaN,NaN,NaN,NaN,NaN,,NaN,,9908.067633583,9908.235675291,9908.235675291,9908.235675291,9908.235675291,9908.235675291,9908.235675291,9908.235675291,9908.235675291,9908.235675291,9925.082190708,-7,7,10,1,16.215834083001,1,8.24200062500131,9907.7648765,9907.78362775,NaN,9908.067613333,NaN,NaN,NaN,NaN,,NaN,,9907.761428916,9907.76483,None,NaN,NaN,,NaN,NaN,NaN,NaN,NaN,NaN,NaN,11,kitchen,1,2024-04-06_10h17.33.664,image_similarity_rating,2023.2.3,None,2024-04-06 10h17.46.441618 +0200
,103,135,93,93,stimuli/own/kitchen/103_kit.jpg,stimuli/own/kitchen/135_kit.jpg,NaN,NaN,NaN,NaN,NaN,NaN,NaN,NaN,0,573,573,92,9925.087967625,NaN,NaN,NaN,NaN,NaN,NaN,NaN,,NaN,,9925.372004041,9925.535729125,9925.535729125,9925.535729125,9925.535729125,9925.535729125,9925.535729125,9925.535729125,9925.535729125,9925.535729125,9932.423493041,7,-7,10,3,5.70801387500069,2,3.22796858400034,9925.086046791,9925.087967625,9925.535729125,9925.371990958,NaN,NaN,NaN,NaN,,NaN,,9925.08243825,9925.086000083,None,NaN,NaN,,NaN,NaN,NaN,NaN,NaN,NaN,NaN,11,kitchen,1,2024-04-06_10h17.33.664,image_similarity_rating,2023.2.3,None,2024-04-06 10h17.46.441618 +0200
,102,118,46,46,stimuli/own/kitchen/102_kit.jpg,stimuli/own/kitchen/118_kit.jpg,NaN,NaN,NaN,NaN,NaN,NaN,NaN,NaN,0,574,574,45,9932.433235208,NaN,NaN,NaN,NaN,NaN,NaN,NaN,,NaN,,9932.717863083,9932.889602458,9932.889602458,9932.889602458,9932.889602458,9932.889602458,9932.889602458,9932.889602458,9932.889602458,9932.889602458,9942.331939625,-7,7,10,3,9.11694162500135,5,4.12693716700051,9932.427158041,9932.433235208,9932.889602458,9932.717845208,NaN,NaN,NaN,NaN,,NaN,,9932.423718916,9932.42711175,None,NaN,NaN,,NaN,NaN,NaN,NaN,NaN,NaN,NaN,11,kitchen,1,2024-04-06_10h17.33.664,image_similarity_rating,2023.2.3,None,2024-04-06 10h17.46.441618 +0200
,140,141,595,595,stimuli/own/kitchen/140_kit.jpg,stimuli/own/kitchen/141_kit.jpg,NaN,NaN,NaN,NaN,NaN,NaN,NaN,NaN,0,575,575,594,9942.337574791,NaN,NaN,NaN,NaN,NaN,NaN,NaN,,NaN,,9942.62216625,9942.790063875,9942.790063875,9942.790063875,9942.790063875,9942.790063875,9942.790063875,9942.790063875,9942.790063875,9942.790063875,9955.952309458,-7,7,10,2,9.56797004199871,3,5.01843233299951,9942.335641625,9942.337574791,9942.790063875,9942.62215125,NaN,NaN,NaN,NaN,,NaN,,9942.332165541,9942.335595291,None,NaN,NaN,,NaN,NaN,NaN,NaN,NaN,NaN,NaN,11,kitchen,1,2024-04-06_10h17.33.664,image_similarity_rating,2023.2.3,None,2024-04-06 10h17.46.441618 +0200
,126,131,508,508,stimuli/own/kitchen/126_kit.jpg,stimuli/own/kitchen/131_kit.jpg,NaN,NaN,NaN,NaN,NaN,NaN,NaN,NaN,0,576,576,507,9955.957994791,NaN,NaN,NaN,NaN,NaN,NaN,NaN,,NaN,,9956.251145541,9956.418423958,9956.418423958,9956.418423958,9956.418423958,9956.418423958,9956.418423958,9956.418423958,9956.418423958,9956.418423958,9969.941426333,7,-7,10,3,13.3134941659991,5,8.08648150000045,9955.956064041,9955.957994791,9956.418423958,9956.251129041,NaN,NaN,NaN,NaN,,NaN,,9955.952526708,9955.95601825,None,NaN,NaN,,NaN,NaN,NaN,NaN,NaN,NaN,NaN,11,kitchen,1,2024-04-06_10h17.33.664,image_similarity_rating,2023.2.3,None,2024-04-06 10h17.46.441618 +0200
,116,121,324,324,stimuli/own/kitchen/116_kit.jpg,stimuli/own/kitchen/121_kit.jpg,NaN,NaN,NaN,NaN,NaN,NaN,NaN,NaN,0,577,577,323,9969.949801958,NaN,NaN,NaN,NaN,NaN,NaN,NaN,,NaN,,9970.235544625,9970.400395125,9970.400395125,9970.400395125,9970.400395125,9970.400395125,9970.400395125,9970.400395125,9970.400395125,9970.400395125,9982.74379975,-7,7,10,3,11.303633042,1,7.64806887499981,9969.945093666,9969.949801958,9970.400395125,9970.235530958,NaN,NaN,NaN,NaN,,NaN,,9969.941641708,9969.945044458,None,NaN,NaN,,NaN,NaN,NaN,NaN,NaN,NaN,NaN,11,kitchen,1,2024-04-06_10h17.33.664,image_similarity_rating,2023.2.3,None,2024-04-06 10h17.46.441618 +0200
,118,134,378,378,stimuli/own/kitchen/118_kit.jpg,stimuli/own/kitchen/134_kit.jpg,NaN,NaN,NaN,NaN,NaN,NaN,NaN,NaN,0,578,578,377,9982.749415458,NaN,NaN,NaN,NaN,NaN,NaN,NaN,,NaN,,9983.034211833,9983.198590291,9983.198590291,9983.198590291,9983.198590291,9983.198590291,9983.198590291,9983.198590291,9983.198590291,9983.198590291,9990.1227965,-7,7,10,5,2.72245762499915,3,5.16495341599875,9982.747458666,9982.749415458,9983.198590291,9983.034192791,NaN,NaN,NaN,NaN,,NaN,,9982.744022,9982.747411958,None,NaN,NaN,,NaN,NaN,NaN,NaN,NaN,NaN,NaN,11,kitchen,1,2024-04-06_10h17.33.664,image_similarity_rating,2023.2.3,None,2024-04-06 10h17.46.441618 +0200
,102,139,65,605,stimuli/own/kitchen/102_kit.jpg,stimuli/own/kitchen/139_kit.jpg,NaN,NaN,NaN,NaN,NaN,NaN,NaN,NaN,0,579,579,604,9990.133136625,NaN,NaN,NaN,NaN,NaN,NaN,NaN,,NaN,,9990.417807958,9990.586169958,9990.586169958,9990.586169958,9990.586169958,9990.586169958,9990.586169958,9990.586169958,9990.586169958,9990.586169958,10005.541195708,-7,7,10,2,14.6581000419992,7,8.52758262500174,9990.126459791,9990.133136625,9990.586169958,9990.417791,NaN,NaN,NaN,NaN,,NaN,,9990.123012583,9990.126413583,None,NaN,NaN,,NaN,NaN,NaN,NaN,NaN,NaN,NaN,11,kitchen,1,2024-04-06_10h17.33.664,image_similarity_rating,2023.2.3,None,2024-04-06 10h17.46.441618 +0200
,117,132,356,356,stimuli/own/kitchen/117_kit.jpg,stimuli/own/kitchen/132_kit.jpg,NaN,NaN,NaN,NaN,NaN,NaN,NaN,NaN,0,580,580,355,10005.549588208,NaN,NaN,NaN,NaN,NaN,NaN,NaN,,NaN,,10005.834179916,10005.999501083,10005.999501083,10005.999501083,10005.999501083,10005.999501083,10005.999501083,10005.999501083,10005.999501083,10005.999501083,10015.073179666,-7,7,10,5,3.8790197090002,3,8.21147216600002,10005.544880333,10005.549588208,10005.999501083,10005.83416425,NaN,NaN,NaN,NaN,,NaN,,10005.541417333,10005.544831833,None,NaN,NaN,,NaN,NaN,NaN,NaN,NaN,NaN,NaN,11,kitchen,1,2024-04-06_10h17.33.664,image_similarity_rating,2023.2.3,None,2024-04-06 10h17.46.441618 +0200
,135,140,579,579,stimuli/own/kitchen/135_kit.jpg,stimuli/own/kitchen/140_kit.jpg,NaN,NaN,NaN,NaN,NaN,NaN,NaN,NaN,0,581,581,578,10015.082830666,NaN,NaN,NaN,NaN,NaN,NaN,NaN,,NaN,,10015.367608333,10015.538795041,10015.538795041,10015.538795041,10015.538795041,10015.538795041,10015.538795041,10015.538795041,10015.538795041,10015.538795041,10034.143828708,-7,7,10,4,17.7420554159999,7,6.9284043330008,10015.076881541,10015.082830666,10015.538795041,10015.367591458,NaN,NaN,NaN,NaN,,NaN,,10015.073407833,10015.076834875,None,NaN,NaN,,NaN,NaN,NaN,NaN,NaN,NaN,NaN,11,kitchen,1,2024-04-06_10h17.33.664,image_similarity_rating,2023.2.3,None,2024-04-06 10h17.46.441618 +0200
,101,131,25,25,stimuli/own/kitchen/101_kit.jpg,stimuli/own/kitchen/131_kit.jpg,NaN,NaN,NaN,NaN,NaN,NaN,NaN,NaN,0,582,582,24,10034.1495235,NaN,NaN,NaN,NaN,NaN,NaN,NaN,,NaN,,10034.434322791,10034.600199083,10034.600199083,10034.600199083,10034.600199083,10034.600199083,10034.600199083,10034.600199083,10034.600199083,10034.600199083,10048.206153291,7,-7,10,3,13.2529682920012,5,7.1302295000005,10034.147494458,10034.1495235,10034.600199083,10034.434308708,NaN,NaN,NaN,NaN,,NaN,,10034.144046958,10034.147447666,None,NaN,NaN,,NaN,NaN,NaN,NaN,NaN,NaN,NaN,11,kitchen,1,2024-04-06_10h17.33.664,image_similarity_rating,2023.2.3,None,2024-04-06 10h17.46.441618 +0200
,131,138,556,556,stimuli/own/kitchen/131_kit.jpg,stimuli/own/kitchen/138_kit.jpg,NaN,NaN,NaN,NaN,NaN,NaN,NaN,NaN,0,583,583,555,10048.216174666,NaN,NaN,NaN,NaN,NaN,NaN,NaN,,NaN,,10048.502096083,10048.668497875,10048.668497875,10048.668497875,10048.668497875,10048.668497875,10048.668497875,10048.668497875,10048.668497875,10048.668497875,10060.606069083,-7,7,10,2,8.86236833300063,4,6.88338491699869,10048.209821208,10048.216174666,10048.668497875,10048.502079125,NaN,NaN,NaN,NaN,,NaN,,10048.206367041,10048.2097755,None,NaN,NaN,,NaN,NaN,NaN,NaN,NaN,NaN,NaN,11,kitchen,1,2024-04-06_10h17.33.664,image_similarity_rating,2023.2.3,None,2024-04-06 10h17.46.441618 +0200
,106,125,175,175,stimuli/own/kitchen/106_kit.jpg,stimuli/own/kitchen/125_kit.jpg,NaN,NaN,NaN,NaN,NaN,NaN,NaN,NaN,0,584,584,174,10060.616233541,NaN,NaN,NaN,NaN,NaN,NaN,NaN,,NaN,,10060.900692875,10061.065105916,10061.065105916,10061.065105916,10061.065105916,10061.065105916,10061.065105916,10061.065105916,10061.065105916,10061.065105916,10069.235192833,-7,7,10,2,7.84534658300072,3,2.65101183399929,10060.609745958,10060.616233541,10061.065105916,10060.900678166,NaN,NaN,NaN,NaN,,NaN,,10060.606289583,10060.609700208,None,NaN,NaN,,NaN,NaN,NaN,NaN,NaN,NaN,NaN,11,kitchen,1,2024-04-06_10h17.33.664,image_similarity_rating,2023.2.3,None,2024-04-06 10h17.46.441618 +0200
,111,139,242,242,stimuli/own/kitchen/111_kit.jpg,stimuli/own/kitchen/139_kit.jpg,NaN,NaN,NaN,NaN,NaN,NaN,NaN,NaN,0,585,585,241,10069.240605291,NaN,NaN,NaN,NaN,NaN,NaN,NaN,,NaN,,10069.534077583,10069.705187166,10069.705187166,10069.705187166,10069.705187166,10069.705187166,10069.705187166,10069.705187166,10069.705187166,10069.705187166,10079.401834041,-7,7,10,2,8.71984679199886,4,2.81419833399923,10069.238852875,10069.240605291,10069.705187166,10069.534058541,NaN,NaN,NaN,NaN,,NaN,,10069.235407458,10069.238806708,None,NaN,NaN,,NaN,NaN,NaN,NaN,NaN,NaN,NaN,11,kitchen,1,2024-04-06_10h17.33.664,image_similarity_rating,2023.2.3,None,2024-04-06 10h17.46.441618 +0200
,120,141,424,424,stimuli/own/kitchen/120_kit.jpg,stimuli/own/kitchen/141_kit.jpg,NaN,NaN,NaN,NaN,NaN,NaN,NaN,NaN,0,586,586,423,10079.407424333,NaN,NaN,NaN,NaN,NaN,NaN,NaN,,NaN,,10079.700505083,10079.867266125,10079.867266125,10079.867266125,10079.867266125,10079.867266125,10079.867266125,10079.867266125,10079.867266125,10079.867266125,10089.672505375,7,-7,10,4,9.24231808400145,3,3.31629733400041,10079.405503125,10079.407424333,10079.867266125,10079.700488791,NaN,NaN,NaN,NaN,,NaN,,10079.402057,10079.405456541,None,NaN,NaN,,NaN,NaN,NaN,NaN,NaN,NaN,NaN,11,kitchen,1,2024-04-06_10h17.33.664,image_similarity_rating,2023.2.3,None,2024-04-06 10h17.46.441618 +0200
,106,131,180,180,stimuli/own/kitchen/106_kit.jpg,stimuli/own/kitchen/131_kit.jpg,NaN,NaN,NaN,NaN,NaN,NaN,NaN,NaN,0,587,587,179,10089.682734625,NaN,NaN,NaN,NaN,NaN,NaN,NaN,,NaN,,10089.967380291,10090.135706791,10090.135706791,10090.135706791,10090.135706791,10090.135706791,10090.135706791,10090.135706791,10090.135706791,10090.135706791,10107.597943541,-7,7,10,5,17.0744316250002,5,9.65229879100116,10089.676168916,10089.682734625,10090.135706791,10089.967363583,NaN,NaN,NaN,NaN,,NaN,,10089.6727235,10089.676122666,None,NaN,NaN,,NaN,NaN,NaN,NaN,NaN,NaN,NaN,11,kitchen,1,2024-04-06_10h17.33.664,image_similarity_rating,2023.2.3,None,2024-04-06 10h17.46.441618 +0200
,134,140,573,573,stimuli/own/kitchen/134_kit.jpg,stimuli/own/kitchen/140_kit.jpg,NaN,NaN,NaN,NaN,NaN,NaN,NaN,NaN,0,588,588,572,10107.603655333,NaN,NaN,NaN,NaN,NaN,NaN,NaN,,NaN,,10107.888252833,10108.059323291,10108.059323291,10108.059323291,10108.059323291,10108.059323291,10108.059323291,10108.059323291,10108.059323291,10108.059323291,10117.931329791,-7,7,10,4,8.77228266699967,7,4.55421150000075,10107.601901625,10107.603655333,10108.059323291,10107.888238333,NaN,NaN,NaN,NaN,,NaN,,10107.598160125,10107.601851708,None,NaN,NaN,,NaN,NaN,NaN,NaN,NaN,NaN,NaN,11,kitchen,1,2024-04-06_10h17.33.664,image_similarity_rating,2023.2.3,None,2024-04-06 10h17.46.441618 +0200
,106,141,189,189,stimuli/own/kitchen/106_kit.jpg,stimuli/own/kitchen/141_kit.jpg,NaN,NaN,NaN,NaN,NaN,NaN,NaN,NaN,0,589,589,188,10117.937025791,NaN,NaN,NaN,NaN,NaN,NaN,NaN,,NaN,,10118.221707166,10118.387464958,10118.387464958,10118.387464958,10118.387464958,10118.387464958,10118.387464958,10118.387464958,10118.387464958,10118.387464958,10124.751622958,-7,7,10,2,5.63810045799983,4,2.96449320899956,10117.935080958,10117.937025791,10118.387464958,10118.221694041,NaN,NaN,NaN,NaN,,NaN,,10117.931557083,10117.935034166,None,NaN,NaN,,NaN,NaN,NaN,NaN,NaN,NaN,NaN,11,kitchen,1,2024-04-06_10h17.33.664,image_similarity_rating,2023.2.3,None,2024-04-06 10h17.46.441618 +0200
,104,118,109,109,stimuli/own/kitchen/104_kit.jpg,stimuli/own/kitchen/118_kit.jpg,NaN,NaN,NaN,NaN,NaN,NaN,NaN,NaN,0,590,590,108,10124.757199625,NaN,NaN,NaN,NaN,NaN,NaN,NaN,,NaN,,10125.050490416,10125.216352416,10125.216352416,10125.216352416,10125.216352416,10125.216352416,10125.216352416,10125.216352416,10125.216352416,10125.216352416,10138.389620416,-7,7,10,4,9.89968187500017,3,12.7797673329987,10124.755284291,10124.757199625,10125.216352416,10125.050475375,NaN,NaN,NaN,NaN,,NaN,,10124.751839333,10124.755237958,None,NaN,NaN,,NaN,NaN,NaN,NaN,NaN,NaN,NaN,11,kitchen,1,2024-04-06_10h17.33.664,image_similarity_rating,2023.2.3,None,2024-04-06 10h17.46.441618 +0200
,101,138,31,31,stimuli/own/kitchen/101_kit.jpg,stimuli/own/kitchen/138_kit.jpg,NaN,NaN,NaN,NaN,NaN,NaN,NaN,NaN,0,591,591,30,10138.399304625,NaN,NaN,NaN,NaN,NaN,NaN,NaN,,NaN,,10138.68402075,10138.848319125,10138.848319125,10138.848319125,10138.848319125,10138.848319125,10138.848319125,10138.848319125,10138.848319125,10138.848319125,10156.122489166,7,-7,10,5,8.76965625000048,4,16.5496182919996,10138.3932645,10138.399304625,10138.848319125,10138.6840075,NaN,NaN,NaN,NaN,,NaN,,10138.389836375,10138.393218708,None,NaN,NaN,,NaN,NaN,NaN,NaN,NaN,NaN,NaN,11,kitchen,1,2024-04-06_10h17.33.664,image_similarity_rating,2023.2.3,None,2024-04-06 10h17.46.441618 +0200
,101,123,18,18,stimuli/own/kitchen/101_kit.jpg,stimuli/own/kitchen/123_kit.jpg,NaN,NaN,NaN,NaN,NaN,NaN,NaN,NaN,0,592,592,17,10156.132519416,NaN,NaN,NaN,NaN,NaN,NaN,NaN,,NaN,,10156.417307083,10156.58137225,10156.58137225,10156.58137225,10156.58137225,10156.58137225,10156.58137225,10156.58137225,10156.58137225,10156.58137225,10174.031509083,-7,7,10,4,14.9640302499993,6,16.9532075839998,10156.126237583,10156.132519416,10156.58137225,10156.417290083,NaN,NaN,NaN,NaN,,NaN,,10156.12270575,10156.126190958,None,NaN,NaN,,NaN,NaN,NaN,NaN,NaN,NaN,NaN,11,kitchen,1,2024-04-06_10h17.33.664,image_similarity_rating,2023.2.3,None,2024-04-06 10h17.46.441618 +0200
,117,137,360,360,stimuli/own/kitchen/117_kit.jpg,stimuli/own/kitchen/137_kit.jpg,NaN,NaN,NaN,NaN,NaN,NaN,NaN,NaN,0,593,593,359,10174.037455541,NaN,NaN,NaN,NaN,NaN,NaN,NaN,,NaN,,10174.322396375,10174.485541583,10174.485541583,10174.485541583,10174.485541583,10174.485541583,10174.485541583,10174.485541583,10174.485541583,10174.485541583,10181.601408083,7,-7,10,3,6.63888108399988,5,3.47707416599951,10174.035192083,10174.037455541,10174.485541583,10174.322383125,NaN,NaN,NaN,NaN,,NaN,,10174.031723458,10174.035145541,None,NaN,NaN,,NaN,NaN,NaN,NaN,NaN,NaN,NaN,11,kitchen,1,2024-04-06_10h17.33.664,image_similarity_rating,2023.2.3,None,2024-04-06 10h17.46.441618 +0200
,103,134,92,92,stimuli/own/kitchen/103_kit.jpg,stimuli/own/kitchen/134_kit.jpg,NaN,NaN,NaN,NaN,NaN,NaN,NaN,NaN,0,594,594,91,10181.606973166,NaN,NaN,NaN,NaN,NaN,NaN,NaN,,NaN,,10181.900323791,10182.067719083,10182.067719083,10182.067719083,10182.067719083,10182.067719083,10182.067719083,10182.067719083,10182.067719083,10182.067719083,10197.097656708,7,-7,10,4,11.3622021250012,5,14.2414268749999,10181.605061666,10181.606973166,10182.067719083,10181.900301291,NaN,NaN,NaN,NaN,,NaN,,10181.601623041,10181.605016125,None,NaN,NaN,,NaN,NaN,NaN,NaN,NaN,NaN,NaN,11,kitchen,1,2024-04-06_10h17.33.664,image_similarity_rating,2023.2.3,None,2024-04-06 10h17.46.441618 +0200
,139,141,594,594,stimuli/own/kitchen/139_kit.jpg,stimuli/own/kitchen/141_kit.jpg,NaN,NaN,NaN,NaN,NaN,NaN,NaN,NaN,0,595,595,593,10197.103271333,NaN,NaN,NaN,NaN,NaN,NaN,NaN,,NaN,,10197.387910875,10197.556513166,10197.556513166,10197.556513166,10197.556513166,10197.556513166,10197.556513166,10197.556513166,10197.556513166,10197.556513166,10209.6932,-7,7,10,4,11.5373800830002,1,4.32056662499963,10197.101450625,10197.103271333,10197.556513166,10197.387896291,NaN,NaN,NaN,NaN,,NaN,,10197.097880708,10197.101403,None,NaN,NaN,,NaN,NaN,NaN,NaN,NaN,NaN,NaN,11,kitchen,1,2024-04-06_10h17.33.664,image_similarity_rating,2023.2.3,None,2024-04-06 10h17.46.441618 +0200
,101,105,4,4,stimuli/own/kitchen/101_kit.jpg,stimuli/own/kitchen/105_kit.jpg,NaN,NaN,NaN,NaN,NaN,NaN,NaN,NaN,0,596,596,3,10209.698695041,NaN,NaN,NaN,NaN,NaN,NaN,NaN,,NaN,,10209.98363675,10210.152213291,10210.152213291,10210.152213291,10210.152213291,10210.152213291,10210.152213291,10210.152213291,10210.152213291,10210.152213291,10221.184694125,7,-7,10,4,9.84383291700033,5,2.41327104199991,10209.696862708,10209.698695041,10210.152213291,10209.983614583,NaN,NaN,NaN,NaN,,NaN,,10209.693418625,10209.69681625,None,NaN,NaN,,NaN,NaN,NaN,NaN,NaN,NaN,NaN,11,kitchen,1,2024-04-06_10h17.33.664,image_similarity_rating,2023.2.3,None,2024-04-06 10h17.46.441618 +0200
,113,116,272,272,stimuli/own/kitchen/113_kit.jpg,stimuli/own/kitchen/116_kit.jpg,NaN,NaN,NaN,NaN,NaN,NaN,NaN,NaN,0,597,597,271,10221.190127166,NaN,NaN,NaN,NaN,NaN,NaN,NaN,,NaN,,10221.483542083,10221.64930675,10221.64930675,10221.64930675,10221.64930675,10221.64930675,10221.64930675,10221.64930675,10221.64930675,10221.64930675,10231.356241625,7,-7,10,3,6.09070212499864,1,9.21732875000089,10221.188350083,10221.190127166,10221.64930675,10221.483526666,NaN,NaN,NaN,NaN,,NaN,,10221.184910708,10221.18830375,None,NaN,NaN,,NaN,NaN,NaN,NaN,NaN,NaN,NaN,11,kitchen,1,2024-04-06_10h17.33.664,image_similarity_rating,2023.2.3,None,2024-04-06 10h17.46.441618 +0200
,137,138,586,586,stimuli/own/kitchen/137_kit.jpg,stimuli/own/kitchen/138_kit.jpg,NaN,NaN,NaN,NaN,NaN,NaN,NaN,NaN,0,598,598,585,10231.3655545,NaN,NaN,NaN,NaN,NaN,NaN,NaN,,NaN,,10231.650879666,10231.815086666,10231.815086666,10231.815086666,10231.815086666,10231.815086666,10231.815086666,10231.815086666,10231.815086666,10231.815086666,10242.543321,7,-7,10,5,9.69828712500021,5,2.55323058300019,10231.360063875,10231.3655545,10231.815086666,10231.650866458,NaN,NaN,NaN,NaN,,NaN,,10231.356463833,10231.360017291,None,NaN,NaN,,NaN,NaN,NaN,NaN,NaN,NaN,NaN,11,kitchen,1,2024-04-06_10h17.33.664,image_similarity_rating,2023.2.3,None,2024-04-06 10h17.46.441618 +0200
,114,138,316,316,stimuli/own/kitchen/114_kit.jpg,stimuli/own/kitchen/138_kit.jpg,NaN,NaN,NaN,NaN,NaN,NaN,NaN,NaN,0,599,599,315,10242.565670916,NaN,NaN,NaN,NaN,NaN,NaN,NaN,,NaN,,10242.849663041,10243.020007375,10243.020007375,10243.020007375,10243.020007375,10243.020007375,10243.020007375,10243.020007375,10243.020007375,10243.020007375,10249.605245416,-7,7,10,3,6.19827208300012,3,2.92625816599866,10242.546991625,10242.565670916,NaN,10242.849642833,NaN,NaN,NaN,NaN,,NaN,,10242.543540625,10242.546945291,None,NaN,NaN,,NaN,NaN,NaN,NaN,NaN,NaN,NaN,11,kitchen,1,2024-04-06_10h17.33.664,image_similarity_rating,2023.2.3,None,2024-04-06 10h17.46.441618 +0200
,101,136,29,29,stimuli/own/kitchen/101_kit.jpg,stimuli/own/kitchen/136_kit.jpg,NaN,NaN,NaN,NaN,NaN,NaN,NaN,NaN,0,600,600,28,10249.615485416,NaN,NaN,NaN,NaN,NaN,NaN,NaN,,NaN,,10249.89997975,10250.065016833,10250.065016833,10250.065016833,10250.065016833,10250.065016833,10250.065016833,10250.065016833,10250.065016833,10250.065016833,10261.676651791,7,-7,10,5,6.69271145899984,4,9.79989037499945,10249.608931375,10249.615485416,10250.065016833,10249.899959666,NaN,NaN,NaN,NaN,,NaN,,10249.605468166,10249.608884791,None,NaN,NaN,,NaN,NaN,NaN,NaN,NaN,NaN,NaN,11,kitchen,1,2024-04-06_10h17.33.664,image_similarity_rating,2023.2.3,None,2024-04-06 10h17.46.441618 +0200
,102,119,47,47,stimuli/own/kitchen/102_kit.jpg,stimuli/own/kitchen/119_kit.jpg,NaN,NaN,NaN,NaN,NaN,NaN,NaN,NaN,0,601,601,46,10261.698743333,NaN,NaN,NaN,NaN,NaN,NaN,NaN,,NaN,,10261.982760875,10262.147811458,10262.147811458,10262.147811458,10262.147811458,10262.147811458,10262.147811458,10262.147811458,10262.147811458,10262.147811458,10268.138745125,-7,7,10,1,5.14081758300017,5,2.04233233400009,10261.680410416,10261.698743333,NaN,10261.982742625,NaN,NaN,NaN,NaN,,NaN,,10261.676874416,10261.680364416,None,NaN,NaN,,NaN,NaN,NaN,NaN,NaN,NaN,NaN,11,kitchen,1,2024-04-06_10h17.33.664,image_similarity_rating,2023.2.3,None,2024-04-06 10h17.46.441618 +0200
,118,126,372,372,stimuli/own/kitchen/118_kit.jpg,stimuli/own/kitchen/126_kit.jpg,NaN,NaN,NaN,NaN,NaN,NaN,NaN,NaN,0,602,602,371,10268.148853916,NaN,NaN,NaN,NaN,NaN,NaN,NaN,,NaN,,10268.433277583,10268.597724458,10268.597724458,10268.597724458,10268.597724458,10268.597724458,10268.597724458,10268.597724458,10268.597724458,10268.597724458,10279.009663666,-7,7,10,6,4.50034362500082,4,9.34979162499985,10268.1424965,10268.148853916,10268.597724458,10268.4332625,NaN,NaN,NaN,NaN,,NaN,,10268.138961916,10268.142450625,None,NaN,NaN,,NaN,NaN,NaN,NaN,NaN,NaN,NaN,11,kitchen,1,2024-04-06_10h17.33.664,image_similarity_rating,2023.2.3,None,2024-04-06 10h17.46.441618 +0200
,102,114,43,43,stimuli/own/kitchen/102_kit.jpg,stimuli/own/kitchen/114_kit.jpg,NaN,NaN,NaN,NaN,NaN,NaN,NaN,NaN,0,603,603,42,10279.01517625,NaN,NaN,NaN,NaN,NaN,NaN,NaN,,NaN,,10279.299977541,10279.464435041,10279.464435041,10279.464435041,10279.464435041,10279.464435041,10279.464435041,10279.464435041,10279.464435041,10279.464435041,10292.752536166,7,-7,10,2,13.0198732499994,5,6.76480058299967,10279.013327333,10279.01517625,10279.464435041,10279.29996175,NaN,NaN,NaN,NaN,,NaN,,10279.0098815,10279.013281166,None,NaN,NaN,,NaN,NaN,NaN,NaN,NaN,NaN,NaN,11,kitchen,1,2024-04-06_10h17.33.664,image_similarity_rating,2023.2.3,None,2024-04-06 10h17.46.441618 +0200
,117,129,353,353,stimuli/own/kitchen/117_kit.jpg,stimuli/own/kitchen/129_kit.jpg,NaN,NaN,NaN,NaN,NaN,NaN,NaN,NaN,0,604,604,352,10292.765335791,NaN,NaN,NaN,NaN,NaN,NaN,NaN,,NaN,,10293.049929791,10293.21501275,10293.21501275,10293.21501275,10293.21501275,10293.21501275,10293.21501275,10293.21501275,10293.21501275,10293.21501275,10302.659131333,-7,7,10,1,2.33608254200044,2,8.98382237499936,10292.756192416,10292.765335791,10293.21501275,10293.049915416,NaN,NaN,NaN,NaN,,NaN,,10292.752752875,10292.7561455,None,NaN,NaN,,NaN,NaN,NaN,NaN,NaN,NaN,NaN,11,kitchen,1,2024-04-06_10h17.33.664,image_similarity_rating,2023.2.3,None,2024-04-06 10h17.46.441618 +0200
,121,124,427,427,stimuli/own/kitchen/121_kit.jpg,stimuli/own/kitchen/124_kit.jpg,NaN,NaN,NaN,NaN,NaN,NaN,NaN,NaN,0,605,605,426,10302.665078208,NaN,NaN,NaN,NaN,NaN,NaN,NaN,,NaN,,10302.949744875,10303.113554791,10303.113554791,10303.113554791,10303.113554791,10303.113554791,10303.113554791,10303.113554791,10303.113554791,10303.113554791,10318.688390041,7,-7,10,3,15.148570667001,7,11.9007664160017,10302.662880916,10302.665078208,10303.113554791,10302.9497305,NaN,NaN,NaN,NaN,,NaN,,10302.659351875,10302.662834875,None,NaN,NaN,,NaN,NaN,NaN,NaN,NaN,NaN,NaN,11,kitchen,1,2024-04-06_10h17.33.664,image_similarity_rating,2023.2.3,None,2024-04-06 10h17.46.441618 +0200
,125,135,498,498,stimuli/own/kitchen/125_kit.jpg,stimuli/own/kitchen/135_kit.jpg,NaN,NaN,NaN,NaN,NaN,NaN,NaN,NaN,0,606,606,497,10318.698637458,NaN,NaN,NaN,NaN,NaN,NaN,NaN,,NaN,,10318.983112166,10319.146353833,10319.146353833,10319.146353833,10319.146353833,10319.146353833,10319.146353833,10319.146353833,10319.146353833,10319.146353833,10331.59727325,7,-7,10,4,11.1740002499992,5,5.65749841700017,10318.692059,10318.698637458,10319.146353833,10318.983098583,NaN,NaN,NaN,NaN,,NaN,,10318.68860925,10318.692012958,None,NaN,NaN,,NaN,NaN,NaN,NaN,NaN,NaN,NaN,11,kitchen,1,2024-04-06_10h17.33.664,image_similarity_rating,2023.2.3,None,2024-04-06 10h17.46.441618 +0200
,104,136,125,125,stimuli/own/kitchen/104_kit.jpg,stimuli/own/kitchen/136_kit.jpg,NaN,NaN,NaN,NaN,NaN,NaN,NaN,NaN,0,607,607,124,10331.603175375,NaN,NaN,NaN,NaN,NaN,NaN,NaN,,NaN,,10331.887314458,10332.054306208,10332.054306208,10332.054306208,10332.054306208,10332.054306208,10332.054306208,10332.054306208,10332.054306208,10332.054306208,10341.268947458,-7,7,10,3,8.88109129199984,3,3.36921941699984,10331.60114975,10331.603175375,10332.054306208,10331.887300916,NaN,NaN,NaN,NaN,,NaN,,10331.5975335,10331.601102541,None,NaN,NaN,,NaN,NaN,NaN,NaN,NaN,NaN,NaN,11,kitchen,1,2024-04-06_10h17.33.664,image_similarity_rating,2023.2.3,None,2024-04-06 10h17.46.441618 +0200
,112,140,269,269,stimuli/own/kitchen/112_kit.jpg,stimuli/own/kitchen/140_kit.jpg,NaN,NaN,NaN,NaN,NaN,NaN,NaN,NaN,0,608,608,268,10341.28162875,NaN,NaN,NaN,NaN,NaN,NaN,NaN,,NaN,,10341.566432333,10341.732508625,10341.732508625,10341.732508625,10341.732508625,10341.732508625,10341.732508625,10341.732508625,10341.732508625,10341.732508625,10356.310545375,7,-7,10,1,13.297746708,2,14.2135692079992,10341.272822458,10341.28162875,10341.732508625,10341.566416916,NaN,NaN,NaN,NaN,,NaN,,10341.269178208,10341.272773375,None,NaN,NaN,,NaN,NaN,NaN,NaN,NaN,NaN,NaN,11,kitchen,1,2024-04-06_10h17.33.664,image_similarity_rating,2023.2.3,None,2024-04-06 10h17.46.441618 +0200
,132,141,567,567,stimuli/own/kitchen/132_kit.jpg,stimuli/own/kitchen/141_kit.jpg,NaN,NaN,NaN,NaN,NaN,NaN,NaN,NaN,0,609,609,566,10356.316452166,NaN,NaN,NaN,NaN,NaN,NaN,NaN,,NaN,,10356.600408791,10356.762719625,10356.762719625,10356.762719625,10356.762719625,10356.762719625,10356.762719625,10356.762719625,10356.762719625,10356.762719625,10372.850720958,-7,7,10,2,12.530961542001,2,14.734612917,10356.3142395,10356.316452166,10356.762719625,10356.600395291,NaN,NaN,NaN,NaN,,NaN,,10356.310763791,10356.314192416,None,NaN,NaN,,NaN,NaN,NaN,NaN,NaN,NaN,NaN,11,kitchen,1,2024-04-06_10h17.33.664,image_similarity_rating,2023.2.3,None,2024-04-06 10h17.46.441618 +0200
,118,135,379,379,stimuli/own/kitchen/118_kit.jpg,stimuli/own/kitchen/135_kit.jpg,NaN,NaN,NaN,NaN,NaN,NaN,NaN,NaN,0,610,610,378,10372.8565335,NaN,NaN,NaN,NaN,NaN,NaN,NaN,,NaN,,10373.149601375,10373.315240083,10373.315240083,10373.315240083,10373.315240083,10373.315240083,10373.315240083,10373.315240083,10373.315240083,10373.315240083,10380.771676833,7,-7,10,4,6.79552562499885,1,3.25017724999998,10372.854516875,10372.8565335,10373.315240083,10373.149586,NaN,NaN,NaN,NaN,,NaN,,10372.85094325,10372.854470333,None,NaN,NaN,,NaN,NaN,NaN,NaN,NaN,NaN,NaN,11,kitchen,1,2024-04-06_10h17.33.664,image_similarity_rating,2023.2.3,None,2024-04-06 10h17.46.441618 +0200
,116,140,341,341,stimuli/own/kitchen/116_kit.jpg,stimuli/own/kitchen/140_kit.jpg,NaN,NaN,NaN,NaN,NaN,NaN,NaN,NaN,0,611,611,340,10380.781712458,NaN,NaN,NaN,NaN,NaN,NaN,NaN,,NaN,,10381.066209291,10381.233267541,10381.233267541,10381.233267541,10381.233267541,10381.233267541,10381.233267541,10381.233267541,10381.233267541,10381.233267541,10391.464046416,7,-7,10,5,3.61321145900001,1,9.57949283400012,10380.775337041,10380.781712458,10381.233267541,10381.066193833,NaN,NaN,NaN,NaN,,NaN,,10380.771896,10380.775290375,None,NaN,NaN,,NaN,NaN,NaN,NaN,NaN,NaN,NaN,11,kitchen,1,2024-04-06_10h17.33.664,image_similarity_rating,2023.2.3,None,2024-04-06 10h17.46.441618 +0200
,109,126,204,204,stimuli/own/kitchen/109_kit.jpg,stimuli/own/kitchen/126_kit.jpg,NaN,NaN,NaN,NaN,NaN,NaN,NaN,NaN,0,612,612,203,10391.469813166,NaN,NaN,NaN,NaN,NaN,NaN,NaN,,NaN,,10391.753458083,10391.917967125,10391.917967125,10391.917967125,10391.917967125,10391.917967125,10391.917967125,10391.917967125,10391.917967125,10391.917967125,10395.830595666,-7,7,10,1,3.30088054100088,1,2.30599608299963,10391.467731958,10391.469813166,10391.917967125,10391.753445916,NaN,NaN,NaN,NaN,,NaN,,10391.464262416,10391.467685291,None,NaN,NaN,,NaN,NaN,NaN,NaN,NaN,NaN,NaN,11,kitchen,1,2024-04-06_10h17.33.664,image_similarity_rating,2023.2.3,None,2024-04-06 10h17.46.441618 +0200
,104,141,130,130,stimuli/own/kitchen/104_kit.jpg,stimuli/own/kitchen/141_kit.jpg,NaN,NaN,NaN,NaN,NaN,NaN,NaN,NaN,0,613,613,129,10395.836203,NaN,NaN,NaN,NaN,NaN,NaN,NaN,,NaN,,10396.120050458,10396.283920625,10396.283920625,10396.283920625,10396.283920625,10396.283920625,10396.283920625,10396.283920625,10396.283920625,10396.283920625,10416.576432708,7,-7,10,1,19.7279085000009,7,15.0947627919995,10395.834272708,10395.836203,10396.283920625,10396.120037916,NaN,NaN,NaN,NaN,,NaN,,10395.830816291,10395.83422625,None,NaN,NaN,,NaN,NaN,NaN,NaN,NaN,NaN,NaN,11,kitchen,1,2024-04-06_10h17.33.664,image_similarity_rating,2023.2.3,None,2024-04-06 10h17.46.441618 +0200
,123,124,460,460,stimuli/own/kitchen/123_kit.jpg,stimuli/own/kitchen/124_kit.jpg,NaN,NaN,NaN,NaN,NaN,NaN,NaN,NaN,0,614,614,459,10416.582886791,NaN,NaN,NaN,NaN,NaN,NaN,NaN,,NaN,,10416.866170375,10417.032744625,10417.032744625,10417.032744625,10417.032744625,10417.032744625,10417.032744625,10417.032744625,10417.032744625,10417.032744625,10426.305162416,-7,7,10,3,4.97941891700066,2,8.65017558299951,10416.580322708,10416.582886791,10417.032744625,10416.866154375,NaN,NaN,NaN,NaN,,NaN,,10416.576651125,10416.58027375,None,NaN,NaN,,NaN,NaN,NaN,NaN,NaN,NaN,NaN,11,kitchen,1,2024-04-06_10h17.33.664,image_similarity_rating,2023.2.3,None,2024-04-06 10h17.46.441618 +0200
,NaN,NaN,NaN,NaN,,,NaN,NaN,NaN,NaN,NaN,NaN,NaN,NaN,NaN,NaN,NaN,NaN,NaN,NaN,NaN,NaN,NaN,NaN,NaN,NaN,,NaN,,NaN,NaN,NaN,NaN,NaN,NaN,NaN,NaN,NaN,NaN,NaN,NaN,NaN,NaN,NaN,NaN,NaN,NaN,NaN,NaN,NaN,NaN,NaN,NaN,NaN,NaN,,NaN,,NaN,NaN,,NaN,NaN,,10426.305329416,10426.314894291,10426.314894291,10515.218311416,NaN,88.9030774580006,NaN,11,kitchen,1,2024-04-06_10h17.33.664,image_similarity_rating,2023.2.3,None,2024-04-06 10h17.46.441618 +0200
