slide,sub1,sub2,pairID,trialID,stim1,stim2,instructionsLoop_thisRepN,instructionsLoop_thisTrialN,instructionsLoop_thisN,instructionsLoop_thisIndex,practice_thisRepN,practice_thisTrialN,practice_thisN,practice_thisIndex,trials_thisRepN,trials_thisTrialN,trials_thisN,trials_thisIndex,thisRow_t,notes,preparation_started,preparation_stopped,instructions_started,startResponse_started,slide_img_started,instructions_stopped,startResponse_keys,startResponse_rt,startResponse_duration,trial_started,polygon_started,polygon_2_started,image1_started,image2_started,rating_1_started,question_started,rating_2_started,question_2_started,block_text_started,trial_stopped,stim1pos,stim2pos,block,rating_1_response,rating_1_rt,rating_2_response,rating_2_rt,ITI_started,text_started,text_stopped,ITI_stopped,practice_over_started,text_2_started,space_practice_over_started,practice_over_stopped,space_practice_over_keys,space_practice_over_rt,space_practice_over_duration,breakBlocks_started,breakBlocks_stopped,startBlock_keys,startBlock_started,startBlock_rt,startBlock_duration,end_started,message_end_started,key_resp_started,end_stopped,key_resp_keys,key_resp_rt,key_resp_duration,participant,session,session_number,date,expName,psychopyVersion,frameRate,expStart
instructions/Slide1.jpg,NaN,NaN,NaN,NaN,,,0,0,0,0,NaN,NaN,NaN,NaN,NaN,NaN,NaN,NaN,0.0307377500002985,NaN,0.00198629100032122,0.00209075000020675,0.00759529100014333,0.0307377500002985,0.0307377500002985,10.5772490830004,space,10.5462672500007,None,NaN,NaN,NaN,NaN,NaN,NaN,NaN,NaN,NaN,NaN,NaN,NaN,NaN,NaN,NaN,NaN,NaN,NaN,NaN,NaN,NaN,NaN,NaN,NaN,NaN,NaN,,NaN,,NaN,NaN,,NaN,NaN,,NaN,NaN,NaN,NaN,NaN,NaN,NaN,21,bathroom,2,2024-05-18_13h32.14.141,image_similarity_rating,2023.2.3,None,2024-05-18 13h33.25.122132 +0200
instructions/Slide3.jpg,NaN,NaN,NaN,NaN,,,0,1,1,1,NaN,NaN,NaN,NaN,NaN,NaN,NaN,NaN,10.6041164999997,NaN,NaN,NaN,10.5781708329996,10.6041164999997,10.6041164999997,12.2548207910004,space,1.65038829199966,None,NaN,NaN,NaN,NaN,NaN,NaN,NaN,NaN,NaN,NaN,NaN,NaN,NaN,NaN,NaN,NaN,NaN,NaN,NaN,NaN,NaN,NaN,NaN,NaN,NaN,NaN,,NaN,,NaN,NaN,,NaN,NaN,,NaN,NaN,NaN,NaN,NaN,NaN,NaN,21,bathroom,2,2024-05-18_13h32.14.141,image_similarity_rating,2023.2.3,None,2024-05-18 13h33.25.122132 +0200
instructions/Slide4.jpg,NaN,NaN,NaN,NaN,,,0,2,2,2,NaN,NaN,NaN,NaN,NaN,NaN,NaN,NaN,12.2782052080001,NaN,NaN,NaN,12.2557132909997,12.2782052080001,12.2782052080001,12.8853805830004,space,0.606821958000182,None,NaN,NaN,NaN,NaN,NaN,NaN,NaN,NaN,NaN,NaN,NaN,NaN,NaN,NaN,NaN,NaN,NaN,NaN,NaN,NaN,NaN,NaN,NaN,NaN,NaN,NaN,,NaN,,NaN,NaN,,NaN,NaN,,NaN,NaN,NaN,NaN,NaN,NaN,NaN,21,bathroom,2,2024-05-18_13h32.14.141,image_similarity_rating,2023.2.3,None,2024-05-18 13h33.25.122132 +0200
instructions/Slide5.jpg,NaN,NaN,NaN,NaN,,,0,3,3,3,NaN,NaN,NaN,NaN,NaN,NaN,NaN,NaN,12.9118526250004,NaN,NaN,NaN,12.8864002500004,12.9118526250004,12.9118526250004,15.2848801250002,space,2.37265941599981,None,NaN,NaN,NaN,NaN,NaN,NaN,NaN,NaN,NaN,NaN,NaN,NaN,NaN,NaN,NaN,NaN,NaN,NaN,NaN,NaN,NaN,NaN,NaN,NaN,NaN,NaN,,NaN,,NaN,NaN,,NaN,NaN,,NaN,NaN,NaN,NaN,NaN,NaN,NaN,21,bathroom,2,2024-05-18_13h32.14.141,image_similarity_rating,2023.2.3,None,2024-05-18 13h33.25.122132 +0200
,128,108,NaN,3,stimuli/own/bathroom/128_bat.jpg,stimuli/own/bathroom/108_bat.jpg,NaN,NaN,NaN,NaN,0,0,0,2,NaN,NaN,NaN,NaN,15.5074299159996,NaN,NaN,NaN,NaN,NaN,NaN,NaN,,NaN,,15.3029150000002,15.5074299159996,15.5074299159996,15.5074299159996,15.5074299159996,15.5074299159996,15.5074299159996,15.5074299159996,15.5074299159996,15.5074299159996,25.6793569580004,7,-7,0,2,4.98023987499982,5,8.81134608399952,25.67958275,25.6817767080001,26.1336071659998,25.9692780409996,NaN,NaN,NaN,NaN,,NaN,,NaN,NaN,,NaN,NaN,,NaN,NaN,NaN,NaN,NaN,NaN,NaN,21,bathroom,2,2024-05-18_13h32.14.141,image_similarity_rating,2023.2.3,None,2024-05-18 13h33.25.122132 +0200
,110,133,NaN,1,stimuli/own/bathroom/110_bat.jpg,stimuli/own/bathroom/133_bat.jpg,NaN,NaN,NaN,NaN,0,1,1,0,NaN,NaN,NaN,NaN,26.1336071659998,NaN,NaN,NaN,NaN,NaN,NaN,NaN,,NaN,,25.9695896250005,26.1336071659998,26.1336071659998,26.1336071659998,26.1336071659998,26.1336071659998,26.1336071659998,26.1336071659998,26.1336071659998,26.1336071659998,33.5408629160002,-7,7,0,3,3.40152620800018,4,7.09007037500032,33.5410072080003,33.5468485000001,33.9994019160004,33.8313110409999,NaN,NaN,NaN,NaN,,NaN,,NaN,NaN,,NaN,NaN,,NaN,NaN,NaN,NaN,NaN,NaN,NaN,21,bathroom,2,2024-05-18_13h32.14.141,image_similarity_rating,2023.2.3,None,2024-05-18 13h33.25.122132 +0200
,107,108,NaN,5,stimuli/own/bathroom/107_bat.jpg,stimuli/own/bathroom/108_bat.jpg,NaN,NaN,NaN,NaN,0,2,2,4,NaN,NaN,NaN,NaN,33.9994019160004,NaN,NaN,NaN,NaN,NaN,NaN,NaN,,NaN,,33.8317956660003,33.9994019160004,33.9994019160004,33.9994019160004,33.9994019160004,33.9994019160004,33.9994019160004,33.9994019160004,33.9994019160004,33.9994019160004,44.7991559580005,-7,7,0,3,5.19361216600009,6,10.5519910000003,44.7992957080005,44.8012167500001,45.2575450410004,45.0855181659999,NaN,NaN,NaN,NaN,,NaN,,NaN,NaN,,NaN,NaN,,NaN,NaN,NaN,NaN,NaN,NaN,NaN,21,bathroom,2,2024-05-18_13h32.14.141,image_similarity_rating,2023.2.3,None,2024-05-18 13h33.25.122132 +0200
,107,133,NaN,9,stimuli/own/bathroom/107_bat.jpg,stimuli/own/bathroom/133_bat.jpg,NaN,NaN,NaN,NaN,0,3,3,8,NaN,NaN,NaN,NaN,45.2575450410004,NaN,NaN,NaN,NaN,NaN,NaN,NaN,,NaN,,45.0859814579999,45.2575450410004,45.2575450410004,45.2575450410004,45.2575450410004,45.2575450410004,45.2575450410004,45.2575450410004,45.2575450410004,45.2575450410004,55.7286697910004,-7,7,0,3,5.85593499999959,5,10.270651666,55.7288142500001,55.7318425829999,56.1800673329999,56.0167736250005,NaN,NaN,NaN,NaN,,NaN,,NaN,NaN,,NaN,NaN,,NaN,NaN,NaN,NaN,NaN,NaN,NaN,21,bathroom,2,2024-05-18_13h32.14.141,image_similarity_rating,2023.2.3,None,2024-05-18 13h33.25.122132 +0200
,108,133,NaN,10,stimuli/own/bathroom/108_bat.jpg,stimuli/own/bathroom/133_bat.jpg,NaN,NaN,NaN,NaN,0,4,4,9,NaN,NaN,NaN,NaN,56.1800673329999,NaN,NaN,NaN,NaN,NaN,NaN,NaN,,NaN,,56.0171157080003,56.1800673329999,56.1800673329999,56.1800673329999,56.1800673329999,56.1800673329999,56.1800673329999,56.1800673329999,56.1800673329999,56.1800673329999,69.9201235829996,7,-7,0,2,8.86794608299988,3,13.0050869589995,69.9202641250004,69.9301535410004,70.3873264579997,70.2148265830001,NaN,NaN,NaN,NaN,,NaN,,NaN,NaN,,NaN,NaN,,NaN,NaN,NaN,NaN,NaN,NaN,NaN,21,bathroom,2,2024-05-18_13h32.14.141,image_similarity_rating,2023.2.3,None,2024-05-18 13h33.25.122132 +0200
,110,107,NaN,4,stimuli/own/bathroom/110_bat.jpg,stimuli/own/bathroom/107_bat.jpg,NaN,NaN,NaN,NaN,0,5,5,3,NaN,NaN,NaN,NaN,70.3873264579997,NaN,NaN,NaN,NaN,NaN,NaN,NaN,,NaN,,70.2154314999998,70.3873264579997,70.3873264579997,70.3873264579997,70.3873264579997,70.3873264579997,70.3873264579997,70.3873264579997,70.3873264579997,70.3873264579997,79.6548968750003,-7,7,0,3,5.01584958300009,3,9.0409085830006,79.6550516249999,79.6632323330005,80.116344041,79.9478814160002,NaN,NaN,NaN,NaN,,NaN,,NaN,NaN,,NaN,NaN,,NaN,NaN,NaN,NaN,NaN,NaN,NaN,21,bathroom,2,2024-05-18_13h32.14.141,image_similarity_rating,2023.2.3,None,2024-05-18 13h33.25.122132 +0200
,128,133,NaN,6,stimuli/own/bathroom/128_bat.jpg,stimuli/own/bathroom/133_bat.jpg,NaN,NaN,NaN,NaN,0,6,6,5,NaN,NaN,NaN,NaN,80.116344041,NaN,NaN,NaN,NaN,NaN,NaN,NaN,,NaN,,79.948379083,80.116344041,80.116344041,80.116344041,80.116344041,80.116344041,80.116344041,80.116344041,80.116344041,80.116344041,89.3156247910001,-7,7,0,2,5.76946512500035,1,8.701565458,89.315766916,89.3176747500002,89.7644878749998,89.6015250829996,NaN,NaN,NaN,NaN,,NaN,,NaN,NaN,,NaN,NaN,,NaN,NaN,NaN,NaN,NaN,NaN,NaN,21,bathroom,2,2024-05-18_13h32.14.141,image_similarity_rating,2023.2.3,None,2024-05-18 13h33.25.122132 +0200
,108,110,NaN,8,stimuli/own/bathroom/108_bat.jpg,stimuli/own/bathroom/110_bat.jpg,NaN,NaN,NaN,NaN,0,7,7,7,NaN,NaN,NaN,NaN,89.7644878749998,NaN,NaN,NaN,NaN,NaN,NaN,NaN,,NaN,,89.6018415409999,89.7644878749998,89.7644878749998,89.7644878749998,89.7644878749998,89.7644878749998,89.7644878749998,89.7644878749998,89.7644878749998,89.7644878749998,102.865470708,7,-7,0,2,9.13085720900017,4,12.8504363749998,102.865613083,102.867516708,103.3151325,103.151584916001,NaN,NaN,NaN,NaN,,NaN,,NaN,NaN,,NaN,NaN,,NaN,NaN,NaN,NaN,NaN,NaN,NaN,21,bathroom,2,2024-05-18_13h32.14.141,image_similarity_rating,2023.2.3,None,2024-05-18 13h33.25.122132 +0200
,107,128,NaN,7,stimuli/own/bathroom/107_bat.jpg,stimuli/own/bathroom/128_bat.jpg,NaN,NaN,NaN,NaN,0,8,8,6,NaN,NaN,NaN,NaN,103.3151325,NaN,NaN,NaN,NaN,NaN,NaN,NaN,,NaN,,103.151956333,103.3151325,103.3151325,103.3151325,103.3151325,103.3151325,103.3151325,103.3151325,103.3151325,103.3151325,110.824899375,7,-7,0,2,3.07192500000019,1,7.06637312500061,110.82504125,110.829660375,111.281814125,111.114432333,NaN,NaN,NaN,NaN,,NaN,,NaN,NaN,,NaN,NaN,,NaN,NaN,NaN,NaN,NaN,NaN,NaN,21,bathroom,2,2024-05-18_13h32.14.141,image_similarity_rating,2023.2.3,None,2024-05-18 13h33.25.122132 +0200
,110,128,NaN,2,stimuli/own/bathroom/110_bat.jpg,stimuli/own/bathroom/128_bat.jpg,NaN,NaN,NaN,NaN,0,9,9,1,NaN,NaN,NaN,NaN,111.281814125,NaN,NaN,NaN,NaN,NaN,NaN,NaN,,NaN,,111.114933041,111.281814125,111.281814125,111.281814125,111.281814125,111.281814125,111.281814125,111.281814125,111.281814125,111.281814125,116.645346791,-7,7,0,2,2.73264045799988,2,5.02651762499954,116.645509333,116.64783525,116.935248833,116.930740208,NaN,NaN,NaN,NaN,,NaN,,NaN,NaN,,NaN,NaN,,NaN,NaN,NaN,NaN,NaN,NaN,NaN,21,bathroom,2,2024-05-18_13h32.14.141,image_similarity_rating,2023.2.3,None,2024-05-18 13h33.25.122132 +0200
,NaN,NaN,NaN,NaN,,,NaN,NaN,NaN,NaN,NaN,NaN,NaN,NaN,NaN,NaN,NaN,NaN,NaN,NaN,NaN,NaN,NaN,NaN,NaN,NaN,,NaN,,NaN,NaN,NaN,NaN,NaN,NaN,NaN,NaN,NaN,NaN,NaN,NaN,NaN,NaN,NaN,NaN,NaN,NaN,NaN,NaN,NaN,NaN,116.930847,116.935248833,116.935248833,123.555002125,space,6.61953654199988,None,NaN,NaN,,NaN,NaN,,NaN,NaN,NaN,NaN,NaN,NaN,NaN,21,bathroom,2,2024-05-18_13h32.14.141,image_similarity_rating,2023.2.3,None,2024-05-18 13h33.25.122132 +0200
,120,124,409,409,stimuli/own/bathroom/120_bat.jpg,stimuli/own/bathroom/124_bat.jpg,NaN,NaN,NaN,NaN,NaN,NaN,NaN,NaN,0,0,0,408,123.604444333,NaN,NaN,NaN,NaN,NaN,NaN,NaN,,NaN,,123.897512708,124.07059175,124.07059175,124.07059175,124.07059175,124.07059175,124.07059175,124.07059175,124.07059175,124.07059175,133.952827708,7,-7,1,4,7.31095933300003,3,9.15331891700043,123.602382625,123.604444333,124.07059175,123.897491375,NaN,NaN,NaN,NaN,,NaN,,123.588591916,123.60209975,None,NaN,NaN,,NaN,NaN,NaN,NaN,NaN,NaN,NaN,21,bathroom,2,2024-05-18_13h32.14.141,image_similarity_rating,2023.2.3,None,2024-05-18 13h33.25.122132 +0200
,117,129,353,353,stimuli/own/bathroom/117_bat.jpg,stimuli/own/bathroom/129_bat.jpg,NaN,NaN,NaN,NaN,NaN,NaN,NaN,NaN,0,1,1,352,133.962678666,NaN,NaN,NaN,NaN,NaN,NaN,NaN,,NaN,,134.247587583,134.412476541,134.412476541,134.412476541,134.412476541,134.412476541,134.412476541,134.412476541,134.412476541,134.412476541,144.337009375,-7,7,1,2,7.78638425000008,3,9.66325824999967,133.959300916,133.962678666,134.412476541,134.247574333,NaN,NaN,NaN,NaN,,NaN,,133.953411458,133.959250458,None,NaN,NaN,,NaN,NaN,NaN,NaN,NaN,NaN,NaN,21,bathroom,2,2024-05-18_13h32.14.141,image_similarity_rating,2023.2.3,None,2024-05-18 13h33.25.122132 +0200
,126,141,517,517,stimuli/own/bathroom/126_bat.jpg,stimuli/own/bathroom/141_bat.jpg,NaN,NaN,NaN,NaN,NaN,NaN,NaN,NaN,0,2,2,516,144.346696541,NaN,NaN,NaN,NaN,NaN,NaN,NaN,,NaN,,144.630900291,144.7986345,144.7986345,144.7986345,144.7986345,144.7986345,144.7986345,144.7986345,144.7986345,144.7986345,153.086535125,7,-7,1,4,5.35768191700026,3,8.01421091599968,144.340726916,144.346696541,144.7986345,144.630882875,NaN,NaN,NaN,NaN,,NaN,,144.337240541,144.34067975,None,NaN,NaN,,NaN,NaN,NaN,NaN,NaN,NaN,NaN,21,bathroom,2,2024-05-18_13h32.14.141,image_similarity_rating,2023.2.3,None,2024-05-18 13h33.25.122132 +0200
,109,112,191,191,stimuli/own/bathroom/109_bat.jpg,stimuli/own/bathroom/112_bat.jpg,NaN,NaN,NaN,NaN,NaN,NaN,NaN,NaN,0,3,3,190,153.09629225,NaN,NaN,NaN,NaN,NaN,NaN,NaN,,NaN,,153.380749333,153.547790333,153.547790333,153.547790333,153.547790333,153.547790333,153.547790333,153.547790333,153.547790333,153.547790333,166.1070495,7,-7,1,6,11.5889420829999,4,6.8406831250004,153.090252208,153.09629225,153.547790333,153.380734541,NaN,NaN,NaN,NaN,,NaN,,153.086759375,153.090205375,None,NaN,NaN,,NaN,NaN,NaN,NaN,NaN,NaN,NaN,21,bathroom,2,2024-05-18_13h32.14.141,image_similarity_rating,2023.2.3,None,2024-05-18 13h33.25.122132 +0200
,102,111,40,40,stimuli/own/bathroom/102_bat.jpg,stimuli/own/bathroom/111_bat.jpg,NaN,NaN,NaN,NaN,NaN,NaN,NaN,NaN,0,4,4,39,166.11255725,NaN,NaN,NaN,NaN,NaN,NaN,NaN,,NaN,,166.397456416,166.568810166,166.568810166,166.568810166,166.568810166,166.568810166,166.568810166,166.568810166,166.568810166,166.568810166,173.657150166,7,-7,1,3,3.65825420800047,4,6.88942129200041,166.110754666001,166.11255725,166.568810166,166.397440166,NaN,NaN,NaN,NaN,,NaN,,166.107272,166.110707833,None,NaN,NaN,,NaN,NaN,NaN,NaN,NaN,NaN,NaN,21,bathroom,2,2024-05-18_13h32.14.141,image_similarity_rating,2023.2.3,None,2024-05-18 13h33.25.122132 +0200
,109,136,212,212,stimuli/own/bathroom/109_bat.jpg,stimuli/own/bathroom/136_bat.jpg,NaN,NaN,NaN,NaN,NaN,NaN,NaN,NaN,0,5,5,211,173.662641208,NaN,NaN,NaN,NaN,NaN,NaN,NaN,,NaN,,173.94810325,174.110864958,174.110864958,174.110864958,174.110864958,174.110864958,174.110864958,174.110864958,174.110864958,174.110864958,179.102318958,7,-7,1,2,2.70100866699977,2,4.90620166700046,173.660829916,173.662641208,174.110864958,173.948086416,NaN,NaN,NaN,NaN,,NaN,,173.65737125,173.660783083,None,NaN,NaN,,NaN,NaN,NaN,NaN,NaN,NaN,NaN,21,bathroom,2,2024-05-18_13h32.14.141,image_similarity_rating,2023.2.3,None,2024-05-18 13h33.25.122132 +0200
,109,140,216,216,stimuli/own/bathroom/109_bat.jpg,stimuli/own/bathroom/140_bat.jpg,NaN,NaN,NaN,NaN,NaN,NaN,NaN,NaN,0,6,6,215,179.112741708,NaN,NaN,NaN,NaN,NaN,NaN,NaN,,NaN,,179.397528708,179.564662958,179.564662958,179.564662958,179.564662958,179.564662958,179.564662958,179.564662958,179.564662958,179.564662958,188.840494541,7,-7,1,3,5.30973283399999,5,9.03782904200034,179.106028708,179.112741708,179.564662958,179.397512,NaN,NaN,NaN,NaN,,NaN,,179.102542291,179.105981958,None,NaN,NaN,,NaN,NaN,NaN,NaN,NaN,NaN,NaN,21,bathroom,2,2024-05-18_13h32.14.141,image_similarity_rating,2023.2.3,None,2024-05-18 13h33.25.122132 +0200
,125,129,493,493,stimuli/own/bathroom/125_bat.jpg,stimuli/own/bathroom/129_bat.jpg,NaN,NaN,NaN,NaN,NaN,NaN,NaN,NaN,0,7,7,492,188.84591275,NaN,NaN,NaN,NaN,NaN,NaN,NaN,,NaN,,189.130676166,189.296787291,189.296787291,189.296787291,189.296787291,189.296787291,189.296787291,189.296787291,189.296787291,189.296787291,199.41956425,7,-7,1,5,8.20222458299941,3,9.88656083400019,188.844174708,188.84591275,189.296787291,189.130661291,NaN,NaN,NaN,NaN,,NaN,,188.840717166,188.844127958,None,NaN,NaN,,NaN,NaN,NaN,NaN,NaN,NaN,NaN,21,bathroom,2,2024-05-18_13h32.14.141,image_similarity_rating,2023.2.3,None,2024-05-18 13h33.25.122132 +0200
,126,139,515,515,stimuli/own/bathroom/126_bat.jpg,stimuli/own/bathroom/139_bat.jpg,NaN,NaN,NaN,NaN,NaN,NaN,NaN,NaN,0,8,8,514,199.429498583,NaN,NaN,NaN,NaN,NaN,NaN,NaN,,NaN,,199.714692458,199.880163208,199.880163208,199.880163208,199.880163208,199.880163208,199.880163208,199.880163208,199.880163208,199.880163208,210.241243166,7,-7,1,3,10.2325984580002,1,7.03779495900017,199.423359041,199.429498583,199.880163208,199.714678458,NaN,NaN,NaN,NaN,,NaN,,199.419784791,199.423311916,None,NaN,NaN,,NaN,NaN,NaN,NaN,NaN,NaN,NaN,21,bathroom,2,2024-05-18_13h32.14.141,image_similarity_rating,2023.2.3,None,2024-05-18 13h33.25.122132 +0200
,105,138,157,157,stimuli/own/bathroom/105_bat.jpg,stimuli/own/bathroom/138_bat.jpg,NaN,NaN,NaN,NaN,NaN,NaN,NaN,NaN,0,9,9,156,210.247302958,NaN,NaN,NaN,NaN,NaN,NaN,NaN,,NaN,,210.531565833,210.697781916,210.697781916,210.697781916,210.697781916,210.697781916,210.697781916,210.697781916,210.697781916,210.697781916,216.661781875,7,-7,1,1,5.23593574999995,1,2.93145091699989,210.244978625,210.247302958,210.697781916,210.531552125,NaN,NaN,NaN,NaN,,NaN,,210.241464666,210.244927083,None,NaN,NaN,,NaN,NaN,NaN,NaN,NaN,NaN,NaN,21,bathroom,2,2024-05-18_13h32.14.141,image_similarity_rating,2023.2.3,None,2024-05-18 13h33.25.122132 +0200
,124,140,489,489,stimuli/own/bathroom/124_bat.jpg,stimuli/own/bathroom/140_bat.jpg,NaN,NaN,NaN,NaN,NaN,NaN,NaN,NaN,0,10,10,488,216.667393,NaN,NaN,NaN,NaN,NaN,NaN,NaN,,NaN,,216.951228833,217.115646625,217.115646625,217.115646625,217.115646625,217.115646625,217.115646625,217.115646625,217.115646625,217.115646625,228.281849666,-7,7,1,3,8.79671750000034,3,10.9035185000002,216.665473833,216.667393,217.115646625,216.951217583,NaN,NaN,NaN,NaN,,NaN,,216.662003875,216.665427458,None,NaN,NaN,,NaN,NaN,NaN,NaN,NaN,NaN,NaN,21,bathroom,2,2024-05-18_13h32.14.141,image_similarity_rating,2023.2.3,None,2024-05-18 13h33.25.122132 +0200
,101,123,18,18,stimuli/own/bathroom/101_bat.jpg,stimuli/own/bathroom/123_bat.jpg,NaN,NaN,NaN,NaN,NaN,NaN,NaN,NaN,0,11,11,17,228.287315291,NaN,NaN,NaN,NaN,NaN,NaN,NaN,,NaN,,228.580595041,228.745506125,228.745506125,228.745506125,228.745506125,228.745506125,228.745506125,228.745506125,228.745506125,228.745506125,237.378525375,7,-7,1,3,5.46408625000004,2,8.30968004199985,228.285544166,228.287315291,228.745506125,228.580582041,NaN,NaN,NaN,NaN,,NaN,,228.282071541,228.285497208,None,NaN,NaN,,NaN,NaN,NaN,NaN,NaN,NaN,NaN,21,bathroom,2,2024-05-18_13h32.14.141,image_similarity_rating,2023.2.3,None,2024-05-18 13h33.25.122132 +0200
,134,137,570,570,stimuli/own/bathroom/134_bat.jpg,stimuli/own/bathroom/137_bat.jpg,NaN,NaN,NaN,NaN,NaN,NaN,NaN,NaN,0,12,12,569,237.384369125,NaN,NaN,NaN,NaN,NaN,NaN,NaN,,NaN,,237.667841125,237.831547125,237.831547125,237.831547125,237.831547125,237.831547125,237.831547125,237.831547125,237.831547125,237.831547125,247.323732416,7,-7,1,3,9.45283954199931,2,5.56882829200003,237.382293583,237.384369125,237.831547125,237.667830875,NaN,NaN,NaN,NaN,,NaN,,237.378746541,237.382246416,None,NaN,NaN,,NaN,NaN,NaN,NaN,NaN,NaN,NaN,21,bathroom,2,2024-05-18_13h32.14.141,image_similarity_rating,2023.2.3,None,2024-05-18 13h33.25.122132 +0200
,123,132,467,467,stimuli/own/bathroom/123_bat.jpg,stimuli/own/bathroom/132_bat.jpg,NaN,NaN,NaN,NaN,NaN,NaN,NaN,NaN,0,13,13,466,247.345796041,NaN,NaN,NaN,NaN,NaN,NaN,NaN,,NaN,,247.629977375,247.796057791,247.796057791,247.796057791,247.796057791,247.796057791,247.796057791,247.796057791,247.796057791,247.796057791,257.945168958,7,-7,1,3,6.29152233399964,2,9.99766516599993,247.327427916,247.345796041,NaN,247.629949625,NaN,NaN,NaN,NaN,,NaN,,247.323955375,247.327380958001,None,NaN,NaN,,NaN,NaN,NaN,NaN,NaN,NaN,NaN,21,bathroom,2,2024-05-18_13h32.14.141,image_similarity_rating,2023.2.3,None,2024-05-18 13h33.25.122132 +0200
,114,138,316,316,stimuli/own/bathroom/114_bat.jpg,stimuli/own/bathroom/138_bat.jpg,NaN,NaN,NaN,NaN,NaN,NaN,NaN,NaN,0,14,14,315,257.951053125,NaN,NaN,NaN,NaN,NaN,NaN,NaN,,NaN,,258.23500075,258.397786958,258.397786958,258.397786958,258.397786958,258.397786958,258.397786958,258.397786958,258.397786958,258.397786958,267.040442291,7,-7,1,2,7.20810925000023,3,7.96656508300021,257.948970791,257.951053125,258.397786958,258.234990791,NaN,NaN,NaN,NaN,,NaN,,257.945390833,257.948923083,None,NaN,NaN,,NaN,NaN,NaN,NaN,NaN,NaN,NaN,21,bathroom,2,2024-05-18_13h32.14.141,image_similarity_rating,2023.2.3,None,2024-05-18 13h33.25.122132 +0200
,136,139,583,603,stimuli/own/bathroom/136_bat.jpg,stimuli/own/bathroom/139_bat.jpg,NaN,NaN,NaN,NaN,NaN,NaN,NaN,NaN,0,15,15,602,267.062379125,NaN,NaN,NaN,NaN,NaN,NaN,NaN,,NaN,,267.346749083,267.513017208,267.513017208,267.513017208,267.513017208,267.513017208,267.513017208,267.513017208,267.513017208,267.513017208,275.968677541,-7,7,1,3,8.17829391699979,1,4.27993445800075,267.044262708,267.062379125,NaN,267.346716541,NaN,NaN,NaN,NaN,,NaN,,267.040667708,267.044216041,None,NaN,NaN,,NaN,NaN,NaN,NaN,NaN,NaN,NaN,21,bathroom,2,2024-05-18_13h32.14.141,image_similarity_rating,2023.2.3,None,2024-05-18 13h33.25.122132 +0200
,109,118,196,196,stimuli/own/bathroom/109_bat.jpg,stimuli/own/bathroom/118_bat.jpg,NaN,NaN,NaN,NaN,NaN,NaN,NaN,NaN,0,16,16,195,275.979100375,NaN,NaN,NaN,NaN,NaN,NaN,NaN,,NaN,,276.263756125,276.429364916,276.429364916,276.429364916,276.429364916,276.429364916,276.429364916,276.429364916,276.429364916,276.429364916,284.678226375,-7,7,1,2,5.64990054200007,1,7.73053112499929,275.9724625,275.979100375,276.429364916,276.2637415,NaN,NaN,NaN,NaN,,NaN,,275.968902791,275.972415875,None,NaN,NaN,,NaN,NaN,NaN,NaN,NaN,NaN,NaN,21,bathroom,2,2024-05-18_13h32.14.141,image_similarity_rating,2023.2.3,None,2024-05-18 13h33.25.122132 +0200
,103,139,97,97,stimuli/own/bathroom/103_bat.jpg,stimuli/own/bathroom/139_bat.jpg,NaN,NaN,NaN,NaN,NaN,NaN,NaN,NaN,0,17,17,96,284.683894666,NaN,NaN,NaN,NaN,NaN,NaN,NaN,,NaN,,284.967905083,285.134478916,285.134478916,285.134478916,285.134478916,285.134478916,285.134478916,285.134478916,285.134478916,285.134478916,293.181422083,-7,7,1,4,4.15659912499996,2,7.15904725000019,284.681954875,284.683894666,285.134478916,284.967892333,NaN,NaN,NaN,NaN,,NaN,,284.678454708,284.681908,None,NaN,NaN,,NaN,NaN,NaN,NaN,NaN,NaN,NaN,21,bathroom,2,2024-05-18_13h32.14.141,image_similarity_rating,2023.2.3,None,2024-05-18 13h33.25.122132 +0200
,130,139,548,548,stimuli/own/bathroom/130_bat.jpg,stimuli/own/bathroom/139_bat.jpg,NaN,NaN,NaN,NaN,NaN,NaN,NaN,NaN,0,18,18,547,293.187026833,NaN,NaN,NaN,NaN,NaN,NaN,NaN,,NaN,,293.480425666,293.652237041,293.652237041,293.652237041,293.652237041,293.652237041,293.652237041,293.652237041,293.652237041,293.652237041,305.202718791,7,-7,1,5,7.19198516699998,4,11.4578002080007,293.185103458,293.187026833,293.652237041,293.480380416,NaN,NaN,NaN,NaN,,NaN,,293.18164425,293.185057083,None,NaN,NaN,,NaN,NaN,NaN,NaN,NaN,NaN,NaN,21,bathroom,2,2024-05-18_13h32.14.141,image_similarity_rating,2023.2.3,None,2024-05-18 13h33.25.122132 +0200
,111,132,236,236,stimuli/own/bathroom/111_bat.jpg,stimuli/own/bathroom/132_bat.jpg,NaN,NaN,NaN,NaN,NaN,NaN,NaN,NaN,0,19,19,235,305.212531916,NaN,NaN,NaN,NaN,NaN,NaN,NaN,,NaN,,305.497189333,305.663188708,305.663188708,305.663188708,305.663188708,305.663188708,305.663188708,305.663188708,305.663188708,305.663188708,315.84800725,-7,7,1,5,5.08770575000017,6,10.1342008750007,305.206416458,305.212531916,305.663188708,305.49717525,NaN,NaN,NaN,NaN,,NaN,,305.202948833,305.206369333,None,NaN,NaN,,NaN,NaN,NaN,NaN,NaN,NaN,NaN,21,bathroom,2,2024-05-18_13h32.14.141,image_similarity_rating,2023.2.3,None,2024-05-18 13h33.25.122132 +0200
,125,134,497,497,stimuli/own/bathroom/125_bat.jpg,stimuli/own/bathroom/134_bat.jpg,NaN,NaN,NaN,NaN,NaN,NaN,NaN,NaN,0,20,20,496,315.853828,NaN,NaN,NaN,NaN,NaN,NaN,NaN,,NaN,,316.146960041,316.311886791,316.311886791,316.311886791,316.311886791,316.311886791,316.311886791,316.311886791,316.311886791,316.311886791,322.09085275,-7,7,1,4,4.02604587499991,5,5.37931112499973,315.85180575,315.853828,316.311886791,316.146945333,NaN,NaN,NaN,NaN,,NaN,,315.848243291,315.851758333,None,NaN,NaN,,NaN,NaN,NaN,NaN,NaN,NaN,NaN,21,bathroom,2,2024-05-18_13h32.14.141,image_similarity_rating,2023.2.3,None,2024-05-18 13h33.25.122132 +0200
,123,137,471,471,stimuli/own/bathroom/123_bat.jpg,stimuli/own/bathroom/137_bat.jpg,NaN,NaN,NaN,NaN,NaN,NaN,NaN,NaN,0,21,21,470,322.097208916,NaN,NaN,NaN,NaN,NaN,NaN,NaN,,NaN,,322.3845715,322.548753458,322.548753458,322.548753458,322.548753458,322.548753458,322.548753458,322.548753458,322.548753458,322.548753458,329.281962166,-7,7,1,3,5.03272037499937,4,6.31519504199969,322.094667333,322.097208916,322.548753458,322.384559125,NaN,NaN,NaN,NaN,,NaN,,322.091074875,322.094603541,None,NaN,NaN,,NaN,NaN,NaN,NaN,NaN,NaN,NaN,21,bathroom,2,2024-05-18_13h32.14.141,image_similarity_rating,2023.2.3,None,2024-05-18 13h33.25.122132 +0200
,103,105,69,69,stimuli/own/bathroom/103_bat.jpg,stimuli/own/bathroom/105_bat.jpg,NaN,NaN,NaN,NaN,NaN,NaN,NaN,NaN,0,22,22,68,329.2955535,NaN,NaN,NaN,NaN,NaN,NaN,NaN,,NaN,,329.581058125,329.745387,329.745387,329.745387,329.745387,329.745387,329.745387,329.745387,329.745387,329.745387,336.899519625,-7,7,1,2,3.72770358300022,3,6.81906612500006,329.285950208,329.2955535,329.745387,329.581044583,NaN,NaN,NaN,NaN,,NaN,,329.282193708,329.285901458,None,NaN,NaN,,NaN,NaN,NaN,NaN,NaN,NaN,NaN,21,bathroom,2,2024-05-18_13h32.14.141,image_similarity_rating,2023.2.3,None,2024-05-18 13h33.25.122132 +0200
,103,119,79,79,stimuli/own/bathroom/103_bat.jpg,stimuli/own/bathroom/119_bat.jpg,NaN,NaN,NaN,NaN,NaN,NaN,NaN,NaN,0,23,23,78,336.912233166,NaN,NaN,NaN,NaN,NaN,NaN,NaN,,NaN,,337.197815666,337.362591583,337.362591583,337.362591583,337.362591583,337.362591583,337.362591583,337.362591583,337.362591583,337.362591583,342.551731041,-7,7,1,3,5.18598183300037,2,3.74469545900047,336.903436708,336.912233166,337.362591583,337.197801416,NaN,NaN,NaN,NaN,,NaN,,336.899755,336.903387375,None,NaN,NaN,,NaN,NaN,NaN,NaN,NaN,NaN,NaN,21,bathroom,2,2024-05-18_13h32.14.141,image_similarity_rating,2023.2.3,None,2024-05-18 13h33.25.122132 +0200
,105,136,155,155,stimuli/own/bathroom/105_bat.jpg,stimuli/own/bathroom/136_bat.jpg,NaN,NaN,NaN,NaN,NaN,NaN,NaN,NaN,0,24,24,154,342.562289375,NaN,NaN,NaN,NaN,NaN,NaN,NaN,,NaN,,342.846677083,343.011168708,343.011168708,343.011168708,343.011168708,343.011168708,343.011168708,343.011168708,343.011168708,343.011168708,351.635629125,7,-7,1,4,8.52048583299984,2,2.91737375000048,342.555432458,342.562289375,343.011168708,342.846663166,NaN,NaN,NaN,NaN,,NaN,,342.551952458,342.555382541,None,NaN,NaN,,NaN,NaN,NaN,NaN,NaN,NaN,NaN,21,bathroom,2,2024-05-18_13h32.14.141,image_similarity_rating,2023.2.3,None,2024-05-18 13h33.25.122132 +0200
,121,127,430,430,stimuli/own/bathroom/121_bat.jpg,stimuli/own/bathroom/127_bat.jpg,NaN,NaN,NaN,NaN,NaN,NaN,NaN,NaN,0,25,25,429,351.645409125,NaN,NaN,NaN,NaN,NaN,NaN,NaN,,NaN,,351.930019708,352.094361375,352.094361375,352.094361375,352.094361375,352.094361375,352.094361375,352.094361375,352.094361375,352.094361375,359.02758,-7,7,1,3,3.26500374999978,4,6.60800641699916,351.639445125,351.645409125,352.094361375,351.930005125,NaN,NaN,NaN,NaN,,NaN,,351.6358515,351.63939825,None,NaN,NaN,,NaN,NaN,NaN,NaN,NaN,NaN,NaN,21,bathroom,2,2024-05-18_13h32.14.141,image_similarity_rating,2023.2.3,None,2024-05-18 13h33.25.122132 +0200
,127,134,522,522,stimuli/own/bathroom/127_bat.jpg,stimuli/own/bathroom/134_bat.jpg,NaN,NaN,NaN,NaN,NaN,NaN,NaN,NaN,0,26,26,521,359.033236958,NaN,NaN,NaN,NaN,NaN,NaN,NaN,,NaN,,359.317624375,359.488718041,359.488718041,359.488718041,359.488718041,359.488718041,359.488718041,359.488718041,359.488718041,359.488718041,364.902184875,-7,7,1,3,2.85703729200031,4,5.30400620899945,359.031318291,359.033236958,359.488718041,359.317609875,NaN,NaN,NaN,NaN,,NaN,,359.027832125,359.031271291,None,NaN,NaN,,NaN,NaN,NaN,NaN,NaN,NaN,NaN,21,bathroom,2,2024-05-18_13h32.14.141,image_similarity_rating,2023.2.3,None,2024-05-18 13h33.25.122132 +0200
,118,122,368,368,stimuli/own/bathroom/118_bat.jpg,stimuli/own/bathroom/122_bat.jpg,NaN,NaN,NaN,NaN,NaN,NaN,NaN,NaN,0,27,27,367,364.912222041,NaN,NaN,NaN,NaN,NaN,NaN,NaN,,NaN,,365.196765458,365.361378375,365.361378375,365.361378375,365.361378375,365.361378375,365.361378375,365.361378375,365.361378375,365.361378375,377.547752666,-7,7,1,5,12.0984102499997,2,4.09795991700048,364.905854333,364.912222041,365.361378375,365.196751166,NaN,NaN,NaN,NaN,,NaN,,364.902406083,364.905808208,None,NaN,NaN,,NaN,NaN,NaN,NaN,NaN,NaN,NaN,21,bathroom,2,2024-05-18_13h32.14.141,image_similarity_rating,2023.2.3,None,2024-05-18 13h33.25.122132 +0200
,117,124,349,349,stimuli/own/bathroom/117_bat.jpg,stimuli/own/bathroom/124_bat.jpg,NaN,NaN,NaN,NaN,NaN,NaN,NaN,NaN,0,28,28,348,377.553483666,NaN,NaN,NaN,NaN,NaN,NaN,NaN,,NaN,,377.84671175,378.014227083,378.014227083,378.014227083,378.014227083,378.014227083,378.014227083,378.014227083,378.014227083,378.014227083,382.902886916,7,-7,1,5,2.97956212499957,4,4.6381544169999,377.55154175,377.553483666,378.014227083,377.846694583,NaN,NaN,NaN,NaN,,NaN,,377.547973791,377.551494791,None,NaN,NaN,,NaN,NaN,NaN,NaN,NaN,NaN,NaN,21,bathroom,2,2024-05-18_13h32.14.141,image_similarity_rating,2023.2.3,None,2024-05-18 13h33.25.122132 +0200
,123,131,466,466,stimuli/own/bathroom/123_bat.jpg,stimuli/own/bathroom/131_bat.jpg,NaN,NaN,NaN,NaN,NaN,NaN,NaN,NaN,0,29,29,465,382.912055791,NaN,NaN,NaN,NaN,NaN,NaN,NaN,,NaN,,383.197658375,383.362747,383.362747,383.362747,383.362747,383.362747,383.362747,383.362747,383.362747,383.362747,391.731137666,-7,7,1,2,8.17788654200012,1,3.29179837500033,382.906595583,382.912055791,383.362747,383.197640333,NaN,NaN,NaN,NaN,,NaN,,382.903112208,382.90654875,None,NaN,NaN,,NaN,NaN,NaN,NaN,NaN,NaN,NaN,21,bathroom,2,2024-05-18_13h32.14.141,image_similarity_rating,2023.2.3,None,2024-05-18 13h33.25.122132 +0200
,120,139,422,422,stimuli/own/bathroom/120_bat.jpg,stimuli/own/bathroom/139_bat.jpg,NaN,NaN,NaN,NaN,NaN,NaN,NaN,NaN,0,30,30,421,391.73661875,NaN,NaN,NaN,NaN,NaN,NaN,NaN,,NaN,,392.029885458,392.195770125,392.195770125,392.195770125,392.195770125,392.195770125,392.195770125,392.195770125,392.195770125,392.195770125,400.406110208,7,-7,1,4,8.19497608300026,1,7.00525516700054,391.734820916,391.73661875,392.195770125,392.029870958,NaN,NaN,NaN,NaN,,NaN,,391.731357416,391.734773708,None,NaN,NaN,,NaN,NaN,NaN,NaN,NaN,NaN,NaN,21,bathroom,2,2024-05-18_13h32.14.141,image_similarity_rating,2023.2.3,None,2024-05-18 13h33.25.122132 +0200
,102,139,65,604,stimuli/own/bathroom/102_bat.jpg,stimuli/own/bathroom/139_bat.jpg,NaN,NaN,NaN,NaN,NaN,NaN,NaN,NaN,0,31,31,603,400.411740666,NaN,NaN,NaN,NaN,NaN,NaN,NaN,,NaN,,400.696602875,400.86419375,400.86419375,400.86419375,400.86419375,400.86419375,400.86419375,400.86419375,400.86419375,400.86419375,408.29444275,-7,7,1,4,3.43726366700048,5,7.32876458299961,400.409773875,400.411740666,400.86419375,400.696583791,NaN,NaN,NaN,NaN,,NaN,,400.40633425,400.409727458,None,NaN,NaN,,NaN,NaN,NaN,NaN,NaN,NaN,NaN,21,bathroom,2,2024-05-18_13h32.14.141,image_similarity_rating,2023.2.3,None,2024-05-18 13h33.25.122132 +0200
,106,141,189,189,stimuli/own/bathroom/106_bat.jpg,stimuli/own/bathroom/141_bat.jpg,NaN,NaN,NaN,NaN,NaN,NaN,NaN,NaN,0,32,32,188,408.300249666,NaN,NaN,NaN,NaN,NaN,NaN,NaN,,NaN,,408.59715625,408.762437416,408.762437416,408.762437416,408.762437416,408.762437416,408.762437416,408.762437416,408.762437416,408.762437416,418.419765958,7,-7,1,3,6.65308049999931,4,9.49565983400043,408.298147083,408.300249666,408.762437416,408.597138416,NaN,NaN,NaN,NaN,,NaN,,408.294664833,408.298099833,None,NaN,NaN,,NaN,NaN,NaN,NaN,NaN,NaN,NaN,21,bathroom,2,2024-05-18_13h32.14.141,image_similarity_rating,2023.2.3,None,2024-05-18 13h33.25.122132 +0200
,113,140,294,294,stimuli/own/bathroom/113_bat.jpg,stimuli/own/bathroom/140_bat.jpg,NaN,NaN,NaN,NaN,NaN,NaN,NaN,NaN,0,33,33,293,418.428574166,NaN,NaN,NaN,NaN,NaN,NaN,NaN,,NaN,,418.714091916,418.877608791,418.877608791,418.877608791,418.877608791,418.877608791,418.877608791,418.877608791,418.877608791,418.877608791,425.840530083,7,-7,1,2,4.52237891700042,5,6.83764854199944,418.423653333,418.428574166,418.877608791,418.714079416,NaN,NaN,NaN,NaN,,NaN,,418.419993291,418.423606041,None,NaN,NaN,,NaN,NaN,NaN,NaN,NaN,NaN,NaN,21,bathroom,2,2024-05-18_13h32.14.141,image_similarity_rating,2023.2.3,None,2024-05-18 13h33.25.122132 +0200
,127,132,521,521,stimuli/own/bathroom/127_bat.jpg,stimuli/own/bathroom/132_bat.jpg,NaN,NaN,NaN,NaN,NaN,NaN,NaN,NaN,0,34,34,520,425.846740916,NaN,NaN,NaN,NaN,NaN,NaN,NaN,,NaN,,426.129862583,426.292450791,426.292450791,426.292450791,426.292450791,426.292450791,426.292450791,426.292450791,426.292450791,426.292450791,432.743652625,7,-7,1,3,3.09402795799997,4,4.42897816700042,425.844281625,425.846740916,426.292450791,426.129851583,NaN,NaN,NaN,NaN,,NaN,,425.840749458,425.844219333,None,NaN,NaN,,NaN,NaN,NaN,NaN,NaN,NaN,NaN,21,bathroom,2,2024-05-18_13h32.14.141,image_similarity_rating,2023.2.3,None,2024-05-18 13h33.25.122132 +0200
,119,130,395,395,stimuli/own/bathroom/119_bat.jpg,stimuli/own/bathroom/130_bat.jpg,NaN,NaN,NaN,NaN,NaN,NaN,NaN,NaN,0,35,35,394,432.749142541,NaN,NaN,NaN,NaN,NaN,NaN,NaN,,NaN,,433.034030791,433.201647875,433.201647875,433.201647875,433.201647875,433.201647875,433.201647875,433.201647875,433.201647875,433.201647875,441.553022666,-7,7,1,6,5.44785304200013,4,8.16462991699973,432.747397583,432.749142541,433.201647875,433.034016041,NaN,NaN,NaN,NaN,,NaN,,432.743891791,432.74735,None,NaN,NaN,,NaN,NaN,NaN,NaN,NaN,NaN,NaN,21,bathroom,2,2024-05-18_13h32.14.141,image_similarity_rating,2023.2.3,None,2024-05-18 13h33.25.122132 +0200
,124,130,480,480,stimuli/own/bathroom/124_bat.jpg,stimuli/own/bathroom/130_bat.jpg,NaN,NaN,NaN,NaN,NaN,NaN,NaN,NaN,0,36,36,479,441.561860583,NaN,NaN,NaN,NaN,NaN,NaN,NaN,,NaN,,441.847126041,442.011454416,442.011454416,442.011454416,442.011454416,442.011454416,442.011454416,442.011454416,442.011454416,442.011454416,448.760782,-7,7,1,5,4.3776399999997,4,6.42406849999952,441.556864833,441.561860583,442.011454416,441.847113041,NaN,NaN,NaN,NaN,,NaN,,441.55324775,441.556817666,None,NaN,NaN,,NaN,NaN,NaN,NaN,NaN,NaN,NaN,21,bathroom,2,2024-05-18_13h32.14.141,image_similarity_rating,2023.2.3,None,2024-05-18 13h33.25.122132 +0200
,103,141,99,99,stimuli/own/bathroom/103_bat.jpg,stimuli/own/bathroom/141_bat.jpg,NaN,NaN,NaN,NaN,NaN,NaN,NaN,NaN,0,37,37,98,448.766558625,NaN,NaN,NaN,NaN,NaN,NaN,NaN,,NaN,,449.050999416,449.213496541,449.213496541,449.213496541,449.213496541,449.213496541,449.213496541,449.213496541,449.213496541,449.213496541,458.177149375,7,-7,1,5,7.85669412499919,5,8.47675508300017,448.76464175,448.766558625,449.213496541,449.050989125,NaN,NaN,NaN,NaN,,NaN,,448.761019166,448.764593875,None,NaN,NaN,,NaN,NaN,NaN,NaN,NaN,NaN,NaN,21,bathroom,2,2024-05-18_13h32.14.141,image_similarity_rating,2023.2.3,None,2024-05-18 13h33.25.122132 +0200
,101,139,32,32,stimuli/own/bathroom/101_bat.jpg,stimuli/own/bathroom/139_bat.jpg,NaN,NaN,NaN,NaN,NaN,NaN,NaN,NaN,0,38,38,31,458.1828185,NaN,NaN,NaN,NaN,NaN,NaN,NaN,,NaN,,458.467086291,458.631742,458.631742,458.631742,458.631742,458.631742,458.631742,458.631742,458.631742,458.631742,466.060686166,-7,7,1,2,5.6049299160004,2,7.14259383299941,458.180881416,458.1828185,458.631742,458.46707475,NaN,NaN,NaN,NaN,,NaN,,458.177376916,458.180834375,None,NaN,NaN,,NaN,NaN,NaN,NaN,NaN,NaN,NaN,21,bathroom,2,2024-05-18_13h32.14.141,image_similarity_rating,2023.2.3,None,2024-05-18 13h33.25.122132 +0200
,114,131,310,310,stimuli/own/bathroom/114_bat.jpg,stimuli/own/bathroom/131_bat.jpg,NaN,NaN,NaN,NaN,NaN,NaN,NaN,NaN,0,39,39,309,466.06674425,NaN,NaN,NaN,NaN,NaN,NaN,NaN,,NaN,,466.351236666,466.515565833,466.515565833,466.515565833,466.515565833,466.515565833,466.515565833,466.515565833,466.515565833,466.515565833,473.443857166,7,-7,1,3,5.17360437500065,3,6.82960337499935,466.064453375,466.06674425,466.515565833,466.351219916,NaN,NaN,NaN,NaN,,NaN,,466.060928958,466.064406708,None,NaN,NaN,,NaN,NaN,NaN,NaN,NaN,NaN,NaN,21,bathroom,2,2024-05-18_13h32.14.141,image_similarity_rating,2023.2.3,None,2024-05-18 13h33.25.122132 +0200
,131,135,553,553,stimuli/own/bathroom/131_bat.jpg,stimuli/own/bathroom/135_bat.jpg,NaN,NaN,NaN,NaN,NaN,NaN,NaN,NaN,0,40,40,552,473.449503708,NaN,NaN,NaN,NaN,NaN,NaN,NaN,,NaN,,473.733958208,473.89658375,473.89658375,473.89658375,473.89658375,473.89658375,473.89658375,473.89658375,473.89658375,473.89658375,480.623283708,7,-7,1,3,5.21961616600038,2,6.54121450000002,473.447584375,473.449503708,473.89658375,473.733947916,NaN,NaN,NaN,NaN,,NaN,,473.444104333,473.4475375,None,NaN,NaN,,NaN,NaN,NaN,NaN,NaN,NaN,NaN,21,bathroom,2,2024-05-18_13h32.14.141,image_similarity_rating,2023.2.3,None,2024-05-18 13h33.25.122132 +0200
,118,127,373,373,stimuli/own/bathroom/118_bat.jpg,stimuli/own/bathroom/127_bat.jpg,NaN,NaN,NaN,NaN,NaN,NaN,NaN,NaN,0,41,41,372,480.645001125,NaN,NaN,NaN,NaN,NaN,NaN,NaN,,NaN,,480.929356458,481.093927,481.093927,481.093927,481.093927,481.093927,481.093927,481.093927,481.093927,481.093927,486.289281708,-7,7,1,2,3.38975120800023,3,4.96066745799999,480.626986708,480.645001125,NaN,480.9293345,NaN,NaN,NaN,NaN,,NaN,,480.623506625,480.626940666,None,NaN,NaN,,NaN,NaN,NaN,NaN,NaN,NaN,NaN,21,bathroom,2,2024-05-18_13h32.14.141,image_similarity_rating,2023.2.3,None,2024-05-18 13h33.25.122132 +0200
,129,130,530,530,stimuli/own/bathroom/129_bat.jpg,stimuli/own/bathroom/130_bat.jpg,NaN,NaN,NaN,NaN,NaN,NaN,NaN,NaN,0,42,42,529,486.29481125,NaN,NaN,NaN,NaN,NaN,NaN,NaN,,NaN,,486.579615166,486.74620775,486.74620775,486.74620775,486.74620775,486.74620775,486.74620775,486.74620775,486.74620775,486.74620775,491.694007375,-7,7,1,4,2.60749779200069,5,4.81049533299938,486.292954,486.29481125,486.74620775,486.579600791,NaN,NaN,NaN,NaN,,NaN,,486.289501916,486.292907,None,NaN,NaN,,NaN,NaN,NaN,NaN,NaN,NaN,NaN,21,bathroom,2,2024-05-18_13h32.14.141,image_similarity_rating,2023.2.3,None,2024-05-18 13h33.25.122132 +0200
,118,135,379,379,stimuli/own/bathroom/118_bat.jpg,stimuli/own/bathroom/135_bat.jpg,NaN,NaN,NaN,NaN,NaN,NaN,NaN,NaN,0,43,43,378,491.6997785,NaN,NaN,NaN,NaN,NaN,NaN,NaN,,NaN,,491.983548,492.148510166,492.148510166,492.148510166,492.148510166,492.148510166,492.148510166,492.148510166,492.148510166,492.148510166,499.724625,7,-7,1,4,5.32476858300015,4,7.40176766700006,491.697715458,491.6997785,492.148510166,491.98353625,NaN,NaN,NaN,NaN,,NaN,,491.694243791,491.697668333,None,NaN,NaN,,NaN,NaN,NaN,NaN,NaN,NaN,NaN,21,bathroom,2,2024-05-18_13h32.14.141,image_similarity_rating,2023.2.3,None,2024-05-18 13h33.25.122132 +0200
,116,126,329,329,stimuli/own/bathroom/116_bat.jpg,stimuli/own/bathroom/126_bat.jpg,NaN,NaN,NaN,NaN,NaN,NaN,NaN,NaN,0,44,44,328,499.730232,NaN,NaN,NaN,NaN,NaN,NaN,NaN,,NaN,,500.01379875,500.179234625,500.179234625,500.179234625,500.179234625,500.179234625,500.179234625,500.179234625,500.179234625,500.179234625,508.244354291,7,-7,1,2,3.99634579200028,2,7.91341724999984,499.7283965,499.730232,500.179234625,500.01378575,NaN,NaN,NaN,NaN,,NaN,,499.724851416,499.728349166,None,NaN,NaN,,NaN,NaN,NaN,NaN,NaN,NaN,NaN,21,bathroom,2,2024-05-18_13h32.14.141,image_similarity_rating,2023.2.3,None,2024-05-18 13h33.25.122132 +0200
,120,135,418,418,stimuli/own/bathroom/120_bat.jpg,stimuli/own/bathroom/135_bat.jpg,NaN,NaN,NaN,NaN,NaN,NaN,NaN,NaN,0,45,45,417,508.250013041,NaN,NaN,NaN,NaN,NaN,NaN,NaN,,NaN,,508.533552875,508.696681625,508.696681625,508.696681625,508.696681625,508.696681625,508.696681625,508.696681625,508.696681625,508.696681625,515.381714166,7,-7,1,3,4.57473483400008,4,6.46951633400022,508.24807775,508.250013041,508.696681625,508.533542333,NaN,NaN,NaN,NaN,,NaN,,508.244577833,508.248030916,None,NaN,NaN,,NaN,NaN,NaN,NaN,NaN,NaN,NaN,21,bathroom,2,2024-05-18_13h32.14.141,image_similarity_rating,2023.2.3,None,2024-05-18 13h33.25.122132 +0200
,126,130,507,507,stimuli/own/bathroom/126_bat.jpg,stimuli/own/bathroom/130_bat.jpg,NaN,NaN,NaN,NaN,NaN,NaN,NaN,NaN,0,46,46,506,515.387748,NaN,NaN,NaN,NaN,NaN,NaN,NaN,,NaN,,515.680090375,515.846456625,515.846456625,515.846456625,515.846456625,515.846456625,515.846456625,515.846456625,515.846456625,515.846456625,521.165325416,7,-7,1,2,2.52723929100011,3,4.93759866600067,515.385498875,515.387748,515.846456625,515.680075583,NaN,NaN,NaN,NaN,,NaN,,515.381948666,515.385451875,None,NaN,NaN,,NaN,NaN,NaN,NaN,NaN,NaN,NaN,21,bathroom,2,2024-05-18_13h32.14.141,image_similarity_rating,2023.2.3,None,2024-05-18 13h33.25.122132 +0200
,102,126,54,54,stimuli/own/bathroom/102_bat.jpg,stimuli/own/bathroom/126_bat.jpg,NaN,NaN,NaN,NaN,NaN,NaN,NaN,NaN,0,47,47,53,521.178147083,NaN,NaN,NaN,NaN,NaN,NaN,NaN,,NaN,,521.462987416,521.626267958,521.626267958,521.626267958,521.626267958,521.626267958,521.626267958,521.626267958,521.626267958,521.626267958,528.582847,7,-7,1,3,3.89245779099929,5,6.66825695900025,521.169204166,521.178147083,521.626267958,521.46297375,NaN,NaN,NaN,NaN,,NaN,,521.16555925,521.1691555,None,NaN,NaN,,NaN,NaN,NaN,NaN,NaN,NaN,NaN,21,bathroom,2,2024-05-18_13h32.14.141,image_similarity_rating,2023.2.3,None,2024-05-18 13h33.25.122132 +0200
,103,112,73,73,stimuli/own/bathroom/103_bat.jpg,stimuli/own/bathroom/112_bat.jpg,NaN,NaN,NaN,NaN,NaN,NaN,NaN,NaN,0,48,48,72,528.594902291,NaN,NaN,NaN,NaN,NaN,NaN,NaN,,NaN,,528.879485833,529.044889208,529.044889208,529.044889208,529.044889208,529.044889208,529.044889208,529.044889208,529.044889208,529.044889208,536.744129791,7,-7,1,2,3.23567283299963,6,7.37064866699984,528.586634,528.594902291,529.044889208,528.879471625,NaN,NaN,NaN,NaN,,NaN,,528.583067916,528.586587583,None,NaN,NaN,,NaN,NaN,NaN,NaN,NaN,NaN,NaN,21,bathroom,2,2024-05-18_13h32.14.141,image_similarity_rating,2023.2.3,None,2024-05-18 13h33.25.122132 +0200
,112,138,267,267,stimuli/own/bathroom/112_bat.jpg,stimuli/own/bathroom/138_bat.jpg,NaN,NaN,NaN,NaN,NaN,NaN,NaN,NaN,0,49,49,266,536.750038375,NaN,NaN,NaN,NaN,NaN,NaN,NaN,,NaN,,537.034691291,537.197912125,537.197912125,537.197912125,537.197912125,537.197912125,537.197912125,537.197912125,537.197912125,537.197912125,546.365160041,7,-7,1,6,9.04384508299972,4,7.99749979199987,536.747951625,536.750038375,537.197912125,537.034680666,NaN,NaN,NaN,NaN,,NaN,,536.7443545,536.747904708,None,NaN,NaN,,NaN,NaN,NaN,NaN,NaN,NaN,NaN,21,bathroom,2,2024-05-18_13h32.14.141,image_similarity_rating,2023.2.3,None,2024-05-18 13h33.25.122132 +0200
,123,136,470,470,stimuli/own/bathroom/123_bat.jpg,stimuli/own/bathroom/136_bat.jpg,NaN,NaN,NaN,NaN,NaN,NaN,NaN,NaN,0,50,50,469,546.378072875,NaN,NaN,NaN,NaN,NaN,NaN,NaN,,NaN,,546.663242666,546.829066458,546.829066458,546.829066458,546.829066458,546.829066458,546.829066458,546.829066458,546.829066458,546.829066458,552.086331833,7,-7,1,3,3.0577248339996,3,5.06359179100036,546.36915775,546.378072875,546.829066458,546.663229541,NaN,NaN,NaN,NaN,,NaN,,546.365396791,546.369108708,None,NaN,NaN,,NaN,NaN,NaN,NaN,NaN,NaN,NaN,21,bathroom,2,2024-05-18_13h32.14.141,image_similarity_rating,2023.2.3,None,2024-05-18 13h33.25.122132 +0200
,116,117,320,320,stimuli/own/bathroom/116_bat.jpg,stimuli/own/bathroom/117_bat.jpg,NaN,NaN,NaN,NaN,NaN,NaN,NaN,NaN,0,51,51,319,552.094792666,NaN,NaN,NaN,NaN,NaN,NaN,NaN,,NaN,,552.379696083,552.544499916,552.544499916,552.544499916,552.544499916,552.544499916,552.544499916,552.544499916,552.544499916,552.544499916,559.318759666,7,-7,1,3,3.58812200000011,6,6.2497811660005,552.089991833,552.094792666,552.544499916,552.379683666,NaN,NaN,NaN,NaN,,NaN,,552.086555208,552.089944625,None,NaN,NaN,,NaN,NaN,NaN,NaN,NaN,NaN,NaN,21,bathroom,2,2024-05-18_13h32.14.141,image_similarity_rating,2023.2.3,None,2024-05-18 13h33.25.122132 +0200
,123,135,469,469,stimuli/own/bathroom/123_bat.jpg,stimuli/own/bathroom/135_bat.jpg,NaN,NaN,NaN,NaN,NaN,NaN,NaN,NaN,0,52,52,468,559.328032291,NaN,NaN,NaN,NaN,NaN,NaN,NaN,,NaN,,559.612841333,559.781955541,559.781955541,559.781955541,559.781955541,559.781955541,559.781955541,559.781955541,559.781955541,559.781955541,568.017654666,7,-7,1,3,4.33451479199994,4,7.96239312499983,559.322435583,559.328032291,559.781955541,559.612824958,NaN,NaN,NaN,NaN,,NaN,,559.318990833,559.322388791,None,NaN,NaN,,NaN,NaN,NaN,NaN,NaN,NaN,NaN,21,bathroom,2,2024-05-18_13h32.14.141,image_similarity_rating,2023.2.3,None,2024-05-18 13h33.25.122132 +0200
,122,130,449,449,stimuli/own/bathroom/122_bat.jpg,stimuli/own/bathroom/130_bat.jpg,NaN,NaN,NaN,NaN,NaN,NaN,NaN,NaN,0,53,53,448,568.028119,NaN,NaN,NaN,NaN,NaN,NaN,NaN,,NaN,,568.312649833,568.47785775,568.47785775,568.47785775,568.47785775,568.47785775,568.47785775,568.47785775,568.47785775,568.47785775,573.727151583,7,-7,1,3,2.5748475420005,3,4.97358029200041,568.021314041,568.028119,568.47785775,568.31263575,NaN,NaN,NaN,NaN,,NaN,,568.017873833,568.021268083,None,NaN,NaN,,NaN,NaN,NaN,NaN,NaN,NaN,NaN,21,bathroom,2,2024-05-18_13h32.14.141,image_similarity_rating,2023.2.3,None,2024-05-18 13h33.25.122132 +0200
,123,139,473,473,stimuli/own/bathroom/123_bat.jpg,stimuli/own/bathroom/139_bat.jpg,NaN,NaN,NaN,NaN,NaN,NaN,NaN,NaN,0,54,54,472,573.733389833,NaN,NaN,NaN,NaN,NaN,NaN,NaN,,NaN,,574.017376625,574.182951708,574.182951708,574.182951708,574.182951708,574.182951708,574.182951708,574.182951708,574.182951708,574.182951708,583.732085125,-7,7,1,3,6.23137329100064,5,9.46167754199996,573.730897791,573.733389833,574.182951708,574.017363875,NaN,NaN,NaN,NaN,,NaN,,573.727384541,573.730850666,None,NaN,NaN,,NaN,NaN,NaN,NaN,NaN,NaN,NaN,21,bathroom,2,2024-05-18_13h32.14.141,image_similarity_rating,2023.2.3,None,2024-05-18 13h33.25.122132 +0200
,118,119,365,365,stimuli/own/bathroom/118_bat.jpg,stimuli/own/bathroom/119_bat.jpg,NaN,NaN,NaN,NaN,NaN,NaN,NaN,NaN,0,55,55,364,583.745051875,NaN,NaN,NaN,NaN,NaN,NaN,NaN,,NaN,,584.029838416,584.193802458,584.193802458,584.193802458,584.193802458,584.193802458,584.193802458,584.193802458,584.193802458,584.193802458,590.36812775,7,-7,1,4,4.03147600000011,4,6.01242774999992,583.735888958,583.745051875,584.193802458,584.029821208,NaN,NaN,NaN,NaN,,NaN,,583.732305125,583.735841958,None,NaN,NaN,,NaN,NaN,NaN,NaN,NaN,NaN,NaN,21,bathroom,2,2024-05-18_13h32.14.141,image_similarity_rating,2023.2.3,None,2024-05-18 13h33.25.122132 +0200
,122,139,457,457,stimuli/own/bathroom/122_bat.jpg,stimuli/own/bathroom/139_bat.jpg,NaN,NaN,NaN,NaN,NaN,NaN,NaN,NaN,0,56,56,456,590.378111708,NaN,NaN,NaN,NaN,NaN,NaN,NaN,,NaN,,590.662873875,590.826259083,590.826259083,590.826259083,590.826259083,590.826259083,590.826259083,590.826259083,590.826259083,590.826259083,599.606013708,-7,7,1,4,8.62815904200033,1,7.02175966699997,590.3717835,590.378111708,590.826259083,590.662860583,NaN,NaN,NaN,NaN,,NaN,,590.368353333,590.371737208,None,NaN,NaN,,NaN,NaN,NaN,NaN,NaN,NaN,NaN,21,bathroom,2,2024-05-18_13h32.14.141,image_similarity_rating,2023.2.3,None,2024-05-18 13h33.25.122132 +0200
,106,111,162,162,stimuli/own/bathroom/106_bat.jpg,stimuli/own/bathroom/111_bat.jpg,NaN,NaN,NaN,NaN,NaN,NaN,NaN,NaN,0,57,57,161,599.628125958,NaN,NaN,NaN,NaN,NaN,NaN,NaN,,NaN,,599.912168416,600.077256166,600.077256166,600.077256166,600.077256166,600.077256166,600.077256166,600.077256166,600.077256166,600.077256166,610.427028791,7,-7,1,2,10.1987904580001,3,7.02626237499953,599.609670833,599.628125958,NaN,599.9121505,NaN,NaN,NaN,NaN,,NaN,,599.606234041,599.609624166,None,NaN,NaN,,NaN,NaN,NaN,NaN,NaN,NaN,NaN,21,bathroom,2,2024-05-18_13h32.14.141,image_similarity_rating,2023.2.3,None,2024-05-18 13h33.25.122132 +0200
,123,138,472,472,stimuli/own/bathroom/123_bat.jpg,stimuli/own/bathroom/138_bat.jpg,NaN,NaN,NaN,NaN,NaN,NaN,NaN,NaN,0,58,58,471,610.432455916,NaN,NaN,NaN,NaN,NaN,NaN,NaN,,NaN,,610.716594833,610.882521333,610.882521333,610.882521333,610.882521333,610.882521333,610.882521333,610.882521333,610.882521333,610.882521333,619.884796666,7,-7,1,5,5.62627816700024,5,8.75357737500053,610.430726416,610.432455916,610.882521333,610.716583125,NaN,NaN,NaN,NaN,,NaN,,610.427251458,610.430678625,None,NaN,NaN,,NaN,NaN,NaN,NaN,NaN,NaN,NaN,21,bathroom,2,2024-05-18_13h32.14.141,image_similarity_rating,2023.2.3,None,2024-05-18 13h33.25.122132 +0200
,111,130,234,234,stimuli/own/bathroom/111_bat.jpg,stimuli/own/bathroom/130_bat.jpg,NaN,NaN,NaN,NaN,NaN,NaN,NaN,NaN,0,59,59,233,619.894461958,NaN,NaN,NaN,NaN,NaN,NaN,NaN,,NaN,,620.17997975,620.344267458,620.344267458,620.344267458,620.344267458,620.344267458,620.344267458,620.344267458,620.344267458,620.344267458,627.343193125,7,-7,1,3,4.41387749999922,4,6.68610612500015,619.888482333,619.894461958,620.344267458,620.179966666,NaN,NaN,NaN,NaN,,NaN,,619.88501675,619.888435875,None,NaN,NaN,,NaN,NaN,NaN,NaN,NaN,NaN,NaN,21,bathroom,2,2024-05-18_13h32.14.141,image_similarity_rating,2023.2.3,None,2024-05-18 13h33.25.122132 +0200
,114,130,309,309,stimuli/own/bathroom/114_bat.jpg,stimuli/own/bathroom/130_bat.jpg,NaN,NaN,NaN,NaN,NaN,NaN,NaN,NaN,0,60,60,308,627.348903291,NaN,NaN,NaN,NaN,NaN,NaN,NaN,,NaN,,627.634015166,627.799835583,627.799835583,627.799835583,627.799835583,627.799835583,627.799835583,627.799835583,627.799835583,627.799835583,632.840009041,7,-7,1,3,2.49241449999954,4,4.81301933299983,627.346901291,627.348903291,627.799835583,627.634002541,NaN,NaN,NaN,NaN,,NaN,,627.343418541,627.346854541,None,NaN,NaN,,NaN,NaN,NaN,NaN,NaN,NaN,NaN,21,bathroom,2,2024-05-18_13h32.14.141,image_similarity_rating,2023.2.3,None,2024-05-18 13h33.25.122132 +0200
,117,138,361,361,stimuli/own/bathroom/117_bat.jpg,stimuli/own/bathroom/138_bat.jpg,NaN,NaN,NaN,NaN,NaN,NaN,NaN,NaN,0,61,61,360,632.845797041,NaN,NaN,NaN,NaN,NaN,NaN,NaN,,NaN,,633.12887475,633.294885708,633.294885708,633.294885708,633.294885708,633.294885708,633.294885708,633.294885708,633.294885708,633.294885708,639.027020208,7,-7,1,4,2.37773583300077,5,5.41877116600062,632.843755916,632.845797041,633.294885708,633.128861833,NaN,NaN,NaN,NaN,,NaN,,632.840229083,632.843699583,None,NaN,NaN,,NaN,NaN,NaN,NaN,NaN,NaN,NaN,21,bathroom,2,2024-05-18_13h32.14.141,image_similarity_rating,2023.2.3,None,2024-05-18 13h33.25.122132 +0200
,101,126,21,21,stimuli/own/bathroom/101_bat.jpg,stimuli/own/bathroom/126_bat.jpg,NaN,NaN,NaN,NaN,NaN,NaN,NaN,NaN,0,62,62,20,639.032797125,NaN,NaN,NaN,NaN,NaN,NaN,NaN,,NaN,,639.317501208,639.480414125,639.480414125,639.480414125,639.480414125,639.480414125,639.480414125,639.480414125,639.480414125,639.480414125,651.701045875,-7,7,1,5,10.1075224999995,4,11.9102697079998,639.030707791,639.032797125,639.480414125,639.317490916,NaN,NaN,NaN,NaN,,NaN,,639.027240958,639.030661791,None,NaN,NaN,,NaN,NaN,NaN,NaN,NaN,NaN,NaN,21,bathroom,2,2024-05-18_13h32.14.141,image_similarity_rating,2023.2.3,None,2024-05-18 13h33.25.122132 +0200
,134,139,572,572,stimuli/own/bathroom/134_bat.jpg,stimuli/own/bathroom/139_bat.jpg,NaN,NaN,NaN,NaN,NaN,NaN,NaN,NaN,0,63,63,571,651.710961375,NaN,NaN,NaN,NaN,NaN,NaN,NaN,,NaN,,689.828933041,690.002539875,690.002539875,690.002539875,690.002539875,690.002539875,690.002539875,690.002539875,690.002539875,690.002539875,699.143259625,7,-7,2,4,6.39404829100022,2,8.36990316599986,689.533612916,689.53733175,690.002539875,689.82891625,NaN,NaN,NaN,NaN,,NaN,,651.701266541,689.531355,space,651.710961375,37.820153959,None,NaN,NaN,NaN,NaN,NaN,NaN,NaN,21,bathroom,2,2024-05-18_13h32.14.141,image_similarity_rating,2023.2.3,None,2024-05-18 13h33.25.122132 +0200
,113,117,273,273,stimuli/own/bathroom/113_bat.jpg,stimuli/own/bathroom/117_bat.jpg,NaN,NaN,NaN,NaN,NaN,NaN,NaN,NaN,0,64,64,272,699.149479708,NaN,NaN,NaN,NaN,NaN,NaN,NaN,,NaN,,699.445627208,699.612927666,699.612927666,699.612927666,699.612927666,699.612927666,699.612927666,699.612927666,699.612927666,699.612927666,705.596893916,7,-7,2,4,3.93314412500058,4,5.78647558400007,699.147542916,699.149479708,699.612927666,699.445612208,NaN,NaN,NaN,NaN,,NaN,,699.143504833,699.147495625,None,NaN,NaN,,NaN,NaN,NaN,NaN,NaN,NaN,NaN,21,bathroom,2,2024-05-18_13h32.14.141,image_similarity_rating,2023.2.3,None,2024-05-18 13h33.25.122132 +0200
,111,121,226,226,stimuli/own/bathroom/111_bat.jpg,stimuli/own/bathroom/121_bat.jpg,NaN,NaN,NaN,NaN,NaN,NaN,NaN,NaN,0,65,65,225,705.602630666,NaN,NaN,NaN,NaN,NaN,NaN,NaN,,NaN,,705.895465916,706.058843791,706.058843791,706.058843791,706.058843791,706.058843791,706.058843791,706.058843791,706.058843791,706.058843791,713.205646083,7,-7,2,5,5.25147291700068,5,6.79786549999972,705.600697833,705.602630666,706.058843791,705.895455916,NaN,NaN,NaN,NaN,,NaN,,705.597114333,705.6006515,None,NaN,NaN,,NaN,NaN,NaN,NaN,NaN,NaN,NaN,21,bathroom,2,2024-05-18_13h32.14.141,image_similarity_rating,2023.2.3,None,2024-05-18 13h33.25.122132 +0200
,109,134,210,210,stimuli/own/bathroom/109_bat.jpg,stimuli/own/bathroom/134_bat.jpg,NaN,NaN,NaN,NaN,NaN,NaN,NaN,NaN,0,66,66,209,713.22776175,NaN,NaN,NaN,NaN,NaN,NaN,NaN,,NaN,,713.511746375,713.681689666,713.681689666,713.681689666,713.681689666,713.681689666,713.681689666,713.681689666,713.681689666,713.681689666,721.7299195,-7,7,2,3,2.42569537500003,3,7.56084399999963,713.209331625,713.22776175,NaN,713.511721958,NaN,NaN,NaN,NaN,,NaN,,713.20587125,713.209285208,None,NaN,NaN,,NaN,NaN,NaN,NaN,NaN,NaN,NaN,21,bathroom,2,2024-05-18_13h32.14.141,image_similarity_rating,2023.2.3,None,2024-05-18 13h33.25.122132 +0200
,135,136,575,575,stimuli/own/bathroom/135_bat.jpg,stimuli/own/bathroom/136_bat.jpg,NaN,NaN,NaN,NaN,NaN,NaN,NaN,NaN,0,67,67,574,721.735337333,NaN,NaN,NaN,NaN,NaN,NaN,NaN,,NaN,,722.028939541,722.198157583,722.198157583,722.198157583,722.198157583,722.198157583,722.198157583,722.198157583,722.198157583,722.198157583,729.822413458,-7,7,2,4,5.81829720799942,3,7.38671154199983,721.733584291,721.735337333,722.198157583,722.028922875,NaN,NaN,NaN,NaN,,NaN,,721.730138833,721.733538208,None,NaN,NaN,,NaN,NaN,NaN,NaN,NaN,NaN,NaN,21,bathroom,2,2024-05-18_13h32.14.141,image_similarity_rating,2023.2.3,None,2024-05-18 13h33.25.122132 +0200
,106,138,186,186,stimuli/own/bathroom/106_bat.jpg,stimuli/own/bathroom/138_bat.jpg,NaN,NaN,NaN,NaN,NaN,NaN,NaN,NaN,0,68,68,185,729.844088958,NaN,NaN,NaN,NaN,NaN,NaN,NaN,,NaN,,730.128322625,730.30012425,730.30012425,730.30012425,730.30012425,730.30012425,730.30012425,730.30012425,730.30012425,730.30012425,736.139548416,7,-7,2,5,5.78878887500014,2,3.01985599999989,729.826068041,729.844088958,NaN,730.128287125,NaN,NaN,NaN,NaN,,NaN,,729.822632708,729.826020041,None,NaN,NaN,,NaN,NaN,NaN,NaN,NaN,NaN,NaN,21,bathroom,2,2024-05-18_13h32.14.141,image_similarity_rating,2023.2.3,None,2024-05-18 13h33.25.122132 +0200
,122,132,451,451,stimuli/own/bathroom/122_bat.jpg,stimuli/own/bathroom/132_bat.jpg,NaN,NaN,NaN,NaN,NaN,NaN,NaN,NaN,0,69,69,450,736.145512916,NaN,NaN,NaN,NaN,NaN,NaN,NaN,,NaN,,736.42936625,736.593983416,736.593983416,736.593983416,736.593983416,736.593983416,736.593983416,736.593983416,736.593983416,736.593983416,748.242978291,-7,7,2,7,10.0721083749995,3,7.47898541699942,736.143367791,736.145512916,736.593983416,736.429353333,NaN,NaN,NaN,NaN,,NaN,,736.139768,736.1433115,None,NaN,NaN,,NaN,NaN,NaN,NaN,NaN,NaN,NaN,21,bathroom,2,2024-05-18_13h32.14.141,image_similarity_rating,2023.2.3,None,2024-05-18 13h33.25.122132 +0200
,126,135,511,511,stimuli/own/bathroom/126_bat.jpg,stimuli/own/bathroom/135_bat.jpg,NaN,NaN,NaN,NaN,NaN,NaN,NaN,NaN,0,70,70,510,748.248631125,NaN,NaN,NaN,NaN,NaN,NaN,NaN,,NaN,,748.532841791,748.697766583,748.697766583,748.697766583,748.697766583,748.697766583,748.697766583,748.697766583,748.697766583,748.697766583,760.759581791,-7,7,2,5,7.14658549999967,4,11.975005667,748.246710166,748.248631125,748.697766583,748.53283025,NaN,NaN,NaN,NaN,,NaN,,748.243236,748.246661541,None,NaN,NaN,,NaN,NaN,NaN,NaN,NaN,NaN,NaN,21,bathroom,2,2024-05-18_13h32.14.141,image_similarity_rating,2023.2.3,None,2024-05-18 13h33.25.122132 +0200
,118,129,374,374,stimuli/own/bathroom/118_bat.jpg,stimuli/own/bathroom/129_bat.jpg,NaN,NaN,NaN,NaN,NaN,NaN,NaN,NaN,0,71,71,373,760.765373458,NaN,NaN,NaN,NaN,NaN,NaN,NaN,,NaN,,761.04910525,761.211880291,761.211880291,761.211880291,761.211880291,761.211880291,761.211880291,761.211880291,761.211880291,761.211880291,766.583929083,7,-7,2,3,4.0759990839997,3,4.87447341700044,760.763427291,760.765373458,761.211880291,761.0490925,NaN,NaN,NaN,NaN,,NaN,,760.759829708,760.763379791,None,NaN,NaN,,NaN,NaN,NaN,NaN,NaN,NaN,NaN,21,bathroom,2,2024-05-18_13h32.14.141,image_similarity_rating,2023.2.3,None,2024-05-18 13h33.25.122132 +0200
,113,131,286,286,stimuli/own/bathroom/113_bat.jpg,stimuli/own/bathroom/131_bat.jpg,NaN,NaN,NaN,NaN,NaN,NaN,NaN,NaN,0,72,72,285,766.594161958,NaN,NaN,NaN,NaN,NaN,NaN,NaN,,NaN,,766.878499166,767.044146166,767.044146166,767.044146166,767.044146166,767.044146166,767.044146166,767.044146166,767.044146166,767.044146166,775.604802541,-7,7,2,2,8.25769033300003,1,4.21958479200021,766.587599333,766.594161958,767.044146166,766.878484666,NaN,NaN,NaN,NaN,,NaN,,766.584149166,766.587553291,None,NaN,NaN,,NaN,NaN,NaN,NaN,NaN,NaN,NaN,21,bathroom,2,2024-05-18_13h32.14.141,image_similarity_rating,2023.2.3,None,2024-05-18 13h33.25.122132 +0200
,119,140,404,404,stimuli/own/bathroom/119_bat.jpg,stimuli/own/bathroom/140_bat.jpg,NaN,NaN,NaN,NaN,NaN,NaN,NaN,NaN,0,73,73,403,775.610526666,NaN,NaN,NaN,NaN,NaN,NaN,NaN,,NaN,,775.89526525,776.059785208,776.059785208,776.059785208,776.059785208,776.059785208,776.059785208,776.059785208,776.059785208,776.059785208,781.948209083,7,-7,2,2,5.61180612499993,2,2.82027237500006,775.608550041,775.610526666,776.059785208,775.895249916,NaN,NaN,NaN,NaN,,NaN,,775.605023458,775.608504208,None,NaN,NaN,,NaN,NaN,NaN,NaN,NaN,NaN,NaN,21,bathroom,2,2024-05-18_13h32.14.141,image_similarity_rating,2023.2.3,None,2024-05-18 13h33.25.122132 +0200
,109,125,203,203,stimuli/own/bathroom/109_bat.jpg,stimuli/own/bathroom/125_bat.jpg,NaN,NaN,NaN,NaN,NaN,NaN,NaN,NaN,0,74,74,202,781.960639666,NaN,NaN,NaN,NaN,NaN,NaN,NaN,,NaN,,782.245351416,782.410001333,782.410001333,782.410001333,782.410001333,782.410001333,782.410001333,782.410001333,782.410001333,782.410001333,791.18834925,7,-7,2,4,6.92848712500017,3,7.80285900000035,781.951906083,781.960639666,782.410001333,782.245336916,NaN,NaN,NaN,NaN,,NaN,,781.948433208,781.951859666,None,NaN,NaN,,NaN,NaN,NaN,NaN,NaN,NaN,NaN,21,bathroom,2,2024-05-18_13h32.14.141,image_similarity_rating,2023.2.3,None,2024-05-18 13h33.25.122132 +0200
,109,139,215,215,stimuli/own/bathroom/109_bat.jpg,stimuli/own/bathroom/139_bat.jpg,NaN,NaN,NaN,NaN,NaN,NaN,NaN,NaN,0,75,75,214,791.193865125,NaN,NaN,NaN,NaN,NaN,NaN,NaN,,NaN,,791.47854575,791.641762541,791.641762541,791.641762541,791.641762541,791.641762541,791.641762541,791.641762541,791.641762541,791.641762541,796.331522,7,-7,2,3,3.24212741700012,1,4.45621766699969,791.192020833,791.193865125,791.641762541,791.478532541,NaN,NaN,NaN,NaN,,NaN,,791.188572708,791.191974708,None,NaN,NaN,,NaN,NaN,NaN,NaN,NaN,NaN,NaN,21,bathroom,2,2024-05-18_13h32.14.141,image_similarity_rating,2023.2.3,None,2024-05-18 13h33.25.122132 +0200
,102,104,36,36,stimuli/own/bathroom/102_bat.jpg,stimuli/own/bathroom/104_bat.jpg,NaN,NaN,NaN,NaN,NaN,NaN,NaN,NaN,0,76,76,35,796.34397225,NaN,NaN,NaN,NaN,NaN,NaN,NaN,,NaN,,796.629420125,796.795459125,796.795459125,796.795459125,796.795459125,796.795459125,796.795459125,796.795459125,796.795459125,796.795459125,802.112990833,7,-7,2,3,3.15946050000002,3,5.18035874999987,796.335194458,796.34397225,796.795459125,796.629405666,NaN,NaN,NaN,NaN,,NaN,,796.331742416,796.335149,None,NaN,NaN,,NaN,NaN,NaN,NaN,NaN,NaN,NaN,21,bathroom,2,2024-05-18_13h32.14.141,image_similarity_rating,2023.2.3,None,2024-05-18 13h33.25.122132 +0200
,113,124,280,280,stimuli/own/bathroom/113_bat.jpg,stimuli/own/bathroom/124_bat.jpg,NaN,NaN,NaN,NaN,NaN,NaN,NaN,NaN,0,77,77,279,802.118633125,NaN,NaN,NaN,NaN,NaN,NaN,NaN,,NaN,,802.412268875,802.576725458,802.576725458,802.576725458,802.576725458,802.576725458,802.576725458,802.576725458,802.576725458,802.576725458,806.696305583,-7,7,2,6,2.55256174999977,5,4.02173954200043,802.116639166,802.118633125,802.576725458,802.412255875,NaN,NaN,NaN,NaN,,NaN,,802.113207625,802.116593291,None,NaN,NaN,,NaN,NaN,NaN,NaN,NaN,NaN,NaN,21,bathroom,2,2024-05-18_13h32.14.141,image_similarity_rating,2023.2.3,None,2024-05-18 13h33.25.122132 +0200
,124,139,488,488,stimuli/own/bathroom/124_bat.jpg,stimuli/own/bathroom/139_bat.jpg,NaN,NaN,NaN,NaN,NaN,NaN,NaN,NaN,0,78,78,487,806.702030416,NaN,NaN,NaN,NaN,NaN,NaN,NaN,,NaN,,806.995939875,807.159287708,807.159287708,807.159287708,807.159287708,807.159287708,807.159287708,807.159287708,807.159287708,807.159287708,811.526024458,7,-7,2,5,2.69765683300011,3,4.01718629100014,806.700090083,806.702030416,807.159287708,806.995926791,NaN,NaN,NaN,NaN,,NaN,,806.696537166,806.700043333,None,NaN,NaN,,NaN,NaN,NaN,NaN,NaN,NaN,NaN,21,bathroom,2,2024-05-18_13h32.14.141,image_similarity_rating,2023.2.3,None,2024-05-18 13h33.25.122132 +0200
,114,119,299,299,stimuli/own/bathroom/114_bat.jpg,stimuli/own/bathroom/119_bat.jpg,NaN,NaN,NaN,NaN,NaN,NaN,NaN,NaN,0,79,79,298,811.531502083,NaN,NaN,NaN,NaN,NaN,NaN,NaN,,NaN,,811.816198666,811.985946208,811.985946208,811.985946208,811.985946208,811.985946208,811.985946208,811.985946208,811.985946208,811.985946208,820.893343791,7,-7,2,4,5.08814229100062,5,8.83431020799981,811.52973325,811.531502083,811.985946208,811.816184291,NaN,NaN,NaN,NaN,,NaN,,811.526269458,811.529686458,None,NaN,NaN,,NaN,NaN,NaN,NaN,NaN,NaN,NaN,21,bathroom,2,2024-05-18_13h32.14.141,image_similarity_rating,2023.2.3,None,2024-05-18 13h33.25.122132 +0200
,102,136,62,62,stimuli/own/bathroom/102_bat.jpg,stimuli/own/bathroom/136_bat.jpg,NaN,NaN,NaN,NaN,NaN,NaN,NaN,NaN,0,80,80,61,820.899572833,NaN,NaN,NaN,NaN,NaN,NaN,NaN,,NaN,,821.182565291,821.349354083,821.349354083,821.349354083,821.349354083,821.349354083,821.349354083,821.349354083,821.349354083,821.349354083,827.562867083,7,-7,2,4,3.50340495799992,4,6.05125537500044,820.89717,820.899572833,821.349354083,821.182551,NaN,NaN,NaN,NaN,,NaN,,820.893560958,820.897124291,None,NaN,NaN,,NaN,NaN,NaN,NaN,NaN,NaN,NaN,21,bathroom,2,2024-05-18_13h32.14.141,image_similarity_rating,2023.2.3,None,2024-05-18 13h33.25.122132 +0200
,120,140,423,423,stimuli/own/bathroom/120_bat.jpg,stimuli/own/bathroom/140_bat.jpg,NaN,NaN,NaN,NaN,NaN,NaN,NaN,NaN,0,81,81,422,827.568483125,NaN,NaN,NaN,NaN,NaN,NaN,NaN,,NaN,,827.861787291,828.027444291,828.027444291,828.027444291,828.027444291,828.027444291,828.027444291,828.027444291,828.027444291,828.027444291,834.36001925,-7,7,2,3,4.2051033329999,5,6.23058612500063,827.566664875,827.568483125,828.027444291,827.861772208,NaN,NaN,NaN,NaN,,NaN,,827.563084375,827.5666185,None,NaN,NaN,,NaN,NaN,NaN,NaN,NaN,NaN,NaN,21,bathroom,2,2024-05-18_13h32.14.141,image_similarity_rating,2023.2.3,None,2024-05-18 13h33.25.122132 +0200
,101,120,15,15,stimuli/own/bathroom/101_bat.jpg,stimuli/own/bathroom/120_bat.jpg,NaN,NaN,NaN,NaN,NaN,NaN,NaN,NaN,0,82,82,14,834.36558975,NaN,NaN,NaN,NaN,NaN,NaN,NaN,,NaN,,834.649568666,834.813618708,834.813618708,834.813618708,834.813618708,834.813618708,834.813618708,834.813618708,834.813618708,834.813618708,840.43833625,-7,7,2,3,3.37694574999932,3,5.63716270799978,834.363814958,834.36558975,834.813618708,834.649558666,NaN,NaN,NaN,NaN,,NaN,,834.360239083,834.363768416,None,NaN,NaN,,NaN,NaN,NaN,NaN,NaN,NaN,NaN,21,bathroom,2,2024-05-18_13h32.14.141,image_similarity_rating,2023.2.3,None,2024-05-18 13h33.25.122132 +0200
,125,131,495,495,stimuli/own/bathroom/125_bat.jpg,stimuli/own/bathroom/131_bat.jpg,NaN,NaN,NaN,NaN,NaN,NaN,NaN,NaN,0,83,83,494,840.46066325,NaN,NaN,NaN,NaN,NaN,NaN,NaN,,NaN,,840.744703458,840.913471375,840.913471375,840.913471375,840.913471375,840.913471375,840.913471375,840.913471375,840.913471375,840.913471375,848.312938708,7,-7,2,2,7.38569470899984,2,5.25631587499993,840.441992833,840.46066325,NaN,840.74466925,NaN,NaN,NaN,NaN,,NaN,,840.438555625,840.441946541,None,NaN,NaN,,NaN,NaN,NaN,NaN,NaN,NaN,NaN,21,bathroom,2,2024-05-18_13h32.14.141,image_similarity_rating,2023.2.3,None,2024-05-18 13h33.25.122132 +0200
,137,141,589,589,stimuli/own/bathroom/137_bat.jpg,stimuli/own/bathroom/141_bat.jpg,NaN,NaN,NaN,NaN,NaN,NaN,NaN,NaN,0,84,84,588,848.318359875,NaN,NaN,NaN,NaN,NaN,NaN,NaN,,NaN,,848.611595416,848.774351708,848.774351708,848.774351708,848.774351708,848.774351708,848.774351708,848.774351708,848.774351708,848.774351708,853.209143791,-7,7,2,2,4.54187587499928,2,3.29431062499953,848.316595833,848.318359875,848.774351708,848.611582708,NaN,NaN,NaN,NaN,,NaN,,848.313157791,848.3165495,None,NaN,NaN,,NaN,NaN,NaN,NaN,NaN,NaN,NaN,21,bathroom,2,2024-05-18_13h32.14.141,image_similarity_rating,2023.2.3,None,2024-05-18 13h33.25.122132 +0200
,118,120,366,366,stimuli/own/bathroom/118_bat.jpg,stimuli/own/bathroom/120_bat.jpg,NaN,NaN,NaN,NaN,NaN,NaN,NaN,NaN,0,85,85,365,853.214694541,NaN,NaN,NaN,NaN,NaN,NaN,NaN,,NaN,,853.498979458,853.663200666,853.663200666,853.663200666,853.663200666,853.663200666,853.663200666,853.663200666,853.663200666,853.663200666,862.700123333,-7,7,2,2,7.21313375000045,2,8.88671774999966,853.212936916,853.214694541,853.663200666,853.498967916,NaN,NaN,NaN,NaN,,NaN,,853.20938425,853.2128905,None,NaN,NaN,,NaN,NaN,NaN,NaN,NaN,NaN,NaN,21,bathroom,2,2024-05-18_13h32.14.141,image_similarity_rating,2023.2.3,None,2024-05-18 13h33.25.122132 +0200
,102,138,64,64,stimuli/own/bathroom/102_bat.jpg,stimuli/own/bathroom/138_bat.jpg,NaN,NaN,NaN,NaN,NaN,NaN,NaN,NaN,0,86,86,63,862.710325125,NaN,NaN,NaN,NaN,NaN,NaN,NaN,,NaN,,862.995061458,863.163102125,863.163102125,863.163102125,863.163102125,863.163102125,863.163102125,863.163102125,863.163102125,863.163102125,868.868682208,-7,7,2,5,2.4789968340001,4,5.3822854580003,862.703779291001,862.710325125,863.163102125,862.995044541,NaN,NaN,NaN,NaN,,NaN,,862.700345125,862.703733125,None,NaN,NaN,,NaN,NaN,NaN,NaN,NaN,NaN,NaN,21,bathroom,2,2024-05-18_13h32.14.141,image_similarity_rating,2023.2.3,None,2024-05-18 13h33.25.122132 +0200
,105,111,133,133,stimuli/own/bathroom/105_bat.jpg,stimuli/own/bathroom/111_bat.jpg,NaN,NaN,NaN,NaN,NaN,NaN,NaN,NaN,0,87,87,132,868.877102083,NaN,NaN,NaN,NaN,NaN,NaN,NaN,,NaN,,869.16161025,869.327435541,869.327435541,869.327435541,869.327435541,869.327435541,869.327435541,869.327435541,869.327435541,869.327435541,875.529381916,-7,7,2,3,6.04978783399929,2,4.43611666699962,868.872498833,868.877102083,869.327435541,869.161594208,NaN,NaN,NaN,NaN,,NaN,,868.868915916,868.872452416,None,NaN,NaN,,NaN,NaN,NaN,NaN,NaN,NaN,NaN,21,bathroom,2,2024-05-18_13h32.14.141,image_similarity_rating,2023.2.3,None,2024-05-18 13h33.25.122132 +0200
,102,117,45,45,stimuli/own/bathroom/102_bat.jpg,stimuli/own/bathroom/117_bat.jpg,NaN,NaN,NaN,NaN,NaN,NaN,NaN,NaN,0,88,88,44,875.534971125,NaN,NaN,NaN,NaN,NaN,NaN,NaN,,NaN,,875.828233833,875.994129458,875.994129458,875.994129458,875.994129458,875.994129458,875.994129458,875.994129458,875.994129458,875.994129458,881.34265625,7,-7,2,6,3.879995667,5,5.26122349999969,875.53304575,875.534971125,875.994129458,875.828218291,NaN,NaN,NaN,NaN,,NaN,,875.529600208,875.53299925,None,NaN,NaN,,NaN,NaN,NaN,NaN,NaN,NaN,NaN,21,bathroom,2,2024-05-18_13h32.14.141,image_similarity_rating,2023.2.3,None,2024-05-18 13h33.25.122132 +0200
,101,127,22,22,stimuli/own/bathroom/101_bat.jpg,stimuli/own/bathroom/127_bat.jpg,NaN,NaN,NaN,NaN,NaN,NaN,NaN,NaN,0,89,89,21,881.348422166,NaN,NaN,NaN,NaN,NaN,NaN,NaN,,NaN,,881.633511958,881.798136916,881.798136916,881.798136916,881.798136916,881.798136916,881.798136916,881.798136916,881.798136916,881.798136916,891.784400458,-7,7,2,3,7.55391558300016,4,9.88781366700005,881.346342375,881.348422166,881.798136916,881.633500291,NaN,NaN,NaN,NaN,,NaN,,881.342876875,881.346296416,None,NaN,NaN,,NaN,NaN,NaN,NaN,NaN,NaN,NaN,21,bathroom,2,2024-05-18_13h32.14.141,image_similarity_rating,2023.2.3,None,2024-05-18 13h33.25.122132 +0200
,129,140,539,539,stimuli/own/bathroom/129_bat.jpg,stimuli/own/bathroom/140_bat.jpg,NaN,NaN,NaN,NaN,NaN,NaN,NaN,NaN,0,90,90,538,891.793514791,NaN,NaN,NaN,NaN,NaN,NaN,NaN,,NaN,,892.078573125,892.243349791,892.243349791,892.243349791,892.243349791,892.243349791,892.243349791,892.243349791,892.243349791,892.243349791,904.038295625001,7,-7,2,3,8.25285075000011,5,11.3095728329999,891.788170666,891.793514791,892.243349791,892.078558916,NaN,NaN,NaN,NaN,,NaN,,891.784630666,891.788124458,None,NaN,NaN,,NaN,NaN,NaN,NaN,NaN,NaN,NaN,21,bathroom,2,2024-05-18_13h32.14.141,image_similarity_rating,2023.2.3,None,2024-05-18 13h33.25.122132 +0200
,101,112,8,8,stimuli/own/bathroom/101_bat.jpg,stimuli/own/bathroom/112_bat.jpg,NaN,NaN,NaN,NaN,NaN,NaN,NaN,NaN,0,91,91,7,904.060174,NaN,NaN,NaN,NaN,NaN,NaN,NaN,,NaN,,904.344352708,904.510274666,904.510274666,904.510274666,904.510274666,904.510274666,904.510274666,904.510274666,904.510274666,904.510274666,909.366938791,-7,7,2,3,3.6502013749996,4,4.56885437499932,904.041955833,904.060174,NaN,904.344334083,NaN,NaN,NaN,NaN,,NaN,,904.038514916,904.041910416,None,NaN,NaN,,NaN,NaN,NaN,NaN,NaN,NaN,NaN,21,bathroom,2,2024-05-18_13h32.14.141,image_similarity_rating,2023.2.3,None,2024-05-18 13h33.25.122132 +0200
,116,123,326,326,stimuli/own/bathroom/116_bat.jpg,stimuli/own/bathroom/123_bat.jpg,NaN,NaN,NaN,NaN,NaN,NaN,NaN,NaN,0,92,92,325,909.37683025,NaN,NaN,NaN,NaN,NaN,NaN,NaN,,NaN,,909.6611605,909.827437708,909.827437708,909.827437708,909.827437708,909.827437708,909.827437708,909.827437708,909.827437708,909.827437708,919.983411666,-7,7,2,4,6.60008025000025,6,9.51998658299999,909.370691583,909.37683025,909.827437708,909.661146208,NaN,NaN,NaN,NaN,,NaN,,909.367158458,909.370644541,None,NaN,NaN,,NaN,NaN,NaN,NaN,NaN,NaN,NaN,21,bathroom,2,2024-05-18_13h32.14.141,image_similarity_rating,2023.2.3,None,2024-05-18 13h33.25.122132 +0200
,101,124,19,19,stimuli/own/bathroom/101_bat.jpg,stimuli/own/bathroom/124_bat.jpg,NaN,NaN,NaN,NaN,NaN,NaN,NaN,NaN,0,93,93,18,919.993911958,NaN,NaN,NaN,NaN,NaN,NaN,NaN,,NaN,,920.278085291,920.445180291,920.445180291,920.445180291,920.445180291,920.445180291,920.445180291,920.445180291,920.445180291,920.445180291,927.062410833,7,-7,2,4,4.32651625000017,5,6.50700008400054,919.98708725,919.993911958,920.445180291,920.27806775,NaN,NaN,NaN,NaN,,NaN,,919.983629791,919.987041666,None,NaN,NaN,,NaN,NaN,NaN,NaN,NaN,NaN,NaN,21,bathroom,2,2024-05-18_13h32.14.141,image_similarity_rating,2023.2.3,None,2024-05-18 13h33.25.122132 +0200
,135,140,579,579,stimuli/own/bathroom/135_bat.jpg,stimuli/own/bathroom/140_bat.jpg,NaN,NaN,NaN,NaN,NaN,NaN,NaN,NaN,0,94,94,578,927.067991958,NaN,NaN,NaN,NaN,NaN,NaN,NaN,,NaN,,927.361658833,927.527277583,927.527277583,927.527277583,927.527277583,927.527277583,927.527277583,927.527277583,927.527277583,927.527277583,939.262927,7,-7,2,6,9.34126133400059,6,10.5976637919994,927.066063166,927.067991958,927.527277583,927.3616455,NaN,NaN,NaN,NaN,,NaN,,927.062629,927.066016916,None,NaN,NaN,,NaN,NaN,NaN,NaN,NaN,NaN,NaN,21,bathroom,2,2024-05-18_13h32.14.141,image_similarity_rating,2023.2.3,None,2024-05-18 13h33.25.122132 +0200
,117,141,364,364,stimuli/own/bathroom/117_bat.jpg,stimuli/own/bathroom/141_bat.jpg,NaN,NaN,NaN,NaN,NaN,NaN,NaN,NaN,0,95,95,363,939.268497291,NaN,NaN,NaN,NaN,NaN,NaN,NaN,,NaN,,939.561339375,939.725322958,939.725322958,939.725322958,939.725322958,939.725322958,939.725322958,939.725322958,939.725322958,939.725322958,947.37911425,-7,7,2,3,7.55305745900023,6,5.00750379199962,939.266569291,939.268497291,939.725322958,939.561321541,NaN,NaN,NaN,NaN,,NaN,,939.263146083,939.266523125,None,NaN,NaN,,NaN,NaN,NaN,NaN,NaN,NaN,NaN,21,bathroom,2,2024-05-18_13h32.14.141,image_similarity_rating,2023.2.3,None,2024-05-18 13h33.25.122132 +0200
,113,122,278,278,stimuli/own/bathroom/113_bat.jpg,stimuli/own/bathroom/122_bat.jpg,NaN,NaN,NaN,NaN,NaN,NaN,NaN,NaN,0,96,96,277,947.384701333,NaN,NaN,NaN,NaN,NaN,NaN,NaN,,NaN,,947.678096458,947.845356875,947.845356875,947.845356875,947.845356875,947.845356875,947.845356875,947.845356875,947.845356875,947.845356875,956.662412041,-7,7,2,3,8.6851488329994,3,7.55362770800002,947.382772791,947.384701333,947.845356875,947.678079375,NaN,NaN,NaN,NaN,,NaN,,947.379332625,947.382726666,None,NaN,NaN,,NaN,NaN,NaN,NaN,NaN,NaN,NaN,21,bathroom,2,2024-05-18_13h32.14.141,image_similarity_rating,2023.2.3,None,2024-05-18 13h33.25.122132 +0200
,101,117,12,12,stimuli/own/bathroom/101_bat.jpg,stimuli/own/bathroom/117_bat.jpg,NaN,NaN,NaN,NaN,NaN,NaN,NaN,NaN,0,97,97,11,956.667809958,NaN,NaN,NaN,NaN,NaN,NaN,NaN,,NaN,,956.961321291,957.12798075,957.12798075,957.12798075,957.12798075,957.12798075,957.12798075,957.12798075,957.12798075,957.12798075,964.520829333,-7,7,2,4,4.24095758300064,5,7.22480920800081,956.666065,956.667809958,957.12798075,956.961299208,NaN,NaN,NaN,NaN,,NaN,,956.662630166,956.666019333,None,NaN,NaN,,NaN,NaN,NaN,NaN,NaN,NaN,NaN,21,bathroom,2,2024-05-18_13h32.14.141,image_similarity_rating,2023.2.3,None,2024-05-18 13h33.25.122132 +0200
,102,114,43,43,stimuli/own/bathroom/102_bat.jpg,stimuli/own/bathroom/114_bat.jpg,NaN,NaN,NaN,NaN,NaN,NaN,NaN,NaN,0,98,98,42,964.526692,NaN,NaN,NaN,NaN,NaN,NaN,NaN,,NaN,,964.811313458,964.977884375,964.977884375,964.977884375,964.977884375,964.977884375,964.977884375,964.977884375,964.977884375,964.977884375,972.614614875,-7,7,2,4,4.15231754199976,5,7.45149283299997,964.524493416,964.526692,964.977884375,964.8112985,NaN,NaN,NaN,NaN,,NaN,,964.52104925,964.524447458,None,NaN,NaN,,NaN,NaN,NaN,NaN,NaN,NaN,NaN,21,bathroom,2,2024-05-18_13h32.14.141,image_similarity_rating,2023.2.3,None,2024-05-18 13h33.25.122132 +0200
,120,132,416,416,stimuli/own/bathroom/120_bat.jpg,stimuli/own/bathroom/132_bat.jpg,NaN,NaN,NaN,NaN,NaN,NaN,NaN,NaN,0,99,99,415,972.62674225,NaN,NaN,NaN,NaN,NaN,NaN,NaN,,NaN,,972.911767958,973.076556875,973.076556875,973.076556875,973.076556875,973.076556875,973.076556875,973.076556875,973.076556875,973.076556875,978.554965916,-7,7,2,3,2.82244404099947,3,5.42937458400047,972.618321166,972.62674225,973.076556875,972.9117555,NaN,NaN,NaN,NaN,,NaN,,972.61483525,972.618264875,None,NaN,NaN,,NaN,NaN,NaN,NaN,NaN,NaN,NaN,21,bathroom,2,2024-05-18_13h32.14.141,image_similarity_rating,2023.2.3,None,2024-05-18 13h33.25.122132 +0200
,102,129,56,56,stimuli/own/bathroom/102_bat.jpg,stimuli/own/bathroom/129_bat.jpg,NaN,NaN,NaN,NaN,NaN,NaN,NaN,NaN,0,100,100,55,978.56138575,NaN,NaN,NaN,NaN,NaN,NaN,NaN,,NaN,,978.844772916,979.009123458,979.009123458,979.009123458,979.009123458,979.009123458,979.009123458,979.009123458,979.009123458,979.009123458,988.839008416,-7,7,2,5,6.85542358400016,4,9.71480404199974,978.55899775,978.56138575,979.009123458,978.844758,NaN,NaN,NaN,NaN,,NaN,,978.555184333,978.558935916,None,NaN,NaN,,NaN,NaN,NaN,NaN,NaN,NaN,NaN,21,bathroom,2,2024-05-18_13h32.14.141,image_similarity_rating,2023.2.3,None,2024-05-18 13h33.25.122132 +0200
,102,113,42,42,stimuli/own/bathroom/102_bat.jpg,stimuli/own/bathroom/113_bat.jpg,NaN,NaN,NaN,NaN,NaN,NaN,NaN,NaN,0,101,101,41,988.844790791,NaN,NaN,NaN,NaN,NaN,NaN,NaN,,NaN,,989.129139041,989.293809166,989.293809166,989.293809166,989.293809166,989.293809166,989.293809166,989.293809166,989.293809166,989.293809166,994.033525291,-7,7,2,4,3.47442833300011,6,4.55504416700023,988.84269975,988.844790791,989.293809166,989.129126041,NaN,NaN,NaN,NaN,,NaN,,988.839230458,988.842653166,None,NaN,NaN,,NaN,NaN,NaN,NaN,NaN,NaN,NaN,21,bathroom,2,2024-05-18_13h32.14.141,image_similarity_rating,2023.2.3,None,2024-05-18 13h33.25.122132 +0200
,119,126,392,392,stimuli/own/bathroom/119_bat.jpg,stimuli/own/bathroom/126_bat.jpg,NaN,NaN,NaN,NaN,NaN,NaN,NaN,NaN,0,102,102,391,994.043694,NaN,NaN,NaN,NaN,NaN,NaN,NaN,,NaN,,994.32781825,994.491835125,994.491835125,994.491835125,994.491835125,994.491835125,994.491835125,994.491835125,994.491835125,994.491835125,1002.220836916,-7,7,2,3,3.22821054200085,4,7.04348170799949,994.03730175,994.043694,994.491835125,994.327805083,NaN,NaN,NaN,NaN,,NaN,,994.033750208,994.037255791,None,NaN,NaN,,NaN,NaN,NaN,NaN,NaN,NaN,NaN,21,bathroom,2,2024-05-18_13h32.14.141,image_similarity_rating,2023.2.3,None,2024-05-18 13h33.25.122132 +0200
,122,125,445,445,stimuli/own/bathroom/122_bat.jpg,stimuli/own/bathroom/125_bat.jpg,NaN,NaN,NaN,NaN,NaN,NaN,NaN,NaN,0,103,103,444,1002.226401916,NaN,NaN,NaN,NaN,NaN,NaN,NaN,,NaN,,1002.511546458,1002.676876083,1002.676876083,1002.676876083,1002.676876083,1002.676876083,1002.676876083,1002.676876083,1002.676876083,1002.676876083,1006.046177166,7,-7,2,4,2.46348154200041,4,3.05599266599984,1002.224597083,1002.226401916,1002.676876083,1002.51153225,NaN,NaN,NaN,NaN,,NaN,,1002.221057416,1002.224550458,None,NaN,NaN,,NaN,NaN,NaN,NaN,NaN,NaN,NaN,21,bathroom,2,2024-05-18_13h32.14.141,image_similarity_rating,2023.2.3,None,2024-05-18 13h33.25.122132 +0200
,122,138,456,456,stimuli/own/bathroom/122_bat.jpg,stimuli/own/bathroom/138_bat.jpg,NaN,NaN,NaN,NaN,NaN,NaN,NaN,NaN,0,104,104,455,1006.051924125,NaN,NaN,NaN,NaN,NaN,NaN,NaN,,NaN,,1006.34446075,1006.507384958,1006.507384958,1006.507384958,1006.507384958,1006.507384958,1006.507384958,1006.507384958,1006.507384958,1006.507384958,1016.942061458,7,-7,2,3,4.65365883300001,2,8.9587245419998,1006.049837958,1006.051924125,1006.507384958,1006.344449125,NaN,NaN,NaN,NaN,,NaN,,1006.046394125,1006.049791541,None,NaN,NaN,,NaN,NaN,NaN,NaN,NaN,NaN,NaN,21,bathroom,2,2024-05-18_13h32.14.141,image_similarity_rating,2023.2.3,None,2024-05-18 13h33.25.122132 +0200
,116,119,322,322,stimuli/own/bathroom/116_bat.jpg,stimuli/own/bathroom/119_bat.jpg,NaN,NaN,NaN,NaN,NaN,NaN,NaN,NaN,0,105,105,321,1016.94769775,NaN,NaN,NaN,NaN,NaN,NaN,NaN,,NaN,,1017.231836625,1017.39711375,1017.39711375,1017.39711375,1017.39711375,1017.39711375,1017.39711375,1017.39711375,1017.39711375,1017.39711375,1021.9502935,-7,7,2,5,2.55429300000014,4,4.21531499999946,1016.945778083,1016.94769775,1017.39711375,1017.23182475,NaN,NaN,NaN,NaN,,NaN,,1016.942307541,1016.945732291,None,NaN,NaN,,NaN,NaN,NaN,NaN,NaN,NaN,NaN,21,bathroom,2,2024-05-18_13h32.14.141,image_similarity_rating,2023.2.3,None,2024-05-18 13h33.25.122132 +0200
,134,135,568,568,stimuli/own/bathroom/134_bat.jpg,stimuli/own/bathroom/135_bat.jpg,NaN,NaN,NaN,NaN,NaN,NaN,NaN,NaN,0,106,106,567,1021.959980333,NaN,NaN,NaN,NaN,NaN,NaN,NaN,,NaN,,1022.24439425,1022.415662416,1022.415662416,1022.415662416,1022.415662416,1022.415662416,1022.415662416,1022.415662416,1022.415662416,1022.415662416,1027.499546791,7,-7,2,6,3.13354204200004,6,4.88503325000056,1021.953948416,1021.959980333,1022.415662416,1022.24437775,NaN,NaN,NaN,NaN,,NaN,,1021.950513166,1021.953901958,None,NaN,NaN,,NaN,NaN,NaN,NaN,NaN,NaN,NaN,21,bathroom,2,2024-05-18_13h32.14.141,image_similarity_rating,2023.2.3,None,2024-05-18 13h33.25.122132 +0200
,101,135,28,28,stimuli/own/bathroom/101_bat.jpg,stimuli/own/bathroom/135_bat.jpg,NaN,NaN,NaN,NaN,NaN,NaN,NaN,NaN,0,107,107,27,1027.509739083,NaN,NaN,NaN,NaN,NaN,NaN,NaN,,NaN,,1027.794655,1027.959215458,1027.959215458,1027.959215458,1027.959215458,1027.959215458,1027.959215458,1027.959215458,1027.959215458,1027.959215458,1036.812948333,-7,7,2,4,2.75299516700034,3,8.4194633750003,1027.503384458,1027.509739083,1027.959215458,1027.794643583,NaN,NaN,NaN,NaN,,NaN,,1027.499766291,1027.503338416,None,NaN,NaN,,NaN,NaN,NaN,NaN,NaN,NaN,NaN,21,bathroom,2,2024-05-18_13h32.14.141,image_similarity_rating,2023.2.3,None,2024-05-18 13h33.25.122132 +0200
,101,130,24,24,stimuli/own/bathroom/101_bat.jpg,stimuli/own/bathroom/130_bat.jpg,NaN,NaN,NaN,NaN,NaN,NaN,NaN,NaN,0,108,108,23,1036.818530625,NaN,NaN,NaN,NaN,NaN,NaN,NaN,,NaN,,1037.1110465,1037.278507916,1037.278507916,1037.278507916,1037.278507916,1037.278507916,1037.278507916,1037.278507916,1037.278507916,1037.278507916,1045.491725583,-7,7,2,3,3.05195479100075,4,7.97000254199975,1036.816608458,1036.818530625,1037.278507916,1037.111028833,NaN,NaN,NaN,NaN,,NaN,,1036.813168625,1036.816562833,None,NaN,NaN,,NaN,NaN,NaN,NaN,NaN,NaN,NaN,21,bathroom,2,2024-05-18_13h32.14.141,image_similarity_rating,2023.2.3,None,2024-05-18 13h33.25.122132 +0200
,102,125,53,53,stimuli/own/bathroom/102_bat.jpg,stimuli/own/bathroom/125_bat.jpg,NaN,NaN,NaN,NaN,NaN,NaN,NaN,NaN,0,109,109,52,1045.497464833,NaN,NaN,NaN,NaN,NaN,NaN,NaN,,NaN,,1045.781368875,1045.944080541,1045.944080541,1045.944080541,1045.944080541,1045.944080541,1045.944080541,1045.944080541,1045.944080541,1045.944080541,1058.454056208,-7,7,2,4,8.60029770799974,3,12.384791292,1045.49553775,1045.497464833,1045.944080541,1045.781356916,NaN,NaN,NaN,NaN,,NaN,,1045.491947541,1045.495491041,None,NaN,NaN,,NaN,NaN,NaN,NaN,NaN,NaN,NaN,21,bathroom,2,2024-05-18_13h32.14.141,image_similarity_rating,2023.2.3,None,2024-05-18 13h33.25.122132 +0200
,114,140,318,318,stimuli/own/bathroom/114_bat.jpg,stimuli/own/bathroom/140_bat.jpg,NaN,NaN,NaN,NaN,NaN,NaN,NaN,NaN,0,110,110,317,1058.4595225,NaN,NaN,NaN,NaN,NaN,NaN,NaN,,NaN,,1058.744514166,1058.909190916,1058.909190916,1058.909190916,1058.909190916,1058.909190916,1058.909190916,1058.909190916,1058.909190916,1058.909190916,1067.045312041,-7,7,2,4,5.05014737500005,4,7.84981224999956,1058.457708833,1058.4595225,1058.909190916,1058.744500708,NaN,NaN,NaN,NaN,,NaN,,1058.454276791,1058.457662708,None,NaN,NaN,,NaN,NaN,NaN,NaN,NaN,NaN,NaN,21,bathroom,2,2024-05-18_13h32.14.141,image_similarity_rating,2023.2.3,None,2024-05-18 13h33.25.122132 +0200
,112,120,251,251,stimuli/own/bathroom/112_bat.jpg,stimuli/own/bathroom/120_bat.jpg,NaN,NaN,NaN,NaN,NaN,NaN,NaN,NaN,0,111,111,250,1067.050995958,NaN,NaN,NaN,NaN,NaN,NaN,NaN,,NaN,,1067.344212,1067.509210041,1067.509210041,1067.509210041,1067.509210041,1067.509210041,1067.509210041,1067.509210041,1067.509210041,1067.509210041,1075.509171416,7,-7,2,7,2.36362087500038,7,7.68575854200026,1067.049065083,1067.050995958,1067.509210041,1067.344199625,NaN,NaN,NaN,NaN,,NaN,,1067.045532208,1067.049019583,None,NaN,NaN,,NaN,NaN,NaN,NaN,NaN,NaN,NaN,21,bathroom,2,2024-05-18_13h32.14.141,image_similarity_rating,2023.2.3,None,2024-05-18 13h33.25.122132 +0200
,102,131,58,58,stimuli/own/bathroom/102_bat.jpg,stimuli/own/bathroom/131_bat.jpg,NaN,NaN,NaN,NaN,NaN,NaN,NaN,NaN,0,112,112,57,1075.515224125,NaN,NaN,NaN,NaN,NaN,NaN,NaN,,NaN,,1075.798625458,1075.965800875,1075.965800875,1075.965800875,1075.965800875,1075.965800875,1075.965800875,1075.965800875,1075.965800875,1075.965800875,1082.042186208,7,-7,2,3,5.96124479199989,2,3.732443375,1075.512979291,1075.515224125,1075.965800875,1075.798610833,NaN,NaN,NaN,NaN,,NaN,,1075.509392541,1075.5129325,None,NaN,NaN,,NaN,NaN,NaN,NaN,NaN,NaN,NaN,21,bathroom,2,2024-05-18_13h32.14.141,image_similarity_rating,2023.2.3,None,2024-05-18 13h33.25.122132 +0200
,137,138,586,586,stimuli/own/bathroom/137_bat.jpg,stimuli/own/bathroom/138_bat.jpg,NaN,NaN,NaN,NaN,NaN,NaN,NaN,NaN,0,113,113,585,1082.047788625,NaN,NaN,NaN,NaN,NaN,NaN,NaN,,NaN,,1082.331580416,1082.496028541,1082.496028541,1082.496028541,1082.496028541,1082.496028541,1082.496028541,1082.496028541,1082.496028541,1082.496028541,1092.312625083,-7,7,2,3,6.36332391700034,1,9.40615208399959,1082.0460235,1082.047788625,1082.496028541,1082.331569208,NaN,NaN,NaN,NaN,,NaN,,1082.042404291,1082.045977416,None,NaN,NaN,,NaN,NaN,NaN,NaN,NaN,NaN,NaN,21,bathroom,2,2024-05-18_13h32.14.141,image_similarity_rating,2023.2.3,None,2024-05-18 13h33.25.122132 +0200
,104,132,122,122,stimuli/own/bathroom/104_bat.jpg,stimuli/own/bathroom/132_bat.jpg,NaN,NaN,NaN,NaN,NaN,NaN,NaN,NaN,0,114,114,121,1092.318215583,NaN,NaN,NaN,NaN,NaN,NaN,NaN,,NaN,,1092.610892791,1092.782415833,1092.782415833,1092.782415833,1092.782415833,1092.782415833,1092.782415833,1092.782415833,1092.782415833,1092.782415833,1101.79616325,-7,7,2,3,6.12139500000012,4,8.89978383400012,1092.316304125,1092.318215583,1092.782415833,1092.610877833,NaN,NaN,NaN,NaN,,NaN,,1092.312844166,1092.316258125,None,NaN,NaN,,NaN,NaN,NaN,NaN,NaN,NaN,NaN,21,bathroom,2,2024-05-18_13h32.14.141,image_similarity_rating,2023.2.3,None,2024-05-18 13h33.25.122132 +0200
,132,141,567,567,stimuli/own/bathroom/132_bat.jpg,stimuli/own/bathroom/141_bat.jpg,NaN,NaN,NaN,NaN,NaN,NaN,NaN,NaN,0,115,115,566,1101.809525416,NaN,NaN,NaN,NaN,NaN,NaN,NaN,,NaN,,1102.094537083,1102.260759,1102.260759,1102.260759,1102.260759,1102.260759,1102.260759,1102.260759,1102.260759,1102.260759,1106.066767208,7,-7,2,5,2.862895708,5,3.56848308299959,1101.80009325,1101.809525416,1102.260759,1102.094523791,NaN,NaN,NaN,NaN,,NaN,,1101.796399,1101.800044291,None,NaN,NaN,,NaN,NaN,NaN,NaN,NaN,NaN,NaN,21,bathroom,2,2024-05-18_13h32.14.141,image_similarity_rating,2023.2.3,None,2024-05-18 13h33.25.122132 +0200
,104,141,130,130,stimuli/own/bathroom/104_bat.jpg,stimuli/own/bathroom/141_bat.jpg,NaN,NaN,NaN,NaN,NaN,NaN,NaN,NaN,0,116,116,129,1106.076346458,NaN,NaN,NaN,NaN,NaN,NaN,NaN,,NaN,,1106.361617791,1106.529671375,1106.529671375,1106.529671375,1106.529671375,1106.529671375,1106.529671375,1106.529671375,1106.529671375,1106.529671375,1117.47037675,-7,7,2,4,6.08333583300009,3,10.6800518750006,1106.070414083,1106.076346458,1106.529671375,1106.36160175,NaN,NaN,NaN,NaN,,NaN,,1106.0669835,1106.070368041,None,NaN,NaN,,NaN,NaN,NaN,NaN,NaN,NaN,NaN,21,bathroom,2,2024-05-18_13h32.14.141,image_similarity_rating,2023.2.3,None,2024-05-18 13h33.25.122132 +0200
,112,124,255,255,stimuli/own/bathroom/112_bat.jpg,stimuli/own/bathroom/124_bat.jpg,NaN,NaN,NaN,NaN,NaN,NaN,NaN,NaN,0,117,117,254,1117.476160208,NaN,NaN,NaN,NaN,NaN,NaN,NaN,,NaN,,1117.760768333,1117.926685416,1117.926685416,1117.926685416,1117.926685416,1117.926685416,1117.926685416,1117.926685416,1117.926685416,1117.926685416,1124.824952333,7,-7,2,5,3.79108520800037,5,6.5229828749998,1117.474172541,1117.476160208,1117.926685416,1117.760752916,NaN,NaN,NaN,NaN,,NaN,,1117.47059675,1117.474125916,None,NaN,NaN,,NaN,NaN,NaN,NaN,NaN,NaN,NaN,21,bathroom,2,2024-05-18_13h32.14.141,image_similarity_rating,2023.2.3,None,2024-05-18 13h33.25.122132 +0200
,132,137,563,563,stimuli/own/bathroom/132_bat.jpg,stimuli/own/bathroom/137_bat.jpg,NaN,NaN,NaN,NaN,NaN,NaN,NaN,NaN,0,118,118,562,1124.830838583,NaN,NaN,NaN,NaN,NaN,NaN,NaN,,NaN,,1125.11446975,1125.27664175,1125.27664175,1125.27664175,1125.27664175,1125.27664175,1125.27664175,1125.27664175,1125.27664175,1125.27664175,1133.533037958,7,-7,2,3,6.09079150000071,2,8.11888366699986,1124.82876525,1124.830838583,1125.27664175,1125.114459833,NaN,NaN,NaN,NaN,,NaN,,1124.825203291,1124.828719416,None,NaN,NaN,,NaN,NaN,NaN,NaN,NaN,NaN,NaN,21,bathroom,2,2024-05-18_13h32.14.141,image_similarity_rating,2023.2.3,None,2024-05-18 13h33.25.122132 +0200
,119,129,394,394,stimuli/own/bathroom/119_bat.jpg,stimuli/own/bathroom/129_bat.jpg,NaN,NaN,NaN,NaN,NaN,NaN,NaN,NaN,0,119,119,393,1133.543189916,NaN,NaN,NaN,NaN,NaN,NaN,NaN,,NaN,,1133.827505416,1133.995853625,1133.995853625,1133.995853625,1133.995853625,1133.995853625,1133.995853625,1133.995853625,1133.995853625,1133.995853625,1139.49172325,7,-7,2,3,3.079383667,2,4.80955158300003,1133.536720583,1133.543189916,1133.995853625,1133.827483833,NaN,NaN,NaN,NaN,,NaN,,1133.5332625,1133.536675,None,NaN,NaN,,NaN,NaN,NaN,NaN,NaN,NaN,NaN,21,bathroom,2,2024-05-18_13h32.14.141,image_similarity_rating,2023.2.3,None,2024-05-18 13h33.25.122132 +0200
,111,114,220,220,stimuli/own/bathroom/111_bat.jpg,stimuli/own/bathroom/114_bat.jpg,NaN,NaN,NaN,NaN,NaN,NaN,NaN,NaN,0,120,120,219,1139.497305166,NaN,NaN,NaN,NaN,NaN,NaN,NaN,,NaN,,1139.781430083,1139.945591916,1139.945591916,1139.945591916,1139.945591916,1139.945591916,1139.945591916,1139.945591916,1139.945591916,1139.945591916,1146.928478333,7,-7,2,4,2.50241150000056,4,4.18195562499932,1139.495493375,1139.497305166,1139.945591916,1139.78141375,NaN,NaN,NaN,NaN,,NaN,,1139.491963875,1139.495447083,None,NaN,NaN,,NaN,NaN,NaN,NaN,NaN,NaN,NaN,21,bathroom,2,2024-05-18_13h32.14.141,image_similarity_rating,2023.2.3,None,2024-05-18 13h33.25.122132 +0200
,116,138,339,339,stimuli/own/bathroom/116_bat.jpg,stimuli/own/bathroom/138_bat.jpg,NaN,NaN,NaN,NaN,NaN,NaN,NaN,NaN,0,121,121,338,1146.934214625,NaN,NaN,NaN,NaN,NaN,NaN,NaN,,NaN,,1147.227628375,1147.399034291,1147.399034291,1147.399034291,1147.399034291,1147.399034291,1147.399034291,1147.399034291,1147.399034291,1147.399034291,1155.6451415,7,-7,2,6,3.00960666699939,6,7.03372666599989,1146.932137625,1146.934214625,1147.399034291,1147.227607708,NaN,NaN,NaN,NaN,,NaN,,1146.9286985,1146.932091708,None,NaN,NaN,,NaN,NaN,NaN,NaN,NaN,NaN,NaN,21,bathroom,2,2024-05-18_13h32.14.141,image_similarity_rating,2023.2.3,None,2024-05-18 13h33.25.122132 +0200
,101,109,6,6,stimuli/own/bathroom/101_bat.jpg,stimuli/own/bathroom/109_bat.jpg,NaN,NaN,NaN,NaN,NaN,NaN,NaN,NaN,0,122,122,5,1155.650560916,NaN,NaN,NaN,NaN,NaN,NaN,NaN,,NaN,,1155.944097208,1156.108491291,1156.108491291,1156.108491291,1156.108491291,1156.108491291,1156.108491291,1156.108491291,1156.108491291,1156.108491291,1161.9495475,-7,7,2,3,5.73907883300035,3,4.21758562499963,1155.648790041,1155.650560916,1156.108491291,1155.9440835,NaN,NaN,NaN,NaN,,NaN,,1155.645361791,1155.648744291,None,NaN,NaN,,NaN,NaN,NaN,NaN,NaN,NaN,NaN,21,bathroom,2,2024-05-18_13h32.14.141,image_similarity_rating,2023.2.3,None,2024-05-18 13h33.25.122132 +0200
,122,136,454,454,stimuli/own/bathroom/122_bat.jpg,stimuli/own/bathroom/136_bat.jpg,NaN,NaN,NaN,NaN,NaN,NaN,NaN,NaN,0,123,123,453,1161.959370958,NaN,NaN,NaN,NaN,NaN,NaN,NaN,,NaN,,1162.243972916,1162.411769541,1162.411769541,1162.411769541,1162.411769541,1162.411769541,1162.411769541,1162.411769541,1162.411769541,1162.411769541,1168.187498791,-7,7,2,4,5.56275566699969,6,2.48031629100024,1161.953324166,1161.959370958,1162.411769541,1162.243950083,NaN,NaN,NaN,NaN,,NaN,,1161.949766416,1161.953277958,None,NaN,NaN,,NaN,NaN,NaN,NaN,NaN,NaN,NaN,21,bathroom,2,2024-05-18_13h32.14.141,image_similarity_rating,2023.2.3,None,2024-05-18 13h33.25.122132 +0200
,112,141,270,270,stimuli/own/bathroom/112_bat.jpg,stimuli/own/bathroom/141_bat.jpg,NaN,NaN,NaN,NaN,NaN,NaN,NaN,NaN,0,124,124,269,1168.209352333,NaN,NaN,NaN,NaN,NaN,NaN,NaN,,NaN,,1168.493429291,1168.664711291,1168.664711291,1168.664711291,1168.664711291,1168.664711291,1168.664711291,1168.664711291,1168.664711291,1168.664711291,1176.520356708,-7,7,2,3,7.79522745799932,4,7.17223075000038,1168.191248916,1168.209352333,NaN,1168.493403916,NaN,NaN,NaN,NaN,,NaN,,1168.187717833,1168.19120375,None,NaN,NaN,,NaN,NaN,NaN,NaN,NaN,NaN,NaN,21,bathroom,2,2024-05-18_13h32.14.141,image_similarity_rating,2023.2.3,None,2024-05-18 13h33.25.122132 +0200
,112,127,258,258,stimuli/own/bathroom/112_bat.jpg,stimuli/own/bathroom/127_bat.jpg,NaN,NaN,NaN,NaN,NaN,NaN,NaN,NaN,0,125,125,257,1176.526027333,NaN,NaN,NaN,NaN,NaN,NaN,NaN,,NaN,,1176.810532875,1176.976137875,1176.976137875,1176.976137875,1176.976137875,1176.976137875,1176.976137875,1176.976137875,1176.976137875,1176.976137875,1181.250844916,7,-7,2,4,2.06126529199992,4,4.11257337500047,1176.524087791,1176.526027333,1176.976137875,1176.81050725,NaN,NaN,NaN,NaN,,NaN,,1176.520573791,1176.524041375,None,NaN,NaN,,NaN,NaN,NaN,NaN,NaN,NaN,NaN,21,bathroom,2,2024-05-18_13h32.14.141,image_similarity_rating,2023.2.3,None,2024-05-18 13h33.25.122132 +0200
,109,127,205,205,stimuli/own/bathroom/109_bat.jpg,stimuli/own/bathroom/127_bat.jpg,NaN,NaN,NaN,NaN,NaN,NaN,NaN,NaN,0,126,126,204,1181.25924825,NaN,NaN,NaN,NaN,NaN,NaN,NaN,,NaN,,1192.427204166,1192.600534791,1192.600534791,1192.600534791,1192.600534791,1192.600534791,1192.600534791,1192.600534791,1192.600534791,1192.600534791,1200.278991,7,-7,3,4,3.33009220799977,3,7.19250412499969,1192.1302365,1192.134283416,1192.600534791,1192.427186833,NaN,NaN,NaN,NaN,,NaN,,1181.251064583,1192.129558541,space,1181.25924825,10.8700805830003,None,NaN,NaN,NaN,NaN,NaN,NaN,NaN,21,bathroom,2,2024-05-18_13h32.14.141,image_similarity_rating,2023.2.3,None,2024-05-18 13h33.25.122132 +0200
,130,134,543,543,stimuli/own/bathroom/130_bat.jpg,stimuli/own/bathroom/134_bat.jpg,NaN,NaN,NaN,NaN,NaN,NaN,NaN,NaN,0,127,127,542,1200.285271625,NaN,NaN,NaN,NaN,NaN,NaN,NaN,,NaN,,1200.577122666,1200.742548083,1200.742548083,1200.742548083,1200.742548083,1200.742548083,1200.742548083,1200.742548083,1200.742548083,1200.742548083,1210.974615916,7,-7,3,3,6.06094741700053,4,8.83173333299965,1200.283166666,1200.285271625,1200.742548083,1200.577107583,NaN,NaN,NaN,NaN,,NaN,,1200.279212041,1200.283112583,None,NaN,NaN,,NaN,NaN,NaN,NaN,NaN,NaN,NaN,21,bathroom,2,2024-05-18_13h32.14.141,image_similarity_rating,2023.2.3,None,2024-05-18 13h33.25.122132 +0200
,129,136,535,535,stimuli/own/bathroom/129_bat.jpg,stimuli/own/bathroom/136_bat.jpg,NaN,NaN,NaN,NaN,NaN,NaN,NaN,NaN,0,128,128,534,1210.980275958,NaN,NaN,NaN,NaN,NaN,NaN,NaN,,NaN,,1211.264353166,1211.428412291,1211.428412291,1211.428412291,1211.428412291,1211.428412291,1211.428412291,1211.428412291,1211.428412291,1211.428412291,1221.311609791,-7,7,3,3,3.91337912499966,4,9.5351650420007,1210.978359958,1210.980275958,1211.428412291,1211.264341,NaN,NaN,NaN,NaN,,NaN,,1210.974859583,1210.978313916,None,NaN,NaN,,NaN,NaN,NaN,NaN,NaN,NaN,NaN,21,bathroom,2,2024-05-18_13h32.14.141,image_similarity_rating,2023.2.3,None,2024-05-18 13h33.25.122132 +0200
,114,127,307,307,stimuli/own/bathroom/114_bat.jpg,stimuli/own/bathroom/127_bat.jpg,NaN,NaN,NaN,NaN,NaN,NaN,NaN,NaN,0,129,129,306,1221.317325375,NaN,NaN,NaN,NaN,NaN,NaN,NaN,,NaN,,1221.610468416,1221.776557375,1221.776557375,1221.776557375,1221.776557375,1221.776557375,1221.776557375,1221.776557375,1221.776557375,1221.776557375,1226.849386375,7,-7,3,3,3.19438100000025,6,4.40400841599967,1221.315266166,1221.317325375,1221.776557375,1221.610438791,NaN,NaN,NaN,NaN,,NaN,,1221.311828375,1221.315220125,None,NaN,NaN,,NaN,NaN,NaN,NaN,NaN,NaN,NaN,21,bathroom,2,2024-05-18_13h32.14.141,image_similarity_rating,2023.2.3,None,2024-05-18 13h33.25.122132 +0200
,134,138,571,571,stimuli/own/bathroom/134_bat.jpg,stimuli/own/bathroom/138_bat.jpg,NaN,NaN,NaN,NaN,NaN,NaN,NaN,NaN,0,130,130,570,1226.85909375,NaN,NaN,NaN,NaN,NaN,NaN,NaN,,NaN,,1227.143803333,1227.31071875,1227.31071875,1227.31071875,1227.31071875,1227.31071875,1227.31071875,1227.31071875,1227.31071875,1227.31071875,1233.153416666,-7,7,3,2,3.70381025000006,2,5.66892454199933,1226.853036625,1226.85909375,1227.31071875,1227.143786875,NaN,NaN,NaN,NaN,,NaN,,1226.849606666,1226.852988125,None,NaN,NaN,,NaN,NaN,NaN,NaN,NaN,NaN,NaN,21,bathroom,2,2024-05-18_13h32.14.141,image_similarity_rating,2023.2.3,None,2024-05-18 13h33.25.122132 +0200
,116,141,342,342,stimuli/own/bathroom/116_bat.jpg,stimuli/own/bathroom/141_bat.jpg,NaN,NaN,NaN,NaN,NaN,NaN,NaN,NaN,0,131,131,341,1233.158981083,NaN,NaN,NaN,NaN,NaN,NaN,NaN,,NaN,,1233.443970458,1233.613707708,1233.613707708,1233.613707708,1233.613707708,1233.613707708,1233.613707708,1233.613707708,1233.613707708,1233.613707708,1239.362829875,-7,7,3,2,2.96442212500006,3,5.44313645799957,1233.157168583,1233.158981083,1233.613707708,1233.443951,NaN,NaN,NaN,NaN,,NaN,,1233.1536395,1233.157109458,None,NaN,NaN,,NaN,NaN,NaN,NaN,NaN,NaN,NaN,21,bathroom,2,2024-05-18_13h32.14.141,image_similarity_rating,2023.2.3,None,2024-05-18 13h33.25.122132 +0200
,112,136,265,265,stimuli/own/bathroom/112_bat.jpg,stimuli/own/bathroom/136_bat.jpg,NaN,NaN,NaN,NaN,NaN,NaN,NaN,NaN,0,132,132,264,1239.375757083,NaN,NaN,NaN,NaN,NaN,NaN,NaN,,NaN,,1239.661287458,1239.823616416,1239.823616416,1239.823616416,1239.823616416,1239.823616416,1239.823616416,1239.823616416,1239.823616416,1239.823616416,1250.653420541,7,-7,3,2,8.63668812499964,2,10.5424167910005,1239.366796958,1239.375757083,1239.823616416,1239.661274666,NaN,NaN,NaN,NaN,,NaN,,1239.363059375,1239.3667485,None,NaN,NaN,,NaN,NaN,NaN,NaN,NaN,NaN,NaN,21,bathroom,2,2024-05-18_13h32.14.141,image_similarity_rating,2023.2.3,None,2024-05-18 13h33.25.122132 +0200
,101,132,26,26,stimuli/own/bathroom/101_bat.jpg,stimuli/own/bathroom/132_bat.jpg,NaN,NaN,NaN,NaN,NaN,NaN,NaN,NaN,0,133,133,25,1250.659017125,NaN,NaN,NaN,NaN,NaN,NaN,NaN,,NaN,,1250.944507333,1251.115746416,1251.115746416,1251.115746416,1251.115746416,1251.115746416,1251.115746416,1251.115746416,1251.115746416,1251.115746416,1258.907979625,7,-7,3,4,6.17379024999991,3,7.58035262500016,1250.657183875,1250.659017125,1251.115746416,1250.944491083,NaN,NaN,NaN,NaN,,NaN,,1250.653642041,1250.657137958,None,NaN,NaN,,NaN,NaN,NaN,NaN,NaN,NaN,NaN,21,bathroom,2,2024-05-18_13h32.14.141,image_similarity_rating,2023.2.3,None,2024-05-18 13h33.25.122132 +0200
,106,109,161,161,stimuli/own/bathroom/106_bat.jpg,stimuli/own/bathroom/109_bat.jpg,NaN,NaN,NaN,NaN,NaN,NaN,NaN,NaN,0,134,134,160,1258.913610541,NaN,NaN,NaN,NaN,NaN,NaN,NaN,,NaN,,1259.197297291,1259.360071375,1259.360071375,1259.360071375,1259.360071375,1259.360071375,1259.360071375,1259.360071375,1259.360071375,1259.360071375,1262.869648875,7,-7,3,2,1.96730883300006,2,3.00856820799982,1258.911678833,1258.913610541,1259.360071375,1259.197286875,NaN,NaN,NaN,NaN,,NaN,,1258.908214666,1258.9116325,None,NaN,NaN,,NaN,NaN,NaN,NaN,NaN,NaN,NaN,21,bathroom,2,2024-05-18_13h32.14.141,image_similarity_rating,2023.2.3,None,2024-05-18 13h33.25.122132 +0200
,120,125,410,410,stimuli/own/bathroom/120_bat.jpg,stimuli/own/bathroom/125_bat.jpg,NaN,NaN,NaN,NaN,NaN,NaN,NaN,NaN,0,135,135,409,1262.875445958,NaN,NaN,NaN,NaN,NaN,NaN,NaN,,NaN,,1263.160873875,1263.325271583,1263.325271583,1263.325271583,1263.325271583,1263.325271583,1263.325271583,1263.325271583,1263.325271583,1263.325271583,1267.734096916,7,-7,3,3,2.80492337499982,5,4.2075514170001,1262.8732935,1262.875445958,1263.325271583,1263.1608565,NaN,NaN,NaN,NaN,,NaN,,1262.8698665,1262.873248208,None,NaN,NaN,,NaN,NaN,NaN,NaN,NaN,NaN,NaN,21,bathroom,2,2024-05-18_13h32.14.141,image_similarity_rating,2023.2.3,None,2024-05-18 13h33.25.122132 +0200
,111,127,232,232,stimuli/own/bathroom/111_bat.jpg,stimuli/own/bathroom/127_bat.jpg,NaN,NaN,NaN,NaN,NaN,NaN,NaN,NaN,0,136,136,231,1267.742028833,NaN,NaN,NaN,NaN,NaN,NaN,NaN,,NaN,,1268.027472041,1268.193495,1268.193495,1268.193495,1268.193495,1268.193495,1268.193495,1268.193495,1268.193495,1268.193495,1273.01515075,-7,7,3,4,2.34685333299967,4,4.54920491600024,1267.737748833,1267.742028833,1268.193495,1268.027452666,NaN,NaN,NaN,NaN,,NaN,,1267.734315083,1267.73770125,None,NaN,NaN,,NaN,NaN,NaN,NaN,NaN,NaN,NaN,21,bathroom,2,2024-05-18_13h32.14.141,image_similarity_rating,2023.2.3,None,2024-05-18 13h33.25.122132 +0200
,126,127,505,505,stimuli/own/bathroom/126_bat.jpg,stimuli/own/bathroom/127_bat.jpg,NaN,NaN,NaN,NaN,NaN,NaN,NaN,NaN,0,137,137,504,1273.025813291,NaN,NaN,NaN,NaN,NaN,NaN,NaN,,NaN,,1273.310772791,1273.47514825,1273.47514825,1273.47514825,1273.47514825,1273.47514825,1273.47514825,1273.47514825,1273.47514825,1273.47514825,1278.836890208,7,-7,3,3,2.1050233750002,5,5.00053104199924,1273.018812875,1273.025813291,1273.47514825,1273.310759708,NaN,NaN,NaN,NaN,,NaN,,1273.015364875,1273.018767166,None,NaN,NaN,,NaN,NaN,NaN,NaN,NaN,NaN,NaN,21,bathroom,2,2024-05-18_13h32.14.141,image_similarity_rating,2023.2.3,None,2024-05-18 13h33.25.122132 +0200
,112,122,253,253,stimuli/own/bathroom/112_bat.jpg,stimuli/own/bathroom/122_bat.jpg,NaN,NaN,NaN,NaN,NaN,NaN,NaN,NaN,0,138,138,252,1278.858958958,NaN,NaN,NaN,NaN,NaN,NaN,NaN,,NaN,,1279.143183583,1279.3128735,1279.3128735,1279.3128735,1279.3128735,1279.3128735,1279.3128735,1279.3128735,1279.3128735,1279.3128735,1285.470077958,7,-7,3,2,2.61499558300056,4,6.03396883400001,1278.840546833,1278.858958958,NaN,1279.143151375,NaN,NaN,NaN,NaN,,NaN,,1278.837120958,1278.840501375,None,NaN,NaN,,NaN,NaN,NaN,NaN,NaN,NaN,NaN,21,bathroom,2,2024-05-18_13h32.14.141,image_similarity_rating,2023.2.3,None,2024-05-18 13h33.25.122132 +0200
,105,129,149,149,stimuli/own/bathroom/105_bat.jpg,stimuli/own/bathroom/129_bat.jpg,NaN,NaN,NaN,NaN,NaN,NaN,NaN,NaN,0,139,139,148,1285.475530666,NaN,NaN,NaN,NaN,NaN,NaN,NaN,,NaN,,1285.760791291,1285.924778708,1285.924778708,1285.924778708,1285.924778708,1285.924778708,1285.924778708,1285.924778708,1285.924778708,1285.924778708,1291.282634583,7,-7,3,3,5.24180679199981,2,2.64000766699974,1285.473717166,1285.475530666,1285.924778708,1285.76077825,NaN,NaN,NaN,NaN,,NaN,,1285.470297041,1285.473671916,None,NaN,NaN,,NaN,NaN,NaN,NaN,NaN,NaN,NaN,21,bathroom,2,2024-05-18_13h32.14.141,image_similarity_rating,2023.2.3,None,2024-05-18 13h33.25.122132 +0200
,106,137,185,185,stimuli/own/bathroom/106_bat.jpg,stimuli/own/bathroom/137_bat.jpg,NaN,NaN,NaN,NaN,NaN,NaN,NaN,NaN,0,140,140,184,1291.292298375,NaN,NaN,NaN,NaN,NaN,NaN,NaN,,NaN,,1291.576864,1291.743806458,1291.743806458,1291.743806458,1291.743806458,1291.743806458,1291.743806458,1291.743806458,1291.743806458,1291.743806458,1305.4947975,7,-7,3,2,12.274651666,5,7.79038437500003,1291.286397166,1291.292298375,1291.743806458,1291.576845041,NaN,NaN,NaN,NaN,,NaN,,1291.282863875,1291.286351875,None,NaN,NaN,,NaN,NaN,NaN,NaN,NaN,NaN,NaN,21,bathroom,2,2024-05-18_13h32.14.141,image_similarity_rating,2023.2.3,None,2024-05-18 13h33.25.122132 +0200
,117,122,347,347,stimuli/own/bathroom/117_bat.jpg,stimuli/own/bathroom/122_bat.jpg,NaN,NaN,NaN,NaN,NaN,NaN,NaN,NaN,0,141,141,346,1305.500392,NaN,NaN,NaN,NaN,NaN,NaN,NaN,,NaN,,1305.793604416,1305.959837541,1305.959837541,1305.959837541,1305.959837541,1305.959837541,1305.959837541,1305.959837541,1305.959837541,1305.959837541,1314.219987833,7,-7,3,5,8.08546220799963,7,2.80603237499963,1305.498451375,1305.500392,1305.959837541,1305.793586666,NaN,NaN,NaN,NaN,,NaN,,1305.49501475,1305.498406125,None,NaN,NaN,,NaN,NaN,NaN,NaN,NaN,NaN,NaN,21,bathroom,2,2024-05-18_13h32.14.141,image_similarity_rating,2023.2.3,None,2024-05-18 13h33.25.122132 +0200
,132,138,564,564,stimuli/own/bathroom/132_bat.jpg,stimuli/own/bathroom/138_bat.jpg,NaN,NaN,NaN,NaN,NaN,NaN,NaN,NaN,0,142,142,563,1314.242424333,NaN,NaN,NaN,NaN,NaN,NaN,NaN,,NaN,,1314.526231083,1314.6907675,1314.6907675,1314.6907675,1314.6907675,1314.6907675,1314.6907675,1314.6907675,1314.6907675,1314.6907675,1319.507889666,-7,7,3,4,4.72442004100049,3,2.66518062500018,1314.223740291,1314.242424333,NaN,1314.526213333,NaN,NaN,NaN,NaN,,NaN,,1314.220204666,1314.223694416,None,NaN,NaN,,NaN,NaN,NaN,NaN,NaN,NaN,NaN,21,bathroom,2,2024-05-18_13h32.14.141,image_similarity_rating,2023.2.3,None,2024-05-18 13h33.25.122132 +0200
,113,114,271,271,stimuli/own/bathroom/113_bat.jpg,stimuli/own/bathroom/114_bat.jpg,NaN,NaN,NaN,NaN,NaN,NaN,NaN,NaN,0,143,143,270,1319.513807416,NaN,NaN,NaN,NaN,NaN,NaN,NaN,,NaN,,1319.797341166,1319.95962375,1319.95962375,1319.95962375,1319.95962375,1319.95962375,1319.95962375,1319.95962375,1319.95962375,1319.95962375,1328.703611708,-7,7,3,6,7.32491041600042,4,8.40530787500029,1319.511720875,1319.513807416,1319.95962375,1319.797331041,NaN,NaN,NaN,NaN,,NaN,,1319.508115625,1319.511674833,None,NaN,NaN,,NaN,NaN,NaN,NaN,NaN,NaN,NaN,21,bathroom,2,2024-05-18_13h32.14.141,image_similarity_rating,2023.2.3,None,2024-05-18 13h33.25.122132 +0200
,111,118,223,223,stimuli/own/bathroom/111_bat.jpg,stimuli/own/bathroom/118_bat.jpg,NaN,NaN,NaN,NaN,NaN,NaN,NaN,NaN,0,144,144,222,1328.710195291,NaN,NaN,NaN,NaN,NaN,NaN,NaN,,NaN,,1328.993560541,1329.158134875,1329.158134875,1329.158134875,1329.158134875,1329.158134875,1329.158134875,1329.158134875,1329.158134875,1329.158134875,1332.983949375,-7,7,3,4,2.86744112499946,3,3.65266420799981,1328.707316541,1328.710195291,1329.158134875,1328.993546958,NaN,NaN,NaN,NaN,,NaN,,1328.7038295,1328.707270666,None,NaN,NaN,,NaN,NaN,NaN,NaN,NaN,NaN,NaN,21,bathroom,2,2024-05-18_13h32.14.141,image_similarity_rating,2023.2.3,None,2024-05-18 13h33.25.122132 +0200
,120,126,411,411,stimuli/own/bathroom/120_bat.jpg,stimuli/own/bathroom/126_bat.jpg,NaN,NaN,NaN,NaN,NaN,NaN,NaN,NaN,0,145,145,410,1332.992129875,NaN,NaN,NaN,NaN,NaN,NaN,NaN,,NaN,,1333.277320208,1333.442090916,1333.442090916,1333.442090916,1333.442090916,1333.442090916,1333.442090916,1333.442090916,1333.442090916,1333.442090916,1339.011951875,7,-7,3,3,3.64991900000041,5,5.38158091700006,1332.98763275,1332.992129875,1333.442090916,1333.277307083,NaN,NaN,NaN,NaN,,NaN,,1332.984167875,1332.987586958,None,NaN,NaN,,NaN,NaN,NaN,NaN,NaN,NaN,NaN,21,bathroom,2,2024-05-18_13h32.14.141,image_similarity_rating,2023.2.3,None,2024-05-18 13h33.25.122132 +0200
,123,127,463,463,stimuli/own/bathroom/123_bat.jpg,stimuli/own/bathroom/127_bat.jpg,NaN,NaN,NaN,NaN,NaN,NaN,NaN,NaN,0,146,146,462,1339.017555583,NaN,NaN,NaN,NaN,NaN,NaN,NaN,,NaN,,1339.310007541,1339.474016291,1339.474016291,1339.474016291,1339.474016291,1339.474016291,1339.474016291,1339.474016291,1339.474016291,1339.474016291,1345.903488333,7,-7,3,4,5.10100929100008,2,6.19427166599962,1339.015603875,1339.017555583,1339.474016291,1339.3099935,NaN,NaN,NaN,NaN,,NaN,,1339.012170916,1339.015558083,None,NaN,NaN,,NaN,NaN,NaN,NaN,NaN,NaN,NaN,21,bathroom,2,2024-05-18_13h32.14.141,image_similarity_rating,2023.2.3,None,2024-05-18 13h33.25.122132 +0200
,118,124,370,370,stimuli/own/bathroom/118_bat.jpg,stimuli/own/bathroom/124_bat.jpg,NaN,NaN,NaN,NaN,NaN,NaN,NaN,NaN,0,147,147,369,1345.925712333,NaN,NaN,NaN,NaN,NaN,NaN,NaN,,NaN,,1346.209689333,1346.376706333,1346.376706333,1346.376706333,1346.376706333,1346.376706333,1346.376706333,1346.376706333,1346.376706333,1346.376706333,1352.465904583,7,-7,3,4,4.34755949999999,2,5.60294908399919,1345.907150083,1345.925712333,NaN,1346.209662166,NaN,NaN,NaN,NaN,,NaN,,1345.903706416,1345.90710425,None,NaN,NaN,,NaN,NaN,NaN,NaN,NaN,NaN,NaN,21,bathroom,2,2024-05-18_13h32.14.141,image_similarity_rating,2023.2.3,None,2024-05-18 13h33.25.122132 +0200
,113,121,277,277,stimuli/own/bathroom/113_bat.jpg,stimuli/own/bathroom/121_bat.jpg,NaN,NaN,NaN,NaN,NaN,NaN,NaN,NaN,0,148,148,276,1352.475535375,NaN,NaN,NaN,NaN,NaN,NaN,NaN,,NaN,,1352.759857166,1352.925857375,1352.925857375,1352.925857375,1352.925857375,1352.925857375,1352.925857375,1352.925857375,1352.925857375,1352.925857375,1357.661155041,-7,7,3,4,2.94996670800083,1,3.98743291699975,1352.469580333,1352.475535375,1352.925857375,1352.7598425,NaN,NaN,NaN,NaN,,NaN,,1352.4661245,1352.4695345,None,NaN,NaN,,NaN,NaN,NaN,NaN,NaN,NaN,NaN,21,bathroom,2,2024-05-18_13h32.14.141,image_similarity_rating,2023.2.3,None,2024-05-18 13h33.25.122132 +0200
,123,126,462,462,stimuli/own/bathroom/123_bat.jpg,stimuli/own/bathroom/126_bat.jpg,NaN,NaN,NaN,NaN,NaN,NaN,NaN,NaN,0,149,149,461,1357.66667975,NaN,NaN,NaN,NaN,NaN,NaN,NaN,,NaN,,1357.959968583,1358.124009083,1358.124009083,1358.124009083,1358.124009083,1358.124009083,1358.124009083,1358.124009083,1358.124009083,1358.124009083,1363.061886208,-7,7,3,3,3.44272020800054,3,4.60790745799932,1357.664878875,1357.66667975,1358.124009083,1357.95995475,NaN,NaN,NaN,NaN,,NaN,,1357.661372916,1357.664834083,None,NaN,NaN,,NaN,NaN,NaN,NaN,NaN,NaN,NaN,21,bathroom,2,2024-05-18_13h32.14.141,image_similarity_rating,2023.2.3,None,2024-05-18 13h33.25.122132 +0200
,105,117,138,596,stimuli/own/bathroom/105_bat.jpg,stimuli/own/bathroom/117_bat.jpg,NaN,NaN,NaN,NaN,NaN,NaN,NaN,NaN,0,150,150,595,1363.075394791,NaN,NaN,NaN,NaN,NaN,NaN,NaN,,NaN,,1363.360539458,1363.524542916,1363.524542916,1363.524542916,1363.524542916,1363.524542916,1363.524542916,1363.524542916,1363.524542916,1363.524542916,1368.140671833,-7,7,3,2,2.75586125000063,2,4.43186416699973,1363.065875875,1363.075394791,1363.524542916,1363.360525166,NaN,NaN,NaN,NaN,,NaN,,1363.062119625,1363.065828458,None,NaN,NaN,,NaN,NaN,NaN,NaN,NaN,NaN,NaN,21,bathroom,2,2024-05-18_13h32.14.141,image_similarity_rating,2023.2.3,None,2024-05-18 13h33.25.122132 +0200
,119,139,403,403,stimuli/own/bathroom/119_bat.jpg,stimuli/own/bathroom/139_bat.jpg,NaN,NaN,NaN,NaN,NaN,NaN,NaN,NaN,0,151,151,402,1368.146448708,NaN,NaN,NaN,NaN,NaN,NaN,NaN,,NaN,,1368.430592208,1368.593174958,1368.593174958,1368.593174958,1368.593174958,1368.593174958,1368.593174958,1368.593174958,1368.593174958,1368.593174958,1376.619906125,-7,7,3,4,6.61867370900018,5,7.66547612500017,1368.144521541,1368.146448708,1368.593174958,1368.430577083,NaN,NaN,NaN,NaN,,NaN,,1368.140897083,1368.144475458,None,NaN,NaN,,NaN,NaN,NaN,NaN,NaN,NaN,NaN,21,bathroom,2,2024-05-18_13h32.14.141,image_similarity_rating,2023.2.3,None,2024-05-18 13h33.25.122132 +0200
,121,122,425,425,stimuli/own/bathroom/121_bat.jpg,stimuli/own/bathroom/122_bat.jpg,NaN,NaN,NaN,NaN,NaN,NaN,NaN,NaN,0,152,152,424,1376.642047291,NaN,NaN,NaN,NaN,NaN,NaN,NaN,,NaN,,1376.926271958,1377.093081833,1377.093081833,1377.093081833,1377.093081833,1377.093081833,1377.093081833,1377.093081833,1377.093081833,1377.093081833,1384.581723708,7,-7,3,4,4.78324049999992,3,7.10307458399984,1376.623674541,1376.642047291,NaN,1376.926252125,NaN,NaN,NaN,NaN,,NaN,,1376.620126416,1376.623628916,None,NaN,NaN,,NaN,NaN,NaN,NaN,NaN,NaN,NaN,21,bathroom,2,2024-05-18_13h32.14.141,image_similarity_rating,2023.2.3,None,2024-05-18 13h33.25.122132 +0200
,112,125,256,256,stimuli/own/bathroom/112_bat.jpg,stimuli/own/bathroom/125_bat.jpg,NaN,NaN,NaN,NaN,NaN,NaN,NaN,NaN,0,153,153,255,1384.592084291,NaN,NaN,NaN,NaN,NaN,NaN,NaN,,NaN,,1384.876655166,1385.044965125,1385.044965125,1385.044965125,1385.044965125,1385.044965125,1385.044965125,1385.044965125,1385.044965125,1385.044965125,1389.686289916,7,-7,3,5,3.61473079200005,4,4.35421491700072,1384.585370666,1384.592084291,1385.044965125,1384.876639458,NaN,NaN,NaN,NaN,,NaN,,1384.581941166,1384.58532575,None,NaN,NaN,,NaN,NaN,NaN,NaN,NaN,NaN,NaN,21,bathroom,2,2024-05-18_13h32.14.141,image_similarity_rating,2023.2.3,None,2024-05-18 13h33.25.122132 +0200
,103,121,81,81,stimuli/own/bathroom/103_bat.jpg,stimuli/own/bathroom/121_bat.jpg,NaN,NaN,NaN,NaN,NaN,NaN,NaN,NaN,0,154,154,80,1389.691926333,NaN,NaN,NaN,NaN,NaN,NaN,NaN,,NaN,,1389.976624708,1390.143784791,1390.143784791,1390.143784791,1390.143784791,1390.143784791,1390.143784791,1390.143784791,1390.143784791,1390.143784791,1397.719301458,-7,7,3,5,4.34634650000044,3,7.28885954100042,1389.690047208,1389.691926333,1390.143784791,1389.976605291,NaN,NaN,NaN,NaN,,NaN,,1389.686506125,1389.690001541,None,NaN,NaN,,NaN,NaN,NaN,NaN,NaN,NaN,NaN,21,bathroom,2,2024-05-18_13h32.14.141,image_similarity_rating,2023.2.3,None,2024-05-18 13h33.25.122132 +0200
,111,126,231,231,stimuli/own/bathroom/111_bat.jpg,stimuli/own/bathroom/126_bat.jpg,NaN,NaN,NaN,NaN,NaN,NaN,NaN,NaN,0,155,155,230,1397.72488725,NaN,NaN,NaN,NaN,NaN,NaN,NaN,,NaN,,1398.010718083,1398.17777925,1398.17777925,1398.17777925,1398.17777925,1398.17777925,1398.17777925,1398.17777925,1398.17777925,1398.17777925,1404.586269916,-7,7,3,5,4.75431783399927,4,6.25982733399997,1397.722945625,1397.72488725,1398.17777925,1398.010696958,NaN,NaN,NaN,NaN,,NaN,,1397.719520333,1397.72289975,None,NaN,NaN,,NaN,NaN,NaN,NaN,NaN,NaN,NaN,21,bathroom,2,2024-05-18_13h32.14.141,image_similarity_rating,2023.2.3,None,2024-05-18 13h33.25.122132 +0200
,117,131,355,355,stimuli/own/bathroom/117_bat.jpg,stimuli/own/bathroom/131_bat.jpg,NaN,NaN,NaN,NaN,NaN,NaN,NaN,NaN,0,156,156,354,1404.591899791,NaN,NaN,NaN,NaN,NaN,NaN,NaN,,NaN,,1404.876464333,1405.04041875,1405.04041875,1405.04041875,1405.04041875,1405.04041875,1405.04041875,1405.04041875,1405.04041875,1405.04041875,1412.915497,7,-7,3,3,6.15355558300053,3,7.71587675000046,1404.5900465,1404.591899791,1405.04041875,1404.876445708,NaN,NaN,NaN,NaN,,NaN,,1404.586482916,1404.590001125,None,NaN,NaN,,NaN,NaN,NaN,NaN,NaN,NaN,NaN,21,bathroom,2,2024-05-18_13h32.14.141,image_similarity_rating,2023.2.3,None,2024-05-18 13h33.25.122132 +0200
,103,123,83,83,stimuli/own/bathroom/103_bat.jpg,stimuli/own/bathroom/123_bat.jpg,NaN,NaN,NaN,NaN,NaN,NaN,NaN,NaN,0,157,157,82,1412.925364375,NaN,NaN,NaN,NaN,NaN,NaN,NaN,,NaN,,1413.210759,1413.378877625,1413.378877625,1413.378877625,1413.378877625,1413.378877625,1413.378877625,1413.378877625,1413.378877625,1413.378877625,1418.053027083,7,-7,3,3,2.76694033300009,5,4.4945797499995,1412.919172833,1412.925364375,1413.378877625,1413.210742666,NaN,NaN,NaN,NaN,,NaN,,1412.915712875,1412.919127125,None,NaN,NaN,,NaN,NaN,NaN,NaN,NaN,NaN,NaN,21,bathroom,2,2024-05-18_13h32.14.141,image_similarity_rating,2023.2.3,None,2024-05-18 13h33.25.122132 +0200
,111,120,225,225,stimuli/own/bathroom/111_bat.jpg,stimuli/own/bathroom/120_bat.jpg,NaN,NaN,NaN,NaN,NaN,NaN,NaN,NaN,0,158,158,224,1418.075169541,NaN,NaN,NaN,NaN,NaN,NaN,NaN,,NaN,,1418.359414625,1418.523891541,1418.523891541,1418.523891541,1418.523891541,1418.523891541,1418.523891541,1418.523891541,1418.523891541,1418.523891541,1423.374159666,7,-7,3,3,2.58934387499994,4,4.71115854199979,1418.056680541,1418.075169541,NaN,1418.359396625,NaN,NaN,NaN,NaN,,NaN,,1418.053242583,1418.056634708,None,NaN,NaN,,NaN,NaN,NaN,NaN,NaN,NaN,NaN,21,bathroom,2,2024-05-18_13h32.14.141,image_similarity_rating,2023.2.3,None,2024-05-18 13h33.25.122132 +0200
,114,117,297,297,stimuli/own/bathroom/114_bat.jpg,stimuli/own/bathroom/117_bat.jpg,NaN,NaN,NaN,NaN,NaN,NaN,NaN,NaN,0,159,159,296,1423.379855583,NaN,NaN,NaN,NaN,NaN,NaN,NaN,,NaN,,1423.66362825,1423.828005875,1423.828005875,1423.828005875,1423.828005875,1423.828005875,1423.828005875,1423.828005875,1423.828005875,1423.828005875,1431.644956083,-7,7,3,5,3.91391154200028,5,7.45204670799922,1423.377934875,1423.379855583,1423.828005875,1423.663616291,NaN,NaN,NaN,NaN,,NaN,,1423.37439175,1423.377889125,None,NaN,NaN,,NaN,NaN,NaN,NaN,NaN,NaN,NaN,21,bathroom,2,2024-05-18_13h32.14.141,image_similarity_rating,2023.2.3,None,2024-05-18 13h33.25.122132 +0200
,113,125,281,281,stimuli/own/bathroom/113_bat.jpg,stimuli/own/bathroom/125_bat.jpg,NaN,NaN,NaN,NaN,NaN,NaN,NaN,NaN,0,160,160,280,1431.658612125,NaN,NaN,NaN,NaN,NaN,NaN,NaN,,NaN,,1431.943215791,1432.107607916,1432.107607916,1432.107607916,1432.107607916,1432.107607916,1432.107607916,1432.107607916,1432.107607916,1432.107607916,1439.900208208,7,-7,3,4,5.70099958400078,3,7.38091854200047,1431.648937416,1431.658612125,1432.107607916,1431.943201208,NaN,NaN,NaN,NaN,,NaN,,1431.645192041,1431.648887875,None,NaN,NaN,,NaN,NaN,NaN,NaN,NaN,NaN,NaN,21,bathroom,2,2024-05-18_13h32.14.141,image_similarity_rating,2023.2.3,None,2024-05-18 13h33.25.122132 +0200
,119,125,391,391,stimuli/own/bathroom/119_bat.jpg,stimuli/own/bathroom/125_bat.jpg,NaN,NaN,NaN,NaN,NaN,NaN,NaN,NaN,0,161,161,390,1439.90814125,NaN,NaN,NaN,NaN,NaN,NaN,NaN,,NaN,,1440.193155791,1440.360930208,1440.360930208,1440.360930208,1440.360930208,1440.360930208,1440.360930208,1440.360930208,1440.360930208,1440.360930208,1445.416295958,-7,7,3,4,4.78052012500029,5,4.13068966599985,1439.903995166,1439.90814125,1440.360930208,1440.193139,NaN,NaN,NaN,NaN,,NaN,,1439.900425541,1439.903949583,None,NaN,NaN,,NaN,NaN,NaN,NaN,NaN,NaN,NaN,21,bathroom,2,2024-05-18_13h32.14.141,image_similarity_rating,2023.2.3,None,2024-05-18 13h33.25.122132 +0200
,104,111,103,103,stimuli/own/bathroom/104_bat.jpg,stimuli/own/bathroom/111_bat.jpg,NaN,NaN,NaN,NaN,NaN,NaN,NaN,NaN,0,162,162,102,1445.42505075,NaN,NaN,NaN,NaN,NaN,NaN,NaN,,NaN,,1445.709652666,1445.874218666,1445.874218666,1445.874218666,1445.874218666,1445.874218666,1445.874218666,1445.874218666,1445.874218666,1445.874218666,1452.37869,-7,7,3,3,2.40237866699954,2,6.28286466699956,1445.419936416,1445.42505075,1445.874218666,1445.709639583,NaN,NaN,NaN,NaN,,NaN,,1445.416512,1445.419890583,None,NaN,NaN,,NaN,NaN,NaN,NaN,NaN,NaN,NaN,21,bathroom,2,2024-05-18_13h32.14.141,image_similarity_rating,2023.2.3,None,2024-05-18 13h33.25.122132 +0200
,105,112,134,134,stimuli/own/bathroom/105_bat.jpg,stimuli/own/bathroom/112_bat.jpg,NaN,NaN,NaN,NaN,NaN,NaN,NaN,NaN,0,163,163,133,1452.38469375,NaN,NaN,NaN,NaN,NaN,NaN,NaN,,NaN,,1452.677143,1452.840339666,1452.840339666,1452.840339666,1452.840339666,1452.840339666,1452.840339666,1452.840339666,1452.840339666,1452.840339666,1457.531890291,-7,7,3,3,3.24218720800036,1,4.26576787500017,1452.382599666,1452.38469375,1452.840339666,1452.677130666,NaN,NaN,NaN,NaN,,NaN,,1452.37891875,1452.382553333,None,NaN,NaN,,NaN,NaN,NaN,NaN,NaN,NaN,NaN,21,bathroom,2,2024-05-18_13h32.14.141,image_similarity_rating,2023.2.3,None,2024-05-18 13h33.25.122132 +0200
,121,129,431,431,stimuli/own/bathroom/121_bat.jpg,stimuli/own/bathroom/129_bat.jpg,NaN,NaN,NaN,NaN,NaN,NaN,NaN,NaN,0,164,164,430,1457.541678708,NaN,NaN,NaN,NaN,NaN,NaN,NaN,,NaN,,1457.82640175,1457.995355375,1457.995355375,1457.995355375,1457.995355375,1457.995355375,1457.995355375,1457.995355375,1457.995355375,1457.995355375,1462.412370333,7,-7,3,3,2.29263679199994,2,4.27753612500055,1457.53555175,1457.541678708,1457.995355375,1457.826385333,NaN,NaN,NaN,NaN,,NaN,,1457.532109625,1457.535506625,None,NaN,NaN,,NaN,NaN,NaN,NaN,NaN,NaN,NaN,21,bathroom,2,2024-05-18_13h32.14.141,image_similarity_rating,2023.2.3,None,2024-05-18 13h33.25.122132 +0200
,123,129,464,464,stimuli/own/bathroom/123_bat.jpg,stimuli/own/bathroom/129_bat.jpg,NaN,NaN,NaN,NaN,NaN,NaN,NaN,NaN,0,165,165,463,1462.425021083,NaN,NaN,NaN,NaN,NaN,NaN,NaN,,NaN,,1462.709902791,1462.873358333,1462.873358333,1462.873358333,1462.873358333,1462.873358333,1462.873358333,1462.873358333,1462.873358333,1462.873358333,1468.028655,-7,7,3,4,4.228353083,3,4.99955733299976,1462.416156375,1462.425021083,1462.873358333,1462.709889625,NaN,NaN,NaN,NaN,,NaN,,1462.412600041,1462.416110833,None,NaN,NaN,,NaN,NaN,NaN,NaN,NaN,NaN,NaN,21,bathroom,2,2024-05-18_13h32.14.141,image_similarity_rating,2023.2.3,None,2024-05-18 13h33.25.122132 +0200
,125,140,503,503,stimuli/own/bathroom/125_bat.jpg,stimuli/own/bathroom/140_bat.jpg,NaN,NaN,NaN,NaN,NaN,NaN,NaN,NaN,0,166,166,502,1468.034670375,NaN,NaN,NaN,NaN,NaN,NaN,NaN,,NaN,,1468.32638325,1468.49395475,1468.49395475,1468.49395475,1468.49395475,1468.49395475,1468.49395475,1468.49395475,1468.49395475,1468.49395475,1473.394972541,7,-7,3,3,2.72177900000042,2,4.79783283299912,1468.0324215,1468.034670375,1468.49395475,1468.326366125,NaN,NaN,NaN,NaN,,NaN,,1468.028882291,1468.032375125,None,NaN,NaN,,NaN,NaN,NaN,NaN,NaN,NaN,NaN,21,bathroom,2,2024-05-18_13h32.14.141,image_similarity_rating,2023.2.3,None,2024-05-18 13h33.25.122132 +0200
,111,122,227,227,stimuli/own/bathroom/111_bat.jpg,stimuli/own/bathroom/122_bat.jpg,NaN,NaN,NaN,NaN,NaN,NaN,NaN,NaN,0,167,167,226,1473.408254333,NaN,NaN,NaN,NaN,NaN,NaN,NaN,,NaN,,1473.69310125,1473.855857375,1473.855857375,1473.855857375,1473.855857375,1473.855857375,1473.855857375,1473.855857375,1473.855857375,1473.855857375,1480.381886958,-7,7,3,4,3.23251804099982,3,6.29098749999957,1473.398971041,1473.408254333,1473.855857375,1473.693088583,NaN,NaN,NaN,NaN,,NaN,,1473.395209291,1473.398918625,None,NaN,NaN,,NaN,NaN,NaN,NaN,NaN,NaN,NaN,21,bathroom,2,2024-05-18_13h32.14.141,image_similarity_rating,2023.2.3,None,2024-05-18 13h33.25.122132 +0200
,117,130,354,354,stimuli/own/bathroom/117_bat.jpg,stimuli/own/bathroom/130_bat.jpg,NaN,NaN,NaN,NaN,NaN,NaN,NaN,NaN,0,168,168,353,1480.391649458,NaN,NaN,NaN,NaN,NaN,NaN,NaN,,NaN,,1480.677143291,1480.84112325,1480.84112325,1480.84112325,1480.84112325,1480.84112325,1480.84112325,1480.84112325,1480.84112325,1480.84112325,1490.727427708,7,-7,3,3,6.37149566699918,5,8.6243517920002,1480.385673041,1480.391649458,1480.84112325,1480.677129041,NaN,NaN,NaN,NaN,,NaN,,1480.382104041,1480.385627125,None,NaN,NaN,,NaN,NaN,NaN,NaN,NaN,NaN,NaN,21,bathroom,2,2024-05-18_13h32.14.141,image_similarity_rating,2023.2.3,None,2024-05-18 13h33.25.122132 +0200
,122,127,447,447,stimuli/own/bathroom/122_bat.jpg,stimuli/own/bathroom/127_bat.jpg,NaN,NaN,NaN,NaN,NaN,NaN,NaN,NaN,0,169,169,446,1490.732992666,NaN,NaN,NaN,NaN,NaN,NaN,NaN,,NaN,,1491.026511541,1491.189205708,1491.189205708,1491.189205708,1491.189205708,1491.189205708,1491.189205708,1491.189205708,1491.189205708,1491.189205708,1504.185684333,-7,7,3,3,7.73741291700026,6,12.1283779169999,1490.731073333,1490.732992666,1491.189205708,1491.026498125,NaN,NaN,NaN,NaN,,NaN,,1490.727648333,1490.731027958,None,NaN,NaN,,NaN,NaN,NaN,NaN,NaN,NaN,NaN,21,bathroom,2,2024-05-18_13h32.14.141,image_similarity_rating,2023.2.3,None,2024-05-18 13h33.25.122132 +0200
,124,126,477,477,stimuli/own/bathroom/124_bat.jpg,stimuli/own/bathroom/126_bat.jpg,NaN,NaN,NaN,NaN,NaN,NaN,NaN,NaN,0,170,170,476,1504.191654458,NaN,NaN,NaN,NaN,NaN,NaN,NaN,,NaN,,1504.476238916,1504.644645041,1504.644645041,1504.644645041,1504.644645041,1504.644645041,1504.644645041,1504.644645041,1504.644645041,1504.644645041,1511.569215166,-7,7,3,3,4.59017879199928,5,6.72490124999968,1504.189457791,1504.191654458,1504.644645041,1504.47620975,NaN,NaN,NaN,NaN,,NaN,,1504.185905375,1504.18941175,None,NaN,NaN,,NaN,NaN,NaN,NaN,NaN,NaN,NaN,21,bathroom,2,2024-05-18_13h32.14.141,image_similarity_rating,2023.2.3,None,2024-05-18 13h33.25.122132 +0200
,101,137,30,30,stimuli/own/bathroom/101_bat.jpg,stimuli/own/bathroom/137_bat.jpg,NaN,NaN,NaN,NaN,NaN,NaN,NaN,NaN,0,171,171,29,1511.574772375,NaN,NaN,NaN,NaN,NaN,NaN,NaN,,NaN,,1511.85939525,1512.023342625,1512.023342625,1512.023342625,1512.023342625,1512.023342625,1512.023342625,1512.023342625,1512.023342625,1512.023342625,1521.077325958,-7,7,3,2,7.78927541600024,3,4.35043479199976,1511.572952708,1511.574772375,1512.023342625,1511.859382833,NaN,NaN,NaN,NaN,,NaN,,1511.569433083,1511.572907708,None,NaN,NaN,,NaN,NaN,NaN,NaN,NaN,NaN,NaN,21,bathroom,2,2024-05-18_13h32.14.141,image_similarity_rating,2023.2.3,None,2024-05-18 13h33.25.122132 +0200
,103,135,93,93,stimuli/own/bathroom/103_bat.jpg,stimuli/own/bathroom/135_bat.jpg,NaN,NaN,NaN,NaN,NaN,NaN,NaN,NaN,0,172,172,92,1521.082898166,NaN,NaN,NaN,NaN,NaN,NaN,NaN,,NaN,,1521.37619725,1521.540746666,1521.540746666,1521.540746666,1521.540746666,1521.540746666,1521.540746666,1521.540746666,1521.540746666,1521.540746666,1532.223874041,7,-7,3,4,8.47211970799981,3,10.5191163330001,1521.080981583,1521.082898166,1521.540746666,1521.376184416,NaN,NaN,NaN,NaN,,NaN,,1521.077546833,1521.080936,None,NaN,NaN,,NaN,NaN,NaN,NaN,NaN,NaN,NaN,21,bathroom,2,2024-05-18_13h32.14.141,image_similarity_rating,2023.2.3,None,2024-05-18 13h33.25.122132 +0200
,118,137,381,381,stimuli/own/bathroom/118_bat.jpg,stimuli/own/bathroom/137_bat.jpg,NaN,NaN,NaN,NaN,NaN,NaN,NaN,NaN,0,173,173,380,1532.22932125,NaN,NaN,NaN,NaN,NaN,NaN,NaN,,NaN,,1532.514134666,1532.677181458,1532.677181458,1532.677181458,1532.677181458,1532.677181458,1532.677181458,1532.677181458,1532.677181458,1532.677181458,1539.435756666,7,-7,3,3,6.58280229199954,4,3.39759108300041,1532.227562041,1532.22932125,1532.677181458,1532.514121666,NaN,NaN,NaN,NaN,,NaN,,1532.224095833,1532.227515833,None,NaN,NaN,,NaN,NaN,NaN,NaN,NaN,NaN,NaN,21,bathroom,2,2024-05-18_13h32.14.141,image_similarity_rating,2023.2.3,None,2024-05-18 13h33.25.122132 +0200
,120,123,408,408,stimuli/own/bathroom/120_bat.jpg,stimuli/own/bathroom/123_bat.jpg,NaN,NaN,NaN,NaN,NaN,NaN,NaN,NaN,0,174,174,407,1539.441381,NaN,NaN,NaN,NaN,NaN,NaN,NaN,,NaN,,1539.7260755,1539.891785416,1539.891785416,1539.891785416,1539.891785416,1539.891785416,1539.891785416,1539.891785416,1539.891785416,1539.891785416,1544.67475525,7,-7,3,5,2.47236183399946,6,4.23673533300007,1539.4395215,1539.441381,1539.891785416,1539.726061833,NaN,NaN,NaN,NaN,,NaN,,1539.435973833,1539.439476375,None,NaN,NaN,,NaN,NaN,NaN,NaN,NaN,NaN,NaN,21,bathroom,2,2024-05-18_13h32.14.141,image_similarity_rating,2023.2.3,None,2024-05-18 13h33.25.122132 +0200
,131,132,551,551,stimuli/own/bathroom/131_bat.jpg,stimuli/own/bathroom/132_bat.jpg,NaN,NaN,NaN,NaN,NaN,NaN,NaN,NaN,0,175,175,550,1544.680853458,NaN,NaN,NaN,NaN,NaN,NaN,NaN,,NaN,,1544.976056583,1545.141579,1545.141579,1545.141579,1545.141579,1545.141579,1545.141579,1545.141579,1545.141579,1545.141579,1552.511165541,-7,7,3,3,5.42362837500059,2,7.09270558300068,1544.67859675,1544.680853458,1545.141579,1544.976041375,NaN,NaN,NaN,NaN,,NaN,,1544.674970458,1544.678551708,None,NaN,NaN,,NaN,NaN,NaN,NaN,NaN,NaN,NaN,21,bathroom,2,2024-05-18_13h32.14.141,image_similarity_rating,2023.2.3,None,2024-05-18 13h33.25.122132 +0200
,105,132,152,152,stimuli/own/bathroom/105_bat.jpg,stimuli/own/bathroom/132_bat.jpg,NaN,NaN,NaN,NaN,NaN,NaN,NaN,NaN,0,176,176,151,1552.516769083,NaN,NaN,NaN,NaN,NaN,NaN,NaN,,NaN,,1552.809444875,1552.976678583,1552.976678583,1552.976678583,1552.976678583,1552.976678583,1552.976678583,1552.976678583,1552.976678583,1552.976678583,1557.260440916,-7,7,3,2,3.04325579099986,2,4.15855633400042,1552.51482775,1552.516769083,1552.976678583,1552.809429041,NaN,NaN,NaN,NaN,,NaN,,1552.511383291,1552.514781875,None,NaN,NaN,,NaN,NaN,NaN,NaN,NaN,NaN,NaN,21,bathroom,2,2024-05-18_13h32.14.141,image_similarity_rating,2023.2.3,None,2024-05-18 13h33.25.122132 +0200
,120,137,420,420,stimuli/own/bathroom/120_bat.jpg,stimuli/own/bathroom/137_bat.jpg,NaN,NaN,NaN,NaN,NaN,NaN,NaN,NaN,0,177,177,419,1557.265879,NaN,NaN,NaN,NaN,NaN,NaN,NaN,,NaN,,1557.559454833,1557.725454041,1557.725454041,1557.725454041,1557.725454041,1557.725454041,1557.725454041,1557.725454041,1557.725454041,1557.725454041,1563.195364125,7,-7,3,2,3.92453516600017,1,5.21560033300011,1557.264085333,1557.265879,1557.725454041,1557.559440583,NaN,NaN,NaN,NaN,,NaN,,1557.260656625,1557.264040333,None,NaN,NaN,,NaN,NaN,NaN,NaN,NaN,NaN,NaN,21,bathroom,2,2024-05-18_13h32.14.141,image_similarity_rating,2023.2.3,None,2024-05-18 13h33.25.122132 +0200
,105,126,147,147,stimuli/own/bathroom/105_bat.jpg,stimuli/own/bathroom/126_bat.jpg,NaN,NaN,NaN,NaN,NaN,NaN,NaN,NaN,0,178,178,146,1563.208032541,NaN,NaN,NaN,NaN,NaN,NaN,NaN,,NaN,,1563.492586333,1563.660412875,1563.660412875,1563.660412875,1563.660412875,1563.660412875,1563.660412875,1563.660412875,1563.660412875,1563.660412875,1569.377051458,7,-7,3,2,3.47707804200036,4,5.70496091699988,1563.199191041,1563.208032541,1563.660412875,1563.492559291,NaN,NaN,NaN,NaN,,NaN,,1563.195589708,1563.199143625,None,NaN,NaN,,NaN,NaN,NaN,NaN,NaN,NaN,NaN,21,bathroom,2,2024-05-18_13h32.14.141,image_similarity_rating,2023.2.3,None,2024-05-18 13h33.25.122132 +0200
,103,111,72,72,stimuli/own/bathroom/103_bat.jpg,stimuli/own/bathroom/111_bat.jpg,NaN,NaN,NaN,NaN,NaN,NaN,NaN,NaN,0,179,179,71,1569.382746958,NaN,NaN,NaN,NaN,NaN,NaN,NaN,,NaN,,1569.676050125,1569.839394083,1569.839394083,1569.839394083,1569.839394083,1569.839394083,1569.839394083,1569.839394083,1569.839394083,1569.839394083,1575.3569345,-7,7,3,5,3.1034771249997,4,3.75346875000014,1569.380825541,1569.382746958,1569.839394083,1569.676037916,NaN,NaN,NaN,NaN,,NaN,,1569.37726725,1569.380779833,None,NaN,NaN,,NaN,NaN,NaN,NaN,NaN,NaN,NaN,21,bathroom,2,2024-05-18_13h32.14.141,image_similarity_rating,2023.2.3,None,2024-05-18 13h33.25.122132 +0200
,105,121,142,142,stimuli/own/bathroom/105_bat.jpg,stimuli/own/bathroom/121_bat.jpg,NaN,NaN,NaN,NaN,NaN,NaN,NaN,NaN,0,180,180,141,1575.362493416,NaN,NaN,NaN,NaN,NaN,NaN,NaN,,NaN,,1575.64698325,1575.810540291,1575.810540291,1575.810540291,1575.810540291,1575.810540291,1575.810540291,1575.810540291,1575.810540291,1575.810540291,1582.15269175,-7,7,3,5,3.441914,3,6.26950337499966,1575.360665791,1575.362493416,1575.810540291,1575.646973,NaN,NaN,NaN,NaN,,NaN,,1575.357191458,1575.360620375,None,NaN,NaN,,NaN,NaN,NaN,NaN,NaN,NaN,NaN,21,bathroom,2,2024-05-18_13h32.14.141,image_similarity_rating,2023.2.3,None,2024-05-18 13h33.25.122132 +0200
,119,134,398,398,stimuli/own/bathroom/119_bat.jpg,stimuli/own/bathroom/134_bat.jpg,NaN,NaN,NaN,NaN,NaN,NaN,NaN,NaN,0,181,181,397,1582.174735166,NaN,NaN,NaN,NaN,NaN,NaN,NaN,,NaN,,1582.458804958,1582.622329041,1582.622329041,1582.622329041,1582.622329041,1582.622329041,1582.622329041,1582.622329041,1582.622329041,1582.622329041,1586.995075375,7,-7,3,5,2.61613504199977,3,4.16217158299969,1582.156352041,1582.174735166,NaN,1582.458786083,NaN,NaN,NaN,NaN,,NaN,,1582.152912625,1582.156305916,None,NaN,NaN,,NaN,NaN,NaN,NaN,NaN,NaN,NaN,21,bathroom,2,2024-05-18_13h32.14.141,image_similarity_rating,2023.2.3,None,2024-05-18 13h33.25.122132 +0200
,139,140,593,593,stimuli/own/bathroom/139_bat.jpg,stimuli/own/bathroom/140_bat.jpg,NaN,NaN,NaN,NaN,NaN,NaN,NaN,NaN,0,182,182,592,1587.00800825,NaN,NaN,NaN,NaN,NaN,NaN,NaN,,NaN,,1587.292477666,1587.45589175,1587.45589175,1587.45589175,1587.45589175,1587.45589175,1587.45589175,1587.45589175,1587.45589175,1587.45589175,1594.173411708,7,-7,3,4,2.85387683299996,3,6.51614812499975,1586.998929083,1587.00800825,1587.45589175,1587.292465208,NaN,NaN,NaN,NaN,,NaN,,1586.995305583,1586.998881666,None,NaN,NaN,,NaN,NaN,NaN,NaN,NaN,NaN,NaN,21,bathroom,2,2024-05-18_13h32.14.141,image_similarity_rating,2023.2.3,None,2024-05-18 13h33.25.122132 +0200
,136,141,585,585,stimuli/own/bathroom/136_bat.jpg,stimuli/own/bathroom/141_bat.jpg,NaN,NaN,NaN,NaN,NaN,NaN,NaN,NaN,0,183,183,584,1594.1790605,NaN,NaN,NaN,NaN,NaN,NaN,NaN,,NaN,,1594.464149083,1594.626413333,1594.626413333,1594.626413333,1594.626413333,1594.626413333,1594.626413333,1594.626413333,1594.626413333,1594.626413333,1605.54042625,-7,7,3,6,9.41392762499981,5,10.7455903749997,1594.177124541,1594.1790605,1594.626413333,1594.464138791,NaN,NaN,NaN,NaN,,NaN,,1594.173661916,1594.17707825,None,NaN,NaN,,NaN,NaN,NaN,NaN,NaN,NaN,NaN,21,bathroom,2,2024-05-18_13h32.14.141,image_similarity_rating,2023.2.3,None,2024-05-18 13h33.25.122132 +0200
,113,141,295,295,stimuli/own/bathroom/113_bat.jpg,stimuli/own/bathroom/141_bat.jpg,NaN,NaN,NaN,NaN,NaN,NaN,NaN,NaN,0,184,184,294,1605.545842291,NaN,NaN,NaN,NaN,NaN,NaN,NaN,,NaN,,1605.830311208,1605.997326625,1605.997326625,1605.997326625,1605.997326625,1605.997326625,1605.997326625,1605.997326625,1605.997326625,1605.997326625,1609.907560625,-7,7,3,4,2.30714295899998,3,3.82488454099985,1605.54411425,1605.545842291,1605.997326625,1605.83029775,NaN,NaN,NaN,NaN,,NaN,,1605.540651333,1605.544068416,None,NaN,NaN,,NaN,NaN,NaN,NaN,NaN,NaN,NaN,21,bathroom,2,2024-05-18_13h32.14.141,image_similarity_rating,2023.2.3,None,2024-05-18 13h33.25.122132 +0200
,130,140,549,549,stimuli/own/bathroom/130_bat.jpg,stimuli/own/bathroom/140_bat.jpg,NaN,NaN,NaN,NaN,NaN,NaN,NaN,NaN,0,185,185,548,1609.913328625,NaN,NaN,NaN,NaN,NaN,NaN,NaN,,NaN,,1610.197622208,1610.360717708,1610.360717708,1610.360717708,1610.360717708,1610.360717708,1610.360717708,1610.360717708,1610.360717708,1610.360717708,1614.814530125,-7,7,3,3,3.42447020899999,5,4.23153287500008,1609.911260583,1609.913328625,1610.360717708,1610.197609958,NaN,NaN,NaN,NaN,,NaN,,1609.90777675,1609.911214583,None,NaN,NaN,,NaN,NaN,NaN,NaN,NaN,NaN,NaN,21,bathroom,2,2024-05-18_13h32.14.141,image_similarity_rating,2023.2.3,None,2024-05-18 13h33.25.122132 +0200
,104,126,117,117,stimuli/own/bathroom/104_bat.jpg,stimuli/own/bathroom/126_bat.jpg,NaN,NaN,NaN,NaN,NaN,NaN,NaN,NaN,0,186,186,116,1614.824705875,NaN,NaN,NaN,NaN,NaN,NaN,NaN,,NaN,,1615.109946541,1615.274919041,1615.274919041,1615.274919041,1615.274919041,1615.274919041,1615.274919041,1615.274919041,1615.274919041,1615.274919041,1626.348165791,7,-7,3,3,7.34169849999944,2,9.81107895900004,1614.818173791,1614.824705875,1615.274919041,1615.109934083,NaN,NaN,NaN,NaN,,NaN,,1614.814748041,1614.818128125,None,NaN,NaN,,NaN,NaN,NaN,NaN,NaN,NaN,NaN,21,bathroom,2,2024-05-18_13h32.14.141,image_similarity_rating,2023.2.3,None,2024-05-18 13h33.25.122132 +0200
,114,137,315,315,stimuli/own/bathroom/114_bat.jpg,stimuli/own/bathroom/137_bat.jpg,NaN,NaN,NaN,NaN,NaN,NaN,NaN,NaN,0,187,187,314,1626.357861083,NaN,NaN,NaN,NaN,NaN,NaN,NaN,,NaN,,1626.642525833,1626.814337875,1626.814337875,1626.814337875,1626.814337875,1626.814337875,1626.814337875,1626.814337875,1626.814337875,1626.814337875,1634.497865666,7,-7,3,2,7.47090170899992,1,5.29639437500009,1626.351915125,1626.357861083,1626.814337875,1626.642499083,NaN,NaN,NaN,NaN,,NaN,,1626.348392791,1626.351869791,None,NaN,NaN,,NaN,NaN,NaN,NaN,NaN,NaN,NaN,21,bathroom,2,2024-05-18_13h32.14.141,image_similarity_rating,2023.2.3,None,2024-05-18 13h33.25.122132 +0200
,114,141,319,319,stimuli/own/bathroom/114_bat.jpg,stimuli/own/bathroom/141_bat.jpg,NaN,NaN,NaN,NaN,NaN,NaN,NaN,NaN,0,188,188,318,1634.507860208,NaN,NaN,NaN,NaN,NaN,NaN,NaN,,NaN,,1634.792467875,1634.958646666,1634.958646666,1634.958646666,1634.958646666,1634.958646666,1634.958646666,1634.958646666,1634.958646666,1634.958646666,1639.790020416,7,-7,3,3,3.61969770899941,2,4.6585186250004,1634.501622291,1634.507860208,1634.958646666,1634.792452083,NaN,NaN,NaN,NaN,,NaN,,1634.498080708,1634.501577041,None,NaN,NaN,,NaN,NaN,NaN,NaN,NaN,NaN,NaN,21,bathroom,2,2024-05-18_13h32.14.141,image_similarity_rating,2023.2.3,None,2024-05-18 13h33.25.122132 +0200
,109,126,204,204,stimuli/own/bathroom/109_bat.jpg,stimuli/own/bathroom/126_bat.jpg,NaN,NaN,NaN,NaN,NaN,NaN,NaN,NaN,0,189,189,203,1639.7956955,NaN,NaN,NaN,NaN,NaN,NaN,NaN,,NaN,,2064.607214458,2064.778488041,2064.778488041,2064.778488041,2064.778488041,2064.778488041,2064.778488041,2064.778488041,2064.778488041,2064.778488041,2071.162670958,7,-7,4,3,4.78460287500002,3,5.71246325000084,2064.310835208,2064.31470925,2064.778488041,2064.607193041,NaN,NaN,NaN,NaN,,NaN,,1639.790262791,2064.310130333,space,1639.7956955,424.514184125001,None,NaN,NaN,NaN,NaN,NaN,NaN,NaN,21,bathroom,2,2024-05-18_13h32.14.141,image_similarity_rating,2023.2.3,None,2024-05-18 13h33.25.122132 +0200
,114,118,298,298,stimuli/own/bathroom/114_bat.jpg,stimuli/own/bathroom/118_bat.jpg,NaN,NaN,NaN,NaN,NaN,NaN,NaN,NaN,0,190,190,297,2071.1725865,NaN,NaN,NaN,NaN,NaN,NaN,NaN,,NaN,,2071.457308,2071.626273833,2071.626273833,2071.626273833,2071.626273833,2071.626273833,2071.626273833,2071.626273833,2071.626273833,2071.626273833,2077.1880755,7,-7,4,3,3.25061104200086,2,5.26216124999974,2071.16711675,2071.1725865,2071.626273833,2071.457291208,NaN,NaN,NaN,NaN,,NaN,,2071.162889875,2071.167067958,None,NaN,NaN,,NaN,NaN,NaN,NaN,NaN,NaN,NaN,21,bathroom,2,2024-05-18_13h32.14.141,image_similarity_rating,2023.2.3,None,2024-05-18 13h33.25.122132 +0200
,124,129,479,479,stimuli/own/bathroom/124_bat.jpg,stimuli/own/bathroom/129_bat.jpg,NaN,NaN,NaN,NaN,NaN,NaN,NaN,NaN,0,191,191,478,2077.194067875,NaN,NaN,NaN,NaN,NaN,NaN,NaN,,NaN,,2077.478710083,2077.643298958,2077.643298958,2077.643298958,2077.643298958,2077.643298958,2077.643298958,2077.643298958,2077.643298958,2077.643298958,2086.084010708,7,-7,4,3,4.91287766699952,4,8.355826084,2077.191821708,2077.194067875,2077.643298958,2077.478693208,NaN,NaN,NaN,NaN,,NaN,,2077.188319166,2077.191775375,None,NaN,NaN,,NaN,NaN,NaN,NaN,NaN,NaN,NaN,21,bathroom,2,2024-05-18_13h32.14.141,image_similarity_rating,2023.2.3,None,2024-05-18 13h33.25.122132 +0200
,126,132,509,509,stimuli/own/bathroom/126_bat.jpg,stimuli/own/bathroom/132_bat.jpg,NaN,NaN,NaN,NaN,NaN,NaN,NaN,NaN,0,192,192,508,2086.10609225,NaN,NaN,NaN,NaN,NaN,NaN,NaN,,NaN,,2086.389892708,2086.554848041,2086.554848041,2086.554848041,2086.554848041,2086.554848041,2086.554848041,2086.554848041,2086.554848041,2086.554848041,2093.221171458,7,-7,4,4,3.66187324999919,3,6.35376208299931,2086.087664958,2086.10609225,NaN,2086.389874791,NaN,NaN,NaN,NaN,,NaN,,2086.084227458,2086.087619416,None,NaN,NaN,,NaN,NaN,NaN,NaN,NaN,NaN,NaN,21,bathroom,2,2024-05-18_13h32.14.141,image_similarity_rating,2023.2.3,None,2024-05-18 13h33.25.122132 +0200
,121,136,437,437,stimuli/own/bathroom/121_bat.jpg,stimuli/own/bathroom/136_bat.jpg,NaN,NaN,NaN,NaN,NaN,NaN,NaN,NaN,0,193,193,436,2093.226824083,NaN,NaN,NaN,NaN,NaN,NaN,NaN,,NaN,,2093.511165416,2093.676184208,2093.676184208,2093.676184208,2093.676184208,2093.676184208,2093.676184208,2093.676184208,2093.676184208,2093.676184208,2102.724806625,7,-7,4,7,8.20725062499969,6,8.80568104099984,2093.224887833,2093.226824083,2093.676184208,2093.51115275,NaN,NaN,NaN,NaN,,NaN,,2093.22139125,2093.224841583,None,NaN,NaN,,NaN,NaN,NaN,NaN,NaN,NaN,NaN,21,bathroom,2,2024-05-18_13h32.14.141,image_similarity_rating,2023.2.3,None,2024-05-18 13h33.25.122132 +0200
,103,113,74,74,stimuli/own/bathroom/103_bat.jpg,stimuli/own/bathroom/113_bat.jpg,NaN,NaN,NaN,NaN,NaN,NaN,NaN,NaN,0,194,194,73,2102.73020275,NaN,NaN,NaN,NaN,NaN,NaN,NaN,,NaN,,2103.023772,2103.188920583,2103.188920583,2103.188920583,2103.188920583,2103.188920583,2103.188920583,2103.188920583,2103.188920583,2103.188920583,2110.892565458,7,-7,4,4,5.98622179199992,4,7.52952154200011,2102.728456,2102.73020275,2103.188920583,2103.023757208,NaN,NaN,NaN,NaN,,NaN,,2102.725025875,2102.728410416,None,NaN,NaN,,NaN,NaN,NaN,NaN,NaN,NaN,NaN,21,bathroom,2,2024-05-18_13h32.14.141,image_similarity_rating,2023.2.3,None,2024-05-18 13h33.25.122132 +0200
,109,120,198,198,stimuli/own/bathroom/109_bat.jpg,stimuli/own/bathroom/120_bat.jpg,NaN,NaN,NaN,NaN,NaN,NaN,NaN,NaN,0,195,195,197,2110.905773958,NaN,NaN,NaN,NaN,NaN,NaN,NaN,,NaN,,2111.1912065,2111.363218333,2111.363218333,2111.363218333,2111.363218333,2111.363218333,2111.363218333,2111.363218333,2111.363218333,2111.363218333,2115.041933833,7,-7,4,4,2.41581737500019,2,3.56762950000029,2110.896432416,2110.905773958,2111.363218333,2111.191186416,NaN,NaN,NaN,NaN,,NaN,,2110.892799833,2110.896384458,None,NaN,NaN,,NaN,NaN,NaN,NaN,NaN,NaN,NaN,21,bathroom,2,2024-05-18_13h32.14.141,image_similarity_rating,2023.2.3,None,2024-05-18 13h33.25.122132 +0200
,117,123,348,348,stimuli/own/bathroom/117_bat.jpg,stimuli/own/bathroom/123_bat.jpg,NaN,NaN,NaN,NaN,NaN,NaN,NaN,NaN,0,196,196,347,2115.047614125,NaN,NaN,NaN,NaN,NaN,NaN,NaN,,NaN,,2115.340479166,2115.511530041,2115.511530041,2115.511530041,2115.511530041,2115.511530041,2115.511530041,2115.511530041,2115.511530041,2115.511530041,2120.013710833,7,-7,4,5,3.6910144579997,5,4.37470220900013,2115.045685791,2115.047614125,2115.511530041,2115.340463291,NaN,NaN,NaN,NaN,,NaN,,2115.042150416,2115.045640166,None,NaN,NaN,,NaN,NaN,NaN,NaN,NaN,NaN,NaN,21,bathroom,2,2024-05-18_13h32.14.141,image_similarity_rating,2023.2.3,None,2024-05-18 13h33.25.122132 +0200
,112,118,249,249,stimuli/own/bathroom/112_bat.jpg,stimuli/own/bathroom/118_bat.jpg,NaN,NaN,NaN,NaN,NaN,NaN,NaN,NaN,0,197,197,248,2120.022253458,NaN,NaN,NaN,NaN,NaN,NaN,NaN,,NaN,,2120.307107958,2120.472931375,2120.472931375,2120.472931375,2120.472931375,2120.472931375,2120.472931375,2120.472931375,2120.472931375,2120.472931375,2123.708762125,-7,7,4,3,2.11427266699957,4,2.76945741700001,2120.017354458,2120.022253458,2120.472931375,2120.307093541,NaN,NaN,NaN,NaN,,NaN,,2120.013925208,2120.017309375,None,NaN,NaN,,NaN,NaN,NaN,NaN,NaN,NaN,NaN,21,bathroom,2,2024-05-18_13h32.14.141,image_similarity_rating,2023.2.3,None,2024-05-18 13h33.25.122132 +0200
,111,135,238,238,stimuli/own/bathroom/111_bat.jpg,stimuli/own/bathroom/135_bat.jpg,NaN,NaN,NaN,NaN,NaN,NaN,NaN,NaN,0,198,198,237,2123.7226945,NaN,NaN,NaN,NaN,NaN,NaN,NaN,,NaN,,2124.007104916,2124.174423208,2124.174423208,2124.174423208,2124.174423208,2124.174423208,2124.174423208,2124.174423208,2124.174423208,2124.174423208,2130.86677575,7,-7,4,4,3.67995799999971,4,6.46937545800029,2123.712647208,2123.7226945,2124.174423208,2124.0070885,NaN,NaN,NaN,NaN,,NaN,,2123.708997708,2123.712599625,None,NaN,NaN,,NaN,NaN,NaN,NaN,NaN,NaN,NaN,21,bathroom,2,2024-05-18_13h32.14.141,image_similarity_rating,2023.2.3,None,2024-05-18 13h33.25.122132 +0200
,114,129,308,308,stimuli/own/bathroom/114_bat.jpg,stimuli/own/bathroom/129_bat.jpg,NaN,NaN,NaN,NaN,NaN,NaN,NaN,NaN,0,199,199,307,2130.872267916,NaN,NaN,NaN,NaN,NaN,NaN,NaN,,NaN,,2131.157152125,2131.326225125,2131.326225125,2131.326225125,2131.326225125,2131.326225125,2131.326225125,2131.326225125,2131.326225125,2131.326225125,2138.807951208,-7,7,4,3,2.33644687500055,2,7.34446608300004,2130.870421708,2130.872267916,2131.326225125,2131.157136,NaN,NaN,NaN,NaN,,NaN,,2130.866991541,2130.870376041,None,NaN,NaN,,NaN,NaN,NaN,NaN,NaN,NaN,NaN,21,bathroom,2,2024-05-18_13h32.14.141,image_similarity_rating,2023.2.3,None,2024-05-18 13h33.25.122132 +0200
,105,140,159,159,stimuli/own/bathroom/105_bat.jpg,stimuli/own/bathroom/140_bat.jpg,NaN,NaN,NaN,NaN,NaN,NaN,NaN,NaN,0,200,200,158,2138.813714541,NaN,NaN,NaN,NaN,NaN,NaN,NaN,,NaN,,2139.107094416,2139.278495458,2139.278495458,2139.278495458,2139.278495458,2139.278495458,2139.278495458,2139.278495458,2139.278495458,2139.278495458,2147.778960041,-7,7,4,3,8.12525299999925,1,3.40873395899962,2138.811640791,2138.813714541,2139.278495458,2139.10707725,NaN,NaN,NaN,NaN,,NaN,,2138.80817125,2138.811595625,None,NaN,NaN,,NaN,NaN,NaN,NaN,NaN,NaN,NaN,21,bathroom,2,2024-05-18_13h32.14.141,image_similarity_rating,2023.2.3,None,2024-05-18 13h33.25.122132 +0200
,105,116,137,137,stimuli/own/bathroom/105_bat.jpg,stimuli/own/bathroom/116_bat.jpg,NaN,NaN,NaN,NaN,NaN,NaN,NaN,NaN,0,201,201,136,2147.788910208,NaN,NaN,NaN,NaN,NaN,NaN,NaN,,NaN,,2148.073569541,2148.238013166,2148.238013166,2148.238013166,2148.238013166,2148.238013166,2148.238013166,2148.238013166,2148.238013166,2148.238013166,2156.354782291,-7,7,4,3,7.87346829099988,6,6.40136466600052,2147.782759166,2147.788910208,2148.238013166,2148.073556333,NaN,NaN,NaN,NaN,,NaN,,2147.77918375,2147.782713041,None,NaN,NaN,,NaN,NaN,NaN,NaN,NaN,NaN,NaN,21,bathroom,2,2024-05-18_13h32.14.141,image_similarity_rating,2023.2.3,None,2024-05-18 13h33.25.122132 +0200
,124,125,476,476,stimuli/own/bathroom/124_bat.jpg,stimuli/own/bathroom/125_bat.jpg,NaN,NaN,NaN,NaN,NaN,NaN,NaN,NaN,0,202,202,475,2156.36024425,NaN,NaN,NaN,NaN,NaN,NaN,NaN,,NaN,,2156.644416833,2156.81159225,2156.81159225,2156.81159225,2156.81159225,2156.81159225,2156.81159225,2156.81159225,2156.81159225,2156.81159225,2163.766965666,7,-7,4,4,2.65628816700064,4,6.78669229199932,2156.35848675,2156.36024425,2156.81159225,2156.64440375,NaN,NaN,NaN,NaN,,NaN,,2156.354999416,2156.358441166,None,NaN,NaN,,NaN,NaN,NaN,NaN,NaN,NaN,NaN,21,bathroom,2,2024-05-18_13h32.14.141,image_similarity_rating,2023.2.3,None,2024-05-18 13h33.25.122132 +0200
,120,136,419,419,stimuli/own/bathroom/120_bat.jpg,stimuli/own/bathroom/136_bat.jpg,NaN,NaN,NaN,NaN,NaN,NaN,NaN,NaN,0,203,203,418,2163.773411041,NaN,NaN,NaN,NaN,NaN,NaN,NaN,,NaN,,2164.056824208,2164.221600791,2164.221600791,2164.221600791,2164.221600791,2164.221600791,2164.221600791,2164.221600791,2164.221600791,2164.221600791,2176.121276458,-7,7,4,3,4.45082091699987,5,10.3356977920002,2163.770771875,2163.773411041,2164.221600791,2164.056806791,NaN,NaN,NaN,NaN,,NaN,,2163.767183625,2163.770726208,None,NaN,NaN,,NaN,NaN,NaN,NaN,NaN,NaN,NaN,21,bathroom,2,2024-05-18_13h32.14.141,image_similarity_rating,2023.2.3,None,2024-05-18 13h33.25.122132 +0200
,116,125,328,328,stimuli/own/bathroom/116_bat.jpg,stimuli/own/bathroom/125_bat.jpg,NaN,NaN,NaN,NaN,NaN,NaN,NaN,NaN,0,204,204,327,2176.126926625,NaN,NaN,NaN,NaN,NaN,NaN,NaN,,NaN,,2176.410798708,2176.576056625,2176.576056625,2176.576056625,2176.576056625,2176.576056625,2176.576056625,2176.576056625,2176.576056625,2176.576056625,2181.384088583,7,-7,4,3,3.30487358399932,3,4.62515812499987,2176.124986125,2176.126926625,2176.576056625,2176.41078575,NaN,NaN,NaN,NaN,,NaN,,2176.121493208,2176.124940208,None,NaN,NaN,,NaN,NaN,NaN,NaN,NaN,NaN,NaN,21,bathroom,2,2024-05-18_13h32.14.141,image_similarity_rating,2023.2.3,None,2024-05-18 13h33.25.122132 +0200
,109,132,209,209,stimuli/own/bathroom/109_bat.jpg,stimuli/own/bathroom/132_bat.jpg,NaN,NaN,NaN,NaN,NaN,NaN,NaN,NaN,0,205,205,208,2181.390106833,NaN,NaN,NaN,NaN,NaN,NaN,NaN,,NaN,,2181.6735145,2181.839588458,2181.839588458,2181.839588458,2181.839588458,2181.839588458,2181.839588458,2181.839588458,2181.839588458,2181.839588458,2187.480474666,-7,7,4,2,2.80809570800011,1,5.13928720799959,2181.387919875,2181.390106833,2181.839588458,2181.673499708,NaN,NaN,NaN,NaN,,NaN,,2181.384305791,2181.38785875,None,NaN,NaN,,NaN,NaN,NaN,NaN,NaN,NaN,NaN,21,bathroom,2,2024-05-18_13h32.14.141,image_similarity_rating,2023.2.3,None,2024-05-18 13h33.25.122132 +0200
,106,135,183,183,stimuli/own/bathroom/106_bat.jpg,stimuli/own/bathroom/135_bat.jpg,NaN,NaN,NaN,NaN,NaN,NaN,NaN,NaN,0,206,206,182,2187.488756416,NaN,NaN,NaN,NaN,NaN,NaN,NaN,,NaN,,2187.773398875,2187.9396745,2187.9396745,2187.9396745,2187.9396745,2187.9396745,2187.9396745,2187.9396745,2187.9396745,2187.9396745,2195.200800458,7,-7,4,3,3.15286962500068,2,7.03699487500035,2187.484165666,2187.488756416,2187.9396745,2187.773384541,NaN,NaN,NaN,NaN,,NaN,,2187.480726125,2187.484120083,None,NaN,NaN,,NaN,NaN,NaN,NaN,NaN,NaN,NaN,21,bathroom,2,2024-05-18_13h32.14.141,image_similarity_rating,2023.2.3,None,2024-05-18 13h33.25.122132 +0200
,135,141,580,580,stimuli/own/bathroom/135_bat.jpg,stimuli/own/bathroom/141_bat.jpg,NaN,NaN,NaN,NaN,NaN,NaN,NaN,NaN,0,207,207,579,2195.206954166,NaN,NaN,NaN,NaN,NaN,NaN,NaN,,NaN,,2195.490707375,2195.654454833,2195.654454833,2195.654454833,2195.654454833,2195.654454833,2195.654454833,2195.654454833,2195.654454833,2195.654454833,2201.4787855,7,-7,4,5,2.95365866700013,4,5.45072554100079,2195.204477541,2195.206954166,2195.654454833,2195.490690166,NaN,NaN,NaN,NaN,,NaN,,2195.20102,2195.2044285,None,NaN,NaN,,NaN,NaN,NaN,NaN,NaN,NaN,NaN,21,bathroom,2,2024-05-18_13h32.14.141,image_similarity_rating,2023.2.3,None,2024-05-18 13h33.25.122132 +0200
,105,131,151,151,stimuli/own/bathroom/105_bat.jpg,stimuli/own/bathroom/131_bat.jpg,NaN,NaN,NaN,NaN,NaN,NaN,NaN,NaN,0,208,208,150,2201.489096041,NaN,NaN,NaN,NaN,NaN,NaN,NaN,,NaN,,2201.773262625,2201.937005375,2201.937005375,2201.937005375,2201.937005375,2201.937005375,2201.937005375,2201.937005375,2201.937005375,2201.937005375,2211.662322416,-7,7,4,2,9.46050616699995,2,4.70694908300084,2201.482566083,2201.489096041,2201.937005375,2201.773244916,NaN,NaN,NaN,NaN,,NaN,,2201.479007541,2201.482518208,None,NaN,NaN,,NaN,NaN,NaN,NaN,NaN,NaN,NaN,21,bathroom,2,2024-05-18_13h32.14.141,image_similarity_rating,2023.2.3,None,2024-05-18 13h33.25.122132 +0200
,109,119,197,197,stimuli/own/bathroom/109_bat.jpg,stimuli/own/bathroom/119_bat.jpg,NaN,NaN,NaN,NaN,NaN,NaN,NaN,NaN,0,209,209,196,2211.672052708,NaN,NaN,NaN,NaN,NaN,NaN,NaN,,NaN,,2211.956672958,2212.121520833,2212.121520833,2212.121520833,2212.121520833,2212.121520833,2212.121520833,2212.121520833,2212.121520833,2212.121520833,2219.584521208,7,-7,4,4,4.92785337499936,3,7.24063133300024,2211.665966041,2211.672052708,2212.121520833,2211.956657375,NaN,NaN,NaN,NaN,,NaN,,2211.662540541,2211.66592125,None,NaN,NaN,,NaN,NaN,NaN,NaN,NaN,NaN,NaN,21,bathroom,2,2024-05-18_13h32.14.141,image_similarity_rating,2023.2.3,None,2024-05-18 13h33.25.122132 +0200
,125,135,498,498,stimuli/own/bathroom/125_bat.jpg,stimuli/own/bathroom/135_bat.jpg,NaN,NaN,NaN,NaN,NaN,NaN,NaN,NaN,0,210,210,497,2219.590147083,NaN,NaN,NaN,NaN,NaN,NaN,NaN,,NaN,,2219.873228208,2220.039662708,2220.039662708,2220.039662708,2220.039662708,2220.039662708,2220.039662708,2220.039662708,2220.039662708,2220.039662708,2224.20051825,-7,7,4,3,2.35897195799953,2,4.01137491700047,2219.588177333,2219.590147083,2220.039662708,2219.873214125,NaN,NaN,NaN,NaN,,NaN,,2219.584741625,2219.588132041,None,NaN,NaN,,NaN,NaN,NaN,NaN,NaN,NaN,NaN,21,bathroom,2,2024-05-18_13h32.14.141,image_similarity_rating,2023.2.3,None,2024-05-18 13h33.25.122132 +0200
,129,139,538,538,stimuli/own/bathroom/129_bat.jpg,stimuli/own/bathroom/139_bat.jpg,NaN,NaN,NaN,NaN,NaN,NaN,NaN,NaN,0,211,211,537,2224.206656875,NaN,NaN,NaN,NaN,NaN,NaN,NaN,,NaN,,2224.491031791,2224.65554175,2224.65554175,2224.65554175,2224.65554175,2224.65554175,2224.65554175,2224.65554175,2224.65554175,2224.65554175,2228.013203291,-7,7,4,4,2.46066879199952,3,3.11957741700007,2224.204191083,2224.206656875,2224.65554175,2224.491013125,NaN,NaN,NaN,NaN,,NaN,,2224.200736833,2224.204145458,None,NaN,NaN,,NaN,NaN,NaN,NaN,NaN,NaN,NaN,21,bathroom,2,2024-05-18_13h32.14.141,image_similarity_rating,2023.2.3,None,2024-05-18 13h33.25.122132 +0200
,105,127,148,148,stimuli/own/bathroom/105_bat.jpg,stimuli/own/bathroom/127_bat.jpg,NaN,NaN,NaN,NaN,NaN,NaN,NaN,NaN,0,212,212,147,2228.021820916,NaN,NaN,NaN,NaN,NaN,NaN,NaN,,NaN,,2228.307223625,2228.473573291,2228.473573291,2228.473573291,2228.473573291,2228.473573291,2228.473573291,2228.473573291,2228.473573291,2228.473573291,2235.441002416,7,-7,4,2,4.95486045899997,1,6.81705949999923,2228.016968125,2228.021820916,2228.473573291,2228.307209208,NaN,NaN,NaN,NaN,,NaN,,2228.013420916,2228.016922875,None,NaN,NaN,,NaN,NaN,NaN,NaN,NaN,NaN,NaN,21,bathroom,2,2024-05-18_13h32.14.141,image_similarity_rating,2023.2.3,None,2024-05-18 13h33.25.122132 +0200
,109,114,193,193,stimuli/own/bathroom/109_bat.jpg,stimuli/own/bathroom/114_bat.jpg,NaN,NaN,NaN,NaN,NaN,NaN,NaN,NaN,0,213,213,192,2235.446565583,NaN,NaN,NaN,NaN,NaN,NaN,NaN,,NaN,,2235.739948125,2235.909690625,2235.909690625,2235.909690625,2235.909690625,2235.909690625,2235.909690625,2235.909690625,2235.909690625,2235.909690625,2240.208449375,7,-7,4,2,2.16192808299911,3,4.20081162499991,2235.444650875,2235.446565583,2235.909690625,2235.739931583,NaN,NaN,NaN,NaN,,NaN,,2235.44122325,2235.444605625,None,NaN,NaN,,NaN,NaN,NaN,NaN,NaN,NaN,NaN,21,bathroom,2,2024-05-18_13h32.14.141,image_similarity_rating,2023.2.3,None,2024-05-18 13h33.25.122132 +0200
,132,135,561,561,stimuli/own/bathroom/132_bat.jpg,stimuli/own/bathroom/135_bat.jpg,NaN,NaN,NaN,NaN,NaN,NaN,NaN,NaN,0,214,214,560,2240.214248666,NaN,NaN,NaN,NaN,NaN,NaN,NaN,,NaN,,2240.506658,2240.671532041,2240.671532041,2240.671532041,2240.671532041,2240.671532041,2240.671532041,2240.671532041,2240.671532041,2240.671532041,2246.529342166,-7,7,4,5,4.10000658299941,5,5.72106712500045,2240.212176541,2240.214248666,2240.671532041,2240.506643625,NaN,NaN,NaN,NaN,,NaN,,2240.208666833,2240.212131666,None,NaN,NaN,,NaN,NaN,NaN,NaN,NaN,NaN,NaN,21,bathroom,2,2024-05-18_13h32.14.141,image_similarity_rating,2023.2.3,None,2024-05-18 13h33.25.122132 +0200
,124,132,482,482,stimuli/own/bathroom/124_bat.jpg,stimuli/own/bathroom/132_bat.jpg,NaN,NaN,NaN,NaN,NaN,NaN,NaN,NaN,0,215,215,481,2246.538671,NaN,NaN,NaN,NaN,NaN,NaN,NaN,,NaN,,2246.824014708,2246.989698458,2246.989698458,2246.989698458,2246.989698458,2246.989698458,2246.989698458,2246.989698458,2246.989698458,2246.989698458,2259.620829541,7,-7,4,5,9.78052529099932,5,11.5202446249996,2246.532982375,2246.538671,2246.989698458,2246.824002041,NaN,NaN,NaN,NaN,,NaN,,2246.529568375,2246.532937,None,NaN,NaN,,NaN,NaN,NaN,NaN,NaN,NaN,NaN,21,bathroom,2,2024-05-18_13h32.14.141,image_similarity_rating,2023.2.3,None,2024-05-18 13h33.25.122132 +0200
,131,141,559,559,stimuli/own/bathroom/131_bat.jpg,stimuli/own/bathroom/141_bat.jpg,NaN,NaN,NaN,NaN,NaN,NaN,NaN,NaN,0,216,216,558,2259.6267195,NaN,NaN,NaN,NaN,NaN,NaN,NaN,,NaN,,2259.910499333,2260.07489125,2260.07489125,2260.07489125,2260.07489125,2260.07489125,2260.07489125,2260.07489125,2260.07489125,2260.07489125,2266.628767125,7,-7,4,3,3.49972508300016,3,5.45381541699953,2259.624640666,2259.6267195,2260.07489125,2259.910486375,NaN,NaN,NaN,NaN,,NaN,,2259.621070833,2259.624595333,None,NaN,NaN,,NaN,NaN,NaN,NaN,NaN,NaN,NaN,21,bathroom,2,2024-05-18_13h32.14.141,image_similarity_rating,2023.2.3,None,2024-05-18 13h33.25.122132 +0200
,109,123,201,201,stimuli/own/bathroom/109_bat.jpg,stimuli/own/bathroom/123_bat.jpg,NaN,NaN,NaN,NaN,NaN,NaN,NaN,NaN,0,217,217,200,2266.63865125,NaN,NaN,NaN,NaN,NaN,NaN,NaN,,NaN,,2266.923189125,2267.087879333,2267.087879333,2267.087879333,2267.087879333,2267.087879333,2267.087879333,2267.087879333,2267.087879333,2267.087879333,2272.678442916,-7,7,4,5,2.75913933300035,4,4.61581737500001,2266.632410916,2266.63865125,2267.087879333,2266.923174166,NaN,NaN,NaN,NaN,,NaN,,2266.628985958,2266.632365416,None,NaN,NaN,,NaN,NaN,NaN,NaN,NaN,NaN,NaN,21,bathroom,2,2024-05-18_13h32.14.141,image_similarity_rating,2023.2.3,None,2024-05-18 13h33.25.122132 +0200
,106,124,174,174,stimuli/own/bathroom/106_bat.jpg,stimuli/own/bathroom/124_bat.jpg,NaN,NaN,NaN,NaN,NaN,NaN,NaN,NaN,0,218,218,173,2272.688635583,NaN,NaN,NaN,NaN,NaN,NaN,NaN,,NaN,,2272.973185166,2273.14504225,2273.14504225,2273.14504225,2273.14504225,2273.14504225,2273.14504225,2273.14504225,2273.14504225,2273.14504225,2280.4876915,7,-7,4,4,5.46855975000017,2,2.65869466599997,2272.682092708,2272.688635583,2273.14504225,2272.973169125,NaN,NaN,NaN,NaN,,NaN,,2272.678660625,2272.682047125,None,NaN,NaN,,NaN,NaN,NaN,NaN,NaN,NaN,NaN,21,bathroom,2,2024-05-18_13h32.14.141,image_similarity_rating,2023.2.3,None,2024-05-18 13h33.25.122132 +0200
,130,137,546,546,stimuli/own/bathroom/130_bat.jpg,stimuli/own/bathroom/137_bat.jpg,NaN,NaN,NaN,NaN,NaN,NaN,NaN,NaN,0,219,219,545,2280.493337166,NaN,NaN,NaN,NaN,NaN,NaN,NaN,,NaN,,2280.77740275,2280.945982708,2280.945982708,2280.945982708,2280.945982708,2280.945982708,2280.945982708,2280.945982708,2280.945982708,2280.945982708,2288.740889291,7,-7,4,3,5.97065162499985,2,3.92336699999942,2280.491405291,2280.493337166,2280.945982708,2280.777388541,NaN,NaN,NaN,NaN,,NaN,,2280.487910416,2280.491359416,None,NaN,NaN,,NaN,NaN,NaN,NaN,NaN,NaN,NaN,21,bathroom,2,2024-05-18_13h32.14.141,image_similarity_rating,2023.2.3,None,2024-05-18 13h33.25.122132 +0200
,118,130,375,375,stimuli/own/bathroom/118_bat.jpg,stimuli/own/bathroom/130_bat.jpg,NaN,NaN,NaN,NaN,NaN,NaN,NaN,NaN,0,220,220,374,2288.746492208,NaN,NaN,NaN,NaN,NaN,NaN,NaN,,NaN,,2289.039702291,2289.205001375,2289.205001375,2289.205001375,2289.205001375,2289.205001375,2289.205001375,2289.205001375,2289.205001375,2289.205001375,2295.428673916,-7,7,4,3,5.23411774999931,2,2.63188625000021,2288.744551958,2288.746492208,2289.205001375,2289.039686625,NaN,NaN,NaN,NaN,,NaN,,2288.741107208,2288.744506416,None,NaN,NaN,,NaN,NaN,NaN,NaN,NaN,NaN,NaN,21,bathroom,2,2024-05-18_13h32.14.141,image_similarity_rating,2023.2.3,None,2024-05-18 13h33.25.122132 +0200
,124,137,486,486,stimuli/own/bathroom/124_bat.jpg,stimuli/own/bathroom/137_bat.jpg,NaN,NaN,NaN,NaN,NaN,NaN,NaN,NaN,0,221,221,485,2295.438513916,NaN,NaN,NaN,NaN,NaN,NaN,NaN,,NaN,,2295.723040958,2295.888911333,2295.888911333,2295.888911333,2295.888911333,2295.888911333,2295.888911333,2295.888911333,2295.888911333,2295.888911333,2310.640826958,7,-7,4,3,11.9222100409997,1,13.7281700419999,2295.432340041,2295.438513916,2295.888911333,2295.723026666,NaN,NaN,NaN,NaN,,NaN,,2295.428893375,2295.432294166,None,NaN,NaN,,NaN,NaN,NaN,NaN,NaN,NaN,NaN,21,bathroom,2,2024-05-18_13h32.14.141,image_similarity_rating,2023.2.3,None,2024-05-18 13h33.25.122132 +0200
,104,134,123,123,stimuli/own/bathroom/104_bat.jpg,stimuli/own/bathroom/134_bat.jpg,NaN,NaN,NaN,NaN,NaN,NaN,NaN,NaN,0,222,222,122,2310.646580291,NaN,NaN,NaN,NaN,NaN,NaN,NaN,,NaN,,2310.939621583,2311.104149,2311.104149,2311.104149,2311.104149,2311.104149,2311.104149,2311.104149,2311.104149,2311.104149,2317.490736625,-7,7,4,4,4.10329591699974,2,5.23183808399972,2310.644483916,2310.646580291,2311.104149,2310.939608541,NaN,NaN,NaN,NaN,,NaN,,2310.641045833,2310.644438041,None,NaN,NaN,,NaN,NaN,NaN,NaN,NaN,NaN,NaN,21,bathroom,2,2024-05-18_13h32.14.141,image_similarity_rating,2023.2.3,None,2024-05-18 13h33.25.122132 +0200
,121,141,442,442,stimuli/own/bathroom/121_bat.jpg,stimuli/own/bathroom/141_bat.jpg,NaN,NaN,NaN,NaN,NaN,NaN,NaN,NaN,0,223,223,441,2317.496234166,NaN,NaN,NaN,NaN,NaN,NaN,NaN,,NaN,,2317.789728583,2317.958104958,2317.958104958,2317.958104958,2317.958104958,2317.958104958,2317.958104958,2317.958104958,2317.958104958,2317.958104958,2327.603867375,-7,7,4,6,5.84278558400001,5,8.40889991600034,2317.4944705,2317.496234166,2317.958104958,2317.78970975,NaN,NaN,NaN,NaN,,NaN,,2317.490954041,2317.494425166,None,NaN,NaN,,NaN,NaN,NaN,NaN,NaN,NaN,NaN,21,bathroom,2,2024-05-18_13h32.14.141,image_similarity_rating,2023.2.3,None,2024-05-18 13h33.25.122132 +0200
,126,136,512,512,stimuli/own/bathroom/126_bat.jpg,stimuli/own/bathroom/136_bat.jpg,NaN,NaN,NaN,NaN,NaN,NaN,NaN,NaN,0,224,224,511,2327.609511833,NaN,NaN,NaN,NaN,NaN,NaN,NaN,,NaN,,2327.89397375,2328.062267166,2328.062267166,2328.062267166,2328.062267166,2328.062267166,2328.062267166,2328.062267166,2328.062267166,2328.062267166,2337.128231833,-7,7,4,5,6.49092795900015,7,8.06892508300007,2327.607585458,2327.609511833,2328.062267166,2327.893958416,NaN,NaN,NaN,NaN,,NaN,,2327.604110916,2327.607539666,None,NaN,NaN,,NaN,NaN,NaN,NaN,NaN,NaN,NaN,21,bathroom,2,2024-05-18_13h32.14.141,image_similarity_rating,2023.2.3,None,2024-05-18 13h33.25.122132 +0200
,116,135,336,336,stimuli/own/bathroom/116_bat.jpg,stimuli/own/bathroom/135_bat.jpg,NaN,NaN,NaN,NaN,NaN,NaN,NaN,NaN,0,225,225,335,2337.138492458,NaN,NaN,NaN,NaN,NaN,NaN,NaN,,NaN,,2337.422881166,2337.594395125,2337.594395125,2337.594395125,2337.594395125,2337.594395125,2337.594395125,2337.594395125,2337.594395125,2337.594395125,2344.882710375,7,-7,4,5,4.93348533399967,4,6.17678137499934,2337.131881875,2337.138492458,2337.594395125,2337.422864375,NaN,NaN,NaN,NaN,,NaN,,2337.12844875,2337.131836375,None,NaN,NaN,,NaN,NaN,NaN,NaN,NaN,NaN,NaN,21,bathroom,2,2024-05-18_13h32.14.141,image_similarity_rating,2023.2.3,None,2024-05-18 13h33.25.122132 +0200
,106,139,187,187,stimuli/own/bathroom/106_bat.jpg,stimuli/own/bathroom/139_bat.jpg,NaN,NaN,NaN,NaN,NaN,NaN,NaN,NaN,0,226,226,186,2344.888230666,NaN,NaN,NaN,NaN,NaN,NaN,NaN,,NaN,,2345.172863333,2345.3399415,2345.3399415,2345.3399415,2345.3399415,2345.3399415,2345.3399415,2345.3399415,2345.3399415,2345.3399415,2359.078400708,7,-7,4,5,5.94091025000034,6,12.3583092919998,2344.886357166,2344.888230666,2345.3399415,2345.172845291,NaN,NaN,NaN,NaN,,NaN,,2344.882928875,2344.886312791,None,NaN,NaN,,NaN,NaN,NaN,NaN,NaN,NaN,NaN,21,bathroom,2,2024-05-18_13h32.14.141,image_similarity_rating,2023.2.3,None,2024-05-18 13h33.25.122132 +0200
,114,122,302,302,stimuli/own/bathroom/114_bat.jpg,stimuli/own/bathroom/122_bat.jpg,NaN,NaN,NaN,NaN,NaN,NaN,NaN,NaN,0,227,227,301,2359.088337375,NaN,NaN,NaN,NaN,NaN,NaN,NaN,,NaN,,2359.37288225,2359.540565666,2359.540565666,2359.540565666,2359.540565666,2359.540565666,2359.540565666,2359.540565666,2359.540565666,2359.540565666,2367.082423375,7,-7,4,6,5.78448945800028,7,2.70309854199968,2359.082054375,2359.088337375,2359.540565666,2359.372865458,NaN,NaN,NaN,NaN,,NaN,,2359.078619041,2359.082008541,None,NaN,NaN,,NaN,NaN,NaN,NaN,NaN,NaN,NaN,21,bathroom,2,2024-05-18_13h32.14.141,image_similarity_rating,2023.2.3,None,2024-05-18 13h33.25.122132 +0200
,113,138,292,292,stimuli/own/bathroom/113_bat.jpg,stimuli/own/bathroom/138_bat.jpg,NaN,NaN,NaN,NaN,NaN,NaN,NaN,NaN,0,228,228,291,2367.087953291,NaN,NaN,NaN,NaN,NaN,NaN,NaN,,NaN,,2367.372739083,2367.536903333,2367.536903333,2367.536903333,2367.536903333,2367.536903333,2367.536903333,2367.536903333,2367.536903333,2367.536903333,2372.6201565,7,-7,4,4,4.33625120800025,4,3.05378854199989,2367.08619375,2367.087953291,2367.536903333,2367.372725666,NaN,NaN,NaN,NaN,,NaN,,2367.08264425,2367.086147833,None,NaN,NaN,,NaN,NaN,NaN,NaN,NaN,NaN,NaN,21,bathroom,2,2024-05-18_13h32.14.141,image_similarity_rating,2023.2.3,None,2024-05-18 13h33.25.122132 +0200
,104,138,127,127,stimuli/own/bathroom/104_bat.jpg,stimuli/own/bathroom/138_bat.jpg,NaN,NaN,NaN,NaN,NaN,NaN,NaN,NaN,0,229,229,126,2372.625800333,NaN,NaN,NaN,NaN,NaN,NaN,NaN,,NaN,,2372.910261041,2373.077261791,2373.077261791,2373.077261791,2373.077261791,2373.077261791,2373.077261791,2373.077261791,2373.077261791,2373.077261791,2378.090564958,-7,7,4,3,4.11729191699942,5,2.29365233299995,2372.623881,2372.625800333,2373.077261791,2372.910246916,NaN,NaN,NaN,NaN,,NaN,,2372.620379958,2372.623834666,None,NaN,NaN,,NaN,NaN,NaN,NaN,NaN,NaN,NaN,21,bathroom,2,2024-05-18_13h32.14.141,image_similarity_rating,2023.2.3,None,2024-05-18 13h33.25.122132 +0200
,104,116,107,107,stimuli/own/bathroom/104_bat.jpg,stimuli/own/bathroom/116_bat.jpg,NaN,NaN,NaN,NaN,NaN,NaN,NaN,NaN,0,230,230,106,2378.096137083,NaN,NaN,NaN,NaN,NaN,NaN,NaN,,NaN,,2378.389454125,2378.561442583,2378.561442583,2378.561442583,2378.561442583,2378.561442583,2378.561442583,2378.561442583,2378.561442583,2378.561442583,2386.340683166,7,-7,4,5,6.69272829199963,7,2.39287741600037,2378.094207708,2378.096137083,2378.561442583,2378.389438166,NaN,NaN,NaN,NaN,,NaN,,2378.090782333,2378.094162916,None,NaN,NaN,,NaN,NaN,NaN,NaN,NaN,NaN,NaN,21,bathroom,2,2024-05-18_13h32.14.141,image_similarity_rating,2023.2.3,None,2024-05-18 13h33.25.122132 +0200
,111,123,228,228,stimuli/own/bathroom/111_bat.jpg,stimuli/own/bathroom/123_bat.jpg,NaN,NaN,NaN,NaN,NaN,NaN,NaN,NaN,0,231,231,227,2386.34608925,NaN,NaN,NaN,NaN,NaN,NaN,NaN,,NaN,,2386.6394295,2386.808781666,2386.808781666,2386.808781666,2386.808781666,2386.808781666,2386.808781666,2386.808781666,2386.808781666,2386.808781666,2395.161340583,7,-7,4,3,4.37840233399947,4,7.07872170900009,2386.344329833,2386.34608925,2386.808781666,2386.639411375,NaN,NaN,NaN,NaN,,NaN,,2386.340900333,2386.344284583,None,NaN,NaN,,NaN,NaN,NaN,NaN,NaN,NaN,NaN,21,bathroom,2,2024-05-18_13h32.14.141,image_similarity_rating,2023.2.3,None,2024-05-18 13h33.25.122132 +0200
,117,140,363,363,stimuli/own/bathroom/117_bat.jpg,stimuli/own/bathroom/140_bat.jpg,NaN,NaN,NaN,NaN,NaN,NaN,NaN,NaN,0,232,232,362,2395.171424791,NaN,NaN,NaN,NaN,NaN,NaN,NaN,,NaN,,2395.456128208,2395.62357675,2395.62357675,2395.62357675,2395.62357675,2395.62357675,2395.62357675,2395.62357675,2395.62357675,2395.62357675,2405.407900208,-7,7,4,3,3.28205558399986,2,8.48567466700024,2395.165000083,2395.171424791,2395.62357675,2395.4561115,NaN,NaN,NaN,NaN,,NaN,,2395.161559208,2395.164954416,None,NaN,NaN,,NaN,NaN,NaN,NaN,NaN,NaN,NaN,21,bathroom,2,2024-05-18_13h32.14.141,image_similarity_rating,2023.2.3,None,2024-05-18 13h33.25.122132 +0200
,109,122,200,200,stimuli/own/bathroom/109_bat.jpg,stimuli/own/bathroom/122_bat.jpg,NaN,NaN,NaN,NaN,NaN,NaN,NaN,NaN,0,233,233,199,2405.413501208,NaN,NaN,NaN,NaN,NaN,NaN,NaN,,NaN,,2405.706161916,2405.877465875,2405.877465875,2405.877465875,2405.877465875,2405.877465875,2405.877465875,2405.877465875,2405.877465875,2405.877465875,2416.337308416,-7,7,4,3,7.57285358300032,4,6.0599349590002,2405.411550833,2405.413501208,2405.877465875,2405.706144416,NaN,NaN,NaN,NaN,,NaN,,2405.408120833,2405.411503291,None,NaN,NaN,,NaN,NaN,NaN,NaN,NaN,NaN,NaN,21,bathroom,2,2024-05-18_13h32.14.141,image_similarity_rating,2023.2.3,None,2024-05-18 13h33.25.122132 +0200
,106,116,166,166,stimuli/own/bathroom/106_bat.jpg,stimuli/own/bathroom/116_bat.jpg,NaN,NaN,NaN,NaN,NaN,NaN,NaN,NaN,0,234,234,165,2416.3430195,NaN,NaN,NaN,NaN,NaN,NaN,NaN,,NaN,,2416.626905833,2416.795191916,2416.795191916,2416.795191916,2416.795191916,2416.795191916,2416.795191916,2416.795191916,2416.795191916,2416.795191916,2426.520193833,-7,7,4,2,7.2746287910004,2,8.67552937499931,2416.341084666,2416.3430195,2416.795191916,2416.626891416,NaN,NaN,NaN,NaN,,NaN,,2416.337526708,2416.341037291,None,NaN,NaN,,NaN,NaN,NaN,NaN,NaN,NaN,NaN,21,bathroom,2,2024-05-18_13h32.14.141,image_similarity_rating,2023.2.3,None,2024-05-18 13h33.25.122132 +0200
,106,127,177,177,stimuli/own/bathroom/106_bat.jpg,stimuli/own/bathroom/127_bat.jpg,NaN,NaN,NaN,NaN,NaN,NaN,NaN,NaN,0,235,235,176,2426.525860208,NaN,NaN,NaN,NaN,NaN,NaN,NaN,,NaN,,2426.810257041,2426.979814583,2426.979814583,2426.979814583,2426.979814583,2426.979814583,2426.979814583,2426.979814583,2426.979814583,2426.979814583,2439.377614708,-7,7,4,5,10.4493268339993,2,11.5242097500004,2426.52405575,2426.525860208,2426.979814583,2426.810242166,NaN,NaN,NaN,NaN,,NaN,,2426.5204375,2426.524009458,None,NaN,NaN,,NaN,NaN,NaN,NaN,NaN,NaN,NaN,21,bathroom,2,2024-05-18_13h32.14.141,image_similarity_rating,2023.2.3,None,2024-05-18 13h33.25.122132 +0200
,131,134,552,552,stimuli/own/bathroom/131_bat.jpg,stimuli/own/bathroom/134_bat.jpg,NaN,NaN,NaN,NaN,NaN,NaN,NaN,NaN,0,236,236,551,2439.38809775,NaN,NaN,NaN,NaN,NaN,NaN,NaN,,NaN,,2439.672646458,2439.838685583,2439.838685583,2439.838685583,2439.838685583,2439.838685583,2439.838685583,2439.838685583,2439.838685583,2439.838685583,2448.719981125,7,-7,4,3,5.42452300000059,1,7.36988412499977,2439.381290083,2439.38809775,2439.838685583,2439.672630625,NaN,NaN,NaN,NaN,,NaN,,2439.377832916,2439.38124475,None,NaN,NaN,,NaN,NaN,NaN,NaN,NaN,NaN,NaN,21,bathroom,2,2024-05-18_13h32.14.141,image_similarity_rating,2023.2.3,None,2024-05-18 13h33.25.122132 +0200
,138,139,590,590,stimuli/own/bathroom/138_bat.jpg,stimuli/own/bathroom/139_bat.jpg,NaN,NaN,NaN,NaN,NaN,NaN,NaN,NaN,0,237,237,589,2448.725458708,NaN,NaN,NaN,NaN,NaN,NaN,NaN,,NaN,,2449.010134708,2449.180307625,2449.180307625,2449.180307625,2449.180307625,2449.180307625,2449.180307625,2449.180307625,2449.180307625,2449.180307625,2456.878253041,-7,7,4,5,4.73466974999974,2,6.55018270900018,2448.723690416,2448.725458708,2449.180307625,2449.010119291,NaN,NaN,NaN,NaN,,NaN,,2448.720217708,2448.72364525,None,NaN,NaN,,NaN,NaN,NaN,NaN,NaN,NaN,NaN,21,bathroom,2,2024-05-18_13h32.14.141,image_similarity_rating,2023.2.3,None,2024-05-18 13h33.25.122132 +0200
,106,129,178,178,stimuli/own/bathroom/106_bat.jpg,stimuli/own/bathroom/129_bat.jpg,NaN,NaN,NaN,NaN,NaN,NaN,NaN,NaN,0,238,238,177,2456.888026416,NaN,NaN,NaN,NaN,NaN,NaN,NaN,,NaN,,2457.172502625,2457.336569208,2457.336569208,2457.336569208,2457.336569208,2457.336569208,2457.336569208,2457.336569208,2457.336569208,2457.336569208,2463.361337625,-7,7,4,4,4.0365160829997,1,5.01117191699996,2456.881893916,2456.888026416,2457.336569208,2457.172486958,NaN,NaN,NaN,NaN,,NaN,,2456.878477416,2456.881848833,None,NaN,NaN,,NaN,NaN,NaN,NaN,NaN,NaN,NaN,21,bathroom,2,2024-05-18_13h32.14.141,image_similarity_rating,2023.2.3,None,2024-05-18 13h33.25.122132 +0200
,102,103,35,35,stimuli/own/bathroom/102_bat.jpg,stimuli/own/bathroom/103_bat.jpg,NaN,NaN,NaN,NaN,NaN,NaN,NaN,NaN,0,239,239,34,2463.371221375,NaN,NaN,NaN,NaN,NaN,NaN,NaN,,NaN,,2463.655931291,2463.825414333,2463.825414333,2463.825414333,2463.825414333,2463.825414333,2463.825414333,2463.825414333,2463.825414333,2463.825414333,2468.919844,7,-7,4,4,2.45068424999954,6,4.20746950000012,2463.365006875,2463.371221375,2463.825414333,2463.655914583,NaN,NaN,NaN,NaN,,NaN,,2463.361553791,2463.364961541,None,NaN,NaN,,NaN,NaN,NaN,NaN,NaN,NaN,NaN,21,bathroom,2,2024-05-18_13h32.14.141,image_similarity_rating,2023.2.3,None,2024-05-18 13h33.25.122132 +0200
,105,135,154,154,stimuli/own/bathroom/105_bat.jpg,stimuli/own/bathroom/135_bat.jpg,NaN,NaN,NaN,NaN,NaN,NaN,NaN,NaN,0,240,240,153,2468.925471583,NaN,NaN,NaN,NaN,NaN,NaN,NaN,,NaN,,2469.209896416,2469.374558041,2469.374558041,2469.374558041,2469.374558041,2469.374558041,2469.374558041,2469.374558041,2469.374558041,2469.374558041,2474.523523458,-7,7,4,4,2.24905233299978,1,4.0756012920001,2468.923553416,2468.925471583,2469.374558041,2469.209885083,NaN,NaN,NaN,NaN,,NaN,,2468.920064,2468.923507416,None,NaN,NaN,,NaN,NaN,NaN,NaN,NaN,NaN,NaN,21,bathroom,2,2024-05-18_13h32.14.141,image_similarity_rating,2023.2.3,None,2024-05-18 13h33.25.122132 +0200
,113,135,289,289,stimuli/own/bathroom/113_bat.jpg,stimuli/own/bathroom/135_bat.jpg,NaN,NaN,NaN,NaN,NaN,NaN,NaN,NaN,0,241,241,288,2474.528911708,NaN,NaN,NaN,NaN,NaN,NaN,NaN,,NaN,,2474.822481041,2474.986418583,2474.986418583,2474.986418583,2474.986418583,2474.986418583,2474.986418583,2474.986418583,2474.986418583,2474.986418583,2480.440349,7,-7,4,5,2.26212087499971,6,4.49182583299989,2474.527154166,2474.528911708,2474.986418583,2474.822466666,NaN,NaN,NaN,NaN,,NaN,,2474.523740291,2474.527108916,None,NaN,NaN,,NaN,NaN,NaN,NaN,NaN,NaN,NaN,21,bathroom,2,2024-05-18_13h32.14.141,image_similarity_rating,2023.2.3,None,2024-05-18 13h33.25.122132 +0200
,106,112,163,163,stimuli/own/bathroom/106_bat.jpg,stimuli/own/bathroom/112_bat.jpg,NaN,NaN,NaN,NaN,NaN,NaN,NaN,NaN,0,242,242,162,2480.445807458,NaN,NaN,NaN,NaN,NaN,NaN,NaN,,NaN,,2480.738905833,2480.905922333,2480.905922333,2480.905922333,2480.905922333,2480.905922333,2480.905922333,2480.905922333,2480.905922333,2480.905922333,2486.791030541,7,-7,4,4,3.42407612500028,1,5.05831341599969,2480.443995208,2480.445807458,2480.905922333,2480.7388895,NaN,NaN,NaN,NaN,,NaN,,2480.440567791,2480.443949833,None,NaN,NaN,,NaN,NaN,NaN,NaN,NaN,NaN,NaN,21,bathroom,2,2024-05-18_13h32.14.141,image_similarity_rating,2023.2.3,None,2024-05-18 13h33.25.122132 +0200
,122,126,446,446,stimuli/own/bathroom/122_bat.jpg,stimuli/own/bathroom/126_bat.jpg,NaN,NaN,NaN,NaN,NaN,NaN,NaN,NaN,0,243,243,445,2486.796446208,NaN,NaN,NaN,NaN,NaN,NaN,NaN,,NaN,,2487.089089541,2487.253695375,2487.253695375,2487.253695375,2487.253695375,2487.253695375,2487.253695375,2487.253695375,2487.253695375,2487.253695375,2491.815948916,-7,7,4,5,3.87193916600063,7,2.12607187499998,2486.794677041,2486.796446208,2487.253695375,2487.089074291,NaN,NaN,NaN,NaN,,NaN,,2486.791249541,2486.794632166,None,NaN,NaN,,NaN,NaN,NaN,NaN,NaN,NaN,NaN,21,bathroom,2,2024-05-18_13h32.14.141,image_similarity_rating,2023.2.3,None,2024-05-18 13h33.25.122132 +0200
,106,132,181,181,stimuli/own/bathroom/106_bat.jpg,stimuli/own/bathroom/132_bat.jpg,NaN,NaN,NaN,NaN,NaN,NaN,NaN,NaN,0,244,244,180,2491.837847666,NaN,NaN,NaN,NaN,NaN,NaN,NaN,,NaN,,2492.121924,2492.286987791,2492.286987791,2492.286987791,2492.286987791,2492.286987791,2492.286987791,2492.286987791,2492.286987791,2492.286987791,2503.098909125,-7,7,4,3,8.2541208749999,3,9.83598608299963,2491.819608208,2491.837847666,NaN,2492.121905708,NaN,NaN,NaN,NaN,,NaN,,2491.816166583,2491.819562458,None,NaN,NaN,,NaN,NaN,NaN,NaN,NaN,NaN,NaN,21,bathroom,2,2024-05-18_13h32.14.141,image_similarity_rating,2023.2.3,None,2024-05-18 13h33.25.122132 +0200
,118,126,372,372,stimuli/own/bathroom/118_bat.jpg,stimuli/own/bathroom/126_bat.jpg,NaN,NaN,NaN,NaN,NaN,NaN,NaN,NaN,0,245,245,371,2503.121055833,NaN,NaN,NaN,NaN,NaN,NaN,NaN,,NaN,,2503.405253291,2503.572988166,2503.572988166,2503.572988166,2503.572988166,2503.572988166,2503.572988166,2503.572988166,2503.572988166,2503.572988166,2512.503174916,-7,7,4,4,7.09394920799969,2,8.05561491700064,2503.102687166,2503.121055833,NaN,2503.405232583,NaN,NaN,NaN,NaN,,NaN,,2503.099125541,2503.1026415,None,NaN,NaN,,NaN,NaN,NaN,NaN,NaN,NaN,NaN,21,bathroom,2,2024-05-18_13h32.14.141,image_similarity_rating,2023.2.3,None,2024-05-18 13h33.25.122132 +0200
,138,140,591,591,stimuli/own/bathroom/138_bat.jpg,stimuli/own/bathroom/140_bat.jpg,NaN,NaN,NaN,NaN,NaN,NaN,NaN,NaN,0,246,246,590,2512.508823625,NaN,NaN,NaN,NaN,NaN,NaN,NaN,,NaN,,2512.792924083,2512.957300208,2512.957300208,2512.957300208,2512.957300208,2512.957300208,2512.957300208,2512.957300208,2512.957300208,2512.957300208,2518.682234458,-7,7,4,4,2.18496537500141,5,4.92523612500008,2512.506893958,2512.508823625,2512.957300208,2512.792912,NaN,NaN,NaN,NaN,,NaN,,2512.503415416,2512.506848541,None,NaN,NaN,,NaN,NaN,NaN,NaN,NaN,NaN,NaN,21,bathroom,2,2024-05-18_13h32.14.141,image_similarity_rating,2023.2.3,None,2024-05-18 13h33.25.122132 +0200
,112,132,262,262,stimuli/own/bathroom/112_bat.jpg,stimuli/own/bathroom/132_bat.jpg,NaN,NaN,NaN,NaN,NaN,NaN,NaN,NaN,0,247,247,261,2518.687660041,NaN,NaN,NaN,NaN,NaN,NaN,NaN,,NaN,,2518.972345791,2519.13802625,2519.13802625,2519.13802625,2519.13802625,2519.13802625,2519.13802625,2519.13802625,2519.13802625,2519.13802625,2523.169758333,7,-7,4,3,2.25015945899941,2,3.23271649999879,2518.685873916,2518.687660041,2519.13802625,2518.972330333,NaN,NaN,NaN,NaN,,NaN,,2518.682451333,2518.685828875,None,NaN,NaN,,NaN,NaN,NaN,NaN,NaN,NaN,NaN,21,bathroom,2,2024-05-18_13h32.14.141,image_similarity_rating,2023.2.3,None,2024-05-18 13h33.25.122132 +0200
,117,121,346,346,stimuli/own/bathroom/117_bat.jpg,stimuli/own/bathroom/121_bat.jpg,NaN,NaN,NaN,NaN,NaN,NaN,NaN,NaN,0,248,248,345,2523.175383875,NaN,NaN,NaN,NaN,NaN,NaN,NaN,,NaN,,2523.459599208,2523.624375666,2523.624375666,2523.624375666,2523.624375666,2523.624375666,2523.624375666,2523.624375666,2523.624375666,2523.624375666,2528.302899541,7,-7,4,5,2.31339304200083,4,3.2921669160005,2523.173456583,2523.175383875,2523.624375666,2523.459587833,NaN,NaN,NaN,NaN,,NaN,,2523.16998425,2523.173410791,None,NaN,NaN,,NaN,NaN,NaN,NaN,NaN,NaN,NaN,21,bathroom,2,2024-05-18_13h32.14.141,image_similarity_rating,2023.2.3,None,2024-05-18 13h33.25.122132 +0200
,104,125,116,116,stimuli/own/bathroom/104_bat.jpg,stimuli/own/bathroom/125_bat.jpg,NaN,NaN,NaN,NaN,NaN,NaN,NaN,NaN,0,249,249,115,2528.308568708,NaN,NaN,NaN,NaN,NaN,NaN,NaN,,NaN,,2528.593370625,2528.761739041,2528.761739041,2528.761739041,2528.761739041,2528.761739041,2528.761739041,2528.761739041,2528.761739041,2528.761739041,2533.994216916,7,-7,4,3,2.86528087499937,2,4.19680941600018,2528.306614083,2528.308568708,2528.761739041,2528.593356083,NaN,NaN,NaN,NaN,,NaN,,2528.303119583,2528.306567791,None,NaN,NaN,,NaN,NaN,NaN,NaN,NaN,NaN,NaN,21,bathroom,2,2024-05-18_13h32.14.141,image_similarity_rating,2023.2.3,None,2024-05-18 13h33.25.122132 +0200
,112,140,269,269,stimuli/own/bathroom/112_bat.jpg,stimuli/own/bathroom/140_bat.jpg,NaN,NaN,NaN,NaN,NaN,NaN,NaN,NaN,0,250,250,268,2534.004712416,NaN,NaN,NaN,NaN,NaN,NaN,NaN,,NaN,,2534.288897625,2534.455488583,2534.455488583,2534.455488583,2534.455488583,2534.455488583,2534.455488583,2534.455488583,2534.455488583,2534.455488583,2542.903398166,7,-7,4,3,5.03202745800081,6,7.24915583300026,2533.997849625,2534.004712416,2534.455488583,2534.288882541,NaN,NaN,NaN,NaN,,NaN,,2533.994431125,2533.99780425,None,NaN,NaN,,NaN,NaN,NaN,NaN,NaN,NaN,NaN,21,bathroom,2,2024-05-18_13h32.14.141,image_similarity_rating,2023.2.3,None,2024-05-18 13h33.25.122132 +0200
,109,111,190,190,stimuli/own/bathroom/109_bat.jpg,stimuli/own/bathroom/111_bat.jpg,NaN,NaN,NaN,NaN,NaN,NaN,NaN,NaN,0,251,251,189,2542.909129708,NaN,NaN,NaN,NaN,NaN,NaN,NaN,,NaN,,2543.193316916,2543.360475083,2543.360475083,2543.360475083,2543.360475083,2543.360475083,2543.360475083,2543.360475083,2543.360475083,2543.360475083,2549.144282166,-7,7,4,2,2.1643037089998,3,4.82290045800073,2542.907221791,2542.909129708,2543.360475083,2543.193303291,NaN,NaN,NaN,NaN,,NaN,,2542.903615083,2542.907175375,None,NaN,NaN,,NaN,NaN,NaN,NaN,NaN,NaN,NaN,21,bathroom,2,2024-05-18_13h32.14.141,image_similarity_rating,2023.2.3,None,2024-05-18 13h33.25.122132 +0200
,105,141,160,160,stimuli/own/bathroom/105_bat.jpg,stimuli/own/bathroom/141_bat.jpg,NaN,NaN,NaN,NaN,NaN,NaN,NaN,NaN,0,252,252,159,2549.15466325,NaN,NaN,NaN,NaN,NaN,NaN,NaN,,NaN,,2551.822526166,2551.995560291,2551.995560291,2551.995560291,2551.995560291,2551.995560291,2551.995560291,2551.995560291,2551.995560291,2551.995560291,2559.944354,7,-7,5,3,5.88255679099893,1,7.06229516599888,2551.52903875,2551.538350916,2551.995560291,2551.822504541,NaN,NaN,NaN,NaN,,NaN,,2549.14449875,2551.528681916,space,2549.15466325,2.37384233400007,None,NaN,NaN,NaN,NaN,NaN,NaN,NaN,21,bathroom,2,2024-05-18_13h32.14.141,image_similarity_rating,2023.2.3,None,2024-05-18 13h33.25.122132 +0200
,112,134,263,263,stimuli/own/bathroom/112_bat.jpg,stimuli/own/bathroom/134_bat.jpg,NaN,NaN,NaN,NaN,NaN,NaN,NaN,NaN,0,253,253,262,2559.95443275,NaN,NaN,NaN,NaN,NaN,NaN,NaN,,NaN,,2560.238889833,2560.406739333,2560.406739333,2560.406739333,2560.406739333,2560.406739333,2560.406739333,2560.406739333,2560.406739333,2560.406739333,2570.840801875,7,-7,5,2,7.12122375000035,5,9.47079574999952,2559.948553625,2559.95443275,2560.406739333,2560.238874416,NaN,NaN,NaN,NaN,,NaN,,2559.944570375,2559.94850725,None,NaN,NaN,,NaN,NaN,NaN,NaN,NaN,NaN,NaN,21,bathroom,2,2024-05-18_13h32.14.141,image_similarity_rating,2023.2.3,None,2024-05-18 13h33.25.122132 +0200
,112,135,264,264,stimuli/own/bathroom/112_bat.jpg,stimuli/own/bathroom/135_bat.jpg,NaN,NaN,NaN,NaN,NaN,NaN,NaN,NaN,0,254,254,263,2570.846375875,NaN,NaN,NaN,NaN,NaN,NaN,NaN,,NaN,,2571.138802,2571.30408475,2571.30408475,2571.30408475,2571.30408475,2571.30408475,2571.30408475,2571.30408475,2571.30408475,2571.30408475,2576.703341083,-7,7,5,3,3.43602229200042,5,4.72615891600071,2570.844452375,2570.846375875,2571.30408475,2571.138779666,NaN,NaN,NaN,NaN,,NaN,,2570.841034666,2570.84440775,None,NaN,NaN,,NaN,NaN,NaN,NaN,NaN,NaN,NaN,21,bathroom,2,2024-05-18_13h32.14.141,image_similarity_rating,2023.2.3,None,2024-05-18 13h33.25.122132 +0200
,104,131,121,614,stimuli/own/bathroom/104_bat.jpg,stimuli/own/bathroom/131_bat.jpg,NaN,NaN,NaN,NaN,NaN,NaN,NaN,NaN,0,255,255,613,2576.708931375,NaN,NaN,NaN,NaN,NaN,NaN,NaN,,NaN,,2576.993279875,2577.159412666,2577.159412666,2577.159412666,2577.159412666,2577.159412666,2577.159412666,2577.159412666,2577.159412666,2577.159412666,2584.956633875,-7,7,5,3,2.50565933300095,5,7.00421370799995,2576.707010041,2576.708931375,2577.159412666,2576.9932665,NaN,NaN,NaN,NaN,,NaN,,2576.703557291,2576.706964583,None,NaN,NaN,,NaN,NaN,NaN,NaN,NaN,NaN,NaN,21,bathroom,2,2024-05-18_13h32.14.141,image_similarity_rating,2023.2.3,None,2024-05-18 13h33.25.122132 +0200
,130,141,550,550,stimuli/own/bathroom/130_bat.jpg,stimuli/own/bathroom/141_bat.jpg,NaN,NaN,NaN,NaN,NaN,NaN,NaN,NaN,0,256,256,549,2584.962349916,NaN,NaN,NaN,NaN,NaN,NaN,NaN,,NaN,,2585.255438458,2585.427013541,2585.427013541,2585.427013541,2585.427013541,2585.427013541,2585.427013541,2585.427013541,2585.427013541,2585.427013541,2590.373929125,-7,7,5,4,3.21600145800039,6,4.33370650000143,2584.960417333,2584.962349916,2585.427013541,2585.255422375,NaN,NaN,NaN,NaN,,NaN,,2584.956848916,2584.96037175,None,NaN,NaN,,NaN,NaN,NaN,NaN,NaN,NaN,NaN,21,bathroom,2,2024-05-18_13h32.14.141,image_similarity_rating,2023.2.3,None,2024-05-18 13h33.25.122132 +0200
,132,139,565,565,stimuli/own/bathroom/132_bat.jpg,stimuli/own/bathroom/139_bat.jpg,NaN,NaN,NaN,NaN,NaN,NaN,NaN,NaN,0,257,257,564,2590.3794855,NaN,NaN,NaN,NaN,NaN,NaN,NaN,,NaN,,2590.672006833,2590.836489208,2590.836489208,2590.836489208,2590.836489208,2590.836489208,2590.836489208,2590.836489208,2590.836489208,2590.836489208,2602.803110458,7,-7,5,4,6.54215187500085,2,11.069172083,2590.3775665,2590.3794855,2590.836489208,2590.671994083,NaN,NaN,NaN,NaN,,NaN,,2590.3741455,2590.377521416,None,NaN,NaN,,NaN,NaN,NaN,NaN,NaN,NaN,NaN,21,bathroom,2,2024-05-18_13h32.14.141,image_similarity_rating,2023.2.3,None,2024-05-18 13h33.25.122132 +0200
,117,132,356,356,stimuli/own/bathroom/117_bat.jpg,stimuli/own/bathroom/132_bat.jpg,NaN,NaN,NaN,NaN,NaN,NaN,NaN,NaN,0,258,258,355,2602.808732916,NaN,NaN,NaN,NaN,NaN,NaN,NaN,,NaN,,2603.092911666,2603.2569685,2603.2569685,2603.2569685,2603.2569685,2603.2569685,2603.2569685,2603.2569685,2603.2569685,2603.2569685,2608.473097125,7,-7,5,3,3.31351745800021,2,4.51651570899958,2602.806809666,2602.808732916,2603.2569685,2603.0929,NaN,NaN,NaN,NaN,,NaN,,2602.803341625,2602.806763125,None,NaN,NaN,,NaN,NaN,NaN,NaN,NaN,NaN,NaN,21,bathroom,2,2024-05-18_13h32.14.141,image_similarity_rating,2023.2.3,None,2024-05-18 13h33.25.122132 +0200
,114,134,312,312,stimuli/own/bathroom/114_bat.jpg,stimuli/own/bathroom/134_bat.jpg,NaN,NaN,NaN,NaN,NaN,NaN,NaN,NaN,0,259,259,311,2608.478690083,NaN,NaN,NaN,NaN,NaN,NaN,NaN,,NaN,,2608.771876416,2608.938591708,2608.938591708,2608.938591708,2608.938591708,2608.938591708,2608.938591708,2608.938591708,2608.938591708,2608.938591708,2614.469522208,-7,7,5,4,3.52133566699922,6,4.6805170839998,2608.476747166,2608.478690083,2608.938591708,2608.771861208,NaN,NaN,NaN,NaN,,NaN,,2608.473312375,2608.476701666,None,NaN,NaN,,NaN,NaN,NaN,NaN,NaN,NaN,NaN,21,bathroom,2,2024-05-18_13h32.14.141,image_similarity_rating,2023.2.3,None,2024-05-18 13h33.25.122132 +0200
,104,114,106,106,stimuli/own/bathroom/104_bat.jpg,stimuli/own/bathroom/114_bat.jpg,NaN,NaN,NaN,NaN,NaN,NaN,NaN,NaN,0,260,260,105,2614.475159458,NaN,NaN,NaN,NaN,NaN,NaN,NaN,,NaN,,2614.759448125,2614.925131,2614.925131,2614.925131,2614.925131,2614.925131,2614.925131,2614.925131,2614.925131,2614.925131,2621.86586125,7,-7,5,3,4.96204945900172,1,5.97789670900056,2614.473232583,2614.475159458,2614.925131,2614.759436,NaN,NaN,NaN,NaN,,NaN,,2614.469762,2614.473187291,None,NaN,NaN,,NaN,NaN,NaN,NaN,NaN,NaN,NaN,21,bathroom,2,2024-05-18_13h32.14.141,image_similarity_rating,2023.2.3,None,2024-05-18 13h33.25.122132 +0200
,104,129,119,119,stimuli/own/bathroom/104_bat.jpg,stimuli/own/bathroom/129_bat.jpg,NaN,NaN,NaN,NaN,NaN,NaN,NaN,NaN,0,261,261,118,2621.871816541,NaN,NaN,NaN,NaN,NaN,NaN,NaN,,NaN,,2622.155282375,2622.321164291,2622.321164291,2622.321164291,2622.321164291,2622.321164291,2622.321164291,2622.321164291,2622.321164291,2622.321164291,2628.086351291,7,-7,5,3,4.48590516600052,2,4.91430912499891,2621.869515166,2621.871816541,2622.321164291,2622.155258416,NaN,NaN,NaN,NaN,,NaN,,2621.866077916,2621.869469833,None,NaN,NaN,,NaN,NaN,NaN,NaN,NaN,NaN,NaN,21,bathroom,2,2024-05-18_13h32.14.141,image_similarity_rating,2023.2.3,None,2024-05-18 13h33.25.122132 +0200
,127,139,527,527,stimuli/own/bathroom/127_bat.jpg,stimuli/own/bathroom/139_bat.jpg,NaN,NaN,NaN,NaN,NaN,NaN,NaN,NaN,0,262,262,526,2628.091940375,NaN,NaN,NaN,NaN,NaN,NaN,NaN,,NaN,,2628.376209208,2628.544266666,2628.544266666,2628.544266666,2628.544266666,2628.544266666,2628.544266666,2628.544266666,2628.544266666,2628.544266666,2635.482531166,-7,7,5,4,4.53770520900071,3,5.49064945800092,2628.090027083,2628.091940375,2628.544266666,2628.376194916,NaN,NaN,NaN,NaN,,NaN,,2628.086582291,2628.089980791,None,NaN,NaN,,NaN,NaN,NaN,NaN,NaN,NaN,NaN,21,bathroom,2,2024-05-18_13h32.14.141,image_similarity_rating,2023.2.3,None,2024-05-18 13h33.25.122132 +0200
,104,137,126,126,stimuli/own/bathroom/104_bat.jpg,stimuli/own/bathroom/137_bat.jpg,NaN,NaN,NaN,NaN,NaN,NaN,NaN,NaN,0,263,263,125,2635.488677375,NaN,NaN,NaN,NaN,NaN,NaN,NaN,,NaN,,2635.772033666,2635.941745625,2635.941745625,2635.941745625,2635.941745625,2635.941745625,2635.941745625,2635.941745625,2635.941745625,2635.941745625,2644.839825291,7,-7,5,3,4.46074908300034,5,8.7554282910005,2635.486227916,2635.488677375,2635.941745625,2635.772017875,NaN,NaN,NaN,NaN,,NaN,,2635.482759583,2635.486182708,None,NaN,NaN,,NaN,NaN,NaN,NaN,NaN,NaN,NaN,21,bathroom,2,2024-05-18_13h32.14.141,image_similarity_rating,2023.2.3,None,2024-05-18 13h33.25.122132 +0200
,121,132,434,434,stimuli/own/bathroom/121_bat.jpg,stimuli/own/bathroom/132_bat.jpg,NaN,NaN,NaN,NaN,NaN,NaN,NaN,NaN,0,264,264,433,2644.845524666,NaN,NaN,NaN,NaN,NaN,NaN,NaN,,NaN,,2645.138457791,2645.303381041,2645.303381041,2645.303381041,2645.303381041,2645.303381041,2645.303381041,2645.303381041,2645.303381041,2645.303381041,2650.531625833,-7,7,5,6,4.22495595800137,6,5.04320908299997,2644.843587166,2644.845524666,2645.303381041,2645.138442458,NaN,NaN,NaN,NaN,,NaN,,2644.840037291,2644.843541791,None,NaN,NaN,,NaN,NaN,NaN,NaN,NaN,NaN,NaN,21,bathroom,2,2024-05-18_13h32.14.141,image_similarity_rating,2023.2.3,None,2024-05-18 13h33.25.122132 +0200
,125,138,501,501,stimuli/own/bathroom/125_bat.jpg,stimuli/own/bathroom/138_bat.jpg,NaN,NaN,NaN,NaN,NaN,NaN,NaN,NaN,0,265,265,500,2650.537154375,NaN,NaN,NaN,NaN,NaN,NaN,NaN,,NaN,,2650.822680333,2650.9881465,2650.9881465,2650.9881465,2650.9881465,2650.9881465,2650.9881465,2650.9881465,2650.9881465,2650.9881465,2655.289707666,-7,7,5,4,3.4997260830005,5,4.05385558300077,2650.535254375,2650.537154375,2650.9881465,2650.82266625,NaN,NaN,NaN,NaN,,NaN,,2650.53184175,2650.535209,None,NaN,NaN,,NaN,NaN,NaN,NaN,NaN,NaN,NaN,21,bathroom,2,2024-05-18_13h32.14.141,image_similarity_rating,2023.2.3,None,2024-05-18 13h33.25.122132 +0200
,113,126,282,282,stimuli/own/bathroom/113_bat.jpg,stimuli/own/bathroom/126_bat.jpg,NaN,NaN,NaN,NaN,NaN,NaN,NaN,NaN,0,266,266,281,2655.295362541,NaN,NaN,NaN,NaN,NaN,NaN,NaN,,NaN,,2655.589011541,2655.754466583,2655.754466583,2655.754466583,2655.754466583,2655.754466583,2655.754466583,2655.754466583,2655.754466583,2655.754466583,2658.191443666,-7,7,5,3,1.92162708299838,4,2.28829662499993,2655.29333125,2655.295362541,2655.754466583,2655.588998458,NaN,NaN,NaN,NaN,,NaN,,2655.289922333,2655.293286041,None,NaN,NaN,,NaN,NaN,NaN,NaN,NaN,NaN,NaN,21,bathroom,2,2024-05-18_13h32.14.141,image_similarity_rating,2023.2.3,None,2024-05-18 13h33.25.122132 +0200
,126,137,513,513,stimuli/own/bathroom/126_bat.jpg,stimuli/own/bathroom/137_bat.jpg,NaN,NaN,NaN,NaN,NaN,NaN,NaN,NaN,0,267,267,512,2658.203992916,NaN,NaN,NaN,NaN,NaN,NaN,NaN,,NaN,,2658.488472833,2658.652076083,2658.652076083,2658.652076083,2658.652076083,2658.652076083,2658.652076083,2658.652076083,2658.652076083,2658.652076083,2661.753192333,-7,7,5,3,2.48795412499931,3,2.88829074999921,2658.195097125,2658.203992916,2658.652076083,2658.488462416,NaN,NaN,NaN,NaN,,NaN,,2658.191655083,2658.195051916,None,NaN,NaN,,NaN,NaN,NaN,NaN,NaN,NaN,NaN,21,bathroom,2,2024-05-18_13h32.14.141,image_similarity_rating,2023.2.3,None,2024-05-18 13h33.25.122132 +0200
,109,124,202,202,stimuli/own/bathroom/109_bat.jpg,stimuli/own/bathroom/124_bat.jpg,NaN,NaN,NaN,NaN,NaN,NaN,NaN,NaN,0,268,268,201,2661.758766708,NaN,NaN,NaN,NaN,NaN,NaN,NaN,,NaN,,2662.042867375,2662.213893208,2662.213893208,2662.213893208,2662.213893208,2662.213893208,2662.213893208,2662.213893208,2662.213893208,2662.213893208,2665.615796125,-7,7,5,4,1.90392429100029,4,3.20172733300024,2661.756858666,2661.758766708,2662.213893208,2662.042853125,NaN,NaN,NaN,NaN,,NaN,,2661.753405583,2661.756813041,None,NaN,NaN,,NaN,NaN,NaN,NaN,NaN,NaN,NaN,21,bathroom,2,2024-05-18_13h32.14.141,image_similarity_rating,2023.2.3,None,2024-05-18 13h33.25.122132 +0200
,118,123,369,369,stimuli/own/bathroom/118_bat.jpg,stimuli/own/bathroom/123_bat.jpg,NaN,NaN,NaN,NaN,NaN,NaN,NaN,NaN,0,269,269,368,2665.621716166,NaN,NaN,NaN,NaN,NaN,NaN,NaN,,NaN,,2665.905464166,2666.070269416,2666.070269416,2666.070269416,2666.070269416,2666.070269416,2666.070269416,2666.070269416,2666.070269416,2666.070269416,2671.073402333,-7,7,5,3,3.22510866700031,4,4.91675512499933,2665.619456583,2665.621716166,2666.070269416,2665.905444708,NaN,NaN,NaN,NaN,,NaN,,2665.616011791,2665.619410708,None,NaN,NaN,,NaN,NaN,NaN,NaN,NaN,NaN,NaN,21,bathroom,2,2024-05-18_13h32.14.141,image_similarity_rating,2023.2.3,None,2024-05-18 13h33.25.122132 +0200
,101,105,4,4,stimuli/own/bathroom/101_bat.jpg,stimuli/own/bathroom/105_bat.jpg,NaN,NaN,NaN,NaN,NaN,NaN,NaN,NaN,0,270,270,3,2671.079081208,NaN,NaN,NaN,NaN,NaN,NaN,NaN,,NaN,,2671.371780041,2671.541989416,2671.541989416,2671.541989416,2671.541989416,2671.541989416,2671.541989416,2671.541989416,2671.541989416,2671.541989416,2675.456456666,-7,7,5,3,2.51483345800079,4,3.06729979199918,2671.077026666,2671.079081208,2671.541989416,2671.371762583,NaN,NaN,NaN,NaN,,NaN,,2671.073612791,2671.07698175,None,NaN,NaN,,NaN,NaN,NaN,NaN,NaN,NaN,NaN,21,bathroom,2,2024-05-18_13h32.14.141,image_similarity_rating,2023.2.3,None,2024-05-18 13h33.25.122132 +0200
,135,137,576,576,stimuli/own/bathroom/135_bat.jpg,stimuli/own/bathroom/137_bat.jpg,NaN,NaN,NaN,NaN,NaN,NaN,NaN,NaN,0,271,271,575,2675.461882291,NaN,NaN,NaN,NaN,NaN,NaN,NaN,,NaN,,2675.755124041,2675.919546,2675.919546,2675.919546,2675.919546,2675.919546,2675.919546,2675.919546,2675.919546,2675.919546,2679.448173208,-7,7,5,4,2.22236008399886,4,2.65329620800003,2675.460107833,2675.461882291,2675.919546,2675.755110416,NaN,NaN,NaN,NaN,,NaN,,2675.456682625,2675.460062708,None,NaN,NaN,,NaN,NaN,NaN,NaN,NaN,NaN,NaN,21,bathroom,2,2024-05-18_13h32.14.141,image_similarity_rating,2023.2.3,None,2024-05-18 13h33.25.122132 +0200
,121,126,429,429,stimuli/own/bathroom/121_bat.jpg,stimuli/own/bathroom/126_bat.jpg,NaN,NaN,NaN,NaN,NaN,NaN,NaN,NaN,0,272,272,428,2679.45383975,NaN,NaN,NaN,NaN,NaN,NaN,NaN,,NaN,,2679.738475583,2679.903024333,2679.903024333,2679.903024333,2679.903024333,2679.903024333,2679.903024333,2679.903024333,2679.903024333,2679.903024333,2683.007382875,7,-7,5,5,1.95056804200067,3,2.37958645800063,2679.451819041,2679.45383975,2679.903024333,2679.738460708,NaN,NaN,NaN,NaN,,NaN,,2679.44838775,2679.451773125,None,NaN,NaN,,NaN,NaN,NaN,NaN,NaN,NaN,NaN,21,bathroom,2,2024-05-18_13h32.14.141,image_similarity_rating,2023.2.3,None,2024-05-18 13h33.25.122132 +0200
,104,118,109,109,stimuli/own/bathroom/104_bat.jpg,stimuli/own/bathroom/118_bat.jpg,NaN,NaN,NaN,NaN,NaN,NaN,NaN,NaN,0,273,273,108,2683.012967,NaN,NaN,NaN,NaN,NaN,NaN,NaN,,NaN,,2683.305216708,2683.470560791,2683.470560791,2683.470560791,2683.470560791,2683.470560791,2683.470560791,2683.470560791,2683.470560791,2683.470560791,2687.322932625,-7,7,5,4,2.00790887500079,3,2.86429754200071,2683.011034625,2683.012967,2683.470560791,2683.305200958,NaN,NaN,NaN,NaN,,NaN,,2683.007599208,2683.010989333,None,NaN,NaN,,NaN,NaN,NaN,NaN,NaN,NaN,NaN,21,bathroom,2,2024-05-18_13h32.14.141,image_similarity_rating,2023.2.3,None,2024-05-18 13h33.25.122132 +0200
,118,141,385,385,stimuli/own/bathroom/118_bat.jpg,stimuli/own/bathroom/141_bat.jpg,NaN,NaN,NaN,NaN,NaN,NaN,NaN,NaN,0,274,274,384,2687.328497583,NaN,NaN,NaN,NaN,NaN,NaN,NaN,,NaN,,2687.62174925,2687.792442791,2687.792442791,2687.792442791,2687.792442791,2687.792442791,2687.792442791,2687.792442791,2687.792442791,2687.792442791,2694.456322208,-7,7,5,5,5.300035708,4,5.66581833299824,2687.326565583,2687.328497583,2687.792442791,2687.621729291,NaN,NaN,NaN,NaN,,NaN,,2687.323147583,2687.326519625,None,NaN,NaN,,NaN,NaN,NaN,NaN,NaN,NaN,NaN,21,bathroom,2,2024-05-18_13h32.14.141,image_similarity_rating,2023.2.3,None,2024-05-18 13h33.25.122132 +0200
,129,137,536,536,stimuli/own/bathroom/129_bat.jpg,stimuli/own/bathroom/137_bat.jpg,NaN,NaN,NaN,NaN,NaN,NaN,NaN,NaN,0,275,275,535,2694.461810708,NaN,NaN,NaN,NaN,NaN,NaN,NaN,,NaN,,2694.755142833,2694.920492208,2694.920492208,2694.920492208,2694.920492208,2694.920492208,2694.920492208,2694.920492208,2694.920492208,2694.920492208,2700.119053208,7,-7,5,3,4.58406041700073,2,2.61943520800014,2694.459995625,2694.461810708,2694.920492208,2694.755127375,NaN,NaN,NaN,NaN,,NaN,,2694.456542583,2694.459950458,None,NaN,NaN,,NaN,NaN,NaN,NaN,NaN,NaN,NaN,21,bathroom,2,2024-05-18_13h32.14.141,image_similarity_rating,2023.2.3,None,2024-05-18 13h33.25.122132 +0200
,113,130,285,285,stimuli/own/bathroom/113_bat.jpg,stimuli/own/bathroom/130_bat.jpg,NaN,NaN,NaN,NaN,NaN,NaN,NaN,NaN,0,276,276,284,2700.124983041,NaN,NaN,NaN,NaN,NaN,NaN,NaN,,NaN,,2700.4088905,2700.571517458,2700.571517458,2700.571517458,2700.571517458,2700.571517458,2700.571517458,2700.571517458,2700.571517458,2700.571517458,2704.969370958,7,-7,5,6,2.3836673750011,6,2.72732641700168,2700.122873375,2700.124983041,2700.571517458,2700.408877458,NaN,NaN,NaN,NaN,,NaN,,2700.119273708,2700.122827375,None,NaN,NaN,,NaN,NaN,NaN,NaN,NaN,NaN,NaN,21,bathroom,2,2024-05-18_13h32.14.141,image_similarity_rating,2023.2.3,None,2024-05-18 13h33.25.122132 +0200
,132,136,562,562,stimuli/own/bathroom/132_bat.jpg,stimuli/own/bathroom/136_bat.jpg,NaN,NaN,NaN,NaN,NaN,NaN,NaN,NaN,0,277,277,561,2704.975176875,NaN,NaN,NaN,NaN,NaN,NaN,NaN,,NaN,,2705.260191958,2705.429380541,2705.429380541,2705.429380541,2705.429380541,2705.429380541,2705.429380541,2705.429380541,2705.429380541,2705.429380541,2709.606917083,7,-7,5,6,2.08528329100045,6,3.38825650000035,2704.973236916,2704.975176875,2705.429380541,2705.260177666,NaN,NaN,NaN,NaN,,NaN,,2704.969618916,2704.973190708,None,NaN,NaN,,NaN,NaN,NaN,NaN,NaN,NaN,NaN,21,bathroom,2,2024-05-18_13h32.14.141,image_similarity_rating,2023.2.3,None,2024-05-18 13h33.25.122132 +0200
,136,139,583,600,stimuli/own/bathroom/136_bat.jpg,stimuli/own/bathroom/139_bat.jpg,NaN,NaN,NaN,NaN,NaN,NaN,NaN,NaN,0,278,278,599,2709.612512958,NaN,NaN,NaN,NaN,NaN,NaN,NaN,,NaN,,2709.905032708,2710.070756,2710.070756,2710.070756,2710.070756,2710.070756,2710.070756,2710.070756,2710.070756,2710.070756,2714.344085833,-7,7,5,6,2.82769499999995,3,3.62316479200126,2709.610586541,2709.612512958,2710.070756,2709.905017375,NaN,NaN,NaN,NaN,,NaN,,2709.607135708,2709.610541416,None,NaN,NaN,,NaN,NaN,NaN,NaN,NaN,NaN,NaN,21,bathroom,2,2024-05-18_13h32.14.141,image_similarity_rating,2023.2.3,None,2024-05-18 13h33.25.122132 +0200
,119,120,386,386,stimuli/own/bathroom/119_bat.jpg,stimuli/own/bathroom/120_bat.jpg,NaN,NaN,NaN,NaN,NaN,NaN,NaN,NaN,0,279,279,385,2714.353917125,NaN,NaN,NaN,NaN,NaN,NaN,NaN,,NaN,,2714.638496,2714.803384,2714.803384,2714.803384,2714.803384,2714.803384,2714.803384,2714.803384,2714.803384,2714.803384,2720.647869875,7,-7,5,6,4.80403233299876,3,5.17113600000084,2714.347755416,2714.353917125,2714.803384,2714.638481375,NaN,NaN,NaN,NaN,,NaN,,2714.344304125,2714.347709666,None,NaN,NaN,,NaN,NaN,NaN,NaN,NaN,NaN,NaN,21,bathroom,2,2024-05-18_13h32.14.141,image_similarity_rating,2023.2.3,None,2024-05-18 13h33.25.122132 +0200
,121,137,438,438,stimuli/own/bathroom/121_bat.jpg,stimuli/own/bathroom/137_bat.jpg,NaN,NaN,NaN,NaN,NaN,NaN,NaN,NaN,0,280,280,437,2720.653399416,NaN,NaN,NaN,NaN,NaN,NaN,NaN,,NaN,,2720.938332625,2721.10461525,2721.10461525,2721.10461525,2721.10461525,2721.10461525,2721.10461525,2721.10461525,2721.10461525,2721.10461525,2728.144050833,7,-7,5,4,6.26181854099923,1,4.84718933300064,2720.651514875,2720.653399416,2721.10461525,2720.938316583,NaN,NaN,NaN,NaN,,NaN,,2720.648086916,2720.651469125,None,NaN,NaN,,NaN,NaN,NaN,NaN,NaN,NaN,NaN,21,bathroom,2,2024-05-18_13h32.14.141,image_similarity_rating,2023.2.3,None,2024-05-18 13h33.25.122132 +0200
,103,132,91,91,stimuli/own/bathroom/103_bat.jpg,stimuli/own/bathroom/132_bat.jpg,NaN,NaN,NaN,NaN,NaN,NaN,NaN,NaN,0,281,281,90,2728.153729,NaN,NaN,NaN,NaN,NaN,NaN,NaN,,NaN,,2728.438445416,2728.604114083,2728.604114083,2728.604114083,2728.604114083,2728.604114083,2728.604114083,2728.604114083,2728.604114083,2728.604114083,2733.168931416,7,-7,5,4,2.78583708299993,3,3.74223024999992,2728.147713041,2728.153729,2728.604114083,2728.438428791,NaN,NaN,NaN,NaN,,NaN,,2728.144269833,2728.147667791,None,NaN,NaN,,NaN,NaN,NaN,NaN,NaN,NaN,NaN,21,bathroom,2,2024-05-18_13h32.14.141,image_similarity_rating,2023.2.3,None,2024-05-18 13h33.25.122132 +0200
,119,131,396,396,stimuli/own/bathroom/119_bat.jpg,stimuli/own/bathroom/131_bat.jpg,NaN,NaN,NaN,NaN,NaN,NaN,NaN,NaN,0,282,282,395,2733.174454041,NaN,NaN,NaN,NaN,NaN,NaN,NaN,,NaN,,2733.459086208,2733.62343675,2733.62343675,2733.62343675,2733.62343675,2733.62343675,2733.62343675,2733.62343675,2733.62343675,2733.62343675,2737.202747666,7,-7,5,4,1.84928424999998,4,2.70936554199943,2733.17263425,2733.174454041,2733.62343675,2733.459074708,NaN,NaN,NaN,NaN,,NaN,,2733.169146125,2733.172588416,None,NaN,NaN,,NaN,NaN,NaN,NaN,NaN,NaN,NaN,21,bathroom,2,2024-05-18_13h32.14.141,image_similarity_rating,2023.2.3,None,2024-05-18 13h33.25.122132 +0200
,104,122,113,113,stimuli/own/bathroom/104_bat.jpg,stimuli/own/bathroom/122_bat.jpg,NaN,NaN,NaN,NaN,NaN,NaN,NaN,NaN,0,283,283,112,2737.208314958,NaN,NaN,NaN,NaN,NaN,NaN,NaN,,NaN,,2737.492445375,2737.655718375,2737.655718375,2737.655718375,2737.655718375,2737.655718375,2737.655718375,2737.655718375,2737.655718375,2737.655718375,2743.669071916,-7,7,5,2,1.89896112499991,1,5.37635987500107,2737.206560541,2737.208314958,2737.655718375,2737.492433375,NaN,NaN,NaN,NaN,,NaN,,2737.202964333,2737.206514291,None,NaN,NaN,,NaN,NaN,NaN,NaN,NaN,NaN,NaN,21,bathroom,2,2024-05-18_13h32.14.141,image_similarity_rating,2023.2.3,None,2024-05-18 13h33.25.122132 +0200
,106,117,167,167,stimuli/own/bathroom/106_bat.jpg,stimuli/own/bathroom/117_bat.jpg,NaN,NaN,NaN,NaN,NaN,NaN,NaN,NaN,0,284,284,166,2743.674789208,NaN,NaN,NaN,NaN,NaN,NaN,NaN,,NaN,,2743.959374125,2744.126099541,2744.126099541,2744.126099541,2744.126099541,2744.126099541,2744.126099541,2744.126099541,2744.126099541,2744.126099541,2747.902471833,7,-7,5,5,2.42466670900103,1,3.05089141600001,2743.672877375,2743.674789208,2744.126099541,2743.959360875,NaN,NaN,NaN,NaN,,NaN,,2743.6692965,2743.672831666,None,NaN,NaN,,NaN,NaN,NaN,NaN,NaN,NaN,NaN,21,bathroom,2,2024-05-18_13h32.14.141,image_similarity_rating,2023.2.3,None,2024-05-18 13h33.25.122132 +0200
,103,116,76,76,stimuli/own/bathroom/103_bat.jpg,stimuli/own/bathroom/116_bat.jpg,NaN,NaN,NaN,NaN,NaN,NaN,NaN,NaN,0,285,285,75,2747.908230625,NaN,NaN,NaN,NaN,NaN,NaN,NaN,,NaN,,2748.192677875,2748.360309541,2748.360309541,2748.360309541,2748.360309541,2748.360309541,2748.360309541,2748.360309541,2748.360309541,2748.360309541,2752.240449791,7,-7,5,4,2.28837500000009,4,3.16170674999921,2747.906318583,2747.908230625,2748.360309541,2748.192663291,NaN,NaN,NaN,NaN,,NaN,,2747.902712833,2747.906272583,None,NaN,NaN,,NaN,NaN,NaN,NaN,NaN,NaN,NaN,21,bathroom,2,2024-05-18_13h32.14.141,image_similarity_rating,2023.2.3,None,2024-05-18 13h33.25.122132 +0200
,105,117,138,598,stimuli/own/bathroom/105_bat.jpg,stimuli/own/bathroom/117_bat.jpg,NaN,NaN,NaN,NaN,NaN,NaN,NaN,NaN,0,286,286,597,2752.246142208,NaN,NaN,NaN,NaN,NaN,NaN,NaN,,NaN,,2752.538343,2752.705517208,2752.705517208,2752.705517208,2752.705517208,2752.705517208,2752.705517208,2752.705517208,2752.705517208,2752.705517208,2756.456394625,-7,7,5,4,2.17682816700108,2,2.70010104100038,2752.24420475,2752.246142208,2752.705517208,2752.538321541,NaN,NaN,NaN,NaN,,NaN,,2752.240668791,2752.244159333,None,NaN,NaN,,NaN,NaN,NaN,NaN,NaN,NaN,NaN,21,bathroom,2,2024-05-18_13h32.14.141,image_similarity_rating,2023.2.3,None,2024-05-18 13h33.25.122132 +0200
,121,139,440,440,stimuli/own/bathroom/121_bat.jpg,stimuli/own/bathroom/139_bat.jpg,NaN,NaN,NaN,NaN,NaN,NaN,NaN,NaN,0,287,287,439,2756.461944958,NaN,NaN,NaN,NaN,NaN,NaN,NaN,,NaN,,2756.754943166,2756.91930925,2756.91930925,2756.91930925,2756.91930925,2756.91930925,2756.91930925,2756.91930925,2756.91930925,2756.91930925,2766.186012333,-7,7,5,6,8.66980537500058,2,2.1290952499985,2756.460030666,2756.461944958,2756.91930925,2756.75492625,NaN,NaN,NaN,NaN,,NaN,,2756.456610833,2756.4599855,None,NaN,NaN,,NaN,NaN,NaN,NaN,NaN,NaN,NaN,21,bathroom,2,2024-05-18_13h32.14.141,image_similarity_rating,2023.2.3,None,2024-05-18 13h33.25.122132 +0200
,112,114,246,246,stimuli/own/bathroom/112_bat.jpg,stimuli/own/bathroom/114_bat.jpg,NaN,NaN,NaN,NaN,NaN,NaN,NaN,NaN,0,288,288,245,2766.191873208,NaN,NaN,NaN,NaN,NaN,NaN,NaN,,NaN,,2766.475770666,2766.642338708,2766.642338708,2766.642338708,2766.642338708,2766.642338708,2766.642338708,2766.642338708,2766.642338708,2766.642338708,2771.872710291,-7,7,5,4,2.42316091700013,5,4.54375216600056,2766.189780333,2766.191873208,2766.642338708,2766.475753625,NaN,NaN,NaN,NaN,,NaN,,2766.186235666,2766.189733916,None,NaN,NaN,,NaN,NaN,NaN,NaN,NaN,NaN,NaN,21,bathroom,2,2024-05-18_13h32.14.141,image_similarity_rating,2023.2.3,None,2024-05-18 13h33.25.122132 +0200
,103,106,70,70,stimuli/own/bathroom/103_bat.jpg,stimuli/own/bathroom/106_bat.jpg,NaN,NaN,NaN,NaN,NaN,NaN,NaN,NaN,0,289,289,69,2771.878530583,NaN,NaN,NaN,NaN,NaN,NaN,NaN,,NaN,,2772.171566791,2772.34287625,2772.34287625,2772.34287625,2772.34287625,2772.34287625,2772.34287625,2772.34287625,2772.34287625,2772.34287625,2780.956002666,7,-7,5,3,4.72496962500009,3,8.00077495899859,2771.876598458,2771.878530583,2772.34287625,2772.171550583,NaN,NaN,NaN,NaN,,NaN,,2771.872931791,2771.876550041,None,NaN,NaN,,NaN,NaN,NaN,NaN,NaN,NaN,NaN,21,bathroom,2,2024-05-18_13h32.14.141,image_similarity_rating,2023.2.3,None,2024-05-18 13h33.25.122132 +0200
,102,132,59,59,stimuli/own/bathroom/102_bat.jpg,stimuli/own/bathroom/132_bat.jpg,NaN,NaN,NaN,NaN,NaN,NaN,NaN,NaN,0,290,290,58,2780.961586666,NaN,NaN,NaN,NaN,NaN,NaN,NaN,,NaN,,2781.254841083,2781.419925833,2781.419925833,2781.419925833,2781.419925833,2781.419925833,2781.419925833,2781.419925833,2781.419925833,2781.419925833,2785.5771345,-7,7,5,4,3.01416908300052,4,3.44573683399904,2780.959659875,2780.961586666,2781.419925833,2781.254827458,NaN,NaN,NaN,NaN,,NaN,,2780.956219666,2780.959614125,None,NaN,NaN,,NaN,NaN,NaN,NaN,NaN,NaN,NaN,21,bathroom,2,2024-05-18_13h32.14.141,image_similarity_rating,2023.2.3,None,2024-05-18 13h33.25.122132 +0200
,109,135,211,211,stimuli/own/bathroom/109_bat.jpg,stimuli/own/bathroom/135_bat.jpg,NaN,NaN,NaN,NaN,NaN,NaN,NaN,NaN,0,291,291,210,2785.586878625,NaN,NaN,NaN,NaN,NaN,NaN,NaN,,NaN,,2785.87148075,2786.035918875,2786.035918875,2786.035918875,2786.035918875,2786.035918875,2786.035918875,2786.035918875,2786.035918875,2786.035918875,2790.998008125,-7,7,5,3,3.18637658299849,4,4.10028333399896,2785.580999,2785.586878625,2786.035918875,2785.871467541,NaN,NaN,NaN,NaN,,NaN,,2785.577347416,2785.580950458,None,NaN,NaN,,NaN,NaN,NaN,NaN,NaN,NaN,NaN,21,bathroom,2,2024-05-18_13h32.14.141,image_similarity_rating,2023.2.3,None,2024-05-18 13h33.25.122132 +0200
,101,103,2,2,stimuli/own/bathroom/101_bat.jpg,stimuli/own/bathroom/103_bat.jpg,NaN,NaN,NaN,NaN,NaN,NaN,NaN,NaN,0,292,292,1,2791.003502,NaN,NaN,NaN,NaN,NaN,NaN,NaN,,NaN,,2791.288151375,2791.457441166,2791.457441166,2791.457441166,2791.457441166,2791.457441166,2791.457441166,2791.457441166,2791.457441166,2791.457441166,2796.922957916,7,-7,5,5,3.45069945899922,4,4.1152862910003,2791.00165425,2791.003502,2791.457441166,2791.288134666,NaN,NaN,NaN,NaN,,NaN,,2790.998223958,2791.001608458,None,NaN,NaN,,NaN,NaN,NaN,NaN,NaN,NaN,NaN,21,bathroom,2,2024-05-18_13h32.14.141,image_similarity_rating,2023.2.3,None,2024-05-18 13h33.25.122132 +0200
,101,114,10,10,stimuli/own/bathroom/101_bat.jpg,stimuli/own/bathroom/114_bat.jpg,NaN,NaN,NaN,NaN,NaN,NaN,NaN,NaN,0,293,293,9,2796.928534166,NaN,NaN,NaN,NaN,NaN,NaN,NaN,,NaN,,2797.221353916,2797.392970791,2797.392970791,2797.392970791,2797.392970791,2797.392970791,2797.392970791,2797.392970791,2797.392970791,2797.392970791,2801.455840708,7,-7,5,6,2.26947745800135,6,3.39124366600117,2796.92660225,2796.928534166,2797.392970791,2797.221337333,NaN,NaN,NaN,NaN,,NaN,,2796.923172541,2796.926557333,None,NaN,NaN,,NaN,NaN,NaN,NaN,NaN,NaN,NaN,21,bathroom,2,2024-05-18_13h32.14.141,image_similarity_rating,2023.2.3,None,2024-05-18 13h33.25.122132 +0200
,104,112,104,104,stimuli/own/bathroom/104_bat.jpg,stimuli/own/bathroom/112_bat.jpg,NaN,NaN,NaN,NaN,NaN,NaN,NaN,NaN,0,294,294,103,2801.461509583,NaN,NaN,NaN,NaN,NaN,NaN,NaN,,NaN,,2801.754778333,2801.922322,2801.922322,2801.922322,2801.922322,2801.922322,2801.922322,2801.922322,2801.922322,2801.922322,2808.072693083,7,-7,5,3,5.60438337499909,2,2.22574433299997,2801.459579125,2801.461509583,2801.922322,2801.754759125,NaN,NaN,NaN,NaN,,NaN,,2801.456054291,2801.459533208,None,NaN,NaN,,NaN,NaN,NaN,NaN,NaN,NaN,NaN,21,bathroom,2,2024-05-18_13h32.14.141,image_similarity_rating,2023.2.3,None,2024-05-18 13h33.25.122132 +0200
,130,131,541,541,stimuli/own/bathroom/130_bat.jpg,stimuli/own/bathroom/131_bat.jpg,NaN,NaN,NaN,NaN,NaN,NaN,NaN,NaN,0,295,295,540,2808.078252875,NaN,NaN,NaN,NaN,NaN,NaN,NaN,,NaN,,2808.371389583,2808.536035833,2808.536035833,2808.536035833,2808.536035833,2808.536035833,2808.536035833,2808.536035833,2808.536035833,2808.536035833,2813.672493541,-7,7,5,1,4.01176154200039,2,2.00347650000003,2808.076344416,2808.078252875,2808.536035833,2808.371376833,NaN,NaN,NaN,NaN,,NaN,,2808.07291125,2808.076298541,None,NaN,NaN,,NaN,NaN,NaN,NaN,NaN,NaN,NaN,21,bathroom,2,2024-05-18_13h32.14.141,image_similarity_rating,2023.2.3,None,2024-05-18 13h33.25.122132 +0200
,109,131,208,208,stimuli/own/bathroom/109_bat.jpg,stimuli/own/bathroom/131_bat.jpg,NaN,NaN,NaN,NaN,NaN,NaN,NaN,NaN,0,296,296,207,2813.678373666,NaN,NaN,NaN,NaN,NaN,NaN,NaN,,NaN,,2813.971518375,2814.140069041,2814.140069041,2814.140069041,2814.140069041,2814.140069041,2814.140069041,2814.140069041,2814.140069041,2814.140069041,2817.219209416,-7,7,5,1,1.89314833299977,1,2.47265083300044,2813.676285458,2813.678373666,2814.140069041,2813.971501791,NaN,NaN,NaN,NaN,,NaN,,2813.67270925,2813.676237708,None,NaN,NaN,,NaN,NaN,NaN,NaN,NaN,NaN,NaN,21,bathroom,2,2024-05-18_13h32.14.141,image_similarity_rating,2023.2.3,None,2024-05-18 13h33.25.122132 +0200
,120,122,407,407,stimuli/own/bathroom/120_bat.jpg,stimuli/own/bathroom/122_bat.jpg,NaN,NaN,NaN,NaN,NaN,NaN,NaN,NaN,0,297,297,406,2817.224835583,NaN,NaN,NaN,NaN,NaN,NaN,NaN,,NaN,,2817.509176583,2817.676172041,2817.676172041,2817.676172041,2817.676172041,2817.676172041,2817.676172041,2817.676172041,2817.676172041,2817.676172041,2824.226931166,-7,7,5,2,3.40345454199996,4,5.1324026250004,2817.222892958,2817.224835583,2817.676172041,2817.509163083,NaN,NaN,NaN,NaN,,NaN,,2817.219424375,2817.222847583,None,NaN,NaN,,NaN,NaN,NaN,NaN,NaN,NaN,NaN,21,bathroom,2,2024-05-18_13h32.14.141,image_similarity_rating,2023.2.3,None,2024-05-18 13h33.25.122132 +0200
,103,124,84,84,stimuli/own/bathroom/103_bat.jpg,stimuli/own/bathroom/124_bat.jpg,NaN,NaN,NaN,NaN,NaN,NaN,NaN,NaN,0,298,298,83,2824.236869416,NaN,NaN,NaN,NaN,NaN,NaN,NaN,,NaN,,2824.521379333,2824.685241375,2824.685241375,2824.685241375,2824.685241375,2824.685241375,2824.685241375,2824.685241375,2824.685241375,2824.685241375,2830.735478083,7,-7,5,4,3.02284304200111,5,5.15087716699963,2824.2305835,2824.236869416,2824.685241375,2824.521362416,NaN,NaN,NaN,NaN,,NaN,,2824.227157333,2824.230538,None,NaN,NaN,,NaN,NaN,NaN,NaN,NaN,NaN,NaN,21,bathroom,2,2024-05-18_13h32.14.141,image_similarity_rating,2023.2.3,None,2024-05-18 13h33.25.122132 +0200
,105,124,145,145,stimuli/own/bathroom/105_bat.jpg,stimuli/own/bathroom/124_bat.jpg,NaN,NaN,NaN,NaN,NaN,NaN,NaN,NaN,0,299,299,144,2830.740928666,NaN,NaN,NaN,NaN,NaN,NaN,NaN,,NaN,,2831.025618416,2831.195125708,2831.195125708,2831.195125708,2831.195125708,2831.195125708,2831.195125708,2831.195125708,2831.195125708,2831.195125708,2837.318728666,-7,7,5,4,2.0492995830009,4,5.56243283299955,2830.739186708,2830.740928666,2831.195125708,2831.025603833,NaN,NaN,NaN,NaN,,NaN,,2830.73570625,2830.739141,None,NaN,NaN,,NaN,NaN,NaN,NaN,NaN,NaN,NaN,21,bathroom,2,2024-05-18_13h32.14.141,image_similarity_rating,2023.2.3,None,2024-05-18 13h33.25.122132 +0200
,101,106,5,5,stimuli/own/bathroom/101_bat.jpg,stimuli/own/bathroom/106_bat.jpg,NaN,NaN,NaN,NaN,NaN,NaN,NaN,NaN,0,300,300,4,2837.324372041,NaN,NaN,NaN,NaN,NaN,NaN,NaN,,NaN,,2837.60867075,2837.771343375,2837.771343375,2837.771343375,2837.771343375,2837.771343375,2837.771343375,2837.771343375,2837.771343375,2837.771343375,2842.685174,7,-7,5,3,3.73335795800085,4,4.22500108299937,2837.322435583,2837.324372041,2837.771343375,2837.608657833,NaN,NaN,NaN,NaN,,NaN,,2837.318947375,2837.322389333,None,NaN,NaN,,NaN,NaN,NaN,NaN,NaN,NaN,NaN,21,bathroom,2,2024-05-18_13h32.14.141,image_similarity_rating,2023.2.3,None,2024-05-18 13h33.25.122132 +0200
,119,137,401,401,stimuli/own/bathroom/119_bat.jpg,stimuli/own/bathroom/137_bat.jpg,NaN,NaN,NaN,NaN,NaN,NaN,NaN,NaN,0,301,301,400,2842.690937,NaN,NaN,NaN,NaN,NaN,NaN,NaN,,NaN,,2842.975132916,2843.139314958,2843.139314958,2843.139314958,2843.139314958,2843.139314958,2843.139314958,2843.139314958,2843.139314958,2843.139314958,2852.110202625,7,-7,5,4,6.28876779200073,3,8.22112279199973,2842.68900225,2842.690937,2843.139314958,2842.975119958,NaN,NaN,NaN,NaN,,NaN,,2842.685400291,2842.688956833,None,NaN,NaN,,NaN,NaN,NaN,NaN,NaN,NaN,NaN,21,bathroom,2,2024-05-18_13h32.14.141,image_similarity_rating,2023.2.3,None,2024-05-18 13h33.25.122132 +0200
,125,130,494,494,stimuli/own/bathroom/125_bat.jpg,stimuli/own/bathroom/130_bat.jpg,NaN,NaN,NaN,NaN,NaN,NaN,NaN,NaN,0,302,302,493,2852.120075541,NaN,NaN,NaN,NaN,NaN,NaN,NaN,,NaN,,2852.404731416,2852.575876833,2852.575876833,2852.575876833,2852.575876833,2852.575876833,2852.575876833,2852.575876833,2852.575876833,2852.575876833,2856.635809916,-7,7,5,5,2.50234929099861,4,3.37029795799936,2852.113866208,2852.120075541,2852.575876833,2852.404714958,NaN,NaN,NaN,NaN,,NaN,,2852.110420375,2852.113820166,None,NaN,NaN,,NaN,NaN,NaN,NaN,NaN,NaN,NaN,21,bathroom,2,2024-05-18_13h32.14.141,image_similarity_rating,2023.2.3,None,2024-05-18 13h33.25.122132 +0200
,105,130,150,150,stimuli/own/bathroom/105_bat.jpg,stimuli/own/bathroom/130_bat.jpg,NaN,NaN,NaN,NaN,NaN,NaN,NaN,NaN,0,303,303,149,2856.641520375,NaN,NaN,NaN,NaN,NaN,NaN,NaN,,NaN,,2856.92524125,2857.089609541,2857.089609541,2857.089609541,2857.089609541,2857.089609541,2857.089609541,2857.089609541,2857.089609541,2857.089609541,2861.552257125,7,-7,5,3,2.08537975000036,3,3.86274916699949,2856.639602208,2856.641520375,2857.089609541,2856.925228416,NaN,NaN,NaN,NaN,,NaN,,2856.636030625,2856.63955625,None,NaN,NaN,,NaN,NaN,NaN,NaN,NaN,NaN,NaN,21,bathroom,2,2024-05-18_13h32.14.141,image_similarity_rating,2023.2.3,None,2024-05-18 13h33.25.122132 +0200
,112,139,268,268,stimuli/own/bathroom/112_bat.jpg,stimuli/own/bathroom/139_bat.jpg,NaN,NaN,NaN,NaN,NaN,NaN,NaN,NaN,0,304,304,267,2861.557690375,NaN,NaN,NaN,NaN,NaN,NaN,NaN,,NaN,,2861.842324666,2862.013619541,2862.013619541,2862.013619541,2862.013619541,2862.013619541,2862.013619541,2862.013619541,2862.013619541,2862.013619541,2866.80563775,7,-7,5,4,3.16531516699979,1,4.0043035409999,2861.555933166,2861.557690375,2862.013619541,2861.842310041,NaN,NaN,NaN,NaN,,NaN,,2861.5524865,2861.555887291,None,NaN,NaN,,NaN,NaN,NaN,NaN,NaN,NaN,NaN,21,bathroom,2,2024-05-18_13h32.14.141,image_similarity_rating,2023.2.3,None,2024-05-18 13h33.25.122132 +0200
,125,127,492,492,stimuli/own/bathroom/125_bat.jpg,stimuli/own/bathroom/127_bat.jpg,NaN,NaN,NaN,NaN,NaN,NaN,NaN,NaN,0,305,305,491,2866.811062791,NaN,NaN,NaN,NaN,NaN,NaN,NaN,,NaN,,2867.104627916,2867.273154958,2867.273154958,2867.273154958,2867.273154958,2867.273154958,2867.273154958,2867.273154958,2867.273154958,2867.273154958,2870.55980925,7,-7,5,5,1.78460375000031,7,2.49921808300132,2866.80929425,2866.811062791,2867.273154958,2867.104611375,NaN,NaN,NaN,NaN,,NaN,,2866.80585275,2866.809248791,None,NaN,NaN,,NaN,NaN,NaN,NaN,NaN,NaN,NaN,21,bathroom,2,2024-05-18_13h32.14.141,image_similarity_rating,2023.2.3,None,2024-05-18 13h33.25.122132 +0200
,103,137,95,95,stimuli/own/bathroom/103_bat.jpg,stimuli/own/bathroom/137_bat.jpg,NaN,NaN,NaN,NaN,NaN,NaN,NaN,NaN,0,306,306,94,2870.570311583,NaN,NaN,NaN,NaN,NaN,NaN,NaN,,NaN,,2870.854529625,2871.023962875,2871.023962875,2871.023962875,2871.023962875,2871.023962875,2871.023962875,2871.023962875,2871.023962875,2871.023962875,2877.492725375,7,-7,5,3,2.64066787499905,1,4.79554279100012,2870.563454,2870.570311583,2871.023962875,2870.854512791,NaN,NaN,NaN,NaN,,NaN,,2870.560022083,2870.563408833,None,NaN,NaN,,NaN,NaN,NaN,NaN,NaN,NaN,NaN,21,bathroom,2,2024-05-18_13h32.14.141,image_similarity_rating,2023.2.3,None,2024-05-18 13h33.25.122132 +0200
,112,121,252,252,stimuli/own/bathroom/112_bat.jpg,stimuli/own/bathroom/121_bat.jpg,NaN,NaN,NaN,NaN,NaN,NaN,NaN,NaN,0,307,307,251,2877.503185875,NaN,NaN,NaN,NaN,NaN,NaN,NaN,,NaN,,2877.787808958,2877.951558958,2877.951558958,2877.951558958,2877.951558958,2877.951558958,2877.951558958,2877.951558958,2877.951558958,2877.951558958,2882.763983541,7,-7,5,2,2.78161650000038,3,4.1391736659989,2877.4963785,2877.503185875,2877.951558958,2877.787795708,NaN,NaN,NaN,NaN,,NaN,,2877.492946333,2877.49633275,None,NaN,NaN,,NaN,NaN,NaN,NaN,NaN,NaN,NaN,21,bathroom,2,2024-05-18_13h32.14.141,image_similarity_rating,2023.2.3,None,2024-05-18 13h33.25.122132 +0200
,134,136,569,569,stimuli/own/bathroom/134_bat.jpg,stimuli/own/bathroom/136_bat.jpg,NaN,NaN,NaN,NaN,NaN,NaN,NaN,NaN,0,308,308,568,2882.76952975,NaN,NaN,NaN,NaN,NaN,NaN,NaN,,NaN,,2883.054666541,2883.218574791,2883.218574791,2883.218574791,2883.218574791,2883.218574791,2883.218574791,2883.218574791,2883.218574791,2883.218574791,2888.368438541,-7,7,5,4,2.25069270800122,6,4.5030456659988,2882.767625,2882.76952975,2883.218574791,2883.05464525,NaN,NaN,NaN,NaN,,NaN,,2882.764206958,2882.767579625,None,NaN,NaN,,NaN,NaN,NaN,NaN,NaN,NaN,NaN,21,bathroom,2,2024-05-18_13h32.14.141,image_similarity_rating,2023.2.3,None,2024-05-18 13h33.25.122132 +0200
,129,141,540,540,stimuli/own/bathroom/129_bat.jpg,stimuli/own/bathroom/141_bat.jpg,NaN,NaN,NaN,NaN,NaN,NaN,NaN,NaN,0,309,309,539,2888.3742095,NaN,NaN,NaN,NaN,NaN,NaN,NaN,,NaN,,2888.658503458,2888.823462125,2888.823462125,2888.823462125,2888.823462125,2888.823462125,2888.823462125,2888.823462125,2888.823462125,2888.823462125,2892.739117833,-7,7,5,3,1.583973625,3,2.05324745799953,2888.372269125,2888.3742095,2888.823462125,2888.658491541,NaN,NaN,NaN,NaN,,NaN,,2888.368661791,2888.372223333,None,NaN,NaN,,NaN,NaN,NaN,NaN,NaN,NaN,NaN,21,bathroom,2,2024-05-18_13h32.14.141,image_similarity_rating,2023.2.3,None,2024-05-18 13h33.25.122132 +0200
,105,137,156,156,stimuli/own/bathroom/105_bat.jpg,stimuli/own/bathroom/137_bat.jpg,NaN,NaN,NaN,NaN,NaN,NaN,NaN,NaN,0,310,310,155,2892.744665583,NaN,NaN,NaN,NaN,NaN,NaN,NaN,,NaN,,2893.037743708,2893.203086041,2893.203086041,2893.203086041,2893.203086041,2893.203086041,2893.203086041,2893.203086041,2893.203086041,2893.203086041,2897.222288333,7,-7,5,4,3.48144533300001,6,2.82270112500009,2892.742763041,2892.744665583,2893.203086041,2893.037727833,NaN,NaN,NaN,NaN,,NaN,,2892.739332625,2892.74271775,None,NaN,NaN,,NaN,NaN,NaN,NaN,NaN,NaN,NaN,21,bathroom,2,2024-05-18_13h32.14.141,image_similarity_rating,2023.2.3,None,2024-05-18 13h33.25.122132 +0200
,104,140,129,129,stimuli/own/bathroom/104_bat.jpg,stimuli/own/bathroom/140_bat.jpg,NaN,NaN,NaN,NaN,NaN,NaN,NaN,NaN,0,311,311,128,2897.22768975,NaN,NaN,NaN,NaN,NaN,NaN,NaN,,NaN,,2897.521104583,2897.69118225,2897.69118225,2897.69118225,2897.69118225,2897.69118225,2897.69118225,2897.69118225,2897.69118225,2897.69118225,2904.785179125,-7,7,5,6,4.76729179100039,2,6.32096408400139,2897.225928583,2897.22768975,2897.69118225,2897.52108675,NaN,NaN,NaN,NaN,,NaN,,2897.222502208,2897.225883458,None,NaN,NaN,,NaN,NaN,NaN,NaN,NaN,NaN,NaN,21,bathroom,2,2024-05-18_13h32.14.141,image_similarity_rating,2023.2.3,None,2024-05-18 13h33.25.122132 +0200
,129,138,537,537,stimuli/own/bathroom/129_bat.jpg,stimuli/own/bathroom/138_bat.jpg,NaN,NaN,NaN,NaN,NaN,NaN,NaN,NaN,0,312,312,536,2904.790938166,NaN,NaN,NaN,NaN,NaN,NaN,NaN,,NaN,,2905.075362791,2905.242346666,2905.242346666,2905.242346666,2905.242346666,2905.242346666,2905.242346666,2905.242346666,2905.242346666,2905.242346666,2911.755543625,-7,7,5,4,4.34146379100093,3,5.86291024999991,2904.789014166,2904.790938166,2905.242346666,2905.075349416,NaN,NaN,NaN,NaN,,NaN,,2904.785396375,2904.788967791,None,NaN,NaN,,NaN,NaN,NaN,NaN,NaN,NaN,NaN,21,bathroom,2,2024-05-18_13h32.14.141,image_similarity_rating,2023.2.3,None,2024-05-18 13h33.25.122132 +0200
,120,121,406,406,stimuli/own/bathroom/120_bat.jpg,stimuli/own/bathroom/121_bat.jpg,NaN,NaN,NaN,NaN,NaN,NaN,NaN,NaN,0,313,313,405,2911.761013333,NaN,NaN,NaN,NaN,NaN,NaN,NaN,,NaN,,2912.054475791,2912.218732541,2912.218732541,2912.218732541,2912.218732541,2912.218732541,2912.218732541,2912.218732541,2912.218732541,2912.218732541,2915.772153833,7,-7,5,3,2.25912691699887,4,2.61654970800009,2911.759211541,2911.761013333,2912.218732541,2912.054462125,NaN,NaN,NaN,NaN,,NaN,,2911.755760916,2911.759166208,None,NaN,NaN,,NaN,NaN,NaN,NaN,NaN,NaN,NaN,21,bathroom,2,2024-05-18_13h32.14.141,image_similarity_rating,2023.2.3,None,2024-05-18 13h33.25.122132 +0200
,103,109,71,71,stimuli/own/bathroom/103_bat.jpg,stimuli/own/bathroom/109_bat.jpg,NaN,NaN,NaN,NaN,NaN,NaN,NaN,NaN,0,314,314,70,2915.777824291,NaN,NaN,NaN,NaN,NaN,NaN,NaN,,NaN,,2916.071097583,2916.236703375,2916.236703375,2916.236703375,2916.236703375,2916.236703375,2916.236703375,2916.236703375,2916.236703375,2916.236703375,2919.118709166,7,-7,5,3,1.87201629099945,2,2.24469320800017,2915.7758985,2915.777824291,2916.236703375,2916.071082666,NaN,NaN,NaN,NaN,,NaN,,2915.772367333,2915.775839708,None,NaN,NaN,,NaN,NaN,NaN,NaN,NaN,NaN,NaN,21,bathroom,2,2024-05-18_13h32.14.141,image_similarity_rating,2023.2.3,None,2024-05-18 13h33.25.122132 +0200
,120,141,424,424,stimuli/own/bathroom/120_bat.jpg,stimuli/own/bathroom/141_bat.jpg,NaN,NaN,NaN,NaN,NaN,NaN,NaN,NaN,0,315,315,423,2919.124383875,NaN,NaN,NaN,NaN,NaN,NaN,NaN,,NaN,,2921.487674875,2921.660867375,2921.660867375,2921.660867375,2921.660867375,2921.660867375,2921.660867375,2921.660867375,2921.660867375,2921.660867375,2926.147415083,-7,7,6,2,2.4807233749998,3,3.45823333299995,2921.190710708,2921.194245708,2921.660867375,2921.487657666,NaN,NaN,NaN,NaN,,NaN,,2919.118951583,2921.190238916,space,2919.124383875,2.06558683299954,None,NaN,NaN,NaN,NaN,NaN,NaN,NaN,21,bathroom,2,2024-05-18_13h32.14.141,image_similarity_rating,2023.2.3,None,2024-05-18 13h33.25.122132 +0200
,114,123,303,303,stimuli/own/bathroom/114_bat.jpg,stimuli/own/bathroom/123_bat.jpg,NaN,NaN,NaN,NaN,NaN,NaN,NaN,NaN,0,316,316,302,2926.169632958,NaN,NaN,NaN,NaN,NaN,NaN,NaN,,NaN,,2926.454005375,2926.624564041,2926.624564041,2926.624564041,2926.624564041,2926.624564041,2926.624564041,2926.624564041,2926.624564041,2926.624564041,2933.868505041,7,-7,6,2,4.80049379199954,4,6.57977837499857,2926.151585291,2926.169632958,NaN,2926.453975375,NaN,NaN,NaN,NaN,,NaN,,2926.147628708,2926.151539166,None,NaN,NaN,,NaN,NaN,NaN,NaN,NaN,NaN,NaN,21,bathroom,2,2024-05-18_13h32.14.141,image_similarity_rating,2023.2.3,None,2024-05-18 13h33.25.122132 +0200
,104,117,108,108,stimuli/own/bathroom/104_bat.jpg,stimuli/own/bathroom/117_bat.jpg,NaN,NaN,NaN,NaN,NaN,NaN,NaN,NaN,0,317,317,107,2933.873948083,NaN,NaN,NaN,NaN,NaN,NaN,NaN,,NaN,,2934.158236625,2934.323035583,2934.323035583,2934.323035583,2934.323035583,2934.323035583,2934.323035583,2934.323035583,2934.323035583,2934.323035583,2941.014060291,7,-7,6,2,2.93474241700096,3,5.82708595899931,2933.872195083,2933.873948083,2934.323035583,2934.158223458,NaN,NaN,NaN,NaN,,NaN,,2933.868744208,2933.872148916,None,NaN,NaN,,NaN,NaN,NaN,NaN,NaN,NaN,NaN,21,bathroom,2,2024-05-18_13h32.14.141,image_similarity_rating,2023.2.3,None,2024-05-18 13h33.25.122132 +0200
,137,139,587,587,stimuli/own/bathroom/137_bat.jpg,stimuli/own/bathroom/139_bat.jpg,NaN,NaN,NaN,NaN,NaN,NaN,NaN,NaN,0,318,318,586,2941.019567541,NaN,NaN,NaN,NaN,NaN,NaN,NaN,,NaN,,2941.304433458,2941.475407666,2941.475407666,2941.475407666,2941.475407666,2941.475407666,2941.475407666,2941.475407666,2941.475407666,2941.475407666,2949.968703375,7,-7,6,2,4.79146424999999,6,7.22494670800006,2941.017723333,2941.019567541,2941.475407666,2941.304416708,NaN,NaN,NaN,NaN,,NaN,,2941.014279125,2941.01767825,None,NaN,NaN,,NaN,NaN,NaN,NaN,NaN,NaN,NaN,21,bathroom,2,2024-05-18_13h32.14.141,image_similarity_rating,2023.2.3,None,2024-05-18 13h33.25.122132 +0200
,101,113,9,9,stimuli/own/bathroom/101_bat.jpg,stimuli/own/bathroom/113_bat.jpg,NaN,NaN,NaN,NaN,NaN,NaN,NaN,NaN,0,319,319,8,2949.974313875,NaN,NaN,NaN,NaN,NaN,NaN,NaN,,NaN,,2950.258552458,2950.425130291,2950.425130291,2950.425130291,2950.425130291,2950.425130291,2950.425130291,2950.425130291,2950.425130291,2950.425130291,2954.985012833,-7,7,6,4,2.4286200839997,4,3.78501629200036,2949.972379291,2949.974313875,2950.425130291,2950.258538916,NaN,NaN,NaN,NaN,,NaN,,2949.968927333,2949.972333458,None,NaN,NaN,,NaN,NaN,NaN,NaN,NaN,NaN,NaN,21,bathroom,2,2024-05-18_13h32.14.141,image_similarity_rating,2023.2.3,None,2024-05-18 13h33.25.122132 +0200
,102,122,50,50,stimuli/own/bathroom/102_bat.jpg,stimuli/own/bathroom/122_bat.jpg,NaN,NaN,NaN,NaN,NaN,NaN,NaN,NaN,0,320,320,49,2954.990589916,NaN,NaN,NaN,NaN,NaN,NaN,NaN,,NaN,,2955.275270291,2955.442068958,2955.442068958,2955.442068958,2955.442068958,2955.442068958,2955.442068958,2955.442068958,2955.442068958,2955.442068958,2960.99758575,-7,7,6,3,2.11432516599962,3,3.66835720800009,2954.988828291,2954.990589916,2955.442068958,2955.275257,NaN,NaN,NaN,NaN,,NaN,,2954.985229125,2954.988782041,None,NaN,NaN,,NaN,NaN,NaN,NaN,NaN,NaN,NaN,21,bathroom,2,2024-05-18_13h32.14.141,image_similarity_rating,2023.2.3,None,2024-05-18 13h33.25.122132 +0200
,101,129,23,23,stimuli/own/bathroom/101_bat.jpg,stimuli/own/bathroom/129_bat.jpg,NaN,NaN,NaN,NaN,NaN,NaN,NaN,NaN,0,321,321,22,2961.019886625,NaN,NaN,NaN,NaN,NaN,NaN,NaN,,NaN,,2961.303713416,2961.475313791,2961.475313791,2961.475313791,2961.475313791,2961.475313791,2961.475313791,2961.475313791,2961.475313791,2961.475313791,2966.738883958,-7,7,6,3,3.31941420800104,4,4.35808983300012,2961.001366833,2961.019886625,NaN,2961.303683083,NaN,NaN,NaN,NaN,,NaN,,2960.997802708,2961.001321583,None,NaN,NaN,,NaN,NaN,NaN,NaN,NaN,NaN,NaN,21,bathroom,2,2024-05-18_13h32.14.141,image_similarity_rating,2023.2.3,None,2024-05-18 13h33.25.122132 +0200
,122,129,448,448,stimuli/own/bathroom/122_bat.jpg,stimuli/own/bathroom/129_bat.jpg,NaN,NaN,NaN,NaN,NaN,NaN,NaN,NaN,0,322,322,447,2966.744329625,NaN,NaN,NaN,NaN,NaN,NaN,NaN,,NaN,,2967.037648333,2967.208989875,2967.208989875,2967.208989875,2967.208989875,2967.208989875,2967.208989875,2967.208989875,2967.208989875,2967.208989875,2972.388725458,7,-7,6,3,1.85276970800078,4,4.32938945799833,2966.742516833,2966.744329625,2967.208989875,2967.037626083,NaN,NaN,NaN,NaN,,NaN,,2966.739097125,2966.742471875,None,NaN,NaN,,NaN,NaN,NaN,NaN,NaN,NaN,NaN,21,bathroom,2,2024-05-18_13h32.14.141,image_similarity_rating,2023.2.3,None,2024-05-18 13h33.25.122132 +0200
,120,127,412,412,stimuli/own/bathroom/120_bat.jpg,stimuli/own/bathroom/127_bat.jpg,NaN,NaN,NaN,NaN,NaN,NaN,NaN,NaN,0,323,323,411,2972.394377166,NaN,NaN,NaN,NaN,NaN,NaN,NaN,,NaN,,2972.687592291,2972.857592458,2972.857592458,2972.857592458,2972.857592458,2972.857592458,2972.857592458,2972.857592458,2972.857592458,2972.857592458,2978.201455041,-7,7,6,5,2.25116374999925,5,4.08323004100021,2972.392378958,2972.394377166,2972.857592458,2972.687565041,NaN,NaN,NaN,NaN,,NaN,,2972.388942583,2972.392333708,None,NaN,NaN,,NaN,NaN,NaN,NaN,NaN,NaN,NaN,21,bathroom,2,2024-05-18_13h32.14.141,image_similarity_rating,2023.2.3,None,2024-05-18 13h33.25.122132 +0200
,113,137,291,291,stimuli/own/bathroom/113_bat.jpg,stimuli/own/bathroom/137_bat.jpg,NaN,NaN,NaN,NaN,NaN,NaN,NaN,NaN,0,324,324,290,2978.206958541,NaN,NaN,NaN,NaN,NaN,NaN,NaN,,NaN,,2978.491765958,2978.6568675,2978.6568675,2978.6568675,2978.6568675,2978.6568675,2978.6568675,2978.6568675,2978.6568675,2978.6568675,2994.447304041,7,-7,6,3,7.71296887500102,1,14.7048524580005,2978.205163208,2978.206958541,2978.6568675,2978.49175375,NaN,NaN,NaN,NaN,,NaN,,2978.20167125,2978.205117166,None,NaN,NaN,,NaN,NaN,NaN,NaN,NaN,NaN,NaN,21,bathroom,2,2024-05-18_13h32.14.141,image_similarity_rating,2023.2.3,None,2024-05-18 13h33.25.122132 +0200
,117,135,358,358,stimuli/own/bathroom/117_bat.jpg,stimuli/own/bathroom/135_bat.jpg,NaN,NaN,NaN,NaN,NaN,NaN,NaN,NaN,0,325,325,357,2994.452773458,NaN,NaN,NaN,NaN,NaN,NaN,NaN,,NaN,,2994.737477083,2994.903766,2994.903766,2994.903766,2994.903766,2994.903766,2994.903766,2994.903766,2994.903766,2994.903766,3001.975652875,-7,7,6,4,3.54086541700053,5,5.96072549999917,2994.450977166,2994.452773458,2994.903766,2994.73745875,NaN,NaN,NaN,NaN,,NaN,,2994.447521041,2994.450931791,None,NaN,NaN,,NaN,NaN,NaN,NaN,NaN,NaN,NaN,21,bathroom,2,2024-05-18_13h32.14.141,image_similarity_rating,2023.2.3,None,2024-05-18 13h33.25.122132 +0200
,136,140,584,584,stimuli/own/bathroom/136_bat.jpg,stimuli/own/bathroom/140_bat.jpg,NaN,NaN,NaN,NaN,NaN,NaN,NaN,NaN,0,326,326,583,3001.986635083,NaN,NaN,NaN,NaN,NaN,NaN,NaN,,NaN,,3002.270712875,3002.435423958,3002.435423958,3002.435423958,3002.435423958,3002.435423958,3002.435423958,3002.435423958,3002.435423958,3002.435423958,3012.047110416,-7,7,6,4,6.78645850000066,4,8.67647941699943,3001.979304375,3001.986635083,3002.435423958,3002.270699375,NaN,NaN,NaN,NaN,,NaN,,3001.975869083,3001.979259375,None,NaN,NaN,,NaN,NaN,NaN,NaN,NaN,NaN,NaN,21,bathroom,2,2024-05-18_13h32.14.141,image_similarity_rating,2023.2.3,None,2024-05-18 13h33.25.122132 +0200
,104,123,114,114,stimuli/own/bathroom/104_bat.jpg,stimuli/own/bathroom/123_bat.jpg,NaN,NaN,NaN,NaN,NaN,NaN,NaN,NaN,0,327,327,113,3012.052734,NaN,NaN,NaN,NaN,NaN,NaN,NaN,,NaN,,3012.337414458,3012.502306875,3012.502306875,3012.502306875,3012.502306875,3012.502306875,3012.502306875,3012.502306875,3012.502306875,3012.502306875,3016.880693291,-7,7,6,3,2.21074620800027,4,3.35465074999956,3012.050901041,3012.052734,3012.502306875,3012.3373945,NaN,NaN,NaN,NaN,,NaN,,3012.047329958,3012.050855083,None,NaN,NaN,,NaN,NaN,NaN,NaN,NaN,NaN,NaN,21,bathroom,2,2024-05-18_13h32.14.141,image_similarity_rating,2023.2.3,None,2024-05-18 13h33.25.122132 +0200
,118,134,378,378,stimuli/own/bathroom/118_bat.jpg,stimuli/own/bathroom/134_bat.jpg,NaN,NaN,NaN,NaN,NaN,NaN,NaN,NaN,0,328,328,377,3016.902779416,NaN,NaN,NaN,NaN,NaN,NaN,NaN,,NaN,,3017.186986208,3017.353100125,3017.353100125,3017.353100125,3017.353100125,3017.353100125,3017.353100125,3017.353100125,3017.353100125,3017.353100125,3021.347363916,7,-7,6,5,2.35764366600051,5,3.2186968749993,3016.884338208,3016.902779416,NaN,3017.186967791,NaN,NaN,NaN,NaN,,NaN,,3016.8809125,3016.884292625,None,NaN,NaN,,NaN,NaN,NaN,NaN,NaN,NaN,NaN,21,bathroom,2,2024-05-18_13h32.14.141,image_similarity_rating,2023.2.3,None,2024-05-18 13h33.25.122132 +0200
,123,134,468,468,stimuli/own/bathroom/123_bat.jpg,stimuli/own/bathroom/134_bat.jpg,NaN,NaN,NaN,NaN,NaN,NaN,NaN,NaN,0,329,329,467,3021.369451041,NaN,NaN,NaN,NaN,NaN,NaN,NaN,,NaN,,3021.653662625,3021.823775458,3021.823775458,3021.823775458,3021.823775458,3021.823775458,3021.823775458,3021.823775458,3021.823775458,3021.823775458,3025.58857,7,-7,6,3,1.97832525000013,4,2.56714504199954,3021.35100475,3021.369451041,NaN,3021.653642625,NaN,NaN,NaN,NaN,,NaN,,3021.347580625,3021.350959666,None,NaN,NaN,,NaN,NaN,NaN,NaN,NaN,NaN,NaN,21,bathroom,2,2024-05-18_13h32.14.141,image_similarity_rating,2023.2.3,None,2024-05-18 13h33.25.122132 +0200
,103,129,88,88,stimuli/own/bathroom/103_bat.jpg,stimuli/own/bathroom/129_bat.jpg,NaN,NaN,NaN,NaN,NaN,NaN,NaN,NaN,0,330,330,87,3025.594159875,NaN,NaN,NaN,NaN,NaN,NaN,NaN,,NaN,,3025.887319916,3026.051711708,3026.051711708,3026.051711708,3026.051711708,3026.051711708,3026.051711708,3026.051711708,3026.051711708,3026.051711708,3029.23914025,7,-7,6,4,1.65019016699989,3,2.23883066599956,3025.5922155,3025.594159875,3026.051711708,3025.887301416,NaN,NaN,NaN,NaN,,NaN,,3025.588786791,3025.592169625,None,NaN,NaN,,NaN,NaN,NaN,NaN,NaN,NaN,NaN,21,bathroom,2,2024-05-18_13h32.14.141,image_similarity_rating,2023.2.3,None,2024-05-18 13h33.25.122132 +0200
,116,139,340,340,stimuli/own/bathroom/116_bat.jpg,stimuli/own/bathroom/139_bat.jpg,NaN,NaN,NaN,NaN,NaN,NaN,NaN,NaN,0,331,331,339,3029.244710708,NaN,NaN,NaN,NaN,NaN,NaN,NaN,,NaN,,3029.53733575,3029.701160333,3029.701160333,3029.701160333,3029.701160333,3029.701160333,3029.701160333,3029.701160333,3029.701160333,3029.701160333,3033.438436041,-7,7,6,3,2.06160154200006,4,2.81276408299891,3029.242791708,3029.244710708,3029.701160333,3029.537322416,NaN,NaN,NaN,NaN,,NaN,,3029.239356,3029.242746291,None,NaN,NaN,,NaN,NaN,NaN,NaN,NaN,NaN,NaN,21,bathroom,2,2024-05-18_13h32.14.141,image_similarity_rating,2023.2.3,None,2024-05-18 13h33.25.122132 +0200
,104,136,125,125,stimuli/own/bathroom/104_bat.jpg,stimuli/own/bathroom/136_bat.jpg,NaN,NaN,NaN,NaN,NaN,NaN,NaN,NaN,0,332,332,124,3033.443844708,NaN,NaN,NaN,NaN,NaN,NaN,NaN,,NaN,,3033.737363083,3033.901940458,3033.901940458,3033.901940458,3033.901940458,3033.901940458,3033.901940458,3033.901940458,3033.901940458,3033.901940458,3038.497048208,-7,7,6,4,2.02472562499861,3,3.68365091699889,3033.442083458,3033.443844708,3033.901940458,3033.73734875,NaN,NaN,NaN,NaN,,NaN,,3033.438651083,3033.442037666,None,NaN,NaN,,NaN,NaN,NaN,NaN,NaN,NaN,NaN,21,bathroom,2,2024-05-18_13h32.14.141,image_similarity_rating,2023.2.3,None,2024-05-18 13h33.25.122132 +0200
,124,131,481,481,stimuli/own/bathroom/124_bat.jpg,stimuli/own/bathroom/131_bat.jpg,NaN,NaN,NaN,NaN,NaN,NaN,NaN,NaN,0,333,333,480,3038.502628125,NaN,NaN,NaN,NaN,NaN,NaN,NaN,,NaN,,3038.787275208,3038.956452791,3038.956452791,3038.956452791,3038.956452791,3038.956452791,3038.956452791,3038.956452791,3038.956452791,3038.956452791,3043.480153125,7,-7,6,3,1.66154704200017,2,3.81178562499917,3038.500697666,3038.502628125,3038.956452791,3038.78726,NaN,NaN,NaN,NaN,,NaN,,3038.497265625,3038.500652083,None,NaN,NaN,,NaN,NaN,NaN,NaN,NaN,NaN,NaN,21,bathroom,2,2024-05-18_13h32.14.141,image_similarity_rating,2023.2.3,None,2024-05-18 13h33.25.122132 +0200
,120,131,415,415,stimuli/own/bathroom/120_bat.jpg,stimuli/own/bathroom/131_bat.jpg,NaN,NaN,NaN,NaN,NaN,NaN,NaN,NaN,0,334,334,414,3043.485983125,NaN,NaN,NaN,NaN,NaN,NaN,NaN,,NaN,,3043.770701416,3043.934633875,3043.934633875,3043.934633875,3043.934633875,3043.934633875,3043.934633875,3043.934633875,3043.934633875,3043.934633875,3047.326062708,-7,7,6,2,1.57273391600029,1,2.74149116699846,3043.483795708,3043.485983125,3043.934633875,3043.770684708,NaN,NaN,NaN,NaN,,NaN,,3043.480370291,3043.483750291,None,NaN,NaN,,NaN,NaN,NaN,NaN,NaN,NaN,NaN,21,bathroom,2,2024-05-18_13h32.14.141,image_similarity_rating,2023.2.3,None,2024-05-18 13h33.25.122132 +0200
,136,138,582,582,stimuli/own/bathroom/136_bat.jpg,stimuli/own/bathroom/138_bat.jpg,NaN,NaN,NaN,NaN,NaN,NaN,NaN,NaN,0,335,335,581,3047.336153833,NaN,NaN,NaN,NaN,NaN,NaN,NaN,,NaN,,3047.620743666,3047.789633833,3047.789633833,3047.789633833,3047.789633833,3047.789633833,3047.789633833,3047.789633833,3047.789633833,3047.789633833,3051.951394083,7,-7,6,3,2.90112054200108,3,3.33922829100084,3047.329701791,3047.336153833,3047.789633833,3047.620728125,NaN,NaN,NaN,NaN,,NaN,,3047.326279208,3047.32965675,None,NaN,NaN,,NaN,NaN,NaN,NaN,NaN,NaN,NaN,21,bathroom,2,2024-05-18_13h32.14.141,image_similarity_rating,2023.2.3,None,2024-05-18 13h33.25.122132 +0200
,109,117,195,195,stimuli/own/bathroom/109_bat.jpg,stimuli/own/bathroom/117_bat.jpg,NaN,NaN,NaN,NaN,NaN,NaN,NaN,NaN,0,336,336,194,3051.957039166,NaN,NaN,NaN,NaN,NaN,NaN,NaN,,NaN,,3052.241642583,3052.408948708,3052.408948708,3052.408948708,3052.408948708,3052.408948708,3052.408948708,3052.408948708,3052.408948708,3052.408948708,3056.734985083,7,-7,6,4,2.1287904159999,3,3.22676870900068,3051.955114541,3051.957039166,3052.408948708,3052.241629166,NaN,NaN,NaN,NaN,,NaN,,3051.951610916,3051.955068666,None,NaN,NaN,,NaN,NaN,NaN,NaN,NaN,NaN,NaN,21,bathroom,2,2024-05-18_13h32.14.141,image_similarity_rating,2023.2.3,None,2024-05-18 13h33.25.122132 +0200
,131,137,555,555,stimuli/own/bathroom/131_bat.jpg,stimuli/own/bathroom/137_bat.jpg,NaN,NaN,NaN,NaN,NaN,NaN,NaN,NaN,0,337,337,554,3056.740587625,NaN,NaN,NaN,NaN,NaN,NaN,NaN,,NaN,,3057.024929,3057.193051833,3057.193051833,3057.193051833,3057.193051833,3057.193051833,3057.193051833,3057.193051833,3057.193051833,3057.193051833,3062.555108541,7,-7,6,1,3.59184770899992,7,4.49994091699955,3056.73868575,3056.740587625,3057.193051833,3057.024914541,NaN,NaN,NaN,NaN,,NaN,,3056.735216958,3056.738639416,None,NaN,NaN,,NaN,NaN,NaN,NaN,NaN,NaN,NaN,21,bathroom,2,2024-05-18_13h32.14.141,image_similarity_rating,2023.2.3,None,2024-05-18 13h33.25.122132 +0200
,135,139,578,578,stimuli/own/bathroom/135_bat.jpg,stimuli/own/bathroom/139_bat.jpg,NaN,NaN,NaN,NaN,NaN,NaN,NaN,NaN,0,338,338,577,3062.560783375,NaN,NaN,NaN,NaN,NaN,NaN,NaN,,NaN,,3062.853908125,3063.017914666,3063.017914666,3063.017914666,3063.017914666,3063.017914666,3063.017914666,3063.017914666,3063.017914666,3063.017914666,3066.567958125,-7,7,6,4,2.19271875000049,3,2.78635054200095,3062.558844,3062.560783375,3063.017914666,3062.85389425,NaN,NaN,NaN,NaN,,NaN,,3062.555325208,3062.55879875,None,NaN,NaN,,NaN,NaN,NaN,NaN,NaN,NaN,NaN,21,bathroom,2,2024-05-18_13h32.14.141,image_similarity_rating,2023.2.3,None,2024-05-18 13h33.25.122132 +0200
,106,131,180,180,stimuli/own/bathroom/106_bat.jpg,stimuli/own/bathroom/131_bat.jpg,NaN,NaN,NaN,NaN,NaN,NaN,NaN,NaN,0,339,339,179,3066.5733705,NaN,NaN,NaN,NaN,NaN,NaN,NaN,,NaN,,3066.858298208,3067.029392208,3067.029392208,3067.029392208,3067.029392208,3067.029392208,3067.029392208,3067.029392208,3067.029392208,3067.029392208,3069.855065958,7,-7,6,3,1.69345004200113,2,2.07090441699984,3066.571625166,3066.5733705,3067.029392208,3066.858283625,NaN,NaN,NaN,NaN,,NaN,,3066.56817275,3066.571579458,None,NaN,NaN,,NaN,NaN,NaN,NaN,NaN,NaN,NaN,21,bathroom,2,2024-05-18_13h32.14.141,image_similarity_rating,2023.2.3,None,2024-05-18 13h33.25.122132 +0200
,112,116,247,247,stimuli/own/bathroom/112_bat.jpg,stimuli/own/bathroom/116_bat.jpg,NaN,NaN,NaN,NaN,NaN,NaN,NaN,NaN,0,340,340,246,3069.860455291,NaN,NaN,NaN,NaN,NaN,NaN,NaN,,NaN,,3070.153990416,3070.319408041,3070.319408041,3070.319408041,3070.319408041,3070.319408041,3070.319408041,3070.319408041,3070.319408041,3070.319408041,3073.559587416,-7,7,6,4,1.89691466699878,5,2.25165054200079,3069.858714833,3069.860455291,3070.319408041,3070.153974958,NaN,NaN,NaN,NaN,,NaN,,3069.85528025,3069.8586695,None,NaN,NaN,,NaN,NaN,NaN,NaN,NaN,NaN,NaN,21,bathroom,2,2024-05-18_13h32.14.141,image_similarity_rating,2023.2.3,None,2024-05-18 13h33.25.122132 +0200
,106,126,176,176,stimuli/own/bathroom/106_bat.jpg,stimuli/own/bathroom/126_bat.jpg,NaN,NaN,NaN,NaN,NaN,NaN,NaN,NaN,0,341,341,175,3073.569386291,NaN,NaN,NaN,NaN,NaN,NaN,NaN,,NaN,,3073.853816041,3074.019431583,3074.019431583,3074.019431583,3074.019431583,3074.019431583,3074.019431583,3074.019431583,3074.019431583,3074.019431583,3077.52566075,-7,7,6,4,2.08367970899963,4,2.43160050000006,3073.563237208,3073.569386291,3074.019431583,3073.853800958,NaN,NaN,NaN,NaN,,NaN,,3073.559804041,3073.56319125,None,NaN,NaN,,NaN,NaN,NaN,NaN,NaN,NaN,NaN,21,bathroom,2,2024-05-18_13h32.14.141,image_similarity_rating,2023.2.3,None,2024-05-18 13h33.25.122132 +0200
,103,131,90,90,stimuli/own/bathroom/103_bat.jpg,stimuli/own/bathroom/131_bat.jpg,NaN,NaN,NaN,NaN,NaN,NaN,NaN,NaN,0,342,342,89,3077.5358905,NaN,NaN,NaN,NaN,NaN,NaN,NaN,,NaN,,3077.820526208,3077.983366041,3077.983366041,3077.983366041,3077.983366041,3077.983366041,3077.983366041,3077.983366041,3077.983366041,3077.983366041,3082.097237291,7,-7,6,2,2.23144066700115,3,3.20181516599951,3077.529388791,3077.5358905,3077.983366041,3077.820514333,NaN,NaN,NaN,NaN,,NaN,,3077.525880541,3077.529343375,None,NaN,NaN,,NaN,NaN,NaN,NaN,NaN,NaN,NaN,21,bathroom,2,2024-05-18_13h32.14.141,image_similarity_rating,2023.2.3,None,2024-05-18 13h33.25.122132 +0200
,126,138,514,514,stimuli/own/bathroom/126_bat.jpg,stimuli/own/bathroom/138_bat.jpg,NaN,NaN,NaN,NaN,NaN,NaN,NaN,NaN,0,343,343,513,3082.119484583,NaN,NaN,NaN,NaN,NaN,NaN,NaN,,NaN,,3082.403321541,3082.571137166,3082.571137166,3082.571137166,3082.571137166,3082.571137166,3082.571137166,3082.571137166,3082.571137166,3082.571137166,3087.443306791,7,-7,6,3,1.67387320799935,3,3.87879145799889,3082.10087575,3082.119484583,NaN,3082.403297875,NaN,NaN,NaN,NaN,,NaN,,3082.09745375,3082.100830375,None,NaN,NaN,,NaN,NaN,NaN,NaN,NaN,NaN,NaN,21,bathroom,2,2024-05-18_13h32.14.141,image_similarity_rating,2023.2.3,None,2024-05-18 13h33.25.122132 +0200
,127,140,528,528,stimuli/own/bathroom/127_bat.jpg,stimuli/own/bathroom/140_bat.jpg,NaN,NaN,NaN,NaN,NaN,NaN,NaN,NaN,0,344,344,527,3087.452673125,NaN,NaN,NaN,NaN,NaN,NaN,NaN,,NaN,,3087.737231541,3087.902744833,3087.902744833,3087.902744833,3087.902744833,3087.902744833,3087.902744833,3087.902744833,3087.902744833,3087.902744833,3092.605069291,-7,7,6,3,2.57205658299972,4,3.9473829159997,3087.446955666,3087.452673125,3087.902744833,3087.737213041,NaN,NaN,NaN,NaN,,NaN,,3087.443524958,3087.446910333,None,NaN,NaN,,NaN,NaN,NaN,NaN,NaN,NaN,NaN,21,bathroom,2,2024-05-18_13h32.14.141,image_similarity_rating,2023.2.3,None,2024-05-18 13h33.25.122132 +0200
,105,113,135,135,stimuli/own/bathroom/105_bat.jpg,stimuli/own/bathroom/113_bat.jpg,NaN,NaN,NaN,NaN,NaN,NaN,NaN,NaN,0,345,345,134,3092.610647083,NaN,NaN,NaN,NaN,NaN,NaN,NaN,,NaN,,3092.903808958,3093.070163916,3093.070163916,3093.070163916,3093.070163916,3093.070163916,3093.070163916,3093.070163916,3093.070163916,3093.070163916,3096.880080625,-7,7,6,4,1.56027116599944,5,2.8104962080015,3092.608713375,3092.610647083,3093.070163916,3092.903794666,NaN,NaN,NaN,NaN,,NaN,,3092.605286,3092.608668208,None,NaN,NaN,,NaN,NaN,NaN,NaN,NaN,NaN,NaN,21,bathroom,2,2024-05-18_13h32.14.141,image_similarity_rating,2023.2.3,None,2024-05-18 13h33.25.122132 +0200
,127,137,525,525,stimuli/own/bathroom/127_bat.jpg,stimuli/own/bathroom/137_bat.jpg,NaN,NaN,NaN,NaN,NaN,NaN,NaN,NaN,0,346,346,524,3096.885745541,NaN,NaN,NaN,NaN,NaN,NaN,NaN,,NaN,,3097.170241375,3097.335284666,3097.335284666,3097.335284666,3097.335284666,3097.335284666,3097.335284666,3097.335284666,3097.335284666,3097.335284666,3100.992583,7,-7,6,2,2.03619116600021,1,2.54481512500024,3096.883860791,3096.885745541,3097.335284666,3097.170226375,NaN,NaN,NaN,NaN,,NaN,,3096.880297666,3096.883815583,None,NaN,NaN,,NaN,NaN,NaN,NaN,NaN,NaN,NaN,21,bathroom,2,2024-05-18_13h32.14.141,image_similarity_rating,2023.2.3,None,2024-05-18 13h33.25.122132 +0200
,124,134,483,483,stimuli/own/bathroom/124_bat.jpg,stimuli/own/bathroom/134_bat.jpg,NaN,NaN,NaN,NaN,NaN,NaN,NaN,NaN,0,347,347,482,3101.002662208,NaN,NaN,NaN,NaN,NaN,NaN,NaN,,NaN,,3101.287234208,3101.456105666,3101.456105666,3101.456105666,3101.456105666,3101.456105666,3101.456105666,3101.456105666,3101.456105666,3101.456105666,3104.95956875,-7,7,6,4,2.03700174999904,4,2.49171329199999,3100.996225791,3101.002662208,3101.456105666,3101.287212791,NaN,NaN,NaN,NaN,,NaN,,3100.992797875,3100.996180208,None,NaN,NaN,,NaN,NaN,NaN,NaN,NaN,NaN,NaN,21,bathroom,2,2024-05-18_13h32.14.141,image_similarity_rating,2023.2.3,None,2024-05-18 13h33.25.122132 +0200
,140,141,595,595,stimuli/own/bathroom/140_bat.jpg,stimuli/own/bathroom/141_bat.jpg,NaN,NaN,NaN,NaN,NaN,NaN,NaN,NaN,0,348,348,594,3104.969603041,NaN,NaN,NaN,NaN,NaN,NaN,NaN,,NaN,,3105.25383125,3105.422827875,3105.422827875,3105.422827875,3105.422827875,3105.422827875,3105.422827875,3105.422827875,3105.422827875,3105.422827875,3108.908767208,7,-7,6,3,2.02861704099996,4,2.54395112499878,3104.963214458,3104.969603041,3105.422827875,3105.253813375,NaN,NaN,NaN,NaN,,NaN,,3104.959786541,3104.9631695,None,NaN,NaN,,NaN,NaN,NaN,NaN,NaN,NaN,NaN,21,bathroom,2,2024-05-18_13h32.14.141,image_similarity_rating,2023.2.3,None,2024-05-18 13h33.25.122132 +0200
,101,141,34,34,stimuli/own/bathroom/101_bat.jpg,stimuli/own/bathroom/141_bat.jpg,NaN,NaN,NaN,NaN,NaN,NaN,NaN,NaN,0,349,349,33,3108.919150875,NaN,NaN,NaN,NaN,NaN,NaN,NaN,,NaN,,3109.203813333,3109.369257416,3109.369257416,3109.369257416,3109.369257416,3109.369257416,3109.369257416,3109.369257416,3109.369257416,3109.369257416,3112.996520833,7,-7,6,4,1.86374454100041,5,2.45460687500054,3108.912414541,3108.919150875,3109.369257416,3109.203791708,NaN,NaN,NaN,NaN,,NaN,,3108.90898375,3108.912368958,None,NaN,NaN,,NaN,NaN,NaN,NaN,NaN,NaN,NaN,21,bathroom,2,2024-05-18_13h32.14.141,image_similarity_rating,2023.2.3,None,2024-05-18 13h33.25.122132 +0200
,119,122,388,388,stimuli/own/bathroom/119_bat.jpg,stimuli/own/bathroom/122_bat.jpg,NaN,NaN,NaN,NaN,NaN,NaN,NaN,NaN,0,350,350,387,3113.002397666,NaN,NaN,NaN,NaN,NaN,NaN,NaN,,NaN,,3113.287112916,3113.451589125,3113.451589125,3113.451589125,3113.451589125,3113.451589125,3113.451589125,3113.451589125,3113.451589125,3113.451589125,3116.996884958,7,-7,6,2,2.27539079200142,2,2.74643683300019,3113.000161916,3113.002397666,3113.451589125,3113.287098666,NaN,NaN,NaN,NaN,,NaN,,3112.996743791,3113.000116125,None,NaN,NaN,,NaN,NaN,NaN,NaN,NaN,NaN,NaN,21,bathroom,2,2024-05-18_13h32.14.141,image_similarity_rating,2023.2.3,None,2024-05-18 13h33.25.122132 +0200
,127,129,518,518,stimuli/own/bathroom/127_bat.jpg,stimuli/own/bathroom/129_bat.jpg,NaN,NaN,NaN,NaN,NaN,NaN,NaN,NaN,0,351,351,517,3117.002492208,NaN,NaN,NaN,NaN,NaN,NaN,NaN,,NaN,,3117.287115708,3117.452995333,3117.452995333,3117.452995333,3117.452995333,3117.452995333,3117.452995333,3117.452995333,3117.452995333,3117.452995333,3121.543042291,-7,7,6,5,3.29766166700028,6,2.44959824999933,3117.000643291,3117.002492208,3117.452995333,3117.287101125,NaN,NaN,NaN,NaN,,NaN,,3116.997101083,3117.000598083,None,NaN,NaN,,NaN,NaN,NaN,NaN,NaN,NaN,NaN,21,bathroom,2,2024-05-18_13h32.14.141,image_similarity_rating,2023.2.3,None,2024-05-18 13h33.25.122132 +0200
,103,125,85,85,stimuli/own/bathroom/103_bat.jpg,stimuli/own/bathroom/125_bat.jpg,NaN,NaN,NaN,NaN,NaN,NaN,NaN,NaN,0,352,352,84,3121.552406,NaN,NaN,NaN,NaN,NaN,NaN,NaN,,NaN,,3121.837114083,3122.004527041,3122.004527041,3122.004527041,3122.004527041,3122.004527041,3122.004527041,3122.004527041,3122.004527041,3122.004527041,3127.575358166,7,-7,6,4,2.45753974999934,3,4.21209912500126,3121.546688458,3121.552406,3122.004527041,3121.837095708,NaN,NaN,NaN,NaN,,NaN,,3121.543258,3121.546643125,None,NaN,NaN,,NaN,NaN,NaN,NaN,NaN,NaN,NaN,21,bathroom,2,2024-05-18_13h32.14.141,image_similarity_rating,2023.2.3,None,2024-05-18 13h33.25.122132 +0200
,102,139,65,607,stimuli/own/bathroom/102_bat.jpg,stimuli/own/bathroom/139_bat.jpg,NaN,NaN,NaN,NaN,NaN,NaN,NaN,NaN,0,353,353,606,3127.58589575,NaN,NaN,NaN,NaN,NaN,NaN,NaN,,NaN,,3127.870714916,3128.042040958,3128.042040958,3128.042040958,3128.042040958,3128.042040958,3128.042040958,3128.042040958,3128.042040958,3128.042040958,3131.638959416,-7,7,6,3,1.67716658400059,1,2.64860604200112,3127.579000041,3127.58589575,3128.042040958,3127.870693458,NaN,NaN,NaN,NaN,,NaN,,3127.575574875,3127.578952,None,NaN,NaN,,NaN,NaN,NaN,NaN,NaN,NaN,NaN,21,bathroom,2,2024-05-18_13h32.14.141,image_similarity_rating,2023.2.3,None,2024-05-18 13h33.25.122132 +0200
,114,120,300,300,stimuli/own/bathroom/114_bat.jpg,stimuli/own/bathroom/120_bat.jpg,NaN,NaN,NaN,NaN,NaN,NaN,NaN,NaN,0,354,354,299,3131.644470583,NaN,NaN,NaN,NaN,NaN,NaN,NaN,,NaN,,3131.937111583,3132.102094708,3132.102094708,3132.102094708,3132.102094708,3132.102094708,3132.102094708,3132.102094708,3132.102094708,3132.102094708,3135.5254975,-7,7,6,4,2.04232450000018,4,2.52562270799899,3131.642706541,3131.644470583,3132.102094708,3131.937096958,NaN,NaN,NaN,NaN,,NaN,,3131.639175833,3131.642661041,None,NaN,NaN,,NaN,NaN,NaN,NaN,NaN,NaN,NaN,21,bathroom,2,2024-05-18_13h32.14.141,image_similarity_rating,2023.2.3,None,2024-05-18 13h33.25.122132 +0200
,101,116,11,11,stimuli/own/bathroom/101_bat.jpg,stimuli/own/bathroom/116_bat.jpg,NaN,NaN,NaN,NaN,NaN,NaN,NaN,NaN,0,355,355,10,3135.535718916,NaN,NaN,NaN,NaN,NaN,NaN,NaN,,NaN,,3135.820137875,3135.985920708,3135.985920708,3135.985920708,3135.985920708,3135.985920708,3135.985920708,3135.985920708,3135.985920708,3135.985920708,3139.209157916,7,-7,6,3,1.85262462500032,4,2.39922979200128,3135.52915425,3135.535718916,3135.985920708,3135.820123083,NaN,NaN,NaN,NaN,,NaN,,3135.525717541,3135.529109541,None,NaN,NaN,,NaN,NaN,NaN,NaN,NaN,NaN,NaN,21,bathroom,2,2024-05-18_13h32.14.141,image_similarity_rating,2023.2.3,None,2024-05-18 13h33.25.122132 +0200
,125,137,500,500,stimuli/own/bathroom/125_bat.jpg,stimuli/own/bathroom/137_bat.jpg,NaN,NaN,NaN,NaN,NaN,NaN,NaN,NaN,0,356,356,499,3139.21923875,NaN,NaN,NaN,NaN,NaN,NaN,NaN,,NaN,,3139.503551416,3139.667645041,3139.667645041,3139.667645041,3139.667645041,3139.667645041,3139.667645041,3139.667645041,3139.667645041,3139.667645041,3143.308822833,-7,7,6,4,2.02263595800105,2,2.66753650000101,3139.212806791,3139.21923875,3139.667645041,3139.5035385,NaN,NaN,NaN,NaN,,NaN,,3139.209372,3139.212760833,None,NaN,NaN,,NaN,NaN,NaN,NaN,NaN,NaN,NaN,21,bathroom,2,2024-05-18_13h32.14.141,image_similarity_rating,2023.2.3,None,2024-05-18 13h33.25.122132 +0200
,112,113,245,245,stimuli/own/bathroom/112_bat.jpg,stimuli/own/bathroom/113_bat.jpg,NaN,NaN,NaN,NaN,NaN,NaN,NaN,NaN,0,357,357,244,3143.31916025,NaN,NaN,NaN,NaN,NaN,NaN,NaN,,NaN,,3143.603768,3143.771102583,3143.771102583,3143.771102583,3143.771102583,3143.771102583,3143.771102583,3143.771102583,3143.771102583,3143.771102583,3147.359195375,-7,7,6,5,1.84355583300021,6,2.73827900000106,3143.312474291,3143.31916025,3143.771102583,3143.603747875,NaN,NaN,NaN,NaN,,NaN,,3143.309037166,3143.312429125,None,NaN,NaN,,NaN,NaN,NaN,NaN,NaN,NaN,NaN,21,bathroom,2,2024-05-18_13h32.14.141,image_similarity_rating,2023.2.3,None,2024-05-18 13h33.25.122132 +0200
,123,140,474,474,stimuli/own/bathroom/123_bat.jpg,stimuli/own/bathroom/140_bat.jpg,NaN,NaN,NaN,NaN,NaN,NaN,NaN,NaN,0,358,358,473,3147.369033541,NaN,NaN,NaN,NaN,NaN,NaN,NaN,,NaN,,3147.653751416,3147.823471,3147.823471,3147.823471,3147.823471,3147.823471,3147.823471,3147.823471,3147.823471,3147.823471,3150.838862916,7,-7,6,4,1.51174095799979,5,2.09065349999946,3147.362845,3147.369033541,3147.823471,3147.653734625,NaN,NaN,NaN,NaN,,NaN,,3147.359411208,3147.362799291,None,NaN,NaN,,NaN,NaN,NaN,NaN,NaN,NaN,NaN,21,bathroom,2,2024-05-18_13h32.14.141,image_similarity_rating,2023.2.3,None,2024-05-18 13h33.25.122132 +0200
,106,120,170,170,stimuli/own/bathroom/106_bat.jpg,stimuli/own/bathroom/120_bat.jpg,NaN,NaN,NaN,NaN,NaN,NaN,NaN,NaN,0,359,359,169,3150.84441725,NaN,NaN,NaN,NaN,NaN,NaN,NaN,,NaN,,3151.137000375,3151.308402833,3151.308402833,3151.308402833,3151.308402833,3151.308402833,3151.308402833,3151.308402833,3151.308402833,3151.308402833,3155.638142916,7,-7,6,3,2.65280345799874,1,3.56757862500126,3150.842505666,3150.84441725,3151.308402833,3151.136983291,NaN,NaN,NaN,NaN,,NaN,,3150.839086458,3150.842459958,None,NaN,NaN,,NaN,NaN,NaN,NaN,NaN,NaN,NaN,21,bathroom,2,2024-05-18_13h32.14.141,image_similarity_rating,2023.2.3,None,2024-05-18 13h33.25.122132 +0200
,105,122,143,143,stimuli/own/bathroom/105_bat.jpg,stimuli/own/bathroom/122_bat.jpg,NaN,NaN,NaN,NaN,NaN,NaN,NaN,NaN,0,360,360,142,3155.643698666,NaN,NaN,NaN,NaN,NaN,NaN,NaN,,NaN,,3155.937018833,3156.103794666,3156.103794666,3156.103794666,3156.103794666,3156.103794666,3156.103794666,3156.103794666,3156.103794666,3156.103794666,3159.463268208,7,-7,6,4,1.97485308400064,2,2.72939779100125,3155.641779333,3155.643698666,3156.103794666,3155.9369985,NaN,NaN,NaN,NaN,,NaN,,3155.638359208,3155.641733833,None,NaN,NaN,,NaN,NaN,NaN,NaN,NaN,NaN,NaN,21,bathroom,2,2024-05-18_13h32.14.141,image_similarity_rating,2023.2.3,None,2024-05-18 13h33.25.122132 +0200
,104,139,128,128,stimuli/own/bathroom/104_bat.jpg,stimuli/own/bathroom/139_bat.jpg,NaN,NaN,NaN,NaN,NaN,NaN,NaN,NaN,0,361,361,127,3159.469011833,NaN,NaN,NaN,NaN,NaN,NaN,NaN,,NaN,,3159.753581708,3159.918888125,3159.918888125,3159.918888125,3159.918888125,3159.918888125,3159.918888125,3159.918888125,3159.918888125,3159.918888125,3163.038139666,-7,7,6,4,1.58629129099972,3,2.18299608300003,3159.467029416,3159.469011833,3159.918888125,3159.753567208,NaN,NaN,NaN,NaN,,NaN,,3159.463481833,3159.466983875,None,NaN,NaN,,NaN,NaN,NaN,NaN,NaN,NaN,NaN,21,bathroom,2,2024-05-18_13h32.14.141,image_similarity_rating,2023.2.3,None,2024-05-18 13h33.25.122132 +0200
,106,121,171,171,stimuli/own/bathroom/106_bat.jpg,stimuli/own/bathroom/121_bat.jpg,NaN,NaN,NaN,NaN,NaN,NaN,NaN,NaN,0,362,362,170,3163.043702625,NaN,NaN,NaN,NaN,NaN,NaN,NaN,,NaN,,3163.336820958,3163.501710458,3163.501710458,3163.501710458,3163.501710458,3163.501710458,3163.501710458,3163.501710458,3163.501710458,3163.501710458,3166.62613175,-7,7,6,3,1.61074474999987,3,2.350373958001,3163.041772291,3163.043702625,3163.501710458,3163.336807708,NaN,NaN,NaN,NaN,,NaN,,3163.03835525,3163.041727625,None,NaN,NaN,,NaN,NaN,NaN,NaN,NaN,NaN,NaN,21,bathroom,2,2024-05-18_13h32.14.141,image_similarity_rating,2023.2.3,None,2024-05-18 13h33.25.122132 +0200
,105,117,138,138,stimuli/own/bathroom/105_bat.jpg,stimuli/own/bathroom/117_bat.jpg,NaN,NaN,NaN,NaN,NaN,NaN,NaN,NaN,0,363,363,137,3166.635823416,NaN,NaN,NaN,NaN,NaN,NaN,NaN,,NaN,,3166.920273833,3167.087239666,3167.087239666,3167.087239666,3167.087239666,3167.087239666,3167.087239666,3167.087239666,3167.087239666,3167.087239666,3170.880144541,7,-7,6,4,2.28523129200039,3,2.86607291700057,3166.629873875,3166.635823416,3167.087239666,3166.920258291,NaN,NaN,NaN,NaN,,NaN,,3166.626347625,3166.629828791,None,NaN,NaN,,NaN,NaN,NaN,NaN,NaN,NaN,NaN,21,bathroom,2,2024-05-18_13h32.14.141,image_similarity_rating,2023.2.3,None,2024-05-18 13h33.25.122132 +0200
,113,134,288,288,stimuli/own/bathroom/113_bat.jpg,stimuli/own/bathroom/134_bat.jpg,NaN,NaN,NaN,NaN,NaN,NaN,NaN,NaN,0,364,364,287,3170.885585083,NaN,NaN,NaN,NaN,NaN,NaN,NaN,,NaN,,3171.170275375,3171.341597416,3171.341597416,3171.341597416,3171.341597416,3171.341597416,3171.341597416,3171.341597416,3171.341597416,3171.341597416,3176.938511541,-7,7,6,3,4.0438496250008,4,4.7461506669988,3170.8837895,3170.885585083,3171.341597416,3171.170258208,NaN,NaN,NaN,NaN,,NaN,,3170.880363833,3170.88374425,None,NaN,NaN,,NaN,NaN,NaN,NaN,NaN,NaN,NaN,21,bathroom,2,2024-05-18_13h32.14.141,image_similarity_rating,2023.2.3,None,2024-05-18 13h33.25.122132 +0200
,102,139,65,606,stimuli/own/bathroom/102_bat.jpg,stimuli/own/bathroom/139_bat.jpg,NaN,NaN,NaN,NaN,NaN,NaN,NaN,NaN,0,365,365,605,3176.944106666,NaN,NaN,NaN,NaN,NaN,NaN,NaN,,NaN,,3177.23686875,3177.401811208,3177.401811208,3177.401811208,3177.401811208,3177.401811208,3177.401811208,3177.401811208,3177.401811208,3177.401811208,3180.655050125,7,-7,6,3,1.93629566599884,1,2.55448129199976,3176.942164833,3176.944106666,3177.401811208,3177.236854208,NaN,NaN,NaN,NaN,,NaN,,3176.938729125,3176.942119166,None,NaN,NaN,,NaN,NaN,NaN,NaN,NaN,NaN,NaN,21,bathroom,2,2024-05-18_13h32.14.141,image_similarity_rating,2023.2.3,None,2024-05-18 13h33.25.122132 +0200
,119,135,399,399,stimuli/own/bathroom/119_bat.jpg,stimuli/own/bathroom/135_bat.jpg,NaN,NaN,NaN,NaN,NaN,NaN,NaN,NaN,0,366,366,398,3180.660481,NaN,NaN,NaN,NaN,NaN,NaN,NaN,,NaN,,3180.953541208,3181.120714208,3181.120714208,3181.120714208,3181.120714208,3181.120714208,3181.120714208,3181.120714208,3181.120714208,3181.120714208,3184.28803375,7,-7,6,5,2.00427866700011,4,2.47904904200004,3180.658718833,3180.660481,3181.120714208,3180.953524208,NaN,NaN,NaN,NaN,,NaN,,3180.655266083,3180.658669458,None,NaN,NaN,,NaN,NaN,NaN,NaN,NaN,NaN,NaN,21,bathroom,2,2024-05-18_13h32.14.141,image_similarity_rating,2023.2.3,None,2024-05-18 13h33.25.122132 +0200
,109,121,199,199,stimuli/own/bathroom/109_bat.jpg,stimuli/own/bathroom/121_bat.jpg,NaN,NaN,NaN,NaN,NaN,NaN,NaN,NaN,0,367,367,198,3184.293727708,NaN,NaN,NaN,NaN,NaN,NaN,NaN,,NaN,,3184.586930958,3184.754213125,3184.754213125,3184.754213125,3184.754213125,3184.754213125,3184.754213125,3184.754213125,3184.754213125,3184.754213125,3188.534294625,7,-7,6,4,1.54056241600119,5,2.80447233300038,3184.291791666,3184.293727708,3184.754213125,3184.586915291,NaN,NaN,NaN,NaN,,NaN,,3184.28824775,3184.291746333,None,NaN,NaN,,NaN,NaN,NaN,NaN,NaN,NaN,NaN,21,bathroom,2,2024-05-18_13h32.14.141,image_similarity_rating,2023.2.3,None,2024-05-18 13h33.25.122132 +0200
,118,140,384,384,stimuli/own/bathroom/118_bat.jpg,stimuli/own/bathroom/140_bat.jpg,NaN,NaN,NaN,NaN,NaN,NaN,NaN,NaN,0,368,368,383,3188.539941916,NaN,NaN,NaN,NaN,NaN,NaN,NaN,,NaN,,3188.82514575,3188.9941455,3188.9941455,3188.9941455,3188.9941455,3188.9941455,3188.9941455,3188.9941455,3188.9941455,3188.9941455,3193.388809708,-7,7,6,3,2.02376629100036,4,3.41954958300084,3188.538002458,3188.539941916,3188.9941455,3188.82513075,NaN,NaN,NaN,NaN,,NaN,,3188.534508916,3188.537956666,None,NaN,NaN,,NaN,NaN,NaN,NaN,NaN,NaN,NaN,21,bathroom,2,2024-05-18_13h32.14.141,image_similarity_rating,2023.2.3,None,2024-05-18 13h33.25.122132 +0200
,111,124,229,229,stimuli/own/bathroom/111_bat.jpg,stimuli/own/bathroom/124_bat.jpg,NaN,NaN,NaN,NaN,NaN,NaN,NaN,NaN,0,369,369,228,3193.394218875,NaN,NaN,NaN,NaN,NaN,NaN,NaN,,NaN,,3193.686777208,3193.852732166,3193.852732166,3193.852732166,3193.852732166,3193.852732166,3193.852732166,3193.852732166,3193.852732166,3193.852732166,3197.279940375,7,-7,6,4,1.73609891699925,5,2.54710958299984,3193.392442958,3193.394218875,3193.852732166,3193.686762833,NaN,NaN,NaN,NaN,,NaN,,3193.389028416,3193.392398083,None,NaN,NaN,,NaN,NaN,NaN,NaN,NaN,NaN,NaN,21,bathroom,2,2024-05-18_13h32.14.141,image_similarity_rating,2023.2.3,None,2024-05-18 13h33.25.122132 +0200
,117,125,350,350,stimuli/own/bathroom/117_bat.jpg,stimuli/own/bathroom/125_bat.jpg,NaN,NaN,NaN,NaN,NaN,NaN,NaN,NaN,0,370,370,349,3197.2855145,NaN,NaN,NaN,NaN,NaN,NaN,NaN,,NaN,,3197.570214208,3197.733181291,3197.733181291,3197.733181291,3197.733181291,3197.733181291,3197.733181291,3197.733181291,3197.733181291,3197.733181291,3200.917674458,7,-7,6,5,1.78774150000027,6,2.22313283299991,3197.283729791,3197.2855145,3197.733181291,3197.570202541,NaN,NaN,NaN,NaN,,NaN,,3197.280157083,3197.283683916,None,NaN,NaN,,NaN,NaN,NaN,NaN,NaN,NaN,NaN,21,bathroom,2,2024-05-18_13h32.14.141,image_similarity_rating,2023.2.3,None,2024-05-18 13h33.25.122132 +0200
,101,119,14,14,stimuli/own/bathroom/101_bat.jpg,stimuli/own/bathroom/119_bat.jpg,NaN,NaN,NaN,NaN,NaN,NaN,NaN,NaN,0,371,371,13,3200.923293166,NaN,NaN,NaN,NaN,NaN,NaN,NaN,,NaN,,3201.20749625,3201.371853458,3201.371853458,3201.371853458,3201.371853458,3201.371853458,3201.371853458,3201.371853458,3201.371853458,3201.371853458,3206.634018666,7,-7,6,5,3.26040516600006,6,4.35594437500004,3200.921369833,3200.923293166,3201.371853458,3201.207483208,NaN,NaN,NaN,NaN,,NaN,,3200.9179135,3200.921323166,None,NaN,NaN,,NaN,NaN,NaN,NaN,NaN,NaN,NaN,21,bathroom,2,2024-05-18_13h32.14.141,image_similarity_rating,2023.2.3,None,2024-05-18 13h33.25.122132 +0200
,120,130,414,414,stimuli/own/bathroom/120_bat.jpg,stimuli/own/bathroom/130_bat.jpg,NaN,NaN,NaN,NaN,NaN,NaN,NaN,NaN,0,372,372,413,3206.639790125,NaN,NaN,NaN,NaN,NaN,NaN,NaN,,NaN,,3206.924308041,3207.088536041,3207.088536041,3207.088536041,3207.088536041,3207.088536041,3207.088536041,3207.088536041,3207.088536041,3207.088536041,3210.875242666,-7,7,6,4,1.52758449999965,5,2.89421237499846,3206.637707375,3206.639790125,3207.088536041,3206.924295291,NaN,NaN,NaN,NaN,,NaN,,3206.634234333,3206.637662375,None,NaN,NaN,,NaN,NaN,NaN,NaN,NaN,NaN,NaN,21,bathroom,2,2024-05-18_13h32.14.141,image_similarity_rating,2023.2.3,None,2024-05-18 13h33.25.122132 +0200
,117,120,345,345,stimuli/own/bathroom/117_bat.jpg,stimuli/own/bathroom/120_bat.jpg,NaN,NaN,NaN,NaN,NaN,NaN,NaN,NaN,0,373,373,344,3210.885503375,NaN,NaN,NaN,NaN,NaN,NaN,NaN,,NaN,,3211.170170833,3211.335243125,3211.335243125,3211.335243125,3211.335243125,3211.335243125,3211.335243125,3211.335243125,3211.335243125,3211.335243125,3214.046470875,-7,7,6,5,1.38609512500079,5,1.77352116600014,3210.878999416,3210.885503375,3211.335243125,3211.170154625,NaN,NaN,NaN,NaN,,NaN,,3210.875457166,3210.87894075,None,NaN,NaN,,NaN,NaN,NaN,NaN,NaN,NaN,NaN,21,bathroom,2,2024-05-18_13h32.14.141,image_similarity_rating,2023.2.3,None,2024-05-18 13h33.25.122132 +0200
,111,137,240,240,stimuli/own/bathroom/111_bat.jpg,stimuli/own/bathroom/137_bat.jpg,NaN,NaN,NaN,NaN,NaN,NaN,NaN,NaN,0,374,374,239,3214.051880916,NaN,NaN,NaN,NaN,NaN,NaN,NaN,,NaN,,3214.336810041,3214.501418041,3214.501418041,3214.501418041,3214.501418041,3214.501418041,3214.501418041,3214.501418041,3214.501418041,3214.501418041,3217.846620125,-7,7,6,4,1.8620614169995,1,2.24336670900084,3214.050120416,3214.051880916,3214.501418041,3214.336795041,NaN,NaN,NaN,NaN,,NaN,,3214.046686,3214.050075166,None,NaN,NaN,,NaN,NaN,NaN,NaN,NaN,NaN,NaN,21,bathroom,2,2024-05-18_13h32.14.141,image_similarity_rating,2023.2.3,None,2024-05-18 13h33.25.122132 +0200
,132,140,566,566,stimuli/own/bathroom/132_bat.jpg,stimuli/own/bathroom/140_bat.jpg,NaN,NaN,NaN,NaN,NaN,NaN,NaN,NaN,0,375,375,565,3217.852078625,NaN,NaN,NaN,NaN,NaN,NaN,NaN,,NaN,,3218.136773416,3218.30183875,3218.30183875,3218.30183875,3218.30183875,3218.30183875,3218.30183875,3218.30183875,3218.30183875,3218.30183875,3221.500735375,-7,7,6,4,1.4859752909997,4,2.29313762499987,3217.8502665,3217.852078625,3218.30183875,3218.136753958,NaN,NaN,NaN,NaN,,NaN,,3217.84683725,3217.850221,None,NaN,NaN,,NaN,NaN,NaN,NaN,NaN,NaN,NaN,21,bathroom,2,2024-05-18_13h32.14.141,image_similarity_rating,2023.2.3,None,2024-05-18 13h33.25.122132 +0200
,111,138,241,241,stimuli/own/bathroom/111_bat.jpg,stimuli/own/bathroom/138_bat.jpg,NaN,NaN,NaN,NaN,NaN,NaN,NaN,NaN,0,376,376,240,3221.506182416,NaN,NaN,NaN,NaN,NaN,NaN,NaN,,NaN,,3221.79127325,3221.9580515,3221.9580515,3221.9580515,3221.9580515,3221.9580515,3221.9580515,3221.9580515,3221.9580515,3221.9580515,3225.454596375,7,-7,6,4,1.96372679199885,5,2.53672525000002,3221.504426416,3221.506182416,3221.9580515,3221.791255541,NaN,NaN,NaN,NaN,,NaN,,3221.500954291,3221.50438125,None,NaN,NaN,,NaN,NaN,NaN,NaN,NaN,NaN,NaN,21,bathroom,2,2024-05-18_13h32.14.141,image_similarity_rating,2023.2.3,None,2024-05-18 13h33.25.122132 +0200
,131,139,557,557,stimuli/own/bathroom/131_bat.jpg,stimuli/own/bathroom/139_bat.jpg,NaN,NaN,NaN,NaN,NaN,NaN,NaN,NaN,0,377,377,556,3225.460162791,NaN,NaN,NaN,NaN,NaN,NaN,NaN,,NaN,,3225.753500541,3225.918486625,3225.918486625,3225.918486625,3225.918486625,3225.918486625,3225.918486625,3225.918486625,3225.918486625,3225.918486625,3229.892072333,-7,7,6,2,2.23602600000049,3,3.00997716700113,3225.458239083,3225.460162791,3225.918486625,3225.753485375,NaN,NaN,NaN,NaN,,NaN,,3225.454812875,3225.458193458,None,NaN,NaN,,NaN,NaN,NaN,NaN,NaN,NaN,NaN,21,bathroom,2,2024-05-18_13h32.14.141,image_similarity_rating,2023.2.3,None,2024-05-18 13h33.25.122132 +0200
,106,130,179,179,stimuli/own/bathroom/106_bat.jpg,stimuli/own/bathroom/130_bat.jpg,NaN,NaN,NaN,NaN,NaN,NaN,NaN,NaN,0,378,378,178,3229.902068583,NaN,NaN,NaN,NaN,NaN,NaN,NaN,,NaN,,3232.036798625,3232.2097505,3232.2097505,3232.2097505,3232.2097505,3232.2097505,3232.2097505,3232.2097505,3232.2097505,3232.2097505,3236.708413416,7,-7,7,3,2.75248654200004,2,3.77706708299957,3231.74417925,3231.752841708,3232.2097505,3232.036778916,NaN,NaN,NaN,NaN,,NaN,,3229.89229075,3231.743842708,space,3229.902068583,1.84161275000042,None,NaN,NaN,NaN,NaN,NaN,NaN,NaN,21,bathroom,2,2024-05-18_13h32.14.141,image_similarity_rating,2023.2.3,None,2024-05-18 13h33.25.122132 +0200
,118,138,382,382,stimuli/own/bathroom/118_bat.jpg,stimuli/own/bathroom/138_bat.jpg,NaN,NaN,NaN,NaN,NaN,NaN,NaN,NaN,0,379,379,381,3236.718721791,NaN,NaN,NaN,NaN,NaN,NaN,NaN,,NaN,,3237.003360791,3237.16898625,3237.16898625,3237.16898625,3237.16898625,3237.16898625,3237.16898625,3237.16898625,3237.16898625,3237.16898625,3239.975389625,-7,7,7,4,1.51658395800041,4,1.93106533300124,3236.712595458,3236.718721791,3237.16898625,3237.003341875,NaN,NaN,NaN,NaN,,NaN,,3236.708629916,3236.712549083,None,NaN,NaN,,NaN,NaN,NaN,NaN,NaN,NaN,NaN,21,bathroom,2,2024-05-18_13h32.14.141,image_similarity_rating,2023.2.3,None,2024-05-18 13h33.25.122132 +0200
,123,124,460,460,stimuli/own/bathroom/123_bat.jpg,stimuli/own/bathroom/124_bat.jpg,NaN,NaN,NaN,NaN,NaN,NaN,NaN,NaN,0,380,380,459,3239.985562416,NaN,NaN,NaN,NaN,NaN,NaN,NaN,,NaN,,3240.270021375,3240.4376345,3240.4376345,3240.4376345,3240.4376345,3240.4376345,3240.4376345,3240.4376345,3240.4376345,3240.4376345,3244.067589708,-7,7,7,5,2.29038983300052,4,2.67919041599998,3239.979155666,3239.985562416,3240.4376345,3240.270004791,NaN,NaN,NaN,NaN,,NaN,,3239.975608541,3239.979110583,None,NaN,NaN,,NaN,NaN,NaN,NaN,NaN,NaN,NaN,21,bathroom,2,2024-05-18_13h32.14.141,image_similarity_rating,2023.2.3,None,2024-05-18 13h33.25.122132 +0200
,130,138,547,547,stimuli/own/bathroom/130_bat.jpg,stimuli/own/bathroom/138_bat.jpg,NaN,NaN,NaN,NaN,NaN,NaN,NaN,NaN,0,381,381,546,3244.073194,NaN,NaN,NaN,NaN,NaN,NaN,NaN,,NaN,,3244.357412208,3244.522594791,3244.522594791,3244.522594791,3244.522594791,3244.522594791,3244.522594791,3244.522594791,3244.522594791,3244.522594791,3248.187782,-7,7,7,5,1.8740049579992,5,2.70323416600149,3244.071278666,3244.073194,3244.522594791,3244.35740025,NaN,NaN,NaN,NaN,,NaN,,3244.067834625,3244.071232833,None,NaN,NaN,,NaN,NaN,NaN,NaN,NaN,NaN,NaN,21,bathroom,2,2024-05-18_13h32.14.141,image_similarity_rating,2023.2.3,None,2024-05-18 13h33.25.122132 +0200
,106,114,165,165,stimuli/own/bathroom/106_bat.jpg,stimuli/own/bathroom/114_bat.jpg,NaN,NaN,NaN,NaN,NaN,NaN,NaN,NaN,0,382,382,164,3248.19337725,NaN,NaN,NaN,NaN,NaN,NaN,NaN,,NaN,,3248.486779208,3248.651078083,3248.651078083,3248.651078083,3248.651078083,3248.651078083,3248.651078083,3248.651078083,3248.651078083,3248.651078083,3252.242023041,-7,7,7,5,2.42571708299874,2,2.79346483300105,3248.191438041,3248.19337725,3248.651078083,3248.486763625,NaN,NaN,NaN,NaN,,NaN,,3248.1879995,3248.191392375,None,NaN,NaN,,NaN,NaN,NaN,NaN,NaN,NaN,NaN,21,bathroom,2,2024-05-18_13h32.14.141,image_similarity_rating,2023.2.3,None,2024-05-18 13h33.25.122132 +0200
,135,138,577,577,stimuli/own/bathroom/135_bat.jpg,stimuli/own/bathroom/138_bat.jpg,NaN,NaN,NaN,NaN,NaN,NaN,NaN,NaN,0,383,383,576,3252.252156791,NaN,NaN,NaN,NaN,NaN,NaN,NaN,,NaN,,3252.536783333,3252.700751125,3252.700751125,3252.700751125,3252.700751125,3252.700751125,3252.700751125,3252.700751125,3252.700751125,3252.700751125,3255.421920375,7,-7,7,4,1.62391879200004,4,1.93182691699985,3252.245811,3252.252156791,3252.700751125,3252.53676925,NaN,NaN,NaN,NaN,,NaN,,3252.242239291,3252.245764833,None,NaN,NaN,,NaN,NaN,NaN,NaN,NaN,NaN,NaN,21,bathroom,2,2024-05-18_13h32.14.141,image_similarity_rating,2023.2.3,None,2024-05-18 13h33.25.122132 +0200
,113,118,274,274,stimuli/own/bathroom/113_bat.jpg,stimuli/own/bathroom/118_bat.jpg,NaN,NaN,NaN,NaN,NaN,NaN,NaN,NaN,0,384,384,273,3255.427682416,NaN,NaN,NaN,NaN,NaN,NaN,NaN,,NaN,,3255.72005825,3255.885470291,3255.885470291,3255.885470291,3255.885470291,3255.885470291,3255.885470291,3255.885470291,3255.885470291,3255.885470291,3259.291800375,-7,7,7,4,1.63588300000083,4,2.07084408299852,3255.42557625,3255.427682416,3255.885470291,3255.720043125,NaN,NaN,NaN,NaN,,NaN,,3255.422139416,3255.425530791,None,NaN,NaN,,NaN,NaN,NaN,NaN,NaN,NaN,NaN,21,bathroom,2,2024-05-18_13h32.14.141,image_similarity_rating,2023.2.3,None,2024-05-18 13h33.25.122132 +0200
,116,130,332,332,stimuli/own/bathroom/116_bat.jpg,stimuli/own/bathroom/130_bat.jpg,NaN,NaN,NaN,NaN,NaN,NaN,NaN,NaN,0,385,385,331,3259.301961625,NaN,NaN,NaN,NaN,NaN,NaN,NaN,,NaN,,3259.586734208,3259.751412333,3259.751412333,3259.751412333,3259.751412333,3259.751412333,3259.751412333,3259.751412333,3259.751412333,3259.751412333,3262.567544416,-7,7,7,4,1.59129983400089,4,1.94103016600093,3259.295567416,3259.301961625,3259.751412333,3259.586720625,NaN,NaN,NaN,NaN,,NaN,,3259.292022416,3259.295521791,None,NaN,NaN,,NaN,NaN,NaN,NaN,NaN,NaN,NaN,21,bathroom,2,2024-05-18_13h32.14.141,image_similarity_rating,2023.2.3,None,2024-05-18 13h33.25.122132 +0200
,125,139,502,502,stimuli/own/bathroom/125_bat.jpg,stimuli/own/bathroom/139_bat.jpg,NaN,NaN,NaN,NaN,NaN,NaN,NaN,NaN,0,386,386,501,3262.57317975,NaN,NaN,NaN,NaN,NaN,NaN,NaN,,NaN,,3262.857594625,3263.025953208,3263.025953208,3263.025953208,3263.025953208,3263.025953208,3263.025953208,3263.025953208,3263.025953208,3263.025953208,3265.971123791,7,-7,7,4,1.29954037500102,2,2.08298616699904,3262.57125,3262.57317975,3263.025953208,3262.85758,NaN,NaN,NaN,NaN,,NaN,,3262.567786666,3262.571203583,None,NaN,NaN,,NaN,NaN,NaN,NaN,NaN,NaN,NaN,21,bathroom,2,2024-05-18_13h32.14.141,image_similarity_rating,2023.2.3,None,2024-05-18 13h33.25.122132 +0200
,105,123,144,144,stimuli/own/bathroom/105_bat.jpg,stimuli/own/bathroom/123_bat.jpg,NaN,NaN,NaN,NaN,NaN,NaN,NaN,NaN,0,387,387,143,3265.9766765,NaN,NaN,NaN,NaN,NaN,NaN,NaN,,NaN,,3266.269963833,3266.439750208,3266.439750208,3266.439750208,3266.439750208,3266.439750208,3266.439750208,3266.439750208,3266.439750208,3266.439750208,3269.346501541,-7,7,7,4,1.50610558399967,2,1.93313283300085,3265.974875583,3265.9766765,3266.439750208,3266.26993975,NaN,NaN,NaN,NaN,,NaN,,3265.971342583,3265.974829708,None,NaN,NaN,,NaN,NaN,NaN,NaN,NaN,NaN,NaN,21,bathroom,2,2024-05-18_13h32.14.141,image_similarity_rating,2023.2.3,None,2024-05-18 13h33.25.122132 +0200
,124,141,490,490,stimuli/own/bathroom/124_bat.jpg,stimuli/own/bathroom/141_bat.jpg,NaN,NaN,NaN,NaN,NaN,NaN,NaN,NaN,0,388,388,489,3269.368887458,NaN,NaN,NaN,NaN,NaN,NaN,NaN,,NaN,,3269.65289375,3269.817794208,3269.817794208,3269.817794208,3269.817794208,3269.817794208,3269.817794208,3269.817794208,3269.817794208,3269.817794208,3272.821110916,-7,7,7,4,1.6509740829988,3,2.00496370800101,3269.350261208,3269.368887458,NaN,3269.652874791,NaN,NaN,NaN,NaN,,NaN,,3269.346717291,3269.350213333,None,NaN,NaN,,NaN,NaN,NaN,NaN,NaN,NaN,NaN,21,bathroom,2,2024-05-18_13h32.14.141,image_similarity_rating,2023.2.3,None,2024-05-18 13h33.25.122132 +0200
,126,140,516,516,stimuli/own/bathroom/126_bat.jpg,stimuli/own/bathroom/140_bat.jpg,NaN,NaN,NaN,NaN,NaN,NaN,NaN,NaN,0,389,389,515,3272.826548291,NaN,NaN,NaN,NaN,NaN,NaN,NaN,,NaN,,3273.119975083,3273.290624916,3273.290624916,3273.290624916,3273.290624916,3273.290624916,3273.290624916,3273.290624916,3273.290624916,3273.290624916,3276.108931625,-7,7,7,5,1.71669800000018,4,2.09387224999955,3272.824748333,3272.826548291,3273.290624916,3273.119959291,NaN,NaN,NaN,NaN,,NaN,,3272.821324833,3272.82470325,None,NaN,NaN,,NaN,NaN,NaN,NaN,NaN,NaN,NaN,21,bathroom,2,2024-05-18_13h32.14.141,image_similarity_rating,2023.2.3,None,2024-05-18 13h33.25.122132 +0200
,111,139,242,242,stimuli/own/bathroom/111_bat.jpg,stimuli/own/bathroom/139_bat.jpg,NaN,NaN,NaN,NaN,NaN,NaN,NaN,NaN,0,390,390,241,3276.118549541,NaN,NaN,NaN,NaN,NaN,NaN,NaN,,NaN,,3276.403320291,3276.569713666,3276.569713666,3276.569713666,3276.569713666,3276.569713666,3276.569713666,3276.569713666,3276.569713666,3276.569713666,3279.5087575,7,-7,7,4,1.19625683400045,4,1.85061320800014,3276.112591791,3276.118549541,3276.569713666,3276.403303166,NaN,NaN,NaN,NaN,,NaN,,3276.109155833,3276.112546625,None,NaN,NaN,,NaN,NaN,NaN,NaN,NaN,NaN,NaN,21,bathroom,2,2024-05-18_13h32.14.141,image_similarity_rating,2023.2.3,None,2024-05-18 13h33.25.122132 +0200
,101,136,29,29,stimuli/own/bathroom/101_bat.jpg,stimuli/own/bathroom/136_bat.jpg,NaN,NaN,NaN,NaN,NaN,NaN,NaN,NaN,0,391,391,28,3279.518784166,NaN,NaN,NaN,NaN,NaN,NaN,NaN,,NaN,,3279.803223375,3279.973162958,3279.973162958,3279.973162958,3279.973162958,3279.973162958,3279.973162958,3279.973162958,3279.973162958,3279.973162958,3282.654294208,-7,7,7,5,1.55096870799935,5,1.9149542920004,3279.5123905,3279.518784166,3279.973162958,3279.803206708,NaN,NaN,NaN,NaN,,NaN,,3279.508972833,3279.51234525,None,NaN,NaN,,NaN,NaN,NaN,NaN,NaN,NaN,NaN,21,bathroom,2,2024-05-18_13h32.14.141,image_similarity_rating,2023.2.3,None,2024-05-18 13h33.25.122132 +0200
,124,135,484,484,stimuli/own/bathroom/124_bat.jpg,stimuli/own/bathroom/135_bat.jpg,NaN,NaN,NaN,NaN,NaN,NaN,NaN,NaN,0,392,392,483,3282.660019875,NaN,NaN,NaN,NaN,NaN,NaN,NaN,,NaN,,3282.953282125,3283.117255375,3283.117255375,3283.117255375,3283.117255375,3283.117255375,3283.117255375,3283.117255375,3283.117255375,3283.117255375,3286.621988041,7,-7,7,4,1.92188512499888,5,2.6791495840007,3282.658075291,3282.660019875,3283.117255375,3282.953267083,NaN,NaN,NaN,NaN,,NaN,,3282.654509458,3282.658029458,None,NaN,NaN,,NaN,NaN,NaN,NaN,NaN,NaN,NaN,21,bathroom,2,2024-05-18_13h32.14.141,image_similarity_rating,2023.2.3,None,2024-05-18 13h33.25.122132 +0200
,112,132,262,609,stimuli/own/bathroom/112_bat.jpg,stimuli/own/bathroom/132_bat.jpg,NaN,NaN,NaN,NaN,NaN,NaN,NaN,NaN,0,393,393,608,3286.627680875,NaN,NaN,NaN,NaN,NaN,NaN,NaN,,NaN,,3286.919999166,3287.08830875,3287.08830875,3287.08830875,3287.08830875,3287.08830875,3287.08830875,3287.08830875,3287.08830875,3287.08830875,3290.429597833,7,-7,7,4,1.71514720899904,4,2.47921399999905,3286.625741458,3286.627680875,3287.08830875,3286.919983458,NaN,NaN,NaN,NaN,,NaN,,3286.622208958,3286.625692458,None,NaN,NaN,,NaN,NaN,NaN,NaN,NaN,NaN,NaN,21,bathroom,2,2024-05-18_13h32.14.141,image_similarity_rating,2023.2.3,None,2024-05-18 13h33.25.122132 +0200
,121,125,428,428,stimuli/own/bathroom/121_bat.jpg,stimuli/own/bathroom/125_bat.jpg,NaN,NaN,NaN,NaN,NaN,NaN,NaN,NaN,0,394,394,427,3290.435390958,NaN,NaN,NaN,NaN,NaN,NaN,NaN,,NaN,,3290.719904958,3290.884453166,3290.884453166,3290.884453166,3290.884453166,3290.884453166,3290.884453166,3290.884453166,3290.884453166,3290.884453166,3294.154370416,7,-7,7,4,1.50101341700065,5,2.33338725000067,3290.433251875,3290.435390958,3290.884453166,3290.719879375,NaN,NaN,NaN,NaN,,NaN,,3290.429815,3290.433206083,None,NaN,NaN,,NaN,NaN,NaN,NaN,NaN,NaN,NaN,21,bathroom,2,2024-05-18_13h32.14.141,image_similarity_rating,2023.2.3,None,2024-05-18 13h33.25.122132 +0200
,130,132,542,542,stimuli/own/bathroom/130_bat.jpg,stimuli/own/bathroom/132_bat.jpg,NaN,NaN,NaN,NaN,NaN,NaN,NaN,NaN,0,395,395,541,3294.159859666,NaN,NaN,NaN,NaN,NaN,NaN,NaN,,NaN,,3294.453199208,3294.618329833,3294.618329833,3294.618329833,3294.618329833,3294.618329833,3294.618329833,3294.618329833,3294.618329833,3294.618329833,3298.237709333,7,-7,7,5,1.43618774999959,3,2.16826899999978,3294.158109,3294.159859666,3294.618329833,3294.453184208,NaN,NaN,NaN,NaN,,NaN,,3294.154588458,3294.158060458,None,NaN,NaN,,NaN,NaN,NaN,NaN,NaN,NaN,NaN,21,bathroom,2,2024-05-18_13h32.14.141,image_similarity_rating,2023.2.3,None,2024-05-18 13h33.25.122132 +0200
,122,140,458,458,stimuli/own/bathroom/122_bat.jpg,stimuli/own/bathroom/140_bat.jpg,NaN,NaN,NaN,NaN,NaN,NaN,NaN,NaN,0,396,396,457,3298.243435708,NaN,NaN,NaN,NaN,NaN,NaN,NaN,,NaN,,3298.536566583,3298.704878625,3298.704878625,3298.704878625,3298.704878625,3298.704878625,3298.704878625,3298.704878625,3298.704878625,3298.704878625,3301.88403375,7,-7,7,4,1.86011612500079,4,2.2919082089993,3298.241498416,3298.243435708,3298.704878625,3298.536549291,NaN,NaN,NaN,NaN,,NaN,,3298.237923125,3298.241452416,None,NaN,NaN,,NaN,NaN,NaN,NaN,NaN,NaN,NaN,21,bathroom,2,2024-05-18_13h32.14.141,image_similarity_rating,2023.2.3,None,2024-05-18 13h33.25.122132 +0200
,134,140,573,573,stimuli/own/bathroom/134_bat.jpg,stimuli/own/bathroom/140_bat.jpg,NaN,NaN,NaN,NaN,NaN,NaN,NaN,NaN,0,397,397,572,3301.889783375,NaN,NaN,NaN,NaN,NaN,NaN,NaN,,NaN,,3302.173333625,3302.335682583,3302.335682583,3302.335682583,3302.335682583,3302.335682583,3302.335682583,3302.335682583,3302.335682583,3302.335682583,3305.4008495,7,-7,7,3,1.34523395799988,4,1.75050933300008,3301.887845708,3301.889783375,3302.335682583,3302.173323333,NaN,NaN,NaN,NaN,,NaN,,3301.884277458,3301.887799625,None,NaN,NaN,,NaN,NaN,NaN,NaN,NaN,NaN,NaN,21,bathroom,2,2024-05-18_13h32.14.141,image_similarity_rating,2023.2.3,None,2024-05-18 13h33.25.122132 +0200
,113,139,293,293,stimuli/own/bathroom/113_bat.jpg,stimuli/own/bathroom/139_bat.jpg,NaN,NaN,NaN,NaN,NaN,NaN,NaN,NaN,0,398,398,292,3305.406370041,NaN,NaN,NaN,NaN,NaN,NaN,NaN,,NaN,,3305.690362916,3305.8539775,3305.8539775,3305.8539775,3305.8539775,3305.8539775,3305.8539775,3305.8539775,3305.8539775,3305.8539775,3309.050906708,-7,7,7,4,1.53062316700016,4,2.10190191600122,3305.404554375,3305.406370041,3305.8539775,3305.690351166,NaN,NaN,NaN,NaN,,NaN,,3305.401083291,3305.404508375,None,NaN,NaN,,NaN,NaN,NaN,NaN,NaN,NaN,NaN,21,bathroom,2,2024-05-18_13h32.14.141,image_similarity_rating,2023.2.3,None,2024-05-18 13h33.25.122132 +0200
,109,137,213,213,stimuli/own/bathroom/109_bat.jpg,stimuli/own/bathroom/137_bat.jpg,NaN,NaN,NaN,NaN,NaN,NaN,NaN,NaN,0,399,399,212,3309.056634458,NaN,NaN,NaN,NaN,NaN,NaN,NaN,,NaN,,3309.34078725,3309.508684708,3309.508684708,3309.508684708,3309.508684708,3309.508684708,3309.508684708,3309.508684708,3309.508684708,3309.508684708,3312.684033375,7,-7,7,3,1.77473616600037,1,2.44963920800001,3309.054702458,3309.056634458,3309.508684708,3309.340769333,NaN,NaN,NaN,NaN,,NaN,,3309.051128833,3309.054657375,None,NaN,NaN,,NaN,NaN,NaN,NaN,NaN,NaN,NaN,21,bathroom,2,2024-05-18_13h32.14.141,image_similarity_rating,2023.2.3,None,2024-05-18 13h33.25.122132 +0200
,114,125,305,305,stimuli/own/bathroom/114_bat.jpg,stimuli/own/bathroom/125_bat.jpg,NaN,NaN,NaN,NaN,NaN,NaN,NaN,NaN,0,400,400,304,3312.689493333,NaN,NaN,NaN,NaN,NaN,NaN,NaN,,NaN,,3312.974188416,3313.1427935,3313.1427935,3313.1427935,3313.1427935,3313.1427935,3313.1427935,3313.1427935,3313.1427935,3313.1427935,3316.067357291,7,-7,7,1,1.22442587499972,2,1.84881295800005,3312.687747583,3312.689493333,3313.1427935,3312.974169541,NaN,NaN,NaN,NaN,,NaN,,3312.684282666,3312.687701875,None,NaN,NaN,,NaN,NaN,NaN,NaN,NaN,NaN,NaN,21,bathroom,2,2024-05-18_13h32.14.141,image_similarity_rating,2023.2.3,None,2024-05-18 13h33.25.122132 +0200
,122,137,455,455,stimuli/own/bathroom/122_bat.jpg,stimuli/own/bathroom/137_bat.jpg,NaN,NaN,NaN,NaN,NaN,NaN,NaN,NaN,0,401,401,454,3316.073010083,NaN,NaN,NaN,NaN,NaN,NaN,NaN,,NaN,,3316.357354,3316.522591541,3316.522591541,3316.522591541,3316.522591541,3316.522591541,3316.522591541,3316.522591541,3316.522591541,3316.522591541,3319.504270208,-7,7,7,2,1.50753433400132,2,2.01357079199988,3316.071018666,3316.073010083,3316.522591541,3316.357342375,NaN,NaN,NaN,NaN,,NaN,,3316.0675975,3316.070973,None,NaN,NaN,,NaN,NaN,NaN,NaN,NaN,NaN,NaN,21,bathroom,2,2024-05-18_13h32.14.141,image_similarity_rating,2023.2.3,None,2024-05-18 13h33.25.122132 +0200
,113,119,275,275,stimuli/own/bathroom/113_bat.jpg,stimuli/own/bathroom/119_bat.jpg,NaN,NaN,NaN,NaN,NaN,NaN,NaN,NaN,0,402,402,274,3319.509827541,NaN,NaN,NaN,NaN,NaN,NaN,NaN,,NaN,,3319.803126291,3319.968269708,3319.968269708,3319.968269708,3319.968269708,3319.968269708,3319.968269708,3319.968269708,3319.968269708,3319.968269708,3323.254270333,-7,7,7,6,1.82813570799954,6,2.36209529100051,3319.507919666,3319.509827541,3319.968269708,3319.803111583,NaN,NaN,NaN,NaN,,NaN,,3319.504486166,3319.507873708,None,NaN,NaN,,NaN,NaN,NaN,NaN,NaN,NaN,NaN,21,bathroom,2,2024-05-18_13h32.14.141,image_similarity_rating,2023.2.3,None,2024-05-18 13h33.25.122132 +0200
,106,119,169,169,stimuli/own/bathroom/106_bat.jpg,stimuli/own/bathroom/119_bat.jpg,NaN,NaN,NaN,NaN,NaN,NaN,NaN,NaN,0,403,403,168,3323.259676333,NaN,NaN,NaN,NaN,NaN,NaN,NaN,,NaN,,3323.553710541,3323.726327166,3323.726327166,3323.726327166,3323.726327166,3323.726327166,3323.726327166,3323.726327166,3323.726327166,3323.726327166,3326.663392083,7,-7,7,4,1.72942949999924,4,2.06297408299906,3323.257913916,3323.259676333,3323.726327166,3323.553688666,NaN,NaN,NaN,NaN,,NaN,,3323.254485375,3323.257868166,None,NaN,NaN,,NaN,NaN,NaN,NaN,NaN,NaN,NaN,21,bathroom,2,2024-05-18_13h32.14.141,image_similarity_rating,2023.2.3,None,2024-05-18 13h33.25.122132 +0200
,103,136,94,94,stimuli/own/bathroom/103_bat.jpg,stimuli/own/bathroom/136_bat.jpg,NaN,NaN,NaN,NaN,NaN,NaN,NaN,NaN,0,404,404,93,3326.685113916,NaN,NaN,NaN,NaN,NaN,NaN,NaN,,NaN,,3326.96965725,3327.135193875,3327.135193875,3327.135193875,3327.135193875,3327.135193875,3327.135193875,3327.135193875,3327.135193875,3327.135193875,3329.957996,7,-7,7,4,1.37358470800064,5,2.03115012500166,3326.667029583,3326.685113916,NaN,3326.969639416,NaN,NaN,NaN,NaN,,NaN,,3326.663606375,3326.66698225,None,NaN,NaN,,NaN,NaN,NaN,NaN,NaN,NaN,NaN,21,bathroom,2,2024-05-18_13h32.14.141,image_similarity_rating,2023.2.3,None,2024-05-18 13h33.25.122132 +0200
,131,138,556,556,stimuli/own/bathroom/131_bat.jpg,stimuli/own/bathroom/138_bat.jpg,NaN,NaN,NaN,NaN,NaN,NaN,NaN,NaN,0,405,405,555,3329.968530041,NaN,NaN,NaN,NaN,NaN,NaN,NaN,,NaN,,3330.253115083,3330.418534208,3330.418534208,3330.418534208,3330.418534208,3330.418534208,3330.418534208,3330.418534208,3330.418534208,3330.418534208,3334.562707208,-7,7,7,4,1.74722570900121,3,3.25885883400042,3329.961755541,3329.968530041,3330.418534208,3330.253100166,NaN,NaN,NaN,NaN,,NaN,,3329.958211625,3329.961709375,None,NaN,NaN,,NaN,NaN,NaN,NaN,NaN,NaN,NaN,21,bathroom,2,2024-05-18_13h32.14.141,image_similarity_rating,2023.2.3,None,2024-05-18 13h33.25.122132 +0200
,116,137,338,338,stimuli/own/bathroom/116_bat.jpg,stimuli/own/bathroom/137_bat.jpg,NaN,NaN,NaN,NaN,NaN,NaN,NaN,NaN,0,406,406,337,3334.568256791,NaN,NaN,NaN,NaN,NaN,NaN,NaN,,NaN,,3334.852959208,3335.018611708,3335.018611708,3335.018611708,3335.018611708,3335.018611708,3335.018611708,3335.018611708,3335.018611708,3335.018611708,3338.291472875,7,-7,7,4,1.68570050000017,2,2.33767699999953,3334.566350958,3334.568256791,3335.018611708,3334.852939375,NaN,NaN,NaN,NaN,,NaN,,3334.562923666,3334.566305625,None,NaN,NaN,,NaN,NaN,NaN,NaN,NaN,NaN,NaN,21,bathroom,2,2024-05-18_13h32.14.141,image_similarity_rating,2023.2.3,None,2024-05-18 13h33.25.122132 +0200
,109,130,207,207,stimuli/own/bathroom/109_bat.jpg,stimuli/own/bathroom/130_bat.jpg,NaN,NaN,NaN,NaN,NaN,NaN,NaN,NaN,0,407,407,206,3338.301791541,NaN,NaN,NaN,NaN,NaN,NaN,NaN,,NaN,,3338.586691666,3338.758494458,3338.758494458,3338.758494458,3338.758494458,3338.758494458,3338.758494458,3338.758494458,3338.758494458,3338.758494458,3342.367124,-7,7,7,2,1.66542179200042,5,2.4828160420002,3338.295218125,3338.301791541,3338.758494458,3338.58667,NaN,NaN,NaN,NaN,,NaN,,3338.291689208,3338.2951725,None,NaN,NaN,,NaN,NaN,NaN,NaN,NaN,NaN,NaN,21,bathroom,2,2024-05-18_13h32.14.141,image_similarity_rating,2023.2.3,None,2024-05-18 13h33.25.122132 +0200
,119,123,389,389,stimuli/own/bathroom/119_bat.jpg,stimuli/own/bathroom/123_bat.jpg,NaN,NaN,NaN,NaN,NaN,NaN,NaN,NaN,0,408,408,388,3342.372573458,NaN,NaN,NaN,NaN,NaN,NaN,NaN,,NaN,,3342.657141333,3342.822311291,3342.822311291,3342.822311291,3342.822311291,3342.822311291,3342.822311291,3342.822311291,3342.822311291,3342.822311291,3349.98380975,7,-7,7,7,2.29881691700029,7,6.48813308299941,3342.370803708,3342.372573458,3342.822311291,3342.657129333,NaN,NaN,NaN,NaN,,NaN,,3342.367341083,3342.370758416,None,NaN,NaN,,NaN,NaN,NaN,NaN,NaN,NaN,NaN,21,bathroom,2,2024-05-18_13h32.14.141,image_similarity_rating,2023.2.3,None,2024-05-18 13h33.25.122132 +0200
,104,131,121,612,stimuli/own/bathroom/104_bat.jpg,stimuli/own/bathroom/131_bat.jpg,NaN,NaN,NaN,NaN,NaN,NaN,NaN,NaN,0,409,409,611,3349.989445583,NaN,NaN,NaN,NaN,NaN,NaN,NaN,,NaN,,3350.273582833,3350.437805541,3350.437805541,3350.437805541,3350.437805541,3350.437805541,3350.437805541,3350.437805541,3350.437805541,3350.437805541,3355.917462375,7,-7,7,3,1.94648704200154,3,4.64286833299957,3349.987519291,3349.989445583,3350.437805541,3350.273571375,NaN,NaN,NaN,NaN,,NaN,,3349.984037583,3349.987473291,None,NaN,NaN,,NaN,NaN,NaN,NaN,NaN,NaN,NaN,21,bathroom,2,2024-05-18_13h32.14.141,image_similarity_rating,2023.2.3,None,2024-05-18 13h33.25.122132 +0200
,123,141,475,475,stimuli/own/bathroom/123_bat.jpg,stimuli/own/bathroom/141_bat.jpg,NaN,NaN,NaN,NaN,NaN,NaN,NaN,NaN,0,410,410,474,3355.923252833,NaN,NaN,NaN,NaN,NaN,NaN,NaN,,NaN,,3356.2071295,3356.372027416,3356.372027416,3356.372027416,3356.372027416,3356.372027416,3356.372027416,3356.372027416,3356.372027416,3356.372027416,3359.683731541,-7,7,7,3,1.53371391699875,2,2.25092858399876,3355.921165416,3355.923252833,3356.372027416,3356.207117541,NaN,NaN,NaN,NaN,,NaN,,3355.917678541,3355.92111975,None,NaN,NaN,,NaN,NaN,NaN,NaN,NaN,NaN,NaN,21,bathroom,2,2024-05-18_13h32.14.141,image_similarity_rating,2023.2.3,None,2024-05-18 13h33.25.122132 +0200
,114,126,306,306,stimuli/own/bathroom/114_bat.jpg,stimuli/own/bathroom/126_bat.jpg,NaN,NaN,NaN,NaN,NaN,NaN,NaN,NaN,0,411,411,305,3359.689371375,NaN,NaN,NaN,NaN,NaN,NaN,NaN,,NaN,,3359.974102125,3360.140497833,3360.140497833,3360.140497833,3360.140497833,3360.140497833,3360.140497833,3360.140497833,3360.140497833,3360.140497833,3364.041995416,-7,7,7,7,1.93720037500134,7,2.91594658299982,3359.687441833,3359.689371375,3360.140497833,3359.974089,NaN,NaN,NaN,NaN,,NaN,,3359.683945875,3359.68739625,None,NaN,NaN,,NaN,NaN,NaN,NaN,NaN,NaN,NaN,21,bathroom,2,2024-05-18_13h32.14.141,image_similarity_rating,2023.2.3,None,2024-05-18 13h33.25.122132 +0200
,117,127,352,352,stimuli/own/bathroom/117_bat.jpg,stimuli/own/bathroom/127_bat.jpg,NaN,NaN,NaN,NaN,NaN,NaN,NaN,NaN,0,412,412,351,3364.05183575,NaN,NaN,NaN,NaN,NaN,NaN,NaN,,NaN,,3364.336388666,3364.499269458,3364.499269458,3364.499269458,3364.499269458,3364.499269458,3364.499269458,3364.499269458,3364.499269458,3364.499269458,3369.141563625,7,-7,7,6,2.31522920799944,6,2.99488762500005,3364.04565025,3364.05183575,3364.499269458,3364.336376375,NaN,NaN,NaN,NaN,,NaN,,3364.042211625,3364.045604333,None,NaN,NaN,,NaN,NaN,NaN,NaN,NaN,NaN,NaN,21,bathroom,2,2024-05-18_13h32.14.141,image_similarity_rating,2023.2.3,None,2024-05-18 13h33.25.122132 +0200
,127,138,526,526,stimuli/own/bathroom/127_bat.jpg,stimuli/own/bathroom/138_bat.jpg,NaN,NaN,NaN,NaN,NaN,NaN,NaN,NaN,0,413,413,525,3369.151854791,NaN,NaN,NaN,NaN,NaN,NaN,NaN,,NaN,,3369.436411041,3369.607014791,3369.607014791,3369.607014791,3369.607014791,3369.607014791,3369.607014791,3369.607014791,3369.607014791,3369.607014791,3372.670677708,7,-7,7,6,1.47746362500038,6,2.08968641700085,3369.145338541,3369.151854791,3369.607014791,3369.436384583,NaN,NaN,NaN,NaN,,NaN,,3369.141783291,3369.145292958,None,NaN,NaN,,NaN,NaN,NaN,NaN,NaN,NaN,NaN,21,bathroom,2,2024-05-18_13h32.14.141,image_similarity_rating,2023.2.3,None,2024-05-18 13h33.25.122132 +0200
,104,124,115,115,stimuli/own/bathroom/104_bat.jpg,stimuli/own/bathroom/124_bat.jpg,NaN,NaN,NaN,NaN,NaN,NaN,NaN,NaN,0,414,414,114,3372.676250375,NaN,NaN,NaN,NaN,NaN,NaN,NaN,,NaN,,3372.969733916,3373.138064333,3373.138064333,3373.138064333,3373.138064333,3373.138064333,3373.138064333,3373.138064333,3373.138064333,3373.138064333,3376.367284333,-7,7,7,3,1.56192866599849,3,2.46192437500031,3372.674316166,3372.676250375,3373.138064333,3372.969717,NaN,NaN,NaN,NaN,,NaN,,3372.670893041,3372.674270791,None,NaN,NaN,,NaN,NaN,NaN,NaN,NaN,NaN,NaN,21,bathroom,2,2024-05-18_13h32.14.141,image_similarity_rating,2023.2.3,None,2024-05-18 13h33.25.122132 +0200
,112,132,262,608,stimuli/own/bathroom/112_bat.jpg,stimuli/own/bathroom/132_bat.jpg,NaN,NaN,NaN,NaN,NaN,NaN,NaN,NaN,0,415,415,607,3376.372892541,NaN,NaN,NaN,NaN,NaN,NaN,NaN,,NaN,,3376.657215791,3376.827840541,3376.827840541,3376.827840541,3376.827840541,3376.827840541,3376.827840541,3376.827840541,3376.827840541,3376.827840541,3380.724499833,7,-7,7,3,3.07387924999966,2,2.29979658299999,3376.370967208,3376.372892541,3376.827840541,3376.657201125,NaN,NaN,NaN,NaN,,NaN,,3376.367519791,3376.370922083,None,NaN,NaN,,NaN,NaN,NaN,NaN,NaN,NaN,NaN,21,bathroom,2,2024-05-18_13h32.14.141,image_similarity_rating,2023.2.3,None,2024-05-18 13h33.25.122132 +0200
,101,138,31,31,stimuli/own/bathroom/101_bat.jpg,stimuli/own/bathroom/138_bat.jpg,NaN,NaN,NaN,NaN,NaN,NaN,NaN,NaN,0,416,416,30,3380.734967541,NaN,NaN,NaN,NaN,NaN,NaN,NaN,,NaN,,3381.019763958,3381.186544,3381.186544,3381.186544,3381.186544,3381.186544,3381.186544,3381.186544,3381.186544,3381.186544,3383.788075833,-7,7,7,4,1.45741599999928,4,1.77716212500127,3380.728159458,3380.734967541,3381.186544,3381.019747375,NaN,NaN,NaN,NaN,,NaN,,3380.72472375,3380.728114083,None,NaN,NaN,,NaN,NaN,NaN,NaN,NaN,NaN,NaN,21,bathroom,2,2024-05-18_13h32.14.141,image_similarity_rating,2023.2.3,None,2024-05-18 13h33.25.122132 +0200
,104,106,101,101,stimuli/own/bathroom/104_bat.jpg,stimuli/own/bathroom/106_bat.jpg,NaN,NaN,NaN,NaN,NaN,NaN,NaN,NaN,0,417,417,100,3383.793674958,NaN,NaN,NaN,NaN,NaN,NaN,NaN,,NaN,,3384.086217041,3384.250888666,3384.250888666,3384.250888666,3384.250888666,3384.250888666,3384.250888666,3384.250888666,3384.250888666,3384.250888666,3388.133599916,7,-7,7,2,2.23588212499999,6,2.9596795840007,3383.791714958,3383.793674958,3384.250888666,3384.086201791,NaN,NaN,NaN,NaN,,NaN,,3383.788291958,3383.7916695,None,NaN,NaN,,NaN,NaN,NaN,NaN,NaN,NaN,NaN,21,bathroom,2,2024-05-18_13h32.14.141,image_similarity_rating,2023.2.3,None,2024-05-18 13h33.25.122132 +0200
,102,118,46,46,stimuli/own/bathroom/102_bat.jpg,stimuli/own/bathroom/118_bat.jpg,NaN,NaN,NaN,NaN,NaN,NaN,NaN,NaN,0,418,418,45,3388.13920475,NaN,NaN,NaN,NaN,NaN,NaN,NaN,,NaN,,3388.423776083,3388.588504333,3388.588504333,3388.588504333,3388.588504333,3388.588504333,3388.588504333,3388.588504333,3388.588504333,3388.588504333,3392.687402375,7,-7,7,4,2.56279924999944,4,3.03688433400021,3388.137296541,3388.13920475,3388.588504333,3388.423764416,NaN,NaN,NaN,NaN,,NaN,,3388.133825583,3388.137250541,None,NaN,NaN,,NaN,NaN,NaN,NaN,NaN,NaN,NaN,21,bathroom,2,2024-05-18_13h32.14.141,image_similarity_rating,2023.2.3,None,2024-05-18 13h33.25.122132 +0200
,116,122,325,325,stimuli/own/bathroom/116_bat.jpg,stimuli/own/bathroom/122_bat.jpg,NaN,NaN,NaN,NaN,NaN,NaN,NaN,NaN,0,419,419,324,3392.692804333,NaN,NaN,NaN,NaN,NaN,NaN,NaN,,NaN,,3392.9861805,3393.152878958,3393.152878958,3393.152878958,3393.152878958,3393.152878958,3393.152878958,3393.152878958,3393.152878958,3393.152878958,3396.817051083,7,-7,7,4,1.79870633300015,2,2.79575345800004,3392.691039375,3392.692804333,3393.152878958,3392.98616475,NaN,NaN,NaN,NaN,,NaN,,3392.687616041,3392.690993291,None,NaN,NaN,,NaN,NaN,NaN,NaN,NaN,NaN,NaN,21,bathroom,2,2024-05-18_13h32.14.141,image_similarity_rating,2023.2.3,None,2024-05-18 13h33.25.122132 +0200
,103,117,77,77,stimuli/own/bathroom/103_bat.jpg,stimuli/own/bathroom/117_bat.jpg,NaN,NaN,NaN,NaN,NaN,NaN,NaN,NaN,0,420,420,76,3396.822510708,NaN,NaN,NaN,NaN,NaN,NaN,NaN,,NaN,,3397.107337333,3397.272962833,3397.272962833,3397.272962833,3397.272962833,3397.272962833,3397.272962833,3397.272962833,3397.272962833,3397.272962833,3400.529581625,7,-7,7,4,1.52311208399988,3,2.29507970899976,3396.82075475,3396.822510708,3397.272962833,3397.107324041,NaN,NaN,NaN,NaN,,NaN,,3396.817285875,3396.820708666,None,NaN,NaN,,NaN,NaN,NaN,NaN,NaN,NaN,NaN,21,bathroom,2,2024-05-18_13h32.14.141,image_similarity_rating,2023.2.3,None,2024-05-18 13h33.25.122132 +0200
,103,126,86,86,stimuli/own/bathroom/103_bat.jpg,stimuli/own/bathroom/126_bat.jpg,NaN,NaN,NaN,NaN,NaN,NaN,NaN,NaN,0,421,421,85,3400.551660875,NaN,NaN,NaN,NaN,NaN,NaN,NaN,,NaN,,3400.835674833,3401.004490333,3401.004490333,3401.004490333,3401.004490333,3401.004490333,3401.004490333,3401.004490333,3401.004490333,3401.004490333,3404.800821958,7,-7,7,5,2.15148979200058,6,2.8698816670003,3400.5333275,3400.551660875,NaN,3400.83565475,NaN,NaN,NaN,NaN,,NaN,,3400.529798083,3400.533282083,None,NaN,NaN,,NaN,NaN,NaN,NaN,NaN,NaN,NaN,21,bathroom,2,2024-05-18_13h32.14.141,image_similarity_rating,2023.2.3,None,2024-05-18 13h33.25.122132 +0200
,112,130,260,260,stimuli/own/bathroom/112_bat.jpg,stimuli/own/bathroom/130_bat.jpg,NaN,NaN,NaN,NaN,NaN,NaN,NaN,NaN,0,422,422,259,3404.806556291,NaN,NaN,NaN,NaN,NaN,NaN,NaN,,NaN,,3405.090567916,3405.254813541,3405.254813541,3405.254813541,3405.254813541,3405.254813541,3405.254813541,3405.254813541,3405.254813541,3405.254813541,3409.283707625,-7,7,7,6,1.97686949999843,6,2.70584299999973,3404.804558083,3404.806556291,3405.254813541,3405.090553083,NaN,NaN,NaN,NaN,,NaN,,3404.801043833,3404.804511833,None,NaN,NaN,,NaN,NaN,NaN,NaN,NaN,NaN,NaN,21,bathroom,2,2024-05-18_13h32.14.141,image_similarity_rating,2023.2.3,None,2024-05-18 13h33.25.122132 +0200
,103,127,87,87,stimuli/own/bathroom/103_bat.jpg,stimuli/own/bathroom/127_bat.jpg,NaN,NaN,NaN,NaN,NaN,NaN,NaN,NaN,0,423,423,86,3409.289332583,NaN,NaN,NaN,NaN,NaN,NaN,NaN,,NaN,,3409.573731958,3409.738258291,3409.738258291,3409.738258291,3409.738258291,3409.738258291,3409.738258291,3409.738258291,3409.738258291,3409.738258291,3415.700270125,7,-7,7,5,3.82672229200034,5,4.9562239579991,3409.287413875,3409.289332583,3409.738258291,3409.573718875,NaN,NaN,NaN,NaN,,NaN,,3409.283950291,3409.287367583,None,NaN,NaN,,NaN,NaN,NaN,NaN,NaN,NaN,NaN,21,bathroom,2,2024-05-18_13h32.14.141,image_similarity_rating,2023.2.3,None,2024-05-18 13h33.25.122132 +0200
,119,141,405,405,stimuli/own/bathroom/119_bat.jpg,stimuli/own/bathroom/141_bat.jpg,NaN,NaN,NaN,NaN,NaN,NaN,NaN,NaN,0,424,424,404,3415.705992041,NaN,NaN,NaN,NaN,NaN,NaN,NaN,,NaN,,3415.990069583,3416.152848916,3416.152848916,3416.152848916,3416.152848916,3416.152848916,3416.152848916,3416.152848916,3416.152848916,3416.152848916,3419.996146291,-7,7,7,5,2.91229687499981,7,2.10036933299853,3415.704077166,3415.705992041,3416.152848916,3415.990054666,NaN,NaN,NaN,NaN,,NaN,,3415.7004965,3415.704031375,None,NaN,NaN,,NaN,NaN,NaN,NaN,NaN,NaN,NaN,21,bathroom,2,2024-05-18_13h32.14.141,image_similarity_rating,2023.2.3,None,2024-05-18 13h33.25.122132 +0200
,104,120,111,111,stimuli/own/bathroom/104_bat.jpg,stimuli/own/bathroom/120_bat.jpg,NaN,NaN,NaN,NaN,NaN,NaN,NaN,NaN,0,425,425,110,3420.018181125,NaN,NaN,NaN,NaN,NaN,NaN,NaN,,NaN,,3420.302372125,3420.470130208,3420.470130208,3420.470130208,3420.470130208,3420.470130208,3420.470130208,3420.470130208,3420.470130208,3420.470130208,3424.141477541,-7,7,7,3,1.81790308299969,3,2.56213841699901,3419.99993975,3420.018181125,NaN,3420.3023445,NaN,NaN,NaN,NaN,,NaN,,3419.996365083,3419.999893958,None,NaN,NaN,,NaN,NaN,NaN,NaN,NaN,NaN,NaN,21,bathroom,2,2024-05-18_13h32.14.141,image_similarity_rating,2023.2.3,None,2024-05-18 13h33.25.122132 +0200
,116,118,321,321,stimuli/own/bathroom/116_bat.jpg,stimuli/own/bathroom/118_bat.jpg,NaN,NaN,NaN,NaN,NaN,NaN,NaN,NaN,0,426,426,320,3424.15146425,NaN,NaN,NaN,NaN,NaN,NaN,NaN,,NaN,,3424.436114875,3424.603921291,3424.603921291,3424.603921291,3424.603921291,3424.603921291,3424.603921291,3424.603921291,3424.603921291,3424.603921291,3428.158417708,-7,7,7,4,1.78980566600148,4,2.42955466600142,3424.145253416,3424.15146425,3424.603921291,3424.436098416,NaN,NaN,NaN,NaN,,NaN,,3424.141698666,3424.145208125,None,NaN,NaN,,NaN,NaN,NaN,NaN,NaN,NaN,NaN,21,bathroom,2,2024-05-18_13h32.14.141,image_similarity_rating,2023.2.3,None,2024-05-18 13h33.25.122132 +0200
,121,140,441,441,stimuli/own/bathroom/121_bat.jpg,stimuli/own/bathroom/140_bat.jpg,NaN,NaN,NaN,NaN,NaN,NaN,NaN,NaN,0,427,427,440,3428.168579833,NaN,NaN,NaN,NaN,NaN,NaN,NaN,,NaN,,3428.452779041,3428.623877333,3428.623877333,3428.623877333,3428.623877333,3428.623877333,3428.623877333,3428.623877333,3428.623877333,3428.623877333,3432.924929833,7,-7,7,4,2.66651195899976,3,3.22522291600035,3428.162058625,3428.168579833,3428.623877333,3428.452762458,NaN,NaN,NaN,NaN,,NaN,,3428.158632583,3428.162013375,None,NaN,NaN,,NaN,NaN,NaN,NaN,NaN,NaN,NaN,21,bathroom,2,2024-05-18_13h32.14.141,image_similarity_rating,2023.2.3,None,2024-05-18 13h33.25.122132 +0200
,119,138,402,402,stimuli/own/bathroom/119_bat.jpg,stimuli/own/bathroom/138_bat.jpg,NaN,NaN,NaN,NaN,NaN,NaN,NaN,NaN,0,428,428,401,3432.934753291,NaN,NaN,NaN,NaN,NaN,NaN,NaN,,NaN,,3433.219389916,3433.388123791,3433.388123791,3433.388123791,3433.388123791,3433.388123791,3433.388123791,3433.388123791,3433.388123791,3433.388123791,3437.403913791,7,-7,7,6,2.06177812500027,6,2.99110304100031,3432.928571958,3432.934753291,3433.388123791,3433.219373375,NaN,NaN,NaN,NaN,,NaN,,3432.925144916,3432.928526333,None,NaN,NaN,,NaN,NaN,NaN,NaN,NaN,NaN,NaN,21,bathroom,2,2024-05-18_13h32.14.141,image_similarity_rating,2023.2.3,None,2024-05-18 13h33.25.122132 +0200
,125,132,496,496,stimuli/own/bathroom/125_bat.jpg,stimuli/own/bathroom/132_bat.jpg,NaN,NaN,NaN,NaN,NaN,NaN,NaN,NaN,0,429,429,495,3437.409495166,NaN,NaN,NaN,NaN,NaN,NaN,NaN,,NaN,,3437.702768208,3437.866202083,3437.866202083,3437.866202083,3437.866202083,3437.866202083,3437.866202083,3437.866202083,3437.866202083,3437.866202083,3440.967205791,-7,7,7,5,1.74820825000097,5,2.18881904200134,3437.407574791,3437.409495166,3437.866202083,3437.702754875,NaN,NaN,NaN,NaN,,NaN,,3437.40413025,3437.40752925,None,NaN,NaN,,NaN,NaN,NaN,NaN,NaN,NaN,NaN,21,bathroom,2,2024-05-18_13h32.14.141,image_similarity_rating,2023.2.3,None,2024-05-18 13h33.25.122132 +0200
,109,129,206,206,stimuli/own/bathroom/109_bat.jpg,stimuli/own/bathroom/129_bat.jpg,NaN,NaN,NaN,NaN,NaN,NaN,NaN,NaN,0,430,430,205,3440.973065958,NaN,NaN,NaN,NaN,NaN,NaN,NaN,,NaN,,3441.256808125,3441.420603833,3441.420603833,3441.420603833,3441.420603833,3441.420603833,3441.420603833,3441.420603833,3441.420603833,3441.420603833,3445.462462208,7,-7,7,6,1.9990356670005,7,2.84691100000055,3440.970972708,3440.973065958,3441.420603833,3441.256796708,NaN,NaN,NaN,NaN,,NaN,,3440.9674205,3440.970926958,None,NaN,NaN,,NaN,NaN,NaN,NaN,NaN,NaN,NaN,21,bathroom,2,2024-05-18_13h32.14.141,image_similarity_rating,2023.2.3,None,2024-05-18 13h33.25.122132 +0200
,101,134,27,27,stimuli/own/bathroom/101_bat.jpg,stimuli/own/bathroom/134_bat.jpg,NaN,NaN,NaN,NaN,NaN,NaN,NaN,NaN,0,431,431,26,3445.468125708,NaN,NaN,NaN,NaN,NaN,NaN,NaN,,NaN,,3445.752851958,3445.918409875,3445.918409875,3445.918409875,3445.918409875,3445.918409875,3445.918409875,3445.918409875,3445.918409875,3445.918409875,3449.596057083,7,-7,7,3,2.02513550000003,4,2.72792087500056,3445.466183083,3445.468125708,3445.918409875,3445.752836708,NaN,NaN,NaN,NaN,,NaN,,3445.46267675,3445.466137583,None,NaN,NaN,,NaN,NaN,NaN,NaN,NaN,NaN,NaN,21,bathroom,2,2024-05-18_13h32.14.141,image_similarity_rating,2023.2.3,None,2024-05-18 13h33.25.122132 +0200
,112,126,257,257,stimuli/own/bathroom/112_bat.jpg,stimuli/own/bathroom/126_bat.jpg,NaN,NaN,NaN,NaN,NaN,NaN,NaN,NaN,0,432,432,256,3449.618073916,NaN,NaN,NaN,NaN,NaN,NaN,NaN,,NaN,,3449.902388208,3450.072703458,3450.072703458,3450.072703458,3450.072703458,3450.072703458,3450.072703458,3450.072703458,3450.072703458,3450.072703458,3453.674985,-7,7,7,4,1.80138429199906,3,2.61303841699919,3449.599706791,3449.618073916,NaN,3449.902352333,NaN,NaN,NaN,NaN,,NaN,,3449.596273541,3449.599661166,None,NaN,NaN,,NaN,NaN,NaN,NaN,NaN,NaN,NaN,21,bathroom,2,2024-05-18_13h32.14.141,image_similarity_rating,2023.2.3,None,2024-05-18 13h33.25.122132 +0200
,136,137,581,581,stimuli/own/bathroom/136_bat.jpg,stimuli/own/bathroom/137_bat.jpg,NaN,NaN,NaN,NaN,NaN,NaN,NaN,NaN,0,433,433,580,3453.684881708,NaN,NaN,NaN,NaN,NaN,NaN,NaN,,NaN,,3453.96943725,3454.135458333,3454.135458333,3454.135458333,3454.135458333,3454.135458333,3454.135458333,3454.135458333,3454.135458333,3454.135458333,3457.758181458,7,-7,7,2,2.29125537499931,2,2.72102204199837,3453.678623208,3453.684881708,3454.135458333,3453.969422125,NaN,NaN,NaN,NaN,,NaN,,3453.675199708,3453.678577625,None,NaN,NaN,,NaN,NaN,NaN,NaN,NaN,NaN,NaN,21,bathroom,2,2024-05-18_13h32.14.141,image_similarity_rating,2023.2.3,None,2024-05-18 13h33.25.122132 +0200
,124,136,485,485,stimuli/own/bathroom/124_bat.jpg,stimuli/own/bathroom/136_bat.jpg,NaN,NaN,NaN,NaN,NaN,NaN,NaN,NaN,0,434,434,484,3457.76820375,NaN,NaN,NaN,NaN,NaN,NaN,NaN,,NaN,,3458.052697875,3458.219906666,3458.219906666,3458.219906666,3458.219906666,3458.219906666,3458.219906666,3458.219906666,3458.219906666,3458.219906666,3461.804603791,-7,7,7,3,2.2710398750005,4,2.77908254199974,3457.761827458,3457.76820375,3458.219906666,3458.052681416,NaN,NaN,NaN,NaN,,NaN,,3457.758399291,3457.761781791,None,NaN,NaN,,NaN,NaN,NaN,NaN,NaN,NaN,NaN,21,bathroom,2,2024-05-18_13h32.14.141,image_similarity_rating,2023.2.3,None,2024-05-18 13h33.25.122132 +0200
,111,136,239,239,stimuli/own/bathroom/111_bat.jpg,stimuli/own/bathroom/136_bat.jpg,NaN,NaN,NaN,NaN,NaN,NaN,NaN,NaN,0,435,435,238,3461.810189125,NaN,NaN,NaN,NaN,NaN,NaN,NaN,,NaN,,3462.102687333,3462.26672625,3462.26672625,3462.26672625,3462.26672625,3462.26672625,3462.26672625,3462.26672625,3462.26672625,3462.26672625,3465.295992958,-7,7,7,4,1.48659245800081,5,2.12928704200021,3461.808256916,3461.810189125,3462.26672625,3462.102674625,NaN,NaN,NaN,NaN,,NaN,,3461.804823083,3461.808211833,None,NaN,NaN,,NaN,NaN,NaN,NaN,NaN,NaN,NaN,21,bathroom,2,2024-05-18_13h32.14.141,image_similarity_rating,2023.2.3,None,2024-05-18 13h33.25.122132 +0200
,102,123,51,51,stimuli/own/bathroom/102_bat.jpg,stimuli/own/bathroom/123_bat.jpg,NaN,NaN,NaN,NaN,NaN,NaN,NaN,NaN,0,436,436,50,3465.3180485,NaN,NaN,NaN,NaN,NaN,NaN,NaN,,NaN,,3465.602275833,3465.772602625,3465.772602625,3465.772602625,3465.772602625,3465.772602625,3465.772602625,3465.772602625,3465.772602625,3465.772602625,3471.333477666,7,-7,7,6,2.31497316700006,6,2.59736954099935,3465.299769833,3465.3180485,NaN,3465.602255375,NaN,NaN,NaN,NaN,,NaN,,3465.296208916,3465.299724666,None,NaN,NaN,,NaN,NaN,NaN,NaN,NaN,NaN,NaN,21,bathroom,2,2024-05-18_13h32.14.141,image_similarity_rating,2023.2.3,None,2024-05-18 13h33.25.122132 +0200
,104,131,121,613,stimuli/own/bathroom/104_bat.jpg,stimuli/own/bathroom/131_bat.jpg,NaN,NaN,NaN,NaN,NaN,NaN,NaN,NaN,0,437,437,612,3471.338946625,NaN,NaN,NaN,NaN,NaN,NaN,NaN,,NaN,,3471.623666208,3471.794767958,3471.794767958,3471.794767958,3471.794767958,3471.794767958,3471.794767958,3471.794767958,3471.794767958,3471.794767958,3474.583260083,7,-7,7,3,1.56546058299864,2,2.05185399999937,3471.337195583,3471.338946625,3471.794767958,3471.623651708,NaN,NaN,NaN,NaN,,NaN,,3471.333716291,3471.337149375,None,NaN,NaN,,NaN,NaN,NaN,NaN,NaN,NaN,NaN,21,bathroom,2,2024-05-18_13h32.14.141,image_similarity_rating,2023.2.3,None,2024-05-18 13h33.25.122132 +0200
,106,123,173,173,stimuli/own/bathroom/106_bat.jpg,stimuli/own/bathroom/123_bat.jpg,NaN,NaN,NaN,NaN,NaN,NaN,NaN,NaN,0,438,438,172,3474.588945458,NaN,NaN,NaN,NaN,NaN,NaN,NaN,,NaN,,3474.872944458,3475.03563325,3475.03563325,3475.03563325,3475.03563325,3475.03563325,3475.03563325,3475.03563325,3475.03563325,3475.03563325,3478.012062208,-7,7,7,4,1.45785970899851,2,2.1395964580006,3474.586981625,3474.588945458,3475.03563325,3474.872934125,NaN,NaN,NaN,NaN,,NaN,,3474.58348225,3474.58693625,None,NaN,NaN,,NaN,NaN,NaN,NaN,NaN,NaN,NaN,21,bathroom,2,2024-05-18_13h32.14.141,image_similarity_rating,2023.2.3,None,2024-05-18 13h33.25.122132 +0200
,102,127,55,55,stimuli/own/bathroom/102_bat.jpg,stimuli/own/bathroom/127_bat.jpg,NaN,NaN,NaN,NaN,NaN,NaN,NaN,NaN,0,439,439,54,3478.017668666,NaN,NaN,NaN,NaN,NaN,NaN,NaN,,NaN,,3478.302654291,3478.468437666,3478.468437666,3478.468437666,3478.468437666,3478.468437666,3478.468437666,3478.468437666,3478.468437666,3478.468437666,3481.638081875,7,-7,7,5,1.92199183399862,5,2.36942325000018,3478.015705416,3478.017668666,3478.468437666,3478.302634041,NaN,NaN,NaN,NaN,,NaN,,3478.012284083,3478.01566,None,NaN,NaN,,NaN,NaN,NaN,NaN,NaN,NaN,NaN,21,bathroom,2,2024-05-18_13h32.14.141,image_similarity_rating,2023.2.3,None,2024-05-18 13h33.25.122132 +0200
,123,125,461,461,stimuli/own/bathroom/123_bat.jpg,stimuli/own/bathroom/125_bat.jpg,NaN,NaN,NaN,NaN,NaN,NaN,NaN,NaN,0,440,440,460,3481.643644125,NaN,NaN,NaN,NaN,NaN,NaN,NaN,,NaN,,3481.936061875,3482.106919625,3482.106919625,3482.106919625,3482.106919625,3482.106919625,3482.106919625,3482.106919625,3482.106919625,3482.106919625,3485.416682416,7,-7,7,5,1.51415129099951,6,2.43457070799923,3481.641713458,3481.643644125,3482.106919625,3481.9360375,NaN,NaN,NaN,NaN,,NaN,,3481.638300041,3481.641668416,None,NaN,NaN,,NaN,NaN,NaN,NaN,NaN,NaN,NaN,21,bathroom,2,2024-05-18_13h32.14.141,image_similarity_rating,2023.2.3,None,2024-05-18 13h33.25.122132 +0200
,126,129,506,506,stimuli/own/bathroom/126_bat.jpg,stimuli/own/bathroom/129_bat.jpg,NaN,NaN,NaN,NaN,NaN,NaN,NaN,NaN,0,441,441,505,3485.422399583,NaN,NaN,NaN,NaN,NaN,NaN,NaN,,NaN,,3487.323532,3487.490641208,3487.490641208,3487.490641208,3487.490641208,3487.490641208,3487.490641208,3487.490641208,3487.490641208,3487.490641208,3492.379025333,7,-7,8,3,3.03580829100065,3,3.78363362500022,3487.036659208,3487.04049675,3487.490641208,3487.323519208,NaN,NaN,NaN,NaN,,NaN,,3485.416899208,3487.036233083,space,3485.422399583,1.61360400000012,None,NaN,NaN,NaN,NaN,NaN,NaN,NaN,21,bathroom,2,2024-05-18_13h32.14.141,image_similarity_rating,2023.2.3,None,2024-05-18 13h33.25.122132 +0200
,106,113,164,164,stimuli/own/bathroom/106_bat.jpg,stimuli/own/bathroom/113_bat.jpg,NaN,NaN,NaN,NaN,NaN,NaN,NaN,NaN,0,442,442,163,3492.401529125,NaN,NaN,NaN,NaN,NaN,NaN,NaN,,NaN,,3492.685455666,3492.851386416,3492.851386416,3492.851386416,3492.851386416,3492.851386416,3492.851386416,3492.851386416,3492.851386416,3492.851386416,3495.787812041,-7,7,8,4,1.61403829099982,4,2.0230812080008,3492.383202333,3492.401529125,NaN,3492.685435791,NaN,NaN,NaN,NaN,,NaN,,3492.379241083,3492.383155708,None,NaN,NaN,,NaN,NaN,NaN,NaN,NaN,NaN,NaN,21,bathroom,2,2024-05-18_13h32.14.141,image_similarity_rating,2023.2.3,None,2024-05-18 13h33.25.122132 +0200
,111,125,230,230,stimuli/own/bathroom/111_bat.jpg,stimuli/own/bathroom/125_bat.jpg,NaN,NaN,NaN,NaN,NaN,NaN,NaN,NaN,0,443,443,229,3495.793715625,NaN,NaN,NaN,NaN,NaN,NaN,NaN,,NaN,,3496.086239416,3496.252844416,3496.252844416,3496.252844416,3496.252844416,3496.252844416,3496.252844416,3496.252844416,3496.252844416,3496.252844416,3499.620383125,7,-7,8,3,2.11937820800085,4,2.41678508299992,3495.791582041,3495.793715625,3496.252844416,3496.086217166,NaN,NaN,NaN,NaN,,NaN,,3495.788030416,3495.791536708,None,NaN,NaN,,NaN,NaN,NaN,NaN,NaN,NaN,NaN,21,bathroom,2,2024-05-18_13h32.14.141,image_similarity_rating,2023.2.3,None,2024-05-18 13h33.25.122132 +0200
,119,132,397,397,stimuli/own/bathroom/119_bat.jpg,stimuli/own/bathroom/132_bat.jpg,NaN,NaN,NaN,NaN,NaN,NaN,NaN,NaN,0,444,444,396,3499.625997125,NaN,NaN,NaN,NaN,NaN,NaN,NaN,,NaN,,3499.919263541,3500.085453666,3500.085453666,3500.085453666,3500.085453666,3500.085453666,3500.085453666,3500.085453666,3500.085453666,3500.085453666,3503.703672416,7,-7,8,4,1.98789029199907,4,2.4632269169997,3499.624049291,3499.625997125,3500.085453666,3499.919248,NaN,NaN,NaN,NaN,,NaN,,3499.620600166,3499.624003583,None,NaN,NaN,,NaN,NaN,NaN,NaN,NaN,NaN,NaN,21,bathroom,2,2024-05-18_13h32.14.141,image_similarity_rating,2023.2.3,None,2024-05-18 13h33.25.122132 +0200
,132,134,560,560,stimuli/own/bathroom/132_bat.jpg,stimuli/own/bathroom/134_bat.jpg,NaN,NaN,NaN,NaN,NaN,NaN,NaN,NaN,0,445,445,559,3503.709242791,NaN,NaN,NaN,NaN,NaN,NaN,NaN,,NaN,,3504.002606041,3504.172416,3504.172416,3504.172416,3504.172416,3504.172416,3504.172416,3504.172416,3504.172416,3504.172416,3507.316875,-7,7,8,4,1.56516383400049,5,2.31860404100007,3503.707324375,3503.709242791,3504.172416,3504.002586708,NaN,NaN,NaN,NaN,,NaN,,3503.70388875,3503.707279166,None,NaN,NaN,,NaN,NaN,NaN,NaN,NaN,NaN,NaN,21,bathroom,2,2024-05-18_13h32.14.141,image_similarity_rating,2023.2.3,None,2024-05-18 13h33.25.122132 +0200
,111,116,221,221,stimuli/own/bathroom/111_bat.jpg,stimuli/own/bathroom/116_bat.jpg,NaN,NaN,NaN,NaN,NaN,NaN,NaN,NaN,0,446,446,220,3507.322334166,NaN,NaN,NaN,NaN,NaN,NaN,NaN,,NaN,,3507.606774166,3507.773634083,3507.773634083,3507.773634083,3507.773634083,3507.773634083,3507.773634083,3507.773634083,3507.773634083,3507.773634083,3512.253628,7,-7,8,3,3.04233558399937,4,3.48187887499989,3507.320571625,3507.322334166,3507.773634083,3507.606761125,NaN,NaN,NaN,NaN,,NaN,,3507.317110833,3507.32052625,None,NaN,NaN,,NaN,NaN,NaN,NaN,NaN,NaN,NaN,21,bathroom,2,2024-05-18_13h32.14.141,image_similarity_rating,2023.2.3,None,2024-05-18 13h33.25.122132 +0200
,111,134,237,237,stimuli/own/bathroom/111_bat.jpg,stimuli/own/bathroom/134_bat.jpg,NaN,NaN,NaN,NaN,NaN,NaN,NaN,NaN,0,447,447,236,3512.259163916,NaN,NaN,NaN,NaN,NaN,NaN,NaN,,NaN,,3512.552550166,3512.721431166,3512.721431166,3512.721431166,3512.721431166,3512.721431166,3512.721431166,3512.721431166,3512.721431166,3512.721431166,3515.733198791,-7,7,8,4,1.49001675,4,1.93669662499997,3512.257239,3512.259163916,3512.721431166,3512.55253425,NaN,NaN,NaN,NaN,,NaN,,3512.253846208,3512.257181458,None,NaN,NaN,,NaN,NaN,NaN,NaN,NaN,NaN,NaN,21,bathroom,2,2024-05-18_13h32.14.141,image_similarity_rating,2023.2.3,None,2024-05-18 13h33.25.122132 +0200
,121,124,427,427,stimuli/own/bathroom/121_bat.jpg,stimuli/own/bathroom/124_bat.jpg,NaN,NaN,NaN,NaN,NaN,NaN,NaN,NaN,0,448,448,426,3515.738899125,NaN,NaN,NaN,NaN,NaN,NaN,NaN,,NaN,,3516.023033375,3516.18648825,3516.18648825,3516.18648825,3516.18648825,3516.18648825,3516.18648825,3516.18648825,3516.18648825,3516.18648825,3520.862179958,-7,7,8,5,3.06976637499974,5,3.52887920799913,3515.736955708,3515.738899125,3516.18648825,3516.023021583,NaN,NaN,NaN,NaN,,NaN,,3515.733413666,3515.736910125,None,NaN,NaN,,NaN,NaN,NaN,NaN,NaN,NaN,NaN,21,bathroom,2,2024-05-18_13h32.14.141,image_similarity_rating,2023.2.3,None,2024-05-18 13h33.25.122132 +0200
,122,134,452,452,stimuli/own/bathroom/122_bat.jpg,stimuli/own/bathroom/134_bat.jpg,NaN,NaN,NaN,NaN,NaN,NaN,NaN,NaN,0,449,449,451,3520.86773225,NaN,NaN,NaN,NaN,NaN,NaN,NaN,,NaN,,3521.152464458,3521.316994208,3521.316994208,3521.316994208,3521.316994208,3521.316994208,3521.316994208,3521.316994208,3521.316994208,3521.316994208,3524.837979666,-7,7,8,5,1.89295941599994,7,2.69595145800122,3520.865803666,3520.86773225,3521.316994208,3521.152450791,NaN,NaN,NaN,NaN,,NaN,,3520.86239925,3520.865757958,None,NaN,NaN,,NaN,NaN,NaN,NaN,NaN,NaN,NaN,21,bathroom,2,2024-05-18_13h32.14.141,image_similarity_rating,2023.2.3,None,2024-05-18 13h33.25.122132 +0200
,116,140,341,341,stimuli/own/bathroom/116_bat.jpg,stimuli/own/bathroom/140_bat.jpg,NaN,NaN,NaN,NaN,NaN,NaN,NaN,NaN,0,450,450,340,3524.843547541,NaN,NaN,NaN,NaN,NaN,NaN,NaN,,NaN,,3525.135893375,3525.306691958,3525.306691958,3525.306691958,3525.306691958,3525.306691958,3525.306691958,3525.306691958,3525.306691958,3525.306691958,3528.749925041,-7,7,8,4,1.88068195800042,5,2.5821145409991,3524.841606708,3524.843547541,3525.306691958,3525.135876333,NaN,NaN,NaN,NaN,,NaN,,3524.838210875,3524.841562125,None,NaN,NaN,,NaN,NaN,NaN,NaN,NaN,NaN,NaN,21,bathroom,2,2024-05-18_13h32.14.141,image_similarity_rating,2023.2.3,None,2024-05-18 13h33.25.122132 +0200
,123,130,465,465,stimuli/own/bathroom/123_bat.jpg,stimuli/own/bathroom/130_bat.jpg,NaN,NaN,NaN,NaN,NaN,NaN,NaN,NaN,0,451,451,464,3528.755504,NaN,NaN,NaN,NaN,NaN,NaN,NaN,,NaN,,3529.040050708,3529.209036041,3529.209036041,3529.209036041,3529.209036041,3529.209036041,3529.209036041,3529.209036041,3529.209036041,3529.209036041,3532.841145958,7,-7,8,4,1.69101724999928,4,2.63504383399959,3528.753582375,3528.755504,3529.209036041,3529.040036166,NaN,NaN,NaN,NaN,,NaN,,3528.750163208,3528.753537375,None,NaN,NaN,,NaN,NaN,NaN,NaN,NaN,NaN,NaN,21,bathroom,2,2024-05-18_13h32.14.141,image_similarity_rating,2023.2.3,None,2024-05-18 13h33.25.122132 +0200
,105,117,138,599,stimuli/own/bathroom/105_bat.jpg,stimuli/own/bathroom/117_bat.jpg,NaN,NaN,NaN,NaN,NaN,NaN,NaN,NaN,0,452,452,598,3532.851261083,NaN,NaN,NaN,NaN,NaN,NaN,NaN,,NaN,,3533.135742375,3533.301200166,3533.301200166,3533.301200166,3533.301200166,3533.301200166,3533.301200166,3533.301200166,3533.301200166,3533.301200166,3538.604493541,7,-7,8,3,1.8136373340003,3,4.2384667919996,3532.844868291,3532.851261083,3533.301200166,3533.135728625,NaN,NaN,NaN,NaN,,NaN,,3532.841362958,3532.844822958,None,NaN,NaN,,NaN,NaN,NaN,NaN,NaN,NaN,NaN,21,bathroom,2,2024-05-18_13h32.14.141,image_similarity_rating,2023.2.3,None,2024-05-18 13h33.25.122132 +0200
,125,126,491,491,stimuli/own/bathroom/125_bat.jpg,stimuli/own/bathroom/126_bat.jpg,NaN,NaN,NaN,NaN,NaN,NaN,NaN,NaN,0,453,453,490,3538.610055958,NaN,NaN,NaN,NaN,NaN,NaN,NaN,,NaN,,3538.9025395,3539.07109075,3539.07109075,3539.07109075,3539.07109075,3539.07109075,3539.07109075,3539.07109075,3539.07109075,3539.07109075,3542.512321041,7,-7,8,4,2.12162474999968,4,2.46523116699973,3538.608121916,3538.610055958,3539.07109075,3538.902520791,NaN,NaN,NaN,NaN,,NaN,,3538.604713291,3538.608077166,None,NaN,NaN,,NaN,NaN,NaN,NaN,NaN,NaN,NaN,21,bathroom,2,2024-05-18_13h32.14.141,image_similarity_rating,2023.2.3,None,2024-05-18 13h33.25.122132 +0200
,121,138,439,439,stimuli/own/bathroom/121_bat.jpg,stimuli/own/bathroom/138_bat.jpg,NaN,NaN,NaN,NaN,NaN,NaN,NaN,NaN,0,454,454,438,3542.517844583,NaN,NaN,NaN,NaN,NaN,NaN,NaN,,NaN,,3542.802347916,3542.968683708,3542.968683708,3542.968683708,3542.968683708,3542.968683708,3542.968683708,3542.968683708,3542.968683708,3542.968683708,3546.687058458,7,-7,8,4,1.47414216700054,2,2.78206399999908,3542.515922,3542.517844583,3542.968683708,3542.802333208,NaN,NaN,NaN,NaN,,NaN,,3542.512537416,3542.51587725,None,NaN,NaN,,NaN,NaN,NaN,NaN,NaN,NaN,NaN,21,bathroom,2,2024-05-18_13h32.14.141,image_similarity_rating,2023.2.3,None,2024-05-18 13h33.25.122132 +0200
,104,113,105,105,stimuli/own/bathroom/104_bat.jpg,stimuli/own/bathroom/113_bat.jpg,NaN,NaN,NaN,NaN,NaN,NaN,NaN,NaN,0,455,455,104,3546.692641708,NaN,NaN,NaN,NaN,NaN,NaN,NaN,,NaN,,3546.98597275,3547.15892525,3547.15892525,3547.15892525,3547.15892525,3547.15892525,3547.15892525,3547.15892525,3547.15892525,3547.15892525,3551.379052458,-7,7,8,5,2.28648079099912,3,3.37109129200144,3546.69072125,3546.692641708,3547.15892525,3546.985951625,NaN,NaN,NaN,NaN,,NaN,,3546.687274416,3546.690676,None,NaN,NaN,,NaN,NaN,NaN,NaN,NaN,NaN,NaN,21,bathroom,2,2024-05-18_13h32.14.141,image_similarity_rating,2023.2.3,None,2024-05-18 13h33.25.122132 +0200
,101,102,1,1,stimuli/own/bathroom/101_bat.jpg,stimuli/own/bathroom/102_bat.jpg,NaN,NaN,NaN,NaN,NaN,NaN,NaN,NaN,0,456,456,0,3551.40127925,NaN,NaN,NaN,NaN,NaN,NaN,NaN,,NaN,,3551.685213791,3551.854299333,3551.854299333,3551.854299333,3551.854299333,3551.854299333,3551.854299333,3551.854299333,3551.854299333,3551.854299333,3555.2536,-7,7,8,3,2.17546091700024,5,2.61129966699991,3551.382679875,3551.40127925,NaN,3551.685193833,NaN,NaN,NaN,NaN,,NaN,,3551.379267125,3551.382634708,None,NaN,NaN,,NaN,NaN,NaN,NaN,NaN,NaN,NaN,21,bathroom,2,2024-05-18_13h32.14.141,image_similarity_rating,2023.2.3,None,2024-05-18 13h33.25.122132 +0200
,111,129,233,233,stimuli/own/bathroom/111_bat.jpg,stimuli/own/bathroom/129_bat.jpg,NaN,NaN,NaN,NaN,NaN,NaN,NaN,NaN,0,457,457,232,3555.258992333,NaN,NaN,NaN,NaN,NaN,NaN,NaN,,NaN,,3555.55275625,3555.725208708,3555.725208708,3555.725208708,3555.725208708,3555.725208708,3555.725208708,3555.725208708,3555.725208708,3555.725208708,3558.67483,7,-7,8,4,1.582593000001,4,2.11198299999887,3555.257228791,3555.258992333,3555.725208708,3555.552739291,NaN,NaN,NaN,NaN,,NaN,,3555.253815083,3555.257183458,None,NaN,NaN,,NaN,NaN,NaN,NaN,NaN,NaN,NaN,21,bathroom,2,2024-05-18_13h32.14.141,image_similarity_rating,2023.2.3,None,2024-05-18 13h33.25.122132 +0200
,118,125,371,371,stimuli/own/bathroom/118_bat.jpg,stimuli/own/bathroom/125_bat.jpg,NaN,NaN,NaN,NaN,NaN,NaN,NaN,NaN,0,458,458,370,3558.684392375,NaN,NaN,NaN,NaN,NaN,NaN,NaN,,NaN,,3558.969063375,3559.134206458,3559.134206458,3559.134206458,3559.134206458,3559.134206458,3559.134206458,3559.134206458,3559.134206458,3559.134206458,3562.533139583,7,-7,8,5,1.86078366699985,2,2.48808675000146,3558.678474333,3558.684392375,3559.134206458,3558.969036708,NaN,NaN,NaN,NaN,,NaN,,3558.675048416,3558.678428333,None,NaN,NaN,,NaN,NaN,NaN,NaN,NaN,NaN,NaN,21,bathroom,2,2024-05-18_13h32.14.141,image_similarity_rating,2023.2.3,None,2024-05-18 13h33.25.122132 +0200
,116,127,330,330,stimuli/own/bathroom/116_bat.jpg,stimuli/own/bathroom/127_bat.jpg,NaN,NaN,NaN,NaN,NaN,NaN,NaN,NaN,0,459,459,329,3562.538739625,NaN,NaN,NaN,NaN,NaN,NaN,NaN,,NaN,,3562.82330975,3562.989942541,3562.989942541,3562.989942541,3562.989942541,3562.989942541,3562.989942541,3562.989942541,3562.989942541,3562.989942541,3566.574541041,7,-7,8,2,1.71740704200056,4,2.73664241699953,3562.53697475,3562.538739625,3562.989942541,3562.823296958,NaN,NaN,NaN,NaN,,NaN,,3562.533367125,3562.536928416,None,NaN,NaN,,NaN,NaN,NaN,NaN,NaN,NaN,NaN,21,bathroom,2,2024-05-18_13h32.14.141,image_similarity_rating,2023.2.3,None,2024-05-18 13h33.25.122132 +0200
,139,141,594,594,stimuli/own/bathroom/139_bat.jpg,stimuli/own/bathroom/141_bat.jpg,NaN,NaN,NaN,NaN,NaN,NaN,NaN,NaN,0,460,460,593,3566.584539125,NaN,NaN,NaN,NaN,NaN,NaN,NaN,,NaN,,3566.869095458,3567.033435208,3567.033435208,3567.033435208,3567.033435208,3567.033435208,3567.033435208,3567.033435208,3567.033435208,3567.033435208,3570.52454475,-7,7,8,4,1.783192375,5,2.57922700000017,3566.578280208,3566.584539125,3567.033435208,3566.869079541,NaN,NaN,NaN,NaN,,NaN,,3566.574757708,3566.578234625,None,NaN,NaN,,NaN,NaN,NaN,NaN,NaN,NaN,NaN,21,bathroom,2,2024-05-18_13h32.14.141,image_similarity_rating,2023.2.3,None,2024-05-18 13h33.25.122132 +0200
,129,131,531,531,stimuli/own/bathroom/129_bat.jpg,stimuli/own/bathroom/131_bat.jpg,NaN,NaN,NaN,NaN,NaN,NaN,NaN,NaN,0,461,461,530,3570.534353541,NaN,NaN,NaN,NaN,NaN,NaN,NaN,,NaN,,3570.819017583,3570.989874541,3570.989874541,3570.989874541,3570.989874541,3570.989874541,3570.989874541,3570.989874541,3570.989874541,3570.989874541,3573.740473916,7,-7,8,2,1.63059991599948,1,1.97551983399899,3570.528538208,3570.534353541,3570.989874541,3570.819001583,NaN,NaN,NaN,NaN,,NaN,,3570.52476325,3570.528489375,None,NaN,NaN,,NaN,NaN,NaN,NaN,NaN,NaN,NaN,21,bathroom,2,2024-05-18_13h32.14.141,image_similarity_rating,2023.2.3,None,2024-05-18 13h33.25.122132 +0200
,138,141,592,592,stimuli/own/bathroom/138_bat.jpg,stimuli/own/bathroom/141_bat.jpg,NaN,NaN,NaN,NaN,NaN,NaN,NaN,NaN,0,462,462,591,3573.7510305,NaN,NaN,NaN,NaN,NaN,NaN,NaN,,NaN,,3574.035654333,3574.201296291,3574.201296291,3574.201296291,3574.201296291,3574.201296291,3574.201296291,3574.201296291,3574.201296291,3574.201296291,3577.957349,-7,7,8,2,1.5772812080013,6,2.72323179200066,3573.744270916,3573.7510305,3574.201296291,3574.035639208,NaN,NaN,NaN,NaN,,NaN,,3573.740689875,3573.744223083,None,NaN,NaN,,NaN,NaN,NaN,NaN,NaN,NaN,NaN,21,bathroom,2,2024-05-18_13h32.14.141,image_similarity_rating,2023.2.3,None,2024-05-18 13h33.25.122132 +0200
,103,138,96,96,stimuli/own/bathroom/103_bat.jpg,stimuli/own/bathroom/138_bat.jpg,NaN,NaN,NaN,NaN,NaN,NaN,NaN,NaN,0,463,463,95,3577.967665958,NaN,NaN,NaN,NaN,NaN,NaN,NaN,,NaN,,3578.252288833,3578.417948125,3578.417948125,3578.417948125,3578.417948125,3578.417948125,3578.417948125,3578.417948125,3578.417948125,3578.417948125,3583.47036725,7,-7,8,4,3.48529816700102,6,4.101349999999,3577.96101325,3577.967665958,3578.417948125,3578.252270291,NaN,NaN,NaN,NaN,,NaN,,3577.957563208,3577.960967791,None,NaN,NaN,,NaN,NaN,NaN,NaN,NaN,NaN,NaN,21,bathroom,2,2024-05-18_13h32.14.141,image_similarity_rating,2023.2.3,None,2024-05-18 13h33.25.122132 +0200
,109,116,194,194,stimuli/own/bathroom/109_bat.jpg,stimuli/own/bathroom/116_bat.jpg,NaN,NaN,NaN,NaN,NaN,NaN,NaN,NaN,0,464,464,193,3583.47595375,NaN,NaN,NaN,NaN,NaN,NaN,NaN,,NaN,,3583.769002375,3583.9373865,3583.9373865,3583.9373865,3583.9373865,3583.9373865,3583.9373865,3583.9373865,3583.9373865,3583.9373865,3587.436797333,7,-7,8,4,1.83859020800082,7,2.42925462499988,3583.47402025,3583.47595375,3583.9373865,3583.768977458,NaN,NaN,NaN,NaN,,NaN,,3583.470580958,3583.47397475,None,NaN,NaN,,NaN,NaN,NaN,NaN,NaN,NaN,NaN,21,bathroom,2,2024-05-18_13h32.14.141,image_similarity_rating,2023.2.3,None,2024-05-18 13h33.25.122132 +0200
,136,139,583,583,stimuli/own/bathroom/136_bat.jpg,stimuli/own/bathroom/139_bat.jpg,NaN,NaN,NaN,NaN,NaN,NaN,NaN,NaN,0,465,465,582,3587.4423955,NaN,NaN,NaN,NaN,NaN,NaN,NaN,,NaN,,3587.735630958,3587.898989625,3587.898989625,3587.898989625,3587.898989625,3587.898989625,3587.898989625,3587.898989625,3587.898989625,3587.898989625,3591.583431166,7,-7,8,4,1.91250983400096,4,2.69515900000079,3587.4404625,3587.4423955,3587.898989625,3587.735613041,NaN,NaN,NaN,NaN,,NaN,,3587.437015125,3587.440416916,None,NaN,NaN,,NaN,NaN,NaN,NaN,NaN,NaN,NaN,21,bathroom,2,2024-05-18_13h32.14.141,image_similarity_rating,2023.2.3,None,2024-05-18 13h33.25.122132 +0200
,117,126,351,351,stimuli/own/bathroom/117_bat.jpg,stimuli/own/bathroom/126_bat.jpg,NaN,NaN,NaN,NaN,NaN,NaN,NaN,NaN,0,466,466,350,3591.58886225,NaN,NaN,NaN,NaN,NaN,NaN,NaN,,NaN,,3591.8730245,3592.037169458,3592.037169458,3592.037169458,3592.037169458,3592.037169458,3592.037169458,3592.037169458,3592.037169458,3592.037169458,3595.391128708,-7,7,8,4,1.73505758299871,7,2.41135295800086,3591.587105583,3591.58886225,3592.037169458,3591.873011708,NaN,NaN,NaN,NaN,,NaN,,3591.583646041,3591.587058916,None,NaN,NaN,,NaN,NaN,NaN,NaN,NaN,NaN,NaN,21,bathroom,2,2024-05-18_13h32.14.141,image_similarity_rating,2023.2.3,None,2024-05-18 13h33.25.122132 +0200
,127,131,520,520,stimuli/own/bathroom/127_bat.jpg,stimuli/own/bathroom/131_bat.jpg,NaN,NaN,NaN,NaN,NaN,NaN,NaN,NaN,0,467,467,519,3595.401029125,NaN,NaN,NaN,NaN,NaN,NaN,NaN,,NaN,,3595.6856325,3595.852959541,3595.852959541,3595.852959541,3595.852959541,3595.852959541,3595.852959541,3595.852959541,3595.852959541,3595.852959541,3599.062608583,7,-7,8,4,1.83312116699926,1,2.42172745799871,3595.39491875,3595.401029125,3595.852959541,3595.685616083,NaN,NaN,NaN,NaN,,NaN,,3595.391343791,3595.394873291,None,NaN,NaN,,NaN,NaN,NaN,NaN,NaN,NaN,NaN,21,bathroom,2,2024-05-18_13h32.14.141,image_similarity_rating,2023.2.3,None,2024-05-18 13h33.25.122132 +0200
,120,134,417,417,stimuli/own/bathroom/120_bat.jpg,stimuli/own/bathroom/134_bat.jpg,NaN,NaN,NaN,NaN,NaN,NaN,NaN,NaN,0,468,468,416,3599.084447,NaN,NaN,NaN,NaN,NaN,NaN,NaN,,NaN,,3599.368526208,3599.534647291,3599.534647291,3599.534647291,3599.534647291,3599.534647291,3599.534647291,3599.534647291,3599.534647291,3599.534647291,3602.949810666,-7,7,8,5,1.99706316599986,5,2.43023529099992,3599.066242041,3599.084447,NaN,3599.36850575,NaN,NaN,NaN,NaN,,NaN,,3599.062823416,3599.066195583,None,NaN,NaN,,NaN,NaN,NaN,NaN,NaN,NaN,NaN,21,bathroom,2,2024-05-18_13h32.14.141,image_similarity_rating,2023.2.3,None,2024-05-18 13h33.25.122132 +0200
,111,141,244,244,stimuli/own/bathroom/111_bat.jpg,stimuli/own/bathroom/141_bat.jpg,NaN,NaN,NaN,NaN,NaN,NaN,NaN,NaN,0,469,469,243,3602.955448625,NaN,NaN,NaN,NaN,NaN,NaN,NaN,,NaN,,3603.239947541,3603.410773625,3603.410773625,3603.410773625,3603.410773625,3603.410773625,3603.410773625,3603.410773625,3603.410773625,3603.410773625,3606.883309458,7,-7,8,5,2.25666454199927,4,2.71120345899908,3602.953515333,3602.955448625,3603.410773625,3603.239932875,NaN,NaN,NaN,NaN,,NaN,,3602.950054666,3602.953469833,None,NaN,NaN,,NaN,NaN,NaN,NaN,NaN,NaN,NaN,21,bathroom,2,2024-05-18_13h32.14.141,image_similarity_rating,2023.2.3,None,2024-05-18 13h33.25.122132 +0200
,102,134,60,60,stimuli/own/bathroom/102_bat.jpg,stimuli/own/bathroom/134_bat.jpg,NaN,NaN,NaN,NaN,NaN,NaN,NaN,NaN,0,470,470,59,3606.88891425,NaN,NaN,NaN,NaN,NaN,NaN,NaN,,NaN,,3607.173200958,3607.339971875,3607.339971875,3607.339971875,3607.339971875,3607.339971875,3607.339971875,3607.339971875,3607.339971875,3607.339971875,3611.729144916,7,-7,8,5,1.63170695900044,5,2.43932483299977,3606.886973666,3606.88891425,3607.339971875,3607.173188166,NaN,NaN,NaN,NaN,,NaN,,3606.883529083,3606.886928083,None,NaN,NaN,,NaN,NaN,NaN,NaN,NaN,NaN,NaN,21,bathroom,2,2024-05-18_13h32.14.141,image_similarity_rating,2023.2.3,None,2024-05-18 13h33.25.122132 +0200
,102,105,37,37,stimuli/own/bathroom/102_bat.jpg,stimuli/own/bathroom/105_bat.jpg,NaN,NaN,NaN,NaN,NaN,NaN,NaN,NaN,0,471,471,36,3611.751213333,NaN,NaN,NaN,NaN,NaN,NaN,NaN,,NaN,,3612.035237916,3612.207149916,3612.207149916,3612.207149916,3612.207149916,3612.207149916,3612.207149916,3612.207149916,3612.207149916,3612.207149916,3615.611935916,7,-7,8,4,1.62674845800029,4,2.48156725000081,3611.732796625,3611.751213333,NaN,3612.0352125,NaN,NaN,NaN,NaN,,NaN,,3611.729361083,3611.732750666,None,NaN,NaN,,NaN,NaN,NaN,NaN,NaN,NaN,NaN,21,bathroom,2,2024-05-18_13h32.14.141,image_similarity_rating,2023.2.3,None,2024-05-18 13h33.25.122132 +0200
,117,139,362,362,stimuli/own/bathroom/117_bat.jpg,stimuli/own/bathroom/139_bat.jpg,NaN,NaN,NaN,NaN,NaN,NaN,NaN,NaN,0,472,472,361,3615.617734958,NaN,NaN,NaN,NaN,NaN,NaN,NaN,,NaN,,3615.902243708,3616.067850916,3616.067850916,3616.067850916,3616.067850916,3616.067850916,3616.067850916,3616.067850916,3616.067850916,3616.067850916,3619.249735583,-7,7,8,4,1.70032829199954,2,2.40638116700029,3615.615572166,3615.617734958,3616.067850916,3615.902228083,NaN,NaN,NaN,NaN,,NaN,,3615.612151875,3615.615525958,None,NaN,NaN,,NaN,NaN,NaN,NaN,NaN,NaN,NaN,21,bathroom,2,2024-05-18_13h32.14.141,image_similarity_rating,2023.2.3,None,2024-05-18 13h33.25.122132 +0200
,109,141,217,217,stimuli/own/bathroom/109_bat.jpg,stimuli/own/bathroom/141_bat.jpg,NaN,NaN,NaN,NaN,NaN,NaN,NaN,NaN,0,473,473,216,3619.255323416,NaN,NaN,NaN,NaN,NaN,NaN,NaN,,NaN,,3619.539389833,3619.703240791,3619.703240791,3619.703240791,3619.703240791,3619.703240791,3619.703240791,3619.703240791,3619.703240791,3619.703240791,3623.611986833,7,-7,8,2,2.1494390830012,3,2.80909816699932,3619.253567916,3619.255323416,3619.703240791,3619.539377833,NaN,NaN,NaN,NaN,,NaN,,3619.249970583,3619.2535215,None,NaN,NaN,,NaN,NaN,NaN,NaN,NaN,NaN,NaN,21,bathroom,2,2024-05-18_13h32.14.141,image_similarity_rating,2023.2.3,None,2024-05-18 13h33.25.122132 +0200
,118,121,367,367,stimuli/own/bathroom/118_bat.jpg,stimuli/own/bathroom/121_bat.jpg,NaN,NaN,NaN,NaN,NaN,NaN,NaN,NaN,0,474,474,366,3623.617457916,NaN,NaN,NaN,NaN,NaN,NaN,NaN,,NaN,,3623.902184125,3624.072248166,3624.072248166,3624.072248166,3624.072248166,3624.072248166,3624.072248166,3624.072248166,3624.072248166,3624.072248166,3627.523929541,7,-7,8,4,2.23638958399897,2,2.67603820899967,3623.615617791,3623.617457916,3624.072248166,3623.9021685,NaN,NaN,NaN,NaN,,NaN,,3623.612205541,3623.615572375,None,NaN,NaN,,NaN,NaN,NaN,NaN,NaN,NaN,NaN,21,bathroom,2,2024-05-18_13h32.14.141,image_similarity_rating,2023.2.3,None,2024-05-18 13h33.25.122132 +0200
,121,135,436,436,stimuli/own/bathroom/121_bat.jpg,stimuli/own/bathroom/135_bat.jpg,NaN,NaN,NaN,NaN,NaN,NaN,NaN,NaN,0,475,475,435,3627.534384,NaN,NaN,NaN,NaN,NaN,NaN,NaN,,NaN,,3627.81882125,3627.982886791,3627.982886791,3627.982886791,3627.982886791,3627.982886791,3627.982886791,3627.982886791,3627.982886791,3627.982886791,3630.799499625,7,-7,8,4,1.43405733399959,4,1.95584937499916,3627.527582208,3627.534384,3627.982886791,3627.818803875,NaN,NaN,NaN,NaN,,NaN,,3627.524145583,3627.52753675,None,NaN,NaN,,NaN,NaN,NaN,NaN,NaN,NaN,NaN,21,bathroom,2,2024-05-18_13h32.14.141,image_similarity_rating,2023.2.3,None,2024-05-18 13h33.25.122132 +0200
,105,109,132,132,stimuli/own/bathroom/105_bat.jpg,stimuli/own/bathroom/109_bat.jpg,NaN,NaN,NaN,NaN,NaN,NaN,NaN,NaN,0,476,476,131,3630.804945125,NaN,NaN,NaN,NaN,NaN,NaN,NaN,,NaN,,3631.090035083,3631.258084166,3631.258084166,3631.258084166,3631.258084166,3631.258084166,3631.258084166,3631.258084166,3631.258084166,3631.258084166,3634.403296375,-7,7,8,4,1.73603404099958,5,2.44048724999993,3630.803182625,3630.804945125,3631.258084166,3631.0900205,NaN,NaN,NaN,NaN,,NaN,,3630.79971275,3630.803136958,None,NaN,NaN,,NaN,NaN,NaN,NaN,NaN,NaN,NaN,21,bathroom,2,2024-05-18_13h32.14.141,image_similarity_rating,2023.2.3,None,2024-05-18 13h33.25.122132 +0200
,118,131,376,376,stimuli/own/bathroom/118_bat.jpg,stimuli/own/bathroom/131_bat.jpg,NaN,NaN,NaN,NaN,NaN,NaN,NaN,NaN,0,477,477,375,3634.40895775,NaN,NaN,NaN,NaN,NaN,NaN,NaN,,NaN,,3634.701992041,3634.866280583,3634.866280583,3634.866280583,3634.866280583,3634.866280583,3634.866280583,3634.866280583,3634.866280583,3634.866280583,3637.890663208,7,-7,8,3,1.80047845799891,4,2.28861833299925,3634.407034125,3634.40895775,3634.866280583,3634.7019715,NaN,NaN,NaN,NaN,,NaN,,3634.403509583,3634.406989041,None,NaN,NaN,,NaN,NaN,NaN,NaN,NaN,NaN,NaN,21,bathroom,2,2024-05-18_13h32.14.141,image_similarity_rating,2023.2.3,None,2024-05-18 13h33.25.122132 +0200
,119,121,387,387,stimuli/own/bathroom/119_bat.jpg,stimuli/own/bathroom/121_bat.jpg,NaN,NaN,NaN,NaN,NaN,NaN,NaN,NaN,0,478,478,386,3637.900773791,NaN,NaN,NaN,NaN,NaN,NaN,NaN,,NaN,,3638.185431791,3638.351524541,3638.351524541,3638.351524541,3638.351524541,3638.351524541,3638.351524541,3638.351524541,3638.351524541,3638.351524541,3641.582996833,-7,7,8,4,1.56372258299962,4,2.41985216600006,3637.8945535,3637.900773791,3638.351524541,3638.185416958,NaN,NaN,NaN,NaN,,NaN,,3637.890881541,3637.894505541,None,NaN,NaN,,NaN,NaN,NaN,NaN,NaN,NaN,NaN,21,bathroom,2,2024-05-18_13h32.14.141,image_similarity_rating,2023.2.3,None,2024-05-18 13h33.25.122132 +0200
,116,120,323,323,stimuli/own/bathroom/116_bat.jpg,stimuli/own/bathroom/120_bat.jpg,NaN,NaN,NaN,NaN,NaN,NaN,NaN,NaN,0,479,479,322,3641.588608291,NaN,NaN,NaN,NaN,NaN,NaN,NaN,,NaN,,3641.873208083,3642.041303083,3642.041303083,3642.041303083,3642.041303083,3642.041303083,3642.041303083,3642.041303083,3642.041303083,3642.041303083,3645.286607041,-7,7,8,4,1.48831541700019,5,2.49754208300146,3641.586683041,3641.588608291,3642.041303083,3641.87319375,NaN,NaN,NaN,NaN,,NaN,,3641.583234125,3641.586637041,None,NaN,NaN,,NaN,NaN,NaN,NaN,NaN,NaN,NaN,21,bathroom,2,2024-05-18_13h32.14.141,image_similarity_rating,2023.2.3,None,2024-05-18 13h33.25.122132 +0200
,113,116,272,272,stimuli/own/bathroom/113_bat.jpg,stimuli/own/bathroom/116_bat.jpg,NaN,NaN,NaN,NaN,NaN,NaN,NaN,NaN,0,480,480,271,3645.292145041,NaN,NaN,NaN,NaN,NaN,NaN,NaN,,NaN,,3645.585318916,3645.75319425,3645.75319425,3645.75319425,3645.75319425,3645.75319425,3645.75319425,3645.75319425,3645.75319425,3645.75319425,3648.569953416,-7,7,8,5,1.51840575000097,4,1.98029033399871,3645.290233958,3645.292145041,3645.75319425,3645.585303541,NaN,NaN,NaN,NaN,,NaN,,3645.28682125,3645.290188791,None,NaN,NaN,,NaN,NaN,NaN,NaN,NaN,NaN,NaN,21,bathroom,2,2024-05-18_13h32.14.141,image_similarity_rating,2023.2.3,None,2024-05-18 13h33.25.122132 +0200
,103,130,89,89,stimuli/own/bathroom/103_bat.jpg,stimuli/own/bathroom/130_bat.jpg,NaN,NaN,NaN,NaN,NaN,NaN,NaN,NaN,0,481,481,88,3648.575630375,NaN,NaN,NaN,NaN,NaN,NaN,NaN,,NaN,,3648.86878775,3649.035196,3649.035196,3649.035196,3649.035196,3649.035196,3649.035196,3649.035196,3649.035196,3649.035196,3652.011454791,7,-7,8,4,1.22729458399954,4,2.11344070899941,3648.573713,3648.575630375,3649.035196,3648.86876725,NaN,NaN,NaN,NaN,,NaN,,3648.570167041,3648.573654,None,NaN,NaN,,NaN,NaN,NaN,NaN,NaN,NaN,NaN,21,bathroom,2,2024-05-18_13h32.14.141,image_similarity_rating,2023.2.3,None,2024-05-18 13h33.25.122132 +0200
,101,122,17,17,stimuli/own/bathroom/101_bat.jpg,stimuli/own/bathroom/122_bat.jpg,NaN,NaN,NaN,NaN,NaN,NaN,NaN,NaN,0,482,482,16,3652.017334333,NaN,NaN,NaN,NaN,NaN,NaN,NaN,,NaN,,3652.302131791,3652.470817083,3652.470817083,3652.470817083,3652.470817083,3652.470817083,3652.470817083,3652.470817083,3652.470817083,3652.470817083,3655.840313041,7,-7,8,5,1.56748520800102,5,2.54781558300056,3652.015093833,3652.017334333,3652.470817083,3652.302115541,NaN,NaN,NaN,NaN,,NaN,,3652.011670625,3652.015049041,None,NaN,NaN,,NaN,NaN,NaN,NaN,NaN,NaN,NaN,21,bathroom,2,2024-05-18_13h32.14.141,image_similarity_rating,2023.2.3,None,2024-05-18 13h33.25.122132 +0200
,104,105,100,100,stimuli/own/bathroom/104_bat.jpg,stimuli/own/bathroom/105_bat.jpg,NaN,NaN,NaN,NaN,NaN,NaN,NaN,NaN,0,483,483,99,3655.850947875,NaN,NaN,NaN,NaN,NaN,NaN,NaN,,NaN,,3656.135483416,3656.301876666,3656.301876666,3656.301876666,3656.301876666,3656.301876666,3656.301876666,3656.301876666,3656.301876666,3656.301876666,3659.532869083,-7,7,8,5,2.00952079200033,4,2.40558154199971,3655.844195166,3655.850947875,3656.301876666,3656.13546825,NaN,NaN,NaN,NaN,,NaN,,3655.840526041,3655.84414625,None,NaN,NaN,,NaN,NaN,NaN,NaN,NaN,NaN,NaN,21,bathroom,2,2024-05-18_13h32.14.141,image_similarity_rating,2023.2.3,None,2024-05-18 13h33.25.122132 +0200
,121,134,435,435,stimuli/own/bathroom/121_bat.jpg,stimuli/own/bathroom/134_bat.jpg,NaN,NaN,NaN,NaN,NaN,NaN,NaN,NaN,0,484,484,434,3659.538597541,NaN,NaN,NaN,NaN,NaN,NaN,NaN,,NaN,,3659.822785875,3659.992253708,3659.992253708,3659.992253708,3659.992253708,3659.992253708,3659.992253708,3659.992253708,3659.992253708,3659.992253708,3662.761809333,7,-7,8,4,1.235633667,5,1.68170495800041,3659.536668375,3659.538597541,3659.992253708,3659.822770708,NaN,NaN,NaN,NaN,,NaN,,3659.5330935,3659.5366225,None,NaN,NaN,,NaN,NaN,NaN,NaN,NaN,NaN,NaN,21,bathroom,2,2024-05-18_13h32.14.141,image_similarity_rating,2023.2.3,None,2024-05-18 13h33.25.122132 +0200
,130,136,545,545,stimuli/own/bathroom/130_bat.jpg,stimuli/own/bathroom/136_bat.jpg,NaN,NaN,NaN,NaN,NaN,NaN,NaN,NaN,0,485,485,544,3662.767275875,NaN,NaN,NaN,NaN,NaN,NaN,NaN,,NaN,,3663.052099291,3663.221314916,3663.221314916,3663.221314916,3663.221314916,3663.221314916,3663.221314916,3663.221314916,3663.221314916,3663.221314916,3665.857454833,-7,7,8,5,1.45124908400066,5,1.83663558399894,3662.765437708,3662.767275875,3663.221314916,3663.052081916,NaN,NaN,NaN,NaN,,NaN,,3662.762023375,3662.765392583,None,NaN,NaN,,NaN,NaN,NaN,NaN,NaN,NaN,NaN,21,bathroom,2,2024-05-18_13h32.14.141,image_similarity_rating,2023.2.3,None,2024-05-18 13h33.25.122132 +0200
,113,136,290,290,stimuli/own/bathroom/113_bat.jpg,stimuli/own/bathroom/136_bat.jpg,NaN,NaN,NaN,NaN,NaN,NaN,NaN,NaN,0,486,486,289,3665.867501333,NaN,NaN,NaN,NaN,NaN,NaN,NaN,,NaN,,3666.152008875,3666.318024291,3666.318024291,3666.318024291,3666.318024291,3666.318024291,3666.318024291,3666.318024291,3666.318024291,3666.318024291,3669.273868625,7,-7,8,5,1.61386112500077,4,2.14471695800057,3665.861085833,3665.867501333,3666.318024291,3666.151986708,NaN,NaN,NaN,NaN,,NaN,,3665.85766625,3665.861040375,None,NaN,NaN,,NaN,NaN,NaN,NaN,NaN,NaN,NaN,21,bathroom,2,2024-05-18_13h32.14.141,image_similarity_rating,2023.2.3,None,2024-05-18 13h33.25.122132 +0200
,136,139,583,601,stimuli/own/bathroom/136_bat.jpg,stimuli/own/bathroom/139_bat.jpg,NaN,NaN,NaN,NaN,NaN,NaN,NaN,NaN,0,487,487,600,3669.284215916,NaN,NaN,NaN,NaN,NaN,NaN,NaN,,NaN,,3669.568799208,3669.736958166,3669.736958166,3669.736958166,3669.736958166,3669.736958166,3669.736958166,3669.736958166,3669.736958166,3669.736958166,3673.003466958,-7,7,8,4,1.74497645799966,4,2.32848229199953,3669.27750625,3669.284215916,3669.736958166,3669.568782,NaN,NaN,NaN,NaN,,NaN,,3669.274081791,3669.277460166,None,NaN,NaN,,NaN,NaN,NaN,NaN,NaN,NaN,NaN,21,bathroom,2,2024-05-18_13h32.14.141,image_similarity_rating,2023.2.3,None,2024-05-18 13h33.25.122132 +0200
,118,132,377,377,stimuli/own/bathroom/118_bat.jpg,stimuli/own/bathroom/132_bat.jpg,NaN,NaN,NaN,NaN,NaN,NaN,NaN,NaN,0,488,488,376,3673.009049416,NaN,NaN,NaN,NaN,NaN,NaN,NaN,,NaN,,3673.302079208,3673.473078458,3673.473078458,3673.473078458,3673.473078458,3673.473078458,3673.473078458,3673.473078458,3673.473078458,3673.473078458,3677.566502333,-7,7,8,3,2.90275529199971,4,3.39442683299967,3673.007118208,3673.009049416,3673.473078458,3673.302060375,NaN,NaN,NaN,NaN,,NaN,,3673.0036835,3673.007072125,None,NaN,NaN,,NaN,NaN,NaN,NaN,NaN,NaN,NaN,21,bathroom,2,2024-05-18_13h32.14.141,image_similarity_rating,2023.2.3,None,2024-05-18 13h33.25.122132 +0200
,112,117,248,248,stimuli/own/bathroom/112_bat.jpg,stimuli/own/bathroom/117_bat.jpg,NaN,NaN,NaN,NaN,NaN,NaN,NaN,NaN,0,489,489,247,3677.572219833,NaN,NaN,NaN,NaN,NaN,NaN,NaN,,NaN,,3677.856,3678.021027916,3678.021027916,3678.021027916,3678.021027916,3678.021027916,3678.021027916,3678.021027916,3678.021027916,3678.021027916,3680.945103833,7,-7,8,5,1.55134708399964,3,2.01096675000008,3677.570295916,3677.572219833,3678.021027916,3677.855984083,NaN,NaN,NaN,NaN,,NaN,,3677.566716583,3677.570250291,None,NaN,NaN,,NaN,NaN,NaN,NaN,NaN,NaN,NaN,21,bathroom,2,2024-05-18_13h32.14.141,image_similarity_rating,2023.2.3,None,2024-05-18 13h33.25.122132 +0200
,111,131,235,235,stimuli/own/bathroom/111_bat.jpg,stimuli/own/bathroom/131_bat.jpg,NaN,NaN,NaN,NaN,NaN,NaN,NaN,NaN,0,490,490,234,3680.950816625,NaN,NaN,NaN,NaN,NaN,NaN,NaN,,NaN,,3681.235363208,3681.405144791,3681.405144791,3681.405144791,3681.405144791,3681.405144791,3681.405144791,3681.405144791,3681.405144791,3681.405144791,3684.094956958,7,-7,8,2,1.51793458300017,2,1.91669479200027,3680.948874625,3680.950816625,3681.405144791,3681.235346166,NaN,NaN,NaN,NaN,,NaN,,3680.945325083,3680.9488285,None,NaN,NaN,,NaN,NaN,NaN,NaN,NaN,NaN,NaN,21,bathroom,2,2024-05-18_13h32.14.141,image_similarity_rating,2023.2.3,None,2024-05-18 13h33.25.122132 +0200
,117,119,344,344,stimuli/own/bathroom/117_bat.jpg,stimuli/own/bathroom/119_bat.jpg,NaN,NaN,NaN,NaN,NaN,NaN,NaN,NaN,0,491,491,343,3684.100613583,NaN,NaN,NaN,NaN,NaN,NaN,NaN,,NaN,,3684.385431208,3684.549648541,3684.549648541,3684.549648541,3684.549648541,3684.549648541,3684.549648541,3684.549648541,3684.549648541,3684.549648541,3688.062148333,-7,7,8,5,1.75936287500008,6,2.69390674999886,3684.098702916,3684.100613583,3684.549648541,3684.385416791,NaN,NaN,NaN,NaN,,NaN,,3684.095168291,3684.098657875,None,NaN,NaN,,NaN,NaN,NaN,NaN,NaN,NaN,NaN,21,bathroom,2,2024-05-18_13h32.14.141,image_similarity_rating,2023.2.3,None,2024-05-18 13h33.25.122132 +0200
,102,139,65,65,stimuli/own/bathroom/102_bat.jpg,stimuli/own/bathroom/139_bat.jpg,NaN,NaN,NaN,NaN,NaN,NaN,NaN,NaN,0,492,492,64,3688.068646791,NaN,NaN,NaN,NaN,NaN,NaN,NaN,,NaN,,3688.3520555,3688.516543,3688.516543,3688.516543,3688.516543,3688.516543,3688.516543,3688.516543,3688.516543,3688.516543,3691.7948605,7,-7,8,5,1.92429462499967,2,2.54077820800012,3688.066049458,3688.068646791,3688.516543,3688.352040875,NaN,NaN,NaN,NaN,,NaN,,3688.062364291,3688.066000541,None,NaN,NaN,,NaN,NaN,NaN,NaN,NaN,NaN,NaN,21,bathroom,2,2024-05-18_13h32.14.141,image_similarity_rating,2023.2.3,None,2024-05-18 13h33.25.122132 +0200
,104,130,120,120,stimuli/own/bathroom/104_bat.jpg,stimuli/own/bathroom/130_bat.jpg,NaN,NaN,NaN,NaN,NaN,NaN,NaN,NaN,0,493,493,119,3691.800388083,NaN,NaN,NaN,NaN,NaN,NaN,NaN,,NaN,,3692.085357833,3692.251019958,3692.251019958,3692.251019958,3692.251019958,3692.251019958,3692.251019958,3692.251019958,3692.251019958,3692.251019958,3695.469685416,7,-7,8,4,1.47174983300101,3,2.34464875000049,3691.798630541,3691.800388083,3692.251019958,3692.085338916,NaN,NaN,NaN,NaN,,NaN,,3691.795073541,3691.798584541,None,NaN,NaN,,NaN,NaN,NaN,NaN,NaN,NaN,NaN,21,bathroom,2,2024-05-18_13h32.14.141,image_similarity_rating,2023.2.3,None,2024-05-18 13h33.25.122132 +0200
,114,139,317,317,stimuli/own/bathroom/114_bat.jpg,stimuli/own/bathroom/139_bat.jpg,NaN,NaN,NaN,NaN,NaN,NaN,NaN,NaN,0,494,494,316,3695.475262208,NaN,NaN,NaN,NaN,NaN,NaN,NaN,,NaN,,3695.768558666,3695.934240666,3695.934240666,3695.934240666,3695.934240666,3695.934240666,3695.934240666,3695.934240666,3695.934240666,3695.934240666,3699.028128,-7,7,8,4,1.79633837500114,4,2.18099991700001,3695.473331708,3695.475262208,3695.934240666,3695.768534916,NaN,NaN,NaN,NaN,,NaN,,3695.46989925,3695.473286166,None,NaN,NaN,,NaN,NaN,NaN,NaN,NaN,NaN,NaN,21,bathroom,2,2024-05-18_13h32.14.141,image_similarity_rating,2023.2.3,None,2024-05-18 13h33.25.122132 +0200
,125,141,504,504,stimuli/own/bathroom/125_bat.jpg,stimuli/own/bathroom/141_bat.jpg,NaN,NaN,NaN,NaN,NaN,NaN,NaN,NaN,0,495,495,503,3699.033951791,NaN,NaN,NaN,NaN,NaN,NaN,NaN,,NaN,,3699.31868625,3699.489679625,3699.489679625,3699.489679625,3699.489679625,3699.489679625,3699.489679625,3699.489679625,3699.489679625,3699.489679625,3703.204022833,7,-7,8,4,2.48077120800008,3,3.00087650000023,3699.031828916,3699.033951791,3699.489679625,3699.318667958,NaN,NaN,NaN,NaN,,NaN,,3699.028343916,3699.031783416,None,NaN,NaN,,NaN,NaN,NaN,NaN,NaN,NaN,NaN,21,bathroom,2,2024-05-18_13h32.14.141,image_similarity_rating,2023.2.3,None,2024-05-18 13h33.25.122132 +0200
,112,123,254,254,stimuli/own/bathroom/112_bat.jpg,stimuli/own/bathroom/123_bat.jpg,NaN,NaN,NaN,NaN,NaN,NaN,NaN,NaN,0,496,496,253,3703.209451708,NaN,NaN,NaN,NaN,NaN,NaN,NaN,,NaN,,3703.501954208,3703.673396625,3703.673396625,3703.673396625,3703.673396625,3703.673396625,3703.673396625,3703.673396625,3703.673396625,3703.673396625,3706.661707833,7,-7,8,4,1.61635275000117,5,2.00426424999932,3703.207685333,3703.209451708,3703.673396625,3703.501938208,NaN,NaN,NaN,NaN,,NaN,,3703.204240708,3703.207639833,None,NaN,NaN,,NaN,NaN,NaN,NaN,NaN,NaN,NaN,21,bathroom,2,2024-05-18_13h32.14.141,image_similarity_rating,2023.2.3,None,2024-05-18 13h33.25.122132 +0200
,120,129,413,413,stimuli/own/bathroom/120_bat.jpg,stimuli/own/bathroom/129_bat.jpg,NaN,NaN,NaN,NaN,NaN,NaN,NaN,NaN,0,497,497,412,3706.667153041,NaN,NaN,NaN,NaN,NaN,NaN,NaN,,NaN,,3706.952028333,3707.116287083,3707.116287083,3707.116287083,3707.116287083,3707.116287083,3707.116287083,3707.116287083,3707.116287083,3707.116287083,3709.690615166,7,-7,8,4,1.35870954100028,6,1.75021620799998,3706.665354083,3706.667153041,3707.116287083,3706.952014,NaN,NaN,NaN,NaN,,NaN,,3706.661921791,3706.665308916,None,NaN,NaN,,NaN,NaN,NaN,NaN,NaN,NaN,NaN,21,bathroom,2,2024-05-18_13h32.14.141,image_similarity_rating,2023.2.3,None,2024-05-18 13h33.25.122132 +0200
,112,119,250,250,stimuli/own/bathroom/112_bat.jpg,stimuli/own/bathroom/119_bat.jpg,NaN,NaN,NaN,NaN,NaN,NaN,NaN,NaN,0,498,498,249,3709.700700833,NaN,NaN,NaN,NaN,NaN,NaN,NaN,,NaN,,3709.985170375,3710.150007041,3710.150007041,3710.150007041,3710.150007041,3710.150007041,3710.150007041,3710.150007041,3710.150007041,3710.150007041,3713.0363725,-7,7,8,6,1.33671366699855,6,1.93775120800092,3709.694278375,3709.700700833,3710.150007041,3709.985144708,NaN,NaN,NaN,NaN,,NaN,,3709.690833166,3709.694233166,None,NaN,NaN,,NaN,NaN,NaN,NaN,NaN,NaN,NaN,21,bathroom,2,2024-05-18_13h32.14.141,image_similarity_rating,2023.2.3,None,2024-05-18 13h33.25.122132 +0200
,102,124,52,52,stimuli/own/bathroom/102_bat.jpg,stimuli/own/bathroom/124_bat.jpg,NaN,NaN,NaN,NaN,NaN,NaN,NaN,NaN,0,499,499,51,3713.042042125,NaN,NaN,NaN,NaN,NaN,NaN,NaN,,NaN,,3713.335249041,3713.50071375,3713.50071375,3713.50071375,3713.50071375,3713.50071375,3713.50071375,3713.50071375,3713.50071375,3713.50071375,3716.390547541,-7,7,8,6,1.53315370899873,6,2.00383066700124,3713.040123958,3713.042042125,3713.50071375,3713.335233166,NaN,NaN,NaN,NaN,,NaN,,3713.036586,3713.040078708,None,NaN,NaN,,NaN,NaN,NaN,NaN,NaN,NaN,NaN,21,bathroom,2,2024-05-18_13h32.14.141,image_similarity_rating,2023.2.3,None,2024-05-18 13h33.25.122132 +0200
,101,111,7,7,stimuli/own/bathroom/101_bat.jpg,stimuli/own/bathroom/111_bat.jpg,NaN,NaN,NaN,NaN,NaN,NaN,NaN,NaN,0,500,500,6,3716.400749333,NaN,NaN,NaN,NaN,NaN,NaN,NaN,,NaN,,3716.685272083,3716.853460875,3716.853460875,3716.853460875,3716.853460875,3716.853460875,3716.853460875,3716.853460875,3716.853460875,3716.853460875,3721.194752875,-7,7,8,5,3.53880520799976,4,2.66111929099861,3716.394288791,3716.400749333,3716.853460875,3716.6852545,NaN,NaN,NaN,NaN,,NaN,,3716.390762166,3716.394243,None,NaN,NaN,,NaN,NaN,NaN,NaN,NaN,NaN,NaN,21,bathroom,2,2024-05-18_13h32.14.141,image_similarity_rating,2023.2.3,None,2024-05-18 13h33.25.122132 +0200
,114,136,314,314,stimuli/own/bathroom/114_bat.jpg,stimuli/own/bathroom/136_bat.jpg,NaN,NaN,NaN,NaN,NaN,NaN,NaN,NaN,0,501,501,313,3721.200615208,NaN,NaN,NaN,NaN,NaN,NaN,NaN,,NaN,,3721.485107875,3721.649113708,3721.649113708,3721.649113708,3721.649113708,3721.649113708,3721.649113708,3721.649113708,3721.649113708,3721.649113708,3724.828178625,-7,7,8,6,1.90084037499946,6,2.41563929099902,3721.198406541,3721.200615208,3721.649113708,3721.485093541,NaN,NaN,NaN,NaN,,NaN,,3721.194973208,3721.198361333,None,NaN,NaN,,NaN,NaN,NaN,NaN,NaN,NaN,NaN,21,bathroom,2,2024-05-18_13h32.14.141,image_similarity_rating,2023.2.3,None,2024-05-18 13h33.25.122132 +0200
,113,127,283,283,stimuli/own/bathroom/113_bat.jpg,stimuli/own/bathroom/127_bat.jpg,NaN,NaN,NaN,NaN,NaN,NaN,NaN,NaN,0,502,502,282,3724.833766791,NaN,NaN,NaN,NaN,NaN,NaN,NaN,,NaN,,3725.11846475,3725.283913958,3725.283913958,3725.283913958,3725.283913958,3725.283913958,3725.283913958,3725.283913958,3725.283913958,3725.283913958,3728.740455,-7,7,8,4,1.82352658299897,5,2.68107324999983,3724.831836333,3724.833766791,3725.283913958,3725.118449458,NaN,NaN,NaN,NaN,,NaN,,3724.8283955,3724.831790458,None,NaN,NaN,,NaN,NaN,NaN,NaN,NaN,NaN,NaN,21,bathroom,2,2024-05-18_13h32.14.141,image_similarity_rating,2023.2.3,None,2024-05-18 13h33.25.122132 +0200
,105,125,146,146,stimuli/own/bathroom/105_bat.jpg,stimuli/own/bathroom/125_bat.jpg,NaN,NaN,NaN,NaN,NaN,NaN,NaN,NaN,0,503,503,145,3728.750679041,NaN,NaN,NaN,NaN,NaN,NaN,NaN,,NaN,,3729.035142,3729.200305541,3729.200305541,3729.200305541,3729.200305541,3729.200305541,3729.200305541,3729.200305541,3729.200305541,3729.200305541,3733.35772925,-7,7,8,3,3.44014299999981,2,1.90928995899958,3728.744102,3728.750679041,3729.200305541,3729.035126791,NaN,NaN,NaN,NaN,,NaN,,3728.740670541,3728.744057208,None,NaN,NaN,,NaN,NaN,NaN,NaN,NaN,NaN,NaN,21,bathroom,2,2024-05-18_13h32.14.141,image_similarity_rating,2023.2.3,None,2024-05-18 13h33.25.122132 +0200
,116,121,324,324,stimuli/own/bathroom/116_bat.jpg,stimuli/own/bathroom/121_bat.jpg,NaN,NaN,NaN,NaN,NaN,NaN,NaN,NaN,0,504,504,323,3733.367201416,NaN,NaN,NaN,NaN,NaN,NaN,NaN,,NaN,,3738.48511075,3738.658365375,3738.658365375,3738.658365375,3738.658365375,3738.658365375,3738.658365375,3738.658365375,3738.658365375,3738.658365375,3772.48628775,7,-7,9,3,32.4559327919997,2,31.5188687909995,3738.193016208,3738.201397458,3738.658365375,3738.485094916,NaN,NaN,NaN,NaN,,NaN,,3733.357945666,3738.192669375,space,3733.367201416,4.82530141700045,None,NaN,NaN,NaN,NaN,NaN,NaN,NaN,21,bathroom,2,2024-05-18_13h32.14.141,image_similarity_rating,2023.2.3,None,2024-05-18 13h33.25.122132 +0200
,104,109,102,102,stimuli/own/bathroom/104_bat.jpg,stimuli/own/bathroom/109_bat.jpg,NaN,NaN,NaN,NaN,NaN,NaN,NaN,NaN,0,505,505,101,3772.4919325,NaN,NaN,NaN,NaN,NaN,NaN,NaN,,NaN,,3772.785045666,3772.952728916,3772.952728916,3772.952728916,3772.952728916,3772.952728916,3772.952728916,3772.952728916,3772.952728916,3772.952728916,3776.132503125,-7,7,9,4,1.98474974999954,4,2.56186170799992,3772.4900175,3772.4919325,3772.952728916,3772.785019708,NaN,NaN,NaN,NaN,,NaN,,3772.486503,3772.489970916,None,NaN,NaN,,NaN,NaN,NaN,NaN,NaN,NaN,NaN,21,bathroom,2,2024-05-18_13h32.14.141,image_similarity_rating,2023.2.3,None,2024-05-18 13h33.25.122132 +0200
,111,119,224,224,stimuli/own/bathroom/111_bat.jpg,stimuli/own/bathroom/119_bat.jpg,NaN,NaN,NaN,NaN,NaN,NaN,NaN,NaN,0,506,506,223,3776.138235583,NaN,NaN,NaN,NaN,NaN,NaN,NaN,,NaN,,3776.422867541,3776.589816416,3776.589816416,3776.589816416,3776.589816416,3776.589816416,3776.589816416,3776.589816416,3776.589816416,3776.589816416,3779.852897041,7,-7,9,3,2.04948466600035,4,2.54905320899888,3776.136325208,3776.138235583,3776.589816416,3776.422853,NaN,NaN,NaN,NaN,,NaN,,3776.132736833,3776.136279583,None,NaN,NaN,,NaN,NaN,NaN,NaN,NaN,NaN,NaN,21,bathroom,2,2024-05-18_13h32.14.141,image_similarity_rating,2023.2.3,None,2024-05-18 13h33.25.122132 +0200
,102,121,49,49,stimuli/own/bathroom/102_bat.jpg,stimuli/own/bathroom/121_bat.jpg,NaN,NaN,NaN,NaN,NaN,NaN,NaN,NaN,0,507,507,48,3779.85846475,NaN,NaN,NaN,NaN,NaN,NaN,NaN,,NaN,,3780.151929166,3780.321538625,3780.321538625,3780.321538625,3780.321538625,3780.321538625,3780.321538625,3780.321538625,3780.321538625,3780.321538625,3783.944754541,7,-7,9,4,1.68682945799992,4,2.43563799999902,3779.856547458,3779.85846475,3780.321538625,3780.151913041,NaN,NaN,NaN,NaN,,NaN,,3779.853111708,3779.856501875,None,NaN,NaN,,NaN,NaN,NaN,NaN,NaN,NaN,NaN,21,bathroom,2,2024-05-18_13h32.14.141,image_similarity_rating,2023.2.3,None,2024-05-18 13h33.25.122132 +0200
,117,137,360,360,stimuli/own/bathroom/117_bat.jpg,stimuli/own/bathroom/137_bat.jpg,NaN,NaN,NaN,NaN,NaN,NaN,NaN,NaN,0,508,508,359,3783.950300875,NaN,NaN,NaN,NaN,NaN,NaN,NaN,,NaN,,3784.234887458,3784.400223,3784.400223,3784.400223,3784.400223,3784.400223,3784.400223,3784.400223,3784.400223,3784.400223,3788.51181575,-7,7,9,3,1.88577529199938,4,3.24991354099984,3783.948495333,3783.950300875,3784.400223,3784.234863208,NaN,NaN,NaN,NaN,,NaN,,3783.944969208,3783.9484505,None,NaN,NaN,,NaN,NaN,NaN,NaN,NaN,NaN,NaN,21,bathroom,2,2024-05-18_13h32.14.141,image_similarity_rating,2023.2.3,None,2024-05-18 13h33.25.122132 +0200
,124,127,478,478,stimuli/own/bathroom/124_bat.jpg,stimuli/own/bathroom/127_bat.jpg,NaN,NaN,NaN,NaN,NaN,NaN,NaN,NaN,0,509,509,477,3788.533954958,NaN,NaN,NaN,NaN,NaN,NaN,NaN,,NaN,,3788.817897208,3788.985596291,3788.985596291,3788.985596291,3788.985596291,3788.985596291,3788.985596291,3788.985596291,3788.985596291,3788.985596291,3792.965785875,7,-7,9,5,2.02076266699987,5,3.07921120900028,3788.515488083,3788.533954958,NaN,3788.8178685,NaN,NaN,NaN,NaN,,NaN,,3788.512034541,3788.51544275,None,NaN,NaN,,NaN,NaN,NaN,NaN,NaN,NaN,NaN,21,bathroom,2,2024-05-18_13h32.14.141,image_similarity_rating,2023.2.3,None,2024-05-18 13h33.25.122132 +0200
,122,124,444,444,stimuli/own/bathroom/122_bat.jpg,stimuli/own/bathroom/124_bat.jpg,NaN,NaN,NaN,NaN,NaN,NaN,NaN,NaN,0,510,510,443,3792.971402041,NaN,NaN,NaN,NaN,NaN,NaN,NaN,,NaN,,3793.255574625,3793.419513708,3793.419513708,3793.419513708,3793.419513708,3793.419513708,3793.419513708,3793.419513708,3793.419513708,3793.419513708,3796.340173416,7,-7,9,4,1.6546782080004,5,2.17037829199944,3792.969491375,3792.971402041,3793.419513708,3793.255562708,NaN,NaN,NaN,NaN,,NaN,,3792.966013375,3792.969445041,None,NaN,NaN,,NaN,NaN,NaN,NaN,NaN,NaN,NaN,21,bathroom,2,2024-05-18_13h32.14.141,image_similarity_rating,2023.2.3,None,2024-05-18 13h33.25.122132 +0200
,102,106,38,38,stimuli/own/bathroom/102_bat.jpg,stimuli/own/bathroom/106_bat.jpg,NaN,NaN,NaN,NaN,NaN,NaN,NaN,NaN,0,511,511,37,3796.350362416,NaN,NaN,NaN,NaN,NaN,NaN,NaN,,NaN,,3796.634825166,3796.799131875,3796.799131875,3796.799131875,3796.799131875,3796.799131875,3796.799131875,3796.799131875,3796.799131875,3796.799131875,3799.665885166,7,-7,9,4,1.56003341700125,1,2.14338258299904,3796.343948916,3796.350362416,3796.799131875,3796.6348115,NaN,NaN,NaN,NaN,,NaN,,3796.340389791,3796.343904,None,NaN,NaN,,NaN,NaN,NaN,NaN,NaN,NaN,NaN,21,bathroom,2,2024-05-18_13h32.14.141,image_similarity_rating,2023.2.3,None,2024-05-18 13h33.25.122132 +0200
,117,136,359,359,stimuli/own/bathroom/117_bat.jpg,stimuli/own/bathroom/136_bat.jpg,NaN,NaN,NaN,NaN,NaN,NaN,NaN,NaN,0,512,512,358,3799.671518666,NaN,NaN,NaN,NaN,NaN,NaN,NaN,,NaN,,3799.955750916,3800.12017625,3800.12017625,3800.12017625,3800.12017625,3800.12017625,3800.12017625,3800.12017625,3800.12017625,3800.12017625,3803.644833208,7,-7,9,5,1.53571624999859,4,2.52533804199993,3799.669599666,3799.671518666,3800.12017625,3799.955740125,NaN,NaN,NaN,NaN,,NaN,,3799.666130541,3799.669554208,None,NaN,NaN,,NaN,NaN,NaN,NaN,NaN,NaN,NaN,21,bathroom,2,2024-05-18_13h32.14.141,image_similarity_rating,2023.2.3,None,2024-05-18 13h33.25.122132 +0200
,105,139,158,158,stimuli/own/bathroom/105_bat.jpg,stimuli/own/bathroom/139_bat.jpg,NaN,NaN,NaN,NaN,NaN,NaN,NaN,NaN,0,513,513,157,3803.650271708,NaN,NaN,NaN,NaN,NaN,NaN,NaN,,NaN,,3803.935161416,3804.099859333,3804.099859333,3804.099859333,3804.099859333,3804.099859333,3804.099859333,3804.099859333,3804.099859333,3804.099859333,3807.632563583,7,-7,9,4,1.5723533750006,2,2.88125879099971,3803.64848775,3803.650271708,3804.099859333,3803.935145875,NaN,NaN,NaN,NaN,,NaN,,3803.6450495,3803.648442333,None,NaN,NaN,,NaN,NaN,NaN,NaN,NaN,NaN,NaN,21,bathroom,2,2024-05-18_13h32.14.141,image_similarity_rating,2023.2.3,None,2024-05-18 13h33.25.122132 +0200
,121,123,426,426,stimuli/own/bathroom/121_bat.jpg,stimuli/own/bathroom/123_bat.jpg,NaN,NaN,NaN,NaN,NaN,NaN,NaN,NaN,0,514,514,425,3807.638100208,NaN,NaN,NaN,NaN,NaN,NaN,NaN,,NaN,,3807.922682208,3808.08935,3808.08935,3808.08935,3808.08935,3808.08935,3808.08935,3808.08935,3808.08935,3808.08935,3811.316103541,7,-7,9,4,1.57506554200154,5,2.43958150000071,3807.636291375,3807.638100208,3808.08935,3807.922665916,NaN,NaN,NaN,NaN,,NaN,,3807.632806875,3807.636245416,None,NaN,NaN,,NaN,NaN,NaN,NaN,NaN,NaN,NaN,21,bathroom,2,2024-05-18_13h32.14.141,image_similarity_rating,2023.2.3,None,2024-05-18 13h33.25.122132 +0200
,103,114,75,75,stimuli/own/bathroom/103_bat.jpg,stimuli/own/bathroom/114_bat.jpg,NaN,NaN,NaN,NaN,NaN,NaN,NaN,NaN,0,515,515,74,3811.321722666,NaN,NaN,NaN,NaN,NaN,NaN,NaN,,NaN,,3811.605942958,3811.772757625,3811.772757625,3811.772757625,3811.772757625,3811.772757625,3811.772757625,3811.772757625,3811.772757625,3811.772757625,3815.302855541,7,-7,9,5,2.1818288329996,6,2.74252516699926,3811.3198115,3811.321722666,3811.772757625,3811.60592875,NaN,NaN,NaN,NaN,,NaN,,3811.316328916,3811.319766083,None,NaN,NaN,,NaN,NaN,NaN,NaN,NaN,NaN,NaN,21,bathroom,2,2024-05-18_13h32.14.141,image_similarity_rating,2023.2.3,None,2024-05-18 13h33.25.122132 +0200
,127,141,529,529,stimuli/own/bathroom/127_bat.jpg,stimuli/own/bathroom/141_bat.jpg,NaN,NaN,NaN,NaN,NaN,NaN,NaN,NaN,0,516,516,528,3815.308461333,NaN,NaN,NaN,NaN,NaN,NaN,NaN,,NaN,,3815.601607375,3815.772370583,3815.772370583,3815.772370583,3815.772370583,3815.772370583,3815.772370583,3815.772370583,3815.772370583,3815.772370583,3819.065905375,-7,7,9,5,1.95282520900037,5,2.55650562499977,3815.306517666,3815.308461333,3815.772370583,3815.601592625,NaN,NaN,NaN,NaN,,NaN,,3815.303070375,3815.306472666,None,NaN,NaN,,NaN,NaN,NaN,NaN,NaN,NaN,NaN,21,bathroom,2,2024-05-18_13h32.14.141,image_similarity_rating,2023.2.3,None,2024-05-18 13h33.25.122132 +0200
,129,134,533,533,stimuli/own/bathroom/129_bat.jpg,stimuli/own/bathroom/134_bat.jpg,NaN,NaN,NaN,NaN,NaN,NaN,NaN,NaN,0,517,517,532,3819.071634666,NaN,NaN,NaN,NaN,NaN,NaN,NaN,,NaN,,3819.355478666,3819.519175,3819.519175,3819.519175,3819.519175,3819.519175,3819.519175,3819.519175,3819.519175,3819.519175,3822.594783333,-7,7,9,4,1.53553287499926,5,2.20128862499951,3819.069700916,3819.071634666,3819.519175,3819.355466583,NaN,NaN,NaN,NaN,,NaN,,3819.066143666,3819.06965475,None,NaN,NaN,,NaN,NaN,NaN,NaN,NaN,NaN,NaN,21,bathroom,2,2024-05-18_13h32.14.141,image_similarity_rating,2023.2.3,None,2024-05-18 13h33.25.122132 +0200
,118,139,383,383,stimuli/own/bathroom/118_bat.jpg,stimuli/own/bathroom/139_bat.jpg,NaN,NaN,NaN,NaN,NaN,NaN,NaN,NaN,0,518,518,382,3822.600230041,NaN,NaN,NaN,NaN,NaN,NaN,NaN,,NaN,,3822.884963625,3823.049313375,3823.049313375,3823.049313375,3823.049313375,3823.049313375,3823.049313375,3823.049313375,3823.049313375,3823.049313375,3825.852626458,-7,7,9,3,1.65079791700009,4,1.96731937499862,3822.598410833,3822.600230041,3823.049313375,3822.884944583,NaN,NaN,NaN,NaN,,NaN,,3822.594998375,3822.598365916,None,NaN,NaN,,NaN,NaN,NaN,NaN,NaN,NaN,NaN,21,bathroom,2,2024-05-18_13h32.14.141,image_similarity_rating,2023.2.3,None,2024-05-18 13h33.25.122132 +0200
,111,117,222,222,stimuli/own/bathroom/111_bat.jpg,stimuli/own/bathroom/117_bat.jpg,NaN,NaN,NaN,NaN,NaN,NaN,NaN,NaN,0,519,519,221,3825.85819575,NaN,NaN,NaN,NaN,NaN,NaN,NaN,,NaN,,3826.151853375,3826.321373458,3826.321373458,3826.321373458,3826.321373458,3826.321373458,3826.321373458,3826.321373458,3826.321373458,3826.321373458,3829.402739916,-7,7,9,4,1.47813558300004,3,1.98063758399985,3825.856278583,3825.85819575,3826.321373458,3826.151837708,NaN,NaN,NaN,NaN,,NaN,,3825.852842541,3825.856233375,None,NaN,NaN,,NaN,NaN,NaN,NaN,NaN,NaN,NaN,21,bathroom,2,2024-05-18_13h32.14.141,image_similarity_rating,2023.2.3,None,2024-05-18 13h33.25.122132 +0200
,111,140,243,243,stimuli/own/bathroom/111_bat.jpg,stimuli/own/bathroom/140_bat.jpg,NaN,NaN,NaN,NaN,NaN,NaN,NaN,NaN,0,520,520,242,3829.408127791,NaN,NaN,NaN,NaN,NaN,NaN,NaN,,NaN,,3829.701510708,3829.869719291,3829.869719291,3829.869719291,3829.869719291,3829.869719291,3829.869719291,3829.869719291,3829.869719291,3829.869719291,3833.140293291,7,-7,9,4,1.91557483299948,5,2.30884191699988,3829.406361333,3829.408127791,3829.869719291,3829.701494458,NaN,NaN,NaN,NaN,,NaN,,3829.402953833,3829.406316208,None,NaN,NaN,,NaN,NaN,NaN,NaN,NaN,NaN,NaN,21,bathroom,2,2024-05-18_13h32.14.141,image_similarity_rating,2023.2.3,None,2024-05-18 13h33.25.122132 +0200
,114,121,301,301,stimuli/own/bathroom/114_bat.jpg,stimuli/own/bathroom/121_bat.jpg,NaN,NaN,NaN,NaN,NaN,NaN,NaN,NaN,0,521,521,300,3833.150398958,NaN,NaN,NaN,NaN,NaN,NaN,NaN,,NaN,,3833.43497975,3833.60435125,3833.60435125,3833.60435125,3833.60435125,3833.60435125,3833.60435125,3833.60435125,3833.60435125,3833.60435125,3838.257110416,7,-7,9,5,3.22939416699955,5,3.89046991699979,3833.143925791,3833.150398958,3833.60435125,3833.434963666,NaN,NaN,NaN,NaN,,NaN,,3833.140509375,3833.143880375,None,NaN,NaN,,NaN,NaN,NaN,NaN,NaN,NaN,NaN,21,bathroom,2,2024-05-18_13h32.14.141,image_similarity_rating,2023.2.3,None,2024-05-18 13h33.25.122132 +0200
,113,120,276,276,stimuli/own/bathroom/113_bat.jpg,stimuli/own/bathroom/120_bat.jpg,NaN,NaN,NaN,NaN,NaN,NaN,NaN,NaN,0,522,522,275,3838.267006291,NaN,NaN,NaN,NaN,NaN,NaN,NaN,,NaN,,3838.551513666,3838.717405625,3838.717405625,3838.717405625,3838.717405625,3838.717405625,3838.717405625,3838.717405625,3838.717405625,3838.717405625,3842.15669025,-7,7,9,6,1.87207620799927,6,2.72589637500096,3838.260899041,3838.267006291,3838.717405625,3838.551495833,NaN,NaN,NaN,NaN,,NaN,,3838.25733075,3838.260852708,None,NaN,NaN,,NaN,NaN,NaN,NaN,NaN,NaN,NaN,21,bathroom,2,2024-05-18_13h32.14.141,image_similarity_rating,2023.2.3,None,2024-05-18 13h33.25.122132 +0200
,103,134,92,92,stimuli/own/bathroom/103_bat.jpg,stimuli/own/bathroom/134_bat.jpg,NaN,NaN,NaN,NaN,NaN,NaN,NaN,NaN,0,523,523,91,3842.1668315,NaN,NaN,NaN,NaN,NaN,NaN,NaN,,NaN,,3842.45147975,3842.619422625,3842.619422625,3842.619422625,3842.619422625,3842.619422625,3842.619422625,3842.619422625,3842.619422625,3842.619422625,3846.849447125,-7,7,9,5,2.68025433299954,6,3.33494054099901,3842.160385666,3842.1668315,3842.619422625,3842.451463333,NaN,NaN,NaN,NaN,,NaN,,3842.156904333,3842.160340083,None,NaN,NaN,,NaN,NaN,NaN,NaN,NaN,NaN,NaN,21,bathroom,2,2024-05-18_13h32.14.141,image_similarity_rating,2023.2.3,None,2024-05-18 13h33.25.122132 +0200
,101,131,25,25,stimuli/own/bathroom/101_bat.jpg,stimuli/own/bathroom/131_bat.jpg,NaN,NaN,NaN,NaN,NaN,NaN,NaN,NaN,0,524,524,24,3846.855126416,NaN,NaN,NaN,NaN,NaN,NaN,NaN,,NaN,,3847.1389105,3847.304386791,3847.304386791,3847.304386791,3847.304386791,3847.304386791,3847.304386791,3847.304386791,3847.304386791,3847.304386791,3850.298784583,-7,7,9,3,1.60996441699899,4,2.07011787500051,3846.853152291,3846.855126416,3847.304386791,3847.138897166,NaN,NaN,NaN,NaN,,NaN,,3846.849664708,3846.853107166,None,NaN,NaN,,NaN,NaN,NaN,NaN,NaN,NaN,NaN,21,bathroom,2,2024-05-18_13h32.14.141,image_similarity_rating,2023.2.3,None,2024-05-18 13h33.25.122132 +0200
,104,127,118,118,stimuli/own/bathroom/104_bat.jpg,stimuli/own/bathroom/127_bat.jpg,NaN,NaN,NaN,NaN,NaN,NaN,NaN,NaN,0,525,525,117,3850.304466041,NaN,NaN,NaN,NaN,NaN,NaN,NaN,,NaN,,3850.588816833,3850.752676583,3850.752676583,3850.752676583,3850.752676583,3850.752676583,3850.752676583,3850.752676583,3850.752676583,3850.752676583,3853.740267583,-7,7,9,3,1.35196191700015,4,1.88744504200076,3850.302514083,3850.304466041,3850.752676583,3850.588805541,NaN,NaN,NaN,NaN,,NaN,,3850.299009333,3850.302468708,None,NaN,NaN,,NaN,NaN,NaN,NaN,NaN,NaN,NaN,21,bathroom,2,2024-05-18_13h32.14.141,image_similarity_rating,2023.2.3,None,2024-05-18 13h33.25.122132 +0200
,116,136,337,337,stimuli/own/bathroom/116_bat.jpg,stimuli/own/bathroom/136_bat.jpg,NaN,NaN,NaN,NaN,NaN,NaN,NaN,NaN,0,526,526,336,3853.750150958,NaN,NaN,NaN,NaN,NaN,NaN,NaN,,NaN,,3854.034845166,3854.199707458,3854.199707458,3854.199707458,3854.199707458,3854.199707458,3854.199707458,3854.199707458,3854.199707458,3854.199707458,3857.794328083,-7,7,9,3,1.89967670900114,5,2.60713816700081,3853.743939625,3853.750150958,3854.199707458,3854.034830666,NaN,NaN,NaN,NaN,,NaN,,3853.740480875,3853.743894666,None,NaN,NaN,,NaN,NaN,NaN,NaN,NaN,NaN,NaN,21,bathroom,2,2024-05-18_13h32.14.141,image_similarity_rating,2023.2.3,None,2024-05-18 13h33.25.122132 +0200
,106,125,175,175,stimuli/own/bathroom/106_bat.jpg,stimuli/own/bathroom/125_bat.jpg,NaN,NaN,NaN,NaN,NaN,NaN,NaN,NaN,0,527,527,174,3857.799899625,NaN,NaN,NaN,NaN,NaN,NaN,NaN,,NaN,,3858.084947291,3858.254941791,3858.254941791,3858.254941791,3858.254941791,3858.254941791,3858.254941791,3858.254941791,3858.254941791,3858.254941791,3862.206494416,7,-7,9,2,2.00004462500146,2,3.10269716699986,3857.7979965,3857.799899625,3858.254941791,3858.084923875,NaN,NaN,NaN,NaN,,NaN,,3857.794546666,3857.797950916,None,NaN,NaN,,NaN,NaN,NaN,NaN,NaN,NaN,NaN,21,bathroom,2,2024-05-18_13h32.14.141,image_similarity_rating,2023.2.3,None,2024-05-18 13h33.25.122132 +0200
,116,124,327,327,stimuli/own/bathroom/116_bat.jpg,stimuli/own/bathroom/124_bat.jpg,NaN,NaN,NaN,NaN,NaN,NaN,NaN,NaN,0,528,528,326,3862.216808916,NaN,NaN,NaN,NaN,NaN,NaN,NaN,,NaN,,3862.501520625,3862.666671791,3862.666671791,3862.666671791,3862.666671791,3862.666671791,3862.666671791,3862.666671791,3862.666671791,3862.666671791,3865.4399995,-7,7,9,4,1.51411433400062,3,2.01210208299926,3862.210164416,3862.216808916,3862.666671791,3862.501506416,NaN,NaN,NaN,NaN,,NaN,,3862.206708,3862.210118791,None,NaN,NaN,,NaN,NaN,NaN,NaN,NaN,NaN,NaN,21,bathroom,2,2024-05-18_13h32.14.141,image_similarity_rating,2023.2.3,None,2024-05-18 13h33.25.122132 +0200
,102,141,67,67,stimuli/own/bathroom/102_bat.jpg,stimuli/own/bathroom/141_bat.jpg,NaN,NaN,NaN,NaN,NaN,NaN,NaN,NaN,0,529,529,66,3865.450225333,NaN,NaN,NaN,NaN,NaN,NaN,NaN,,NaN,,3865.734579125,3865.9051735,3865.9051735,3865.9051735,3865.9051735,3865.9051735,3865.9051735,3865.9051735,3865.9051735,3865.9051735,3868.594715458,7,-7,9,4,1.33402012499937,5,1.8515126250004,3865.443764916,3865.450225333,3865.9051735,3865.73456375,NaN,NaN,NaN,NaN,,NaN,,3865.440213333,3865.443719375,None,NaN,NaN,,NaN,NaN,NaN,NaN,NaN,NaN,NaN,21,bathroom,2,2024-05-18_13h32.14.141,image_similarity_rating,2023.2.3,None,2024-05-18 13h33.25.122132 +0200
,102,130,57,57,stimuli/own/bathroom/102_bat.jpg,stimuli/own/bathroom/130_bat.jpg,NaN,NaN,NaN,NaN,NaN,NaN,NaN,NaN,0,530,530,56,3868.616815375,NaN,NaN,NaN,NaN,NaN,NaN,NaN,,NaN,,3868.901040791,3869.072268416,3869.072268416,3869.072268416,3869.072268416,3869.072268416,3869.072268416,3869.072268416,3869.072268416,3869.072268416,3872.615518041,7,-7,9,6,2.01700745800008,6,2.85605074999876,3868.598398833,3868.616815375,NaN,3868.901012625,NaN,NaN,NaN,NaN,,NaN,,3868.594938333,3868.598353833,None,NaN,NaN,,NaN,NaN,NaN,NaN,NaN,NaN,NaN,21,bathroom,2,2024-05-18_13h32.14.141,image_similarity_rating,2023.2.3,None,2024-05-18 13h33.25.122132 +0200
,119,127,393,393,stimuli/own/bathroom/119_bat.jpg,stimuli/own/bathroom/127_bat.jpg,NaN,NaN,NaN,NaN,NaN,NaN,NaN,NaN,0,531,531,392,3872.621294833,NaN,NaN,NaN,NaN,NaN,NaN,NaN,,NaN,,3872.905445833,3873.069962208,3873.069962208,3873.069962208,3873.069962208,3873.069962208,3873.069962208,3873.069962208,3873.069962208,3873.069962208,3875.515431083,-7,7,9,6,1.29996874999961,6,1.78189949999978,3872.619364333,3872.621294833,3873.069962208,3872.905433125,NaN,NaN,NaN,NaN,,NaN,,3872.615749541,3872.619318583,None,NaN,NaN,,NaN,NaN,NaN,NaN,NaN,NaN,NaN,21,bathroom,2,2024-05-18_13h32.14.141,image_similarity_rating,2023.2.3,None,2024-05-18 13h33.25.122132 +0200
,113,132,287,287,stimuli/own/bathroom/113_bat.jpg,stimuli/own/bathroom/132_bat.jpg,NaN,NaN,NaN,NaN,NaN,NaN,NaN,NaN,0,532,532,286,3875.520913083,NaN,NaN,NaN,NaN,NaN,NaN,NaN,,NaN,,3875.80542625,3875.969773208,3875.969773208,3875.969773208,3875.969773208,3875.969773208,3875.969773208,3875.969773208,3875.969773208,3875.969773208,3878.815485708,7,-7,9,6,1.68473900000026,6,2.17805533300088,3875.519146875,3875.520913083,3875.969773208,3875.8054125,NaN,NaN,NaN,NaN,,NaN,,3875.51565675,3875.519101166,None,NaN,NaN,,NaN,NaN,NaN,NaN,NaN,NaN,NaN,21,bathroom,2,2024-05-18_13h32.14.141,image_similarity_rating,2023.2.3,None,2024-05-18 13h33.25.122132 +0200
,101,125,20,20,stimuli/own/bathroom/101_bat.jpg,stimuli/own/bathroom/125_bat.jpg,NaN,NaN,NaN,NaN,NaN,NaN,NaN,NaN,0,533,533,19,3878.82113075,NaN,NaN,NaN,NaN,NaN,NaN,NaN,,NaN,,3879.105444083,3879.2710335,3879.2710335,3879.2710335,3879.2710335,3879.2710335,3879.2710335,3879.2710335,3879.2710335,3879.2710335,3881.803233958,7,-7,9,5,1.39941066699976,5,1.78124187499998,3878.819208791,3878.82113075,3879.2710335,3879.105432375,NaN,NaN,NaN,NaN,,NaN,,3878.815717541,3878.819162458,None,NaN,NaN,,NaN,NaN,NaN,NaN,NaN,NaN,NaN,21,bathroom,2,2024-05-18_13h32.14.141,image_similarity_rating,2023.2.3,None,2024-05-18 13h33.25.122132 +0200
,101,140,33,33,stimuli/own/bathroom/101_bat.jpg,stimuli/own/bathroom/140_bat.jpg,NaN,NaN,NaN,NaN,NaN,NaN,NaN,NaN,0,534,534,32,3881.808712291,NaN,NaN,NaN,NaN,NaN,NaN,NaN,,NaN,,3882.1013085,3882.266193208,3882.266193208,3882.266193208,3882.266193208,3882.266193208,3882.266193208,3882.266193208,3882.266193208,3882.266193208,3884.840405291,7,-7,9,5,1.49801137500071,5,1.82401745900097,3881.806882666,3881.808712291,3882.266193208,3882.101293041,NaN,NaN,NaN,NaN,,NaN,,3881.803448833,3881.806836916,None,NaN,NaN,,NaN,NaN,NaN,NaN,NaN,NaN,NaN,21,bathroom,2,2024-05-18_13h32.14.141,image_similarity_rating,2023.2.3,None,2024-05-18 13h33.25.122132 +0200
,122,131,450,450,stimuli/own/bathroom/122_bat.jpg,stimuli/own/bathroom/131_bat.jpg,NaN,NaN,NaN,NaN,NaN,NaN,NaN,NaN,0,535,535,449,3884.850552791,NaN,NaN,NaN,NaN,NaN,NaN,NaN,,NaN,,3885.134638416,3885.298551416,3885.298551416,3885.298551416,3885.298551416,3885.298551416,3885.298551416,3885.298551416,3885.298551416,3885.298551416,3889.706929125,7,-7,9,6,3.63161937500081,2,2.59899362500073,3884.844059333,3884.850552791,3885.298551416,3885.134624791,NaN,NaN,NaN,NaN,,NaN,,3884.840623291,3884.844014041,None,NaN,NaN,,NaN,NaN,NaN,NaN,NaN,NaN,NaN,21,bathroom,2,2024-05-18_13h32.14.141,image_similarity_rating,2023.2.3,None,2024-05-18 13h33.25.122132 +0200
,109,138,214,214,stimuli/own/bathroom/109_bat.jpg,stimuli/own/bathroom/138_bat.jpg,NaN,NaN,NaN,NaN,NaN,NaN,NaN,NaN,0,536,536,213,3889.716847375,NaN,NaN,NaN,NaN,NaN,NaN,NaN,,NaN,,3890.0014365,3890.172486541,3890.172486541,3890.172486541,3890.172486541,3890.172486541,3890.172486541,3890.172486541,3890.172486541,3890.172486541,3893.269070666,7,-7,9,5,1.61877416699826,5,2.38376400000016,3889.710616791,3889.716847375,3890.172486541,3890.001419916,NaN,NaN,NaN,NaN,,NaN,,3889.707148791,3889.710571375,None,NaN,NaN,,NaN,NaN,NaN,NaN,NaN,NaN,NaN,21,bathroom,2,2024-05-18_13h32.14.141,image_similarity_rating,2023.2.3,None,2024-05-18 13h33.25.122132 +0200
,105,120,141,141,stimuli/own/bathroom/105_bat.jpg,stimuli/own/bathroom/120_bat.jpg,NaN,NaN,NaN,NaN,NaN,NaN,NaN,NaN,0,537,537,140,3893.274759,NaN,NaN,NaN,NaN,NaN,NaN,NaN,,NaN,,3893.568058958,3893.732092583,3893.732092583,3893.732092583,3893.732092583,3893.732092583,3893.732092583,3893.732092583,3893.732092583,3893.732092583,3896.711121041,-7,7,9,4,1.4144049159986,4,2.04093341599946,3893.272837416,3893.274759,3893.732092583,3893.56804325,NaN,NaN,NaN,NaN,,NaN,,3893.269287416,3893.272791833,None,NaN,NaN,,NaN,NaN,NaN,NaN,NaN,NaN,NaN,21,bathroom,2,2024-05-18_13h32.14.141,image_similarity_rating,2023.2.3,None,2024-05-18 13h33.25.122132 +0200
,116,131,333,333,stimuli/own/bathroom/116_bat.jpg,stimuli/own/bathroom/131_bat.jpg,NaN,NaN,NaN,NaN,NaN,NaN,NaN,NaN,0,538,538,332,3896.716559833,NaN,NaN,NaN,NaN,NaN,NaN,NaN,,NaN,,3897.001411916,3897.166951708,3897.166951708,3897.166951708,3897.166951708,3897.166951708,3897.166951708,3897.166951708,3897.166951708,3897.166951708,3900.123956333,-7,7,9,3,1.463239875,4,2.08165741700032,3896.714787458,3896.716559833,3897.166951708,3897.001388375,NaN,NaN,NaN,NaN,,NaN,,3896.711336125,3896.71474175,None,NaN,NaN,,NaN,NaN,NaN,NaN,NaN,NaN,NaN,21,bathroom,2,2024-05-18_13h32.14.141,image_similarity_rating,2023.2.3,None,2024-05-18 13h33.25.122132 +0200
,106,140,188,188,stimuli/own/bathroom/106_bat.jpg,stimuli/own/bathroom/140_bat.jpg,NaN,NaN,NaN,NaN,NaN,NaN,NaN,NaN,0,539,539,187,3900.133562875,NaN,NaN,NaN,NaN,NaN,NaN,NaN,,NaN,,3900.418046666,3900.58887625,3900.58887625,3900.58887625,3900.58887625,3900.58887625,3900.58887625,3900.58887625,3900.58887625,3900.58887625,3903.4988275,-7,7,9,4,1.56822258400098,1,2.07245404099922,3900.127728958,3900.133562875,3900.58887625,3900.41803025,NaN,NaN,NaN,NaN,,NaN,,3900.124172375,3900.127683041,None,NaN,NaN,,NaN,NaN,NaN,NaN,NaN,NaN,NaN,21,bathroom,2,2024-05-18_13h32.14.141,image_similarity_rating,2023.2.3,None,2024-05-18 13h33.25.122132 +0200
,111,112,218,218,stimuli/own/bathroom/111_bat.jpg,stimuli/own/bathroom/112_bat.jpg,NaN,NaN,NaN,NaN,NaN,NaN,NaN,NaN,0,540,540,217,3903.504557125,NaN,NaN,NaN,NaN,NaN,NaN,NaN,,NaN,,3903.788951375,3903.959556875,3903.959556875,3903.959556875,3903.959556875,3903.959556875,3903.959556875,3903.959556875,3903.959556875,3903.959556875,3907.044329375,-7,7,9,3,1.8456368749994,4,2.40907062500082,3903.502556333,3903.504557125,3903.959556875,3903.788932,NaN,NaN,NaN,NaN,,NaN,,3903.499075291,3903.502510708,None,NaN,NaN,,NaN,NaN,NaN,NaN,NaN,NaN,NaN,21,bathroom,2,2024-05-18_13h32.14.141,image_similarity_rating,2023.2.3,None,2024-05-18 13h33.25.122132 +0200
,106,136,184,184,stimuli/own/bathroom/106_bat.jpg,stimuli/own/bathroom/136_bat.jpg,NaN,NaN,NaN,NaN,NaN,NaN,NaN,NaN,0,541,541,183,3907.049830875,NaN,NaN,NaN,NaN,NaN,NaN,NaN,,NaN,,3907.334516541,3907.502974208,3907.502974208,3907.502974208,3907.502974208,3907.502974208,3907.502974208,3907.502974208,3907.502974208,3907.502974208,3911.323596416,-7,7,9,4,3.10527124999862,1,2.29151862500112,3907.047983833,3907.049830875,3907.502974208,3907.334501,NaN,NaN,NaN,NaN,,NaN,,3907.044543708,3907.047938791,None,NaN,NaN,,NaN,NaN,NaN,NaN,NaN,NaN,NaN,21,bathroom,2,2024-05-18_13h32.14.141,image_similarity_rating,2023.2.3,None,2024-05-18 13h33.25.122132 +0200
,103,140,98,98,stimuli/own/bathroom/103_bat.jpg,stimuli/own/bathroom/140_bat.jpg,NaN,NaN,NaN,NaN,NaN,NaN,NaN,NaN,0,542,542,97,3911.333306958,NaN,NaN,NaN,NaN,NaN,NaN,NaN,,NaN,,3911.618038666,3911.7861875,3911.7861875,3911.7861875,3911.7861875,3911.7861875,3911.7861875,3911.7861875,3911.7861875,3911.7861875,3914.9357655,-7,7,9,4,1.13627258400084,4,2.05188345799979,3911.327273375,3911.333306958,3911.7861875,3911.618021708,NaN,NaN,NaN,NaN,,NaN,,3911.323812375,3911.327228083,None,NaN,NaN,,NaN,NaN,NaN,NaN,NaN,NaN,NaN,21,bathroom,2,2024-05-18_13h32.14.141,image_similarity_rating,2023.2.3,None,2024-05-18 13h33.25.122132 +0200
,130,135,544,544,stimuli/own/bathroom/130_bat.jpg,stimuli/own/bathroom/135_bat.jpg,NaN,NaN,NaN,NaN,NaN,NaN,NaN,NaN,0,543,543,543,3914.941230791,NaN,NaN,NaN,NaN,NaN,NaN,NaN,,NaN,,3915.234643666,3915.401502041,3915.401502041,3915.401502041,3915.401502041,3915.401502041,3915.401502041,3915.401502041,3915.401502041,3915.401502041,3918.040785875,-7,7,9,4,1.32078374999946,5,1.86254716700023,3914.939424833,3914.941230791,3915.401502041,3915.234626916,NaN,NaN,NaN,NaN,,NaN,,3914.935979291,3914.939379333,None,NaN,NaN,,NaN,NaN,NaN,NaN,NaN,NaN,NaN,21,bathroom,2,2024-05-18_13h32.14.141,image_similarity_rating,2023.2.3,None,2024-05-18 13h33.25.122132 +0200
,104,119,110,110,stimuli/own/bathroom/104_bat.jpg,stimuli/own/bathroom/119_bat.jpg,NaN,NaN,NaN,NaN,NaN,NaN,NaN,NaN,0,544,544,109,3918.050142208,NaN,NaN,NaN,NaN,NaN,NaN,NaN,,NaN,,3918.334558458,3918.500178041,3918.500178041,3918.500178041,3918.500178041,3918.500178041,3918.500178041,3918.500178041,3918.500178041,3918.500178041,3922.31563825,7,-7,9,5,3.07279537500108,2,2.38588279200121,3918.04445375,3918.050142208,3918.500178041,3918.334543291,NaN,NaN,NaN,NaN,,NaN,,3918.041002791,3918.0444055,None,NaN,NaN,,NaN,NaN,NaN,NaN,NaN,NaN,NaN,21,bathroom,2,2024-05-18_13h32.14.141,image_similarity_rating,2023.2.3,None,2024-05-18 13h33.25.122132 +0200
,102,112,41,41,stimuli/own/bathroom/102_bat.jpg,stimuli/own/bathroom/112_bat.jpg,NaN,NaN,NaN,NaN,NaN,NaN,NaN,NaN,0,545,545,40,3922.321112708,NaN,NaN,NaN,NaN,NaN,NaN,NaN,,NaN,,3922.605717708,3922.772027166,3922.772027166,3922.772027166,3922.772027166,3922.772027166,3922.772027166,3922.772027166,3922.772027166,3922.772027166,3926.356936625,7,-7,9,5,1.61376695900071,7,2.75879716700001,3922.319344875,3922.321112708,3922.772027166,3922.605704625,NaN,NaN,NaN,NaN,,NaN,,3922.315865208,3922.319299291,None,NaN,NaN,,NaN,NaN,NaN,NaN,NaN,NaN,NaN,21,bathroom,2,2024-05-18_13h32.14.141,image_similarity_rating,2023.2.3,None,2024-05-18 13h33.25.122132 +0200
,137,140,588,588,stimuli/own/bathroom/137_bat.jpg,stimuli/own/bathroom/140_bat.jpg,NaN,NaN,NaN,NaN,NaN,NaN,NaN,NaN,0,546,546,587,3926.366587541,NaN,NaN,NaN,NaN,NaN,NaN,NaN,,NaN,,3926.651287375,3926.822329375,3926.822329375,3926.822329375,3926.822329375,3926.822329375,3926.822329375,3926.822329375,3926.822329375,3926.822329375,3929.861064166,-7,7,9,3,1.80316308299916,4,2.32736283299892,3926.360701916,3926.366587541,3926.822329375,3926.651271041,NaN,NaN,NaN,NaN,,NaN,,3926.357158916,3926.360656166,None,NaN,NaN,,NaN,NaN,NaN,NaN,NaN,NaN,NaN,21,bathroom,2,2024-05-18_13h32.14.141,image_similarity_rating,2023.2.3,None,2024-05-18 13h33.25.122132 +0200
,105,106,131,131,stimuli/own/bathroom/105_bat.jpg,stimuli/own/bathroom/106_bat.jpg,NaN,NaN,NaN,NaN,NaN,NaN,NaN,NaN,0,547,547,130,3929.883529583,NaN,NaN,NaN,NaN,NaN,NaN,NaN,,NaN,,3930.167551541,3930.332797375,3930.332797375,3930.332797375,3930.332797375,3930.332797375,3930.332797375,3930.332797375,3930.332797375,3930.332797375,3934.965386333,-7,7,9,2,1.60020712499863,7,3.83345875000123,3929.864812458,3929.883529583,NaN,3930.167529208,NaN,NaN,NaN,NaN,,NaN,,3929.861279833,3929.864766583,None,NaN,NaN,,NaN,NaN,NaN,NaN,NaN,NaN,NaN,21,bathroom,2,2024-05-18_13h32.14.141,image_similarity_rating,2023.2.3,None,2024-05-18 13h33.25.122132 +0200
,111,113,219,219,stimuli/own/bathroom/111_bat.jpg,stimuli/own/bathroom/113_bat.jpg,NaN,NaN,NaN,NaN,NaN,NaN,NaN,NaN,0,548,548,218,3934.971054666,NaN,NaN,NaN,NaN,NaN,NaN,NaN,,NaN,,3935.255784125,3935.424574041,3935.424574041,3935.424574041,3935.424574041,3935.424574041,3935.424574041,3935.424574041,3935.424574041,3935.424574041,3939.923458708,7,-7,9,4,3.3132534159995,6,3.68077816699952,3934.969136125,3934.971054666,3935.424574041,3935.255769458,NaN,NaN,NaN,NaN,,NaN,,3934.965628208,3934.969090583,None,NaN,NaN,,NaN,NaN,NaN,NaN,NaN,NaN,NaN,21,bathroom,2,2024-05-18_13h32.14.141,image_similarity_rating,2023.2.3,None,2024-05-18 13h33.25.122132 +0200
,106,122,172,172,stimuli/own/bathroom/106_bat.jpg,stimuli/own/bathroom/122_bat.jpg,NaN,NaN,NaN,NaN,NaN,NaN,NaN,NaN,0,549,549,171,3939.933226708,NaN,NaN,NaN,NaN,NaN,NaN,NaN,,NaN,,3940.217913208,3940.385832666,3940.385832666,3940.385832666,3940.385832666,3940.385832666,3940.385832666,3940.385832666,3940.385832666,3940.385832666,3944.435903416,-7,7,9,4,3.2605808749995,2,2.24497037500078,3939.927137166,3939.933226708,3940.385832666,3940.217896125,NaN,NaN,NaN,NaN,,NaN,,3939.923672583,3939.927092166,None,NaN,NaN,,NaN,NaN,NaN,NaN,NaN,NaN,NaN,21,bathroom,2,2024-05-18_13h32.14.141,image_similarity_rating,2023.2.3,None,2024-05-18 13h33.25.122132 +0200
,119,124,390,390,stimuli/own/bathroom/119_bat.jpg,stimuli/own/bathroom/124_bat.jpg,NaN,NaN,NaN,NaN,NaN,NaN,NaN,NaN,0,550,550,389,3944.441476125,NaN,NaN,NaN,NaN,NaN,NaN,NaN,,NaN,,3944.734669291,3944.899724083,3944.899724083,3944.899724083,3944.899724083,3944.899724083,3944.899724083,3944.899724083,3944.899724083,3944.899724083,3947.506671458,-7,7,9,4,1.23336358399865,5,1.74590066599922,3944.439553166,3944.441476125,3944.899724083,3944.734654708,NaN,NaN,NaN,NaN,,NaN,,3944.436118375,3944.439507916,None,NaN,NaN,,NaN,NaN,NaN,NaN,NaN,NaN,NaN,21,bathroom,2,2024-05-18_13h32.14.141,image_similarity_rating,2023.2.3,None,2024-05-18 13h33.25.122132 +0200
,103,120,80,80,stimuli/own/bathroom/103_bat.jpg,stimuli/own/bathroom/120_bat.jpg,NaN,NaN,NaN,NaN,NaN,NaN,NaN,NaN,0,551,551,79,3947.516690541,NaN,NaN,NaN,NaN,NaN,NaN,NaN,,NaN,,3947.8012805,3947.969474458,3947.969474458,3947.969474458,3947.969474458,3947.969474458,3947.969474458,3947.969474458,3947.969474458,3947.969474458,3951.07362225,-7,7,9,4,1.55261174999941,5,1.99209450000126,3947.510440458,3947.516690541,3947.969474458,3947.801262125,NaN,NaN,NaN,NaN,,NaN,,3947.506887333,3947.510395416,None,NaN,NaN,,NaN,NaN,NaN,NaN,NaN,NaN,NaN,21,bathroom,2,2024-05-18_13h32.14.141,image_similarity_rating,2023.2.3,None,2024-05-18 13h33.25.122132 +0200
,134,141,574,574,stimuli/own/bathroom/134_bat.jpg,stimuli/own/bathroom/141_bat.jpg,NaN,NaN,NaN,NaN,NaN,NaN,NaN,NaN,0,552,552,573,3951.083190958,NaN,NaN,NaN,NaN,NaN,NaN,NaN,,NaN,,3951.36783675,3951.534671791,3951.534671791,3951.534671791,3951.534671791,3951.534671791,3951.534671791,3951.534671791,3951.534671791,3951.534671791,3954.673490375,7,-7,9,5,1.76310395899964,6,2.20832116699967,3951.077289458,3951.083190958,3951.534671791,3951.367821791,NaN,NaN,NaN,NaN,,NaN,,3951.073845125,3951.077243833,None,NaN,NaN,,NaN,NaN,NaN,NaN,NaN,NaN,NaN,21,bathroom,2,2024-05-18_13h32.14.141,image_similarity_rating,2023.2.3,None,2024-05-18 13h33.25.122132 +0200
,116,129,331,331,stimuli/own/bathroom/116_bat.jpg,stimuli/own/bathroom/129_bat.jpg,NaN,NaN,NaN,NaN,NaN,NaN,NaN,NaN,0,553,553,330,3954.683360666,NaN,NaN,NaN,NaN,NaN,NaN,NaN,,NaN,,3954.967837958,3955.136893833,3955.136893833,3955.136893833,3955.136893833,3955.136893833,3955.136893833,3955.136893833,3955.136893833,3955.136893833,3958.96890125,-7,7,9,4,1.86209825000151,5,2.66773366700181,3954.677149791,3954.683360666,3955.136893833,3954.967821458,NaN,NaN,NaN,NaN,,NaN,,3954.673708916,3954.6771045,None,NaN,NaN,,NaN,NaN,NaN,NaN,NaN,NaN,NaN,21,bathroom,2,2024-05-18_13h32.14.141,image_similarity_rating,2023.2.3,None,2024-05-18 13h33.25.122132 +0200
,118,136,380,380,stimuli/own/bathroom/118_bat.jpg,stimuli/own/bathroom/136_bat.jpg,NaN,NaN,NaN,NaN,NaN,NaN,NaN,NaN,0,554,554,379,3958.97452675,NaN,NaN,NaN,NaN,NaN,NaN,NaN,,NaN,,3959.267740125,3959.435830708,3959.435830708,3959.435830708,3959.435830708,3959.435830708,3959.435830708,3959.435830708,3959.435830708,3959.435830708,3966.152273458,-7,7,9,7,2.09021333300007,4,5.94030541699976,3958.972553125,3958.97452675,3959.435830708,3959.267720916,NaN,NaN,NaN,NaN,,NaN,,3958.9691165,3958.972507458,None,NaN,NaN,,NaN,NaN,NaN,NaN,NaN,NaN,NaN,21,bathroom,2,2024-05-18_13h32.14.141,image_similarity_rating,2023.2.3,None,2024-05-18 13h33.25.122132 +0200
,126,131,508,508,stimuli/own/bathroom/126_bat.jpg,stimuli/own/bathroom/131_bat.jpg,NaN,NaN,NaN,NaN,NaN,NaN,NaN,NaN,0,555,555,507,3966.157847166,NaN,NaN,NaN,NaN,NaN,NaN,NaN,,NaN,,3966.451152,3966.616143375,3966.616143375,3966.616143375,3966.616143375,3966.616143375,3966.616143375,3966.616143375,3966.616143375,3966.616143375,3969.865482,-7,7,9,4,2.68388408300052,2,1.92508270899998,3966.156070416,3966.157847166,3966.616143375,3966.451137125,NaN,NaN,NaN,NaN,,NaN,,3966.152487583,3966.156024625,None,NaN,NaN,,NaN,NaN,NaN,NaN,NaN,NaN,NaN,21,bathroom,2,2024-05-18_13h32.14.141,image_similarity_rating,2023.2.3,None,2024-05-18 13h33.25.122132 +0200
,131,140,558,558,stimuli/own/bathroom/131_bat.jpg,stimuli/own/bathroom/140_bat.jpg,NaN,NaN,NaN,NaN,NaN,NaN,NaN,NaN,0,556,556,557,3969.871081708,NaN,NaN,NaN,NaN,NaN,NaN,NaN,,NaN,,3970.155311958,3970.322952083,3970.322952083,3970.322952083,3970.322952083,3970.322952083,3970.322952083,3970.322952083,3970.322952083,3970.322952083,3972.968949041,7,-7,9,4,1.28901254099947,1,1.88314133300082,3969.869166916,3969.871081708,3970.322952083,3970.155297625,NaN,NaN,NaN,NaN,,NaN,,3969.865711791,3969.869121041,None,NaN,NaN,,NaN,NaN,NaN,NaN,NaN,NaN,NaN,21,bathroom,2,2024-05-18_13h32.14.141,image_similarity_rating,2023.2.3,None,2024-05-18 13h33.25.122132 +0200
,125,136,499,499,stimuli/own/bathroom/125_bat.jpg,stimuli/own/bathroom/136_bat.jpg,NaN,NaN,NaN,NaN,NaN,NaN,NaN,NaN,0,557,557,498,3972.974561333,NaN,NaN,NaN,NaN,NaN,NaN,NaN,,NaN,,3973.268063875,3973.438921416,3973.438921416,3973.438921416,3973.438921416,3973.438921416,3973.438921416,3973.438921416,3973.438921416,3973.438921416,3976.932102958,-7,7,9,4,1.84100291600043,3,2.65554608299863,3972.972702958,3972.974561333,3973.438921416,3973.268043166,NaN,NaN,NaN,NaN,,NaN,,3972.969162541,3972.9726455,None,NaN,NaN,,NaN,NaN,NaN,NaN,NaN,NaN,NaN,21,bathroom,2,2024-05-18_13h32.14.141,image_similarity_rating,2023.2.3,None,2024-05-18 13h33.25.122132 +0200
,102,135,61,61,stimuli/own/bathroom/102_bat.jpg,stimuli/own/bathroom/135_bat.jpg,NaN,NaN,NaN,NaN,NaN,NaN,NaN,NaN,0,558,558,60,3976.937556208,NaN,NaN,NaN,NaN,NaN,NaN,NaN,,NaN,,3977.221488583,3977.38450525,3977.38450525,3977.38450525,3977.38450525,3977.38450525,3977.38450525,3977.38450525,3977.38450525,3977.38450525,3981.411164583,7,-7,9,4,1.64764270799969,7,3.0167851669994,3976.935798,3976.937556208,3977.38450525,3977.221474458,NaN,NaN,NaN,NaN,,NaN,,3976.932341208,3976.935751916,None,NaN,NaN,,NaN,NaN,NaN,NaN,NaN,NaN,NaN,21,bathroom,2,2024-05-18_13h32.14.141,image_similarity_rating,2023.2.3,None,2024-05-18 13h33.25.122132 +0200
,102,119,47,47,stimuli/own/bathroom/102_bat.jpg,stimuli/own/bathroom/119_bat.jpg,NaN,NaN,NaN,NaN,NaN,NaN,NaN,NaN,0,559,559,46,3981.433331333,NaN,NaN,NaN,NaN,NaN,NaN,NaN,,NaN,,3981.717238708,3981.888014333,3981.888014333,3981.888014333,3981.888014333,3981.888014333,3981.888014333,3981.888014333,3981.888014333,3981.888014333,3986.989787666,-7,7,9,6,2.35048149999966,5,4.28998791600134,3981.414838916,3981.433331333,NaN,3981.717199958,NaN,NaN,NaN,NaN,,NaN,,3981.41137925,3981.414793666,None,NaN,NaN,,NaN,NaN,NaN,NaN,NaN,NaN,NaN,21,bathroom,2,2024-05-18_13h32.14.141,image_similarity_rating,2023.2.3,None,2024-05-18 13h33.25.122132 +0200
,112,137,266,266,stimuli/own/bathroom/112_bat.jpg,stimuli/own/bathroom/137_bat.jpg,NaN,NaN,NaN,NaN,NaN,NaN,NaN,NaN,0,560,560,265,3986.999881083,NaN,NaN,NaN,NaN,NaN,NaN,NaN,,NaN,,3987.284334875,3987.44969725,3987.44969725,3987.44969725,3987.44969725,3987.44969725,3987.44969725,3987.44969725,3987.44969725,3987.44969725,3992.023073333,7,-7,9,2,3.85698166700058,2,2.27527595799984,3986.993472666,3986.999881083,3987.44969725,3987.284319708,NaN,NaN,NaN,NaN,,NaN,,3986.990003875,3986.993427,None,NaN,NaN,,NaN,NaN,NaN,NaN,NaN,NaN,NaN,21,bathroom,2,2024-05-18_13h32.14.141,image_similarity_rating,2023.2.3,None,2024-05-18 13h33.25.122132 +0200
,116,134,335,335,stimuli/own/bathroom/116_bat.jpg,stimuli/own/bathroom/134_bat.jpg,NaN,NaN,NaN,NaN,NaN,NaN,NaN,NaN,0,561,561,334,3992.033230208,NaN,NaN,NaN,NaN,NaN,NaN,NaN,,NaN,,3992.317696958,3992.488199541,3992.488199541,3992.488199541,3992.488199541,3992.488199541,3992.488199541,3992.488199541,3992.488199541,3992.488199541,3995.365045291,7,-7,9,4,1.7143061250008,4,2.00133362499946,3992.026833833,3992.033230208,3992.488199541,3992.317680333,NaN,NaN,NaN,NaN,,NaN,,3992.023291791,3992.026788,None,NaN,NaN,,NaN,NaN,NaN,NaN,NaN,NaN,NaN,21,bathroom,2,2024-05-18_13h32.14.141,image_similarity_rating,2023.2.3,None,2024-05-18 13h33.25.122132 +0200
,103,122,82,82,stimuli/own/bathroom/103_bat.jpg,stimuli/own/bathroom/122_bat.jpg,NaN,NaN,NaN,NaN,NaN,NaN,NaN,NaN,0,562,562,81,3995.370563208,NaN,NaN,NaN,NaN,NaN,NaN,NaN,,NaN,,3995.655069833,3995.819827208,3995.819827208,3995.819827208,3995.819827208,3995.819827208,3995.819827208,3995.819827208,3995.819827208,3995.819827208,3999.652161625,-7,7,9,5,1.92727866699897,6,2.71951270799946,3995.368751333,3995.370563208,3995.819827208,3995.655054166,NaN,NaN,NaN,NaN,,NaN,,3995.3652625,3995.368705083,None,NaN,NaN,,NaN,NaN,NaN,NaN,NaN,NaN,NaN,21,bathroom,2,2024-05-18_13h32.14.141,image_similarity_rating,2023.2.3,None,2024-05-18 13h33.25.122132 +0200
,122,141,459,459,stimuli/own/bathroom/122_bat.jpg,stimuli/own/bathroom/141_bat.jpg,NaN,NaN,NaN,NaN,NaN,NaN,NaN,NaN,0,563,563,458,3999.657735958,NaN,NaN,NaN,NaN,NaN,NaN,NaN,,NaN,,3999.951017,4000.11684675,4000.11684675,4000.11684675,4000.11684675,4000.11684675,4000.11684675,4000.11684675,4000.11684675,4000.11684675,4003.056256291,-7,7,9,6,1.55832141599967,6,2.13121470799888,3999.655826583,3999.657735958,4000.11684675,3999.951001083,NaN,NaN,NaN,NaN,,NaN,,3999.652374833,3999.655781166,None,NaN,NaN,,NaN,NaN,NaN,NaN,NaN,NaN,NaN,21,bathroom,2,2024-05-18_13h32.14.141,image_similarity_rating,2023.2.3,None,2024-05-18 13h33.25.122132 +0200
,105,117,138,597,stimuli/own/bathroom/105_bat.jpg,stimuli/own/bathroom/117_bat.jpg,NaN,NaN,NaN,NaN,NaN,NaN,NaN,NaN,0,564,564,596,4003.066491583,NaN,NaN,NaN,NaN,NaN,NaN,NaN,,NaN,,4003.35117675,4003.514894916,4003.514894916,4003.514894916,4003.514894916,4003.514894916,4003.514894916,4003.514894916,4003.514894916,4003.514894916,4007.835469916,-7,7,9,4,3.69104016700112,1,2.68227233300058,4003.059905333,4003.066491583,4003.514894916,4003.351162375,NaN,NaN,NaN,NaN,,NaN,,4003.056470458,4003.059859125,None,NaN,NaN,,NaN,NaN,NaN,NaN,NaN,NaN,NaN,21,bathroom,2,2024-05-18_13h32.14.141,image_similarity_rating,2023.2.3,None,2024-05-18 13h33.25.122132 +0200
,121,131,433,433,stimuli/own/bathroom/121_bat.jpg,stimuli/own/bathroom/131_bat.jpg,NaN,NaN,NaN,NaN,NaN,NaN,NaN,NaN,0,565,565,432,4007.84127675,NaN,NaN,NaN,NaN,NaN,NaN,NaN,,NaN,,4008.134278875,4008.297666583,4008.297666583,4008.297666583,4008.297666583,4008.297666583,4008.297666583,4008.297666583,4008.297666583,4008.297666583,4014.427246666,-7,7,9,2,5.33771429099943,7,2.70893329200044,4007.839139916,4007.84127675,4008.297666583,4008.134265458,NaN,NaN,NaN,NaN,,NaN,,4007.835685958,4007.839094375,None,NaN,NaN,,NaN,NaN,NaN,NaN,NaN,NaN,NaN,21,bathroom,2,2024-05-18_13h32.14.141,image_similarity_rating,2023.2.3,None,2024-05-18 13h33.25.122132 +0200
,112,132,262,610,stimuli/own/bathroom/112_bat.jpg,stimuli/own/bathroom/132_bat.jpg,NaN,NaN,NaN,NaN,NaN,NaN,NaN,NaN,0,566,566,609,4014.432847875,NaN,NaN,NaN,NaN,NaN,NaN,NaN,,NaN,,4014.717794708,4014.885660125,4014.885660125,4014.885660125,4014.885660125,4014.885660125,4014.885660125,4014.885660125,4014.885660125,4014.885660125,4019.593844416,-7,7,9,3,2.95076670800154,4,3.32148450000022,4014.430907583,4014.432847875,4014.885660125,4014.717777833,NaN,NaN,NaN,NaN,,NaN,,4014.427467333,4014.430862083,None,NaN,NaN,,NaN,NaN,NaN,NaN,NaN,NaN,NaN,21,bathroom,2,2024-05-18_13h32.14.141,image_similarity_rating,2023.2.3,None,2024-05-18 13h33.25.122132 +0200
,102,139,65,605,stimuli/own/bathroom/102_bat.jpg,stimuli/own/bathroom/139_bat.jpg,NaN,NaN,NaN,NaN,NaN,NaN,NaN,NaN,0,567,567,604,4019.59948125,NaN,NaN,NaN,NaN,NaN,NaN,NaN,,NaN,,4022.0676135,4022.240360208,4022.240360208,4022.240360208,4022.240360208,4022.240360208,4022.240360208,4022.240360208,4022.240360208,4022.240360208,4028.148530166,-7,7,10,5,5.25863808299982,1,2.5300480829992,4021.775457416,4021.783646375,4022.240360208,4022.067594208,NaN,NaN,NaN,NaN,,NaN,,4019.594063583,4021.775111875,space,4019.59948125,2.17543937499977,None,NaN,NaN,NaN,NaN,NaN,NaN,NaN,21,bathroom,2,2024-05-18_13h32.14.141,image_similarity_rating,2023.2.3,None,2024-05-18 13h33.25.122132 +0200
,114,132,311,311,stimuli/own/bathroom/114_bat.jpg,stimuli/own/bathroom/132_bat.jpg,NaN,NaN,NaN,NaN,NaN,NaN,NaN,NaN,0,568,568,310,4028.154311,NaN,NaN,NaN,NaN,NaN,NaN,NaN,,NaN,,4028.4386075,4028.605025875,4028.605025875,4028.605025875,4028.605025875,4028.605025875,4028.605025875,4028.605025875,4028.605025875,4028.605025875,4031.355875708,7,-7,10,5,1.65060900000026,4,2.06577149999976,4028.152382666,4028.154311,4028.605025875,4028.438594458,NaN,NaN,NaN,NaN,,NaN,,4028.148778208,4028.152337041,None,NaN,NaN,,NaN,NaN,NaN,NaN,NaN,NaN,NaN,21,bathroom,2,2024-05-18_13h32.14.141,image_similarity_rating,2023.2.3,None,2024-05-18 13h33.25.122132 +0200
,114,135,313,313,stimuli/own/bathroom/114_bat.jpg,stimuli/own/bathroom/135_bat.jpg,NaN,NaN,NaN,NaN,NaN,NaN,NaN,NaN,0,569,569,312,4031.366701666,NaN,NaN,NaN,NaN,NaN,NaN,NaN,,NaN,,4031.651127833,4031.821736416,4031.821736416,4031.821736416,4031.821736416,4031.821736416,4031.821736416,4031.821736416,4031.821736416,4031.821736416,4034.586100541,-7,7,10,6,1.63357054100015,6,1.93993354200029,4031.35963725,4031.366701666,4031.821736416,4031.651111875,NaN,NaN,NaN,NaN,,NaN,,4031.356090458,4031.359591875,None,NaN,NaN,,NaN,NaN,NaN,NaN,NaN,NaN,NaN,21,bathroom,2,2024-05-18_13h32.14.141,image_similarity_rating,2023.2.3,None,2024-05-18 13h33.25.122132 +0200
,119,136,400,400,stimuli/own/bathroom/119_bat.jpg,stimuli/own/bathroom/136_bat.jpg,NaN,NaN,NaN,NaN,NaN,NaN,NaN,NaN,0,570,570,399,4034.591615416,NaN,NaN,NaN,NaN,NaN,NaN,NaN,,NaN,,4034.884009541,4035.052289416,4035.052289416,4035.052289416,4035.052289416,4035.052289416,4035.052289416,4035.052289416,4035.052289416,4035.052289416,4039.031526625,-7,7,10,4,2.27414245900036,5,3.12981479200062,4034.589771458,4034.591615416,4035.052289416,4034.883993291,NaN,NaN,NaN,NaN,,NaN,,4034.586317833,4034.589726208,None,NaN,NaN,,NaN,NaN,NaN,NaN,NaN,NaN,NaN,21,bathroom,2,2024-05-18_13h32.14.141,image_similarity_rating,2023.2.3,None,2024-05-18 13h33.25.122132 +0200
,104,121,112,112,stimuli/own/bathroom/104_bat.jpg,stimuli/own/bathroom/121_bat.jpg,NaN,NaN,NaN,NaN,NaN,NaN,NaN,NaN,0,571,571,111,4039.037176625,NaN,NaN,NaN,NaN,NaN,NaN,NaN,,NaN,,4039.321596208,4039.486083458,4039.486083458,4039.486083458,4039.486083458,4039.486083458,4039.486083458,4039.486083458,4039.486083458,4039.486083458,4041.781635291,7,-7,10,4,1.16277099999934,5,1.52023754199945,4039.035224291,4039.037176625,4039.486083458,4039.321584958,NaN,NaN,NaN,NaN,,NaN,,4039.031740666,4039.035178666,None,NaN,NaN,,NaN,NaN,NaN,NaN,NaN,NaN,NaN,21,bathroom,2,2024-05-18_13h32.14.141,image_similarity_rating,2023.2.3,None,2024-05-18 13h33.25.122132 +0200
,113,123,279,279,stimuli/own/bathroom/113_bat.jpg,stimuli/own/bathroom/123_bat.jpg,NaN,NaN,NaN,NaN,NaN,NaN,NaN,NaN,0,572,572,278,4041.787063208,NaN,NaN,NaN,NaN,NaN,NaN,NaN,,NaN,,4042.071965416,4042.24190825,4042.24190825,4042.24190825,4042.24190825,4042.24190825,4042.24190825,4042.24190825,4042.24190825,4042.24190825,4046.260484833,7,-7,10,7,1.96230224999999,7,3.48145295900031,4041.785322041,4041.787063208,4042.24190825,4042.071950916,NaN,NaN,NaN,NaN,,NaN,,4041.781848708,4041.785276708,None,NaN,NaN,,NaN,NaN,NaN,NaN,NaN,NaN,NaN,21,bathroom,2,2024-05-18_13h32.14.141,image_similarity_rating,2023.2.3,None,2024-05-18 13h33.25.122132 +0200
,122,135,453,453,stimuli/own/bathroom/122_bat.jpg,stimuli/own/bathroom/135_bat.jpg,NaN,NaN,NaN,NaN,NaN,NaN,NaN,NaN,0,573,573,452,4046.266424625,NaN,NaN,NaN,NaN,NaN,NaN,NaN,,NaN,,4046.5509385,4046.716343541,4046.716343541,4046.716343541,4046.716343541,4046.716343541,4046.716343541,4046.716343541,4046.716343541,4046.716343541,4049.322762958,7,-7,10,6,1.53606933400079,6,1.89452291599991,4046.264234583,4046.266424625,4046.716343541,4046.550920041,NaN,NaN,NaN,NaN,,NaN,,4046.260698416,4046.26419,None,NaN,NaN,,NaN,NaN,NaN,NaN,NaN,NaN,NaN,21,bathroom,2,2024-05-18_13h32.14.141,image_similarity_rating,2023.2.3,None,2024-05-18 13h33.25.122132 +0200
,129,132,532,532,stimuli/own/bathroom/129_bat.jpg,stimuli/own/bathroom/132_bat.jpg,NaN,NaN,NaN,NaN,NaN,NaN,NaN,NaN,0,574,574,531,4049.333106625,NaN,NaN,NaN,NaN,NaN,NaN,NaN,,NaN,,4049.617554125,4049.787080333,4049.787080333,4049.787080333,4049.787080333,4049.787080333,4049.787080333,4049.787080333,4049.787080333,4049.787080333,4054.198202833,7,-7,10,3,1.95085108299827,5,2.85528004200023,4049.326527916,4049.333106625,4049.787080333,4049.617536416,NaN,NaN,NaN,NaN,,NaN,,4049.322979125,4049.326482333,None,NaN,NaN,,NaN,NaN,NaN,NaN,NaN,NaN,NaN,21,bathroom,2,2024-05-18_13h32.14.141,image_similarity_rating,2023.2.3,None,2024-05-18 13h33.25.122132 +0200
,105,134,153,153,stimuli/own/bathroom/105_bat.jpg,stimuli/own/bathroom/134_bat.jpg,NaN,NaN,NaN,NaN,NaN,NaN,NaN,NaN,0,575,575,152,4054.203866666,NaN,NaN,NaN,NaN,NaN,NaN,NaN,,NaN,,4054.488177708,4054.652339833,4054.652339833,4054.652339833,4054.652339833,4054.652339833,4054.652339833,4054.652339833,4054.652339833,4054.652339833,4057.735300833,7,-7,10,4,1.99431200000072,2,2.36303795799904,4054.2020585,4054.203866666,4054.652339833,4054.488167083,NaN,NaN,NaN,NaN,,NaN,,4054.198419166,4054.202012583,None,NaN,NaN,,NaN,NaN,NaN,NaN,NaN,NaN,NaN,21,bathroom,2,2024-05-18_13h32.14.141,image_similarity_rating,2023.2.3,None,2024-05-18 13h33.25.122132 +0200
,104,131,121,121,stimuli/own/bathroom/104_bat.jpg,stimuli/own/bathroom/131_bat.jpg,NaN,NaN,NaN,NaN,NaN,NaN,NaN,NaN,0,576,576,120,4057.740810833,NaN,NaN,NaN,NaN,NaN,NaN,NaN,,NaN,,4058.034157708,4058.203537166,4058.203537166,4058.203537166,4058.203537166,4058.203537166,4058.203537166,4058.203537166,4058.203537166,4058.203537166,4061.006093416,7,-7,10,4,1.41133962499953,4,1.95244804200047,4057.738986791,4057.740810833,4058.203537166,4058.034141416,NaN,NaN,NaN,NaN,,NaN,,4057.73551775,4057.738941208,None,NaN,NaN,,NaN,NaN,NaN,NaN,NaN,NaN,NaN,21,bathroom,2,2024-05-18_13h32.14.141,image_similarity_rating,2023.2.3,None,2024-05-18 13h33.25.122132 +0200
,112,131,261,261,stimuli/own/bathroom/112_bat.jpg,stimuli/own/bathroom/131_bat.jpg,NaN,NaN,NaN,NaN,NaN,NaN,NaN,NaN,0,577,577,260,4061.016320083,NaN,NaN,NaN,NaN,NaN,NaN,NaN,,NaN,,4061.300877375,4061.466414208,4061.466414208,4061.466414208,4061.466414208,4061.466414208,4061.466414208,4061.466414208,4061.466414208,4061.466414208,4064.235308875,7,-7,10,4,1.4605212080005,5,1.96427691700046,4061.009760541,4061.016320083,4061.466414208,4061.3008615,NaN,NaN,NaN,NaN,,NaN,,4061.006308416,4061.009714875,None,NaN,NaN,,NaN,NaN,NaN,NaN,NaN,NaN,NaN,21,bathroom,2,2024-05-18_13h32.14.141,image_similarity_rating,2023.2.3,None,2024-05-18 13h33.25.122132 +0200
,117,118,343,343,stimuli/own/bathroom/117_bat.jpg,stimuli/own/bathroom/118_bat.jpg,NaN,NaN,NaN,NaN,NaN,NaN,NaN,NaN,0,578,578,342,4064.2409985,NaN,NaN,NaN,NaN,NaN,NaN,NaN,,NaN,,4064.534172666,4064.699073916,4064.699073916,4064.699073916,4064.699073916,4064.699073916,4064.699073916,4064.699073916,4064.699073916,4064.699073916,4067.593775958,7,-7,10,5,1.67478537500028,6,2.1566709589988,4064.2390565,4064.2409985,4064.699073916,4064.534158125,NaN,NaN,NaN,NaN,,NaN,,4064.235523041,4064.239010875,None,NaN,NaN,,NaN,NaN,NaN,NaN,NaN,NaN,NaN,21,bathroom,2,2024-05-18_13h32.14.141,image_similarity_rating,2023.2.3,None,2024-05-18 13h33.25.122132 +0200
,114,116,296,296,stimuli/own/bathroom/114_bat.jpg,stimuli/own/bathroom/116_bat.jpg,NaN,NaN,NaN,NaN,NaN,NaN,NaN,NaN,0,579,579,295,4067.599483333,NaN,NaN,NaN,NaN,NaN,NaN,NaN,,NaN,,4067.884079375,4068.054324583,4068.054324583,4068.054324583,4068.054324583,4068.054324583,4068.054324583,4068.054324583,4068.054324583,4068.054324583,4070.643901458,7,-7,10,5,1.42511462499897,5,1.75880704099836,4067.597551416,4067.599483333,4068.054324583,4067.884063291,NaN,NaN,NaN,NaN,,NaN,,4067.5939915,4067.597505791,None,NaN,NaN,,NaN,NaN,NaN,NaN,NaN,NaN,NaN,21,bathroom,2,2024-05-18_13h32.14.141,image_similarity_rating,2023.2.3,None,2024-05-18 13h33.25.122132 +0200
,136,139,583,602,stimuli/own/bathroom/136_bat.jpg,stimuli/own/bathroom/139_bat.jpg,NaN,NaN,NaN,NaN,NaN,NaN,NaN,NaN,0,580,580,601,4070.649328333,NaN,NaN,NaN,NaN,NaN,NaN,NaN,,NaN,,4070.934242208,4071.102603875,4071.102603875,4071.102603875,4071.102603875,4071.102603875,4071.102603875,4071.102603875,4071.102603875,4071.102603875,4075.26487075,7,-7,10,4,3.43684779100113,2,2.82529283300028,4070.647557666,4070.649328333,4071.102603875,4070.934225916,NaN,NaN,NaN,NaN,,NaN,,4070.644115708,4070.647512166,None,NaN,NaN,,NaN,NaN,NaN,NaN,NaN,NaN,NaN,21,bathroom,2,2024-05-18_13h32.14.141,image_similarity_rating,2023.2.3,None,2024-05-18 13h33.25.122132 +0200
,102,120,48,48,stimuli/own/bathroom/102_bat.jpg,stimuli/own/bathroom/120_bat.jpg,NaN,NaN,NaN,NaN,NaN,NaN,NaN,NaN,0,581,581,47,4075.270501791,NaN,NaN,NaN,NaN,NaN,NaN,NaN,,NaN,,4075.554604916,4075.7178265,4075.7178265,4075.7178265,4075.7178265,4075.7178265,4075.7178265,4075.7178265,4075.7178265,4075.7178265,4079.868615958,-7,7,10,6,2.04449079200094,6,2.51264062500013,4075.268581208,4075.270501791,4075.7178265,4075.554592416,NaN,NaN,NaN,NaN,,NaN,,4075.265098666,4075.268536125,None,NaN,NaN,,NaN,NaN,NaN,NaN,NaN,NaN,NaN,21,bathroom,2,2024-05-18_13h32.14.141,image_similarity_rating,2023.2.3,None,2024-05-18 13h33.25.122132 +0200
,106,134,182,182,stimuli/own/bathroom/106_bat.jpg,stimuli/own/bathroom/134_bat.jpg,NaN,NaN,NaN,NaN,NaN,NaN,NaN,NaN,0,582,582,181,4079.874163125,NaN,NaN,NaN,NaN,NaN,NaN,NaN,,NaN,,4080.167510208,4080.332440541,4080.332440541,4080.332440541,4080.332440541,4080.332440541,4080.332440541,4080.332440541,4080.332440541,4080.332440541,4083.522615041,7,-7,10,4,2.72584683400055,2,2.04904683300083,4079.872381416,4079.874163125,4080.332440541,4080.167494833,NaN,NaN,NaN,NaN,,NaN,,4079.868836,4079.872335541,None,NaN,NaN,,NaN,NaN,NaN,NaN,NaN,NaN,NaN,21,bathroom,2,2024-05-18_13h32.14.141,image_similarity_rating,2023.2.3,None,2024-05-18 13h33.25.122132 +0200
,102,109,39,39,stimuli/own/bathroom/102_bat.jpg,stimuli/own/bathroom/109_bat.jpg,NaN,NaN,NaN,NaN,NaN,NaN,NaN,NaN,0,583,583,38,4083.53292075,NaN,NaN,NaN,NaN,NaN,NaN,NaN,,NaN,,4083.817490041,4083.987257916,4083.987257916,4083.987257916,4083.987257916,4083.987257916,4083.987257916,4083.987257916,4083.987257916,4083.987257916,4086.689278375,7,-7,10,4,0.899909916999604,4,1.89039295799921,4083.526268291,4083.53292075,4083.987257916,4083.817474791,NaN,NaN,NaN,NaN,,NaN,,4083.522831541,4083.526223291,None,NaN,NaN,,NaN,NaN,NaN,NaN,NaN,NaN,NaN,21,bathroom,2,2024-05-18_13h32.14.141,image_similarity_rating,2023.2.3,None,2024-05-18 13h33.25.122132 +0200
,105,118,139,139,stimuli/own/bathroom/105_bat.jpg,stimuli/own/bathroom/118_bat.jpg,NaN,NaN,NaN,NaN,NaN,NaN,NaN,NaN,0,584,584,138,4086.699585958,NaN,NaN,NaN,NaN,NaN,NaN,NaN,,NaN,,4086.98414175,4087.154607166,4087.154607166,4087.154607166,4087.154607166,4087.154607166,4087.154607166,4087.154607166,4087.154607166,4087.154607166,4090.943886375,7,-7,10,4,1.56370645800052,6,2.90231787499943,4086.692940083,4086.699585958,4087.154607166,4086.98412625,NaN,NaN,NaN,NaN,,NaN,,4086.689495291,4086.692894958,None,NaN,NaN,,NaN,NaN,NaN,NaN,NaN,NaN,NaN,21,bathroom,2,2024-05-18_13h32.14.141,image_similarity_rating,2023.2.3,None,2024-05-18 13h33.25.122132 +0200
,122,123,443,443,stimuli/own/bathroom/122_bat.jpg,stimuli/own/bathroom/123_bat.jpg,NaN,NaN,NaN,NaN,NaN,NaN,NaN,NaN,0,585,585,442,4090.966120791,NaN,NaN,NaN,NaN,NaN,NaN,NaN,,NaN,,4091.250172375,4091.420692333,4091.420692333,4091.420692333,4091.420692333,4091.420692333,4091.420692333,4091.420692333,4091.420692333,4091.420692333,4094.673005958,-7,7,10,4,1.83752141700097,5,2.35920316600095,4090.947681166,4090.966120791,NaN,4091.250134916,NaN,NaN,NaN,NaN,,NaN,,4090.944103375,4090.94763525,None,NaN,NaN,,NaN,NaN,NaN,NaN,NaN,NaN,NaN,21,bathroom,2,2024-05-18_13h32.14.141,image_similarity_rating,2023.2.3,None,2024-05-18 13h33.25.122132 +0200
,112,129,259,259,stimuli/own/bathroom/112_bat.jpg,stimuli/own/bathroom/129_bat.jpg,NaN,NaN,NaN,NaN,NaN,NaN,NaN,NaN,0,586,586,258,4094.682912416,NaN,NaN,NaN,NaN,NaN,NaN,NaN,,NaN,,4094.967352,4095.134536625,4095.134536625,4095.134536625,4095.134536625,4095.134536625,4095.134536625,4095.134536625,4095.134536625,4095.134536625,4097.285067666,7,-7,10,4,1.19890270799988,4,1.44077679200018,4094.676672708,4094.682912416,4095.134536625,4094.967335916,NaN,NaN,NaN,NaN,,NaN,,4094.673231083,4094.676627833,None,NaN,NaN,,NaN,NaN,NaN,NaN,NaN,NaN,NaN,21,bathroom,2,2024-05-18_13h32.14.141,image_similarity_rating,2023.2.3,None,2024-05-18 13h33.25.122132 +0200
,102,137,63,63,stimuli/own/bathroom/102_bat.jpg,stimuli/own/bathroom/137_bat.jpg,NaN,NaN,NaN,NaN,NaN,NaN,NaN,NaN,0,587,587,62,4097.290839625,NaN,NaN,NaN,NaN,NaN,NaN,NaN,,NaN,,4097.584189666,4097.75180475,4097.75180475,4097.75180475,4097.75180475,4097.75180475,4097.75180475,4097.75180475,4097.75180475,4097.75180475,4100.460492375,-7,7,10,5,1.5178088749999,4,1.85929154199948,4097.288732375,4097.290839625,4097.75180475,4097.584170083,NaN,NaN,NaN,NaN,,NaN,,4097.285283708,4097.288686541,None,NaN,NaN,,NaN,NaN,NaN,NaN,NaN,NaN,NaN,21,bathroom,2,2024-05-18_13h32.14.141,image_similarity_rating,2023.2.3,None,2024-05-18 13h33.25.122132 +0200
,104,131,121,615,stimuli/own/bathroom/104_bat.jpg,stimuli/own/bathroom/131_bat.jpg,NaN,NaN,NaN,NaN,NaN,NaN,NaN,NaN,0,588,588,614,4100.482988291,NaN,NaN,NaN,NaN,NaN,NaN,NaN,,NaN,,4100.767058291,4100.931376,4100.931376,4100.931376,4100.931376,4100.931376,4100.931376,4100.931376,4100.931376,4100.931376,4104.560553958,7,-7,10,2,2.68439299999955,2,2.9160047080004,4100.46428725,4100.482988291,NaN,4100.76703575,NaN,NaN,NaN,NaN,,NaN,,4100.460707958,4100.464241625,None,NaN,NaN,,NaN,NaN,NaN,NaN,NaN,NaN,NaN,21,bathroom,2,2024-05-18_13h32.14.141,image_similarity_rating,2023.2.3,None,2024-05-18 13h33.25.122132 +0200
,120,138,421,421,stimuli/own/bathroom/120_bat.jpg,stimuli/own/bathroom/138_bat.jpg,NaN,NaN,NaN,NaN,NaN,NaN,NaN,NaN,0,589,589,420,4104.566041041,NaN,NaN,NaN,NaN,NaN,NaN,NaN,,NaN,,4104.850754708,4105.021916416,4105.021916416,4105.021916416,4105.021916416,4105.021916416,4105.021916416,4105.021916416,4105.021916416,4105.021916416,4108.1317745,-7,7,10,2,1.23779329100034,3,1.9417567499986,4104.564216458,4104.566041041,4105.021916416,4104.850737416,NaN,NaN,NaN,NaN,,NaN,,4104.560771416,4104.564171333,None,NaN,NaN,,NaN,NaN,NaN,NaN,NaN,NaN,NaN,21,bathroom,2,2024-05-18_13h32.14.141,image_similarity_rating,2023.2.3,None,2024-05-18 13h33.25.122132 +0200
,127,130,519,519,stimuli/own/bathroom/127_bat.jpg,stimuli/own/bathroom/130_bat.jpg,NaN,NaN,NaN,NaN,NaN,NaN,NaN,NaN,0,590,590,518,4108.137270625,NaN,NaN,NaN,NaN,NaN,NaN,NaN,,NaN,,4108.421659291,4108.588551125,4108.588551125,4108.588551125,4108.588551125,4108.588551125,4108.588551125,4108.588551125,4108.588551125,4108.588551125,4112.243462041,7,-7,10,6,1.60103100000015,6,2.62941712499924,4108.1354685,4108.137270625,4108.588551125,4108.421646125,NaN,NaN,NaN,NaN,,NaN,,4108.131990583,4108.135422416,None,NaN,NaN,,NaN,NaN,NaN,NaN,NaN,NaN,NaN,21,bathroom,2,2024-05-18_13h32.14.141,image_similarity_rating,2023.2.3,None,2024-05-18 13h33.25.122132 +0200
,131,136,554,554,stimuli/own/bathroom/131_bat.jpg,stimuli/own/bathroom/136_bat.jpg,NaN,NaN,NaN,NaN,NaN,NaN,NaN,NaN,0,591,591,553,4112.24925575,NaN,NaN,NaN,NaN,NaN,NaN,NaN,,NaN,,4112.534170833,4112.69841725,4112.69841725,4112.69841725,4112.69841725,4112.69841725,4112.69841725,4112.69841725,4112.69841725,4112.69841725,4115.914632041,-7,7,10,5,2.22643425000024,2,1.45104204200106,4112.247117291,4112.24925575,4112.69841725,4112.534155916,NaN,NaN,NaN,NaN,,NaN,,4112.243679125,4112.247071833,None,NaN,NaN,,NaN,NaN,NaN,NaN,NaN,NaN,NaN,21,bathroom,2,2024-05-18_13h32.14.141,image_similarity_rating,2023.2.3,None,2024-05-18 13h33.25.122132 +0200
,127,135,523,523,stimuli/own/bathroom/127_bat.jpg,stimuli/own/bathroom/135_bat.jpg,NaN,NaN,NaN,NaN,NaN,NaN,NaN,NaN,0,592,592,522,4115.920267,NaN,NaN,NaN,NaN,NaN,NaN,NaN,,NaN,,4116.204968375,4116.371286625,4116.371286625,4116.371286625,4116.371286625,4116.371286625,4116.371286625,4116.371286625,4116.371286625,4116.371286625,4118.799109166,7,-7,10,5,0.892276124999626,5,1.36319995899976,4115.918329458,4115.920267,4116.371286625,4116.204955375,NaN,NaN,NaN,NaN,,NaN,,4115.914849916,4115.918283708,None,NaN,NaN,,NaN,NaN,NaN,NaN,NaN,NaN,NaN,21,bathroom,2,2024-05-18_13h32.14.141,image_similarity_rating,2023.2.3,None,2024-05-18 13h33.25.122132 +0200
,104,135,124,124,stimuli/own/bathroom/104_bat.jpg,stimuli/own/bathroom/135_bat.jpg,NaN,NaN,NaN,NaN,NaN,NaN,NaN,NaN,0,593,593,123,4118.804584041,NaN,NaN,NaN,NaN,NaN,NaN,NaN,,NaN,,4119.087807333,4119.251978666,4119.251978666,4119.251978666,4119.251978666,4119.251978666,4119.251978666,4119.251978666,4119.251978666,4119.251978666,4122.427086958,7,-7,10,4,1.86593804200129,4,2.3123646669992,4118.80281575,4118.804584041,4119.251978666,4119.087795291,NaN,NaN,NaN,NaN,,NaN,,4118.7993255,4118.802770708,None,NaN,NaN,,NaN,NaN,NaN,NaN,NaN,NaN,NaN,21,bathroom,2,2024-05-18_13h32.14.141,image_similarity_rating,2023.2.3,None,2024-05-18 13h33.25.122132 +0200
,127,136,524,524,stimuli/own/bathroom/127_bat.jpg,stimuli/own/bathroom/136_bat.jpg,NaN,NaN,NaN,NaN,NaN,NaN,NaN,NaN,0,594,594,523,4122.432583916,NaN,NaN,NaN,NaN,NaN,NaN,NaN,,NaN,,4122.717283958,4122.883554291,4122.883554291,4122.883554291,4122.883554291,4122.883554291,4122.883554291,4122.883554291,4122.883554291,4122.883554291,4126.2607305,-7,7,10,3,2.54654779100019,3,1.63531533300011,4122.4307625,4122.432583916,4122.883554291,4122.717263791,NaN,NaN,NaN,NaN,,NaN,,4122.427308208,4122.430716541,None,NaN,NaN,,NaN,NaN,NaN,NaN,NaN,NaN,NaN,21,bathroom,2,2024-05-18_13h32.14.141,image_similarity_rating,2023.2.3,None,2024-05-18 13h33.25.122132 +0200
,112,132,262,611,stimuli/own/bathroom/112_bat.jpg,stimuli/own/bathroom/132_bat.jpg,NaN,NaN,NaN,NaN,NaN,NaN,NaN,NaN,0,595,595,610,4126.282921666,NaN,NaN,NaN,NaN,NaN,NaN,NaN,,NaN,,4126.56700325,4126.738802208,4126.738802208,4126.738802208,4126.738802208,4126.738802208,4126.738802208,4126.738802208,4126.738802208,4126.738802208,4130.606044416,7,-7,10,3,1.79471579200072,4,2.70368770800087,4126.264374625,4126.282921666,NaN,4126.56697825,NaN,NaN,NaN,NaN,,NaN,,4126.260944208,4126.264329125,None,NaN,NaN,,NaN,NaN,NaN,NaN,NaN,NaN,NaN,21,bathroom,2,2024-05-18_13h32.14.141,image_similarity_rating,2023.2.3,None,2024-05-18 13h33.25.122132 +0200
,101,104,3,3,stimuli/own/bathroom/101_bat.jpg,stimuli/own/bathroom/104_bat.jpg,NaN,NaN,NaN,NaN,NaN,NaN,NaN,NaN,0,596,596,2,4130.616051375,NaN,NaN,NaN,NaN,NaN,NaN,NaN,,NaN,,4130.900774583,4131.069485333,4131.069485333,4131.069485333,4131.069485333,4131.069485333,4131.069485333,4131.069485333,4131.069485333,4131.069485333,4135.172407583,-7,7,10,4,2.22311470800014,2,3.253413542001,4130.609711541,4130.616051375,4131.069485333,4130.90075325,NaN,NaN,NaN,NaN,,NaN,,4130.606259708,4130.609666208,None,NaN,NaN,,NaN,NaN,NaN,NaN,NaN,NaN,NaN,21,bathroom,2,2024-05-18_13h32.14.141,image_similarity_rating,2023.2.3,None,2024-05-18 13h33.25.122132 +0200
,113,129,284,284,stimuli/own/bathroom/113_bat.jpg,stimuli/own/bathroom/129_bat.jpg,NaN,NaN,NaN,NaN,NaN,NaN,NaN,NaN,0,597,597,283,4135.182535666,NaN,NaN,NaN,NaN,NaN,NaN,NaN,,NaN,,4135.467260041,4135.63895325,4135.63895325,4135.63895325,4135.63895325,4135.63895325,4135.63895325,4135.63895325,4135.63895325,4135.63895325,4138.964975583,-7,7,10,4,2.17482399999972,4,1.57735508299993,4135.176068375,4135.182535666,4135.63895325,4135.467243291,NaN,NaN,NaN,NaN,,NaN,,4135.172624666,4135.176023083,None,NaN,NaN,,NaN,NaN,NaN,NaN,NaN,NaN,NaN,21,bathroom,2,2024-05-18_13h32.14.141,image_similarity_rating,2023.2.3,None,2024-05-18 13h33.25.122132 +0200
,109,113,192,192,stimuli/own/bathroom/109_bat.jpg,stimuli/own/bathroom/113_bat.jpg,NaN,NaN,NaN,NaN,NaN,NaN,NaN,NaN,0,598,598,191,4138.970601791,NaN,NaN,NaN,NaN,NaN,NaN,NaN,,NaN,,4139.254304041,4139.417057875,4139.417057875,4139.417057875,4139.417057875,4139.417057875,4139.417057875,4139.417057875,4139.417057875,4139.417057875,4143.602572791,7,-7,10,4,3.29497366699979,5,2.17184429199915,4138.968786416,4138.970601791,4139.417057875,4139.254291291,NaN,NaN,NaN,NaN,,NaN,,4138.965202125,4138.968740083,None,NaN,NaN,,NaN,NaN,NaN,NaN,NaN,NaN,NaN,21,bathroom,2,2024-05-18_13h32.14.141,image_similarity_rating,2023.2.3,None,2024-05-18 13h33.25.122132 +0200
,114,124,304,304,stimuli/own/bathroom/114_bat.jpg,stimuli/own/bathroom/124_bat.jpg,NaN,NaN,NaN,NaN,NaN,NaN,NaN,NaN,0,599,599,303,4143.608271416,NaN,NaN,NaN,NaN,NaN,NaN,NaN,,NaN,,4143.900749083,4144.064901541,4144.064901541,4144.064901541,4144.064901541,4144.064901541,4144.064901541,4144.064901541,4144.064901541,4144.064901541,4149.948133583,7,-7,10,2,4.5490384170007,4,5.23143766599969,4143.606330958,4143.608271416,4144.064901541,4143.900734333,NaN,NaN,NaN,NaN,,NaN,,4143.602791916,4143.606285791,None,NaN,NaN,,NaN,NaN,NaN,NaN,NaN,NaN,NaN,21,bathroom,2,2024-05-18_13h32.14.141,image_similarity_rating,2023.2.3,None,2024-05-18 13h33.25.122132 +0200
,121,130,432,432,stimuli/own/bathroom/121_bat.jpg,stimuli/own/bathroom/130_bat.jpg,NaN,NaN,NaN,NaN,NaN,NaN,NaN,NaN,0,600,600,431,4149.953799875,NaN,NaN,NaN,NaN,NaN,NaN,NaN,,NaN,,4150.237846875,4150.402585375,4150.402585375,4150.402585375,4150.402585375,4150.402585375,4150.402585375,4150.402585375,4150.402585375,4150.402585375,4153.681412625,7,-7,10,4,1.53607283400015,4,2.48436891600068,4149.951860333,4149.953799875,4150.402585375,4150.237835458,NaN,NaN,NaN,NaN,,NaN,,4149.948378708,4149.951814291,None,NaN,NaN,,NaN,NaN,NaN,NaN,NaN,NaN,NaN,21,bathroom,2,2024-05-18_13h32.14.141,image_similarity_rating,2023.2.3,None,2024-05-18 13h33.25.122132 +0200
,101,118,13,13,stimuli/own/bathroom/101_bat.jpg,stimuli/own/bathroom/118_bat.jpg,NaN,NaN,NaN,NaN,NaN,NaN,NaN,NaN,0,601,601,12,4153.687025833,NaN,NaN,NaN,NaN,NaN,NaN,NaN,,NaN,,4153.971226,4154.138113541,4154.138113541,4154.138113541,4154.138113541,4154.138113541,4154.138113541,4154.138113541,4154.138113541,4154.138113541,4157.543418166,7,-7,10,3,2.6093785840003,2,1.95980666700052,4153.685122333,4153.687025833,4154.138113541,4153.971213041,NaN,NaN,NaN,NaN,,NaN,,4153.681658166,4153.685077333,None,NaN,NaN,,NaN,NaN,NaN,NaN,NaN,NaN,NaN,21,bathroom,2,2024-05-18_13h32.14.141,image_similarity_rating,2023.2.3,None,2024-05-18 13h33.25.122132 +0200
,105,114,136,136,stimuli/own/bathroom/105_bat.jpg,stimuli/own/bathroom/114_bat.jpg,NaN,NaN,NaN,NaN,NaN,NaN,NaN,NaN,0,602,602,135,4157.54926525,NaN,NaN,NaN,NaN,NaN,NaN,NaN,,NaN,,4157.833933666,4158.000353708,4158.000353708,4158.000353708,4158.000353708,4158.000353708,4158.000353708,4158.000353708,4158.000353708,4158.000353708,4161.077044166,-7,7,10,4,2.21142020799925,1,1.49912620899886,4157.547067375,4157.54926525,4158.000353708,4157.833913666,NaN,NaN,NaN,NaN,,NaN,,4157.543633291,4157.547022791,None,NaN,NaN,,NaN,NaN,NaN,NaN,NaN,NaN,NaN,21,bathroom,2,2024-05-18_13h32.14.141,image_similarity_rating,2023.2.3,None,2024-05-18 13h33.25.122132 +0200
,103,104,68,68,stimuli/own/bathroom/103_bat.jpg,stimuli/own/bathroom/104_bat.jpg,NaN,NaN,NaN,NaN,NaN,NaN,NaN,NaN,0,603,603,67,4161.082859375,NaN,NaN,NaN,NaN,NaN,NaN,NaN,,NaN,,4161.367260833,4161.537244625,4161.537244625,4161.537244625,4161.537244625,4161.537244625,4161.537244625,4161.537244625,4161.537244625,4161.537244625,4164.681194,7,-7,10,3,2.53059062500142,2,1.74035350000122,4161.080690875,4161.082859375,4161.537244625,4161.367241291,NaN,NaN,NaN,NaN,,NaN,,4161.077260416,4161.080645166,None,NaN,NaN,,NaN,NaN,NaN,NaN,NaN,NaN,NaN,21,bathroom,2,2024-05-18_13h32.14.141,image_similarity_rating,2023.2.3,None,2024-05-18 13h33.25.122132 +0200
,129,135,534,534,stimuli/own/bathroom/129_bat.jpg,stimuli/own/bathroom/135_bat.jpg,NaN,NaN,NaN,NaN,NaN,NaN,NaN,NaN,0,604,604,533,4164.686936375,NaN,NaN,NaN,NaN,NaN,NaN,NaN,,NaN,,4164.971535375,4165.139513666,4165.139513666,4165.139513666,4165.139513666,4165.139513666,4165.139513666,4165.139513666,4165.139513666,4165.139513666,4167.126705583,7,-7,10,3,0.790829000001395,3,1.32527570799903,4164.684997,4164.686936375,4165.139513666,4164.971521041,NaN,NaN,NaN,NaN,,NaN,,4164.681413291,4164.684950916,None,NaN,NaN,,NaN,NaN,NaN,NaN,NaN,NaN,NaN,21,bathroom,2,2024-05-18_13h32.14.141,image_similarity_rating,2023.2.3,None,2024-05-18 13h33.25.122132 +0200
,117,134,357,357,stimuli/own/bathroom/117_bat.jpg,stimuli/own/bathroom/134_bat.jpg,NaN,NaN,NaN,NaN,NaN,NaN,NaN,NaN,0,605,605,356,4167.132395333,NaN,NaN,NaN,NaN,NaN,NaN,NaN,,NaN,,4167.417086583,4167.588039208,4167.588039208,4167.588039208,4167.588039208,4167.588039208,4167.588039208,4167.588039208,4167.588039208,4167.588039208,4170.581312708,-7,7,10,4,1.69143845799954,3,2.24196983399997,4167.130484416,4167.132395333,4167.588039208,4167.417058875,NaN,NaN,NaN,NaN,,NaN,,4167.126920875,4167.130438833,None,NaN,NaN,,NaN,NaN,NaN,NaN,NaN,NaN,NaN,21,bathroom,2,2024-05-18_13h32.14.141,image_similarity_rating,2023.2.3,None,2024-05-18 13h33.25.122132 +0200
,103,118,78,78,stimuli/own/bathroom/103_bat.jpg,stimuli/own/bathroom/118_bat.jpg,NaN,NaN,NaN,NaN,NaN,NaN,NaN,NaN,0,606,606,77,4170.587039625,NaN,NaN,NaN,NaN,NaN,NaN,NaN,,NaN,,4170.871354791,4171.041136583,4171.041136583,4171.041136583,4171.041136583,4171.041136583,4171.041136583,4171.041136583,4171.041136583,4171.041136583,4175.101639208,7,-7,10,4,3.23607029199957,2,2.03027554099936,4170.585041583,4170.587039625,4171.041136583,4170.871340458,NaN,NaN,NaN,NaN,,NaN,,4170.581544833,4170.584996375,None,NaN,NaN,,NaN,NaN,NaN,NaN,NaN,NaN,NaN,21,bathroom,2,2024-05-18_13h32.14.141,image_similarity_rating,2023.2.3,None,2024-05-18 13h33.25.122132 +0200
,105,119,140,140,stimuli/own/bathroom/105_bat.jpg,stimuli/own/bathroom/119_bat.jpg,NaN,NaN,NaN,NaN,NaN,NaN,NaN,NaN,0,607,607,139,4175.1074735,NaN,NaN,NaN,NaN,NaN,NaN,NaN,,NaN,,4175.400482791,4175.569111458,4175.569111458,4175.569111458,4175.569111458,4175.569111458,4175.569111458,4175.569111458,4175.569111458,4175.569111458,4180.338717791,-7,7,10,4,4.10792716600008,6,3.35208383300051,4175.105401708,4175.1074735,4175.569111458,4175.400466125,NaN,NaN,NaN,NaN,,NaN,,4175.101855125,4175.105356375,None,NaN,NaN,,NaN,NaN,NaN,NaN,NaN,NaN,NaN,21,bathroom,2,2024-05-18_13h32.14.141,image_similarity_rating,2023.2.3,None,2024-05-18 13h33.25.122132 +0200
,106,118,168,168,stimuli/own/bathroom/106_bat.jpg,stimuli/own/bathroom/118_bat.jpg,NaN,NaN,NaN,NaN,NaN,NaN,NaN,NaN,0,608,608,167,4180.349423333,NaN,NaN,NaN,NaN,NaN,NaN,NaN,,NaN,,4180.633749833,4180.798750583,4180.798750583,4180.798750583,4180.798750583,4180.798750583,4180.798750583,4180.798750583,4180.798750583,4180.798750583,4183.651630833,-7,7,10,4,2.3007591250007,4,1.775425834001,4180.342373166,4180.349423333,4180.798750583,4180.633726875,NaN,NaN,NaN,NaN,,NaN,,4180.338932666,4180.342328166,None,NaN,NaN,,NaN,NaN,NaN,NaN,NaN,NaN,NaN,21,bathroom,2,2024-05-18_13h32.14.141,image_similarity_rating,2023.2.3,None,2024-05-18 13h33.25.122132 +0200
,116,132,334,334,stimuli/own/bathroom/116_bat.jpg,stimuli/own/bathroom/132_bat.jpg,NaN,NaN,NaN,NaN,NaN,NaN,NaN,NaN,0,609,609,333,4183.657087666,NaN,NaN,NaN,NaN,NaN,NaN,NaN,,NaN,,4183.950623458,4184.11560125,4184.11560125,4184.11560125,4184.11560125,4184.11560125,4184.11560125,4184.11560125,4184.11560125,4184.11560125,4188.922081625,7,-7,10,2,3.22486391700113,3,4.11796437499834,4183.655263166,4183.657087666,4184.11560125,4183.950605583,NaN,NaN,NaN,NaN,,NaN,,4183.651845833,4183.655217666,None,NaN,NaN,,NaN,NaN,NaN,NaN,NaN,NaN,NaN,21,bathroom,2,2024-05-18_13h32.14.141,image_similarity_rating,2023.2.3,None,2024-05-18 13h33.25.122132 +0200
,102,116,44,44,stimuli/own/bathroom/102_bat.jpg,stimuli/own/bathroom/116_bat.jpg,NaN,NaN,NaN,NaN,NaN,NaN,NaN,NaN,0,610,610,43,4188.932447958,NaN,NaN,NaN,NaN,NaN,NaN,NaN,,NaN,,4189.217143791,4189.384129083,4189.384129083,4189.384129083,4189.384129083,4189.384129083,4189.384129083,4189.384129083,4189.384129083,4189.384129083,4192.755619125,7,-7,10,5,1.87021720899975,5,2.17879729100059,4188.9257545,4188.932447958,4189.384129083,4189.217121958,NaN,NaN,NaN,NaN,,NaN,,4188.922299375,4188.92570975,None,NaN,NaN,,NaN,NaN,NaN,NaN,NaN,NaN,NaN,21,bathroom,2,2024-05-18_13h32.14.141,image_similarity_rating,2023.2.3,None,2024-05-18 13h33.25.122132 +0200
,126,134,510,510,stimuli/own/bathroom/126_bat.jpg,stimuli/own/bathroom/134_bat.jpg,NaN,NaN,NaN,NaN,NaN,NaN,NaN,NaN,0,611,611,509,4192.765982625,NaN,NaN,NaN,NaN,NaN,NaN,NaN,,NaN,,4193.050339125,4193.217280958,4193.217280958,4193.217280958,4193.217280958,4193.217280958,4193.217280958,4193.217280958,4193.217280958,4193.217280958,4196.964396708,7,-7,10,4,1.90780079099932,4,2.93650562500079,4192.759296916,4192.765982625,4193.217280958,4193.05032375,NaN,NaN,NaN,NaN,,NaN,,4192.755835791,4192.759251291,None,NaN,NaN,,NaN,NaN,NaN,NaN,NaN,NaN,NaN,21,bathroom,2,2024-05-18_13h32.14.141,image_similarity_rating,2023.2.3,None,2024-05-18 13h33.25.122132 +0200
,101,121,16,16,stimuli/own/bathroom/101_bat.jpg,stimuli/own/bathroom/121_bat.jpg,NaN,NaN,NaN,NaN,NaN,NaN,NaN,NaN,0,612,612,15,4196.970179041,NaN,NaN,NaN,NaN,NaN,NaN,NaN,,NaN,,4197.254817875,4197.423582666,4197.423582666,4197.423582666,4197.423582666,4197.423582666,4197.423582666,4197.423582666,4197.423582666,4197.423582666,4201.531652166,-7,7,10,5,2.49119145800069,5,3.24453437500051,4196.968090416,4196.970179041,4197.423582666,4197.254803666,NaN,NaN,NaN,NaN,,NaN,,4196.964612208,4196.968044375,None,NaN,NaN,,NaN,NaN,NaN,NaN,NaN,NaN,NaN,21,bathroom,2,2024-05-18_13h32.14.141,image_similarity_rating,2023.2.3,None,2024-05-18 13h33.25.122132 +0200
,124,138,487,487,stimuli/own/bathroom/124_bat.jpg,stimuli/own/bathroom/138_bat.jpg,NaN,NaN,NaN,NaN,NaN,NaN,NaN,NaN,0,613,613,486,4201.537437583,NaN,NaN,NaN,NaN,NaN,NaN,NaN,,NaN,,4201.821444,4201.990951041,4201.990951041,4201.990951041,4201.990951041,4201.990951041,4201.990951041,4201.990951041,4201.990951041,4201.990951041,4205.134841541,7,-7,10,6,1.94112791599946,4,2.46776437500012,4201.53533625,4201.537437583,4201.990951041,4201.8214295,NaN,NaN,NaN,NaN,,NaN,,4201.531867,4201.535291125,None,NaN,NaN,,NaN,NaN,NaN,NaN,NaN,NaN,NaN,21,bathroom,2,2024-05-18_13h32.14.141,image_similarity_rating,2023.2.3,None,2024-05-18 13h33.25.122132 +0200
,102,140,66,66,stimuli/own/bathroom/102_bat.jpg,stimuli/own/bathroom/140_bat.jpg,NaN,NaN,NaN,NaN,NaN,NaN,NaN,NaN,0,614,614,65,4205.140538333,NaN,NaN,NaN,NaN,NaN,NaN,NaN,,NaN,,4205.433690958,4205.600354208,4205.600354208,4205.600354208,4205.600354208,4205.600354208,4205.600354208,4205.600354208,4205.600354208,4205.600354208,4208.680942208,7,-7,10,3,1.96277395799916,4,2.29366358299922,4205.138616041,4205.140538333,4205.600354208,4205.433675916,NaN,NaN,NaN,NaN,,NaN,,4205.1350565,4205.138570708,None,NaN,NaN,,NaN,NaN,NaN,NaN,NaN,NaN,NaN,21,bathroom,2,2024-05-18_13h32.14.141,image_similarity_rating,2023.2.3,None,2024-05-18 13h33.25.122132 +0200
,NaN,NaN,NaN,NaN,,,NaN,NaN,NaN,NaN,NaN,NaN,NaN,NaN,NaN,NaN,NaN,NaN,NaN,NaN,NaN,NaN,NaN,NaN,NaN,NaN,,NaN,,NaN,NaN,NaN,NaN,NaN,NaN,NaN,NaN,NaN,NaN,NaN,NaN,NaN,NaN,NaN,NaN,NaN,NaN,NaN,NaN,NaN,NaN,NaN,NaN,NaN,NaN,,NaN,,NaN,NaN,,NaN,NaN,,4208.681103083,4208.688265208,4208.688265208,4211.773284083,NaN,3.08481620800012,NaN,21,bathroom,2,2024-05-18_13h32.14.141,image_similarity_rating,2023.2.3,None,2024-05-18 13h33.25.122132 +0200
