sub_num,trial,block,task,is_practice,category,image,texture,duration,mask_dur,jitter
222,1,0,categorization,1,bedroom,SHINEd_practice_bedroom_019.tif,112,0.1,0.0666666666666667,1.28184464783252
222,2,0,categorization,1,livingroom,SHINEd_practice_livingroom_066.tif,119,0.1,0.0666666666666667,1.17185541091839
222,3,0,categorization,1,livingroom,SHINEd_practice_livingroom_067.tif,120,0.1,0.0666666666666667,1.53761737570839
222,4,0,categorization,1,bedroom,SHINEd_practice_bedroom_122.tif,115,0.1,0.0666666666666667,1.66353073248085
222,5,0,categorization,1,bedroom,SHINEd_practice_bedroom_027.tif,113,0.1,0.0666666666666667,1.04338544318673
222,6,0,categorization,1,livingroom,SHINEd_practice_livingroom_002.tif,116,0.1,0.0666666666666667,1.61186576668013
222,7,0,categorization,1,bedroom,SHINEd_practice_bedroom_015.tif,111,0.1,0.0666666666666667,0.958867914841788
222,8,0,categorization,1,bedroom,SHINEd_practice_bedroom_057.tif,114,0.1,0.0666666666666667,0.996233201460347
222,9,0,categorization,1,livingroom,SHINEd_practice_livingroom_041.tif,118,0.1,0.0666666666666667,0.818809978424382
222,10,0,categorization,1,livingroom,SHINEd_practice_livingroom_015.tif,117,0.1,0.0666666666666667,0.909903149033669
222,1,1,categorization,0,livingroom,SHINEd_livingroom_036.tif,85,0.1,0.0666666666666667,0.947997966481513
222,2,1,categorization,0,bedroom,SHINEd_bedroom_012.tif,15,0.1,0.0666666666666667,0.801579762657065
222,3,1,categorization,0,livingroom,SHINEd_livingroom_050.tif,93,0.1,0.0666666666666667,0.777963123830748
222,4,1,categorization,0,livingroom,SHINEd_livingroom_019.tif,74,0.1,0.0666666666666667,0.858352219461279
222,5,1,categorization,0,bedroom,SHINEd_bedroom_119.tif,57,0.1,0.0666666666666667,1.60892492689949
222,6,1,categorization,0,livingroom,SHINEd_livingroom_008.tif,67,0.1,0.0666666666666667,1.19170607318788
222,7,1,categorization,0,bedroom,SHINEd_bedroom_046.tif,30,0.1,0.0666666666666667,1.17147489712537
222,8,1,categorization,0,bedroom,SHINEd_bedroom_030.tif,23,0.1,0.0666666666666667,1.83747941351393
222,9,1,categorization,0,bedroom,SHINEd_bedroom_029.tif,22,0.1,0.0666666666666667,0.717090426654789
222,10,1,categorization,0,livingroom,SHINEd_livingroom_057.tif,97,0.1,0.0666666666666667,1.36733014348798
222,11,1,categorization,0,livingroom,SHINEd_livingroom_089.tif,107,0.1,0.0666666666666667,1.11106900754038
222,12,1,categorization,0,bedroom,SHINEd_bedroom_120.tif,58,0.1,0.0666666666666667,0.877877952234648
222,13,1,categorization,0,livingroom,SHINEd_livingroom_016.tif,72,0.1,0.0666666666666667,1.13384272839684
222,14,1,categorization,0,bedroom,SHINEd_bedroom_085.tif,44,0.1,0.0666666666666667,1.22713019780488
222,15,1,categorization,0,livingroom,SHINEd_livingroom_054.tif,95,0.1,0.0666666666666667,0.901242192128408
222,16,1,categorization,0,bedroom,SHINEd_bedroom_014.tif,16,0.1,0.0666666666666667,0.975973692904912
222,17,1,categorization,0,bedroom,SHINEd_bedroom_056.tif,35,0.1,0.0666666666666667,0.826147355702076
222,18,1,categorization,0,bedroom,SHINEd_bedroom_106.tif,52,0.1,0.0666666666666667,1.15092423801589
222,19,1,categorization,0,livingroom,SHINEd_livingroom_032.tif,84,0.1,0.0666666666666667,1.76431059206143
222,20,1,categorization,0,livingroom,SHINEd_livingroom_048.tif,91,0.1,0.0666666666666667,1.10338902983441
222,21,1,categorization,0,bedroom,SHINEd_bedroom_018.tif,18,0.1,0.0666666666666667,0.746020604108535
222,22,1,categorization,0,livingroom,SHINEd_livingroom_031.tif,83,0.1,0.0666666666666667,1.06864660034238
222,23,1,categorization,0,livingroom,SHINEd_livingroom_090.tif,108,0.1,0.0666666666666667,1.15141241573802
222,24,1,categorization,0,bedroom,SHINEd_bedroom_062.tif,36,0.1,0.0666666666666667,0.828137788579154
222,25,1,categorization,0,bedroom,SHINEd_bedroom_051.tif,33,0.1,0.0666666666666667,0.973084118623373
222,26,1,categorization,0,bedroom,SHINEd_bedroom_042.tif,28,0.1,0.0666666666666667,1.64047879149022
222,27,1,categorization,0,livingroom,SHINEd_livingroom_004.tif,63,0.1,0.0666666666666667,0.706055658621107
222,28,1,categorization,0,bedroom,SHINEd_bedroom_098.tif,50,0.1,0.0666666666666667,1.56313273427234
222,29,1,categorization,0,livingroom,SHINEd_livingroom_005.tif,64,0.1,0.0666666666666667,1.19955163382811
222,30,1,categorization,0,livingroom,SHINEd_livingroom_087.tif,105,0.1,0.0666666666666667,1.28918031520856
222,31,1,categorization,0,livingroom,SHINEd_livingroom_022.tif,76,0.1,0.0666666666666667,0.937137810703002
222,32,1,categorization,0,livingroom,SHINEd_livingroom_028.tif,80,0.1,0.0666666666666667,1.14469913281174
222,33,1,categorization,0,bedroom,SHINEd_bedroom_097.tif,49,0.1,0.0666666666666667,1.03901724494644
222,34,1,categorization,0,bedroom,SHINEd_bedroom_023.tif,20,0.1,0.0666666666666667,1.13635877294877
222,35,1,categorization,0,bedroom,SHINEd_bedroom_112.tif,53,0.1,0.0666666666666667,0.782420070654508
222,36,1,categorization,0,livingroom,SHINEd_livingroom_088.tif,106,0.1,0.0666666666666667,0.756936093303135
222,37,1,categorization,0,livingroom,SHINEd_livingroom_014.tif,71,0.1,0.0666666666666667,1.41754160926311
222,38,1,categorization,0,bedroom,SHINEd_bedroom_099.tif,51,0.1,0.0666666666666667,1.28266495525072
222,39,1,categorization,0,bedroom,SHINEd_bedroom_067.tif,37,0.1,0.0666666666666667,1.79858319788128
222,40,1,categorization,0,livingroom,SHINEd_livingroom_059.tif,98,0.1,0.0666666666666667,1.06018040178298
222,41,1,categorization,0,bedroom,SHINEd_bedroom_086.tif,45,0.1,0.0666666666666667,0.831938247030204
222,42,1,categorization,0,livingroom,SHINEd_livingroom_006.tif,65,0.1,0.0666666666666667,1.13002348222693
222,43,1,categorization,0,bedroom,SHINEd_bedroom_041.tif,27,0.1,0.0666666666666667,0.712835772485397
222,44,1,categorization,0,livingroom,SHINEd_livingroom_012.tif,69,0.1,0.0666666666666667,1.92265545410189
222,45,1,categorization,0,bedroom,SHINEd_bedroom_047.tif,31,0.1,0.0666666666666667,1.86700790379646
222,46,1,categorization,0,livingroom,SHINEd_livingroom_039.tif,87,0.1,0.0666666666666667,1.3754152658977
222,47,1,categorization,0,livingroom,SHINEd_livingroom_047.tif,90,0.1,0.0666666666666667,1.69667263456336
222,48,1,categorization,0,livingroom,SHINEd_livingroom_043.tif,88,0.1,0.0666666666666667,1.24893421573257
222,49,1,categorization,0,livingroom,SHINEd_livingroom_010.tif,68,0.1,0.0666666666666667,1.06430345401742
222,50,1,categorization,0,bedroom,SHINEd_bedroom_052.tif,34,0.1,0.0666666666666667,1.75515792150966
222,1,2,categorization,0,livingroom,SHINEd_livingroom_092.tif,109,0.1,0.0666666666666667,0.787047590963051
222,2,2,categorization,0,bedroom,SHINEd_bedroom_036.tif,25,0.1,0.0666666666666667,0.725752747083153
222,3,2,categorization,0,livingroom,SHINEd_livingroom_003.tif,62,0.1,0.0666666666666667,0.803329557099038
222,4,2,categorization,0,bedroom,SHINEd_bedroom_079.tif,42,0.1,0.0666666666666667,0.797950273424226
222,5,2,categorization,0,bedroom,SHINEd_bedroom_008.tif,11,0.1,0.0666666666666667,1.0242745624594
222,6,2,categorization,0,livingroom,SHINEd_livingroom_072.tif,101,0.1,0.0666666666666667,1.09897636830596
222,7,2,categorization,0,bedroom,SHINEd_bedroom_126.tif,60,0.1,0.0666666666666667,0.916257260317791
222,8,2,categorization,0,bedroom,SHINEd_bedroom_125.tif,59,0.1,0.0666666666666667,0.713143736340791
222,9,2,categorization,0,bedroom,SHINEd_bedroom_114.tif,54,0.1,0.0666666666666667,1.15188567541847
222,10,2,categorization,0,livingroom,SHINEd_livingroom_060.tif,99,0.1,0.0666666666666667,0.813875249661108
222,11,2,categorization,0,livingroom,SHINEd_livingroom_073.tif,102,0.1,0.0666666666666667,1.32797817772605
222,12,2,categorization,0,livingroom,SHINEd_livingroom_029.tif,81,0.1,0.0666666666666667,1.82118993406034
222,13,2,categorization,0,livingroom,SHINEd_livingroom_018.tif,73,0.1,0.0666666666666667,0.892173550941395
222,14,2,categorization,0,bedroom,SHINEd_bedroom_011.tif,14,0.1,0.0666666666666667,1.69448906352171
222,15,2,categorization,0,livingroom,SHINEd_livingroom_024.tif,78,0.1,0.0666666666666667,1.80107466894955
222,16,2,categorization,0,livingroom,SHINEd_livingroom_055.tif,96,0.1,0.0666666666666667,1.25611939428835
222,17,2,categorization,0,bedroom,SHINEd_bedroom_080.tif,43,0.1,0.0666666666666667,0.905882544397992
222,18,2,categorization,0,bedroom,SHINEd_bedroom_009.tif,12,0.1,0.0666666666666667,0.740906053148814
222,19,2,categorization,0,livingroom,SHINEd_livingroom_068.tif,100,0.1,0.0666666666666667,1.11457168407895
222,20,2,categorization,0,bedroom,SHINEd_bedroom_090.tif,47,0.1,0.0666666666666667,1.49846691334623
222,21,2,categorization,0,bedroom,SHINEd_bedroom_025.tif,21,0.1,0.0666666666666667,1.03128804703706
222,22,2,categorization,0,livingroom,SHINEd_livingroom_020.tif,75,0.1,0.0666666666666667,0.897216076008242
222,23,2,categorization,0,bedroom,SHINEd_bedroom_020.tif,19,0.1,0.0666666666666667,1.007002374867
222,24,2,categorization,0,livingroom,SHINEd_livingroom_081.tif,103,0.1,0.0666666666666667,1.44640843395329
222,25,2,categorization,0,bedroom,SHINEd_bedroom_048.tif,32,0.1,0.0666666666666667,1.73750647883182
222,26,2,categorization,0,bedroom,SHINEd_bedroom_016.tif,17,0.1,0.0666666666666667,1.75176055168112
222,27,2,categorization,0,bedroom,SHINEd_bedroom_089.tif,46,0.1,0.0666666666666667,1.23106554491481
222,28,2,categorization,0,bedroom,SHINEd_bedroom_032.tif,24,0.1,0.0666666666666667,1.5493811544829
222,29,2,categorization,0,bedroom,SHINEd_bedroom_069.tif,39,0.1,0.0666666666666667,1.56455207759774
222,30,2,categorization,0,bedroom,SHINEd_bedroom_068.tif,38,0.1,0.0666666666666667,1.90262859319309
222,31,2,categorization,0,livingroom,SHINEd_livingroom_025.tif,79,0.1,0.0666666666666667,1.94033440482475
222,32,2,categorization,0,bedroom,SHINEd_bedroom_010.tif,13,0.1,0.0666666666666667,1.67515989448332
222,33,2,categorization,0,bedroom,SHINEd_bedroom_074.tif,40,0.1,0.0666666666666667,1.49632221858184
222,34,2,categorization,0,livingroom,SHINEd_livingroom_007.tif,66,0.1,0.0666666666666667,1.72782995630543
222,35,2,categorization,0,livingroom,SHINEd_livingroom_049.tif,92,0.1,0.0666666666666667,0.729482481431363
222,36,2,categorization,0,bedroom,SHINEd_bedroom_039.tif,26,0.1,0.0666666666666667,1.00486969375535
222,37,2,categorization,0,livingroom,SHINEd_livingroom_052.tif,94,0.1,0.0666666666666667,1.44928487130307
222,38,2,categorization,0,livingroom,SHINEd_livingroom_083.tif,104,0.1,0.0666666666666667,0.938889612548461
222,39,2,categorization,0,bedroom,SHINEd_bedroom_075.tif,41,0.1,0.0666666666666667,1.4595120079711
222,40,2,categorization,0,livingroom,SHINEd_livingroom_046.tif,89,0.1,0.0666666666666667,1.74176737922653
222,41,2,categorization,0,bedroom,SHINEd_bedroom_045.tif,29,0.1,0.0666666666666667,1.16430978260865
222,42,2,categorization,0,bedroom,SHINEd_bedroom_093.tif,48,0.1,0.0666666666666667,0.707975530925835
222,43,2,categorization,0,livingroom,SHINEd_livingroom_001.tif,61,0.1,0.0666666666666667,1.92353450295946
222,44,2,categorization,0,livingroom,SHINEd_livingroom_030.tif,82,0.1,0.0666666666666667,1.32303261230501
222,45,2,categorization,0,livingroom,SHINEd_livingroom_037.tif,86,0.1,0.0666666666666667,0.806559459770709
222,46,2,categorization,0,livingroom,SHINEd_livingroom_013.tif,70,0.1,0.0666666666666667,0.815337570777705
222,47,2,categorization,0,bedroom,SHINEd_bedroom_118.tif,56,0.1,0.0666666666666667,1.31376572572467
222,48,2,categorization,0,bedroom,SHINEd_bedroom_116.tif,55,0.1,0.0666666666666667,1.01413522936953
222,49,2,categorization,0,livingroom,SHINEd_livingroom_62.tif,110,0.1,0.0666666666666667,1.22960519581941
222,50,2,categorization,0,livingroom,SHINEd_livingroom_023.tif,77,0.1,0.0666666666666667,0.961458374822406
222,1,3,categorization,0,bedroom,SHINEd_bedroom_099.tif,51,0.1,0.0666666666666667,1.20906268738175
222,2,3,categorization,0,livingroom,SHINEd_livingroom_013.tif,70,0.1,0.0666666666666667,0.949840642636358
222,3,3,categorization,0,bedroom,SHINEd_bedroom_011.tif,14,0.1,0.0666666666666667,0.768435937189651
222,4,3,categorization,0,livingroom,SHINEd_livingroom_023.tif,77,0.1,0.0666666666666667,1.13717162917727
222,5,3,categorization,0,livingroom,SHINEd_livingroom_020.tif,75,0.1,0.0666666666666667,1.00399635540947
222,6,3,categorization,0,livingroom,SHINEd_livingroom_037.tif,86,0.1,0.0666666666666667,1.38064981985325
222,7,3,categorization,0,livingroom,SHINEd_livingroom_030.tif,82,0.1,0.0666666666666667,0.849504994211676
222,8,3,categorization,0,livingroom,SHINEd_livingroom_031.tif,83,0.1,0.0666666666666667,0.99487226097963
222,9,3,categorization,0,livingroom,SHINEd_livingroom_043.tif,88,0.1,0.0666666666666667,1.478225805123
222,10,3,categorization,0,livingroom,SHINEd_livingroom_007.tif,66,0.1,0.0666666666666667,1.85649666321423
222,11,3,categorization,0,bedroom,SHINEd_bedroom_048.tif,32,0.1,0.0666666666666667,0.806565542871524
222,12,3,categorization,0,livingroom,SHINEd_livingroom_054.tif,95,0.1,0.0666666666666667,0.859467390078545
222,13,3,categorization,0,bedroom,SHINEd_bedroom_025.tif,21,0.1,0.0666666666666667,1.74412243357319
222,14,3,categorization,0,bedroom,SHINEd_bedroom_039.tif,26,0.1,0.0666666666666667,1.09252303536763
222,15,3,categorization,0,livingroom,SHINEd_livingroom_016.tif,72,0.1,0.0666666666666667,1.22513262243401
222,16,3,categorization,0,bedroom,SHINEd_bedroom_056.tif,35,0.1,0.0666666666666667,1.57103047114535
222,17,3,categorization,0,livingroom,SHINEd_livingroom_001.tif,61,0.1,0.0666666666666667,1.87946270250394
222,18,3,categorization,0,livingroom,SHINEd_livingroom_059.tif,98,0.1,0.0666666666666667,1.72741782676361
222,19,3,categorization,0,livingroom,SHINEd_livingroom_092.tif,109,0.1,0.0666666666666667,1.31526353506413
222,20,3,categorization,0,livingroom,SHINEd_livingroom_068.tif,100,0.1,0.0666666666666667,1.33995998094844
222,21,3,categorization,0,bedroom,SHINEd_bedroom_090.tif,47,0.1,0.0666666666666667,1.64080394412747
222,22,3,categorization,0,livingroom,SHINEd_livingroom_022.tif,76,0.1,0.0666666666666667,0.958280056972872
222,23,3,categorization,0,livingroom,SHINEd_livingroom_004.tif,63,0.1,0.0666666666666667,0.803769461477703
222,24,3,categorization,0,bedroom,SHINEd_bedroom_010.tif,13,0.1,0.0666666666666667,1.39896245048909
222,25,3,categorization,0,livingroom,SHINEd_livingroom_047.tif,90,0.1,0.0666666666666667,0.988861500921402
222,26,3,categorization,0,livingroom,SHINEd_livingroom_008.tif,67,0.1,0.0666666666666667,1.2354878745019
222,27,3,categorization,0,bedroom,SHINEd_bedroom_126.tif,60,0.1,0.0666666666666667,1.04030077499928
222,28,3,categorization,0,livingroom,SHINEd_livingroom_046.tif,89,0.1,0.0666666666666667,1.31142610954656
222,29,3,categorization,0,bedroom,SHINEd_bedroom_062.tif,36,0.1,0.0666666666666667,1.25258241174914
222,30,3,categorization,0,bedroom,SHINEd_bedroom_080.tif,43,0.1,0.0666666666666667,0.748063590779107
222,31,3,categorization,0,livingroom,SHINEd_livingroom_060.tif,99,0.1,0.0666666666666667,1.39508947945405
222,32,3,categorization,0,livingroom,SHINEd_livingroom_089.tif,107,0.1,0.0666666666666667,1.49935902483099
222,33,3,categorization,0,livingroom,SHINEd_livingroom_005.tif,64,0.1,0.0666666666666667,0.912572374446502
222,34,3,categorization,0,bedroom,SHINEd_bedroom_116.tif,55,0.1,0.0666666666666667,0.830491528644894
222,35,3,categorization,0,livingroom,SHINEd_livingroom_090.tif,108,0.1,0.0666666666666667,0.781933691156552
222,36,3,categorization,0,bedroom,SHINEd_bedroom_047.tif,31,0.1,0.0666666666666667,1.52995542821398
222,37,3,categorization,0,livingroom,SHINEd_livingroom_032.tif,84,0.1,0.0666666666666667,0.768323911373282
222,38,3,categorization,0,bedroom,SHINEd_bedroom_075.tif,41,0.1,0.0666666666666667,1.02986566726178
222,39,3,categorization,0,livingroom,SHINEd_livingroom_003.tif,62,0.1,0.0666666666666667,0.71796483213263
222,40,3,categorization,0,bedroom,SHINEd_bedroom_114.tif,54,0.1,0.0666666666666667,1.7936614285138
222,41,3,categorization,0,bedroom,SHINEd_bedroom_008.tif,11,0.1,0.0666666666666667,0.756923673054081
222,42,3,categorization,0,livingroom,SHINEd_livingroom_019.tif,74,0.1,0.0666666666666667,1.06140313467351
222,43,3,categorization,0,livingroom,SHINEd_livingroom_012.tif,69,0.1,0.0666666666666667,1.51479425168466
222,44,3,categorization,0,bedroom,SHINEd_bedroom_079.tif,42,0.1,0.0666666666666667,1.28247747940674
222,45,3,categorization,0,bedroom,SHINEd_bedroom_020.tif,19,0.1,0.0666666666666667,0.742137500432774
222,46,3,categorization,0,livingroom,SHINEd_livingroom_087.tif,105,0.1,0.0666666666666667,1.03926632577882
222,47,3,categorization,0,bedroom,SHINEd_bedroom_042.tif,28,0.1,0.0666666666666667,1.09874899248964
222,48,3,categorization,0,livingroom,SHINEd_livingroom_057.tif,97,0.1,0.0666666666666667,1.07671155445051
222,49,3,categorization,0,livingroom,SHINEd_livingroom_073.tif,102,0.1,0.0666666666666667,1.5409495749294
222,50,3,categorization,0,livingroom,SHINEd_livingroom_083.tif,104,0.1,0.0666666666666667,0.865916650907739
222,1,4,categorization,0,bedroom,SHINEd_bedroom_069.tif,39,0.1,0.0666666666666667,1.42499600450159
222,2,4,categorization,0,livingroom,SHINEd_livingroom_036.tif,85,0.1,0.0666666666666667,0.792120944077684
222,3,4,categorization,0,bedroom,SHINEd_bedroom_018.tif,18,0.1,0.0666666666666667,1.02054397395045
222,4,4,categorization,0,bedroom,SHINEd_bedroom_093.tif,48,0.1,0.0666666666666667,0.711810881087232
222,5,4,categorization,0,livingroom,SHINEd_livingroom_014.tif,71,0.1,0.0666666666666667,1.3422709569757
222,6,4,categorization,0,bedroom,SHINEd_bedroom_016.tif,17,0.1,0.0666666666666667,1.2656910666001
222,7,4,categorization,0,livingroom,SHINEd_livingroom_048.tif,91,0.1,0.0666666666666667,1.53182056118254
222,8,4,categorization,0,livingroom,SHINEd_livingroom_052.tif,94,0.1,0.0666666666666667,1.80500869384286
222,9,4,categorization,0,bedroom,SHINEd_bedroom_118.tif,56,0.1,0.0666666666666667,0.917090009142566
222,10,4,categorization,0,bedroom,SHINEd_bedroom_068.tif,38,0.1,0.0666666666666667,1.69024972945921
222,11,4,categorization,0,bedroom,SHINEd_bedroom_098.tif,50,0.1,0.0666666666666667,1.08022622882199
222,12,4,categorization,0,livingroom,SHINEd_livingroom_055.tif,96,0.1,0.0666666666666667,1.3130680260754
222,13,4,categorization,0,livingroom,SHINEd_livingroom_024.tif,78,0.1,0.0666666666666667,1.8123823501833
222,14,4,categorization,0,bedroom,SHINEd_bedroom_106.tif,52,0.1,0.0666666666666667,1.3073680528477
222,15,4,categorization,0,bedroom,SHINEd_bedroom_120.tif,58,0.1,0.0666666666666667,1.15567971914985
222,16,4,categorization,0,bedroom,SHINEd_bedroom_045.tif,29,0.1,0.0666666666666667,0.876859787917063
222,17,4,categorization,0,bedroom,SHINEd_bedroom_086.tif,45,0.1,0.0666666666666667,0.941701400415056
222,18,4,categorization,0,livingroom,SHINEd_livingroom_028.tif,80,0.1,0.0666666666666667,0.765473453023653
222,19,4,categorization,0,bedroom,SHINEd_bedroom_009.tif,12,0.1,0.0666666666666667,0.885724927789345
222,20,4,categorization,0,bedroom,SHINEd_bedroom_089.tif,46,0.1,0.0666666666666667,0.753022498623914
222,21,4,categorization,0,bedroom,SHINEd_bedroom_029.tif,22,0.1,0.0666666666666667,1.96611720708704
222,22,4,categorization,0,bedroom,SHINEd_bedroom_041.tif,27,0.1,0.0666666666666667,1.89894457616571
222,23,4,categorization,0,bedroom,SHINEd_bedroom_032.tif,24,0.1,0.0666666666666667,1.56253381288537
222,24,4,categorization,0,bedroom,SHINEd_bedroom_052.tif,34,0.1,0.0666666666666667,1.4305682861295
222,25,4,categorization,0,bedroom,SHINEd_bedroom_085.tif,44,0.1,0.0666666666666667,1.81042960845116
222,26,4,categorization,0,livingroom,SHINEd_livingroom_018.tif,73,0.1,0.0666666666666667,0.883447671199885
222,27,4,categorization,0,livingroom,SHINEd_livingroom_088.tif,106,0.1,0.0666666666666667,0.785628398612834
222,28,4,categorization,0,bedroom,SHINEd_bedroom_125.tif,59,0.1,0.0666666666666667,1.29463477331652
222,29,4,categorization,0,bedroom,SHINEd_bedroom_014.tif,16,0.1,0.0666666666666667,1.88441460298979
222,30,4,categorization,0,bedroom,SHINEd_bedroom_012.tif,15,0.1,0.0666666666666667,1.26480050040306
222,31,4,categorization,0,livingroom,SHINEd_livingroom_050.tif,93,0.1,0.0666666666666667,1.4861130499706
222,32,4,categorization,0,livingroom,SHINEd_livingroom_072.tif,101,0.1,0.0666666666666667,1.00669447444035
222,33,4,categorization,0,livingroom,SHINEd_livingroom_049.tif,92,0.1,0.0666666666666667,0.881070762939746
222,34,4,categorization,0,bedroom,SHINEd_bedroom_023.tif,20,0.1,0.0666666666666667,1.63731027008748
222,35,4,categorization,0,bedroom,SHINEd_bedroom_112.tif,53,0.1,0.0666666666666667,0.845983434071624
222,36,4,categorization,0,bedroom,SHINEd_bedroom_036.tif,25,0.1,0.0666666666666667,1.32057713936453
222,37,4,categorization,0,livingroom,SHINEd_livingroom_025.tif,79,0.1,0.0666666666666667,1.37768582987236
222,38,4,categorization,0,livingroom,SHINEd_livingroom_039.tif,87,0.1,0.0666666666666667,1.69546504320675
222,39,4,categorization,0,livingroom,SHINEd_livingroom_62.tif,110,0.1,0.0666666666666667,1.9684571108561
222,40,4,categorization,0,bedroom,SHINEd_bedroom_046.tif,30,0.1,0.0666666666666667,0.936968774699819
222,41,4,categorization,0,bedroom,SHINEd_bedroom_030.tif,23,0.1,0.0666666666666667,0.871973090568628
222,42,4,categorization,0,livingroom,SHINEd_livingroom_029.tif,81,0.1,0.0666666666666667,0.830404268368829
222,43,4,categorization,0,livingroom,SHINEd_livingroom_010.tif,68,0.1,0.0666666666666667,1.36394424591533
222,44,4,categorization,0,bedroom,SHINEd_bedroom_074.tif,40,0.1,0.0666666666666667,1.87381635030003
222,45,4,categorization,0,livingroom,SHINEd_livingroom_006.tif,65,0.1,0.0666666666666667,1.61522586781087
222,46,4,categorization,0,bedroom,SHINEd_bedroom_097.tif,49,0.1,0.0666666666666667,1.06041271686212
222,47,4,categorization,0,livingroom,SHINEd_livingroom_081.tif,103,0.1,0.0666666666666667,0.822640294600651
222,48,4,categorization,0,bedroom,SHINEd_bedroom_067.tif,37,0.1,0.0666666666666667,1.3013909551909
222,49,4,categorization,0,bedroom,SHINEd_bedroom_051.tif,33,0.1,0.0666666666666667,0.812450784756409
222,50,4,categorization,0,bedroom,SHINEd_bedroom_119.tif,57,0.1,0.0666666666666667,0.998372875254117
222,1,5,categorization,0,livingroom,SHINEd_livingroom_025.tif,79,0.1,0.0666666666666667,1.83092590073928
222,2,5,categorization,0,livingroom,SHINEd_livingroom_008.tif,67,0.1,0.0666666666666667,1.67084613101227
222,3,5,categorization,0,bedroom,SHINEd_bedroom_012.tif,15,0.1,0.0666666666666667,1.16353269698362
222,4,5,categorization,0,bedroom,SHINEd_bedroom_085.tif,44,0.1,0.0666666666666667,0.913324739962742
222,5,5,categorization,0,bedroom,SHINEd_bedroom_016.tif,17,0.1,0.0666666666666667,0.801877411939335
222,6,5,categorization,0,livingroom,SHINEd_livingroom_087.tif,105,0.1,0.0666666666666667,1.14267230758839
222,7,5,categorization,0,bedroom,SHINEd_bedroom_041.tif,27,0.1,0.0666666666666667,1.11885456757903
222,8,5,categorization,0,bedroom,SHINEd_bedroom_097.tif,49,0.1,0.0666666666666667,1.073682544543
222,9,5,categorization,0,bedroom,SHINEd_bedroom_118.tif,56,0.1,0.0666666666666667,1.42193106414779
222,10,5,categorization,0,bedroom,SHINEd_bedroom_093.tif,48,0.1,0.0666666666666667,1.21926411658677
222,11,5,categorization,0,livingroom,SHINEd_livingroom_018.tif,73,0.1,0.0666666666666667,1.33452287230603
222,12,5,categorization,0,livingroom,SHINEd_livingroom_024.tif,78,0.1,0.0666666666666667,0.830233228727671
222,13,5,categorization,0,livingroom,SHINEd_livingroom_020.tif,75,0.1,0.0666666666666667,0.870038037126786
222,14,5,categorization,0,bedroom,SHINEd_bedroom_039.tif,26,0.1,0.0666666666666667,1.07678642914071
222,15,5,categorization,0,livingroom,SHINEd_livingroom_022.tif,76,0.1,0.0666666666666667,0.991597787617325
222,16,5,categorization,0,bedroom,SHINEd_bedroom_052.tif,34,0.1,0.0666666666666667,0.823446532017348
222,17,5,categorization,0,bedroom,SHINEd_bedroom_116.tif,55,0.1,0.0666666666666667,1.14494756413578
222,18,5,categorization,0,livingroom,SHINEd_livingroom_016.tif,72,0.1,0.0666666666666667,1.08555531008737
222,19,5,categorization,0,livingroom,SHINEd_livingroom_059.tif,98,0.1,0.0666666666666667,1.25073215534433
222,20,5,categorization,0,bedroom,SHINEd_bedroom_008.tif,11,0.1,0.0666666666666667,1.12743853125666
222,21,5,categorization,0,livingroom,SHINEd_livingroom_004.tif,63,0.1,0.0666666666666667,1.05072134465816
222,22,5,categorization,0,bedroom,SHINEd_bedroom_023.tif,20,0.1,0.0666666666666667,0.795548579849259
222,23,5,categorization,0,livingroom,SHINEd_livingroom_007.tif,66,0.1,0.0666666666666667,0.701652832112338
222,24,5,categorization,0,livingroom,SHINEd_livingroom_032.tif,84,0.1,0.0666666666666667,1.16779011865147
222,25,5,categorization,0,bedroom,SHINEd_bedroom_048.tif,32,0.1,0.0666666666666667,0.881117045535302
222,26,5,categorization,0,bedroom,SHINEd_bedroom_046.tif,30,0.1,0.0666666666666667,1.49077905085133
222,27,5,categorization,0,bedroom,SHINEd_bedroom_075.tif,41,0.1,0.0666666666666667,0.944436567892006
222,28,5,categorization,0,bedroom,SHINEd_bedroom_047.tif,31,0.1,0.0666666666666667,1.8293043023123
222,29,5,categorization,0,livingroom,SHINEd_livingroom_039.tif,87,0.1,0.0666666666666667,1.00437088506933
222,30,5,categorization,0,bedroom,SHINEd_bedroom_114.tif,54,0.1,0.0666666666666667,1.147578532287
222,31,5,categorization,0,livingroom,SHINEd_livingroom_014.tif,71,0.1,0.0666666666666667,0.783608147613213
222,32,5,categorization,0,livingroom,SHINEd_livingroom_019.tif,74,0.1,0.0666666666666667,1.10012865905021
222,33,5,categorization,0,bedroom,SHINEd_bedroom_126.tif,60,0.1,0.0666666666666667,1.8175559021066
222,34,5,categorization,0,bedroom,SHINEd_bedroom_011.tif,14,0.1,0.0666666666666667,1.80201651602595
222,35,5,categorization,0,livingroom,SHINEd_livingroom_012.tif,69,0.1,0.0666666666666667,1.2041425389669
222,36,5,categorization,0,livingroom,SHINEd_livingroom_081.tif,103,0.1,0.0666666666666667,1.13555398736869
222,37,5,categorization,0,bedroom,SHINEd_bedroom_119.tif,57,0.1,0.0666666666666667,0.92529721708862
222,38,5,categorization,0,livingroom,SHINEd_livingroom_005.tif,64,0.1,0.0666666666666667,0.99370999284166
222,39,5,categorization,0,livingroom,SHINEd_livingroom_043.tif,88,0.1,0.0666666666666667,1.40804509472604
222,40,5,categorization,0,livingroom,SHINEd_livingroom_049.tif,92,0.1,0.0666666666666667,1.69722606992554
222,41,5,categorization,0,bedroom,SHINEd_bedroom_099.tif,51,0.1,0.0666666666666667,1.33344785565682
222,42,5,categorization,0,bedroom,SHINEd_bedroom_069.tif,39,0.1,0.0666666666666667,0.91032115804211
222,43,5,categorization,0,bedroom,SHINEd_bedroom_067.tif,37,0.1,0.0666666666666667,1.22733534136669
222,44,5,categorization,0,livingroom,SHINEd_livingroom_030.tif,82,0.1,0.0666666666666667,0.797404870389573
222,45,5,categorization,0,bedroom,SHINEd_bedroom_080.tif,43,0.1,0.0666666666666667,1.4382007610219
222,46,5,categorization,0,bedroom,SHINEd_bedroom_025.tif,21,0.1,0.0666666666666667,1.03703650009255
222,47,5,categorization,0,bedroom,SHINEd_bedroom_018.tif,18,0.1,0.0666666666666667,1.95712607825986
222,48,5,categorization,0,livingroom,SHINEd_livingroom_057.tif,97,0.1,0.0666666666666667,1.26503907306975
222,49,5,categorization,0,livingroom,SHINEd_livingroom_62.tif,110,0.1,0.0666666666666667,0.780260208038465
222,50,5,categorization,0,livingroom,SHINEd_livingroom_028.tif,80,0.1,0.0666666666666667,0.773569667848837
222,1,6,categorization,0,livingroom,SHINEd_livingroom_073.tif,102,0.1,0.0666666666666667,0.877656913955029
222,2,6,categorization,0,bedroom,SHINEd_bedroom_029.tif,22,0.1,0.0666666666666667,1.02898367273642
222,3,6,categorization,0,livingroom,SHINEd_livingroom_036.tif,85,0.1,0.0666666666666667,1.20896888759429
222,4,6,categorization,0,livingroom,SHINEd_livingroom_029.tif,81,0.1,0.0666666666666667,0.925934680910738
222,5,6,categorization,0,bedroom,SHINEd_bedroom_089.tif,46,0.1,0.0666666666666667,1.02285872501267
222,6,6,categorization,0,bedroom,SHINEd_bedroom_106.tif,52,0.1,0.0666666666666667,0.93148866789644
222,7,6,categorization,0,livingroom,SHINEd_livingroom_037.tif,86,0.1,0.0666666666666667,0.969021009178675
222,8,6,categorization,0,bedroom,SHINEd_bedroom_120.tif,58,0.1,0.0666666666666667,1.09910829463846
222,9,6,categorization,0,bedroom,SHINEd_bedroom_062.tif,36,0.1,0.0666666666666667,1.09724014066101
222,10,6,categorization,0,bedroom,SHINEd_bedroom_079.tif,42,0.1,0.0666666666666667,1.16260401083902
222,11,6,categorization,0,bedroom,SHINEd_bedroom_042.tif,28,0.1,0.0666666666666667,1.81149094819367
222,12,6,categorization,0,livingroom,SHINEd_livingroom_023.tif,77,0.1,0.0666666666666667,0.757795292484551
222,13,6,categorization,0,livingroom,SHINEd_livingroom_001.tif,61,0.1,0.0666666666666667,1.22207250305861
222,14,6,categorization,0,bedroom,SHINEd_bedroom_014.tif,16,0.1,0.0666666666666667,0.977519328750935
222,15,6,categorization,0,bedroom,SHINEd_bedroom_010.tif,13,0.1,0.0666666666666667,0.907853336601813
222,16,6,categorization,0,livingroom,SHINEd_livingroom_090.tif,108,0.1,0.0666666666666667,0.771200768403594
222,17,6,categorization,0,bedroom,SHINEd_bedroom_045.tif,29,0.1,0.0666666666666667,0.704833784012095
222,18,6,categorization,0,livingroom,SHINEd_livingroom_048.tif,91,0.1,0.0666666666666667,1.06455511127719
222,19,6,categorization,0,livingroom,SHINEd_livingroom_003.tif,62,0.1,0.0666666666666667,0.86934031672625
222,20,6,categorization,0,livingroom,SHINEd_livingroom_031.tif,83,0.1,0.0666666666666667,1.82352673330373
222,21,6,categorization,0,bedroom,SHINEd_bedroom_098.tif,50,0.1,0.0666666666666667,0.881148160977066
222,22,6,categorization,0,livingroom,SHINEd_livingroom_052.tif,94,0.1,0.0666666666666667,1.65392735304367
222,23,6,categorization,0,bedroom,SHINEd_bedroom_020.tif,19,0.1,0.0666666666666667,0.900968528070371
222,24,6,categorization,0,livingroom,SHINEd_livingroom_006.tif,65,0.1,0.0666666666666667,1.06367562897669
222,25,6,categorization,0,livingroom,SHINEd_livingroom_050.tif,93,0.1,0.0666666666666667,1.68880784944882
222,26,6,categorization,0,bedroom,SHINEd_bedroom_056.tif,35,0.1,0.0666666666666667,0.968948109061185
222,27,6,categorization,0,livingroom,SHINEd_livingroom_068.tif,100,0.1,0.0666666666666667,1.11132192523566
222,28,6,categorization,0,livingroom,SHINEd_livingroom_054.tif,95,0.1,0.0666666666666667,1.29310074018108
222,29,6,categorization,0,livingroom,SHINEd_livingroom_047.tif,90,0.1,0.0666666666666667,1.44680350847148
222,30,6,categorization,0,livingroom,SHINEd_livingroom_010.tif,68,0.1,0.0666666666666667,1.70142456347473
222,31,6,categorization,0,bedroom,SHINEd_bedroom_074.tif,40,0.1,0.0666666666666667,0.796116451107842
222,32,6,categorization,0,bedroom,SHINEd_bedroom_009.tif,12,0.1,0.0666666666666667,1.06800162869332
222,33,6,categorization,0,livingroom,SHINEd_livingroom_055.tif,96,0.1,0.0666666666666667,1.39399441509009
222,34,6,categorization,0,bedroom,SHINEd_bedroom_112.tif,53,0.1,0.0666666666666667,1.09528103798623
222,35,6,categorization,0,livingroom,SHINEd_livingroom_060.tif,99,0.1,0.0666666666666667,1.05128700679133
222,36,6,categorization,0,bedroom,SHINEd_bedroom_086.tif,45,0.1,0.0666666666666667,0.905879494860267
222,37,6,categorization,0,livingroom,SHINEd_livingroom_083.tif,104,0.1,0.0666666666666667,0.899498094655219
222,38,6,categorization,0,bedroom,SHINEd_bedroom_125.tif,59,0.1,0.0666666666666667,1.82346183119662
222,39,6,categorization,0,bedroom,SHINEd_bedroom_030.tif,23,0.1,0.0666666666666667,1.6768646141998
222,40,6,categorization,0,livingroom,SHINEd_livingroom_013.tif,70,0.1,0.0666666666666667,1.89368726507737
222,41,6,categorization,0,bedroom,SHINEd_bedroom_068.tif,38,0.1,0.0666666666666667,1.15757800961766
222,42,6,categorization,0,livingroom,SHINEd_livingroom_088.tif,106,0.1,0.0666666666666667,1.07865203965073
222,43,6,categorization,0,livingroom,SHINEd_livingroom_046.tif,89,0.1,0.0666666666666667,0.852342958448254
222,44,6,categorization,0,livingroom,SHINEd_livingroom_089.tif,107,0.1,0.0666666666666667,1.03008054203426
222,45,6,categorization,0,bedroom,SHINEd_bedroom_051.tif,33,0.1,0.0666666666666667,1.94024171132029
222,46,6,categorization,0,bedroom,SHINEd_bedroom_090.tif,47,0.1,0.0666666666666667,1.46856941816573
222,47,6,categorization,0,livingroom,SHINEd_livingroom_072.tif,101,0.1,0.0666666666666667,1.56767151151795
222,48,6,categorization,0,bedroom,SHINEd_bedroom_036.tif,25,0.1,0.0666666666666667,1.8254963889234
222,49,6,categorization,0,bedroom,SHINEd_bedroom_032.tif,24,0.1,0.0666666666666667,1.27786751200732
222,50,6,categorization,0,livingroom,SHINEd_livingroom_092.tif,109,0.1,0.0666666666666667,0.836253891928748
222,1,7,categorization,0,livingroom,SHINEd_livingroom_060.tif,99,0.1,0.0666666666666667,0.807087348384962
222,2,7,categorization,0,bedroom,SHINEd_bedroom_089.tif,46,0.1,0.0666666666666667,1.91601312123442
222,3,7,categorization,0,livingroom,SHINEd_livingroom_012.tif,69,0.1,0.0666666666666667,0.99789295189338
222,4,7,categorization,0,livingroom,SHINEd_livingroom_025.tif,79,0.1,0.0666666666666667,1.86411039104699
222,5,7,categorization,0,bedroom,SHINEd_bedroom_008.tif,11,0.1,0.0666666666666667,1.54649340375961
222,6,7,categorization,0,bedroom,SHINEd_bedroom_023.tif,20,0.1,0.0666666666666667,0.767577094201195
222,7,7,categorization,0,livingroom,SHINEd_livingroom_037.tif,86,0.1,0.0666666666666667,1.90722140963802
222,8,7,categorization,0,livingroom,SHINEd_livingroom_072.tif,101,0.1,0.0666666666666667,1.25461742273818
222,9,7,categorization,0,livingroom,SHINEd_livingroom_054.tif,95,0.1,0.0666666666666667,1.31360585095426
222,10,7,categorization,0,livingroom,SHINEd_livingroom_049.tif,92,0.1,0.0666666666666667,1.66064425802177
222,11,7,categorization,0,livingroom,SHINEd_livingroom_090.tif,108,0.1,0.0666666666666667,1.75778948576727
222,12,7,categorization,0,livingroom,SHINEd_livingroom_088.tif,106,0.1,0.0666666666666667,1.41918543010899
222,13,7,categorization,0,livingroom,SHINEd_livingroom_018.tif,73,0.1,0.0666666666666667,1.46677193193491
222,14,7,categorization,0,bedroom,SHINEd_bedroom_041.tif,27,0.1,0.0666666666666667,1.03089633216713
222,15,7,categorization,0,bedroom,SHINEd_bedroom_018.tif,18,0.1,0.0666666666666667,0.855699869356393
222,16,7,categorization,0,bedroom,SHINEd_bedroom_030.tif,23,0.1,0.0666666666666667,0.930600664162345
222,17,7,categorization,0,bedroom,SHINEd_bedroom_052.tif,34,0.1,0.0666666666666667,1.32515505404499
222,18,7,categorization,0,livingroom,SHINEd_livingroom_005.tif,64,0.1,0.0666666666666667,0.859001064255875
222,19,7,categorization,0,bedroom,SHINEd_bedroom_125.tif,59,0.1,0.0666666666666667,0.720183698950143
222,20,7,categorization,0,bedroom,SHINEd_bedroom_029.tif,22,0.1,0.0666666666666667,1.12028933840929
222,21,7,categorization,0,bedroom,SHINEd_bedroom_032.tif,24,0.1,0.0666666666666667,1.1351890258991
222,22,7,categorization,0,bedroom,SHINEd_bedroom_009.tif,12,0.1,0.0666666666666667,1.91193555990595
222,23,7,categorization,0,bedroom,SHINEd_bedroom_051.tif,33,0.1,0.0666666666666667,1.43307214971341
222,24,7,categorization,0,livingroom,SHINEd_livingroom_055.tif,96,0.1,0.0666666666666667,1.24447243468582
222,25,7,categorization,0,bedroom,SHINEd_bedroom_025.tif,21,0.1,0.0666666666666667,1.26124726592214
222,26,7,categorization,0,bedroom,SHINEd_bedroom_098.tif,50,0.1,0.0666666666666667,0.705521985121651
222,27,7,categorization,0,bedroom,SHINEd_bedroom_119.tif,57,0.1,0.0666666666666667,1.10661921886334
222,28,7,categorization,0,bedroom,SHINEd_bedroom_036.tif,25,0.1,0.0666666666666667,1.59442998987078
222,29,7,categorization,0,bedroom,SHINEd_bedroom_097.tif,49,0.1,0.0666666666666667,1.64255767770484
222,30,7,categorization,0,livingroom,SHINEd_livingroom_014.tif,71,0.1,0.0666666666666667,1.39427637977883
222,31,7,categorization,0,bedroom,SHINEd_bedroom_011.tif,14,0.1,0.0666666666666667,1.1133152243766
222,32,7,categorization,0,bedroom,SHINEd_bedroom_112.tif,53,0.1,0.0666666666666667,1.71134541031143
222,33,7,categorization,0,bedroom,SHINEd_bedroom_016.tif,17,0.1,0.0666666666666667,1.04096535426843
222,34,7,categorization,0,livingroom,SHINEd_livingroom_024.tif,78,0.1,0.0666666666666667,0.705108387194629
222,35,7,categorization,0,bedroom,SHINEd_bedroom_074.tif,40,0.1,0.0666666666666667,1.19228376948675
222,36,7,categorization,0,livingroom,SHINEd_livingroom_007.tif,66,0.1,0.0666666666666667,1.37268798297497
222,37,7,categorization,0,bedroom,SHINEd_bedroom_116.tif,55,0.1,0.0666666666666667,1.63991239063299
222,38,7,categorization,0,livingroom,SHINEd_livingroom_028.tif,80,0.1,0.0666666666666667,0.964399756841986
222,39,7,categorization,0,livingroom,SHINEd_livingroom_023.tif,77,0.1,0.0666666666666667,1.2668761637856
222,40,7,categorization,0,bedroom,SHINEd_bedroom_014.tif,16,0.1,0.0666666666666667,1.67327434770912
222,41,7,categorization,0,bedroom,SHINEd_bedroom_056.tif,35,0.1,0.0666666666666667,1.32087046600598
222,42,7,categorization,0,livingroom,SHINEd_livingroom_020.tif,75,0.1,0.0666666666666667,0.967663019911427
222,43,7,categorization,0,livingroom,SHINEd_livingroom_004.tif,63,0.1,0.0666666666666667,1.69200193825155
222,44,7,categorization,0,bedroom,SHINEd_bedroom_086.tif,45,0.1,0.0666666666666667,0.817009578330634
222,45,7,categorization,0,bedroom,SHINEd_bedroom_075.tif,41,0.1,0.0666666666666667,0.776934551348814
222,46,7,categorization,0,livingroom,SHINEd_livingroom_019.tif,74,0.1,0.0666666666666667,1.14786917735501
222,47,7,categorization,0,livingroom,SHINEd_livingroom_016.tif,72,0.1,0.0666666666666667,1.13848795377347
222,48,7,categorization,0,livingroom,SHINEd_livingroom_029.tif,81,0.1,0.0666666666666667,1.04665067186401
222,49,7,categorization,0,bedroom,SHINEd_bedroom_080.tif,43,0.1,0.0666666666666667,1.64805353701301
222,50,7,categorization,0,bedroom,SHINEd_bedroom_120.tif,58,0.1,0.0666666666666667,1.03193696679913
222,1,8,categorization,0,bedroom,SHINEd_bedroom_114.tif,54,0.1,0.0666666666666667,0.731652558954343
222,2,8,categorization,0,livingroom,SHINEd_livingroom_048.tif,91,0.1,0.0666666666666667,0.733989380742852
222,3,8,categorization,0,bedroom,SHINEd_bedroom_085.tif,44,0.1,0.0666666666666667,1.54538941975733
222,4,8,categorization,0,livingroom,SHINEd_livingroom_043.tif,88,0.1,0.0666666666666667,1.01577443778149
222,5,8,categorization,0,livingroom,SHINEd_livingroom_047.tif,90,0.1,0.0666666666666667,1.12113257160953
222,6,8,categorization,0,livingroom,SHINEd_livingroom_008.tif,67,0.1,0.0666666666666667,1.32659759778065
222,7,8,categorization,0,livingroom,SHINEd_livingroom_073.tif,102,0.1,0.0666666666666667,1.64122350498383
222,8,8,categorization,0,livingroom,SHINEd_livingroom_031.tif,83,0.1,0.0666666666666667,1.63089380440896
222,9,8,categorization,0,livingroom,SHINEd_livingroom_030.tif,82,0.1,0.0666666666666667,0.767366337322684
222,10,8,categorization,0,bedroom,SHINEd_bedroom_099.tif,51,0.1,0.0666666666666667,1.7405543682341
222,11,8,categorization,0,bedroom,SHINEd_bedroom_012.tif,15,0.1,0.0666666666666667,0.798757095412283
222,12,8,categorization,0,bedroom,SHINEd_bedroom_046.tif,30,0.1,0.0666666666666667,1.20119478133752
222,13,8,categorization,0,livingroom,SHINEd_livingroom_052.tif,94,0.1,0.0666666666666667,1.73558147158813
222,14,8,categorization,0,bedroom,SHINEd_bedroom_068.tif,38,0.1,0.0666666666666667,1.46747064063623
222,15,8,categorization,0,bedroom,SHINEd_bedroom_079.tif,42,0.1,0.0666666666666667,1.74156407783242
222,16,8,categorization,0,livingroom,SHINEd_livingroom_057.tif,97,0.1,0.0666666666666667,0.865198177176881
222,17,8,categorization,0,bedroom,SHINEd_bedroom_106.tif,52,0.1,0.0666666666666667,1.13272131710302
222,18,8,categorization,0,livingroom,SHINEd_livingroom_092.tif,109,0.1,0.0666666666666667,0.795670446251271
222,19,8,categorization,0,bedroom,SHINEd_bedroom_048.tif,32,0.1,0.0666666666666667,0.738124446135869
222,20,8,categorization,0,bedroom,SHINEd_bedroom_045.tif,29,0.1,0.0666666666666667,1.08911588867039
222,21,8,categorization,0,bedroom,SHINEd_bedroom_118.tif,56,0.1,0.0666666666666667,1.30239882840375
222,22,8,categorization,0,bedroom,SHINEd_bedroom_042.tif,28,0.1,0.0666666666666667,1.11422672515147
222,23,8,categorization,0,bedroom,SHINEd_bedroom_020.tif,19,0.1,0.0666666666666667,1.14757030244318
222,24,8,categorization,0,livingroom,SHINEd_livingroom_046.tif,89,0.1,0.0666666666666667,0.997980553664161
222,25,8,categorization,0,bedroom,SHINEd_bedroom_047.tif,31,0.1,0.0666666666666667,0.738830502999944
222,26,8,categorization,0,bedroom,SHINEd_bedroom_062.tif,36,0.1,0.0666666666666667,0.752793829930023
222,27,8,categorization,0,livingroom,SHINEd_livingroom_059.tif,98,0.1,0.0666666666666667,0.735461782441427
222,28,8,categorization,0,livingroom,SHINEd_livingroom_089.tif,107,0.1,0.0666666666666667,0.982414915885745
222,29,8,categorization,0,bedroom,SHINEd_bedroom_090.tif,47,0.1,0.0666666666666667,1.55340845914695
222,30,8,categorization,0,livingroom,SHINEd_livingroom_022.tif,76,0.1,0.0666666666666667,1.17208392089527
222,31,8,categorization,0,livingroom,SHINEd_livingroom_083.tif,104,0.1,0.0666666666666667,1.23218968905077
222,32,8,categorization,0,livingroom,SHINEd_livingroom_006.tif,65,0.1,0.0666666666666667,1.37900336682226
222,33,8,categorization,0,bedroom,SHINEd_bedroom_010.tif,13,0.1,0.0666666666666667,1.35694368370911
222,34,8,categorization,0,livingroom,SHINEd_livingroom_62.tif,110,0.1,0.0666666666666667,1.66032303459695
222,35,8,categorization,0,livingroom,SHINEd_livingroom_013.tif,70,0.1,0.0666666666666667,1.00874170201107
222,36,8,categorization,0,livingroom,SHINEd_livingroom_087.tif,105,0.1,0.0666666666666667,1.14706144551649
222,37,8,categorization,0,livingroom,SHINEd_livingroom_010.tif,68,0.1,0.0666666666666667,1.08939099764945
222,38,8,categorization,0,bedroom,SHINEd_bedroom_067.tif,37,0.1,0.0666666666666667,0.705019437349369
222,39,8,categorization,0,livingroom,SHINEd_livingroom_036.tif,85,0.1,0.0666666666666667,0.792970684216898
222,40,8,categorization,0,livingroom,SHINEd_livingroom_081.tif,103,0.1,0.0666666666666667,1.58283628324105
222,41,8,categorization,0,livingroom,SHINEd_livingroom_050.tif,93,0.1,0.0666666666666667,1.87673944640597
222,42,8,categorization,0,livingroom,SHINEd_livingroom_039.tif,87,0.1,0.0666666666666667,1.13368970517608
222,43,8,categorization,0,bedroom,SHINEd_bedroom_069.tif,39,0.1,0.0666666666666667,0.809827470660268
222,44,8,categorization,0,livingroom,SHINEd_livingroom_001.tif,61,0.1,0.0666666666666667,0.984244683777133
222,45,8,categorization,0,bedroom,SHINEd_bedroom_126.tif,60,0.1,0.0666666666666667,0.710468599517751
222,46,8,categorization,0,livingroom,SHINEd_livingroom_003.tif,62,0.1,0.0666666666666667,0.860619844336013
222,47,8,categorization,0,bedroom,SHINEd_bedroom_039.tif,26,0.1,0.0666666666666667,1.34036379473411
222,48,8,categorization,0,livingroom,SHINEd_livingroom_032.tif,84,0.1,0.0666666666666667,0.77464041712262
222,49,8,categorization,0,livingroom,SHINEd_livingroom_068.tif,100,0.1,0.0666666666666667,1.12092872652943
222,50,8,categorization,0,bedroom,SHINEd_bedroom_093.tif,48,0.1,0.0666666666666667,0.764112686143234
222,1,9,categorization,0,livingroom,SHINEd_livingroom_018.tif,73,0.1,0.0666666666666667,0.771771312108758
222,2,9,categorization,0,livingroom,SHINEd_livingroom_003.tif,62,0.1,0.0666666666666667,0.827712383165379
222,3,9,categorization,0,livingroom,SHINEd_livingroom_090.tif,108,0.1,0.0666666666666667,0.740028976332266
222,4,9,categorization,0,livingroom,SHINEd_livingroom_055.tif,96,0.1,0.0666666666666667,0.874786787820808
222,5,9,categorization,0,livingroom,SHINEd_livingroom_014.tif,71,0.1,0.0666666666666667,1.04573823663742
222,6,9,categorization,0,livingroom,SHINEd_livingroom_008.tif,67,0.1,0.0666666666666667,1.20934005724372
222,7,9,categorization,0,bedroom,SHINEd_bedroom_046.tif,30,0.1,0.0666666666666667,1.01746655302208
222,8,9,categorization,0,bedroom,SHINEd_bedroom_020.tif,19,0.1,0.0666666666666667,1.09547632925964
222,9,9,categorization,0,bedroom,SHINEd_bedroom_056.tif,35,0.1,0.0666666666666667,1.07894900798166
222,10,9,categorization,0,livingroom,SHINEd_livingroom_049.tif,92,0.1,0.0666666666666667,1.7120852632943
222,11,9,categorization,0,livingroom,SHINEd_livingroom_083.tif,104,0.1,0.0666666666666667,1.04573529100899
222,12,9,categorization,0,bedroom,SHINEd_bedroom_042.tif,28,0.1,0.0666666666666667,0.73704979781212
222,13,9,categorization,0,bedroom,SHINEd_bedroom_051.tif,33,0.1,0.0666666666666667,0.773391173915622
222,14,9,categorization,0,livingroom,SHINEd_livingroom_036.tif,85,0.1,0.0666666666666667,1.01703424939707
222,15,9,categorization,0,livingroom,SHINEd_livingroom_006.tif,65,0.1,0.0666666666666667,1.10513851521498
222,16,9,categorization,0,livingroom,SHINEd_livingroom_043.tif,88,0.1,0.0666666666666667,1.058070754718
222,17,9,categorization,0,livingroom,SHINEd_livingroom_039.tif,87,0.1,0.0666666666666667,0.906871675856319
222,18,9,categorization,0,bedroom,SHINEd_bedroom_067.tif,37,0.1,0.0666666666666667,0.880589933324496
222,19,9,categorization,0,bedroom,SHINEd_bedroom_011.tif,14,0.1,0.0666666666666667,0.712039712654294
222,20,9,categorization,0,livingroom,SHINEd_livingroom_031.tif,83,0.1,0.0666666666666667,0.734267851653225
222,21,9,categorization,0,bedroom,SHINEd_bedroom_039.tif,26,0.1,0.0666666666666667,1.19080713712884
222,22,9,categorization,0,bedroom,SHINEd_bedroom_009.tif,12,0.1,0.0666666666666667,1.47128089086519
222,23,9,categorization,0,bedroom,SHINEd_bedroom_086.tif,45,0.1,0.0666666666666667,1.90303086274504
222,24,9,categorization,0,bedroom,SHINEd_bedroom_030.tif,23,0.1,0.0666666666666667,0.944589101856203
222,25,9,categorization,0,bedroom,SHINEd_bedroom_089.tif,46,0.1,0.0666666666666667,0.741906752133934
222,26,9,categorization,0,livingroom,SHINEd_livingroom_037.tif,86,0.1,0.0666666666666667,1.77293955672158
222,27,9,categorization,0,bedroom,SHINEd_bedroom_062.tif,36,0.1,0.0666666666666667,1.69603750664595
222,28,9,categorization,0,bedroom,SHINEd_bedroom_093.tif,48,0.1,0.0666666666666667,1.27657938610337
222,29,9,categorization,0,livingroom,SHINEd_livingroom_057.tif,97,0.1,0.0666666666666667,1.2157547675388
222,30,9,categorization,0,livingroom,SHINEd_livingroom_020.tif,75,0.1,0.0666666666666667,1.22538206919867
222,31,9,categorization,0,bedroom,SHINEd_bedroom_099.tif,51,0.1,0.0666666666666667,1.65456725644376
222,32,9,categorization,0,bedroom,SHINEd_bedroom_106.tif,52,0.1,0.0666666666666667,0.991605850104711
222,33,9,categorization,0,bedroom,SHINEd_bedroom_016.tif,17,0.1,0.0666666666666667,0.704655999826489
222,34,9,categorization,0,bedroom,SHINEd_bedroom_047.tif,31,0.1,0.0666666666666667,1.501014198178
222,35,9,categorization,0,bedroom,SHINEd_bedroom_097.tif,49,0.1,0.0666666666666667,1.17975047410012
222,36,9,categorization,0,bedroom,SHINEd_bedroom_010.tif,13,0.1,0.0666666666666667,1.60826410178527
222,37,9,categorization,0,livingroom,SHINEd_livingroom_047.tif,90,0.1,0.0666666666666667,1.0332908752883
222,38,9,categorization,0,livingroom,SHINEd_livingroom_092.tif,109,0.1,0.0666666666666667,0.723491394944691
222,39,9,categorization,0,livingroom,SHINEd_livingroom_032.tif,84,0.1,0.0666666666666667,1.461785211931
222,40,9,categorization,0,bedroom,SHINEd_bedroom_090.tif,47,0.1,0.0666666666666667,0.900373523371477
222,41,9,categorization,0,bedroom,SHINEd_bedroom_023.tif,20,0.1,0.0666666666666667,1.15120313843278
222,42,9,categorization,0,livingroom,SHINEd_livingroom_010.tif,68,0.1,0.0666666666666667,0.99416664317638
222,43,9,categorization,0,livingroom,SHINEd_livingroom_073.tif,102,0.1,0.0666666666666667,1.53948371504723
222,44,9,categorization,0,bedroom,SHINEd_bedroom_126.tif,60,0.1,0.0666666666666667,1.33519587010551
222,45,9,categorization,0,bedroom,SHINEd_bedroom_008.tif,11,0.1,0.0666666666666667,1.78666190654895
222,46,9,categorization,0,livingroom,SHINEd_livingroom_030.tif,82,0.1,0.0666666666666667,1.97360545171691
222,47,9,categorization,0,livingroom,SHINEd_livingroom_025.tif,79,0.1,0.0666666666666667,1.73112472443239
222,48,9,categorization,0,livingroom,SHINEd_livingroom_054.tif,95,0.1,0.0666666666666667,1.38083774164154
222,49,9,categorization,0,livingroom,SHINEd_livingroom_013.tif,70,0.1,0.0666666666666667,0.987737997566877
222,50,9,categorization,0,livingroom,SHINEd_livingroom_050.tif,93,0.1,0.0666666666666667,1.98371526438806
222,1,10,categorization,0,bedroom,SHINEd_bedroom_041.tif,27,0.1,0.0666666666666667,0.872338259188754
222,2,10,categorization,0,livingroom,SHINEd_livingroom_052.tif,94,0.1,0.0666666666666667,1.42603939547573
222,3,10,categorization,0,bedroom,SHINEd_bedroom_114.tif,54,0.1,0.0666666666666667,1.95632959731157
222,4,10,categorization,0,livingroom,SHINEd_livingroom_068.tif,100,0.1,0.0666666666666667,1.32006972698867
222,5,10,categorization,0,bedroom,SHINEd_bedroom_119.tif,57,0.1,0.0666666666666667,0.754816144710649
222,6,10,categorization,0,livingroom,SHINEd_livingroom_046.tif,89,0.1,0.0666666666666667,1.26350289223108
222,7,10,categorization,0,bedroom,SHINEd_bedroom_079.tif,42,0.1,0.0666666666666667,0.72675249083415
222,8,10,categorization,0,livingroom,SHINEd_livingroom_059.tif,98,0.1,0.0666666666666667,1.02622023789301
222,9,10,categorization,0,bedroom,SHINEd_bedroom_036.tif,25,0.1,0.0666666666666667,1.06708530138694
222,10,10,categorization,0,livingroom,SHINEd_livingroom_007.tif,66,0.1,0.0666666666666667,0.86282751420089
222,11,10,categorization,0,livingroom,SHINEd_livingroom_012.tif,69,0.1,0.0666666666666667,0.884212959151147
222,12,10,categorization,0,bedroom,SHINEd_bedroom_075.tif,41,0.1,0.0666666666666667,0.87501177653546
222,13,10,categorization,0,livingroom,SHINEd_livingroom_081.tif,103,0.1,0.0666666666666667,0.901883840880596
222,14,10,categorization,0,bedroom,SHINEd_bedroom_029.tif,22,0.1,0.0666666666666667,1.42550947690841
222,15,10,categorization,0,livingroom,SHINEd_livingroom_072.tif,101,0.1,0.0666666666666667,0.987749720232264
222,16,10,categorization,0,bedroom,SHINEd_bedroom_116.tif,55,0.1,0.0666666666666667,1.1066321935443
222,17,10,categorization,0,livingroom,SHINEd_livingroom_048.tif,91,0.1,0.0666666666666667,0.702280654006683
222,18,10,categorization,0,bedroom,SHINEd_bedroom_012.tif,15,0.1,0.0666666666666667,0.892330068450677
222,19,10,categorization,0,livingroom,SHINEd_livingroom_62.tif,110,0.1,0.0666666666666667,1.52204256507363
222,20,10,categorization,0,bedroom,SHINEd_bedroom_118.tif,56,0.1,0.0666666666666667,1.79626543773692
222,21,10,categorization,0,bedroom,SHINEd_bedroom_112.tif,53,0.1,0.0666666666666667,1.87126898214196
222,22,10,categorization,0,livingroom,SHINEd_livingroom_019.tif,74,0.1,0.0666666666666667,1.53220908992099
222,23,10,categorization,0,bedroom,SHINEd_bedroom_080.tif,43,0.1,0.0666666666666667,0.974191335666191
222,24,10,categorization,0,livingroom,SHINEd_livingroom_028.tif,80,0.1,0.0666666666666667,1.95396437834538
222,25,10,categorization,0,bedroom,SHINEd_bedroom_074.tif,40,0.1,0.0666666666666667,1.12999047716505
222,26,10,categorization,0,bedroom,SHINEd_bedroom_045.tif,29,0.1,0.0666666666666667,0.990372576608376
222,27,10,categorization,0,bedroom,SHINEd_bedroom_014.tif,16,0.1,0.0666666666666667,1.9971478101476
222,28,10,categorization,0,bedroom,SHINEd_bedroom_048.tif,32,0.1,0.0666666666666667,0.860297741885295
222,29,10,categorization,0,bedroom,SHINEd_bedroom_125.tif,59,0.1,0.0666666666666667,0.78038177686209
222,30,10,categorization,0,livingroom,SHINEd_livingroom_089.tif,107,0.1,0.0666666666666667,0.818339572409836
222,31,10,categorization,0,livingroom,SHINEd_livingroom_001.tif,61,0.1,0.0666666666666667,1.29077890360427
222,32,10,categorization,0,bedroom,SHINEd_bedroom_052.tif,34,0.1,0.0666666666666667,1.78730108608122
222,33,10,categorization,0,livingroom,SHINEd_livingroom_005.tif,64,0.1,0.0666666666666667,1.23506879666931
222,34,10,categorization,0,bedroom,SHINEd_bedroom_032.tif,24,0.1,0.0666666666666667,1.00675969366862
222,35,10,categorization,0,livingroom,SHINEd_livingroom_087.tif,105,0.1,0.0666666666666667,0.757587918906447
222,36,10,categorization,0,livingroom,SHINEd_livingroom_016.tif,72,0.1,0.0666666666666667,1.43067061297509
222,37,10,categorization,0,livingroom,SHINEd_livingroom_022.tif,76,0.1,0.0666666666666667,0.850285682621102
222,38,10,categorization,0,bedroom,SHINEd_bedroom_085.tif,44,0.1,0.0666666666666667,0.818674692285551
222,39,10,categorization,0,livingroom,SHINEd_livingroom_023.tif,77,0.1,0.0666666666666667,1.94120932575872
222,40,10,categorization,0,bedroom,SHINEd_bedroom_018.tif,18,0.1,0.0666666666666667,1.57837355776508
222,41,10,categorization,0,bedroom,SHINEd_bedroom_025.tif,21,0.1,0.0666666666666667,1.58426869701954
222,42,10,categorization,0,livingroom,SHINEd_livingroom_060.tif,99,0.1,0.0666666666666667,0.99492478945724
222,43,10,categorization,0,livingroom,SHINEd_livingroom_024.tif,78,0.1,0.0666666666666667,0.826548301628648
222,44,10,categorization,0,bedroom,SHINEd_bedroom_098.tif,50,0.1,0.0666666666666667,1.26188792747711
222,45,10,categorization,0,bedroom,SHINEd_bedroom_068.tif,38,0.1,0.0666666666666667,1.0121439930724
222,46,10,categorization,0,livingroom,SHINEd_livingroom_004.tif,63,0.1,0.0666666666666667,1.31552056252985
222,47,10,categorization,0,bedroom,SHINEd_bedroom_069.tif,39,0.1,0.0666666666666667,0.812540739654811
222,48,10,categorization,0,livingroom,SHINEd_livingroom_029.tif,81,0.1,0.0666666666666667,1.21564667058659
222,49,10,categorization,0,bedroom,SHINEd_bedroom_120.tif,58,0.1,0.0666666666666667,0.754486438001525
222,50,10,categorization,0,livingroom,SHINEd_livingroom_088.tif,106,0.1,0.0666666666666667,0.740400867921864
222,1,11,categorization,0,bedroom,SHINEd_bedroom_098.tif,50,0.1,0.0666666666666667,1.27666178076116
222,2,11,categorization,0,bedroom,SHINEd_bedroom_099.tif,51,0.1,0.0666666666666667,0.915567763913082
222,3,11,categorization,0,bedroom,SHINEd_bedroom_067.tif,37,0.1,0.0666666666666667,0.728244383383062
222,4,11,categorization,0,livingroom,SHINEd_livingroom_006.tif,65,0.1,0.0666666666666667,0.761179601641575
222,5,11,categorization,0,bedroom,SHINEd_bedroom_086.tif,45,0.1,0.0666666666666667,0.771664401902356
222,6,11,categorization,0,livingroom,SHINEd_livingroom_008.tif,67,0.1,0.0666666666666667,1.28720613449158
222,7,11,categorization,0,bedroom,SHINEd_bedroom_080.tif,43,0.1,0.0666666666666667,1.28060918302445
222,8,11,categorization,0,bedroom,SHINEd_bedroom_051.tif,33,0.1,0.0666666666666667,0.842477834722286
222,9,11,categorization,0,livingroom,SHINEd_livingroom_023.tif,77,0.1,0.0666666666666667,0.890714584433347
222,10,11,categorization,0,bedroom,SHINEd_bedroom_056.tif,35,0.1,0.0666666666666667,0.764647002679559
222,11,11,categorization,0,bedroom,SHINEd_bedroom_093.tif,48,0.1,0.0666666666666667,1.51183144026526
222,12,11,categorization,0,bedroom,SHINEd_bedroom_045.tif,29,0.1,0.0666666666666667,1.69201319207669
222,13,11,categorization,0,bedroom,SHINEd_bedroom_032.tif,24,0.1,0.0666666666666667,0.767669952957665
222,14,11,categorization,0,bedroom,SHINEd_bedroom_106.tif,52,0.1,0.0666666666666667,0.833786016981627
222,15,11,categorization,0,livingroom,SHINEd_livingroom_083.tif,104,0.1,0.0666666666666667,1.26737766320027
222,16,11,categorization,0,livingroom,SHINEd_livingroom_081.tif,103,0.1,0.0666666666666667,1.09974952556943
222,17,11,categorization,0,bedroom,SHINEd_bedroom_029.tif,22,0.1,0.0666666666666667,0.780422685708889
222,18,11,categorization,0,bedroom,SHINEd_bedroom_118.tif,56,0.1,0.0666666666666667,1.5151522500303
222,19,11,categorization,0,livingroom,SHINEd_livingroom_089.tif,107,0.1,0.0666666666666667,0.944818840820756
222,20,11,categorization,0,livingroom,SHINEd_livingroom_013.tif,70,0.1,0.0666666666666667,0.731286623970565
222,21,11,categorization,0,livingroom,SHINEd_livingroom_043.tif,88,0.1,0.0666666666666667,0.97515415898907
222,22,11,categorization,0,livingroom,SHINEd_livingroom_024.tif,78,0.1,0.0666666666666667,0.870919541766886
222,23,11,categorization,0,livingroom,SHINEd_livingroom_087.tif,105,0.1,0.0666666666666667,1.1178912803217
222,24,11,categorization,0,bedroom,SHINEd_bedroom_041.tif,27,0.1,0.0666666666666667,1.7849232173511
222,25,11,categorization,0,bedroom,SHINEd_bedroom_030.tif,23,0.1,0.0666666666666667,1.27797713764267
222,26,11,categorization,0,bedroom,SHINEd_bedroom_011.tif,14,0.1,0.0666666666666667,1.2709971469264
222,27,11,categorization,0,livingroom,SHINEd_livingroom_090.tif,108,0.1,0.0666666666666667,1.01763188819543
222,28,11,categorization,0,livingroom,SHINEd_livingroom_014.tif,71,0.1,0.0666666666666667,1.49953497435227
222,29,11,categorization,0,bedroom,SHINEd_bedroom_097.tif,49,0.1,0.0666666666666667,1.24047540486092
222,30,11,categorization,0,livingroom,SHINEd_livingroom_029.tif,81,0.1,0.0666666666666667,0.790639412006248
222,31,11,categorization,0,livingroom,SHINEd_livingroom_057.tif,97,0.1,0.0666666666666667,0.771189969286694
222,32,11,categorization,0,livingroom,SHINEd_livingroom_046.tif,89,0.1,0.0666666666666667,1.79633599231664
222,33,11,categorization,0,bedroom,SHINEd_bedroom_085.tif,44,0.1,0.0666666666666667,1.09023047959852
222,34,11,categorization,0,bedroom,SHINEd_bedroom_126.tif,60,0.1,0.0666666666666667,1.09634910858586
222,35,11,categorization,0,livingroom,SHINEd_livingroom_055.tif,96,0.1,0.0666666666666667,1.81887992831032
222,36,11,categorization,0,livingroom,SHINEd_livingroom_019.tif,74,0.1,0.0666666666666667,0.962112655179946
222,37,11,categorization,0,bedroom,SHINEd_bedroom_036.tif,25,0.1,0.0666666666666667,0.874965399544283
222,38,11,categorization,0,bedroom,SHINEd_bedroom_020.tif,19,0.1,0.0666666666666667,0.940613473479558
222,39,11,categorization,0,livingroom,SHINEd_livingroom_018.tif,73,0.1,0.0666666666666667,1.34430275210923
222,40,11,categorization,0,bedroom,SHINEd_bedroom_025.tif,21,0.1,0.0666666666666667,1.75331303298615
222,41,11,categorization,0,livingroom,SHINEd_livingroom_005.tif,64,0.1,0.0666666666666667,1.19097540686281
222,42,11,categorization,0,livingroom,SHINEd_livingroom_022.tif,76,0.1,0.0666666666666667,1.21656126336751
222,43,11,categorization,0,livingroom,SHINEd_livingroom_073.tif,102,0.1,0.0666666666666667,0.98469864754512
222,44,11,categorization,0,livingroom,SHINEd_livingroom_059.tif,98,0.1,0.0666666666666667,1.41673950985158
222,45,11,categorization,0,bedroom,SHINEd_bedroom_014.tif,16,0.1,0.0666666666666667,1.06088593931494
222,46,11,categorization,0,bedroom,SHINEd_bedroom_068.tif,38,0.1,0.0666666666666667,1.56840623753258
222,47,11,categorization,0,livingroom,SHINEd_livingroom_030.tif,82,0.1,0.0666666666666667,1.15928943824074
222,48,11,categorization,0,bedroom,SHINEd_bedroom_090.tif,47,0.1,0.0666666666666667,0.847441889772966
222,49,11,categorization,0,livingroom,SHINEd_livingroom_072.tif,101,0.1,0.0666666666666667,0.796649880593699
222,50,11,categorization,0,livingroom,SHINEd_livingroom_036.tif,85,0.1,0.0666666666666667,0.814194947582042
222,1,12,categorization,0,livingroom,SHINEd_livingroom_010.tif,68,0.1,0.0666666666666667,1.16058835503537
222,2,12,categorization,0,livingroom,SHINEd_livingroom_060.tif,99,0.1,0.0666666666666667,1.05930489674787
222,3,12,categorization,0,livingroom,SHINEd_livingroom_001.tif,61,0.1,0.0666666666666667,1.12779790480694
222,4,12,categorization,0,bedroom,SHINEd_bedroom_116.tif,55,0.1,0.0666666666666667,0.718794991270151
222,5,12,categorization,0,livingroom,SHINEd_livingroom_62.tif,110,0.1,0.0666666666666667,1.2036734492257
222,6,12,categorization,0,bedroom,SHINEd_bedroom_012.tif,15,0.1,0.0666666666666667,0.87965297164646
222,7,12,categorization,0,bedroom,SHINEd_bedroom_079.tif,42,0.1,0.0666666666666667,1.62100124192204
222,8,12,categorization,0,bedroom,SHINEd_bedroom_114.tif,54,0.1,0.0666666666666667,1.5269866127339
222,9,12,categorization,0,bedroom,SHINEd_bedroom_075.tif,41,0.1,0.0666666666666667,0.948509352979359
222,10,12,categorization,0,bedroom,SHINEd_bedroom_125.tif,59,0.1,0.0666666666666667,1.14160050555156
222,11,12,categorization,0,livingroom,SHINEd_livingroom_052.tif,94,0.1,0.0666666666666667,1.07225319910373
222,12,12,categorization,0,bedroom,SHINEd_bedroom_023.tif,20,0.1,0.0666666666666667,0.710929753689447
222,13,12,categorization,0,bedroom,SHINEd_bedroom_048.tif,32,0.1,0.0666666666666667,0.880179027712685
222,14,12,categorization,0,livingroom,SHINEd_livingroom_007.tif,66,0.1,0.0666666666666667,1.05078819086389
222,15,12,categorization,0,bedroom,SHINEd_bedroom_112.tif,53,0.1,0.0666666666666667,1.03025529994621
222,16,12,categorization,0,livingroom,SHINEd_livingroom_004.tif,63,0.1,0.0666666666666667,1.23766779078575
222,17,12,categorization,0,bedroom,SHINEd_bedroom_062.tif,36,0.1,0.0666666666666667,1.10896138442631
222,18,12,categorization,0,bedroom,SHINEd_bedroom_052.tif,34,0.1,0.0666666666666667,0.723189616047456
222,19,12,categorization,0,livingroom,SHINEd_livingroom_054.tif,95,0.1,0.0666666666666667,0.713035306197128
222,20,12,categorization,0,livingroom,SHINEd_livingroom_003.tif,62,0.1,0.0666666666666667,1.99917762594124
222,21,12,categorization,0,bedroom,SHINEd_bedroom_042.tif,28,0.1,0.0666666666666667,0.887025361228545
222,22,12,categorization,0,livingroom,SHINEd_livingroom_039.tif,87,0.1,0.0666666666666667,1.21506287010505
222,23,12,categorization,0,livingroom,SHINEd_livingroom_092.tif,109,0.1,0.0666666666666667,1.2526917271
222,24,12,categorization,0,bedroom,SHINEd_bedroom_046.tif,30,0.1,0.0666666666666667,1.00488486085624
222,25,12,categorization,0,livingroom,SHINEd_livingroom_025.tif,79,0.1,0.0666666666666667,1.52488369110559
222,26,12,categorization,0,livingroom,SHINEd_livingroom_048.tif,91,0.1,0.0666666666666667,0.72348665166629
222,27,12,categorization,0,livingroom,SHINEd_livingroom_020.tif,75,0.1,0.0666666666666667,0.815207588984276
222,28,12,categorization,0,bedroom,SHINEd_bedroom_120.tif,58,0.1,0.0666666666666667,1.4579574014192
222,29,12,categorization,0,livingroom,SHINEd_livingroom_037.tif,86,0.1,0.0666666666666667,1.35501930490484
222,30,12,categorization,0,livingroom,SHINEd_livingroom_028.tif,80,0.1,0.0666666666666667,1.53870990648195
222,31,12,categorization,0,livingroom,SHINEd_livingroom_047.tif,90,0.1,0.0666666666666667,0.805214225504246
222,32,12,categorization,0,livingroom,SHINEd_livingroom_032.tif,84,0.1,0.0666666666666667,0.729011980674402
222,33,12,categorization,0,bedroom,SHINEd_bedroom_016.tif,17,0.1,0.0666666666666667,1.57309799646486
222,34,12,categorization,0,bedroom,SHINEd_bedroom_039.tif,26,0.1,0.0666666666666667,0.702060013937375
222,35,12,categorization,0,livingroom,SHINEd_livingroom_031.tif,83,0.1,0.0666666666666667,1.39171466015557
222,36,12,categorization,0,bedroom,SHINEd_bedroom_008.tif,11,0.1,0.0666666666666667,1.02107598146572
222,37,12,categorization,0,bedroom,SHINEd_bedroom_074.tif,40,0.1,0.0666666666666667,1.35189024830639
222,38,12,categorization,0,livingroom,SHINEd_livingroom_049.tif,92,0.1,0.0666666666666667,1.15616678884837
222,39,12,categorization,0,bedroom,SHINEd_bedroom_069.tif,39,0.1,0.0666666666666667,1.48402819179023
222,40,12,categorization,0,livingroom,SHINEd_livingroom_016.tif,72,0.1,0.0666666666666667,0.877869668721009
222,41,12,categorization,0,bedroom,SHINEd_bedroom_119.tif,57,0.1,0.0666666666666667,1.06220262061041
222,42,12,categorization,0,bedroom,SHINEd_bedroom_089.tif,46,0.1,0.0666666666666667,1.13025922767468
222,43,12,categorization,0,livingroom,SHINEd_livingroom_050.tif,93,0.1,0.0666666666666667,1.30930002642388
222,44,12,categorization,0,bedroom,SHINEd_bedroom_009.tif,12,0.1,0.0666666666666667,1.85374317148041
222,45,12,categorization,0,livingroom,SHINEd_livingroom_012.tif,69,0.1,0.0666666666666667,0.920173704934269
222,46,12,categorization,0,bedroom,SHINEd_bedroom_018.tif,18,0.1,0.0666666666666667,0.977356037386566
222,47,12,categorization,0,bedroom,SHINEd_bedroom_047.tif,31,0.1,0.0666666666666667,1.16443167283038
222,48,12,categorization,0,livingroom,SHINEd_livingroom_088.tif,106,0.1,0.0666666666666667,0.868109537791318
222,49,12,categorization,0,bedroom,SHINEd_bedroom_010.tif,13,0.1,0.0666666666666667,1.10028393759498
222,50,12,categorization,0,livingroom,SHINEd_livingroom_068.tif,100,0.1,0.0666666666666667,1.5349798652728
222,1,13,categorization,0,livingroom,SHINEd_livingroom_013.tif,70,0.1,0.0666666666666667,0.806024451524889
222,2,13,categorization,0,bedroom,SHINEd_bedroom_046.tif,30,0.1,0.0666666666666667,0.801582414920424
222,3,13,categorization,0,livingroom,SHINEd_livingroom_014.tif,71,0.1,0.0666666666666667,1.89170048063189
222,4,13,categorization,0,bedroom,SHINEd_bedroom_018.tif,18,0.1,0.0666666666666667,1.36131729795788
222,5,13,categorization,0,bedroom,SHINEd_bedroom_011.tif,14,0.1,0.0666666666666667,1.89015469633781
222,6,13,categorization,0,livingroom,SHINEd_livingroom_048.tif,91,0.1,0.0666666666666667,1.25125238301648
222,7,13,categorization,0,bedroom,SHINEd_bedroom_067.tif,37,0.1,0.0666666666666667,1.02406416428893
222,8,13,categorization,0,livingroom,SHINEd_livingroom_081.tif,103,0.1,0.0666666666666667,1.03914317973777
222,9,13,categorization,0,bedroom,SHINEd_bedroom_062.tif,36,0.1,0.0666666666666667,0.727697692304708
222,10,13,categorization,0,livingroom,SHINEd_livingroom_049.tif,92,0.1,0.0666666666666667,1.77868097117587
222,11,13,categorization,0,bedroom,SHINEd_bedroom_029.tif,22,0.1,0.0666666666666667,0.985718810845581
222,12,13,categorization,0,bedroom,SHINEd_bedroom_045.tif,29,0.1,0.0666666666666667,1.64044554684229
222,13,13,categorization,0,livingroom,SHINEd_livingroom_046.tif,89,0.1,0.0666666666666667,1.71236723958617
222,14,13,categorization,0,livingroom,SHINEd_livingroom_030.tif,82,0.1,0.0666666666666667,0.786761577222958
222,15,13,categorization,0,livingroom,SHINEd_livingroom_054.tif,95,0.1,0.0666666666666667,1.30551344892813
222,16,13,categorization,0,bedroom,SHINEd_bedroom_074.tif,40,0.1,0.0666666666666667,0.894945388113086
222,17,13,categorization,0,livingroom,SHINEd_livingroom_059.tif,98,0.1,0.0666666666666667,0.721943485725654
222,18,13,categorization,0,livingroom,SHINEd_livingroom_055.tif,96,0.1,0.0666666666666667,0.734707231034664
222,19,13,categorization,0,livingroom,SHINEd_livingroom_072.tif,101,0.1,0.0666666666666667,0.972288863199761
222,20,13,categorization,0,bedroom,SHINEd_bedroom_099.tif,51,0.1,0.0666666666666667,1.09710525532794
222,21,13,categorization,0,livingroom,SHINEd_livingroom_62.tif,110,0.1,0.0666666666666667,1.17390463890366
222,22,13,categorization,0,livingroom,SHINEd_livingroom_043.tif,88,0.1,0.0666666666666667,1.76893363277636
222,23,13,categorization,0,bedroom,SHINEd_bedroom_118.tif,56,0.1,0.0666666666666667,1.16425558059077
222,24,13,categorization,0,bedroom,SHINEd_bedroom_106.tif,52,0.1,0.0666666666666667,0.927720556206484
222,25,13,categorization,0,livingroom,SHINEd_livingroom_019.tif,74,0.1,0.0666666666666667,1.23800718975049
222,26,13,categorization,0,livingroom,SHINEd_livingroom_001.tif,61,0.1,0.0666666666666667,0.81425062616956
222,27,13,categorization,0,bedroom,SHINEd_bedroom_012.tif,15,0.1,0.0666666666666667,1.751327080578
222,28,13,categorization,0,bedroom,SHINEd_bedroom_068.tif,38,0.1,0.0666666666666667,1.46008401169276
222,29,13,categorization,0,bedroom,SHINEd_bedroom_056.tif,35,0.1,0.0666666666666667,0.707199916151678
222,30,13,categorization,0,livingroom,SHINEd_livingroom_024.tif,78,0.1,0.0666666666666667,0.947522124283419
222,31,13,categorization,0,livingroom,SHINEd_livingroom_092.tif,109,0.1,0.0666666666666667,1.08742167185823
222,32,13,categorization,0,livingroom,SHINEd_livingroom_060.tif,99,0.1,0.0666666666666667,1.42124778964787
222,33,13,categorization,0,livingroom,SHINEd_livingroom_039.tif,87,0.1,0.0666666666666667,1.88904498036196
222,34,13,categorization,0,livingroom,SHINEd_livingroom_057.tif,97,0.1,0.0666666666666667,1.45532873517088
222,35,13,categorization,0,bedroom,SHINEd_bedroom_120.tif,58,0.1,0.0666666666666667,0.773948723239614
222,36,13,categorization,0,bedroom,SHINEd_bedroom_030.tif,23,0.1,0.0666666666666667,1.90072291397709
222,37,13,categorization,0,bedroom,SHINEd_bedroom_090.tif,47,0.1,0.0666666666666667,0.799445552240757
222,38,13,categorization,0,livingroom,SHINEd_livingroom_007.tif,66,0.1,0.0666666666666667,1.98614552992073
222,39,13,categorization,0,bedroom,SHINEd_bedroom_025.tif,21,0.1,0.0666666666666667,1.22106506725704
222,40,13,categorization,0,bedroom,SHINEd_bedroom_085.tif,44,0.1,0.0666666666666667,0.862875687584993
222,41,13,categorization,0,livingroom,SHINEd_livingroom_089.tif,107,0.1,0.0666666666666667,0.766014796049494
222,42,13,categorization,0,livingroom,SHINEd_livingroom_036.tif,85,0.1,0.0666666666666667,1.31054594078277
222,43,13,categorization,0,bedroom,SHINEd_bedroom_114.tif,54,0.1,0.0666666666666667,1.48146562668415
222,44,13,categorization,0,livingroom,SHINEd_livingroom_004.tif,63,0.1,0.0666666666666667,1.6974489372701
222,45,13,categorization,0,livingroom,SHINEd_livingroom_088.tif,106,0.1,0.0666666666666667,1.53117243359506
222,46,13,categorization,0,bedroom,SHINEd_bedroom_008.tif,11,0.1,0.0666666666666667,1.27472604264847
222,47,13,categorization,0,livingroom,SHINEd_livingroom_052.tif,94,0.1,0.0666666666666667,1.24785475202724
222,48,13,categorization,0,livingroom,SHINEd_livingroom_005.tif,64,0.1,0.0666666666666667,0.726874794576768
222,49,13,categorization,0,bedroom,SHINEd_bedroom_052.tif,34,0.1,0.0666666666666667,0.966171193631223
222,50,13,categorization,0,livingroom,SHINEd_livingroom_028.tif,80,0.1,0.0666666666666667,0.758029112234849
222,1,14,categorization,0,livingroom,SHINEd_livingroom_029.tif,81,0.1,0.0666666666666667,0.807683303345113
222,2,14,categorization,0,bedroom,SHINEd_bedroom_080.tif,43,0.1,0.0666666666666667,0.717349773844702
222,3,14,categorization,0,livingroom,SHINEd_livingroom_025.tif,79,0.1,0.0666666666666667,1.37715909099913
222,4,14,categorization,0,bedroom,SHINEd_bedroom_036.tif,25,0.1,0.0666666666666667,1.85559641313665
222,5,14,categorization,0,livingroom,SHINEd_livingroom_032.tif,84,0.1,0.0666666666666667,0.872826088233329
222,6,14,categorization,0,bedroom,SHINEd_bedroom_086.tif,45,0.1,0.0666666666666667,0.903439719854141
222,7,14,categorization,0,livingroom,SHINEd_livingroom_008.tif,67,0.1,0.0666666666666667,0.961856812328564
222,8,14,categorization,0,livingroom,SHINEd_livingroom_016.tif,72,0.1,0.0666666666666667,1.66935303120071
222,9,14,categorization,0,bedroom,SHINEd_bedroom_097.tif,49,0.1,0.0666666666666667,0.982875872054064
222,10,14,categorization,0,bedroom,SHINEd_bedroom_116.tif,55,0.1,0.0666666666666667,1.88628272945066
222,11,14,categorization,0,livingroom,SHINEd_livingroom_003.tif,62,0.1,0.0666666666666667,0.801042021865253
222,12,14,categorization,0,bedroom,SHINEd_bedroom_020.tif,19,0.1,0.0666666666666667,1.90839554762825
222,13,14,categorization,0,bedroom,SHINEd_bedroom_032.tif,24,0.1,0.0666666666666667,0.826401072435797
222,14,14,categorization,0,bedroom,SHINEd_bedroom_098.tif,50,0.1,0.0666666666666667,1.25188748748005
222,15,14,categorization,0,livingroom,SHINEd_livingroom_010.tif,68,0.1,0.0666666666666667,1.86643779127273
222,16,14,categorization,0,bedroom,SHINEd_bedroom_016.tif,17,0.1,0.0666666666666667,1.47066037513084
222,17,14,categorization,0,bedroom,SHINEd_bedroom_010.tif,13,0.1,0.0666666666666667,1.70293251324844
222,18,14,categorization,0,bedroom,SHINEd_bedroom_079.tif,42,0.1,0.0666666666666667,1.45033983997864
222,19,14,categorization,0,bedroom,SHINEd_bedroom_048.tif,32,0.1,0.0666666666666667,0.920561065382316
222,20,14,categorization,0,livingroom,SHINEd_livingroom_022.tif,76,0.1,0.0666666666666667,1.03393763857293
222,21,14,categorization,0,bedroom,SHINEd_bedroom_125.tif,59,0.1,0.0666666666666667,1.57199082129886
222,22,14,categorization,0,bedroom,SHINEd_bedroom_089.tif,46,0.1,0.0666666666666667,0.703527880323016
222,23,14,categorization,0,bedroom,SHINEd_bedroom_119.tif,57,0.1,0.0666666666666667,1.95531301255943
222,24,14,categorization,0,bedroom,SHINEd_bedroom_112.tif,53,0.1,0.0666666666666667,0.900247020772507
222,25,14,categorization,0,livingroom,SHINEd_livingroom_006.tif,65,0.1,0.0666666666666667,1.24002324713232
222,26,14,categorization,0,livingroom,SHINEd_livingroom_031.tif,83,0.1,0.0666666666666667,1.66504630025437
222,27,14,categorization,0,livingroom,SHINEd_livingroom_073.tif,102,0.1,0.0666666666666667,0.980456556488164
222,28,14,categorization,0,bedroom,SHINEd_bedroom_093.tif,48,0.1,0.0666666666666667,1.26978976944808
222,29,14,categorization,0,livingroom,SHINEd_livingroom_023.tif,77,0.1,0.0666666666666667,1.26677913518852
222,30,14,categorization,0,bedroom,SHINEd_bedroom_023.tif,20,0.1,0.0666666666666667,1.01013829750477
222,31,14,categorization,0,bedroom,SHINEd_bedroom_042.tif,28,0.1,0.0666666666666667,1.02961896518051
222,32,14,categorization,0,livingroom,SHINEd_livingroom_047.tif,90,0.1,0.0666666666666667,1.22097430595195
222,33,14,categorization,0,bedroom,SHINEd_bedroom_047.tif,31,0.1,0.0666666666666667,0.902681557544307
222,34,14,categorization,0,bedroom,SHINEd_bedroom_014.tif,16,0.1,0.0666666666666667,1.4738769685432
222,35,14,categorization,0,bedroom,SHINEd_bedroom_009.tif,12,0.1,0.0666666666666667,1.08748207873324
222,36,14,categorization,0,bedroom,SHINEd_bedroom_041.tif,27,0.1,0.0666666666666667,1.30742815079092
222,37,14,categorization,0,bedroom,SHINEd_bedroom_126.tif,60,0.1,0.0666666666666667,1.12982467468944
222,38,14,categorization,0,bedroom,SHINEd_bedroom_039.tif,26,0.1,0.0666666666666667,1.07555370923172
222,39,14,categorization,0,livingroom,SHINEd_livingroom_090.tif,108,0.1,0.0666666666666667,1.65399457874041
222,40,14,categorization,0,bedroom,SHINEd_bedroom_051.tif,33,0.1,0.0666666666666667,0.884985703135658
222,41,14,categorization,0,livingroom,SHINEd_livingroom_083.tif,104,0.1,0.0666666666666667,1.03991603976467
222,42,14,categorization,0,bedroom,SHINEd_bedroom_075.tif,41,0.1,0.0666666666666667,0.717947069530975
222,43,14,categorization,0,bedroom,SHINEd_bedroom_069.tif,39,0.1,0.0666666666666667,1.19040603378126
222,44,14,categorization,0,livingroom,SHINEd_livingroom_050.tif,93,0.1,0.0666666666666667,0.717445718747298
222,45,14,categorization,0,livingroom,SHINEd_livingroom_037.tif,86,0.1,0.0666666666666667,1.13672111696496
222,46,14,categorization,0,livingroom,SHINEd_livingroom_012.tif,69,0.1,0.0666666666666667,0.923884609629486
222,47,14,categorization,0,livingroom,SHINEd_livingroom_068.tif,100,0.1,0.0666666666666667,1.66837199352508
222,48,14,categorization,0,livingroom,SHINEd_livingroom_087.tif,105,0.1,0.0666666666666667,1.78033064136196
222,49,14,categorization,0,livingroom,SHINEd_livingroom_018.tif,73,0.1,0.0666666666666667,1.01282589119226
222,50,14,categorization,0,livingroom,SHINEd_livingroom_020.tif,75,0.1,0.0666666666666667,1.40507275693277
222,1,15,categorization,0,bedroom,SHINEd_bedroom_120.tif,58,0.1,0.0666666666666667,1.32479756025986
222,2,15,categorization,0,bedroom,SHINEd_bedroom_025.tif,21,0.1,0.0666666666666667,1.51115272174583
222,3,15,categorization,0,bedroom,SHINEd_bedroom_045.tif,29,0.1,0.0666666666666667,1.91779819439443
222,4,15,categorization,0,livingroom,SHINEd_livingroom_016.tif,72,0.1,0.0666666666666667,1.21326161270736
222,5,15,categorization,0,livingroom,SHINEd_livingroom_006.tif,65,0.1,0.0666666666666667,1.1115545702754
222,6,15,categorization,0,bedroom,SHINEd_bedroom_036.tif,25,0.1,0.0666666666666667,1.18324596730891
222,7,15,categorization,0,livingroom,SHINEd_livingroom_054.tif,95,0.1,0.0666666666666667,1.70732109888302
222,8,15,categorization,0,livingroom,SHINEd_livingroom_049.tif,92,0.1,0.0666666666666667,0.934595233137082
222,9,15,categorization,0,livingroom,SHINEd_livingroom_028.tif,80,0.1,0.0666666666666667,0.924751611234436
222,10,15,categorization,0,livingroom,SHINEd_livingroom_004.tif,63,0.1,0.0666666666666667,0.872130177029147
222,11,15,categorization,0,bedroom,SHINEd_bedroom_032.tif,24,0.1,0.0666666666666667,0.877512156537668
222,12,15,categorization,0,livingroom,SHINEd_livingroom_001.tif,61,0.1,0.0666666666666667,1.44358858153225
222,13,15,categorization,0,bedroom,SHINEd_bedroom_018.tif,18,0.1,0.0666666666666667,0.762656701520635
222,14,15,categorization,0,livingroom,SHINEd_livingroom_073.tif,102,0.1,0.0666666666666667,1.1137354114432
222,15,15,categorization,0,bedroom,SHINEd_bedroom_046.tif,30,0.1,0.0666666666666667,1.51993643562713
222,16,15,categorization,0,bedroom,SHINEd_bedroom_112.tif,53,0.1,0.0666666666666667,0.91295178510635
222,17,15,categorization,0,livingroom,SHINEd_livingroom_057.tif,97,0.1,0.0666666666666667,0.791570573042905
222,18,15,categorization,0,livingroom,SHINEd_livingroom_090.tif,108,0.1,0.0666666666666667,1.8368177973939
222,19,15,categorization,0,bedroom,SHINEd_bedroom_069.tif,39,0.1,0.0666666666666667,1.60135931402312
222,20,15,categorization,0,bedroom,SHINEd_bedroom_047.tif,31,0.1,0.0666666666666667,0.972984059453354
222,21,15,categorization,0,livingroom,SHINEd_livingroom_072.tif,101,0.1,0.0666666666666667,1.36436549461136
222,22,15,categorization,0,livingroom,SHINEd_livingroom_092.tif,109,0.1,0.0666666666666667,1.76036275515656
222,23,15,categorization,0,livingroom,SHINEd_livingroom_059.tif,98,0.1,0.0666666666666667,0.73068067068649
222,24,15,categorization,0,livingroom,SHINEd_livingroom_031.tif,83,0.1,0.0666666666666667,0.920750977890128
222,25,15,categorization,0,bedroom,SHINEd_bedroom_098.tif,50,0.1,0.0666666666666667,0.917195938684359
222,26,15,categorization,0,livingroom,SHINEd_livingroom_029.tif,81,0.1,0.0666666666666667,0.748574968623552
222,27,15,categorization,0,livingroom,SHINEd_livingroom_012.tif,69,0.1,0.0666666666666667,0.827429347001584
222,28,15,categorization,0,bedroom,SHINEd_bedroom_016.tif,17,0.1,0.0666666666666667,1.61972197879989
222,29,15,categorization,0,livingroom,SHINEd_livingroom_048.tif,91,0.1,0.0666666666666667,0.944525303567372
222,30,15,categorization,0,livingroom,SHINEd_livingroom_050.tif,93,0.1,0.0666666666666667,1.71921375796117
222,31,15,categorization,0,bedroom,SHINEd_bedroom_010.tif,13,0.1,0.0666666666666667,0.884297063226117
222,32,15,categorization,0,bedroom,SHINEd_bedroom_079.tif,42,0.1,0.0666666666666667,0.772632805231401
222,33,15,categorization,0,livingroom,SHINEd_livingroom_052.tif,94,0.1,0.0666666666666667,0.702957939239684
222,34,15,categorization,0,bedroom,SHINEd_bedroom_048.tif,32,0.1,0.0666666666666667,0.965678101325985
222,35,15,categorization,0,livingroom,SHINEd_livingroom_019.tif,74,0.1,0.0666666666666667,1.43297659308006
222,36,15,categorization,0,bedroom,SHINEd_bedroom_051.tif,33,0.1,0.0666666666666667,0.860962926733075
222,37,15,categorization,0,bedroom,SHINEd_bedroom_056.tif,35,0.1,0.0666666666666667,0.739285400411177
222,38,15,categorization,0,livingroom,SHINEd_livingroom_088.tif,106,0.1,0.0666666666666667,0.819953000300021
222,39,15,categorization,0,livingroom,SHINEd_livingroom_039.tif,87,0.1,0.0666666666666667,0.944425528739147
222,40,15,categorization,0,bedroom,SHINEd_bedroom_075.tif,41,0.1,0.0666666666666667,1.90262005176983
222,41,15,categorization,0,livingroom,SHINEd_livingroom_023.tif,77,0.1,0.0666666666666667,1.718891890243
222,42,15,categorization,0,livingroom,SHINEd_livingroom_003.tif,62,0.1,0.0666666666666667,0.721542754526476
222,43,15,categorization,0,bedroom,SHINEd_bedroom_074.tif,40,0.1,0.0666666666666667,1.18693414414289
222,44,15,categorization,0,bedroom,SHINEd_bedroom_039.tif,26,0.1,0.0666666666666667,1.89163202004664
222,45,15,categorization,0,livingroom,SHINEd_livingroom_032.tif,84,0.1,0.0666666666666667,0.997169412610936
222,46,15,categorization,0,bedroom,SHINEd_bedroom_126.tif,60,0.1,0.0666666666666667,1.02006346459745
222,47,15,categorization,0,bedroom,SHINEd_bedroom_118.tif,56,0.1,0.0666666666666667,1.05308033439912
222,48,15,categorization,0,bedroom,SHINEd_bedroom_119.tif,57,0.1,0.0666666666666667,0.739331805713519
222,49,15,categorization,0,bedroom,SHINEd_bedroom_012.tif,15,0.1,0.0666666666666667,1.19704322340246
222,50,15,categorization,0,livingroom,SHINEd_livingroom_046.tif,89,0.1,0.0666666666666667,1.34327046181105
222,1,16,categorization,0,livingroom,SHINEd_livingroom_047.tif,90,0.1,0.0666666666666667,1.95073260066313
222,2,16,categorization,0,bedroom,SHINEd_bedroom_090.tif,47,0.1,0.0666666666666667,1.29892947786823
222,3,16,categorization,0,bedroom,SHINEd_bedroom_086.tif,45,0.1,0.0666666666666667,1.24830566675434
222,4,16,categorization,0,livingroom,SHINEd_livingroom_018.tif,73,0.1,0.0666666666666667,1.93034522239793
222,5,16,categorization,0,bedroom,SHINEd_bedroom_029.tif,22,0.1,0.0666666666666667,1.35106212541192
222,6,16,categorization,0,bedroom,SHINEd_bedroom_097.tif,49,0.1,0.0666666666666667,1.37510487730449
222,7,16,categorization,0,bedroom,SHINEd_bedroom_011.tif,14,0.1,0.0666666666666667,1.37242315344969
222,8,16,categorization,0,bedroom,SHINEd_bedroom_114.tif,54,0.1,0.0666666666666667,0.826449654960291
222,9,16,categorization,0,livingroom,SHINEd_livingroom_081.tif,103,0.1,0.0666666666666667,0.743832481679073
222,10,16,categorization,0,bedroom,SHINEd_bedroom_062.tif,36,0.1,0.0666666666666667,1.47972813808522
222,11,16,categorization,0,livingroom,SHINEd_livingroom_060.tif,99,0.1,0.0666666666666667,0.865703966615299
222,12,16,categorization,0,livingroom,SHINEd_livingroom_089.tif,107,0.1,0.0666666666666667,1.57516192066445
222,13,16,categorization,0,bedroom,SHINEd_bedroom_042.tif,28,0.1,0.0666666666666667,0.771879989872785
222,14,16,categorization,0,livingroom,SHINEd_livingroom_024.tif,78,0.1,0.0666666666666667,1.44662712130098
222,15,16,categorization,0,bedroom,SHINEd_bedroom_093.tif,48,0.1,0.0666666666666667,0.797360718229021
222,16,16,categorization,0,livingroom,SHINEd_livingroom_008.tif,67,0.1,0.0666666666666667,1.09794423792866
222,17,16,categorization,0,livingroom,SHINEd_livingroom_013.tif,70,0.1,0.0666666666666667,1.01839425299342
222,18,16,categorization,0,livingroom,SHINEd_livingroom_020.tif,75,0.1,0.0666666666666667,1.81417377028142
222,19,16,categorization,0,livingroom,SHINEd_livingroom_043.tif,88,0.1,0.0666666666666667,0.99512733053142
222,20,16,categorization,0,bedroom,SHINEd_bedroom_099.tif,51,0.1,0.0666666666666667,0.827336648803511
222,21,16,categorization,0,bedroom,SHINEd_bedroom_068.tif,38,0.1,0.0666666666666667,1.22866138814832
222,22,16,categorization,0,bedroom,SHINEd_bedroom_089.tif,46,0.1,0.0666666666666667,1.45235814446822
222,23,16,categorization,0,livingroom,SHINEd_livingroom_083.tif,104,0.1,0.0666666666666667,0.917731367877046
222,24,16,categorization,0,livingroom,SHINEd_livingroom_037.tif,86,0.1,0.0666666666666667,1.33953464738838
222,25,16,categorization,0,bedroom,SHINEd_bedroom_009.tif,12,0.1,0.0666666666666667,0.927869942951052
222,26,16,categorization,0,bedroom,SHINEd_bedroom_008.tif,11,0.1,0.0666666666666667,0.76107172570564
222,27,16,categorization,0,bedroom,SHINEd_bedroom_116.tif,55,0.1,0.0666666666666667,1.53758025348083
222,28,16,categorization,0,livingroom,SHINEd_livingroom_022.tif,76,0.1,0.0666666666666667,0.939817303214216
222,29,16,categorization,0,bedroom,SHINEd_bedroom_125.tif,59,0.1,0.0666666666666667,1.01865435590687
222,30,16,categorization,0,livingroom,SHINEd_livingroom_005.tif,64,0.1,0.0666666666666667,1.57333264586984
222,31,16,categorization,0,livingroom,SHINEd_livingroom_087.tif,105,0.1,0.0666666666666667,1.03510029303483
222,32,16,categorization,0,bedroom,SHINEd_bedroom_106.tif,52,0.1,0.0666666666666667,1.56171349633099
222,33,16,categorization,0,livingroom,SHINEd_livingroom_030.tif,82,0.1,0.0666666666666667,1.66960627584746
222,34,16,categorization,0,bedroom,SHINEd_bedroom_067.tif,37,0.1,0.0666666666666667,0.822344768829308
222,35,16,categorization,0,livingroom,SHINEd_livingroom_036.tif,85,0.1,0.0666666666666667,0.968218263332673
222,36,16,categorization,0,bedroom,SHINEd_bedroom_080.tif,43,0.1,0.0666666666666667,0.802399958065541
222,37,16,categorization,0,livingroom,SHINEd_livingroom_055.tif,96,0.1,0.0666666666666667,1.71082323230376
222,38,16,categorization,0,livingroom,SHINEd_livingroom_025.tif,79,0.1,0.0666666666666667,0.809481664005321
222,39,16,categorization,0,bedroom,SHINEd_bedroom_085.tif,44,0.1,0.0666666666666667,1.40509740456906
222,40,16,categorization,0,bedroom,SHINEd_bedroom_020.tif,19,0.1,0.0666666666666667,0.741836559497374
222,41,16,categorization,0,livingroom,SHINEd_livingroom_014.tif,71,0.1,0.0666666666666667,0.738255364812418
222,42,16,categorization,0,bedroom,SHINEd_bedroom_030.tif,23,0.1,0.0666666666666667,1.35688559363914
222,43,16,categorization,0,livingroom,SHINEd_livingroom_62.tif,110,0.1,0.0666666666666667,1.21399535273909
222,44,16,categorization,0,bedroom,SHINEd_bedroom_052.tif,34,0.1,0.0666666666666667,1.87670011931335
222,45,16,categorization,0,livingroom,SHINEd_livingroom_068.tif,100,0.1,0.0666666666666667,0.850688268687838
222,46,16,categorization,0,livingroom,SHINEd_livingroom_010.tif,68,0.1,0.0666666666666667,1.02893573314496
222,47,16,categorization,0,bedroom,SHINEd_bedroom_041.tif,27,0.1,0.0666666666666667,1.34424432085026
222,48,16,categorization,0,bedroom,SHINEd_bedroom_023.tif,20,0.1,0.0666666666666667,1.5087095991586
222,49,16,categorization,0,bedroom,SHINEd_bedroom_014.tif,16,0.1,0.0666666666666667,0.933742221566857
222,50,16,categorization,0,livingroom,SHINEd_livingroom_007.tif,66,0.1,0.0666666666666667,0.773293601951833
222,1,17,categorization,0,bedroom,SHINEd_bedroom_098.tif,50,0.1,0.0666666666666667,1.06224291611087
222,2,17,categorization,0,bedroom,SHINEd_bedroom_016.tif,17,0.1,0.0666666666666667,1.39148507614891
222,3,17,categorization,0,livingroom,SHINEd_livingroom_032.tif,84,0.1,0.0666666666666667,1.4575466902351
222,4,17,categorization,0,livingroom,SHINEd_livingroom_087.tif,105,0.1,0.0666666666666667,1.30062770400324
222,5,17,categorization,0,bedroom,SHINEd_bedroom_056.tif,35,0.1,0.0666666666666667,1.0895982419556
222,6,17,categorization,0,livingroom,SHINEd_livingroom_024.tif,78,0.1,0.0666666666666667,1.58051511140755
222,7,17,categorization,0,bedroom,SHINEd_bedroom_099.tif,51,0.1,0.0666666666666667,1.02992016647747
222,8,17,categorization,0,bedroom,SHINEd_bedroom_008.tif,11,0.1,0.0666666666666667,1.00934966213801
222,9,17,categorization,0,livingroom,SHINEd_livingroom_036.tif,85,0.1,0.0666666666666667,1.64736606524432
222,10,17,categorization,0,bedroom,SHINEd_bedroom_067.tif,37,0.1,0.0666666666666667,1.00641242588823
222,11,17,categorization,0,bedroom,SHINEd_bedroom_080.tif,43,0.1,0.0666666666666667,1.71854377984909
222,12,17,categorization,0,bedroom,SHINEd_bedroom_048.tif,32,0.1,0.0666666666666667,0.748676571878224
222,13,17,categorization,0,livingroom,SHINEd_livingroom_018.tif,73,0.1,0.0666666666666667,0.977895002743843
222,14,17,categorization,0,bedroom,SHINEd_bedroom_041.tif,27,0.1,0.0666666666666667,1.23745708178542
222,15,17,categorization,0,livingroom,SHINEd_livingroom_049.tif,92,0.1,0.0666666666666667,0.927561421787735
222,16,17,categorization,0,bedroom,SHINEd_bedroom_011.tif,14,0.1,0.0666666666666667,1.17165950019408
222,17,17,categorization,0,bedroom,SHINEd_bedroom_097.tif,49,0.1,0.0666666666666667,1.32585756418721
222,18,17,categorization,0,livingroom,SHINEd_livingroom_031.tif,83,0.1,0.0666666666666667,0.77374452266124
222,19,17,categorization,0,bedroom,SHINEd_bedroom_046.tif,30,0.1,0.0666666666666667,1.99860945009525
222,20,17,categorization,0,bedroom,SHINEd_bedroom_025.tif,21,0.1,0.0666666666666667,1.65386546097197
222,21,17,categorization,0,livingroom,SHINEd_livingroom_060.tif,99,0.1,0.0666666666666667,1.16281604587327
222,22,17,categorization,0,livingroom,SHINEd_livingroom_047.tif,90,0.1,0.0666666666666667,1.14727585865427
222,23,17,categorization,0,bedroom,SHINEd_bedroom_116.tif,55,0.1,0.0666666666666667,1.3095262353874
222,24,17,categorization,0,bedroom,SHINEd_bedroom_052.tif,34,0.1,0.0666666666666667,0.748865867697341
222,25,17,categorization,0,bedroom,SHINEd_bedroom_023.tif,20,0.1,0.0666666666666667,0.794323550547701
222,26,17,categorization,0,livingroom,SHINEd_livingroom_072.tif,101,0.1,0.0666666666666667,1.72665147944836
222,27,17,categorization,0,bedroom,SHINEd_bedroom_106.tif,52,0.1,0.0666666666666667,1.34826138302118
222,28,17,categorization,0,livingroom,SHINEd_livingroom_057.tif,97,0.1,0.0666666666666667,1.3298341003373
222,29,17,categorization,0,livingroom,SHINEd_livingroom_081.tif,103,0.1,0.0666666666666667,0.833479743676377
222,30,17,categorization,0,bedroom,SHINEd_bedroom_014.tif,16,0.1,0.0666666666666667,0.809816600389564
222,31,17,categorization,0,livingroom,SHINEd_livingroom_055.tif,96,0.1,0.0666666666666667,0.770920274677058
222,32,17,categorization,0,livingroom,SHINEd_livingroom_088.tif,106,0.1,0.0666666666666667,1.25495599461414
222,33,17,categorization,0,bedroom,SHINEd_bedroom_075.tif,41,0.1,0.0666666666666667,1.07786560490977
222,34,17,categorization,0,livingroom,SHINEd_livingroom_052.tif,94,0.1,0.0666666666666667,1.58479821175175
222,35,17,categorization,0,bedroom,SHINEd_bedroom_030.tif,23,0.1,0.0666666666666667,1.13542892023134
222,36,17,categorization,0,livingroom,SHINEd_livingroom_046.tif,89,0.1,0.0666666666666667,0.838192332307099
222,37,17,categorization,0,bedroom,SHINEd_bedroom_009.tif,12,0.1,0.0666666666666667,0.800404363012034
222,38,17,categorization,0,bedroom,SHINEd_bedroom_051.tif,33,0.1,0.0666666666666667,1.15070153882272
222,39,17,categorization,0,livingroom,SHINEd_livingroom_023.tif,77,0.1,0.0666666666666667,1.43547199312222
222,40,17,categorization,0,bedroom,SHINEd_bedroom_039.tif,26,0.1,0.0666666666666667,1.61775629302759
222,41,17,categorization,0,livingroom,SHINEd_livingroom_016.tif,72,0.1,0.0666666666666667,1.41921027412768
222,42,17,categorization,0,bedroom,SHINEd_bedroom_062.tif,36,0.1,0.0666666666666667,0.714030578109142
222,43,17,categorization,0,livingroom,SHINEd_livingroom_003.tif,62,0.1,0.0666666666666667,1.30209894880511
222,44,17,categorization,0,livingroom,SHINEd_livingroom_089.tif,107,0.1,0.0666666666666667,1.11470501497133
222,45,17,categorization,0,livingroom,SHINEd_livingroom_039.tif,87,0.1,0.0666666666666667,1.00871342126267
222,46,17,categorization,0,bedroom,SHINEd_bedroom_047.tif,31,0.1,0.0666666666666667,1.34284446607793
222,47,17,categorization,0,bedroom,SHINEd_bedroom_093.tif,48,0.1,0.0666666666666667,1.06098595525485
222,48,17,categorization,0,bedroom,SHINEd_bedroom_042.tif,28,0.1,0.0666666666666667,1.83321853638258
222,49,17,categorization,0,bedroom,SHINEd_bedroom_119.tif,57,0.1,0.0666666666666667,0.903211671664117
222,50,17,categorization,0,bedroom,SHINEd_bedroom_010.tif,13,0.1,0.0666666666666667,1.43839607103162
222,1,18,categorization,0,bedroom,SHINEd_bedroom_069.tif,39,0.1,0.0666666666666667,0.943416541412157
222,2,18,categorization,0,livingroom,SHINEd_livingroom_083.tif,104,0.1,0.0666666666666667,1.57950102480702
222,3,18,categorization,0,livingroom,SHINEd_livingroom_090.tif,108,0.1,0.0666666666666667,1.29967078537257
222,4,18,categorization,0,bedroom,SHINEd_bedroom_018.tif,18,0.1,0.0666666666666667,1.33957126692599
222,5,18,categorization,0,bedroom,SHINEd_bedroom_126.tif,60,0.1,0.0666666666666667,1.69954252570107
222,6,18,categorization,0,livingroom,SHINEd_livingroom_037.tif,86,0.1,0.0666666666666667,0.97446186093352
222,7,18,categorization,0,bedroom,SHINEd_bedroom_020.tif,19,0.1,0.0666666666666667,1.86642240176576
222,8,18,categorization,0,bedroom,SHINEd_bedroom_085.tif,44,0.1,0.0666666666666667,0.714047406582918
222,9,18,categorization,0,bedroom,SHINEd_bedroom_068.tif,38,0.1,0.0666666666666667,1.00300621501306
222,10,18,categorization,0,bedroom,SHINEd_bedroom_079.tif,42,0.1,0.0666666666666667,0.918667236074985
222,11,18,categorization,0,bedroom,SHINEd_bedroom_086.tif,45,0.1,0.0666666666666667,0.97253899233924
222,12,18,categorization,0,bedroom,SHINEd_bedroom_045.tif,29,0.1,0.0666666666666667,1.85565521472493
222,13,18,categorization,0,livingroom,SHINEd_livingroom_073.tif,102,0.1,0.0666666666666667,1.91994340002607
222,14,18,categorization,0,livingroom,SHINEd_livingroom_059.tif,98,0.1,0.0666666666666667,1.86325730219207
222,15,18,categorization,0,bedroom,SHINEd_bedroom_120.tif,58,0.1,0.0666666666666667,0.706764254896609
222,16,18,categorization,0,bedroom,SHINEd_bedroom_012.tif,15,0.1,0.0666666666666667,1.33666055551784
222,17,18,categorization,0,livingroom,SHINEd_livingroom_068.tif,100,0.1,0.0666666666666667,1.58242980189758
222,18,18,categorization,0,livingroom,SHINEd_livingroom_030.tif,82,0.1,0.0666666666666667,0.78406699948309
222,19,18,categorization,0,livingroom,SHINEd_livingroom_006.tif,65,0.1,0.0666666666666667,1.17902101950454
222,20,18,categorization,0,livingroom,SHINEd_livingroom_043.tif,88,0.1,0.0666666666666667,1.58741588443644
222,21,18,categorization,0,livingroom,SHINEd_livingroom_008.tif,67,0.1,0.0666666666666667,0.94946556859437
222,22,18,categorization,0,livingroom,SHINEd_livingroom_013.tif,70,0.1,0.0666666666666667,0.907839310399665
222,23,18,categorization,0,livingroom,SHINEd_livingroom_025.tif,79,0.1,0.0666666666666667,1.29597976714028
222,24,18,categorization,0,livingroom,SHINEd_livingroom_029.tif,81,0.1,0.0666666666666667,1.70505346451995
222,25,18,categorization,0,livingroom,SHINEd_livingroom_020.tif,75,0.1,0.0666666666666667,1.18541971646541
222,26,18,categorization,0,bedroom,SHINEd_bedroom_089.tif,46,0.1,0.0666666666666667,1.37193861684848
222,27,18,categorization,0,livingroom,SHINEd_livingroom_007.tif,66,0.1,0.0666666666666667,1.0605611330767
222,28,18,categorization,0,bedroom,SHINEd_bedroom_074.tif,40,0.1,0.0666666666666667,1.07917217264624
222,29,18,categorization,0,livingroom,SHINEd_livingroom_022.tif,76,0.1,0.0666666666666667,0.728089654041987
222,30,18,categorization,0,bedroom,SHINEd_bedroom_118.tif,56,0.1,0.0666666666666667,1.40078741408494
222,31,18,categorization,0,livingroom,SHINEd_livingroom_050.tif,93,0.1,0.0666666666666667,0.714425193976086
222,32,18,categorization,0,bedroom,SHINEd_bedroom_114.tif,54,0.1,0.0666666666666667,1.51920732241351
222,33,18,categorization,0,livingroom,SHINEd_livingroom_010.tif,68,0.1,0.0666666666666667,1.28799976253801
222,34,18,categorization,0,livingroom,SHINEd_livingroom_62.tif,110,0.1,0.0666666666666667,1.60064904737588
222,35,18,categorization,0,livingroom,SHINEd_livingroom_028.tif,80,0.1,0.0666666666666667,1.597658992623
222,36,18,categorization,0,livingroom,SHINEd_livingroom_054.tif,95,0.1,0.0666666666666667,1.1825085941822
222,37,18,categorization,0,bedroom,SHINEd_bedroom_090.tif,47,0.1,0.0666666666666667,1.6712792986909
222,38,18,categorization,0,livingroom,SHINEd_livingroom_048.tif,91,0.1,0.0666666666666667,0.747544589420544
222,39,18,categorization,0,livingroom,SHINEd_livingroom_014.tif,71,0.1,0.0666666666666667,1.03350360677463
222,40,18,categorization,0,livingroom,SHINEd_livingroom_005.tif,64,0.1,0.0666666666666667,0.704103138677327
222,41,18,categorization,0,bedroom,SHINEd_bedroom_125.tif,59,0.1,0.0666666666666667,1.16781381576959
222,42,18,categorization,0,livingroom,SHINEd_livingroom_012.tif,69,0.1,0.0666666666666667,1.78761817275469
222,43,18,categorization,0,bedroom,SHINEd_bedroom_036.tif,25,0.1,0.0666666666666667,0.972706482612197
222,44,18,categorization,0,livingroom,SHINEd_livingroom_004.tif,63,0.1,0.0666666666666667,1.46349383660973
222,45,18,categorization,0,bedroom,SHINEd_bedroom_029.tif,22,0.1,0.0666666666666667,1.53522118635092
222,46,18,categorization,0,bedroom,SHINEd_bedroom_032.tif,24,0.1,0.0666666666666667,1.15727999315968
222,47,18,categorization,0,livingroom,SHINEd_livingroom_092.tif,109,0.1,0.0666666666666667,0.710896638708351
222,48,18,categorization,0,livingroom,SHINEd_livingroom_001.tif,61,0.1,0.0666666666666667,0.917716105438591
222,49,18,categorization,0,bedroom,SHINEd_bedroom_112.tif,53,0.1,0.0666666666666667,1.81511387090101
222,50,18,categorization,0,livingroom,SHINEd_livingroom_019.tif,74,0.1,0.0666666666666667,1.6701033713963
222,1,19,categorization,0,livingroom,SHINEd_livingroom_037.tif,86,0.1,0.0666666666666667,0.921546061858364
222,2,19,categorization,0,bedroom,SHINEd_bedroom_099.tif,51,0.1,0.0666666666666667,1.50619150510014
222,3,19,categorization,0,livingroom,SHINEd_livingroom_032.tif,84,0.1,0.0666666666666667,0.989459580953469
222,4,19,categorization,0,bedroom,SHINEd_bedroom_090.tif,47,0.1,0.0666666666666667,1.24979938474862
222,5,19,categorization,0,bedroom,SHINEd_bedroom_106.tif,52,0.1,0.0666666666666667,0.993645763424302
222,6,19,categorization,0,bedroom,SHINEd_bedroom_085.tif,44,0.1,0.0666666666666667,1.57319947079148
222,7,19,categorization,0,bedroom,SHINEd_bedroom_097.tif,49,0.1,0.0666666666666667,1.48931008895229
222,8,19,categorization,0,livingroom,SHINEd_livingroom_054.tif,95,0.1,0.0666666666666667,0.825400249971118
222,9,19,categorization,0,bedroom,SHINEd_bedroom_067.tif,37,0.1,0.0666666666666667,1.12202520103972
222,10,19,categorization,0,livingroom,SHINEd_livingroom_060.tif,99,0.1,0.0666666666666667,0.704140084372881
222,11,19,categorization,0,bedroom,SHINEd_bedroom_074.tif,40,0.1,0.0666666666666667,1.17060455839221
222,12,19,categorization,0,bedroom,SHINEd_bedroom_012.tif,15,0.1,0.0666666666666667,0.763136872017241
222,13,19,categorization,0,bedroom,SHINEd_bedroom_010.tif,13,0.1,0.0666666666666667,1.50554908337142
222,14,19,categorization,0,livingroom,SHINEd_livingroom_048.tif,91,0.1,0.0666666666666667,0.712880000829007
222,15,19,categorization,0,livingroom,SHINEd_livingroom_073.tif,102,0.1,0.0666666666666667,1.22479686827812
222,16,19,categorization,0,livingroom,SHINEd_livingroom_055.tif,96,0.1,0.0666666666666667,1.22173293582737
222,17,19,categorization,0,livingroom,SHINEd_livingroom_072.tif,101,0.1,0.0666666666666667,0.724083000940888
222,18,19,categorization,0,livingroom,SHINEd_livingroom_018.tif,73,0.1,0.0666666666666667,0.97450252006443
222,19,19,categorization,0,bedroom,SHINEd_bedroom_089.tif,46,0.1,0.0666666666666667,0.981414720129773
222,20,19,categorization,0,bedroom,SHINEd_bedroom_046.tif,30,0.1,0.0666666666666667,0.852757026903492
222,21,19,categorization,0,livingroom,SHINEd_livingroom_028.tif,80,0.1,0.0666666666666667,1.17497495395688
222,22,19,categorization,0,livingroom,SHINEd_livingroom_010.tif,68,0.1,0.0666666666666667,0.730783383804149
222,23,19,categorization,0,livingroom,SHINEd_livingroom_008.tif,67,0.1,0.0666666666666667,1.02205457602006
222,24,19,categorization,0,bedroom,SHINEd_bedroom_056.tif,35,0.1,0.0666666666666667,1.42740424629077
222,25,19,categorization,0,bedroom,SHINEd_bedroom_112.tif,53,0.1,0.0666666666666667,0.867649045271897
222,26,19,categorization,0,bedroom,SHINEd_bedroom_041.tif,27,0.1,0.0666666666666667,1.37728795667826
222,27,19,categorization,0,livingroom,SHINEd_livingroom_005.tif,64,0.1,0.0666666666666667,1.08498415591717
222,28,19,categorization,0,livingroom,SHINEd_livingroom_049.tif,92,0.1,0.0666666666666667,0.91266120509636
222,29,19,categorization,0,livingroom,SHINEd_livingroom_016.tif,72,0.1,0.0666666666666667,1.39783092122658
222,30,19,categorization,0,livingroom,SHINEd_livingroom_030.tif,82,0.1,0.0666666666666667,0.73921768492272
222,31,19,categorization,0,livingroom,SHINEd_livingroom_022.tif,76,0.1,0.0666666666666667,1.05252053776885
222,32,19,categorization,0,bedroom,SHINEd_bedroom_014.tif,16,0.1,0.0666666666666667,0.797714489455709
222,33,19,categorization,0,bedroom,SHINEd_bedroom_045.tif,29,0.1,0.0666666666666667,1.45445629910639
222,34,19,categorization,0,bedroom,SHINEd_bedroom_042.tif,28,0.1,0.0666666666666667,0.807143595018597
222,35,19,categorization,0,livingroom,SHINEd_livingroom_023.tif,77,0.1,0.0666666666666667,1.22852656720409
222,36,19,categorization,0,livingroom,SHINEd_livingroom_068.tif,100,0.1,0.0666666666666667,0.898031538833426
222,37,19,categorization,0,bedroom,SHINEd_bedroom_080.tif,43,0.1,0.0666666666666667,1.71885494476407
222,38,19,categorization,0,livingroom,SHINEd_livingroom_052.tif,94,0.1,0.0666666666666667,0.996859964481818
222,39,19,categorization,0,livingroom,SHINEd_livingroom_088.tif,106,0.1,0.0666666666666667,1.38555162272675
222,40,19,categorization,0,livingroom,SHINEd_livingroom_013.tif,70,0.1,0.0666666666666667,0.789860493351158
222,41,19,categorization,0,livingroom,SHINEd_livingroom_025.tif,79,0.1,0.0666666666666667,1.49038228908347
222,42,19,categorization,0,livingroom,SHINEd_livingroom_006.tif,65,0.1,0.0666666666666667,1.1787696825177
222,43,19,categorization,0,bedroom,SHINEd_bedroom_086.tif,45,0.1,0.0666666666666667,1.02306059631391
222,44,19,categorization,0,bedroom,SHINEd_bedroom_008.tif,11,0.1,0.0666666666666667,0.927766704551891
222,45,19,categorization,0,bedroom,SHINEd_bedroom_093.tif,48,0.1,0.0666666666666667,1.06846919866616
222,46,19,categorization,0,bedroom,SHINEd_bedroom_048.tif,32,0.1,0.0666666666666667,1.7897155102662
222,47,19,categorization,0,bedroom,SHINEd_bedroom_114.tif,54,0.1,0.0666666666666667,1.20965516567181
222,48,19,categorization,0,bedroom,SHINEd_bedroom_025.tif,21,0.1,0.0666666666666667,0.709346667750484
222,49,19,categorization,0,livingroom,SHINEd_livingroom_012.tif,69,0.1,0.0666666666666667,1.52648466941262
222,50,19,categorization,0,bedroom,SHINEd_bedroom_009.tif,12,0.1,0.0666666666666667,1.62607192467826
222,1,20,categorization,0,livingroom,SHINEd_livingroom_057.tif,97,0.1,0.0666666666666667,1.08397530739614
222,2,20,categorization,0,bedroom,SHINEd_bedroom_120.tif,58,0.1,0.0666666666666667,1.21736468852941
222,3,20,categorization,0,livingroom,SHINEd_livingroom_003.tif,62,0.1,0.0666666666666667,1.42949414810707
222,4,20,categorization,0,bedroom,SHINEd_bedroom_116.tif,55,0.1,0.0666666666666667,1.73236957030341
222,5,20,categorization,0,bedroom,SHINEd_bedroom_036.tif,25,0.1,0.0666666666666667,0.881327056065753
222,6,20,categorization,0,bedroom,SHINEd_bedroom_125.tif,59,0.1,0.0666666666666667,1.45305076651137
222,7,20,categorization,0,bedroom,SHINEd_bedroom_039.tif,26,0.1,0.0666666666666667,1.52227692512857
222,8,20,categorization,0,bedroom,SHINEd_bedroom_020.tif,19,0.1,0.0666666666666667,1.13113763971475
222,9,20,categorization,0,livingroom,SHINEd_livingroom_050.tif,93,0.1,0.0666666666666667,1.84624515783177
222,10,20,categorization,0,livingroom,SHINEd_livingroom_092.tif,109,0.1,0.0666666666666667,1.41005526047205
222,11,20,categorization,0,livingroom,SHINEd_livingroom_090.tif,108,0.1,0.0666666666666667,1.41490020665389
222,12,20,categorization,0,livingroom,SHINEd_livingroom_081.tif,103,0.1,0.0666666666666667,1.12594560136959
222,13,20,categorization,0,livingroom,SHINEd_livingroom_083.tif,104,0.1,0.0666666666666667,0.808554236333181
222,14,20,categorization,0,bedroom,SHINEd_bedroom_069.tif,39,0.1,0.0666666666666667,1.90821238787111
222,15,20,categorization,0,bedroom,SHINEd_bedroom_018.tif,18,0.1,0.0666666666666667,1.1545493805692
222,16,20,categorization,0,bedroom,SHINEd_bedroom_118.tif,56,0.1,0.0666666666666667,0.926648873562395
222,17,20,categorization,0,bedroom,SHINEd_bedroom_075.tif,41,0.1,0.0666666666666667,1.76988924108992
222,18,20,categorization,0,bedroom,SHINEd_bedroom_030.tif,23,0.1,0.0666666666666667,0.893488460742885
222,19,20,categorization,0,livingroom,SHINEd_livingroom_031.tif,83,0.1,0.0666666666666667,0.793983846831857
222,20,20,categorization,0,bedroom,SHINEd_bedroom_098.tif,50,0.1,0.0666666666666667,0.786076842669081
222,21,20,categorization,0,livingroom,SHINEd_livingroom_036.tif,85,0.1,0.0666666666666667,1.98727663678577
222,22,20,categorization,0,livingroom,SHINEd_livingroom_043.tif,88,0.1,0.0666666666666667,0.732747937717348
222,23,20,categorization,0,bedroom,SHINEd_bedroom_016.tif,17,0.1,0.0666666666666667,0.752076673084234
222,24,20,categorization,0,livingroom,SHINEd_livingroom_007.tif,66,0.1,0.0666666666666667,1.20750704216726
222,25,20,categorization,0,bedroom,SHINEd_bedroom_052.tif,34,0.1,0.0666666666666667,1.30030806807007
222,26,20,categorization,0,livingroom,SHINEd_livingroom_046.tif,89,0.1,0.0666666666666667,0.720218741913907
222,27,20,categorization,0,bedroom,SHINEd_bedroom_126.tif,60,0.1,0.0666666666666667,0.861141320954801
222,28,20,categorization,0,livingroom,SHINEd_livingroom_001.tif,61,0.1,0.0666666666666667,0.718802997523256
222,29,20,categorization,0,livingroom,SHINEd_livingroom_024.tif,78,0.1,0.0666666666666667,1.21612583211007
222,30,20,categorization,0,livingroom,SHINEd_livingroom_089.tif,107,0.1,0.0666666666666667,0.817469437561277
222,31,20,categorization,0,bedroom,SHINEd_bedroom_119.tif,57,0.1,0.0666666666666667,0.785477818698009
222,32,20,categorization,0,livingroom,SHINEd_livingroom_020.tif,75,0.1,0.0666666666666667,0.742237621996465
222,33,20,categorization,0,livingroom,SHINEd_livingroom_014.tif,71,0.1,0.0666666666666667,1.64120486629856
222,34,20,categorization,0,livingroom,SHINEd_livingroom_004.tif,63,0.1,0.0666666666666667,1.06350617258018
222,35,20,categorization,0,bedroom,SHINEd_bedroom_062.tif,36,0.1,0.0666666666666667,1.118356271396
222,36,20,categorization,0,bedroom,SHINEd_bedroom_011.tif,14,0.1,0.0666666666666667,1.27083229587782
222,37,20,categorization,0,bedroom,SHINEd_bedroom_079.tif,42,0.1,0.0666666666666667,1.52649845919311
222,38,20,categorization,0,livingroom,SHINEd_livingroom_047.tif,90,0.1,0.0666666666666667,1.12818381746251
222,39,20,categorization,0,bedroom,SHINEd_bedroom_029.tif,22,0.1,0.0666666666666667,1.2712933184751
222,40,20,categorization,0,livingroom,SHINEd_livingroom_059.tif,98,0.1,0.0666666666666667,1.26375523799035
222,41,20,categorization,0,livingroom,SHINEd_livingroom_087.tif,105,0.1,0.0666666666666667,1.20865884192653
222,42,20,categorization,0,bedroom,SHINEd_bedroom_051.tif,33,0.1,0.0666666666666667,0.941337280439616
222,43,20,categorization,0,livingroom,SHINEd_livingroom_029.tif,81,0.1,0.0666666666666667,1.11729426851179
222,44,20,categorization,0,bedroom,SHINEd_bedroom_047.tif,31,0.1,0.0666666666666667,1.86611257114635
222,45,20,categorization,0,livingroom,SHINEd_livingroom_62.tif,110,0.1,0.0666666666666667,1.50378575563922
222,46,20,categorization,0,bedroom,SHINEd_bedroom_023.tif,20,0.1,0.0666666666666667,1.55463758073835
222,47,20,categorization,0,bedroom,SHINEd_bedroom_032.tif,24,0.1,0.0666666666666667,1.188124696303
222,48,20,categorization,0,livingroom,SHINEd_livingroom_019.tif,74,0.1,0.0666666666666667,1.45891374207062
222,49,20,categorization,0,livingroom,SHINEd_livingroom_039.tif,87,0.1,0.0666666666666667,0.943713187315
222,50,20,categorization,0,bedroom,SHINEd_bedroom_068.tif,38,0.1,0.0666666666666667,1.45307471351074
222,1,21,categorization,0,bedroom,SHINEd_bedroom_112.tif,53,0.1,0.0666666666666667,1.22657599908742
222,2,21,categorization,0,livingroom,SHINEd_livingroom_060.tif,99,0.1,0.0666666666666667,0.905430172366741
222,3,21,categorization,0,livingroom,SHINEd_livingroom_037.tif,86,0.1,0.0666666666666667,1.49422892124965
222,4,21,categorization,0,bedroom,SHINEd_bedroom_042.tif,28,0.1,0.0666666666666667,0.989292984000319
222,5,21,categorization,0,bedroom,SHINEd_bedroom_126.tif,60,0.1,0.0666666666666667,0.906026654625655
222,6,21,categorization,0,livingroom,SHINEd_livingroom_013.tif,70,0.1,0.0666666666666667,1.25658842442488
222,7,21,categorization,0,livingroom,SHINEd_livingroom_068.tif,100,0.1,0.0666666666666667,1.19476609970368
222,8,21,categorization,0,livingroom,SHINEd_livingroom_073.tif,102,0.1,0.0666666666666667,1.55777816336757
222,9,21,categorization,0,bedroom,SHINEd_bedroom_056.tif,35,0.1,0.0666666666666667,1.29112077102006
222,10,21,categorization,0,bedroom,SHINEd_bedroom_016.tif,17,0.1,0.0666666666666667,1.30319681506394
222,11,21,categorization,0,bedroom,SHINEd_bedroom_074.tif,40,0.1,0.0666666666666667,0.987840696636888
222,12,21,categorization,0,livingroom,SHINEd_livingroom_008.tif,67,0.1,0.0666666666666667,0.938569292954243
222,13,21,categorization,0,livingroom,SHINEd_livingroom_024.tif,78,0.1,0.0666666666666667,1.27778972605268
222,14,21,categorization,0,livingroom,SHINEd_livingroom_028.tif,80,0.1,0.0666666666666667,1.30533881194154
222,15,21,categorization,0,bedroom,SHINEd_bedroom_048.tif,32,0.1,0.0666666666666667,1.39496518481289
222,16,21,categorization,0,bedroom,SHINEd_bedroom_079.tif,42,0.1,0.0666666666666667,1.66649587998734
222,17,21,categorization,0,bedroom,SHINEd_bedroom_114.tif,54,0.1,0.0666666666666667,1.18787234691591
222,18,21,categorization,0,livingroom,SHINEd_livingroom_055.tif,96,0.1,0.0666666666666667,1.10107615478867
222,19,21,categorization,0,bedroom,SHINEd_bedroom_099.tif,51,0.1,0.0666666666666667,0.778727176929401
222,20,21,categorization,0,bedroom,SHINEd_bedroom_106.tif,52,0.1,0.0666666666666667,1.04250392599796
222,21,21,categorization,0,livingroom,SHINEd_livingroom_031.tif,83,0.1,0.0666666666666667,0.844801004902638
222,22,21,categorization,0,bedroom,SHINEd_bedroom_029.tif,22,0.1,0.0666666666666667,1.37428122504188
222,23,21,categorization,0,bedroom,SHINEd_bedroom_008.tif,11,0.1,0.0666666666666667,0.916096441335804
222,24,21,categorization,0,livingroom,SHINEd_livingroom_090.tif,108,0.1,0.0666666666666667,1.74728822389829
222,25,21,categorization,0,livingroom,SHINEd_livingroom_089.tif,107,0.1,0.0666666666666667,0.989368998947361
222,26,21,categorization,0,bedroom,SHINEd_bedroom_009.tif,12,0.1,0.0666666666666667,1.46234064462412
222,27,21,categorization,0,livingroom,SHINEd_livingroom_039.tif,87,0.1,0.0666666666666667,0.76707998823151
222,28,21,categorization,0,bedroom,SHINEd_bedroom_116.tif,55,0.1,0.0666666666666667,0.772170061996693
222,29,21,categorization,0,bedroom,SHINEd_bedroom_020.tif,19,0.1,0.0666666666666667,0.838147091578438
222,30,21,categorization,0,bedroom,SHINEd_bedroom_036.tif,25,0.1,0.0666666666666667,0.764003942817433
222,31,21,categorization,0,bedroom,SHINEd_bedroom_032.tif,24,0.1,0.0666666666666667,1.83989794878712
222,32,21,categorization,0,livingroom,SHINEd_livingroom_047.tif,90,0.1,0.0666666666666667,0.706262938751137
222,33,21,categorization,0,livingroom,SHINEd_livingroom_023.tif,77,0.1,0.0666666666666667,1.571786134913
222,34,21,categorization,0,bedroom,SHINEd_bedroom_089.tif,46,0.1,0.0666666666666667,0.731101510594095
222,35,21,categorization,0,bedroom,SHINEd_bedroom_025.tif,21,0.1,0.0666666666666667,0.853227221088393
222,36,21,categorization,0,bedroom,SHINEd_bedroom_098.tif,50,0.1,0.0666666666666667,1.71486594126497
222,37,21,categorization,0,livingroom,SHINEd_livingroom_62.tif,110,0.1,0.0666666666666667,1.18473438069665
222,38,21,categorization,0,bedroom,SHINEd_bedroom_068.tif,38,0.1,0.0666666666666667,0.728647270854761
222,39,21,categorization,0,bedroom,SHINEd_bedroom_010.tif,13,0.1,0.0666666666666667,1.85046760742591
222,40,21,categorization,0,livingroom,SHINEd_livingroom_049.tif,92,0.1,0.0666666666666667,0.856351521227808
222,41,21,categorization,0,livingroom,SHINEd_livingroom_001.tif,61,0.1,0.0666666666666667,0.848644141779811
222,42,21,categorization,0,bedroom,SHINEd_bedroom_062.tif,36,0.1,0.0666666666666667,1.74059204364755
222,43,21,categorization,0,bedroom,SHINEd_bedroom_011.tif,14,0.1,0.0666666666666667,0.879370954797256
222,44,21,categorization,0,bedroom,SHINEd_bedroom_039.tif,26,0.1,0.0666666666666667,0.873364684774591
222,45,21,categorization,0,livingroom,SHINEd_livingroom_003.tif,62,0.1,0.0666666666666667,0.777827547419803
222,46,21,categorization,0,bedroom,SHINEd_bedroom_045.tif,29,0.1,0.0666666666666667,0.91071213646234
222,47,21,categorization,0,bedroom,SHINEd_bedroom_086.tif,45,0.1,0.0666666666666667,1.15794609174607
222,48,21,categorization,0,livingroom,SHINEd_livingroom_019.tif,74,0.1,0.0666666666666667,0.72720027456987
222,49,21,categorization,0,bedroom,SHINEd_bedroom_012.tif,15,0.1,0.0666666666666667,1.01644155681564
222,50,21,categorization,0,livingroom,SHINEd_livingroom_006.tif,65,0.1,0.0666666666666667,1.1990554212572
222,1,22,categorization,0,bedroom,SHINEd_bedroom_014.tif,16,0.1,0.0666666666666667,0.820006221728051
222,2,22,categorization,0,livingroom,SHINEd_livingroom_020.tif,75,0.1,0.0666666666666667,1.00085669285023
222,3,22,categorization,0,livingroom,SHINEd_livingroom_052.tif,94,0.1,0.0666666666666667,1.60953664853244
222,4,22,categorization,0,livingroom,SHINEd_livingroom_012.tif,69,0.1,0.0666666666666667,1.05643786081121
222,5,22,categorization,0,bedroom,SHINEd_bedroom_080.tif,43,0.1,0.0666666666666667,1.73535141021284
222,6,22,categorization,0,livingroom,SHINEd_livingroom_087.tif,105,0.1,0.0666666666666667,1.36181029254807
222,7,22,categorization,0,bedroom,SHINEd_bedroom_118.tif,56,0.1,0.0666666666666667,1.33044359171243
222,8,22,categorization,0,livingroom,SHINEd_livingroom_029.tif,81,0.1,0.0666666666666667,0.874852402710893
222,9,22,categorization,0,livingroom,SHINEd_livingroom_054.tif,95,0.1,0.0666666666666667,0.98043842387578
222,10,22,categorization,0,livingroom,SHINEd_livingroom_005.tif,64,0.1,0.0666666666666667,1.1648712112139
222,11,22,categorization,0,livingroom,SHINEd_livingroom_016.tif,72,0.1,0.0666666666666667,1.02180085534709
222,12,22,categorization,0,livingroom,SHINEd_livingroom_088.tif,106,0.1,0.0666666666666667,0.988886443854869
222,13,22,categorization,0,bedroom,SHINEd_bedroom_052.tif,34,0.1,0.0666666666666667,0.996288093052602
222,14,22,categorization,0,bedroom,SHINEd_bedroom_067.tif,37,0.1,0.0666666666666667,1.05178404741307
222,15,22,categorization,0,livingroom,SHINEd_livingroom_057.tif,97,0.1,0.0666666666666667,1.20781757032072
222,16,22,categorization,0,livingroom,SHINEd_livingroom_007.tif,66,0.1,0.0666666666666667,0.786436448755054
222,17,22,categorization,0,bedroom,SHINEd_bedroom_069.tif,39,0.1,0.0666666666666667,1.53611165924184
222,18,22,categorization,0,livingroom,SHINEd_livingroom_072.tif,101,0.1,0.0666666666666667,1.88707163375296
222,19,22,categorization,0,livingroom,SHINEd_livingroom_022.tif,76,0.1,0.0666666666666667,1.25156168468747
222,20,22,categorization,0,livingroom,SHINEd_livingroom_048.tif,91,0.1,0.0666666666666667,1.4639501412175
222,21,22,categorization,0,livingroom,SHINEd_livingroom_025.tif,79,0.1,0.0666666666666667,1.88599948535876
222,22,22,categorization,0,bedroom,SHINEd_bedroom_097.tif,49,0.1,0.0666666666666667,1.16582438506099
222,23,22,categorization,0,bedroom,SHINEd_bedroom_046.tif,30,0.1,0.0666666666666667,1.68327670404367
222,24,22,categorization,0,livingroom,SHINEd_livingroom_046.tif,89,0.1,0.0666666666666667,1.262034540264
222,25,22,categorization,0,bedroom,SHINEd_bedroom_093.tif,48,0.1,0.0666666666666667,1.6044165731041
222,26,22,categorization,0,livingroom,SHINEd_livingroom_018.tif,73,0.1,0.0666666666666667,1.617938703911
222,27,22,categorization,0,livingroom,SHINEd_livingroom_036.tif,85,0.1,0.0666666666666667,1.15188949649352
222,28,22,categorization,0,livingroom,SHINEd_livingroom_081.tif,103,0.1,0.0666666666666667,0.856513757279024
222,29,22,categorization,0,bedroom,SHINEd_bedroom_090.tif,47,0.1,0.0666666666666667,0.853741939114667
222,30,22,categorization,0,bedroom,SHINEd_bedroom_051.tif,33,0.1,0.0666666666666667,1.29066772445387
222,31,22,categorization,0,livingroom,SHINEd_livingroom_083.tif,104,0.1,0.0666666666666667,1.98210780765211
222,32,22,categorization,0,livingroom,SHINEd_livingroom_059.tif,98,0.1,0.0666666666666667,1.90613693953709
222,33,22,categorization,0,livingroom,SHINEd_livingroom_092.tif,109,0.1,0.0666666666666667,1.20522627709785
222,34,22,categorization,0,livingroom,SHINEd_livingroom_004.tif,63,0.1,0.0666666666666667,1.2485171820409
222,35,22,categorization,0,bedroom,SHINEd_bedroom_018.tif,18,0.1,0.0666666666666667,1.23331064845189
222,36,22,categorization,0,bedroom,SHINEd_bedroom_119.tif,57,0.1,0.0666666666666667,1.63623279929173
222,37,22,categorization,0,bedroom,SHINEd_bedroom_085.tif,44,0.1,0.0666666666666667,1.05521081314523
222,38,22,categorization,0,bedroom,SHINEd_bedroom_125.tif,59,0.1,0.0666666666666667,1.55613279325739
222,39,22,categorization,0,livingroom,SHINEd_livingroom_030.tif,82,0.1,0.0666666666666667,1.97364350197376
222,40,22,categorization,0,bedroom,SHINEd_bedroom_023.tif,20,0.1,0.0666666666666667,1.12044665888055
222,41,22,categorization,0,livingroom,SHINEd_livingroom_043.tif,88,0.1,0.0666666666666667,0.933816286296218
222,42,22,categorization,0,livingroom,SHINEd_livingroom_050.tif,93,0.1,0.0666666666666667,0.795947883719511
222,43,22,categorization,0,bedroom,SHINEd_bedroom_047.tif,31,0.1,0.0666666666666667,1.84701559744572
222,44,22,categorization,0,bedroom,SHINEd_bedroom_120.tif,58,0.1,0.0666666666666667,1.15679411974716
222,45,22,categorization,0,bedroom,SHINEd_bedroom_041.tif,27,0.1,0.0666666666666667,0.931586657786165
222,46,22,categorization,0,bedroom,SHINEd_bedroom_075.tif,41,0.1,0.0666666666666667,1.24667503956841
222,47,22,categorization,0,bedroom,SHINEd_bedroom_030.tif,23,0.1,0.0666666666666667,0.882946241633497
222,48,22,categorization,0,livingroom,SHINEd_livingroom_010.tif,68,0.1,0.0666666666666667,1.65537717700827
222,49,22,categorization,0,livingroom,SHINEd_livingroom_014.tif,71,0.1,0.0666666666666667,1.3673381486737
222,50,22,categorization,0,livingroom,SHINEd_livingroom_032.tif,84,0.1,0.0666666666666667,1.72076263131579
222,1,23,categorization,0,bedroom,SHINEd_bedroom_029.tif,22,0.1,0.0666666666666667,0.751594740214004
222,2,23,categorization,0,livingroom,SHINEd_livingroom_008.tif,67,0.1,0.0666666666666667,1.68888892358724
222,3,23,categorization,0,bedroom,SHINEd_bedroom_099.tif,51,0.1,0.0666666666666667,1.47632785230386
222,4,23,categorization,0,livingroom,SHINEd_livingroom_030.tif,82,0.1,0.0666666666666667,1.32873897058951
222,5,23,categorization,0,livingroom,SHINEd_livingroom_013.tif,70,0.1,0.0666666666666667,1.06084974397897
222,6,23,categorization,0,bedroom,SHINEd_bedroom_012.tif,15,0.1,0.0666666666666667,1.97806903881954
222,7,23,categorization,0,bedroom,SHINEd_bedroom_045.tif,29,0.1,0.0666666666666667,1.23792620093303
222,8,23,categorization,0,bedroom,SHINEd_bedroom_093.tif,48,0.1,0.0666666666666667,0.803695165449717
222,9,23,categorization,0,livingroom,SHINEd_livingroom_020.tif,75,0.1,0.0666666666666667,1.74651616325636
222,10,23,categorization,0,livingroom,SHINEd_livingroom_047.tif,90,0.1,0.0666666666666667,1.07596899456506
222,11,23,categorization,0,livingroom,SHINEd_livingroom_059.tif,98,0.1,0.0666666666666667,1.62575286245415
222,12,23,categorization,0,livingroom,SHINEd_livingroom_087.tif,105,0.1,0.0666666666666667,1.59135829130471
222,13,23,categorization,0,livingroom,SHINEd_livingroom_025.tif,79,0.1,0.0666666666666667,1.05236351286726
222,14,23,categorization,0,livingroom,SHINEd_livingroom_019.tif,74,0.1,0.0666666666666667,1.74250269116474
222,15,23,categorization,0,livingroom,SHINEd_livingroom_036.tif,85,0.1,0.0666666666666667,1.60868991569798
222,16,23,categorization,0,livingroom,SHINEd_livingroom_049.tif,92,0.1,0.0666666666666667,1.95571680400821
222,17,23,categorization,0,bedroom,SHINEd_bedroom_010.tif,13,0.1,0.0666666666666667,1.82273246211406
222,18,23,categorization,0,livingroom,SHINEd_livingroom_068.tif,100,0.1,0.0666666666666667,1.0041824712288
222,19,23,categorization,0,bedroom,SHINEd_bedroom_046.tif,30,0.1,0.0666666666666667,1.51980802951704
222,20,23,categorization,0,livingroom,SHINEd_livingroom_088.tif,106,0.1,0.0666666666666667,1.25620045478259
222,21,23,categorization,0,livingroom,SHINEd_livingroom_028.tif,80,0.1,0.0666666666666667,1.23999410982081
222,22,23,categorization,0,bedroom,SHINEd_bedroom_074.tif,40,0.1,0.0666666666666667,1.34383863526113
222,23,23,categorization,0,bedroom,SHINEd_bedroom_048.tif,32,0.1,0.0666666666666667,1.17043096789634
222,24,23,categorization,0,bedroom,SHINEd_bedroom_125.tif,59,0.1,0.0666666666666667,0.991568463237075
222,25,23,categorization,0,bedroom,SHINEd_bedroom_020.tif,19,0.1,0.0666666666666667,1.25229253194093
222,26,23,categorization,0,bedroom,SHINEd_bedroom_086.tif,45,0.1,0.0666666666666667,0.803779226803412
222,27,23,categorization,0,bedroom,SHINEd_bedroom_008.tif,11,0.1,0.0666666666666667,0.722588865112569
222,28,23,categorization,0,livingroom,SHINEd_livingroom_007.tif,66,0.1,0.0666666666666667,0.825370206382802
222,29,23,categorization,0,livingroom,SHINEd_livingroom_016.tif,72,0.1,0.0666666666666667,0.859989945258308
222,30,23,categorization,0,livingroom,SHINEd_livingroom_054.tif,95,0.1,0.0666666666666667,1.22428697559725
222,31,23,categorization,0,livingroom,SHINEd_livingroom_072.tif,101,0.1,0.0666666666666667,1.06646290123756
222,32,23,categorization,0,livingroom,SHINEd_livingroom_012.tif,69,0.1,0.0666666666666667,1.68789100276664
222,33,23,categorization,0,bedroom,SHINEd_bedroom_106.tif,52,0.1,0.0666666666666667,0.81480222616223
222,34,23,categorization,0,livingroom,SHINEd_livingroom_092.tif,109,0.1,0.0666666666666667,1.04613587820098
222,35,23,categorization,0,livingroom,SHINEd_livingroom_014.tif,71,0.1,0.0666666666666667,1.07158916008324
222,36,23,categorization,0,livingroom,SHINEd_livingroom_060.tif,99,0.1,0.0666666666666667,0.739502815353623
222,37,23,categorization,0,livingroom,SHINEd_livingroom_073.tif,102,0.1,0.0666666666666667,1.63535397968933
222,38,23,categorization,0,bedroom,SHINEd_bedroom_112.tif,53,0.1,0.0666666666666667,0.909839719852395
222,39,23,categorization,0,livingroom,SHINEd_livingroom_039.tif,87,0.1,0.0666666666666667,0.808590732922908
222,40,23,categorization,0,bedroom,SHINEd_bedroom_009.tif,12,0.1,0.0666666666666667,0.821436794575182
222,41,23,categorization,0,livingroom,SHINEd_livingroom_048.tif,91,0.1,0.0666666666666667,1.03108069842388
222,42,23,categorization,0,bedroom,SHINEd_bedroom_016.tif,17,0.1,0.0666666666666667,1.25252377724618
222,43,23,categorization,0,bedroom,SHINEd_bedroom_080.tif,43,0.1,0.0666666666666667,0.951099549440179
222,44,23,categorization,0,bedroom,SHINEd_bedroom_030.tif,23,0.1,0.0666666666666667,1.28316323193282
222,45,23,categorization,0,livingroom,SHINEd_livingroom_031.tif,83,0.1,0.0666666666666667,0.966343095014543
222,46,23,categorization,0,bedroom,SHINEd_bedroom_126.tif,60,0.1,0.0666666666666667,1.88921772034448
222,47,23,categorization,0,bedroom,SHINEd_bedroom_114.tif,54,0.1,0.0666666666666667,1.04451500041562
222,48,23,categorization,0,livingroom,SHINEd_livingroom_024.tif,78,0.1,0.0666666666666667,1.14365976884193
222,49,23,categorization,0,livingroom,SHINEd_livingroom_083.tif,104,0.1,0.0666666666666667,0.869443827760268
222,50,23,categorization,0,bedroom,SHINEd_bedroom_039.tif,26,0.1,0.0666666666666667,1.64876025885746
222,1,24,categorization,0,bedroom,SHINEd_bedroom_079.tif,42,0.1,0.0666666666666667,1.49218546465965
222,2,24,categorization,0,bedroom,SHINEd_bedroom_023.tif,20,0.1,0.0666666666666667,1.08758746583248
222,3,24,categorization,0,livingroom,SHINEd_livingroom_052.tif,94,0.1,0.0666666666666667,1.80662011032923
222,4,24,categorization,0,livingroom,SHINEd_livingroom_043.tif,88,0.1,0.0666666666666667,0.780013092844148
222,5,24,categorization,0,livingroom,SHINEd_livingroom_003.tif,62,0.1,0.0666666666666667,1.84045664731467
222,6,24,categorization,0,bedroom,SHINEd_bedroom_032.tif,24,0.1,0.0666666666666667,1.68794107539911
222,7,24,categorization,0,livingroom,SHINEd_livingroom_022.tif,76,0.1,0.0666666666666667,0.779798063630739
222,8,24,categorization,0,livingroom,SHINEd_livingroom_023.tif,77,0.1,0.0666666666666667,1.23606237105086
222,9,24,categorization,0,bedroom,SHINEd_bedroom_119.tif,57,0.1,0.0666666666666667,1.16928163876058
222,10,24,categorization,0,bedroom,SHINEd_bedroom_025.tif,21,0.1,0.0666666666666667,1.034520384297
222,11,24,categorization,0,livingroom,SHINEd_livingroom_62.tif,110,0.1,0.0666666666666667,1.08386850441414
222,12,24,categorization,0,livingroom,SHINEd_livingroom_037.tif,86,0.1,0.0666666666666667,0.78854491920718
222,13,24,categorization,0,livingroom,SHINEd_livingroom_055.tif,96,0.1,0.0666666666666667,1.63483724005852
222,14,24,categorization,0,livingroom,SHINEd_livingroom_050.tif,93,0.1,0.0666666666666667,1.8370483083213
222,15,24,categorization,0,bedroom,SHINEd_bedroom_085.tif,44,0.1,0.0666666666666667,1.14791162901644
222,16,24,categorization,0,bedroom,SHINEd_bedroom_097.tif,49,0.1,0.0666666666666667,0.733165650732968
222,17,24,categorization,0,bedroom,SHINEd_bedroom_089.tif,46,0.1,0.0666666666666667,1.54935631222634
222,18,24,categorization,0,livingroom,SHINEd_livingroom_029.tif,81,0.1,0.0666666666666667,0.781881833540889
222,19,24,categorization,0,livingroom,SHINEd_livingroom_006.tif,65,0.1,0.0666666666666667,0.972450550624091
222,20,24,categorization,0,bedroom,SHINEd_bedroom_118.tif,56,0.1,0.0666666666666667,0.723312082297381
222,21,24,categorization,0,bedroom,SHINEd_bedroom_041.tif,27,0.1,0.0666666666666667,1.427876757103
222,22,24,categorization,0,bedroom,SHINEd_bedroom_098.tif,50,0.1,0.0666666666666667,0.748385153636763
222,23,24,categorization,0,bedroom,SHINEd_bedroom_018.tif,18,0.1,0.0666666666666667,0.973890623006769
222,24,24,categorization,0,bedroom,SHINEd_bedroom_120.tif,58,0.1,0.0666666666666667,1.24672340561679
222,25,24,categorization,0,livingroom,SHINEd_livingroom_081.tif,103,0.1,0.0666666666666667,1.37305105301473
222,26,24,categorization,0,livingroom,SHINEd_livingroom_018.tif,73,0.1,0.0666666666666667,1.8556016001653
222,27,24,categorization,0,livingroom,SHINEd_livingroom_046.tif,89,0.1,0.0666666666666667,0.744193084882659
222,28,24,categorization,0,livingroom,SHINEd_livingroom_089.tif,107,0.1,0.0666666666666667,0.815793114529168
222,29,24,categorization,0,bedroom,SHINEd_bedroom_052.tif,34,0.1,0.0666666666666667,1.27725586090587
222,30,24,categorization,0,bedroom,SHINEd_bedroom_090.tif,47,0.1,0.0666666666666667,1.79176578023939
222,31,24,categorization,0,bedroom,SHINEd_bedroom_036.tif,25,0.1,0.0666666666666667,0.897367829072799
222,32,24,categorization,0,livingroom,SHINEd_livingroom_057.tif,97,0.1,0.0666666666666667,0.845339819031359
222,33,24,categorization,0,livingroom,SHINEd_livingroom_004.tif,63,0.1,0.0666666666666667,1.77964724787092
222,34,24,categorization,0,bedroom,SHINEd_bedroom_075.tif,41,0.1,0.0666666666666667,1.4492474530996
222,35,24,categorization,0,bedroom,SHINEd_bedroom_069.tif,39,0.1,0.0666666666666667,0.792214522846501
222,36,24,categorization,0,bedroom,SHINEd_bedroom_011.tif,14,0.1,0.0666666666666667,1.55606389839854
222,37,24,categorization,0,bedroom,SHINEd_bedroom_047.tif,31,0.1,0.0666666666666667,1.35607245739118
222,38,24,categorization,0,bedroom,SHINEd_bedroom_051.tif,33,0.1,0.0666666666666667,0.892065994498097
222,39,24,categorization,0,livingroom,SHINEd_livingroom_001.tif,61,0.1,0.0666666666666667,0.777273335465072
222,40,24,categorization,0,bedroom,SHINEd_bedroom_062.tif,36,0.1,0.0666666666666667,0.765011205186186
222,41,24,categorization,0,livingroom,SHINEd_livingroom_005.tif,64,0.1,0.0666666666666667,0.917579299536064
222,42,24,categorization,0,bedroom,SHINEd_bedroom_116.tif,55,0.1,0.0666666666666667,1.24291779733562
222,43,24,categorization,0,bedroom,SHINEd_bedroom_067.tif,37,0.1,0.0666666666666667,1.53462730843322
222,44,24,categorization,0,bedroom,SHINEd_bedroom_056.tif,35,0.1,0.0666666666666667,0.85688979058992
222,45,24,categorization,0,bedroom,SHINEd_bedroom_042.tif,28,0.1,0.0666666666666667,1.83580082819548
222,46,24,categorization,0,bedroom,SHINEd_bedroom_068.tif,38,0.1,0.0666666666666667,1.88001503265381
222,47,24,categorization,0,livingroom,SHINEd_livingroom_010.tif,68,0.1,0.0666666666666667,0.836515785638035
222,48,24,categorization,0,livingroom,SHINEd_livingroom_032.tif,84,0.1,0.0666666666666667,1.05693961798051
222,49,24,categorization,0,livingroom,SHINEd_livingroom_090.tif,108,0.1,0.0666666666666667,1.9528480772327
222,50,24,categorization,0,bedroom,SHINEd_bedroom_014.tif,16,0.1,0.0666666666666667,1.19015820505115
