sub_num,trial,block,task,is_practice,category,image,texture,duration,mask_dur,jitter
219,1,0,categorization,1,bedroom,SHINEd_practice_bedroom_027.tif,113,0.1,0.0666666666666667,0.766458772904117
219,2,0,categorization,1,bedroom,SHINEd_practice_bedroom_019.tif,112,0.1,0.0666666666666667,1.57405380033085
219,3,0,categorization,1,livingroom,SHINEd_practice_livingroom_067.tif,120,0.1,0.0666666666666667,1.13535648586394
219,4,0,categorization,1,livingroom,SHINEd_practice_livingroom_015.tif,117,0.1,0.0666666666666667,0.767443561036346
219,5,0,categorization,1,livingroom,SHINEd_practice_livingroom_002.tif,116,0.1,0.0666666666666667,0.969046565919811
219,6,0,categorization,1,livingroom,SHINEd_practice_livingroom_041.tif,118,0.1,0.0666666666666667,1.80267358800677
219,7,0,categorization,1,bedroom,SHINEd_practice_bedroom_122.tif,115,0.1,0.0666666666666667,1.76640466239482
219,8,0,categorization,1,livingroom,SHINEd_practice_livingroom_066.tif,119,0.1,0.0666666666666667,1.17493310785388
219,9,0,categorization,1,bedroom,SHINEd_practice_bedroom_015.tif,111,0.1,0.0666666666666667,0.708871525246821
219,10,0,categorization,1,bedroom,SHINEd_practice_bedroom_057.tif,114,0.1,0.0666666666666667,1.45581992454186
219,1,1,categorization,0,bedroom,SHINEd_bedroom_008.tif,11,0.1,0.0666666666666667,1.30850485606346
219,2,1,categorization,0,bedroom,SHINEd_bedroom_052.tif,34,0.1,0.0666666666666667,1.52444139421898
219,3,1,categorization,0,bedroom,SHINEd_bedroom_093.tif,48,0.1,0.0666666666666667,1.09265883874592
219,4,1,categorization,0,bedroom,SHINEd_bedroom_041.tif,27,0.1,0.0666666666666667,1.09413685839929
219,5,1,categorization,0,bedroom,SHINEd_bedroom_080.tif,43,0.1,0.0666666666666667,1.44379239324138
219,6,1,categorization,0,bedroom,SHINEd_bedroom_036.tif,25,0.1,0.0666666666666667,1.0030509013253
219,7,1,categorization,0,bedroom,SHINEd_bedroom_045.tif,29,0.1,0.0666666666666667,1.40788039950606
219,8,1,categorization,0,livingroom,SHINEd_livingroom_050.tif,93,0.1,0.0666666666666667,1.82513077218913
219,9,1,categorization,0,bedroom,SHINEd_bedroom_047.tif,31,0.1,0.0666666666666667,0.832362346970092
219,10,1,categorization,0,livingroom,SHINEd_livingroom_046.tif,89,0.1,0.0666666666666667,1.8363626709599
219,11,1,categorization,0,livingroom,SHINEd_livingroom_031.tif,83,0.1,0.0666666666666667,0.892645099597515
219,12,1,categorization,0,livingroom,SHINEd_livingroom_088.tif,106,0.1,0.0666666666666667,1.43643833036596
219,13,1,categorization,0,bedroom,SHINEd_bedroom_126.tif,60,0.1,0.0666666666666667,0.971452602727744
219,14,1,categorization,0,livingroom,SHINEd_livingroom_025.tif,79,0.1,0.0666666666666667,1.36716657672441
219,15,1,categorization,0,livingroom,SHINEd_livingroom_092.tif,109,0.1,0.0666666666666667,1.37111467617439
219,16,1,categorization,0,livingroom,SHINEd_livingroom_018.tif,73,0.1,0.0666666666666667,0.962589095178413
219,17,1,categorization,0,livingroom,SHINEd_livingroom_052.tif,94,0.1,0.0666666666666667,1.18796276932519
219,18,1,categorization,0,bedroom,SHINEd_bedroom_042.tif,28,0.1,0.0666666666666667,0.960445943184728
219,19,1,categorization,0,bedroom,SHINEd_bedroom_010.tif,13,0.1,0.0666666666666667,1.76458888073083
219,20,1,categorization,0,livingroom,SHINEd_livingroom_083.tif,104,0.1,0.0666666666666667,0.930129116495994
219,21,1,categorization,0,bedroom,SHINEd_bedroom_090.tif,47,0.1,0.0666666666666667,1.03921812615268
219,22,1,categorization,0,livingroom,SHINEd_livingroom_005.tif,64,0.1,0.0666666666666667,0.814431744004593
219,23,1,categorization,0,livingroom,SHINEd_livingroom_049.tif,92,0.1,0.0666666666666667,1.51967978074738
219,24,1,categorization,0,livingroom,SHINEd_livingroom_019.tif,74,0.1,0.0666666666666667,0.912364788915192
219,25,1,categorization,0,livingroom,SHINEd_livingroom_059.tif,98,0.1,0.0666666666666667,0.898559836146849
219,26,1,categorization,0,bedroom,SHINEd_bedroom_119.tif,57,0.1,0.0666666666666667,0.807554790523987
219,27,1,categorization,0,livingroom,SHINEd_livingroom_024.tif,78,0.1,0.0666666666666667,1.02268920881585
219,28,1,categorization,0,bedroom,SHINEd_bedroom_051.tif,33,0.1,0.0666666666666667,1.40992018019968
219,29,1,categorization,0,bedroom,SHINEd_bedroom_112.tif,53,0.1,0.0666666666666667,1.05791479135541
219,30,1,categorization,0,bedroom,SHINEd_bedroom_032.tif,24,0.1,0.0666666666666667,1.16014239811534
219,31,1,categorization,0,livingroom,SHINEd_livingroom_037.tif,86,0.1,0.0666666666666667,1.92085141693784
219,32,1,categorization,0,livingroom,SHINEd_livingroom_020.tif,75,0.1,0.0666666666666667,0.882500583875313
219,33,1,categorization,0,bedroom,SHINEd_bedroom_011.tif,14,0.1,0.0666666666666667,1.66445359390641
219,34,1,categorization,0,bedroom,SHINEd_bedroom_089.tif,46,0.1,0.0666666666666667,0.739049953681113
219,35,1,categorization,0,bedroom,SHINEd_bedroom_009.tif,12,0.1,0.0666666666666667,1.30631235075184
219,36,1,categorization,0,livingroom,SHINEd_livingroom_022.tif,76,0.1,0.0666666666666667,0.831253685613661
219,37,1,categorization,0,bedroom,SHINEd_bedroom_075.tif,41,0.1,0.0666666666666667,1.15436902979078
219,38,1,categorization,0,bedroom,SHINEd_bedroom_086.tif,45,0.1,0.0666666666666667,1.53971769756909
219,39,1,categorization,0,bedroom,SHINEd_bedroom_106.tif,52,0.1,0.0666666666666667,0.982613569002904
219,40,1,categorization,0,livingroom,SHINEd_livingroom_043.tif,88,0.1,0.0666666666666667,1.24521585117975
219,41,1,categorization,0,livingroom,SHINEd_livingroom_089.tif,107,0.1,0.0666666666666667,1.28340009726604
219,42,1,categorization,0,livingroom,SHINEd_livingroom_030.tif,82,0.1,0.0666666666666667,1.55580202158831
219,43,1,categorization,0,livingroom,SHINEd_livingroom_072.tif,101,0.1,0.0666666666666667,0.780517998362464
219,44,1,categorization,0,bedroom,SHINEd_bedroom_079.tif,42,0.1,0.0666666666666667,1.08443209708529
219,45,1,categorization,0,bedroom,SHINEd_bedroom_039.tif,26,0.1,0.0666666666666667,1.64857369160059
219,46,1,categorization,0,bedroom,SHINEd_bedroom_016.tif,17,0.1,0.0666666666666667,1.39882951074162
219,47,1,categorization,0,livingroom,SHINEd_livingroom_054.tif,95,0.1,0.0666666666666667,1.15324792330302
219,48,1,categorization,0,livingroom,SHINEd_livingroom_014.tif,71,0.1,0.0666666666666667,0.988781135828842
219,49,1,categorization,0,livingroom,SHINEd_livingroom_087.tif,105,0.1,0.0666666666666667,1.15538408844063
219,50,1,categorization,0,livingroom,SHINEd_livingroom_060.tif,99,0.1,0.0666666666666667,1.01452294215287
219,1,2,categorization,0,bedroom,SHINEd_bedroom_116.tif,55,0.1,0.0666666666666667,0.793000658926432
219,2,2,categorization,0,livingroom,SHINEd_livingroom_090.tif,108,0.1,0.0666666666666667,1.32440785373528
219,3,2,categorization,0,livingroom,SHINEd_livingroom_004.tif,63,0.1,0.0666666666666667,1.47634336623683
219,4,2,categorization,0,bedroom,SHINEd_bedroom_056.tif,35,0.1,0.0666666666666667,0.790064838997
219,5,2,categorization,0,bedroom,SHINEd_bedroom_074.tif,40,0.1,0.0666666666666667,1.58260155487936
219,6,2,categorization,0,livingroom,SHINEd_livingroom_003.tif,62,0.1,0.0666666666666667,1.08357571023864
219,7,2,categorization,0,bedroom,SHINEd_bedroom_020.tif,19,0.1,0.0666666666666667,1.72675508124999
219,8,2,categorization,0,livingroom,SHINEd_livingroom_006.tif,65,0.1,0.0666666666666667,0.986860366008605
219,9,2,categorization,0,bedroom,SHINEd_bedroom_046.tif,30,0.1,0.0666666666666667,0.710365664505765
219,10,2,categorization,0,livingroom,SHINEd_livingroom_001.tif,61,0.1,0.0666666666666667,1.12972809443318
219,11,2,categorization,0,bedroom,SHINEd_bedroom_097.tif,49,0.1,0.0666666666666667,0.844139668150014
219,12,2,categorization,0,livingroom,SHINEd_livingroom_081.tif,103,0.1,0.0666666666666667,1.11865208163473
219,13,2,categorization,0,bedroom,SHINEd_bedroom_099.tif,51,0.1,0.0666666666666667,1.59953372547912
219,14,2,categorization,0,livingroom,SHINEd_livingroom_073.tif,102,0.1,0.0666666666666667,1.81684661013953
219,15,2,categorization,0,bedroom,SHINEd_bedroom_014.tif,16,0.1,0.0666666666666667,1.2377177147066
219,16,2,categorization,0,livingroom,SHINEd_livingroom_048.tif,91,0.1,0.0666666666666667,1.16772374207963
219,17,2,categorization,0,livingroom,SHINEd_livingroom_047.tif,90,0.1,0.0666666666666667,0.883314295740977
219,18,2,categorization,0,livingroom,SHINEd_livingroom_023.tif,77,0.1,0.0666666666666667,1.05992863213426
219,19,2,categorization,0,livingroom,SHINEd_livingroom_012.tif,69,0.1,0.0666666666666667,1.46332211664866
219,20,2,categorization,0,livingroom,SHINEd_livingroom_057.tif,97,0.1,0.0666666666666667,1.07150867525297
219,21,2,categorization,0,bedroom,SHINEd_bedroom_048.tif,32,0.1,0.0666666666666667,1.20842526967211
219,22,2,categorization,0,bedroom,SHINEd_bedroom_023.tif,20,0.1,0.0666666666666667,1.94264507394321
219,23,2,categorization,0,livingroom,SHINEd_livingroom_62.tif,110,0.1,0.0666666666666667,1.64194596975365
219,24,2,categorization,0,livingroom,SHINEd_livingroom_055.tif,96,0.1,0.0666666666666667,1.41250958792086
219,25,2,categorization,0,bedroom,SHINEd_bedroom_118.tif,56,0.1,0.0666666666666667,1.8619970317899
219,26,2,categorization,0,livingroom,SHINEd_livingroom_007.tif,66,0.1,0.0666666666666667,1.33952017365739
219,27,2,categorization,0,livingroom,SHINEd_livingroom_013.tif,70,0.1,0.0666666666666667,1.33161656253435
219,28,2,categorization,0,livingroom,SHINEd_livingroom_008.tif,67,0.1,0.0666666666666667,0.794031740098242
219,29,2,categorization,0,livingroom,SHINEd_livingroom_068.tif,100,0.1,0.0666666666666667,1.10903353798549
219,30,2,categorization,0,bedroom,SHINEd_bedroom_085.tif,44,0.1,0.0666666666666667,0.962755999115184
219,31,2,categorization,0,bedroom,SHINEd_bedroom_030.tif,23,0.1,0.0666666666666667,0.852983321131185
219,32,2,categorization,0,livingroom,SHINEd_livingroom_010.tif,68,0.1,0.0666666666666667,1.76790717482205
219,33,2,categorization,0,bedroom,SHINEd_bedroom_069.tif,39,0.1,0.0666666666666667,0.712873386305449
219,34,2,categorization,0,bedroom,SHINEd_bedroom_068.tif,38,0.1,0.0666666666666667,1.15126055483987
219,35,2,categorization,0,bedroom,SHINEd_bedroom_025.tif,21,0.1,0.0666666666666667,0.712121390543184
219,36,2,categorization,0,bedroom,SHINEd_bedroom_018.tif,18,0.1,0.0666666666666667,1.26415765909284
219,37,2,categorization,0,livingroom,SHINEd_livingroom_032.tif,84,0.1,0.0666666666666667,0.843106065260903
219,38,2,categorization,0,livingroom,SHINEd_livingroom_028.tif,80,0.1,0.0666666666666667,1.30281794262371
219,39,2,categorization,0,bedroom,SHINEd_bedroom_062.tif,36,0.1,0.0666666666666667,1.61951402855555
219,40,2,categorization,0,livingroom,SHINEd_livingroom_036.tif,85,0.1,0.0666666666666667,1.31516439192056
219,41,2,categorization,0,livingroom,SHINEd_livingroom_029.tif,81,0.1,0.0666666666666667,1.06895675065145
219,42,2,categorization,0,bedroom,SHINEd_bedroom_012.tif,15,0.1,0.0666666666666667,1.34589598422903
219,43,2,categorization,0,bedroom,SHINEd_bedroom_120.tif,58,0.1,0.0666666666666667,1.91193090525686
219,44,2,categorization,0,livingroom,SHINEd_livingroom_039.tif,87,0.1,0.0666666666666667,0.793753544853887
219,45,2,categorization,0,bedroom,SHINEd_bedroom_029.tif,22,0.1,0.0666666666666667,1.26692666276305
219,46,2,categorization,0,bedroom,SHINEd_bedroom_114.tif,54,0.1,0.0666666666666667,0.894812008707436
219,47,2,categorization,0,livingroom,SHINEd_livingroom_016.tif,72,0.1,0.0666666666666667,0.909026742644503
219,48,2,categorization,0,bedroom,SHINEd_bedroom_067.tif,37,0.1,0.0666666666666667,1.13469241465174
219,49,2,categorization,0,bedroom,SHINEd_bedroom_125.tif,59,0.1,0.0666666666666667,1.03747851575635
219,50,2,categorization,0,bedroom,SHINEd_bedroom_098.tif,50,0.1,0.0666666666666667,0.860977159286456
219,1,3,categorization,0,bedroom,SHINEd_bedroom_051.tif,33,0.1,0.0666666666666667,0.836158872730461
219,2,3,categorization,0,livingroom,SHINEd_livingroom_083.tif,104,0.1,0.0666666666666667,0.93903855242799
219,3,3,categorization,0,livingroom,SHINEd_livingroom_043.tif,88,0.1,0.0666666666666667,1.74934119149265
219,4,3,categorization,0,livingroom,SHINEd_livingroom_016.tif,72,0.1,0.0666666666666667,1.98742364758856
219,5,3,categorization,0,livingroom,SHINEd_livingroom_020.tif,75,0.1,0.0666666666666667,1.92983591259663
219,6,3,categorization,0,livingroom,SHINEd_livingroom_029.tif,81,0.1,0.0666666666666667,1.89387560787672
219,7,3,categorization,0,bedroom,SHINEd_bedroom_047.tif,31,0.1,0.0666666666666667,1.27181674945962
219,8,3,categorization,0,livingroom,SHINEd_livingroom_005.tif,64,0.1,0.0666666666666667,0.965057074158873
219,9,3,categorization,0,bedroom,SHINEd_bedroom_097.tif,49,0.1,0.0666666666666667,0.915565305956905
219,10,3,categorization,0,bedroom,SHINEd_bedroom_112.tif,53,0.1,0.0666666666666667,1.81668556817045
219,11,3,categorization,0,livingroom,SHINEd_livingroom_007.tif,66,0.1,0.0666666666666667,1.08131494907127
219,12,3,categorization,0,bedroom,SHINEd_bedroom_125.tif,59,0.1,0.0666666666666667,1.64368369409727
219,13,3,categorization,0,bedroom,SHINEd_bedroom_074.tif,40,0.1,0.0666666666666667,1.97595778471238
219,14,3,categorization,0,livingroom,SHINEd_livingroom_62.tif,110,0.1,0.0666666666666667,1.21073308008533
219,15,3,categorization,0,livingroom,SHINEd_livingroom_055.tif,96,0.1,0.0666666666666667,1.63009343419463
219,16,3,categorization,0,livingroom,SHINEd_livingroom_039.tif,87,0.1,0.0666666666666667,1.28888230855956
219,17,3,categorization,0,bedroom,SHINEd_bedroom_018.tif,18,0.1,0.0666666666666667,1.11230808960981
219,18,3,categorization,0,bedroom,SHINEd_bedroom_062.tif,36,0.1,0.0666666666666667,1.04976864809817
219,19,3,categorization,0,livingroom,SHINEd_livingroom_090.tif,108,0.1,0.0666666666666667,1.07603642853172
219,20,3,categorization,0,livingroom,SHINEd_livingroom_008.tif,67,0.1,0.0666666666666667,1.28424050217503
219,21,3,categorization,0,livingroom,SHINEd_livingroom_048.tif,91,0.1,0.0666666666666667,0.960938014807416
219,22,3,categorization,0,livingroom,SHINEd_livingroom_052.tif,94,0.1,0.0666666666666667,1.52581654130103
219,23,3,categorization,0,bedroom,SHINEd_bedroom_020.tif,19,0.1,0.0666666666666667,1.08316507325449
219,24,3,categorization,0,bedroom,SHINEd_bedroom_118.tif,56,0.1,0.0666666666666667,0.839392124024443
219,25,3,categorization,0,livingroom,SHINEd_livingroom_010.tif,68,0.1,0.0666666666666667,0.877226201390138
219,26,3,categorization,0,livingroom,SHINEd_livingroom_032.tif,84,0.1,0.0666666666666667,1.70041392639983
219,27,3,categorization,0,livingroom,SHINEd_livingroom_001.tif,61,0.1,0.0666666666666667,1.9865995801037
219,28,3,categorization,0,bedroom,SHINEd_bedroom_011.tif,14,0.1,0.0666666666666667,1.0284913064328
219,29,3,categorization,0,livingroom,SHINEd_livingroom_004.tif,63,0.1,0.0666666666666667,1.40459697954454
219,30,3,categorization,0,livingroom,SHINEd_livingroom_049.tif,92,0.1,0.0666666666666667,1.88795801220087
219,31,3,categorization,0,livingroom,SHINEd_livingroom_050.tif,93,0.1,0.0666666666666667,1.0653066330095
219,32,3,categorization,0,livingroom,SHINEd_livingroom_057.tif,97,0.1,0.0666666666666667,1.04675366167507
219,33,3,categorization,0,bedroom,SHINEd_bedroom_016.tif,17,0.1,0.0666666666666667,1.32430380991651
219,34,3,categorization,0,livingroom,SHINEd_livingroom_028.tif,80,0.1,0.0666666666666667,0.750911377044621
219,35,3,categorization,0,bedroom,SHINEd_bedroom_039.tif,26,0.1,0.0666666666666667,1.98969144927403
219,36,3,categorization,0,bedroom,SHINEd_bedroom_046.tif,30,0.1,0.0666666666666667,1.06894142344438
219,37,3,categorization,0,bedroom,SHINEd_bedroom_009.tif,12,0.1,0.0666666666666667,1.34917427792768
219,38,3,categorization,0,bedroom,SHINEd_bedroom_010.tif,13,0.1,0.0666666666666667,1.49263377159361
219,39,3,categorization,0,livingroom,SHINEd_livingroom_019.tif,74,0.1,0.0666666666666667,1.25862864364543
219,40,3,categorization,0,bedroom,SHINEd_bedroom_012.tif,15,0.1,0.0666666666666667,1.69130222426778
219,41,3,categorization,0,livingroom,SHINEd_livingroom_014.tif,71,0.1,0.0666666666666667,1.5180533343105
219,42,3,categorization,0,bedroom,SHINEd_bedroom_089.tif,46,0.1,0.0666666666666667,0.99576149749161
219,43,3,categorization,0,bedroom,SHINEd_bedroom_086.tif,45,0.1,0.0666666666666667,0.888109731743029
219,44,3,categorization,0,bedroom,SHINEd_bedroom_036.tif,25,0.1,0.0666666666666667,1.05258694741611
219,45,3,categorization,0,bedroom,SHINEd_bedroom_080.tif,43,0.1,0.0666666666666667,1.98738598456208
219,46,3,categorization,0,bedroom,SHINEd_bedroom_068.tif,38,0.1,0.0666666666666667,0.858290734017014
219,47,3,categorization,0,livingroom,SHINEd_livingroom_073.tif,102,0.1,0.0666666666666667,0.781304368450009
219,48,3,categorization,0,bedroom,SHINEd_bedroom_120.tif,58,0.1,0.0666666666666667,0.871460257508913
219,49,3,categorization,0,livingroom,SHINEd_livingroom_089.tif,107,0.1,0.0666666666666667,1.71419081717162
219,50,3,categorization,0,bedroom,SHINEd_bedroom_106.tif,52,0.1,0.0666666666666667,1.14207870591725
219,1,4,categorization,0,bedroom,SHINEd_bedroom_023.tif,20,0.1,0.0666666666666667,1.04226385402703
219,2,4,categorization,0,livingroom,SHINEd_livingroom_060.tif,99,0.1,0.0666666666666667,1.27505119336699
219,3,4,categorization,0,bedroom,SHINEd_bedroom_093.tif,48,0.1,0.0666666666666667,1.24170582104322
219,4,4,categorization,0,livingroom,SHINEd_livingroom_037.tif,86,0.1,0.0666666666666667,1.6538247369675
219,5,4,categorization,0,bedroom,SHINEd_bedroom_045.tif,29,0.1,0.0666666666666667,1.32878616355037
219,6,4,categorization,0,livingroom,SHINEd_livingroom_012.tif,69,0.1,0.0666666666666667,1.392450743548
219,7,4,categorization,0,livingroom,SHINEd_livingroom_003.tif,62,0.1,0.0666666666666667,1.61107200587408
219,8,4,categorization,0,bedroom,SHINEd_bedroom_008.tif,11,0.1,0.0666666666666667,0.959172839942488
219,9,4,categorization,0,livingroom,SHINEd_livingroom_072.tif,101,0.1,0.0666666666666667,1.00332511098093
219,10,4,categorization,0,bedroom,SHINEd_bedroom_041.tif,27,0.1,0.0666666666666667,1.02748962281102
219,11,4,categorization,0,bedroom,SHINEd_bedroom_042.tif,28,0.1,0.0666666666666667,0.989830104196156
219,12,4,categorization,0,bedroom,SHINEd_bedroom_032.tif,24,0.1,0.0666666666666667,0.746010961990568
219,13,4,categorization,0,bedroom,SHINEd_bedroom_075.tif,41,0.1,0.0666666666666667,0.986300489099639
219,14,4,categorization,0,bedroom,SHINEd_bedroom_119.tif,57,0.1,0.0666666666666667,1.38630195360709
219,15,4,categorization,0,livingroom,SHINEd_livingroom_031.tif,83,0.1,0.0666666666666667,1.20764595317667
219,16,4,categorization,0,bedroom,SHINEd_bedroom_056.tif,35,0.1,0.0666666666666667,0.805649903915533
219,17,4,categorization,0,livingroom,SHINEd_livingroom_018.tif,73,0.1,0.0666666666666667,1.03331844441337
219,18,4,categorization,0,bedroom,SHINEd_bedroom_052.tif,34,0.1,0.0666666666666667,1.99518761501282
219,19,4,categorization,0,bedroom,SHINEd_bedroom_014.tif,16,0.1,0.0666666666666667,1.11751016108566
219,20,4,categorization,0,bedroom,SHINEd_bedroom_090.tif,47,0.1,0.0666666666666667,1.77316981544264
219,21,4,categorization,0,livingroom,SHINEd_livingroom_022.tif,76,0.1,0.0666666666666667,0.734465117178823
219,22,4,categorization,0,bedroom,SHINEd_bedroom_030.tif,23,0.1,0.0666666666666667,1.98426348066816
219,23,4,categorization,0,bedroom,SHINEd_bedroom_029.tif,22,0.1,0.0666666666666667,1.71462893074925
219,24,4,categorization,0,bedroom,SHINEd_bedroom_085.tif,44,0.1,0.0666666666666667,1.75739833858077
219,25,4,categorization,0,livingroom,SHINEd_livingroom_013.tif,70,0.1,0.0666666666666667,1.2839499048348
219,26,4,categorization,0,livingroom,SHINEd_livingroom_087.tif,105,0.1,0.0666666666666667,1.72946872789577
219,27,4,categorization,0,livingroom,SHINEd_livingroom_025.tif,79,0.1,0.0666666666666667,1.46926799902478
219,28,4,categorization,0,bedroom,SHINEd_bedroom_126.tif,60,0.1,0.0666666666666667,1.42909063456129
219,29,4,categorization,0,livingroom,SHINEd_livingroom_059.tif,98,0.1,0.0666666666666667,1.90023098613265
219,30,4,categorization,0,livingroom,SHINEd_livingroom_006.tif,65,0.1,0.0666666666666667,0.86860331996867
219,31,4,categorization,0,livingroom,SHINEd_livingroom_030.tif,82,0.1,0.0666666666666667,0.780695375694234
219,32,4,categorization,0,livingroom,SHINEd_livingroom_024.tif,78,0.1,0.0666666666666667,1.03590681373641
219,33,4,categorization,0,livingroom,SHINEd_livingroom_036.tif,85,0.1,0.0666666666666667,1.0741376400385
219,34,4,categorization,0,livingroom,SHINEd_livingroom_092.tif,109,0.1,0.0666666666666667,1.27820864661074
219,35,4,categorization,0,livingroom,SHINEd_livingroom_081.tif,103,0.1,0.0666666666666667,1.27949847636924
219,36,4,categorization,0,livingroom,SHINEd_livingroom_068.tif,100,0.1,0.0666666666666667,1.38435223249146
219,37,4,categorization,0,bedroom,SHINEd_bedroom_099.tif,51,0.1,0.0666666666666667,1.05785925565931
219,38,4,categorization,0,bedroom,SHINEd_bedroom_069.tif,39,0.1,0.0666666666666667,0.978652592952817
219,39,4,categorization,0,livingroom,SHINEd_livingroom_054.tif,95,0.1,0.0666666666666667,0.704723707549703
219,40,4,categorization,0,livingroom,SHINEd_livingroom_088.tif,106,0.1,0.0666666666666667,1.92058037854984
219,41,4,categorization,0,bedroom,SHINEd_bedroom_114.tif,54,0.1,0.0666666666666667,0.817000647639676
219,42,4,categorization,0,bedroom,SHINEd_bedroom_048.tif,32,0.1,0.0666666666666667,0.721299958139598
219,43,4,categorization,0,bedroom,SHINEd_bedroom_079.tif,42,0.1,0.0666666666666667,1.40825502374215
219,44,4,categorization,0,livingroom,SHINEd_livingroom_047.tif,90,0.1,0.0666666666666667,1.12779478378389
219,45,4,categorization,0,bedroom,SHINEd_bedroom_025.tif,21,0.1,0.0666666666666667,1.55358435201243
219,46,4,categorization,0,bedroom,SHINEd_bedroom_116.tif,55,0.1,0.0666666666666667,0.85773309186264
219,47,4,categorization,0,bedroom,SHINEd_bedroom_067.tif,37,0.1,0.0666666666666667,1.49310062063929
219,48,4,categorization,0,livingroom,SHINEd_livingroom_023.tif,77,0.1,0.0666666666666667,1.04320422145854
219,49,4,categorization,0,livingroom,SHINEd_livingroom_046.tif,89,0.1,0.0666666666666667,1.96250394428409
219,50,4,categorization,0,bedroom,SHINEd_bedroom_098.tif,50,0.1,0.0666666666666667,0.889580610568274
219,1,5,categorization,0,bedroom,SHINEd_bedroom_090.tif,47,0.1,0.0666666666666667,0.799311222196885
219,2,5,categorization,0,livingroom,SHINEd_livingroom_068.tif,100,0.1,0.0666666666666667,0.870377534880347
219,3,5,categorization,0,livingroom,SHINEd_livingroom_028.tif,80,0.1,0.0666666666666667,0.788823374513568
219,4,5,categorization,0,livingroom,SHINEd_livingroom_029.tif,81,0.1,0.0666666666666667,1.17825293208824
219,5,5,categorization,0,livingroom,SHINEd_livingroom_014.tif,71,0.1,0.0666666666666667,1.48552091255545
219,6,5,categorization,0,bedroom,SHINEd_bedroom_068.tif,38,0.1,0.0666666666666667,0.982495456101818
219,7,5,categorization,0,bedroom,SHINEd_bedroom_067.tif,37,0.1,0.0666666666666667,1.05029534703824
219,8,5,categorization,0,bedroom,SHINEd_bedroom_116.tif,55,0.1,0.0666666666666667,1.41778809117998
219,9,5,categorization,0,bedroom,SHINEd_bedroom_098.tif,50,0.1,0.0666666666666667,1.79647198532456
219,10,5,categorization,0,livingroom,SHINEd_livingroom_090.tif,108,0.1,0.0666666666666667,1.9635290283964
219,11,5,categorization,0,livingroom,SHINEd_livingroom_087.tif,105,0.1,0.0666666666666667,0.966879673865277
219,12,5,categorization,0,bedroom,SHINEd_bedroom_009.tif,12,0.1,0.0666666666666667,1.500299727305
219,13,5,categorization,0,livingroom,SHINEd_livingroom_057.tif,97,0.1,0.0666666666666667,1.11132558199924
219,14,5,categorization,0,livingroom,SHINEd_livingroom_036.tif,85,0.1,0.0666666666666667,1.14630505020534
219,15,5,categorization,0,livingroom,SHINEd_livingroom_083.tif,104,0.1,0.0666666666666667,1.07414644230416
219,16,5,categorization,0,livingroom,SHINEd_livingroom_054.tif,95,0.1,0.0666666666666667,0.94760102481335
219,17,5,categorization,0,livingroom,SHINEd_livingroom_092.tif,109,0.1,0.0666666666666667,0.803755304419005
219,18,5,categorization,0,bedroom,SHINEd_bedroom_048.tif,32,0.1,0.0666666666666667,0.98691607064452
219,19,5,categorization,0,bedroom,SHINEd_bedroom_118.tif,56,0.1,0.0666666666666667,1.67596425481709
219,20,5,categorization,0,bedroom,SHINEd_bedroom_032.tif,24,0.1,0.0666666666666667,0.824205729457096
219,21,5,categorization,0,livingroom,SHINEd_livingroom_088.tif,106,0.1,0.0666666666666667,1.45701407770578
219,22,5,categorization,0,bedroom,SHINEd_bedroom_016.tif,17,0.1,0.0666666666666667,0.885485631730055
219,23,5,categorization,0,livingroom,SHINEd_livingroom_018.tif,73,0.1,0.0666666666666667,1.02907524253886
219,24,5,categorization,0,livingroom,SHINEd_livingroom_046.tif,89,0.1,0.0666666666666667,0.831097238032381
219,25,5,categorization,0,livingroom,SHINEd_livingroom_055.tif,96,0.1,0.0666666666666667,0.867804007469994
219,26,5,categorization,0,bedroom,SHINEd_bedroom_025.tif,21,0.1,0.0666666666666667,1.14905036014127
219,27,5,categorization,0,bedroom,SHINEd_bedroom_062.tif,36,0.1,0.0666666666666667,1.58785506744966
219,28,5,categorization,0,bedroom,SHINEd_bedroom_036.tif,25,0.1,0.0666666666666667,1.46486953684368
219,29,5,categorization,0,livingroom,SHINEd_livingroom_020.tif,75,0.1,0.0666666666666667,1.19335163667559
219,30,5,categorization,0,livingroom,SHINEd_livingroom_003.tif,62,0.1,0.0666666666666667,0.887265434718316
219,31,5,categorization,0,bedroom,SHINEd_bedroom_099.tif,51,0.1,0.0666666666666667,1.52618363759555
219,32,5,categorization,0,bedroom,SHINEd_bedroom_046.tif,30,0.1,0.0666666666666667,1.22801747682636
219,33,5,categorization,0,livingroom,SHINEd_livingroom_016.tif,72,0.1,0.0666666666666667,0.865035845639425
219,34,5,categorization,0,livingroom,SHINEd_livingroom_006.tif,65,0.1,0.0666666666666667,0.737048980991608
219,35,5,categorization,0,livingroom,SHINEd_livingroom_073.tif,102,0.1,0.0666666666666667,1.07033858619039
219,36,5,categorization,0,bedroom,SHINEd_bedroom_126.tif,60,0.1,0.0666666666666667,1.82172805250277
219,37,5,categorization,0,livingroom,SHINEd_livingroom_004.tif,63,0.1,0.0666666666666667,0.78085809263625
219,38,5,categorization,0,bedroom,SHINEd_bedroom_056.tif,35,0.1,0.0666666666666667,1.03321030583105
219,39,5,categorization,0,bedroom,SHINEd_bedroom_119.tif,57,0.1,0.0666666666666667,0.881169911515085
219,40,5,categorization,0,bedroom,SHINEd_bedroom_042.tif,28,0.1,0.0666666666666667,1.3147932919281
219,41,5,categorization,0,bedroom,SHINEd_bedroom_086.tif,45,0.1,0.0666666666666667,1.41422235444605
219,42,5,categorization,0,bedroom,SHINEd_bedroom_075.tif,41,0.1,0.0666666666666667,1.34236043079029
219,43,5,categorization,0,livingroom,SHINEd_livingroom_037.tif,86,0.1,0.0666666666666667,1.4340403679669
219,44,5,categorization,0,bedroom,SHINEd_bedroom_112.tif,53,0.1,0.0666666666666667,0.858257356104726
219,45,5,categorization,0,livingroom,SHINEd_livingroom_049.tif,92,0.1,0.0666666666666667,1.02681284861543
219,46,5,categorization,0,livingroom,SHINEd_livingroom_039.tif,87,0.1,0.0666666666666667,0.81070084943198
219,47,5,categorization,0,bedroom,SHINEd_bedroom_085.tif,44,0.1,0.0666666666666667,1.37912180066772
219,48,5,categorization,0,livingroom,SHINEd_livingroom_025.tif,79,0.1,0.0666666666666667,1.27399247381833
219,49,5,categorization,0,livingroom,SHINEd_livingroom_081.tif,103,0.1,0.0666666666666667,1.46789718534822
219,50,5,categorization,0,livingroom,SHINEd_livingroom_008.tif,67,0.1,0.0666666666666667,1.11285819286599
219,1,6,categorization,0,livingroom,SHINEd_livingroom_032.tif,84,0.1,0.0666666666666667,1.59595262542318
219,2,6,categorization,0,bedroom,SHINEd_bedroom_106.tif,52,0.1,0.0666666666666667,1.16494951915849
219,3,6,categorization,0,livingroom,SHINEd_livingroom_023.tif,77,0.1,0.0666666666666667,0.794665261440578
219,4,6,categorization,0,livingroom,SHINEd_livingroom_62.tif,110,0.1,0.0666666666666667,0.824388722960567
219,5,6,categorization,0,livingroom,SHINEd_livingroom_012.tif,69,0.1,0.0666666666666667,0.89041886727828
219,6,6,categorization,0,bedroom,SHINEd_bedroom_114.tif,54,0.1,0.0666666666666667,1.05837029158182
219,7,6,categorization,0,livingroom,SHINEd_livingroom_005.tif,64,0.1,0.0666666666666667,0.826434431273406
219,8,6,categorization,0,bedroom,SHINEd_bedroom_089.tif,46,0.1,0.0666666666666667,0.80128937013342
219,9,6,categorization,0,bedroom,SHINEd_bedroom_014.tif,16,0.1,0.0666666666666667,0.89002422712503
219,10,6,categorization,0,livingroom,SHINEd_livingroom_013.tif,70,0.1,0.0666666666666667,0.8040372493904
219,11,6,categorization,0,livingroom,SHINEd_livingroom_043.tif,88,0.1,0.0666666666666667,1.03437802596355
219,12,6,categorization,0,bedroom,SHINEd_bedroom_051.tif,33,0.1,0.0666666666666667,1.27128512080462
219,13,6,categorization,0,livingroom,SHINEd_livingroom_059.tif,98,0.1,0.0666666666666667,1.19305453641007
219,14,6,categorization,0,bedroom,SHINEd_bedroom_011.tif,14,0.1,0.0666666666666667,0.870539312271814
219,15,6,categorization,0,bedroom,SHINEd_bedroom_125.tif,59,0.1,0.0666666666666667,1.65898936529126
219,16,6,categorization,0,bedroom,SHINEd_bedroom_030.tif,23,0.1,0.0666666666666667,0.781359142589382
219,17,6,categorization,0,bedroom,SHINEd_bedroom_020.tif,19,0.1,0.0666666666666667,1.45777010462191
219,18,6,categorization,0,livingroom,SHINEd_livingroom_019.tif,74,0.1,0.0666666666666667,1.02928923579632
219,19,6,categorization,0,bedroom,SHINEd_bedroom_008.tif,11,0.1,0.0666666666666667,1.54425697642618
219,20,6,categorization,0,bedroom,SHINEd_bedroom_023.tif,20,0.1,0.0666666666666667,1.93279159951595
219,21,6,categorization,0,livingroom,SHINEd_livingroom_022.tif,76,0.1,0.0666666666666667,1.20670127348069
219,22,6,categorization,0,bedroom,SHINEd_bedroom_093.tif,48,0.1,0.0666666666666667,0.859683248435568
219,23,6,categorization,0,bedroom,SHINEd_bedroom_079.tif,42,0.1,0.0666666666666667,1.31859083612
219,24,6,categorization,0,livingroom,SHINEd_livingroom_030.tif,82,0.1,0.0666666666666667,1.64400724085375
219,25,6,categorization,0,livingroom,SHINEd_livingroom_048.tif,91,0.1,0.0666666666666667,1.05546444742189
219,26,6,categorization,0,livingroom,SHINEd_livingroom_089.tif,107,0.1,0.0666666666666667,1.17962256589327
219,27,6,categorization,0,livingroom,SHINEd_livingroom_047.tif,90,0.1,0.0666666666666667,1.64861041966193
219,28,6,categorization,0,bedroom,SHINEd_bedroom_047.tif,31,0.1,0.0666666666666667,0.703814225604031
219,29,6,categorization,0,livingroom,SHINEd_livingroom_052.tif,94,0.1,0.0666666666666667,0.785687145704185
219,30,6,categorization,0,bedroom,SHINEd_bedroom_120.tif,58,0.1,0.0666666666666667,1.82994076108908
219,31,6,categorization,0,livingroom,SHINEd_livingroom_010.tif,68,0.1,0.0666666666666667,0.959005969820746
219,32,6,categorization,0,bedroom,SHINEd_bedroom_029.tif,22,0.1,0.0666666666666667,1.07457041250262
219,33,6,categorization,0,bedroom,SHINEd_bedroom_018.tif,18,0.1,0.0666666666666667,1.9997534818112
219,34,6,categorization,0,livingroom,SHINEd_livingroom_007.tif,66,0.1,0.0666666666666667,0.945879939436116
219,35,6,categorization,0,bedroom,SHINEd_bedroom_069.tif,39,0.1,0.0666666666666667,1.25308061195388
219,36,6,categorization,0,livingroom,SHINEd_livingroom_072.tif,101,0.1,0.0666666666666667,0.795021316425877
219,37,6,categorization,0,livingroom,SHINEd_livingroom_024.tif,78,0.1,0.0666666666666667,0.705722946268283
219,38,6,categorization,0,bedroom,SHINEd_bedroom_010.tif,13,0.1,0.0666666666666667,1.26675571054951
219,39,6,categorization,0,bedroom,SHINEd_bedroom_097.tif,49,0.1,0.0666666666666667,1.96242680681562
219,40,6,categorization,0,livingroom,SHINEd_livingroom_001.tif,61,0.1,0.0666666666666667,1.01053968750387
219,41,6,categorization,0,bedroom,SHINEd_bedroom_074.tif,40,0.1,0.0666666666666667,1.08803147824758
219,42,6,categorization,0,livingroom,SHINEd_livingroom_031.tif,83,0.1,0.0666666666666667,1.23674691466569
219,43,6,categorization,0,bedroom,SHINEd_bedroom_080.tif,43,0.1,0.0666666666666667,1.22343404302409
219,44,6,categorization,0,bedroom,SHINEd_bedroom_039.tif,26,0.1,0.0666666666666667,1.3078658967387
219,45,6,categorization,0,bedroom,SHINEd_bedroom_041.tif,27,0.1,0.0666666666666667,1.58971329841353
219,46,6,categorization,0,livingroom,SHINEd_livingroom_060.tif,99,0.1,0.0666666666666667,1.44477273597378
219,47,6,categorization,0,bedroom,SHINEd_bedroom_012.tif,15,0.1,0.0666666666666667,1.6558204433215
219,48,6,categorization,0,bedroom,SHINEd_bedroom_052.tif,34,0.1,0.0666666666666667,1.08860756037298
219,49,6,categorization,0,livingroom,SHINEd_livingroom_050.tif,93,0.1,0.0666666666666667,1.20086609474332
219,50,6,categorization,0,bedroom,SHINEd_bedroom_045.tif,29,0.1,0.0666666666666667,1.20729059343119
219,1,7,categorization,0,bedroom,SHINEd_bedroom_125.tif,59,0.1,0.0666666666666667,1.47495610070401
219,2,7,categorization,0,bedroom,SHINEd_bedroom_056.tif,35,0.1,0.0666666666666667,1.98353918373633
219,3,7,categorization,0,livingroom,SHINEd_livingroom_037.tif,86,0.1,0.0666666666666667,1.24055399413562
219,4,7,categorization,0,bedroom,SHINEd_bedroom_086.tif,45,0.1,0.0666666666666667,1.2898076285678
219,5,7,categorization,0,livingroom,SHINEd_livingroom_018.tif,73,0.1,0.0666666666666667,0.710229736957869
219,6,7,categorization,0,bedroom,SHINEd_bedroom_112.tif,53,0.1,0.0666666666666667,1.90412409856348
219,7,7,categorization,0,livingroom,SHINEd_livingroom_022.tif,76,0.1,0.0666666666666667,1.14338393656543
219,8,7,categorization,0,livingroom,SHINEd_livingroom_032.tif,84,0.1,0.0666666666666667,0.722126907027776
219,9,7,categorization,0,livingroom,SHINEd_livingroom_010.tif,68,0.1,0.0666666666666667,1.75572549335574
219,10,7,categorization,0,bedroom,SHINEd_bedroom_039.tif,26,0.1,0.0666666666666667,1.74189838678919
219,11,7,categorization,0,bedroom,SHINEd_bedroom_045.tif,29,0.1,0.0666666666666667,1.20722920451603
219,12,7,categorization,0,livingroom,SHINEd_livingroom_039.tif,87,0.1,0.0666666666666667,1.21778443891638
219,13,7,categorization,0,bedroom,SHINEd_bedroom_080.tif,43,0.1,0.0666666666666667,1.12464843632338
219,14,7,categorization,0,livingroom,SHINEd_livingroom_089.tif,107,0.1,0.0666666666666667,1.47170087238557
219,15,7,categorization,0,bedroom,SHINEd_bedroom_118.tif,56,0.1,0.0666666666666667,1.63395051576828
219,16,7,categorization,0,bedroom,SHINEd_bedroom_075.tif,41,0.1,0.0666666666666667,1.7642393165625
219,17,7,categorization,0,livingroom,SHINEd_livingroom_004.tif,63,0.1,0.0666666666666667,0.701400137868434
219,18,7,categorization,0,livingroom,SHINEd_livingroom_62.tif,110,0.1,0.0666666666666667,1.1934301682547
219,19,7,categorization,0,livingroom,SHINEd_livingroom_047.tif,90,0.1,0.0666666666666667,1.42432836614584
219,20,7,categorization,0,livingroom,SHINEd_livingroom_030.tif,82,0.1,0.0666666666666667,0.967838890413404
219,21,7,categorization,0,bedroom,SHINEd_bedroom_085.tif,44,0.1,0.0666666666666667,1.35478274434276
219,22,7,categorization,0,bedroom,SHINEd_bedroom_018.tif,18,0.1,0.0666666666666667,1.06456761184526
219,23,7,categorization,0,livingroom,SHINEd_livingroom_068.tif,100,0.1,0.0666666666666667,0.895902670429225
219,24,7,categorization,0,livingroom,SHINEd_livingroom_046.tif,89,0.1,0.0666666666666667,0.775377980525304
219,25,7,categorization,0,bedroom,SHINEd_bedroom_074.tif,40,0.1,0.0666666666666667,1.40387709119932
219,26,7,categorization,0,livingroom,SHINEd_livingroom_090.tif,108,0.1,0.0666666666666667,0.713969749864139
219,27,7,categorization,0,bedroom,SHINEd_bedroom_032.tif,24,0.1,0.0666666666666667,0.72508214218387
219,28,7,categorization,0,livingroom,SHINEd_livingroom_028.tif,80,0.1,0.0666666666666667,1.94501893303887
219,29,7,categorization,0,bedroom,SHINEd_bedroom_089.tif,46,0.1,0.0666666666666667,0.932689045785997
219,30,7,categorization,0,livingroom,SHINEd_livingroom_029.tif,81,0.1,0.0666666666666667,1.23907192700317
219,31,7,categorization,0,livingroom,SHINEd_livingroom_008.tif,67,0.1,0.0666666666666667,0.879813636942782
219,32,7,categorization,0,livingroom,SHINEd_livingroom_006.tif,65,0.1,0.0666666666666667,1.80929656554031
219,33,7,categorization,0,bedroom,SHINEd_bedroom_023.tif,20,0.1,0.0666666666666667,0.769518285668838
219,34,7,categorization,0,bedroom,SHINEd_bedroom_010.tif,13,0.1,0.0666666666666667,0.743827940392938
219,35,7,categorization,0,bedroom,SHINEd_bedroom_079.tif,42,0.1,0.0666666666666667,1.12533109747764
219,36,7,categorization,0,livingroom,SHINEd_livingroom_081.tif,103,0.1,0.0666666666666667,1.53411723044548
219,37,7,categorization,0,livingroom,SHINEd_livingroom_055.tif,96,0.1,0.0666666666666667,1.26683682852522
219,38,7,categorization,0,bedroom,SHINEd_bedroom_093.tif,48,0.1,0.0666666666666667,1.71325030379772
219,39,7,categorization,0,bedroom,SHINEd_bedroom_041.tif,27,0.1,0.0666666666666667,1.27465419064356
219,40,7,categorization,0,livingroom,SHINEd_livingroom_019.tif,74,0.1,0.0666666666666667,1.88254662313742
219,41,7,categorization,0,livingroom,SHINEd_livingroom_057.tif,97,0.1,0.0666666666666667,1.60738858693946
219,42,7,categorization,0,livingroom,SHINEd_livingroom_013.tif,70,0.1,0.0666666666666667,1.68744281277724
219,43,7,categorization,0,livingroom,SHINEd_livingroom_092.tif,109,0.1,0.0666666666666667,0.816212277677047
219,44,7,categorization,0,bedroom,SHINEd_bedroom_029.tif,22,0.1,0.0666666666666667,0.93205120269057
219,45,7,categorization,0,bedroom,SHINEd_bedroom_009.tif,12,0.1,0.0666666666666667,0.895317767452808
219,46,7,categorization,0,livingroom,SHINEd_livingroom_007.tif,66,0.1,0.0666666666666667,1.70446724596845
219,47,7,categorization,0,bedroom,SHINEd_bedroom_048.tif,32,0.1,0.0666666666666667,0.925517010420021
219,48,7,categorization,0,bedroom,SHINEd_bedroom_090.tif,47,0.1,0.0666666666666667,1.10028745927172
219,49,7,categorization,0,livingroom,SHINEd_livingroom_059.tif,98,0.1,0.0666666666666667,1.3319052998991
219,50,7,categorization,0,livingroom,SHINEd_livingroom_016.tif,72,0.1,0.0666666666666667,0.86790819417477
219,1,8,categorization,0,livingroom,SHINEd_livingroom_072.tif,101,0.1,0.0666666666666667,1.97148445718756
219,2,8,categorization,0,bedroom,SHINEd_bedroom_011.tif,14,0.1,0.0666666666666667,1.61295086836543
219,3,8,categorization,0,bedroom,SHINEd_bedroom_042.tif,28,0.1,0.0666666666666667,1.73040316562702
219,4,8,categorization,0,bedroom,SHINEd_bedroom_020.tif,19,0.1,0.0666666666666667,0.756196998221535
219,5,8,categorization,0,livingroom,SHINEd_livingroom_048.tif,91,0.1,0.0666666666666667,0.941269928830922
219,6,8,categorization,0,livingroom,SHINEd_livingroom_012.tif,69,0.1,0.0666666666666667,1.65984968872317
219,7,8,categorization,0,bedroom,SHINEd_bedroom_069.tif,39,0.1,0.0666666666666667,1.33874212180898
219,8,8,categorization,0,livingroom,SHINEd_livingroom_054.tif,95,0.1,0.0666666666666667,1.21025430414553
219,9,8,categorization,0,bedroom,SHINEd_bedroom_067.tif,37,0.1,0.0666666666666667,1.24681448791402
219,10,8,categorization,0,livingroom,SHINEd_livingroom_023.tif,77,0.1,0.0666666666666667,0.938392565392562
219,11,8,categorization,0,livingroom,SHINEd_livingroom_014.tif,71,0.1,0.0666666666666667,1.68735204714861
219,12,8,categorization,0,bedroom,SHINEd_bedroom_097.tif,49,0.1,0.0666666666666667,0.921191920481362
219,13,8,categorization,0,livingroom,SHINEd_livingroom_024.tif,78,0.1,0.0666666666666667,0.915776048609739
219,14,8,categorization,0,livingroom,SHINEd_livingroom_043.tif,88,0.1,0.0666666666666667,1.58278692454655
219,15,8,categorization,0,livingroom,SHINEd_livingroom_031.tif,83,0.1,0.0666666666666667,0.865236622579531
219,16,8,categorization,0,bedroom,SHINEd_bedroom_046.tif,30,0.1,0.0666666666666667,1.54399025356711
219,17,8,categorization,0,bedroom,SHINEd_bedroom_119.tif,57,0.1,0.0666666666666667,1.4587445951831
219,18,8,categorization,0,bedroom,SHINEd_bedroom_016.tif,17,0.1,0.0666666666666667,1.6151827771153
219,19,8,categorization,0,livingroom,SHINEd_livingroom_083.tif,104,0.1,0.0666666666666667,0.948691974552069
219,20,8,categorization,0,bedroom,SHINEd_bedroom_106.tif,52,0.1,0.0666666666666667,1.94038774259024
219,21,8,categorization,0,bedroom,SHINEd_bedroom_036.tif,25,0.1,0.0666666666666667,0.918056660033328
219,22,8,categorization,0,bedroom,SHINEd_bedroom_116.tif,55,0.1,0.0666666666666667,1.4135343649478
219,23,8,categorization,0,livingroom,SHINEd_livingroom_052.tif,94,0.1,0.0666666666666667,1.82371171622519
219,24,8,categorization,0,livingroom,SHINEd_livingroom_050.tif,93,0.1,0.0666666666666667,1.8324818072109
219,25,8,categorization,0,livingroom,SHINEd_livingroom_088.tif,106,0.1,0.0666666666666667,1.70569512066368
219,26,8,categorization,0,bedroom,SHINEd_bedroom_120.tif,58,0.1,0.0666666666666667,1.41272091093957
219,27,8,categorization,0,bedroom,SHINEd_bedroom_114.tif,54,0.1,0.0666666666666667,1.23062275090454
219,28,8,categorization,0,bedroom,SHINEd_bedroom_068.tif,38,0.1,0.0666666666666667,0.766157041962927
219,29,8,categorization,0,livingroom,SHINEd_livingroom_020.tif,75,0.1,0.0666666666666667,1.68711136370267
219,30,8,categorization,0,bedroom,SHINEd_bedroom_047.tif,31,0.1,0.0666666666666667,0.851143919591535
219,31,8,categorization,0,livingroom,SHINEd_livingroom_005.tif,64,0.1,0.0666666666666667,1.2443749151734
219,32,8,categorization,0,livingroom,SHINEd_livingroom_049.tif,92,0.1,0.0666666666666667,0.88610735145422
219,33,8,categorization,0,livingroom,SHINEd_livingroom_001.tif,61,0.1,0.0666666666666667,1.73460219679961
219,34,8,categorization,0,bedroom,SHINEd_bedroom_099.tif,51,0.1,0.0666666666666667,0.903870873038178
219,35,8,categorization,0,livingroom,SHINEd_livingroom_036.tif,85,0.1,0.0666666666666667,1.03663347988151
219,36,8,categorization,0,bedroom,SHINEd_bedroom_098.tif,50,0.1,0.0666666666666667,0.799239380922287
219,37,8,categorization,0,livingroom,SHINEd_livingroom_025.tif,79,0.1,0.0666666666666667,1.25887476428728
219,38,8,categorization,0,bedroom,SHINEd_bedroom_025.tif,21,0.1,0.0666666666666667,1.53033267638962
219,39,8,categorization,0,bedroom,SHINEd_bedroom_014.tif,16,0.1,0.0666666666666667,0.814304979375141
219,40,8,categorization,0,livingroom,SHINEd_livingroom_087.tif,105,0.1,0.0666666666666667,1.04969895357882
219,41,8,categorization,0,livingroom,SHINEd_livingroom_003.tif,62,0.1,0.0666666666666667,1.61015275772041
219,42,8,categorization,0,bedroom,SHINEd_bedroom_052.tif,34,0.1,0.0666666666666667,0.867775917939719
219,43,8,categorization,0,bedroom,SHINEd_bedroom_051.tif,33,0.1,0.0666666666666667,1.20017790733609
219,44,8,categorization,0,livingroom,SHINEd_livingroom_073.tif,102,0.1,0.0666666666666667,1.0943004392219
219,45,8,categorization,0,bedroom,SHINEd_bedroom_012.tif,15,0.1,0.0666666666666667,1.27389080797063
219,46,8,categorization,0,bedroom,SHINEd_bedroom_030.tif,23,0.1,0.0666666666666667,0.780485611187389
219,47,8,categorization,0,bedroom,SHINEd_bedroom_062.tif,36,0.1,0.0666666666666667,1.1457089746018
219,48,8,categorization,0,bedroom,SHINEd_bedroom_126.tif,60,0.1,0.0666666666666667,1.83128406625332
219,49,8,categorization,0,bedroom,SHINEd_bedroom_008.tif,11,0.1,0.0666666666666667,1.43628316631579
219,50,8,categorization,0,livingroom,SHINEd_livingroom_060.tif,99,0.1,0.0666666666666667,1.42775028272569
219,1,9,categorization,0,livingroom,SHINEd_livingroom_030.tif,82,0.1,0.0666666666666667,1.00647098515172
219,2,9,categorization,0,bedroom,SHINEd_bedroom_080.tif,43,0.1,0.0666666666666667,1.31179809848875
219,3,9,categorization,0,livingroom,SHINEd_livingroom_037.tif,86,0.1,0.0666666666666667,0.828637376085182
219,4,9,categorization,0,livingroom,SHINEd_livingroom_081.tif,103,0.1,0.0666666666666667,1.2742567134344
219,5,9,categorization,0,livingroom,SHINEd_livingroom_022.tif,76,0.1,0.0666666666666667,1.17297855203472
219,6,9,categorization,0,bedroom,SHINEd_bedroom_120.tif,58,0.1,0.0666666666666667,0.808571403002276
219,7,9,categorization,0,bedroom,SHINEd_bedroom_116.tif,55,0.1,0.0666666666666667,1.67834502952839
219,8,9,categorization,0,livingroom,SHINEd_livingroom_047.tif,90,0.1,0.0666666666666667,0.701239882928301
219,9,9,categorization,0,livingroom,SHINEd_livingroom_018.tif,73,0.1,0.0666666666666667,1.72756120634206
219,10,9,categorization,0,bedroom,SHINEd_bedroom_126.tif,60,0.1,0.0666666666666667,1.04760300880218
219,11,9,categorization,0,livingroom,SHINEd_livingroom_016.tif,72,0.1,0.0666666666666667,1.11089786288316
219,12,9,categorization,0,livingroom,SHINEd_livingroom_092.tif,109,0.1,0.0666666666666667,0.985684477041941
219,13,9,categorization,0,bedroom,SHINEd_bedroom_045.tif,29,0.1,0.0666666666666667,1.21001071667357
219,14,9,categorization,0,livingroom,SHINEd_livingroom_043.tif,88,0.1,0.0666666666666667,1.15969642014664
219,15,9,categorization,0,livingroom,SHINEd_livingroom_028.tif,80,0.1,0.0666666666666667,0.912629755766053
219,16,9,categorization,0,livingroom,SHINEd_livingroom_020.tif,75,0.1,0.0666666666666667,0.796151437780474
219,17,9,categorization,0,bedroom,SHINEd_bedroom_114.tif,54,0.1,0.0666666666666667,1.99102416980236
219,18,9,categorization,0,livingroom,SHINEd_livingroom_005.tif,64,0.1,0.0666666666666667,1.09696224577801
219,19,9,categorization,0,bedroom,SHINEd_bedroom_008.tif,11,0.1,0.0666666666666667,1.38741947548674
219,20,9,categorization,0,bedroom,SHINEd_bedroom_097.tif,49,0.1,0.0666666666666667,1.88284309074045
219,21,9,categorization,0,bedroom,SHINEd_bedroom_075.tif,41,0.1,0.0666666666666667,1.63328942909478
219,22,9,categorization,0,bedroom,SHINEd_bedroom_052.tif,34,0.1,0.0666666666666667,1.64506352159352
219,23,9,categorization,0,bedroom,SHINEd_bedroom_010.tif,13,0.1,0.0666666666666667,0.925844597076658
219,24,9,categorization,0,livingroom,SHINEd_livingroom_050.tif,93,0.1,0.0666666666666667,1.32757833233045
219,25,9,categorization,0,livingroom,SHINEd_livingroom_003.tif,62,0.1,0.0666666666666667,0.775510868191597
219,26,9,categorization,0,livingroom,SHINEd_livingroom_049.tif,92,0.1,0.0666666666666667,1.55274166782308
219,27,9,categorization,0,bedroom,SHINEd_bedroom_048.tif,32,0.1,0.0666666666666667,1.12363711506105
219,28,9,categorization,0,bedroom,SHINEd_bedroom_032.tif,24,0.1,0.0666666666666667,1.02007016099995
219,29,9,categorization,0,bedroom,SHINEd_bedroom_039.tif,26,0.1,0.0666666666666667,1.00733989974348
219,30,9,categorization,0,livingroom,SHINEd_livingroom_089.tif,107,0.1,0.0666666666666667,1.26809907966833
219,31,9,categorization,0,bedroom,SHINEd_bedroom_014.tif,16,0.1,0.0666666666666667,1.65454869894894
219,32,9,categorization,0,livingroom,SHINEd_livingroom_019.tif,74,0.1,0.0666666666666667,1.9259546687402
219,33,9,categorization,0,livingroom,SHINEd_livingroom_001.tif,61,0.1,0.0666666666666667,1.27553174010154
219,34,9,categorization,0,livingroom,SHINEd_livingroom_012.tif,69,0.1,0.0666666666666667,1.05148425728424
219,35,9,categorization,0,livingroom,SHINEd_livingroom_014.tif,71,0.1,0.0666666666666667,1.03221561397607
219,36,9,categorization,0,bedroom,SHINEd_bedroom_112.tif,53,0.1,0.0666666666666667,1.20333867544033
219,37,9,categorization,0,livingroom,SHINEd_livingroom_073.tif,102,0.1,0.0666666666666667,1.11750461740284
219,38,9,categorization,0,bedroom,SHINEd_bedroom_074.tif,40,0.1,0.0666666666666667,1.10527651319153
219,39,9,categorization,0,livingroom,SHINEd_livingroom_057.tif,97,0.1,0.0666666666666667,0.946504901245719
219,40,9,categorization,0,bedroom,SHINEd_bedroom_098.tif,50,0.1,0.0666666666666667,1.6894675749906
219,41,9,categorization,0,livingroom,SHINEd_livingroom_004.tif,63,0.1,0.0666666666666667,0.710288579467341
219,42,9,categorization,0,bedroom,SHINEd_bedroom_009.tif,12,0.1,0.0666666666666667,0.89777116495926
219,43,9,categorization,0,livingroom,SHINEd_livingroom_090.tif,108,0.1,0.0666666666666667,0.776271075367442
219,44,9,categorization,0,bedroom,SHINEd_bedroom_069.tif,39,0.1,0.0666666666666667,0.784936750650978
219,45,9,categorization,0,livingroom,SHINEd_livingroom_088.tif,106,0.1,0.0666666666666667,1.33835519060867
219,46,9,categorization,0,bedroom,SHINEd_bedroom_025.tif,21,0.1,0.0666666666666667,0.926347438493972
219,47,9,categorization,0,livingroom,SHINEd_livingroom_010.tif,68,0.1,0.0666666666666667,1.82906184872469
219,48,9,categorization,0,bedroom,SHINEd_bedroom_047.tif,31,0.1,0.0666666666666667,1.32012596998253
219,49,9,categorization,0,livingroom,SHINEd_livingroom_024.tif,78,0.1,0.0666666666666667,1.30981503397755
219,50,9,categorization,0,bedroom,SHINEd_bedroom_056.tif,35,0.1,0.0666666666666667,0.749842021711328
219,1,10,categorization,0,livingroom,SHINEd_livingroom_62.tif,110,0.1,0.0666666666666667,0.944783103155194
219,2,10,categorization,0,livingroom,SHINEd_livingroom_008.tif,67,0.1,0.0666666666666667,0.887032413325065
219,3,10,categorization,0,bedroom,SHINEd_bedroom_011.tif,14,0.1,0.0666666666666667,1.80745252087753
219,4,10,categorization,0,bedroom,SHINEd_bedroom_119.tif,57,0.1,0.0666666666666667,1.78592356370023
219,5,10,categorization,0,livingroom,SHINEd_livingroom_052.tif,94,0.1,0.0666666666666667,1.53052759855002
219,6,10,categorization,0,bedroom,SHINEd_bedroom_016.tif,17,0.1,0.0666666666666667,1.10749076012094
219,7,10,categorization,0,livingroom,SHINEd_livingroom_039.tif,87,0.1,0.0666666666666667,1.09308484134921
219,8,10,categorization,0,bedroom,SHINEd_bedroom_086.tif,45,0.1,0.0666666666666667,0.859239294447899
219,9,10,categorization,0,bedroom,SHINEd_bedroom_023.tif,20,0.1,0.0666666666666667,1.20851318661367
219,10,10,categorization,0,livingroom,SHINEd_livingroom_083.tif,104,0.1,0.0666666666666667,1.74448872284745
219,11,10,categorization,0,livingroom,SHINEd_livingroom_007.tif,66,0.1,0.0666666666666667,1.27684390144385
219,12,10,categorization,0,bedroom,SHINEd_bedroom_018.tif,18,0.1,0.0666666666666667,0.741982707356746
219,13,10,categorization,0,livingroom,SHINEd_livingroom_046.tif,89,0.1,0.0666666666666667,1.04973952590628
219,14,10,categorization,0,livingroom,SHINEd_livingroom_072.tif,101,0.1,0.0666666666666667,1.04801167840823
219,15,10,categorization,0,livingroom,SHINEd_livingroom_055.tif,96,0.1,0.0666666666666667,1.43490516549162
219,16,10,categorization,0,bedroom,SHINEd_bedroom_125.tif,59,0.1,0.0666666666666667,1.0807728979508
219,17,10,categorization,0,livingroom,SHINEd_livingroom_048.tif,91,0.1,0.0666666666666667,1.14274604339157
219,18,10,categorization,0,bedroom,SHINEd_bedroom_093.tif,48,0.1,0.0666666666666667,0.798059125761669
219,19,10,categorization,0,bedroom,SHINEd_bedroom_067.tif,37,0.1,0.0666666666666667,1.06485573070254
219,20,10,categorization,0,bedroom,SHINEd_bedroom_090.tif,47,0.1,0.0666666666666667,0.854501071920703
219,21,10,categorization,0,livingroom,SHINEd_livingroom_054.tif,95,0.1,0.0666666666666667,1.03808699764924
219,22,10,categorization,0,livingroom,SHINEd_livingroom_032.tif,84,0.1,0.0666666666666667,1.2088054720605
219,23,10,categorization,0,bedroom,SHINEd_bedroom_118.tif,56,0.1,0.0666666666666667,1.63338021393324
219,24,10,categorization,0,bedroom,SHINEd_bedroom_051.tif,33,0.1,0.0666666666666667,1.82700167983248
219,25,10,categorization,0,livingroom,SHINEd_livingroom_025.tif,79,0.1,0.0666666666666667,0.722797470053742
219,26,10,categorization,0,bedroom,SHINEd_bedroom_062.tif,36,0.1,0.0666666666666667,1.62917307681476
219,27,10,categorization,0,bedroom,SHINEd_bedroom_029.tif,22,0.1,0.0666666666666667,0.909371817020703
219,28,10,categorization,0,bedroom,SHINEd_bedroom_020.tif,19,0.1,0.0666666666666667,0.901095289199516
219,29,10,categorization,0,livingroom,SHINEd_livingroom_036.tif,85,0.1,0.0666666666666667,1.76560017669138
219,30,10,categorization,0,bedroom,SHINEd_bedroom_041.tif,27,0.1,0.0666666666666667,1.73274200244253
219,31,10,categorization,0,bedroom,SHINEd_bedroom_099.tif,51,0.1,0.0666666666666667,1.12017762998928
219,32,10,categorization,0,bedroom,SHINEd_bedroom_106.tif,52,0.1,0.0666666666666667,1.6719087135181
219,33,10,categorization,0,bedroom,SHINEd_bedroom_046.tif,30,0.1,0.0666666666666667,1.7934187152521
219,34,10,categorization,0,livingroom,SHINEd_livingroom_029.tif,81,0.1,0.0666666666666667,0.904851759057872
219,35,10,categorization,0,bedroom,SHINEd_bedroom_068.tif,38,0.1,0.0666666666666667,1.72375916647271
219,36,10,categorization,0,bedroom,SHINEd_bedroom_079.tif,42,0.1,0.0666666666666667,1.15842498110407
219,37,10,categorization,0,bedroom,SHINEd_bedroom_042.tif,28,0.1,0.0666666666666667,0.743734998218552
219,38,10,categorization,0,bedroom,SHINEd_bedroom_089.tif,46,0.1,0.0666666666666667,0.983227214388865
219,39,10,categorization,0,livingroom,SHINEd_livingroom_068.tif,100,0.1,0.0666666666666667,1.05899330924742
219,40,10,categorization,0,livingroom,SHINEd_livingroom_013.tif,70,0.1,0.0666666666666667,0.929771582186863
219,41,10,categorization,0,bedroom,SHINEd_bedroom_085.tif,44,0.1,0.0666666666666667,1.56044199936803
219,42,10,categorization,0,livingroom,SHINEd_livingroom_059.tif,98,0.1,0.0666666666666667,0.900227216705285
219,43,10,categorization,0,livingroom,SHINEd_livingroom_087.tif,105,0.1,0.0666666666666667,0.928930680288991
219,44,10,categorization,0,livingroom,SHINEd_livingroom_031.tif,83,0.1,0.0666666666666667,1.11204819075733
219,45,10,categorization,0,bedroom,SHINEd_bedroom_036.tif,25,0.1,0.0666666666666667,1.40085699449508
219,46,10,categorization,0,bedroom,SHINEd_bedroom_012.tif,15,0.1,0.0666666666666667,1.1378048024631
219,47,10,categorization,0,livingroom,SHINEd_livingroom_006.tif,65,0.1,0.0666666666666667,0.77098815937409
219,48,10,categorization,0,livingroom,SHINEd_livingroom_060.tif,99,0.1,0.0666666666666667,0.965852927455297
219,49,10,categorization,0,bedroom,SHINEd_bedroom_030.tif,23,0.1,0.0666666666666667,1.83518539001055
219,50,10,categorization,0,livingroom,SHINEd_livingroom_023.tif,77,0.1,0.0666666666666667,1.21476078113026
219,1,11,categorization,0,livingroom,SHINEd_livingroom_088.tif,106,0.1,0.0666666666666667,1.48740478893071
219,2,11,categorization,0,livingroom,SHINEd_livingroom_072.tif,101,0.1,0.0666666666666667,0.961593418692763
219,3,11,categorization,0,bedroom,SHINEd_bedroom_120.tif,58,0.1,0.0666666666666667,1.61034412399401
219,4,11,categorization,0,livingroom,SHINEd_livingroom_036.tif,85,0.1,0.0666666666666667,1.08416619659355
219,5,11,categorization,0,bedroom,SHINEd_bedroom_067.tif,37,0.1,0.0666666666666667,1.78742760467521
219,6,11,categorization,0,livingroom,SHINEd_livingroom_023.tif,77,0.1,0.0666666666666667,0.713411111838693
219,7,11,categorization,0,bedroom,SHINEd_bedroom_080.tif,43,0.1,0.0666666666666667,1.82226381224982
219,8,11,categorization,0,livingroom,SHINEd_livingroom_008.tif,67,0.1,0.0666666666666667,1.42852192936797
219,9,11,categorization,0,livingroom,SHINEd_livingroom_052.tif,94,0.1,0.0666666666666667,1.0606021362183
219,10,11,categorization,0,livingroom,SHINEd_livingroom_068.tif,100,0.1,0.0666666666666667,1.57212316627146
219,11,11,categorization,0,livingroom,SHINEd_livingroom_007.tif,66,0.1,0.0666666666666667,1.42758652452037
219,12,11,categorization,0,livingroom,SHINEd_livingroom_006.tif,65,0.1,0.0666666666666667,1.96984289593024
219,13,11,categorization,0,bedroom,SHINEd_bedroom_051.tif,33,0.1,0.0666666666666667,0.736215724601834
219,14,11,categorization,0,bedroom,SHINEd_bedroom_018.tif,18,0.1,0.0666666666666667,1.1667879094153
219,15,11,categorization,0,livingroom,SHINEd_livingroom_013.tif,70,0.1,0.0666666666666667,0.768342470355579
219,16,11,categorization,0,bedroom,SHINEd_bedroom_029.tif,22,0.1,0.0666666666666667,1.11306937212372
219,17,11,categorization,0,livingroom,SHINEd_livingroom_025.tif,79,0.1,0.0666666666666667,1.83562038662238
219,18,11,categorization,0,livingroom,SHINEd_livingroom_039.tif,87,0.1,0.0666666666666667,1.76999149642186
219,19,11,categorization,0,livingroom,SHINEd_livingroom_012.tif,69,0.1,0.0666666666666667,0.709335348684839
219,20,11,categorization,0,bedroom,SHINEd_bedroom_008.tif,11,0.1,0.0666666666666667,0.719230640443835
219,21,11,categorization,0,bedroom,SHINEd_bedroom_069.tif,39,0.1,0.0666666666666667,1.50500443112696
219,22,11,categorization,0,bedroom,SHINEd_bedroom_020.tif,19,0.1,0.0666666666666667,1.23697110534026
219,23,11,categorization,0,livingroom,SHINEd_livingroom_028.tif,80,0.1,0.0666666666666667,1.53329018652506
219,24,11,categorization,0,bedroom,SHINEd_bedroom_009.tif,12,0.1,0.0666666666666667,1.2863045974032
219,25,11,categorization,0,bedroom,SHINEd_bedroom_032.tif,24,0.1,0.0666666666666667,0.896172643699262
219,26,11,categorization,0,bedroom,SHINEd_bedroom_011.tif,14,0.1,0.0666666666666667,1.3008095951782
219,27,11,categorization,0,bedroom,SHINEd_bedroom_048.tif,32,0.1,0.0666666666666667,1.91382510702784
219,28,11,categorization,0,livingroom,SHINEd_livingroom_047.tif,90,0.1,0.0666666666666667,1.13674154597843
219,29,11,categorization,0,bedroom,SHINEd_bedroom_097.tif,49,0.1,0.0666666666666667,1.56464692856055
219,30,11,categorization,0,livingroom,SHINEd_livingroom_032.tif,84,0.1,0.0666666666666667,0.926819585531999
219,31,11,categorization,0,bedroom,SHINEd_bedroom_047.tif,31,0.1,0.0666666666666667,1.29716521106117
219,32,11,categorization,0,livingroom,SHINEd_livingroom_054.tif,95,0.1,0.0666666666666667,1.18206466432496
219,33,11,categorization,0,bedroom,SHINEd_bedroom_116.tif,55,0.1,0.0666666666666667,0.985482971690391
219,34,11,categorization,0,livingroom,SHINEd_livingroom_043.tif,88,0.1,0.0666666666666667,1.14933049229691
219,35,11,categorization,0,bedroom,SHINEd_bedroom_056.tif,35,0.1,0.0666666666666667,0.997944312109061
219,36,11,categorization,0,bedroom,SHINEd_bedroom_075.tif,41,0.1,0.0666666666666667,0.929011232650645
219,37,11,categorization,0,bedroom,SHINEd_bedroom_086.tif,45,0.1,0.0666666666666667,0.728148630111563
219,38,11,categorization,0,bedroom,SHINEd_bedroom_085.tif,44,0.1,0.0666666666666667,0.926675211647148
219,39,11,categorization,0,bedroom,SHINEd_bedroom_012.tif,15,0.1,0.0666666666666667,0.871924590357906
219,40,11,categorization,0,livingroom,SHINEd_livingroom_046.tif,89,0.1,0.0666666666666667,1.30279418316044
219,41,11,categorization,0,bedroom,SHINEd_bedroom_016.tif,17,0.1,0.0666666666666667,1.58980565300982
219,42,11,categorization,0,livingroom,SHINEd_livingroom_014.tif,71,0.1,0.0666666666666667,1.16810780671344
219,43,11,categorization,0,livingroom,SHINEd_livingroom_029.tif,81,0.1,0.0666666666666667,0.7817479789299
219,44,11,categorization,0,bedroom,SHINEd_bedroom_093.tif,48,0.1,0.0666666666666667,1.80656574876182
219,45,11,categorization,0,livingroom,SHINEd_livingroom_092.tif,109,0.1,0.0666666666666667,1.42583540297872
219,46,11,categorization,0,livingroom,SHINEd_livingroom_089.tif,107,0.1,0.0666666666666667,1.00976571571867
219,47,11,categorization,0,livingroom,SHINEd_livingroom_022.tif,76,0.1,0.0666666666666667,1.0354049354196
219,48,11,categorization,0,bedroom,SHINEd_bedroom_041.tif,27,0.1,0.0666666666666667,1.13585010339923
219,49,11,categorization,0,livingroom,SHINEd_livingroom_037.tif,86,0.1,0.0666666666666667,1.70844777523473
219,50,11,categorization,0,livingroom,SHINEd_livingroom_030.tif,82,0.1,0.0666666666666667,1.36188173443156
219,1,12,categorization,0,livingroom,SHINEd_livingroom_62.tif,110,0.1,0.0666666666666667,0.925172400614303
219,2,12,categorization,0,bedroom,SHINEd_bedroom_068.tif,38,0.1,0.0666666666666667,0.771323630802535
219,3,12,categorization,0,bedroom,SHINEd_bedroom_023.tif,20,0.1,0.0666666666666667,1.91472728557167
219,4,12,categorization,0,livingroom,SHINEd_livingroom_016.tif,72,0.1,0.0666666666666667,1.73983436284969
219,5,12,categorization,0,livingroom,SHINEd_livingroom_005.tif,64,0.1,0.0666666666666667,0.851822598983931
219,6,12,categorization,0,livingroom,SHINEd_livingroom_018.tif,73,0.1,0.0666666666666667,1.47208013846961
219,7,12,categorization,0,bedroom,SHINEd_bedroom_074.tif,40,0.1,0.0666666666666667,1.24293459406383
219,8,12,categorization,0,bedroom,SHINEd_bedroom_036.tif,25,0.1,0.0666666666666667,1.319915062201
219,9,12,categorization,0,bedroom,SHINEd_bedroom_030.tif,23,0.1,0.0666666666666667,1.58655396700969
219,10,12,categorization,0,livingroom,SHINEd_livingroom_003.tif,62,0.1,0.0666666666666667,1.18889266644257
219,11,12,categorization,0,bedroom,SHINEd_bedroom_118.tif,56,0.1,0.0666666666666667,1.34348341688999
219,12,12,categorization,0,livingroom,SHINEd_livingroom_081.tif,103,0.1,0.0666666666666667,1.05140009880877
219,13,12,categorization,0,bedroom,SHINEd_bedroom_112.tif,53,0.1,0.0666666666666667,1.05525192661997
219,14,12,categorization,0,livingroom,SHINEd_livingroom_060.tif,99,0.1,0.0666666666666667,0.948733447277764
219,15,12,categorization,0,bedroom,SHINEd_bedroom_079.tif,42,0.1,0.0666666666666667,1.84532050553811
219,16,12,categorization,0,livingroom,SHINEd_livingroom_019.tif,74,0.1,0.0666666666666667,0.971284682039367
219,17,12,categorization,0,bedroom,SHINEd_bedroom_098.tif,50,0.1,0.0666666666666667,0.75910572395787
219,18,12,categorization,0,livingroom,SHINEd_livingroom_024.tif,78,0.1,0.0666666666666667,0.999404872351121
219,19,12,categorization,0,livingroom,SHINEd_livingroom_090.tif,108,0.1,0.0666666666666667,1.07673643339773
219,20,12,categorization,0,livingroom,SHINEd_livingroom_031.tif,83,0.1,0.0666666666666667,0.910154773058086
219,21,12,categorization,0,livingroom,SHINEd_livingroom_050.tif,93,0.1,0.0666666666666667,1.55161201425207
219,22,12,categorization,0,bedroom,SHINEd_bedroom_039.tif,26,0.1,0.0666666666666667,1.8260290170518
219,23,12,categorization,0,livingroom,SHINEd_livingroom_010.tif,68,0.1,0.0666666666666667,1.3157447528765
219,24,12,categorization,0,bedroom,SHINEd_bedroom_046.tif,30,0.1,0.0666666666666667,1.1367480421668
219,25,12,categorization,0,livingroom,SHINEd_livingroom_049.tif,92,0.1,0.0666666666666667,1.79946474337164
219,26,12,categorization,0,livingroom,SHINEd_livingroom_083.tif,104,0.1,0.0666666666666667,0.961839099539979
219,27,12,categorization,0,bedroom,SHINEd_bedroom_089.tif,46,0.1,0.0666666666666667,1.1322515886999
219,28,12,categorization,0,bedroom,SHINEd_bedroom_042.tif,28,0.1,0.0666666666666667,0.873107073565031
219,29,12,categorization,0,livingroom,SHINEd_livingroom_020.tif,75,0.1,0.0666666666666667,1.65378428117415
219,30,12,categorization,0,livingroom,SHINEd_livingroom_055.tif,96,0.1,0.0666666666666667,1.50076381050431
219,31,12,categorization,0,livingroom,SHINEd_livingroom_001.tif,61,0.1,0.0666666666666667,0.927954761707388
219,32,12,categorization,0,bedroom,SHINEd_bedroom_014.tif,16,0.1,0.0666666666666667,1.75493403299681
219,33,12,categorization,0,bedroom,SHINEd_bedroom_119.tif,57,0.1,0.0666666666666667,1.39575198148119
219,34,12,categorization,0,bedroom,SHINEd_bedroom_099.tif,51,0.1,0.0666666666666667,1.85073512833293
219,35,12,categorization,0,bedroom,SHINEd_bedroom_052.tif,34,0.1,0.0666666666666667,1.31805224287412
219,36,12,categorization,0,bedroom,SHINEd_bedroom_114.tif,54,0.1,0.0666666666666667,1.51117220188865
219,37,12,categorization,0,livingroom,SHINEd_livingroom_057.tif,97,0.1,0.0666666666666667,1.20631698570997
219,38,12,categorization,0,bedroom,SHINEd_bedroom_125.tif,59,0.1,0.0666666666666667,1.12880291007446
219,39,12,categorization,0,livingroom,SHINEd_livingroom_048.tif,91,0.1,0.0666666666666667,0.931463033212125
219,40,12,categorization,0,bedroom,SHINEd_bedroom_045.tif,29,0.1,0.0666666666666667,1.00054977375438
219,41,12,categorization,0,livingroom,SHINEd_livingroom_087.tif,105,0.1,0.0666666666666667,0.841517597026046
219,42,12,categorization,0,bedroom,SHINEd_bedroom_090.tif,47,0.1,0.0666666666666667,1.0743432591413
219,43,12,categorization,0,bedroom,SHINEd_bedroom_025.tif,21,0.1,0.0666666666666667,1.39633924769355
219,44,12,categorization,0,livingroom,SHINEd_livingroom_004.tif,63,0.1,0.0666666666666667,0.849683097337361
219,45,12,categorization,0,bedroom,SHINEd_bedroom_126.tif,60,0.1,0.0666666666666667,1.99043963905058
219,46,12,categorization,0,livingroom,SHINEd_livingroom_073.tif,102,0.1,0.0666666666666667,1.16707538456274
219,47,12,categorization,0,bedroom,SHINEd_bedroom_106.tif,52,0.1,0.0666666666666667,0.723324849442556
219,48,12,categorization,0,bedroom,SHINEd_bedroom_062.tif,36,0.1,0.0666666666666667,1.22734981844109
219,49,12,categorization,0,livingroom,SHINEd_livingroom_059.tif,98,0.1,0.0666666666666667,1.94226731112792
219,50,12,categorization,0,bedroom,SHINEd_bedroom_010.tif,13,0.1,0.0666666666666667,0.956321459202989
219,1,13,categorization,0,bedroom,SHINEd_bedroom_112.tif,53,0.1,0.0666666666666667,1.02996620544476
219,2,13,categorization,0,livingroom,SHINEd_livingroom_018.tif,73,0.1,0.0666666666666667,1.15766541054078
219,3,13,categorization,0,bedroom,SHINEd_bedroom_097.tif,49,0.1,0.0666666666666667,1.31985659056754
219,4,13,categorization,0,livingroom,SHINEd_livingroom_083.tif,104,0.1,0.0666666666666667,0.734104460290335
219,5,13,categorization,0,livingroom,SHINEd_livingroom_023.tif,77,0.1,0.0666666666666667,1.22170470932909
219,6,13,categorization,0,bedroom,SHINEd_bedroom_098.tif,50,0.1,0.0666666666666667,0.88114591877127
219,7,13,categorization,0,livingroom,SHINEd_livingroom_057.tif,97,0.1,0.0666666666666667,1.35956031499505
219,8,13,categorization,0,bedroom,SHINEd_bedroom_068.tif,38,0.1,0.0666666666666667,1.49905185004981
219,9,13,categorization,0,livingroom,SHINEd_livingroom_049.tif,92,0.1,0.0666666666666667,0.878910830682639
219,10,13,categorization,0,livingroom,SHINEd_livingroom_001.tif,61,0.1,0.0666666666666667,0.791135655521713
219,11,13,categorization,0,bedroom,SHINEd_bedroom_120.tif,58,0.1,0.0666666666666667,1.25644769861681
219,12,13,categorization,0,livingroom,SHINEd_livingroom_055.tif,96,0.1,0.0666666666666667,0.844130174772139
219,13,13,categorization,0,bedroom,SHINEd_bedroom_018.tif,18,0.1,0.0666666666666667,1.81866509860534
219,14,13,categorization,0,livingroom,SHINEd_livingroom_020.tif,75,0.1,0.0666666666666667,1.18756573428309
219,15,13,categorization,0,livingroom,SHINEd_livingroom_019.tif,74,0.1,0.0666666666666667,0.834591674227898
219,16,13,categorization,0,livingroom,SHINEd_livingroom_073.tif,102,0.1,0.0666666666666667,1.13566048493098
219,17,13,categorization,0,livingroom,SHINEd_livingroom_088.tif,106,0.1,0.0666666666666667,0.974420043170202
219,18,13,categorization,0,bedroom,SHINEd_bedroom_036.tif,25,0.1,0.0666666666666667,1.36877434432074
219,19,13,categorization,0,bedroom,SHINEd_bedroom_009.tif,12,0.1,0.0666666666666667,1.15851939564939
219,20,13,categorization,0,livingroom,SHINEd_livingroom_013.tif,70,0.1,0.0666666666666667,0.78976729134368
219,21,13,categorization,0,bedroom,SHINEd_bedroom_093.tif,48,0.1,0.0666666666666667,1.11238632791945
219,22,13,categorization,0,bedroom,SHINEd_bedroom_014.tif,16,0.1,0.0666666666666667,1.44690972085742
219,23,13,categorization,0,bedroom,SHINEd_bedroom_056.tif,35,0.1,0.0666666666666667,1.42116260026984
219,24,13,categorization,0,bedroom,SHINEd_bedroom_085.tif,44,0.1,0.0666666666666667,0.755219639552779
219,25,13,categorization,0,livingroom,SHINEd_livingroom_030.tif,82,0.1,0.0666666666666667,0.766608651399647
219,26,13,categorization,0,bedroom,SHINEd_bedroom_046.tif,30,0.1,0.0666666666666667,1.04664106508568
219,27,13,categorization,0,livingroom,SHINEd_livingroom_072.tif,101,0.1,0.0666666666666667,1.75088997275851
219,28,13,categorization,0,livingroom,SHINEd_livingroom_005.tif,64,0.1,0.0666666666666667,1.23012293633984
219,29,13,categorization,0,bedroom,SHINEd_bedroom_020.tif,19,0.1,0.0666666666666667,0.707220255969465
219,30,13,categorization,0,bedroom,SHINEd_bedroom_051.tif,33,0.1,0.0666666666666667,1.30017910933951
219,31,13,categorization,0,livingroom,SHINEd_livingroom_028.tif,80,0.1,0.0666666666666667,1.07173198832875
219,32,13,categorization,0,bedroom,SHINEd_bedroom_032.tif,24,0.1,0.0666666666666667,1.03400478663167
219,33,13,categorization,0,bedroom,SHINEd_bedroom_062.tif,36,0.1,0.0666666666666667,1.29249936074801
219,34,13,categorization,0,bedroom,SHINEd_bedroom_011.tif,14,0.1,0.0666666666666667,1.17636477892097
219,35,13,categorization,0,livingroom,SHINEd_livingroom_046.tif,89,0.1,0.0666666666666667,1.70532511449423
219,36,13,categorization,0,livingroom,SHINEd_livingroom_059.tif,98,0.1,0.0666666666666667,1.18204387426607
219,37,13,categorization,0,bedroom,SHINEd_bedroom_075.tif,41,0.1,0.0666666666666667,1.8505042023229
219,38,13,categorization,0,bedroom,SHINEd_bedroom_041.tif,27,0.1,0.0666666666666667,1.53056529935882
219,39,13,categorization,0,livingroom,SHINEd_livingroom_048.tif,91,0.1,0.0666666666666667,0.705306809151054
219,40,13,categorization,0,bedroom,SHINEd_bedroom_030.tif,23,0.1,0.0666666666666667,1.15789688889661
219,41,13,categorization,0,livingroom,SHINEd_livingroom_003.tif,62,0.1,0.0666666666666667,0.732352976726921
219,42,13,categorization,0,bedroom,SHINEd_bedroom_119.tif,57,0.1,0.0666666666666667,0.876903435408222
219,43,13,categorization,0,livingroom,SHINEd_livingroom_029.tif,81,0.1,0.0666666666666667,0.854221901718113
219,44,13,categorization,0,bedroom,SHINEd_bedroom_039.tif,26,0.1,0.0666666666666667,0.721551175004173
219,45,13,categorization,0,livingroom,SHINEd_livingroom_036.tif,85,0.1,0.0666666666666667,1.77702558085762
219,46,13,categorization,0,bedroom,SHINEd_bedroom_010.tif,13,0.1,0.0666666666666667,0.753791544191823
219,47,13,categorization,0,bedroom,SHINEd_bedroom_008.tif,11,0.1,0.0666666666666667,1.46744888855778
219,48,13,categorization,0,bedroom,SHINEd_bedroom_089.tif,46,0.1,0.0666666666666667,1.13518277144157
219,49,13,categorization,0,bedroom,SHINEd_bedroom_079.tif,42,0.1,0.0666666666666667,1.23215811307588
219,50,13,categorization,0,bedroom,SHINEd_bedroom_048.tif,32,0.1,0.0666666666666667,1.7287019378135
219,1,14,categorization,0,livingroom,SHINEd_livingroom_004.tif,63,0.1,0.0666666666666667,0.849808007557372
219,2,14,categorization,0,livingroom,SHINEd_livingroom_012.tif,69,0.1,0.0666666666666667,1.42795708932568
219,3,14,categorization,0,bedroom,SHINEd_bedroom_086.tif,45,0.1,0.0666666666666667,1.48277988035499
219,4,14,categorization,0,livingroom,SHINEd_livingroom_032.tif,84,0.1,0.0666666666666667,0.735381236326939
219,5,14,categorization,0,bedroom,SHINEd_bedroom_106.tif,52,0.1,0.0666666666666667,1.60891944149645
219,6,14,categorization,0,livingroom,SHINEd_livingroom_089.tif,107,0.1,0.0666666666666667,0.75477054947481
219,7,14,categorization,0,livingroom,SHINEd_livingroom_007.tif,66,0.1,0.0666666666666667,1.88991067185286
219,8,14,categorization,0,livingroom,SHINEd_livingroom_010.tif,68,0.1,0.0666666666666667,1.12258262440482
219,9,14,categorization,0,bedroom,SHINEd_bedroom_118.tif,56,0.1,0.0666666666666667,1.04339792761729
219,10,14,categorization,0,bedroom,SHINEd_bedroom_074.tif,40,0.1,0.0666666666666667,1.06330646003665
219,11,14,categorization,0,livingroom,SHINEd_livingroom_087.tif,105,0.1,0.0666666666666667,1.78966816421811
219,12,14,categorization,0,livingroom,SHINEd_livingroom_62.tif,110,0.1,0.0666666666666667,0.711044560496889
219,13,14,categorization,0,bedroom,SHINEd_bedroom_080.tif,43,0.1,0.0666666666666667,1.00757262595161
219,14,14,categorization,0,livingroom,SHINEd_livingroom_068.tif,100,0.1,0.0666666666666667,0.958489275099475
219,15,14,categorization,0,livingroom,SHINEd_livingroom_025.tif,79,0.1,0.0666666666666667,0.977476198474428
219,16,14,categorization,0,bedroom,SHINEd_bedroom_125.tif,59,0.1,0.0666666666666667,0.918128897302249
219,17,14,categorization,0,livingroom,SHINEd_livingroom_022.tif,76,0.1,0.0666666666666667,0.715339774073658
219,18,14,categorization,0,bedroom,SHINEd_bedroom_045.tif,29,0.1,0.0666666666666667,1.12527121931828
219,19,14,categorization,0,bedroom,SHINEd_bedroom_099.tif,51,0.1,0.0666666666666667,0.911854031284613
219,20,14,categorization,0,livingroom,SHINEd_livingroom_052.tif,94,0.1,0.0666666666666667,0.715032600808938
219,21,14,categorization,0,livingroom,SHINEd_livingroom_092.tif,109,0.1,0.0666666666666667,1.28855487630305
219,22,14,categorization,0,livingroom,SHINEd_livingroom_024.tif,78,0.1,0.0666666666666667,1.55071706481238
219,23,14,categorization,0,bedroom,SHINEd_bedroom_069.tif,39,0.1,0.0666666666666667,1.10215880640862
219,24,14,categorization,0,bedroom,SHINEd_bedroom_126.tif,60,0.1,0.0666666666666667,1.40664422913354
219,25,14,categorization,0,bedroom,SHINEd_bedroom_029.tif,22,0.1,0.0666666666666667,0.946283882407989
219,26,14,categorization,0,bedroom,SHINEd_bedroom_067.tif,37,0.1,0.0666666666666667,1.05946370564951
219,27,14,categorization,0,bedroom,SHINEd_bedroom_012.tif,15,0.1,0.0666666666666667,1.27195116503848
219,28,14,categorization,0,bedroom,SHINEd_bedroom_052.tif,34,0.1,0.0666666666666667,1.21509739036337
219,29,14,categorization,0,bedroom,SHINEd_bedroom_116.tif,55,0.1,0.0666666666666667,1.74800012064404
219,30,14,categorization,0,livingroom,SHINEd_livingroom_039.tif,87,0.1,0.0666666666666667,1.17956141625488
219,31,14,categorization,0,livingroom,SHINEd_livingroom_008.tif,67,0.1,0.0666666666666667,1.49069618538737
219,32,14,categorization,0,livingroom,SHINEd_livingroom_081.tif,103,0.1,0.0666666666666667,1.72632546099025
219,33,14,categorization,0,livingroom,SHINEd_livingroom_047.tif,90,0.1,0.0666666666666667,1.27514594113062
219,34,14,categorization,0,bedroom,SHINEd_bedroom_016.tif,17,0.1,0.0666666666666667,1.7752215611941
219,35,14,categorization,0,livingroom,SHINEd_livingroom_043.tif,88,0.1,0.0666666666666667,1.02772845578926
219,36,14,categorization,0,bedroom,SHINEd_bedroom_042.tif,28,0.1,0.0666666666666667,0.851034868845567
219,37,14,categorization,0,livingroom,SHINEd_livingroom_014.tif,71,0.1,0.0666666666666667,1.26656238269674
219,38,14,categorization,0,bedroom,SHINEd_bedroom_047.tif,31,0.1,0.0666666666666667,1.90991660737782
219,39,14,categorization,0,bedroom,SHINEd_bedroom_025.tif,21,0.1,0.0666666666666667,1.23061890363573
219,40,14,categorization,0,livingroom,SHINEd_livingroom_090.tif,108,0.1,0.0666666666666667,0.842931417111144
219,41,14,categorization,0,livingroom,SHINEd_livingroom_016.tif,72,0.1,0.0666666666666667,1.24993170840906
219,42,14,categorization,0,livingroom,SHINEd_livingroom_060.tif,99,0.1,0.0666666666666667,1.77821641720542
219,43,14,categorization,0,livingroom,SHINEd_livingroom_037.tif,86,0.1,0.0666666666666667,0.982677457380607
219,44,14,categorization,0,livingroom,SHINEd_livingroom_050.tif,93,0.1,0.0666666666666667,0.731128191214789
219,45,14,categorization,0,bedroom,SHINEd_bedroom_090.tif,47,0.1,0.0666666666666667,1.44406724636385
219,46,14,categorization,0,livingroom,SHINEd_livingroom_031.tif,83,0.1,0.0666666666666667,0.883856643270531
219,47,14,categorization,0,livingroom,SHINEd_livingroom_054.tif,95,0.1,0.0666666666666667,0.814632669255638
219,48,14,categorization,0,livingroom,SHINEd_livingroom_006.tif,65,0.1,0.0666666666666667,0.730916930963324
219,49,14,categorization,0,bedroom,SHINEd_bedroom_023.tif,20,0.1,0.0666666666666667,1.01143470397026
219,50,14,categorization,0,bedroom,SHINEd_bedroom_114.tif,54,0.1,0.0666666666666667,1.01417507170726
219,1,15,categorization,0,livingroom,SHINEd_livingroom_008.tif,67,0.1,0.0666666666666667,1.3384780673099
219,2,15,categorization,0,livingroom,SHINEd_livingroom_039.tif,87,0.1,0.0666666666666667,1.02173924379091
219,3,15,categorization,0,bedroom,SHINEd_bedroom_030.tif,23,0.1,0.0666666666666667,1.06622066747011
219,4,15,categorization,0,livingroom,SHINEd_livingroom_019.tif,74,0.1,0.0666666666666667,1.69629625149402
219,5,15,categorization,0,bedroom,SHINEd_bedroom_079.tif,42,0.1,0.0666666666666667,0.706430262183283
219,6,15,categorization,0,livingroom,SHINEd_livingroom_022.tif,76,0.1,0.0666666666666667,0.871372064319489
219,7,15,categorization,0,livingroom,SHINEd_livingroom_088.tif,106,0.1,0.0666666666666667,1.09471924708201
219,8,15,categorization,0,bedroom,SHINEd_bedroom_125.tif,59,0.1,0.0666666666666667,0.726530868267217
219,9,15,categorization,0,livingroom,SHINEd_livingroom_004.tif,63,0.1,0.0666666666666667,0.782962526021702
219,10,15,categorization,0,livingroom,SHINEd_livingroom_029.tif,81,0.1,0.0666666666666667,1.42703955585263
219,11,15,categorization,0,bedroom,SHINEd_bedroom_069.tif,39,0.1,0.0666666666666667,1.65947363051072
219,12,15,categorization,0,bedroom,SHINEd_bedroom_120.tif,58,0.1,0.0666666666666667,1.79276189380501
219,13,15,categorization,0,livingroom,SHINEd_livingroom_089.tif,107,0.1,0.0666666666666667,1.3371761852087
219,14,15,categorization,0,bedroom,SHINEd_bedroom_009.tif,12,0.1,0.0666666666666667,0.959972385733662
219,15,15,categorization,0,livingroom,SHINEd_livingroom_010.tif,68,0.1,0.0666666666666667,1.08456163133012
219,16,15,categorization,0,bedroom,SHINEd_bedroom_020.tif,19,0.1,0.0666666666666667,1.827532817258
219,17,15,categorization,0,bedroom,SHINEd_bedroom_098.tif,50,0.1,0.0666666666666667,1.42466664221417
219,18,15,categorization,0,bedroom,SHINEd_bedroom_023.tif,20,0.1,0.0666666666666667,0.854723127431995
219,19,15,categorization,0,livingroom,SHINEd_livingroom_052.tif,94,0.1,0.0666666666666667,0.844237615633978
219,20,15,categorization,0,livingroom,SHINEd_livingroom_018.tif,73,0.1,0.0666666666666667,1.14332481873481
219,21,15,categorization,0,livingroom,SHINEd_livingroom_001.tif,61,0.1,0.0666666666666667,1.36165951040055
219,22,15,categorization,0,livingroom,SHINEd_livingroom_087.tif,105,0.1,0.0666666666666667,1.67483494857211
219,23,15,categorization,0,livingroom,SHINEd_livingroom_025.tif,79,0.1,0.0666666666666667,1.5881063361105
219,24,15,categorization,0,bedroom,SHINEd_bedroom_085.tif,44,0.1,0.0666666666666667,0.90708709617738
219,25,15,categorization,0,bedroom,SHINEd_bedroom_119.tif,57,0.1,0.0666666666666667,0.796248567726881
219,26,15,categorization,0,livingroom,SHINEd_livingroom_050.tif,93,0.1,0.0666666666666667,1.40182940393887
219,27,15,categorization,0,livingroom,SHINEd_livingroom_007.tif,66,0.1,0.0666666666666667,0.988312080782603
219,28,15,categorization,0,livingroom,SHINEd_livingroom_073.tif,102,0.1,0.0666666666666667,1.20594176776867
219,29,15,categorization,0,bedroom,SHINEd_bedroom_080.tif,43,0.1,0.0666666666666667,1.47746429433725
219,30,15,categorization,0,livingroom,SHINEd_livingroom_031.tif,83,0.1,0.0666666666666667,0.931546320558733
219,31,15,categorization,0,bedroom,SHINEd_bedroom_046.tif,30,0.1,0.0666666666666667,1.91167284460467
219,32,15,categorization,0,bedroom,SHINEd_bedroom_090.tif,47,0.1,0.0666666666666667,0.809372897467174
219,33,15,categorization,0,livingroom,SHINEd_livingroom_068.tif,100,0.1,0.0666666666666667,1.03298427244423
219,34,15,categorization,0,bedroom,SHINEd_bedroom_011.tif,14,0.1,0.0666666666666667,1.21985394921723
219,35,15,categorization,0,livingroom,SHINEd_livingroom_072.tif,101,0.1,0.0666666666666667,0.815840819970348
219,36,15,categorization,0,bedroom,SHINEd_bedroom_012.tif,15,0.1,0.0666666666666667,1.3932008579881
219,37,15,categorization,0,bedroom,SHINEd_bedroom_025.tif,21,0.1,0.0666666666666667,1.33739968135809
219,38,15,categorization,0,bedroom,SHINEd_bedroom_048.tif,32,0.1,0.0666666666666667,1.21881923213771
219,39,15,categorization,0,livingroom,SHINEd_livingroom_037.tif,86,0.1,0.0666666666666667,1.55327940359014
219,40,15,categorization,0,livingroom,SHINEd_livingroom_081.tif,103,0.1,0.0666666666666667,0.724781009453875
219,41,15,categorization,0,bedroom,SHINEd_bedroom_041.tif,27,0.1,0.0666666666666667,0.861530059442816
219,42,15,categorization,0,livingroom,SHINEd_livingroom_020.tif,75,0.1,0.0666666666666667,1.82681665325554
219,43,15,categorization,0,bedroom,SHINEd_bedroom_068.tif,38,0.1,0.0666666666666667,1.42808619551251
219,44,15,categorization,0,livingroom,SHINEd_livingroom_006.tif,65,0.1,0.0666666666666667,1.76577244984956
219,45,15,categorization,0,livingroom,SHINEd_livingroom_054.tif,95,0.1,0.0666666666666667,1.67468603695797
219,46,15,categorization,0,bedroom,SHINEd_bedroom_045.tif,29,0.1,0.0666666666666667,0.92658947705055
219,47,15,categorization,0,bedroom,SHINEd_bedroom_052.tif,34,0.1,0.0666666666666667,0.994806314785982
219,48,15,categorization,0,bedroom,SHINEd_bedroom_116.tif,55,0.1,0.0666666666666667,1.3396655567824
219,49,15,categorization,0,bedroom,SHINEd_bedroom_118.tif,56,0.1,0.0666666666666667,1.15749176357878
219,50,15,categorization,0,bedroom,SHINEd_bedroom_089.tif,46,0.1,0.0666666666666667,0.909518329490815
219,1,16,categorization,0,livingroom,SHINEd_livingroom_046.tif,89,0.1,0.0666666666666667,1.66761196908017
219,2,16,categorization,0,livingroom,SHINEd_livingroom_055.tif,96,0.1,0.0666666666666667,1.49522045925088
219,3,16,categorization,0,bedroom,SHINEd_bedroom_075.tif,41,0.1,0.0666666666666667,0.971433827110777
219,4,16,categorization,0,bedroom,SHINEd_bedroom_112.tif,53,0.1,0.0666666666666667,1.84205847420358
219,5,16,categorization,0,bedroom,SHINEd_bedroom_010.tif,13,0.1,0.0666666666666667,1.20413980609692
219,6,16,categorization,0,bedroom,SHINEd_bedroom_039.tif,26,0.1,0.0666666666666667,0.963181591629939
219,7,16,categorization,0,livingroom,SHINEd_livingroom_083.tif,104,0.1,0.0666666666666667,0.890161668535488
219,8,16,categorization,0,livingroom,SHINEd_livingroom_62.tif,110,0.1,0.0666666666666667,0.807035844921933
219,9,16,categorization,0,bedroom,SHINEd_bedroom_051.tif,33,0.1,0.0666666666666667,1.08632714266712
219,10,16,categorization,0,bedroom,SHINEd_bedroom_056.tif,35,0.1,0.0666666666666667,1.45964265860593
219,11,16,categorization,0,livingroom,SHINEd_livingroom_003.tif,62,0.1,0.0666666666666667,0.852453943583643
219,12,16,categorization,0,livingroom,SHINEd_livingroom_047.tif,90,0.1,0.0666666666666667,0.982359166651534
219,13,16,categorization,0,livingroom,SHINEd_livingroom_059.tif,98,0.1,0.0666666666666667,1.64467849348158
219,14,16,categorization,0,livingroom,SHINEd_livingroom_092.tif,109,0.1,0.0666666666666667,0.98770286181497
219,15,16,categorization,0,bedroom,SHINEd_bedroom_016.tif,17,0.1,0.0666666666666667,1.87824628247569
219,16,16,categorization,0,livingroom,SHINEd_livingroom_032.tif,84,0.1,0.0666666666666667,1.79541263656856
219,17,16,categorization,0,bedroom,SHINEd_bedroom_074.tif,40,0.1,0.0666666666666667,1.96093220323183
219,18,16,categorization,0,livingroom,SHINEd_livingroom_013.tif,70,0.1,0.0666666666666667,1.60896832192051
219,19,16,categorization,0,livingroom,SHINEd_livingroom_049.tif,92,0.1,0.0666666666666667,1.6777864851359
219,20,16,categorization,0,bedroom,SHINEd_bedroom_093.tif,48,0.1,0.0666666666666667,1.79950380430327
219,21,16,categorization,0,bedroom,SHINEd_bedroom_106.tif,52,0.1,0.0666666666666667,1.06123437645696
219,22,16,categorization,0,livingroom,SHINEd_livingroom_043.tif,88,0.1,0.0666666666666667,1.83012207374203
219,23,16,categorization,0,bedroom,SHINEd_bedroom_008.tif,11,0.1,0.0666666666666667,1.50192535468146
219,24,16,categorization,0,livingroom,SHINEd_livingroom_028.tif,80,0.1,0.0666666666666667,1.40179287283652
219,25,16,categorization,0,bedroom,SHINEd_bedroom_114.tif,54,0.1,0.0666666666666667,1.42087355240166
219,26,16,categorization,0,bedroom,SHINEd_bedroom_018.tif,18,0.1,0.0666666666666667,1.9135212596841
219,27,16,categorization,0,bedroom,SHINEd_bedroom_029.tif,22,0.1,0.0666666666666667,0.888471093922777
219,28,16,categorization,0,bedroom,SHINEd_bedroom_067.tif,37,0.1,0.0666666666666667,1.17498659100711
219,29,16,categorization,0,livingroom,SHINEd_livingroom_030.tif,82,0.1,0.0666666666666667,1.60090216990572
219,30,16,categorization,0,livingroom,SHINEd_livingroom_023.tif,77,0.1,0.0666666666666667,0.930838391796689
219,31,16,categorization,0,bedroom,SHINEd_bedroom_032.tif,24,0.1,0.0666666666666667,0.740866346711604
219,32,16,categorization,0,bedroom,SHINEd_bedroom_097.tif,49,0.1,0.0666666666666667,1.98085742144741
219,33,16,categorization,0,livingroom,SHINEd_livingroom_024.tif,78,0.1,0.0666666666666667,0.883399215513349
219,34,16,categorization,0,bedroom,SHINEd_bedroom_099.tif,51,0.1,0.0666666666666667,1.11026074261765
219,35,16,categorization,0,livingroom,SHINEd_livingroom_016.tif,72,0.1,0.0666666666666667,1.55432067647594
219,36,16,categorization,0,livingroom,SHINEd_livingroom_048.tif,91,0.1,0.0666666666666667,1.19040482446717
219,37,16,categorization,0,bedroom,SHINEd_bedroom_042.tif,28,0.1,0.0666666666666667,1.36062622363498
219,38,16,categorization,0,livingroom,SHINEd_livingroom_060.tif,99,0.1,0.0666666666666667,0.748721834915825
219,39,16,categorization,0,livingroom,SHINEd_livingroom_036.tif,85,0.1,0.0666666666666667,1.41799746610326
219,40,16,categorization,0,livingroom,SHINEd_livingroom_014.tif,71,0.1,0.0666666666666667,1.20554438285235
219,41,16,categorization,0,bedroom,SHINEd_bedroom_062.tif,36,0.1,0.0666666666666667,0.963412052974699
219,42,16,categorization,0,bedroom,SHINEd_bedroom_126.tif,60,0.1,0.0666666666666667,1.94330086011661
219,43,16,categorization,0,bedroom,SHINEd_bedroom_014.tif,16,0.1,0.0666666666666667,0.83504994155373
219,44,16,categorization,0,livingroom,SHINEd_livingroom_012.tif,69,0.1,0.0666666666666667,0.939838827101443
219,45,16,categorization,0,bedroom,SHINEd_bedroom_086.tif,45,0.1,0.0666666666666667,1.75409346591063
219,46,16,categorization,0,livingroom,SHINEd_livingroom_005.tif,64,0.1,0.0666666666666667,1.72474347590281
219,47,16,categorization,0,bedroom,SHINEd_bedroom_036.tif,25,0.1,0.0666666666666667,1.10971733912807
219,48,16,categorization,0,livingroom,SHINEd_livingroom_057.tif,97,0.1,0.0666666666666667,1.19426663622771
219,49,16,categorization,0,bedroom,SHINEd_bedroom_047.tif,31,0.1,0.0666666666666667,1.10111122742324
219,50,16,categorization,0,livingroom,SHINEd_livingroom_090.tif,108,0.1,0.0666666666666667,1.36086327321145
219,1,17,categorization,0,bedroom,SHINEd_bedroom_008.tif,11,0.1,0.0666666666666667,0.809920552905183
219,2,17,categorization,0,bedroom,SHINEd_bedroom_114.tif,54,0.1,0.0666666666666667,1.53647285533772
219,3,17,categorization,0,livingroom,SHINEd_livingroom_060.tif,99,0.1,0.0666666666666667,0.704050329620639
219,4,17,categorization,0,bedroom,SHINEd_bedroom_030.tif,23,0.1,0.0666666666666667,1.92994329187022
219,5,17,categorization,0,livingroom,SHINEd_livingroom_013.tif,70,0.1,0.0666666666666667,1.11643712324745
219,6,17,categorization,0,livingroom,SHINEd_livingroom_059.tif,98,0.1,0.0666666666666667,1.31544899951508
219,7,17,categorization,0,bedroom,SHINEd_bedroom_126.tif,60,0.1,0.0666666666666667,1.68088457767872
219,8,17,categorization,0,livingroom,SHINEd_livingroom_62.tif,110,0.1,0.0666666666666667,0.936109396738061
219,9,17,categorization,0,bedroom,SHINEd_bedroom_062.tif,36,0.1,0.0666666666666667,1.53274330897544
219,10,17,categorization,0,livingroom,SHINEd_livingroom_010.tif,68,0.1,0.0666666666666667,1.51165979626767
219,11,17,categorization,0,livingroom,SHINEd_livingroom_030.tif,82,0.1,0.0666666666666667,1.65082042896737
219,12,17,categorization,0,livingroom,SHINEd_livingroom_052.tif,94,0.1,0.0666666666666667,0.821650656486421
219,13,17,categorization,0,bedroom,SHINEd_bedroom_080.tif,43,0.1,0.0666666666666667,0.928951889708196
219,14,17,categorization,0,livingroom,SHINEd_livingroom_092.tif,109,0.1,0.0666666666666667,1.01008322785146
219,15,17,categorization,0,livingroom,SHINEd_livingroom_025.tif,79,0.1,0.0666666666666667,1.42399507524855
219,16,17,categorization,0,livingroom,SHINEd_livingroom_004.tif,63,0.1,0.0666666666666667,0.955314063046224
219,17,17,categorization,0,livingroom,SHINEd_livingroom_008.tif,67,0.1,0.0666666666666667,1.10241576441978
219,18,17,categorization,0,livingroom,SHINEd_livingroom_031.tif,83,0.1,0.0666666666666667,1.00034376533652
219,19,17,categorization,0,livingroom,SHINEd_livingroom_046.tif,89,0.1,0.0666666666666667,1.49930099241628
219,20,17,categorization,0,livingroom,SHINEd_livingroom_023.tif,77,0.1,0.0666666666666667,1.50960678068431
219,21,17,categorization,0,bedroom,SHINEd_bedroom_097.tif,49,0.1,0.0666666666666667,1.1756079863972
219,22,17,categorization,0,bedroom,SHINEd_bedroom_047.tif,31,0.1,0.0666666666666667,0.753861602636309
219,23,17,categorization,0,bedroom,SHINEd_bedroom_045.tif,29,0.1,0.0666666666666667,1.60758923233922
219,24,17,categorization,0,livingroom,SHINEd_livingroom_090.tif,108,0.1,0.0666666666666667,1.13564271625582
219,25,17,categorization,0,bedroom,SHINEd_bedroom_051.tif,33,0.1,0.0666666666666667,1.36373936096667
219,26,17,categorization,0,bedroom,SHINEd_bedroom_025.tif,21,0.1,0.0666666666666667,0.968825330297714
219,27,17,categorization,0,bedroom,SHINEd_bedroom_098.tif,50,0.1,0.0666666666666667,0.775065282748089
219,28,17,categorization,0,livingroom,SHINEd_livingroom_057.tif,97,0.1,0.0666666666666667,1.61245451884667
219,29,17,categorization,0,bedroom,SHINEd_bedroom_093.tif,48,0.1,0.0666666666666667,1.6738896859709
219,30,17,categorization,0,livingroom,SHINEd_livingroom_018.tif,73,0.1,0.0666666666666667,1.24353752953568
219,31,17,categorization,0,bedroom,SHINEd_bedroom_041.tif,27,0.1,0.0666666666666667,0.992301342231547
219,32,17,categorization,0,bedroom,SHINEd_bedroom_086.tif,45,0.1,0.0666666666666667,0.883393247474822
219,33,17,categorization,0,bedroom,SHINEd_bedroom_074.tif,40,0.1,0.0666666666666667,0.84582049066014
219,34,17,categorization,0,bedroom,SHINEd_bedroom_014.tif,16,0.1,0.0666666666666667,1.63233319710813
219,35,17,categorization,0,bedroom,SHINEd_bedroom_125.tif,59,0.1,0.0666666666666667,1.59517003987358
219,36,17,categorization,0,livingroom,SHINEd_livingroom_007.tif,66,0.1,0.0666666666666667,0.972336916662627
219,37,17,categorization,0,bedroom,SHINEd_bedroom_016.tif,17,0.1,0.0666666666666667,0.956021715431935
219,38,17,categorization,0,bedroom,SHINEd_bedroom_112.tif,53,0.1,0.0666666666666667,1.13455151567474
219,39,17,categorization,0,bedroom,SHINEd_bedroom_018.tif,18,0.1,0.0666666666666667,0.740414250897484
219,40,17,categorization,0,bedroom,SHINEd_bedroom_099.tif,51,0.1,0.0666666666666667,0.931553584023512
219,41,17,categorization,0,livingroom,SHINEd_livingroom_083.tif,104,0.1,0.0666666666666667,0.76307428406902
219,42,17,categorization,0,livingroom,SHINEd_livingroom_055.tif,96,0.1,0.0666666666666667,0.929232110564108
219,43,17,categorization,0,livingroom,SHINEd_livingroom_049.tif,92,0.1,0.0666666666666667,1.60481007801825
219,44,17,categorization,0,bedroom,SHINEd_bedroom_085.tif,44,0.1,0.0666666666666667,1.67434179659629
219,45,17,categorization,0,livingroom,SHINEd_livingroom_037.tif,86,0.1,0.0666666666666667,0.80694346978354
219,46,17,categorization,0,bedroom,SHINEd_bedroom_119.tif,57,0.1,0.0666666666666667,1.79918585950675
219,47,17,categorization,0,livingroom,SHINEd_livingroom_005.tif,64,0.1,0.0666666666666667,0.8934471928377
219,48,17,categorization,0,bedroom,SHINEd_bedroom_039.tif,26,0.1,0.0666666666666667,0.795086698519203
219,49,17,categorization,0,livingroom,SHINEd_livingroom_073.tif,102,0.1,0.0666666666666667,0.789350662759467
219,50,17,categorization,0,bedroom,SHINEd_bedroom_068.tif,38,0.1,0.0666666666666667,1.28086887745011
219,1,18,categorization,0,bedroom,SHINEd_bedroom_010.tif,13,0.1,0.0666666666666667,1.10726602295788
219,2,18,categorization,0,livingroom,SHINEd_livingroom_020.tif,75,0.1,0.0666666666666667,0.958597067664041
219,3,18,categorization,0,livingroom,SHINEd_livingroom_006.tif,65,0.1,0.0666666666666667,0.85298107306564
219,4,18,categorization,0,bedroom,SHINEd_bedroom_106.tif,52,0.1,0.0666666666666667,0.955202361504823
219,5,18,categorization,0,livingroom,SHINEd_livingroom_081.tif,103,0.1,0.0666666666666667,1.02605509138622
219,6,18,categorization,0,livingroom,SHINEd_livingroom_068.tif,100,0.1,0.0666666666666667,0.703825476704886
219,7,18,categorization,0,livingroom,SHINEd_livingroom_019.tif,74,0.1,0.0666666666666667,0.821087972907315
219,8,18,categorization,0,livingroom,SHINEd_livingroom_012.tif,69,0.1,0.0666666666666667,0.70644496173595
219,9,18,categorization,0,bedroom,SHINEd_bedroom_029.tif,22,0.1,0.0666666666666667,1.63565248734748
219,10,18,categorization,0,livingroom,SHINEd_livingroom_016.tif,72,0.1,0.0666666666666667,1.06400856209355
219,11,18,categorization,0,bedroom,SHINEd_bedroom_042.tif,28,0.1,0.0666666666666667,0.998183553086958
219,12,18,categorization,0,livingroom,SHINEd_livingroom_050.tif,93,0.1,0.0666666666666667,1.8025762649217
219,13,18,categorization,0,bedroom,SHINEd_bedroom_036.tif,25,0.1,0.0666666666666667,0.879659517444029
219,14,18,categorization,0,livingroom,SHINEd_livingroom_047.tif,90,0.1,0.0666666666666667,1.02982479190579
219,15,18,categorization,0,livingroom,SHINEd_livingroom_089.tif,107,0.1,0.0666666666666667,1.55923210607225
219,16,18,categorization,0,bedroom,SHINEd_bedroom_120.tif,58,0.1,0.0666666666666667,1.03991373607282
219,17,18,categorization,0,bedroom,SHINEd_bedroom_089.tif,46,0.1,0.0666666666666667,0.908865959065849
219,18,18,categorization,0,bedroom,SHINEd_bedroom_116.tif,55,0.1,0.0666666666666667,0.869841684775906
219,19,18,categorization,0,bedroom,SHINEd_bedroom_075.tif,41,0.1,0.0666666666666667,1.0054466837116
219,20,18,categorization,0,bedroom,SHINEd_bedroom_048.tif,32,0.1,0.0666666666666667,0.815373450580118
219,21,18,categorization,0,livingroom,SHINEd_livingroom_003.tif,62,0.1,0.0666666666666667,1.34021147255916
219,22,18,categorization,0,livingroom,SHINEd_livingroom_032.tif,84,0.1,0.0666666666666667,1.89775764927222
219,23,18,categorization,0,livingroom,SHINEd_livingroom_087.tif,105,0.1,0.0666666666666667,1.32262699802388
219,24,18,categorization,0,livingroom,SHINEd_livingroom_022.tif,76,0.1,0.0666666666666667,1.01930434354613
219,25,18,categorization,0,bedroom,SHINEd_bedroom_069.tif,39,0.1,0.0666666666666667,0.935796477364947
219,26,18,categorization,0,livingroom,SHINEd_livingroom_014.tif,71,0.1,0.0666666666666667,0.831221716478656
219,27,18,categorization,0,bedroom,SHINEd_bedroom_009.tif,12,0.1,0.0666666666666667,1.11398223870314
219,28,18,categorization,0,livingroom,SHINEd_livingroom_043.tif,88,0.1,0.0666666666666667,0.902918238567451
219,29,18,categorization,0,bedroom,SHINEd_bedroom_079.tif,42,0.1,0.0666666666666667,0.757501155432854
219,30,18,categorization,0,bedroom,SHINEd_bedroom_012.tif,15,0.1,0.0666666666666667,1.10904498466348
219,31,18,categorization,0,bedroom,SHINEd_bedroom_011.tif,14,0.1,0.0666666666666667,0.839741379997016
219,32,18,categorization,0,livingroom,SHINEd_livingroom_001.tif,61,0.1,0.0666666666666667,1.313709290579
219,33,18,categorization,0,livingroom,SHINEd_livingroom_072.tif,101,0.1,0.0666666666666667,1.67216888615792
219,34,18,categorization,0,livingroom,SHINEd_livingroom_054.tif,95,0.1,0.0666666666666667,0.808833252703657
219,35,18,categorization,0,bedroom,SHINEd_bedroom_090.tif,47,0.1,0.0666666666666667,1.7247792036408
219,36,18,categorization,0,livingroom,SHINEd_livingroom_028.tif,80,0.1,0.0666666666666667,1.07882956735445
219,37,18,categorization,0,bedroom,SHINEd_bedroom_052.tif,34,0.1,0.0666666666666667,0.721821244706174
219,38,18,categorization,0,livingroom,SHINEd_livingroom_029.tif,81,0.1,0.0666666666666667,1.45362982013201
219,39,18,categorization,0,livingroom,SHINEd_livingroom_048.tif,91,0.1,0.0666666666666667,1.55605836306055
219,40,18,categorization,0,bedroom,SHINEd_bedroom_032.tif,24,0.1,0.0666666666666667,1.48687910309536
219,41,18,categorization,0,livingroom,SHINEd_livingroom_039.tif,87,0.1,0.0666666666666667,1.31743981940992
219,42,18,categorization,0,livingroom,SHINEd_livingroom_024.tif,78,0.1,0.0666666666666667,1.12654526981822
219,43,18,categorization,0,bedroom,SHINEd_bedroom_020.tif,19,0.1,0.0666666666666667,1.46328796785701
219,44,18,categorization,0,bedroom,SHINEd_bedroom_023.tif,20,0.1,0.0666666666666667,1.0785126313433
219,45,18,categorization,0,livingroom,SHINEd_livingroom_088.tif,106,0.1,0.0666666666666667,1.61542672451032
219,46,18,categorization,0,livingroom,SHINEd_livingroom_036.tif,85,0.1,0.0666666666666667,1.16988400441419
219,47,18,categorization,0,bedroom,SHINEd_bedroom_046.tif,30,0.1,0.0666666666666667,0.7981100365569
219,48,18,categorization,0,bedroom,SHINEd_bedroom_067.tif,37,0.1,0.0666666666666667,1.31633379590704
219,49,18,categorization,0,bedroom,SHINEd_bedroom_118.tif,56,0.1,0.0666666666666667,1.62892224956639
219,50,18,categorization,0,bedroom,SHINEd_bedroom_056.tif,35,0.1,0.0666666666666667,1.03880350091935
219,1,19,categorization,0,livingroom,SHINEd_livingroom_004.tif,63,0.1,0.0666666666666667,1.06290515245324
219,2,19,categorization,0,bedroom,SHINEd_bedroom_119.tif,57,0.1,0.0666666666666667,1.27235574749968
219,3,19,categorization,0,livingroom,SHINEd_livingroom_057.tif,97,0.1,0.0666666666666667,1.67749325955165
219,4,19,categorization,0,livingroom,SHINEd_livingroom_031.tif,83,0.1,0.0666666666666667,0.787314632372794
219,5,19,categorization,0,livingroom,SHINEd_livingroom_068.tif,100,0.1,0.0666666666666667,1.0885471317587
219,6,19,categorization,0,livingroom,SHINEd_livingroom_008.tif,67,0.1,0.0666666666666667,1.09978331645405
219,7,19,categorization,0,livingroom,SHINEd_livingroom_006.tif,65,0.1,0.0666666666666667,0.918333215086813
219,8,19,categorization,0,bedroom,SHINEd_bedroom_023.tif,20,0.1,0.0666666666666667,1.12189238292911
219,9,19,categorization,0,bedroom,SHINEd_bedroom_068.tif,38,0.1,0.0666666666666667,1.09156109083713
219,10,19,categorization,0,livingroom,SHINEd_livingroom_047.tif,90,0.1,0.0666666666666667,1.83489537062444
219,11,19,categorization,0,livingroom,SHINEd_livingroom_014.tif,71,0.1,0.0666666666666667,1.33651967113446
219,12,19,categorization,0,bedroom,SHINEd_bedroom_020.tif,19,0.1,0.0666666666666667,0.932761814549847
219,13,19,categorization,0,bedroom,SHINEd_bedroom_041.tif,27,0.1,0.0666666666666667,0.955710267449184
219,14,19,categorization,0,bedroom,SHINEd_bedroom_118.tif,56,0.1,0.0666666666666667,1.22340395985573
219,15,19,categorization,0,livingroom,SHINEd_livingroom_060.tif,99,0.1,0.0666666666666667,0.924252499841833
219,16,19,categorization,0,bedroom,SHINEd_bedroom_032.tif,24,0.1,0.0666666666666667,1.08050929180214
219,17,19,categorization,0,livingroom,SHINEd_livingroom_087.tif,105,0.1,0.0666666666666667,1.39685242448835
219,18,19,categorization,0,livingroom,SHINEd_livingroom_081.tif,103,0.1,0.0666666666666667,1.08928996129278
219,19,19,categorization,0,bedroom,SHINEd_bedroom_097.tif,49,0.1,0.0666666666666667,0.922711498251939
219,20,19,categorization,0,bedroom,SHINEd_bedroom_012.tif,15,0.1,0.0666666666666667,0.978555569136773
219,21,19,categorization,0,bedroom,SHINEd_bedroom_036.tif,25,0.1,0.0666666666666667,1.14649915464367
219,22,19,categorization,0,bedroom,SHINEd_bedroom_114.tif,54,0.1,0.0666666666666667,1.27977640575117
219,23,19,categorization,0,bedroom,SHINEd_bedroom_029.tif,22,0.1,0.0666666666666667,1.20527194134342
219,24,19,categorization,0,livingroom,SHINEd_livingroom_054.tif,95,0.1,0.0666666666666667,1.01609419336496
219,25,19,categorization,0,bedroom,SHINEd_bedroom_047.tif,31,0.1,0.0666666666666667,1.94314262222454
219,26,19,categorization,0,livingroom,SHINEd_livingroom_050.tif,93,0.1,0.0666666666666667,1.1484687228736
219,27,19,categorization,0,livingroom,SHINEd_livingroom_046.tif,89,0.1,0.0666666666666667,0.881486561324492
219,28,19,categorization,0,bedroom,SHINEd_bedroom_126.tif,60,0.1,0.0666666666666667,1.23766228201463
219,29,19,categorization,0,livingroom,SHINEd_livingroom_010.tif,68,0.1,0.0666666666666667,1.3423629998349
219,30,19,categorization,0,livingroom,SHINEd_livingroom_029.tif,81,0.1,0.0666666666666667,1.18900958839117
219,31,19,categorization,0,bedroom,SHINEd_bedroom_052.tif,34,0.1,0.0666666666666667,1.28315736741901
219,32,19,categorization,0,bedroom,SHINEd_bedroom_030.tif,23,0.1,0.0666666666666667,1.42776773433548
219,33,19,categorization,0,bedroom,SHINEd_bedroom_011.tif,14,0.1,0.0666666666666667,0.716368458677811
219,34,19,categorization,0,livingroom,SHINEd_livingroom_028.tif,80,0.1,0.0666666666666667,1.15209829890456
219,35,19,categorization,0,livingroom,SHINEd_livingroom_001.tif,61,0.1,0.0666666666666667,1.58796178123401
219,36,19,categorization,0,livingroom,SHINEd_livingroom_016.tif,72,0.1,0.0666666666666667,1.23177072554119
219,37,19,categorization,0,bedroom,SHINEd_bedroom_056.tif,35,0.1,0.0666666666666667,1.01588518979364
219,38,19,categorization,0,livingroom,SHINEd_livingroom_092.tif,109,0.1,0.0666666666666667,0.794435288607048
219,39,19,categorization,0,livingroom,SHINEd_livingroom_043.tif,88,0.1,0.0666666666666667,1.00388531260953
219,40,19,categorization,0,livingroom,SHINEd_livingroom_019.tif,74,0.1,0.0666666666666667,1.85328919701707
219,41,19,categorization,0,bedroom,SHINEd_bedroom_048.tif,32,0.1,0.0666666666666667,1.34709999712188
219,42,19,categorization,0,livingroom,SHINEd_livingroom_013.tif,70,0.1,0.0666666666666667,0.767013138376998
219,43,19,categorization,0,bedroom,SHINEd_bedroom_086.tif,45,0.1,0.0666666666666667,1.41079282663607
219,44,19,categorization,0,bedroom,SHINEd_bedroom_016.tif,17,0.1,0.0666666666666667,0.781147226176723
219,45,19,categorization,0,livingroom,SHINEd_livingroom_073.tif,102,0.1,0.0666666666666667,1.10851675261323
219,46,19,categorization,0,livingroom,SHINEd_livingroom_072.tif,101,0.1,0.0666666666666667,1.44277621515828
219,47,19,categorization,0,livingroom,SHINEd_livingroom_007.tif,66,0.1,0.0666666666666667,0.846893640105878
219,48,19,categorization,0,bedroom,SHINEd_bedroom_018.tif,18,0.1,0.0666666666666667,1.11266282443312
219,49,19,categorization,0,bedroom,SHINEd_bedroom_085.tif,44,0.1,0.0666666666666667,1.11256826273802
219,50,19,categorization,0,livingroom,SHINEd_livingroom_036.tif,85,0.1,0.0666666666666667,0.894140940330992
219,1,20,categorization,0,livingroom,SHINEd_livingroom_018.tif,73,0.1,0.0666666666666667,1.38955279295806
219,2,20,categorization,0,livingroom,SHINEd_livingroom_055.tif,96,0.1,0.0666666666666667,0.902646708811763
219,3,20,categorization,0,livingroom,SHINEd_livingroom_012.tif,69,0.1,0.0666666666666667,0.722170330753969
219,4,20,categorization,0,bedroom,SHINEd_bedroom_098.tif,50,0.1,0.0666666666666667,1.60234633842873
219,5,20,categorization,0,bedroom,SHINEd_bedroom_112.tif,53,0.1,0.0666666666666667,1.86462607366719
219,6,20,categorization,0,livingroom,SHINEd_livingroom_049.tif,92,0.1,0.0666666666666667,0.901125147348051
219,7,20,categorization,0,bedroom,SHINEd_bedroom_120.tif,58,0.1,0.0666666666666667,0.806789901819889
219,8,20,categorization,0,livingroom,SHINEd_livingroom_059.tif,98,0.1,0.0666666666666667,1.99006926091811
219,9,20,categorization,0,livingroom,SHINEd_livingroom_037.tif,86,0.1,0.0666666666666667,0.897724994489901
219,10,20,categorization,0,livingroom,SHINEd_livingroom_032.tif,84,0.1,0.0666666666666667,1.96029985361399
219,11,20,categorization,0,bedroom,SHINEd_bedroom_025.tif,21,0.1,0.0666666666666667,0.924186853070919
219,12,20,categorization,0,bedroom,SHINEd_bedroom_051.tif,33,0.1,0.0666666666666667,1.07346846520185
219,13,20,categorization,0,bedroom,SHINEd_bedroom_008.tif,11,0.1,0.0666666666666667,0.872042348944694
219,14,20,categorization,0,bedroom,SHINEd_bedroom_039.tif,26,0.1,0.0666666666666667,0.77526120529695
219,15,20,categorization,0,bedroom,SHINEd_bedroom_106.tif,52,0.1,0.0666666666666667,1.47214400226037
219,16,20,categorization,0,bedroom,SHINEd_bedroom_010.tif,13,0.1,0.0666666666666667,1.88776316158029
219,17,20,categorization,0,bedroom,SHINEd_bedroom_062.tif,36,0.1,0.0666666666666667,0.91800305794192
219,18,20,categorization,0,livingroom,SHINEd_livingroom_090.tif,108,0.1,0.0666666666666667,1.70103758175616
219,19,20,categorization,0,bedroom,SHINEd_bedroom_080.tif,43,0.1,0.0666666666666667,1.75198703654457
219,20,20,categorization,0,livingroom,SHINEd_livingroom_003.tif,62,0.1,0.0666666666666667,1.42191004589521
219,21,20,categorization,0,bedroom,SHINEd_bedroom_093.tif,48,0.1,0.0666666666666667,1.35727371371871
219,22,20,categorization,0,bedroom,SHINEd_bedroom_042.tif,28,0.1,0.0666666666666667,0.982311061616536
219,23,20,categorization,0,bedroom,SHINEd_bedroom_046.tif,30,0.1,0.0666666666666667,1.52659217584229
219,24,20,categorization,0,bedroom,SHINEd_bedroom_067.tif,37,0.1,0.0666666666666667,0.768224171329564
219,25,20,categorization,0,bedroom,SHINEd_bedroom_099.tif,51,0.1,0.0666666666666667,1.42100813133707
219,26,20,categorization,0,livingroom,SHINEd_livingroom_024.tif,78,0.1,0.0666666666666667,0.761693212768789
219,27,20,categorization,0,bedroom,SHINEd_bedroom_045.tif,29,0.1,0.0666666666666667,0.733193736752343
219,28,20,categorization,0,bedroom,SHINEd_bedroom_089.tif,46,0.1,0.0666666666666667,0.79672540751747
219,29,20,categorization,0,livingroom,SHINEd_livingroom_020.tif,75,0.1,0.0666666666666667,1.63247366449997
219,30,20,categorization,0,livingroom,SHINEd_livingroom_62.tif,110,0.1,0.0666666666666667,0.87929299265332
219,31,20,categorization,0,livingroom,SHINEd_livingroom_089.tif,107,0.1,0.0666666666666667,1.73806650912863
219,32,20,categorization,0,livingroom,SHINEd_livingroom_022.tif,76,0.1,0.0666666666666667,1.63161595856275
219,33,20,categorization,0,bedroom,SHINEd_bedroom_074.tif,40,0.1,0.0666666666666667,1.47760411802989
219,34,20,categorization,0,livingroom,SHINEd_livingroom_039.tif,87,0.1,0.0666666666666667,0.838403385401212
219,35,20,categorization,0,livingroom,SHINEd_livingroom_005.tif,64,0.1,0.0666666666666667,1.10604813172087
219,36,20,categorization,0,bedroom,SHINEd_bedroom_125.tif,59,0.1,0.0666666666666667,1.42961816735277
219,37,20,categorization,0,bedroom,SHINEd_bedroom_116.tif,55,0.1,0.0666666666666667,1.0738698674435
219,38,20,categorization,0,bedroom,SHINEd_bedroom_090.tif,47,0.1,0.0666666666666667,0.754247865106767
219,39,20,categorization,0,livingroom,SHINEd_livingroom_088.tif,106,0.1,0.0666666666666667,1.49583073213414
219,40,20,categorization,0,bedroom,SHINEd_bedroom_009.tif,12,0.1,0.0666666666666667,0.913098880396523
219,41,20,categorization,0,livingroom,SHINEd_livingroom_083.tif,104,0.1,0.0666666666666667,1.60356069451339
219,42,20,categorization,0,livingroom,SHINEd_livingroom_052.tif,94,0.1,0.0666666666666667,1.82801133376525
219,43,20,categorization,0,bedroom,SHINEd_bedroom_075.tif,41,0.1,0.0666666666666667,1.31785421662594
219,44,20,categorization,0,bedroom,SHINEd_bedroom_079.tif,42,0.1,0.0666666666666667,0.710295205670339
219,45,20,categorization,0,livingroom,SHINEd_livingroom_025.tif,79,0.1,0.0666666666666667,0.979356343709112
219,46,20,categorization,0,bedroom,SHINEd_bedroom_069.tif,39,0.1,0.0666666666666667,0.842434200390997
219,47,20,categorization,0,livingroom,SHINEd_livingroom_048.tif,91,0.1,0.0666666666666667,1.25221667819717
219,48,20,categorization,0,bedroom,SHINEd_bedroom_014.tif,16,0.1,0.0666666666666667,1.12566513293554
219,49,20,categorization,0,livingroom,SHINEd_livingroom_030.tif,82,0.1,0.0666666666666667,0.797587976314246
219,50,20,categorization,0,livingroom,SHINEd_livingroom_023.tif,77,0.1,0.0666666666666667,1.4362032504077
219,1,21,categorization,0,bedroom,SHINEd_bedroom_106.tif,52,0.1,0.0666666666666667,0.914560533854907
219,2,21,categorization,0,livingroom,SHINEd_livingroom_036.tif,85,0.1,0.0666666666666667,1.54505344977221
219,3,21,categorization,0,bedroom,SHINEd_bedroom_068.tif,38,0.1,0.0666666666666667,0.744966096138732
219,4,21,categorization,0,bedroom,SHINEd_bedroom_041.tif,27,0.1,0.0666666666666667,0.882165653731994
219,5,21,categorization,0,livingroom,SHINEd_livingroom_032.tif,84,0.1,0.0666666666666667,1.94454859241286
219,6,21,categorization,0,bedroom,SHINEd_bedroom_116.tif,55,0.1,0.0666666666666667,1.05580445759671
219,7,21,categorization,0,livingroom,SHINEd_livingroom_049.tif,92,0.1,0.0666666666666667,1.01042467982655
219,8,21,categorization,0,livingroom,SHINEd_livingroom_020.tif,75,0.1,0.0666666666666667,1.15059977455643
219,9,21,categorization,0,livingroom,SHINEd_livingroom_003.tif,62,0.1,0.0666666666666667,0.884225065512418
219,10,21,categorization,0,bedroom,SHINEd_bedroom_023.tif,20,0.1,0.0666666666666667,1.03633133674443
219,11,21,categorization,0,bedroom,SHINEd_bedroom_125.tif,59,0.1,0.0666666666666667,0.702248609780954
219,12,21,categorization,0,livingroom,SHINEd_livingroom_046.tif,89,0.1,0.0666666666666667,0.924614552155707
219,13,21,categorization,0,livingroom,SHINEd_livingroom_014.tif,71,0.1,0.0666666666666667,1.29635079449616
219,14,21,categorization,0,livingroom,SHINEd_livingroom_007.tif,66,0.1,0.0666666666666667,0.996833044954502
219,15,21,categorization,0,livingroom,SHINEd_livingroom_031.tif,83,0.1,0.0666666666666667,1.11848595578324
219,16,21,categorization,0,livingroom,SHINEd_livingroom_024.tif,78,0.1,0.0666666666666667,0.894629610580183
219,17,21,categorization,0,livingroom,SHINEd_livingroom_073.tif,102,0.1,0.0666666666666667,1.37570882681354
219,18,21,categorization,0,livingroom,SHINEd_livingroom_023.tif,77,0.1,0.0666666666666667,1.1504909883473
219,19,21,categorization,0,bedroom,SHINEd_bedroom_067.tif,37,0.1,0.0666666666666667,0.934768097717468
219,20,21,categorization,0,bedroom,SHINEd_bedroom_090.tif,47,0.1,0.0666666666666667,0.934941083942883
219,21,21,categorization,0,bedroom,SHINEd_bedroom_126.tif,60,0.1,0.0666666666666667,0.877043924420909
219,22,21,categorization,0,bedroom,SHINEd_bedroom_093.tif,48,0.1,0.0666666666666667,0.765912290279388
219,23,21,categorization,0,livingroom,SHINEd_livingroom_039.tif,87,0.1,0.0666666666666667,1.83999777732681
219,24,21,categorization,0,bedroom,SHINEd_bedroom_120.tif,58,0.1,0.0666666666666667,1.91646946601329
219,25,21,categorization,0,livingroom,SHINEd_livingroom_008.tif,67,0.1,0.0666666666666667,0.918066673183577
219,26,21,categorization,0,bedroom,SHINEd_bedroom_086.tif,45,0.1,0.0666666666666667,1.07131343129075
219,27,21,categorization,0,livingroom,SHINEd_livingroom_016.tif,72,0.1,0.0666666666666667,1.12432945449867
219,28,21,categorization,0,bedroom,SHINEd_bedroom_069.tif,39,0.1,0.0666666666666667,1.28946753914949
219,29,21,categorization,0,livingroom,SHINEd_livingroom_081.tif,103,0.1,0.0666666666666667,0.969934270446629
219,30,21,categorization,0,livingroom,SHINEd_livingroom_057.tif,97,0.1,0.0666666666666667,1.47218374183806
219,31,21,categorization,0,livingroom,SHINEd_livingroom_018.tif,73,0.1,0.0666666666666667,1.85004583547805
219,32,21,categorization,0,bedroom,SHINEd_bedroom_085.tif,44,0.1,0.0666666666666667,1.75430996358284
219,33,21,categorization,0,bedroom,SHINEd_bedroom_062.tif,36,0.1,0.0666666666666667,1.35834606535952
219,34,21,categorization,0,bedroom,SHINEd_bedroom_047.tif,31,0.1,0.0666666666666667,1.24378906607325
219,35,21,categorization,0,livingroom,SHINEd_livingroom_013.tif,70,0.1,0.0666666666666667,0.813465704734956
219,36,21,categorization,0,bedroom,SHINEd_bedroom_016.tif,17,0.1,0.0666666666666667,1.03142596114958
219,37,21,categorization,0,bedroom,SHINEd_bedroom_075.tif,41,0.1,0.0666666666666667,0.860308848900504
219,38,21,categorization,0,livingroom,SHINEd_livingroom_004.tif,63,0.1,0.0666666666666667,1.41459682896909
219,39,21,categorization,0,livingroom,SHINEd_livingroom_047.tif,90,0.1,0.0666666666666667,1.07566644578252
219,40,21,categorization,0,bedroom,SHINEd_bedroom_051.tif,33,0.1,0.0666666666666667,1.05481304970311
219,41,21,categorization,0,livingroom,SHINEd_livingroom_055.tif,96,0.1,0.0666666666666667,1.45887366349727
219,42,21,categorization,0,livingroom,SHINEd_livingroom_043.tif,88,0.1,0.0666666666666667,1.48829133761284
219,43,21,categorization,0,bedroom,SHINEd_bedroom_080.tif,43,0.1,0.0666666666666667,1.86859813084867
219,44,21,categorization,0,livingroom,SHINEd_livingroom_068.tif,100,0.1,0.0666666666666667,1.59936201166051
219,45,21,categorization,0,bedroom,SHINEd_bedroom_089.tif,46,0.1,0.0666666666666667,1.0466423441342
219,46,21,categorization,0,bedroom,SHINEd_bedroom_112.tif,53,0.1,0.0666666666666667,0.794158860304788
219,47,21,categorization,0,livingroom,SHINEd_livingroom_62.tif,110,0.1,0.0666666666666667,1.69312322631077
219,48,21,categorization,0,livingroom,SHINEd_livingroom_050.tif,93,0.1,0.0666666666666667,1.37746856387202
219,49,21,categorization,0,bedroom,SHINEd_bedroom_030.tif,23,0.1,0.0666666666666667,0.911567831889052
219,50,21,categorization,0,bedroom,SHINEd_bedroom_025.tif,21,0.1,0.0666666666666667,1.55521123238625
219,1,22,categorization,0,bedroom,SHINEd_bedroom_052.tif,34,0.1,0.0666666666666667,1.66157176249042
219,2,22,categorization,0,bedroom,SHINEd_bedroom_039.tif,26,0.1,0.0666666666666667,0.816406926399572
219,3,22,categorization,0,livingroom,SHINEd_livingroom_072.tif,101,0.1,0.0666666666666667,0.971135673203975
219,4,22,categorization,0,bedroom,SHINEd_bedroom_010.tif,13,0.1,0.0666666666666667,0.967264242853563
219,5,22,categorization,0,bedroom,SHINEd_bedroom_036.tif,25,0.1,0.0666666666666667,1.09001400998155
219,6,22,categorization,0,livingroom,SHINEd_livingroom_012.tif,69,0.1,0.0666666666666667,1.38237759095962
219,7,22,categorization,0,livingroom,SHINEd_livingroom_092.tif,109,0.1,0.0666666666666667,1.07589123408716
219,8,22,categorization,0,bedroom,SHINEd_bedroom_012.tif,15,0.1,0.0666666666666667,0.833661434050589
219,9,22,categorization,0,livingroom,SHINEd_livingroom_060.tif,99,0.1,0.0666666666666667,1.31685238812634
219,10,22,categorization,0,bedroom,SHINEd_bedroom_042.tif,28,0.1,0.0666666666666667,1.35521468728808
219,11,22,categorization,0,bedroom,SHINEd_bedroom_097.tif,49,0.1,0.0666666666666667,1.38724573310356
219,12,22,categorization,0,bedroom,SHINEd_bedroom_048.tif,32,0.1,0.0666666666666667,1.843271664495
219,13,22,categorization,0,livingroom,SHINEd_livingroom_025.tif,79,0.1,0.0666666666666667,0.972901997543197
219,14,22,categorization,0,livingroom,SHINEd_livingroom_083.tif,104,0.1,0.0666666666666667,1.07323080083205
219,15,22,categorization,0,livingroom,SHINEd_livingroom_037.tif,86,0.1,0.0666666666666667,0.761271249780223
219,16,22,categorization,0,bedroom,SHINEd_bedroom_018.tif,18,0.1,0.0666666666666667,0.825710283904369
219,17,22,categorization,0,bedroom,SHINEd_bedroom_074.tif,40,0.1,0.0666666666666667,0.808901231107036
219,18,22,categorization,0,livingroom,SHINEd_livingroom_010.tif,68,0.1,0.0666666666666667,0.716314552843686
219,19,22,categorization,0,bedroom,SHINEd_bedroom_009.tif,12,0.1,0.0666666666666667,1.42764073342996
219,20,22,categorization,0,livingroom,SHINEd_livingroom_019.tif,74,0.1,0.0666666666666667,1.00498156043722
219,21,22,categorization,0,livingroom,SHINEd_livingroom_090.tif,108,0.1,0.0666666666666667,1.56449645682956
219,22,22,categorization,0,bedroom,SHINEd_bedroom_046.tif,30,0.1,0.0666666666666667,0.795770913659179
219,23,22,categorization,0,livingroom,SHINEd_livingroom_005.tif,64,0.1,0.0666666666666667,0.965679636287196
219,24,22,categorization,0,livingroom,SHINEd_livingroom_001.tif,61,0.1,0.0666666666666667,1.18094016280462
219,25,22,categorization,0,bedroom,SHINEd_bedroom_056.tif,35,0.1,0.0666666666666667,1.22600762726037
219,26,22,categorization,0,bedroom,SHINEd_bedroom_098.tif,50,0.1,0.0666666666666667,0.744049696734544
219,27,22,categorization,0,livingroom,SHINEd_livingroom_028.tif,80,0.1,0.0666666666666667,1.47297824989889
219,28,22,categorization,0,bedroom,SHINEd_bedroom_079.tif,42,0.1,0.0666666666666667,1.08827975961299
219,29,22,categorization,0,livingroom,SHINEd_livingroom_059.tif,98,0.1,0.0666666666666667,0.856479447292153
219,30,22,categorization,0,bedroom,SHINEd_bedroom_014.tif,16,0.1,0.0666666666666667,0.759516371407523
219,31,22,categorization,0,livingroom,SHINEd_livingroom_054.tif,95,0.1,0.0666666666666667,1.47444478596258
219,32,22,categorization,0,bedroom,SHINEd_bedroom_045.tif,29,0.1,0.0666666666666667,1.54971918673362
219,33,22,categorization,0,livingroom,SHINEd_livingroom_087.tif,105,0.1,0.0666666666666667,1.58724336392645
219,34,22,categorization,0,bedroom,SHINEd_bedroom_032.tif,24,0.1,0.0666666666666667,0.975344492006005
219,35,22,categorization,0,bedroom,SHINEd_bedroom_029.tif,22,0.1,0.0666666666666667,0.807270803190409
219,36,22,categorization,0,livingroom,SHINEd_livingroom_029.tif,81,0.1,0.0666666666666667,1.46305853993977
219,37,22,categorization,0,livingroom,SHINEd_livingroom_030.tif,82,0.1,0.0666666666666667,1.01475314564229
219,38,22,categorization,0,livingroom,SHINEd_livingroom_052.tif,94,0.1,0.0666666666666667,1.76108357830257
219,39,22,categorization,0,bedroom,SHINEd_bedroom_020.tif,19,0.1,0.0666666666666667,0.772733355892415
219,40,22,categorization,0,bedroom,SHINEd_bedroom_114.tif,54,0.1,0.0666666666666667,0.726666867988089
219,41,22,categorization,0,bedroom,SHINEd_bedroom_008.tif,11,0.1,0.0666666666666667,1.63323113686222
219,42,22,categorization,0,livingroom,SHINEd_livingroom_048.tif,91,0.1,0.0666666666666667,1.40926909327355
219,43,22,categorization,0,bedroom,SHINEd_bedroom_119.tif,57,0.1,0.0666666666666667,1.14061000189422
219,44,22,categorization,0,bedroom,SHINEd_bedroom_118.tif,56,0.1,0.0666666666666667,0.772022351134085
219,45,22,categorization,0,livingroom,SHINEd_livingroom_089.tif,107,0.1,0.0666666666666667,1.88985809058263
219,46,22,categorization,0,livingroom,SHINEd_livingroom_022.tif,76,0.1,0.0666666666666667,1.6708067213636
219,47,22,categorization,0,bedroom,SHINEd_bedroom_099.tif,51,0.1,0.0666666666666667,1.2932598953862
219,48,22,categorization,0,bedroom,SHINEd_bedroom_011.tif,14,0.1,0.0666666666666667,1.54411267770975
219,49,22,categorization,0,livingroom,SHINEd_livingroom_006.tif,65,0.1,0.0666666666666667,1.42534509866076
219,50,22,categorization,0,livingroom,SHINEd_livingroom_088.tif,106,0.1,0.0666666666666667,1.32659113179235
219,1,23,categorization,0,bedroom,SHINEd_bedroom_085.tif,44,0.1,0.0666666666666667,1.19089109974466
219,2,23,categorization,0,livingroom,SHINEd_livingroom_030.tif,82,0.1,0.0666666666666667,1.05372059741119
219,3,23,categorization,0,bedroom,SHINEd_bedroom_093.tif,48,0.1,0.0666666666666667,1.06347731347039
219,4,23,categorization,0,livingroom,SHINEd_livingroom_073.tif,102,0.1,0.0666666666666667,1.97729614943125
219,5,23,categorization,0,bedroom,SHINEd_bedroom_041.tif,27,0.1,0.0666666666666667,0.814051058531308
219,6,23,categorization,0,livingroom,SHINEd_livingroom_055.tif,96,0.1,0.0666666666666667,1.13017028205261
219,7,23,categorization,0,bedroom,SHINEd_bedroom_090.tif,47,0.1,0.0666666666666667,1.00062395964817
219,8,23,categorization,0,bedroom,SHINEd_bedroom_062.tif,36,0.1,0.0666666666666667,1.55472801880089
219,9,23,categorization,0,bedroom,SHINEd_bedroom_098.tif,50,0.1,0.0666666666666667,0.823013500582817
219,10,23,categorization,0,bedroom,SHINEd_bedroom_020.tif,19,0.1,0.0666666666666667,0.726784844532637
219,11,23,categorization,0,bedroom,SHINEd_bedroom_008.tif,11,0.1,0.0666666666666667,0.995675393894511
219,12,23,categorization,0,bedroom,SHINEd_bedroom_068.tif,38,0.1,0.0666666666666667,1.10792971118043
219,13,23,categorization,0,bedroom,SHINEd_bedroom_023.tif,20,0.1,0.0666666666666667,1.30917816032239
219,14,23,categorization,0,livingroom,SHINEd_livingroom_62.tif,110,0.1,0.0666666666666667,0.961458187183286
219,15,23,categorization,0,livingroom,SHINEd_livingroom_020.tif,75,0.1,0.0666666666666667,1.2005159928588
219,16,23,categorization,0,bedroom,SHINEd_bedroom_089.tif,46,0.1,0.0666666666666667,1.36127080852812
219,17,23,categorization,0,livingroom,SHINEd_livingroom_037.tif,86,0.1,0.0666666666666667,1.40019101710512
219,18,23,categorization,0,bedroom,SHINEd_bedroom_012.tif,15,0.1,0.0666666666666667,1.90464079970584
219,19,23,categorization,0,livingroom,SHINEd_livingroom_046.tif,89,0.1,0.0666666666666667,1.73280480186253
219,20,23,categorization,0,bedroom,SHINEd_bedroom_106.tif,52,0.1,0.0666666666666667,1.9676432873144
219,21,23,categorization,0,livingroom,SHINEd_livingroom_054.tif,95,0.1,0.0666666666666667,1.9533602112907
219,22,23,categorization,0,livingroom,SHINEd_livingroom_087.tif,105,0.1,0.0666666666666667,1.01779676071423
219,23,23,categorization,0,livingroom,SHINEd_livingroom_023.tif,77,0.1,0.0666666666666667,0.94107818443435
219,24,23,categorization,0,bedroom,SHINEd_bedroom_119.tif,57,0.1,0.0666666666666667,0.737747708790014
219,25,23,categorization,0,livingroom,SHINEd_livingroom_031.tif,83,0.1,0.0666666666666667,1.27236114691485
219,26,23,categorization,0,livingroom,SHINEd_livingroom_018.tif,73,0.1,0.0666666666666667,0.900234168947306
219,27,23,categorization,0,bedroom,SHINEd_bedroom_116.tif,55,0.1,0.0666666666666667,0.862349634516114
219,28,23,categorization,0,bedroom,SHINEd_bedroom_079.tif,42,0.1,0.0666666666666667,1.04813767547887
219,29,23,categorization,0,bedroom,SHINEd_bedroom_086.tif,45,0.1,0.0666666666666667,0.946258690851461
219,30,23,categorization,0,livingroom,SHINEd_livingroom_039.tif,87,0.1,0.0666666666666667,1.65253872364851
219,31,23,categorization,0,bedroom,SHINEd_bedroom_036.tif,25,0.1,0.0666666666666667,1.33818175765344
219,32,23,categorization,0,livingroom,SHINEd_livingroom_008.tif,67,0.1,0.0666666666666667,1.19321618691463
219,33,23,categorization,0,bedroom,SHINEd_bedroom_114.tif,54,0.1,0.0666666666666667,0.70062035724621
219,34,23,categorization,0,bedroom,SHINEd_bedroom_112.tif,53,0.1,0.0666666666666667,1.10576455807839
219,35,23,categorization,0,livingroom,SHINEd_livingroom_081.tif,103,0.1,0.0666666666666667,1.40896270750684
219,36,23,categorization,0,livingroom,SHINEd_livingroom_036.tif,85,0.1,0.0666666666666667,1.2717601316664
219,37,23,categorization,0,livingroom,SHINEd_livingroom_043.tif,88,0.1,0.0666666666666667,1.89963437235891
219,38,23,categorization,0,livingroom,SHINEd_livingroom_005.tif,64,0.1,0.0666666666666667,0.87388965827391
219,39,23,categorization,0,bedroom,SHINEd_bedroom_032.tif,24,0.1,0.0666666666666667,0.791609884238953
219,40,23,categorization,0,livingroom,SHINEd_livingroom_068.tif,100,0.1,0.0666666666666667,1.07365196800443
219,41,23,categorization,0,bedroom,SHINEd_bedroom_125.tif,59,0.1,0.0666666666666667,1.1166276693376
219,42,23,categorization,0,livingroom,SHINEd_livingroom_060.tif,99,0.1,0.0666666666666667,1.47048668238094
219,43,23,categorization,0,bedroom,SHINEd_bedroom_046.tif,30,0.1,0.0666666666666667,1.34833081347529
219,44,23,categorization,0,livingroom,SHINEd_livingroom_052.tif,94,0.1,0.0666666666666667,1.78555225750223
219,45,23,categorization,0,bedroom,SHINEd_bedroom_069.tif,39,0.1,0.0666666666666667,1.3094962772578
219,46,23,categorization,0,livingroom,SHINEd_livingroom_019.tif,74,0.1,0.0666666666666667,1.28097818070317
219,47,23,categorization,0,livingroom,SHINEd_livingroom_047.tif,90,0.1,0.0666666666666667,1.48849804538758
219,48,23,categorization,0,bedroom,SHINEd_bedroom_011.tif,14,0.1,0.0666666666666667,1.80247175180476
219,49,23,categorization,0,bedroom,SHINEd_bedroom_080.tif,43,0.1,0.0666666666666667,0.739675675645278
219,50,23,categorization,0,livingroom,SHINEd_livingroom_090.tif,108,0.1,0.0666666666666667,1.484380417876
219,1,24,categorization,0,livingroom,SHINEd_livingroom_014.tif,71,0.1,0.0666666666666667,0.79313395667309
219,2,24,categorization,0,livingroom,SHINEd_livingroom_032.tif,84,0.1,0.0666666666666667,0.994980938856852
219,3,24,categorization,0,livingroom,SHINEd_livingroom_022.tif,76,0.1,0.0666666666666667,1.63924231834815
219,4,24,categorization,0,bedroom,SHINEd_bedroom_018.tif,18,0.1,0.0666666666666667,1.39225733018003
219,5,24,categorization,0,livingroom,SHINEd_livingroom_083.tif,104,0.1,0.0666666666666667,1.42341358165425
219,6,24,categorization,0,bedroom,SHINEd_bedroom_016.tif,17,0.1,0.0666666666666667,1.23055343171908
219,7,24,categorization,0,bedroom,SHINEd_bedroom_067.tif,37,0.1,0.0666666666666667,0.960957134998373
219,8,24,categorization,0,livingroom,SHINEd_livingroom_010.tif,68,0.1,0.0666666666666667,1.83887864952434
219,9,24,categorization,0,bedroom,SHINEd_bedroom_120.tif,58,0.1,0.0666666666666667,0.70660150625714
219,10,24,categorization,0,bedroom,SHINEd_bedroom_126.tif,60,0.1,0.0666666666666667,1.83936329234675
219,11,24,categorization,0,livingroom,SHINEd_livingroom_088.tif,106,0.1,0.0666666666666667,1.28544982945478
219,12,24,categorization,0,livingroom,SHINEd_livingroom_024.tif,78,0.1,0.0666666666666667,1.51867446867511
219,13,24,categorization,0,bedroom,SHINEd_bedroom_045.tif,29,0.1,0.0666666666666667,0.749181004492518
219,14,24,categorization,0,bedroom,SHINEd_bedroom_010.tif,13,0.1,0.0666666666666667,0.716128051761967
219,15,24,categorization,0,bedroom,SHINEd_bedroom_074.tif,40,0.1,0.0666666666666667,0.765119818518469
219,16,24,categorization,0,bedroom,SHINEd_bedroom_048.tif,32,0.1,0.0666666666666667,1.22609916043746
219,17,24,categorization,0,livingroom,SHINEd_livingroom_007.tif,66,0.1,0.0666666666666667,0.847522415345663
219,18,24,categorization,0,livingroom,SHINEd_livingroom_013.tif,70,0.1,0.0666666666666667,1.54789545158247
219,19,24,categorization,0,bedroom,SHINEd_bedroom_039.tif,26,0.1,0.0666666666666667,1.31835943189822
219,20,24,categorization,0,bedroom,SHINEd_bedroom_029.tif,22,0.1,0.0666666666666667,1.80678225438618
219,21,24,categorization,0,livingroom,SHINEd_livingroom_003.tif,62,0.1,0.0666666666666667,0.8220702152591
219,22,24,categorization,0,bedroom,SHINEd_bedroom_097.tif,49,0.1,0.0666666666666667,1.10906479101107
219,23,24,categorization,0,livingroom,SHINEd_livingroom_016.tif,72,0.1,0.0666666666666667,1.06220986752323
219,24,24,categorization,0,livingroom,SHINEd_livingroom_049.tif,92,0.1,0.0666666666666667,1.9940146908088
219,25,24,categorization,0,livingroom,SHINEd_livingroom_012.tif,69,0.1,0.0666666666666667,0.767529933770998
219,26,24,categorization,0,livingroom,SHINEd_livingroom_029.tif,81,0.1,0.0666666666666667,0.968718659833143
219,27,24,categorization,0,livingroom,SHINEd_livingroom_001.tif,61,0.1,0.0666666666666667,1.24071199706862
219,28,24,categorization,0,livingroom,SHINEd_livingroom_059.tif,98,0.1,0.0666666666666667,1.15823007054958
219,29,24,categorization,0,bedroom,SHINEd_bedroom_047.tif,31,0.1,0.0666666666666667,1.33057472714131
219,30,24,categorization,0,bedroom,SHINEd_bedroom_025.tif,21,0.1,0.0666666666666667,1.05561692873623
219,31,24,categorization,0,livingroom,SHINEd_livingroom_028.tif,80,0.1,0.0666666666666667,1.68819133933673
219,32,24,categorization,0,bedroom,SHINEd_bedroom_009.tif,12,0.1,0.0666666666666667,0.844782955275766
219,33,24,categorization,0,bedroom,SHINEd_bedroom_118.tif,56,0.1,0.0666666666666667,1.12204890571833
219,34,24,categorization,0,bedroom,SHINEd_bedroom_056.tif,35,0.1,0.0666666666666667,1.30195651581896
219,35,24,categorization,0,livingroom,SHINEd_livingroom_072.tif,101,0.1,0.0666666666666667,1.79199311461734
219,36,24,categorization,0,livingroom,SHINEd_livingroom_050.tif,93,0.1,0.0666666666666667,0.895429386112547
219,37,24,categorization,0,livingroom,SHINEd_livingroom_092.tif,109,0.1,0.0666666666666667,1.11329830091252
219,38,24,categorization,0,bedroom,SHINEd_bedroom_051.tif,33,0.1,0.0666666666666667,1.88669640455535
219,39,24,categorization,0,livingroom,SHINEd_livingroom_004.tif,63,0.1,0.0666666666666667,1.49659987963949
219,40,24,categorization,0,livingroom,SHINEd_livingroom_089.tif,107,0.1,0.0666666666666667,1.33578585845808
219,41,24,categorization,0,livingroom,SHINEd_livingroom_006.tif,65,0.1,0.0666666666666667,1.30403668030109
219,42,24,categorization,0,bedroom,SHINEd_bedroom_052.tif,34,0.1,0.0666666666666667,0.813838527105244
219,43,24,categorization,0,livingroom,SHINEd_livingroom_057.tif,97,0.1,0.0666666666666667,1.24378768689548
219,44,24,categorization,0,bedroom,SHINEd_bedroom_014.tif,16,0.1,0.0666666666666667,1.18063697852948
219,45,24,categorization,0,livingroom,SHINEd_livingroom_025.tif,79,0.1,0.0666666666666667,1.84059282477869
219,46,24,categorization,0,livingroom,SHINEd_livingroom_048.tif,91,0.1,0.0666666666666667,0.776532567880364
219,47,24,categorization,0,bedroom,SHINEd_bedroom_075.tif,41,0.1,0.0666666666666667,0.813631146184055
219,48,24,categorization,0,bedroom,SHINEd_bedroom_030.tif,23,0.1,0.0666666666666667,1.66697189146406
219,49,24,categorization,0,bedroom,SHINEd_bedroom_099.tif,51,0.1,0.0666666666666667,1.31450858736548
219,50,24,categorization,0,bedroom,SHINEd_bedroom_042.tif,28,0.1,0.0666666666666667,0.750243067772422
