sub_num,trial,block,task,is_practice,category,image,texture,duration,mask_dur,jitter
224,1,0,categorization,1,livingroom,SHINEd_practice_livingroom_041.tif,118,0.1,0.0666666666666667,1.5189484965034
224,2,0,categorization,1,bedroom,SHINEd_practice_bedroom_015.tif,111,0.1,0.0666666666666667,1.77185527407971
224,3,0,categorization,1,bedroom,SHINEd_practice_bedroom_122.tif,115,0.1,0.0666666666666667,1.6276976317053
224,4,0,categorization,1,livingroom,SHINEd_practice_livingroom_015.tif,117,0.1,0.0666666666666667,0.995956130599461
224,5,0,categorization,1,bedroom,SHINEd_practice_bedroom_019.tif,112,0.1,0.0666666666666667,1.0974524053498
224,6,0,categorization,1,livingroom,SHINEd_practice_livingroom_002.tif,116,0.1,0.0666666666666667,1.19804535518804
224,7,0,categorization,1,bedroom,SHINEd_practice_bedroom_027.tif,113,0.1,0.0666666666666667,0.719098125411465
224,8,0,categorization,1,livingroom,SHINEd_practice_livingroom_066.tif,119,0.1,0.0666666666666667,0.726793878613919
224,9,0,categorization,1,bedroom,SHINEd_practice_bedroom_057.tif,114,0.1,0.0666666666666667,1.31782255012365
224,10,0,categorization,1,livingroom,SHINEd_practice_livingroom_067.tif,120,0.1,0.0666666666666667,1.77308650224338
224,1,1,categorization,0,livingroom,SHINEd_livingroom_083.tif,104,0.1,0.0666666666666667,1.45827425244447
224,2,1,categorization,0,bedroom,SHINEd_bedroom_010.tif,13,0.1,0.0666666666666667,1.76277494682907
224,3,1,categorization,0,livingroom,SHINEd_livingroom_025.tif,79,0.1,0.0666666666666667,1.28597526030022
224,4,1,categorization,0,livingroom,SHINEd_livingroom_087.tif,105,0.1,0.0666666666666667,1.06712048473161
224,5,1,categorization,0,bedroom,SHINEd_bedroom_093.tif,48,0.1,0.0666666666666667,1.94541911624253
224,6,1,categorization,0,livingroom,SHINEd_livingroom_081.tif,103,0.1,0.0666666666666667,1.67170136957522
224,7,1,categorization,0,livingroom,SHINEd_livingroom_039.tif,87,0.1,0.0666666666666667,1.10172624732062
224,8,1,categorization,0,livingroom,SHINEd_livingroom_019.tif,74,0.1,0.0666666666666667,1.07983310599484
224,9,1,categorization,0,livingroom,SHINEd_livingroom_001.tif,61,0.1,0.0666666666666667,0.857082640488465
224,10,1,categorization,0,bedroom,SHINEd_bedroom_025.tif,21,0.1,0.0666666666666667,1.79903303320159
224,11,1,categorization,0,livingroom,SHINEd_livingroom_043.tif,88,0.1,0.0666666666666667,0.751863136941788
224,12,1,categorization,0,bedroom,SHINEd_bedroom_068.tif,38,0.1,0.0666666666666667,1.20564531751129
224,13,1,categorization,0,livingroom,SHINEd_livingroom_029.tif,81,0.1,0.0666666666666667,1.10876640865901
224,14,1,categorization,0,bedroom,SHINEd_bedroom_097.tif,49,0.1,0.0666666666666667,1.02019075485627
224,15,1,categorization,0,livingroom,SHINEd_livingroom_057.tif,97,0.1,0.0666666666666667,1.5848538243759
224,16,1,categorization,0,bedroom,SHINEd_bedroom_029.tif,22,0.1,0.0666666666666667,0.851078008460542
224,17,1,categorization,0,bedroom,SHINEd_bedroom_125.tif,59,0.1,0.0666666666666667,0.73327011707154
224,18,1,categorization,0,livingroom,SHINEd_livingroom_023.tif,77,0.1,0.0666666666666667,1.80958413787063
224,19,1,categorization,0,livingroom,SHINEd_livingroom_072.tif,101,0.1,0.0666666666666667,0.969774086036448
224,20,1,categorization,0,bedroom,SHINEd_bedroom_047.tif,31,0.1,0.0666666666666667,0.792373797014443
224,21,1,categorization,0,bedroom,SHINEd_bedroom_039.tif,26,0.1,0.0666666666666667,0.74233834383764
224,22,1,categorization,0,bedroom,SHINEd_bedroom_069.tif,39,0.1,0.0666666666666667,0.893357662784841
224,23,1,categorization,0,livingroom,SHINEd_livingroom_031.tif,83,0.1,0.0666666666666667,1.21636068435664
224,24,1,categorization,0,bedroom,SHINEd_bedroom_106.tif,52,0.1,0.0666666666666667,1.5880922668335
224,25,1,categorization,0,bedroom,SHINEd_bedroom_032.tif,24,0.1,0.0666666666666667,0.715254877642842
224,26,1,categorization,0,livingroom,SHINEd_livingroom_62.tif,110,0.1,0.0666666666666667,0.811530925690639
224,27,1,categorization,0,livingroom,SHINEd_livingroom_020.tif,75,0.1,0.0666666666666667,1.65725864001655
224,28,1,categorization,0,bedroom,SHINEd_bedroom_118.tif,56,0.1,0.0666666666666667,1.12985697723546
224,29,1,categorization,0,bedroom,SHINEd_bedroom_056.tif,35,0.1,0.0666666666666667,1.31734319047227
224,30,1,categorization,0,livingroom,SHINEd_livingroom_014.tif,71,0.1,0.0666666666666667,1.13379218750252
224,31,1,categorization,0,livingroom,SHINEd_livingroom_005.tif,64,0.1,0.0666666666666667,1.73995002562954
224,32,1,categorization,0,bedroom,SHINEd_bedroom_014.tif,16,0.1,0.0666666666666667,0.928930234195166
224,33,1,categorization,0,bedroom,SHINEd_bedroom_030.tif,23,0.1,0.0666666666666667,0.88751889850231
224,34,1,categorization,0,livingroom,SHINEd_livingroom_013.tif,70,0.1,0.0666666666666667,0.923782041679898
224,35,1,categorization,0,bedroom,SHINEd_bedroom_052.tif,34,0.1,0.0666666666666667,1.40970690092389
224,36,1,categorization,0,livingroom,SHINEd_livingroom_068.tif,100,0.1,0.0666666666666667,0.703837962399996
224,37,1,categorization,0,bedroom,SHINEd_bedroom_018.tif,18,0.1,0.0666666666666667,1.68635113572701
224,38,1,categorization,0,bedroom,SHINEd_bedroom_086.tif,45,0.1,0.0666666666666667,1.53723956580488
224,39,1,categorization,0,bedroom,SHINEd_bedroom_023.tif,20,0.1,0.0666666666666667,0.748321184220945
224,40,1,categorization,0,bedroom,SHINEd_bedroom_079.tif,42,0.1,0.0666666666666667,1.63470334754682
224,41,1,categorization,0,bedroom,SHINEd_bedroom_011.tif,14,0.1,0.0666666666666667,1.05794723223447
224,42,1,categorization,0,bedroom,SHINEd_bedroom_046.tif,30,0.1,0.0666666666666667,1.02913377834735
224,43,1,categorization,0,livingroom,SHINEd_livingroom_046.tif,89,0.1,0.0666666666666667,1.87032149773523
224,44,1,categorization,0,bedroom,SHINEd_bedroom_067.tif,37,0.1,0.0666666666666667,1.46622515804367
224,45,1,categorization,0,livingroom,SHINEd_livingroom_008.tif,67,0.1,0.0666666666666667,1.26324362550832
224,46,1,categorization,0,bedroom,SHINEd_bedroom_112.tif,53,0.1,0.0666666666666667,1.98418481242841
224,47,1,categorization,0,bedroom,SHINEd_bedroom_099.tif,51,0.1,0.0666666666666667,1.85750594281365
224,48,1,categorization,0,bedroom,SHINEd_bedroom_009.tif,12,0.1,0.0666666666666667,1.75704114174471
224,49,1,categorization,0,livingroom,SHINEd_livingroom_060.tif,99,0.1,0.0666666666666667,1.31034453964226
224,50,1,categorization,0,livingroom,SHINEd_livingroom_049.tif,92,0.1,0.0666666666666667,0.73901188795245
224,1,2,categorization,0,livingroom,SHINEd_livingroom_037.tif,86,0.1,0.0666666666666667,1.04452633060647
224,2,2,categorization,0,livingroom,SHINEd_livingroom_032.tif,84,0.1,0.0666666666666667,1.76504157046462
224,3,2,categorization,0,livingroom,SHINEd_livingroom_024.tif,78,0.1,0.0666666666666667,1.26269275352349
224,4,2,categorization,0,bedroom,SHINEd_bedroom_008.tif,11,0.1,0.0666666666666667,1.06961866359066
224,5,2,categorization,0,livingroom,SHINEd_livingroom_022.tif,76,0.1,0.0666666666666667,1.1365720967744
224,6,2,categorization,0,bedroom,SHINEd_bedroom_090.tif,47,0.1,0.0666666666666667,1.05105617695638
224,7,2,categorization,0,bedroom,SHINEd_bedroom_042.tif,28,0.1,0.0666666666666667,1.28342409137831
224,8,2,categorization,0,livingroom,SHINEd_livingroom_010.tif,68,0.1,0.0666666666666667,1.73956437442693
224,9,2,categorization,0,bedroom,SHINEd_bedroom_020.tif,19,0.1,0.0666666666666667,0.729401855337869
224,10,2,categorization,0,bedroom,SHINEd_bedroom_075.tif,41,0.1,0.0666666666666667,1.28753354099695
224,11,2,categorization,0,bedroom,SHINEd_bedroom_119.tif,57,0.1,0.0666666666666667,1.08231269028197
224,12,2,categorization,0,livingroom,SHINEd_livingroom_006.tif,65,0.1,0.0666666666666667,1.11236717122889
224,13,2,categorization,0,livingroom,SHINEd_livingroom_050.tif,93,0.1,0.0666666666666667,1.31782973129986
224,14,2,categorization,0,livingroom,SHINEd_livingroom_016.tif,72,0.1,0.0666666666666667,1.31162600819643
224,15,2,categorization,0,bedroom,SHINEd_bedroom_080.tif,43,0.1,0.0666666666666667,0.8514287194869
224,16,2,categorization,0,bedroom,SHINEd_bedroom_012.tif,15,0.1,0.0666666666666667,0.742888366092125
224,17,2,categorization,0,bedroom,SHINEd_bedroom_062.tif,36,0.1,0.0666666666666667,1.93419784278343
224,18,2,categorization,0,livingroom,SHINEd_livingroom_028.tif,80,0.1,0.0666666666666667,1.09009601266428
224,19,2,categorization,0,bedroom,SHINEd_bedroom_016.tif,17,0.1,0.0666666666666667,1.29345764505903
224,20,2,categorization,0,bedroom,SHINEd_bedroom_085.tif,44,0.1,0.0666666666666667,1.80883719878135
224,21,2,categorization,0,bedroom,SHINEd_bedroom_116.tif,55,0.1,0.0666666666666667,1.31518963340515
224,22,2,categorization,0,livingroom,SHINEd_livingroom_018.tif,73,0.1,0.0666666666666667,1.03740653928549
224,23,2,categorization,0,livingroom,SHINEd_livingroom_012.tif,69,0.1,0.0666666666666667,1.11583651659507
224,24,2,categorization,0,livingroom,SHINEd_livingroom_055.tif,96,0.1,0.0666666666666667,0.902044054038403
224,25,2,categorization,0,bedroom,SHINEd_bedroom_074.tif,40,0.1,0.0666666666666667,1.7186655517159
224,26,2,categorization,0,livingroom,SHINEd_livingroom_092.tif,109,0.1,0.0666666666666667,1.53207863851083
224,27,2,categorization,0,livingroom,SHINEd_livingroom_052.tif,94,0.1,0.0666666666666667,0.93170238626172
224,28,2,categorization,0,livingroom,SHINEd_livingroom_036.tif,85,0.1,0.0666666666666667,0.887428722568395
224,29,2,categorization,0,livingroom,SHINEd_livingroom_054.tif,95,0.1,0.0666666666666667,1.46403977204689
224,30,2,categorization,0,livingroom,SHINEd_livingroom_048.tif,91,0.1,0.0666666666666667,0.76873320750041
224,31,2,categorization,0,bedroom,SHINEd_bedroom_048.tif,32,0.1,0.0666666666666667,0.887970108033332
224,32,2,categorization,0,livingroom,SHINEd_livingroom_090.tif,108,0.1,0.0666666666666667,0.985874129414885
224,33,2,categorization,0,bedroom,SHINEd_bedroom_045.tif,29,0.1,0.0666666666666667,0.95350004705301
224,34,2,categorization,0,bedroom,SHINEd_bedroom_098.tif,50,0.1,0.0666666666666667,1.6979255603155
224,35,2,categorization,0,bedroom,SHINEd_bedroom_114.tif,54,0.1,0.0666666666666667,1.16060883596036
224,36,2,categorization,0,livingroom,SHINEd_livingroom_003.tif,62,0.1,0.0666666666666667,0.741272927804386
224,37,2,categorization,0,livingroom,SHINEd_livingroom_088.tif,106,0.1,0.0666666666666667,1.23027881622937
224,38,2,categorization,0,livingroom,SHINEd_livingroom_004.tif,63,0.1,0.0666666666666667,1.70489425678963
224,39,2,categorization,0,bedroom,SHINEd_bedroom_036.tif,25,0.1,0.0666666666666667,0.853575585689284
224,40,2,categorization,0,livingroom,SHINEd_livingroom_047.tif,90,0.1,0.0666666666666667,1.872689938849
224,41,2,categorization,0,livingroom,SHINEd_livingroom_073.tif,102,0.1,0.0666666666666667,1.86022856051701
224,42,2,categorization,0,bedroom,SHINEd_bedroom_120.tif,58,0.1,0.0666666666666667,1.1906651354727
224,43,2,categorization,0,livingroom,SHINEd_livingroom_007.tif,66,0.1,0.0666666666666667,0.77605397841173
224,44,2,categorization,0,bedroom,SHINEd_bedroom_051.tif,33,0.1,0.0666666666666667,1.0822300223327
224,45,2,categorization,0,livingroom,SHINEd_livingroom_089.tif,107,0.1,0.0666666666666667,1.00515298896284
224,46,2,categorization,0,livingroom,SHINEd_livingroom_059.tif,98,0.1,0.0666666666666667,1.15141291632827
224,47,2,categorization,0,bedroom,SHINEd_bedroom_041.tif,27,0.1,0.0666666666666667,1.14829714007433
224,48,2,categorization,0,livingroom,SHINEd_livingroom_030.tif,82,0.1,0.0666666666666667,0.780666456831836
224,49,2,categorization,0,bedroom,SHINEd_bedroom_089.tif,46,0.1,0.0666666666666667,1.9081018805638
224,50,2,categorization,0,bedroom,SHINEd_bedroom_126.tif,60,0.1,0.0666666666666667,1.80830953657243
224,1,3,categorization,0,bedroom,SHINEd_bedroom_074.tif,40,0.1,0.0666666666666667,0.902704478257073
224,2,3,categorization,0,livingroom,SHINEd_livingroom_054.tif,95,0.1,0.0666666666666667,1.42623906324598
224,3,3,categorization,0,bedroom,SHINEd_bedroom_008.tif,11,0.1,0.0666666666666667,0.7071910883944
224,4,3,categorization,0,livingroom,SHINEd_livingroom_081.tif,103,0.1,0.0666666666666667,1.88199811516371
224,5,3,categorization,0,livingroom,SHINEd_livingroom_62.tif,110,0.1,0.0666666666666667,1.34980944108647
224,6,3,categorization,0,bedroom,SHINEd_bedroom_020.tif,19,0.1,0.0666666666666667,0.709543792574964
224,7,3,categorization,0,livingroom,SHINEd_livingroom_087.tif,105,0.1,0.0666666666666667,1.70122588469828
224,8,3,categorization,0,bedroom,SHINEd_bedroom_097.tif,49,0.1,0.0666666666666667,1.04130058030209
224,9,3,categorization,0,livingroom,SHINEd_livingroom_032.tif,84,0.1,0.0666666666666667,0.707347659769479
224,10,3,categorization,0,livingroom,SHINEd_livingroom_073.tif,102,0.1,0.0666666666666667,1.19295425880498
224,11,3,categorization,0,livingroom,SHINEd_livingroom_007.tif,66,0.1,0.0666666666666667,1.96858443606717
224,12,3,categorization,0,bedroom,SHINEd_bedroom_012.tif,15,0.1,0.0666666666666667,0.71332226766646
224,13,3,categorization,0,bedroom,SHINEd_bedroom_090.tif,47,0.1,0.0666666666666667,1.35840633452809
224,14,3,categorization,0,livingroom,SHINEd_livingroom_043.tif,88,0.1,0.0666666666666667,1.56683002644549
224,15,3,categorization,0,bedroom,SHINEd_bedroom_032.tif,24,0.1,0.0666666666666667,1.8808560244677
224,16,3,categorization,0,livingroom,SHINEd_livingroom_022.tif,76,0.1,0.0666666666666667,0.984879152496341
224,17,3,categorization,0,livingroom,SHINEd_livingroom_049.tif,92,0.1,0.0666666666666667,0.719777948935181
224,18,3,categorization,0,livingroom,SHINEd_livingroom_060.tif,99,0.1,0.0666666666666667,1.69624964255507
224,19,3,categorization,0,livingroom,SHINEd_livingroom_004.tif,63,0.1,0.0666666666666667,0.977643204991146
224,20,3,categorization,0,bedroom,SHINEd_bedroom_098.tif,50,0.1,0.0666666666666667,1.38002983986521
224,21,3,categorization,0,bedroom,SHINEd_bedroom_045.tif,29,0.1,0.0666666666666667,1.53834109673289
224,22,3,categorization,0,bedroom,SHINEd_bedroom_047.tif,31,0.1,0.0666666666666667,1.31691144438485
224,23,3,categorization,0,bedroom,SHINEd_bedroom_126.tif,60,0.1,0.0666666666666667,1.8100108183947
224,24,3,categorization,0,bedroom,SHINEd_bedroom_116.tif,55,0.1,0.0666666666666667,1.31641065600542
224,25,3,categorization,0,bedroom,SHINEd_bedroom_086.tif,45,0.1,0.0666666666666667,1.11835605717804
224,26,3,categorization,0,livingroom,SHINEd_livingroom_019.tif,74,0.1,0.0666666666666667,1.27117140422648
224,27,3,categorization,0,livingroom,SHINEd_livingroom_048.tif,91,0.1,0.0666666666666667,0.940112910504966
224,28,3,categorization,0,bedroom,SHINEd_bedroom_125.tif,59,0.1,0.0666666666666667,0.742620000705448
224,29,3,categorization,0,bedroom,SHINEd_bedroom_056.tif,35,0.1,0.0666666666666667,1.38803128012438
224,30,3,categorization,0,livingroom,SHINEd_livingroom_029.tif,81,0.1,0.0666666666666667,0.993146921669683
224,31,3,categorization,0,livingroom,SHINEd_livingroom_072.tif,101,0.1,0.0666666666666667,1.1639010891825
224,32,3,categorization,0,livingroom,SHINEd_livingroom_052.tif,94,0.1,0.0666666666666667,1.407955648101
224,33,3,categorization,0,livingroom,SHINEd_livingroom_003.tif,62,0.1,0.0666666666666667,1.63758878303391
224,34,3,categorization,0,livingroom,SHINEd_livingroom_068.tif,100,0.1,0.0666666666666667,1.53141527573349
224,35,3,categorization,0,bedroom,SHINEd_bedroom_080.tif,43,0.1,0.0666666666666667,1.14422866951497
224,36,3,categorization,0,bedroom,SHINEd_bedroom_009.tif,12,0.1,0.0666666666666667,1.04944044936333
224,37,3,categorization,0,livingroom,SHINEd_livingroom_055.tif,96,0.1,0.0666666666666667,0.937424883268939
224,38,3,categorization,0,livingroom,SHINEd_livingroom_046.tif,89,0.1,0.0666666666666667,1.30014556083422
224,39,3,categorization,0,bedroom,SHINEd_bedroom_099.tif,51,0.1,0.0666666666666667,1.04132285806734
224,40,3,categorization,0,livingroom,SHINEd_livingroom_005.tif,64,0.1,0.0666666666666667,1.5268461010586
224,41,3,categorization,0,bedroom,SHINEd_bedroom_016.tif,17,0.1,0.0666666666666667,0.971941929019786
224,42,3,categorization,0,bedroom,SHINEd_bedroom_014.tif,16,0.1,0.0666666666666667,1.19656882313879
224,43,3,categorization,0,bedroom,SHINEd_bedroom_011.tif,14,0.1,0.0666666666666667,0.73723886151833
224,44,3,categorization,0,livingroom,SHINEd_livingroom_010.tif,68,0.1,0.0666666666666667,0.88957895799327
224,45,3,categorization,0,bedroom,SHINEd_bedroom_023.tif,20,0.1,0.0666666666666667,0.964987781179292
224,46,3,categorization,0,bedroom,SHINEd_bedroom_025.tif,21,0.1,0.0666666666666667,0.997016430524526
224,47,3,categorization,0,bedroom,SHINEd_bedroom_018.tif,18,0.1,0.0666666666666667,0.859370884212858
224,48,3,categorization,0,livingroom,SHINEd_livingroom_020.tif,75,0.1,0.0666666666666667,1.21409752926001
224,49,3,categorization,0,bedroom,SHINEd_bedroom_010.tif,13,0.1,0.0666666666666667,1.55789119980891
224,50,3,categorization,0,bedroom,SHINEd_bedroom_062.tif,36,0.1,0.0666666666666667,1.27055329601313
224,1,4,categorization,0,bedroom,SHINEd_bedroom_089.tif,46,0.1,0.0666666666666667,0.807710853132075
224,2,4,categorization,0,bedroom,SHINEd_bedroom_118.tif,56,0.1,0.0666666666666667,1.65935049982422
224,3,4,categorization,0,livingroom,SHINEd_livingroom_014.tif,71,0.1,0.0666666666666667,1.12927593955168
224,4,4,categorization,0,bedroom,SHINEd_bedroom_029.tif,22,0.1,0.0666666666666667,1.19076728886015
224,5,4,categorization,0,livingroom,SHINEd_livingroom_023.tif,77,0.1,0.0666666666666667,1.81141022376393
224,6,4,categorization,0,bedroom,SHINEd_bedroom_093.tif,48,0.1,0.0666666666666667,1.64592845092873
224,7,4,categorization,0,bedroom,SHINEd_bedroom_068.tif,38,0.1,0.0666666666666667,1.99632589087574
224,8,4,categorization,0,livingroom,SHINEd_livingroom_050.tif,93,0.1,0.0666666666666667,1.10193127348343
224,9,4,categorization,0,bedroom,SHINEd_bedroom_079.tif,42,0.1,0.0666666666666667,1.24469875690387
224,10,4,categorization,0,livingroom,SHINEd_livingroom_039.tif,87,0.1,0.0666666666666667,0.809599591558714
224,11,4,categorization,0,livingroom,SHINEd_livingroom_047.tif,90,0.1,0.0666666666666667,0.88549932187014
224,12,4,categorization,0,bedroom,SHINEd_bedroom_085.tif,44,0.1,0.0666666666666667,0.705465853462853
224,13,4,categorization,0,bedroom,SHINEd_bedroom_041.tif,27,0.1,0.0666666666666667,1.77425690952046
224,14,4,categorization,0,bedroom,SHINEd_bedroom_046.tif,30,0.1,0.0666666666666667,1.99897337930952
224,15,4,categorization,0,bedroom,SHINEd_bedroom_067.tif,37,0.1,0.0666666666666667,1.10944802851612
224,16,4,categorization,0,bedroom,SHINEd_bedroom_119.tif,57,0.1,0.0666666666666667,1.01031810339722
224,17,4,categorization,0,livingroom,SHINEd_livingroom_037.tif,86,0.1,0.0666666666666667,1.67990456218226
224,18,4,categorization,0,livingroom,SHINEd_livingroom_092.tif,109,0.1,0.0666666666666667,0.979768103151013
224,19,4,categorization,0,livingroom,SHINEd_livingroom_089.tif,107,0.1,0.0666666666666667,0.798585471946481
224,20,4,categorization,0,livingroom,SHINEd_livingroom_001.tif,61,0.1,0.0666666666666667,1.22147166428729
224,21,4,categorization,0,bedroom,SHINEd_bedroom_114.tif,54,0.1,0.0666666666666667,1.90014865026241
224,22,4,categorization,0,bedroom,SHINEd_bedroom_075.tif,41,0.1,0.0666666666666667,0.890181056029322
224,23,4,categorization,0,livingroom,SHINEd_livingroom_031.tif,83,0.1,0.0666666666666667,1.45997434734321
224,24,4,categorization,0,bedroom,SHINEd_bedroom_120.tif,58,0.1,0.0666666666666667,1.63011001667558
224,25,4,categorization,0,livingroom,SHINEd_livingroom_012.tif,69,0.1,0.0666666666666667,0.936741819585912
224,26,4,categorization,0,livingroom,SHINEd_livingroom_018.tif,73,0.1,0.0666666666666667,0.767915541622296
224,27,4,categorization,0,bedroom,SHINEd_bedroom_042.tif,28,0.1,0.0666666666666667,1.44768748514206
224,28,4,categorization,0,livingroom,SHINEd_livingroom_025.tif,79,0.1,0.0666666666666667,1.15104260035844
224,29,4,categorization,0,bedroom,SHINEd_bedroom_069.tif,39,0.1,0.0666666666666667,0.850730650445753
224,30,4,categorization,0,livingroom,SHINEd_livingroom_057.tif,97,0.1,0.0666666666666667,1.52260692266294
224,31,4,categorization,0,livingroom,SHINEd_livingroom_088.tif,106,0.1,0.0666666666666667,1.62998036866318
224,32,4,categorization,0,livingroom,SHINEd_livingroom_024.tif,78,0.1,0.0666666666666667,1.33604076680435
224,33,4,categorization,0,bedroom,SHINEd_bedroom_052.tif,34,0.1,0.0666666666666667,0.711848968969976
224,34,4,categorization,0,bedroom,SHINEd_bedroom_106.tif,52,0.1,0.0666666666666667,1.88481160957498
224,35,4,categorization,0,livingroom,SHINEd_livingroom_016.tif,72,0.1,0.0666666666666667,1.9351572658756
224,36,4,categorization,0,bedroom,SHINEd_bedroom_036.tif,25,0.1,0.0666666666666667,1.97707579050773
224,37,4,categorization,0,livingroom,SHINEd_livingroom_008.tif,67,0.1,0.0666666666666667,0.947304273898797
224,38,4,categorization,0,bedroom,SHINEd_bedroom_048.tif,32,0.1,0.0666666666666667,0.82849142448538
224,39,4,categorization,0,bedroom,SHINEd_bedroom_112.tif,53,0.1,0.0666666666666667,1.19164652195329
224,40,4,categorization,0,livingroom,SHINEd_livingroom_030.tif,82,0.1,0.0666666666666667,0.863057562229254
224,41,4,categorization,0,bedroom,SHINEd_bedroom_039.tif,26,0.1,0.0666666666666667,1.44771093325791
224,42,4,categorization,0,livingroom,SHINEd_livingroom_083.tif,104,0.1,0.0666666666666667,0.854107906028808
224,43,4,categorization,0,bedroom,SHINEd_bedroom_051.tif,33,0.1,0.0666666666666667,1.4241961682989
224,44,4,categorization,0,livingroom,SHINEd_livingroom_028.tif,80,0.1,0.0666666666666667,1.47418250820696
224,45,4,categorization,0,livingroom,SHINEd_livingroom_059.tif,98,0.1,0.0666666666666667,0.945240262621679
224,46,4,categorization,0,livingroom,SHINEd_livingroom_090.tif,108,0.1,0.0666666666666667,1.39927398699975
224,47,4,categorization,0,livingroom,SHINEd_livingroom_006.tif,65,0.1,0.0666666666666667,1.24110458195786
224,48,4,categorization,0,bedroom,SHINEd_bedroom_030.tif,23,0.1,0.0666666666666667,1.67649348786539
224,49,4,categorization,0,livingroom,SHINEd_livingroom_013.tif,70,0.1,0.0666666666666667,1.64205388249293
224,50,4,categorization,0,livingroom,SHINEd_livingroom_036.tif,85,0.1,0.0666666666666667,0.92653324875104
224,1,5,categorization,0,livingroom,SHINEd_livingroom_057.tif,97,0.1,0.0666666666666667,1.04832205354381
224,2,5,categorization,0,bedroom,SHINEd_bedroom_086.tif,45,0.1,0.0666666666666667,0.823765384355145
224,3,5,categorization,0,livingroom,SHINEd_livingroom_020.tif,75,0.1,0.0666666666666667,1.14975326206994
224,4,5,categorization,0,bedroom,SHINEd_bedroom_042.tif,28,0.1,0.0666666666666667,1.16109699215588
224,5,5,categorization,0,livingroom,SHINEd_livingroom_008.tif,67,0.1,0.0666666666666667,1.04717161905713
224,6,5,categorization,0,livingroom,SHINEd_livingroom_024.tif,78,0.1,0.0666666666666667,0.994089170633218
224,7,5,categorization,0,bedroom,SHINEd_bedroom_029.tif,22,0.1,0.0666666666666667,0.864888752609326
224,8,5,categorization,0,livingroom,SHINEd_livingroom_081.tif,103,0.1,0.0666666666666667,1.01029037598809
224,9,5,categorization,0,bedroom,SHINEd_bedroom_114.tif,54,0.1,0.0666666666666667,1.33491990635448
224,10,5,categorization,0,bedroom,SHINEd_bedroom_079.tif,42,0.1,0.0666666666666667,1.30118799514051
224,11,5,categorization,0,bedroom,SHINEd_bedroom_074.tif,40,0.1,0.0666666666666667,1.03433725700675
224,12,5,categorization,0,bedroom,SHINEd_bedroom_067.tif,37,0.1,0.0666666666666667,1.55500220528974
224,13,5,categorization,0,bedroom,SHINEd_bedroom_014.tif,16,0.1,0.0666666666666667,1.0003115395332
224,14,5,categorization,0,bedroom,SHINEd_bedroom_125.tif,59,0.1,0.0666666666666667,1.58856934657088
224,15,5,categorization,0,bedroom,SHINEd_bedroom_018.tif,18,0.1,0.0666666666666667,1.53083859746299
224,16,5,categorization,0,livingroom,SHINEd_livingroom_092.tif,109,0.1,0.0666666666666667,1.77545252312556
224,17,5,categorization,0,livingroom,SHINEd_livingroom_049.tif,92,0.1,0.0666666666666667,0.991345652910633
224,18,5,categorization,0,livingroom,SHINEd_livingroom_043.tif,88,0.1,0.0666666666666667,1.91792339873154
224,19,5,categorization,0,livingroom,SHINEd_livingroom_006.tif,65,0.1,0.0666666666666667,0.820637383838127
224,20,5,categorization,0,bedroom,SHINEd_bedroom_045.tif,29,0.1,0.0666666666666667,1.27155019617778
224,21,5,categorization,0,bedroom,SHINEd_bedroom_090.tif,47,0.1,0.0666666666666667,0.705461567388879
224,22,5,categorization,0,bedroom,SHINEd_bedroom_097.tif,49,0.1,0.0666666666666667,1.4410658045575
224,23,5,categorization,0,bedroom,SHINEd_bedroom_048.tif,32,0.1,0.0666666666666667,0.751441643385681
224,24,5,categorization,0,livingroom,SHINEd_livingroom_059.tif,98,0.1,0.0666666666666667,1.8257913589369
224,25,5,categorization,0,livingroom,SHINEd_livingroom_030.tif,82,0.1,0.0666666666666667,1.15816702612663
224,26,5,categorization,0,livingroom,SHINEd_livingroom_073.tif,102,0.1,0.0666666666666667,1.18129895289788
224,27,5,categorization,0,bedroom,SHINEd_bedroom_046.tif,30,0.1,0.0666666666666667,1.01196709860725
224,28,5,categorization,0,bedroom,SHINEd_bedroom_032.tif,24,0.1,0.0666666666666667,1.49981370310057
224,29,5,categorization,0,livingroom,SHINEd_livingroom_012.tif,69,0.1,0.0666666666666667,1.68422986101825
224,30,5,categorization,0,livingroom,SHINEd_livingroom_001.tif,61,0.1,0.0666666666666667,0.876647496115484
224,31,5,categorization,0,bedroom,SHINEd_bedroom_120.tif,58,0.1,0.0666666666666667,0.987165681279994
224,32,5,categorization,0,bedroom,SHINEd_bedroom_036.tif,25,0.1,0.0666666666666667,1.59314938627469
224,33,5,categorization,0,livingroom,SHINEd_livingroom_025.tif,79,0.1,0.0666666666666667,0.790924286824764
224,34,5,categorization,0,livingroom,SHINEd_livingroom_083.tif,104,0.1,0.0666666666666667,1.08803775984441
224,35,5,categorization,0,bedroom,SHINEd_bedroom_112.tif,53,0.1,0.0666666666666667,0.852555627780877
224,36,5,categorization,0,bedroom,SHINEd_bedroom_119.tif,57,0.1,0.0666666666666667,1.11282222229502
224,37,5,categorization,0,bedroom,SHINEd_bedroom_008.tif,11,0.1,0.0666666666666667,0.768713355545645
224,38,5,categorization,0,bedroom,SHINEd_bedroom_126.tif,60,0.1,0.0666666666666667,0.872365893055968
224,39,5,categorization,0,bedroom,SHINEd_bedroom_085.tif,44,0.1,0.0666666666666667,1.43899533610243
224,40,5,categorization,0,livingroom,SHINEd_livingroom_013.tif,70,0.1,0.0666666666666667,0.978413403240532
224,41,5,categorization,0,livingroom,SHINEd_livingroom_036.tif,85,0.1,0.0666666666666667,1.9781116988196
224,42,5,categorization,0,bedroom,SHINEd_bedroom_056.tif,35,0.1,0.0666666666666667,0.8042644755256
224,43,5,categorization,0,bedroom,SHINEd_bedroom_093.tif,48,0.1,0.0666666666666667,1.56285389266625
224,44,5,categorization,0,bedroom,SHINEd_bedroom_051.tif,33,0.1,0.0666666666666667,0.852662971059318
224,45,5,categorization,0,livingroom,SHINEd_livingroom_052.tif,94,0.1,0.0666666666666667,1.69132079320935
224,46,5,categorization,0,livingroom,SHINEd_livingroom_046.tif,89,0.1,0.0666666666666667,1.6871185194649
224,47,5,categorization,0,bedroom,SHINEd_bedroom_047.tif,31,0.1,0.0666666666666667,1.9307915444687
224,48,5,categorization,0,bedroom,SHINEd_bedroom_016.tif,17,0.1,0.0666666666666667,1.74368126452936
224,49,5,categorization,0,livingroom,SHINEd_livingroom_088.tif,106,0.1,0.0666666666666667,0.999439830549206
224,50,5,categorization,0,livingroom,SHINEd_livingroom_054.tif,95,0.1,0.0666666666666667,1.08580841027707
224,1,6,categorization,0,bedroom,SHINEd_bedroom_062.tif,36,0.1,0.0666666666666667,0.961978957927511
224,2,6,categorization,0,livingroom,SHINEd_livingroom_087.tif,105,0.1,0.0666666666666667,1.24992026668812
224,3,6,categorization,0,bedroom,SHINEd_bedroom_099.tif,51,0.1,0.0666666666666667,1.24406858736216
224,4,6,categorization,0,livingroom,SHINEd_livingroom_050.tif,93,0.1,0.0666666666666667,1.07432173364954
224,5,6,categorization,0,livingroom,SHINEd_livingroom_023.tif,77,0.1,0.0666666666666667,0.978494981928507
224,6,6,categorization,0,livingroom,SHINEd_livingroom_028.tif,80,0.1,0.0666666666666667,1.50206630555907
224,7,6,categorization,0,livingroom,SHINEd_livingroom_090.tif,108,0.1,0.0666666666666667,0.930663549514141
224,8,6,categorization,0,bedroom,SHINEd_bedroom_089.tif,46,0.1,0.0666666666666667,0.727799591607006
224,9,6,categorization,0,livingroom,SHINEd_livingroom_019.tif,74,0.1,0.0666666666666667,1.07281203495379
224,10,6,categorization,0,livingroom,SHINEd_livingroom_003.tif,62,0.1,0.0666666666666667,1.0912824439763
224,11,6,categorization,0,bedroom,SHINEd_bedroom_106.tif,52,0.1,0.0666666666666667,1.41968198809575
224,12,6,categorization,0,bedroom,SHINEd_bedroom_023.tif,20,0.1,0.0666666666666667,1.55363177400324
224,13,6,categorization,0,bedroom,SHINEd_bedroom_098.tif,50,0.1,0.0666666666666667,1.50553039124912
224,14,6,categorization,0,livingroom,SHINEd_livingroom_022.tif,76,0.1,0.0666666666666667,1.69601005289691
224,15,6,categorization,0,livingroom,SHINEd_livingroom_048.tif,91,0.1,0.0666666666666667,0.797669067656656
224,16,6,categorization,0,bedroom,SHINEd_bedroom_025.tif,21,0.1,0.0666666666666667,1.29472295413985
224,17,6,categorization,0,livingroom,SHINEd_livingroom_031.tif,83,0.1,0.0666666666666667,0.863725488576307
224,18,6,categorization,0,livingroom,SHINEd_livingroom_004.tif,63,0.1,0.0666666666666667,0.749026518152565
224,19,6,categorization,0,livingroom,SHINEd_livingroom_060.tif,99,0.1,0.0666666666666667,1.54331933946606
224,20,6,categorization,0,livingroom,SHINEd_livingroom_007.tif,66,0.1,0.0666666666666667,1.46104768862727
224,21,6,categorization,0,bedroom,SHINEd_bedroom_069.tif,39,0.1,0.0666666666666667,1.52206644095699
224,22,6,categorization,0,bedroom,SHINEd_bedroom_010.tif,13,0.1,0.0666666666666667,1.68321340098295
224,23,6,categorization,0,livingroom,SHINEd_livingroom_072.tif,101,0.1,0.0666666666666667,0.980633890485188
224,24,6,categorization,0,livingroom,SHINEd_livingroom_068.tif,100,0.1,0.0666666666666667,0.881388038111605
224,25,6,categorization,0,bedroom,SHINEd_bedroom_068.tif,38,0.1,0.0666666666666667,1.8309156382713
224,26,6,categorization,0,livingroom,SHINEd_livingroom_010.tif,68,0.1,0.0666666666666667,1.73468725459009
224,27,6,categorization,0,livingroom,SHINEd_livingroom_014.tif,71,0.1,0.0666666666666667,0.83031337151694
224,28,6,categorization,0,bedroom,SHINEd_bedroom_116.tif,55,0.1,0.0666666666666667,0.753812094396625
224,29,6,categorization,0,livingroom,SHINEd_livingroom_032.tif,84,0.1,0.0666666666666667,1.20026501407514
224,30,6,categorization,0,livingroom,SHINEd_livingroom_037.tif,86,0.1,0.0666666666666667,1.90675671976094
224,31,6,categorization,0,bedroom,SHINEd_bedroom_041.tif,27,0.1,0.0666666666666667,0.820059715651672
224,32,6,categorization,0,bedroom,SHINEd_bedroom_052.tif,34,0.1,0.0666666666666667,1.18042285709862
224,33,6,categorization,0,livingroom,SHINEd_livingroom_089.tif,107,0.1,0.0666666666666667,1.3156975088968
224,34,6,categorization,0,livingroom,SHINEd_livingroom_62.tif,110,0.1,0.0666666666666667,1.62636316968073
224,35,6,categorization,0,bedroom,SHINEd_bedroom_030.tif,23,0.1,0.0666666666666667,1.52477477287831
224,36,6,categorization,0,livingroom,SHINEd_livingroom_047.tif,90,0.1,0.0666666666666667,1.24690728882126
224,37,6,categorization,0,bedroom,SHINEd_bedroom_011.tif,14,0.1,0.0666666666666667,0.749459231768286
224,38,6,categorization,0,bedroom,SHINEd_bedroom_118.tif,56,0.1,0.0666666666666667,1.0240847922548
224,39,6,categorization,0,bedroom,SHINEd_bedroom_020.tif,19,0.1,0.0666666666666667,1.45491453164022
224,40,6,categorization,0,bedroom,SHINEd_bedroom_012.tif,15,0.1,0.0666666666666667,1.5181751262737
224,41,6,categorization,0,livingroom,SHINEd_livingroom_005.tif,64,0.1,0.0666666666666667,1.59367649825577
224,42,6,categorization,0,bedroom,SHINEd_bedroom_009.tif,12,0.1,0.0666666666666667,0.837209485110784
224,43,6,categorization,0,livingroom,SHINEd_livingroom_029.tif,81,0.1,0.0666666666666667,1.15738311217926
224,44,6,categorization,0,bedroom,SHINEd_bedroom_039.tif,26,0.1,0.0666666666666667,1.09808358778739
224,45,6,categorization,0,livingroom,SHINEd_livingroom_016.tif,72,0.1,0.0666666666666667,1.17936806606831
224,46,6,categorization,0,livingroom,SHINEd_livingroom_055.tif,96,0.1,0.0666666666666667,1.78089943855038
224,47,6,categorization,0,livingroom,SHINEd_livingroom_039.tif,87,0.1,0.0666666666666667,0.738569235842934
224,48,6,categorization,0,bedroom,SHINEd_bedroom_080.tif,43,0.1,0.0666666666666667,1.16855252340919
224,49,6,categorization,0,bedroom,SHINEd_bedroom_075.tif,41,0.1,0.0666666666666667,0.90946123978075
224,50,6,categorization,0,livingroom,SHINEd_livingroom_018.tif,73,0.1,0.0666666666666667,0.832126498148024
224,1,7,categorization,0,livingroom,SHINEd_livingroom_018.tif,73,0.1,0.0666666666666667,1.26505237832982
224,2,7,categorization,0,bedroom,SHINEd_bedroom_098.tif,50,0.1,0.0666666666666667,0.817933481594229
224,3,7,categorization,0,bedroom,SHINEd_bedroom_029.tif,22,0.1,0.0666666666666667,1.10000799954019
224,4,7,categorization,0,livingroom,SHINEd_livingroom_072.tif,101,0.1,0.0666666666666667,0.991910775462026
224,5,7,categorization,0,livingroom,SHINEd_livingroom_054.tif,95,0.1,0.0666666666666667,1.13225421677612
224,6,7,categorization,0,livingroom,SHINEd_livingroom_037.tif,86,0.1,0.0666666666666667,1.93878198368353
224,7,7,categorization,0,livingroom,SHINEd_livingroom_005.tif,64,0.1,0.0666666666666667,0.78977508420726
224,8,7,categorization,0,livingroom,SHINEd_livingroom_046.tif,89,0.1,0.0666666666666667,0.910240781751368
224,9,7,categorization,0,livingroom,SHINEd_livingroom_049.tif,92,0.1,0.0666666666666667,1.08700158956903
224,10,7,categorization,0,livingroom,SHINEd_livingroom_029.tif,81,0.1,0.0666666666666667,0.823568117612915
224,11,7,categorization,0,bedroom,SHINEd_bedroom_099.tif,51,0.1,0.0666666666666667,1.62578567554478
224,12,7,categorization,0,livingroom,SHINEd_livingroom_039.tif,87,0.1,0.0666666666666667,1.77150524838121
224,13,7,categorization,0,livingroom,SHINEd_livingroom_003.tif,62,0.1,0.0666666666666667,1.02491081451155
224,14,7,categorization,0,bedroom,SHINEd_bedroom_047.tif,31,0.1,0.0666666666666667,0.896878873710898
224,15,7,categorization,0,bedroom,SHINEd_bedroom_039.tif,26,0.1,0.0666666666666667,1.65824602273466
224,16,7,categorization,0,livingroom,SHINEd_livingroom_060.tif,99,0.1,0.0666666666666667,1.80320285124086
224,17,7,categorization,0,livingroom,SHINEd_livingroom_014.tif,71,0.1,0.0666666666666667,0.79632657187179
224,18,7,categorization,0,livingroom,SHINEd_livingroom_047.tif,90,0.1,0.0666666666666667,0.910385462944232
224,19,7,categorization,0,livingroom,SHINEd_livingroom_62.tif,110,0.1,0.0666666666666667,1.27251161467047
224,20,7,categorization,0,bedroom,SHINEd_bedroom_009.tif,12,0.1,0.0666666666666667,1.21961267888411
224,21,7,categorization,0,livingroom,SHINEd_livingroom_083.tif,104,0.1,0.0666666666666667,1.10742600997532
224,22,7,categorization,0,bedroom,SHINEd_bedroom_016.tif,17,0.1,0.0666666666666667,1.83435316736416
224,23,7,categorization,0,bedroom,SHINEd_bedroom_089.tif,46,0.1,0.0666666666666667,0.907195158884656
224,24,7,categorization,0,livingroom,SHINEd_livingroom_004.tif,63,0.1,0.0666666666666667,0.877366996521609
224,25,7,categorization,0,bedroom,SHINEd_bedroom_041.tif,27,0.1,0.0666666666666667,0.827926565561359
224,26,7,categorization,0,livingroom,SHINEd_livingroom_024.tif,78,0.1,0.0666666666666667,0.908464478716533
224,27,7,categorization,0,bedroom,SHINEd_bedroom_126.tif,60,0.1,0.0666666666666667,1.43674580397746
224,28,7,categorization,0,livingroom,SHINEd_livingroom_087.tif,105,0.1,0.0666666666666667,0.942504776254103
224,29,7,categorization,0,bedroom,SHINEd_bedroom_048.tif,32,0.1,0.0666666666666667,1.51089576865616
224,30,7,categorization,0,bedroom,SHINEd_bedroom_025.tif,21,0.1,0.0666666666666667,1.38539669579112
224,31,7,categorization,0,livingroom,SHINEd_livingroom_031.tif,83,0.1,0.0666666666666667,0.87255796727227
224,32,7,categorization,0,livingroom,SHINEd_livingroom_028.tif,80,0.1,0.0666666666666667,0.767222257563097
224,33,7,categorization,0,livingroom,SHINEd_livingroom_032.tif,84,0.1,0.0666666666666667,1.05532042533549
224,34,7,categorization,0,bedroom,SHINEd_bedroom_120.tif,58,0.1,0.0666666666666667,1.90968346692176
224,35,7,categorization,0,livingroom,SHINEd_livingroom_025.tif,79,0.1,0.0666666666666667,0.989603697280872
224,36,7,categorization,0,livingroom,SHINEd_livingroom_059.tif,98,0.1,0.0666666666666667,0.92704838870689
224,37,7,categorization,0,livingroom,SHINEd_livingroom_012.tif,69,0.1,0.0666666666666667,1.12860502310583
224,38,7,categorization,0,bedroom,SHINEd_bedroom_051.tif,33,0.1,0.0666666666666667,0.900933523042784
224,39,7,categorization,0,livingroom,SHINEd_livingroom_030.tif,82,0.1,0.0666666666666667,0.901243182669642
224,40,7,categorization,0,livingroom,SHINEd_livingroom_019.tif,74,0.1,0.0666666666666667,0.747668636097405
224,41,7,categorization,0,bedroom,SHINEd_bedroom_125.tif,59,0.1,0.0666666666666667,0.746574904828195
224,42,7,categorization,0,livingroom,SHINEd_livingroom_050.tif,93,0.1,0.0666666666666667,1.22450580908585
224,43,7,categorization,0,livingroom,SHINEd_livingroom_088.tif,106,0.1,0.0666666666666667,1.42015040797465
224,44,7,categorization,0,bedroom,SHINEd_bedroom_106.tif,52,0.1,0.0666666666666667,0.732203795367402
224,45,7,categorization,0,bedroom,SHINEd_bedroom_067.tif,37,0.1,0.0666666666666667,1.40366174195012
224,46,7,categorization,0,bedroom,SHINEd_bedroom_045.tif,29,0.1,0.0666666666666667,0.749752505792595
224,47,7,categorization,0,bedroom,SHINEd_bedroom_046.tif,30,0.1,0.0666666666666667,0.978165784545462
224,48,7,categorization,0,livingroom,SHINEd_livingroom_090.tif,108,0.1,0.0666666666666667,0.755439135023278
224,49,7,categorization,0,livingroom,SHINEd_livingroom_081.tif,103,0.1,0.0666666666666667,1.60919485702661
224,50,7,categorization,0,bedroom,SHINEd_bedroom_079.tif,42,0.1,0.0666666666666667,0.996450125181412
224,1,8,categorization,0,bedroom,SHINEd_bedroom_036.tif,25,0.1,0.0666666666666667,1.99594544985055
224,2,8,categorization,0,livingroom,SHINEd_livingroom_048.tif,91,0.1,0.0666666666666667,0.771616237018071
224,3,8,categorization,0,bedroom,SHINEd_bedroom_014.tif,16,0.1,0.0666666666666667,1.74701569360062
224,4,8,categorization,0,livingroom,SHINEd_livingroom_008.tif,67,0.1,0.0666666666666667,0.920089594043257
224,5,8,categorization,0,bedroom,SHINEd_bedroom_030.tif,23,0.1,0.0666666666666667,1.80710831352265
224,6,8,categorization,0,livingroom,SHINEd_livingroom_022.tif,76,0.1,0.0666666666666667,0.883269357766644
224,7,8,categorization,0,bedroom,SHINEd_bedroom_069.tif,39,0.1,0.0666666666666667,1.65959365052129
224,8,8,categorization,0,bedroom,SHINEd_bedroom_012.tif,15,0.1,0.0666666666666667,1.30502980315185
224,9,8,categorization,0,livingroom,SHINEd_livingroom_068.tif,100,0.1,0.0666666666666667,1.22500226495546
224,10,8,categorization,0,bedroom,SHINEd_bedroom_112.tif,53,0.1,0.0666666666666667,0.823986166782992
224,11,8,categorization,0,livingroom,SHINEd_livingroom_007.tif,66,0.1,0.0666666666666667,0.899166027398898
224,12,8,categorization,0,livingroom,SHINEd_livingroom_057.tif,97,0.1,0.0666666666666667,1.29578180450536
224,13,8,categorization,0,bedroom,SHINEd_bedroom_042.tif,28,0.1,0.0666666666666667,1.75766989724421
224,14,8,categorization,0,livingroom,SHINEd_livingroom_001.tif,61,0.1,0.0666666666666667,1.29981982246376
224,15,8,categorization,0,livingroom,SHINEd_livingroom_073.tif,102,0.1,0.0666666666666667,1.2236716965743
224,16,8,categorization,0,livingroom,SHINEd_livingroom_092.tif,109,0.1,0.0666666666666667,1.93772554948606
224,17,8,categorization,0,bedroom,SHINEd_bedroom_062.tif,36,0.1,0.0666666666666667,1.67424844120063
224,18,8,categorization,0,livingroom,SHINEd_livingroom_020.tif,75,0.1,0.0666666666666667,1.20668685389646
224,19,8,categorization,0,livingroom,SHINEd_livingroom_043.tif,88,0.1,0.0666666666666667,0.785719542219939
224,20,8,categorization,0,livingroom,SHINEd_livingroom_055.tif,96,0.1,0.0666666666666667,1.01921771942029
224,21,8,categorization,0,livingroom,SHINEd_livingroom_036.tif,85,0.1,0.0666666666666667,1.50335524209179
224,22,8,categorization,0,livingroom,SHINEd_livingroom_023.tif,77,0.1,0.0666666666666667,1.44904293318057
224,23,8,categorization,0,bedroom,SHINEd_bedroom_074.tif,40,0.1,0.0666666666666667,1.91030523381727
224,24,8,categorization,0,bedroom,SHINEd_bedroom_097.tif,49,0.1,0.0666666666666667,1.02514700856094
224,25,8,categorization,0,bedroom,SHINEd_bedroom_114.tif,54,0.1,0.0666666666666667,0.742387221771549
224,26,8,categorization,0,livingroom,SHINEd_livingroom_006.tif,65,0.1,0.0666666666666667,1.49971535289671
224,27,8,categorization,0,bedroom,SHINEd_bedroom_010.tif,13,0.1,0.0666666666666667,1.26914234402424
224,28,8,categorization,0,bedroom,SHINEd_bedroom_118.tif,56,0.1,0.0666666666666667,1.56636921570531
224,29,8,categorization,0,bedroom,SHINEd_bedroom_090.tif,47,0.1,0.0666666666666667,1.23468572467393
224,30,8,categorization,0,livingroom,SHINEd_livingroom_052.tif,94,0.1,0.0666666666666667,1.06219720667745
224,31,8,categorization,0,bedroom,SHINEd_bedroom_119.tif,57,0.1,0.0666666666666667,0.795433280602862
224,32,8,categorization,0,bedroom,SHINEd_bedroom_011.tif,14,0.1,0.0666666666666667,0.872828786624756
224,33,8,categorization,0,bedroom,SHINEd_bedroom_032.tif,24,0.1,0.0666666666666667,0.758098356088115
224,34,8,categorization,0,bedroom,SHINEd_bedroom_116.tif,55,0.1,0.0666666666666667,1.99409823075343
224,35,8,categorization,0,bedroom,SHINEd_bedroom_056.tif,35,0.1,0.0666666666666667,0.93062132374714
224,36,8,categorization,0,livingroom,SHINEd_livingroom_089.tif,107,0.1,0.0666666666666667,1.96328128167583
224,37,8,categorization,0,bedroom,SHINEd_bedroom_023.tif,20,0.1,0.0666666666666667,1.27251654244508
224,38,8,categorization,0,livingroom,SHINEd_livingroom_016.tif,72,0.1,0.0666666666666667,1.23249130648723
224,39,8,categorization,0,bedroom,SHINEd_bedroom_018.tif,18,0.1,0.0666666666666667,1.43339641429343
224,40,8,categorization,0,bedroom,SHINEd_bedroom_093.tif,48,0.1,0.0666666666666667,0.932777190182621
224,41,8,categorization,0,bedroom,SHINEd_bedroom_080.tif,43,0.1,0.0666666666666667,1.06868653774574
224,42,8,categorization,0,livingroom,SHINEd_livingroom_013.tif,70,0.1,0.0666666666666667,1.89385230253532
224,43,8,categorization,0,livingroom,SHINEd_livingroom_010.tif,68,0.1,0.0666666666666667,0.87562986204144
224,44,8,categorization,0,bedroom,SHINEd_bedroom_068.tif,38,0.1,0.0666666666666667,1.90292338533662
224,45,8,categorization,0,bedroom,SHINEd_bedroom_020.tif,19,0.1,0.0666666666666667,0.832184867254823
224,46,8,categorization,0,bedroom,SHINEd_bedroom_075.tif,41,0.1,0.0666666666666667,1.27124455599861
224,47,8,categorization,0,bedroom,SHINEd_bedroom_008.tif,11,0.1,0.0666666666666667,1.416196994725
224,48,8,categorization,0,bedroom,SHINEd_bedroom_085.tif,44,0.1,0.0666666666666667,1.48601781549417
224,49,8,categorization,0,bedroom,SHINEd_bedroom_086.tif,45,0.1,0.0666666666666667,1.50942974343731
224,50,8,categorization,0,bedroom,SHINEd_bedroom_052.tif,34,0.1,0.0666666666666667,1.3857912173843
224,1,9,categorization,0,bedroom,SHINEd_bedroom_069.tif,39,0.1,0.0666666666666667,0.715416193605119
224,2,9,categorization,0,bedroom,SHINEd_bedroom_036.tif,25,0.1,0.0666666666666667,1.11685361778758
224,3,9,categorization,0,bedroom,SHINEd_bedroom_051.tif,33,0.1,0.0666666666666667,0.891413256651465
224,4,9,categorization,0,livingroom,SHINEd_livingroom_059.tif,98,0.1,0.0666666666666667,1.37791475654674
224,5,9,categorization,0,livingroom,SHINEd_livingroom_006.tif,65,0.1,0.0666666666666667,0.705486025866702
224,6,9,categorization,0,bedroom,SHINEd_bedroom_042.tif,28,0.1,0.0666666666666667,1.17321023251092
224,7,9,categorization,0,livingroom,SHINEd_livingroom_029.tif,81,0.1,0.0666666666666667,0.755354601887221
224,8,9,categorization,0,livingroom,SHINEd_livingroom_072.tif,101,0.1,0.0666666666666667,1.25962742295375
224,9,9,categorization,0,livingroom,SHINEd_livingroom_023.tif,77,0.1,0.0666666666666667,1.21091171297685
224,10,9,categorization,0,bedroom,SHINEd_bedroom_030.tif,23,0.1,0.0666666666666667,0.737159671400239
224,11,9,categorization,0,livingroom,SHINEd_livingroom_088.tif,106,0.1,0.0666666666666667,1.0920346730214
224,12,9,categorization,0,bedroom,SHINEd_bedroom_048.tif,32,0.1,0.0666666666666667,1.16627154933727
224,13,9,categorization,0,bedroom,SHINEd_bedroom_047.tif,31,0.1,0.0666666666666667,1.51525048457374
224,14,9,categorization,0,bedroom,SHINEd_bedroom_114.tif,54,0.1,0.0666666666666667,0.752346458307703
224,15,9,categorization,0,livingroom,SHINEd_livingroom_073.tif,102,0.1,0.0666666666666667,1.04676451888277
224,16,9,categorization,0,livingroom,SHINEd_livingroom_046.tif,89,0.1,0.0666666666666667,1.00964158024214
224,17,9,categorization,0,livingroom,SHINEd_livingroom_090.tif,108,0.1,0.0666666666666667,0.765753813961602
224,18,9,categorization,0,bedroom,SHINEd_bedroom_011.tif,14,0.1,0.0666666666666667,0.912160428921947
224,19,9,categorization,0,bedroom,SHINEd_bedroom_014.tif,16,0.1,0.0666666666666667,1.6229708377644
224,20,9,categorization,0,bedroom,SHINEd_bedroom_075.tif,41,0.1,0.0666666666666667,1.00494229949731
224,21,9,categorization,0,livingroom,SHINEd_livingroom_060.tif,99,0.1,0.0666666666666667,1.79548937658092
224,22,9,categorization,0,bedroom,SHINEd_bedroom_112.tif,53,0.1,0.0666666666666667,1.65391933563333
224,23,9,categorization,0,bedroom,SHINEd_bedroom_116.tif,55,0.1,0.0666666666666667,1.16349593522898
224,24,9,categorization,0,bedroom,SHINEd_bedroom_089.tif,46,0.1,0.0666666666666667,0.811302678042051
224,25,9,categorization,0,bedroom,SHINEd_bedroom_118.tif,56,0.1,0.0666666666666667,0.78697670160568
224,26,9,categorization,0,bedroom,SHINEd_bedroom_010.tif,13,0.1,0.0666666666666667,1.27245633511639
224,27,9,categorization,0,livingroom,SHINEd_livingroom_019.tif,74,0.1,0.0666666666666667,0.941652483872154
224,28,9,categorization,0,livingroom,SHINEd_livingroom_083.tif,104,0.1,0.0666666666666667,0.735357162633899
224,29,9,categorization,0,bedroom,SHINEd_bedroom_093.tif,48,0.1,0.0666666666666667,0.716488351356892
224,30,9,categorization,0,livingroom,SHINEd_livingroom_030.tif,82,0.1,0.0666666666666667,1.07973141530858
224,31,9,categorization,0,bedroom,SHINEd_bedroom_020.tif,19,0.1,0.0666666666666667,0.776155452727638
224,32,9,categorization,0,livingroom,SHINEd_livingroom_008.tif,67,0.1,0.0666666666666667,1.83363637770267
224,33,9,categorization,0,bedroom,SHINEd_bedroom_052.tif,34,0.1,0.0666666666666667,0.744878765398861
224,34,9,categorization,0,bedroom,SHINEd_bedroom_068.tif,38,0.1,0.0666666666666667,1.18514495450118
224,35,9,categorization,0,bedroom,SHINEd_bedroom_045.tif,29,0.1,0.0666666666666667,1.33439355272962
224,36,9,categorization,0,livingroom,SHINEd_livingroom_068.tif,100,0.1,0.0666666666666667,0.716263334434931
224,37,9,categorization,0,livingroom,SHINEd_livingroom_057.tif,97,0.1,0.0666666666666667,1.36510300485314
224,38,9,categorization,0,bedroom,SHINEd_bedroom_090.tif,47,0.1,0.0666666666666667,0.715191992489282
224,39,9,categorization,0,bedroom,SHINEd_bedroom_126.tif,60,0.1,0.0666666666666667,1.87666272042319
224,40,9,categorization,0,livingroom,SHINEd_livingroom_050.tif,93,0.1,0.0666666666666667,0.780370853075094
224,41,9,categorization,0,bedroom,SHINEd_bedroom_086.tif,45,0.1,0.0666666666666667,1.96275323357557
224,42,9,categorization,0,livingroom,SHINEd_livingroom_014.tif,71,0.1,0.0666666666666667,1.62604282247921
224,43,9,categorization,0,livingroom,SHINEd_livingroom_039.tif,87,0.1,0.0666666666666667,1.02101445487006
224,44,9,categorization,0,bedroom,SHINEd_bedroom_098.tif,50,0.1,0.0666666666666667,1.50217812466438
224,45,9,categorization,0,livingroom,SHINEd_livingroom_087.tif,105,0.1,0.0666666666666667,1.54695817027708
224,46,9,categorization,0,bedroom,SHINEd_bedroom_056.tif,35,0.1,0.0666666666666667,0.761156584636774
224,47,9,categorization,0,livingroom,SHINEd_livingroom_020.tif,75,0.1,0.0666666666666667,0.893712833498596
224,48,9,categorization,0,bedroom,SHINEd_bedroom_099.tif,51,0.1,0.0666666666666667,1.86277008716169
224,49,9,categorization,0,livingroom,SHINEd_livingroom_007.tif,66,0.1,0.0666666666666667,0.997342065463652
224,50,9,categorization,0,livingroom,SHINEd_livingroom_013.tif,70,0.1,0.0666666666666667,1.73668234732712
224,1,10,categorization,0,livingroom,SHINEd_livingroom_001.tif,61,0.1,0.0666666666666667,1.08343551679723
224,2,10,categorization,0,livingroom,SHINEd_livingroom_025.tif,79,0.1,0.0666666666666667,1.93891565220704
224,3,10,categorization,0,livingroom,SHINEd_livingroom_028.tif,80,0.1,0.0666666666666667,1.23339808467353
224,4,10,categorization,0,livingroom,SHINEd_livingroom_089.tif,107,0.1,0.0666666666666667,1.80117722428424
224,5,10,categorization,0,bedroom,SHINEd_bedroom_106.tif,52,0.1,0.0666666666666667,0.800197826752998
224,6,10,categorization,0,bedroom,SHINEd_bedroom_016.tif,17,0.1,0.0666666666666667,1.50131581354489
224,7,10,categorization,0,bedroom,SHINEd_bedroom_062.tif,36,0.1,0.0666666666666667,1.74126203509235
224,8,10,categorization,0,livingroom,SHINEd_livingroom_081.tif,103,0.1,0.0666666666666667,0.79055880857113
224,9,10,categorization,0,livingroom,SHINEd_livingroom_003.tif,62,0.1,0.0666666666666667,1.90757905682267
224,10,10,categorization,0,livingroom,SHINEd_livingroom_012.tif,69,0.1,0.0666666666666667,0.902288149719627
224,11,10,categorization,0,livingroom,SHINEd_livingroom_049.tif,92,0.1,0.0666666666666667,1.09335653417288
224,12,10,categorization,0,bedroom,SHINEd_bedroom_025.tif,21,0.1,0.0666666666666667,1.75743976560272
224,13,10,categorization,0,bedroom,SHINEd_bedroom_097.tif,49,0.1,0.0666666666666667,1.34692674766738
224,14,10,categorization,0,livingroom,SHINEd_livingroom_016.tif,72,0.1,0.0666666666666667,1.05626436391902
224,15,10,categorization,0,livingroom,SHINEd_livingroom_004.tif,63,0.1,0.0666666666666667,1.0007504544948
224,16,10,categorization,0,bedroom,SHINEd_bedroom_018.tif,18,0.1,0.0666666666666667,0.712009312158285
224,17,10,categorization,0,livingroom,SHINEd_livingroom_032.tif,84,0.1,0.0666666666666667,0.83412209930099
224,18,10,categorization,0,bedroom,SHINEd_bedroom_032.tif,24,0.1,0.0666666666666667,1.44015934220578
224,19,10,categorization,0,bedroom,SHINEd_bedroom_012.tif,15,0.1,0.0666666666666667,1.29043571486079
224,20,10,categorization,0,livingroom,SHINEd_livingroom_037.tif,86,0.1,0.0666666666666667,1.53315704983535
224,21,10,categorization,0,bedroom,SHINEd_bedroom_023.tif,20,0.1,0.0666666666666667,0.796788048642483
224,22,10,categorization,0,bedroom,SHINEd_bedroom_120.tif,58,0.1,0.0666666666666667,1.08263017654591
224,23,10,categorization,0,livingroom,SHINEd_livingroom_022.tif,76,0.1,0.0666666666666667,0.861085176247196
224,24,10,categorization,0,bedroom,SHINEd_bedroom_080.tif,43,0.1,0.0666666666666667,1.8372075781555
224,25,10,categorization,0,bedroom,SHINEd_bedroom_085.tif,44,0.1,0.0666666666666667,0.861905589244111
224,26,10,categorization,0,livingroom,SHINEd_livingroom_047.tif,90,0.1,0.0666666666666667,1.41815385760108
224,27,10,categorization,0,bedroom,SHINEd_bedroom_079.tif,42,0.1,0.0666666666666667,1.185660074788
224,28,10,categorization,0,livingroom,SHINEd_livingroom_052.tif,94,0.1,0.0666666666666667,1.01045753364747
224,29,10,categorization,0,bedroom,SHINEd_bedroom_074.tif,40,0.1,0.0666666666666667,1.70738111385133
224,30,10,categorization,0,bedroom,SHINEd_bedroom_039.tif,26,0.1,0.0666666666666667,1.38181182002839
224,31,10,categorization,0,livingroom,SHINEd_livingroom_043.tif,88,0.1,0.0666666666666667,0.871731868593864
224,32,10,categorization,0,livingroom,SHINEd_livingroom_010.tif,68,0.1,0.0666666666666667,1.95270688488891
224,33,10,categorization,0,livingroom,SHINEd_livingroom_024.tif,78,0.1,0.0666666666666667,0.86794071682442
224,34,10,categorization,0,livingroom,SHINEd_livingroom_055.tif,96,0.1,0.0666666666666667,1.72136080209015
224,35,10,categorization,0,bedroom,SHINEd_bedroom_029.tif,22,0.1,0.0666666666666667,1.238425984453
224,36,10,categorization,0,livingroom,SHINEd_livingroom_036.tif,85,0.1,0.0666666666666667,0.953037458243027
224,37,10,categorization,0,livingroom,SHINEd_livingroom_62.tif,110,0.1,0.0666666666666667,0.845977894527395
224,38,10,categorization,0,bedroom,SHINEd_bedroom_009.tif,12,0.1,0.0666666666666667,1.00699354123203
224,39,10,categorization,0,livingroom,SHINEd_livingroom_005.tif,64,0.1,0.0666666666666667,1.86688596484641
224,40,10,categorization,0,bedroom,SHINEd_bedroom_046.tif,30,0.1,0.0666666666666667,0.878499618781062
224,41,10,categorization,0,bedroom,SHINEd_bedroom_008.tif,11,0.1,0.0666666666666667,1.21604364091964
224,42,10,categorization,0,bedroom,SHINEd_bedroom_119.tif,57,0.1,0.0666666666666667,1.44841311090224
224,43,10,categorization,0,livingroom,SHINEd_livingroom_031.tif,83,0.1,0.0666666666666667,0.944875539819386
224,44,10,categorization,0,bedroom,SHINEd_bedroom_067.tif,37,0.1,0.0666666666666667,1.65691865630848
224,45,10,categorization,0,livingroom,SHINEd_livingroom_048.tif,91,0.1,0.0666666666666667,0.759506257625939
224,46,10,categorization,0,bedroom,SHINEd_bedroom_125.tif,59,0.1,0.0666666666666667,0.827926927376264
224,47,10,categorization,0,livingroom,SHINEd_livingroom_054.tif,95,0.1,0.0666666666666667,0.899006736926313
224,48,10,categorization,0,bedroom,SHINEd_bedroom_041.tif,27,0.1,0.0666666666666667,1.2443177978826
224,49,10,categorization,0,livingroom,SHINEd_livingroom_018.tif,73,0.1,0.0666666666666667,1.38799366919846
224,50,10,categorization,0,livingroom,SHINEd_livingroom_092.tif,109,0.1,0.0666666666666667,0.81056830049601
224,1,11,categorization,0,livingroom,SHINEd_livingroom_048.tif,91,0.1,0.0666666666666667,1.15818131577578
224,2,11,categorization,0,bedroom,SHINEd_bedroom_047.tif,31,0.1,0.0666666666666667,0.980284262644059
224,3,11,categorization,0,livingroom,SHINEd_livingroom_081.tif,103,0.1,0.0666666666666667,1.03860864898035
224,4,11,categorization,0,bedroom,SHINEd_bedroom_079.tif,42,0.1,0.0666666666666667,0.804010913418714
224,5,11,categorization,0,bedroom,SHINEd_bedroom_126.tif,60,0.1,0.0666666666666667,1.11627852175974
224,6,11,categorization,0,bedroom,SHINEd_bedroom_074.tif,40,0.1,0.0666666666666667,1.21868551535138
224,7,11,categorization,0,bedroom,SHINEd_bedroom_039.tif,26,0.1,0.0666666666666667,0.788150200697878
224,8,11,categorization,0,bedroom,SHINEd_bedroom_118.tif,56,0.1,0.0666666666666667,0.867534612198738
224,9,11,categorization,0,bedroom,SHINEd_bedroom_030.tif,23,0.1,0.0666666666666667,1.2795146419083
224,10,11,categorization,0,livingroom,SHINEd_livingroom_029.tif,81,0.1,0.0666666666666667,1.11466968281274
224,11,11,categorization,0,bedroom,SHINEd_bedroom_051.tif,33,0.1,0.0666666666666667,1.86688163846244
224,12,11,categorization,0,bedroom,SHINEd_bedroom_062.tif,36,0.1,0.0666666666666667,1.00146583668954
224,13,11,categorization,0,bedroom,SHINEd_bedroom_023.tif,20,0.1,0.0666666666666667,1.60812300031841
224,14,11,categorization,0,livingroom,SHINEd_livingroom_060.tif,99,0.1,0.0666666666666667,0.803109818557155
224,15,11,categorization,0,bedroom,SHINEd_bedroom_069.tif,39,0.1,0.0666666666666667,1.02199695754672
224,16,11,categorization,0,bedroom,SHINEd_bedroom_106.tif,52,0.1,0.0666666666666667,0.763360368035569
224,17,11,categorization,0,livingroom,SHINEd_livingroom_068.tif,100,0.1,0.0666666666666667,0.851643305147517
224,18,11,categorization,0,bedroom,SHINEd_bedroom_012.tif,15,0.1,0.0666666666666667,1.32681571441582
224,19,11,categorization,0,bedroom,SHINEd_bedroom_099.tif,51,0.1,0.0666666666666667,0.91442265464783
224,20,11,categorization,0,livingroom,SHINEd_livingroom_043.tif,88,0.1,0.0666666666666667,1.20370501149944
224,21,11,categorization,0,bedroom,SHINEd_bedroom_009.tif,12,0.1,0.0666666666666667,0.731415822648893
224,22,11,categorization,0,livingroom,SHINEd_livingroom_031.tif,83,0.1,0.0666666666666667,1.24628405643051
224,23,11,categorization,0,bedroom,SHINEd_bedroom_068.tif,38,0.1,0.0666666666666667,1.47341038019577
224,24,11,categorization,0,livingroom,SHINEd_livingroom_013.tif,70,0.1,0.0666666666666667,0.920684763550592
224,25,11,categorization,0,bedroom,SHINEd_bedroom_075.tif,41,0.1,0.0666666666666667,0.972198928036504
224,26,11,categorization,0,livingroom,SHINEd_livingroom_047.tif,90,0.1,0.0666666666666667,1.04187286294581
224,27,11,categorization,0,livingroom,SHINEd_livingroom_046.tif,89,0.1,0.0666666666666667,1.11737530137798
224,28,11,categorization,0,livingroom,SHINEd_livingroom_007.tif,66,0.1,0.0666666666666667,1.09583845464665
224,29,11,categorization,0,livingroom,SHINEd_livingroom_036.tif,85,0.1,0.0666666666666667,0.764835100381117
224,30,11,categorization,0,livingroom,SHINEd_livingroom_022.tif,76,0.1,0.0666666666666667,1.52530669083709
224,31,11,categorization,0,bedroom,SHINEd_bedroom_025.tif,21,0.1,0.0666666666666667,1.11312199462186
224,32,11,categorization,0,bedroom,SHINEd_bedroom_052.tif,34,0.1,0.0666666666666667,1.51029157216706
224,33,11,categorization,0,bedroom,SHINEd_bedroom_120.tif,58,0.1,0.0666666666666667,0.792955848032241
224,34,11,categorization,0,bedroom,SHINEd_bedroom_090.tif,47,0.1,0.0666666666666667,1.67530797606547
224,35,11,categorization,0,livingroom,SHINEd_livingroom_050.tif,93,0.1,0.0666666666666667,1.4629278531589
224,36,11,categorization,0,bedroom,SHINEd_bedroom_086.tif,45,0.1,0.0666666666666667,0.937291193790271
224,37,11,categorization,0,livingroom,SHINEd_livingroom_62.tif,110,0.1,0.0666666666666667,0.876753214496937
224,38,11,categorization,0,livingroom,SHINEd_livingroom_018.tif,73,0.1,0.0666666666666667,1.08905455132284
224,39,11,categorization,0,livingroom,SHINEd_livingroom_087.tif,105,0.1,0.0666666666666667,1.66297436604339
224,40,11,categorization,0,bedroom,SHINEd_bedroom_048.tif,32,0.1,0.0666666666666667,1.07626664697683
224,41,11,categorization,0,livingroom,SHINEd_livingroom_088.tif,106,0.1,0.0666666666666667,1.76762017559955
224,42,11,categorization,0,livingroom,SHINEd_livingroom_004.tif,63,0.1,0.0666666666666667,1.99680117541776
224,43,11,categorization,0,livingroom,SHINEd_livingroom_020.tif,75,0.1,0.0666666666666667,1.88694182929986
224,44,11,categorization,0,livingroom,SHINEd_livingroom_025.tif,79,0.1,0.0666666666666667,1.01364000780774
224,45,11,categorization,0,livingroom,SHINEd_livingroom_016.tif,72,0.1,0.0666666666666667,1.67917101486989
224,46,11,categorization,0,bedroom,SHINEd_bedroom_046.tif,30,0.1,0.0666666666666667,0.873917670865171
224,47,11,categorization,0,livingroom,SHINEd_livingroom_030.tif,82,0.1,0.0666666666666667,0.768937462124012
224,48,11,categorization,0,bedroom,SHINEd_bedroom_018.tif,18,0.1,0.0666666666666667,0.980921715203657
224,49,11,categorization,0,bedroom,SHINEd_bedroom_112.tif,53,0.1,0.0666666666666667,1.39851541747377
224,50,11,categorization,0,bedroom,SHINEd_bedroom_014.tif,16,0.1,0.0666666666666667,1.83454497178632
224,1,12,categorization,0,livingroom,SHINEd_livingroom_003.tif,62,0.1,0.0666666666666667,1.89286631618522
224,2,12,categorization,0,livingroom,SHINEd_livingroom_083.tif,104,0.1,0.0666666666666667,1.04541161224328
224,3,12,categorization,0,bedroom,SHINEd_bedroom_032.tif,24,0.1,0.0666666666666667,0.797808948605558
224,4,12,categorization,0,livingroom,SHINEd_livingroom_052.tif,94,0.1,0.0666666666666667,0.990987472679463
224,5,12,categorization,0,bedroom,SHINEd_bedroom_089.tif,46,0.1,0.0666666666666667,1.99978596367738
224,6,12,categorization,0,livingroom,SHINEd_livingroom_039.tif,87,0.1,0.0666666666666667,1.0902191329244
224,7,12,categorization,0,bedroom,SHINEd_bedroom_045.tif,29,0.1,0.0666666666666667,1.23056761914668
224,8,12,categorization,0,livingroom,SHINEd_livingroom_032.tif,84,0.1,0.0666666666666667,1.60068246377467
224,9,12,categorization,0,livingroom,SHINEd_livingroom_010.tif,68,0.1,0.0666666666666667,1.81290614085669
224,10,12,categorization,0,bedroom,SHINEd_bedroom_114.tif,54,0.1,0.0666666666666667,1.08836106447204
224,11,12,categorization,0,bedroom,SHINEd_bedroom_098.tif,50,0.1,0.0666666666666667,1.40979919636518
224,12,12,categorization,0,livingroom,SHINEd_livingroom_059.tif,98,0.1,0.0666666666666667,0.763787145594044
224,13,12,categorization,0,livingroom,SHINEd_livingroom_054.tif,95,0.1,0.0666666666666667,0.913634393351746
224,14,12,categorization,0,bedroom,SHINEd_bedroom_020.tif,19,0.1,0.0666666666666667,1.79624370892745
224,15,12,categorization,0,bedroom,SHINEd_bedroom_119.tif,57,0.1,0.0666666666666667,1.3046121618128
224,16,12,categorization,0,bedroom,SHINEd_bedroom_093.tif,48,0.1,0.0666666666666667,0.722009039586282
224,17,12,categorization,0,livingroom,SHINEd_livingroom_089.tif,107,0.1,0.0666666666666667,1.49763283892513
224,18,12,categorization,0,livingroom,SHINEd_livingroom_012.tif,69,0.1,0.0666666666666667,0.931173224036932
224,19,12,categorization,0,livingroom,SHINEd_livingroom_008.tif,67,0.1,0.0666666666666667,1.17700802061766
224,20,12,categorization,0,livingroom,SHINEd_livingroom_090.tif,108,0.1,0.0666666666666667,1.59861878856493
224,21,12,categorization,0,livingroom,SHINEd_livingroom_024.tif,78,0.1,0.0666666666666667,1.68094683065352
224,22,12,categorization,0,bedroom,SHINEd_bedroom_008.tif,11,0.1,0.0666666666666667,1.13012133111948
224,23,12,categorization,0,livingroom,SHINEd_livingroom_023.tif,77,0.1,0.0666666666666667,1.73179377238591
224,24,12,categorization,0,livingroom,SHINEd_livingroom_005.tif,64,0.1,0.0666666666666667,1.55449565398259
224,25,12,categorization,0,bedroom,SHINEd_bedroom_036.tif,25,0.1,0.0666666666666667,1.36923176840554
224,26,12,categorization,0,bedroom,SHINEd_bedroom_125.tif,59,0.1,0.0666666666666667,1.22547172928858
224,27,12,categorization,0,bedroom,SHINEd_bedroom_029.tif,22,0.1,0.0666666666666667,1.24079117595032
224,28,12,categorization,0,livingroom,SHINEd_livingroom_019.tif,74,0.1,0.0666666666666667,0.980955925680169
224,29,12,categorization,0,bedroom,SHINEd_bedroom_016.tif,17,0.1,0.0666666666666667,1.4931060294649
224,30,12,categorization,0,livingroom,SHINEd_livingroom_092.tif,109,0.1,0.0666666666666667,1.26267520301393
224,31,12,categorization,0,bedroom,SHINEd_bedroom_056.tif,35,0.1,0.0666666666666667,0.844501947784745
224,32,12,categorization,0,bedroom,SHINEd_bedroom_010.tif,13,0.1,0.0666666666666667,1.77570042204226
224,33,12,categorization,0,bedroom,SHINEd_bedroom_116.tif,55,0.1,0.0666666666666667,0.706954026813039
224,34,12,categorization,0,livingroom,SHINEd_livingroom_073.tif,102,0.1,0.0666666666666667,1.60521424840521
224,35,12,categorization,0,bedroom,SHINEd_bedroom_011.tif,14,0.1,0.0666666666666667,1.87953986178866
224,36,12,categorization,0,bedroom,SHINEd_bedroom_097.tif,49,0.1,0.0666666666666667,1.03430625294024
224,37,12,categorization,0,livingroom,SHINEd_livingroom_006.tif,65,0.1,0.0666666666666667,1.69352855974692
224,38,12,categorization,0,bedroom,SHINEd_bedroom_085.tif,44,0.1,0.0666666666666667,0.923661434755975
224,39,12,categorization,0,bedroom,SHINEd_bedroom_067.tif,37,0.1,0.0666666666666667,1.78134549446128
224,40,12,categorization,0,livingroom,SHINEd_livingroom_072.tif,101,0.1,0.0666666666666667,1.00995635313319
224,41,12,categorization,0,livingroom,SHINEd_livingroom_037.tif,86,0.1,0.0666666666666667,0.867826202596376
224,42,12,categorization,0,livingroom,SHINEd_livingroom_028.tif,80,0.1,0.0666666666666667,1.20582956751112
224,43,12,categorization,0,bedroom,SHINEd_bedroom_042.tif,28,0.1,0.0666666666666667,1.62067606049956
224,44,12,categorization,0,livingroom,SHINEd_livingroom_055.tif,96,0.1,0.0666666666666667,1.10759012285952
224,45,12,categorization,0,livingroom,SHINEd_livingroom_057.tif,97,0.1,0.0666666666666667,1.00503052564021
224,46,12,categorization,0,bedroom,SHINEd_bedroom_041.tif,27,0.1,0.0666666666666667,1.80033781102857
224,47,12,categorization,0,bedroom,SHINEd_bedroom_080.tif,43,0.1,0.0666666666666667,0.824761409110371
224,48,12,categorization,0,livingroom,SHINEd_livingroom_014.tif,71,0.1,0.0666666666666667,0.73874546232112
224,49,12,categorization,0,livingroom,SHINEd_livingroom_001.tif,61,0.1,0.0666666666666667,1.15894675199432
224,50,12,categorization,0,livingroom,SHINEd_livingroom_049.tif,92,0.1,0.0666666666666667,0.936821038636044
224,1,13,categorization,0,livingroom,SHINEd_livingroom_072.tif,101,0.1,0.0666666666666667,0.86840833695236
224,2,13,categorization,0,bedroom,SHINEd_bedroom_042.tif,28,0.1,0.0666666666666667,0.806669984539291
224,3,13,categorization,0,livingroom,SHINEd_livingroom_088.tif,106,0.1,0.0666666666666667,1.28718622905019
224,4,13,categorization,0,bedroom,SHINEd_bedroom_097.tif,49,0.1,0.0666666666666667,1.02078603419037
224,5,13,categorization,0,bedroom,SHINEd_bedroom_080.tif,43,0.1,0.0666666666666667,1.55787650446549
224,6,13,categorization,0,bedroom,SHINEd_bedroom_020.tif,19,0.1,0.0666666666666667,0.964618634243247
224,7,13,categorization,0,bedroom,SHINEd_bedroom_045.tif,29,0.1,0.0666666666666667,1.55120136649355
224,8,13,categorization,0,livingroom,SHINEd_livingroom_016.tif,72,0.1,0.0666666666666667,1.31583842173677
224,9,13,categorization,0,bedroom,SHINEd_bedroom_098.tif,50,0.1,0.0666666666666667,1.36214969899603
224,10,13,categorization,0,bedroom,SHINEd_bedroom_009.tif,12,0.1,0.0666666666666667,1.21041087385436
224,11,13,categorization,0,livingroom,SHINEd_livingroom_087.tif,105,0.1,0.0666666666666667,0.71532568053318
224,12,13,categorization,0,bedroom,SHINEd_bedroom_010.tif,13,0.1,0.0666666666666667,1.01868702353914
224,13,13,categorization,0,livingroom,SHINEd_livingroom_083.tif,104,0.1,0.0666666666666667,0.783993509791171
224,14,13,categorization,0,livingroom,SHINEd_livingroom_62.tif,110,0.1,0.0666666666666667,1.54212822723578
224,15,13,categorization,0,livingroom,SHINEd_livingroom_036.tif,85,0.1,0.0666666666666667,1.64473129395365
224,16,13,categorization,0,livingroom,SHINEd_livingroom_029.tif,81,0.1,0.0666666666666667,0.736410579131808
224,17,13,categorization,0,livingroom,SHINEd_livingroom_089.tif,107,0.1,0.0666666666666667,1.54808515569517
224,18,13,categorization,0,livingroom,SHINEd_livingroom_090.tif,108,0.1,0.0666666666666667,1.70517501757621
224,19,13,categorization,0,bedroom,SHINEd_bedroom_089.tif,46,0.1,0.0666666666666667,1.57155343875091
224,20,13,categorization,0,livingroom,SHINEd_livingroom_031.tif,83,0.1,0.0666666666666667,1.46497863950974
224,21,13,categorization,0,livingroom,SHINEd_livingroom_049.tif,92,0.1,0.0666666666666667,0.76783033473811
224,22,13,categorization,0,livingroom,SHINEd_livingroom_022.tif,76,0.1,0.0666666666666667,1.67594147080664
224,23,13,categorization,0,bedroom,SHINEd_bedroom_030.tif,23,0.1,0.0666666666666667,1.77591588244746
224,24,13,categorization,0,livingroom,SHINEd_livingroom_013.tif,70,0.1,0.0666666666666667,1.53631795808737
224,25,13,categorization,0,bedroom,SHINEd_bedroom_047.tif,31,0.1,0.0666666666666667,1.19132427082386
224,26,13,categorization,0,livingroom,SHINEd_livingroom_048.tif,91,0.1,0.0666666666666667,1.39999716578943
224,27,13,categorization,0,livingroom,SHINEd_livingroom_054.tif,95,0.1,0.0666666666666667,0.845692058930284
224,28,13,categorization,0,bedroom,SHINEd_bedroom_036.tif,25,0.1,0.0666666666666667,0.747848743899537
224,29,13,categorization,0,livingroom,SHINEd_livingroom_020.tif,75,0.1,0.0666666666666667,0.929093194988341
224,30,13,categorization,0,livingroom,SHINEd_livingroom_073.tif,102,0.1,0.0666666666666667,0.97382276270413
224,31,13,categorization,0,bedroom,SHINEd_bedroom_016.tif,17,0.1,0.0666666666666667,0.824673212458382
224,32,13,categorization,0,bedroom,SHINEd_bedroom_018.tif,18,0.1,0.0666666666666667,0.923492502136836
224,33,13,categorization,0,livingroom,SHINEd_livingroom_012.tif,69,0.1,0.0666666666666667,1.74684818757618
224,34,13,categorization,0,livingroom,SHINEd_livingroom_019.tif,74,0.1,0.0666666666666667,1.00690850487856
224,35,13,categorization,0,bedroom,SHINEd_bedroom_025.tif,21,0.1,0.0666666666666667,1.15411994629578
224,36,13,categorization,0,livingroom,SHINEd_livingroom_006.tif,65,0.1,0.0666666666666667,1.31974134230591
224,37,13,categorization,0,bedroom,SHINEd_bedroom_106.tif,52,0.1,0.0666666666666667,1.394562732791
224,38,13,categorization,0,bedroom,SHINEd_bedroom_029.tif,22,0.1,0.0666666666666667,1.180523729653
224,39,13,categorization,0,bedroom,SHINEd_bedroom_032.tif,24,0.1,0.0666666666666667,1.13499328539653
224,40,13,categorization,0,livingroom,SHINEd_livingroom_008.tif,67,0.1,0.0666666666666667,0.984518983868506
224,41,13,categorization,0,bedroom,SHINEd_bedroom_011.tif,14,0.1,0.0666666666666667,1.41889836057802
224,42,13,categorization,0,bedroom,SHINEd_bedroom_086.tif,45,0.1,0.0666666666666667,1.69306490587294
224,43,13,categorization,0,bedroom,SHINEd_bedroom_068.tif,38,0.1,0.0666666666666667,0.871708065790529
224,44,13,categorization,0,livingroom,SHINEd_livingroom_039.tif,87,0.1,0.0666666666666667,1.33432409198232
224,45,13,categorization,0,livingroom,SHINEd_livingroom_018.tif,73,0.1,0.0666666666666667,1.93212313205806
224,46,13,categorization,0,bedroom,SHINEd_bedroom_126.tif,60,0.1,0.0666666666666667,0.835622842413288
224,47,13,categorization,0,livingroom,SHINEd_livingroom_060.tif,99,0.1,0.0666666666666667,1.16071708995634
224,48,13,categorization,0,livingroom,SHINEd_livingroom_092.tif,109,0.1,0.0666666666666667,1.20291149512022
224,49,13,categorization,0,livingroom,SHINEd_livingroom_037.tif,86,0.1,0.0666666666666667,1.52339591678509
224,50,13,categorization,0,livingroom,SHINEd_livingroom_004.tif,63,0.1,0.0666666666666667,0.937845578118335
224,1,14,categorization,0,bedroom,SHINEd_bedroom_012.tif,15,0.1,0.0666666666666667,1.15836579621563
224,2,14,categorization,0,bedroom,SHINEd_bedroom_093.tif,48,0.1,0.0666666666666667,0.772609244643232
224,3,14,categorization,0,bedroom,SHINEd_bedroom_052.tif,34,0.1,0.0666666666666667,1.19415834478809
224,4,14,categorization,0,livingroom,SHINEd_livingroom_014.tif,71,0.1,0.0666666666666667,1.16581911585885
224,5,14,categorization,0,livingroom,SHINEd_livingroom_050.tif,93,0.1,0.0666666666666667,0.89844070794913
224,6,14,categorization,0,livingroom,SHINEd_livingroom_028.tif,80,0.1,0.0666666666666667,1.7669797626475
224,7,14,categorization,0,livingroom,SHINEd_livingroom_007.tif,66,0.1,0.0666666666666667,1.09339653494956
224,8,14,categorization,0,livingroom,SHINEd_livingroom_010.tif,68,0.1,0.0666666666666667,1.40847665932901
224,9,14,categorization,0,livingroom,SHINEd_livingroom_081.tif,103,0.1,0.0666666666666667,0.75910005049531
224,10,14,categorization,0,bedroom,SHINEd_bedroom_099.tif,51,0.1,0.0666666666666667,0.849693943921256
224,11,14,categorization,0,livingroom,SHINEd_livingroom_046.tif,89,0.1,0.0666666666666667,1.41281815591747
224,12,14,categorization,0,bedroom,SHINEd_bedroom_079.tif,42,0.1,0.0666666666666667,1.31241092203432
224,13,14,categorization,0,bedroom,SHINEd_bedroom_023.tif,20,0.1,0.0666666666666667,1.89186217525494
224,14,14,categorization,0,bedroom,SHINEd_bedroom_069.tif,39,0.1,0.0666666666666667,0.989346096826912
224,15,14,categorization,0,livingroom,SHINEd_livingroom_032.tif,84,0.1,0.0666666666666667,1.01821960795216
224,16,14,categorization,0,livingroom,SHINEd_livingroom_043.tif,88,0.1,0.0666666666666667,0.724868569366489
224,17,14,categorization,0,livingroom,SHINEd_livingroom_023.tif,77,0.1,0.0666666666666667,1.87867920003692
224,18,14,categorization,0,bedroom,SHINEd_bedroom_048.tif,32,0.1,0.0666666666666667,1.39870526218553
224,19,14,categorization,0,bedroom,SHINEd_bedroom_120.tif,58,0.1,0.0666666666666667,0.719969925009011
224,20,14,categorization,0,bedroom,SHINEd_bedroom_075.tif,41,0.1,0.0666666666666667,1.61580037070263
224,21,14,categorization,0,bedroom,SHINEd_bedroom_118.tif,56,0.1,0.0666666666666667,1.17740568657785
224,22,14,categorization,0,bedroom,SHINEd_bedroom_014.tif,16,0.1,0.0666666666666667,1.21360787598895
224,23,14,categorization,0,bedroom,SHINEd_bedroom_056.tif,35,0.1,0.0666666666666667,0.975706986569258
224,24,14,categorization,0,bedroom,SHINEd_bedroom_090.tif,47,0.1,0.0666666666666667,1.29803219114495
224,25,14,categorization,0,livingroom,SHINEd_livingroom_025.tif,79,0.1,0.0666666666666667,1.58902670950253
224,26,14,categorization,0,bedroom,SHINEd_bedroom_112.tif,53,0.1,0.0666666666666667,1.52932025600899
224,27,14,categorization,0,livingroom,SHINEd_livingroom_030.tif,82,0.1,0.0666666666666667,1.21774966363789
224,28,14,categorization,0,bedroom,SHINEd_bedroom_116.tif,55,0.1,0.0666666666666667,1.9896107872109
224,29,14,categorization,0,livingroom,SHINEd_livingroom_052.tif,94,0.1,0.0666666666666667,0.975501159079563
224,30,14,categorization,0,livingroom,SHINEd_livingroom_005.tif,64,0.1,0.0666666666666667,1.11776146387715
224,31,14,categorization,0,livingroom,SHINEd_livingroom_068.tif,100,0.1,0.0666666666666667,1.17701118313398
224,32,14,categorization,0,livingroom,SHINEd_livingroom_001.tif,61,0.1,0.0666666666666667,1.11182593653181
224,33,14,categorization,0,bedroom,SHINEd_bedroom_085.tif,44,0.1,0.0666666666666667,1.58168044717409
224,34,14,categorization,0,livingroom,SHINEd_livingroom_057.tif,97,0.1,0.0666666666666667,1.43386993309879
224,35,14,categorization,0,bedroom,SHINEd_bedroom_008.tif,11,0.1,0.0666666666666667,0.750498967502524
224,36,14,categorization,0,bedroom,SHINEd_bedroom_119.tif,57,0.1,0.0666666666666667,1.81885272010559
224,37,14,categorization,0,bedroom,SHINEd_bedroom_074.tif,40,0.1,0.0666666666666667,0.993359032076118
224,38,14,categorization,0,bedroom,SHINEd_bedroom_039.tif,26,0.1,0.0666666666666667,1.55804492560085
224,39,14,categorization,0,livingroom,SHINEd_livingroom_059.tif,98,0.1,0.0666666666666667,0.738957730491294
224,40,14,categorization,0,livingroom,SHINEd_livingroom_024.tif,78,0.1,0.0666666666666667,1.60818937954154
224,41,14,categorization,0,bedroom,SHINEd_bedroom_114.tif,54,0.1,0.0666666666666667,1.30067849712409
224,42,14,categorization,0,bedroom,SHINEd_bedroom_125.tif,59,0.1,0.0666666666666667,0.700898873281401
224,43,14,categorization,0,bedroom,SHINEd_bedroom_067.tif,37,0.1,0.0666666666666667,1.63974717706171
224,44,14,categorization,0,livingroom,SHINEd_livingroom_055.tif,96,0.1,0.0666666666666667,0.749648190613115
224,45,14,categorization,0,livingroom,SHINEd_livingroom_003.tif,62,0.1,0.0666666666666667,1.23480191795978
224,46,14,categorization,0,livingroom,SHINEd_livingroom_047.tif,90,0.1,0.0666666666666667,0.958022536095101
224,47,14,categorization,0,bedroom,SHINEd_bedroom_062.tif,36,0.1,0.0666666666666667,1.98740725152423
224,48,14,categorization,0,bedroom,SHINEd_bedroom_046.tif,30,0.1,0.0666666666666667,1.3536949437401
224,49,14,categorization,0,bedroom,SHINEd_bedroom_051.tif,33,0.1,0.0666666666666667,0.750863888444483
224,50,14,categorization,0,bedroom,SHINEd_bedroom_041.tif,27,0.1,0.0666666666666667,1.943092281576
224,1,15,categorization,0,bedroom,SHINEd_bedroom_051.tif,33,0.1,0.0666666666666667,0.891157170179541
224,2,15,categorization,0,livingroom,SHINEd_livingroom_059.tif,98,0.1,0.0666666666666667,1.6686142688573
224,3,15,categorization,0,bedroom,SHINEd_bedroom_098.tif,50,0.1,0.0666666666666667,1.03451401531953
224,4,15,categorization,0,bedroom,SHINEd_bedroom_056.tif,35,0.1,0.0666666666666667,1.28389303131681
224,5,15,categorization,0,bedroom,SHINEd_bedroom_116.tif,55,0.1,0.0666666666666667,0.954256188665858
224,6,15,categorization,0,bedroom,SHINEd_bedroom_016.tif,17,0.1,0.0666666666666667,1.08710515923263
224,7,15,categorization,0,livingroom,SHINEd_livingroom_048.tif,91,0.1,0.0666666666666667,0.784309833997148
224,8,15,categorization,0,livingroom,SHINEd_livingroom_005.tif,64,0.1,0.0666666666666667,0.748155534817201
224,9,15,categorization,0,livingroom,SHINEd_livingroom_060.tif,99,0.1,0.0666666666666667,1.8155398177143
224,10,15,categorization,0,bedroom,SHINEd_bedroom_047.tif,31,0.1,0.0666666666666667,1.12228005538175
224,11,15,categorization,0,livingroom,SHINEd_livingroom_037.tif,86,0.1,0.0666666666666667,1.85156423322119
224,12,15,categorization,0,livingroom,SHINEd_livingroom_014.tif,71,0.1,0.0666666666666667,0.779067553230624
224,13,15,categorization,0,bedroom,SHINEd_bedroom_042.tif,28,0.1,0.0666666666666667,1.89899783367101
224,14,15,categorization,0,livingroom,SHINEd_livingroom_001.tif,61,0.1,0.0666666666666667,1.0319461585414
224,15,15,categorization,0,bedroom,SHINEd_bedroom_039.tif,26,0.1,0.0666666666666667,1.11642893868236
224,16,15,categorization,0,bedroom,SHINEd_bedroom_126.tif,60,0.1,0.0666666666666667,0.78330192921847
224,17,15,categorization,0,bedroom,SHINEd_bedroom_075.tif,41,0.1,0.0666666666666667,1.43266157634243
224,18,15,categorization,0,livingroom,SHINEd_livingroom_039.tif,87,0.1,0.0666666666666667,1.46922512564783
224,19,15,categorization,0,bedroom,SHINEd_bedroom_011.tif,14,0.1,0.0666666666666667,0.722446159753151
224,20,15,categorization,0,livingroom,SHINEd_livingroom_019.tif,74,0.1,0.0666666666666667,1.02751165478516
224,21,15,categorization,0,bedroom,SHINEd_bedroom_023.tif,20,0.1,0.0666666666666667,1.76132345830027
224,22,15,categorization,0,livingroom,SHINEd_livingroom_050.tif,93,0.1,0.0666666666666667,1.29571306905889
224,23,15,categorization,0,bedroom,SHINEd_bedroom_029.tif,22,0.1,0.0666666666666667,1.75824572278357
224,24,15,categorization,0,livingroom,SHINEd_livingroom_073.tif,102,0.1,0.0666666666666667,1.72081007014609
224,25,15,categorization,0,livingroom,SHINEd_livingroom_054.tif,95,0.1,0.0666666666666667,1.28503645964355
224,26,15,categorization,0,bedroom,SHINEd_bedroom_079.tif,42,0.1,0.0666666666666667,1.54788810091296
224,27,15,categorization,0,bedroom,SHINEd_bedroom_119.tif,57,0.1,0.0666666666666667,1.84298801580083
224,28,15,categorization,0,bedroom,SHINEd_bedroom_090.tif,47,0.1,0.0666666666666667,1.16415558146957
224,29,15,categorization,0,bedroom,SHINEd_bedroom_118.tif,56,0.1,0.0666666666666667,1.99696272239704
224,30,15,categorization,0,bedroom,SHINEd_bedroom_080.tif,43,0.1,0.0666666666666667,0.751990304573503
224,31,15,categorization,0,bedroom,SHINEd_bedroom_069.tif,39,0.1,0.0666666666666667,1.29825025402871
224,32,15,categorization,0,bedroom,SHINEd_bedroom_106.tif,52,0.1,0.0666666666666667,0.926646102645751
224,33,15,categorization,0,livingroom,SHINEd_livingroom_010.tif,68,0.1,0.0666666666666667,1.22279096441324
224,34,15,categorization,0,livingroom,SHINEd_livingroom_072.tif,101,0.1,0.0666666666666667,0.713846005871722
224,35,15,categorization,0,livingroom,SHINEd_livingroom_092.tif,109,0.1,0.0666666666666667,0.702242715338076
224,36,15,categorization,0,livingroom,SHINEd_livingroom_016.tif,72,0.1,0.0666666666666667,1.63231181426811
224,37,15,categorization,0,livingroom,SHINEd_livingroom_007.tif,66,0.1,0.0666666666666667,0.942561266179835
224,38,15,categorization,0,bedroom,SHINEd_bedroom_014.tif,16,0.1,0.0666666666666667,0.858409659479489
224,39,15,categorization,0,livingroom,SHINEd_livingroom_62.tif,110,0.1,0.0666666666666667,1.9266385532669
224,40,15,categorization,0,livingroom,SHINEd_livingroom_022.tif,76,0.1,0.0666666666666667,0.798370613542815
224,41,15,categorization,0,livingroom,SHINEd_livingroom_081.tif,103,0.1,0.0666666666666667,1.02971358950396
224,42,15,categorization,0,bedroom,SHINEd_bedroom_125.tif,59,0.1,0.0666666666666667,1.27236603768762
224,43,15,categorization,0,bedroom,SHINEd_bedroom_030.tif,23,0.1,0.0666666666666667,1.22640802172464
224,44,15,categorization,0,livingroom,SHINEd_livingroom_052.tif,94,0.1,0.0666666666666667,0.890167813577913
224,45,15,categorization,0,bedroom,SHINEd_bedroom_112.tif,53,0.1,0.0666666666666667,0.782931896272536
224,46,15,categorization,0,livingroom,SHINEd_livingroom_020.tif,75,0.1,0.0666666666666667,1.86361899790282
224,47,15,categorization,0,livingroom,SHINEd_livingroom_004.tif,63,0.1,0.0666666666666667,0.958513730172306
224,48,15,categorization,0,bedroom,SHINEd_bedroom_068.tif,38,0.1,0.0666666666666667,0.719849859753642
224,49,15,categorization,0,bedroom,SHINEd_bedroom_062.tif,36,0.1,0.0666666666666667,1.32853521471632
224,50,15,categorization,0,livingroom,SHINEd_livingroom_023.tif,77,0.1,0.0666666666666667,0.831280694208491
224,1,16,categorization,0,livingroom,SHINEd_livingroom_003.tif,62,0.1,0.0666666666666667,0.980633671830517
224,2,16,categorization,0,bedroom,SHINEd_bedroom_074.tif,40,0.1,0.0666666666666667,0.705836700002597
224,3,16,categorization,0,bedroom,SHINEd_bedroom_009.tif,12,0.1,0.0666666666666667,1.20579705513126
224,4,16,categorization,0,bedroom,SHINEd_bedroom_045.tif,29,0.1,0.0666666666666667,1.26584534404228
224,5,16,categorization,0,bedroom,SHINEd_bedroom_036.tif,25,0.1,0.0666666666666667,1.11714715632374
224,6,16,categorization,0,bedroom,SHINEd_bedroom_085.tif,44,0.1,0.0666666666666667,1.86012035775699
224,7,16,categorization,0,livingroom,SHINEd_livingroom_083.tif,104,0.1,0.0666666666666667,1.9518586940616
224,8,16,categorization,0,livingroom,SHINEd_livingroom_057.tif,97,0.1,0.0666666666666667,1.59871774447408
224,9,16,categorization,0,livingroom,SHINEd_livingroom_025.tif,79,0.1,0.0666666666666667,0.970395861689602
224,10,16,categorization,0,bedroom,SHINEd_bedroom_089.tif,46,0.1,0.0666666666666667,1.74996461785372
224,11,16,categorization,0,bedroom,SHINEd_bedroom_086.tif,45,0.1,0.0666666666666667,1.62889901754242
224,12,16,categorization,0,livingroom,SHINEd_livingroom_089.tif,107,0.1,0.0666666666666667,0.772100291480249
224,13,16,categorization,0,livingroom,SHINEd_livingroom_055.tif,96,0.1,0.0666666666666667,1.56145620578659
224,14,16,categorization,0,livingroom,SHINEd_livingroom_049.tif,92,0.1,0.0666666666666667,1.79176227238891
224,15,16,categorization,0,livingroom,SHINEd_livingroom_068.tif,100,0.1,0.0666666666666667,1.83200036141355
224,16,16,categorization,0,livingroom,SHINEd_livingroom_090.tif,108,0.1,0.0666666666666667,1.25338519482841
224,17,16,categorization,0,livingroom,SHINEd_livingroom_012.tif,69,0.1,0.0666666666666667,0.809864318793898
224,18,16,categorization,0,livingroom,SHINEd_livingroom_047.tif,90,0.1,0.0666666666666667,0.842518657684894
224,19,16,categorization,0,bedroom,SHINEd_bedroom_048.tif,32,0.1,0.0666666666666667,1.34765101773
224,20,16,categorization,0,livingroom,SHINEd_livingroom_046.tif,89,0.1,0.0666666666666667,0.796347520336279
224,21,16,categorization,0,livingroom,SHINEd_livingroom_029.tif,81,0.1,0.0666666666666667,1.25559605798843
224,22,16,categorization,0,livingroom,SHINEd_livingroom_024.tif,78,0.1,0.0666666666666667,1.36106197464246
224,23,16,categorization,0,bedroom,SHINEd_bedroom_046.tif,30,0.1,0.0666666666666667,0.902700556649459
224,24,16,categorization,0,livingroom,SHINEd_livingroom_088.tif,106,0.1,0.0666666666666667,0.729787443035972
224,25,16,categorization,0,livingroom,SHINEd_livingroom_036.tif,85,0.1,0.0666666666666667,1.23680465909885
224,26,16,categorization,0,bedroom,SHINEd_bedroom_114.tif,54,0.1,0.0666666666666667,0.888817150769457
224,27,16,categorization,0,livingroom,SHINEd_livingroom_031.tif,83,0.1,0.0666666666666667,1.57866059227529
224,28,16,categorization,0,livingroom,SHINEd_livingroom_087.tif,105,0.1,0.0666666666666667,1.37302558161561
224,29,16,categorization,0,livingroom,SHINEd_livingroom_043.tif,88,0.1,0.0666666666666667,1.10599696053469
224,30,16,categorization,0,livingroom,SHINEd_livingroom_008.tif,67,0.1,0.0666666666666667,0.843848365931416
224,31,16,categorization,0,bedroom,SHINEd_bedroom_025.tif,21,0.1,0.0666666666666667,0.847016454920507
224,32,16,categorization,0,livingroom,SHINEd_livingroom_032.tif,84,0.1,0.0666666666666667,0.990013424341247
224,33,16,categorization,0,livingroom,SHINEd_livingroom_030.tif,82,0.1,0.0666666666666667,1.1976470355259
224,34,16,categorization,0,livingroom,SHINEd_livingroom_028.tif,80,0.1,0.0666666666666667,1.74755256907195
224,35,16,categorization,0,bedroom,SHINEd_bedroom_097.tif,49,0.1,0.0666666666666667,1.86983975306734
224,36,16,categorization,0,bedroom,SHINEd_bedroom_012.tif,15,0.1,0.0666666666666667,1.50375554010178
224,37,16,categorization,0,bedroom,SHINEd_bedroom_099.tif,51,0.1,0.0666666666666667,0.886273946977056
224,38,16,categorization,0,livingroom,SHINEd_livingroom_013.tif,70,0.1,0.0666666666666667,1.24286034290434
224,39,16,categorization,0,livingroom,SHINEd_livingroom_018.tif,73,0.1,0.0666666666666667,1.58833275902175
224,40,16,categorization,0,bedroom,SHINEd_bedroom_067.tif,37,0.1,0.0666666666666667,0.898312897908047
224,41,16,categorization,0,bedroom,SHINEd_bedroom_093.tif,48,0.1,0.0666666666666667,0.765417773476935
224,42,16,categorization,0,bedroom,SHINEd_bedroom_010.tif,13,0.1,0.0666666666666667,1.02360107332269
224,43,16,categorization,0,bedroom,SHINEd_bedroom_052.tif,34,0.1,0.0666666666666667,0.943629742037571
224,44,16,categorization,0,bedroom,SHINEd_bedroom_018.tif,18,0.1,0.0666666666666667,1.52182525453157
224,45,16,categorization,0,livingroom,SHINEd_livingroom_006.tif,65,0.1,0.0666666666666667,0.922291994972537
224,46,16,categorization,0,bedroom,SHINEd_bedroom_020.tif,19,0.1,0.0666666666666667,1.0038396835892
224,47,16,categorization,0,bedroom,SHINEd_bedroom_120.tif,58,0.1,0.0666666666666667,1.10760765141353
224,48,16,categorization,0,bedroom,SHINEd_bedroom_041.tif,27,0.1,0.0666666666666667,1.36732242028137
224,49,16,categorization,0,bedroom,SHINEd_bedroom_032.tif,24,0.1,0.0666666666666667,0.998881839229279
224,50,16,categorization,0,bedroom,SHINEd_bedroom_008.tif,11,0.1,0.0666666666666667,0.876212983040574
224,1,17,categorization,0,bedroom,SHINEd_bedroom_069.tif,39,0.1,0.0666666666666667,0.875758401813333
224,2,17,categorization,0,livingroom,SHINEd_livingroom_031.tif,83,0.1,0.0666666666666667,0.823217575453335
224,3,17,categorization,0,livingroom,SHINEd_livingroom_62.tif,110,0.1,0.0666666666666667,1.98535215322712
224,4,17,categorization,0,livingroom,SHINEd_livingroom_016.tif,72,0.1,0.0666666666666667,0.818952132867422
224,5,17,categorization,0,bedroom,SHINEd_bedroom_085.tif,44,0.1,0.0666666666666667,1.73286876789218
224,6,17,categorization,0,livingroom,SHINEd_livingroom_052.tif,94,0.1,0.0666666666666667,0.822339129729458
224,7,17,categorization,0,bedroom,SHINEd_bedroom_052.tif,34,0.1,0.0666666666666667,1.45814951787919
224,8,17,categorization,0,livingroom,SHINEd_livingroom_089.tif,107,0.1,0.0666666666666667,0.986148726142322
224,9,17,categorization,0,livingroom,SHINEd_livingroom_072.tif,101,0.1,0.0666666666666667,1.36157188732878
224,10,17,categorization,0,livingroom,SHINEd_livingroom_012.tif,69,0.1,0.0666666666666667,0.72970506224177
224,11,17,categorization,0,bedroom,SHINEd_bedroom_008.tif,11,0.1,0.0666666666666667,1.34955103896894
224,12,17,categorization,0,bedroom,SHINEd_bedroom_098.tif,50,0.1,0.0666666666666667,1.8520349111832
224,13,17,categorization,0,bedroom,SHINEd_bedroom_125.tif,59,0.1,0.0666666666666667,0.956312181075941
224,14,17,categorization,0,livingroom,SHINEd_livingroom_047.tif,90,0.1,0.0666666666666667,1.13557557068801
224,15,17,categorization,0,livingroom,SHINEd_livingroom_046.tif,89,0.1,0.0666666666666667,1.30748838901538
224,16,17,categorization,0,bedroom,SHINEd_bedroom_036.tif,25,0.1,0.0666666666666667,1.3443928608093
224,17,17,categorization,0,livingroom,SHINEd_livingroom_007.tif,66,0.1,0.0666666666666667,1.50401406288472
224,18,17,categorization,0,bedroom,SHINEd_bedroom_093.tif,48,0.1,0.0666666666666667,1.15915760122906
224,19,17,categorization,0,bedroom,SHINEd_bedroom_051.tif,33,0.1,0.0666666666666667,0.709853542996399
224,20,17,categorization,0,livingroom,SHINEd_livingroom_030.tif,82,0.1,0.0666666666666667,1.45941315041706
224,21,17,categorization,0,bedroom,SHINEd_bedroom_067.tif,37,0.1,0.0666666666666667,1.19121611843542
224,22,17,categorization,0,bedroom,SHINEd_bedroom_099.tif,51,0.1,0.0666666666666667,1.41344314594213
224,23,17,categorization,0,bedroom,SHINEd_bedroom_075.tif,41,0.1,0.0666666666666667,1.00226594959434
224,24,17,categorization,0,livingroom,SHINEd_livingroom_032.tif,84,0.1,0.0666666666666667,0.804458276307602
224,25,17,categorization,0,livingroom,SHINEd_livingroom_001.tif,61,0.1,0.0666666666666667,1.40107959502587
224,26,17,categorization,0,livingroom,SHINEd_livingroom_022.tif,76,0.1,0.0666666666666667,1.35713340303856
224,27,17,categorization,0,livingroom,SHINEd_livingroom_068.tif,100,0.1,0.0666666666666667,1.9973537411911
224,28,17,categorization,0,livingroom,SHINEd_livingroom_003.tif,62,0.1,0.0666666666666667,0.859443380200378
224,29,17,categorization,0,bedroom,SHINEd_bedroom_047.tif,31,0.1,0.0666666666666667,0.753970809379656
224,30,17,categorization,0,bedroom,SHINEd_bedroom_090.tif,47,0.1,0.0666666666666667,1.43788734162958
224,31,17,categorization,0,livingroom,SHINEd_livingroom_073.tif,102,0.1,0.0666666666666667,1.08022861218746
224,32,17,categorization,0,livingroom,SHINEd_livingroom_025.tif,79,0.1,0.0666666666666667,1.0778714872807
224,33,17,categorization,0,bedroom,SHINEd_bedroom_039.tif,26,0.1,0.0666666666666667,1.15380904677395
224,34,17,categorization,0,bedroom,SHINEd_bedroom_080.tif,43,0.1,0.0666666666666667,1.44883652876971
224,35,17,categorization,0,livingroom,SHINEd_livingroom_057.tif,97,0.1,0.0666666666666667,1.10055770372967
224,36,17,categorization,0,livingroom,SHINEd_livingroom_055.tif,96,0.1,0.0666666666666667,1.69776429553826
224,37,17,categorization,0,bedroom,SHINEd_bedroom_048.tif,32,0.1,0.0666666666666667,1.4958297299166
224,38,17,categorization,0,bedroom,SHINEd_bedroom_018.tif,18,0.1,0.0666666666666667,1.78870884713438
224,39,17,categorization,0,bedroom,SHINEd_bedroom_032.tif,24,0.1,0.0666666666666667,1.5518541503063
224,40,17,categorization,0,livingroom,SHINEd_livingroom_028.tif,80,0.1,0.0666666666666667,0.890783476771792
224,41,17,categorization,0,livingroom,SHINEd_livingroom_060.tif,99,0.1,0.0666666666666667,0.908207666151079
224,42,17,categorization,0,livingroom,SHINEd_livingroom_020.tif,75,0.1,0.0666666666666667,1.22949114807152
224,43,17,categorization,0,livingroom,SHINEd_livingroom_090.tif,108,0.1,0.0666666666666667,0.73060154049822
224,44,17,categorization,0,livingroom,SHINEd_livingroom_018.tif,73,0.1,0.0666666666666667,1.32704392597449
224,45,17,categorization,0,bedroom,SHINEd_bedroom_126.tif,60,0.1,0.0666666666666667,1.05693940376469
224,46,17,categorization,0,bedroom,SHINEd_bedroom_112.tif,53,0.1,0.0666666666666667,1.27918997838779
224,47,17,categorization,0,livingroom,SHINEd_livingroom_019.tif,74,0.1,0.0666666666666667,1.75749411444727
224,48,17,categorization,0,bedroom,SHINEd_bedroom_056.tif,35,0.1,0.0666666666666667,0.859400077354982
224,49,17,categorization,0,bedroom,SHINEd_bedroom_041.tif,27,0.1,0.0666666666666667,1.96226511823917
224,50,17,categorization,0,livingroom,SHINEd_livingroom_010.tif,68,0.1,0.0666666666666667,1.62709713320428
224,1,18,categorization,0,bedroom,SHINEd_bedroom_062.tif,36,0.1,0.0666666666666667,0.915197307869463
224,2,18,categorization,0,livingroom,SHINEd_livingroom_088.tif,106,0.1,0.0666666666666667,1.3658758832099
224,3,18,categorization,0,bedroom,SHINEd_bedroom_086.tif,45,0.1,0.0666666666666667,1.40264056826508
224,4,18,categorization,0,livingroom,SHINEd_livingroom_048.tif,91,0.1,0.0666666666666667,0.878293178886201
224,5,18,categorization,0,bedroom,SHINEd_bedroom_114.tif,54,0.1,0.0666666666666667,1.53335055793248
224,6,18,categorization,0,bedroom,SHINEd_bedroom_079.tif,42,0.1,0.0666666666666667,1.06018385018065
224,7,18,categorization,0,bedroom,SHINEd_bedroom_010.tif,13,0.1,0.0666666666666667,0.891257972073514
224,8,18,categorization,0,livingroom,SHINEd_livingroom_050.tif,93,0.1,0.0666666666666667,1.24309412365124
224,9,18,categorization,0,bedroom,SHINEd_bedroom_012.tif,15,0.1,0.0666666666666667,1.21116696616979
224,10,18,categorization,0,bedroom,SHINEd_bedroom_118.tif,56,0.1,0.0666666666666667,1.17811427934064
224,11,18,categorization,0,livingroom,SHINEd_livingroom_083.tif,104,0.1,0.0666666666666667,0.929252856840305
224,12,18,categorization,0,bedroom,SHINEd_bedroom_029.tif,22,0.1,0.0666666666666667,1.87454751456857
224,13,18,categorization,0,bedroom,SHINEd_bedroom_023.tif,20,0.1,0.0666666666666667,0.994866207561543
224,14,18,categorization,0,livingroom,SHINEd_livingroom_036.tif,85,0.1,0.0666666666666667,1.58123805864724
224,15,18,categorization,0,livingroom,SHINEd_livingroom_049.tif,92,0.1,0.0666666666666667,1.27395272608853
224,16,18,categorization,0,bedroom,SHINEd_bedroom_014.tif,16,0.1,0.0666666666666667,1.19457095261048
224,17,18,categorization,0,bedroom,SHINEd_bedroom_011.tif,14,0.1,0.0666666666666667,1.08826148293583
224,18,18,categorization,0,bedroom,SHINEd_bedroom_119.tif,57,0.1,0.0666666666666667,0.748494208231526
224,19,18,categorization,0,bedroom,SHINEd_bedroom_116.tif,55,0.1,0.0666666666666667,0.9115470625541
224,20,18,categorization,0,bedroom,SHINEd_bedroom_097.tif,49,0.1,0.0666666666666667,1.37944087782287
224,21,18,categorization,0,livingroom,SHINEd_livingroom_013.tif,70,0.1,0.0666666666666667,1.09758331061698
224,22,18,categorization,0,bedroom,SHINEd_bedroom_016.tif,17,0.1,0.0666666666666667,1.7990220083907
224,23,18,categorization,0,livingroom,SHINEd_livingroom_043.tif,88,0.1,0.0666666666666667,1.73504967167858
224,24,18,categorization,0,livingroom,SHINEd_livingroom_024.tif,78,0.1,0.0666666666666667,1.44294295874208
224,25,18,categorization,0,livingroom,SHINEd_livingroom_054.tif,95,0.1,0.0666666666666667,1.04833956665102
224,26,18,categorization,0,bedroom,SHINEd_bedroom_030.tif,23,0.1,0.0666666666666667,1.77544644948904
224,27,18,categorization,0,livingroom,SHINEd_livingroom_037.tif,86,0.1,0.0666666666666667,0.817413650255807
224,28,18,categorization,0,bedroom,SHINEd_bedroom_120.tif,58,0.1,0.0666666666666667,0.740925160266724
224,29,18,categorization,0,bedroom,SHINEd_bedroom_106.tif,52,0.1,0.0666666666666667,0.72175120593094
224,30,18,categorization,0,bedroom,SHINEd_bedroom_045.tif,29,0.1,0.0666666666666667,0.938292385674665
224,31,18,categorization,0,bedroom,SHINEd_bedroom_020.tif,19,0.1,0.0666666666666667,1.27109203641183
224,32,18,categorization,0,bedroom,SHINEd_bedroom_074.tif,40,0.1,0.0666666666666667,0.861800592160784
224,33,18,categorization,0,livingroom,SHINEd_livingroom_006.tif,65,0.1,0.0666666666666667,1.58781149908683
224,34,18,categorization,0,livingroom,SHINEd_livingroom_087.tif,105,0.1,0.0666666666666667,1.34090066269156
224,35,18,categorization,0,livingroom,SHINEd_livingroom_081.tif,103,0.1,0.0666666666666667,1.16735049442976
224,36,18,categorization,0,livingroom,SHINEd_livingroom_023.tif,77,0.1,0.0666666666666667,1.12201172816548
224,37,18,categorization,0,bedroom,SHINEd_bedroom_009.tif,12,0.1,0.0666666666666667,0.716866690110399
224,38,18,categorization,0,livingroom,SHINEd_livingroom_005.tif,64,0.1,0.0666666666666667,1.27510286151788
224,39,18,categorization,0,bedroom,SHINEd_bedroom_025.tif,21,0.1,0.0666666666666667,1.92443346257166
224,40,18,categorization,0,livingroom,SHINEd_livingroom_039.tif,87,0.1,0.0666666666666667,1.43002709312358
224,41,18,categorization,0,livingroom,SHINEd_livingroom_059.tif,98,0.1,0.0666666666666667,1.30254364313067
224,42,18,categorization,0,livingroom,SHINEd_livingroom_014.tif,71,0.1,0.0666666666666667,0.966916178747383
224,43,18,categorization,0,livingroom,SHINEd_livingroom_008.tif,67,0.1,0.0666666666666667,1.5022120579251
224,44,18,categorization,0,bedroom,SHINEd_bedroom_042.tif,28,0.1,0.0666666666666667,1.42755014518007
224,45,18,categorization,0,livingroom,SHINEd_livingroom_029.tif,81,0.1,0.0666666666666667,1.02060087534015
224,46,18,categorization,0,bedroom,SHINEd_bedroom_089.tif,46,0.1,0.0666666666666667,1.40982304805125
224,47,18,categorization,0,livingroom,SHINEd_livingroom_004.tif,63,0.1,0.0666666666666667,0.933645539735605
224,48,18,categorization,0,livingroom,SHINEd_livingroom_092.tif,109,0.1,0.0666666666666667,0.732084059428405
224,49,18,categorization,0,bedroom,SHINEd_bedroom_046.tif,30,0.1,0.0666666666666667,1.33515680809817
224,50,18,categorization,0,bedroom,SHINEd_bedroom_068.tif,38,0.1,0.0666666666666667,1.98460061594753
224,1,19,categorization,0,livingroom,SHINEd_livingroom_005.tif,64,0.1,0.0666666666666667,0.907182250204449
224,2,19,categorization,0,livingroom,SHINEd_livingroom_020.tif,75,0.1,0.0666666666666667,1.04917429128643
224,3,19,categorization,0,bedroom,SHINEd_bedroom_099.tif,51,0.1,0.0666666666666667,1.02299551203281
224,4,19,categorization,0,livingroom,SHINEd_livingroom_62.tif,110,0.1,0.0666666666666667,1.22294462458958
224,5,19,categorization,0,bedroom,SHINEd_bedroom_016.tif,17,0.1,0.0666666666666667,1.1420542752616
224,6,19,categorization,0,livingroom,SHINEd_livingroom_025.tif,79,0.1,0.0666666666666667,1.34513289943659
224,7,19,categorization,0,livingroom,SHINEd_livingroom_090.tif,108,0.1,0.0666666666666667,1.75866766028216
224,8,19,categorization,0,livingroom,SHINEd_livingroom_031.tif,83,0.1,0.0666666666666667,1.91784610520032
224,9,19,categorization,0,bedroom,SHINEd_bedroom_008.tif,11,0.1,0.0666666666666667,1.5033428233104
224,10,19,categorization,0,bedroom,SHINEd_bedroom_112.tif,53,0.1,0.0666666666666667,1.11463698385477
224,11,19,categorization,0,bedroom,SHINEd_bedroom_023.tif,20,0.1,0.0666666666666667,1.00686152060488
224,12,19,categorization,0,livingroom,SHINEd_livingroom_001.tif,61,0.1,0.0666666666666667,0.878708051454374
224,13,19,categorization,0,livingroom,SHINEd_livingroom_083.tif,104,0.1,0.0666666666666667,1.50084896673399
224,14,19,categorization,0,bedroom,SHINEd_bedroom_020.tif,19,0.1,0.0666666666666667,1.6668523061858
224,15,19,categorization,0,livingroom,SHINEd_livingroom_043.tif,88,0.1,0.0666666666666667,1.26632237792637
224,16,19,categorization,0,livingroom,SHINEd_livingroom_068.tif,100,0.1,0.0666666666666667,0.704774784607095
224,17,19,categorization,0,bedroom,SHINEd_bedroom_056.tif,35,0.1,0.0666666666666667,0.723690322298786
224,18,19,categorization,0,livingroom,SHINEd_livingroom_008.tif,67,0.1,0.0666666666666667,1.47898833185236
224,19,19,categorization,0,livingroom,SHINEd_livingroom_049.tif,92,0.1,0.0666666666666667,1.44589397121401
224,20,19,categorization,0,bedroom,SHINEd_bedroom_116.tif,55,0.1,0.0666666666666667,1.0433886391417
224,21,19,categorization,0,livingroom,SHINEd_livingroom_060.tif,99,0.1,0.0666666666666667,1.21942752456452
224,22,19,categorization,0,bedroom,SHINEd_bedroom_097.tif,49,0.1,0.0666666666666667,1.1858670524976
224,23,19,categorization,0,bedroom,SHINEd_bedroom_106.tif,52,0.1,0.0666666666666667,0.975929613430728
224,24,19,categorization,0,livingroom,SHINEd_livingroom_006.tif,65,0.1,0.0666666666666667,1.90047644038583
224,25,19,categorization,0,livingroom,SHINEd_livingroom_059.tif,98,0.1,0.0666666666666667,0.809485201649085
224,26,19,categorization,0,bedroom,SHINEd_bedroom_080.tif,43,0.1,0.0666666666666667,0.808795396604564
224,27,19,categorization,0,bedroom,SHINEd_bedroom_029.tif,22,0.1,0.0666666666666667,0.920817331652823
224,28,19,categorization,0,bedroom,SHINEd_bedroom_010.tif,13,0.1,0.0666666666666667,1.01619780139754
224,29,19,categorization,0,bedroom,SHINEd_bedroom_125.tif,59,0.1,0.0666666666666667,1.44754966731748
224,30,19,categorization,0,livingroom,SHINEd_livingroom_089.tif,107,0.1,0.0666666666666667,0.962732430913475
224,31,19,categorization,0,livingroom,SHINEd_livingroom_023.tif,77,0.1,0.0666666666666667,0.801093833917419
224,32,19,categorization,0,bedroom,SHINEd_bedroom_052.tif,34,0.1,0.0666666666666667,1.64976451821791
224,33,19,categorization,0,livingroom,SHINEd_livingroom_072.tif,101,0.1,0.0666666666666667,1.14539336666901
224,34,19,categorization,0,livingroom,SHINEd_livingroom_018.tif,73,0.1,0.0666666666666667,1.57605142167463
224,35,19,categorization,0,bedroom,SHINEd_bedroom_039.tif,26,0.1,0.0666666666666667,0.849750505092848
224,36,19,categorization,0,livingroom,SHINEd_livingroom_081.tif,103,0.1,0.0666666666666667,1.19446072310859
224,37,19,categorization,0,bedroom,SHINEd_bedroom_079.tif,42,0.1,0.0666666666666667,0.922163027511354
224,38,19,categorization,0,livingroom,SHINEd_livingroom_019.tif,74,0.1,0.0666666666666667,1.52325008184875
224,39,19,categorization,0,bedroom,SHINEd_bedroom_068.tif,38,0.1,0.0666666666666667,1.2721647282925
224,40,19,categorization,0,livingroom,SHINEd_livingroom_057.tif,97,0.1,0.0666666666666667,1.57141671980612
224,41,19,categorization,0,livingroom,SHINEd_livingroom_037.tif,86,0.1,0.0666666666666667,1.92539691426654
224,42,19,categorization,0,bedroom,SHINEd_bedroom_098.tif,50,0.1,0.0666666666666667,1.43754280340921
224,43,19,categorization,0,livingroom,SHINEd_livingroom_028.tif,80,0.1,0.0666666666666667,0.84517995287637
224,44,19,categorization,0,livingroom,SHINEd_livingroom_004.tif,63,0.1,0.0666666666666667,1.19495529168748
224,45,19,categorization,0,bedroom,SHINEd_bedroom_018.tif,18,0.1,0.0666666666666667,0.70248885631805
224,46,19,categorization,0,bedroom,SHINEd_bedroom_069.tif,39,0.1,0.0666666666666667,1.04290819960027
224,47,19,categorization,0,livingroom,SHINEd_livingroom_092.tif,109,0.1,0.0666666666666667,0.96845870609417
224,48,19,categorization,0,bedroom,SHINEd_bedroom_114.tif,54,0.1,0.0666666666666667,0.717809081715049
224,49,19,categorization,0,bedroom,SHINEd_bedroom_047.tif,31,0.1,0.0666666666666667,1.70212255545644
224,50,19,categorization,0,bedroom,SHINEd_bedroom_025.tif,21,0.1,0.0666666666666667,0.926187344256341
224,1,20,categorization,0,livingroom,SHINEd_livingroom_032.tif,84,0.1,0.0666666666666667,1.01077593937079
224,2,20,categorization,0,livingroom,SHINEd_livingroom_087.tif,105,0.1,0.0666666666666667,0.942757357138926
224,3,20,categorization,0,livingroom,SHINEd_livingroom_010.tif,68,0.1,0.0666666666666667,1.31044552317789
224,4,20,categorization,0,livingroom,SHINEd_livingroom_039.tif,87,0.1,0.0666666666666667,1.10237888287388
224,5,20,categorization,0,bedroom,SHINEd_bedroom_062.tif,36,0.1,0.0666666666666667,1.57337720281445
224,6,20,categorization,0,bedroom,SHINEd_bedroom_120.tif,58,0.1,0.0666666666666667,1.90536780152058
224,7,20,categorization,0,bedroom,SHINEd_bedroom_032.tif,24,0.1,0.0666666666666667,1.18004473211234
224,8,20,categorization,0,bedroom,SHINEd_bedroom_048.tif,32,0.1,0.0666666666666667,0.753208889490886
224,9,20,categorization,0,bedroom,SHINEd_bedroom_089.tif,46,0.1,0.0666666666666667,1.12588292780601
224,10,20,categorization,0,livingroom,SHINEd_livingroom_016.tif,72,0.1,0.0666666666666667,1.64726154425469
224,11,20,categorization,0,livingroom,SHINEd_livingroom_055.tif,96,0.1,0.0666666666666667,0.991575002873782
224,12,20,categorization,0,livingroom,SHINEd_livingroom_014.tif,71,0.1,0.0666666666666667,1.12892233990378
224,13,20,categorization,0,bedroom,SHINEd_bedroom_011.tif,14,0.1,0.0666666666666667,1.22325131992198
224,14,20,categorization,0,bedroom,SHINEd_bedroom_045.tif,29,0.1,0.0666666666666667,1.91839511254434
224,15,20,categorization,0,bedroom,SHINEd_bedroom_041.tif,27,0.1,0.0666666666666667,0.852138652683402
224,16,20,categorization,0,bedroom,SHINEd_bedroom_075.tif,41,0.1,0.0666666666666667,0.9843385200256
224,17,20,categorization,0,livingroom,SHINEd_livingroom_036.tif,85,0.1,0.0666666666666667,0.928333962085429
224,18,20,categorization,0,bedroom,SHINEd_bedroom_051.tif,33,0.1,0.0666666666666667,0.994416430844756
224,19,20,categorization,0,livingroom,SHINEd_livingroom_030.tif,82,0.1,0.0666666666666667,1.02949384328049
224,20,20,categorization,0,bedroom,SHINEd_bedroom_093.tif,48,0.1,0.0666666666666667,1.32361978547779
224,21,20,categorization,0,livingroom,SHINEd_livingroom_007.tif,66,0.1,0.0666666666666667,0.748549850404808
224,22,20,categorization,0,livingroom,SHINEd_livingroom_088.tif,106,0.1,0.0666666666666667,1.32136290531113
224,23,20,categorization,0,livingroom,SHINEd_livingroom_046.tif,89,0.1,0.0666666666666667,1.01035013362228
224,24,20,categorization,0,bedroom,SHINEd_bedroom_009.tif,12,0.1,0.0666666666666667,1.13396284289009
224,25,20,categorization,0,livingroom,SHINEd_livingroom_029.tif,81,0.1,0.0666666666666667,0.965035032848134
224,26,20,categorization,0,livingroom,SHINEd_livingroom_003.tif,62,0.1,0.0666666666666667,1.54070201500972
224,27,20,categorization,0,livingroom,SHINEd_livingroom_050.tif,93,0.1,0.0666666666666667,0.832078414393735
224,28,20,categorization,0,bedroom,SHINEd_bedroom_042.tif,28,0.1,0.0666666666666667,1.36048824977914
224,29,20,categorization,0,bedroom,SHINEd_bedroom_046.tif,30,0.1,0.0666666666666667,1.07379296670943
224,30,20,categorization,0,livingroom,SHINEd_livingroom_054.tif,95,0.1,0.0666666666666667,1.29916469818695
224,31,20,categorization,0,bedroom,SHINEd_bedroom_085.tif,44,0.1,0.0666666666666667,0.71771243463504
224,32,20,categorization,0,bedroom,SHINEd_bedroom_012.tif,15,0.1,0.0666666666666667,1.13393765261251
224,33,20,categorization,0,bedroom,SHINEd_bedroom_126.tif,60,0.1,0.0666666666666667,1.12821967451318
224,34,20,categorization,0,bedroom,SHINEd_bedroom_086.tif,45,0.1,0.0666666666666667,1.2183692370031
224,35,20,categorization,0,bedroom,SHINEd_bedroom_119.tif,57,0.1,0.0666666666666667,1.76463667542573
224,36,20,categorization,0,livingroom,SHINEd_livingroom_073.tif,102,0.1,0.0666666666666667,0.810724088668526
224,37,20,categorization,0,livingroom,SHINEd_livingroom_047.tif,90,0.1,0.0666666666666667,1.06231649069269
224,38,20,categorization,0,bedroom,SHINEd_bedroom_118.tif,56,0.1,0.0666666666666667,1.18689021212526
224,39,20,categorization,0,livingroom,SHINEd_livingroom_012.tif,69,0.1,0.0666666666666667,0.953807133348421
224,40,20,categorization,0,livingroom,SHINEd_livingroom_048.tif,91,0.1,0.0666666666666667,1.18303129569766
224,41,20,categorization,0,bedroom,SHINEd_bedroom_067.tif,37,0.1,0.0666666666666667,0.860137180667843
224,42,20,categorization,0,bedroom,SHINEd_bedroom_036.tif,25,0.1,0.0666666666666667,0.773982432130974
224,43,20,categorization,0,bedroom,SHINEd_bedroom_014.tif,16,0.1,0.0666666666666667,1.66926991923645
224,44,20,categorization,0,livingroom,SHINEd_livingroom_013.tif,70,0.1,0.0666666666666667,0.704478991492906
224,45,20,categorization,0,bedroom,SHINEd_bedroom_030.tif,23,0.1,0.0666666666666667,0.754358129427648
224,46,20,categorization,0,livingroom,SHINEd_livingroom_022.tif,76,0.1,0.0666666666666667,1.7903926424597
224,47,20,categorization,0,bedroom,SHINEd_bedroom_090.tif,47,0.1,0.0666666666666667,0.915714936563944
224,48,20,categorization,0,bedroom,SHINEd_bedroom_074.tif,40,0.1,0.0666666666666667,1.07218648516556
224,49,20,categorization,0,livingroom,SHINEd_livingroom_024.tif,78,0.1,0.0666666666666667,0.747766301953063
224,50,20,categorization,0,livingroom,SHINEd_livingroom_052.tif,94,0.1,0.0666666666666667,1.33275260135343
224,1,21,categorization,0,livingroom,SHINEd_livingroom_032.tif,84,0.1,0.0666666666666667,1.90371086452234
224,2,21,categorization,0,livingroom,SHINEd_livingroom_014.tif,71,0.1,0.0666666666666667,1.14917316210278
224,3,21,categorization,0,livingroom,SHINEd_livingroom_010.tif,68,0.1,0.0666666666666667,1.27531087363946
224,4,21,categorization,0,livingroom,SHINEd_livingroom_003.tif,62,0.1,0.0666666666666667,1.52662259424339
224,5,21,categorization,0,bedroom,SHINEd_bedroom_090.tif,47,0.1,0.0666666666666667,0.848470214502865
224,6,21,categorization,0,bedroom,SHINEd_bedroom_051.tif,33,0.1,0.0666666666666667,1.5539889816759
224,7,21,categorization,0,livingroom,SHINEd_livingroom_052.tif,94,0.1,0.0666666666666667,1.05876767409022
224,8,21,categorization,0,bedroom,SHINEd_bedroom_089.tif,46,0.1,0.0666666666666667,0.997350157399072
224,9,21,categorization,0,livingroom,SHINEd_livingroom_050.tif,93,0.1,0.0666666666666667,1.57037488672191
224,10,21,categorization,0,livingroom,SHINEd_livingroom_005.tif,64,0.1,0.0666666666666667,1.82660333898874
224,11,21,categorization,0,livingroom,SHINEd_livingroom_088.tif,106,0.1,0.0666666666666667,1.43396041923772
224,12,21,categorization,0,livingroom,SHINEd_livingroom_018.tif,73,0.1,0.0666666666666667,1.54777015579938
224,13,21,categorization,0,livingroom,SHINEd_livingroom_068.tif,100,0.1,0.0666666666666667,1.31048133077594
224,14,21,categorization,0,bedroom,SHINEd_bedroom_025.tif,21,0.1,0.0666666666666667,1.73683585457842
224,15,21,categorization,0,bedroom,SHINEd_bedroom_119.tif,57,0.1,0.0666666666666667,1.84988037255463
224,16,21,categorization,0,bedroom,SHINEd_bedroom_114.tif,54,0.1,0.0666666666666667,0.799821934368574
224,17,21,categorization,0,livingroom,SHINEd_livingroom_023.tif,77,0.1,0.0666666666666667,0.729051535844736
224,18,21,categorization,0,livingroom,SHINEd_livingroom_047.tif,90,0.1,0.0666666666666667,0.971676894714868
224,19,21,categorization,0,bedroom,SHINEd_bedroom_118.tif,56,0.1,0.0666666666666667,1.15450469471133
224,20,21,categorization,0,bedroom,SHINEd_bedroom_120.tif,58,0.1,0.0666666666666667,0.862228805990525
224,21,21,categorization,0,bedroom,SHINEd_bedroom_012.tif,15,0.1,0.0666666666666667,0.752131886301681
224,22,21,categorization,0,bedroom,SHINEd_bedroom_029.tif,22,0.1,0.0666666666666667,1.71620861574998
224,23,21,categorization,0,bedroom,SHINEd_bedroom_020.tif,19,0.1,0.0666666666666667,1.4986068029351
224,24,21,categorization,0,livingroom,SHINEd_livingroom_012.tif,69,0.1,0.0666666666666667,0.926312911202564
224,25,21,categorization,0,livingroom,SHINEd_livingroom_025.tif,79,0.1,0.0666666666666667,1.43830899540506
224,26,21,categorization,0,bedroom,SHINEd_bedroom_079.tif,42,0.1,0.0666666666666667,1.49671583257222
224,27,21,categorization,0,livingroom,SHINEd_livingroom_059.tif,98,0.1,0.0666666666666667,1.08827775501622
224,28,21,categorization,0,bedroom,SHINEd_bedroom_086.tif,45,0.1,0.0666666666666667,0.926703658502878
224,29,21,categorization,0,bedroom,SHINEd_bedroom_009.tif,12,0.1,0.0666666666666667,1.83593015621896
224,30,21,categorization,0,bedroom,SHINEd_bedroom_030.tif,23,0.1,0.0666666666666667,0.761976411291258
224,31,21,categorization,0,livingroom,SHINEd_livingroom_090.tif,108,0.1,0.0666666666666667,0.961833290585021
224,32,21,categorization,0,bedroom,SHINEd_bedroom_116.tif,55,0.1,0.0666666666666667,1.50694291131022
224,33,21,categorization,0,livingroom,SHINEd_livingroom_072.tif,101,0.1,0.0666666666666667,1.86450368643358
224,34,21,categorization,0,bedroom,SHINEd_bedroom_075.tif,41,0.1,0.0666666666666667,1.33441082672974
224,35,21,categorization,0,bedroom,SHINEd_bedroom_125.tif,59,0.1,0.0666666666666667,1.42880263481629
224,36,21,categorization,0,livingroom,SHINEd_livingroom_013.tif,70,0.1,0.0666666666666667,1.23346768532511
224,37,21,categorization,0,bedroom,SHINEd_bedroom_041.tif,27,0.1,0.0666666666666667,0.757740460684032
224,38,21,categorization,0,livingroom,SHINEd_livingroom_029.tif,81,0.1,0.0666666666666667,1.01931600164248
224,39,21,categorization,0,bedroom,SHINEd_bedroom_008.tif,11,0.1,0.0666666666666667,1.21089153065281
224,40,21,categorization,0,livingroom,SHINEd_livingroom_054.tif,95,0.1,0.0666666666666667,1.20827669146228
224,41,21,categorization,0,livingroom,SHINEd_livingroom_083.tif,104,0.1,0.0666666666666667,0.859395370373866
224,42,21,categorization,0,bedroom,SHINEd_bedroom_056.tif,35,0.1,0.0666666666666667,1.38086164146751
224,43,21,categorization,0,bedroom,SHINEd_bedroom_098.tif,50,0.1,0.0666666666666667,1.85933300166975
224,44,21,categorization,0,livingroom,SHINEd_livingroom_028.tif,80,0.1,0.0666666666666667,1.09463400010115
224,45,21,categorization,0,bedroom,SHINEd_bedroom_112.tif,53,0.1,0.0666666666666667,1.2961820129945
224,46,21,categorization,0,livingroom,SHINEd_livingroom_008.tif,67,0.1,0.0666666666666667,0.746176114355326
224,47,21,categorization,0,bedroom,SHINEd_bedroom_023.tif,20,0.1,0.0666666666666667,0.899952286679653
224,48,21,categorization,0,bedroom,SHINEd_bedroom_048.tif,32,0.1,0.0666666666666667,0.766509079542308
224,49,21,categorization,0,bedroom,SHINEd_bedroom_047.tif,31,0.1,0.0666666666666667,1.76906591402876
224,50,21,categorization,0,bedroom,SHINEd_bedroom_014.tif,16,0.1,0.0666666666666667,1.51474858065724
224,1,22,categorization,0,livingroom,SHINEd_livingroom_024.tif,78,0.1,0.0666666666666667,1.13821238337512
224,2,22,categorization,0,livingroom,SHINEd_livingroom_62.tif,110,0.1,0.0666666666666667,0.802603461437578
224,3,22,categorization,0,livingroom,SHINEd_livingroom_004.tif,63,0.1,0.0666666666666667,1.20524959032809
224,4,22,categorization,0,bedroom,SHINEd_bedroom_011.tif,14,0.1,0.0666666666666667,0.866598346941774
224,5,22,categorization,0,livingroom,SHINEd_livingroom_007.tif,66,0.1,0.0666666666666667,1.78385918084297
224,6,22,categorization,0,bedroom,SHINEd_bedroom_085.tif,44,0.1,0.0666666666666667,1.55699047289126
224,7,22,categorization,0,livingroom,SHINEd_livingroom_087.tif,105,0.1,0.0666666666666667,0.969050724563285
224,8,22,categorization,0,bedroom,SHINEd_bedroom_093.tif,48,0.1,0.0666666666666667,0.896183210915922
224,9,22,categorization,0,bedroom,SHINEd_bedroom_010.tif,13,0.1,0.0666666666666667,1.7249138107
224,10,22,categorization,0,livingroom,SHINEd_livingroom_037.tif,86,0.1,0.0666666666666667,1.12077818422475
224,11,22,categorization,0,livingroom,SHINEd_livingroom_039.tif,87,0.1,0.0666666666666667,1.78807099679286
224,12,22,categorization,0,livingroom,SHINEd_livingroom_001.tif,61,0.1,0.0666666666666667,0.980597397728581
224,13,22,categorization,0,livingroom,SHINEd_livingroom_022.tif,76,0.1,0.0666666666666667,1.00369988715448
224,14,22,categorization,0,livingroom,SHINEd_livingroom_006.tif,65,0.1,0.0666666666666667,0.705090177954549
224,15,22,categorization,0,bedroom,SHINEd_bedroom_045.tif,29,0.1,0.0666666666666667,1.67127931659869
224,16,22,categorization,0,livingroom,SHINEd_livingroom_057.tif,97,0.1,0.0666666666666667,0.72045622076425
224,17,22,categorization,0,bedroom,SHINEd_bedroom_052.tif,34,0.1,0.0666666666666667,0.912674705907713
224,18,22,categorization,0,bedroom,SHINEd_bedroom_062.tif,36,0.1,0.0666666666666667,1.29648088393908
224,19,22,categorization,0,livingroom,SHINEd_livingroom_092.tif,109,0.1,0.0666666666666667,0.700822982764002
224,20,22,categorization,0,livingroom,SHINEd_livingroom_030.tif,82,0.1,0.0666666666666667,1.39081809337541
224,21,22,categorization,0,livingroom,SHINEd_livingroom_089.tif,107,0.1,0.0666666666666667,0.864025266025312
224,22,22,categorization,0,bedroom,SHINEd_bedroom_099.tif,51,0.1,0.0666666666666667,1.37665234101761
224,23,22,categorization,0,bedroom,SHINEd_bedroom_067.tif,37,0.1,0.0666666666666667,1.53499372770007
224,24,22,categorization,0,bedroom,SHINEd_bedroom_106.tif,52,0.1,0.0666666666666667,1.36490575010951
224,25,22,categorization,0,bedroom,SHINEd_bedroom_036.tif,25,0.1,0.0666666666666667,0.975170080673912
224,26,22,categorization,0,livingroom,SHINEd_livingroom_036.tif,85,0.1,0.0666666666666667,1.18541903959314
224,27,22,categorization,0,livingroom,SHINEd_livingroom_048.tif,91,0.1,0.0666666666666667,0.869479321023642
224,28,22,categorization,0,bedroom,SHINEd_bedroom_046.tif,30,0.1,0.0666666666666667,0.771514567295675
224,29,22,categorization,0,bedroom,SHINEd_bedroom_039.tif,26,0.1,0.0666666666666667,1.55803186795188
224,30,22,categorization,0,bedroom,SHINEd_bedroom_097.tif,49,0.1,0.0666666666666667,0.958007807641244
224,31,22,categorization,0,bedroom,SHINEd_bedroom_074.tif,40,0.1,0.0666666666666667,1.41655551260793
224,32,22,categorization,0,livingroom,SHINEd_livingroom_073.tif,102,0.1,0.0666666666666667,0.762799180828044
224,33,22,categorization,0,livingroom,SHINEd_livingroom_016.tif,72,0.1,0.0666666666666667,1.014343504434
224,34,22,categorization,0,livingroom,SHINEd_livingroom_081.tif,103,0.1,0.0666666666666667,0.934522108448227
224,35,22,categorization,0,bedroom,SHINEd_bedroom_126.tif,60,0.1,0.0666666666666667,1.4488238643946
224,36,22,categorization,0,bedroom,SHINEd_bedroom_018.tif,18,0.1,0.0666666666666667,1.28332644661315
224,37,22,categorization,0,livingroom,SHINEd_livingroom_031.tif,83,0.1,0.0666666666666667,0.845265140371457
224,38,22,categorization,0,bedroom,SHINEd_bedroom_080.tif,43,0.1,0.0666666666666667,1.28807523066972
224,39,22,categorization,0,bedroom,SHINEd_bedroom_069.tif,39,0.1,0.0666666666666667,0.902245658841107
224,40,22,categorization,0,livingroom,SHINEd_livingroom_020.tif,75,0.1,0.0666666666666667,1.62660923669747
224,41,22,categorization,0,livingroom,SHINEd_livingroom_019.tif,74,0.1,0.0666666666666667,1.63562457473333
224,42,22,categorization,0,livingroom,SHINEd_livingroom_043.tif,88,0.1,0.0666666666666667,0.95025146782059
224,43,22,categorization,0,livingroom,SHINEd_livingroom_046.tif,89,0.1,0.0666666666666667,0.928399221091472
224,44,22,categorization,0,livingroom,SHINEd_livingroom_049.tif,92,0.1,0.0666666666666667,1.12544198000789
224,45,22,categorization,0,livingroom,SHINEd_livingroom_060.tif,99,0.1,0.0666666666666667,1.28515240889017
224,46,22,categorization,0,bedroom,SHINEd_bedroom_032.tif,24,0.1,0.0666666666666667,0.705791408523985
224,47,22,categorization,0,bedroom,SHINEd_bedroom_068.tif,38,0.1,0.0666666666666667,1.39426285316311
224,48,22,categorization,0,bedroom,SHINEd_bedroom_042.tif,28,0.1,0.0666666666666667,1.67359751431641
224,49,22,categorization,0,livingroom,SHINEd_livingroom_055.tif,96,0.1,0.0666666666666667,0.766247451560867
224,50,22,categorization,0,bedroom,SHINEd_bedroom_016.tif,17,0.1,0.0666666666666667,0.749993540491586
224,1,23,categorization,0,livingroom,SHINEd_livingroom_007.tif,66,0.1,0.0666666666666667,1.27914494084403
224,2,23,categorization,0,bedroom,SHINEd_bedroom_112.tif,53,0.1,0.0666666666666667,1.1794109595325
224,3,23,categorization,0,livingroom,SHINEd_livingroom_032.tif,84,0.1,0.0666666666666667,1.47314146597071
224,4,23,categorization,0,livingroom,SHINEd_livingroom_072.tif,101,0.1,0.0666666666666667,1.33286138838889
224,5,23,categorization,0,livingroom,SHINEd_livingroom_043.tif,88,0.1,0.0666666666666667,0.916012092942341
224,6,23,categorization,0,livingroom,SHINEd_livingroom_057.tif,97,0.1,0.0666666666666667,0.97372473890263
224,7,23,categorization,0,bedroom,SHINEd_bedroom_098.tif,50,0.1,0.0666666666666667,1.21516219302428
224,8,23,categorization,0,bedroom,SHINEd_bedroom_114.tif,54,0.1,0.0666666666666667,1.83784309489001
224,9,23,categorization,0,livingroom,SHINEd_livingroom_031.tif,83,0.1,0.0666666666666667,1.60080704730421
224,10,23,categorization,0,livingroom,SHINEd_livingroom_019.tif,74,0.1,0.0666666666666667,0.965531155723698
224,11,23,categorization,0,bedroom,SHINEd_bedroom_097.tif,49,0.1,0.0666666666666667,1.24942876341361
224,12,23,categorization,0,livingroom,SHINEd_livingroom_013.tif,70,0.1,0.0666666666666667,1.57640290771105
224,13,23,categorization,0,livingroom,SHINEd_livingroom_030.tif,82,0.1,0.0666666666666667,1.04845848378732
224,14,23,categorization,0,bedroom,SHINEd_bedroom_025.tif,21,0.1,0.0666666666666667,0.805963622589654
224,15,23,categorization,0,livingroom,SHINEd_livingroom_037.tif,86,0.1,0.0666666666666667,0.916172971559296
224,16,23,categorization,0,bedroom,SHINEd_bedroom_011.tif,14,0.1,0.0666666666666667,1.1555313369949
224,17,23,categorization,0,livingroom,SHINEd_livingroom_054.tif,95,0.1,0.0666666666666667,0.90236263868115
224,18,23,categorization,0,livingroom,SHINEd_livingroom_083.tif,104,0.1,0.0666666666666667,1.89805150248546
224,19,23,categorization,0,livingroom,SHINEd_livingroom_039.tif,87,0.1,0.0666666666666667,1.29186512511002
224,20,23,categorization,0,bedroom,SHINEd_bedroom_036.tif,25,0.1,0.0666666666666667,1.48286924986995
224,21,23,categorization,0,livingroom,SHINEd_livingroom_029.tif,81,0.1,0.0666666666666667,0.869613558342575
224,22,23,categorization,0,bedroom,SHINEd_bedroom_126.tif,60,0.1,0.0666666666666667,1.67292697864629
224,23,23,categorization,0,livingroom,SHINEd_livingroom_055.tif,96,0.1,0.0666666666666667,1.66897857886914
224,24,23,categorization,0,bedroom,SHINEd_bedroom_125.tif,59,0.1,0.0666666666666667,0.864649959951241
224,25,23,categorization,0,bedroom,SHINEd_bedroom_069.tif,39,0.1,0.0666666666666667,1.42234839264206
224,26,23,categorization,0,livingroom,SHINEd_livingroom_004.tif,63,0.1,0.0666666666666667,1.04039061299517
224,27,23,categorization,0,livingroom,SHINEd_livingroom_046.tif,89,0.1,0.0666666666666667,0.915372744422103
224,28,23,categorization,0,livingroom,SHINEd_livingroom_088.tif,106,0.1,0.0666666666666667,1.07878215228557
224,29,23,categorization,0,livingroom,SHINEd_livingroom_048.tif,91,0.1,0.0666666666666667,1.62926363650204
224,30,23,categorization,0,livingroom,SHINEd_livingroom_008.tif,67,0.1,0.0666666666666667,0.801219352851759
224,31,23,categorization,0,livingroom,SHINEd_livingroom_010.tif,68,0.1,0.0666666666666667,1.06500665557667
224,32,23,categorization,0,livingroom,SHINEd_livingroom_090.tif,108,0.1,0.0666666666666667,0.795457026548699
224,33,23,categorization,0,bedroom,SHINEd_bedroom_068.tif,38,0.1,0.0666666666666667,0.814253940145524
224,34,23,categorization,0,bedroom,SHINEd_bedroom_030.tif,23,0.1,0.0666666666666667,1.15459628987897
224,35,23,categorization,0,livingroom,SHINEd_livingroom_052.tif,94,0.1,0.0666666666666667,1.56490808313892
224,36,23,categorization,0,bedroom,SHINEd_bedroom_118.tif,56,0.1,0.0666666666666667,0.77003826857149
224,37,23,categorization,0,livingroom,SHINEd_livingroom_036.tif,85,0.1,0.0666666666666667,1.37085411976588
224,38,23,categorization,0,livingroom,SHINEd_livingroom_073.tif,102,0.1,0.0666666666666667,1.15915492151484
224,39,23,categorization,0,livingroom,SHINEd_livingroom_081.tif,103,0.1,0.0666666666666667,0.708225115873134
224,40,23,categorization,0,livingroom,SHINEd_livingroom_016.tif,72,0.1,0.0666666666666667,1.04460563578071
224,41,23,categorization,0,bedroom,SHINEd_bedroom_009.tif,12,0.1,0.0666666666666667,1.09935278919044
224,42,23,categorization,0,bedroom,SHINEd_bedroom_089.tif,46,0.1,0.0666666666666667,1.79927397417484
224,43,23,categorization,0,bedroom,SHINEd_bedroom_086.tif,45,0.1,0.0666666666666667,1.86617195613473
224,44,23,categorization,0,livingroom,SHINEd_livingroom_014.tif,71,0.1,0.0666666666666667,0.89930871185971
224,45,23,categorization,0,livingroom,SHINEd_livingroom_001.tif,61,0.1,0.0666666666666667,0.94199008769723
224,46,23,categorization,0,livingroom,SHINEd_livingroom_059.tif,98,0.1,0.0666666666666667,1.61660722684966
224,47,23,categorization,0,livingroom,SHINEd_livingroom_060.tif,99,0.1,0.0666666666666667,1.0879646087867
224,48,23,categorization,0,bedroom,SHINEd_bedroom_041.tif,27,0.1,0.0666666666666667,1.38763078758969
224,49,23,categorization,0,livingroom,SHINEd_livingroom_050.tif,93,0.1,0.0666666666666667,1.48213259538886
224,50,23,categorization,0,bedroom,SHINEd_bedroom_020.tif,19,0.1,0.0666666666666667,1.6040814986628
224,1,24,categorization,0,livingroom,SHINEd_livingroom_022.tif,76,0.1,0.0666666666666667,0.768001392007751
224,2,24,categorization,0,livingroom,SHINEd_livingroom_006.tif,65,0.1,0.0666666666666667,1.78193848635923
224,3,24,categorization,0,bedroom,SHINEd_bedroom_106.tif,52,0.1,0.0666666666666667,1.58786625713692
224,4,24,categorization,0,bedroom,SHINEd_bedroom_051.tif,33,0.1,0.0666666666666667,1.98152034398288
224,5,24,categorization,0,bedroom,SHINEd_bedroom_116.tif,55,0.1,0.0666666666666667,1.28778781335677
224,6,24,categorization,0,bedroom,SHINEd_bedroom_052.tif,34,0.1,0.0666666666666667,1.54437833523748
224,7,24,categorization,0,livingroom,SHINEd_livingroom_018.tif,73,0.1,0.0666666666666667,1.78141596969761
224,8,24,categorization,0,bedroom,SHINEd_bedroom_048.tif,32,0.1,0.0666666666666667,1.14693404218981
224,9,24,categorization,0,livingroom,SHINEd_livingroom_087.tif,105,0.1,0.0666666666666667,0.842366034145098
224,10,24,categorization,0,livingroom,SHINEd_livingroom_003.tif,62,0.1,0.0666666666666667,0.783837494947365
224,11,24,categorization,0,bedroom,SHINEd_bedroom_029.tif,22,0.1,0.0666666666666667,0.987787444810741
224,12,24,categorization,0,bedroom,SHINEd_bedroom_008.tif,11,0.1,0.0666666666666667,1.55956014280643
224,13,24,categorization,0,bedroom,SHINEd_bedroom_062.tif,36,0.1,0.0666666666666667,1.15830194423026
224,14,24,categorization,0,bedroom,SHINEd_bedroom_047.tif,31,0.1,0.0666666666666667,1.48394795216228
224,15,24,categorization,0,bedroom,SHINEd_bedroom_018.tif,18,0.1,0.0666666666666667,0.951263514616814
224,16,24,categorization,0,livingroom,SHINEd_livingroom_62.tif,110,0.1,0.0666666666666667,1.08721546244272
224,17,24,categorization,0,livingroom,SHINEd_livingroom_012.tif,69,0.1,0.0666666666666667,1.06872966667005
224,18,24,categorization,0,livingroom,SHINEd_livingroom_024.tif,78,0.1,0.0666666666666667,1.20942171600323
224,19,24,categorization,0,livingroom,SHINEd_livingroom_028.tif,80,0.1,0.0666666666666667,1.07520882164157
224,20,24,categorization,0,livingroom,SHINEd_livingroom_023.tif,77,0.1,0.0666666666666667,0.872848731841012
224,21,24,categorization,0,bedroom,SHINEd_bedroom_056.tif,35,0.1,0.0666666666666667,1.33382253773732
224,22,24,categorization,0,livingroom,SHINEd_livingroom_005.tif,64,0.1,0.0666666666666667,1.03993400681916
224,23,24,categorization,0,bedroom,SHINEd_bedroom_075.tif,41,0.1,0.0666666666666667,1.87147695234744
224,24,24,categorization,0,bedroom,SHINEd_bedroom_016.tif,17,0.1,0.0666666666666667,0.857402657877158
224,25,24,categorization,0,bedroom,SHINEd_bedroom_042.tif,28,0.1,0.0666666666666667,1.46776938572137
224,26,24,categorization,0,livingroom,SHINEd_livingroom_025.tif,79,0.1,0.0666666666666667,1.60984341953413
224,27,24,categorization,0,bedroom,SHINEd_bedroom_120.tif,58,0.1,0.0666666666666667,1.38146550323242
224,28,24,categorization,0,livingroom,SHINEd_livingroom_020.tif,75,0.1,0.0666666666666667,0.996797731642589
224,29,24,categorization,0,bedroom,SHINEd_bedroom_067.tif,37,0.1,0.0666666666666667,1.08122656573673
224,30,24,categorization,0,livingroom,SHINEd_livingroom_047.tif,90,0.1,0.0666666666666667,0.95177477952949
224,31,24,categorization,0,bedroom,SHINEd_bedroom_046.tif,30,0.1,0.0666666666666667,1.64467436626517
224,32,24,categorization,0,livingroom,SHINEd_livingroom_089.tif,107,0.1,0.0666666666666667,0.789678980260403
224,33,24,categorization,0,bedroom,SHINEd_bedroom_090.tif,47,0.1,0.0666666666666667,1.58546265821942
224,34,24,categorization,0,bedroom,SHINEd_bedroom_039.tif,26,0.1,0.0666666666666667,1.12141266274708
224,35,24,categorization,0,livingroom,SHINEd_livingroom_068.tif,100,0.1,0.0666666666666667,0.92437788505739
224,36,24,categorization,0,bedroom,SHINEd_bedroom_079.tif,42,0.1,0.0666666666666667,1.70282371544805
224,37,24,categorization,0,bedroom,SHINEd_bedroom_014.tif,16,0.1,0.0666666666666667,1.06009607196121
224,38,24,categorization,0,bedroom,SHINEd_bedroom_012.tif,15,0.1,0.0666666666666667,1.1373222560766
224,39,24,categorization,0,bedroom,SHINEd_bedroom_023.tif,20,0.1,0.0666666666666667,1.79625285905238
224,40,24,categorization,0,bedroom,SHINEd_bedroom_074.tif,40,0.1,0.0666666666666667,1.62699222220758
224,41,24,categorization,0,bedroom,SHINEd_bedroom_085.tif,44,0.1,0.0666666666666667,1.0930278264
224,42,24,categorization,0,livingroom,SHINEd_livingroom_049.tif,92,0.1,0.0666666666666667,0.807960699892357
224,43,24,categorization,0,bedroom,SHINEd_bedroom_119.tif,57,0.1,0.0666666666666667,0.874215941688844
224,44,24,categorization,0,bedroom,SHINEd_bedroom_045.tif,29,0.1,0.0666666666666667,1.27816194976971
224,45,24,categorization,0,bedroom,SHINEd_bedroom_080.tif,43,0.1,0.0666666666666667,1.23885041870012
224,46,24,categorization,0,bedroom,SHINEd_bedroom_093.tif,48,0.1,0.0666666666666667,1.06878536849382
224,47,24,categorization,0,bedroom,SHINEd_bedroom_032.tif,24,0.1,0.0666666666666667,1.32696670977332
224,48,24,categorization,0,livingroom,SHINEd_livingroom_092.tif,109,0.1,0.0666666666666667,0.73260204756498
224,49,24,categorization,0,bedroom,SHINEd_bedroom_010.tif,13,0.1,0.0666666666666667,1.95561954044557
224,50,24,categorization,0,bedroom,SHINEd_bedroom_099.tif,51,0.1,0.0666666666666667,1.7515610443313
