sub_num,trial,block,task,is_practice,category,image,texture,duration,mask_dur,jitter
234,1,0,categorization,1,bedroom,SHINEd_practice_bedroom_019.tif,112,0.1,0.0666666666666667,1.59845318026155
234,2,0,categorization,1,bedroom,SHINEd_practice_bedroom_015.tif,111,0.1,0.0666666666666667,1.50238648195243
234,3,0,categorization,1,livingroom,SHINEd_practice_livingroom_041.tif,118,0.1,0.0666666666666667,1.32541646587922
234,4,0,categorization,1,bedroom,SHINEd_practice_bedroom_027.tif,113,0.1,0.0666666666666667,1.18581464524117
234,5,0,categorization,1,livingroom,SHINEd_practice_livingroom_067.tif,120,0.1,0.0666666666666667,1.83589355313812
234,6,0,categorization,1,livingroom,SHINEd_practice_livingroom_066.tif,119,0.1,0.0666666666666667,0.863341995045497
234,7,0,categorization,1,bedroom,SHINEd_practice_bedroom_122.tif,115,0.1,0.0666666666666667,1.35876908017968
234,8,0,categorization,1,livingroom,SHINEd_practice_livingroom_002.tif,116,0.1,0.0666666666666667,0.730046387308546
234,9,0,categorization,1,livingroom,SHINEd_practice_livingroom_015.tif,117,0.1,0.0666666666666667,1.53853544038424
234,10,0,categorization,1,bedroom,SHINEd_practice_bedroom_057.tif,114,0.1,0.0666666666666667,1.24995119146988
234,1,1,categorization,0,bedroom,SHINEd_bedroom_052.tif,34,0.1,0.0666666666666667,0.973296874467914
234,2,1,categorization,0,bedroom,SHINEd_bedroom_114.tif,54,0.1,0.0666666666666667,1.61914569422855
234,3,1,categorization,0,bedroom,SHINEd_bedroom_008.tif,11,0.1,0.0666666666666667,1.00877431899536
234,4,1,categorization,0,livingroom,SHINEd_livingroom_047.tif,90,0.1,0.0666666666666667,1.51199320568448
234,5,1,categorization,0,bedroom,SHINEd_bedroom_090.tif,47,0.1,0.0666666666666667,1.41092588653408
234,6,1,categorization,0,bedroom,SHINEd_bedroom_067.tif,37,0.1,0.0666666666666667,1.5822756949209
234,7,1,categorization,0,livingroom,SHINEd_livingroom_030.tif,82,0.1,0.0666666666666667,1.44869601288337
234,8,1,categorization,0,bedroom,SHINEd_bedroom_126.tif,60,0.1,0.0666666666666667,1.07432341912629
234,9,1,categorization,0,livingroom,SHINEd_livingroom_013.tif,70,0.1,0.0666666666666667,0.963076696901511
234,10,1,categorization,0,livingroom,SHINEd_livingroom_018.tif,73,0.1,0.0666666666666667,0.854028486305747
234,11,1,categorization,0,bedroom,SHINEd_bedroom_120.tif,58,0.1,0.0666666666666667,1.10187476220899
234,12,1,categorization,0,livingroom,SHINEd_livingroom_088.tif,106,0.1,0.0666666666666667,1.01224365432219
234,13,1,categorization,0,bedroom,SHINEd_bedroom_118.tif,56,0.1,0.0666666666666667,1.16674082388292
234,14,1,categorization,0,bedroom,SHINEd_bedroom_119.tif,57,0.1,0.0666666666666667,1.14929027631692
234,15,1,categorization,0,bedroom,SHINEd_bedroom_075.tif,41,0.1,0.0666666666666667,1.66899800385901
234,16,1,categorization,0,livingroom,SHINEd_livingroom_052.tif,94,0.1,0.0666666666666667,1.69056697650428
234,17,1,categorization,0,livingroom,SHINEd_livingroom_006.tif,65,0.1,0.0666666666666667,1.19118968071232
234,18,1,categorization,0,bedroom,SHINEd_bedroom_012.tif,15,0.1,0.0666666666666667,1.34655527740736
234,19,1,categorization,0,bedroom,SHINEd_bedroom_009.tif,12,0.1,0.0666666666666667,0.705794820508351
234,20,1,categorization,0,bedroom,SHINEd_bedroom_029.tif,22,0.1,0.0666666666666667,1.01068181444021
234,21,1,categorization,0,livingroom,SHINEd_livingroom_037.tif,86,0.1,0.0666666666666667,1.19222715347546
234,22,1,categorization,0,bedroom,SHINEd_bedroom_039.tif,26,0.1,0.0666666666666667,1.83904390659412
234,23,1,categorization,0,bedroom,SHINEd_bedroom_042.tif,28,0.1,0.0666666666666667,0.785698655307519
234,24,1,categorization,0,livingroom,SHINEd_livingroom_092.tif,109,0.1,0.0666666666666667,0.748093203579128
234,25,1,categorization,0,bedroom,SHINEd_bedroom_046.tif,30,0.1,0.0666666666666667,0.931591306511239
234,26,1,categorization,0,livingroom,SHINEd_livingroom_029.tif,81,0.1,0.0666666666666667,0.947121505274924
234,27,1,categorization,0,livingroom,SHINEd_livingroom_003.tif,62,0.1,0.0666666666666667,1.61933707453101
234,28,1,categorization,0,bedroom,SHINEd_bedroom_079.tif,42,0.1,0.0666666666666667,0.777651638617134
234,29,1,categorization,0,bedroom,SHINEd_bedroom_074.tif,40,0.1,0.0666666666666667,1.15058827823481
234,30,1,categorization,0,livingroom,SHINEd_livingroom_032.tif,84,0.1,0.0666666666666667,1.44377666382327
234,31,1,categorization,0,livingroom,SHINEd_livingroom_087.tif,105,0.1,0.0666666666666667,1.30585165039014
234,32,1,categorization,0,livingroom,SHINEd_livingroom_039.tif,87,0.1,0.0666666666666667,1.84567763743735
234,33,1,categorization,0,bedroom,SHINEd_bedroom_020.tif,19,0.1,0.0666666666666667,1.02248575803178
234,34,1,categorization,0,bedroom,SHINEd_bedroom_047.tif,31,0.1,0.0666666666666667,0.917054596480511
234,35,1,categorization,0,bedroom,SHINEd_bedroom_068.tif,38,0.1,0.0666666666666667,0.923859238024396
234,36,1,categorization,0,livingroom,SHINEd_livingroom_083.tif,104,0.1,0.0666666666666667,1.28093715828245
234,37,1,categorization,0,livingroom,SHINEd_livingroom_016.tif,72,0.1,0.0666666666666667,1.08822077107617
234,38,1,categorization,0,livingroom,SHINEd_livingroom_004.tif,63,0.1,0.0666666666666667,0.899364371496471
234,39,1,categorization,0,livingroom,SHINEd_livingroom_072.tif,101,0.1,0.0666666666666667,1.24167637720721
234,40,1,categorization,0,livingroom,SHINEd_livingroom_019.tif,74,0.1,0.0666666666666667,0.703522072537889
234,41,1,categorization,0,bedroom,SHINEd_bedroom_023.tif,20,0.1,0.0666666666666667,0.825416480612064
234,42,1,categorization,0,livingroom,SHINEd_livingroom_089.tif,107,0.1,0.0666666666666667,1.59685246572264
234,43,1,categorization,0,bedroom,SHINEd_bedroom_032.tif,24,0.1,0.0666666666666667,1.17374469866705
234,44,1,categorization,0,bedroom,SHINEd_bedroom_089.tif,46,0.1,0.0666666666666667,0.707590514826055
234,45,1,categorization,0,livingroom,SHINEd_livingroom_020.tif,75,0.1,0.0666666666666667,1.3863686127739
234,46,1,categorization,0,bedroom,SHINEd_bedroom_080.tif,43,0.1,0.0666666666666667,0.740027825707655
234,47,1,categorization,0,bedroom,SHINEd_bedroom_045.tif,29,0.1,0.0666666666666667,1.65388159151947
234,48,1,categorization,0,livingroom,SHINEd_livingroom_025.tif,79,0.1,0.0666666666666667,1.24325452048232
234,49,1,categorization,0,livingroom,SHINEd_livingroom_043.tif,88,0.1,0.0666666666666667,1.7250024570772
234,50,1,categorization,0,livingroom,SHINEd_livingroom_073.tif,102,0.1,0.0666666666666667,1.44318551254815
234,1,2,categorization,0,livingroom,SHINEd_livingroom_050.tif,93,0.1,0.0666666666666667,1.13355695402646
234,2,2,categorization,0,livingroom,SHINEd_livingroom_057.tif,97,0.1,0.0666666666666667,0.718676574159803
234,3,2,categorization,0,livingroom,SHINEd_livingroom_010.tif,68,0.1,0.0666666666666667,1.29723578404831
234,4,2,categorization,0,bedroom,SHINEd_bedroom_018.tif,18,0.1,0.0666666666666667,1.1419493284651
234,5,2,categorization,0,livingroom,SHINEd_livingroom_028.tif,80,0.1,0.0666666666666667,0.796389906943435
234,6,2,categorization,0,livingroom,SHINEd_livingroom_014.tif,71,0.1,0.0666666666666667,0.914547812861022
234,7,2,categorization,0,bedroom,SHINEd_bedroom_116.tif,55,0.1,0.0666666666666667,0.743850907146836
234,8,2,categorization,0,bedroom,SHINEd_bedroom_041.tif,27,0.1,0.0666666666666667,1.0142753669262
234,9,2,categorization,0,bedroom,SHINEd_bedroom_099.tif,51,0.1,0.0666666666666667,0.845506893062983
234,10,2,categorization,0,livingroom,SHINEd_livingroom_068.tif,100,0.1,0.0666666666666667,1.74578967400418
234,11,2,categorization,0,livingroom,SHINEd_livingroom_046.tif,89,0.1,0.0666666666666667,1.42487651190802
234,12,2,categorization,0,livingroom,SHINEd_livingroom_62.tif,110,0.1,0.0666666666666667,1.4829084190314
234,13,2,categorization,0,livingroom,SHINEd_livingroom_059.tif,98,0.1,0.0666666666666667,1.81077832763204
234,14,2,categorization,0,bedroom,SHINEd_bedroom_014.tif,16,0.1,0.0666666666666667,0.717558109009161
234,15,2,categorization,0,bedroom,SHINEd_bedroom_097.tif,49,0.1,0.0666666666666667,0.885175954243335
234,16,2,categorization,0,bedroom,SHINEd_bedroom_025.tif,21,0.1,0.0666666666666667,1.45567405371078
234,17,2,categorization,0,bedroom,SHINEd_bedroom_112.tif,53,0.1,0.0666666666666667,1.39991624246713
234,18,2,categorization,0,livingroom,SHINEd_livingroom_012.tif,69,0.1,0.0666666666666667,0.743413211165778
234,19,2,categorization,0,livingroom,SHINEd_livingroom_001.tif,61,0.1,0.0666666666666667,0.759770637370521
234,20,2,categorization,0,bedroom,SHINEd_bedroom_085.tif,44,0.1,0.0666666666666667,1.05814092072035
234,21,2,categorization,0,bedroom,SHINEd_bedroom_093.tif,48,0.1,0.0666666666666667,0.77704092068227
234,22,2,categorization,0,livingroom,SHINEd_livingroom_024.tif,78,0.1,0.0666666666666667,0.924447386626288
234,23,2,categorization,0,livingroom,SHINEd_livingroom_031.tif,83,0.1,0.0666666666666667,1.16238733314233
234,24,2,categorization,0,livingroom,SHINEd_livingroom_036.tif,85,0.1,0.0666666666666667,0.941442731997728
234,25,2,categorization,0,livingroom,SHINEd_livingroom_049.tif,92,0.1,0.0666666666666667,0.823691603636586
234,26,2,categorization,0,livingroom,SHINEd_livingroom_060.tif,99,0.1,0.0666666666666667,1.24991945503728
234,27,2,categorization,0,bedroom,SHINEd_bedroom_030.tif,23,0.1,0.0666666666666667,0.795315588758493
234,28,2,categorization,0,livingroom,SHINEd_livingroom_007.tif,66,0.1,0.0666666666666667,1.79013286856421
234,29,2,categorization,0,bedroom,SHINEd_bedroom_048.tif,32,0.1,0.0666666666666667,1.10428776000444
234,30,2,categorization,0,bedroom,SHINEd_bedroom_036.tif,25,0.1,0.0666666666666667,1.68166561914115
234,31,2,categorization,0,livingroom,SHINEd_livingroom_048.tif,91,0.1,0.0666666666666667,1.85263193129386
234,32,2,categorization,0,bedroom,SHINEd_bedroom_098.tif,50,0.1,0.0666666666666667,1.06564506291014
234,33,2,categorization,0,livingroom,SHINEd_livingroom_022.tif,76,0.1,0.0666666666666667,0.87606093814184
234,34,2,categorization,0,livingroom,SHINEd_livingroom_005.tif,64,0.1,0.0666666666666667,1.5827295331364
234,35,2,categorization,0,livingroom,SHINEd_livingroom_090.tif,108,0.1,0.0666666666666667,1.42833020732909
234,36,2,categorization,0,bedroom,SHINEd_bedroom_016.tif,17,0.1,0.0666666666666667,1.19254616622596
234,37,2,categorization,0,bedroom,SHINEd_bedroom_086.tif,45,0.1,0.0666666666666667,1.29758566245496
234,38,2,categorization,0,bedroom,SHINEd_bedroom_069.tif,39,0.1,0.0666666666666667,1.64816702757373
234,39,2,categorization,0,livingroom,SHINEd_livingroom_054.tif,95,0.1,0.0666666666666667,1.13382029036298
234,40,2,categorization,0,livingroom,SHINEd_livingroom_023.tif,77,0.1,0.0666666666666667,0.80329449889383
234,41,2,categorization,0,livingroom,SHINEd_livingroom_008.tif,67,0.1,0.0666666666666667,0.920922645220497
234,42,2,categorization,0,livingroom,SHINEd_livingroom_081.tif,103,0.1,0.0666666666666667,1.5311264234786
234,43,2,categorization,0,bedroom,SHINEd_bedroom_010.tif,13,0.1,0.0666666666666667,1.10910568008101
234,44,2,categorization,0,bedroom,SHINEd_bedroom_125.tif,59,0.1,0.0666666666666667,1.45041276060829
234,45,2,categorization,0,livingroom,SHINEd_livingroom_055.tif,96,0.1,0.0666666666666667,0.728227110293785
234,46,2,categorization,0,bedroom,SHINEd_bedroom_106.tif,52,0.1,0.0666666666666667,0.762688726004934
234,47,2,categorization,0,bedroom,SHINEd_bedroom_051.tif,33,0.1,0.0666666666666667,1.30558012954317
234,48,2,categorization,0,bedroom,SHINEd_bedroom_011.tif,14,0.1,0.0666666666666667,0.913289944106128
234,49,2,categorization,0,bedroom,SHINEd_bedroom_056.tif,35,0.1,0.0666666666666667,1.04145069490081
234,50,2,categorization,0,bedroom,SHINEd_bedroom_062.tif,36,0.1,0.0666666666666667,0.793904300476126
234,1,3,categorization,0,livingroom,SHINEd_livingroom_012.tif,69,0.1,0.0666666666666667,1.00359879820885
234,2,3,categorization,0,livingroom,SHINEd_livingroom_005.tif,64,0.1,0.0666666666666667,1.30075131475565
234,3,3,categorization,0,livingroom,SHINEd_livingroom_043.tif,88,0.1,0.0666666666666667,1.41508053227895
234,4,3,categorization,0,bedroom,SHINEd_bedroom_020.tif,19,0.1,0.0666666666666667,1.17130428301353
234,5,3,categorization,0,livingroom,SHINEd_livingroom_089.tif,107,0.1,0.0666666666666667,1.26912278629173
234,6,3,categorization,0,bedroom,SHINEd_bedroom_099.tif,51,0.1,0.0666666666666667,1.04510568207066
234,7,3,categorization,0,livingroom,SHINEd_livingroom_072.tif,101,0.1,0.0666666666666667,1.00521009844314
234,8,3,categorization,0,livingroom,SHINEd_livingroom_008.tif,67,0.1,0.0666666666666667,1.11456802086859
234,9,3,categorization,0,livingroom,SHINEd_livingroom_001.tif,61,0.1,0.0666666666666667,1.4575757595299
234,10,3,categorization,0,livingroom,SHINEd_livingroom_048.tif,91,0.1,0.0666666666666667,0.915346641843465
234,11,3,categorization,0,livingroom,SHINEd_livingroom_031.tif,83,0.1,0.0666666666666667,0.769582740753546
234,12,3,categorization,0,livingroom,SHINEd_livingroom_092.tif,109,0.1,0.0666666666666667,1.03276013951736
234,13,3,categorization,0,bedroom,SHINEd_bedroom_067.tif,37,0.1,0.0666666666666667,1.60722188440734
234,14,3,categorization,0,bedroom,SHINEd_bedroom_048.tif,32,0.1,0.0666666666666667,0.920939365994722
234,15,3,categorization,0,livingroom,SHINEd_livingroom_073.tif,102,0.1,0.0666666666666667,0.859452274001779
234,16,3,categorization,0,livingroom,SHINEd_livingroom_004.tif,63,0.1,0.0666666666666667,1.19097324811714
234,17,3,categorization,0,livingroom,SHINEd_livingroom_018.tif,73,0.1,0.0666666666666667,1.63570922505255
234,18,3,categorization,0,bedroom,SHINEd_bedroom_069.tif,39,0.1,0.0666666666666667,0.969265321760172
234,19,3,categorization,0,livingroom,SHINEd_livingroom_024.tif,78,0.1,0.0666666666666667,0.950798778094645
234,20,3,categorization,0,bedroom,SHINEd_bedroom_062.tif,36,0.1,0.0666666666666667,1.20459267434534
234,21,3,categorization,0,livingroom,SHINEd_livingroom_054.tif,95,0.1,0.0666666666666667,1.1647039557372
234,22,3,categorization,0,livingroom,SHINEd_livingroom_003.tif,62,0.1,0.0666666666666667,0.704383620660146
234,23,3,categorization,0,livingroom,SHINEd_livingroom_090.tif,108,0.1,0.0666666666666667,0.959031409519116
234,24,3,categorization,0,livingroom,SHINEd_livingroom_010.tif,68,0.1,0.0666666666666667,1.60882956325823
234,25,3,categorization,0,livingroom,SHINEd_livingroom_046.tif,89,0.1,0.0666666666666667,0.738643945003687
234,26,3,categorization,0,bedroom,SHINEd_bedroom_106.tif,52,0.1,0.0666666666666667,1.48426032807193
234,27,3,categorization,0,bedroom,SHINEd_bedroom_012.tif,15,0.1,0.0666666666666667,0.914245988102653
234,28,3,categorization,0,bedroom,SHINEd_bedroom_036.tif,25,0.1,0.0666666666666667,1.36698603007078
234,29,3,categorization,0,bedroom,SHINEd_bedroom_086.tif,45,0.1,0.0666666666666667,1.48354568784478
234,30,3,categorization,0,livingroom,SHINEd_livingroom_083.tif,104,0.1,0.0666666666666667,0.974853229454173
234,31,3,categorization,0,bedroom,SHINEd_bedroom_125.tif,59,0.1,0.0666666666666667,0.706287557521834
234,32,3,categorization,0,bedroom,SHINEd_bedroom_008.tif,11,0.1,0.0666666666666667,1.03221131402396
234,33,3,categorization,0,bedroom,SHINEd_bedroom_052.tif,34,0.1,0.0666666666666667,1.19013007438397
234,34,3,categorization,0,livingroom,SHINEd_livingroom_032.tif,84,0.1,0.0666666666666667,1.58692588237803
234,35,3,categorization,0,bedroom,SHINEd_bedroom_112.tif,53,0.1,0.0666666666666667,1.08144967421744
234,36,3,categorization,0,bedroom,SHINEd_bedroom_114.tif,54,0.1,0.0666666666666667,1.87448464868487
234,37,3,categorization,0,livingroom,SHINEd_livingroom_028.tif,80,0.1,0.0666666666666667,1.61033662595611
234,38,3,categorization,0,livingroom,SHINEd_livingroom_055.tif,96,0.1,0.0666666666666667,0.812873636077748
234,39,3,categorization,0,livingroom,SHINEd_livingroom_036.tif,85,0.1,0.0666666666666667,1.10462066755297
234,40,3,categorization,0,bedroom,SHINEd_bedroom_032.tif,24,0.1,0.0666666666666667,1.82810631286508
234,41,3,categorization,0,bedroom,SHINEd_bedroom_039.tif,26,0.1,0.0666666666666667,1.72215844952843
234,42,3,categorization,0,livingroom,SHINEd_livingroom_088.tif,106,0.1,0.0666666666666667,0.858559936728886
234,43,3,categorization,0,bedroom,SHINEd_bedroom_074.tif,40,0.1,0.0666666666666667,0.733771725156385
234,44,3,categorization,0,bedroom,SHINEd_bedroom_097.tif,49,0.1,0.0666666666666667,1.86470891213826
234,45,3,categorization,0,bedroom,SHINEd_bedroom_016.tif,17,0.1,0.0666666666666667,1.93335235255385
234,46,3,categorization,0,bedroom,SHINEd_bedroom_075.tif,41,0.1,0.0666666666666667,1.81203790691071
234,47,3,categorization,0,livingroom,SHINEd_livingroom_068.tif,100,0.1,0.0666666666666667,0.917640671929185
234,48,3,categorization,0,bedroom,SHINEd_bedroom_080.tif,43,0.1,0.0666666666666667,1.08904239032717
234,49,3,categorization,0,bedroom,SHINEd_bedroom_098.tif,50,0.1,0.0666666666666667,0.786239366455905
234,50,3,categorization,0,bedroom,SHINEd_bedroom_011.tif,14,0.1,0.0666666666666667,1.33363409055642
234,1,4,categorization,0,livingroom,SHINEd_livingroom_047.tif,90,0.1,0.0666666666666667,0.993405186432244
234,2,4,categorization,0,bedroom,SHINEd_bedroom_014.tif,16,0.1,0.0666666666666667,1.54812186002378
234,3,4,categorization,0,bedroom,SHINEd_bedroom_090.tif,47,0.1,0.0666666666666667,1.24469737084646
234,4,4,categorization,0,bedroom,SHINEd_bedroom_118.tif,56,0.1,0.0666666666666667,1.35528340238991
234,5,4,categorization,0,livingroom,SHINEd_livingroom_016.tif,72,0.1,0.0666666666666667,1.50642715204217
234,6,4,categorization,0,livingroom,SHINEd_livingroom_057.tif,97,0.1,0.0666666666666667,0.922677105646945
234,7,4,categorization,0,bedroom,SHINEd_bedroom_079.tif,42,0.1,0.0666666666666667,1.73487709507352
234,8,4,categorization,0,livingroom,SHINEd_livingroom_037.tif,86,0.1,0.0666666666666667,1.52578034035385
234,9,4,categorization,0,livingroom,SHINEd_livingroom_62.tif,110,0.1,0.0666666666666667,0.793714807115597
234,10,4,categorization,0,bedroom,SHINEd_bedroom_056.tif,35,0.1,0.0666666666666667,1.64699909616104
234,11,4,categorization,0,livingroom,SHINEd_livingroom_025.tif,79,0.1,0.0666666666666667,1.14893970612166
234,12,4,categorization,0,livingroom,SHINEd_livingroom_023.tif,77,0.1,0.0666666666666667,1.02223862958611
234,13,4,categorization,0,bedroom,SHINEd_bedroom_051.tif,33,0.1,0.0666666666666667,1.05402227250645
234,14,4,categorization,0,bedroom,SHINEd_bedroom_085.tif,44,0.1,0.0666666666666667,0.853157509109027
234,15,4,categorization,0,bedroom,SHINEd_bedroom_089.tif,46,0.1,0.0666666666666667,1.92386393110044
234,16,4,categorization,0,livingroom,SHINEd_livingroom_081.tif,103,0.1,0.0666666666666667,0.803692094573545
234,17,4,categorization,0,bedroom,SHINEd_bedroom_120.tif,58,0.1,0.0666666666666667,0.720183320391695
234,18,4,categorization,0,livingroom,SHINEd_livingroom_052.tif,94,0.1,0.0666666666666667,1.50612912466734
234,19,4,categorization,0,bedroom,SHINEd_bedroom_010.tif,13,0.1,0.0666666666666667,1.99281252416856
234,20,4,categorization,0,livingroom,SHINEd_livingroom_019.tif,74,0.1,0.0666666666666667,1.52818566853518
234,21,4,categorization,0,livingroom,SHINEd_livingroom_029.tif,81,0.1,0.0666666666666667,0.712814246729987
234,22,4,categorization,0,bedroom,SHINEd_bedroom_018.tif,18,0.1,0.0666666666666667,1.09479793035222
234,23,4,categorization,0,livingroom,SHINEd_livingroom_006.tif,65,0.1,0.0666666666666667,0.771928600460093
234,24,4,categorization,0,bedroom,SHINEd_bedroom_068.tif,38,0.1,0.0666666666666667,0.834576933102786
234,25,4,categorization,0,bedroom,SHINEd_bedroom_116.tif,55,0.1,0.0666666666666667,0.857094267629203
234,26,4,categorization,0,bedroom,SHINEd_bedroom_126.tif,60,0.1,0.0666666666666667,1.11300278334575
234,27,4,categorization,0,bedroom,SHINEd_bedroom_030.tif,23,0.1,0.0666666666666667,0.941606993496042
234,28,4,categorization,0,bedroom,SHINEd_bedroom_025.tif,21,0.1,0.0666666666666667,1.46550683313812
234,29,4,categorization,0,bedroom,SHINEd_bedroom_119.tif,57,0.1,0.0666666666666667,1.26428158211265
234,30,4,categorization,0,livingroom,SHINEd_livingroom_059.tif,98,0.1,0.0666666666666667,0.835095592202193
234,31,4,categorization,0,bedroom,SHINEd_bedroom_029.tif,22,0.1,0.0666666666666667,1.34483305489968
234,32,4,categorization,0,bedroom,SHINEd_bedroom_009.tif,12,0.1,0.0666666666666667,1.57667769805007
234,33,4,categorization,0,bedroom,SHINEd_bedroom_093.tif,48,0.1,0.0666666666666667,0.711088083159971
234,34,4,categorization,0,bedroom,SHINEd_bedroom_046.tif,30,0.1,0.0666666666666667,1.89111894627654
234,35,4,categorization,0,livingroom,SHINEd_livingroom_030.tif,82,0.1,0.0666666666666667,1.48527219763751
234,36,4,categorization,0,bedroom,SHINEd_bedroom_023.tif,20,0.1,0.0666666666666667,0.934856741012091
234,37,4,categorization,0,livingroom,SHINEd_livingroom_013.tif,70,0.1,0.0666666666666667,1.02098541155733
234,38,4,categorization,0,bedroom,SHINEd_bedroom_045.tif,29,0.1,0.0666666666666667,0.78269440006088
234,39,4,categorization,0,livingroom,SHINEd_livingroom_007.tif,66,0.1,0.0666666666666667,1.31331115343009
234,40,4,categorization,0,livingroom,SHINEd_livingroom_022.tif,76,0.1,0.0666666666666667,1.08438848772244
234,41,4,categorization,0,bedroom,SHINEd_bedroom_042.tif,28,0.1,0.0666666666666667,1.53969220684239
234,42,4,categorization,0,livingroom,SHINEd_livingroom_014.tif,71,0.1,0.0666666666666667,1.30732413672568
234,43,4,categorization,0,livingroom,SHINEd_livingroom_049.tif,92,0.1,0.0666666666666667,1.62054406372907
234,44,4,categorization,0,bedroom,SHINEd_bedroom_047.tif,31,0.1,0.0666666666666667,1.25404006448589
234,45,4,categorization,0,bedroom,SHINEd_bedroom_041.tif,27,0.1,0.0666666666666667,0.810684801112529
234,46,4,categorization,0,livingroom,SHINEd_livingroom_020.tif,75,0.1,0.0666666666666667,1.09983794936967
234,47,4,categorization,0,livingroom,SHINEd_livingroom_060.tif,99,0.1,0.0666666666666667,0.759855063342395
234,48,4,categorization,0,livingroom,SHINEd_livingroom_087.tif,105,0.1,0.0666666666666667,0.745522585585626
234,49,4,categorization,0,livingroom,SHINEd_livingroom_039.tif,87,0.1,0.0666666666666667,0.959425586040473
234,50,4,categorization,0,livingroom,SHINEd_livingroom_050.tif,93,0.1,0.0666666666666667,1.50647541103604
234,1,5,categorization,0,bedroom,SHINEd_bedroom_041.tif,27,0.1,0.0666666666666667,1.28729315551434
234,2,5,categorization,0,bedroom,SHINEd_bedroom_118.tif,56,0.1,0.0666666666666667,0.796946440015704
234,3,5,categorization,0,bedroom,SHINEd_bedroom_014.tif,16,0.1,0.0666666666666667,0.95241981229149
234,4,5,categorization,0,bedroom,SHINEd_bedroom_098.tif,50,0.1,0.0666666666666667,0.925776224474661
234,5,5,categorization,0,livingroom,SHINEd_livingroom_054.tif,95,0.1,0.0666666666666667,1.5480082769292
234,6,5,categorization,0,livingroom,SHINEd_livingroom_072.tif,101,0.1,0.0666666666666667,0.981677681896983
234,7,5,categorization,0,bedroom,SHINEd_bedroom_062.tif,36,0.1,0.0666666666666667,1.20182239172617
234,8,5,categorization,0,bedroom,SHINEd_bedroom_029.tif,22,0.1,0.0666666666666667,0.78720247615661
234,9,5,categorization,0,bedroom,SHINEd_bedroom_046.tif,30,0.1,0.0666666666666667,1.11282870153989
234,10,5,categorization,0,bedroom,SHINEd_bedroom_042.tif,28,0.1,0.0666666666666667,1.03580702967017
234,11,5,categorization,0,bedroom,SHINEd_bedroom_120.tif,58,0.1,0.0666666666666667,1.34996121957759
234,12,5,categorization,0,livingroom,SHINEd_livingroom_019.tif,74,0.1,0.0666666666666667,1.77548908662267
234,13,5,categorization,0,bedroom,SHINEd_bedroom_114.tif,54,0.1,0.0666666666666667,1.50614541673487
234,14,5,categorization,0,bedroom,SHINEd_bedroom_116.tif,55,0.1,0.0666666666666667,1.83931295080098
234,15,5,categorization,0,livingroom,SHINEd_livingroom_060.tif,99,0.1,0.0666666666666667,1.30303015873974
234,16,5,categorization,0,bedroom,SHINEd_bedroom_018.tif,18,0.1,0.0666666666666667,1.36155982879938
234,17,5,categorization,0,livingroom,SHINEd_livingroom_016.tif,72,0.1,0.0666666666666667,1.70192718663859
234,18,5,categorization,0,bedroom,SHINEd_bedroom_047.tif,31,0.1,0.0666666666666667,1.1300176807477
234,19,5,categorization,0,livingroom,SHINEd_livingroom_005.tif,64,0.1,0.0666666666666667,1.95068243007856
234,20,5,categorization,0,bedroom,SHINEd_bedroom_052.tif,34,0.1,0.0666666666666667,0.93761719515592
234,21,5,categorization,0,bedroom,SHINEd_bedroom_045.tif,29,0.1,0.0666666666666667,0.765580835783758
234,22,5,categorization,0,livingroom,SHINEd_livingroom_090.tif,108,0.1,0.0666666666666667,0.749421061181524
234,23,5,categorization,0,livingroom,SHINEd_livingroom_059.tif,98,0.1,0.0666666666666667,1.44854845126776
234,24,5,categorization,0,bedroom,SHINEd_bedroom_089.tif,46,0.1,0.0666666666666667,1.08428924307017
234,25,5,categorization,0,livingroom,SHINEd_livingroom_081.tif,103,0.1,0.0666666666666667,1.41586412983504
234,26,5,categorization,0,livingroom,SHINEd_livingroom_048.tif,91,0.1,0.0666666666666667,0.944107210491202
234,27,5,categorization,0,livingroom,SHINEd_livingroom_006.tif,65,0.1,0.0666666666666667,0.925148803525617
234,28,5,categorization,0,bedroom,SHINEd_bedroom_086.tif,45,0.1,0.0666666666666667,0.816547876996573
234,29,5,categorization,0,bedroom,SHINEd_bedroom_036.tif,25,0.1,0.0666666666666667,0.823579069368042
234,30,5,categorization,0,bedroom,SHINEd_bedroom_099.tif,51,0.1,0.0666666666666667,0.729991251815386
234,31,5,categorization,0,livingroom,SHINEd_livingroom_010.tif,68,0.1,0.0666666666666667,1.23279513822355
234,32,5,categorization,0,livingroom,SHINEd_livingroom_036.tif,85,0.1,0.0666666666666667,0.751572068020769
234,33,5,categorization,0,livingroom,SHINEd_livingroom_023.tif,77,0.1,0.0666666666666667,1.702883172055
234,34,5,categorization,0,livingroom,SHINEd_livingroom_037.tif,86,0.1,0.0666666666666667,1.09131015329303
234,35,5,categorization,0,bedroom,SHINEd_bedroom_011.tif,14,0.1,0.0666666666666667,0.906511956587025
234,36,5,categorization,0,livingroom,SHINEd_livingroom_022.tif,76,0.1,0.0666666666666667,1.33542268355785
234,37,5,categorization,0,bedroom,SHINEd_bedroom_097.tif,49,0.1,0.0666666666666667,1.29013882873889
234,38,5,categorization,0,livingroom,SHINEd_livingroom_013.tif,70,0.1,0.0666666666666667,0.831475345308806
234,39,5,categorization,0,bedroom,SHINEd_bedroom_056.tif,35,0.1,0.0666666666666667,0.781259572000867
234,40,5,categorization,0,bedroom,SHINEd_bedroom_090.tif,47,0.1,0.0666666666666667,1.4861348802382
234,41,5,categorization,0,livingroom,SHINEd_livingroom_073.tif,102,0.1,0.0666666666666667,0.806324386423057
234,42,5,categorization,0,livingroom,SHINEd_livingroom_052.tif,94,0.1,0.0666666666666667,1.70039451021338
234,43,5,categorization,0,bedroom,SHINEd_bedroom_126.tif,60,0.1,0.0666666666666667,1.6600705805772
234,44,5,categorization,0,livingroom,SHINEd_livingroom_025.tif,79,0.1,0.0666666666666667,0.993356532909204
234,45,5,categorization,0,livingroom,SHINEd_livingroom_020.tif,75,0.1,0.0666666666666667,1.02998359644432
234,46,5,categorization,0,bedroom,SHINEd_bedroom_067.tif,37,0.1,0.0666666666666667,0.901150018890488
234,47,5,categorization,0,livingroom,SHINEd_livingroom_028.tif,80,0.1,0.0666666666666667,1.13204756036942
234,48,5,categorization,0,bedroom,SHINEd_bedroom_079.tif,42,0.1,0.0666666666666667,1.33531094775298
234,49,5,categorization,0,bedroom,SHINEd_bedroom_119.tif,57,0.1,0.0666666666666667,1.61315328738562
234,50,5,categorization,0,livingroom,SHINEd_livingroom_001.tif,61,0.1,0.0666666666666667,1.42612176864613
234,1,6,categorization,0,livingroom,SHINEd_livingroom_057.tif,97,0.1,0.0666666666666667,1.63488375127801
234,2,6,categorization,0,livingroom,SHINEd_livingroom_024.tif,78,0.1,0.0666666666666667,0.854379776523058
234,3,6,categorization,0,bedroom,SHINEd_bedroom_009.tif,12,0.1,0.0666666666666667,1.15280589529365
234,4,6,categorization,0,bedroom,SHINEd_bedroom_023.tif,20,0.1,0.0666666666666667,1.04753215964424
234,5,6,categorization,0,bedroom,SHINEd_bedroom_010.tif,13,0.1,0.0666666666666667,1.22111811296875
234,6,6,categorization,0,bedroom,SHINEd_bedroom_075.tif,41,0.1,0.0666666666666667,1.17901485669664
234,7,6,categorization,0,livingroom,SHINEd_livingroom_004.tif,63,0.1,0.0666666666666667,0.714373814015772
234,8,6,categorization,0,livingroom,SHINEd_livingroom_039.tif,87,0.1,0.0666666666666667,0.915361846784529
234,9,6,categorization,0,bedroom,SHINEd_bedroom_030.tif,23,0.1,0.0666666666666667,1.8769514990123
234,10,6,categorization,0,bedroom,SHINEd_bedroom_112.tif,53,0.1,0.0666666666666667,0.730315903716699
234,11,6,categorization,0,bedroom,SHINEd_bedroom_106.tif,52,0.1,0.0666666666666667,1.11049943002006
234,12,6,categorization,0,livingroom,SHINEd_livingroom_092.tif,109,0.1,0.0666666666666667,1.14134210015043
234,13,6,categorization,0,livingroom,SHINEd_livingroom_047.tif,90,0.1,0.0666666666666667,1.38248645080954
234,14,6,categorization,0,bedroom,SHINEd_bedroom_032.tif,24,0.1,0.0666666666666667,1.90670517966907
234,15,6,categorization,0,bedroom,SHINEd_bedroom_074.tif,40,0.1,0.0666666666666667,1.57337976114849
234,16,6,categorization,0,livingroom,SHINEd_livingroom_007.tif,66,0.1,0.0666666666666667,1.06173651490843
234,17,6,categorization,0,livingroom,SHINEd_livingroom_003.tif,62,0.1,0.0666666666666667,1.46726947291109
234,18,6,categorization,0,bedroom,SHINEd_bedroom_025.tif,21,0.1,0.0666666666666667,1.37996348268431
234,19,6,categorization,0,livingroom,SHINEd_livingroom_62.tif,110,0.1,0.0666666666666667,0.919258092501182
234,20,6,categorization,0,livingroom,SHINEd_livingroom_030.tif,82,0.1,0.0666666666666667,1.47854001608121
234,21,6,categorization,0,livingroom,SHINEd_livingroom_083.tif,104,0.1,0.0666666666666667,1.81349930409694
234,22,6,categorization,0,livingroom,SHINEd_livingroom_055.tif,96,0.1,0.0666666666666667,0.86590293844168
234,23,6,categorization,0,bedroom,SHINEd_bedroom_048.tif,32,0.1,0.0666666666666667,0.832157142064353
234,24,6,categorization,0,livingroom,SHINEd_livingroom_029.tif,81,0.1,0.0666666666666667,0.787341374100266
234,25,6,categorization,0,livingroom,SHINEd_livingroom_018.tif,73,0.1,0.0666666666666667,1.37148382715086
234,26,6,categorization,0,bedroom,SHINEd_bedroom_068.tif,38,0.1,0.0666666666666667,1.27998160083501
234,27,6,categorization,0,bedroom,SHINEd_bedroom_020.tif,19,0.1,0.0666666666666667,1.24992983128943
234,28,6,categorization,0,bedroom,SHINEd_bedroom_039.tif,26,0.1,0.0666666666666667,0.848931106495078
234,29,6,categorization,0,bedroom,SHINEd_bedroom_051.tif,33,0.1,0.0666666666666667,0.868528057206972
234,30,6,categorization,0,livingroom,SHINEd_livingroom_046.tif,89,0.1,0.0666666666666667,1.60526159582171
234,31,6,categorization,0,bedroom,SHINEd_bedroom_125.tif,59,0.1,0.0666666666666667,1.18147829227862
234,32,6,categorization,0,livingroom,SHINEd_livingroom_087.tif,105,0.1,0.0666666666666667,0.804046764191221
234,33,6,categorization,0,livingroom,SHINEd_livingroom_049.tif,92,0.1,0.0666666666666667,0.870121728213699
234,34,6,categorization,0,bedroom,SHINEd_bedroom_085.tif,44,0.1,0.0666666666666667,0.816725876633912
234,35,6,categorization,0,livingroom,SHINEd_livingroom_050.tif,93,0.1,0.0666666666666667,0.953408928055037
234,36,6,categorization,0,bedroom,SHINEd_bedroom_080.tif,43,0.1,0.0666666666666667,0.788124710212677
234,37,6,categorization,0,bedroom,SHINEd_bedroom_016.tif,17,0.1,0.0666666666666667,0.979742067010019
234,38,6,categorization,0,livingroom,SHINEd_livingroom_088.tif,106,0.1,0.0666666666666667,1.00356317132063
234,39,6,categorization,0,livingroom,SHINEd_livingroom_068.tif,100,0.1,0.0666666666666667,1.57278197549163
234,40,6,categorization,0,bedroom,SHINEd_bedroom_093.tif,48,0.1,0.0666666666666667,0.820070498379113
234,41,6,categorization,0,livingroom,SHINEd_livingroom_089.tif,107,0.1,0.0666666666666667,0.929838252786929
234,42,6,categorization,0,livingroom,SHINEd_livingroom_032.tif,84,0.1,0.0666666666666667,1.194732041023
234,43,6,categorization,0,livingroom,SHINEd_livingroom_031.tif,83,0.1,0.0666666666666667,1.60229686180765
234,44,6,categorization,0,livingroom,SHINEd_livingroom_008.tif,67,0.1,0.0666666666666667,1.047606649035
234,45,6,categorization,0,bedroom,SHINEd_bedroom_012.tif,15,0.1,0.0666666666666667,0.759695907194323
234,46,6,categorization,0,livingroom,SHINEd_livingroom_012.tif,69,0.1,0.0666666666666667,0.940459816339557
234,47,6,categorization,0,bedroom,SHINEd_bedroom_008.tif,11,0.1,0.0666666666666667,0.710857602874551
234,48,6,categorization,0,bedroom,SHINEd_bedroom_069.tif,39,0.1,0.0666666666666667,1.27339448217947
234,49,6,categorization,0,livingroom,SHINEd_livingroom_014.tif,71,0.1,0.0666666666666667,1.21899788252326
234,50,6,categorization,0,livingroom,SHINEd_livingroom_043.tif,88,0.1,0.0666666666666667,0.892951809380499
234,1,7,categorization,0,livingroom,SHINEd_livingroom_081.tif,103,0.1,0.0666666666666667,1.42810251338047
234,2,7,categorization,0,livingroom,SHINEd_livingroom_059.tif,98,0.1,0.0666666666666667,1.33059515043755
234,3,7,categorization,0,bedroom,SHINEd_bedroom_036.tif,25,0.1,0.0666666666666667,0.919411728354227
234,4,7,categorization,0,bedroom,SHINEd_bedroom_068.tif,38,0.1,0.0666666666666667,0.85915257452777
234,5,7,categorization,0,livingroom,SHINEd_livingroom_024.tif,78,0.1,0.0666666666666667,1.16069802652412
234,6,7,categorization,0,bedroom,SHINEd_bedroom_051.tif,33,0.1,0.0666666666666667,0.737273104016543
234,7,7,categorization,0,bedroom,SHINEd_bedroom_020.tif,19,0.1,0.0666666666666667,1.16424296628239
234,8,7,categorization,0,bedroom,SHINEd_bedroom_011.tif,14,0.1,0.0666666666666667,1.46303539811523
234,9,7,categorization,0,bedroom,SHINEd_bedroom_047.tif,31,0.1,0.0666666666666667,1.49037019640693
234,10,7,categorization,0,bedroom,SHINEd_bedroom_014.tif,16,0.1,0.0666666666666667,0.864044983413296
234,11,7,categorization,0,bedroom,SHINEd_bedroom_025.tif,21,0.1,0.0666666666666667,1.22379732080804
234,12,7,categorization,0,livingroom,SHINEd_livingroom_057.tif,97,0.1,0.0666666666666667,0.753998690026749
234,13,7,categorization,0,livingroom,SHINEd_livingroom_012.tif,69,0.1,0.0666666666666667,1.33948126832563
234,14,7,categorization,0,bedroom,SHINEd_bedroom_046.tif,30,0.1,0.0666666666666667,1.33873712668505
234,15,7,categorization,0,bedroom,SHINEd_bedroom_099.tif,51,0.1,0.0666666666666667,0.808790515350121
234,16,7,categorization,0,bedroom,SHINEd_bedroom_052.tif,34,0.1,0.0666666666666667,1.64708902340961
234,17,7,categorization,0,livingroom,SHINEd_livingroom_029.tif,81,0.1,0.0666666666666667,1.95769288039424
234,18,7,categorization,0,bedroom,SHINEd_bedroom_030.tif,23,0.1,0.0666666666666667,1.49535034943198
234,19,7,categorization,0,livingroom,SHINEd_livingroom_060.tif,99,0.1,0.0666666666666667,0.711525154396853
234,20,7,categorization,0,bedroom,SHINEd_bedroom_093.tif,48,0.1,0.0666666666666667,1.59589648009566
234,21,7,categorization,0,livingroom,SHINEd_livingroom_008.tif,67,0.1,0.0666666666666667,0.700563684952426
234,22,7,categorization,0,bedroom,SHINEd_bedroom_008.tif,11,0.1,0.0666666666666667,1.7388554627918
234,23,7,categorization,0,bedroom,SHINEd_bedroom_029.tif,22,0.1,0.0666666666666667,1.65991106333915
234,24,7,categorization,0,livingroom,SHINEd_livingroom_087.tif,105,0.1,0.0666666666666667,1.61434387905662
234,25,7,categorization,0,bedroom,SHINEd_bedroom_098.tif,50,0.1,0.0666666666666667,0.884652224852386
234,26,7,categorization,0,bedroom,SHINEd_bedroom_012.tif,15,0.1,0.0666666666666667,1.73581406131255
234,27,7,categorization,0,livingroom,SHINEd_livingroom_039.tif,87,0.1,0.0666666666666667,0.992123944169057
234,28,7,categorization,0,livingroom,SHINEd_livingroom_047.tif,90,0.1,0.0666666666666667,1.25578324520846
234,29,7,categorization,0,livingroom,SHINEd_livingroom_030.tif,82,0.1,0.0666666666666667,1.36611406544078
234,30,7,categorization,0,livingroom,SHINEd_livingroom_014.tif,71,0.1,0.0666666666666667,1.36390941698692
234,31,7,categorization,0,bedroom,SHINEd_bedroom_045.tif,29,0.1,0.0666666666666667,1.32204503026133
234,32,7,categorization,0,livingroom,SHINEd_livingroom_020.tif,75,0.1,0.0666666666666667,1.9723030932944
234,33,7,categorization,0,livingroom,SHINEd_livingroom_090.tif,108,0.1,0.0666666666666667,1.62409902715592
234,34,7,categorization,0,bedroom,SHINEd_bedroom_125.tif,59,0.1,0.0666666666666667,1.2071810091407
234,35,7,categorization,0,bedroom,SHINEd_bedroom_075.tif,41,0.1,0.0666666666666667,1.31590398440235
234,36,7,categorization,0,livingroom,SHINEd_livingroom_049.tif,92,0.1,0.0666666666666667,0.822419575112441
234,37,7,categorization,0,bedroom,SHINEd_bedroom_067.tif,37,0.1,0.0666666666666667,0.983240459829017
234,38,7,categorization,0,bedroom,SHINEd_bedroom_042.tif,28,0.1,0.0666666666666667,1.22047171145916
234,39,7,categorization,0,bedroom,SHINEd_bedroom_085.tif,44,0.1,0.0666666666666667,1.05539557830724
234,40,7,categorization,0,livingroom,SHINEd_livingroom_088.tif,106,0.1,0.0666666666666667,1.63573457608393
234,41,7,categorization,0,livingroom,SHINEd_livingroom_028.tif,80,0.1,0.0666666666666667,0.882654991854089
234,42,7,categorization,0,bedroom,SHINEd_bedroom_074.tif,40,0.1,0.0666666666666667,1.45341805957717
234,43,7,categorization,0,livingroom,SHINEd_livingroom_054.tif,95,0.1,0.0666666666666667,1.73189706521592
234,44,7,categorization,0,livingroom,SHINEd_livingroom_006.tif,65,0.1,0.0666666666666667,1.55616857327054
234,45,7,categorization,0,bedroom,SHINEd_bedroom_112.tif,53,0.1,0.0666666666666667,0.827352896036883
234,46,7,categorization,0,livingroom,SHINEd_livingroom_073.tif,102,0.1,0.0666666666666667,0.837665873524003
234,47,7,categorization,0,bedroom,SHINEd_bedroom_119.tif,57,0.1,0.0666666666666667,1.10303302225888
234,48,7,categorization,0,bedroom,SHINEd_bedroom_048.tif,32,0.1,0.0666666666666667,0.788458403949791
234,49,7,categorization,0,livingroom,SHINEd_livingroom_022.tif,76,0.1,0.0666666666666667,1.48084928493848
234,50,7,categorization,0,livingroom,SHINEd_livingroom_092.tif,109,0.1,0.0666666666666667,1.08469728732763
234,1,8,categorization,0,bedroom,SHINEd_bedroom_062.tif,36,0.1,0.0666666666666667,1.01067169186305
234,2,8,categorization,0,bedroom,SHINEd_bedroom_114.tif,54,0.1,0.0666666666666667,0.75174370548683
234,3,8,categorization,0,livingroom,SHINEd_livingroom_010.tif,68,0.1,0.0666666666666667,1.58273310463697
234,4,8,categorization,0,livingroom,SHINEd_livingroom_032.tif,84,0.1,0.0666666666666667,1.82902743168317
234,5,8,categorization,0,bedroom,SHINEd_bedroom_086.tif,45,0.1,0.0666666666666667,1.16349387580793
234,6,8,categorization,0,livingroom,SHINEd_livingroom_005.tif,64,0.1,0.0666666666666667,1.26937918131656
234,7,8,categorization,0,livingroom,SHINEd_livingroom_043.tif,88,0.1,0.0666666666666667,0.92575034580301
234,8,8,categorization,0,bedroom,SHINEd_bedroom_032.tif,24,0.1,0.0666666666666667,0.796845657950889
234,9,8,categorization,0,livingroom,SHINEd_livingroom_025.tif,79,0.1,0.0666666666666667,0.864884797570022
234,10,8,categorization,0,livingroom,SHINEd_livingroom_050.tif,93,0.1,0.0666666666666667,1.37352008039439
234,11,8,categorization,0,livingroom,SHINEd_livingroom_068.tif,100,0.1,0.0666666666666667,1.37127332805905
234,12,8,categorization,0,livingroom,SHINEd_livingroom_037.tif,86,0.1,0.0666666666666667,0.858552911816103
234,13,8,categorization,0,bedroom,SHINEd_bedroom_097.tif,49,0.1,0.0666666666666667,1.02341416518347
234,14,8,categorization,0,livingroom,SHINEd_livingroom_62.tif,110,0.1,0.0666666666666667,1.11357678274812
234,15,8,categorization,0,bedroom,SHINEd_bedroom_120.tif,58,0.1,0.0666666666666667,1.09940882573887
234,16,8,categorization,0,livingroom,SHINEd_livingroom_016.tif,72,0.1,0.0666666666666667,1.0294388233102
234,17,8,categorization,0,bedroom,SHINEd_bedroom_056.tif,35,0.1,0.0666666666666667,1.42916283767063
234,18,8,categorization,0,bedroom,SHINEd_bedroom_016.tif,17,0.1,0.0666666666666667,1.40369464757424
234,19,8,categorization,0,livingroom,SHINEd_livingroom_052.tif,94,0.1,0.0666666666666667,0.877075129171564
234,20,8,categorization,0,livingroom,SHINEd_livingroom_013.tif,70,0.1,0.0666666666666667,1.86379596497583
234,21,8,categorization,0,livingroom,SHINEd_livingroom_048.tif,91,0.1,0.0666666666666667,0.822314907129192
234,22,8,categorization,0,livingroom,SHINEd_livingroom_001.tif,61,0.1,0.0666666666666667,1.45849434948191
234,23,8,categorization,0,livingroom,SHINEd_livingroom_007.tif,66,0.1,0.0666666666666667,0.865576673129502
234,24,8,categorization,0,livingroom,SHINEd_livingroom_036.tif,85,0.1,0.0666666666666667,1.32491126935341
234,25,8,categorization,0,bedroom,SHINEd_bedroom_106.tif,52,0.1,0.0666666666666667,0.918655449324951
234,26,8,categorization,0,bedroom,SHINEd_bedroom_118.tif,56,0.1,0.0666666666666667,1.71315331712827
234,27,8,categorization,0,livingroom,SHINEd_livingroom_083.tif,104,0.1,0.0666666666666667,1.26199645003773
234,28,8,categorization,0,livingroom,SHINEd_livingroom_023.tif,77,0.1,0.0666666666666667,1.46797563398004
234,29,8,categorization,0,livingroom,SHINEd_livingroom_072.tif,101,0.1,0.0666666666666667,1.12573078869065
234,30,8,categorization,0,bedroom,SHINEd_bedroom_116.tif,55,0.1,0.0666666666666667,0.72113240551748
234,31,8,categorization,0,bedroom,SHINEd_bedroom_009.tif,12,0.1,0.0666666666666667,1.81041542948807
234,32,8,categorization,0,bedroom,SHINEd_bedroom_079.tif,42,0.1,0.0666666666666667,1.05292286692389
234,33,8,categorization,0,bedroom,SHINEd_bedroom_090.tif,47,0.1,0.0666666666666667,0.78282140278069
234,34,8,categorization,0,livingroom,SHINEd_livingroom_046.tif,89,0.1,0.0666666666666667,1.26881192246647
234,35,8,categorization,0,bedroom,SHINEd_bedroom_018.tif,18,0.1,0.0666666666666667,0.865565475486739
234,36,8,categorization,0,bedroom,SHINEd_bedroom_069.tif,39,0.1,0.0666666666666667,0.793685881216725
234,37,8,categorization,0,bedroom,SHINEd_bedroom_089.tif,46,0.1,0.0666666666666667,1.29015424584639
234,38,8,categorization,0,livingroom,SHINEd_livingroom_019.tif,74,0.1,0.0666666666666667,1.28288956661462
234,39,8,categorization,0,bedroom,SHINEd_bedroom_010.tif,13,0.1,0.0666666666666667,1.19341933989137
234,40,8,categorization,0,bedroom,SHINEd_bedroom_126.tif,60,0.1,0.0666666666666667,1.21422230954205
234,41,8,categorization,0,livingroom,SHINEd_livingroom_031.tif,83,0.1,0.0666666666666667,1.11079312526847
234,42,8,categorization,0,livingroom,SHINEd_livingroom_089.tif,107,0.1,0.0666666666666667,0.817304931666033
234,43,8,categorization,0,bedroom,SHINEd_bedroom_039.tif,26,0.1,0.0666666666666667,0.975091507603203
234,44,8,categorization,0,livingroom,SHINEd_livingroom_055.tif,96,0.1,0.0666666666666667,0.94261707187275
234,45,8,categorization,0,livingroom,SHINEd_livingroom_003.tif,62,0.1,0.0666666666666667,1.84173860808099
234,46,8,categorization,0,livingroom,SHINEd_livingroom_004.tif,63,0.1,0.0666666666666667,0.845532626530997
234,47,8,categorization,0,bedroom,SHINEd_bedroom_041.tif,27,0.1,0.0666666666666667,1.11217123583432
234,48,8,categorization,0,bedroom,SHINEd_bedroom_023.tif,20,0.1,0.0666666666666667,0.750726607259582
234,49,8,categorization,0,bedroom,SHINEd_bedroom_080.tif,43,0.1,0.0666666666666667,0.716206396815678
234,50,8,categorization,0,livingroom,SHINEd_livingroom_018.tif,73,0.1,0.0666666666666667,0.980556304549221
234,1,9,categorization,0,livingroom,SHINEd_livingroom_022.tif,76,0.1,0.0666666666666667,1.57729625001587
234,2,9,categorization,0,bedroom,SHINEd_bedroom_008.tif,11,0.1,0.0666666666666667,1.91287658520588
234,3,9,categorization,0,bedroom,SHINEd_bedroom_009.tif,12,0.1,0.0666666666666667,0.949790990365954
234,4,9,categorization,0,livingroom,SHINEd_livingroom_032.tif,84,0.1,0.0666666666666667,1.34502305210485
234,5,9,categorization,0,livingroom,SHINEd_livingroom_068.tif,100,0.1,0.0666666666666667,0.711760641871847
234,6,9,categorization,0,livingroom,SHINEd_livingroom_008.tif,67,0.1,0.0666666666666667,1.90579686329553
234,7,9,categorization,0,bedroom,SHINEd_bedroom_045.tif,29,0.1,0.0666666666666667,1.82821884698004
234,8,9,categorization,0,bedroom,SHINEd_bedroom_119.tif,57,0.1,0.0666666666666667,0.991244921232083
234,9,9,categorization,0,livingroom,SHINEd_livingroom_055.tif,96,0.1,0.0666666666666667,1.62928374633621
234,10,9,categorization,0,livingroom,SHINEd_livingroom_010.tif,68,0.1,0.0666666666666667,0.972119065127181
234,11,9,categorization,0,livingroom,SHINEd_livingroom_013.tif,70,0.1,0.0666666666666667,1.09894090409147
234,12,9,categorization,0,bedroom,SHINEd_bedroom_039.tif,26,0.1,0.0666666666666667,1.01928602637697
234,13,9,categorization,0,bedroom,SHINEd_bedroom_089.tif,46,0.1,0.0666666666666667,0.700030584369696
234,14,9,categorization,0,bedroom,SHINEd_bedroom_075.tif,41,0.1,0.0666666666666667,0.895110420388539
234,15,9,categorization,0,bedroom,SHINEd_bedroom_099.tif,51,0.1,0.0666666666666667,1.89140573314722
234,16,9,categorization,0,livingroom,SHINEd_livingroom_030.tif,82,0.1,0.0666666666666667,0.763627224233658
234,17,9,categorization,0,livingroom,SHINEd_livingroom_003.tif,62,0.1,0.0666666666666667,0.889767691038998
234,18,9,categorization,0,bedroom,SHINEd_bedroom_036.tif,25,0.1,0.0666666666666667,1.6585027322536
234,19,9,categorization,0,bedroom,SHINEd_bedroom_112.tif,53,0.1,0.0666666666666667,0.850503993179163
234,20,9,categorization,0,bedroom,SHINEd_bedroom_062.tif,36,0.1,0.0666666666666667,1.27136932331751
234,21,9,categorization,0,bedroom,SHINEd_bedroom_030.tif,23,0.1,0.0666666666666667,1.81761523740169
234,22,9,categorization,0,bedroom,SHINEd_bedroom_097.tif,49,0.1,0.0666666666666667,1.73678318678497
234,23,9,categorization,0,bedroom,SHINEd_bedroom_012.tif,15,0.1,0.0666666666666667,0.869466774672101
234,24,9,categorization,0,livingroom,SHINEd_livingroom_028.tif,80,0.1,0.0666666666666667,1.63173108293815
234,25,9,categorization,0,livingroom,SHINEd_livingroom_043.tif,88,0.1,0.0666666666666667,0.85652863814428
234,26,9,categorization,0,livingroom,SHINEd_livingroom_037.tif,86,0.1,0.0666666666666667,1.11693454772548
234,27,9,categorization,0,bedroom,SHINEd_bedroom_016.tif,17,0.1,0.0666666666666667,1.69025374618126
234,28,9,categorization,0,livingroom,SHINEd_livingroom_092.tif,109,0.1,0.0666666666666667,1.21607934070552
234,29,9,categorization,0,bedroom,SHINEd_bedroom_106.tif,52,0.1,0.0666666666666667,1.0514553022497
234,30,9,categorization,0,bedroom,SHINEd_bedroom_051.tif,33,0.1,0.0666666666666667,1.2159854919322
234,31,9,categorization,0,bedroom,SHINEd_bedroom_052.tif,34,0.1,0.0666666666666667,1.03178573564292
234,32,9,categorization,0,bedroom,SHINEd_bedroom_010.tif,13,0.1,0.0666666666666667,1.39147425869981
234,33,9,categorization,0,livingroom,SHINEd_livingroom_073.tif,102,0.1,0.0666666666666667,1.38723813522838
234,34,9,categorization,0,livingroom,SHINEd_livingroom_004.tif,63,0.1,0.0666666666666667,1.19070057770882
234,35,9,categorization,0,livingroom,SHINEd_livingroom_050.tif,93,0.1,0.0666666666666667,0.709726744841091
234,36,9,categorization,0,livingroom,SHINEd_livingroom_012.tif,69,0.1,0.0666666666666667,0.937759823158336
234,37,9,categorization,0,bedroom,SHINEd_bedroom_079.tif,42,0.1,0.0666666666666667,1.20685119787613
234,38,9,categorization,0,livingroom,SHINEd_livingroom_059.tif,98,0.1,0.0666666666666667,0.774775525631204
234,39,9,categorization,0,livingroom,SHINEd_livingroom_024.tif,78,0.1,0.0666666666666667,1.56201210690641
234,40,9,categorization,0,bedroom,SHINEd_bedroom_074.tif,40,0.1,0.0666666666666667,0.798995528598926
234,41,9,categorization,0,bedroom,SHINEd_bedroom_116.tif,55,0.1,0.0666666666666667,0.836528363807301
234,42,9,categorization,0,bedroom,SHINEd_bedroom_125.tif,59,0.1,0.0666666666666667,1.89930927754367
234,43,9,categorization,0,livingroom,SHINEd_livingroom_060.tif,99,0.1,0.0666666666666667,1.27266628634173
234,44,9,categorization,0,livingroom,SHINEd_livingroom_023.tif,77,0.1,0.0666666666666667,1.35756385457066
234,45,9,categorization,0,bedroom,SHINEd_bedroom_032.tif,24,0.1,0.0666666666666667,1.67816013494244
234,46,9,categorization,0,livingroom,SHINEd_livingroom_083.tif,104,0.1,0.0666666666666667,0.907844256702256
234,47,9,categorization,0,livingroom,SHINEd_livingroom_005.tif,64,0.1,0.0666666666666667,1.09796918833787
234,48,9,categorization,0,bedroom,SHINEd_bedroom_069.tif,39,0.1,0.0666666666666667,1.85844868256145
234,49,9,categorization,0,bedroom,SHINEd_bedroom_090.tif,47,0.1,0.0666666666666667,1.07423178322687
234,50,9,categorization,0,livingroom,SHINEd_livingroom_046.tif,89,0.1,0.0666666666666667,1.31015467894127
234,1,10,categorization,0,bedroom,SHINEd_bedroom_098.tif,50,0.1,0.0666666666666667,1.05298148688011
234,2,10,categorization,0,bedroom,SHINEd_bedroom_080.tif,43,0.1,0.0666666666666667,1.41951231093613
234,3,10,categorization,0,bedroom,SHINEd_bedroom_025.tif,21,0.1,0.0666666666666667,1.68049686794541
234,4,10,categorization,0,livingroom,SHINEd_livingroom_016.tif,72,0.1,0.0666666666666667,0.80901102180704
234,5,10,categorization,0,livingroom,SHINEd_livingroom_057.tif,97,0.1,0.0666666666666667,0.944651341873292
234,6,10,categorization,0,bedroom,SHINEd_bedroom_120.tif,58,0.1,0.0666666666666667,0.923028230097798
234,7,10,categorization,0,bedroom,SHINEd_bedroom_048.tif,32,0.1,0.0666666666666667,1.70403533490892
234,8,10,categorization,0,livingroom,SHINEd_livingroom_081.tif,103,0.1,0.0666666666666667,1.9908289797978
234,9,10,categorization,0,livingroom,SHINEd_livingroom_048.tif,91,0.1,0.0666666666666667,1.07620336043715
234,10,10,categorization,0,livingroom,SHINEd_livingroom_018.tif,73,0.1,0.0666666666666667,0.763974781383791
234,11,10,categorization,0,livingroom,SHINEd_livingroom_088.tif,106,0.1,0.0666666666666667,0.999472756780673
234,12,10,categorization,0,livingroom,SHINEd_livingroom_052.tif,94,0.1,0.0666666666666667,1.15998037191017
234,13,10,categorization,0,bedroom,SHINEd_bedroom_018.tif,18,0.1,0.0666666666666667,0.817562518050291
234,14,10,categorization,0,livingroom,SHINEd_livingroom_087.tif,105,0.1,0.0666666666666667,1.83980481735705
234,15,10,categorization,0,bedroom,SHINEd_bedroom_093.tif,48,0.1,0.0666666666666667,1.16344007791748
234,16,10,categorization,0,livingroom,SHINEd_livingroom_089.tif,107,0.1,0.0666666666666667,0.713433160519782
234,17,10,categorization,0,livingroom,SHINEd_livingroom_036.tif,85,0.1,0.0666666666666667,1.31569231285698
234,18,10,categorization,0,bedroom,SHINEd_bedroom_014.tif,16,0.1,0.0666666666666667,1.17012635155332
234,19,10,categorization,0,bedroom,SHINEd_bedroom_042.tif,28,0.1,0.0666666666666667,1.96589377924245
234,20,10,categorization,0,bedroom,SHINEd_bedroom_118.tif,56,0.1,0.0666666666666667,0.754193207773431
234,21,10,categorization,0,livingroom,SHINEd_livingroom_014.tif,71,0.1,0.0666666666666667,0.920437749858902
234,22,10,categorization,0,livingroom,SHINEd_livingroom_047.tif,90,0.1,0.0666666666666667,1.21930063183215
234,23,10,categorization,0,livingroom,SHINEd_livingroom_62.tif,110,0.1,0.0666666666666667,1.6256895456704
234,24,10,categorization,0,livingroom,SHINEd_livingroom_072.tif,101,0.1,0.0666666666666667,1.61875475816494
234,25,10,categorization,0,bedroom,SHINEd_bedroom_086.tif,45,0.1,0.0666666666666667,0.911161230043431
234,26,10,categorization,0,bedroom,SHINEd_bedroom_126.tif,60,0.1,0.0666666666666667,1.08354330530862
234,27,10,categorization,0,livingroom,SHINEd_livingroom_054.tif,95,0.1,0.0666666666666667,1.02269737256278
234,28,10,categorization,0,livingroom,SHINEd_livingroom_031.tif,83,0.1,0.0666666666666667,1.15037817011954
234,29,10,categorization,0,livingroom,SHINEd_livingroom_029.tif,81,0.1,0.0666666666666667,1.3438394799991
234,30,10,categorization,0,livingroom,SHINEd_livingroom_025.tif,79,0.1,0.0666666666666667,0.925777146179045
234,31,10,categorization,0,bedroom,SHINEd_bedroom_056.tif,35,0.1,0.0666666666666667,0.91655184473963
234,32,10,categorization,0,livingroom,SHINEd_livingroom_007.tif,66,0.1,0.0666666666666667,1.60105358004777
234,33,10,categorization,0,bedroom,SHINEd_bedroom_011.tif,14,0.1,0.0666666666666667,1.37913697179362
234,34,10,categorization,0,bedroom,SHINEd_bedroom_085.tif,44,0.1,0.0666666666666667,1.04703645449179
234,35,10,categorization,0,bedroom,SHINEd_bedroom_041.tif,27,0.1,0.0666666666666667,1.27554448306239
234,36,10,categorization,0,bedroom,SHINEd_bedroom_046.tif,30,0.1,0.0666666666666667,1.25165077296062
234,37,10,categorization,0,livingroom,SHINEd_livingroom_090.tif,108,0.1,0.0666666666666667,1.69956903016124
234,38,10,categorization,0,bedroom,SHINEd_bedroom_023.tif,20,0.1,0.0666666666666667,0.919866862582063
234,39,10,categorization,0,bedroom,SHINEd_bedroom_047.tif,31,0.1,0.0666666666666667,1.51818892526215
234,40,10,categorization,0,livingroom,SHINEd_livingroom_006.tif,65,0.1,0.0666666666666667,0.847193984761186
234,41,10,categorization,0,bedroom,SHINEd_bedroom_114.tif,54,0.1,0.0666666666666667,1.06201433132139
234,42,10,categorization,0,livingroom,SHINEd_livingroom_019.tif,74,0.1,0.0666666666666667,1.63197056032693
234,43,10,categorization,0,bedroom,SHINEd_bedroom_067.tif,37,0.1,0.0666666666666667,0.788311980297864
234,44,10,categorization,0,bedroom,SHINEd_bedroom_068.tif,38,0.1,0.0666666666666667,1.04495296211386
234,45,10,categorization,0,livingroom,SHINEd_livingroom_020.tif,75,0.1,0.0666666666666667,1.17036489531836
234,46,10,categorization,0,livingroom,SHINEd_livingroom_049.tif,92,0.1,0.0666666666666667,0.77197219375933
234,47,10,categorization,0,livingroom,SHINEd_livingroom_039.tif,87,0.1,0.0666666666666667,0.76842538924161
234,48,10,categorization,0,bedroom,SHINEd_bedroom_020.tif,19,0.1,0.0666666666666667,1.00961978196384
234,49,10,categorization,0,livingroom,SHINEd_livingroom_001.tif,61,0.1,0.0666666666666667,1.58295487406616
234,50,10,categorization,0,bedroom,SHINEd_bedroom_029.tif,22,0.1,0.0666666666666667,1.88114811431078
234,1,11,categorization,0,bedroom,SHINEd_bedroom_098.tif,50,0.1,0.0666666666666667,0.951444429786427
234,2,11,categorization,0,bedroom,SHINEd_bedroom_125.tif,59,0.1,0.0666666666666667,1.57726994205895
234,3,11,categorization,0,livingroom,SHINEd_livingroom_087.tif,105,0.1,0.0666666666666667,1.22368464165244
234,4,11,categorization,0,livingroom,SHINEd_livingroom_043.tif,88,0.1,0.0666666666666667,1.59513359336759
234,5,11,categorization,0,livingroom,SHINEd_livingroom_072.tif,101,0.1,0.0666666666666667,1.23850174890152
234,6,11,categorization,0,bedroom,SHINEd_bedroom_099.tif,51,0.1,0.0666666666666667,0.789957440756122
234,7,11,categorization,0,livingroom,SHINEd_livingroom_036.tif,85,0.1,0.0666666666666667,0.760976653033546
234,8,11,categorization,0,bedroom,SHINEd_bedroom_051.tif,33,0.1,0.0666666666666667,0.720807024218162
234,9,11,categorization,0,livingroom,SHINEd_livingroom_010.tif,68,0.1,0.0666666666666667,1.28503475473242
234,10,11,categorization,0,bedroom,SHINEd_bedroom_126.tif,60,0.1,0.0666666666666667,1.38202062573033
234,11,11,categorization,0,bedroom,SHINEd_bedroom_018.tif,18,0.1,0.0666666666666667,0.879062345253689
234,12,11,categorization,0,bedroom,SHINEd_bedroom_080.tif,43,0.1,0.0666666666666667,1.09174536528463
234,13,11,categorization,0,livingroom,SHINEd_livingroom_008.tif,67,0.1,0.0666666666666667,1.75205806809738
234,14,11,categorization,0,bedroom,SHINEd_bedroom_056.tif,35,0.1,0.0666666666666667,1.15272347737341
234,15,11,categorization,0,bedroom,SHINEd_bedroom_047.tif,31,0.1,0.0666666666666667,1.88739131241471
234,16,11,categorization,0,bedroom,SHINEd_bedroom_046.tif,30,0.1,0.0666666666666667,1.28569754590695
234,17,11,categorization,0,livingroom,SHINEd_livingroom_052.tif,94,0.1,0.0666666666666667,1.20653931988986
234,18,11,categorization,0,livingroom,SHINEd_livingroom_029.tif,81,0.1,0.0666666666666667,1.46700798507754
234,19,11,categorization,0,livingroom,SHINEd_livingroom_019.tif,74,0.1,0.0666666666666667,1.28520200630404
234,20,11,categorization,0,livingroom,SHINEd_livingroom_012.tif,69,0.1,0.0666666666666667,1.08481972125875
234,21,11,categorization,0,bedroom,SHINEd_bedroom_016.tif,17,0.1,0.0666666666666667,0.733934094842673
234,22,11,categorization,0,livingroom,SHINEd_livingroom_013.tif,70,0.1,0.0666666666666667,0.881891049050263
234,23,11,categorization,0,bedroom,SHINEd_bedroom_020.tif,19,0.1,0.0666666666666667,1.30402578942266
234,24,11,categorization,0,bedroom,SHINEd_bedroom_090.tif,47,0.1,0.0666666666666667,0.919249834193566
234,25,11,categorization,0,bedroom,SHINEd_bedroom_069.tif,39,0.1,0.0666666666666667,1.4864401995865
234,26,11,categorization,0,bedroom,SHINEd_bedroom_079.tif,42,0.1,0.0666666666666667,1.48828260448685
234,27,11,categorization,0,bedroom,SHINEd_bedroom_074.tif,40,0.1,0.0666666666666667,1.03814056201091
234,28,11,categorization,0,bedroom,SHINEd_bedroom_116.tif,55,0.1,0.0666666666666667,1.19182221813012
234,29,11,categorization,0,livingroom,SHINEd_livingroom_050.tif,93,0.1,0.0666666666666667,1.1156593819456
234,30,11,categorization,0,livingroom,SHINEd_livingroom_092.tif,109,0.1,0.0666666666666667,0.766583392048406
234,31,11,categorization,0,bedroom,SHINEd_bedroom_114.tif,54,0.1,0.0666666666666667,1.31054518471404
234,32,11,categorization,0,bedroom,SHINEd_bedroom_012.tif,15,0.1,0.0666666666666667,1.91976055206738
234,33,11,categorization,0,bedroom,SHINEd_bedroom_118.tif,56,0.1,0.0666666666666667,0.793114933027025
234,34,11,categorization,0,bedroom,SHINEd_bedroom_093.tif,48,0.1,0.0666666666666667,1.40208646390172
234,35,11,categorization,0,livingroom,SHINEd_livingroom_046.tif,89,0.1,0.0666666666666667,1.07338282072995
234,36,11,categorization,0,bedroom,SHINEd_bedroom_067.tif,37,0.1,0.0666666666666667,1.01759810222169
234,37,11,categorization,0,bedroom,SHINEd_bedroom_025.tif,21,0.1,0.0666666666666667,0.816592904563311
234,38,11,categorization,0,bedroom,SHINEd_bedroom_036.tif,25,0.1,0.0666666666666667,1.15978924656819
234,39,11,categorization,0,bedroom,SHINEd_bedroom_008.tif,11,0.1,0.0666666666666667,0.790619738997404
234,40,11,categorization,0,bedroom,SHINEd_bedroom_039.tif,26,0.1,0.0666666666666667,1.37271803191375
234,41,11,categorization,0,livingroom,SHINEd_livingroom_018.tif,73,0.1,0.0666666666666667,1.52138260174503
234,42,11,categorization,0,livingroom,SHINEd_livingroom_081.tif,103,0.1,0.0666666666666667,1.30478555856799
234,43,11,categorization,0,bedroom,SHINEd_bedroom_086.tif,45,0.1,0.0666666666666667,0.978864140530921
234,44,11,categorization,0,bedroom,SHINEd_bedroom_042.tif,28,0.1,0.0666666666666667,0.980054660304115
234,45,11,categorization,0,livingroom,SHINEd_livingroom_049.tif,92,0.1,0.0666666666666667,1.13799991355832
234,46,11,categorization,0,livingroom,SHINEd_livingroom_039.tif,87,0.1,0.0666666666666667,1.58789004104963
234,47,11,categorization,0,bedroom,SHINEd_bedroom_120.tif,58,0.1,0.0666666666666667,1.43264713849024
234,48,11,categorization,0,bedroom,SHINEd_bedroom_041.tif,27,0.1,0.0666666666666667,0.969851535717654
234,49,11,categorization,0,bedroom,SHINEd_bedroom_068.tif,38,0.1,0.0666666666666667,1.20183173978919
234,50,11,categorization,0,livingroom,SHINEd_livingroom_006.tif,65,0.1,0.0666666666666667,1.14658943279597
234,1,12,categorization,0,livingroom,SHINEd_livingroom_083.tif,104,0.1,0.0666666666666667,0.926306572978684
234,2,12,categorization,0,livingroom,SHINEd_livingroom_037.tif,86,0.1,0.0666666666666667,1.61005555438759
234,3,12,categorization,0,bedroom,SHINEd_bedroom_097.tif,49,0.1,0.0666666666666667,1.14606440349124
234,4,12,categorization,0,livingroom,SHINEd_livingroom_030.tif,82,0.1,0.0666666666666667,0.856810466731018
234,5,12,categorization,0,bedroom,SHINEd_bedroom_075.tif,41,0.1,0.0666666666666667,1.46238121095207
234,6,12,categorization,0,livingroom,SHINEd_livingroom_022.tif,76,0.1,0.0666666666666667,1.02383218652153
234,7,12,categorization,0,bedroom,SHINEd_bedroom_089.tif,46,0.1,0.0666666666666667,1.10263133952034
234,8,12,categorization,0,bedroom,SHINEd_bedroom_029.tif,22,0.1,0.0666666666666667,1.14875476337775
234,9,12,categorization,0,bedroom,SHINEd_bedroom_032.tif,24,0.1,0.0666666666666667,0.847798225717063
234,10,12,categorization,0,livingroom,SHINEd_livingroom_059.tif,98,0.1,0.0666666666666667,1.22875876266894
234,11,12,categorization,0,livingroom,SHINEd_livingroom_073.tif,102,0.1,0.0666666666666667,0.83671327069342
234,12,12,categorization,0,bedroom,SHINEd_bedroom_052.tif,34,0.1,0.0666666666666667,1.61547991986905
234,13,12,categorization,0,bedroom,SHINEd_bedroom_045.tif,29,0.1,0.0666666666666667,0.83640134272579
234,14,12,categorization,0,livingroom,SHINEd_livingroom_024.tif,78,0.1,0.0666666666666667,1.14676477756159
234,15,12,categorization,0,livingroom,SHINEd_livingroom_005.tif,64,0.1,0.0666666666666667,1.73175386865416
234,16,12,categorization,0,livingroom,SHINEd_livingroom_003.tif,62,0.1,0.0666666666666667,1.20952351927439
234,17,12,categorization,0,bedroom,SHINEd_bedroom_023.tif,20,0.1,0.0666666666666667,1.060058435392
234,18,12,categorization,0,bedroom,SHINEd_bedroom_106.tif,52,0.1,0.0666666666666667,0.771125790679707
234,19,12,categorization,0,livingroom,SHINEd_livingroom_089.tif,107,0.1,0.0666666666666667,0.925766419580485
234,20,12,categorization,0,bedroom,SHINEd_bedroom_009.tif,12,0.1,0.0666666666666667,1.3038727133725
234,21,12,categorization,0,livingroom,SHINEd_livingroom_048.tif,91,0.1,0.0666666666666667,1.76713240141663
234,22,12,categorization,0,livingroom,SHINEd_livingroom_088.tif,106,0.1,0.0666666666666667,0.750873752693206
234,23,12,categorization,0,livingroom,SHINEd_livingroom_068.tif,100,0.1,0.0666666666666667,1.65426034909511
234,24,12,categorization,0,livingroom,SHINEd_livingroom_060.tif,99,0.1,0.0666666666666667,0.944661443559367
234,25,12,categorization,0,livingroom,SHINEd_livingroom_001.tif,61,0.1,0.0666666666666667,0.860045181919256
234,26,12,categorization,0,livingroom,SHINEd_livingroom_023.tif,77,0.1,0.0666666666666667,1.53209480868794
234,27,12,categorization,0,bedroom,SHINEd_bedroom_010.tif,13,0.1,0.0666666666666667,0.809727423865015
234,28,12,categorization,0,livingroom,SHINEd_livingroom_025.tif,79,0.1,0.0666666666666667,1.03967535001395
234,29,12,categorization,0,livingroom,SHINEd_livingroom_016.tif,72,0.1,0.0666666666666667,1.82045520148805
234,30,12,categorization,0,bedroom,SHINEd_bedroom_030.tif,23,0.1,0.0666666666666667,0.807091007934004
234,31,12,categorization,0,livingroom,SHINEd_livingroom_020.tif,75,0.1,0.0666666666666667,1.03373566554083
234,32,12,categorization,0,livingroom,SHINEd_livingroom_047.tif,90,0.1,0.0666666666666667,0.845318130886219
234,33,12,categorization,0,bedroom,SHINEd_bedroom_085.tif,44,0.1,0.0666666666666667,1.3519393529667
234,34,12,categorization,0,bedroom,SHINEd_bedroom_062.tif,36,0.1,0.0666666666666667,0.700731136307304
234,35,12,categorization,0,livingroom,SHINEd_livingroom_014.tif,71,0.1,0.0666666666666667,1.26882672792357
234,36,12,categorization,0,livingroom,SHINEd_livingroom_004.tif,63,0.1,0.0666666666666667,1.26553278360065
234,37,12,categorization,0,livingroom,SHINEd_livingroom_054.tif,95,0.1,0.0666666666666667,1.02828020438334
234,38,12,categorization,0,livingroom,SHINEd_livingroom_055.tif,96,0.1,0.0666666666666667,0.827747547625964
234,39,12,categorization,0,livingroom,SHINEd_livingroom_031.tif,83,0.1,0.0666666666666667,1.42570792329286
234,40,12,categorization,0,livingroom,SHINEd_livingroom_090.tif,108,0.1,0.0666666666666667,1.38776834205502
234,41,12,categorization,0,bedroom,SHINEd_bedroom_048.tif,32,0.1,0.0666666666666667,1.02895586822946
234,42,12,categorization,0,livingroom,SHINEd_livingroom_057.tif,97,0.1,0.0666666666666667,1.51519416606749
234,43,12,categorization,0,bedroom,SHINEd_bedroom_119.tif,57,0.1,0.0666666666666667,0.771981616979018
234,44,12,categorization,0,bedroom,SHINEd_bedroom_014.tif,16,0.1,0.0666666666666667,1.79906975598188
234,45,12,categorization,0,livingroom,SHINEd_livingroom_62.tif,110,0.1,0.0666666666666667,1.25622902561414
234,46,12,categorization,0,bedroom,SHINEd_bedroom_112.tif,53,0.1,0.0666666666666667,0.951466991746736
234,47,12,categorization,0,livingroom,SHINEd_livingroom_028.tif,80,0.1,0.0666666666666667,1.63178357133368
234,48,12,categorization,0,livingroom,SHINEd_livingroom_007.tif,66,0.1,0.0666666666666667,1.02887222482386
234,49,12,categorization,0,bedroom,SHINEd_bedroom_011.tif,14,0.1,0.0666666666666667,0.869509956981166
234,50,12,categorization,0,livingroom,SHINEd_livingroom_032.tif,84,0.1,0.0666666666666667,1.37140691164583
234,1,13,categorization,0,livingroom,SHINEd_livingroom_010.tif,68,0.1,0.0666666666666667,1.55721830819313
234,2,13,categorization,0,livingroom,SHINEd_livingroom_006.tif,65,0.1,0.0666666666666667,1.60081757105456
234,3,13,categorization,0,bedroom,SHINEd_bedroom_020.tif,19,0.1,0.0666666666666667,1.13156686560766
234,4,13,categorization,0,livingroom,SHINEd_livingroom_029.tif,81,0.1,0.0666666666666667,0.842897816313923
234,5,13,categorization,0,livingroom,SHINEd_livingroom_024.tif,78,0.1,0.0666666666666667,0.945755657493345
234,6,13,categorization,0,bedroom,SHINEd_bedroom_126.tif,60,0.1,0.0666666666666667,1.289199005642
234,7,13,categorization,0,bedroom,SHINEd_bedroom_036.tif,25,0.1,0.0666666666666667,1.66515489016298
234,8,13,categorization,0,livingroom,SHINEd_livingroom_047.tif,90,0.1,0.0666666666666667,1.09869311547799
234,9,13,categorization,0,livingroom,SHINEd_livingroom_014.tif,71,0.1,0.0666666666666667,1.64112387323739
234,10,13,categorization,0,bedroom,SHINEd_bedroom_010.tif,13,0.1,0.0666666666666667,0.972330101415382
234,11,13,categorization,0,bedroom,SHINEd_bedroom_116.tif,55,0.1,0.0666666666666667,1.25613964091961
234,12,13,categorization,0,livingroom,SHINEd_livingroom_048.tif,91,0.1,0.0666666666666667,0.976291144437744
234,13,13,categorization,0,bedroom,SHINEd_bedroom_009.tif,12,0.1,0.0666666666666667,1.94588140736386
234,14,13,categorization,0,bedroom,SHINEd_bedroom_120.tif,58,0.1,0.0666666666666667,1.45795061013888
234,15,13,categorization,0,bedroom,SHINEd_bedroom_041.tif,27,0.1,0.0666666666666667,1.37015222843818
234,16,13,categorization,0,bedroom,SHINEd_bedroom_079.tif,42,0.1,0.0666666666666667,1.05221859978989
234,17,13,categorization,0,bedroom,SHINEd_bedroom_008.tif,11,0.1,0.0666666666666667,1.28293199072764
234,18,13,categorization,0,livingroom,SHINEd_livingroom_089.tif,107,0.1,0.0666666666666667,1.30536318776068
234,19,13,categorization,0,bedroom,SHINEd_bedroom_047.tif,31,0.1,0.0666666666666667,1.24038589947116
234,20,13,categorization,0,livingroom,SHINEd_livingroom_001.tif,61,0.1,0.0666666666666667,1.99771276143564
234,21,13,categorization,0,bedroom,SHINEd_bedroom_056.tif,35,0.1,0.0666666666666667,0.869393255074567
234,22,13,categorization,0,livingroom,SHINEd_livingroom_052.tif,94,0.1,0.0666666666666667,0.913673460713669
234,23,13,categorization,0,bedroom,SHINEd_bedroom_048.tif,32,0.1,0.0666666666666667,1.47729007247385
234,24,13,categorization,0,livingroom,SHINEd_livingroom_043.tif,88,0.1,0.0666666666666667,1.05294409263418
234,25,13,categorization,0,bedroom,SHINEd_bedroom_014.tif,16,0.1,0.0666666666666667,1.78279666007117
234,26,13,categorization,0,livingroom,SHINEd_livingroom_083.tif,104,0.1,0.0666666666666667,0.877087191198031
234,27,13,categorization,0,livingroom,SHINEd_livingroom_025.tif,79,0.1,0.0666666666666667,1.11570360626735
234,28,13,categorization,0,livingroom,SHINEd_livingroom_019.tif,74,0.1,0.0666666666666667,1.55248834002315
234,29,13,categorization,0,livingroom,SHINEd_livingroom_013.tif,70,0.1,0.0666666666666667,1.73530335455985
234,30,13,categorization,0,bedroom,SHINEd_bedroom_025.tif,21,0.1,0.0666666666666667,1.6101484200898
234,31,13,categorization,0,livingroom,SHINEd_livingroom_049.tif,92,0.1,0.0666666666666667,0.854442906116778
234,32,13,categorization,0,bedroom,SHINEd_bedroom_067.tif,37,0.1,0.0666666666666667,1.22785904174285
234,33,13,categorization,0,bedroom,SHINEd_bedroom_039.tif,26,0.1,0.0666666666666667,1.50097531542717
234,34,13,categorization,0,livingroom,SHINEd_livingroom_007.tif,66,0.1,0.0666666666666667,0.872539372211924
234,35,13,categorization,0,livingroom,SHINEd_livingroom_032.tif,84,0.1,0.0666666666666667,0.720643297554104
234,36,13,categorization,0,bedroom,SHINEd_bedroom_086.tif,45,0.1,0.0666666666666667,1.42203848234558
234,37,13,categorization,0,livingroom,SHINEd_livingroom_62.tif,110,0.1,0.0666666666666667,0.85412443919667
234,38,13,categorization,0,livingroom,SHINEd_livingroom_073.tif,102,0.1,0.0666666666666667,0.740085808039281
234,39,13,categorization,0,livingroom,SHINEd_livingroom_092.tif,109,0.1,0.0666666666666667,0.733115191681187
234,40,13,categorization,0,livingroom,SHINEd_livingroom_031.tif,83,0.1,0.0666666666666667,0.852977767751059
234,41,13,categorization,0,livingroom,SHINEd_livingroom_039.tif,87,0.1,0.0666666666666667,1.25699638671651
234,42,13,categorization,0,bedroom,SHINEd_bedroom_029.tif,22,0.1,0.0666666666666667,0.856063007165329
234,43,13,categorization,0,bedroom,SHINEd_bedroom_018.tif,18,0.1,0.0666666666666667,1.46669852001969
234,44,13,categorization,0,bedroom,SHINEd_bedroom_112.tif,53,0.1,0.0666666666666667,1.35204519623314
234,45,13,categorization,0,bedroom,SHINEd_bedroom_069.tif,39,0.1,0.0666666666666667,0.934431553539652
234,46,13,categorization,0,livingroom,SHINEd_livingroom_005.tif,64,0.1,0.0666666666666667,1.68882189477678
234,47,13,categorization,0,bedroom,SHINEd_bedroom_085.tif,44,0.1,0.0666666666666667,1.97336583223709
234,48,13,categorization,0,livingroom,SHINEd_livingroom_018.tif,73,0.1,0.0666666666666667,0.946578369806119
234,49,13,categorization,0,bedroom,SHINEd_bedroom_106.tif,52,0.1,0.0666666666666667,1.13673972052085
234,50,13,categorization,0,livingroom,SHINEd_livingroom_004.tif,63,0.1,0.0666666666666667,1.30389448001
234,1,14,categorization,0,bedroom,SHINEd_bedroom_118.tif,56,0.1,0.0666666666666667,1.40586514184256
234,2,14,categorization,0,livingroom,SHINEd_livingroom_008.tif,67,0.1,0.0666666666666667,0.860339149117522
234,3,14,categorization,0,livingroom,SHINEd_livingroom_060.tif,99,0.1,0.0666666666666667,1.02952475462349
234,4,14,categorization,0,livingroom,SHINEd_livingroom_087.tif,105,0.1,0.0666666666666667,1.7939887960385
234,5,14,categorization,0,livingroom,SHINEd_livingroom_028.tif,80,0.1,0.0666666666666667,1.38424911787845
234,6,14,categorization,0,livingroom,SHINEd_livingroom_072.tif,101,0.1,0.0666666666666667,0.705094634610607
234,7,14,categorization,0,livingroom,SHINEd_livingroom_081.tif,103,0.1,0.0666666666666667,1.59865499748024
234,8,14,categorization,0,livingroom,SHINEd_livingroom_068.tif,100,0.1,0.0666666666666667,1.11835247804608
234,9,14,categorization,0,livingroom,SHINEd_livingroom_036.tif,85,0.1,0.0666666666666667,1.68540122835647
234,10,14,categorization,0,bedroom,SHINEd_bedroom_032.tif,24,0.1,0.0666666666666667,0.798561733245524
234,11,14,categorization,0,bedroom,SHINEd_bedroom_012.tif,15,0.1,0.0666666666666667,1.96939620848911
234,12,14,categorization,0,bedroom,SHINEd_bedroom_093.tif,48,0.1,0.0666666666666667,0.763190791401558
234,13,14,categorization,0,bedroom,SHINEd_bedroom_114.tif,54,0.1,0.0666666666666667,0.975215880597831
234,14,14,categorization,0,bedroom,SHINEd_bedroom_042.tif,28,0.1,0.0666666666666667,1.54064893165887
234,15,14,categorization,0,bedroom,SHINEd_bedroom_125.tif,59,0.1,0.0666666666666667,0.721985126076363
234,16,14,categorization,0,bedroom,SHINEd_bedroom_068.tif,38,0.1,0.0666666666666667,1.38995123889054
234,17,14,categorization,0,livingroom,SHINEd_livingroom_055.tif,96,0.1,0.0666666666666667,1.11452670903136
234,18,14,categorization,0,bedroom,SHINEd_bedroom_074.tif,40,0.1,0.0666666666666667,0.759029619966286
234,19,14,categorization,0,livingroom,SHINEd_livingroom_023.tif,77,0.1,0.0666666666666667,0.809012451173132
234,20,14,categorization,0,bedroom,SHINEd_bedroom_045.tif,29,0.1,0.0666666666666667,1.01192828495212
234,21,14,categorization,0,livingroom,SHINEd_livingroom_016.tif,72,0.1,0.0666666666666667,1.92192720435007
234,22,14,categorization,0,livingroom,SHINEd_livingroom_037.tif,86,0.1,0.0666666666666667,0.997029163125799
234,23,14,categorization,0,bedroom,SHINEd_bedroom_023.tif,20,0.1,0.0666666666666667,1.46417569410562
234,24,14,categorization,0,bedroom,SHINEd_bedroom_080.tif,43,0.1,0.0666666666666667,0.73549262474803
234,25,14,categorization,0,livingroom,SHINEd_livingroom_090.tif,108,0.1,0.0666666666666667,0.702222063669508
234,26,14,categorization,0,livingroom,SHINEd_livingroom_003.tif,62,0.1,0.0666666666666667,1.90679471147483
234,27,14,categorization,0,livingroom,SHINEd_livingroom_088.tif,106,0.1,0.0666666666666667,0.957312221121086
234,28,14,categorization,0,bedroom,SHINEd_bedroom_099.tif,51,0.1,0.0666666666666667,0.839932171336092
234,29,14,categorization,0,livingroom,SHINEd_livingroom_046.tif,89,0.1,0.0666666666666667,1.38536987147125
234,30,14,categorization,0,bedroom,SHINEd_bedroom_011.tif,14,0.1,0.0666666666666667,1.14506483203046
234,31,14,categorization,0,bedroom,SHINEd_bedroom_062.tif,36,0.1,0.0666666666666667,1.61949133322906
234,32,14,categorization,0,livingroom,SHINEd_livingroom_022.tif,76,0.1,0.0666666666666667,1.13129209275272
234,33,14,categorization,0,bedroom,SHINEd_bedroom_046.tif,30,0.1,0.0666666666666667,1.7288941992041
234,34,14,categorization,0,bedroom,SHINEd_bedroom_051.tif,33,0.1,0.0666666666666667,0.753825058193614
234,35,14,categorization,0,livingroom,SHINEd_livingroom_020.tif,75,0.1,0.0666666666666667,1.51853669251461
234,36,14,categorization,0,livingroom,SHINEd_livingroom_059.tif,98,0.1,0.0666666666666667,1.07434387700121
234,37,14,categorization,0,bedroom,SHINEd_bedroom_097.tif,49,0.1,0.0666666666666667,0.833502269669376
234,38,14,categorization,0,bedroom,SHINEd_bedroom_030.tif,23,0.1,0.0666666666666667,1.3710178666532
234,39,14,categorization,0,bedroom,SHINEd_bedroom_052.tif,34,0.1,0.0666666666666667,1.06735985101231
234,40,14,categorization,0,livingroom,SHINEd_livingroom_057.tif,97,0.1,0.0666666666666667,0.85904790658052
234,41,14,categorization,0,livingroom,SHINEd_livingroom_012.tif,69,0.1,0.0666666666666667,1.08389097232343
234,42,14,categorization,0,livingroom,SHINEd_livingroom_050.tif,93,0.1,0.0666666666666667,1.91788344802609
234,43,14,categorization,0,bedroom,SHINEd_bedroom_075.tif,41,0.1,0.0666666666666667,1.15134345583684
234,44,14,categorization,0,bedroom,SHINEd_bedroom_119.tif,57,0.1,0.0666666666666667,1.81146455821781
234,45,14,categorization,0,bedroom,SHINEd_bedroom_098.tif,50,0.1,0.0666666666666667,1.22045963084919
234,46,14,categorization,0,livingroom,SHINEd_livingroom_054.tif,95,0.1,0.0666666666666667,1.07958391541049
234,47,14,categorization,0,bedroom,SHINEd_bedroom_089.tif,46,0.1,0.0666666666666667,1.12896894822632
234,48,14,categorization,0,bedroom,SHINEd_bedroom_090.tif,47,0.1,0.0666666666666667,0.961270827279161
234,49,14,categorization,0,bedroom,SHINEd_bedroom_016.tif,17,0.1,0.0666666666666667,1.96927989244903
234,50,14,categorization,0,livingroom,SHINEd_livingroom_030.tif,82,0.1,0.0666666666666667,1.25778237547762
234,1,15,categorization,0,livingroom,SHINEd_livingroom_036.tif,85,0.1,0.0666666666666667,1.45249569425646
234,2,15,categorization,0,livingroom,SHINEd_livingroom_050.tif,93,0.1,0.0666666666666667,1.25764045269823
234,3,15,categorization,0,livingroom,SHINEd_livingroom_087.tif,105,0.1,0.0666666666666667,1.89139504656487
234,4,15,categorization,0,bedroom,SHINEd_bedroom_079.tif,42,0.1,0.0666666666666667,0.937628506861977
234,5,15,categorization,0,bedroom,SHINEd_bedroom_046.tif,30,0.1,0.0666666666666667,1.78446771952901
234,6,15,categorization,0,bedroom,SHINEd_bedroom_018.tif,18,0.1,0.0666666666666667,1.50920559099809
234,7,15,categorization,0,bedroom,SHINEd_bedroom_009.tif,12,0.1,0.0666666666666667,1.40972620432973
234,8,15,categorization,0,bedroom,SHINEd_bedroom_125.tif,59,0.1,0.0666666666666667,1.88754542781123
234,9,15,categorization,0,bedroom,SHINEd_bedroom_016.tif,17,0.1,0.0666666666666667,1.52437754261792
234,10,15,categorization,0,bedroom,SHINEd_bedroom_080.tif,43,0.1,0.0666666666666667,1.98676892582535
234,11,15,categorization,0,bedroom,SHINEd_bedroom_045.tif,29,0.1,0.0666666666666667,1.39998197900686
234,12,15,categorization,0,bedroom,SHINEd_bedroom_020.tif,19,0.1,0.0666666666666667,1.04762353570814
234,13,15,categorization,0,livingroom,SHINEd_livingroom_023.tif,77,0.1,0.0666666666666667,0.782730826186802
234,14,15,categorization,0,bedroom,SHINEd_bedroom_116.tif,55,0.1,0.0666666666666667,1.06729717454274
234,15,15,categorization,0,livingroom,SHINEd_livingroom_020.tif,75,0.1,0.0666666666666667,1.02046550157814
234,16,15,categorization,0,bedroom,SHINEd_bedroom_023.tif,20,0.1,0.0666666666666667,1.49972012473824
234,17,15,categorization,0,livingroom,SHINEd_livingroom_088.tif,106,0.1,0.0666666666666667,0.812515556407574
234,18,15,categorization,0,bedroom,SHINEd_bedroom_074.tif,40,0.1,0.0666666666666667,0.897326473172645
234,19,15,categorization,0,bedroom,SHINEd_bedroom_032.tif,24,0.1,0.0666666666666667,0.722265817935
234,20,15,categorization,0,livingroom,SHINEd_livingroom_029.tif,81,0.1,0.0666666666666667,0.859089338552784
234,21,15,categorization,0,livingroom,SHINEd_livingroom_048.tif,91,0.1,0.0666666666666667,0.966320963642572
234,22,15,categorization,0,livingroom,SHINEd_livingroom_62.tif,110,0.1,0.0666666666666667,0.85319774463097
234,23,15,categorization,0,livingroom,SHINEd_livingroom_030.tif,82,0.1,0.0666666666666667,1.96681908565597
234,24,15,categorization,0,bedroom,SHINEd_bedroom_010.tif,13,0.1,0.0666666666666667,1.75520489425433
234,25,15,categorization,0,bedroom,SHINEd_bedroom_093.tif,48,0.1,0.0666666666666667,0.916159946971924
234,26,15,categorization,0,livingroom,SHINEd_livingroom_016.tif,72,0.1,0.0666666666666667,1.36341411128999
234,27,15,categorization,0,livingroom,SHINEd_livingroom_037.tif,86,0.1,0.0666666666666667,1.29143437613755
234,28,15,categorization,0,bedroom,SHINEd_bedroom_120.tif,58,0.1,0.0666666666666667,1.53549006773971
234,29,15,categorization,0,livingroom,SHINEd_livingroom_073.tif,102,0.1,0.0666666666666667,1.10709415982861
234,30,15,categorization,0,bedroom,SHINEd_bedroom_039.tif,26,0.1,0.0666666666666667,0.854944973287755
234,31,15,categorization,0,livingroom,SHINEd_livingroom_018.tif,73,0.1,0.0666666666666667,0.935758470552012
234,32,15,categorization,0,bedroom,SHINEd_bedroom_118.tif,56,0.1,0.0666666666666667,0.823524007355334
234,33,15,categorization,0,livingroom,SHINEd_livingroom_049.tif,92,0.1,0.0666666666666667,1.51159947275243
234,34,15,categorization,0,livingroom,SHINEd_livingroom_008.tif,67,0.1,0.0666666666666667,1.64282849645361
234,35,15,categorization,0,bedroom,SHINEd_bedroom_119.tif,57,0.1,0.0666666666666667,0.800488041423864
234,36,15,categorization,0,livingroom,SHINEd_livingroom_072.tif,101,0.1,0.0666666666666667,0.797765415150565
234,37,15,categorization,0,livingroom,SHINEd_livingroom_024.tif,78,0.1,0.0666666666666667,0.950482819595408
234,38,15,categorization,0,livingroom,SHINEd_livingroom_031.tif,83,0.1,0.0666666666666667,1.0416419081333
234,39,15,categorization,0,bedroom,SHINEd_bedroom_029.tif,22,0.1,0.0666666666666667,1.3867706098059
234,40,15,categorization,0,bedroom,SHINEd_bedroom_008.tif,11,0.1,0.0666666666666667,1.9476066263277
234,41,15,categorization,0,livingroom,SHINEd_livingroom_028.tif,80,0.1,0.0666666666666667,1.57428819339554
234,42,15,categorization,0,livingroom,SHINEd_livingroom_014.tif,71,0.1,0.0666666666666667,1.45221701239766
234,43,15,categorization,0,livingroom,SHINEd_livingroom_032.tif,84,0.1,0.0666666666666667,1.04904199204111
234,44,15,categorization,0,livingroom,SHINEd_livingroom_090.tif,108,0.1,0.0666666666666667,1.5360946812473
234,45,15,categorization,0,livingroom,SHINEd_livingroom_060.tif,99,0.1,0.0666666666666667,1.10388077637623
234,46,15,categorization,0,bedroom,SHINEd_bedroom_025.tif,21,0.1,0.0666666666666667,0.709494723345308
234,47,15,categorization,0,bedroom,SHINEd_bedroom_126.tif,60,0.1,0.0666666666666667,1.63090333928297
234,48,15,categorization,0,bedroom,SHINEd_bedroom_085.tif,44,0.1,0.0666666666666667,0.995265606393981
234,49,15,categorization,0,bedroom,SHINEd_bedroom_098.tif,50,0.1,0.0666666666666667,1.02501578026295
234,50,15,categorization,0,livingroom,SHINEd_livingroom_039.tif,87,0.1,0.0666666666666667,0.817786967314543
234,1,16,categorization,0,livingroom,SHINEd_livingroom_081.tif,103,0.1,0.0666666666666667,1.47264523913471
234,2,16,categorization,0,livingroom,SHINEd_livingroom_047.tif,90,0.1,0.0666666666666667,0.988615406604931
234,3,16,categorization,0,livingroom,SHINEd_livingroom_054.tif,95,0.1,0.0666666666666667,1.65903037508277
234,4,16,categorization,0,livingroom,SHINEd_livingroom_092.tif,109,0.1,0.0666666666666667,0.818904550220764
234,5,16,categorization,0,bedroom,SHINEd_bedroom_090.tif,47,0.1,0.0666666666666667,0.753582882083711
234,6,16,categorization,0,bedroom,SHINEd_bedroom_099.tif,51,0.1,0.0666666666666667,1.03543067909045
234,7,16,categorization,0,bedroom,SHINEd_bedroom_036.tif,25,0.1,0.0666666666666667,0.896785506127863
234,8,16,categorization,0,livingroom,SHINEd_livingroom_012.tif,69,0.1,0.0666666666666667,1.11715530311152
234,9,16,categorization,0,livingroom,SHINEd_livingroom_022.tif,76,0.1,0.0666666666666667,0.826611163748113
234,10,16,categorization,0,bedroom,SHINEd_bedroom_051.tif,33,0.1,0.0666666666666667,1.33677800593091
234,11,16,categorization,0,bedroom,SHINEd_bedroom_112.tif,53,0.1,0.0666666666666667,1.9517840998244
234,12,16,categorization,0,livingroom,SHINEd_livingroom_004.tif,63,0.1,0.0666666666666667,1.90713127162358
234,13,16,categorization,0,livingroom,SHINEd_livingroom_055.tif,96,0.1,0.0666666666666667,1.69457192113806
234,14,16,categorization,0,bedroom,SHINEd_bedroom_042.tif,28,0.1,0.0666666666666667,1.8376744016053
234,15,16,categorization,0,livingroom,SHINEd_livingroom_007.tif,66,0.1,0.0666666666666667,1.33281787479963
234,16,16,categorization,0,bedroom,SHINEd_bedroom_069.tif,39,0.1,0.0666666666666667,1.65952876289886
234,17,16,categorization,0,livingroom,SHINEd_livingroom_019.tif,74,0.1,0.0666666666666667,0.932644406134911
234,18,16,categorization,0,bedroom,SHINEd_bedroom_048.tif,32,0.1,0.0666666666666667,0.915589593530062
234,19,16,categorization,0,livingroom,SHINEd_livingroom_043.tif,88,0.1,0.0666666666666667,0.776037212489643
234,20,16,categorization,0,livingroom,SHINEd_livingroom_068.tif,100,0.1,0.0666666666666667,1.43557544777715
234,21,16,categorization,0,livingroom,SHINEd_livingroom_083.tif,104,0.1,0.0666666666666667,1.7202136127735
234,22,16,categorization,0,livingroom,SHINEd_livingroom_046.tif,89,0.1,0.0666666666666667,0.812938705676777
234,23,16,categorization,0,bedroom,SHINEd_bedroom_056.tif,35,0.1,0.0666666666666667,1.40613647245048
234,24,16,categorization,0,livingroom,SHINEd_livingroom_013.tif,70,0.1,0.0666666666666667,1.80621112111497
234,25,16,categorization,0,bedroom,SHINEd_bedroom_086.tif,45,0.1,0.0666666666666667,1.4512841562719
234,26,16,categorization,0,bedroom,SHINEd_bedroom_062.tif,36,0.1,0.0666666666666667,1.45557334695738
234,27,16,categorization,0,livingroom,SHINEd_livingroom_006.tif,65,0.1,0.0666666666666667,0.741943743112589
234,28,16,categorization,0,livingroom,SHINEd_livingroom_003.tif,62,0.1,0.0666666666666667,1.06173206103031
234,29,16,categorization,0,bedroom,SHINEd_bedroom_030.tif,23,0.1,0.0666666666666667,0.895818785305837
234,30,16,categorization,0,livingroom,SHINEd_livingroom_025.tif,79,0.1,0.0666666666666667,1.66410518104507
234,31,16,categorization,0,bedroom,SHINEd_bedroom_075.tif,41,0.1,0.0666666666666667,0.714579200801788
234,32,16,categorization,0,livingroom,SHINEd_livingroom_057.tif,97,0.1,0.0666666666666667,0.882633712420865
234,33,16,categorization,0,bedroom,SHINEd_bedroom_114.tif,54,0.1,0.0666666666666667,1.3759420132727
234,34,16,categorization,0,livingroom,SHINEd_livingroom_010.tif,68,0.1,0.0666666666666667,1.82493539266956
234,35,16,categorization,0,bedroom,SHINEd_bedroom_014.tif,16,0.1,0.0666666666666667,0.823124785553902
234,36,16,categorization,0,bedroom,SHINEd_bedroom_041.tif,27,0.1,0.0666666666666667,0.756713052276079
234,37,16,categorization,0,livingroom,SHINEd_livingroom_059.tif,98,0.1,0.0666666666666667,1.35371365422033
234,38,16,categorization,0,livingroom,SHINEd_livingroom_001.tif,61,0.1,0.0666666666666667,0.79673710108881
234,39,16,categorization,0,bedroom,SHINEd_bedroom_011.tif,14,0.1,0.0666666666666667,1.11829850610046
234,40,16,categorization,0,bedroom,SHINEd_bedroom_089.tif,46,0.1,0.0666666666666667,0.996292027933311
234,41,16,categorization,0,livingroom,SHINEd_livingroom_005.tif,64,0.1,0.0666666666666667,1.44295114183008
234,42,16,categorization,0,livingroom,SHINEd_livingroom_089.tif,107,0.1,0.0666666666666667,1.03403298963338
234,43,16,categorization,0,bedroom,SHINEd_bedroom_052.tif,34,0.1,0.0666666666666667,1.25192420274577
234,44,16,categorization,0,bedroom,SHINEd_bedroom_067.tif,37,0.1,0.0666666666666667,1.96445714096657
234,45,16,categorization,0,bedroom,SHINEd_bedroom_047.tif,31,0.1,0.0666666666666667,0.723655531370208
234,46,16,categorization,0,livingroom,SHINEd_livingroom_052.tif,94,0.1,0.0666666666666667,0.708539425900583
234,47,16,categorization,0,bedroom,SHINEd_bedroom_012.tif,15,0.1,0.0666666666666667,1.75004659817332
234,48,16,categorization,0,bedroom,SHINEd_bedroom_097.tif,49,0.1,0.0666666666666667,0.744576726317919
234,49,16,categorization,0,bedroom,SHINEd_bedroom_106.tif,52,0.1,0.0666666666666667,1.49903329954499
234,50,16,categorization,0,bedroom,SHINEd_bedroom_068.tif,38,0.1,0.0666666666666667,1.45069909452902
234,1,17,categorization,0,bedroom,SHINEd_bedroom_069.tif,39,0.1,0.0666666666666667,1.42869391701739
234,2,17,categorization,0,bedroom,SHINEd_bedroom_045.tif,29,0.1,0.0666666666666667,1.51581461729878
234,3,17,categorization,0,livingroom,SHINEd_livingroom_055.tif,96,0.1,0.0666666666666667,1.68157699389257
234,4,17,categorization,0,bedroom,SHINEd_bedroom_056.tif,35,0.1,0.0666666666666667,1.51011728612985
234,5,17,categorization,0,bedroom,SHINEd_bedroom_125.tif,59,0.1,0.0666666666666667,0.799544603213487
234,6,17,categorization,0,bedroom,SHINEd_bedroom_114.tif,54,0.1,0.0666666666666667,1.26891547716914
234,7,17,categorization,0,livingroom,SHINEd_livingroom_019.tif,74,0.1,0.0666666666666667,0.971923618872557
234,8,17,categorization,0,bedroom,SHINEd_bedroom_112.tif,53,0.1,0.0666666666666667,1.53123316285665
234,9,17,categorization,0,livingroom,SHINEd_livingroom_016.tif,72,0.1,0.0666666666666667,0.77135637878508
234,10,17,categorization,0,livingroom,SHINEd_livingroom_072.tif,101,0.1,0.0666666666666667,1.08469501930105
234,11,17,categorization,0,bedroom,SHINEd_bedroom_030.tif,23,0.1,0.0666666666666667,1.91909853716399
234,12,17,categorization,0,bedroom,SHINEd_bedroom_020.tif,19,0.1,0.0666666666666667,1.18811112765547
234,13,17,categorization,0,livingroom,SHINEd_livingroom_050.tif,93,0.1,0.0666666666666667,1.61035095854282
234,14,17,categorization,0,livingroom,SHINEd_livingroom_092.tif,109,0.1,0.0666666666666667,1.17056969347408
234,15,17,categorization,0,bedroom,SHINEd_bedroom_106.tif,52,0.1,0.0666666666666667,0.802991715500524
234,16,17,categorization,0,bedroom,SHINEd_bedroom_097.tif,49,0.1,0.0666666666666667,0.769097843485544
234,17,17,categorization,0,bedroom,SHINEd_bedroom_093.tif,48,0.1,0.0666666666666667,1.39150242742477
234,18,17,categorization,0,bedroom,SHINEd_bedroom_046.tif,30,0.1,0.0666666666666667,1.29166571001981
234,19,17,categorization,0,livingroom,SHINEd_livingroom_073.tif,102,0.1,0.0666666666666667,1.81926014896059
234,20,17,categorization,0,livingroom,SHINEd_livingroom_037.tif,86,0.1,0.0666666666666667,0.811884563804282
234,21,17,categorization,0,bedroom,SHINEd_bedroom_023.tif,20,0.1,0.0666666666666667,0.877194007665939
234,22,17,categorization,0,bedroom,SHINEd_bedroom_090.tif,47,0.1,0.0666666666666667,0.852093830478233
234,23,17,categorization,0,livingroom,SHINEd_livingroom_029.tif,81,0.1,0.0666666666666667,0.872100704472002
234,24,17,categorization,0,bedroom,SHINEd_bedroom_118.tif,56,0.1,0.0666666666666667,1.00192211700749
234,25,17,categorization,0,livingroom,SHINEd_livingroom_047.tif,90,0.1,0.0666666666666667,0.733718797420189
234,26,17,categorization,0,livingroom,SHINEd_livingroom_036.tif,85,0.1,0.0666666666666667,1.59286256477334
234,27,17,categorization,0,bedroom,SHINEd_bedroom_086.tif,45,0.1,0.0666666666666667,1.03493725334408
234,28,17,categorization,0,bedroom,SHINEd_bedroom_075.tif,41,0.1,0.0666666666666667,1.10707094154496
234,29,17,categorization,0,livingroom,SHINEd_livingroom_004.tif,63,0.1,0.0666666666666667,1.93080788478232
234,30,17,categorization,0,livingroom,SHINEd_livingroom_013.tif,70,0.1,0.0666666666666667,0.717709296652172
234,31,17,categorization,0,livingroom,SHINEd_livingroom_090.tif,108,0.1,0.0666666666666667,1.09096524190833
234,32,17,categorization,0,livingroom,SHINEd_livingroom_014.tif,71,0.1,0.0666666666666667,1.92169681991099
234,33,17,categorization,0,bedroom,SHINEd_bedroom_016.tif,17,0.1,0.0666666666666667,1.21476316425009
234,34,17,categorization,0,bedroom,SHINEd_bedroom_089.tif,46,0.1,0.0666666666666667,1.05097409432998
234,35,17,categorization,0,livingroom,SHINEd_livingroom_089.tif,107,0.1,0.0666666666666667,1.80261033418575
234,36,17,categorization,0,livingroom,SHINEd_livingroom_025.tif,79,0.1,0.0666666666666667,1.81069703793791
234,37,17,categorization,0,bedroom,SHINEd_bedroom_099.tif,51,0.1,0.0666666666666667,1.93567746777969
234,38,17,categorization,0,bedroom,SHINEd_bedroom_008.tif,11,0.1,0.0666666666666667,1.52909533474671
234,39,17,categorization,0,livingroom,SHINEd_livingroom_043.tif,88,0.1,0.0666666666666667,1.29257449558444
234,40,17,categorization,0,livingroom,SHINEd_livingroom_032.tif,84,0.1,0.0666666666666667,1.03174311894412
234,41,17,categorization,0,livingroom,SHINEd_livingroom_068.tif,100,0.1,0.0666666666666667,0.715993159687983
234,42,17,categorization,0,livingroom,SHINEd_livingroom_62.tif,110,0.1,0.0666666666666667,0.748209727427484
234,43,17,categorization,0,bedroom,SHINEd_bedroom_032.tif,24,0.1,0.0666666666666667,1.16921950132339
234,44,17,categorization,0,bedroom,SHINEd_bedroom_041.tif,27,0.1,0.0666666666666667,1.17498925959113
234,45,17,categorization,0,bedroom,SHINEd_bedroom_018.tif,18,0.1,0.0666666666666667,0.78618312190222
234,46,17,categorization,0,livingroom,SHINEd_livingroom_057.tif,97,0.1,0.0666666666666667,0.719636876411817
234,47,17,categorization,0,livingroom,SHINEd_livingroom_028.tif,80,0.1,0.0666666666666667,0.948684819046797
234,48,17,categorization,0,livingroom,SHINEd_livingroom_007.tif,66,0.1,0.0666666666666667,1.99327641559235
234,49,17,categorization,0,livingroom,SHINEd_livingroom_010.tif,68,0.1,0.0666666666666667,0.74632585362347
234,50,17,categorization,0,bedroom,SHINEd_bedroom_011.tif,14,0.1,0.0666666666666667,1.34346576156583
234,1,18,categorization,0,livingroom,SHINEd_livingroom_087.tif,105,0.1,0.0666666666666667,0.833968776389986
234,2,18,categorization,0,bedroom,SHINEd_bedroom_074.tif,40,0.1,0.0666666666666667,0.868602778163089
234,3,18,categorization,0,bedroom,SHINEd_bedroom_067.tif,37,0.1,0.0666666666666667,0.798106807721162
234,4,18,categorization,0,bedroom,SHINEd_bedroom_036.tif,25,0.1,0.0666666666666667,1.29739360771755
234,5,18,categorization,0,livingroom,SHINEd_livingroom_006.tif,65,0.1,0.0666666666666667,0.83420738794768
234,6,18,categorization,0,livingroom,SHINEd_livingroom_046.tif,89,0.1,0.0666666666666667,1.45859136284761
234,7,18,categorization,0,bedroom,SHINEd_bedroom_062.tif,36,0.1,0.0666666666666667,1.70428835600914
234,8,18,categorization,0,bedroom,SHINEd_bedroom_119.tif,57,0.1,0.0666666666666667,1.93464216424469
234,9,18,categorization,0,livingroom,SHINEd_livingroom_012.tif,69,0.1,0.0666666666666667,1.39321253155601
234,10,18,categorization,0,bedroom,SHINEd_bedroom_080.tif,43,0.1,0.0666666666666667,0.812620016789708
234,11,18,categorization,0,bedroom,SHINEd_bedroom_042.tif,28,0.1,0.0666666666666667,1.80861814548788
234,12,18,categorization,0,bedroom,SHINEd_bedroom_014.tif,16,0.1,0.0666666666666667,1.79575607137477
234,13,18,categorization,0,bedroom,SHINEd_bedroom_052.tif,34,0.1,0.0666666666666667,0.89765854813137
234,14,18,categorization,0,livingroom,SHINEd_livingroom_088.tif,106,0.1,0.0666666666666667,0.758827448655287
234,15,18,categorization,0,bedroom,SHINEd_bedroom_025.tif,21,0.1,0.0666666666666667,1.20171055862544
234,16,18,categorization,0,livingroom,SHINEd_livingroom_059.tif,98,0.1,0.0666666666666667,1.42901271705298
234,17,18,categorization,0,livingroom,SHINEd_livingroom_001.tif,61,0.1,0.0666666666666667,1.71095494790943
234,18,18,categorization,0,bedroom,SHINEd_bedroom_047.tif,31,0.1,0.0666666666666667,1.16716919613842
234,19,18,categorization,0,bedroom,SHINEd_bedroom_029.tif,22,0.1,0.0666666666666667,0.905764255928401
234,20,18,categorization,0,livingroom,SHINEd_livingroom_060.tif,99,0.1,0.0666666666666667,0.900839879447522
234,21,18,categorization,0,bedroom,SHINEd_bedroom_048.tif,32,0.1,0.0666666666666667,1.54104539060509
234,22,18,categorization,0,livingroom,SHINEd_livingroom_054.tif,95,0.1,0.0666666666666667,1.27827572719565
234,23,18,categorization,0,livingroom,SHINEd_livingroom_030.tif,82,0.1,0.0666666666666667,1.69497034355409
234,24,18,categorization,0,bedroom,SHINEd_bedroom_010.tif,13,0.1,0.0666666666666667,1.06969669099929
234,25,18,categorization,0,bedroom,SHINEd_bedroom_068.tif,38,0.1,0.0666666666666667,1.23845553804207
234,26,18,categorization,0,livingroom,SHINEd_livingroom_023.tif,77,0.1,0.0666666666666667,1.23452180822144
234,27,18,categorization,0,bedroom,SHINEd_bedroom_085.tif,44,0.1,0.0666666666666667,0.794474290824094
234,28,18,categorization,0,livingroom,SHINEd_livingroom_008.tif,67,0.1,0.0666666666666667,1.8696431812104
234,29,18,categorization,0,bedroom,SHINEd_bedroom_079.tif,42,0.1,0.0666666666666667,0.918026538174741
234,30,18,categorization,0,livingroom,SHINEd_livingroom_022.tif,76,0.1,0.0666666666666667,0.847214203019707
234,31,18,categorization,0,livingroom,SHINEd_livingroom_048.tif,91,0.1,0.0666666666666667,1.45960166676968
234,32,18,categorization,0,bedroom,SHINEd_bedroom_116.tif,55,0.1,0.0666666666666667,1.17359217312182
234,33,18,categorization,0,livingroom,SHINEd_livingroom_003.tif,62,0.1,0.0666666666666667,1.30161735762798
234,34,18,categorization,0,livingroom,SHINEd_livingroom_049.tif,92,0.1,0.0666666666666667,1.95798534013177
234,35,18,categorization,0,bedroom,SHINEd_bedroom_009.tif,12,0.1,0.0666666666666667,0.905530140882823
234,36,18,categorization,0,livingroom,SHINEd_livingroom_005.tif,64,0.1,0.0666666666666667,1.0895501437944
234,37,18,categorization,0,bedroom,SHINEd_bedroom_051.tif,33,0.1,0.0666666666666667,1.5475904711421
234,38,18,categorization,0,livingroom,SHINEd_livingroom_024.tif,78,0.1,0.0666666666666667,0.707406730095125
234,39,18,categorization,0,bedroom,SHINEd_bedroom_012.tif,15,0.1,0.0666666666666667,1.43986283707188
234,40,18,categorization,0,bedroom,SHINEd_bedroom_098.tif,50,0.1,0.0666666666666667,1.54028388892725
234,41,18,categorization,0,livingroom,SHINEd_livingroom_081.tif,103,0.1,0.0666666666666667,0.787571345003072
234,42,18,categorization,0,livingroom,SHINEd_livingroom_031.tif,83,0.1,0.0666666666666667,1.3713436999829
234,43,18,categorization,0,livingroom,SHINEd_livingroom_039.tif,87,0.1,0.0666666666666667,0.829770484867401
234,44,18,categorization,0,livingroom,SHINEd_livingroom_052.tif,94,0.1,0.0666666666666667,1.19326328895198
234,45,18,categorization,0,bedroom,SHINEd_bedroom_120.tif,58,0.1,0.0666666666666667,0.879872721175214
234,46,18,categorization,0,livingroom,SHINEd_livingroom_083.tif,104,0.1,0.0666666666666667,0.780961454333958
234,47,18,categorization,0,livingroom,SHINEd_livingroom_018.tif,73,0.1,0.0666666666666667,1.19669470280305
234,48,18,categorization,0,bedroom,SHINEd_bedroom_039.tif,26,0.1,0.0666666666666667,0.922947868694151
234,49,18,categorization,0,bedroom,SHINEd_bedroom_126.tif,60,0.1,0.0666666666666667,0.770479214270618
234,50,18,categorization,0,livingroom,SHINEd_livingroom_020.tif,75,0.1,0.0666666666666667,0.730081959077164
234,1,19,categorization,0,bedroom,SHINEd_bedroom_039.tif,26,0.1,0.0666666666666667,1.27995017947709
234,2,19,categorization,0,livingroom,SHINEd_livingroom_003.tif,62,0.1,0.0666666666666667,0.782978563005685
234,3,19,categorization,0,livingroom,SHINEd_livingroom_036.tif,85,0.1,0.0666666666666667,1.1520946383365
234,4,19,categorization,0,bedroom,SHINEd_bedroom_056.tif,35,0.1,0.0666666666666667,1.28748032453274
234,5,19,categorization,0,livingroom,SHINEd_livingroom_005.tif,64,0.1,0.0666666666666667,0.711343508656092
234,6,19,categorization,0,livingroom,SHINEd_livingroom_013.tif,70,0.1,0.0666666666666667,1.02376713499277
234,7,19,categorization,0,bedroom,SHINEd_bedroom_089.tif,46,0.1,0.0666666666666667,0.958067258702545
234,8,19,categorization,0,bedroom,SHINEd_bedroom_086.tif,45,0.1,0.0666666666666667,0.857735465774467
234,9,19,categorization,0,bedroom,SHINEd_bedroom_036.tif,25,0.1,0.0666666666666667,1.68723141410733
234,10,19,categorization,0,livingroom,SHINEd_livingroom_046.tif,89,0.1,0.0666666666666667,1.27041830737187
234,11,19,categorization,0,livingroom,SHINEd_livingroom_072.tif,101,0.1,0.0666666666666667,1.2454791332456
234,12,19,categorization,0,bedroom,SHINEd_bedroom_016.tif,17,0.1,0.0666666666666667,0.984904985902825
234,13,19,categorization,0,livingroom,SHINEd_livingroom_030.tif,82,0.1,0.0666666666666667,0.96772374072339
234,14,19,categorization,0,livingroom,SHINEd_livingroom_068.tif,100,0.1,0.0666666666666667,1.75342153587073
234,15,19,categorization,0,livingroom,SHINEd_livingroom_088.tif,106,0.1,0.0666666666666667,1.41183189887223
234,16,19,categorization,0,bedroom,SHINEd_bedroom_119.tif,57,0.1,0.0666666666666667,0.788236685390023
234,17,19,categorization,0,bedroom,SHINEd_bedroom_009.tif,12,0.1,0.0666666666666667,1.21122370649211
234,18,19,categorization,0,livingroom,SHINEd_livingroom_059.tif,98,0.1,0.0666666666666667,1.33964858704666
234,19,19,categorization,0,bedroom,SHINEd_bedroom_018.tif,18,0.1,0.0666666666666667,1.36053531798238
234,20,19,categorization,0,livingroom,SHINEd_livingroom_016.tif,72,0.1,0.0666666666666667,0.840052285977128
234,21,19,categorization,0,bedroom,SHINEd_bedroom_079.tif,42,0.1,0.0666666666666667,1.54999258611719
234,22,19,categorization,0,livingroom,SHINEd_livingroom_081.tif,103,0.1,0.0666666666666667,1.32644729848612
234,23,19,categorization,0,bedroom,SHINEd_bedroom_068.tif,38,0.1,0.0666666666666667,1.51092869384795
234,24,19,categorization,0,livingroom,SHINEd_livingroom_031.tif,83,0.1,0.0666666666666667,1.25932373953922
234,25,19,categorization,0,bedroom,SHINEd_bedroom_085.tif,44,0.1,0.0666666666666667,0.975800911715701
234,26,19,categorization,0,bedroom,SHINEd_bedroom_052.tif,34,0.1,0.0666666666666667,0.97451857969687
234,27,19,categorization,0,livingroom,SHINEd_livingroom_032.tif,84,0.1,0.0666666666666667,0.93137432581301
234,28,19,categorization,0,bedroom,SHINEd_bedroom_041.tif,27,0.1,0.0666666666666667,1.78924147002405
234,29,19,categorization,0,bedroom,SHINEd_bedroom_126.tif,60,0.1,0.0666666666666667,1.36931177786889
234,30,19,categorization,0,bedroom,SHINEd_bedroom_032.tif,24,0.1,0.0666666666666667,0.863983740026252
234,31,19,categorization,0,bedroom,SHINEd_bedroom_112.tif,53,0.1,0.0666666666666667,1.42087766602437
234,32,19,categorization,0,bedroom,SHINEd_bedroom_047.tif,31,0.1,0.0666666666666667,0.758431828526343
234,33,19,categorization,0,bedroom,SHINEd_bedroom_097.tif,49,0.1,0.0666666666666667,1.07975215834848
234,34,19,categorization,0,bedroom,SHINEd_bedroom_008.tif,11,0.1,0.0666666666666667,0.954893891190375
234,35,19,categorization,0,bedroom,SHINEd_bedroom_030.tif,23,0.1,0.0666666666666667,0.929403355210832
234,36,19,categorization,0,livingroom,SHINEd_livingroom_029.tif,81,0.1,0.0666666666666667,1.62012114287029
234,37,19,categorization,0,bedroom,SHINEd_bedroom_020.tif,19,0.1,0.0666666666666667,1.95348156764325
234,38,19,categorization,0,livingroom,SHINEd_livingroom_006.tif,65,0.1,0.0666666666666667,1.08825347546528
234,39,19,categorization,0,bedroom,SHINEd_bedroom_012.tif,15,0.1,0.0666666666666667,0.719711252001079
234,40,19,categorization,0,livingroom,SHINEd_livingroom_083.tif,104,0.1,0.0666666666666667,1.1466562886934
234,41,19,categorization,0,livingroom,SHINEd_livingroom_019.tif,74,0.1,0.0666666666666667,1.06921526532459
234,42,19,categorization,0,bedroom,SHINEd_bedroom_023.tif,20,0.1,0.0666666666666667,1.68616677950919
234,43,19,categorization,0,livingroom,SHINEd_livingroom_047.tif,90,0.1,0.0666666666666667,1.36289719473939
234,44,19,categorization,0,livingroom,SHINEd_livingroom_052.tif,94,0.1,0.0666666666666667,1.05600993489039
234,45,19,categorization,0,livingroom,SHINEd_livingroom_007.tif,66,0.1,0.0666666666666667,0.750274835974402
234,46,19,categorization,0,bedroom,SHINEd_bedroom_080.tif,43,0.1,0.0666666666666667,0.837004533577005
234,47,19,categorization,0,livingroom,SHINEd_livingroom_001.tif,61,0.1,0.0666666666666667,0.888101770065874
234,48,19,categorization,0,livingroom,SHINEd_livingroom_055.tif,96,0.1,0.0666666666666667,1.9350246630287
234,49,19,categorization,0,livingroom,SHINEd_livingroom_010.tif,68,0.1,0.0666666666666667,1.61197248363236
234,50,19,categorization,0,livingroom,SHINEd_livingroom_014.tif,71,0.1,0.0666666666666667,0.937055881910725
234,1,20,categorization,0,livingroom,SHINEd_livingroom_008.tif,67,0.1,0.0666666666666667,1.38753783756396
234,2,20,categorization,0,bedroom,SHINEd_bedroom_106.tif,52,0.1,0.0666666666666667,1.08570286061571
234,3,20,categorization,0,livingroom,SHINEd_livingroom_060.tif,99,0.1,0.0666666666666667,1.73817679318028
234,4,20,categorization,0,bedroom,SHINEd_bedroom_062.tif,36,0.1,0.0666666666666667,1.16591243560157
234,5,20,categorization,0,bedroom,SHINEd_bedroom_098.tif,50,0.1,0.0666666666666667,1.90419496973996
234,6,20,categorization,0,bedroom,SHINEd_bedroom_099.tif,51,0.1,0.0666666666666667,1.56473164772972
234,7,20,categorization,0,bedroom,SHINEd_bedroom_069.tif,39,0.1,0.0666666666666667,1.4823694729824
234,8,20,categorization,0,livingroom,SHINEd_livingroom_092.tif,109,0.1,0.0666666666666667,0.703619545454256
234,9,20,categorization,0,bedroom,SHINEd_bedroom_010.tif,13,0.1,0.0666666666666667,0.843199181509691
234,10,20,categorization,0,livingroom,SHINEd_livingroom_020.tif,75,0.1,0.0666666666666667,1.17972843314762
234,11,20,categorization,0,livingroom,SHINEd_livingroom_050.tif,93,0.1,0.0666666666666667,1.0171110026146
234,12,20,categorization,0,livingroom,SHINEd_livingroom_025.tif,79,0.1,0.0666666666666667,1.58665492021675
234,13,20,categorization,0,bedroom,SHINEd_bedroom_067.tif,37,0.1,0.0666666666666667,1.96629739121296
234,14,20,categorization,0,bedroom,SHINEd_bedroom_045.tif,29,0.1,0.0666666666666667,0.796806762777526
234,15,20,categorization,0,livingroom,SHINEd_livingroom_049.tif,92,0.1,0.0666666666666667,0.709399461995418
234,16,20,categorization,0,bedroom,SHINEd_bedroom_074.tif,40,0.1,0.0666666666666667,1.48274299266362
234,17,20,categorization,0,bedroom,SHINEd_bedroom_120.tif,58,0.1,0.0666666666666667,1.01973234441947
234,18,20,categorization,0,bedroom,SHINEd_bedroom_042.tif,28,0.1,0.0666666666666667,1.04417272391862
234,19,20,categorization,0,livingroom,SHINEd_livingroom_043.tif,88,0.1,0.0666666666666667,1.16638606251674
234,20,20,categorization,0,livingroom,SHINEd_livingroom_022.tif,76,0.1,0.0666666666666667,1.68358429576441
234,21,20,categorization,0,livingroom,SHINEd_livingroom_087.tif,105,0.1,0.0666666666666667,0.793757993869873
234,22,20,categorization,0,livingroom,SHINEd_livingroom_024.tif,78,0.1,0.0666666666666667,1.78240908058098
234,23,20,categorization,0,bedroom,SHINEd_bedroom_114.tif,54,0.1,0.0666666666666667,1.19233994023157
234,24,20,categorization,0,livingroom,SHINEd_livingroom_089.tif,107,0.1,0.0666666666666667,1.44646982495922
234,25,20,categorization,0,bedroom,SHINEd_bedroom_048.tif,32,0.1,0.0666666666666667,0.91343015810088
234,26,20,categorization,0,bedroom,SHINEd_bedroom_090.tif,47,0.1,0.0666666666666667,1.80394396372697
234,27,20,categorization,0,livingroom,SHINEd_livingroom_073.tif,102,0.1,0.0666666666666667,1.34220656059508
234,28,20,categorization,0,livingroom,SHINEd_livingroom_012.tif,69,0.1,0.0666666666666667,0.844371137538772
234,29,20,categorization,0,bedroom,SHINEd_bedroom_046.tif,30,0.1,0.0666666666666667,1.04246610954736
234,30,20,categorization,0,bedroom,SHINEd_bedroom_116.tif,55,0.1,0.0666666666666667,1.34134050856049
234,31,20,categorization,0,bedroom,SHINEd_bedroom_014.tif,16,0.1,0.0666666666666667,1.99456327722849
234,32,20,categorization,0,livingroom,SHINEd_livingroom_018.tif,73,0.1,0.0666666666666667,0.765051557329555
234,33,20,categorization,0,livingroom,SHINEd_livingroom_057.tif,97,0.1,0.0666666666666667,0.827654614304829
234,34,20,categorization,0,livingroom,SHINEd_livingroom_039.tif,87,0.1,0.0666666666666667,0.899193193702843
234,35,20,categorization,0,bedroom,SHINEd_bedroom_118.tif,56,0.1,0.0666666666666667,1.30489107019224
234,36,20,categorization,0,bedroom,SHINEd_bedroom_025.tif,21,0.1,0.0666666666666667,0.724987653498953
234,37,20,categorization,0,livingroom,SHINEd_livingroom_028.tif,80,0.1,0.0666666666666667,1.78767894593525
234,38,20,categorization,0,bedroom,SHINEd_bedroom_125.tif,59,0.1,0.0666666666666667,1.18162023789493
234,39,20,categorization,0,livingroom,SHINEd_livingroom_048.tif,91,0.1,0.0666666666666667,1.07242157547797
234,40,20,categorization,0,livingroom,SHINEd_livingroom_090.tif,108,0.1,0.0666666666666667,1.55510492227556
234,41,20,categorization,0,bedroom,SHINEd_bedroom_093.tif,48,0.1,0.0666666666666667,0.768988716688445
234,42,20,categorization,0,bedroom,SHINEd_bedroom_075.tif,41,0.1,0.0666666666666667,1.06411940960296
234,43,20,categorization,0,livingroom,SHINEd_livingroom_62.tif,110,0.1,0.0666666666666667,0.774998632336677
234,44,20,categorization,0,livingroom,SHINEd_livingroom_023.tif,77,0.1,0.0666666666666667,0.922691790337248
234,45,20,categorization,0,livingroom,SHINEd_livingroom_004.tif,63,0.1,0.0666666666666667,1.55487620568554
234,46,20,categorization,0,livingroom,SHINEd_livingroom_037.tif,86,0.1,0.0666666666666667,0.939684786427028
234,47,20,categorization,0,bedroom,SHINEd_bedroom_051.tif,33,0.1,0.0666666666666667,1.13630200375798
234,48,20,categorization,0,bedroom,SHINEd_bedroom_011.tif,14,0.1,0.0666666666666667,0.740509423588517
234,49,20,categorization,0,livingroom,SHINEd_livingroom_054.tif,95,0.1,0.0666666666666667,1.27220867693294
234,50,20,categorization,0,bedroom,SHINEd_bedroom_029.tif,22,0.1,0.0666666666666667,1.26047871265131
234,1,21,categorization,0,bedroom,SHINEd_bedroom_009.tif,12,0.1,0.0666666666666667,1.33384769881915
234,2,21,categorization,0,livingroom,SHINEd_livingroom_057.tif,97,0.1,0.0666666666666667,0.854111033570746
234,3,21,categorization,0,livingroom,SHINEd_livingroom_008.tif,67,0.1,0.0666666666666667,0.707880128233758
234,4,21,categorization,0,livingroom,SHINEd_livingroom_039.tif,87,0.1,0.0666666666666667,0.887422391410835
234,5,21,categorization,0,bedroom,SHINEd_bedroom_046.tif,30,0.1,0.0666666666666667,0.707358066228654
234,6,21,categorization,0,bedroom,SHINEd_bedroom_018.tif,18,0.1,0.0666666666666667,0.779809865939506
234,7,21,categorization,0,livingroom,SHINEd_livingroom_001.tif,61,0.1,0.0666666666666667,0.904234613474791
234,8,21,categorization,0,livingroom,SHINEd_livingroom_012.tif,69,0.1,0.0666666666666667,1.54732666600718
234,9,21,categorization,0,livingroom,SHINEd_livingroom_072.tif,101,0.1,0.0666666666666667,1.7370439606846
234,10,21,categorization,0,bedroom,SHINEd_bedroom_030.tif,23,0.1,0.0666666666666667,0.869906283550385
234,11,21,categorization,0,bedroom,SHINEd_bedroom_041.tif,27,0.1,0.0666666666666667,1.07448525304751
234,12,21,categorization,0,bedroom,SHINEd_bedroom_097.tif,49,0.1,0.0666666666666667,1.07184939665426
234,13,21,categorization,0,livingroom,SHINEd_livingroom_028.tif,80,0.1,0.0666666666666667,1.01957739615476
234,14,21,categorization,0,livingroom,SHINEd_livingroom_054.tif,95,0.1,0.0666666666666667,1.90454547450142
234,15,21,categorization,0,bedroom,SHINEd_bedroom_012.tif,15,0.1,0.0666666666666667,1.11289786237822
234,16,21,categorization,0,bedroom,SHINEd_bedroom_089.tif,46,0.1,0.0666666666666667,1.32005182541228
234,17,21,categorization,0,bedroom,SHINEd_bedroom_008.tif,11,0.1,0.0666666666666667,1.60209658003239
234,18,21,categorization,0,livingroom,SHINEd_livingroom_043.tif,88,0.1,0.0666666666666667,1.88727117741601
234,19,21,categorization,0,livingroom,SHINEd_livingroom_046.tif,89,0.1,0.0666666666666667,1.41057478980388
234,20,21,categorization,0,livingroom,SHINEd_livingroom_048.tif,91,0.1,0.0666666666666667,1.54516343687017
234,21,21,categorization,0,livingroom,SHINEd_livingroom_073.tif,102,0.1,0.0666666666666667,1.2992733908509
234,22,21,categorization,0,bedroom,SHINEd_bedroom_062.tif,36,0.1,0.0666666666666667,0.785809526819113
234,23,21,categorization,0,bedroom,SHINEd_bedroom_047.tif,31,0.1,0.0666666666666667,1.36911095367114
234,24,21,categorization,0,bedroom,SHINEd_bedroom_106.tif,52,0.1,0.0666666666666667,0.842844168340601
234,25,21,categorization,0,bedroom,SHINEd_bedroom_098.tif,50,0.1,0.0666666666666667,1.55374547020008
234,26,21,categorization,0,livingroom,SHINEd_livingroom_006.tif,65,0.1,0.0666666666666667,1.46772368730355
234,27,21,categorization,0,bedroom,SHINEd_bedroom_119.tif,57,0.1,0.0666666666666667,1.48869065953302
234,28,21,categorization,0,livingroom,SHINEd_livingroom_019.tif,74,0.1,0.0666666666666667,1.35381961854156
234,29,21,categorization,0,livingroom,SHINEd_livingroom_016.tif,72,0.1,0.0666666666666667,0.909370144848793
234,30,21,categorization,0,bedroom,SHINEd_bedroom_120.tif,58,0.1,0.0666666666666667,1.0649341657171
234,31,21,categorization,0,livingroom,SHINEd_livingroom_083.tif,104,0.1,0.0666666666666667,1.50082592934808
234,32,21,categorization,0,livingroom,SHINEd_livingroom_022.tif,76,0.1,0.0666666666666667,1.15359408678841
234,33,21,categorization,0,livingroom,SHINEd_livingroom_024.tif,78,0.1,0.0666666666666667,1.00607614114929
234,34,21,categorization,0,bedroom,SHINEd_bedroom_023.tif,20,0.1,0.0666666666666667,1.9734209229321
234,35,21,categorization,0,bedroom,SHINEd_bedroom_036.tif,25,0.1,0.0666666666666667,1.70342809298016
234,36,21,categorization,0,livingroom,SHINEd_livingroom_010.tif,68,0.1,0.0666666666666667,0.706086343616833
234,37,21,categorization,0,livingroom,SHINEd_livingroom_023.tif,77,0.1,0.0666666666666667,1.75980552278976
234,38,21,categorization,0,livingroom,SHINEd_livingroom_092.tif,109,0.1,0.0666666666666667,0.842988807557757
234,39,21,categorization,0,bedroom,SHINEd_bedroom_079.tif,42,0.1,0.0666666666666667,1.98931553810295
234,40,21,categorization,0,livingroom,SHINEd_livingroom_020.tif,75,0.1,0.0666666666666667,1.81407778027258
234,41,21,categorization,0,livingroom,SHINEd_livingroom_013.tif,70,0.1,0.0666666666666667,1.71876056310335
234,42,21,categorization,0,livingroom,SHINEd_livingroom_014.tif,71,0.1,0.0666666666666667,1.46299498122674
234,43,21,categorization,0,bedroom,SHINEd_bedroom_086.tif,45,0.1,0.0666666666666667,0.946069615951578
234,44,21,categorization,0,bedroom,SHINEd_bedroom_056.tif,35,0.1,0.0666666666666667,1.0663841713729
234,45,21,categorization,0,bedroom,SHINEd_bedroom_114.tif,54,0.1,0.0666666666666667,1.06694606828427
234,46,21,categorization,0,livingroom,SHINEd_livingroom_036.tif,85,0.1,0.0666666666666667,1.93053644491538
234,47,21,categorization,0,bedroom,SHINEd_bedroom_045.tif,29,0.1,0.0666666666666667,1.59546323759719
234,48,21,categorization,0,bedroom,SHINEd_bedroom_014.tif,16,0.1,0.0666666666666667,1.92104916839476
234,49,21,categorization,0,livingroom,SHINEd_livingroom_060.tif,99,0.1,0.0666666666666667,1.08809175667477
234,50,21,categorization,0,livingroom,SHINEd_livingroom_029.tif,81,0.1,0.0666666666666667,0.989506639366869
234,1,22,categorization,0,livingroom,SHINEd_livingroom_059.tif,98,0.1,0.0666666666666667,1.27998849163503
234,2,22,categorization,0,bedroom,SHINEd_bedroom_025.tif,21,0.1,0.0666666666666667,0.986540777324288
234,3,22,categorization,0,bedroom,SHINEd_bedroom_118.tif,56,0.1,0.0666666666666667,1.89125227106007
234,4,22,categorization,0,bedroom,SHINEd_bedroom_029.tif,22,0.1,0.0666666666666667,1.3647989505054
234,5,22,categorization,0,livingroom,SHINEd_livingroom_004.tif,63,0.1,0.0666666666666667,0.828454089938483
234,6,22,categorization,0,livingroom,SHINEd_livingroom_030.tif,82,0.1,0.0666666666666667,1.93514643294387
234,7,22,categorization,0,livingroom,SHINEd_livingroom_090.tif,108,0.1,0.0666666666666667,0.762336260387322
234,8,22,categorization,0,livingroom,SHINEd_livingroom_025.tif,79,0.1,0.0666666666666667,1.48402590555552
234,9,22,categorization,0,bedroom,SHINEd_bedroom_112.tif,53,0.1,0.0666666666666667,1.27051220846716
234,10,22,categorization,0,livingroom,SHINEd_livingroom_049.tif,92,0.1,0.0666666666666667,0.854680438315764
234,11,22,categorization,0,livingroom,SHINEd_livingroom_068.tif,100,0.1,0.0666666666666667,0.892971540664677
234,12,22,categorization,0,bedroom,SHINEd_bedroom_075.tif,41,0.1,0.0666666666666667,0.730994166589099
234,13,22,categorization,0,bedroom,SHINEd_bedroom_042.tif,28,0.1,0.0666666666666667,1.61567500148315
234,14,22,categorization,0,bedroom,SHINEd_bedroom_085.tif,44,0.1,0.0666666666666667,1.83078301489861
234,15,22,categorization,0,livingroom,SHINEd_livingroom_007.tif,66,0.1,0.0666666666666667,1.8017238389525
234,16,22,categorization,0,bedroom,SHINEd_bedroom_039.tif,26,0.1,0.0666666666666667,1.46834192098121
234,17,22,categorization,0,bedroom,SHINEd_bedroom_116.tif,55,0.1,0.0666666666666667,0.860488679177302
234,18,22,categorization,0,bedroom,SHINEd_bedroom_032.tif,24,0.1,0.0666666666666667,1.05409589719657
234,19,22,categorization,0,bedroom,SHINEd_bedroom_010.tif,13,0.1,0.0666666666666667,1.31675370287369
234,20,22,categorization,0,bedroom,SHINEd_bedroom_052.tif,34,0.1,0.0666666666666667,1.65427521613098
234,21,22,categorization,0,livingroom,SHINEd_livingroom_032.tif,84,0.1,0.0666666666666667,1.1603684390022
234,22,22,categorization,0,bedroom,SHINEd_bedroom_011.tif,14,0.1,0.0666666666666667,1.06756070539077
234,23,22,categorization,0,livingroom,SHINEd_livingroom_037.tif,86,0.1,0.0666666666666667,1.72887648258482
234,24,22,categorization,0,bedroom,SHINEd_bedroom_125.tif,59,0.1,0.0666666666666667,1.80972290282354
234,25,22,categorization,0,livingroom,SHINEd_livingroom_089.tif,107,0.1,0.0666666666666667,1.46667218026852
234,26,22,categorization,0,bedroom,SHINEd_bedroom_020.tif,19,0.1,0.0666666666666667,0.940802062367619
234,27,22,categorization,0,livingroom,SHINEd_livingroom_018.tif,73,0.1,0.0666666666666667,0.72736571129778
234,28,22,categorization,0,livingroom,SHINEd_livingroom_050.tif,93,0.1,0.0666666666666667,1.02705783964906
234,29,22,categorization,0,bedroom,SHINEd_bedroom_069.tif,39,0.1,0.0666666666666667,0.78411786077793
234,30,22,categorization,0,bedroom,SHINEd_bedroom_016.tif,17,0.1,0.0666666666666667,0.848044531312465
234,31,22,categorization,0,bedroom,SHINEd_bedroom_051.tif,33,0.1,0.0666666666666667,1.77066308230662
234,32,22,categorization,0,livingroom,SHINEd_livingroom_088.tif,106,0.1,0.0666666666666667,1.50108504431983
234,33,22,categorization,0,livingroom,SHINEd_livingroom_081.tif,103,0.1,0.0666666666666667,0.913924801287576
234,34,22,categorization,0,livingroom,SHINEd_livingroom_005.tif,64,0.1,0.0666666666666667,0.726670548948279
234,35,22,categorization,0,bedroom,SHINEd_bedroom_090.tif,47,0.1,0.0666666666666667,1.07481808870356
234,36,22,categorization,0,livingroom,SHINEd_livingroom_047.tif,90,0.1,0.0666666666666667,1.01041710251563
234,37,22,categorization,0,bedroom,SHINEd_bedroom_048.tif,32,0.1,0.0666666666666667,1.07735380047276
234,38,22,categorization,0,bedroom,SHINEd_bedroom_068.tif,38,0.1,0.0666666666666667,0.715287983711653
234,39,22,categorization,0,bedroom,SHINEd_bedroom_093.tif,48,0.1,0.0666666666666667,0.839366347095155
234,40,22,categorization,0,livingroom,SHINEd_livingroom_003.tif,62,0.1,0.0666666666666667,1.85188060599258
234,41,22,categorization,0,bedroom,SHINEd_bedroom_126.tif,60,0.1,0.0666666666666667,0.856383843383168
234,42,22,categorization,0,livingroom,SHINEd_livingroom_052.tif,94,0.1,0.0666666666666667,1.38706143240846
234,43,22,categorization,0,bedroom,SHINEd_bedroom_080.tif,43,0.1,0.0666666666666667,1.45686750191675
234,44,22,categorization,0,bedroom,SHINEd_bedroom_099.tif,51,0.1,0.0666666666666667,1.6546558335747
234,45,22,categorization,0,livingroom,SHINEd_livingroom_031.tif,83,0.1,0.0666666666666667,1.30275402207576
234,46,22,categorization,0,bedroom,SHINEd_bedroom_067.tif,37,0.1,0.0666666666666667,1.12256775496437
234,47,22,categorization,0,livingroom,SHINEd_livingroom_087.tif,105,0.1,0.0666666666666667,0.897237159121562
234,48,22,categorization,0,bedroom,SHINEd_bedroom_074.tif,40,0.1,0.0666666666666667,0.955684300127756
234,49,22,categorization,0,livingroom,SHINEd_livingroom_62.tif,110,0.1,0.0666666666666667,0.713627310643769
234,50,22,categorization,0,livingroom,SHINEd_livingroom_055.tif,96,0.1,0.0666666666666667,0.737245569775945
234,1,23,categorization,0,livingroom,SHINEd_livingroom_62.tif,110,0.1,0.0666666666666667,0.893266907656457
234,2,23,categorization,0,bedroom,SHINEd_bedroom_020.tif,19,0.1,0.0666666666666667,1.40471396798289
234,3,23,categorization,0,livingroom,SHINEd_livingroom_020.tif,75,0.1,0.0666666666666667,1.47655439728394
234,4,23,categorization,0,bedroom,SHINEd_bedroom_079.tif,42,0.1,0.0666666666666667,1.15718463064718
234,5,23,categorization,0,livingroom,SHINEd_livingroom_059.tif,98,0.1,0.0666666666666667,1.10489061055541
234,6,23,categorization,0,bedroom,SHINEd_bedroom_114.tif,54,0.1,0.0666666666666667,1.68138515783939
234,7,23,categorization,0,bedroom,SHINEd_bedroom_052.tif,34,0.1,0.0666666666666667,0.902775730193516
234,8,23,categorization,0,livingroom,SHINEd_livingroom_081.tif,103,0.1,0.0666666666666667,1.53739540668551
234,9,23,categorization,0,bedroom,SHINEd_bedroom_046.tif,30,0.1,0.0666666666666667,1.33702335584336
234,10,23,categorization,0,bedroom,SHINEd_bedroom_008.tif,11,0.1,0.0666666666666667,0.874902334654513
234,11,23,categorization,0,livingroom,SHINEd_livingroom_087.tif,105,0.1,0.0666666666666667,0.81784239220073
234,12,23,categorization,0,bedroom,SHINEd_bedroom_036.tif,25,0.1,0.0666666666666667,0.89922183094781
234,13,23,categorization,0,bedroom,SHINEd_bedroom_041.tif,27,0.1,0.0666666666666667,1.0157153607653
234,14,23,categorization,0,bedroom,SHINEd_bedroom_030.tif,23,0.1,0.0666666666666667,0.996643249300745
234,15,23,categorization,0,bedroom,SHINEd_bedroom_051.tif,33,0.1,0.0666666666666667,0.981560853997418
234,16,23,categorization,0,livingroom,SHINEd_livingroom_046.tif,89,0.1,0.0666666666666667,0.721802392767654
234,17,23,categorization,0,bedroom,SHINEd_bedroom_042.tif,28,0.1,0.0666666666666667,1.08542793617102
234,18,23,categorization,0,bedroom,SHINEd_bedroom_126.tif,60,0.1,0.0666666666666667,1.22280887057492
234,19,23,categorization,0,livingroom,SHINEd_livingroom_054.tif,95,0.1,0.0666666666666667,0.703724343904645
234,20,23,categorization,0,livingroom,SHINEd_livingroom_029.tif,81,0.1,0.0666666666666667,1.44571513240825
234,21,23,categorization,0,livingroom,SHINEd_livingroom_006.tif,65,0.1,0.0666666666666667,1.02229057697544
234,22,23,categorization,0,bedroom,SHINEd_bedroom_010.tif,13,0.1,0.0666666666666667,1.31670598651546
234,23,23,categorization,0,bedroom,SHINEd_bedroom_056.tif,35,0.1,0.0666666666666667,1.52912826535291
234,24,23,categorization,0,bedroom,SHINEd_bedroom_112.tif,53,0.1,0.0666666666666667,1.61319236143968
234,25,23,categorization,0,livingroom,SHINEd_livingroom_005.tif,64,0.1,0.0666666666666667,1.49631927655014
234,26,23,categorization,0,bedroom,SHINEd_bedroom_116.tif,55,0.1,0.0666666666666667,1.72067283010242
234,27,23,categorization,0,bedroom,SHINEd_bedroom_089.tif,46,0.1,0.0666666666666667,1.03529598670698
234,28,23,categorization,0,bedroom,SHINEd_bedroom_099.tif,51,0.1,0.0666666666666667,0.987318072589839
234,29,23,categorization,0,livingroom,SHINEd_livingroom_055.tif,96,0.1,0.0666666666666667,1.18420139737128
234,30,23,categorization,0,bedroom,SHINEd_bedroom_032.tif,24,0.1,0.0666666666666667,0.856633095413784
234,31,23,categorization,0,livingroom,SHINEd_livingroom_025.tif,79,0.1,0.0666666666666667,1.67531256297417
234,32,23,categorization,0,bedroom,SHINEd_bedroom_080.tif,43,0.1,0.0666666666666667,0.903576241051875
234,33,23,categorization,0,livingroom,SHINEd_livingroom_030.tif,82,0.1,0.0666666666666667,0.999959484683612
234,34,23,categorization,0,bedroom,SHINEd_bedroom_118.tif,56,0.1,0.0666666666666667,0.985343224414085
234,35,23,categorization,0,livingroom,SHINEd_livingroom_073.tif,102,0.1,0.0666666666666667,1.3036756451047
234,36,23,categorization,0,bedroom,SHINEd_bedroom_025.tif,21,0.1,0.0666666666666667,1.35277639091464
234,37,23,categorization,0,bedroom,SHINEd_bedroom_074.tif,40,0.1,0.0666666666666667,0.821062371669673
234,38,23,categorization,0,livingroom,SHINEd_livingroom_060.tif,99,0.1,0.0666666666666667,1.15326154290728
234,39,23,categorization,0,livingroom,SHINEd_livingroom_052.tif,94,0.1,0.0666666666666667,1.07395312321339
234,40,23,categorization,0,bedroom,SHINEd_bedroom_068.tif,38,0.1,0.0666666666666667,1.38122141543726
234,41,23,categorization,0,livingroom,SHINEd_livingroom_014.tif,71,0.1,0.0666666666666667,1.41705744595969
234,42,23,categorization,0,livingroom,SHINEd_livingroom_031.tif,83,0.1,0.0666666666666667,0.952485842438597
234,43,23,categorization,0,bedroom,SHINEd_bedroom_098.tif,50,0.1,0.0666666666666667,1.96800574214137
234,44,23,categorization,0,livingroom,SHINEd_livingroom_043.tif,88,0.1,0.0666666666666667,0.822183698852048
234,45,23,categorization,0,bedroom,SHINEd_bedroom_047.tif,31,0.1,0.0666666666666667,1.37665074521282
234,46,23,categorization,0,bedroom,SHINEd_bedroom_067.tif,37,0.1,0.0666666666666667,1.25210578803892
234,47,23,categorization,0,bedroom,SHINEd_bedroom_039.tif,26,0.1,0.0666666666666667,1.18810951591701
234,48,23,categorization,0,livingroom,SHINEd_livingroom_049.tif,92,0.1,0.0666666666666667,0.8581130703832
234,49,23,categorization,0,livingroom,SHINEd_livingroom_048.tif,91,0.1,0.0666666666666667,1.060922477432
234,50,23,categorization,0,livingroom,SHINEd_livingroom_047.tif,90,0.1,0.0666666666666667,0.926028497350477
234,1,24,categorization,0,bedroom,SHINEd_bedroom_016.tif,17,0.1,0.0666666666666667,0.854663018128371
234,2,24,categorization,0,livingroom,SHINEd_livingroom_039.tif,87,0.1,0.0666666666666667,1.65848763183632
234,3,24,categorization,0,livingroom,SHINEd_livingroom_037.tif,86,0.1,0.0666666666666667,1.98071153614781
234,4,24,categorization,0,livingroom,SHINEd_livingroom_001.tif,61,0.1,0.0666666666666667,0.802730450187741
234,5,24,categorization,0,bedroom,SHINEd_bedroom_048.tif,32,0.1,0.0666666666666667,1.84777484839911
234,6,24,categorization,0,bedroom,SHINEd_bedroom_023.tif,20,0.1,0.0666666666666667,0.883739718341403
234,7,24,categorization,0,bedroom,SHINEd_bedroom_069.tif,39,0.1,0.0666666666666667,0.991367240741527
234,8,24,categorization,0,bedroom,SHINEd_bedroom_018.tif,18,0.1,0.0666666666666667,0.72102336558616
234,9,24,categorization,0,livingroom,SHINEd_livingroom_008.tif,67,0.1,0.0666666666666667,1.03629090986438
234,10,24,categorization,0,bedroom,SHINEd_bedroom_097.tif,49,0.1,0.0666666666666667,1.67859581794844
234,11,24,categorization,0,bedroom,SHINEd_bedroom_086.tif,45,0.1,0.0666666666666667,1.26276858515666
234,12,24,categorization,0,livingroom,SHINEd_livingroom_012.tif,69,0.1,0.0666666666666667,1.41128598093091
234,13,24,categorization,0,livingroom,SHINEd_livingroom_004.tif,63,0.1,0.0666666666666667,0.776064035243477
234,14,24,categorization,0,livingroom,SHINEd_livingroom_092.tif,109,0.1,0.0666666666666667,1.47203832603295
234,15,24,categorization,0,livingroom,SHINEd_livingroom_028.tif,80,0.1,0.0666666666666667,1.65326167900475
234,16,24,categorization,0,livingroom,SHINEd_livingroom_068.tif,100,0.1,0.0666666666666667,0.738395561703805
234,17,24,categorization,0,bedroom,SHINEd_bedroom_011.tif,14,0.1,0.0666666666666667,1.82587822814419
234,18,24,categorization,0,livingroom,SHINEd_livingroom_057.tif,97,0.1,0.0666666666666667,1.52543665019537
234,19,24,categorization,0,bedroom,SHINEd_bedroom_119.tif,57,0.1,0.0666666666666667,1.53167437126158
234,20,24,categorization,0,bedroom,SHINEd_bedroom_125.tif,59,0.1,0.0666666666666667,1.90829074655399
234,21,24,categorization,0,bedroom,SHINEd_bedroom_062.tif,36,0.1,0.0666666666666667,1.05656953696131
234,22,24,categorization,0,bedroom,SHINEd_bedroom_014.tif,16,0.1,0.0666666666666667,1.15906608478801
234,23,24,categorization,0,bedroom,SHINEd_bedroom_009.tif,12,0.1,0.0666666666666667,1.88011606722682
234,24,24,categorization,0,livingroom,SHINEd_livingroom_032.tif,84,0.1,0.0666666666666667,0.774268954530531
234,25,24,categorization,0,livingroom,SHINEd_livingroom_072.tif,101,0.1,0.0666666666666667,1.47966758499905
234,26,24,categorization,0,bedroom,SHINEd_bedroom_120.tif,58,0.1,0.0666666666666667,1.46562537992569
234,27,24,categorization,0,livingroom,SHINEd_livingroom_023.tif,77,0.1,0.0666666666666667,1.38109716586491
234,28,24,categorization,0,bedroom,SHINEd_bedroom_029.tif,22,0.1,0.0666666666666667,1.96471402832229
234,29,24,categorization,0,bedroom,SHINEd_bedroom_093.tif,48,0.1,0.0666666666666667,1.15444065972157
234,30,24,categorization,0,livingroom,SHINEd_livingroom_088.tif,106,0.1,0.0666666666666667,1.06111078263994
234,31,24,categorization,0,livingroom,SHINEd_livingroom_003.tif,62,0.1,0.0666666666666667,1.90449171943786
234,32,24,categorization,0,bedroom,SHINEd_bedroom_085.tif,44,0.1,0.0666666666666667,0.733803394982702
234,33,24,categorization,0,livingroom,SHINEd_livingroom_036.tif,85,0.1,0.0666666666666667,1.68767030522854
234,34,24,categorization,0,bedroom,SHINEd_bedroom_075.tif,41,0.1,0.0666666666666667,1.30887553811961
234,35,24,categorization,0,bedroom,SHINEd_bedroom_045.tif,29,0.1,0.0666666666666667,0.859068015346594
234,36,24,categorization,0,bedroom,SHINEd_bedroom_106.tif,52,0.1,0.0666666666666667,0.85765774530743
234,37,24,categorization,0,livingroom,SHINEd_livingroom_019.tif,74,0.1,0.0666666666666667,1.61541554658363
234,38,24,categorization,0,livingroom,SHINEd_livingroom_016.tif,72,0.1,0.0666666666666667,1.4277464874918
234,39,24,categorization,0,bedroom,SHINEd_bedroom_090.tif,47,0.1,0.0666666666666667,0.9049704377931
234,40,24,categorization,0,livingroom,SHINEd_livingroom_010.tif,68,0.1,0.0666666666666667,1.50135338635123
234,41,24,categorization,0,bedroom,SHINEd_bedroom_012.tif,15,0.1,0.0666666666666667,1.73162946690558
234,42,24,categorization,0,livingroom,SHINEd_livingroom_083.tif,104,0.1,0.0666666666666667,1.46907093869908
234,43,24,categorization,0,livingroom,SHINEd_livingroom_007.tif,66,0.1,0.0666666666666667,1.10180995282369
234,44,24,categorization,0,livingroom,SHINEd_livingroom_024.tif,78,0.1,0.0666666666666667,0.977375957919055
234,45,24,categorization,0,livingroom,SHINEd_livingroom_022.tif,76,0.1,0.0666666666666667,1.62742214572205
234,46,24,categorization,0,livingroom,SHINEd_livingroom_018.tif,73,0.1,0.0666666666666667,0.864178951646261
234,47,24,categorization,0,livingroom,SHINEd_livingroom_089.tif,107,0.1,0.0666666666666667,0.714978648587801
234,48,24,categorization,0,livingroom,SHINEd_livingroom_013.tif,70,0.1,0.0666666666666667,0.74787365652595
234,49,24,categorization,0,livingroom,SHINEd_livingroom_090.tif,108,0.1,0.0666666666666667,1.28717710377212
234,50,24,categorization,0,livingroom,SHINEd_livingroom_050.tif,93,0.1,0.0666666666666667,1.04774434401607
