sub_num,trial,block,task,is_practice,category,image,texture,duration,mask_dur,jitter
235,1,0,categorization,1,bedroom,SHINEd_practice_bedroom_057.tif,114,0.1,0.0666666666666667,0.940272705251886
235,2,0,categorization,1,bedroom,SHINEd_practice_bedroom_015.tif,111,0.1,0.0666666666666667,1.20700494808754
235,3,0,categorization,1,livingroom,SHINEd_practice_livingroom_067.tif,120,0.1,0.0666666666666667,1.45721340271796
235,4,0,categorization,1,livingroom,SHINEd_practice_livingroom_066.tif,119,0.1,0.0666666666666667,0.8190823837802
235,5,0,categorization,1,livingroom,SHINEd_practice_livingroom_002.tif,116,0.1,0.0666666666666667,1.05382942711215
235,6,0,categorization,1,livingroom,SHINEd_practice_livingroom_041.tif,118,0.1,0.0666666666666667,1.94643171893238
235,7,0,categorization,1,bedroom,SHINEd_practice_bedroom_027.tif,113,0.1,0.0666666666666667,1.04480050164829
235,8,0,categorization,1,bedroom,SHINEd_practice_bedroom_122.tif,115,0.1,0.0666666666666667,1.61597783030743
235,9,0,categorization,1,bedroom,SHINEd_practice_bedroom_019.tif,112,0.1,0.0666666666666667,0.782388284640426
235,10,0,categorization,1,livingroom,SHINEd_practice_livingroom_015.tif,117,0.1,0.0666666666666667,0.764490435446566
235,1,1,categorization,0,bedroom,SHINEd_bedroom_075.tif,41,0.1,0.0666666666666667,0.959372619428712
235,2,1,categorization,0,livingroom,SHINEd_livingroom_088.tif,106,0.1,0.0666666666666667,0.939977964298537
235,3,1,categorization,0,livingroom,SHINEd_livingroom_006.tif,65,0.1,0.0666666666666667,1.21702990416343
235,4,1,categorization,0,livingroom,SHINEd_livingroom_003.tif,62,0.1,0.0666666666666667,1.38178881487754
235,5,1,categorization,0,livingroom,SHINEd_livingroom_010.tif,68,0.1,0.0666666666666667,1.36721370316585
235,6,1,categorization,0,bedroom,SHINEd_bedroom_025.tif,21,0.1,0.0666666666666667,1.72940396309153
235,7,1,categorization,0,bedroom,SHINEd_bedroom_098.tif,50,0.1,0.0666666666666667,0.724839937118118
235,8,1,categorization,0,bedroom,SHINEd_bedroom_010.tif,13,0.1,0.0666666666666667,0.966378104600486
235,9,1,categorization,0,livingroom,SHINEd_livingroom_030.tif,82,0.1,0.0666666666666667,1.17641865098491
235,10,1,categorization,0,bedroom,SHINEd_bedroom_018.tif,18,0.1,0.0666666666666667,0.97964465941235
235,11,1,categorization,0,bedroom,SHINEd_bedroom_090.tif,47,0.1,0.0666666666666667,0.898939413572894
235,12,1,categorization,0,bedroom,SHINEd_bedroom_020.tif,19,0.1,0.0666666666666667,1.15070800604588
235,13,1,categorization,0,bedroom,SHINEd_bedroom_041.tif,27,0.1,0.0666666666666667,1.60092253380772
235,14,1,categorization,0,bedroom,SHINEd_bedroom_067.tif,37,0.1,0.0666666666666667,0.722818440375179
235,15,1,categorization,0,livingroom,SHINEd_livingroom_055.tif,96,0.1,0.0666666666666667,1.09999345937502
235,16,1,categorization,0,livingroom,SHINEd_livingroom_081.tif,103,0.1,0.0666666666666667,0.707909797841189
235,17,1,categorization,0,bedroom,SHINEd_bedroom_114.tif,54,0.1,0.0666666666666667,1.25761668188297
235,18,1,categorization,0,livingroom,SHINEd_livingroom_014.tif,71,0.1,0.0666666666666667,1.30588405369393
235,19,1,categorization,0,bedroom,SHINEd_bedroom_048.tif,32,0.1,0.0666666666666667,0.730276540272327
235,20,1,categorization,0,bedroom,SHINEd_bedroom_116.tif,55,0.1,0.0666666666666667,0.810518301295531
235,21,1,categorization,0,livingroom,SHINEd_livingroom_048.tif,91,0.1,0.0666666666666667,0.962559428776194
235,22,1,categorization,0,livingroom,SHINEd_livingroom_037.tif,86,0.1,0.0666666666666667,0.91820553448436
235,23,1,categorization,0,bedroom,SHINEd_bedroom_097.tif,49,0.1,0.0666666666666667,1.49135658488349
235,24,1,categorization,0,livingroom,SHINEd_livingroom_028.tif,80,0.1,0.0666666666666667,1.99011264436099
235,25,1,categorization,0,bedroom,SHINEd_bedroom_079.tif,42,0.1,0.0666666666666667,1.08195863052085
235,26,1,categorization,0,bedroom,SHINEd_bedroom_099.tif,51,0.1,0.0666666666666667,1.49003447912642
235,27,1,categorization,0,livingroom,SHINEd_livingroom_004.tif,63,0.1,0.0666666666666667,1.36200790872863
235,28,1,categorization,0,bedroom,SHINEd_bedroom_086.tif,45,0.1,0.0666666666666667,0.933532197950731
235,29,1,categorization,0,bedroom,SHINEd_bedroom_032.tif,24,0.1,0.0666666666666667,0.991749436166505
235,30,1,categorization,0,livingroom,SHINEd_livingroom_092.tif,109,0.1,0.0666666666666667,1.11198874429242
235,31,1,categorization,0,bedroom,SHINEd_bedroom_029.tif,22,0.1,0.0666666666666667,1.372239540099
235,32,1,categorization,0,bedroom,SHINEd_bedroom_052.tif,34,0.1,0.0666666666666667,0.727379368399031
235,33,1,categorization,0,bedroom,SHINEd_bedroom_045.tif,29,0.1,0.0666666666666667,0.87666787194767
235,34,1,categorization,0,livingroom,SHINEd_livingroom_052.tif,94,0.1,0.0666666666666667,0.867017758773301
235,35,1,categorization,0,livingroom,SHINEd_livingroom_047.tif,90,0.1,0.0666666666666667,1.49940629734894
235,36,1,categorization,0,livingroom,SHINEd_livingroom_008.tif,67,0.1,0.0666666666666667,0.746727848355585
235,37,1,categorization,0,livingroom,SHINEd_livingroom_019.tif,74,0.1,0.0666666666666667,1.90503915652746
235,38,1,categorization,0,bedroom,SHINEd_bedroom_012.tif,15,0.1,0.0666666666666667,0.863091345148919
235,39,1,categorization,0,livingroom,SHINEd_livingroom_068.tif,100,0.1,0.0666666666666667,0.749697493708846
235,40,1,categorization,0,bedroom,SHINEd_bedroom_047.tif,31,0.1,0.0666666666666667,1.43995375130365
235,41,1,categorization,0,bedroom,SHINEd_bedroom_046.tif,30,0.1,0.0666666666666667,0.827958355429315
235,42,1,categorization,0,livingroom,SHINEd_livingroom_001.tif,61,0.1,0.0666666666666667,1.15699155766595
235,43,1,categorization,0,bedroom,SHINEd_bedroom_056.tif,35,0.1,0.0666666666666667,0.72426648053934
235,44,1,categorization,0,bedroom,SHINEd_bedroom_125.tif,59,0.1,0.0666666666666667,1.12939398945965
235,45,1,categorization,0,bedroom,SHINEd_bedroom_062.tif,36,0.1,0.0666666666666667,0.760386113896747
235,46,1,categorization,0,livingroom,SHINEd_livingroom_083.tif,104,0.1,0.0666666666666667,1.55774022733756
235,47,1,categorization,0,bedroom,SHINEd_bedroom_074.tif,40,0.1,0.0666666666666667,1.61702916635012
235,48,1,categorization,0,livingroom,SHINEd_livingroom_024.tif,78,0.1,0.0666666666666667,0.78618809154347
235,49,1,categorization,0,livingroom,SHINEd_livingroom_029.tif,81,0.1,0.0666666666666667,1.60491179102904
235,50,1,categorization,0,livingroom,SHINEd_livingroom_059.tif,98,0.1,0.0666666666666667,1.47959124135108
235,1,2,categorization,0,bedroom,SHINEd_bedroom_068.tif,38,0.1,0.0666666666666667,1.56239897435193
235,2,2,categorization,0,bedroom,SHINEd_bedroom_030.tif,23,0.1,0.0666666666666667,1.59212238596233
235,3,2,categorization,0,livingroom,SHINEd_livingroom_089.tif,107,0.1,0.0666666666666667,0.921029556028254
235,4,2,categorization,0,livingroom,SHINEd_livingroom_018.tif,73,0.1,0.0666666666666667,1.85566620941019
235,5,2,categorization,0,bedroom,SHINEd_bedroom_009.tif,12,0.1,0.0666666666666667,1.28312130913072
235,6,2,categorization,0,livingroom,SHINEd_livingroom_012.tif,69,0.1,0.0666666666666667,0.826751389213083
235,7,2,categorization,0,bedroom,SHINEd_bedroom_085.tif,44,0.1,0.0666666666666667,1.35177340533668
235,8,2,categorization,0,livingroom,SHINEd_livingroom_62.tif,110,0.1,0.0666666666666667,1.79630087709036
235,9,2,categorization,0,livingroom,SHINEd_livingroom_090.tif,108,0.1,0.0666666666666667,1.08211475073674
235,10,2,categorization,0,livingroom,SHINEd_livingroom_005.tif,64,0.1,0.0666666666666667,1.04707889601087
235,11,2,categorization,0,bedroom,SHINEd_bedroom_080.tif,43,0.1,0.0666666666666667,1.19332150107291
235,12,2,categorization,0,livingroom,SHINEd_livingroom_032.tif,84,0.1,0.0666666666666667,0.830187094020123
235,13,2,categorization,0,bedroom,SHINEd_bedroom_069.tif,39,0.1,0.0666666666666667,1.10697300404386
235,14,2,categorization,0,bedroom,SHINEd_bedroom_014.tif,16,0.1,0.0666666666666667,1.10245298853179
235,15,2,categorization,0,livingroom,SHINEd_livingroom_054.tif,95,0.1,0.0666666666666667,1.62174724990236
235,16,2,categorization,0,bedroom,SHINEd_bedroom_042.tif,28,0.1,0.0666666666666667,0.995500079058408
235,17,2,categorization,0,bedroom,SHINEd_bedroom_051.tif,33,0.1,0.0666666666666667,1.43201501432154
235,18,2,categorization,0,bedroom,SHINEd_bedroom_120.tif,58,0.1,0.0666666666666667,1.43127901197577
235,19,2,categorization,0,livingroom,SHINEd_livingroom_087.tif,105,0.1,0.0666666666666667,0.888869152993072
235,20,2,categorization,0,livingroom,SHINEd_livingroom_023.tif,77,0.1,0.0666666666666667,1.20826703235888
235,21,2,categorization,0,livingroom,SHINEd_livingroom_073.tif,102,0.1,0.0666666666666667,1.62468295729402
235,22,2,categorization,0,bedroom,SHINEd_bedroom_118.tif,56,0.1,0.0666666666666667,0.822881568512991
235,23,2,categorization,0,bedroom,SHINEd_bedroom_039.tif,26,0.1,0.0666666666666667,1.40188411797792
235,24,2,categorization,0,bedroom,SHINEd_bedroom_119.tif,57,0.1,0.0666666666666667,0.749868613219399
235,25,2,categorization,0,livingroom,SHINEd_livingroom_060.tif,99,0.1,0.0666666666666667,1.13630436977171
235,26,2,categorization,0,livingroom,SHINEd_livingroom_057.tif,97,0.1,0.0666666666666667,1.34032958615374
235,27,2,categorization,0,livingroom,SHINEd_livingroom_039.tif,87,0.1,0.0666666666666667,1.90689896854769
235,28,2,categorization,0,bedroom,SHINEd_bedroom_093.tif,48,0.1,0.0666666666666667,1.78199912088485
235,29,2,categorization,0,livingroom,SHINEd_livingroom_036.tif,85,0.1,0.0666666666666667,1.05699455066827
235,30,2,categorization,0,livingroom,SHINEd_livingroom_016.tif,72,0.1,0.0666666666666667,1.1910212175324
235,31,2,categorization,0,livingroom,SHINEd_livingroom_072.tif,101,0.1,0.0666666666666667,0.938261104447059
235,32,2,categorization,0,livingroom,SHINEd_livingroom_013.tif,70,0.1,0.0666666666666667,0.796262380784934
235,33,2,categorization,0,bedroom,SHINEd_bedroom_016.tif,17,0.1,0.0666666666666667,0.781988884430173
235,34,2,categorization,0,livingroom,SHINEd_livingroom_049.tif,92,0.1,0.0666666666666667,0.717862340328236
235,35,2,categorization,0,bedroom,SHINEd_bedroom_112.tif,53,0.1,0.0666666666666667,0.733952273461741
235,36,2,categorization,0,livingroom,SHINEd_livingroom_025.tif,79,0.1,0.0666666666666667,0.897147501790695
235,37,2,categorization,0,bedroom,SHINEd_bedroom_106.tif,52,0.1,0.0666666666666667,0.979211522103903
235,38,2,categorization,0,livingroom,SHINEd_livingroom_046.tif,89,0.1,0.0666666666666667,1.35583508743138
235,39,2,categorization,0,livingroom,SHINEd_livingroom_020.tif,75,0.1,0.0666666666666667,1.65664206760192
235,40,2,categorization,0,bedroom,SHINEd_bedroom_011.tif,14,0.1,0.0666666666666667,0.740277207940074
235,41,2,categorization,0,bedroom,SHINEd_bedroom_008.tif,11,0.1,0.0666666666666667,1.33580077913906
235,42,2,categorization,0,bedroom,SHINEd_bedroom_036.tif,25,0.1,0.0666666666666667,1.29941899630886
235,43,2,categorization,0,bedroom,SHINEd_bedroom_023.tif,20,0.1,0.0666666666666667,0.745881418186751
235,44,2,categorization,0,livingroom,SHINEd_livingroom_031.tif,83,0.1,0.0666666666666667,0.933204993437815
235,45,2,categorization,0,livingroom,SHINEd_livingroom_007.tif,66,0.1,0.0666666666666667,1.52854063866097
235,46,2,categorization,0,bedroom,SHINEd_bedroom_089.tif,46,0.1,0.0666666666666667,1.06497281783726
235,47,2,categorization,0,livingroom,SHINEd_livingroom_043.tif,88,0.1,0.0666666666666667,0.819624197053322
235,48,2,categorization,0,livingroom,SHINEd_livingroom_050.tif,93,0.1,0.0666666666666667,1.360359728481
235,49,2,categorization,0,livingroom,SHINEd_livingroom_022.tif,76,0.1,0.0666666666666667,0.856118689834297
235,50,2,categorization,0,bedroom,SHINEd_bedroom_126.tif,60,0.1,0.0666666666666667,1.18154011462919
235,1,3,categorization,0,bedroom,SHINEd_bedroom_114.tif,54,0.1,0.0666666666666667,1.10817758262935
235,2,3,categorization,0,bedroom,SHINEd_bedroom_075.tif,41,0.1,0.0666666666666667,1.27830966962991
235,3,3,categorization,0,bedroom,SHINEd_bedroom_126.tif,60,0.1,0.0666666666666667,0.896161325825304
235,4,3,categorization,0,bedroom,SHINEd_bedroom_023.tif,20,0.1,0.0666666666666667,1.7942742746375
235,5,3,categorization,0,bedroom,SHINEd_bedroom_025.tif,21,0.1,0.0666666666666667,1.76636399974128
235,6,3,categorization,0,bedroom,SHINEd_bedroom_118.tif,56,0.1,0.0666666666666667,1.15635292386437
235,7,3,categorization,0,livingroom,SHINEd_livingroom_060.tif,99,0.1,0.0666666666666667,1.04640605903678
235,8,3,categorization,0,livingroom,SHINEd_livingroom_043.tif,88,0.1,0.0666666666666667,1.96769990805644
235,9,3,categorization,0,bedroom,SHINEd_bedroom_056.tif,35,0.1,0.0666666666666667,0.945601009873978
235,10,3,categorization,0,livingroom,SHINEd_livingroom_028.tif,80,0.1,0.0666666666666667,1.80391917893742
235,11,3,categorization,0,bedroom,SHINEd_bedroom_067.tif,37,0.1,0.0666666666666667,1.91015194032766
235,12,3,categorization,0,livingroom,SHINEd_livingroom_054.tif,95,0.1,0.0666666666666667,0.766870466574732
235,13,3,categorization,0,bedroom,SHINEd_bedroom_093.tif,48,0.1,0.0666666666666667,0.746725972828015
235,14,3,categorization,0,livingroom,SHINEd_livingroom_012.tif,69,0.1,0.0666666666666667,0.93413294752754
235,15,3,categorization,0,bedroom,SHINEd_bedroom_112.tif,53,0.1,0.0666666666666667,1.1298417285915
235,16,3,categorization,0,livingroom,SHINEd_livingroom_014.tif,71,0.1,0.0666666666666667,1.92877305736505
235,17,3,categorization,0,bedroom,SHINEd_bedroom_099.tif,51,0.1,0.0666666666666667,0.860987985875809
235,18,3,categorization,0,livingroom,SHINEd_livingroom_003.tif,62,0.1,0.0666666666666667,0.927224562646163
235,19,3,categorization,0,livingroom,SHINEd_livingroom_018.tif,73,0.1,0.0666666666666667,1.42184353636733
235,20,3,categorization,0,livingroom,SHINEd_livingroom_013.tif,70,0.1,0.0666666666666667,1.16103091154744
235,21,3,categorization,0,livingroom,SHINEd_livingroom_024.tif,78,0.1,0.0666666666666667,1.51436794601697
235,22,3,categorization,0,livingroom,SHINEd_livingroom_057.tif,97,0.1,0.0666666666666667,1.2150374945467
235,23,3,categorization,0,livingroom,SHINEd_livingroom_030.tif,82,0.1,0.0666666666666667,1.04602164118118
235,24,3,categorization,0,bedroom,SHINEd_bedroom_097.tif,49,0.1,0.0666666666666667,1.44739072302643
235,25,3,categorization,0,bedroom,SHINEd_bedroom_029.tif,22,0.1,0.0666666666666667,0.81889907529275
235,26,3,categorization,0,bedroom,SHINEd_bedroom_020.tif,19,0.1,0.0666666666666667,1.69099240607429
235,27,3,categorization,0,bedroom,SHINEd_bedroom_039.tif,26,0.1,0.0666666666666667,1.40391651165459
235,28,3,categorization,0,bedroom,SHINEd_bedroom_042.tif,28,0.1,0.0666666666666667,1.01705177887918
235,29,3,categorization,0,livingroom,SHINEd_livingroom_039.tif,87,0.1,0.0666666666666667,1.01918256254249
235,30,3,categorization,0,bedroom,SHINEd_bedroom_120.tif,58,0.1,0.0666666666666667,1.7070763509587
235,31,3,categorization,0,bedroom,SHINEd_bedroom_014.tif,16,0.1,0.0666666666666667,1.70062819609968
235,32,3,categorization,0,livingroom,SHINEd_livingroom_049.tif,92,0.1,0.0666666666666667,0.79719900389148
235,33,3,categorization,0,bedroom,SHINEd_bedroom_069.tif,39,0.1,0.0666666666666667,1.01743102432856
235,34,3,categorization,0,livingroom,SHINEd_livingroom_055.tif,96,0.1,0.0666666666666667,1.23862618168425
235,35,3,categorization,0,bedroom,SHINEd_bedroom_125.tif,59,0.1,0.0666666666666667,1.22433865313432
235,36,3,categorization,0,livingroom,SHINEd_livingroom_031.tif,83,0.1,0.0666666666666667,0.83242662434148
235,37,3,categorization,0,livingroom,SHINEd_livingroom_007.tif,66,0.1,0.0666666666666667,1.04310753506993
235,38,3,categorization,0,livingroom,SHINEd_livingroom_059.tif,98,0.1,0.0666666666666667,0.851477058939811
235,39,3,categorization,0,bedroom,SHINEd_bedroom_062.tif,36,0.1,0.0666666666666667,1.29160922936879
235,40,3,categorization,0,livingroom,SHINEd_livingroom_092.tif,109,0.1,0.0666666666666667,1.5458609829571
235,41,3,categorization,0,bedroom,SHINEd_bedroom_074.tif,40,0.1,0.0666666666666667,1.40830025788417
235,42,3,categorization,0,livingroom,SHINEd_livingroom_073.tif,102,0.1,0.0666666666666667,1.01516994024977
235,43,3,categorization,0,bedroom,SHINEd_bedroom_008.tif,11,0.1,0.0666666666666667,1.55911599007263
235,44,3,categorization,0,livingroom,SHINEd_livingroom_020.tif,75,0.1,0.0666666666666667,1.362056904876
235,45,3,categorization,0,bedroom,SHINEd_bedroom_045.tif,29,0.1,0.0666666666666667,0.785828993224286
235,46,3,categorization,0,livingroom,SHINEd_livingroom_046.tif,89,0.1,0.0666666666666667,0.8975485368679
235,47,3,categorization,0,bedroom,SHINEd_bedroom_012.tif,15,0.1,0.0666666666666667,0.930497781378508
235,48,3,categorization,0,livingroom,SHINEd_livingroom_004.tif,63,0.1,0.0666666666666667,1.93214827189286
235,49,3,categorization,0,bedroom,SHINEd_bedroom_051.tif,33,0.1,0.0666666666666667,1.5888147295878
235,50,3,categorization,0,livingroom,SHINEd_livingroom_087.tif,105,0.1,0.0666666666666667,1.52222567280594
235,1,4,categorization,0,bedroom,SHINEd_bedroom_086.tif,45,0.1,0.0666666666666667,1.00227380953409
235,2,4,categorization,0,bedroom,SHINEd_bedroom_119.tif,57,0.1,0.0666666666666667,1.39095171927978
235,3,4,categorization,0,livingroom,SHINEd_livingroom_052.tif,94,0.1,0.0666666666666667,0.721670096297954
235,4,4,categorization,0,livingroom,SHINEd_livingroom_048.tif,91,0.1,0.0666666666666667,1.24131815696805
235,5,4,categorization,0,livingroom,SHINEd_livingroom_005.tif,64,0.1,0.0666666666666667,0.915029149213517
235,6,4,categorization,0,livingroom,SHINEd_livingroom_032.tif,84,0.1,0.0666666666666667,1.48750286725301
235,7,4,categorization,0,livingroom,SHINEd_livingroom_006.tif,65,0.1,0.0666666666666667,1.53952048597862
235,8,4,categorization,0,livingroom,SHINEd_livingroom_001.tif,61,0.1,0.0666666666666667,0.943497938201458
235,9,4,categorization,0,livingroom,SHINEd_livingroom_62.tif,110,0.1,0.0666666666666667,1.27140420106857
235,10,4,categorization,0,bedroom,SHINEd_bedroom_048.tif,32,0.1,0.0666666666666667,1.7755957735932
235,11,4,categorization,0,livingroom,SHINEd_livingroom_050.tif,93,0.1,0.0666666666666667,0.964464326065165
235,12,4,categorization,0,livingroom,SHINEd_livingroom_088.tif,106,0.1,0.0666666666666667,0.717537594208482
235,13,4,categorization,0,bedroom,SHINEd_bedroom_009.tif,12,0.1,0.0666666666666667,1.3868991903008
235,14,4,categorization,0,bedroom,SHINEd_bedroom_010.tif,13,0.1,0.0666666666666667,0.867157298911954
235,15,4,categorization,0,livingroom,SHINEd_livingroom_025.tif,79,0.1,0.0666666666666667,1.64797934086469
235,16,4,categorization,0,bedroom,SHINEd_bedroom_011.tif,14,0.1,0.0666666666666667,1.45748324945132
235,17,4,categorization,0,bedroom,SHINEd_bedroom_106.tif,52,0.1,0.0666666666666667,0.804850481075706
235,18,4,categorization,0,livingroom,SHINEd_livingroom_023.tif,77,0.1,0.0666666666666667,1.09977078308874
235,19,4,categorization,0,livingroom,SHINEd_livingroom_068.tif,100,0.1,0.0666666666666667,0.971867583546544
235,20,4,categorization,0,livingroom,SHINEd_livingroom_022.tif,76,0.1,0.0666666666666667,1.84545282558753
235,21,4,categorization,0,bedroom,SHINEd_bedroom_047.tif,31,0.1,0.0666666666666667,1.15649856500138
235,22,4,categorization,0,livingroom,SHINEd_livingroom_008.tif,67,0.1,0.0666666666666667,0.712420100124164
235,23,4,categorization,0,livingroom,SHINEd_livingroom_036.tif,85,0.1,0.0666666666666667,1.84156521106158
235,24,4,categorization,0,bedroom,SHINEd_bedroom_085.tif,44,0.1,0.0666666666666667,1.44325109189198
235,25,4,categorization,0,bedroom,SHINEd_bedroom_116.tif,55,0.1,0.0666666666666667,1.3040348386316
235,26,4,categorization,0,livingroom,SHINEd_livingroom_037.tif,86,0.1,0.0666666666666667,1.14355876630296
235,27,4,categorization,0,livingroom,SHINEd_livingroom_090.tif,108,0.1,0.0666666666666667,1.6154790017503
235,28,4,categorization,0,livingroom,SHINEd_livingroom_081.tif,103,0.1,0.0666666666666667,1.24588033398105
235,29,4,categorization,0,livingroom,SHINEd_livingroom_010.tif,68,0.1,0.0666666666666667,0.81840699227763
235,30,4,categorization,0,bedroom,SHINEd_bedroom_030.tif,23,0.1,0.0666666666666667,0.780717762188627
235,31,4,categorization,0,bedroom,SHINEd_bedroom_018.tif,18,0.1,0.0666666666666667,1.17070251558569
235,32,4,categorization,0,bedroom,SHINEd_bedroom_080.tif,43,0.1,0.0666666666666667,1.16639560104711
235,33,4,categorization,0,livingroom,SHINEd_livingroom_072.tif,101,0.1,0.0666666666666667,1.81657969735992
235,34,4,categorization,0,livingroom,SHINEd_livingroom_016.tif,72,0.1,0.0666666666666667,0.958416924188418
235,35,4,categorization,0,livingroom,SHINEd_livingroom_089.tif,107,0.1,0.0666666666666667,1.74383890967611
235,36,4,categorization,0,bedroom,SHINEd_bedroom_036.tif,25,0.1,0.0666666666666667,0.810439081125902
235,37,4,categorization,0,livingroom,SHINEd_livingroom_047.tif,90,0.1,0.0666666666666667,1.12878629029862
235,38,4,categorization,0,bedroom,SHINEd_bedroom_046.tif,30,0.1,0.0666666666666667,1.12079397796183
235,39,4,categorization,0,bedroom,SHINEd_bedroom_032.tif,24,0.1,0.0666666666666667,1.86249603070815
235,40,4,categorization,0,bedroom,SHINEd_bedroom_016.tif,17,0.1,0.0666666666666667,1.6461959669868
235,41,4,categorization,0,bedroom,SHINEd_bedroom_079.tif,42,0.1,0.0666666666666667,1.28146291656891
235,42,4,categorization,0,bedroom,SHINEd_bedroom_090.tif,47,0.1,0.0666666666666667,1.81481151245396
235,43,4,categorization,0,livingroom,SHINEd_livingroom_019.tif,74,0.1,0.0666666666666667,1.20029951377397
235,44,4,categorization,0,bedroom,SHINEd_bedroom_068.tif,38,0.1,0.0666666666666667,1.17508168191576
235,45,4,categorization,0,livingroom,SHINEd_livingroom_083.tif,104,0.1,0.0666666666666667,0.768275285369919
235,46,4,categorization,0,bedroom,SHINEd_bedroom_041.tif,27,0.1,0.0666666666666667,1.69134046776782
235,47,4,categorization,0,bedroom,SHINEd_bedroom_089.tif,46,0.1,0.0666666666666667,1.93959106354898
235,48,4,categorization,0,livingroom,SHINEd_livingroom_029.tif,81,0.1,0.0666666666666667,1.60735259262367
235,49,4,categorization,0,bedroom,SHINEd_bedroom_098.tif,50,0.1,0.0666666666666667,1.44826925488559
235,50,4,categorization,0,bedroom,SHINEd_bedroom_052.tif,34,0.1,0.0666666666666667,0.967628876174238
235,1,5,categorization,0,livingroom,SHINEd_livingroom_092.tif,109,0.1,0.0666666666666667,0.915613150433089
235,2,5,categorization,0,livingroom,SHINEd_livingroom_083.tif,104,0.1,0.0666666666666667,0.764338351799394
235,3,5,categorization,0,bedroom,SHINEd_bedroom_120.tif,58,0.1,0.0666666666666667,1.50375898769948
235,4,5,categorization,0,bedroom,SHINEd_bedroom_045.tif,29,0.1,0.0666666666666667,1.61897911185013
235,5,5,categorization,0,livingroom,SHINEd_livingroom_031.tif,83,0.1,0.0666666666666667,0.702504220423294
235,6,5,categorization,0,livingroom,SHINEd_livingroom_62.tif,110,0.1,0.0666666666666667,0.861135103888874
235,7,5,categorization,0,bedroom,SHINEd_bedroom_119.tif,57,0.1,0.0666666666666667,1.77481172091142
235,8,5,categorization,0,bedroom,SHINEd_bedroom_090.tif,47,0.1,0.0666666666666667,0.911408835839229
235,9,5,categorization,0,bedroom,SHINEd_bedroom_056.tif,35,0.1,0.0666666666666667,1.76548373435051
235,10,5,categorization,0,livingroom,SHINEd_livingroom_030.tif,82,0.1,0.0666666666666667,1.72615681753136
235,11,5,categorization,0,livingroom,SHINEd_livingroom_001.tif,61,0.1,0.0666666666666667,1.74866663045353
235,12,5,categorization,0,livingroom,SHINEd_livingroom_050.tif,93,0.1,0.0666666666666667,1.4038598546036
235,13,5,categorization,0,livingroom,SHINEd_livingroom_003.tif,62,0.1,0.0666666666666667,1.48101426567171
235,14,5,categorization,0,livingroom,SHINEd_livingroom_036.tif,85,0.1,0.0666666666666667,0.947304948700427
235,15,5,categorization,0,bedroom,SHINEd_bedroom_106.tif,52,0.1,0.0666666666666667,1.30659974164781
235,16,5,categorization,0,bedroom,SHINEd_bedroom_079.tif,42,0.1,0.0666666666666667,0.965088378666032
235,17,5,categorization,0,bedroom,SHINEd_bedroom_099.tif,51,0.1,0.0666666666666667,1.54077966072493
235,18,5,categorization,0,livingroom,SHINEd_livingroom_073.tif,102,0.1,0.0666666666666667,1.02745253194049
235,19,5,categorization,0,livingroom,SHINEd_livingroom_004.tif,63,0.1,0.0666666666666667,1.28011024527667
235,20,5,categorization,0,livingroom,SHINEd_livingroom_020.tif,75,0.1,0.0666666666666667,1.86470768714746
235,21,5,categorization,0,livingroom,SHINEd_livingroom_057.tif,97,0.1,0.0666666666666667,0.702697800638137
235,22,5,categorization,0,livingroom,SHINEd_livingroom_024.tif,78,0.1,0.0666666666666667,0.878265557160225
235,23,5,categorization,0,livingroom,SHINEd_livingroom_006.tif,65,0.1,0.0666666666666667,1.21749032116729
235,24,5,categorization,0,bedroom,SHINEd_bedroom_014.tif,16,0.1,0.0666666666666667,1.46677309331344
235,25,5,categorization,0,livingroom,SHINEd_livingroom_007.tif,66,0.1,0.0666666666666667,1.20882213434424
235,26,5,categorization,0,bedroom,SHINEd_bedroom_114.tif,54,0.1,0.0666666666666667,1.25525155457918
235,27,5,categorization,0,bedroom,SHINEd_bedroom_048.tif,32,0.1,0.0666666666666667,0.82983210527636
235,28,5,categorization,0,livingroom,SHINEd_livingroom_081.tif,103,0.1,0.0666666666666667,0.842162585386727
235,29,5,categorization,0,livingroom,SHINEd_livingroom_039.tif,87,0.1,0.0666666666666667,0.700667009538556
235,30,5,categorization,0,livingroom,SHINEd_livingroom_060.tif,99,0.1,0.0666666666666667,1.10266871299047
235,31,5,categorization,0,bedroom,SHINEd_bedroom_032.tif,24,0.1,0.0666666666666667,1.79675456337391
235,32,5,categorization,0,bedroom,SHINEd_bedroom_067.tif,37,0.1,0.0666666666666667,1.44154690847567
235,33,5,categorization,0,livingroom,SHINEd_livingroom_016.tif,72,0.1,0.0666666666666667,0.922031728361881
235,34,5,categorization,0,bedroom,SHINEd_bedroom_025.tif,21,0.1,0.0666666666666667,1.22408960314688
235,35,5,categorization,0,livingroom,SHINEd_livingroom_043.tif,88,0.1,0.0666666666666667,1.1410904287395
235,36,5,categorization,0,livingroom,SHINEd_livingroom_072.tif,101,0.1,0.0666666666666667,0.833811055244835
235,37,5,categorization,0,livingroom,SHINEd_livingroom_037.tif,86,0.1,0.0666666666666667,1.75749913441932
235,38,5,categorization,0,bedroom,SHINEd_bedroom_125.tif,59,0.1,0.0666666666666667,1.91434738302198
235,39,5,categorization,0,bedroom,SHINEd_bedroom_074.tif,40,0.1,0.0666666666666667,0.973324634598041
235,40,5,categorization,0,bedroom,SHINEd_bedroom_098.tif,50,0.1,0.0666666666666667,1.54179596150701
235,41,5,categorization,0,bedroom,SHINEd_bedroom_036.tif,25,0.1,0.0666666666666667,1.0593976632317
235,42,5,categorization,0,livingroom,SHINEd_livingroom_019.tif,74,0.1,0.0666666666666667,1.8001112471704
235,43,5,categorization,0,bedroom,SHINEd_bedroom_126.tif,60,0.1,0.0666666666666667,0.790982071909439
235,44,5,categorization,0,livingroom,SHINEd_livingroom_025.tif,79,0.1,0.0666666666666667,0.807531787241369
235,45,5,categorization,0,bedroom,SHINEd_bedroom_093.tif,48,0.1,0.0666666666666667,0.700247004461893
235,46,5,categorization,0,bedroom,SHINEd_bedroom_080.tif,43,0.1,0.0666666666666667,0.702108841700844
235,47,5,categorization,0,bedroom,SHINEd_bedroom_023.tif,20,0.1,0.0666666666666667,1.27814833733153
235,48,5,categorization,0,bedroom,SHINEd_bedroom_029.tif,22,0.1,0.0666666666666667,0.775620203290484
235,49,5,categorization,0,bedroom,SHINEd_bedroom_046.tif,30,0.1,0.0666666666666667,1.36179529891572
235,50,5,categorization,0,livingroom,SHINEd_livingroom_018.tif,73,0.1,0.0666666666666667,1.33526337123652
235,1,6,categorization,0,bedroom,SHINEd_bedroom_008.tif,11,0.1,0.0666666666666667,0.905642931486443
235,2,6,categorization,0,livingroom,SHINEd_livingroom_055.tif,96,0.1,0.0666666666666667,0.909856057277763
235,3,6,categorization,0,livingroom,SHINEd_livingroom_029.tif,81,0.1,0.0666666666666667,0.841473982278042
235,4,6,categorization,0,bedroom,SHINEd_bedroom_051.tif,33,0.1,0.0666666666666667,1.30506914178883
235,5,6,categorization,0,livingroom,SHINEd_livingroom_090.tif,108,0.1,0.0666666666666667,0.768220732504576
235,6,6,categorization,0,bedroom,SHINEd_bedroom_020.tif,19,0.1,0.0666666666666667,1.167046674014
235,7,6,categorization,0,livingroom,SHINEd_livingroom_023.tif,77,0.1,0.0666666666666667,0.875214078787391
235,8,6,categorization,0,bedroom,SHINEd_bedroom_018.tif,18,0.1,0.0666666666666667,1.76604950389146
235,9,6,categorization,0,bedroom,SHINEd_bedroom_118.tif,56,0.1,0.0666666666666667,0.859263837678761
235,10,6,categorization,0,livingroom,SHINEd_livingroom_010.tif,68,0.1,0.0666666666666667,0.933180202963447
235,11,6,categorization,0,livingroom,SHINEd_livingroom_022.tif,76,0.1,0.0666666666666667,1.17333189402662
235,12,6,categorization,0,livingroom,SHINEd_livingroom_028.tif,80,0.1,0.0666666666666667,1.47607562691465
235,13,6,categorization,0,livingroom,SHINEd_livingroom_046.tif,89,0.1,0.0666666666666667,1.36595368340229
235,14,6,categorization,0,bedroom,SHINEd_bedroom_041.tif,27,0.1,0.0666666666666667,1.01318954607315
235,15,6,categorization,0,livingroom,SHINEd_livingroom_059.tif,98,0.1,0.0666666666666667,1.10729032744453
235,16,6,categorization,0,bedroom,SHINEd_bedroom_062.tif,36,0.1,0.0666666666666667,1.38195462475049
235,17,6,categorization,0,bedroom,SHINEd_bedroom_069.tif,39,0.1,0.0666666666666667,1.60002165191187
235,18,6,categorization,0,bedroom,SHINEd_bedroom_042.tif,28,0.1,0.0666666666666667,1.72884800375383
235,19,6,categorization,0,bedroom,SHINEd_bedroom_012.tif,15,0.1,0.0666666666666667,1.33137390620109
235,20,6,categorization,0,bedroom,SHINEd_bedroom_075.tif,41,0.1,0.0666666666666667,0.81515889362489
235,21,6,categorization,0,livingroom,SHINEd_livingroom_008.tif,67,0.1,0.0666666666666667,1.67611140690812
235,22,6,categorization,0,bedroom,SHINEd_bedroom_112.tif,53,0.1,0.0666666666666667,1.43176988320331
235,23,6,categorization,0,livingroom,SHINEd_livingroom_032.tif,84,0.1,0.0666666666666667,1.00400265701319
235,24,6,categorization,0,livingroom,SHINEd_livingroom_014.tif,71,0.1,0.0666666666666667,1.75243208081235
235,25,6,categorization,0,bedroom,SHINEd_bedroom_068.tif,38,0.1,0.0666666666666667,1.29930873639015
235,26,6,categorization,0,livingroom,SHINEd_livingroom_013.tif,70,0.1,0.0666666666666667,1.79984439759286
235,27,6,categorization,0,bedroom,SHINEd_bedroom_086.tif,45,0.1,0.0666666666666667,1.15779929667238
235,28,6,categorization,0,bedroom,SHINEd_bedroom_009.tif,12,0.1,0.0666666666666667,1.34964425012544
235,29,6,categorization,0,bedroom,SHINEd_bedroom_116.tif,55,0.1,0.0666666666666667,0.710170037411687
235,30,6,categorization,0,livingroom,SHINEd_livingroom_088.tif,106,0.1,0.0666666666666667,1.99515023845919
235,31,6,categorization,0,livingroom,SHINEd_livingroom_052.tif,94,0.1,0.0666666666666667,0.777037516508522
235,32,6,categorization,0,livingroom,SHINEd_livingroom_054.tif,95,0.1,0.0666666666666667,0.911897579987279
235,33,6,categorization,0,livingroom,SHINEd_livingroom_089.tif,107,0.1,0.0666666666666667,1.46819450825367
235,34,6,categorization,0,bedroom,SHINEd_bedroom_011.tif,14,0.1,0.0666666666666667,0.763217265413332
235,35,6,categorization,0,bedroom,SHINEd_bedroom_016.tif,17,0.1,0.0666666666666667,1.09093844529134
235,36,6,categorization,0,bedroom,SHINEd_bedroom_097.tif,49,0.1,0.0666666666666667,1.73786207168197
235,37,6,categorization,0,bedroom,SHINEd_bedroom_047.tif,31,0.1,0.0666666666666667,0.751619047012906
235,38,6,categorization,0,livingroom,SHINEd_livingroom_048.tif,91,0.1,0.0666666666666667,0.848120031939763
235,39,6,categorization,0,bedroom,SHINEd_bedroom_085.tif,44,0.1,0.0666666666666667,0.910941643907495
235,40,6,categorization,0,livingroom,SHINEd_livingroom_005.tif,64,0.1,0.0666666666666667,1.37851862840336
235,41,6,categorization,0,livingroom,SHINEd_livingroom_049.tif,92,0.1,0.0666666666666667,1.91210809137579
235,42,6,categorization,0,bedroom,SHINEd_bedroom_052.tif,34,0.1,0.0666666666666667,1.63114494802402
235,43,6,categorization,0,livingroom,SHINEd_livingroom_068.tif,100,0.1,0.0666666666666667,0.865784700139982
235,44,6,categorization,0,bedroom,SHINEd_bedroom_030.tif,23,0.1,0.0666666666666667,0.796712705564274
235,45,6,categorization,0,bedroom,SHINEd_bedroom_039.tif,26,0.1,0.0666666666666667,1.16751953553555
235,46,6,categorization,0,livingroom,SHINEd_livingroom_087.tif,105,0.1,0.0666666666666667,0.718156063969349
235,47,6,categorization,0,livingroom,SHINEd_livingroom_012.tif,69,0.1,0.0666666666666667,1.04188529629421
235,48,6,categorization,0,livingroom,SHINEd_livingroom_047.tif,90,0.1,0.0666666666666667,0.845247291337196
235,49,6,categorization,0,bedroom,SHINEd_bedroom_089.tif,46,0.1,0.0666666666666667,1.31062680295713
235,50,6,categorization,0,bedroom,SHINEd_bedroom_010.tif,13,0.1,0.0666666666666667,0.868157658342971
235,1,7,categorization,0,bedroom,SHINEd_bedroom_112.tif,53,0.1,0.0666666666666667,1.42792476237131
235,2,7,categorization,0,livingroom,SHINEd_livingroom_024.tif,78,0.1,0.0666666666666667,1.50535241030068
235,3,7,categorization,0,livingroom,SHINEd_livingroom_043.tif,88,0.1,0.0666666666666667,1.5082383844515
235,4,7,categorization,0,bedroom,SHINEd_bedroom_052.tif,34,0.1,0.0666666666666667,1.8747803242512
235,5,7,categorization,0,livingroom,SHINEd_livingroom_072.tif,101,0.1,0.0666666666666667,1.13408765857687
235,6,7,categorization,0,bedroom,SHINEd_bedroom_125.tif,59,0.1,0.0666666666666667,1.85381530896837
235,7,7,categorization,0,bedroom,SHINEd_bedroom_020.tif,19,0.1,0.0666666666666667,1.05769947843436
235,8,7,categorization,0,bedroom,SHINEd_bedroom_074.tif,40,0.1,0.0666666666666667,0.829121169133129
235,9,7,categorization,0,bedroom,SHINEd_bedroom_106.tif,52,0.1,0.0666666666666667,1.86803098787847
235,10,7,categorization,0,livingroom,SHINEd_livingroom_046.tif,89,0.1,0.0666666666666667,1.23975261031135
235,11,7,categorization,0,livingroom,SHINEd_livingroom_030.tif,82,0.1,0.0666666666666667,0.903127836487237
235,12,7,categorization,0,bedroom,SHINEd_bedroom_030.tif,23,0.1,0.0666666666666667,1.77610251196217
235,13,7,categorization,0,livingroom,SHINEd_livingroom_006.tif,65,0.1,0.0666666666666667,1.78528310715947
235,14,7,categorization,0,livingroom,SHINEd_livingroom_031.tif,83,0.1,0.0666666666666667,1.30317121477222
235,15,7,categorization,0,livingroom,SHINEd_livingroom_090.tif,108,0.1,0.0666666666666667,1.00681214459603
235,16,7,categorization,0,bedroom,SHINEd_bedroom_008.tif,11,0.1,0.0666666666666667,0.834804024130599
235,17,7,categorization,0,livingroom,SHINEd_livingroom_028.tif,80,0.1,0.0666666666666667,0.855491963461184
235,18,7,categorization,0,bedroom,SHINEd_bedroom_046.tif,30,0.1,0.0666666666666667,1.74486687838094
235,19,7,categorization,0,bedroom,SHINEd_bedroom_045.tif,29,0.1,0.0666666666666667,1.06418949806555
235,20,7,categorization,0,livingroom,SHINEd_livingroom_005.tif,64,0.1,0.0666666666666667,0.718624149966449
235,21,7,categorization,0,livingroom,SHINEd_livingroom_62.tif,110,0.1,0.0666666666666667,0.73337269210995
235,22,7,categorization,0,bedroom,SHINEd_bedroom_069.tif,39,0.1,0.0666666666666667,1.77763465396209
235,23,7,categorization,0,livingroom,SHINEd_livingroom_003.tif,62,0.1,0.0666666666666667,1.01399772542942
235,24,7,categorization,0,bedroom,SHINEd_bedroom_012.tif,15,0.1,0.0666666666666667,1.53465755433179
235,25,7,categorization,0,livingroom,SHINEd_livingroom_020.tif,75,0.1,0.0666666666666667,1.45149958771892
235,26,7,categorization,0,livingroom,SHINEd_livingroom_019.tif,74,0.1,0.0666666666666667,1.65625177808535
235,27,7,categorization,0,bedroom,SHINEd_bedroom_048.tif,32,0.1,0.0666666666666667,1.87097809389246
235,28,7,categorization,0,bedroom,SHINEd_bedroom_118.tif,56,0.1,0.0666666666666667,0.70020625099499
235,29,7,categorization,0,livingroom,SHINEd_livingroom_073.tif,102,0.1,0.0666666666666667,1.15733548109719
235,30,7,categorization,0,livingroom,SHINEd_livingroom_014.tif,71,0.1,0.0666666666666667,0.70499498615205
235,31,7,categorization,0,livingroom,SHINEd_livingroom_049.tif,92,0.1,0.0666666666666667,0.91652142001204
235,32,7,categorization,0,livingroom,SHINEd_livingroom_010.tif,68,0.1,0.0666666666666667,1.52084203827997
235,33,7,categorization,0,bedroom,SHINEd_bedroom_075.tif,41,0.1,0.0666666666666667,0.940635387842654
235,34,7,categorization,0,bedroom,SHINEd_bedroom_126.tif,60,0.1,0.0666666666666667,1.08621020424495
235,35,7,categorization,0,livingroom,SHINEd_livingroom_032.tif,84,0.1,0.0666666666666667,1.74559179992695
235,36,7,categorization,0,bedroom,SHINEd_bedroom_086.tif,45,0.1,0.0666666666666667,0.840877555864348
235,37,7,categorization,0,bedroom,SHINEd_bedroom_009.tif,12,0.1,0.0666666666666667,1.04399227270197
235,38,7,categorization,0,bedroom,SHINEd_bedroom_089.tif,46,0.1,0.0666666666666667,0.971637418283128
235,39,7,categorization,0,bedroom,SHINEd_bedroom_023.tif,20,0.1,0.0666666666666667,1.78398865049703
235,40,7,categorization,0,bedroom,SHINEd_bedroom_099.tif,51,0.1,0.0666666666666667,1.38159086174048
235,41,7,categorization,0,bedroom,SHINEd_bedroom_016.tif,17,0.1,0.0666666666666667,1.36700573307514
235,42,7,categorization,0,livingroom,SHINEd_livingroom_087.tif,105,0.1,0.0666666666666667,0.839822589507759
235,43,7,categorization,0,livingroom,SHINEd_livingroom_081.tif,103,0.1,0.0666666666666667,1.38071898379109
235,44,7,categorization,0,livingroom,SHINEd_livingroom_022.tif,76,0.1,0.0666666666666667,0.74034277962957
235,45,7,categorization,0,livingroom,SHINEd_livingroom_029.tif,81,0.1,0.0666666666666667,1.18730414085307
235,46,7,categorization,0,bedroom,SHINEd_bedroom_010.tif,13,0.1,0.0666666666666667,1.74834124475495
235,47,7,categorization,0,bedroom,SHINEd_bedroom_025.tif,21,0.1,0.0666666666666667,1.07004945923544
235,48,7,categorization,0,bedroom,SHINEd_bedroom_014.tif,16,0.1,0.0666666666666667,0.849880090659407
235,49,7,categorization,0,livingroom,SHINEd_livingroom_025.tif,79,0.1,0.0666666666666667,0.827571152005655
235,50,7,categorization,0,livingroom,SHINEd_livingroom_088.tif,106,0.1,0.0666666666666667,1.15256643900598
235,1,8,categorization,0,livingroom,SHINEd_livingroom_083.tif,104,0.1,0.0666666666666667,1.44914099147329
235,2,8,categorization,0,bedroom,SHINEd_bedroom_032.tif,24,0.1,0.0666666666666667,1.03657284945003
235,3,8,categorization,0,livingroom,SHINEd_livingroom_052.tif,94,0.1,0.0666666666666667,0.771802122175075
235,4,8,categorization,0,livingroom,SHINEd_livingroom_092.tif,109,0.1,0.0666666666666667,0.816055395055218
235,5,8,categorization,0,bedroom,SHINEd_bedroom_080.tif,43,0.1,0.0666666666666667,1.10900107693979
235,6,8,categorization,0,bedroom,SHINEd_bedroom_036.tif,25,0.1,0.0666666666666667,1.42566550938045
235,7,8,categorization,0,bedroom,SHINEd_bedroom_062.tif,36,0.1,0.0666666666666667,1.76028937444531
235,8,8,categorization,0,bedroom,SHINEd_bedroom_067.tif,37,0.1,0.0666666666666667,1.81773591618567
235,9,8,categorization,0,bedroom,SHINEd_bedroom_120.tif,58,0.1,0.0666666666666667,1.15462942324927
235,10,8,categorization,0,livingroom,SHINEd_livingroom_054.tif,95,0.1,0.0666666666666667,0.718542737411751
235,11,8,categorization,0,bedroom,SHINEd_bedroom_085.tif,44,0.1,0.0666666666666667,1.18639490707021
235,12,8,categorization,0,livingroom,SHINEd_livingroom_047.tif,90,0.1,0.0666666666666667,0.73409795950994
235,13,8,categorization,0,livingroom,SHINEd_livingroom_012.tif,69,0.1,0.0666666666666667,0.80398520360363
235,14,8,categorization,0,livingroom,SHINEd_livingroom_068.tif,100,0.1,0.0666666666666667,1.68789875568576
235,15,8,categorization,0,livingroom,SHINEd_livingroom_037.tif,86,0.1,0.0666666666666667,1.65315496969049
235,16,8,categorization,0,bedroom,SHINEd_bedroom_097.tif,49,0.1,0.0666666666666667,0.959626182381492
235,17,8,categorization,0,livingroom,SHINEd_livingroom_089.tif,107,0.1,0.0666666666666667,1.01461539210837
235,18,8,categorization,0,livingroom,SHINEd_livingroom_057.tif,97,0.1,0.0666666666666667,0.712239269763783
235,19,8,categorization,0,livingroom,SHINEd_livingroom_039.tif,87,0.1,0.0666666666666667,1.15618301451036
235,20,8,categorization,0,bedroom,SHINEd_bedroom_119.tif,57,0.1,0.0666666666666667,1.01110608101126
235,21,8,categorization,0,bedroom,SHINEd_bedroom_056.tif,35,0.1,0.0666666666666667,1.26818382827256
235,22,8,categorization,0,bedroom,SHINEd_bedroom_042.tif,28,0.1,0.0666666666666667,1.6867685786599
235,23,8,categorization,0,bedroom,SHINEd_bedroom_039.tif,26,0.1,0.0666666666666667,0.781919946867569
235,24,8,categorization,0,bedroom,SHINEd_bedroom_051.tif,33,0.1,0.0666666666666667,1.04693423565586
235,25,8,categorization,0,bedroom,SHINEd_bedroom_029.tif,22,0.1,0.0666666666666667,1.1484417084953
235,26,8,categorization,0,livingroom,SHINEd_livingroom_059.tif,98,0.1,0.0666666666666667,0.744653208159034
235,27,8,categorization,0,livingroom,SHINEd_livingroom_050.tif,93,0.1,0.0666666666666667,1.03549755178643
235,28,8,categorization,0,livingroom,SHINEd_livingroom_055.tif,96,0.1,0.0666666666666667,1.50717824604023
235,29,8,categorization,0,bedroom,SHINEd_bedroom_018.tif,18,0.1,0.0666666666666667,1.61985424702016
235,30,8,categorization,0,bedroom,SHINEd_bedroom_068.tif,38,0.1,0.0666666666666667,1.12296192354814
235,31,8,categorization,0,livingroom,SHINEd_livingroom_048.tif,91,0.1,0.0666666666666667,1.23792706480901
235,32,8,categorization,0,bedroom,SHINEd_bedroom_093.tif,48,0.1,0.0666666666666667,1.74443333678773
235,33,8,categorization,0,livingroom,SHINEd_livingroom_001.tif,61,0.1,0.0666666666666667,0.801214732415167
235,34,8,categorization,0,bedroom,SHINEd_bedroom_090.tif,47,0.1,0.0666666666666667,1.02493968844665
235,35,8,categorization,0,livingroom,SHINEd_livingroom_060.tif,99,0.1,0.0666666666666667,1.1582371739557
235,36,8,categorization,0,livingroom,SHINEd_livingroom_016.tif,72,0.1,0.0666666666666667,1.89628778161532
235,37,8,categorization,0,bedroom,SHINEd_bedroom_011.tif,14,0.1,0.0666666666666667,1.5138597087752
235,38,8,categorization,0,livingroom,SHINEd_livingroom_008.tif,67,0.1,0.0666666666666667,0.773764823602137
235,39,8,categorization,0,bedroom,SHINEd_bedroom_079.tif,42,0.1,0.0666666666666667,0.936578989465018
235,40,8,categorization,0,livingroom,SHINEd_livingroom_036.tif,85,0.1,0.0666666666666667,0.795584548579745
235,41,8,categorization,0,livingroom,SHINEd_livingroom_013.tif,70,0.1,0.0666666666666667,1.66493389252564
235,42,8,categorization,0,livingroom,SHINEd_livingroom_007.tif,66,0.1,0.0666666666666667,1.20976461746267
235,43,8,categorization,0,bedroom,SHINEd_bedroom_098.tif,50,0.1,0.0666666666666667,1.81203544817014
235,44,8,categorization,0,bedroom,SHINEd_bedroom_116.tif,55,0.1,0.0666666666666667,1.20303211516497
235,45,8,categorization,0,livingroom,SHINEd_livingroom_004.tif,63,0.1,0.0666666666666667,1.02652393491072
235,46,8,categorization,0,livingroom,SHINEd_livingroom_018.tif,73,0.1,0.0666666666666667,0.996723104569598
235,47,8,categorization,0,bedroom,SHINEd_bedroom_047.tif,31,0.1,0.0666666666666667,0.934181754214544
235,48,8,categorization,0,bedroom,SHINEd_bedroom_041.tif,27,0.1,0.0666666666666667,1.81223610107549
235,49,8,categorization,0,bedroom,SHINEd_bedroom_114.tif,54,0.1,0.0666666666666667,1.92157550550469
235,50,8,categorization,0,livingroom,SHINEd_livingroom_023.tif,77,0.1,0.0666666666666667,0.979141784585729
235,1,9,categorization,0,livingroom,SHINEd_livingroom_001.tif,61,0.1,0.0666666666666667,0.981782338655514
235,2,9,categorization,0,livingroom,SHINEd_livingroom_006.tif,65,0.1,0.0666666666666667,0.799748747482611
235,3,9,categorization,0,livingroom,SHINEd_livingroom_049.tif,92,0.1,0.0666666666666667,1.77358063855079
235,4,9,categorization,0,livingroom,SHINEd_livingroom_008.tif,67,0.1,0.0666666666666667,1.84866368131816
235,5,9,categorization,0,bedroom,SHINEd_bedroom_120.tif,58,0.1,0.0666666666666667,1.35055310127975
235,6,9,categorization,0,bedroom,SHINEd_bedroom_079.tif,42,0.1,0.0666666666666667,0.777866687096501
235,7,9,categorization,0,livingroom,SHINEd_livingroom_036.tif,85,0.1,0.0666666666666667,1.71091122758971
235,8,9,categorization,0,bedroom,SHINEd_bedroom_090.tif,47,0.1,0.0666666666666667,0.763021748555885
235,9,9,categorization,0,bedroom,SHINEd_bedroom_074.tif,40,0.1,0.0666666666666667,1.38622103083877
235,10,9,categorization,0,bedroom,SHINEd_bedroom_067.tif,37,0.1,0.0666666666666667,1.13454362802356
235,11,9,categorization,0,livingroom,SHINEd_livingroom_018.tif,73,0.1,0.0666666666666667,0.839084238481442
235,12,9,categorization,0,bedroom,SHINEd_bedroom_119.tif,57,0.1,0.0666666666666667,1.48230584756503
235,13,9,categorization,0,livingroom,SHINEd_livingroom_092.tif,109,0.1,0.0666666666666667,1.95965921080548
235,14,9,categorization,0,bedroom,SHINEd_bedroom_009.tif,12,0.1,0.0666666666666667,1.58157645753034
235,15,9,categorization,0,livingroom,SHINEd_livingroom_013.tif,70,0.1,0.0666666666666667,1.00326765122067
235,16,9,categorization,0,bedroom,SHINEd_bedroom_116.tif,55,0.1,0.0666666666666667,1.14331541266683
235,17,9,categorization,0,livingroom,SHINEd_livingroom_030.tif,82,0.1,0.0666666666666667,1.35993120278999
235,18,9,categorization,0,bedroom,SHINEd_bedroom_042.tif,28,0.1,0.0666666666666667,1.99780298966297
235,19,9,categorization,0,bedroom,SHINEd_bedroom_018.tif,18,0.1,0.0666666666666667,1.83047278786131
235,20,9,categorization,0,bedroom,SHINEd_bedroom_047.tif,31,0.1,0.0666666666666667,1.07654093575459
235,21,9,categorization,0,bedroom,SHINEd_bedroom_036.tif,25,0.1,0.0666666666666667,1.34634674222502
235,22,9,categorization,0,livingroom,SHINEd_livingroom_028.tif,80,0.1,0.0666666666666667,1.61305651539812
235,23,9,categorization,0,bedroom,SHINEd_bedroom_020.tif,19,0.1,0.0666666666666667,1.90484594988327
235,24,9,categorization,0,bedroom,SHINEd_bedroom_086.tif,45,0.1,0.0666666666666667,0.919954170434243
235,25,9,categorization,0,livingroom,SHINEd_livingroom_046.tif,89,0.1,0.0666666666666667,1.58334600993977
235,26,9,categorization,0,bedroom,SHINEd_bedroom_125.tif,59,0.1,0.0666666666666667,0.848089056624055
235,27,9,categorization,0,bedroom,SHINEd_bedroom_114.tif,54,0.1,0.0666666666666667,1.25637357010055
235,28,9,categorization,0,livingroom,SHINEd_livingroom_032.tif,84,0.1,0.0666666666666667,1.9236411429277
235,29,9,categorization,0,livingroom,SHINEd_livingroom_048.tif,91,0.1,0.0666666666666667,1.16111614723332
235,30,9,categorization,0,bedroom,SHINEd_bedroom_025.tif,21,0.1,0.0666666666666667,0.963826748825081
235,31,9,categorization,0,bedroom,SHINEd_bedroom_045.tif,29,0.1,0.0666666666666667,1.12228989575746
235,32,9,categorization,0,livingroom,SHINEd_livingroom_073.tif,102,0.1,0.0666666666666667,1.7825072709023
235,33,9,categorization,0,bedroom,SHINEd_bedroom_016.tif,17,0.1,0.0666666666666667,1.82648179343279
235,34,9,categorization,0,livingroom,SHINEd_livingroom_057.tif,97,0.1,0.0666666666666667,1.33398681524142
235,35,9,categorization,0,livingroom,SHINEd_livingroom_052.tif,94,0.1,0.0666666666666667,1.2714938862787
235,36,9,categorization,0,bedroom,SHINEd_bedroom_014.tif,16,0.1,0.0666666666666667,1.55233173119614
235,37,9,categorization,0,livingroom,SHINEd_livingroom_019.tif,74,0.1,0.0666666666666667,0.87781419983631
235,38,9,categorization,0,bedroom,SHINEd_bedroom_099.tif,51,0.1,0.0666666666666667,0.839293739910195
235,39,9,categorization,0,livingroom,SHINEd_livingroom_043.tif,88,0.1,0.0666666666666667,1.09092698609967
235,40,9,categorization,0,livingroom,SHINEd_livingroom_090.tif,108,0.1,0.0666666666666667,1.28808624972846
235,41,9,categorization,0,livingroom,SHINEd_livingroom_031.tif,83,0.1,0.0666666666666667,0.920613951229468
235,42,9,categorization,0,bedroom,SHINEd_bedroom_075.tif,41,0.1,0.0666666666666667,1.7696050682956
235,43,9,categorization,0,livingroom,SHINEd_livingroom_016.tif,72,0.1,0.0666666666666667,1.57153067882773
235,44,9,categorization,0,livingroom,SHINEd_livingroom_025.tif,79,0.1,0.0666666666666667,1.35109659559641
235,45,9,categorization,0,livingroom,SHINEd_livingroom_081.tif,103,0.1,0.0666666666666667,0.823561226298318
235,46,9,categorization,0,bedroom,SHINEd_bedroom_029.tif,22,0.1,0.0666666666666667,1.05419760696753
235,47,9,categorization,0,livingroom,SHINEd_livingroom_029.tif,81,0.1,0.0666666666666667,1.5831728173611
235,48,9,categorization,0,livingroom,SHINEd_livingroom_072.tif,101,0.1,0.0666666666666667,0.729105814538028
235,49,9,categorization,0,livingroom,SHINEd_livingroom_024.tif,78,0.1,0.0666666666666667,0.927728771841051
235,50,9,categorization,0,bedroom,SHINEd_bedroom_052.tif,34,0.1,0.0666666666666667,0.823520697164212
235,1,10,categorization,0,bedroom,SHINEd_bedroom_098.tif,50,0.1,0.0666666666666667,0.860509729632664
235,2,10,categorization,0,livingroom,SHINEd_livingroom_068.tif,100,0.1,0.0666666666666667,0.926822578233069
235,3,10,categorization,0,bedroom,SHINEd_bedroom_010.tif,13,0.1,0.0666666666666667,0.883790997229747
235,4,10,categorization,0,livingroom,SHINEd_livingroom_005.tif,64,0.1,0.0666666666666667,1.09121807416737
235,5,10,categorization,0,livingroom,SHINEd_livingroom_039.tif,87,0.1,0.0666666666666667,0.778307371388898
235,6,10,categorization,0,bedroom,SHINEd_bedroom_011.tif,14,0.1,0.0666666666666667,1.25194344703968
235,7,10,categorization,0,bedroom,SHINEd_bedroom_093.tif,48,0.1,0.0666666666666667,1.03931055800582
235,8,10,categorization,0,bedroom,SHINEd_bedroom_046.tif,30,0.1,0.0666666666666667,1.62858716659434
235,9,10,categorization,0,livingroom,SHINEd_livingroom_012.tif,69,0.1,0.0666666666666667,1.5060108180099
235,10,10,categorization,0,bedroom,SHINEd_bedroom_112.tif,53,0.1,0.0666666666666667,0.747006816356354
235,11,10,categorization,0,livingroom,SHINEd_livingroom_007.tif,66,0.1,0.0666666666666667,1.88684928016222
235,12,10,categorization,0,livingroom,SHINEd_livingroom_088.tif,106,0.1,0.0666666666666667,1.6553788774356
235,13,10,categorization,0,bedroom,SHINEd_bedroom_030.tif,23,0.1,0.0666666666666667,1.64218277497177
235,14,10,categorization,0,bedroom,SHINEd_bedroom_039.tif,26,0.1,0.0666666666666667,1.20552304190862
235,15,10,categorization,0,bedroom,SHINEd_bedroom_051.tif,33,0.1,0.0666666666666667,0.901849976714647
235,16,10,categorization,0,bedroom,SHINEd_bedroom_048.tif,32,0.1,0.0666666666666667,0.954855863988242
235,17,10,categorization,0,livingroom,SHINEd_livingroom_62.tif,110,0.1,0.0666666666666667,1.02789674116622
235,18,10,categorization,0,livingroom,SHINEd_livingroom_087.tif,105,0.1,0.0666666666666667,1.64471744320275
235,19,10,categorization,0,bedroom,SHINEd_bedroom_089.tif,46,0.1,0.0666666666666667,1.47641897883433
235,20,10,categorization,0,livingroom,SHINEd_livingroom_050.tif,93,0.1,0.0666666666666667,1.0054451046567
235,21,10,categorization,0,bedroom,SHINEd_bedroom_023.tif,20,0.1,0.0666666666666667,1.42181672318465
235,22,10,categorization,0,livingroom,SHINEd_livingroom_055.tif,96,0.1,0.0666666666666667,1.23515931554925
235,23,10,categorization,0,livingroom,SHINEd_livingroom_003.tif,62,0.1,0.0666666666666667,0.797548070589695
235,24,10,categorization,0,livingroom,SHINEd_livingroom_023.tif,77,0.1,0.0666666666666667,0.96363338287563
235,25,10,categorization,0,bedroom,SHINEd_bedroom_062.tif,36,0.1,0.0666666666666667,1.79209527296781
235,26,10,categorization,0,bedroom,SHINEd_bedroom_069.tif,39,0.1,0.0666666666666667,1.90579319478553
235,27,10,categorization,0,livingroom,SHINEd_livingroom_010.tif,68,0.1,0.0666666666666667,0.8904067557978
235,28,10,categorization,0,bedroom,SHINEd_bedroom_080.tif,43,0.1,0.0666666666666667,1.3260405695689
235,29,10,categorization,0,bedroom,SHINEd_bedroom_068.tif,38,0.1,0.0666666666666667,1.02328393172263
235,30,10,categorization,0,livingroom,SHINEd_livingroom_037.tif,86,0.1,0.0666666666666667,1.02082552409356
235,31,10,categorization,0,livingroom,SHINEd_livingroom_089.tif,107,0.1,0.0666666666666667,0.936527362241704
235,32,10,categorization,0,livingroom,SHINEd_livingroom_059.tif,98,0.1,0.0666666666666667,0.831607945653738
235,33,10,categorization,0,bedroom,SHINEd_bedroom_012.tif,15,0.1,0.0666666666666667,1.45462376122847
235,34,10,categorization,0,bedroom,SHINEd_bedroom_085.tif,44,0.1,0.0666666666666667,0.922199803272258
235,35,10,categorization,0,bedroom,SHINEd_bedroom_106.tif,52,0.1,0.0666666666666667,1.87868229736716
235,36,10,categorization,0,livingroom,SHINEd_livingroom_060.tif,99,0.1,0.0666666666666667,0.946859885205832
235,37,10,categorization,0,livingroom,SHINEd_livingroom_054.tif,95,0.1,0.0666666666666667,1.37469419956024
235,38,10,categorization,0,bedroom,SHINEd_bedroom_056.tif,35,0.1,0.0666666666666667,0.878589826883447
235,39,10,categorization,0,livingroom,SHINEd_livingroom_047.tif,90,0.1,0.0666666666666667,0.889032355273528
235,40,10,categorization,0,livingroom,SHINEd_livingroom_014.tif,71,0.1,0.0666666666666667,1.4214500487499
235,41,10,categorization,0,bedroom,SHINEd_bedroom_118.tif,56,0.1,0.0666666666666667,1.13852787062269
235,42,10,categorization,0,bedroom,SHINEd_bedroom_008.tif,11,0.1,0.0666666666666667,1.78198229325289
235,43,10,categorization,0,livingroom,SHINEd_livingroom_020.tif,75,0.1,0.0666666666666667,0.796792009611164
235,44,10,categorization,0,livingroom,SHINEd_livingroom_022.tif,76,0.1,0.0666666666666667,0.85984742835349
235,45,10,categorization,0,bedroom,SHINEd_bedroom_032.tif,24,0.1,0.0666666666666667,0.914678935962406
235,46,10,categorization,0,livingroom,SHINEd_livingroom_004.tif,63,0.1,0.0666666666666667,1.87308791789459
235,47,10,categorization,0,bedroom,SHINEd_bedroom_041.tif,27,0.1,0.0666666666666667,1.67886235229519
235,48,10,categorization,0,livingroom,SHINEd_livingroom_083.tif,104,0.1,0.0666666666666667,1.38064926160295
235,49,10,categorization,0,bedroom,SHINEd_bedroom_126.tif,60,0.1,0.0666666666666667,1.25038339676036
235,50,10,categorization,0,bedroom,SHINEd_bedroom_097.tif,49,0.1,0.0666666666666667,0.811668738458392
235,1,11,categorization,0,livingroom,SHINEd_livingroom_092.tif,109,0.1,0.0666666666666667,1.94113972710669
235,2,11,categorization,0,livingroom,SHINEd_livingroom_022.tif,76,0.1,0.0666666666666667,0.705974796778838
235,3,11,categorization,0,bedroom,SHINEd_bedroom_069.tif,39,0.1,0.0666666666666667,1.38142212558292
235,4,11,categorization,0,bedroom,SHINEd_bedroom_014.tif,16,0.1,0.0666666666666667,1.72079503874761
235,5,11,categorization,0,livingroom,SHINEd_livingroom_052.tif,94,0.1,0.0666666666666667,1.02320365791711
235,6,11,categorization,0,livingroom,SHINEd_livingroom_010.tif,68,0.1,0.0666666666666667,1.18362679265374
235,7,11,categorization,0,bedroom,SHINEd_bedroom_046.tif,30,0.1,0.0666666666666667,1.47396083608608
235,8,11,categorization,0,bedroom,SHINEd_bedroom_119.tif,57,0.1,0.0666666666666667,1.26575632024855
235,9,11,categorization,0,bedroom,SHINEd_bedroom_112.tif,53,0.1,0.0666666666666667,1.24641657430367
235,10,11,categorization,0,livingroom,SHINEd_livingroom_008.tif,67,0.1,0.0666666666666667,1.71607502959651
235,11,11,categorization,0,livingroom,SHINEd_livingroom_055.tif,96,0.1,0.0666666666666667,0.978511692373679
235,12,11,categorization,0,bedroom,SHINEd_bedroom_106.tif,52,0.1,0.0666666666666667,0.956650477971988
235,13,11,categorization,0,livingroom,SHINEd_livingroom_057.tif,97,0.1,0.0666666666666667,0.73894165461848
235,14,11,categorization,0,livingroom,SHINEd_livingroom_073.tif,102,0.1,0.0666666666666667,0.758514167196145
235,15,11,categorization,0,livingroom,SHINEd_livingroom_025.tif,79,0.1,0.0666666666666667,1.2515097776396
235,16,11,categorization,0,bedroom,SHINEd_bedroom_062.tif,36,0.1,0.0666666666666667,1.09954827730862
235,17,11,categorization,0,bedroom,SHINEd_bedroom_125.tif,59,0.1,0.0666666666666667,1.92880856246952
235,18,11,categorization,0,bedroom,SHINEd_bedroom_098.tif,50,0.1,0.0666666666666667,0.992002953183237
235,19,11,categorization,0,livingroom,SHINEd_livingroom_031.tif,83,0.1,0.0666666666666667,0.79023012577612
235,20,11,categorization,0,livingroom,SHINEd_livingroom_048.tif,91,0.1,0.0666666666666667,0.709589733842578
235,21,11,categorization,0,bedroom,SHINEd_bedroom_023.tif,20,0.1,0.0666666666666667,1.6097393741207
235,22,11,categorization,0,livingroom,SHINEd_livingroom_046.tif,89,0.1,0.0666666666666667,0.920665036233421
235,23,11,categorization,0,livingroom,SHINEd_livingroom_003.tif,62,0.1,0.0666666666666667,0.702464907229197
235,24,11,categorization,0,bedroom,SHINEd_bedroom_030.tif,23,0.1,0.0666666666666667,1.57311350107312
235,25,11,categorization,0,livingroom,SHINEd_livingroom_023.tif,77,0.1,0.0666666666666667,1.46845403597349
235,26,11,categorization,0,livingroom,SHINEd_livingroom_005.tif,64,0.1,0.0666666666666667,0.793668691283141
235,27,11,categorization,0,livingroom,SHINEd_livingroom_088.tif,106,0.1,0.0666666666666667,1.11297024080109
235,28,11,categorization,0,bedroom,SHINEd_bedroom_126.tif,60,0.1,0.0666666666666667,1.37979858768195
235,29,11,categorization,0,livingroom,SHINEd_livingroom_028.tif,80,0.1,0.0666666666666667,1.48838763064359
235,30,11,categorization,0,bedroom,SHINEd_bedroom_080.tif,43,0.1,0.0666666666666667,0.762665344509663
235,31,11,categorization,0,bedroom,SHINEd_bedroom_042.tif,28,0.1,0.0666666666666667,0.929056822581392
235,32,11,categorization,0,livingroom,SHINEd_livingroom_050.tif,93,0.1,0.0666666666666667,1.71709921953694
235,33,11,categorization,0,livingroom,SHINEd_livingroom_054.tif,95,0.1,0.0666666666666667,0.924974922861494
235,34,11,categorization,0,livingroom,SHINEd_livingroom_083.tif,104,0.1,0.0666666666666667,0.753799335951295
235,35,11,categorization,0,livingroom,SHINEd_livingroom_014.tif,71,0.1,0.0666666666666667,0.943887822188605
235,36,11,categorization,0,livingroom,SHINEd_livingroom_087.tif,105,0.1,0.0666666666666667,0.75297349317431
235,37,11,categorization,0,bedroom,SHINEd_bedroom_120.tif,58,0.1,0.0666666666666667,1.75971021649363
235,38,11,categorization,0,bedroom,SHINEd_bedroom_008.tif,11,0.1,0.0666666666666667,1.01483508992878
235,39,11,categorization,0,bedroom,SHINEd_bedroom_036.tif,25,0.1,0.0666666666666667,0.802293372833221
235,40,11,categorization,0,bedroom,SHINEd_bedroom_075.tif,41,0.1,0.0666666666666667,0.949395080208264
235,41,11,categorization,0,livingroom,SHINEd_livingroom_036.tif,85,0.1,0.0666666666666667,0.974942678509437
235,42,11,categorization,0,bedroom,SHINEd_bedroom_085.tif,44,0.1,0.0666666666666667,1.48499598985042
235,43,11,categorization,0,livingroom,SHINEd_livingroom_006.tif,65,0.1,0.0666666666666667,1.31631352292667
235,44,11,categorization,0,bedroom,SHINEd_bedroom_018.tif,18,0.1,0.0666666666666667,0.81930428261668
235,45,11,categorization,0,bedroom,SHINEd_bedroom_090.tif,47,0.1,0.0666666666666667,1.66954380628827
235,46,11,categorization,0,bedroom,SHINEd_bedroom_029.tif,22,0.1,0.0666666666666667,0.802000910301828
235,47,11,categorization,0,livingroom,SHINEd_livingroom_024.tif,78,0.1,0.0666666666666667,1.6526666142341
235,48,11,categorization,0,bedroom,SHINEd_bedroom_020.tif,19,0.1,0.0666666666666667,0.866033872776616
235,49,11,categorization,0,bedroom,SHINEd_bedroom_011.tif,14,0.1,0.0666666666666667,1.13080281590815
235,50,11,categorization,0,livingroom,SHINEd_livingroom_049.tif,92,0.1,0.0666666666666667,1.21902891313417
235,1,12,categorization,0,bedroom,SHINEd_bedroom_118.tif,56,0.1,0.0666666666666667,0.839392819419205
235,2,12,categorization,0,bedroom,SHINEd_bedroom_114.tif,54,0.1,0.0666666666666667,1.85827530640398
235,3,12,categorization,0,livingroom,SHINEd_livingroom_072.tif,101,0.1,0.0666666666666667,0.855509120128693
235,4,12,categorization,0,livingroom,SHINEd_livingroom_043.tif,88,0.1,0.0666666666666667,1.16653980679442
235,5,12,categorization,0,bedroom,SHINEd_bedroom_093.tif,48,0.1,0.0666666666666667,0.780218152017857
235,6,12,categorization,0,bedroom,SHINEd_bedroom_048.tif,32,0.1,0.0666666666666667,1.0251990731968
235,7,12,categorization,0,livingroom,SHINEd_livingroom_089.tif,107,0.1,0.0666666666666667,0.925395658928728
235,8,12,categorization,0,bedroom,SHINEd_bedroom_056.tif,35,0.1,0.0666666666666667,1.02985417354558
235,9,12,categorization,0,bedroom,SHINEd_bedroom_116.tif,55,0.1,0.0666666666666667,1.15028857471509
235,10,12,categorization,0,livingroom,SHINEd_livingroom_059.tif,98,0.1,0.0666666666666667,0.795173243737615
235,11,12,categorization,0,bedroom,SHINEd_bedroom_039.tif,26,0.1,0.0666666666666667,1.18383796513651
235,12,12,categorization,0,bedroom,SHINEd_bedroom_051.tif,33,0.1,0.0666666666666667,1.0697634509151
235,13,12,categorization,0,bedroom,SHINEd_bedroom_009.tif,12,0.1,0.0666666666666667,1.12133006830285
235,14,12,categorization,0,bedroom,SHINEd_bedroom_097.tif,49,0.1,0.0666666666666667,1.11789125378381
235,15,12,categorization,0,livingroom,SHINEd_livingroom_001.tif,61,0.1,0.0666666666666667,0.802093014527636
235,16,12,categorization,0,livingroom,SHINEd_livingroom_013.tif,70,0.1,0.0666666666666667,0.795198347365496
235,17,12,categorization,0,livingroom,SHINEd_livingroom_030.tif,82,0.1,0.0666666666666667,0.731686281503336
235,18,12,categorization,0,livingroom,SHINEd_livingroom_62.tif,110,0.1,0.0666666666666667,1.88013189054365
235,19,12,categorization,0,livingroom,SHINEd_livingroom_081.tif,103,0.1,0.0666666666666667,1.54442257802867
235,20,12,categorization,0,bedroom,SHINEd_bedroom_047.tif,31,0.1,0.0666666666666667,0.807491744503766
235,21,12,categorization,0,livingroom,SHINEd_livingroom_016.tif,72,0.1,0.0666666666666667,1.09021507051754
235,22,12,categorization,0,bedroom,SHINEd_bedroom_067.tif,37,0.1,0.0666666666666667,0.829468058986177
235,23,12,categorization,0,bedroom,SHINEd_bedroom_074.tif,40,0.1,0.0666666666666667,1.00992970134697
235,24,12,categorization,0,livingroom,SHINEd_livingroom_012.tif,69,0.1,0.0666666666666667,0.979197950668614
235,25,12,categorization,0,bedroom,SHINEd_bedroom_099.tif,51,0.1,0.0666666666666667,0.912045989757874
235,26,12,categorization,0,livingroom,SHINEd_livingroom_007.tif,66,0.1,0.0666666666666667,0.91667312895819
235,27,12,categorization,0,bedroom,SHINEd_bedroom_025.tif,21,0.1,0.0666666666666667,0.958590620786844
235,28,12,categorization,0,bedroom,SHINEd_bedroom_045.tif,29,0.1,0.0666666666666667,0.988490681596347
235,29,12,categorization,0,bedroom,SHINEd_bedroom_016.tif,17,0.1,0.0666666666666667,1.33806366248004
235,30,12,categorization,0,bedroom,SHINEd_bedroom_068.tif,38,0.1,0.0666666666666667,0.974130600857396
235,31,12,categorization,0,livingroom,SHINEd_livingroom_019.tif,74,0.1,0.0666666666666667,1.75637558896589
235,32,12,categorization,0,livingroom,SHINEd_livingroom_090.tif,108,0.1,0.0666666666666667,1.25356128793291
235,33,12,categorization,0,livingroom,SHINEd_livingroom_039.tif,87,0.1,0.0666666666666667,0.725714295301557
235,34,12,categorization,0,bedroom,SHINEd_bedroom_086.tif,45,0.1,0.0666666666666667,1.43076703383092
235,35,12,categorization,0,livingroom,SHINEd_livingroom_060.tif,99,0.1,0.0666666666666667,0.856583033238273
235,36,12,categorization,0,bedroom,SHINEd_bedroom_041.tif,27,0.1,0.0666666666666667,0.876730632617557
235,37,12,categorization,0,livingroom,SHINEd_livingroom_037.tif,86,0.1,0.0666666666666667,0.816572723513243
235,38,12,categorization,0,livingroom,SHINEd_livingroom_032.tif,84,0.1,0.0666666666666667,1.61206740571891
235,39,12,categorization,0,livingroom,SHINEd_livingroom_018.tif,73,0.1,0.0666666666666667,1.61803028208378
235,40,12,categorization,0,bedroom,SHINEd_bedroom_012.tif,15,0.1,0.0666666666666667,0.826980796692784
235,41,12,categorization,0,bedroom,SHINEd_bedroom_032.tif,24,0.1,0.0666666666666667,1.48343017942713
235,42,12,categorization,0,livingroom,SHINEd_livingroom_020.tif,75,0.1,0.0666666666666667,1.06471563250626
235,43,12,categorization,0,livingroom,SHINEd_livingroom_047.tif,90,0.1,0.0666666666666667,0.718780365873261
235,44,12,categorization,0,livingroom,SHINEd_livingroom_068.tif,100,0.1,0.0666666666666667,1.00073598213719
235,45,12,categorization,0,bedroom,SHINEd_bedroom_010.tif,13,0.1,0.0666666666666667,1.3007003734925
235,46,12,categorization,0,bedroom,SHINEd_bedroom_052.tif,34,0.1,0.0666666666666667,0.738728139969353
235,47,12,categorization,0,livingroom,SHINEd_livingroom_029.tif,81,0.1,0.0666666666666667,1.40835305670183
235,48,12,categorization,0,livingroom,SHINEd_livingroom_004.tif,63,0.1,0.0666666666666667,1.89421268085518
235,49,12,categorization,0,bedroom,SHINEd_bedroom_079.tif,42,0.1,0.0666666666666667,0.734511972370663
235,50,12,categorization,0,bedroom,SHINEd_bedroom_089.tif,46,0.1,0.0666666666666667,0.733392953045633
235,1,13,categorization,0,bedroom,SHINEd_bedroom_046.tif,30,0.1,0.0666666666666667,1.01126206884733
235,2,13,categorization,0,bedroom,SHINEd_bedroom_010.tif,13,0.1,0.0666666666666667,1.12753691540175
235,3,13,categorization,0,livingroom,SHINEd_livingroom_008.tif,67,0.1,0.0666666666666667,1.48273500628923
235,4,13,categorization,0,livingroom,SHINEd_livingroom_005.tif,64,0.1,0.0666666666666667,1.56215417421387
235,5,13,categorization,0,bedroom,SHINEd_bedroom_030.tif,23,0.1,0.0666666666666667,0.726319286495774
235,6,13,categorization,0,bedroom,SHINEd_bedroom_051.tif,33,0.1,0.0666666666666667,0.702487448262506
235,7,13,categorization,0,livingroom,SHINEd_livingroom_092.tif,109,0.1,0.0666666666666667,0.878339644543413
235,8,13,categorization,0,bedroom,SHINEd_bedroom_074.tif,40,0.1,0.0666666666666667,0.716102636725177
235,9,13,categorization,0,livingroom,SHINEd_livingroom_048.tif,91,0.1,0.0666666666666667,1.68904168006617
235,10,13,categorization,0,bedroom,SHINEd_bedroom_099.tif,51,0.1,0.0666666666666667,1.56419329652659
235,11,13,categorization,0,livingroom,SHINEd_livingroom_046.tif,89,0.1,0.0666666666666667,1.47548214483419
235,12,13,categorization,0,bedroom,SHINEd_bedroom_014.tif,16,0.1,0.0666666666666667,0.991367160555101
235,13,13,categorization,0,livingroom,SHINEd_livingroom_068.tif,100,0.1,0.0666666666666667,1.19735240469855
235,14,13,categorization,0,livingroom,SHINEd_livingroom_006.tif,65,0.1,0.0666666666666667,1.85681992661049
235,15,13,categorization,0,bedroom,SHINEd_bedroom_056.tif,35,0.1,0.0666666666666667,1.36409064414236
235,16,13,categorization,0,livingroom,SHINEd_livingroom_047.tif,90,0.1,0.0666666666666667,0.831100679239808
235,17,13,categorization,0,livingroom,SHINEd_livingroom_001.tif,61,0.1,0.0666666666666667,1.36297839407277
235,18,13,categorization,0,livingroom,SHINEd_livingroom_052.tif,94,0.1,0.0666666666666667,0.774561706177724
235,19,13,categorization,0,bedroom,SHINEd_bedroom_090.tif,47,0.1,0.0666666666666667,0.888197867048456
235,20,13,categorization,0,bedroom,SHINEd_bedroom_047.tif,31,0.1,0.0666666666666667,0.7559648883074
235,21,13,categorization,0,bedroom,SHINEd_bedroom_089.tif,46,0.1,0.0666666666666667,1.34022235720823
235,22,13,categorization,0,bedroom,SHINEd_bedroom_062.tif,36,0.1,0.0666666666666667,1.03693913526701
235,23,13,categorization,0,bedroom,SHINEd_bedroom_018.tif,18,0.1,0.0666666666666667,1.69634319305806
235,24,13,categorization,0,bedroom,SHINEd_bedroom_112.tif,53,0.1,0.0666666666666667,1.24269321178267
235,25,13,categorization,0,livingroom,SHINEd_livingroom_010.tif,68,0.1,0.0666666666666667,1.42398282527539
235,26,13,categorization,0,livingroom,SHINEd_livingroom_031.tif,83,0.1,0.0666666666666667,0.845190742008008
235,27,13,categorization,0,livingroom,SHINEd_livingroom_043.tif,88,0.1,0.0666666666666667,0.75445333050262
235,28,13,categorization,0,livingroom,SHINEd_livingroom_055.tif,96,0.1,0.0666666666666667,1.49409746333029
235,29,13,categorization,0,bedroom,SHINEd_bedroom_085.tif,44,0.1,0.0666666666666667,0.863927697537202
235,30,13,categorization,0,bedroom,SHINEd_bedroom_029.tif,22,0.1,0.0666666666666667,0.835822985039246
235,31,13,categorization,0,bedroom,SHINEd_bedroom_080.tif,43,0.1,0.0666666666666667,1.1061761025408
235,32,13,categorization,0,livingroom,SHINEd_livingroom_62.tif,110,0.1,0.0666666666666667,1.7186178115982
235,33,13,categorization,0,bedroom,SHINEd_bedroom_125.tif,59,0.1,0.0666666666666667,0.941279820523382
235,34,13,categorization,0,livingroom,SHINEd_livingroom_072.tif,101,0.1,0.0666666666666667,1.7529130274495
235,35,13,categorization,0,livingroom,SHINEd_livingroom_022.tif,76,0.1,0.0666666666666667,1.98792788585647
235,36,13,categorization,0,livingroom,SHINEd_livingroom_059.tif,98,0.1,0.0666666666666667,0.794534772478777
235,37,13,categorization,0,livingroom,SHINEd_livingroom_060.tif,99,0.1,0.0666666666666667,1.26533713009065
235,38,13,categorization,0,livingroom,SHINEd_livingroom_032.tif,84,0.1,0.0666666666666667,1.23747234532353
235,39,13,categorization,0,bedroom,SHINEd_bedroom_041.tif,27,0.1,0.0666666666666667,1.13492958898444
235,40,13,categorization,0,bedroom,SHINEd_bedroom_114.tif,54,0.1,0.0666666666666667,0.788725283106907
235,41,13,categorization,0,bedroom,SHINEd_bedroom_008.tif,11,0.1,0.0666666666666667,0.837297641185313
235,42,13,categorization,0,livingroom,SHINEd_livingroom_018.tif,73,0.1,0.0666666666666667,0.786171840760768
235,43,13,categorization,0,bedroom,SHINEd_bedroom_020.tif,19,0.1,0.0666666666666667,0.740873345956736
235,44,13,categorization,0,bedroom,SHINEd_bedroom_012.tif,15,0.1,0.0666666666666667,0.722832648250461
235,45,13,categorization,0,livingroom,SHINEd_livingroom_057.tif,97,0.1,0.0666666666666667,1.13279206610373
235,46,13,categorization,0,livingroom,SHINEd_livingroom_050.tif,93,0.1,0.0666666666666667,0.78527443032458
235,47,13,categorization,0,livingroom,SHINEd_livingroom_028.tif,80,0.1,0.0666666666666667,1.18285203130432
235,48,13,categorization,0,livingroom,SHINEd_livingroom_036.tif,85,0.1,0.0666666666666667,0.783712993826135
235,49,13,categorization,0,livingroom,SHINEd_livingroom_073.tif,102,0.1,0.0666666666666667,1.11510239271968
235,50,13,categorization,0,bedroom,SHINEd_bedroom_039.tif,26,0.1,0.0666666666666667,0.944284868734691
235,1,14,categorization,0,bedroom,SHINEd_bedroom_118.tif,56,0.1,0.0666666666666667,1.61251102680251
235,2,14,categorization,0,bedroom,SHINEd_bedroom_126.tif,60,0.1,0.0666666666666667,1.18140017938364
235,3,14,categorization,0,bedroom,SHINEd_bedroom_067.tif,37,0.1,0.0666666666666667,0.956857920516974
235,4,14,categorization,0,bedroom,SHINEd_bedroom_098.tif,50,0.1,0.0666666666666667,1.21455502932647
235,5,14,categorization,0,livingroom,SHINEd_livingroom_039.tif,87,0.1,0.0666666666666667,1.05850938667156
235,6,14,categorization,0,bedroom,SHINEd_bedroom_086.tif,45,0.1,0.0666666666666667,1.35791794120882
235,7,14,categorization,0,bedroom,SHINEd_bedroom_032.tif,24,0.1,0.0666666666666667,1.26364454819652
235,8,14,categorization,0,bedroom,SHINEd_bedroom_119.tif,57,0.1,0.0666666666666667,0.757111647192518
235,9,14,categorization,0,bedroom,SHINEd_bedroom_093.tif,48,0.1,0.0666666666666667,1.62710613397278
235,10,14,categorization,0,bedroom,SHINEd_bedroom_036.tif,25,0.1,0.0666666666666667,0.766798644526601
235,11,14,categorization,0,bedroom,SHINEd_bedroom_045.tif,29,0.1,0.0666666666666667,1.3155386129442
235,12,14,categorization,0,bedroom,SHINEd_bedroom_016.tif,17,0.1,0.0666666666666667,1.28569613095911
235,13,14,categorization,0,livingroom,SHINEd_livingroom_083.tif,104,0.1,0.0666666666666667,0.706007070979524
235,14,14,categorization,0,bedroom,SHINEd_bedroom_097.tif,49,0.1,0.0666666666666667,1.4489661061993
235,15,14,categorization,0,bedroom,SHINEd_bedroom_011.tif,14,0.1,0.0666666666666667,0.790680271147823
235,16,14,categorization,0,livingroom,SHINEd_livingroom_037.tif,86,0.1,0.0666666666666667,1.32913364470288
235,17,14,categorization,0,livingroom,SHINEd_livingroom_004.tif,63,0.1,0.0666666666666667,1.20217521102792
235,18,14,categorization,0,livingroom,SHINEd_livingroom_003.tif,62,0.1,0.0666666666666667,1.53855344661096
235,19,14,categorization,0,bedroom,SHINEd_bedroom_075.tif,41,0.1,0.0666666666666667,1.24634961833001
235,20,14,categorization,0,bedroom,SHINEd_bedroom_052.tif,34,0.1,0.0666666666666667,0.819660943320616
235,21,14,categorization,0,bedroom,SHINEd_bedroom_069.tif,39,0.1,0.0666666666666667,0.965657618739479
235,22,14,categorization,0,bedroom,SHINEd_bedroom_025.tif,21,0.1,0.0666666666666667,1.38647452537946
235,23,14,categorization,0,bedroom,SHINEd_bedroom_048.tif,32,0.1,0.0666666666666667,1.04673270418524
235,24,14,categorization,0,livingroom,SHINEd_livingroom_007.tif,66,0.1,0.0666666666666667,1.41193104137715
235,25,14,categorization,0,livingroom,SHINEd_livingroom_014.tif,71,0.1,0.0666666666666667,0.718740307513052
235,26,14,categorization,0,livingroom,SHINEd_livingroom_054.tif,95,0.1,0.0666666666666667,1.12602652630654
235,27,14,categorization,0,livingroom,SHINEd_livingroom_019.tif,74,0.1,0.0666666666666667,1.47295293510597
235,28,14,categorization,0,livingroom,SHINEd_livingroom_012.tif,69,0.1,0.0666666666666667,1.53948545016615
235,29,14,categorization,0,bedroom,SHINEd_bedroom_068.tif,38,0.1,0.0666666666666667,1.45970213623261
235,30,14,categorization,0,bedroom,SHINEd_bedroom_023.tif,20,0.1,0.0666666666666667,1.61793022940451
235,31,14,categorization,0,livingroom,SHINEd_livingroom_087.tif,105,0.1,0.0666666666666667,1.13023068773714
235,32,14,categorization,0,livingroom,SHINEd_livingroom_088.tif,106,0.1,0.0666666666666667,1.22754455410851
235,33,14,categorization,0,livingroom,SHINEd_livingroom_049.tif,92,0.1,0.0666666666666667,1.06821574699103
235,34,14,categorization,0,livingroom,SHINEd_livingroom_016.tif,72,0.1,0.0666666666666667,0.744874387078517
235,35,14,categorization,0,livingroom,SHINEd_livingroom_023.tif,77,0.1,0.0666666666666667,1.81162392668301
235,36,14,categorization,0,livingroom,SHINEd_livingroom_089.tif,107,0.1,0.0666666666666667,1.67539055091977
235,37,14,categorization,0,livingroom,SHINEd_livingroom_090.tif,108,0.1,0.0666666666666667,1.35393709979268
235,38,14,categorization,0,livingroom,SHINEd_livingroom_081.tif,103,0.1,0.0666666666666667,0.734272468442002
235,39,14,categorization,0,livingroom,SHINEd_livingroom_029.tif,81,0.1,0.0666666666666667,1.00263389911868
235,40,14,categorization,0,livingroom,SHINEd_livingroom_013.tif,70,0.1,0.0666666666666667,0.968673028859224
235,41,14,categorization,0,bedroom,SHINEd_bedroom_116.tif,55,0.1,0.0666666666666667,1.23741488311208
235,42,14,categorization,0,livingroom,SHINEd_livingroom_030.tif,82,0.1,0.0666666666666667,1.89032818359703
235,43,14,categorization,0,bedroom,SHINEd_bedroom_009.tif,12,0.1,0.0666666666666667,1.29743805834941
235,44,14,categorization,0,livingroom,SHINEd_livingroom_020.tif,75,0.1,0.0666666666666667,0.921892357973328
235,45,14,categorization,0,bedroom,SHINEd_bedroom_079.tif,42,0.1,0.0666666666666667,1.19463759937975
235,46,14,categorization,0,bedroom,SHINEd_bedroom_042.tif,28,0.1,0.0666666666666667,1.02699343849104
235,47,14,categorization,0,livingroom,SHINEd_livingroom_025.tif,79,0.1,0.0666666666666667,1.34300438243832
235,48,14,categorization,0,bedroom,SHINEd_bedroom_106.tif,52,0.1,0.0666666666666667,0.77561540313932
235,49,14,categorization,0,livingroom,SHINEd_livingroom_024.tif,78,0.1,0.0666666666666667,1.82553437237186
235,50,14,categorization,0,bedroom,SHINEd_bedroom_120.tif,58,0.1,0.0666666666666667,1.01074424883708
235,1,15,categorization,0,bedroom,SHINEd_bedroom_042.tif,28,0.1,0.0666666666666667,0.878142544731022
235,2,15,categorization,0,livingroom,SHINEd_livingroom_031.tif,83,0.1,0.0666666666666667,1.56514426520715
235,3,15,categorization,0,livingroom,SHINEd_livingroom_030.tif,82,0.1,0.0666666666666667,0.941374429583332
235,4,15,categorization,0,bedroom,SHINEd_bedroom_093.tif,48,0.1,0.0666666666666667,1.08112653744051
235,5,15,categorization,0,livingroom,SHINEd_livingroom_003.tif,62,0.1,0.0666666666666667,1.94117017530636
235,6,15,categorization,0,bedroom,SHINEd_bedroom_056.tif,35,0.1,0.0666666666666667,0.804680869849381
235,7,15,categorization,0,livingroom,SHINEd_livingroom_022.tif,76,0.1,0.0666666666666667,0.841011624638816
235,8,15,categorization,0,livingroom,SHINEd_livingroom_007.tif,66,0.1,0.0666666666666667,1.82996059052249
235,9,15,categorization,0,livingroom,SHINEd_livingroom_072.tif,101,0.1,0.0666666666666667,1.71226468555217
235,10,15,categorization,0,bedroom,SHINEd_bedroom_014.tif,16,0.1,0.0666666666666667,1.57421091604791
235,11,15,categorization,0,bedroom,SHINEd_bedroom_009.tif,12,0.1,0.0666666666666667,1.48686990465697
235,12,15,categorization,0,bedroom,SHINEd_bedroom_062.tif,36,0.1,0.0666666666666667,1.33884565882554
235,13,15,categorization,0,bedroom,SHINEd_bedroom_016.tif,17,0.1,0.0666666666666667,1.32611579079161
235,14,15,categorization,0,livingroom,SHINEd_livingroom_083.tif,104,0.1,0.0666666666666667,0.767676342256226
235,15,15,categorization,0,bedroom,SHINEd_bedroom_085.tif,44,0.1,0.0666666666666667,1.01284014801754
235,16,15,categorization,0,livingroom,SHINEd_livingroom_004.tif,63,0.1,0.0666666666666667,0.969138498129722
235,17,15,categorization,0,bedroom,SHINEd_bedroom_090.tif,47,0.1,0.0666666666666667,1.25102031109088
235,18,15,categorization,0,livingroom,SHINEd_livingroom_088.tif,106,0.1,0.0666666666666667,0.792274153847604
235,19,15,categorization,0,livingroom,SHINEd_livingroom_001.tif,61,0.1,0.0666666666666667,0.983637069100698
235,20,15,categorization,0,livingroom,SHINEd_livingroom_081.tif,103,0.1,0.0666666666666667,0.920493488847923
235,21,15,categorization,0,bedroom,SHINEd_bedroom_020.tif,19,0.1,0.0666666666666667,0.927695941759756
235,22,15,categorization,0,bedroom,SHINEd_bedroom_126.tif,60,0.1,0.0666666666666667,1.43482479885766
235,23,15,categorization,0,livingroom,SHINEd_livingroom_039.tif,87,0.1,0.0666666666666667,1.3356016151043
235,24,15,categorization,0,bedroom,SHINEd_bedroom_048.tif,32,0.1,0.0666666666666667,0.824213495188466
235,25,15,categorization,0,livingroom,SHINEd_livingroom_008.tif,67,0.1,0.0666666666666667,0.804898187763244
235,26,15,categorization,0,bedroom,SHINEd_bedroom_086.tif,45,0.1,0.0666666666666667,1.40494316088331
235,27,15,categorization,0,livingroom,SHINEd_livingroom_046.tif,89,0.1,0.0666666666666667,0.829690423857493
235,28,15,categorization,0,livingroom,SHINEd_livingroom_018.tif,73,0.1,0.0666666666666667,1.19658227070204
235,29,15,categorization,0,livingroom,SHINEd_livingroom_032.tif,84,0.1,0.0666666666666667,1.73237154749708
235,30,15,categorization,0,bedroom,SHINEd_bedroom_029.tif,22,0.1,0.0666666666666667,1.23124614629863
235,31,15,categorization,0,livingroom,SHINEd_livingroom_090.tif,108,0.1,0.0666666666666667,0.705125309199207
235,32,15,categorization,0,bedroom,SHINEd_bedroom_010.tif,13,0.1,0.0666666666666667,1.43800766699502
235,33,15,categorization,0,livingroom,SHINEd_livingroom_029.tif,81,0.1,0.0666666666666667,1.02462487244893
235,34,15,categorization,0,bedroom,SHINEd_bedroom_011.tif,14,0.1,0.0666666666666667,1.51389139550958
235,35,15,categorization,0,bedroom,SHINEd_bedroom_116.tif,55,0.1,0.0666666666666667,1.40328454439886
235,36,15,categorization,0,livingroom,SHINEd_livingroom_025.tif,79,0.1,0.0666666666666667,0.791797149959377
235,37,15,categorization,0,bedroom,SHINEd_bedroom_012.tif,15,0.1,0.0666666666666667,0.752137750049939
235,38,15,categorization,0,livingroom,SHINEd_livingroom_055.tif,96,0.1,0.0666666666666667,1.83595248027429
235,39,15,categorization,0,livingroom,SHINEd_livingroom_024.tif,78,0.1,0.0666666666666667,0.959855892002031
235,40,15,categorization,0,bedroom,SHINEd_bedroom_052.tif,34,0.1,0.0666666666666667,0.804580486913122
235,41,15,categorization,0,livingroom,SHINEd_livingroom_060.tif,99,0.1,0.0666666666666667,1.23381410711715
235,42,15,categorization,0,bedroom,SHINEd_bedroom_023.tif,20,0.1,0.0666666666666667,1.07654842755875
235,43,15,categorization,0,livingroom,SHINEd_livingroom_028.tif,80,0.1,0.0666666666666667,1.58024675580366
235,44,15,categorization,0,livingroom,SHINEd_livingroom_052.tif,94,0.1,0.0666666666666667,1.2137366857828
235,45,15,categorization,0,livingroom,SHINEd_livingroom_023.tif,77,0.1,0.0666666666666667,1.98771189606494
235,46,15,categorization,0,livingroom,SHINEd_livingroom_62.tif,110,0.1,0.0666666666666667,0.781017299001168
235,47,15,categorization,0,bedroom,SHINEd_bedroom_120.tif,58,0.1,0.0666666666666667,1.78150868406854
235,48,15,categorization,0,bedroom,SHINEd_bedroom_125.tif,59,0.1,0.0666666666666667,0.706078379750905
235,49,15,categorization,0,bedroom,SHINEd_bedroom_068.tif,38,0.1,0.0666666666666667,1.376396986012
235,50,15,categorization,0,bedroom,SHINEd_bedroom_032.tif,24,0.1,0.0666666666666667,1.62889134217964
235,1,16,categorization,0,livingroom,SHINEd_livingroom_016.tif,72,0.1,0.0666666666666667,1.84150077995612
235,2,16,categorization,0,bedroom,SHINEd_bedroom_112.tif,53,0.1,0.0666666666666667,0.965216393072276
235,3,16,categorization,0,livingroom,SHINEd_livingroom_019.tif,74,0.1,0.0666666666666667,0.858003529588148
235,4,16,categorization,0,bedroom,SHINEd_bedroom_045.tif,29,0.1,0.0666666666666667,1.18696542705365
235,5,16,categorization,0,bedroom,SHINEd_bedroom_030.tif,23,0.1,0.0666666666666667,1.7980563277686
235,6,16,categorization,0,livingroom,SHINEd_livingroom_010.tif,68,0.1,0.0666666666666667,1.5461638955612
235,7,16,categorization,0,bedroom,SHINEd_bedroom_074.tif,40,0.1,0.0666666666666667,0.799026924440228
235,8,16,categorization,0,livingroom,SHINEd_livingroom_068.tif,100,0.1,0.0666666666666667,1.82741960184918
235,9,16,categorization,0,bedroom,SHINEd_bedroom_118.tif,56,0.1,0.0666666666666667,1.07746145951802
235,10,16,categorization,0,bedroom,SHINEd_bedroom_114.tif,54,0.1,0.0666666666666667,1.34539443188041
235,11,16,categorization,0,livingroom,SHINEd_livingroom_013.tif,70,0.1,0.0666666666666667,1.55188127567479
235,12,16,categorization,0,bedroom,SHINEd_bedroom_089.tif,46,0.1,0.0666666666666667,1.17857787917195
235,13,16,categorization,0,livingroom,SHINEd_livingroom_073.tif,102,0.1,0.0666666666666667,0.709068919399815
235,14,16,categorization,0,livingroom,SHINEd_livingroom_014.tif,71,0.1,0.0666666666666667,1.14312064245244
235,15,16,categorization,0,livingroom,SHINEd_livingroom_054.tif,95,0.1,0.0666666666666667,1.54780694612816
235,16,16,categorization,0,bedroom,SHINEd_bedroom_047.tif,31,0.1,0.0666666666666667,0.810225040658764
235,17,16,categorization,0,livingroom,SHINEd_livingroom_059.tif,98,0.1,0.0666666666666667,0.810814093550753
235,18,16,categorization,0,bedroom,SHINEd_bedroom_080.tif,43,0.1,0.0666666666666667,1.42348639851005
235,19,16,categorization,0,bedroom,SHINEd_bedroom_067.tif,37,0.1,0.0666666666666667,1.55245935743166
235,20,16,categorization,0,livingroom,SHINEd_livingroom_057.tif,97,0.1,0.0666666666666667,0.982116116325001
235,21,16,categorization,0,livingroom,SHINEd_livingroom_006.tif,65,0.1,0.0666666666666667,1.66955415601047
235,22,16,categorization,0,livingroom,SHINEd_livingroom_036.tif,85,0.1,0.0666666666666667,1.46157467752204
235,23,16,categorization,0,bedroom,SHINEd_bedroom_046.tif,30,0.1,0.0666666666666667,1.61952444633742
235,24,16,categorization,0,livingroom,SHINEd_livingroom_020.tif,75,0.1,0.0666666666666667,1.53728626790878
235,25,16,categorization,0,livingroom,SHINEd_livingroom_047.tif,90,0.1,0.0666666666666667,1.01416264633737
235,26,16,categorization,0,livingroom,SHINEd_livingroom_087.tif,105,0.1,0.0666666666666667,1.63642832941613
235,27,16,categorization,0,livingroom,SHINEd_livingroom_048.tif,91,0.1,0.0666666666666667,1.07988819516801
235,28,16,categorization,0,bedroom,SHINEd_bedroom_099.tif,51,0.1,0.0666666666666667,0.813691422652073
235,29,16,categorization,0,livingroom,SHINEd_livingroom_012.tif,69,0.1,0.0666666666666667,0.952471589891042
235,30,16,categorization,0,bedroom,SHINEd_bedroom_018.tif,18,0.1,0.0666666666666667,1.61123148085994
235,31,16,categorization,0,bedroom,SHINEd_bedroom_041.tif,27,0.1,0.0666666666666667,1.13831905044543
235,32,16,categorization,0,bedroom,SHINEd_bedroom_039.tif,26,0.1,0.0666666666666667,1.05460506429425
235,33,16,categorization,0,bedroom,SHINEd_bedroom_075.tif,41,0.1,0.0666666666666667,0.987310541004737
235,34,16,categorization,0,livingroom,SHINEd_livingroom_092.tif,109,0.1,0.0666666666666667,0.785448027932418
235,35,16,categorization,0,livingroom,SHINEd_livingroom_043.tif,88,0.1,0.0666666666666667,1.93076658382027
235,36,16,categorization,0,livingroom,SHINEd_livingroom_037.tif,86,0.1,0.0666666666666667,1.30145720297541
235,37,16,categorization,0,bedroom,SHINEd_bedroom_098.tif,50,0.1,0.0666666666666667,1.86917107430931
235,38,16,categorization,0,bedroom,SHINEd_bedroom_069.tif,39,0.1,0.0666666666666667,0.968435373111963
235,39,16,categorization,0,livingroom,SHINEd_livingroom_049.tif,92,0.1,0.0666666666666667,0.928606400635631
235,40,16,categorization,0,livingroom,SHINEd_livingroom_089.tif,107,0.1,0.0666666666666667,1.53074182845287
235,41,16,categorization,0,bedroom,SHINEd_bedroom_106.tif,52,0.1,0.0666666666666667,1.18030767431082
235,42,16,categorization,0,bedroom,SHINEd_bedroom_036.tif,25,0.1,0.0666666666666667,1.47781485117524
235,43,16,categorization,0,bedroom,SHINEd_bedroom_008.tif,11,0.1,0.0666666666666667,0.711289857002751
235,44,16,categorization,0,bedroom,SHINEd_bedroom_025.tif,21,0.1,0.0666666666666667,1.25200788253635
235,45,16,categorization,0,livingroom,SHINEd_livingroom_050.tif,93,0.1,0.0666666666666667,1.40063810369413
235,46,16,categorization,0,bedroom,SHINEd_bedroom_097.tif,49,0.1,0.0666666666666667,0.940072922353804
235,47,16,categorization,0,bedroom,SHINEd_bedroom_119.tif,57,0.1,0.0666666666666667,1.09754401559234
235,48,16,categorization,0,bedroom,SHINEd_bedroom_079.tif,42,0.1,0.0666666666666667,0.813381159865376
235,49,16,categorization,0,livingroom,SHINEd_livingroom_005.tif,64,0.1,0.0666666666666667,0.711695809498683
235,50,16,categorization,0,bedroom,SHINEd_bedroom_051.tif,33,0.1,0.0666666666666667,0.983894095028058
235,1,17,categorization,0,livingroom,SHINEd_livingroom_073.tif,102,0.1,0.0666666666666667,1.79257377213505
235,2,17,categorization,0,bedroom,SHINEd_bedroom_112.tif,53,0.1,0.0666666666666667,1.55796795148062
235,3,17,categorization,0,bedroom,SHINEd_bedroom_045.tif,29,0.1,0.0666666666666667,1.06998723418197
235,4,17,categorization,0,bedroom,SHINEd_bedroom_018.tif,18,0.1,0.0666666666666667,1.99607086311815
235,5,17,categorization,0,bedroom,SHINEd_bedroom_029.tif,22,0.1,0.0666666666666667,1.45250200701616
235,6,17,categorization,0,bedroom,SHINEd_bedroom_116.tif,55,0.1,0.0666666666666667,1.39845513451842
235,7,17,categorization,0,bedroom,SHINEd_bedroom_067.tif,37,0.1,0.0666666666666667,1.53525426988148
235,8,17,categorization,0,bedroom,SHINEd_bedroom_089.tif,46,0.1,0.0666666666666667,0.976777264755023
235,9,17,categorization,0,livingroom,SHINEd_livingroom_048.tif,91,0.1,0.0666666666666667,0.869716416553044
235,10,17,categorization,0,bedroom,SHINEd_bedroom_042.tif,28,0.1,0.0666666666666667,0.870441122116993
235,11,17,categorization,0,bedroom,SHINEd_bedroom_008.tif,11,0.1,0.0666666666666667,0.852530171519598
235,12,17,categorization,0,bedroom,SHINEd_bedroom_041.tif,27,0.1,0.0666666666666667,1.3225765047933
235,13,17,categorization,0,bedroom,SHINEd_bedroom_120.tif,58,0.1,0.0666666666666667,1.35106428234595
235,14,17,categorization,0,livingroom,SHINEd_livingroom_030.tif,82,0.1,0.0666666666666667,0.773860529086929
235,15,17,categorization,0,livingroom,SHINEd_livingroom_008.tif,67,0.1,0.0666666666666667,0.98095838469301
235,16,17,categorization,0,bedroom,SHINEd_bedroom_118.tif,56,0.1,0.0666666666666667,1.29526944230165
235,17,17,categorization,0,livingroom,SHINEd_livingroom_054.tif,95,0.1,0.0666666666666667,1.24657099746422
235,18,17,categorization,0,bedroom,SHINEd_bedroom_099.tif,51,0.1,0.0666666666666667,0.943457449995629
235,19,17,categorization,0,livingroom,SHINEd_livingroom_010.tif,68,0.1,0.0666666666666667,1.26026467348964
235,20,17,categorization,0,livingroom,SHINEd_livingroom_019.tif,74,0.1,0.0666666666666667,0.873287218194994
235,21,17,categorization,0,bedroom,SHINEd_bedroom_012.tif,15,0.1,0.0666666666666667,1.3752615635936
235,22,17,categorization,0,bedroom,SHINEd_bedroom_032.tif,24,0.1,0.0666666666666667,0.913016270441325
235,23,17,categorization,0,livingroom,SHINEd_livingroom_014.tif,71,0.1,0.0666666666666667,0.787936738075139
235,24,17,categorization,0,livingroom,SHINEd_livingroom_039.tif,87,0.1,0.0666666666666667,1.419325543126
235,25,17,categorization,0,livingroom,SHINEd_livingroom_036.tif,85,0.1,0.0666666666666667,1.24528560329199
235,26,17,categorization,0,bedroom,SHINEd_bedroom_052.tif,34,0.1,0.0666666666666667,0.935586178917572
235,27,17,categorization,0,bedroom,SHINEd_bedroom_074.tif,40,0.1,0.0666666666666667,0.742928973417506
235,28,17,categorization,0,livingroom,SHINEd_livingroom_043.tif,88,0.1,0.0666666666666667,0.752747699428167
235,29,17,categorization,0,livingroom,SHINEd_livingroom_049.tif,92,0.1,0.0666666666666667,1.1271367683648
235,30,17,categorization,0,livingroom,SHINEd_livingroom_020.tif,75,0.1,0.0666666666666667,0.941464870394363
235,31,17,categorization,0,bedroom,SHINEd_bedroom_056.tif,35,0.1,0.0666666666666667,1.00812383953134
235,32,17,categorization,0,bedroom,SHINEd_bedroom_106.tif,52,0.1,0.0666666666666667,0.833953640936154
235,33,17,categorization,0,bedroom,SHINEd_bedroom_126.tif,60,0.1,0.0666666666666667,1.62702951566459
235,34,17,categorization,0,livingroom,SHINEd_livingroom_029.tif,81,0.1,0.0666666666666667,0.784117126972651
235,35,17,categorization,0,bedroom,SHINEd_bedroom_086.tif,45,0.1,0.0666666666666667,1.33761050604836
235,36,17,categorization,0,bedroom,SHINEd_bedroom_030.tif,23,0.1,0.0666666666666667,1.27351892173839
235,37,17,categorization,0,bedroom,SHINEd_bedroom_085.tif,44,0.1,0.0666666666666667,1.9163166596662
235,38,17,categorization,0,bedroom,SHINEd_bedroom_075.tif,41,0.1,0.0666666666666667,1.10767824530723
235,39,17,categorization,0,livingroom,SHINEd_livingroom_006.tif,65,0.1,0.0666666666666667,0.853266825946858
235,40,17,categorization,0,livingroom,SHINEd_livingroom_081.tif,103,0.1,0.0666666666666667,0.877239255127262
235,41,17,categorization,0,livingroom,SHINEd_livingroom_050.tif,93,0.1,0.0666666666666667,0.921350113299806
235,42,17,categorization,0,bedroom,SHINEd_bedroom_068.tif,38,0.1,0.0666666666666667,0.881440402311378
235,43,17,categorization,0,livingroom,SHINEd_livingroom_089.tif,107,0.1,0.0666666666666667,0.892625652009547
235,44,17,categorization,0,bedroom,SHINEd_bedroom_047.tif,31,0.1,0.0666666666666667,1.49201380217417
235,45,17,categorization,0,bedroom,SHINEd_bedroom_020.tif,19,0.1,0.0666666666666667,1.11188744387679
235,46,17,categorization,0,livingroom,SHINEd_livingroom_090.tif,108,0.1,0.0666666666666667,1.05828689106955
235,47,17,categorization,0,bedroom,SHINEd_bedroom_036.tif,25,0.1,0.0666666666666667,1.07230112602076
235,48,17,categorization,0,livingroom,SHINEd_livingroom_022.tif,76,0.1,0.0666666666666667,1.84914419246878
235,49,17,categorization,0,bedroom,SHINEd_bedroom_009.tif,12,0.1,0.0666666666666667,1.18895564612917
235,50,17,categorization,0,livingroom,SHINEd_livingroom_060.tif,99,0.1,0.0666666666666667,0.783407808968541
235,1,18,categorization,0,bedroom,SHINEd_bedroom_025.tif,21,0.1,0.0666666666666667,0.974984399376649
235,2,18,categorization,0,bedroom,SHINEd_bedroom_016.tif,17,0.1,0.0666666666666667,0.959321330588257
235,3,18,categorization,0,bedroom,SHINEd_bedroom_023.tif,20,0.1,0.0666666666666667,0.765473035323902
235,4,18,categorization,0,livingroom,SHINEd_livingroom_087.tif,105,0.1,0.0666666666666667,1.15007798904136
235,5,18,categorization,0,livingroom,SHINEd_livingroom_083.tif,104,0.1,0.0666666666666667,0.927678850347353
235,6,18,categorization,0,livingroom,SHINEd_livingroom_031.tif,83,0.1,0.0666666666666667,1.51534159625457
235,7,18,categorization,0,livingroom,SHINEd_livingroom_016.tif,72,0.1,0.0666666666666667,1.37692759822084
235,8,18,categorization,0,livingroom,SHINEd_livingroom_092.tif,109,0.1,0.0666666666666667,0.96875862056011
235,9,18,categorization,0,livingroom,SHINEd_livingroom_052.tif,94,0.1,0.0666666666666667,1.17208071069927
235,10,18,categorization,0,bedroom,SHINEd_bedroom_046.tif,30,0.1,0.0666666666666667,0.981401376534681
235,11,18,categorization,0,bedroom,SHINEd_bedroom_080.tif,43,0.1,0.0666666666666667,1.4411144707272
235,12,18,categorization,0,bedroom,SHINEd_bedroom_093.tif,48,0.1,0.0666666666666667,1.84570719186135
235,13,18,categorization,0,bedroom,SHINEd_bedroom_097.tif,49,0.1,0.0666666666666667,1.54399589615334
235,14,18,categorization,0,livingroom,SHINEd_livingroom_059.tif,98,0.1,0.0666666666666667,1.50614650190654
235,15,18,categorization,0,livingroom,SHINEd_livingroom_032.tif,84,0.1,0.0666666666666667,1.30918885519476
235,16,18,categorization,0,livingroom,SHINEd_livingroom_62.tif,110,0.1,0.0666666666666667,1.08386999125486
235,17,18,categorization,0,livingroom,SHINEd_livingroom_023.tif,77,0.1,0.0666666666666667,1.23669318134716
235,18,18,categorization,0,livingroom,SHINEd_livingroom_088.tif,106,0.1,0.0666666666666667,0.867760692375115
235,19,18,categorization,0,livingroom,SHINEd_livingroom_018.tif,73,0.1,0.0666666666666667,1.44749569531243
235,20,18,categorization,0,livingroom,SHINEd_livingroom_055.tif,96,0.1,0.0666666666666667,0.743901205504697
235,21,18,categorization,0,livingroom,SHINEd_livingroom_037.tif,86,0.1,0.0666666666666667,1.81858357135621
235,22,18,categorization,0,livingroom,SHINEd_livingroom_046.tif,89,0.1,0.0666666666666667,0.864206391170501
235,23,18,categorization,0,bedroom,SHINEd_bedroom_098.tif,50,0.1,0.0666666666666667,0.725497091852049
235,24,18,categorization,0,bedroom,SHINEd_bedroom_069.tif,39,0.1,0.0666666666666667,0.740532978976459
235,25,18,categorization,0,livingroom,SHINEd_livingroom_001.tif,61,0.1,0.0666666666666667,0.729371162273013
235,26,18,categorization,0,bedroom,SHINEd_bedroom_062.tif,36,0.1,0.0666666666666667,1.61400131977442
235,27,18,categorization,0,livingroom,SHINEd_livingroom_007.tif,66,0.1,0.0666666666666667,1.06572968921636
235,28,18,categorization,0,bedroom,SHINEd_bedroom_079.tif,42,0.1,0.0666666666666667,1.04072796270383
235,29,18,categorization,0,livingroom,SHINEd_livingroom_072.tif,101,0.1,0.0666666666666667,0.728615139070656
235,30,18,categorization,0,bedroom,SHINEd_bedroom_119.tif,57,0.1,0.0666666666666667,1.22584637073341
235,31,18,categorization,0,livingroom,SHINEd_livingroom_024.tif,78,0.1,0.0666666666666667,0.836670309540219
235,32,18,categorization,0,livingroom,SHINEd_livingroom_005.tif,64,0.1,0.0666666666666667,1.09639523171378
235,33,18,categorization,0,livingroom,SHINEd_livingroom_003.tif,62,0.1,0.0666666666666667,0.720803807813638
235,34,18,categorization,0,bedroom,SHINEd_bedroom_014.tif,16,0.1,0.0666666666666667,1.69835617440079
235,35,18,categorization,0,livingroom,SHINEd_livingroom_057.tif,97,0.1,0.0666666666666667,1.88985316294035
235,36,18,categorization,0,bedroom,SHINEd_bedroom_048.tif,32,0.1,0.0666666666666667,1.00132125019872
235,37,18,categorization,0,livingroom,SHINEd_livingroom_068.tif,100,0.1,0.0666666666666667,1.16616255182955
235,38,18,categorization,0,livingroom,SHINEd_livingroom_012.tif,69,0.1,0.0666666666666667,1.55424198993079
235,39,18,categorization,0,bedroom,SHINEd_bedroom_051.tif,33,0.1,0.0666666666666667,1.34981114273585
235,40,18,categorization,0,bedroom,SHINEd_bedroom_010.tif,13,0.1,0.0666666666666667,0.706271064148056
235,41,18,categorization,0,livingroom,SHINEd_livingroom_047.tif,90,0.1,0.0666666666666667,0.873086233259133
235,42,18,categorization,0,bedroom,SHINEd_bedroom_125.tif,59,0.1,0.0666666666666667,1.24528312327533
235,43,18,categorization,0,bedroom,SHINEd_bedroom_011.tif,14,0.1,0.0666666666666667,1.98181629158079
235,44,18,categorization,0,bedroom,SHINEd_bedroom_090.tif,47,0.1,0.0666666666666667,0.746723370586889
235,45,18,categorization,0,bedroom,SHINEd_bedroom_114.tif,54,0.1,0.0666666666666667,1.8983933709492
235,46,18,categorization,0,livingroom,SHINEd_livingroom_028.tif,80,0.1,0.0666666666666667,0.993736570023667
235,47,18,categorization,0,livingroom,SHINEd_livingroom_025.tif,79,0.1,0.0666666666666667,0.799177958594129
235,48,18,categorization,0,livingroom,SHINEd_livingroom_013.tif,70,0.1,0.0666666666666667,0.821922952983091
235,49,18,categorization,0,livingroom,SHINEd_livingroom_004.tif,63,0.1,0.0666666666666667,1.17551656936052
235,50,18,categorization,0,bedroom,SHINEd_bedroom_039.tif,26,0.1,0.0666666666666667,1.29038517079687
235,1,19,categorization,0,bedroom,SHINEd_bedroom_016.tif,17,0.1,0.0666666666666667,1.89851412345807
235,2,19,categorization,0,bedroom,SHINEd_bedroom_112.tif,53,0.1,0.0666666666666667,0.770442624381247
235,3,19,categorization,0,bedroom,SHINEd_bedroom_014.tif,16,0.1,0.0666666666666667,0.919903101876777
235,4,19,categorization,0,bedroom,SHINEd_bedroom_008.tif,11,0.1,0.0666666666666667,0.921554481604928
235,5,19,categorization,0,livingroom,SHINEd_livingroom_049.tif,92,0.1,0.0666666666666667,1.03730783734935
235,6,19,categorization,0,livingroom,SHINEd_livingroom_072.tif,101,0.1,0.0666666666666667,1.76750202124323
235,7,19,categorization,0,livingroom,SHINEd_livingroom_083.tif,104,0.1,0.0666666666666667,1.80521271931313
235,8,19,categorization,0,livingroom,SHINEd_livingroom_032.tif,84,0.1,0.0666666666666667,1.4622461023189
235,9,19,categorization,0,livingroom,SHINEd_livingroom_62.tif,110,0.1,0.0666666666666667,0.712856894144518
235,10,19,categorization,0,bedroom,SHINEd_bedroom_036.tif,25,0.1,0.0666666666666667,1.14066734179393
235,11,19,categorization,0,livingroom,SHINEd_livingroom_031.tif,83,0.1,0.0666666666666667,1.71778358301562
235,12,19,categorization,0,bedroom,SHINEd_bedroom_047.tif,31,0.1,0.0666666666666667,1.38765409762391
235,13,19,categorization,0,bedroom,SHINEd_bedroom_056.tif,35,0.1,0.0666666666666667,0.884390751564669
235,14,19,categorization,0,bedroom,SHINEd_bedroom_018.tif,18,0.1,0.0666666666666667,1.44193274604238
235,15,19,categorization,0,livingroom,SHINEd_livingroom_013.tif,70,0.1,0.0666666666666667,1.09153187263344
235,16,19,categorization,0,bedroom,SHINEd_bedroom_106.tif,52,0.1,0.0666666666666667,0.723201562317606
235,17,19,categorization,0,livingroom,SHINEd_livingroom_006.tif,65,0.1,0.0666666666666667,0.977375022059313
235,18,19,categorization,0,bedroom,SHINEd_bedroom_116.tif,55,0.1,0.0666666666666667,1.20928972747321
235,19,19,categorization,0,livingroom,SHINEd_livingroom_092.tif,109,0.1,0.0666666666666667,1.00767213654802
235,20,19,categorization,0,livingroom,SHINEd_livingroom_087.tif,105,0.1,0.0666666666666667,1.53778040934492
235,21,19,categorization,0,livingroom,SHINEd_livingroom_088.tif,106,0.1,0.0666666666666667,0.807491082216853
235,22,19,categorization,0,livingroom,SHINEd_livingroom_047.tif,90,0.1,0.0666666666666667,1.75861846287537
235,23,19,categorization,0,bedroom,SHINEd_bedroom_048.tif,32,0.1,0.0666666666666667,0.949713353152763
235,24,19,categorization,0,bedroom,SHINEd_bedroom_069.tif,39,0.1,0.0666666666666667,0.770798747064461
235,25,19,categorization,0,livingroom,SHINEd_livingroom_054.tif,95,0.1,0.0666666666666667,0.735186438941073
235,26,19,categorization,0,bedroom,SHINEd_bedroom_119.tif,57,0.1,0.0666666666666667,1.10230857343115
235,27,19,categorization,0,livingroom,SHINEd_livingroom_090.tif,108,0.1,0.0666666666666667,1.59744863769507
235,28,19,categorization,0,livingroom,SHINEd_livingroom_037.tif,86,0.1,0.0666666666666667,0.713998008357777
235,29,19,categorization,0,bedroom,SHINEd_bedroom_097.tif,49,0.1,0.0666666666666667,0.733501087686967
235,30,19,categorization,0,livingroom,SHINEd_livingroom_081.tif,103,0.1,0.0666666666666667,1.85435170996859
235,31,19,categorization,0,bedroom,SHINEd_bedroom_089.tif,46,0.1,0.0666666666666667,0.942804271400477
235,32,19,categorization,0,livingroom,SHINEd_livingroom_005.tif,64,0.1,0.0666666666666667,1.67688194743361
235,33,19,categorization,0,bedroom,SHINEd_bedroom_020.tif,19,0.1,0.0666666666666667,0.830074396976104
235,34,19,categorization,0,bedroom,SHINEd_bedroom_025.tif,21,0.1,0.0666666666666667,1.48926443791104
235,35,19,categorization,0,bedroom,SHINEd_bedroom_099.tif,51,0.1,0.0666666666666667,1.00615487357673
235,36,19,categorization,0,bedroom,SHINEd_bedroom_074.tif,40,0.1,0.0666666666666667,0.84546165134529
235,37,19,categorization,0,livingroom,SHINEd_livingroom_030.tif,82,0.1,0.0666666666666667,0.889351865440877
235,38,19,categorization,0,livingroom,SHINEd_livingroom_003.tif,62,0.1,0.0666666666666667,1.86972229552667
235,39,19,categorization,0,livingroom,SHINEd_livingroom_068.tif,100,0.1,0.0666666666666667,1.80541487763541
235,40,19,categorization,0,bedroom,SHINEd_bedroom_079.tif,42,0.1,0.0666666666666667,0.955672743341549
235,41,19,categorization,0,bedroom,SHINEd_bedroom_052.tif,34,0.1,0.0666666666666667,0.921210462248402
235,42,19,categorization,0,bedroom,SHINEd_bedroom_042.tif,28,0.1,0.0666666666666667,1.30539183989175
235,43,19,categorization,0,livingroom,SHINEd_livingroom_055.tif,96,0.1,0.0666666666666667,1.69174603658004
235,44,19,categorization,0,livingroom,SHINEd_livingroom_008.tif,67,0.1,0.0666666666666667,1.00558618796545
235,45,19,categorization,0,bedroom,SHINEd_bedroom_046.tif,30,0.1,0.0666666666666667,1.46467016486707
235,46,19,categorization,0,bedroom,SHINEd_bedroom_045.tif,29,0.1,0.0666666666666667,1.13935003882963
235,47,19,categorization,0,livingroom,SHINEd_livingroom_007.tif,66,0.1,0.0666666666666667,0.968606272547768
235,48,19,categorization,0,livingroom,SHINEd_livingroom_050.tif,93,0.1,0.0666666666666667,0.729973531885375
235,49,19,categorization,0,livingroom,SHINEd_livingroom_023.tif,77,0.1,0.0666666666666667,0.739851883732228
235,50,19,categorization,0,bedroom,SHINEd_bedroom_062.tif,36,0.1,0.0666666666666667,1.14682424122129
235,1,20,categorization,0,livingroom,SHINEd_livingroom_089.tif,107,0.1,0.0666666666666667,1.33770433933594
235,2,20,categorization,0,livingroom,SHINEd_livingroom_048.tif,91,0.1,0.0666666666666667,1.82973475278408
235,3,20,categorization,0,livingroom,SHINEd_livingroom_059.tif,98,0.1,0.0666666666666667,0.889374635778396
235,4,20,categorization,0,bedroom,SHINEd_bedroom_098.tif,50,0.1,0.0666666666666667,1.4981146747702
235,5,20,categorization,0,bedroom,SHINEd_bedroom_011.tif,14,0.1,0.0666666666666667,1.37758139056971
235,6,20,categorization,0,livingroom,SHINEd_livingroom_020.tif,75,0.1,0.0666666666666667,1.00980432087405
235,7,20,categorization,0,livingroom,SHINEd_livingroom_019.tif,74,0.1,0.0666666666666667,0.708917069201343
235,8,20,categorization,0,livingroom,SHINEd_livingroom_024.tif,78,0.1,0.0666666666666667,1.28829968973323
235,9,20,categorization,0,livingroom,SHINEd_livingroom_014.tif,71,0.1,0.0666666666666667,1.50665012749446
235,10,20,categorization,0,livingroom,SHINEd_livingroom_025.tif,79,0.1,0.0666666666666667,1.38157362904433
235,11,20,categorization,0,livingroom,SHINEd_livingroom_046.tif,89,0.1,0.0666666666666667,1.22228490110037
235,12,20,categorization,0,livingroom,SHINEd_livingroom_073.tif,102,0.1,0.0666666666666667,1.5371826473681
235,13,20,categorization,0,bedroom,SHINEd_bedroom_068.tif,38,0.1,0.0666666666666667,1.05965133439136
235,14,20,categorization,0,livingroom,SHINEd_livingroom_057.tif,97,0.1,0.0666666666666667,1.34391230338273
235,15,20,categorization,0,bedroom,SHINEd_bedroom_029.tif,22,0.1,0.0666666666666667,0.700080920931908
235,16,20,categorization,0,livingroom,SHINEd_livingroom_022.tif,76,0.1,0.0666666666666667,1.51970853226251
235,17,20,categorization,0,bedroom,SHINEd_bedroom_080.tif,43,0.1,0.0666666666666667,1.74860530043984
235,18,20,categorization,0,bedroom,SHINEd_bedroom_093.tif,48,0.1,0.0666666666666667,1.29660126572942
235,19,20,categorization,0,bedroom,SHINEd_bedroom_125.tif,59,0.1,0.0666666666666667,1.31715752682671
235,20,20,categorization,0,bedroom,SHINEd_bedroom_030.tif,23,0.1,0.0666666666666667,0.934036159261548
235,21,20,categorization,0,livingroom,SHINEd_livingroom_052.tif,94,0.1,0.0666666666666667,1.72324226262763
235,22,20,categorization,0,bedroom,SHINEd_bedroom_114.tif,54,0.1,0.0666666666666667,0.72457273517591
235,23,20,categorization,0,bedroom,SHINEd_bedroom_120.tif,58,0.1,0.0666666666666667,1.49109879670018
235,24,20,categorization,0,livingroom,SHINEd_livingroom_060.tif,99,0.1,0.0666666666666667,1.29290557382698
235,25,20,categorization,0,bedroom,SHINEd_bedroom_039.tif,26,0.1,0.0666666666666667,1.16217075884246
235,26,20,categorization,0,bedroom,SHINEd_bedroom_118.tif,56,0.1,0.0666666666666667,1.09691106084578
235,27,20,categorization,0,bedroom,SHINEd_bedroom_086.tif,45,0.1,0.0666666666666667,1.19049421162677
235,28,20,categorization,0,livingroom,SHINEd_livingroom_012.tif,69,0.1,0.0666666666666667,1.97285612228924
235,29,20,categorization,0,livingroom,SHINEd_livingroom_018.tif,73,0.1,0.0666666666666667,0.99427968013335
235,30,20,categorization,0,bedroom,SHINEd_bedroom_090.tif,47,0.1,0.0666666666666667,1.03325915117061
235,31,20,categorization,0,bedroom,SHINEd_bedroom_085.tif,44,0.1,0.0666666666666667,0.966667317045525
235,32,20,categorization,0,bedroom,SHINEd_bedroom_067.tif,37,0.1,0.0666666666666667,1.52767605095053
235,33,20,categorization,0,livingroom,SHINEd_livingroom_043.tif,88,0.1,0.0666666666666667,1.78744919257793
235,34,20,categorization,0,livingroom,SHINEd_livingroom_028.tif,80,0.1,0.0666666666666667,1.07112777226279
235,35,20,categorization,0,bedroom,SHINEd_bedroom_012.tif,15,0.1,0.0666666666666667,1.42132468732637
235,36,20,categorization,0,bedroom,SHINEd_bedroom_010.tif,13,0.1,0.0666666666666667,0.776680285613209
235,37,20,categorization,0,livingroom,SHINEd_livingroom_029.tif,81,0.1,0.0666666666666667,0.951241495416442
235,38,20,categorization,0,bedroom,SHINEd_bedroom_009.tif,12,0.1,0.0666666666666667,0.737754397589806
235,39,20,categorization,0,bedroom,SHINEd_bedroom_075.tif,41,0.1,0.0666666666666667,1.49098450203363
235,40,20,categorization,0,livingroom,SHINEd_livingroom_016.tif,72,0.1,0.0666666666666667,0.984107940120753
235,41,20,categorization,0,livingroom,SHINEd_livingroom_010.tif,68,0.1,0.0666666666666667,1.30561023392112
235,42,20,categorization,0,livingroom,SHINEd_livingroom_039.tif,87,0.1,0.0666666666666667,0.79198512118067
235,43,20,categorization,0,bedroom,SHINEd_bedroom_032.tif,24,0.1,0.0666666666666667,0.750493422552274
235,44,20,categorization,0,bedroom,SHINEd_bedroom_126.tif,60,0.1,0.0666666666666667,1.16925121438991
235,45,20,categorization,0,bedroom,SHINEd_bedroom_041.tif,27,0.1,0.0666666666666667,1.45803974640471
235,46,20,categorization,0,bedroom,SHINEd_bedroom_051.tif,33,0.1,0.0666666666666667,0.816713293141489
235,47,20,categorization,0,livingroom,SHINEd_livingroom_004.tif,63,0.1,0.0666666666666667,0.971098043463489
235,48,20,categorization,0,livingroom,SHINEd_livingroom_036.tif,85,0.1,0.0666666666666667,0.85433053013617
235,49,20,categorization,0,livingroom,SHINEd_livingroom_001.tif,61,0.1,0.0666666666666667,1.20885744052961
235,50,20,categorization,0,bedroom,SHINEd_bedroom_023.tif,20,0.1,0.0666666666666667,1.1244485041531
235,1,21,categorization,0,livingroom,SHINEd_livingroom_014.tif,71,0.1,0.0666666666666667,1.91458650254615
235,2,21,categorization,0,bedroom,SHINEd_bedroom_080.tif,43,0.1,0.0666666666666667,1.36316078523549
235,3,21,categorization,0,bedroom,SHINEd_bedroom_119.tif,57,0.1,0.0666666666666667,1.27417731951048
235,4,21,categorization,0,bedroom,SHINEd_bedroom_041.tif,27,0.1,0.0666666666666667,1.16408066512973
235,5,21,categorization,0,livingroom,SHINEd_livingroom_020.tif,75,0.1,0.0666666666666667,1.35756725777975
235,6,21,categorization,0,bedroom,SHINEd_bedroom_010.tif,13,0.1,0.0666666666666667,0.762848479817332
235,7,21,categorization,0,livingroom,SHINEd_livingroom_032.tif,84,0.1,0.0666666666666667,1.36076932086438
235,8,21,categorization,0,livingroom,SHINEd_livingroom_087.tif,105,0.1,0.0666666666666667,1.44672426371283
235,9,21,categorization,0,bedroom,SHINEd_bedroom_074.tif,40,0.1,0.0666666666666667,0.80612960955874
235,10,21,categorization,0,livingroom,SHINEd_livingroom_010.tif,68,0.1,0.0666666666666667,0.798515708820577
235,11,21,categorization,0,livingroom,SHINEd_livingroom_043.tif,88,0.1,0.0666666666666667,1.00634582449771
235,12,21,categorization,0,bedroom,SHINEd_bedroom_014.tif,16,0.1,0.0666666666666667,1.93755232801739
235,13,21,categorization,0,livingroom,SHINEd_livingroom_037.tif,86,0.1,0.0666666666666667,1.80833449594538
235,14,21,categorization,0,livingroom,SHINEd_livingroom_089.tif,107,0.1,0.0666666666666667,1.30575233545234
235,15,21,categorization,0,livingroom,SHINEd_livingroom_049.tif,92,0.1,0.0666666666666667,0.893047736834317
235,16,21,categorization,0,bedroom,SHINEd_bedroom_011.tif,14,0.1,0.0666666666666667,1.90899691423952
235,17,21,categorization,0,livingroom,SHINEd_livingroom_050.tif,93,0.1,0.0666666666666667,1.02084797103589
235,18,21,categorization,0,livingroom,SHINEd_livingroom_052.tif,94,0.1,0.0666666666666667,0.955535869834903
235,19,21,categorization,0,livingroom,SHINEd_livingroom_029.tif,81,0.1,0.0666666666666667,1.73907034924106
235,20,21,categorization,0,livingroom,SHINEd_livingroom_030.tif,82,0.1,0.0666666666666667,1.49264297325063
235,21,21,categorization,0,bedroom,SHINEd_bedroom_016.tif,17,0.1,0.0666666666666667,1.31611211352867
235,22,21,categorization,0,livingroom,SHINEd_livingroom_024.tif,78,0.1,0.0666666666666667,1.08397118604536
235,23,21,categorization,0,livingroom,SHINEd_livingroom_090.tif,108,0.1,0.0666666666666667,1.48450339429882
235,24,21,categorization,0,bedroom,SHINEd_bedroom_068.tif,38,0.1,0.0666666666666667,1.81024427030916
235,25,21,categorization,0,bedroom,SHINEd_bedroom_116.tif,55,0.1,0.0666666666666667,1.44132914201994
235,26,21,categorization,0,bedroom,SHINEd_bedroom_090.tif,47,0.1,0.0666666666666667,0.990607377246458
235,27,21,categorization,0,bedroom,SHINEd_bedroom_042.tif,28,0.1,0.0666666666666667,1.48895823541067
235,28,21,categorization,0,bedroom,SHINEd_bedroom_012.tif,15,0.1,0.0666666666666667,1.04730815432687
235,29,21,categorization,0,livingroom,SHINEd_livingroom_060.tif,99,0.1,0.0666666666666667,0.877884103356549
235,30,21,categorization,0,livingroom,SHINEd_livingroom_008.tif,67,0.1,0.0666666666666667,1.44793858818551
235,31,21,categorization,0,bedroom,SHINEd_bedroom_062.tif,36,0.1,0.0666666666666667,1.58429646355263
235,32,21,categorization,0,livingroom,SHINEd_livingroom_022.tif,76,0.1,0.0666666666666667,1.59280332708624
235,33,21,categorization,0,bedroom,SHINEd_bedroom_045.tif,29,0.1,0.0666666666666667,1.6976360177082
235,34,21,categorization,0,livingroom,SHINEd_livingroom_003.tif,62,0.1,0.0666666666666667,1.49634431320603
235,35,21,categorization,0,bedroom,SHINEd_bedroom_120.tif,58,0.1,0.0666666666666667,0.878700457039835
235,36,21,categorization,0,livingroom,SHINEd_livingroom_005.tif,64,0.1,0.0666666666666667,1.26808105582946
235,37,21,categorization,0,bedroom,SHINEd_bedroom_030.tif,23,0.1,0.0666666666666667,1.88797042742395
235,38,21,categorization,0,bedroom,SHINEd_bedroom_008.tif,11,0.1,0.0666666666666667,1.17822136022677
235,39,21,categorization,0,livingroom,SHINEd_livingroom_036.tif,85,0.1,0.0666666666666667,1.20400810422374
235,40,21,categorization,0,livingroom,SHINEd_livingroom_046.tif,89,0.1,0.0666666666666667,1.58087027886735
235,41,21,categorization,0,bedroom,SHINEd_bedroom_089.tif,46,0.1,0.0666666666666667,0.708309133916072
235,42,21,categorization,0,bedroom,SHINEd_bedroom_009.tif,12,0.1,0.0666666666666667,0.743525636092192
235,43,21,categorization,0,livingroom,SHINEd_livingroom_054.tif,95,0.1,0.0666666666666667,0.954750758001943
235,44,21,categorization,0,livingroom,SHINEd_livingroom_025.tif,79,0.1,0.0666666666666667,1.5244368294921
235,45,21,categorization,0,livingroom,SHINEd_livingroom_62.tif,110,0.1,0.0666666666666667,0.944370206778251
235,46,21,categorization,0,livingroom,SHINEd_livingroom_019.tif,74,0.1,0.0666666666666667,1.34306212015403
235,47,21,categorization,0,livingroom,SHINEd_livingroom_081.tif,103,0.1,0.0666666666666667,1.89933838409522
235,48,21,categorization,0,livingroom,SHINEd_livingroom_048.tif,91,0.1,0.0666666666666667,1.73437330612924
235,49,21,categorization,0,bedroom,SHINEd_bedroom_086.tif,45,0.1,0.0666666666666667,1.96169356827444
235,50,21,categorization,0,bedroom,SHINEd_bedroom_025.tif,21,0.1,0.0666666666666667,1.43141746878959
235,1,22,categorization,0,bedroom,SHINEd_bedroom_075.tif,41,0.1,0.0666666666666667,0.848724477656251
235,2,22,categorization,0,bedroom,SHINEd_bedroom_085.tif,44,0.1,0.0666666666666667,0.891475001739713
235,3,22,categorization,0,bedroom,SHINEd_bedroom_020.tif,19,0.1,0.0666666666666667,1.58114474101226
235,4,22,categorization,0,livingroom,SHINEd_livingroom_072.tif,101,0.1,0.0666666666666667,0.962640249021329
235,5,22,categorization,0,bedroom,SHINEd_bedroom_125.tif,59,0.1,0.0666666666666667,1.12057018698622
235,6,22,categorization,0,bedroom,SHINEd_bedroom_098.tif,50,0.1,0.0666666666666667,1.91212166497896
235,7,22,categorization,0,livingroom,SHINEd_livingroom_001.tif,61,0.1,0.0666666666666667,1.38226694833325
235,8,22,categorization,0,bedroom,SHINEd_bedroom_048.tif,32,0.1,0.0666666666666667,1.31830481609844
235,9,22,categorization,0,livingroom,SHINEd_livingroom_047.tif,90,0.1,0.0666666666666667,1.28289380264246
235,10,22,categorization,0,bedroom,SHINEd_bedroom_067.tif,37,0.1,0.0666666666666667,1.22235245052477
235,11,22,categorization,0,bedroom,SHINEd_bedroom_047.tif,31,0.1,0.0666666666666667,1.50295648607986
235,12,22,categorization,0,bedroom,SHINEd_bedroom_114.tif,54,0.1,0.0666666666666667,0.714659628183333
235,13,22,categorization,0,bedroom,SHINEd_bedroom_018.tif,18,0.1,0.0666666666666667,0.785425162222838
235,14,22,categorization,0,livingroom,SHINEd_livingroom_059.tif,98,0.1,0.0666666666666667,1.17953175231856
235,15,22,categorization,0,bedroom,SHINEd_bedroom_106.tif,52,0.1,0.0666666666666667,1.76020840111181
235,16,22,categorization,0,bedroom,SHINEd_bedroom_029.tif,22,0.1,0.0666666666666667,1.28614005382861
235,17,22,categorization,0,livingroom,SHINEd_livingroom_057.tif,97,0.1,0.0666666666666667,1.18064191044739
235,18,22,categorization,0,bedroom,SHINEd_bedroom_112.tif,53,0.1,0.0666666666666667,1.35243767596914
235,19,22,categorization,0,livingroom,SHINEd_livingroom_055.tif,96,0.1,0.0666666666666667,0.888510957316954
235,20,22,categorization,0,livingroom,SHINEd_livingroom_083.tif,104,0.1,0.0666666666666667,0.796054198629383
235,21,22,categorization,0,bedroom,SHINEd_bedroom_036.tif,25,0.1,0.0666666666666667,0.819070798066787
235,22,22,categorization,0,livingroom,SHINEd_livingroom_039.tif,87,0.1,0.0666666666666667,1.10655020886961
235,23,22,categorization,0,livingroom,SHINEd_livingroom_018.tif,73,0.1,0.0666666666666667,0.960131847700068
235,24,22,categorization,0,bedroom,SHINEd_bedroom_093.tif,48,0.1,0.0666666666666667,0.804523073791584
235,25,22,categorization,0,bedroom,SHINEd_bedroom_097.tif,49,0.1,0.0666666666666667,1.35549082222347
235,26,22,categorization,0,bedroom,SHINEd_bedroom_099.tif,51,0.1,0.0666666666666667,0.880579450694255
235,27,22,categorization,0,livingroom,SHINEd_livingroom_004.tif,63,0.1,0.0666666666666667,0.754044169674223
235,28,22,categorization,0,livingroom,SHINEd_livingroom_068.tif,100,0.1,0.0666666666666667,0.766052626014281
235,29,22,categorization,0,bedroom,SHINEd_bedroom_051.tif,33,0.1,0.0666666666666667,1.00206391430423
235,30,22,categorization,0,livingroom,SHINEd_livingroom_007.tif,66,0.1,0.0666666666666667,1.98594308803191
235,31,22,categorization,0,livingroom,SHINEd_livingroom_023.tif,77,0.1,0.0666666666666667,1.13461699056453
235,32,22,categorization,0,bedroom,SHINEd_bedroom_118.tif,56,0.1,0.0666666666666667,1.27037777074116
235,33,22,categorization,0,bedroom,SHINEd_bedroom_069.tif,39,0.1,0.0666666666666667,0.7636808286826
235,34,22,categorization,0,livingroom,SHINEd_livingroom_013.tif,70,0.1,0.0666666666666667,1.02783711050061
235,35,22,categorization,0,bedroom,SHINEd_bedroom_056.tif,35,0.1,0.0666666666666667,0.792127445422536
235,36,22,categorization,0,livingroom,SHINEd_livingroom_088.tif,106,0.1,0.0666666666666667,1.07676717796276
235,37,22,categorization,0,livingroom,SHINEd_livingroom_006.tif,65,0.1,0.0666666666666667,1.27900372594212
235,38,22,categorization,0,livingroom,SHINEd_livingroom_092.tif,109,0.1,0.0666666666666667,1.29133627202766
235,39,22,categorization,0,bedroom,SHINEd_bedroom_032.tif,24,0.1,0.0666666666666667,1.13319935960079
235,40,22,categorization,0,bedroom,SHINEd_bedroom_039.tif,26,0.1,0.0666666666666667,1.12310954283993
235,41,22,categorization,0,livingroom,SHINEd_livingroom_028.tif,80,0.1,0.0666666666666667,1.48377243682254
235,42,22,categorization,0,bedroom,SHINEd_bedroom_023.tif,20,0.1,0.0666666666666667,1.32534548658917
235,43,22,categorization,0,bedroom,SHINEd_bedroom_126.tif,60,0.1,0.0666666666666667,1.36329396733674
235,44,22,categorization,0,bedroom,SHINEd_bedroom_052.tif,34,0.1,0.0666666666666667,1.67015312653791
235,45,22,categorization,0,livingroom,SHINEd_livingroom_073.tif,102,0.1,0.0666666666666667,1.37046679659161
235,46,22,categorization,0,livingroom,SHINEd_livingroom_012.tif,69,0.1,0.0666666666666667,1.4677681350674
235,47,22,categorization,0,livingroom,SHINEd_livingroom_016.tif,72,0.1,0.0666666666666667,0.752890785065694
235,48,22,categorization,0,livingroom,SHINEd_livingroom_031.tif,83,0.1,0.0666666666666667,1.26591485290841
235,49,22,categorization,0,bedroom,SHINEd_bedroom_079.tif,42,0.1,0.0666666666666667,0.773771062075434
235,50,22,categorization,0,bedroom,SHINEd_bedroom_046.tif,30,0.1,0.0666666666666667,1.113047116801
235,1,23,categorization,0,bedroom,SHINEd_bedroom_098.tif,50,0.1,0.0666666666666667,1.20160558850743
235,2,23,categorization,0,livingroom,SHINEd_livingroom_052.tif,94,0.1,0.0666666666666667,1.87326627225504
235,3,23,categorization,0,bedroom,SHINEd_bedroom_056.tif,35,0.1,0.0666666666666667,0.764332658992577
235,4,23,categorization,0,bedroom,SHINEd_bedroom_120.tif,58,0.1,0.0666666666666667,0.955750358556552
235,5,23,categorization,0,livingroom,SHINEd_livingroom_047.tif,90,0.1,0.0666666666666667,0.780431696728418
235,6,23,categorization,0,bedroom,SHINEd_bedroom_079.tif,42,0.1,0.0666666666666667,1.18121403261557
235,7,23,categorization,0,bedroom,SHINEd_bedroom_099.tif,51,0.1,0.0666666666666667,0.751270345660257
235,8,23,categorization,0,livingroom,SHINEd_livingroom_068.tif,100,0.1,0.0666666666666667,1.03011680325629
235,9,23,categorization,0,livingroom,SHINEd_livingroom_62.tif,110,0.1,0.0666666666666667,0.858352090815861
235,10,23,categorization,0,bedroom,SHINEd_bedroom_074.tif,40,0.1,0.0666666666666667,1.10974821872136
235,11,23,categorization,0,livingroom,SHINEd_livingroom_012.tif,69,0.1,0.0666666666666667,0.962300278941465
235,12,23,categorization,0,livingroom,SHINEd_livingroom_008.tif,67,0.1,0.0666666666666667,1.0354132171226
235,13,23,categorization,0,livingroom,SHINEd_livingroom_007.tif,66,0.1,0.0666666666666667,1.40590145081183
235,14,23,categorization,0,livingroom,SHINEd_livingroom_025.tif,79,0.1,0.0666666666666667,0.989516840973662
235,15,23,categorization,0,livingroom,SHINEd_livingroom_072.tif,101,0.1,0.0666666666666667,1.60146976678576
235,16,23,categorization,0,bedroom,SHINEd_bedroom_045.tif,29,0.1,0.0666666666666667,1.72222198037955
235,17,23,categorization,0,livingroom,SHINEd_livingroom_031.tif,83,0.1,0.0666666666666667,1.05167464019794
235,18,23,categorization,0,bedroom,SHINEd_bedroom_036.tif,25,0.1,0.0666666666666667,0.718287270765944
235,19,23,categorization,0,bedroom,SHINEd_bedroom_032.tif,24,0.1,0.0666666666666667,1.29945926958336
235,20,23,categorization,0,livingroom,SHINEd_livingroom_001.tif,61,0.1,0.0666666666666667,1.58625674520625
235,21,23,categorization,0,bedroom,SHINEd_bedroom_042.tif,28,0.1,0.0666666666666667,1.49298127742616
235,22,23,categorization,0,bedroom,SHINEd_bedroom_068.tif,38,0.1,0.0666666666666667,1.82920562070923
235,23,23,categorization,0,bedroom,SHINEd_bedroom_010.tif,13,0.1,0.0666666666666667,1.59918614421815
235,24,23,categorization,0,livingroom,SHINEd_livingroom_043.tif,88,0.1,0.0666666666666667,1.39563495531921
235,25,23,categorization,0,livingroom,SHINEd_livingroom_088.tif,106,0.1,0.0666666666666667,0.918631838024719
235,26,23,categorization,0,livingroom,SHINEd_livingroom_028.tif,80,0.1,0.0666666666666667,1.21634827003181
235,27,23,categorization,0,bedroom,SHINEd_bedroom_016.tif,17,0.1,0.0666666666666667,1.21234885472466
235,28,23,categorization,0,livingroom,SHINEd_livingroom_014.tif,71,0.1,0.0666666666666667,1.45300842653315
235,29,23,categorization,0,bedroom,SHINEd_bedroom_116.tif,55,0.1,0.0666666666666667,1.82672440905211
235,30,23,categorization,0,bedroom,SHINEd_bedroom_069.tif,39,0.1,0.0666666666666667,1.01361087019782
235,31,23,categorization,0,livingroom,SHINEd_livingroom_019.tif,74,0.1,0.0666666666666667,0.775508642183917
235,32,23,categorization,0,bedroom,SHINEd_bedroom_052.tif,34,0.1,0.0666666666666667,0.70498606840539
235,33,23,categorization,0,livingroom,SHINEd_livingroom_023.tif,77,0.1,0.0666666666666667,1.23223282565825
235,34,23,categorization,0,bedroom,SHINEd_bedroom_048.tif,32,0.1,0.0666666666666667,1.31602002877588
235,35,23,categorization,0,livingroom,SHINEd_livingroom_037.tif,86,0.1,0.0666666666666667,0.795384591010998
235,36,23,categorization,0,bedroom,SHINEd_bedroom_012.tif,15,0.1,0.0666666666666667,0.708866257949245
235,37,23,categorization,0,livingroom,SHINEd_livingroom_030.tif,82,0.1,0.0666666666666667,1.09663618591975
235,38,23,categorization,0,livingroom,SHINEd_livingroom_024.tif,78,0.1,0.0666666666666667,0.813843285443902
235,39,23,categorization,0,bedroom,SHINEd_bedroom_126.tif,60,0.1,0.0666666666666667,1.81513070423639
235,40,23,categorization,0,bedroom,SHINEd_bedroom_008.tif,11,0.1,0.0666666666666667,1.23613331820934
235,41,23,categorization,0,bedroom,SHINEd_bedroom_009.tif,12,0.1,0.0666666666666667,0.794532202085757
235,42,23,categorization,0,livingroom,SHINEd_livingroom_032.tif,84,0.1,0.0666666666666667,1.08805489167081
235,43,23,categorization,0,bedroom,SHINEd_bedroom_106.tif,52,0.1,0.0666666666666667,1.65954313278497
235,44,23,categorization,0,livingroom,SHINEd_livingroom_089.tif,107,0.1,0.0666666666666667,1.84127624851863
235,45,23,categorization,0,bedroom,SHINEd_bedroom_097.tif,49,0.1,0.0666666666666667,1.34586916253139
235,46,23,categorization,0,livingroom,SHINEd_livingroom_036.tif,85,0.1,0.0666666666666667,0.814026142965269
235,47,23,categorization,0,bedroom,SHINEd_bedroom_023.tif,20,0.1,0.0666666666666667,0.984008926221481
235,48,23,categorization,0,livingroom,SHINEd_livingroom_005.tif,64,0.1,0.0666666666666667,1.05166734573417
235,49,23,categorization,0,bedroom,SHINEd_bedroom_025.tif,21,0.1,0.0666666666666667,0.923071555943054
235,50,23,categorization,0,livingroom,SHINEd_livingroom_060.tif,99,0.1,0.0666666666666667,0.854609944061812
235,1,24,categorization,0,livingroom,SHINEd_livingroom_092.tif,109,0.1,0.0666666666666667,1.43927034063978
235,2,24,categorization,0,livingroom,SHINEd_livingroom_083.tif,104,0.1,0.0666666666666667,1.417298126486
235,3,24,categorization,0,bedroom,SHINEd_bedroom_011.tif,14,0.1,0.0666666666666667,1.75931810046719
235,4,24,categorization,0,bedroom,SHINEd_bedroom_018.tif,18,0.1,0.0666666666666667,0.888823591782294
235,5,24,categorization,0,livingroom,SHINEd_livingroom_050.tif,93,0.1,0.0666666666666667,0.956616312836073
235,6,24,categorization,0,bedroom,SHINEd_bedroom_093.tif,48,0.1,0.0666666666666667,0.921559674625891
235,7,24,categorization,0,bedroom,SHINEd_bedroom_112.tif,53,0.1,0.0666666666666667,1.18969275937919
235,8,24,categorization,0,bedroom,SHINEd_bedroom_118.tif,56,0.1,0.0666666666666667,0.845809819867537
235,9,24,categorization,0,livingroom,SHINEd_livingroom_010.tif,68,0.1,0.0666666666666667,1.14442626621578
235,10,24,categorization,0,livingroom,SHINEd_livingroom_081.tif,103,0.1,0.0666666666666667,1.17254038504286
235,11,24,categorization,0,livingroom,SHINEd_livingroom_029.tif,81,0.1,0.0666666666666667,1.8293805413017
235,12,24,categorization,0,livingroom,SHINEd_livingroom_057.tif,97,0.1,0.0666666666666667,1.3144910408965
235,13,24,categorization,0,livingroom,SHINEd_livingroom_022.tif,76,0.1,0.0666666666666667,0.886106198066689
235,14,24,categorization,0,bedroom,SHINEd_bedroom_067.tif,37,0.1,0.0666666666666667,0.740792152884013
235,15,24,categorization,0,livingroom,SHINEd_livingroom_039.tif,87,0.1,0.0666666666666667,0.743365573793013
235,16,24,categorization,0,bedroom,SHINEd_bedroom_062.tif,36,0.1,0.0666666666666667,0.855411793981113
235,17,24,categorization,0,bedroom,SHINEd_bedroom_047.tif,31,0.1,0.0666666666666667,1.29960161128067
235,18,24,categorization,0,livingroom,SHINEd_livingroom_054.tif,95,0.1,0.0666666666666667,0.73845258116907
235,19,24,categorization,0,livingroom,SHINEd_livingroom_013.tif,70,0.1,0.0666666666666667,0.875866987726408
235,20,24,categorization,0,bedroom,SHINEd_bedroom_030.tif,23,0.1,0.0666666666666667,0.942737892946436
235,21,24,categorization,0,livingroom,SHINEd_livingroom_055.tif,96,0.1,0.0666666666666667,1.90208934687916
235,22,24,categorization,0,livingroom,SHINEd_livingroom_046.tif,89,0.1,0.0666666666666667,1.16223222675397
235,23,24,categorization,0,livingroom,SHINEd_livingroom_048.tif,91,0.1,0.0666666666666667,1.02612026222729
235,24,24,categorization,0,livingroom,SHINEd_livingroom_090.tif,108,0.1,0.0666666666666667,1.19624016768402
235,25,24,categorization,0,livingroom,SHINEd_livingroom_018.tif,73,0.1,0.0666666666666667,1.6821940460992
235,26,24,categorization,0,bedroom,SHINEd_bedroom_086.tif,45,0.1,0.0666666666666667,0.854040738843131
235,27,24,categorization,0,livingroom,SHINEd_livingroom_020.tif,75,0.1,0.0666666666666667,1.58221299109298
235,28,24,categorization,0,bedroom,SHINEd_bedroom_090.tif,47,0.1,0.0666666666666667,0.896268504752149
235,29,24,categorization,0,bedroom,SHINEd_bedroom_089.tif,46,0.1,0.0666666666666667,1.60520773650968
235,30,24,categorization,0,bedroom,SHINEd_bedroom_041.tif,27,0.1,0.0666666666666667,1.63168299007539
235,31,24,categorization,0,bedroom,SHINEd_bedroom_051.tif,33,0.1,0.0666666666666667,0.956321367455538
235,32,24,categorization,0,livingroom,SHINEd_livingroom_049.tif,92,0.1,0.0666666666666667,1.06314981152211
235,33,24,categorization,0,bedroom,SHINEd_bedroom_119.tif,57,0.1,0.0666666666666667,0.928813621463082
235,34,24,categorization,0,bedroom,SHINEd_bedroom_020.tif,19,0.1,0.0666666666666667,0.86608162346049
235,35,24,categorization,0,livingroom,SHINEd_livingroom_003.tif,62,0.1,0.0666666666666667,1.44200833761273
235,36,24,categorization,0,livingroom,SHINEd_livingroom_004.tif,63,0.1,0.0666666666666667,1.09013203341509
235,37,24,categorization,0,livingroom,SHINEd_livingroom_006.tif,65,0.1,0.0666666666666667,1.63684751750297
235,38,24,categorization,0,bedroom,SHINEd_bedroom_085.tif,44,0.1,0.0666666666666667,0.905715748449033
235,39,24,categorization,0,bedroom,SHINEd_bedroom_125.tif,59,0.1,0.0666666666666667,1.84087137037942
235,40,24,categorization,0,livingroom,SHINEd_livingroom_087.tif,105,0.1,0.0666666666666667,1.8160127764357
235,41,24,categorization,0,livingroom,SHINEd_livingroom_016.tif,72,0.1,0.0666666666666667,1.25067844322359
235,42,24,categorization,0,bedroom,SHINEd_bedroom_029.tif,22,0.1,0.0666666666666667,0.755172540593021
235,43,24,categorization,0,bedroom,SHINEd_bedroom_114.tif,54,0.1,0.0666666666666667,1.48883439982782
235,44,24,categorization,0,bedroom,SHINEd_bedroom_014.tif,16,0.1,0.0666666666666667,0.814025222146418
235,45,24,categorization,0,bedroom,SHINEd_bedroom_075.tif,41,0.1,0.0666666666666667,1.06979565735058
235,46,24,categorization,0,bedroom,SHINEd_bedroom_046.tif,30,0.1,0.0666666666666667,1.16184471172936
235,47,24,categorization,0,bedroom,SHINEd_bedroom_080.tif,43,0.1,0.0666666666666667,0.942536761135333
235,48,24,categorization,0,bedroom,SHINEd_bedroom_039.tif,26,0.1,0.0666666666666667,1.86377526673148
235,49,24,categorization,0,livingroom,SHINEd_livingroom_073.tif,102,0.1,0.0666666666666667,0.854825711687879
235,50,24,categorization,0,livingroom,SHINEd_livingroom_059.tif,98,0.1,0.0666666666666667,0.908909966163211
