slide,sub1,sub2,pairID,trialID,stim1,stim2,instructionsLoop_thisRepN,instructionsLoop_thisTrialN,instructionsLoop_thisN,instructionsLoop_thisIndex,practice_thisRepN,practice_thisTrialN,practice_thisN,practice_thisIndex,trials_thisRepN,trials_thisTrialN,trials_thisN,trials_thisIndex,thisRow_t,notes,preparation_started,preparation_stopped,instructions_started,startResponse_started,slide_img_started,instructions_stopped,startResponse_keys,startResponse_rt,startResponse_duration,trial_started,polygon_started,polygon_2_started,image1_started,image2_started,rating_1_started,question_started,rating_2_started,question_2_started,block_text_started,trial_stopped,stim1pos,stim2pos,block,rating_1_response,rating_1_rt,rating_2_response,rating_2_rt,ITI_started,text_started,text_stopped,ITI_stopped,practice_over_started,text_2_started,space_practice_over_started,practice_over_stopped,space_practice_over_keys,space_practice_over_rt,space_practice_over_duration,breakBlocks_started,breakBlocks_stopped,startBlock_keys,startBlock_started,startBlock_rt,startBlock_duration,end_started,message_end_started,key_resp_started,end_stopped,key_resp_keys,key_resp_rt,key_resp_duration,participant,session,session_number,date,expName,psychopyVersion,frameRate,expStart
instructions/Slide2.jpg,NaN,NaN,NaN,NaN,,,0,0,0,0,NaN,NaN,NaN,NaN,NaN,NaN,NaN,NaN,0.0222929159999694,NaN,0.00201466599992273,0.0021208750004007,0.00766445800036308,0.0222929159999694,0.0222929159999694,5.28749312499986,space,5.26486437499989,None,NaN,NaN,NaN,NaN,NaN,NaN,NaN,NaN,NaN,NaN,NaN,NaN,NaN,NaN,NaN,NaN,NaN,NaN,NaN,NaN,NaN,NaN,NaN,NaN,NaN,NaN,,NaN,,NaN,NaN,,NaN,NaN,,NaN,NaN,NaN,NaN,NaN,NaN,NaN,1,kitchen,2,2024-03-18_13h09.11.124,image_similarity_rating,2023.2.3,None,2024-03-18 13h09.27.456878 +0100
instructions/Slide3.jpg,NaN,NaN,NaN,NaN,,,0,1,1,1,NaN,NaN,NaN,NaN,NaN,NaN,NaN,NaN,5.31704700000046,NaN,NaN,NaN,5.28880829100035,5.31704700000046,5.31704700000046,6.44493608300036,space,1.12765158299953,None,NaN,NaN,NaN,NaN,NaN,NaN,NaN,NaN,NaN,NaN,NaN,NaN,NaN,NaN,NaN,NaN,NaN,NaN,NaN,NaN,NaN,NaN,NaN,NaN,NaN,NaN,,NaN,,NaN,NaN,,NaN,NaN,,NaN,NaN,NaN,NaN,NaN,NaN,NaN,1,kitchen,2,2024-03-18_13h09.11.124,image_similarity_rating,2023.2.3,None,2024-03-18 13h09.27.456878 +0100
instructions/Slide4.jpg,NaN,NaN,NaN,NaN,,,0,2,2,2,NaN,NaN,NaN,NaN,NaN,NaN,NaN,NaN,6.46576691600058,NaN,NaN,NaN,6.44557545800035,6.46576691600058,6.46576691600058,7.10425745800057,space,0.638196875000176,None,NaN,NaN,NaN,NaN,NaN,NaN,NaN,NaN,NaN,NaN,NaN,NaN,NaN,NaN,NaN,NaN,NaN,NaN,NaN,NaN,NaN,NaN,NaN,NaN,NaN,NaN,,NaN,,NaN,NaN,,NaN,NaN,,NaN,NaN,NaN,NaN,NaN,NaN,NaN,1,kitchen,2,2024-03-18_13h09.11.124,image_similarity_rating,2023.2.3,None,2024-03-18 13h09.27.456878 +0100
instructions/Slide5.jpg,NaN,NaN,NaN,NaN,,,0,3,3,3,NaN,NaN,NaN,NaN,NaN,NaN,NaN,NaN,7.12819304100049,NaN,NaN,NaN,7.1050475410002,7.12819304100049,7.12819304100049,7.78272174999984,space,0.654173582999647,None,NaN,NaN,NaN,NaN,NaN,NaN,NaN,NaN,NaN,NaN,NaN,NaN,NaN,NaN,NaN,NaN,NaN,NaN,NaN,NaN,NaN,NaN,NaN,NaN,NaN,NaN,,NaN,,NaN,NaN,,NaN,NaN,,NaN,NaN,NaN,NaN,NaN,NaN,NaN,1,kitchen,2,2024-03-18_13h09.11.124,image_similarity_rating,2023.2.3,None,2024-03-18 13h09.27.456878 +0100
,107,133,NaN,9,stimuli/own/kitchen/107_kit.jpg,stimuli/own/kitchen/133_kit.jpg,NaN,NaN,NaN,NaN,0,0,0,8,NaN,NaN,NaN,NaN,7.98158750000039,NaN,NaN,NaN,NaN,NaN,NaN,NaN,,NaN,,7.80145416600044,7.98158750000039,7.98158750000039,7.98158750000039,7.98158750000039,7.98158750000039,7.98158750000039,7.98158750000039,7.98158750000039,7.98158750000039,32.2009183330001,7,-7,0,4,23.0081601660004,6,8.49911512500057,32.2011539579998,32.2106721660002,32.6625178330005,32.495334708,NaN,NaN,NaN,NaN,,NaN,,NaN,NaN,,NaN,NaN,,NaN,NaN,NaN,NaN,NaN,NaN,NaN,1,kitchen,2,2024-03-18_13h09.11.124,image_similarity_rating,2023.2.3,None,2024-03-18 13h09.27.456878 +0100
,108,133,NaN,10,stimuli/own/kitchen/108_kit.jpg,stimuli/own/kitchen/133_kit.jpg,NaN,NaN,NaN,NaN,0,1,1,9,NaN,NaN,NaN,NaN,32.6625178330005,NaN,NaN,NaN,NaN,NaN,NaN,NaN,,NaN,,32.4957894580002,32.6625178330005,32.6625178330005,32.6625178330005,32.6625178330005,32.6625178330005,32.6625178330005,32.6625178330005,32.6625178330005,32.6625178330005,52.8928007499999,-7,7,0,3,16.0594263749999,4,8.75774370900035,52.8929674159999,52.8957090829999,53.3475568330005,53.182758125,NaN,NaN,NaN,NaN,,NaN,,NaN,NaN,,NaN,NaN,,NaN,NaN,NaN,NaN,NaN,NaN,NaN,1,kitchen,2,2024-03-18_13h09.11.124,image_similarity_rating,2023.2.3,None,2024-03-18 13h09.27.456878 +0100
,128,108,NaN,3,stimuli/own/kitchen/128_kit.jpg,stimuli/own/kitchen/108_kit.jpg,NaN,NaN,NaN,NaN,0,2,2,2,NaN,NaN,NaN,NaN,53.3475568330005,NaN,NaN,NaN,NaN,NaN,NaN,NaN,,NaN,,53.1830910830004,53.3475568330005,53.3475568330005,53.3475568330005,53.3475568330005,53.3475568330005,53.3475568330005,53.3475568330005,53.3475568330005,53.3475568330005,60.3593497500005,7,-7,0,3,3.13278724999964,6,6.62524462500005,60.359503875,60.3624478330003,60.8143509580004,60.6493308750005,NaN,NaN,NaN,NaN,,NaN,,NaN,NaN,,NaN,NaN,,NaN,NaN,NaN,NaN,NaN,NaN,NaN,1,kitchen,2,2024-03-18_13h09.11.124,image_similarity_rating,2023.2.3,None,2024-03-18 13h09.27.456878 +0100
,107,108,NaN,5,stimuli/own/kitchen/107_kit.jpg,stimuli/own/kitchen/108_kit.jpg,NaN,NaN,NaN,NaN,0,3,3,4,NaN,NaN,NaN,NaN,60.8143509580004,NaN,NaN,NaN,NaN,NaN,NaN,NaN,,NaN,,60.649694875,60.8143509580004,60.8143509580004,60.8143509580004,60.8143509580004,60.8143509580004,60.8143509580004,60.8143509580004,60.8143509580004,60.8143509580004,72.9887438329997,-7,7,0,2,9.29391020799994,3,11.98601375,72.9888840829999,72.9936580410003,73.441357791,73.2781103329999,NaN,NaN,NaN,NaN,,NaN,,NaN,NaN,,NaN,NaN,,NaN,NaN,NaN,NaN,NaN,NaN,NaN,1,kitchen,2,2024-03-18_13h09.11.124,image_similarity_rating,2023.2.3,None,2024-03-18 13h09.27.456878 +0100
,110,107,NaN,4,stimuli/own/kitchen/110_kit.jpg,stimuli/own/kitchen/107_kit.jpg,NaN,NaN,NaN,NaN,0,4,4,3,NaN,NaN,NaN,NaN,73.441357791,NaN,NaN,NaN,NaN,NaN,NaN,NaN,,NaN,,73.2784097909998,73.441357791,73.441357791,73.441357791,73.441357791,73.441357791,73.441357791,73.441357791,73.441357791,73.441357791,84.2052948330002,-7,7,0,1,7.57084524999937,5,2.72523712499969,84.2054526250004,84.2102820830005,84.6608947499999,84.4960942500002,NaN,NaN,NaN,NaN,,NaN,,NaN,NaN,,NaN,NaN,,NaN,NaN,NaN,NaN,NaN,NaN,NaN,1,kitchen,2,2024-03-18_13h09.11.124,image_similarity_rating,2023.2.3,None,2024-03-18 13h09.27.456878 +0100
,108,110,NaN,8,stimuli/own/kitchen/108_kit.jpg,stimuli/own/kitchen/110_kit.jpg,NaN,NaN,NaN,NaN,0,5,5,7,NaN,NaN,NaN,NaN,84.6608947499999,NaN,NaN,NaN,NaN,NaN,NaN,NaN,,NaN,,84.4966021660002,84.6608947499999,84.6608947499999,84.6608947499999,84.6608947499999,84.6608947499999,84.6608947499999,84.6608947499999,84.6608947499999,84.6608947499999,96.8840899160004,-7,7,0,2,9.05240391699954,6,12.0763294999997,96.8842329159997,96.8937105410005,97.3451915410005,97.1791320000002,NaN,NaN,NaN,NaN,,NaN,,NaN,NaN,,NaN,NaN,,NaN,NaN,NaN,NaN,NaN,NaN,NaN,1,kitchen,2,2024-03-18_13h09.11.124,image_similarity_rating,2023.2.3,None,2024-03-18 13h09.27.456878 +0100
,110,133,NaN,1,stimuli/own/kitchen/110_kit.jpg,stimuli/own/kitchen/133_kit.jpg,NaN,NaN,NaN,NaN,0,6,6,0,NaN,NaN,NaN,NaN,97.3451915410005,NaN,NaN,NaN,NaN,NaN,NaN,NaN,,NaN,,97.1795781660003,97.3451915410005,97.3451915410005,97.3451915410005,97.3451915410005,97.3451915410005,97.3451915410005,97.3451915410005,97.3451915410005,97.3451915410005,107.521603958,7,-7,0,2,9.47548387499955,4,2.19948912500058,107.521744875,107.5273395,107.976585375,107.811968333001,NaN,NaN,NaN,NaN,,NaN,,NaN,NaN,,NaN,NaN,,NaN,NaN,NaN,NaN,NaN,NaN,NaN,1,kitchen,2,2024-03-18_13h09.11.124,image_similarity_rating,2023.2.3,None,2024-03-18 13h09.27.456878 +0100
,110,128,NaN,2,stimuli/own/kitchen/110_kit.jpg,stimuli/own/kitchen/128_kit.jpg,NaN,NaN,NaN,NaN,0,7,7,1,NaN,NaN,NaN,NaN,107.976585375,NaN,NaN,NaN,NaN,NaN,NaN,NaN,,NaN,,107.812345416,107.976585375,107.976585375,107.976585375,107.976585375,107.976585375,107.976585375,107.976585375,107.976585375,107.976585375,118.737914291,7,-7,0,2,6.35265758400055,6,10.5487034999996,118.738054583,118.743467333,119.195115666,119.028658291,NaN,NaN,NaN,NaN,,NaN,,NaN,NaN,,NaN,NaN,,NaN,NaN,NaN,NaN,NaN,NaN,NaN,1,kitchen,2,2024-03-18_13h09.11.124,image_similarity_rating,2023.2.3,None,2024-03-18 13h09.27.456878 +0100
,128,133,NaN,6,stimuli/own/kitchen/128_kit.jpg,stimuli/own/kitchen/133_kit.jpg,NaN,NaN,NaN,NaN,0,8,8,5,NaN,NaN,NaN,NaN,119.195115666,NaN,NaN,NaN,NaN,NaN,NaN,NaN,,NaN,,119.029103166,119.195115666,119.195115666,119.195115666,119.195115666,119.195115666,119.195115666,119.195115666,119.195115666,119.195115666,125.700836,-7,7,0,3,4.3157132919996,4,1.83521183300036,125.70097925,125.710178041,126.162455458,125.996010916,NaN,NaN,NaN,NaN,,NaN,,NaN,NaN,,NaN,NaN,,NaN,NaN,NaN,NaN,NaN,NaN,NaN,1,kitchen,2,2024-03-18_13h09.11.124,image_similarity_rating,2023.2.3,None,2024-03-18 13h09.27.456878 +0100
,107,128,NaN,7,stimuli/own/kitchen/107_kit.jpg,stimuli/own/kitchen/128_kit.jpg,NaN,NaN,NaN,NaN,0,9,9,6,NaN,NaN,NaN,NaN,126.162455458,NaN,NaN,NaN,NaN,NaN,NaN,NaN,,NaN,,125.996461208,126.162455458,126.162455458,126.162455458,126.162455458,126.162455458,126.162455458,126.162455458,126.162455458,126.162455458,131.133112791,-7,7,0,2,2.97894254099992,5,4.82271420899997,131.133249791,131.143732458,131.432884291,131.4280375,NaN,NaN,NaN,NaN,,NaN,,NaN,NaN,,NaN,NaN,,NaN,NaN,NaN,NaN,NaN,NaN,NaN,1,kitchen,2,2024-03-18_13h09.11.124,image_similarity_rating,2023.2.3,None,2024-03-18 13h09.27.456878 +0100
,NaN,NaN,NaN,NaN,,,NaN,NaN,NaN,NaN,NaN,NaN,NaN,NaN,NaN,NaN,NaN,NaN,NaN,NaN,NaN,NaN,NaN,NaN,NaN,NaN,,NaN,,NaN,NaN,NaN,NaN,NaN,NaN,NaN,NaN,NaN,NaN,NaN,NaN,NaN,NaN,NaN,NaN,NaN,NaN,NaN,NaN,NaN,NaN,131.428129458001,131.432884291,131.432884291,132.201227208,space,0.768044832999294,None,NaN,NaN,,NaN,NaN,,NaN,NaN,NaN,NaN,NaN,NaN,NaN,1,kitchen,2,2024-03-18_13h09.11.124,image_similarity_rating,2023.2.3,None,2024-03-18 13h09.27.456878 +0100
,114,126,306,306,stimuli/own/kitchen/114_kit.jpg,stimuli/own/kitchen/126_kit.jpg,NaN,NaN,NaN,NaN,NaN,NaN,NaN,NaN,0,0,0,305,132.251923208,NaN,NaN,NaN,NaN,NaN,NaN,NaN,,NaN,,132.545639125,132.719235166001,132.719235166001,132.719235166001,132.719235166001,132.719235166001,132.719235166001,132.719235166001,132.719235166001,132.719235166001,152.092309291,-7,7,1,4,17.0968239590002,6,9.9309184169997,132.249753791,132.251923208,132.719235166001,132.545622291,NaN,NaN,NaN,NaN,,NaN,,132.235687708,132.249457833,None,NaN,NaN,,NaN,NaN,NaN,NaN,NaN,NaN,NaN,1,kitchen,2,2024-03-18_13h09.11.124,image_similarity_rating,2023.2.3,None,2024-03-18 13h09.27.456878 +0100
,102,112,41,41,stimuli/own/kitchen/102_kit.jpg,stimuli/own/kitchen/112_kit.jpg,NaN,NaN,NaN,NaN,NaN,NaN,NaN,NaN,0,1,1,40,152.100787041,NaN,NaN,NaN,NaN,NaN,NaN,NaN,,NaN,,152.394700583,152.565159,152.565159,152.565159,152.565159,152.565159,152.565159,152.565159,152.565159,152.565159,162.954366291,7,-7,1,3,4.68652287500026,5,8.41685770799995,152.098925833,152.100787041,152.565159,152.39468375,NaN,NaN,NaN,NaN,,NaN,,152.092916541,152.098873875,None,NaN,NaN,,NaN,NaN,NaN,NaN,NaN,NaN,NaN,1,kitchen,2,2024-03-18_13h09.11.124,image_similarity_rating,2023.2.3,None,2024-03-18 13h09.27.456878 +0100
,132,140,566,566,stimuli/own/kitchen/132_kit.jpg,stimuli/own/kitchen/140_kit.jpg,NaN,NaN,NaN,NaN,NaN,NaN,NaN,NaN,0,2,2,565,162.959970208,NaN,NaN,NaN,NaN,NaN,NaN,NaN,,NaN,,163.245614083,163.410351250001,163.410351250001,163.410351250001,163.410351250001,163.410351250001,163.410351250001,163.410351250001,163.410351250001,163.410351250001,173.654764083,7,-7,1,2,10.1307598339999,4,5.49521170800017,162.958099458,162.959970208,163.410351250001,163.245599875,NaN,NaN,NaN,NaN,,NaN,,162.95459125,162.958052375,None,NaN,NaN,,NaN,NaN,NaN,NaN,NaN,NaN,NaN,1,kitchen,2,2024-03-18_13h09.11.124,image_similarity_rating,2023.2.3,None,2024-03-18 13h09.27.456878 +0100
,109,113,192,192,stimuli/own/kitchen/109_kit.jpg,stimuli/own/kitchen/113_kit.jpg,NaN,NaN,NaN,NaN,NaN,NaN,NaN,NaN,0,3,3,191,173.676972,NaN,NaN,NaN,NaN,NaN,NaN,NaN,,NaN,,173.960753791001,174.126578500001,174.126578500001,174.126578500001,174.126578500001,174.126578500001,174.126578500001,174.126578500001,174.126578500001,174.126578500001,186.571567916,7,-7,1,1,8.31394420900051,3,12.2693476670001,173.658479125,173.676972,NaN,173.960733583001,NaN,NaN,NaN,NaN,,NaN,,173.654985666,173.658429333,None,NaN,NaN,,NaN,NaN,NaN,NaN,NaN,NaN,NaN,1,kitchen,2,2024-03-18_13h09.11.124,image_similarity_rating,2023.2.3,None,2024-03-18 13h09.27.456878 +0100
,132,141,567,567,stimuli/own/kitchen/132_kit.jpg,stimuli/own/kitchen/141_kit.jpg,NaN,NaN,NaN,NaN,NaN,NaN,NaN,NaN,0,4,4,566,186.593473875,NaN,NaN,NaN,NaN,NaN,NaN,NaN,,NaN,,186.877744500001,187.046031125,187.046031125,187.046031125,187.046031125,187.046031125,187.046031125,187.046031125,187.046031125,187.046031125,202.392301083,-7,7,1,1,13.5353627499999,3,8.24797387499984,186.575274125,186.593473875,NaN,186.87772125,NaN,NaN,NaN,NaN,,NaN,,186.571789125001,186.575226958,None,NaN,NaN,,NaN,NaN,NaN,NaN,NaN,NaN,NaN,1,kitchen,2,2024-03-18_13h09.11.124,image_similarity_rating,2023.2.3,None,2024-03-18 13h09.27.456878 +0100
,111,122,227,227,stimuli/own/kitchen/111_kit.jpg,stimuli/own/kitchen/122_kit.jpg,NaN,NaN,NaN,NaN,NaN,NaN,NaN,NaN,0,5,5,226,202.397945541,NaN,NaN,NaN,NaN,NaN,NaN,NaN,,NaN,,202.682505708,202.845164208,202.845164208,202.845164208,202.845164208,202.845164208,202.845164208,202.845164208,202.845164208,202.845164208,210.94227975,7,-7,1,3,8.08640087500044,3,3.93400662499971,202.396166125,202.397945541,202.845164208,202.682495166,NaN,NaN,NaN,NaN,,NaN,,202.392524875,202.396119041,None,NaN,NaN,,NaN,NaN,NaN,NaN,NaN,NaN,NaN,1,kitchen,2,2024-03-18_13h09.11.124,image_similarity_rating,2023.2.3,None,2024-03-18 13h09.27.456878 +0100
,126,141,517,517,stimuli/own/kitchen/126_kit.jpg,stimuli/own/kitchen/141_kit.jpg,NaN,NaN,NaN,NaN,NaN,NaN,NaN,NaN,0,6,6,516,210.948102083,NaN,NaN,NaN,NaN,NaN,NaN,NaN,,NaN,,211.231703291,211.398344791,211.398344791,211.398344791,211.398344791,211.398344791,211.398344791,211.398344791,211.398344791,211.398344791,232.362462708,7,-7,1,4,7.30989695900007,3,20.8027560840001,210.946003541,210.948102083,211.398344791,211.231690791,NaN,NaN,NaN,NaN,,NaN,,210.942499541,210.945955583,None,NaN,NaN,,NaN,NaN,NaN,NaN,NaN,NaN,NaN,1,kitchen,2,2024-03-18_13h09.11.124,image_similarity_rating,2023.2.3,None,2024-03-18 13h09.27.456878 +0100
,125,140,503,503,stimuli/own/kitchen/125_kit.jpg,stimuli/own/kitchen/140_kit.jpg,NaN,NaN,NaN,NaN,NaN,NaN,NaN,NaN,0,7,7,502,232.368267208,NaN,NaN,NaN,NaN,NaN,NaN,NaN,,NaN,,232.661249375,232.824538208,232.824538208,232.824538208,232.824538208,232.824538208,232.824538208,232.824538208,232.824538208,232.824538208,245.187410708,-7,7,1,4,9.96115483300036,3,2.10012600000027,232.366195166001,232.368267208,232.824538208,232.661235583,NaN,NaN,NaN,NaN,,NaN,,232.362686958,232.366147708,None,NaN,NaN,,NaN,NaN,NaN,NaN,NaN,NaN,NaN,1,kitchen,2,2024-03-18_13h09.11.124,image_similarity_rating,2023.2.3,None,2024-03-18 13h09.27.456878 +0100
,114,140,318,318,stimuli/own/kitchen/114_kit.jpg,stimuli/own/kitchen/140_kit.jpg,NaN,NaN,NaN,NaN,NaN,NaN,NaN,NaN,0,8,8,317,245.192938208,NaN,NaN,NaN,NaN,NaN,NaN,NaN,,NaN,,245.477899875,245.645488458,245.645488458,245.645488458,245.645488458,245.645488458,245.645488458,245.645488458,245.645488458,245.645488458,255.746216458,7,-7,1,4,8.11748199999965,3,9.88756424999974,245.191125666001,245.192938208,245.645488458,245.477883333,NaN,NaN,NaN,NaN,,NaN,,245.187635416,245.191077666,None,NaN,NaN,,NaN,NaN,NaN,NaN,NaN,NaN,NaN,1,kitchen,2,2024-03-18_13h09.11.124,image_similarity_rating,2023.2.3,None,2024-03-18 13h09.27.456878 +0100
,119,141,405,405,stimuli/own/kitchen/119_kit.jpg,stimuli/own/kitchen/141_kit.jpg,NaN,NaN,NaN,NaN,NaN,NaN,NaN,NaN,0,9,9,404,255.752236416,NaN,NaN,NaN,NaN,NaN,NaN,NaN,,NaN,,256.0451315,256.208895375,256.208895375,256.208895375,256.208895375,256.208895375,256.208895375,256.208895375,256.208895375,256.208895375,270.954532625,-7,7,1,1,9.13055799999984,2,14.5968373340002,255.749933208001,255.752236416,256.208895375,256.045118583,NaN,NaN,NaN,NaN,,NaN,,255.746444666001,255.74988575,None,NaN,NaN,,NaN,NaN,NaN,NaN,NaN,NaN,NaN,1,kitchen,2,2024-03-18_13h09.11.124,image_similarity_rating,2023.2.3,None,2024-03-18 13h09.27.456878 +0100
,102,109,39,39,stimuli/own/kitchen/102_kit.jpg,stimuli/own/kitchen/109_kit.jpg,NaN,NaN,NaN,NaN,NaN,NaN,NaN,NaN,0,10,10,38,270.960986041,NaN,NaN,NaN,NaN,NaN,NaN,NaN,,NaN,,271.245364375,271.411257,271.411257,271.411257,271.411257,271.411257,271.411257,271.411257,271.411257,271.411257,289.396866625,7,-7,1,1,17.8347821249999,5,9.27704804099994,270.958248458001,270.960986041,271.411257,271.245350583,NaN,NaN,NaN,NaN,,NaN,,270.95475325,270.958200375,None,NaN,NaN,,NaN,NaN,NaN,NaN,NaN,NaN,NaN,1,kitchen,2,2024-03-18_13h09.11.124,image_similarity_rating,2023.2.3,None,2024-03-18 13h09.27.456878 +0100
,116,130,332,332,stimuli/own/kitchen/116_kit.jpg,stimuli/own/kitchen/130_kit.jpg,NaN,NaN,NaN,NaN,NaN,NaN,NaN,NaN,0,11,11,331,289.409550625001,NaN,NaN,NaN,NaN,NaN,NaN,NaN,,NaN,,289.694160416,289.859925041,289.859925041,289.859925041,289.859925041,289.859925041,289.859925041,289.859925041,289.859925041,289.859925041,308.345413083,7,-7,1,5,14.6522272080001,2,18.322553166,289.400682250001,289.409550625001,289.859925041,289.694141333001,NaN,NaN,NaN,NaN,,NaN,,289.397088666,289.400634791,None,NaN,NaN,,NaN,NaN,NaN,NaN,NaN,NaN,NaN,1,kitchen,2,2024-03-18_13h09.11.124,image_similarity_rating,2023.2.3,None,2024-03-18 13h09.27.456878 +0100
,124,129,479,479,stimuli/own/kitchen/124_kit.jpg,stimuli/own/kitchen/129_kit.jpg,NaN,NaN,NaN,NaN,NaN,NaN,NaN,NaN,0,12,12,478,308.351155541,NaN,NaN,NaN,NaN,NaN,NaN,NaN,,NaN,,308.644711875,308.808445375,308.808445375,308.808445375,308.808445375,308.808445375,308.808445375,308.808445375,308.808445375,308.808445375,331.599991666,-7,7,1,2,19.4277728329998,2,22.7051782919998,308.34912925,308.351155541,308.808445375,308.644699208,NaN,NaN,NaN,NaN,,NaN,,308.345635875,308.349081416,None,NaN,NaN,,NaN,NaN,NaN,NaN,NaN,NaN,NaN,1,kitchen,2,2024-03-18_13h09.11.124,image_similarity_rating,2023.2.3,None,2024-03-18 13h09.27.456878 +0100
,106,131,180,180,stimuli/own/kitchen/106_kit.jpg,stimuli/own/kitchen/131_kit.jpg,NaN,NaN,NaN,NaN,NaN,NaN,NaN,NaN,0,13,13,179,331.60923675,NaN,NaN,NaN,NaN,NaN,NaN,NaN,,NaN,,331.89405575,332.057115833,332.057115833,332.057115833,332.057115833,332.057115833,332.057115833,332.057115833,332.057115833,332.057115833,350.133192125,7,-7,1,3,17.9913417909993,5,5.42203266600063,331.6037115,331.60923675,332.057115833,331.894042208,NaN,NaN,NaN,NaN,,NaN,,331.600217458,331.603664333,None,NaN,NaN,,NaN,NaN,NaN,NaN,NaN,NaN,NaN,1,kitchen,2,2024-03-18_13h09.11.124,image_similarity_rating,2023.2.3,None,2024-03-18 13h09.27.456878 +0100
,103,141,99,99,stimuli/own/kitchen/103_kit.jpg,stimuli/own/kitchen/141_kit.jpg,NaN,NaN,NaN,NaN,NaN,NaN,NaN,NaN,0,14,14,98,350.142621208,NaN,NaN,NaN,NaN,NaN,NaN,NaN,,NaN,,350.427062416,350.591453458,350.591453458,350.591453458,350.591453458,350.591453458,350.591453458,350.591453458,350.591453458,350.591453458,361.812114125,7,-7,1,4,7.20364608300042,3,11.0600742079996,350.136932333,350.142621208,350.591453458,350.427040583,NaN,NaN,NaN,NaN,,NaN,,350.133417083,350.136885166,None,NaN,NaN,,NaN,NaN,NaN,NaN,NaN,NaN,NaN,1,kitchen,2,2024-03-18_13h09.11.124,image_similarity_rating,2023.2.3,None,2024-03-18 13h09.27.456878 +0100
,140,141,595,595,stimuli/own/kitchen/140_kit.jpg,stimuli/own/kitchen/141_kit.jpg,NaN,NaN,NaN,NaN,NaN,NaN,NaN,NaN,0,15,15,594,361.818099708,NaN,NaN,NaN,NaN,NaN,NaN,NaN,,NaN,,362.110974291,362.27446425,362.27446425,362.27446425,362.27446425,362.27446425,362.27446425,362.27446425,362.27446425,362.27446425,374.344876041,7,-7,1,4,11.74096775,3,4.05753916599951,361.816194666,361.818099708,362.27446425,362.1109605,NaN,NaN,NaN,NaN,,NaN,,361.812338833,361.816142375,None,NaN,NaN,,NaN,NaN,NaN,NaN,NaN,NaN,NaN,1,kitchen,2,2024-03-18_13h09.11.124,image_similarity_rating,2023.2.3,None,2024-03-18 13h09.27.456878 +0100
,131,139,557,557,stimuli/own/kitchen/131_kit.jpg,stimuli/own/kitchen/139_kit.jpg,NaN,NaN,NaN,NaN,NaN,NaN,NaN,NaN,0,16,16,556,374.350694416,NaN,NaN,NaN,NaN,NaN,NaN,NaN,,NaN,,374.643987916,374.807445875,374.807445875,374.807445875,374.807445875,374.807445875,374.807445875,374.807445875,374.807445875,374.807445875,382.680012416,7,-7,1,1,7.81076279099943,3,3.2345270830001,374.348619791,374.350694416,374.807445875,374.643974458,NaN,NaN,NaN,NaN,,NaN,,374.34509975,374.348572625,None,NaN,NaN,,NaN,NaN,NaN,NaN,NaN,NaN,NaN,1,kitchen,2,2024-03-18_13h09.11.124,image_similarity_rating,2023.2.3,None,2024-03-18 13h09.27.456878 +0100
,117,119,344,344,stimuli/own/kitchen/117_kit.jpg,stimuli/own/kitchen/119_kit.jpg,NaN,NaN,NaN,NaN,NaN,NaN,NaN,NaN,0,17,17,343,382.69244025,NaN,NaN,NaN,NaN,NaN,NaN,NaN,,NaN,,382.977674583,383.143894708001,383.143894708001,383.143894708001,383.143894708001,383.143894708001,383.143894708001,383.143894708001,383.143894708001,383.143894708001,395.153666125,-7,7,1,2,6.5190816660006,3,11.5611188749999,382.683777791,382.69244025,383.143894708001,382.977660666,NaN,NaN,NaN,NaN,,NaN,,382.680236333,382.683730583,None,NaN,NaN,,NaN,NaN,NaN,NaN,NaN,NaN,NaN,1,kitchen,2,2024-03-18_13h09.11.124,image_similarity_rating,2023.2.3,None,2024-03-18 13h09.27.456878 +0100
,132,136,562,562,stimuli/own/kitchen/132_kit.jpg,stimuli/own/kitchen/136_kit.jpg,NaN,NaN,NaN,NaN,NaN,NaN,NaN,NaN,0,18,18,561,395.175721666,NaN,NaN,NaN,NaN,NaN,NaN,NaN,,NaN,,395.45992075,395.6272055,395.6272055,395.6272055,395.6272055,395.6272055,395.6272055,395.6272055,395.6272055,395.6272055,405.195397291001,-7,7,1,2,9.57622583299963,4,4.72504091700011,395.157377791,395.175721666,NaN,395.459901833,NaN,NaN,NaN,NaN,,NaN,,395.153887666,395.15732975,None,NaN,NaN,,NaN,NaN,NaN,NaN,NaN,NaN,NaN,1,kitchen,2,2024-03-18_13h09.11.124,image_similarity_rating,2023.2.3,None,2024-03-18 13h09.27.456878 +0100
,137,140,588,588,stimuli/own/kitchen/137_kit.jpg,stimuli/own/kitchen/140_kit.jpg,NaN,NaN,NaN,NaN,NaN,NaN,NaN,NaN,0,19,19,587,405.209023833,NaN,NaN,NaN,NaN,NaN,NaN,NaN,,NaN,,405.494414416,405.658744041,405.658744041,405.658744041,405.658744041,405.658744041,405.658744041,405.658744041,405.658744041,405.658744041,417.532047083,7,-7,1,1,2.95275050000055,2,11.8000712920002,405.199547291,405.209023833,405.658744041,405.494400541,NaN,NaN,NaN,NaN,,NaN,,405.195651333001,405.19949825,None,NaN,NaN,,NaN,NaN,NaN,NaN,NaN,NaN,NaN,1,kitchen,2,2024-03-18_13h09.11.124,image_similarity_rating,2023.2.3,None,2024-03-18 13h09.27.456878 +0100
,138,140,591,591,stimuli/own/kitchen/138_kit.jpg,stimuli/own/kitchen/140_kit.jpg,NaN,NaN,NaN,NaN,NaN,NaN,NaN,NaN,0,20,20,590,417.542479916,NaN,NaN,NaN,NaN,NaN,NaN,NaN,,NaN,,417.827826291,417.992583208,417.992583208,417.992583208,417.992583208,417.992583208,417.992583208,417.992583208,417.992583208,417.992583208,439.169982791,-7,7,1,7,19.307579708,3,21.1299032910001,417.535764208,417.542479916,417.992583208,417.827813708001,NaN,NaN,NaN,NaN,,NaN,,417.532269791001,417.535717416,None,NaN,NaN,,NaN,NaN,NaN,NaN,NaN,NaN,NaN,1,kitchen,2,2024-03-18_13h09.11.124,image_similarity_rating,2023.2.3,None,2024-03-18 13h09.27.456878 +0100
,102,114,43,43,stimuli/own/kitchen/102_kit.jpg,stimuli/own/kitchen/114_kit.jpg,NaN,NaN,NaN,NaN,NaN,NaN,NaN,NaN,0,21,21,42,439.175845375,NaN,NaN,NaN,NaN,NaN,NaN,NaN,,NaN,,439.461108500001,439.6258035,439.6258035,439.6258035,439.6258035,439.6258035,439.6258035,439.6258035,439.6258035,439.6258035,449.382664458,7,-7,1,6,7.65234633399996,3,9.70730133399957,439.17369775,439.175845375,439.6258035,439.461090583,NaN,NaN,NaN,NaN,,NaN,,439.170204916,439.173651041,None,NaN,NaN,,NaN,NaN,NaN,NaN,NaN,NaN,NaN,1,kitchen,2,2024-03-18_13h09.11.124,image_similarity_rating,2023.2.3,None,2024-03-18 13h09.27.456878 +0100
,103,140,98,98,stimuli/own/kitchen/103_kit.jpg,stimuli/own/kitchen/140_kit.jpg,NaN,NaN,NaN,NaN,NaN,NaN,NaN,NaN,0,22,22,97,449.39215175,NaN,NaN,NaN,NaN,NaN,NaN,NaN,,NaN,,449.676871583,449.840375791,449.840375791,449.840375791,449.840375791,449.840375791,449.840375791,449.840375791,449.840375791,449.840375791,457.1788995,-7,7,1,4,7.01088854099999,6,2.99398874999952,449.386415875,449.39215175,449.840375791,449.67685725,NaN,NaN,NaN,NaN,,NaN,,449.382894166,449.386368833,None,NaN,NaN,,NaN,NaN,NaN,NaN,NaN,NaN,NaN,1,kitchen,2,2024-03-18_13h09.11.124,image_similarity_rating,2023.2.3,None,2024-03-18 13h09.27.456878 +0100
,109,123,201,201,stimuli/own/kitchen/109_kit.jpg,stimuli/own/kitchen/123_kit.jpg,NaN,NaN,NaN,NaN,NaN,NaN,NaN,NaN,0,23,23,200,457.184608458,NaN,NaN,NaN,NaN,NaN,NaN,NaN,,NaN,,457.476831416,457.643719458,457.643719458,457.643719458,457.643719458,457.643719458,457.643719458,457.643719458,457.643719458,457.643719458,477.557834041,7,-7,1,2,13.5788286249999,5,19.863197875,457.182679166001,457.184608458,457.643719458,457.476814041001,NaN,NaN,NaN,NaN,,NaN,,457.179123958,457.182632583,None,NaN,NaN,,NaN,NaN,NaN,NaN,NaN,NaN,NaN,1,kitchen,2,2024-03-18_13h09.11.124,image_similarity_rating,2023.2.3,None,2024-03-18 13h09.27.456878 +0100
,126,127,505,505,stimuli/own/kitchen/126_kit.jpg,stimuli/own/kitchen/127_kit.jpg,NaN,NaN,NaN,NaN,NaN,NaN,NaN,NaN,0,24,24,504,477.563857666,NaN,NaN,NaN,NaN,NaN,NaN,NaN,,NaN,,477.847322791,478.012071416,478.012071416,478.012071416,478.012071416,478.012071416,478.012071416,478.012071416,478.012071416,478.012071416,492.711187458,7,-7,1,4,10.8853474580001,6,5.91944195900032,477.561578625,477.563857666,478.012071416,477.847311833,NaN,NaN,NaN,NaN,,NaN,,477.558055833,477.561531125,None,NaN,NaN,,NaN,NaN,NaN,NaN,NaN,NaN,NaN,1,kitchen,2,2024-03-18_13h09.11.124,image_similarity_rating,2023.2.3,None,2024-03-18 13h09.27.456878 +0100
,116,124,327,327,stimuli/own/kitchen/116_kit.jpg,stimuli/own/kitchen/124_kit.jpg,NaN,NaN,NaN,NaN,NaN,NaN,NaN,NaN,0,25,25,326,492.717176083,NaN,NaN,NaN,NaN,NaN,NaN,NaN,,NaN,,493.010759416,493.175746208,493.175746208,493.175746208,493.175746208,493.175746208,493.175746208,493.175746208,493.175746208,493.175746208,501.202855,7,-7,1,2,7.78751112500049,2,3.11138629099969,492.714935666,492.717176083,493.175746208,493.010746125,NaN,NaN,NaN,NaN,,NaN,,492.71141175,492.7148885,None,NaN,NaN,,NaN,NaN,NaN,NaN,NaN,NaN,NaN,1,kitchen,2,2024-03-18_13h09.11.124,image_similarity_rating,2023.2.3,None,2024-03-18 13h09.27.456878 +0100
,106,139,187,187,stimuli/own/kitchen/106_kit.jpg,stimuli/own/kitchen/139_kit.jpg,NaN,NaN,NaN,NaN,NaN,NaN,NaN,NaN,0,26,26,186,501.208500833,NaN,NaN,NaN,NaN,NaN,NaN,NaN,,NaN,,501.493809208,501.658416041,501.658416041,501.658416041,501.658416041,501.658416041,501.658416041,501.658416041,501.658416041,501.658416041,512.878187750001,-7,7,1,1,7.36105670899997,6,10.9931091669996,501.206669333,501.208500833,501.658416041,501.493796166,NaN,NaN,NaN,NaN,,NaN,,501.203078666,501.206622166,None,NaN,NaN,,NaN,NaN,NaN,NaN,NaN,NaN,NaN,1,kitchen,2,2024-03-18_13h09.11.124,image_similarity_rating,2023.2.3,None,2024-03-18 13h09.27.456878 +0100
,113,137,291,291,stimuli/own/kitchen/113_kit.jpg,stimuli/own/kitchen/137_kit.jpg,NaN,NaN,NaN,NaN,NaN,NaN,NaN,NaN,0,27,27,290,512.891951458,NaN,NaN,NaN,NaN,NaN,NaN,NaN,,NaN,,513.177137041,513.343559916,513.343559916,513.343559916,513.343559916,513.343559916,513.343559916,513.343559916,513.343559916,513.343559916,522.232471208,-7,7,1,1,8.73640608299957,5,2.51590391700029,512.882240166,512.891951458,513.343559916,513.177118583,NaN,NaN,NaN,NaN,,NaN,,512.878412416,512.882188583,None,NaN,NaN,,NaN,NaN,NaN,NaN,NaN,NaN,NaN,1,kitchen,2,2024-03-18_13h09.11.124,image_similarity_rating,2023.2.3,None,2024-03-18 13h09.27.456878 +0100
,111,121,226,226,stimuli/own/kitchen/111_kit.jpg,stimuli/own/kitchen/121_kit.jpg,NaN,NaN,NaN,NaN,NaN,NaN,NaN,NaN,0,28,28,225,522.241894375,NaN,NaN,NaN,NaN,NaN,NaN,NaN,,NaN,,522.52729875,522.692365791,522.692365791,522.692365791,522.692365791,522.692365791,522.692365791,522.692365791,522.692365791,522.692365791,538.220068125001,-7,7,1,4,11.530654833,4,15.4290402500001,522.236195166,522.241894375,522.692365791,522.527286208,NaN,NaN,NaN,NaN,,NaN,,522.2326935,522.236147708,None,NaN,NaN,,NaN,NaN,NaN,NaN,NaN,NaN,NaN,1,kitchen,2,2024-03-18_13h09.11.124,image_similarity_rating,2023.2.3,None,2024-03-18 13h09.27.456878 +0100
,109,119,197,197,stimuli/own/kitchen/109_kit.jpg,stimuli/own/kitchen/119_kit.jpg,NaN,NaN,NaN,NaN,NaN,NaN,NaN,NaN,0,29,29,196,538.226535833001,NaN,NaN,NaN,NaN,NaN,NaN,NaN,,NaN,,538.509898791001,538.6765025,538.6765025,538.6765025,538.6765025,538.6765025,538.6765025,538.6765025,538.6765025,538.6765025,550.227652666,-7,7,1,2,11.4366561249999,6,2.47757854199972,538.223758958,538.226535833001,538.6765025,538.509884583,NaN,NaN,NaN,NaN,,NaN,,538.220287958,538.223711916,None,NaN,NaN,,NaN,NaN,NaN,NaN,NaN,NaN,NaN,1,kitchen,2,2024-03-18_13h09.11.124,image_similarity_rating,2023.2.3,None,2024-03-18 13h09.27.456878 +0100
,124,131,481,481,stimuli/own/kitchen/124_kit.jpg,stimuli/own/kitchen/131_kit.jpg,NaN,NaN,NaN,NaN,NaN,NaN,NaN,NaN,0,30,30,480,550.233376125,NaN,NaN,NaN,NaN,NaN,NaN,NaN,,NaN,,550.526989041,550.692290166,550.692290166,550.692290166,550.692290166,550.692290166,550.692290166,550.692290166,550.692290166,550.692290166,564.3478565,-7,7,1,3,13.5786042090003,7,7.35385220799981,550.231457708001,550.233376125,550.692290166,550.526971041,NaN,NaN,NaN,NaN,,NaN,,550.227873791,550.23141025,None,NaN,NaN,,NaN,NaN,NaN,NaN,NaN,NaN,NaN,1,kitchen,2,2024-03-18_13h09.11.124,image_similarity_rating,2023.2.3,None,2024-03-18 13h09.27.456878 +0100
,104,131,121,614,stimuli/own/kitchen/104_kit.jpg,stimuli/own/kitchen/131_kit.jpg,NaN,NaN,NaN,NaN,NaN,NaN,NaN,NaN,0,31,31,613,564.358392583,NaN,NaN,NaN,NaN,NaN,NaN,NaN,,NaN,,564.643631875,564.808300041,564.808300041,564.808300041,564.808300041,564.808300041,564.808300041,564.808300041,564.808300041,564.808300041,576.67391175,7,-7,1,2,11.0262897909997,6,4.88387400000011,564.351554458,564.358392583,564.808300041,564.643617458,NaN,NaN,NaN,NaN,,NaN,,564.348081541,564.351507541001,None,NaN,NaN,,NaN,NaN,NaN,NaN,NaN,NaN,NaN,1,kitchen,2,2024-03-18_13h09.11.124,image_similarity_rating,2023.2.3,None,2024-03-18 13h09.27.456878 +0100
,123,131,466,466,stimuli/own/kitchen/123_kit.jpg,stimuli/own/kitchen/131_kit.jpg,NaN,NaN,NaN,NaN,NaN,NaN,NaN,NaN,0,32,32,465,576.679445625,NaN,NaN,NaN,NaN,NaN,NaN,NaN,,NaN,,576.964156958,577.1286245,577.1286245,577.1286245,577.1286245,577.1286245,577.1286245,577.1286245,577.1286245,577.1286245,588.640619458,7,-7,1,4,7.26615887499975,3,11.4282158340002,576.67767475,576.679445625,577.1286245,576.964140666,NaN,NaN,NaN,NaN,,NaN,,576.674158458,576.6776275,None,NaN,NaN,,NaN,NaN,NaN,NaN,NaN,NaN,NaN,1,kitchen,2,2024-03-18_13h09.11.124,image_similarity_rating,2023.2.3,None,2024-03-18 13h09.27.456878 +0100
,109,126,204,204,stimuli/own/kitchen/109_kit.jpg,stimuli/own/kitchen/126_kit.jpg,NaN,NaN,NaN,NaN,NaN,NaN,NaN,NaN,0,33,33,203,588.646499875,NaN,NaN,NaN,NaN,NaN,NaN,NaN,,NaN,,588.929936208,589.093101166,589.093101166,589.093101166,589.093101166,589.093101166,589.093101166,589.093101166,589.093101166,589.093101166,598.499891375001,-7,7,1,2,9.32183900000018,4,3.09901154199997,588.644409625,588.646499875,589.093101166,588.929925625001,NaN,NaN,NaN,NaN,,NaN,,588.640864666,588.644362416,None,NaN,NaN,,NaN,NaN,NaN,NaN,NaN,NaN,NaN,1,kitchen,2,2024-03-18_13h09.11.124,image_similarity_rating,2023.2.3,None,2024-03-18 13h09.27.456878 +0100
,118,135,379,379,stimuli/own/kitchen/118_kit.jpg,stimuli/own/kitchen/135_kit.jpg,NaN,NaN,NaN,NaN,NaN,NaN,NaN,NaN,0,34,34,378,598.508279125,NaN,NaN,NaN,NaN,NaN,NaN,NaN,,NaN,,598.793924083,598.959286750001,598.959286750001,598.959286750001,598.959286750001,598.959286750001,598.959286750001,598.959286750001,598.959286750001,598.959286750001,608.807508833,-7,7,1,6,4.51276208299987,4,9.73453341699951,598.503777708,598.508279125,598.959286750001,598.793909083,NaN,NaN,NaN,NaN,,NaN,,598.500118041,598.503729708,None,NaN,NaN,,NaN,NaN,NaN,NaN,NaN,NaN,NaN,1,kitchen,2,2024-03-18_13h09.11.124,image_similarity_rating,2023.2.3,None,2024-03-18 13h09.27.456878 +0100
,139,141,594,594,stimuli/own/kitchen/139_kit.jpg,stimuli/own/kitchen/141_kit.jpg,NaN,NaN,NaN,NaN,NaN,NaN,NaN,NaN,0,35,35,593,608.813026916,NaN,NaN,NaN,NaN,NaN,NaN,NaN,,NaN,,609.096543000001,609.261919541,609.261919541,609.261919541,609.261919541,609.261919541,609.261919541,609.261919541,609.261919541,609.261919541,621.462175083,-7,7,1,2,11.7976324579995,5,6.24796354099999,608.811245791,608.813026916,609.261919541,609.096532208,NaN,NaN,NaN,NaN,,NaN,,608.807733708,608.811198333,None,NaN,NaN,,NaN,NaN,NaN,NaN,NaN,NaN,NaN,1,kitchen,2,2024-03-18_13h09.11.124,image_similarity_rating,2023.2.3,None,2024-03-18 13h09.27.456878 +0100
,130,134,543,543,stimuli/own/kitchen/130_kit.jpg,stimuli/own/kitchen/134_kit.jpg,NaN,NaN,NaN,NaN,NaN,NaN,NaN,NaN,0,36,36,542,621.474939125,NaN,NaN,NaN,NaN,NaN,NaN,NaN,,NaN,,621.759896333,621.925269041,621.925269041,621.925269041,621.925269041,621.925269041,621.925269041,621.925269041,621.925269041,621.925269041,632.827459833,7,-7,1,4,5.38580237499991,4,10.7160248339997,621.466070625,621.474939125,621.925269041,621.759882375,NaN,NaN,NaN,NaN,,NaN,,621.462401375,621.466023291,None,NaN,NaN,,NaN,NaN,NaN,NaN,NaN,NaN,NaN,1,kitchen,2,2024-03-18_13h09.11.124,image_similarity_rating,2023.2.3,None,2024-03-18 13h09.27.456878 +0100
,119,137,401,401,stimuli/own/kitchen/119_kit.jpg,stimuli/own/kitchen/137_kit.jpg,NaN,NaN,NaN,NaN,NaN,NaN,NaN,NaN,0,37,37,400,632.833376250001,NaN,NaN,NaN,NaN,NaN,NaN,NaN,,NaN,,633.126540833,633.292291833,633.292291833,633.292291833,633.292291833,633.292291833,633.292291833,633.292291833,633.292291833,633.292291833,641.87728625,7,-7,1,3,7.44507641699965,3,3.76118604200019,632.831265166,632.833376250001,633.292291833,633.126527583,NaN,NaN,NaN,NaN,,NaN,,632.827688416,632.831215666,None,NaN,NaN,,NaN,NaN,NaN,NaN,NaN,NaN,NaN,1,kitchen,2,2024-03-18_13h09.11.124,image_similarity_rating,2023.2.3,None,2024-03-18 13h09.27.456878 +0100
,101,109,6,6,stimuli/own/kitchen/101_kit.jpg,stimuli/own/kitchen/109_kit.jpg,NaN,NaN,NaN,NaN,NaN,NaN,NaN,NaN,0,38,38,5,641.882755375,NaN,NaN,NaN,NaN,NaN,NaN,NaN,,NaN,,642.175986375,642.34152225,642.34152225,642.34152225,642.34152225,642.34152225,642.34152225,642.34152225,642.34152225,642.34152225,648.327835458,-7,7,1,2,3.66673545899994,3,5.83556212500025,641.880981791001,641.882755375,642.34152225,642.175964041,NaN,NaN,NaN,NaN,,NaN,,641.877507791,641.88093525,None,NaN,NaN,,NaN,NaN,NaN,NaN,NaN,NaN,NaN,1,kitchen,2,2024-03-18_13h09.11.124,image_similarity_rating,2023.2.3,None,2024-03-18 13h09.27.456878 +0100
,134,141,574,574,stimuli/own/kitchen/134_kit.jpg,stimuli/own/kitchen/141_kit.jpg,NaN,NaN,NaN,NaN,NaN,NaN,NaN,NaN,0,39,39,573,648.333564916,NaN,NaN,NaN,NaN,NaN,NaN,NaN,,NaN,,648.6261455,648.788596041,648.788596041,648.788596041,648.788596041,648.788596041,648.788596041,648.788596041,648.788596041,648.788596041,661.132725041,7,-7,1,5,5.37071504100004,3,12.3313298339999,648.331621791001,648.333564916,648.788596041,648.626131875,NaN,NaN,NaN,NaN,,NaN,,648.328058458,648.331574541,None,NaN,NaN,,NaN,NaN,NaN,NaN,NaN,NaN,NaN,1,kitchen,2,2024-03-18_13h09.11.124,image_similarity_rating,2023.2.3,None,2024-03-18 13h09.27.456878 +0100
,121,140,441,441,stimuli/own/kitchen/121_kit.jpg,stimuli/own/kitchen/140_kit.jpg,NaN,NaN,NaN,NaN,NaN,NaN,NaN,NaN,0,40,40,440,661.141426958,NaN,NaN,NaN,NaN,NaN,NaN,NaN,,NaN,,661.426436916,661.591495708,661.591495708,661.591495708,661.591495708,661.591495708,661.591495708,661.591495708,661.591495708,661.591495708,673.702106666,-7,7,1,2,11.6319775419997,5,1.97239925000031,661.136571125,661.141426958,661.591495708,661.426418708,NaN,NaN,NaN,NaN,,NaN,,661.132946791,661.136524208,None,NaN,NaN,,NaN,NaN,NaN,NaN,NaN,NaN,NaN,1,kitchen,2,2024-03-18_13h09.11.124,image_similarity_rating,2023.2.3,None,2024-03-18 13h09.27.456878 +0100
,131,132,551,551,stimuli/own/kitchen/131_kit.jpg,stimuli/own/kitchen/132_kit.jpg,NaN,NaN,NaN,NaN,NaN,NaN,NaN,NaN,0,41,41,550,673.707692875,NaN,NaN,NaN,NaN,NaN,NaN,NaN,,NaN,,673.992955333,674.157863916,674.157863916,674.157863916,674.157863916,674.157863916,674.157863916,674.157863916,674.157863916,674.157863916,686.832760541,-7,7,1,4,12.4811353750001,3,6.41888424999979,673.705807166,673.707692875,674.157863916,673.992941875,NaN,NaN,NaN,NaN,,NaN,,673.702327875,673.70575975,None,NaN,NaN,,NaN,NaN,NaN,NaN,NaN,NaN,NaN,1,kitchen,2,2024-03-18_13h09.11.124,image_similarity_rating,2023.2.3,None,2024-03-18 13h09.27.456878 +0100
,127,135,523,523,stimuli/own/kitchen/127_kit.jpg,stimuli/own/kitchen/135_kit.jpg,NaN,NaN,NaN,NaN,NaN,NaN,NaN,NaN,0,42,42,522,686.840972291,NaN,NaN,NaN,NaN,NaN,NaN,NaN,,NaN,,687.125880791,687.290258375,687.290258375,687.290258375,687.290258375,687.290258375,687.290258375,687.290258375,687.290258375,687.290258375,698.840543916001,-7,7,1,4,4.36805041699972,3,11.3391661250007,686.836478458,686.840972291,687.290258375,687.125870291,NaN,NaN,NaN,NaN,,NaN,,686.832984000001,686.836431875,None,NaN,NaN,,NaN,NaN,NaN,NaN,NaN,NaN,NaN,1,kitchen,2,2024-03-18_13h09.11.124,image_similarity_rating,2023.2.3,None,2024-03-18 13h09.27.456878 +0100
,111,119,224,224,stimuli/own/kitchen/111_kit.jpg,stimuli/own/kitchen/119_kit.jpg,NaN,NaN,NaN,NaN,NaN,NaN,NaN,NaN,0,43,43,223,698.846493666,NaN,NaN,NaN,NaN,NaN,NaN,NaN,,NaN,,699.130057208,699.292405416,699.292405416,699.292405416,699.292405416,699.292405416,699.292405416,699.292405416,699.292405416,699.292405416,708.535788833,-7,7,1,2,5.58431966599983,2,1.91793091699947,698.844406708,698.846493666,699.292405416,699.1300465,NaN,NaN,NaN,NaN,,NaN,,698.840765291,698.844358750001,None,NaN,NaN,,NaN,NaN,NaN,NaN,NaN,NaN,NaN,1,kitchen,2,2024-03-18_13h09.11.124,image_similarity_rating,2023.2.3,None,2024-03-18 13h09.27.456878 +0100
,121,122,425,425,stimuli/own/kitchen/121_kit.jpg,stimuli/own/kitchen/122_kit.jpg,NaN,NaN,NaN,NaN,NaN,NaN,NaN,NaN,0,44,44,424,708.558144208,NaN,NaN,NaN,NaN,NaN,NaN,NaN,,NaN,,708.842001416,709.005913083,709.005913083,709.005913083,709.005913083,709.005913083,709.005913083,709.005913083,709.005913083,709.005913083,713.773587000001,-7,7,1,2,3.22093416600001,2,4.71877045800011,708.539561375,708.558144208,NaN,708.841987541,NaN,NaN,NaN,NaN,,NaN,,708.536012291001,708.539514583,None,NaN,NaN,,NaN,NaN,NaN,NaN,NaN,NaN,NaN,1,kitchen,2,2024-03-18_13h09.11.124,image_similarity_rating,2023.2.3,None,2024-03-18 13h09.27.456878 +0100
,121,130,432,432,stimuli/own/kitchen/121_kit.jpg,stimuli/own/kitchen/130_kit.jpg,NaN,NaN,NaN,NaN,NaN,NaN,NaN,NaN,0,45,45,431,713.779569916001,NaN,NaN,NaN,NaN,NaN,NaN,NaN,,NaN,,714.06412,714.228397,714.228397,714.228397,714.228397,714.228397,714.228397,714.228397,714.228397,714.228397,724.0899685,-7,7,1,4,9.11037087499972,2,4.13273541699982,713.777296,713.779569916001,714.228397,714.064109208,NaN,NaN,NaN,NaN,,NaN,,713.773807250001,713.7772485,None,NaN,NaN,,NaN,NaN,NaN,NaN,NaN,NaN,NaN,1,kitchen,2,2024-03-18_13h09.11.124,image_similarity_rating,2023.2.3,None,2024-03-18 13h09.27.456878 +0100
,112,127,258,258,stimuli/own/kitchen/112_kit.jpg,stimuli/own/kitchen/127_kit.jpg,NaN,NaN,NaN,NaN,NaN,NaN,NaN,NaN,0,46,46,257,724.095652916,NaN,NaN,NaN,NaN,NaN,NaN,NaN,,NaN,,724.379681125,724.542908833,724.542908833,724.542908833,724.542908833,724.542908833,724.542908833,724.542908833,724.542908833,724.542908833,733.085700083,-7,7,1,5,5.40285700000004,5,8.34605574999932,724.093699333001,724.095652916,724.542908833,724.379670041,NaN,NaN,NaN,NaN,,NaN,,724.090220583,724.093652250001,None,NaN,NaN,,NaN,NaN,NaN,NaN,NaN,NaN,NaN,1,kitchen,2,2024-03-18_13h09.11.124,image_similarity_rating,2023.2.3,None,2024-03-18 13h09.27.456878 +0100
,129,130,530,530,stimuli/own/kitchen/129_kit.jpg,stimuli/own/kitchen/130_kit.jpg,NaN,NaN,NaN,NaN,NaN,NaN,NaN,NaN,0,47,47,529,733.107774083001,NaN,NaN,NaN,NaN,NaN,NaN,NaN,,NaN,,733.391945458,733.563688375,733.563688375,733.563688375,733.563688375,733.563688375,733.563688375,733.563688375,733.563688375,733.563688375,749.040530583,-7,7,1,2,12.8474553750002,2,15.2397347079996,733.089392541,733.107774083001,NaN,733.391925833,NaN,NaN,NaN,NaN,,NaN,,733.085923583,733.089345666001,None,NaN,NaN,,NaN,NaN,NaN,NaN,NaN,NaN,NaN,1,kitchen,2,2024-03-18_13h09.11.124,image_similarity_rating,2023.2.3,None,2024-03-18 13h09.27.456878 +0100
,121,138,439,439,stimuli/own/kitchen/121_kit.jpg,stimuli/own/kitchen/138_kit.jpg,NaN,NaN,NaN,NaN,NaN,NaN,NaN,NaN,0,48,48,438,749.046310916,NaN,NaN,NaN,NaN,NaN,NaN,NaN,,NaN,,749.329529916,749.492448791,749.492448791,749.492448791,749.492448791,749.492448791,749.492448791,749.492448791,749.492448791,749.492448791,760.423087541,7,-7,1,3,8.58772229199985,2,2.21012466699995,749.044232916001,749.046310916,749.492448791,749.329519166,NaN,NaN,NaN,NaN,,NaN,,749.040753458,749.044185833,None,NaN,NaN,,NaN,NaN,NaN,NaN,NaN,NaN,NaN,1,kitchen,2,2024-03-18_13h09.11.124,image_similarity_rating,2023.2.3,None,2024-03-18 13h09.27.456878 +0100
,127,137,525,525,stimuli/own/kitchen/127_kit.jpg,stimuli/own/kitchen/137_kit.jpg,NaN,NaN,NaN,NaN,NaN,NaN,NaN,NaN,0,49,49,524,760.428762291001,NaN,NaN,NaN,NaN,NaN,NaN,NaN,,NaN,,760.713387583,760.881585,760.881585,760.881585,760.881585,760.881585,760.881585,760.881585,760.881585,760.881585,777.314259125,-7,7,1,4,13.07501675,3,5.62317495799925,760.426828958,760.428762291001,760.881585,760.713373125001,NaN,NaN,NaN,NaN,,NaN,,760.42332275,760.426780791,None,NaN,NaN,,NaN,NaN,NaN,NaN,NaN,NaN,NaN,1,kitchen,2,2024-03-18_13h09.11.124,image_similarity_rating,2023.2.3,None,2024-03-18 13h09.27.456878 +0100
,122,126,446,446,stimuli/own/kitchen/122_kit.jpg,stimuli/own/kitchen/126_kit.jpg,NaN,NaN,NaN,NaN,NaN,NaN,NaN,NaN,0,50,50,445,777.324321916,NaN,NaN,NaN,NaN,NaN,NaN,NaN,,NaN,,777.609440083,777.773280875,777.773280875,777.773280875,777.773280875,777.773280875,777.773280875,777.773280875,777.773280875,777.773280875,791.957259875,-7,7,1,6,9.42570237500058,4,12.7943439170003,777.317939916,777.324321916,777.773280875,777.609427416,NaN,NaN,NaN,NaN,,NaN,,777.314485666,777.317890916001,None,NaN,NaN,,NaN,NaN,NaN,NaN,NaN,NaN,NaN,1,kitchen,2,2024-03-18_13h09.11.124,image_similarity_rating,2023.2.3,None,2024-03-18 13h09.27.456878 +0100
,105,120,141,141,stimuli/own/kitchen/105_kit.jpg,stimuli/own/kitchen/120_kit.jpg,NaN,NaN,NaN,NaN,NaN,NaN,NaN,NaN,0,51,51,140,791.963022416,NaN,NaN,NaN,NaN,NaN,NaN,NaN,,NaN,,792.246726666001,792.41094875,792.41094875,792.41094875,792.41094875,792.41094875,792.41094875,792.41094875,792.41094875,792.41094875,810.893180083001,-7,7,1,4,16.6304207080002,6,7.30225666600018,791.961076666,791.963022416,792.41094875,792.246715625,NaN,NaN,NaN,NaN,,NaN,,791.957483791,791.961029708,None,NaN,NaN,,NaN,NaN,NaN,NaN,NaN,NaN,NaN,1,kitchen,2,2024-03-18_13h09.11.124,image_similarity_rating,2023.2.3,None,2024-03-18 13h09.27.456878 +0100
,101,138,31,31,stimuli/own/kitchen/101_kit.jpg,stimuli/own/kitchen/138_kit.jpg,NaN,NaN,NaN,NaN,NaN,NaN,NaN,NaN,0,52,52,30,810.898892166,NaN,NaN,NaN,NaN,NaN,NaN,NaN,,NaN,,811.192112541,811.357183833,811.357183833,811.357183833,811.357183833,811.357183833,811.357183833,811.357183833,811.357183833,811.357183833,817.414923666001,7,-7,1,3,5.97859212499952,4,2.8610297919995,810.896965458001,810.898892166,811.357183833,811.192096708,NaN,NaN,NaN,NaN,,NaN,,810.893400458001,810.896918541001,None,NaN,NaN,,NaN,NaN,NaN,NaN,NaN,NaN,NaN,1,kitchen,2,2024-03-18_13h09.11.124,image_similarity_rating,2023.2.3,None,2024-03-18 13h09.27.456878 +0100
,102,139,65,605,stimuli/own/kitchen/102_kit.jpg,stimuli/own/kitchen/139_kit.jpg,NaN,NaN,NaN,NaN,NaN,NaN,NaN,NaN,0,53,53,604,817.424105416,NaN,NaN,NaN,NaN,NaN,NaN,NaN,,NaN,,817.708565666,817.872610500001,817.872610500001,817.872610500001,817.872610500001,817.872610500001,817.872610500001,817.872610500001,817.872610500001,817.872610500001,830.706362625,-7,7,1,1,6.70362608399955,5,10.9106901659998,817.418711583,817.424105416,817.872610500001,817.70855175,NaN,NaN,NaN,NaN,,NaN,,817.415156416,817.41866375,None,NaN,NaN,,NaN,NaN,NaN,NaN,NaN,NaN,NaN,1,kitchen,2,2024-03-18_13h09.11.124,image_similarity_rating,2023.2.3,None,2024-03-18 13h09.27.456878 +0100
,104,120,111,111,stimuli/own/kitchen/104_kit.jpg,stimuli/own/kitchen/120_kit.jpg,NaN,NaN,NaN,NaN,NaN,NaN,NaN,NaN,0,54,54,110,830.712018958,NaN,NaN,NaN,NaN,NaN,NaN,NaN,,NaN,,830.997282374999,831.164271916001,831.164271916001,831.164271916001,831.164271916001,831.164271916001,831.164271916001,831.164271916001,831.164271916001,831.164271916001,840.922885791,7,-7,1,2,9.23100950000116,3,2.25999770799899,830.710205208001,830.712018958,831.164271916001,830.997269333,NaN,NaN,NaN,NaN,,NaN,,830.706603250001,830.710158,None,NaN,NaN,,NaN,NaN,NaN,NaN,NaN,NaN,NaN,1,kitchen,2,2024-03-18_13h09.11.124,image_similarity_rating,2023.2.3,None,2024-03-18 13h09.27.456878 +0100
,103,131,90,90,stimuli/own/kitchen/103_kit.jpg,stimuli/own/kitchen/131_kit.jpg,NaN,NaN,NaN,NaN,NaN,NaN,NaN,NaN,0,55,55,89,840.928393,NaN,NaN,NaN,NaN,NaN,NaN,NaN,,NaN,,841.213660791,841.376970125,841.376970125,841.376970125,841.376970125,841.376970125,841.376970125,841.376970125,841.376970125,841.376970125,849.655999125,-7,7,1,2,6.35395654199965,2,8.26663849999932,840.926633999999,840.928393,841.376970125,841.213650041,NaN,NaN,NaN,NaN,,NaN,,840.92313325,840.926582624999,None,NaN,NaN,,NaN,NaN,NaN,NaN,NaN,NaN,NaN,1,kitchen,2,2024-03-18_13h09.11.124,image_similarity_rating,2023.2.3,None,2024-03-18 13h09.27.456878 +0100
,101,125,20,20,stimuli/own/kitchen/101_kit.jpg,stimuli/own/kitchen/125_kit.jpg,NaN,NaN,NaN,NaN,NaN,NaN,NaN,NaN,0,56,56,19,849.661925791001,NaN,NaN,NaN,NaN,NaN,NaN,NaN,,NaN,,849.94635925,850.110894125,850.110894125,850.110894125,850.110894125,850.110894125,850.110894125,850.110894125,850.110894125,850.110894125,860.706523291001,-7,7,1,2,10.5414222910003,4,3.77271958400161,849.659826290999,849.661925791001,850.110894125,849.946348666001,NaN,NaN,NaN,NaN,,NaN,,849.656227957999,849.659778666,None,NaN,NaN,,NaN,NaN,NaN,NaN,NaN,NaN,NaN,1,kitchen,2,2024-03-18_13h09.11.124,image_similarity_rating,2023.2.3,None,2024-03-18 13h09.27.456878 +0100
,104,116,107,107,stimuli/own/kitchen/104_kit.jpg,stimuli/own/kitchen/116_kit.jpg,NaN,NaN,NaN,NaN,NaN,NaN,NaN,NaN,0,57,57,106,860.712377666001,NaN,NaN,NaN,NaN,NaN,NaN,NaN,,NaN,,860.995898916,861.15799575,861.15799575,861.15799575,861.15799575,861.15799575,861.15799575,861.15799575,861.15799575,861.15799575,869.239210666001,-7,7,1,2,4.47248450000006,3,8.0686071250002,860.710270333,860.712377666001,861.15799575,860.995887999999,NaN,NaN,NaN,NaN,,NaN,,860.706743208,860.710216833,None,NaN,NaN,,NaN,NaN,NaN,NaN,NaN,NaN,NaN,1,kitchen,2,2024-03-18_13h09.11.124,image_similarity_rating,2023.2.3,None,2024-03-18 13h09.27.456878 +0100
,105,135,154,154,stimuli/own/kitchen/105_kit.jpg,stimuli/own/kitchen/135_kit.jpg,NaN,NaN,NaN,NaN,NaN,NaN,NaN,NaN,0,58,58,153,869.244946291001,NaN,NaN,NaN,NaN,NaN,NaN,NaN,,NaN,,869.530050458001,869.692857083,869.692857083,869.692857083,869.692857083,869.692857083,869.692857083,869.692857083,869.692857083,869.692857083,878.6815615,-7,7,1,2,8.98289137499887,1,4.13721529199938,869.243025041,869.244946291001,869.692857083,869.53004,NaN,NaN,NaN,NaN,,NaN,,869.239430125001,869.242977666001,None,NaN,NaN,,NaN,NaN,NaN,NaN,NaN,NaN,NaN,1,kitchen,2,2024-03-18_13h09.11.124,image_similarity_rating,2023.2.3,None,2024-03-18 13h09.27.456878 +0100
,116,131,333,333,stimuli/own/kitchen/116_kit.jpg,stimuli/own/kitchen/131_kit.jpg,NaN,NaN,NaN,NaN,NaN,NaN,NaN,NaN,0,59,59,332,878.690499625,NaN,NaN,NaN,NaN,NaN,NaN,NaN,,NaN,,878.975983165999,879.141402958001,879.141402958001,879.141402958001,879.141402958001,879.141402958001,879.141402958001,879.141402958001,879.141402958001,879.141402958001,886.209982916,7,-7,1,2,2.99077258299985,1,6.95870429099887,878.685245582999,878.690499625,879.141402958001,878.975966708,NaN,NaN,NaN,NaN,,NaN,,878.681787333,878.685198583,None,NaN,NaN,,NaN,NaN,NaN,NaN,NaN,NaN,NaN,1,kitchen,2,2024-03-18_13h09.11.124,image_similarity_rating,2023.2.3,None,2024-03-18 13h09.27.456878 +0100
,104,131,121,615,stimuli/own/kitchen/104_kit.jpg,stimuli/own/kitchen/131_kit.jpg,NaN,NaN,NaN,NaN,NaN,NaN,NaN,NaN,0,60,60,614,886.216089166001,NaN,NaN,NaN,NaN,NaN,NaN,NaN,,NaN,,886.508558666001,886.670971375001,886.670971375001,886.670971375001,886.670971375001,886.670971375001,886.670971375001,886.670971375001,886.670971375001,886.670971375001,895.980526791,7,-7,1,2,8.68206779200045,3,2.3473523749999,886.213795875001,886.216089166001,886.670971375001,886.508547666001,NaN,NaN,NaN,NaN,,NaN,,886.210204333,886.213749750001,None,NaN,NaN,,NaN,NaN,NaN,NaN,NaN,NaN,NaN,1,kitchen,2,2024-03-18_13h09.11.124,image_similarity_rating,2023.2.3,None,2024-03-18 13h09.27.456878 +0100
,112,132,262,611,stimuli/own/kitchen/112_kit.jpg,stimuli/own/kitchen/132_kit.jpg,NaN,NaN,NaN,NaN,NaN,NaN,NaN,NaN,0,61,61,610,895.990474415999,NaN,NaN,NaN,NaN,NaN,NaN,NaN,,NaN,,896.275618125001,896.440828082999,896.440828082999,896.440828082999,896.440828082999,896.440828082999,896.440828082999,896.440828082999,896.440828082999,896.440828082999,904.960252999999,-7,7,1,3,5.91390995800066,3,8.52004966599998,895.984195749999,895.990474415999,896.440828082999,896.275605458,NaN,NaN,NaN,NaN,,NaN,,895.980746625,895.984148957999,None,NaN,NaN,,NaN,NaN,NaN,NaN,NaN,NaN,NaN,1,kitchen,2,2024-03-18_13h09.11.124,image_similarity_rating,2023.2.3,None,2024-03-18 13h09.27.456878 +0100
,121,135,436,436,stimuli/own/kitchen/121_kit.jpg,stimuli/own/kitchen/135_kit.jpg,NaN,NaN,NaN,NaN,NaN,NaN,NaN,NaN,0,62,62,435,904.965863458001,NaN,NaN,NaN,NaN,NaN,NaN,NaN,,NaN,,905.258554,905.423229665999,905.423229665999,905.423229665999,905.423229665999,905.423229665999,905.423229665999,905.423229665999,905.423229665999,905.423229665999,910.613839207999,-7,7,1,3,4.75294629100063,4,2.38416983299976,904.963937875,904.965863458001,905.423229665999,905.258539375,NaN,NaN,NaN,NaN,,NaN,,904.960473916,904.963891583,None,NaN,NaN,,NaN,NaN,NaN,NaN,NaN,NaN,NaN,1,kitchen,2,2024-03-18_13h09.11.124,image_similarity_rating,2023.2.3,None,2024-03-18 13h09.27.456878 +0100
,111,125,230,230,stimuli/own/kitchen/111_kit.jpg,stimuli/own/kitchen/125_kit.jpg,NaN,NaN,NaN,NaN,NaN,NaN,NaN,NaN,0,63,63,229,910.623913083,NaN,NaN,NaN,NaN,NaN,NaN,NaN,,NaN,,914.891424791,915.056304916001,915.056304916001,915.056304916001,915.056304916001,915.056304916001,915.056304916001,915.056304916001,915.056304916001,915.056304916001,924.731093,7,-7,2,2,9.52143925000018,2,2.90783487499903,914.59649425,914.599894999999,915.056304916001,914.891411250001,NaN,NaN,NaN,NaN,,NaN,,910.614058875,914.595099291,space,910.623913083,3.97093054200013,None,NaN,NaN,NaN,NaN,NaN,NaN,NaN,1,kitchen,2,2024-03-18_13h09.11.124,image_similarity_rating,2023.2.3,None,2024-03-18 13h09.27.456878 +0100
,112,121,252,252,stimuli/own/kitchen/112_kit.jpg,stimuli/own/kitchen/121_kit.jpg,NaN,NaN,NaN,NaN,NaN,NaN,NaN,NaN,0,64,64,251,924.740697833,NaN,NaN,NaN,NaN,NaN,NaN,NaN,,NaN,,925.025603083001,925.190117916,925.190117916,925.190117916,925.190117916,925.190117916,925.190117916,925.190117916,925.190117916,925.190117916,930.639489666,-7,7,2,2,4.00325591699948,3,5.4008557090001,924.735321833001,924.740697833,925.190117916,925.025585458001,NaN,NaN,NaN,NaN,,NaN,,924.731317375001,924.735273833001,None,NaN,NaN,,NaN,NaN,NaN,NaN,NaN,NaN,NaN,1,kitchen,2,2024-03-18_13h09.11.124,image_similarity_rating,2023.2.3,None,2024-03-18 13h09.27.456878 +0100
,109,111,190,190,stimuli/own/kitchen/109_kit.jpg,stimuli/own/kitchen/111_kit.jpg,NaN,NaN,NaN,NaN,NaN,NaN,NaN,NaN,0,65,65,189,930.645348333001,NaN,NaN,NaN,NaN,NaN,NaN,NaN,,NaN,,930.929729125,931.092679791,931.092679791,931.092679791,931.092679791,931.092679791,931.092679791,931.092679791,931.092679791,931.092679791,941.001370083,-7,7,2,1,6.26016954099941,3,7.63046583399955,930.6432805,930.645348333001,931.092679791,930.92971875,NaN,NaN,NaN,NaN,,NaN,,930.639706791,930.643233583,None,NaN,NaN,,NaN,NaN,NaN,NaN,NaN,NaN,NaN,1,kitchen,2,2024-03-18_13h09.11.124,image_similarity_rating,2023.2.3,None,2024-03-18 13h09.27.456878 +0100
,105,114,136,136,stimuli/own/kitchen/105_kit.jpg,stimuli/own/kitchen/114_kit.jpg,NaN,NaN,NaN,NaN,NaN,NaN,NaN,NaN,0,66,66,135,941.006860083,NaN,NaN,NaN,NaN,NaN,NaN,NaN,,NaN,,941.291768041001,941.455492708001,941.455492708001,941.455492708001,941.455492708001,941.455492708001,941.455492708001,941.455492708001,941.455492708001,941.455492708001,949.722684625,7,-7,2,4,7.96268787500048,5,4.02699824999945,941.005066375001,941.006860083,941.455492708001,941.291754375001,NaN,NaN,NaN,NaN,,NaN,,941.001603166,941.005019583001,None,NaN,NaN,,NaN,NaN,NaN,NaN,NaN,NaN,NaN,1,kitchen,2,2024-03-18_13h09.11.124,image_similarity_rating,2023.2.3,None,2024-03-18 13h09.27.456878 +0100
,102,117,45,45,stimuli/own/kitchen/102_kit.jpg,stimuli/own/kitchen/117_kit.jpg,NaN,NaN,NaN,NaN,NaN,NaN,NaN,NaN,0,67,67,44,949.728630457999,NaN,NaN,NaN,NaN,NaN,NaN,NaN,,NaN,,950.012259125,950.177042625,950.177042625,950.177042625,950.177042625,950.177042625,950.177042625,950.177042625,950.177042625,950.177042625,958.389221166,-7,7,2,2,5.45440245800091,2,8.00061029100107,949.726523625,949.728630457999,950.177042625,950.012243790999,NaN,NaN,NaN,NaN,,NaN,,949.722912666,949.726476791,None,NaN,NaN,,NaN,NaN,NaN,NaN,NaN,NaN,NaN,1,kitchen,2,2024-03-18_13h09.11.124,image_similarity_rating,2023.2.3,None,2024-03-18 13h09.27.456878 +0100
,113,122,278,278,stimuli/own/kitchen/113_kit.jpg,stimuli/own/kitchen/122_kit.jpg,NaN,NaN,NaN,NaN,NaN,NaN,NaN,NaN,0,68,68,277,958.394897083001,NaN,NaN,NaN,NaN,NaN,NaN,NaN,,NaN,,958.678805957999,958.842124000001,958.842124000001,958.842124000001,958.842124000001,958.842124000001,958.842124000001,958.842124000001,958.842124000001,958.842124000001,966.726838250001,-7,7,2,3,7.85619395799949,2,3.90105870800107,958.392951541,958.394897083001,958.842124000001,958.678795333,NaN,NaN,NaN,NaN,,NaN,,958.389462249999,958.392904333001,None,NaN,NaN,,NaN,NaN,NaN,NaN,NaN,NaN,NaN,1,kitchen,2,2024-03-18_13h09.11.124,image_similarity_rating,2023.2.3,None,2024-03-18 13h09.27.456878 +0100
,102,111,40,40,stimuli/own/kitchen/102_kit.jpg,stimuli/own/kitchen/111_kit.jpg,NaN,NaN,NaN,NaN,NaN,NaN,NaN,NaN,0,69,69,39,966.73260775,NaN,NaN,NaN,NaN,NaN,NaN,NaN,,NaN,,967.025912375,967.194220916001,967.194220916001,967.194220916001,967.194220916001,967.194220916001,967.194220916001,967.194220916001,967.194220916001,967.194220916001,980.729889415999,7,-7,2,1,8.2918469999986,2,13.3518822910009,966.730503625,966.73260775,967.194220916001,967.025897083,NaN,NaN,NaN,NaN,,NaN,,966.727057458,966.730456833,None,NaN,NaN,,NaN,NaN,NaN,NaN,NaN,NaN,NaN,1,kitchen,2,2024-03-18_13h09.11.124,image_similarity_rating,2023.2.3,None,2024-03-18 13h09.27.456878 +0100
,129,134,533,533,stimuli/own/kitchen/129_kit.jpg,stimuli/own/kitchen/134_kit.jpg,NaN,NaN,NaN,NaN,NaN,NaN,NaN,NaN,0,70,70,532,980.740580958,NaN,NaN,NaN,NaN,NaN,NaN,NaN,,NaN,,981.025419457999,981.188756625001,981.188756625001,981.188756625001,981.188756625001,981.188756625001,981.188756625001,981.188756625001,981.188756625001,981.188756625001,996.855682083,7,-7,2,5,9.71490633299982,3,15.4670135830002,980.733567583,980.740580958,981.188756625001,981.025406833,NaN,NaN,NaN,NaN,,NaN,,980.7301085,980.733521041,None,NaN,NaN,,NaN,NaN,NaN,NaN,NaN,NaN,NaN,1,kitchen,2,2024-03-18_13h09.11.124,image_similarity_rating,2023.2.3,None,2024-03-18 13h09.27.456878 +0100
,123,137,471,471,stimuli/own/kitchen/123_kit.jpg,stimuli/own/kitchen/137_kit.jpg,NaN,NaN,NaN,NaN,NaN,NaN,NaN,NaN,0,71,71,470,996.861611165999,NaN,NaN,NaN,NaN,NaN,NaN,NaN,,NaN,,997.145923958,997.313131708001,997.313131708001,997.313131708001,997.313131708001,997.313131708001,997.313131708001,997.313131708001,997.313131708001,997.313131708001,1011.825780708,-7,7,2,2,14.537113792001,4,6.78250270799981,996.859566290999,996.861611165999,997.313131708001,997.145908125,NaN,NaN,NaN,NaN,,NaN,,996.855935916001,996.859519375001,None,NaN,NaN,,NaN,NaN,NaN,NaN,NaN,NaN,NaN,1,kitchen,2,2024-03-18_13h09.11.124,image_similarity_rating,2023.2.3,None,2024-03-18 13h09.27.456878 +0100
,101,112,8,8,stimuli/own/kitchen/101_kit.jpg,stimuli/own/kitchen/112_kit.jpg,NaN,NaN,NaN,NaN,NaN,NaN,NaN,NaN,0,72,72,7,1011.831213833,NaN,NaN,NaN,NaN,NaN,NaN,NaN,,NaN,,1012.12474975,1012.289472,1012.289472,1012.289472,1012.289472,1012.289472,1012.289472,1012.289472,1012.289472,1012.289472,1023.076085958,-7,7,2,5,9.10788137499912,4,10.7489515000016,1011.82944675,1011.831213833,1012.289472,1012.124735666,NaN,NaN,NaN,NaN,,NaN,,1011.826003708,1011.829400583,None,NaN,NaN,,NaN,NaN,NaN,NaN,NaN,NaN,NaN,1,kitchen,2,2024-03-18_13h09.11.124,image_similarity_rating,2023.2.3,None,2024-03-18 13h09.27.456878 +0100
,102,126,54,54,stimuli/own/kitchen/102_kit.jpg,stimuli/own/kitchen/126_kit.jpg,NaN,NaN,NaN,NaN,NaN,NaN,NaN,NaN,0,73,73,53,1023.081798375,NaN,NaN,NaN,NaN,NaN,NaN,NaN,,NaN,,1023.375280666,1023.539501708,1023.539501708,1023.539501708,1023.539501708,1023.539501708,1023.539501708,1023.539501708,1023.539501708,1023.539501708,1039.777317708,-7,7,2,4,11.0639038339996,4,16.2184636660004,1023.079751541,1023.081798375,1023.539501708,1023.375262041,NaN,NaN,NaN,NaN,,NaN,,1023.076303583,1023.079704625,None,NaN,NaN,,NaN,NaN,NaN,NaN,NaN,NaN,NaN,1,kitchen,2,2024-03-18_13h09.11.124,image_similarity_rating,2023.2.3,None,2024-03-18 13h09.27.456878 +0100
,113,127,283,283,stimuli/own/kitchen/113_kit.jpg,stimuli/own/kitchen/127_kit.jpg,NaN,NaN,NaN,NaN,NaN,NaN,NaN,NaN,0,74,74,282,1039.790415833,NaN,NaN,NaN,NaN,NaN,NaN,NaN,,NaN,,1040.075045958,1040.239796333,1040.239796333,1040.239796333,1040.239796333,1040.239796333,1040.239796333,1040.239796333,1040.239796333,1040.239796333,1046.49421025,-7,7,2,3,5.89269824999974,4,1.71697879199928,1039.781066041,1039.790415833,1040.239796333,1040.075032833,NaN,NaN,NaN,NaN,,NaN,,1039.777537916,1039.781020041,None,NaN,NaN,,NaN,NaN,NaN,NaN,NaN,NaN,NaN,1,kitchen,2,2024-03-18_13h09.11.124,image_similarity_rating,2023.2.3,None,2024-03-18 13h09.27.456878 +0100
,125,141,504,504,stimuli/own/kitchen/125_kit.jpg,stimuli/own/kitchen/141_kit.jpg,NaN,NaN,NaN,NaN,NaN,NaN,NaN,NaN,0,75,75,503,1046.506490666,NaN,NaN,NaN,NaN,NaN,NaN,NaN,,NaN,,1046.791073166,1046.958677375,1046.958677375,1046.958677375,1046.958677375,1046.958677375,1046.958677375,1046.958677375,1046.958677375,1046.958677375,1053.217798625,7,-7,2,2,6.16967358300099,3,2.87951887499912,1046.498089041,1046.506490666,1046.958677375,1046.791058625,NaN,NaN,NaN,NaN,,NaN,,1046.494429291,1046.498042541,None,NaN,NaN,,NaN,NaN,NaN,NaN,NaN,NaN,NaN,1,kitchen,2,2024-03-18_13h09.11.124,image_similarity_rating,2023.2.3,None,2024-03-18 13h09.27.456878 +0100
,117,136,359,359,stimuli/own/kitchen/117_kit.jpg,stimuli/own/kitchen/136_kit.jpg,NaN,NaN,NaN,NaN,NaN,NaN,NaN,NaN,0,76,76,358,1053.239862583,NaN,NaN,NaN,NaN,NaN,NaN,NaN,,NaN,,1053.524438375,1053.6892725,1053.6892725,1053.6892725,1053.6892725,1053.6892725,1053.6892725,1053.6892725,1053.6892725,1053.6892725,1066.572779083,7,-7,2,3,8.378435042001,3,12.6329632910001,1053.2217225,1053.239862583,NaN,1053.524418541,NaN,NaN,NaN,NaN,,NaN,,1053.218017041,1053.221672625,None,NaN,NaN,,NaN,NaN,NaN,NaN,NaN,NaN,NaN,1,kitchen,2,2024-03-18_13h09.11.124,image_similarity_rating,2023.2.3,None,2024-03-18 13h09.27.456878 +0100
,106,126,176,176,stimuli/own/kitchen/106_kit.jpg,stimuli/own/kitchen/126_kit.jpg,NaN,NaN,NaN,NaN,NaN,NaN,NaN,NaN,0,77,77,175,1066.578969041,NaN,NaN,NaN,NaN,NaN,NaN,NaN,,NaN,,1066.862364333,1067.026036,1067.026036,1067.026036,1067.026036,1067.026036,1067.026036,1067.026036,1067.026036,1067.026036,1076.833939333,7,-7,2,5,7.66821966699899,1,2.08404812499975,1066.57686575,1066.578969041,1067.026036,1066.862353583,NaN,NaN,NaN,NaN,,NaN,,1066.572998833,1066.576815791,None,NaN,NaN,,NaN,NaN,NaN,NaN,NaN,NaN,NaN,1,kitchen,2,2024-03-18_13h09.11.124,image_similarity_rating,2023.2.3,None,2024-03-18 13h09.27.456878 +0100
,120,140,423,423,stimuli/own/kitchen/120_kit.jpg,stimuli/own/kitchen/140_kit.jpg,NaN,NaN,NaN,NaN,NaN,NaN,NaN,NaN,0,78,78,422,1076.839516791,NaN,NaN,NaN,NaN,NaN,NaN,NaN,,NaN,,1077.124469833,1077.292527708,1077.292527708,1077.292527708,1077.292527708,1077.292527708,1077.292527708,1077.292527708,1077.292527708,1077.292527708,1085.179980458,-7,7,2,4,7.92226987499998,3,1.75847520900061,1076.837613916,1076.839516791,1077.292527708,1077.124452833,NaN,NaN,NaN,NaN,,NaN,,1076.834159958,1076.837567333,None,NaN,NaN,,NaN,NaN,NaN,NaN,NaN,NaN,NaN,1,kitchen,2,2024-03-18_13h09.11.124,image_similarity_rating,2023.2.3,None,2024-03-18 13h09.27.456878 +0100
,130,140,549,549,stimuli/own/kitchen/130_kit.jpg,stimuli/own/kitchen/140_kit.jpg,NaN,NaN,NaN,NaN,NaN,NaN,NaN,NaN,0,79,79,548,1085.189831666,NaN,NaN,NaN,NaN,NaN,NaN,NaN,,NaN,,1085.475182333,1085.639817,1085.639817,1085.639817,1085.639817,1085.639817,1085.639817,1085.639817,1085.639817,1085.639817,1092.838345458,-7,7,2,4,4.62487679199876,4,6.82307854200008,1085.183668708,1085.189831666,1085.639817,1085.475168625,NaN,NaN,NaN,NaN,,NaN,,1085.180200291,1085.18362275,None,NaN,NaN,,NaN,NaN,NaN,NaN,NaN,NaN,NaN,1,kitchen,2,2024-03-18_13h09.11.124,image_similarity_rating,2023.2.3,None,2024-03-18 13h09.27.456878 +0100
,104,125,116,116,stimuli/own/kitchen/104_kit.jpg,stimuli/own/kitchen/125_kit.jpg,NaN,NaN,NaN,NaN,NaN,NaN,NaN,NaN,0,80,80,115,1092.843999916,NaN,NaN,NaN,NaN,NaN,NaN,NaN,,NaN,,1093.128657166,1093.292946125,1093.292946125,1093.292946125,1093.292946125,1093.292946125,1093.292946125,1093.292946125,1093.292946125,1093.292946125,1100.997732958,7,-7,2,3,5.40455275000022,3,7.58987949999937,1092.842069791,1092.843999916,1093.292946125,1093.128643208,NaN,NaN,NaN,NaN,,NaN,,1092.838565083,1092.84202275,None,NaN,NaN,,NaN,NaN,NaN,NaN,NaN,NaN,NaN,1,kitchen,2,2024-03-18_13h09.11.124,image_similarity_rating,2023.2.3,None,2024-03-18 13h09.27.456878 +0100
,125,129,493,493,stimuli/own/kitchen/125_kit.jpg,stimuli/own/kitchen/129_kit.jpg,NaN,NaN,NaN,NaN,NaN,NaN,NaN,NaN,0,81,81,492,1101.006494791,NaN,NaN,NaN,NaN,NaN,NaN,NaN,,NaN,,1101.291276583,1101.454449625,1101.454449625,1101.454449625,1101.454449625,1101.454449625,1101.454449625,1101.454449625,1101.454449625,1101.454449625,1109.167122,7,-7,2,1,5.60565604099975,2,7.70058945900018,1101.001394666,1101.006494791,1101.454449625,1101.291262416,NaN,NaN,NaN,NaN,,NaN,,1100.997951791,1101.001348291,None,NaN,NaN,,NaN,NaN,NaN,NaN,NaN,NaN,NaN,1,kitchen,2,2024-03-18_13h09.11.124,image_similarity_rating,2023.2.3,None,2024-03-18 13h09.27.456878 +0100
,102,123,51,51,stimuli/own/kitchen/102_kit.jpg,stimuli/own/kitchen/123_kit.jpg,NaN,NaN,NaN,NaN,NaN,NaN,NaN,NaN,0,82,82,50,1109.172729833,NaN,NaN,NaN,NaN,NaN,NaN,NaN,,NaN,,1109.457866625,1109.621966458,1109.621966458,1109.621966458,1109.621966458,1109.621966458,1109.621966458,1109.621966458,1109.621966458,1109.621966458,1120.518019583,-7,7,2,1,10.3844519170016,3,2.23522583299928,1109.170783125,1109.172729833,1109.621966458,1109.457853,NaN,NaN,NaN,NaN,,NaN,,1109.167341458,1109.170737166,None,NaN,NaN,,NaN,NaN,NaN,NaN,NaN,NaN,NaN,1,kitchen,2,2024-03-18_13h09.11.124,image_similarity_rating,2023.2.3,None,2024-03-18 13h09.27.456878 +0100
,104,111,103,103,stimuli/own/kitchen/104_kit.jpg,stimuli/own/kitchen/111_kit.jpg,NaN,NaN,NaN,NaN,NaN,NaN,NaN,NaN,0,83,83,102,1120.524608125,NaN,NaN,NaN,NaN,NaN,NaN,NaN,,NaN,,1120.807593791,1120.971887125,1120.971887125,1120.971887125,1120.971887125,1120.971887125,1120.971887125,1120.971887125,1120.971887125,1120.971887125,1129.079332791,-7,7,2,4,8.14390750000166,3,4.67405283300104,1120.521750458,1120.524608125,1120.971887125,1120.807583083,NaN,NaN,NaN,NaN,,NaN,,1120.518240458,1120.521704291,None,NaN,NaN,,NaN,NaN,NaN,NaN,NaN,NaN,NaN,1,kitchen,2,2024-03-18_13h09.11.124,image_similarity_rating,2023.2.3,None,2024-03-18 13h09.27.456878 +0100
,109,131,208,208,stimuli/own/kitchen/109_kit.jpg,stimuli/own/kitchen/131_kit.jpg,NaN,NaN,NaN,NaN,NaN,NaN,NaN,NaN,0,84,84,207,1129.089631333,NaN,NaN,NaN,NaN,NaN,NaN,NaN,,NaN,,1129.374416916,1129.537952166,1129.537952166,1129.537952166,1129.537952166,1129.537952166,1129.537952166,1129.537952166,1129.537952166,1129.537952166,1136.079362,-7,7,2,1,2.93409687500025,2,6.44394791599916,1129.083028583,1129.089631333,1129.537952166,1129.374405416,NaN,NaN,NaN,NaN,,NaN,,1129.079559708,1129.082982166,None,NaN,NaN,,NaN,NaN,NaN,NaN,NaN,NaN,NaN,1,kitchen,2,2024-03-18_13h09.11.124,image_similarity_rating,2023.2.3,None,2024-03-18 13h09.27.456878 +0100
,104,121,112,112,stimuli/own/kitchen/104_kit.jpg,stimuli/own/kitchen/121_kit.jpg,NaN,NaN,NaN,NaN,NaN,NaN,NaN,NaN,0,85,85,111,1136.089548291,NaN,NaN,NaN,NaN,NaN,NaN,NaN,,NaN,,1136.374443375,1136.538035333,1136.538035333,1136.538035333,1136.538035333,1136.538035333,1136.538035333,1136.538035333,1136.538035333,1136.538035333,1141.960658916,-7,7,2,3,5.43758929199976,3,2.65194783300103,1136.083064333,1136.089548291,1136.538035333,1136.374429458,NaN,NaN,NaN,NaN,,NaN,,1136.07958275,1136.083017791,None,NaN,NaN,,NaN,NaN,NaN,NaN,NaN,NaN,NaN,1,kitchen,2,2024-03-18_13h09.11.124,image_similarity_rating,2023.2.3,None,2024-03-18 13h09.27.456878 +0100
,138,141,592,592,stimuli/own/kitchen/138_kit.jpg,stimuli/own/kitchen/141_kit.jpg,NaN,NaN,NaN,NaN,NaN,NaN,NaN,NaN,0,86,86,591,1141.972843041,NaN,NaN,NaN,NaN,NaN,NaN,NaN,,NaN,,1142.258394916,1142.42351925,1142.42351925,1142.42351925,1142.42351925,1142.42351925,1142.42351925,1142.42351925,1142.42351925,1142.42351925,1154.158507875,7,-7,2,2,5.91625341700092,3,11.6747209590012,1141.964534958,1141.972843041,1142.42351925,1142.258380958,NaN,NaN,NaN,NaN,,NaN,,1141.960893041,1141.964486375,None,NaN,NaN,,NaN,NaN,NaN,NaN,NaN,NaN,NaN,1,kitchen,2,2024-03-18_13h09.11.124,image_similarity_rating,2023.2.3,None,2024-03-18 13h09.27.456878 +0100
,117,126,351,351,stimuli/own/kitchen/117_kit.jpg,stimuli/own/kitchen/126_kit.jpg,NaN,NaN,NaN,NaN,NaN,NaN,NaN,NaN,0,87,87,350,1154.163946875,NaN,NaN,NaN,NaN,NaN,NaN,NaN,,NaN,,1154.45784425,1154.624119458,1154.624119458,1154.624119458,1154.624119458,1154.624119458,1154.624119458,1154.624119458,1154.624119458,1154.624119458,1169.088557875,-7,7,2,5,14.3622666249994,5,3.98802675000115,1154.162191958,1154.163946875,1154.624119458,1154.457831458,NaN,NaN,NaN,NaN,,NaN,,1154.158729958,1154.162145166,None,NaN,NaN,,NaN,NaN,NaN,NaN,NaN,NaN,NaN,1,kitchen,2,2024-03-18_13h09.11.124,image_similarity_rating,2023.2.3,None,2024-03-18 13h09.27.456878 +0100
,122,137,455,455,stimuli/own/kitchen/122_kit.jpg,stimuli/own/kitchen/137_kit.jpg,NaN,NaN,NaN,NaN,NaN,NaN,NaN,NaN,0,88,88,454,1169.094562625,NaN,NaN,NaN,NaN,NaN,NaN,NaN,,NaN,,1169.377183833,1169.539334208,1169.539334208,1169.539334208,1169.539334208,1169.539334208,1169.539334208,1169.539334208,1169.539334208,1169.539334208,1177.134520333,7,-7,2,4,5.0259951249991,4,7.54497149999952,1169.09231525,1169.094562625,1169.539334208,1169.377173208,NaN,NaN,NaN,NaN,,NaN,,1169.088801291,1169.092268333,None,NaN,NaN,,NaN,NaN,NaN,NaN,NaN,NaN,NaN,1,kitchen,2,2024-03-18_13h09.11.124,image_similarity_rating,2023.2.3,None,2024-03-18 13h09.27.456878 +0100
,105,140,159,159,stimuli/own/kitchen/105_kit.jpg,stimuli/own/kitchen/140_kit.jpg,NaN,NaN,NaN,NaN,NaN,NaN,NaN,NaN,0,89,89,158,1177.140929333,NaN,NaN,NaN,NaN,NaN,NaN,NaN,,NaN,,1177.424687083,1177.591874791,1177.591874791,1177.591874791,1177.591874791,1177.591874791,1177.591874791,1177.591874791,1177.591874791,1177.591874791,1186.638707625,-7,7,2,4,6.88217562499995,3,9.05861083399941,1177.13818675,1177.140929333,1177.591874791,1177.424671958,NaN,NaN,NaN,NaN,,NaN,,1177.134741791,1177.138140583,None,NaN,NaN,,NaN,NaN,NaN,NaN,NaN,NaN,NaN,1,kitchen,2,2024-03-18_13h09.11.124,image_similarity_rating,2023.2.3,None,2024-03-18 13h09.27.456878 +0100
,104,131,121,121,stimuli/own/kitchen/104_kit.jpg,stimuli/own/kitchen/131_kit.jpg,NaN,NaN,NaN,NaN,NaN,NaN,NaN,NaN,0,90,90,120,1186.64482475,NaN,NaN,NaN,NaN,NaN,NaN,NaN,,NaN,,1186.928633458,1187.0927085,1187.0927085,1187.0927085,1187.0927085,1187.0927085,1187.0927085,1187.0927085,1187.0927085,1187.0927085,1194.680512083,7,-7,2,4,7.51076412500151,4,3.3471226670008,1186.642529666,1186.64482475,1187.0927085,1186.928619708,NaN,NaN,NaN,NaN,,NaN,,1186.638923666,1186.642483416,None,NaN,NaN,,NaN,NaN,NaN,NaN,NaN,NaN,NaN,1,kitchen,2,2024-03-18_13h09.11.124,image_similarity_rating,2023.2.3,None,2024-03-18 13h09.27.456878 +0100
,105,117,138,596,stimuli/own/kitchen/105_kit.jpg,stimuli/own/kitchen/117_kit.jpg,NaN,NaN,NaN,NaN,NaN,NaN,NaN,NaN,0,91,91,595,1194.689363583,NaN,NaN,NaN,NaN,NaN,NaN,NaN,,NaN,,1194.97487525,1195.140156333,1195.140156333,1195.140156333,1195.140156333,1195.140156333,1195.140156333,1195.140156333,1195.140156333,1195.140156333,1201.900374791,7,-7,2,5,2.24990658300158,5,5.98569170799965,1194.684256333,1194.689363583,1195.140156333,1194.97486225,NaN,NaN,NaN,NaN,,NaN,,1194.68073,1194.68420975,None,NaN,NaN,,NaN,NaN,NaN,NaN,NaN,NaN,NaN,1,kitchen,2,2024-03-18_13h09.11.124,image_similarity_rating,2023.2.3,None,2024-03-18 13h09.27.456878 +0100
,111,135,238,238,stimuli/own/kitchen/111_kit.jpg,stimuli/own/kitchen/135_kit.jpg,NaN,NaN,NaN,NaN,NaN,NaN,NaN,NaN,0,92,92,237,1201.905866833,NaN,NaN,NaN,NaN,NaN,NaN,NaN,,NaN,,1202.191369166,1202.356983458,1202.356983458,1202.356983458,1202.356983458,1202.356983458,1202.356983458,1202.356983458,1202.356983458,1202.356983458,1210.733879458,-7,7,2,4,7.81186845899902,4,2.92191091600034,1201.904057958,1201.905866833,1202.356983458,1202.191355708,NaN,NaN,NaN,NaN,,NaN,,1201.900600916,1201.904011875,None,NaN,NaN,,NaN,NaN,NaN,NaN,NaN,NaN,NaN,1,kitchen,2,2024-03-18_13h09.11.124,image_similarity_rating,2023.2.3,None,2024-03-18 13h09.27.456878 +0100
,103,139,97,97,stimuli/own/kitchen/103_kit.jpg,stimuli/own/kitchen/139_kit.jpg,NaN,NaN,NaN,NaN,NaN,NaN,NaN,NaN,0,93,93,96,1210.75601675,NaN,NaN,NaN,NaN,NaN,NaN,NaN,,NaN,,1211.040189708,1211.206310375,1211.206310375,1211.206310375,1211.206310375,1211.206310375,1211.206310375,1211.206310375,1211.206310375,1211.206310375,1223.58876825,7,-7,2,2,7.4052934170013,4,12.2980698329993,1210.737553958,1210.75601675,NaN,1211.040161458,NaN,NaN,NaN,NaN,,NaN,,1210.734098458,1210.737507458,None,NaN,NaN,,NaN,NaN,NaN,NaN,NaN,NaN,NaN,1,kitchen,2,2024-03-18_13h09.11.124,image_similarity_rating,2023.2.3,None,2024-03-18 13h09.27.456878 +0100
,112,139,268,268,stimuli/own/kitchen/112_kit.jpg,stimuli/own/kitchen/139_kit.jpg,NaN,NaN,NaN,NaN,NaN,NaN,NaN,NaN,0,94,94,267,1223.594654375,NaN,NaN,NaN,NaN,NaN,NaN,NaN,,NaN,,1223.8788155,1224.04125175,1224.04125175,1224.04125175,1224.04125175,1224.04125175,1224.04125175,1224.04125175,1224.04125175,1224.04125175,1228.913394125,7,-7,2,2,4.78105820900055,3,2.09318670799985,1223.592570666,1223.594654375,1224.04125175,1223.878804541,NaN,NaN,NaN,NaN,,NaN,,1223.588985,1223.592523958,None,NaN,NaN,,NaN,NaN,NaN,NaN,NaN,NaN,NaN,1,kitchen,2,2024-03-18_13h09.11.124,image_similarity_rating,2023.2.3,None,2024-03-18 13h09.27.456878 +0100
,113,139,293,293,stimuli/own/kitchen/113_kit.jpg,stimuli/own/kitchen/139_kit.jpg,NaN,NaN,NaN,NaN,NaN,NaN,NaN,NaN,0,95,95,292,1228.922847666,NaN,NaN,NaN,NaN,NaN,NaN,NaN,,NaN,,1229.208037708,1229.372988416,1229.372988416,1229.372988416,1229.372988416,1229.372988416,1229.372988416,1229.372988416,1229.372988416,1229.372988416,1239.921786166,7,-7,2,1,8.39289854200069,5,10.4313033749986,1228.917068166,1228.922847666,1229.372988416,1229.208024333,NaN,NaN,NaN,NaN,,NaN,,1228.913613333,1228.917021125,None,NaN,NaN,,NaN,NaN,NaN,NaN,NaN,NaN,NaN,1,kitchen,2,2024-03-18_13h09.11.124,image_similarity_rating,2023.2.3,None,2024-03-18 13h09.27.456878 +0100
,104,139,128,128,stimuli/own/kitchen/104_kit.jpg,stimuli/own/kitchen/139_kit.jpg,NaN,NaN,NaN,NaN,NaN,NaN,NaN,NaN,0,96,96,127,1239.927732791,NaN,NaN,NaN,NaN,NaN,NaN,NaN,,NaN,,1240.2129415,1240.378761958,1240.378761958,1240.378761958,1240.378761958,1240.378761958,1240.378761958,1240.378761958,1240.378761958,1240.378761958,1248.583890958,7,-7,2,1,8.26568208400022,5,2.47569216699958,1239.925493791,1239.927732791,1240.378761958,1240.212923583,NaN,NaN,NaN,NaN,,NaN,,1239.922007958,1239.925447583,None,NaN,NaN,,NaN,NaN,NaN,NaN,NaN,NaN,NaN,1,kitchen,2,2024-03-18_13h09.11.124,image_similarity_rating,2023.2.3,None,2024-03-18 13h09.27.456878 +0100
,109,127,205,205,stimuli/own/kitchen/109_kit.jpg,stimuli/own/kitchen/127_kit.jpg,NaN,NaN,NaN,NaN,NaN,NaN,NaN,NaN,0,97,97,204,1248.605930916,NaN,NaN,NaN,NaN,NaN,NaN,NaN,,NaN,,1248.89010025,1249.055217833,1249.055217833,1249.055217833,1249.055217833,1249.055217833,1249.055217833,1249.055217833,1249.055217833,1249.055217833,1259.221881375,7,-7,2,2,9.28651716700006,2,10.0289428750002,1248.587661541,1248.605930916,NaN,1248.890074541,NaN,NaN,NaN,NaN,,NaN,,1248.584111791,1248.587615291,None,NaN,NaN,,NaN,NaN,NaN,NaN,NaN,NaN,NaN,1,kitchen,2,2024-03-18_13h09.11.124,image_similarity_rating,2023.2.3,None,2024-03-18 13h09.27.456878 +0100
,105,141,160,160,stimuli/own/kitchen/105_kit.jpg,stimuli/own/kitchen/141_kit.jpg,NaN,NaN,NaN,NaN,NaN,NaN,NaN,NaN,0,98,98,159,1259.227682,NaN,NaN,NaN,NaN,NaN,NaN,NaN,,NaN,,1259.524394833,1259.689770333,1259.689770333,1259.689770333,1259.689770333,1259.689770333,1259.689770333,1259.689770333,1259.689770333,1259.689770333,1267.313816333,7,-7,2,5,7.40940666699862,3,2.29134549999981,1259.225597375,1259.227682,1259.689770333,1259.524380875,NaN,NaN,NaN,NaN,,NaN,,1259.222099,1259.22555125,None,NaN,NaN,,NaN,NaN,NaN,NaN,NaN,NaN,NaN,1,kitchen,2,2024-03-18_13h09.11.124,image_similarity_rating,2023.2.3,None,2024-03-18 13h09.27.456878 +0100
,118,124,370,370,stimuli/own/kitchen/118_kit.jpg,stimuli/own/kitchen/124_kit.jpg,NaN,NaN,NaN,NaN,NaN,NaN,NaN,NaN,0,99,99,369,1267.322385125,NaN,NaN,NaN,NaN,NaN,NaN,NaN,,NaN,,1267.607691041,1267.772466583,1267.772466583,1267.772466583,1267.772466583,1267.772466583,1267.772466583,1267.772466583,1267.772466583,1267.772466583,1274.029684416,7,-7,2,5,4.6809224589997,3,6.20999733399913,1267.317488875,1267.322385125,1267.772466583,1267.607677666,NaN,NaN,NaN,NaN,,NaN,,1267.314035833,1267.317442833,None,NaN,NaN,,NaN,NaN,NaN,NaN,NaN,NaN,NaN,1,kitchen,2,2024-03-18_13h09.11.124,image_similarity_rating,2023.2.3,None,2024-03-18 13h09.27.456878 +0100
,117,127,352,352,stimuli/own/kitchen/117_kit.jpg,stimuli/own/kitchen/127_kit.jpg,NaN,NaN,NaN,NaN,NaN,NaN,NaN,NaN,0,100,100,351,1274.039115791,NaN,NaN,NaN,NaN,NaN,NaN,NaN,,NaN,,1274.324380625,1274.489229125,1274.489229125,1274.489229125,1274.489229125,1274.489229125,1274.489229125,1274.489229125,1274.489229125,1274.489229125,1282.093045208,7,-7,2,4,6.27531087499847,3,7.52336212500086,1274.033500375,1274.039115791,1274.489229125,1274.32436175,NaN,NaN,NaN,NaN,,NaN,,1274.029913583,1274.033454166,None,NaN,NaN,,NaN,NaN,NaN,NaN,NaN,NaN,NaN,1,kitchen,2,2024-03-18_13h09.11.124,image_similarity_rating,2023.2.3,None,2024-03-18 13h09.27.456878 +0100
,111,117,222,222,stimuli/own/kitchen/111_kit.jpg,stimuli/own/kitchen/117_kit.jpg,NaN,NaN,NaN,NaN,NaN,NaN,NaN,NaN,0,101,101,221,1282.105749458,NaN,NaN,NaN,NaN,NaN,NaN,NaN,,NaN,,1282.389969041,1282.552597833,1282.552597833,1282.552597833,1282.552597833,1282.552597833,1282.552597833,1282.552597833,1282.552597833,1282.552597833,1287.241547958,-7,7,2,5,4.71117762500035,3,1.76110258299923,1282.097018041,1282.105749458,1282.552597833,1282.3899585,NaN,NaN,NaN,NaN,,NaN,,1282.093266625,1282.096969416,None,NaN,NaN,,NaN,NaN,NaN,NaN,NaN,NaN,NaN,1,kitchen,2,2024-03-18_13h09.11.124,image_similarity_rating,2023.2.3,None,2024-03-18 13h09.27.456878 +0100
,119,135,399,399,stimuli/own/kitchen/119_kit.jpg,stimuli/own/kitchen/135_kit.jpg,NaN,NaN,NaN,NaN,NaN,NaN,NaN,NaN,0,102,102,398,1287.247256291,NaN,NaN,NaN,NaN,NaN,NaN,NaN,,NaN,,1287.540680666,1287.704173833,1287.704173833,1287.704173833,1287.704173833,1287.704173833,1287.704173833,1287.704173833,1287.704173833,1287.704173833,1298.471133333,7,-7,2,2,9.40901904100065,3,10.1885250839987,1287.245348291,1287.247256291,1287.704173833,1287.540666916,NaN,NaN,NaN,NaN,,NaN,,1287.241765916,1287.245301375,None,NaN,NaN,,NaN,NaN,NaN,NaN,NaN,NaN,NaN,1,kitchen,2,2024-03-18_13h09.11.124,image_similarity_rating,2023.2.3,None,2024-03-18 13h09.27.456878 +0100
,112,136,265,265,stimuli/own/kitchen/112_kit.jpg,stimuli/own/kitchen/136_kit.jpg,NaN,NaN,NaN,NaN,NaN,NaN,NaN,NaN,0,103,103,264,1298.477001416,NaN,NaN,NaN,NaN,NaN,NaN,NaN,,NaN,,1298.762070208,1298.926236333,1298.926236333,1298.926236333,1298.926236333,1298.926236333,1298.926236333,1298.926236333,1298.926236333,1298.926236333,1315.166491875,-7,7,2,3,11.8007198750001,6,16.1154380419994,1298.474861541,1298.477001416,1298.926236333,1298.762056458,NaN,NaN,NaN,NaN,,NaN,,1298.471383083,1298.474815041,None,NaN,NaN,,NaN,NaN,NaN,NaN,NaN,NaN,NaN,1,kitchen,2,2024-03-18_13h09.11.124,image_similarity_rating,2023.2.3,None,2024-03-18 13h09.27.456878 +0100
,102,131,58,58,stimuli/own/kitchen/102_kit.jpg,stimuli/own/kitchen/131_kit.jpg,NaN,NaN,NaN,NaN,NaN,NaN,NaN,NaN,0,104,104,57,1315.17206325,NaN,NaN,NaN,NaN,NaN,NaN,NaN,,NaN,,1315.4576765,1315.621706666,1315.621706666,1315.621706666,1315.621706666,1315.621706666,1315.621706666,1315.621706666,1315.621706666,1315.621706666,1324.988171708,-7,7,2,5,9.37597033299971,3,1.97371266599839,1315.170165208,1315.17206325,1315.621706666,1315.457662958,NaN,NaN,NaN,NaN,,NaN,,1315.166715625,1315.170119166,None,NaN,NaN,,NaN,NaN,NaN,NaN,NaN,NaN,NaN,1,kitchen,2,2024-03-18_13h09.11.124,image_similarity_rating,2023.2.3,None,2024-03-18 13h09.27.456878 +0100
,111,120,225,225,stimuli/own/kitchen/111_kit.jpg,stimuli/own/kitchen/120_kit.jpg,NaN,NaN,NaN,NaN,NaN,NaN,NaN,NaN,0,105,105,224,1324.994154958,NaN,NaN,NaN,NaN,NaN,NaN,NaN,,NaN,,1325.278123375,1325.441085,1325.441085,1325.441085,1325.441085,1325.441085,1325.441085,1325.441085,1325.441085,1325.441085,1331.804582791,7,-7,2,3,5.03574316699996,3,6.32684191599947,1324.991886,1324.994154958,1325.441085,1325.278112583,NaN,NaN,NaN,NaN,,NaN,,1324.988390083,1324.991839708,None,NaN,NaN,,NaN,NaN,NaN,NaN,NaN,NaN,NaN,1,kitchen,2,2024-03-18_13h09.11.124,image_similarity_rating,2023.2.3,None,2024-03-18 13h09.27.456878 +0100
,121,136,437,437,stimuli/own/kitchen/121_kit.jpg,stimuli/own/kitchen/136_kit.jpg,NaN,NaN,NaN,NaN,NaN,NaN,NaN,NaN,0,106,106,436,1331.810414708,NaN,NaN,NaN,NaN,NaN,NaN,NaN,,NaN,,1332.094542666,1332.256960916,1332.256960916,1332.256960916,1332.256960916,1332.256960916,1332.256960916,1332.256960916,1332.256960916,1332.256960916,1336.496501,7,-7,2,2,4.27276408299986,2,2.68301837499894,1331.808302416,1331.810414708,1332.256960916,1332.094532,NaN,NaN,NaN,NaN,,NaN,,1331.804826916,1331.808256083,None,NaN,NaN,,NaN,NaN,NaN,NaN,NaN,NaN,NaN,1,kitchen,2,2024-03-18_13h09.11.124,image_similarity_rating,2023.2.3,None,2024-03-18 13h09.27.456878 +0100
,101,106,5,5,stimuli/own/kitchen/101_kit.jpg,stimuli/own/kitchen/106_kit.jpg,NaN,NaN,NaN,NaN,NaN,NaN,NaN,NaN,0,107,107,4,1336.505587833,NaN,NaN,NaN,NaN,NaN,NaN,NaN,,NaN,,1336.791315916,1336.955518583,1336.955518583,1336.955518583,1336.955518583,1336.955518583,1336.955518583,1336.955518583,1336.955518583,1336.955518583,1344.329058416,7,-7,2,4,4.1362265000007,4,7.39917583300121,1336.500150416,1336.505587833,1336.955518583,1336.791298541,NaN,NaN,NaN,NaN,,NaN,,1336.496717666,1336.500104041,None,NaN,NaN,,NaN,NaN,NaN,NaN,NaN,NaN,NaN,1,kitchen,2,2024-03-18_13h09.11.124,image_similarity_rating,2023.2.3,None,2024-03-18 13h09.27.456878 +0100
,120,137,420,420,stimuli/own/kitchen/120_kit.jpg,stimuli/own/kitchen/137_kit.jpg,NaN,NaN,NaN,NaN,NaN,NaN,NaN,NaN,0,108,108,419,1344.338812166,NaN,NaN,NaN,NaN,NaN,NaN,NaN,,NaN,,1344.623948458,1344.789330041,1344.789330041,1344.789330041,1344.789330041,1344.789330041,1344.789330041,1344.789330041,1344.789330041,1344.789330041,1348.884482875,-7,7,2,3,3.89854366700092,5,1.96459970900105,1344.332699083,1344.338812166,1344.789330041,1344.623934875,NaN,NaN,NaN,NaN,,NaN,,1344.329277375,1344.332652833,None,NaN,NaN,,NaN,NaN,NaN,NaN,NaN,NaN,NaN,1,kitchen,2,2024-03-18_13h09.11.124,image_similarity_rating,2023.2.3,None,2024-03-18 13h09.27.456878 +0100
,101,113,9,9,stimuli/own/kitchen/101_kit.jpg,stimuli/own/kitchen/113_kit.jpg,NaN,NaN,NaN,NaN,NaN,NaN,NaN,NaN,0,109,109,8,1348.890537791,NaN,NaN,NaN,NaN,NaN,NaN,NaN,,NaN,,1349.173704416,1349.337243833,1349.337243833,1349.337243833,1349.337243833,1349.337243833,1349.337243833,1349.337243833,1349.337243833,1349.337243833,1354.517345125,7,-7,2,2,5.20294791699962,3,2.19916916699913,1348.888174666,1348.890537791,1349.337243833,1349.173691041,NaN,NaN,NaN,NaN,,NaN,,1348.884701666,1348.888128416,None,NaN,NaN,,NaN,NaN,NaN,NaN,NaN,NaN,NaN,1,kitchen,2,2024-03-18_13h09.11.124,image_similarity_rating,2023.2.3,None,2024-03-18 13h09.27.456878 +0100
,106,140,188,188,stimuli/own/kitchen/106_kit.jpg,stimuli/own/kitchen/140_kit.jpg,NaN,NaN,NaN,NaN,NaN,NaN,NaN,NaN,0,110,110,187,1354.52366075,NaN,NaN,NaN,NaN,NaN,NaN,NaN,,NaN,,1354.80757275,1354.973088458,1354.973088458,1354.973088458,1354.973088458,1354.973088458,1354.973088458,1354.973088458,1354.973088458,1354.973088458,1361.375439333,-7,7,2,6,3.95006099999955,3,6.29844174999926,1354.521011208,1354.52366075,1354.973088458,1354.807560375,NaN,NaN,NaN,NaN,,NaN,,1354.517567333,1354.520959208,None,NaN,NaN,,NaN,NaN,NaN,NaN,NaN,NaN,NaN,1,kitchen,2,2024-03-18_13h09.11.124,image_similarity_rating,2023.2.3,None,2024-03-18 13h09.27.456878 +0100
,117,123,348,348,stimuli/own/kitchen/117_kit.jpg,stimuli/own/kitchen/123_kit.jpg,NaN,NaN,NaN,NaN,NaN,NaN,NaN,NaN,0,111,111,347,1361.388820833,NaN,NaN,NaN,NaN,NaN,NaN,NaN,,NaN,,1361.674072916,1361.839518041,1361.839518041,1361.839518041,1361.839518041,1361.839518041,1361.839518041,1361.839518041,1361.839518041,1361.839518041,1369.04991275,-7,7,2,3,4.72761941700082,4,7.19754695899974,1361.379601,1361.388820833,1361.839518041,1361.674054666,NaN,NaN,NaN,NaN,,NaN,,1361.3756795,1361.379549041,None,NaN,NaN,,NaN,NaN,NaN,NaN,NaN,NaN,NaN,1,kitchen,2,2024-03-18_13h09.11.124,image_similarity_rating,2023.2.3,None,2024-03-18 13h09.27.456878 +0100
,119,136,400,400,stimuli/own/kitchen/119_kit.jpg,stimuli/own/kitchen/136_kit.jpg,NaN,NaN,NaN,NaN,NaN,NaN,NaN,NaN,0,112,112,399,1369.055351458,NaN,NaN,NaN,NaN,NaN,NaN,NaN,,NaN,,1369.341003041,1369.506472375,1369.506472375,1369.506472375,1369.506472375,1369.506472375,1369.506472375,1369.506472375,1369.506472375,1369.506472375,1375.149873125,-7,7,2,2,5.40251187499962,3,1.84476699999868,1369.053559958,1369.055351458,1369.506472375,1369.340988833,NaN,NaN,NaN,NaN,,NaN,,1369.050129791,1369.053513625,None,NaN,NaN,,NaN,NaN,NaN,NaN,NaN,NaN,NaN,1,kitchen,2,2024-03-18_13h09.11.124,image_similarity_rating,2023.2.3,None,2024-03-18 13h09.27.456878 +0100
,104,138,127,127,stimuli/own/kitchen/104_kit.jpg,stimuli/own/kitchen/138_kit.jpg,NaN,NaN,NaN,NaN,NaN,NaN,NaN,NaN,0,113,113,126,1375.17209525,NaN,NaN,NaN,NaN,NaN,NaN,NaN,,NaN,,1375.456454958,1375.621531708,1375.621531708,1375.621531708,1375.621531708,1375.621531708,1375.621531708,1375.621531708,1375.621531708,1375.621531708,1384.512438,-7,7,2,4,3.00587412499954,4,7.49908912499995,1375.15356275,1375.17209525,NaN,1375.456437,NaN,NaN,NaN,NaN,,NaN,,1375.150100916,1375.153516458,None,NaN,NaN,,NaN,NaN,NaN,NaN,NaN,NaN,NaN,1,kitchen,2,2024-03-18_13h09.11.124,image_similarity_rating,2023.2.3,None,2024-03-18 13h09.27.456878 +0100
,123,132,467,467,stimuli/own/kitchen/123_kit.jpg,stimuli/own/kitchen/132_kit.jpg,NaN,NaN,NaN,NaN,NaN,NaN,NaN,NaN,0,114,114,466,1384.522564666,NaN,NaN,NaN,NaN,NaN,NaN,NaN,,NaN,,1384.80656275,1384.972909875,1384.972909875,1384.972909875,1384.972909875,1384.972909875,1384.972909875,1384.972909875,1384.972909875,1384.972909875,1390.729144208,-7,7,2,3,5.81899383299969,3,1.67992437500106,1384.516092,1384.522564666,1384.972909875,1384.806547541,NaN,NaN,NaN,NaN,,NaN,,1384.512658958,1384.516045083,None,NaN,NaN,,NaN,NaN,NaN,NaN,NaN,NaN,NaN,1,kitchen,2,2024-03-18_13h09.11.124,image_similarity_rating,2023.2.3,None,2024-03-18 13h09.27.456878 +0100
,112,123,254,254,stimuli/own/kitchen/112_kit.jpg,stimuli/own/kitchen/123_kit.jpg,NaN,NaN,NaN,NaN,NaN,NaN,NaN,NaN,0,115,115,253,1390.738826416,NaN,NaN,NaN,NaN,NaN,NaN,NaN,,NaN,,1391.023738416,1391.1881335,1391.1881335,1391.1881335,1391.1881335,1391.1881335,1391.1881335,1391.1881335,1391.1881335,1391.1881335,1398.962701458,7,-7,2,3,7.7444280840009,3,2.67023254099877,1390.732814958,1390.738826416,1391.1881335,1391.023725458,NaN,NaN,NaN,NaN,,NaN,,1390.729361833,1390.732768208,None,NaN,NaN,,NaN,NaN,NaN,NaN,NaN,NaN,NaN,1,kitchen,2,2024-03-18_13h09.11.124,image_similarity_rating,2023.2.3,None,2024-03-18 13h09.27.456878 +0100
,106,125,175,175,stimuli/own/kitchen/106_kit.jpg,stimuli/own/kitchen/125_kit.jpg,NaN,NaN,NaN,NaN,NaN,NaN,NaN,NaN,0,116,116,174,1398.971930083,NaN,NaN,NaN,NaN,NaN,NaN,NaN,,NaN,,1399.25669225,1399.426531583,1399.426531583,1399.426531583,1399.426531583,1399.426531583,1399.426531583,1399.426531583,1399.426531583,1399.426531583,1406.761589458,7,-7,2,1,5.88160212500043,2,2.53530304100059,1398.966503333,1398.971930083,1399.426531583,1399.256675291,NaN,NaN,NaN,NaN,,NaN,,1398.962926708,1398.966456125,None,NaN,NaN,,NaN,NaN,NaN,NaN,NaN,NaN,NaN,1,kitchen,2,2024-03-18_13h09.11.124,image_similarity_rating,2023.2.3,None,2024-03-18 13h09.27.456878 +0100
,131,134,552,552,stimuli/own/kitchen/131_kit.jpg,stimuli/own/kitchen/134_kit.jpg,NaN,NaN,NaN,NaN,NaN,NaN,NaN,NaN,0,117,117,551,1406.771889125,NaN,NaN,NaN,NaN,NaN,NaN,NaN,,NaN,,1407.056710833,1407.223568666,1407.223568666,1407.223568666,1407.223568666,1407.223568666,1407.223568666,1407.223568666,1407.223568666,1407.223568666,1418.321828208,-7,7,2,2,7.66559558399968,1,10.6913440000008,1406.765358541,1406.771889125,1407.223568666,1407.056694291,NaN,NaN,NaN,NaN,,NaN,,1406.761810416,1406.765311916,None,NaN,NaN,,NaN,NaN,NaN,NaN,NaN,NaN,NaN,1,kitchen,2,2024-03-18_13h09.11.124,image_similarity_rating,2023.2.3,None,2024-03-18 13h09.27.456878 +0100
,101,102,1,1,stimuli/own/kitchen/101_kit.jpg,stimuli/own/kitchen/102_kit.jpg,NaN,NaN,NaN,NaN,NaN,NaN,NaN,NaN,0,118,118,0,1418.328023416,NaN,NaN,NaN,NaN,NaN,NaN,NaN,,NaN,,1418.623469791,1418.789260166,1418.789260166,1418.789260166,1418.789260166,1418.789260166,1418.789260166,1418.789260166,1418.789260166,1418.789260166,1430.245148,-7,7,2,3,7.62710179100031,2,11.4179321660013,1418.325786041,1418.328023416,1418.789260166,1418.623456791,NaN,NaN,NaN,NaN,,NaN,,1418.322047708,1418.325736583,None,NaN,NaN,,NaN,NaN,NaN,NaN,NaN,NaN,NaN,1,kitchen,2,2024-03-18_13h09.11.124,image_similarity_rating,2023.2.3,None,2024-03-18 13h09.27.456878 +0100
,101,127,22,22,stimuli/own/kitchen/101_kit.jpg,stimuli/own/kitchen/127_kit.jpg,NaN,NaN,NaN,NaN,NaN,NaN,NaN,NaN,0,119,119,21,1430.255096125,NaN,NaN,NaN,NaN,NaN,NaN,NaN,,NaN,,1430.540577875,1430.705146083,1430.705146083,1430.705146083,1430.705146083,1430.705146083,1430.705146083,1430.705146083,1430.705146083,1430.705146083,1437.982598833,-7,7,2,4,3.31392462499934,4,7.19288400000005,1430.248839166,1430.255096125,1430.705146083,1430.540561,NaN,NaN,NaN,NaN,,NaN,,1430.245369875,1430.248791875,None,NaN,NaN,,NaN,NaN,NaN,NaN,NaN,NaN,NaN,1,kitchen,2,2024-03-18_13h09.11.124,image_similarity_rating,2023.2.3,None,2024-03-18 13h09.27.456878 +0100
,114,138,316,316,stimuli/own/kitchen/114_kit.jpg,stimuli/own/kitchen/138_kit.jpg,NaN,NaN,NaN,NaN,NaN,NaN,NaN,NaN,0,120,120,315,1437.988303333,NaN,NaN,NaN,NaN,NaN,NaN,NaN,,NaN,,1438.273629458,1438.437985666,1438.437985666,1438.437985666,1438.437985666,1438.437985666,1438.437985666,1438.437985666,1438.437985666,1438.437985666,1444.553873666,-7,7,2,4,6.15008387499984,4,1.675086792,1437.986407458,1437.988303333,1438.437985666,1438.273611333,NaN,NaN,NaN,NaN,,NaN,,1437.982819666,1437.986361166,None,NaN,NaN,,NaN,NaN,NaN,NaN,NaN,NaN,NaN,1,kitchen,2,2024-03-18_13h09.11.124,image_similarity_rating,2023.2.3,None,2024-03-18 13h09.27.456878 +0100
,102,120,48,48,stimuli/own/kitchen/102_kit.jpg,stimuli/own/kitchen/120_kit.jpg,NaN,NaN,NaN,NaN,NaN,NaN,NaN,NaN,0,121,121,47,1444.559510375,NaN,NaN,NaN,NaN,NaN,NaN,NaN,,NaN,,1444.844445791,1445.0083565,1445.0083565,1445.0083565,1445.0083565,1445.0083565,1445.0083565,1445.0083565,1445.0083565,1445.0083565,1451.341877083,-7,7,2,1,6.2176804160008,3,1.7915741249999,1444.557586625,1444.559510375,1445.0083565,1444.844435291,NaN,NaN,NaN,NaN,,NaN,,1444.554102541,1444.557539875,None,NaN,NaN,,NaN,NaN,NaN,NaN,NaN,NaN,NaN,1,kitchen,2,2024-03-18_13h09.11.124,image_similarity_rating,2023.2.3,None,2024-03-18 13h09.27.456878 +0100
,103,116,76,76,stimuli/own/kitchen/103_kit.jpg,stimuli/own/kitchen/116_kit.jpg,NaN,NaN,NaN,NaN,NaN,NaN,NaN,NaN,0,122,122,75,1451.347650375,NaN,NaN,NaN,NaN,NaN,NaN,NaN,,NaN,,1451.640337708,1451.803049791,1451.803049791,1451.803049791,1451.803049791,1451.803049791,1451.803049791,1451.803049791,1451.803049791,1451.803049791,1460.516179208,7,-7,2,5,8.69586983299996,3,1.96625979200144,1451.345561708,1451.347650375,1451.803049791,1451.640324208,NaN,NaN,NaN,NaN,,NaN,,1451.342098958,1451.345515166,None,NaN,NaN,,NaN,NaN,NaN,NaN,NaN,NaN,NaN,1,kitchen,2,2024-03-18_13h09.11.124,image_similarity_rating,2023.2.3,None,2024-03-18 13h09.27.456878 +0100
,119,138,402,402,stimuli/own/kitchen/119_kit.jpg,stimuli/own/kitchen/138_kit.jpg,NaN,NaN,NaN,NaN,NaN,NaN,NaN,NaN,0,123,123,401,1460.538460333,NaN,NaN,NaN,NaN,NaN,NaN,NaN,,NaN,,1460.822624958,1460.986312458,1460.986312458,1460.986312458,1460.986312458,1460.986312458,1460.986312458,1460.986312458,1460.986312458,1460.986312458,1468.698210791,-7,7,2,2,5.49580770800094,4,7.64784400000099,1460.519950875,1460.538460333,NaN,1460.822611541,NaN,NaN,NaN,NaN,,NaN,,1460.516399166,1460.519904583,None,NaN,NaN,,NaN,NaN,NaN,NaN,NaN,NaN,NaN,1,kitchen,2,2024-03-18_13h09.11.124,image_similarity_rating,2023.2.3,None,2024-03-18 13h09.27.456878 +0100
,129,138,537,537,stimuli/own/kitchen/129_kit.jpg,stimuli/own/kitchen/138_kit.jpg,NaN,NaN,NaN,NaN,NaN,NaN,NaN,NaN,0,124,124,536,1468.704731375,NaN,NaN,NaN,NaN,NaN,NaN,NaN,,NaN,,1468.98982825,1469.156880875,1469.156880875,1469.156880875,1469.156880875,1469.156880875,1469.156880875,1469.156880875,1469.156880875,1469.156880875,1478.125733666,-7,7,2,1,7.05914095800108,2,8.87663070800045,1468.702050458,1468.704731375,1469.156880875,1468.989814416,NaN,NaN,NaN,NaN,,NaN,,1468.698444291,1468.702003083,None,NaN,NaN,,NaN,NaN,NaN,NaN,NaN,NaN,NaN,1,kitchen,2,2024-03-18_13h09.11.124,image_similarity_rating,2023.2.3,None,2024-03-18 13h09.27.456878 +0100
,101,130,24,24,stimuli/own/kitchen/101_kit.jpg,stimuli/own/kitchen/130_kit.jpg,NaN,NaN,NaN,NaN,NaN,NaN,NaN,NaN,0,125,125,23,1478.138312875,NaN,NaN,NaN,NaN,NaN,NaN,NaN,,NaN,,1478.42345675,1478.5893895,1478.5893895,1478.5893895,1478.5893895,1478.5893895,1478.5893895,1478.5893895,1478.5893895,1478.5893895,1486.670491208,-7,7,2,4,4.87162258299941,4,8.0707174170002,1478.129638458,1478.138312875,1478.5893895,1478.423442875,NaN,NaN,NaN,NaN,,NaN,,1478.12596675,1478.129589083,None,NaN,NaN,,NaN,NaN,NaN,NaN,NaN,NaN,NaN,1,kitchen,2,2024-03-18_13h09.11.124,image_similarity_rating,2023.2.3,None,2024-03-18 13h09.27.456878 +0100
,102,132,59,59,stimuli/own/kitchen/102_kit.jpg,stimuli/own/kitchen/132_kit.jpg,NaN,NaN,NaN,NaN,NaN,NaN,NaN,NaN,0,126,126,58,1486.676413916,NaN,NaN,NaN,NaN,NaN,NaN,NaN,,NaN,,1491.323865916,1491.490203958,1491.490203958,1491.490203958,1491.490203958,1491.490203958,1491.490203958,1491.490203958,1491.490203958,1491.490203958,1495.908616791,7,-7,3,2,4.43678258299951,3,1.92511808400013,1491.029581458,1491.038979458,1491.490203958,1491.323850708,NaN,NaN,NaN,NaN,,NaN,,1486.670740208,1491.029214208,space,1486.676413916,4.35262670799966,None,NaN,NaN,NaN,NaN,NaN,NaN,NaN,1,kitchen,2,2024-03-18_13h09.11.124,image_similarity_rating,2023.2.3,None,2024-03-18 13h09.27.456878 +0100
,122,124,444,444,stimuli/own/kitchen/122_kit.jpg,stimuli/own/kitchen/124_kit.jpg,NaN,NaN,NaN,NaN,NaN,NaN,NaN,NaN,0,127,127,443,1495.92152925,NaN,NaN,NaN,NaN,NaN,NaN,NaN,,NaN,,1496.206410583,1496.370062333,1496.370062333,1496.370062333,1496.370062333,1496.370062333,1496.370062333,1496.370062333,1496.370062333,1496.370062333,1501.871211666,7,-7,3,4,5.33527899999899,2,2.39703237499998,1495.913013583,1495.92152925,1496.370062333,1496.20639675,NaN,NaN,NaN,NaN,,NaN,,1495.908847041,1495.912963333,None,NaN,NaN,,NaN,NaN,NaN,NaN,NaN,NaN,NaN,1,kitchen,2,2024-03-18_13h09.11.124,image_similarity_rating,2023.2.3,None,2024-03-18 13h09.27.456878 +0100
,106,136,184,184,stimuli/own/kitchen/106_kit.jpg,stimuli/own/kitchen/136_kit.jpg,NaN,NaN,NaN,NaN,NaN,NaN,NaN,NaN,0,128,128,183,1501.87705175,NaN,NaN,NaN,NaN,NaN,NaN,NaN,,NaN,,1502.160599625,1502.328513083,1502.328513083,1502.328513083,1502.328513083,1502.328513083,1502.328513083,1502.328513083,1502.328513083,1502.328513083,1513.679142916,-7,7,3,3,8.25606620799954,3,11.1996680419998,1501.874960708,1501.87705175,1502.328513083,1502.16058375,NaN,NaN,NaN,NaN,,NaN,,1501.871429041,1501.874914541,None,NaN,NaN,,NaN,NaN,NaN,NaN,NaN,NaN,NaN,1,kitchen,2,2024-03-18_13h09.11.124,image_similarity_rating,2023.2.3,None,2024-03-18 13h09.27.456878 +0100
,106,121,171,171,stimuli/own/kitchen/106_kit.jpg,stimuli/own/kitchen/121_kit.jpg,NaN,NaN,NaN,NaN,NaN,NaN,NaN,NaN,0,129,129,170,1513.688207375,NaN,NaN,NaN,NaN,NaN,NaN,NaN,,NaN,,1513.973807,1514.138719583,1514.138719583,1514.138719583,1514.138719583,1514.138719583,1514.138719583,1514.138719583,1514.138719583,1514.138719583,1520.729220625,-7,7,3,2,6.57373545900009,3,3.30617241599975,1513.682838875,1513.688207375,1514.138719583,1513.973793375,NaN,NaN,NaN,NaN,,NaN,,1513.6793605,1513.682792583,None,NaN,NaN,,NaN,NaN,NaN,NaN,NaN,NaN,NaN,1,kitchen,2,2024-03-18_13h09.11.124,image_similarity_rating,2023.2.3,None,2024-03-18 13h09.27.456878 +0100
,136,139,583,603,stimuli/own/kitchen/136_kit.jpg,stimuli/own/kitchen/139_kit.jpg,NaN,NaN,NaN,NaN,NaN,NaN,NaN,NaN,0,130,130,602,1520.738602708,NaN,NaN,NaN,NaN,NaN,NaN,NaN,,NaN,,1521.022787625,1521.1874485,1521.1874485,1521.1874485,1521.1874485,1521.1874485,1521.1874485,1521.1874485,1521.1874485,1521.1874485,1526.092496791,-7,7,3,1,2.41418054200039,3,4.74118779200035,1520.732892458,1520.738602708,1521.1874485,1521.022773041,NaN,NaN,NaN,NaN,,NaN,,1520.729438291,1520.732845625,None,NaN,NaN,,NaN,NaN,NaN,NaN,NaN,NaN,NaN,1,kitchen,2,2024-03-18_13h09.11.124,image_similarity_rating,2023.2.3,None,2024-03-18 13h09.27.456878 +0100
,105,138,157,157,stimuli/own/kitchen/105_kit.jpg,stimuli/own/kitchen/138_kit.jpg,NaN,NaN,NaN,NaN,NaN,NaN,NaN,NaN,0,131,131,156,1526.104804708,NaN,NaN,NaN,NaN,NaN,NaN,NaN,,NaN,,1526.390643708,1526.556069916,1526.556069916,1526.556069916,1526.556069916,1526.556069916,1526.556069916,1526.556069916,1526.556069916,1526.556069916,1533.495494416,7,-7,3,3,5.95226787499996,2,6.87813987499976,1526.096198208,1526.104804708,1526.556069916,1526.390629916,NaN,NaN,NaN,NaN,,NaN,,1526.09271725,1526.096152208,None,NaN,NaN,,NaN,NaN,NaN,NaN,NaN,NaN,NaN,1,kitchen,2,2024-03-18_13h09.11.124,image_similarity_rating,2023.2.3,None,2024-03-18 13h09.27.456878 +0100
,135,139,578,578,stimuli/own/kitchen/135_kit.jpg,stimuli/own/kitchen/139_kit.jpg,NaN,NaN,NaN,NaN,NaN,NaN,NaN,NaN,0,132,132,577,1533.504731458,NaN,NaN,NaN,NaN,NaN,NaN,NaN,,NaN,,1533.790420166,1533.955067,1533.955067,1533.955067,1533.955067,1533.955067,1533.955067,1533.955067,1533.955067,1533.955067,1543.249896458,7,-7,3,4,9.29164779100029,5,3.59183558400036,1533.499321958,1533.504731458,1533.955067,1533.790401375,NaN,NaN,NaN,NaN,,NaN,,1533.495721,1533.499275583,None,NaN,NaN,,NaN,NaN,NaN,NaN,NaN,NaN,NaN,1,kitchen,2,2024-03-18_13h09.11.124,image_similarity_rating,2023.2.3,None,2024-03-18 13h09.27.456878 +0100
,131,136,554,554,stimuli/own/kitchen/131_kit.jpg,stimuli/own/kitchen/136_kit.jpg,NaN,NaN,NaN,NaN,NaN,NaN,NaN,NaN,0,133,133,553,1543.256199375,NaN,NaN,NaN,NaN,NaN,NaN,NaN,,NaN,,1543.539440333,1543.701995875,1543.701995875,1543.701995875,1543.701995875,1543.701995875,1543.701995875,1543.701995875,1543.701995875,1543.701995875,1550.687475416,-7,7,3,4,4.78233033300057,2,6.88553012500051,1543.253575833,1543.256199375,1543.701995875,1543.539429666,NaN,NaN,NaN,NaN,,NaN,,1543.250119291,1543.253525083,None,NaN,NaN,,NaN,NaN,NaN,NaN,NaN,NaN,NaN,1,kitchen,2,2024-03-18_13h09.11.124,image_similarity_rating,2023.2.3,None,2024-03-18 13h09.27.456878 +0100
,122,131,450,450,stimuli/own/kitchen/122_kit.jpg,stimuli/own/kitchen/131_kit.jpg,NaN,NaN,NaN,NaN,NaN,NaN,NaN,NaN,0,134,134,449,1550.693226833,NaN,NaN,NaN,NaN,NaN,NaN,NaN,,NaN,,1550.978515083,1551.145157875,1551.145157875,1551.145157875,1551.145157875,1551.145157875,1551.145157875,1551.145157875,1551.145157875,1551.145157875,1558.199890291,-7,7,3,3,5.73051241699977,2,6.94199120900157,1550.691277041,1550.693226833,1551.145157875,1550.978502166,NaN,NaN,NaN,NaN,,NaN,,1550.687694708,1550.6912315,None,NaN,NaN,,NaN,NaN,NaN,NaN,NaN,NaN,NaN,1,kitchen,2,2024-03-18_13h09.11.124,image_similarity_rating,2023.2.3,None,2024-03-18 13h09.27.456878 +0100
,116,132,334,334,stimuli/own/kitchen/116_kit.jpg,stimuli/own/kitchen/132_kit.jpg,NaN,NaN,NaN,NaN,NaN,NaN,NaN,NaN,0,135,135,333,1558.206026208,NaN,NaN,NaN,NaN,NaN,NaN,NaN,,NaN,,1558.4895945,1558.653008125,1558.653008125,1558.653008125,1558.653008125,1558.653008125,1558.653008125,1558.653008125,1558.653008125,1558.653008125,1568.832115625,7,-7,3,1,8.73859170799915,1,2.30745933300022,1558.203674375,1558.206026208,1558.653008125,1558.489581458,NaN,NaN,NaN,NaN,,NaN,,1558.200107708,1558.203629125,None,NaN,NaN,,NaN,NaN,NaN,NaN,NaN,NaN,NaN,1,kitchen,2,2024-03-18_13h09.11.124,image_similarity_rating,2023.2.3,None,2024-03-18 13h09.27.456878 +0100
,118,129,374,374,stimuli/own/kitchen/118_kit.jpg,stimuli/own/kitchen/129_kit.jpg,NaN,NaN,NaN,NaN,NaN,NaN,NaN,NaN,0,136,136,373,1568.837781625,NaN,NaN,NaN,NaN,NaN,NaN,NaN,,NaN,,1569.122749916,1569.285687625,1569.285687625,1569.285687625,1569.285687625,1569.285687625,1569.285687625,1569.285687625,1569.285687625,1569.285687625,1589.612243666,-7,7,3,6,18.7116394580007,1,19.8021672499999,1568.835875666,1568.837781625,1569.285687625,1569.12273925,NaN,NaN,NaN,NaN,,NaN,,1568.83233525,1568.835830083,None,NaN,NaN,,NaN,NaN,NaN,NaN,NaN,NaN,NaN,1,kitchen,2,2024-03-18_13h09.11.124,image_similarity_rating,2023.2.3,None,2024-03-18 13h09.27.456878 +0100
,102,129,56,56,stimuli/own/kitchen/102_kit.jpg,stimuli/own/kitchen/129_kit.jpg,NaN,NaN,NaN,NaN,NaN,NaN,NaN,NaN,0,137,137,55,1589.621336041,NaN,NaN,NaN,NaN,NaN,NaN,NaN,,NaN,,1589.9063355,1590.071587708,1590.071587708,1590.071587708,1590.071587708,1590.071587708,1590.071587708,1590.071587708,1590.071587708,1590.071587708,1598.640793458,7,-7,3,2,8.42325862500002,2,2.28375112499998,1589.615963166,1589.621336041,1590.071587708,1589.906321583,NaN,NaN,NaN,NaN,,NaN,,1589.612469791,1589.615917291,None,NaN,NaN,,NaN,NaN,NaN,NaN,NaN,NaN,NaN,1,kitchen,2,2024-03-18_13h09.11.124,image_similarity_rating,2023.2.3,None,2024-03-18 13h09.27.456878 +0100
,114,120,300,300,stimuli/own/kitchen/114_kit.jpg,stimuli/own/kitchen/120_kit.jpg,NaN,NaN,NaN,NaN,NaN,NaN,NaN,NaN,0,138,138,299,1598.646860958,NaN,NaN,NaN,NaN,NaN,NaN,NaN,,NaN,,1598.940253958,1599.105397458,1599.105397458,1599.105397458,1599.105397458,1599.105397458,1599.105397458,1599.105397458,1599.105397458,1599.105397458,1608.537682041,7,-7,3,3,9.31638004199885,5,4.66134612499991,1598.644596583,1598.646860958,1599.105397458,1598.940240208,NaN,NaN,NaN,NaN,,NaN,,1598.641015,1598.644549291,None,NaN,NaN,,NaN,NaN,NaN,NaN,NaN,NaN,NaN,1,kitchen,2,2024-03-18_13h09.11.124,image_similarity_rating,2023.2.3,None,2024-03-18 13h09.27.456878 +0100
,111,134,237,237,stimuli/own/kitchen/111_kit.jpg,stimuli/own/kitchen/134_kit.jpg,NaN,NaN,NaN,NaN,NaN,NaN,NaN,NaN,0,139,139,236,1608.543828541,NaN,NaN,NaN,NaN,NaN,NaN,NaN,,NaN,,1608.827404625,1608.99229575,1608.99229575,1608.99229575,1608.99229575,1608.99229575,1608.99229575,1608.99229575,1608.99229575,1608.99229575,1615.978657416,-7,7,3,4,1.94044987500092,4,6.84871475,1608.541536083,1608.543828541,1608.99229575,1608.82739325,NaN,NaN,NaN,NaN,,NaN,,1608.537899666,1608.54148375,None,NaN,NaN,,NaN,NaN,NaN,NaN,NaN,NaN,NaN,1,kitchen,2,2024-03-18_13h09.11.124,image_similarity_rating,2023.2.3,None,2024-03-18 13h09.27.456878 +0100
,124,139,488,488,stimuli/own/kitchen/124_kit.jpg,stimuli/own/kitchen/139_kit.jpg,NaN,NaN,NaN,NaN,NaN,NaN,NaN,NaN,0,140,140,487,1615.987945916,NaN,NaN,NaN,NaN,NaN,NaN,NaN,,NaN,,1616.273163458,1616.438041708,1616.438041708,1616.438041708,1616.438041708,1616.438041708,1616.438041708,1616.438041708,1616.438041708,1616.438041708,1623.045157833,-7,7,3,2,2.72779854100008,2,6.5221924159996,1615.982366541,1615.987945916,1616.438041708,1616.273148625,NaN,NaN,NaN,NaN,,NaN,,1615.978876166,1615.982321125,None,NaN,NaN,,NaN,NaN,NaN,NaN,NaN,NaN,NaN,1,kitchen,2,2024-03-18_13h09.11.124,image_similarity_rating,2023.2.3,None,2024-03-18 13h09.27.456878 +0100
,118,136,380,380,stimuli/own/kitchen/118_kit.jpg,stimuli/own/kitchen/136_kit.jpg,NaN,NaN,NaN,NaN,NaN,NaN,NaN,NaN,0,141,141,379,1623.054510625,NaN,NaN,NaN,NaN,NaN,NaN,NaN,,NaN,,1623.340116041,1623.504797125,1623.504797125,1623.504797125,1623.504797125,1623.504797125,1623.504797125,1623.504797125,1623.504797125,1623.504797125,1633.899706541,-7,7,3,4,6.91324679199897,3,10.1948253330011,1623.048866958,1623.054510625,1623.504797125,1623.34009725,NaN,NaN,NaN,NaN,,NaN,,1623.0453755,1623.048820875,None,NaN,NaN,,NaN,NaN,NaN,NaN,NaN,NaN,NaN,1,kitchen,2,2024-03-18_13h09.11.124,image_similarity_rating,2023.2.3,None,2024-03-18 13h09.27.456878 +0100
,112,126,257,257,stimuli/own/kitchen/112_kit.jpg,stimuli/own/kitchen/126_kit.jpg,NaN,NaN,NaN,NaN,NaN,NaN,NaN,NaN,0,142,142,256,1633.905973,NaN,NaN,NaN,NaN,NaN,NaN,NaN,,NaN,,1634.189330041,1634.353898583,1634.353898583,1634.353898583,1634.353898583,1634.353898583,1634.353898583,1634.353898583,1634.353898583,1634.353898583,1645.903930166,7,-7,3,4,10.3898703329996,3,11.5391305829999,1633.903368708,1633.905973,1634.353898583,1634.189316541,NaN,NaN,NaN,NaN,,NaN,,1633.899923541,1633.903320708,None,NaN,NaN,,NaN,NaN,NaN,NaN,NaN,NaN,NaN,1,kitchen,2,2024-03-18_13h09.11.124,image_similarity_rating,2023.2.3,None,2024-03-18 13h09.27.456878 +0100
,103,122,82,82,stimuli/own/kitchen/103_kit.jpg,stimuli/own/kitchen/122_kit.jpg,NaN,NaN,NaN,NaN,NaN,NaN,NaN,NaN,0,143,143,81,1645.909545458,NaN,NaN,NaN,NaN,NaN,NaN,NaN,,NaN,,1646.206583041,1646.372862458,1646.372862458,1646.372862458,1646.372862458,1646.372862458,1646.372862458,1646.372862458,1646.372862458,1646.372862458,1652.486608458,-7,7,3,5,5.14371291699899,3,6.09145479100152,1645.907642083,1645.909545458,1646.372862458,1646.2065695,NaN,NaN,NaN,NaN,,NaN,,1645.904145625,1645.907595833,None,NaN,NaN,,NaN,NaN,NaN,NaN,NaN,NaN,NaN,1,kitchen,2,2024-03-18_13h09.11.124,image_similarity_rating,2023.2.3,None,2024-03-18 13h09.27.456878 +0100
,117,120,345,345,stimuli/own/kitchen/117_kit.jpg,stimuli/own/kitchen/120_kit.jpg,NaN,NaN,NaN,NaN,NaN,NaN,NaN,NaN,0,144,144,344,1652.492219458,NaN,NaN,NaN,NaN,NaN,NaN,NaN,,NaN,,1652.775466208,1652.939175541,1652.939175541,1652.939175541,1652.939175541,1652.939175541,1652.939175541,1652.939175541,1652.939175541,1652.939175541,1660.395291875,-7,7,3,2,7.46518587500032,5,3.1743540410007,1652.490321666,1652.492219458,1652.939175541,1652.775455541,NaN,NaN,NaN,NaN,,NaN,,1652.486841083,1652.49027575,None,NaN,NaN,,NaN,NaN,NaN,NaN,NaN,NaN,NaN,1,kitchen,2,2024-03-18_13h09.11.124,image_similarity_rating,2023.2.3,None,2024-03-18 13h09.27.456878 +0100
,136,141,585,585,stimuli/own/kitchen/136_kit.jpg,stimuli/own/kitchen/141_kit.jpg,NaN,NaN,NaN,NaN,NaN,NaN,NaN,NaN,0,145,145,584,1660.40438425,NaN,NaN,NaN,NaN,NaN,NaN,NaN,,NaN,,1660.689924125,1660.8549565,1660.8549565,1660.8549565,1660.8549565,1660.8549565,1660.8549565,1660.8549565,1660.8549565,1660.8549565,1669.375401166,7,-7,3,4,3.87097216700022,4,8.39282708299834,1660.399101375,1660.40438425,1660.8549565,1660.689904958,NaN,NaN,NaN,NaN,,NaN,,1660.395535875,1660.399055625,None,NaN,NaN,,NaN,NaN,NaN,NaN,NaN,NaN,NaN,1,kitchen,2,2024-03-18_13h09.11.124,image_similarity_rating,2023.2.3,None,2024-03-18 13h09.27.456878 +0100
,119,140,404,404,stimuli/own/kitchen/119_kit.jpg,stimuli/own/kitchen/140_kit.jpg,NaN,NaN,NaN,NaN,NaN,NaN,NaN,NaN,0,146,146,403,1669.387717166,NaN,NaN,NaN,NaN,NaN,NaN,NaN,,NaN,,1669.673219333,1669.83946475,1669.83946475,1669.83946475,1669.83946475,1669.83946475,1669.83946475,1669.83946475,1669.83946475,1669.83946475,1677.358599791,7,-7,3,1,7.42024416700042,2,2.15527462499995,1669.379134458,1669.387717166,1669.83946475,1669.673203083,NaN,NaN,NaN,NaN,,NaN,,1669.375618166,1669.37908825,None,NaN,NaN,,NaN,NaN,NaN,NaN,NaN,NaN,NaN,1,kitchen,2,2024-03-18_13h09.11.124,image_similarity_rating,2023.2.3,None,2024-03-18 13h09.27.456878 +0100
,113,116,272,272,stimuli/own/kitchen/113_kit.jpg,stimuli/own/kitchen/116_kit.jpg,NaN,NaN,NaN,NaN,NaN,NaN,NaN,NaN,0,147,147,271,1677.3710805,NaN,NaN,NaN,NaN,NaN,NaN,NaN,,NaN,,1677.655833916,1677.820087166,1677.820087166,1677.820087166,1677.820087166,1677.820087166,1677.820087166,1677.820087166,1677.820087166,1677.820087166,1689.207664041,-7,7,3,1,7.58062104199962,1,10.8016712090011,1677.362283,1677.3710805,1677.820087166,1677.655818583,NaN,NaN,NaN,NaN,,NaN,,1677.358817458,1677.362236875,None,NaN,NaN,,NaN,NaN,NaN,NaN,NaN,NaN,NaN,1,kitchen,2,2024-03-18_13h09.11.124,image_similarity_rating,2023.2.3,None,2024-03-18 13h09.27.456878 +0100
,112,118,249,249,stimuli/own/kitchen/112_kit.jpg,stimuli/own/kitchen/118_kit.jpg,NaN,NaN,NaN,NaN,NaN,NaN,NaN,NaN,0,148,148,248,1689.220885041,NaN,NaN,NaN,NaN,NaN,NaN,NaN,,NaN,,1689.506452041,1689.672729,1689.672729,1689.672729,1689.672729,1689.672729,1689.672729,1689.672729,1689.672729,1689.672729,1701.669588416,7,-7,3,4,10.8941568749997,1,3.50735233300111,1689.211533375,1689.220885041,1689.672729,1689.506437416,NaN,NaN,NaN,NaN,,NaN,,1689.207901416,1689.2114785,None,NaN,NaN,,NaN,NaN,NaN,NaN,NaN,NaN,NaN,1,kitchen,2,2024-03-18_13h09.11.124,image_similarity_rating,2023.2.3,None,2024-03-18 13h09.27.456878 +0100
,113,119,275,275,stimuli/own/kitchen/113_kit.jpg,stimuli/own/kitchen/119_kit.jpg,NaN,NaN,NaN,NaN,NaN,NaN,NaN,NaN,0,149,149,274,1701.675217875,NaN,NaN,NaN,NaN,NaN,NaN,NaN,,NaN,,1701.959169375,1702.12100925,1702.12100925,1702.12100925,1702.12100925,1702.12100925,1702.12100925,1702.12100925,1702.12100925,1702.12100925,1708.452773125,-7,7,3,2,3.81466754199937,2,5.65935691600134,1701.673399083,1701.675217875,1702.12100925,1701.959158333,NaN,NaN,NaN,NaN,,NaN,,1701.669808833,1701.67335225,None,NaN,NaN,,NaN,NaN,NaN,NaN,NaN,NaN,NaN,1,kitchen,2,2024-03-18_13h09.11.124,image_similarity_rating,2023.2.3,None,2024-03-18 13h09.27.456878 +0100
,103,123,83,83,stimuli/own/kitchen/103_kit.jpg,stimuli/own/kitchen/123_kit.jpg,NaN,NaN,NaN,NaN,NaN,NaN,NaN,NaN,0,150,150,82,1708.458638291,NaN,NaN,NaN,NaN,NaN,NaN,NaN,,NaN,,1708.743824875,1708.906869291,1708.906869291,1708.906869291,1708.906869291,1708.906869291,1708.906869291,1708.906869291,1708.906869291,1708.906869291,1718.444637666,-7,7,3,1,7.60406524999962,3,9.50003620799907,1708.456518708,1708.458638291,1708.906869291,1708.74381425,NaN,NaN,NaN,NaN,,NaN,,1708.452997041,1708.45647275,None,NaN,NaN,,NaN,NaN,NaN,NaN,NaN,NaN,NaN,1,kitchen,2,2024-03-18_13h09.11.124,image_similarity_rating,2023.2.3,None,2024-03-18 13h09.27.456878 +0100
,117,140,363,363,stimuli/own/kitchen/117_kit.jpg,stimuli/own/kitchen/140_kit.jpg,NaN,NaN,NaN,NaN,NaN,NaN,NaN,NaN,0,151,151,362,1718.454300791,NaN,NaN,NaN,NaN,NaN,NaN,NaN,,NaN,,1718.739640041,1718.90605925,1718.90605925,1718.90605925,1718.90605925,1718.90605925,1718.90605925,1718.90605925,1718.90605925,1718.90605925,1726.520317208,7,-7,3,4,7.61072779200003,3,2.27187200000117,1718.448304125,1718.454300791,1718.90605925,1718.739624583,NaN,NaN,NaN,NaN,,NaN,,1718.444858666,1718.448258375,None,NaN,NaN,,NaN,NaN,NaN,NaN,NaN,NaN,NaN,1,kitchen,2,2024-03-18_13h09.11.124,image_similarity_rating,2023.2.3,None,2024-03-18 13h09.27.456878 +0100
,102,141,67,67,stimuli/own/kitchen/102_kit.jpg,stimuli/own/kitchen/141_kit.jpg,NaN,NaN,NaN,NaN,NaN,NaN,NaN,NaN,0,152,152,66,1726.525945958,NaN,NaN,NaN,NaN,NaN,NaN,NaN,,NaN,,1726.809860125,1726.977090958,1726.977090958,1726.977090958,1726.977090958,1726.977090958,1726.977090958,1726.977090958,1726.977090958,1726.977090958,1732.86605125,7,-7,3,3,4.43778550000025,2,5.83145183300076,1726.524000083,1726.525945958,1726.977090958,1726.809841416,NaN,NaN,NaN,NaN,,NaN,,1726.520533416,1726.523954916,None,NaN,NaN,,NaN,NaN,NaN,NaN,NaN,NaN,NaN,1,kitchen,2,2024-03-18_13h09.11.124,image_similarity_rating,2023.2.3,None,2024-03-18 13h09.27.456878 +0100
,116,138,339,339,stimuli/own/kitchen/116_kit.jpg,stimuli/own/kitchen/138_kit.jpg,NaN,NaN,NaN,NaN,NaN,NaN,NaN,NaN,0,153,153,338,1732.872072958,NaN,NaN,NaN,NaN,NaN,NaN,NaN,,NaN,,1733.156605708,1733.322424083,1733.322424083,1733.322424083,1733.322424083,1733.322424083,1733.322424083,1733.322424083,1733.322424083,1733.322424083,1739.198479083,7,-7,3,3,5.88706637500036,1,1.91085625000051,1732.869711375,1732.872072958,1733.322424083,1733.156592625,NaN,NaN,NaN,NaN,,NaN,,1732.866266291,1732.869665458,None,NaN,NaN,,NaN,NaN,NaN,NaN,NaN,NaN,NaN,1,kitchen,2,2024-03-18_13h09.11.124,image_similarity_rating,2023.2.3,None,2024-03-18 13h09.27.456878 +0100
,112,120,251,251,stimuli/own/kitchen/112_kit.jpg,stimuli/own/kitchen/120_kit.jpg,NaN,NaN,NaN,NaN,NaN,NaN,NaN,NaN,0,154,154,250,1739.203929083,NaN,NaN,NaN,NaN,NaN,NaN,NaN,,NaN,,1739.489354833,1739.654560208,1739.654560208,1739.654560208,1739.654560208,1739.654560208,1739.654560208,1739.654560208,1739.654560208,1739.654560208,1748.053500041,-7,7,3,2,2.4412904159999,3,8.3239049169988,1739.20213025,1739.203929083,1739.654560208,1739.48933875,NaN,NaN,NaN,NaN,,NaN,,1739.198691875,1739.202084625,None,NaN,NaN,,NaN,NaN,NaN,NaN,NaN,NaN,NaN,1,kitchen,2,2024-03-18_13h09.11.124,image_similarity_rating,2023.2.3,None,2024-03-18 13h09.27.456878 +0100
,101,139,32,32,stimuli/own/kitchen/101_kit.jpg,stimuli/own/kitchen/139_kit.jpg,NaN,NaN,NaN,NaN,NaN,NaN,NaN,NaN,0,155,155,31,1748.059461625,NaN,NaN,NaN,NaN,NaN,NaN,NaN,,NaN,,1748.356142166,1748.522234916,1748.522234916,1748.522234916,1748.522234916,1748.522234916,1748.522234916,1748.522234916,1748.522234916,1748.522234916,1758.861274333,-7,7,3,3,10.4117175419997,4,2.38843641699896,1748.057189083,1748.059461625,1748.522234916,1748.356123583,NaN,NaN,NaN,NaN,,NaN,,1748.05371525,1748.057144041,None,NaN,NaN,,NaN,NaN,NaN,NaN,NaN,NaN,NaN,1,kitchen,2,2024-03-18_13h09.11.124,image_similarity_rating,2023.2.3,None,2024-03-18 13h09.27.456878 +0100
,112,132,262,608,stimuli/own/kitchen/112_kit.jpg,stimuli/own/kitchen/132_kit.jpg,NaN,NaN,NaN,NaN,NaN,NaN,NaN,NaN,0,156,156,607,1758.871090166,NaN,NaN,NaN,NaN,NaN,NaN,NaN,,NaN,,1759.156063291,1759.320937875,1759.320937875,1759.320937875,1759.320937875,1759.320937875,1759.320937875,1759.320937875,1759.320937875,1759.320937875,1766.053204708,-7,7,3,2,2.15507137500026,2,6.68305083300038,1758.864950041,1758.871090166,1759.320937875,1759.156050375,NaN,NaN,NaN,NaN,,NaN,,1758.861496333,1758.8649035,None,NaN,NaN,,NaN,NaN,NaN,NaN,NaN,NaN,NaN,1,kitchen,2,2024-03-18_13h09.11.124,image_similarity_rating,2023.2.3,None,2024-03-18 13h09.27.456878 +0100
,120,125,410,410,stimuli/own/kitchen/120_kit.jpg,stimuli/own/kitchen/125_kit.jpg,NaN,NaN,NaN,NaN,NaN,NaN,NaN,NaN,0,157,157,409,1766.058716416,NaN,NaN,NaN,NaN,NaN,NaN,NaN,,NaN,,1766.343452458,1766.507821416,1766.507821416,1766.507821416,1766.507821416,1766.507821416,1766.507821416,1766.507821416,1766.507821416,1766.507821416,1774.876766291,7,-7,3,4,8.26742454099985,6,2.44917387499845,1766.05689025,1766.058716416,1766.507821416,1766.343441541,NaN,NaN,NaN,NaN,,NaN,,1766.053419791,1766.056844375,None,NaN,NaN,,NaN,NaN,NaN,NaN,NaN,NaN,NaN,1,kitchen,2,2024-03-18_13h09.11.124,image_similarity_rating,2023.2.3,None,2024-03-18 13h09.27.456878 +0100
,119,126,392,392,stimuli/own/kitchen/119_kit.jpg,stimuli/own/kitchen/126_kit.jpg,NaN,NaN,NaN,NaN,NaN,NaN,NaN,NaN,0,158,158,391,1774.887382166,NaN,NaN,NaN,NaN,NaN,NaN,NaN,,NaN,,1775.172530208,1775.3376585,1775.3376585,1775.3376585,1775.3376585,1775.3376585,1775.3376585,1775.3376585,1775.3376585,1775.3376585,1781.911405541,7,-7,3,3,6.57053716700102,4,4.55598966700018,1774.8804105,1774.887382166,1775.3376585,1775.172517166,NaN,NaN,NaN,NaN,,NaN,,1774.876984541,1774.88036475,None,NaN,NaN,,NaN,NaN,NaN,NaN,NaN,NaN,NaN,1,kitchen,2,2024-03-18_13h09.11.124,image_similarity_rating,2023.2.3,None,2024-03-18 13h09.27.456878 +0100
,136,137,581,581,stimuli/own/kitchen/136_kit.jpg,stimuli/own/kitchen/137_kit.jpg,NaN,NaN,NaN,NaN,NaN,NaN,NaN,NaN,0,159,159,580,1781.920617583,NaN,NaN,NaN,NaN,NaN,NaN,NaN,,NaN,,1782.20559,1782.371348125,1782.371348125,1782.371348125,1782.371348125,1782.371348125,1782.371348125,1782.371348125,1782.371348125,1782.371348125,1799.202597166,-7,7,3,4,3.86102974999994,3,14.8501920419985,1781.915078916,1781.920617583,1782.371348125,1782.205577666,NaN,NaN,NaN,NaN,,NaN,,1781.911628833,1781.915033458,None,NaN,NaN,,NaN,NaN,NaN,NaN,NaN,NaN,NaN,1,kitchen,2,2024-03-18_13h09.11.124,image_similarity_rating,2023.2.3,None,2024-03-18 13h09.27.456878 +0100
,109,135,211,211,stimuli/own/kitchen/109_kit.jpg,stimuli/own/kitchen/135_kit.jpg,NaN,NaN,NaN,NaN,NaN,NaN,NaN,NaN,0,160,160,210,1799.20824575,NaN,NaN,NaN,NaN,NaN,NaN,NaN,,NaN,,1799.505278791,1799.67362525,1799.67362525,1799.67362525,1799.67362525,1799.67362525,1799.67362525,1799.67362525,1799.67362525,1799.67362525,1809.673013125,-7,7,3,3,7.62469504199908,1,2.59564583300016,1799.206313375,1799.20824575,1799.67362525,1799.505261916,NaN,NaN,NaN,NaN,,NaN,,1799.202817375,1799.206267083,None,NaN,NaN,,NaN,NaN,NaN,NaN,NaN,NaN,NaN,1,kitchen,2,2024-03-18_13h09.11.124,image_similarity_rating,2023.2.3,None,2024-03-18 13h09.27.456878 +0100
,104,136,125,125,stimuli/own/kitchen/104_kit.jpg,stimuli/own/kitchen/136_kit.jpg,NaN,NaN,NaN,NaN,NaN,NaN,NaN,NaN,0,161,161,124,1809.67872525,NaN,NaN,NaN,NaN,NaN,NaN,NaN,,NaN,,1809.971873833,1810.141993625,1810.141993625,1810.141993625,1810.141993625,1810.141993625,1810.141993625,1810.141993625,1810.141993625,1810.141993625,1815.628054375,7,-7,3,3,3.71876974999941,2,5.44903979199989,1809.676812541,1809.67872525,1810.141993625,1809.971857166,NaN,NaN,NaN,NaN,,NaN,,1809.673232458,1809.676766458,None,NaN,NaN,,NaN,NaN,NaN,NaN,NaN,NaN,NaN,1,kitchen,2,2024-03-18_13h09.11.124,image_similarity_rating,2023.2.3,None,2024-03-18 13h09.27.456878 +0100
,102,118,46,46,stimuli/own/kitchen/102_kit.jpg,stimuli/own/kitchen/118_kit.jpg,NaN,NaN,NaN,NaN,NaN,NaN,NaN,NaN,0,162,162,45,1815.637521625,NaN,NaN,NaN,NaN,NaN,NaN,NaN,,NaN,,1815.922398166,1816.090242125,1816.090242125,1816.090242125,1816.090242125,1816.090242125,1816.090242125,1816.090242125,1816.090242125,1816.090242125,1823.26922175,-7,7,3,3,7.1215842090005,1,1.89254425000036,1815.631733625,1815.637521625,1816.090242125,1815.922383208,NaN,NaN,NaN,NaN,,NaN,,1815.628272875,1815.63168775,None,NaN,NaN,,NaN,NaN,NaN,NaN,NaN,NaN,NaN,1,kitchen,2,2024-03-18_13h09.11.124,image_similarity_rating,2023.2.3,None,2024-03-18 13h09.27.456878 +0100
,124,134,483,483,stimuli/own/kitchen/124_kit.jpg,stimuli/own/kitchen/134_kit.jpg,NaN,NaN,NaN,NaN,NaN,NaN,NaN,NaN,0,163,163,482,1823.274867583,NaN,NaN,NaN,NaN,NaN,NaN,NaN,,NaN,,1823.559206333,1823.722532416,1823.722532416,1823.722532416,1823.722532416,1823.722532416,1823.722532416,1823.722532416,1823.722532416,1823.722532416,1835.031419125,-7,7,3,4,8.75514699999985,5,11.3084820000004,1823.272920291,1823.274867583,1823.722532416,1823.559192708,NaN,NaN,NaN,NaN,,NaN,,1823.269446541,1823.27287425,None,NaN,NaN,,NaN,NaN,NaN,NaN,NaN,NaN,NaN,1,kitchen,2,2024-03-18_13h09.11.124,image_similarity_rating,2023.2.3,None,2024-03-18 13h09.27.456878 +0100
,118,138,382,382,stimuli/own/kitchen/118_kit.jpg,stimuli/own/kitchen/138_kit.jpg,NaN,NaN,NaN,NaN,NaN,NaN,NaN,NaN,0,164,164,381,1835.03700025,NaN,NaN,NaN,NaN,NaN,NaN,NaN,,NaN,,1835.322564375,1835.486946375,1835.486946375,1835.486946375,1835.486946375,1835.486946375,1835.486946375,1835.486946375,1835.486946375,1835.486946375,1842.623006833,7,-7,3,4,7.19545604099949,4,2.00605095799983,1835.035154416,1835.03700025,1835.486946375,1835.322551625,NaN,NaN,NaN,NaN,,NaN,,1835.031635208,1835.03510875,None,NaN,NaN,,NaN,NaN,NaN,NaN,NaN,NaN,NaN,1,kitchen,2,2024-03-18_13h09.11.124,image_similarity_rating,2023.2.3,None,2024-03-18 13h09.27.456878 +0100
,109,132,209,209,stimuli/own/kitchen/109_kit.jpg,stimuli/own/kitchen/132_kit.jpg,NaN,NaN,NaN,NaN,NaN,NaN,NaN,NaN,0,165,165,208,1842.628747125,NaN,NaN,NaN,NaN,NaN,NaN,NaN,,NaN,,1842.921555416,1843.085263791,1843.085263791,1843.085263791,1843.085263791,1843.085263791,1843.085263791,1843.085263791,1843.085263791,1843.085263791,1848.165047458,-7,7,3,2,3.11770258300021,1,4.9929609589999,1842.626661916,1842.628747125,1843.085263791,1842.921538333,NaN,NaN,NaN,NaN,,NaN,,1842.623222875,1842.626615541,None,NaN,NaN,,NaN,NaN,NaN,NaN,NaN,NaN,NaN,1,kitchen,2,2024-03-18_13h09.11.124,image_similarity_rating,2023.2.3,None,2024-03-18 13h09.27.456878 +0100
,124,127,478,478,stimuli/own/kitchen/124_kit.jpg,stimuli/own/kitchen/127_kit.jpg,NaN,NaN,NaN,NaN,NaN,NaN,NaN,NaN,0,166,166,477,1848.187064291,NaN,NaN,NaN,NaN,NaN,NaN,NaN,,NaN,,1848.471305791,1848.636111958,1848.636111958,1848.636111958,1848.636111958,1848.636111958,1848.636111958,1848.636111958,1848.636111958,1848.636111958,1855.523401041,-7,7,3,5,6.80388370800028,5,2.30376587499995,1848.168853666,1848.187064291,NaN,1848.4712785,NaN,NaN,NaN,NaN,,NaN,,1848.165265666,1848.168797666,None,NaN,NaN,,NaN,NaN,NaN,NaN,NaN,NaN,NaN,1,kitchen,2,2024-03-18_13h09.11.124,image_similarity_rating,2023.2.3,None,2024-03-18 13h09.27.456878 +0100
,127,138,526,526,stimuli/own/kitchen/127_kit.jpg,stimuli/own/kitchen/138_kit.jpg,NaN,NaN,NaN,NaN,NaN,NaN,NaN,NaN,0,167,167,525,1855.537384125,NaN,NaN,NaN,NaN,NaN,NaN,NaN,,NaN,,1855.821739333,1855.985997833,1855.985997833,1855.985997833,1855.985997833,1855.985997833,1855.985997833,1855.985997833,1855.985997833,1855.985997833,1862.212095375,-7,7,3,4,3.84180391700102,4,6.09873720799987,1855.527266791,1855.537384125,1855.985997833,1855.821725708,NaN,NaN,NaN,NaN,,NaN,,1855.523635791,1855.527218625,None,NaN,NaN,,NaN,NaN,NaN,NaN,NaN,NaN,NaN,1,kitchen,2,2024-03-18_13h09.11.124,image_similarity_rating,2023.2.3,None,2024-03-18 13h09.27.456878 +0100
,113,125,281,281,stimuli/own/kitchen/113_kit.jpg,stimuli/own/kitchen/125_kit.jpg,NaN,NaN,NaN,NaN,NaN,NaN,NaN,NaN,0,168,168,280,1862.220484916,NaN,NaN,NaN,NaN,NaN,NaN,NaN,,NaN,,1862.5049885,1862.667468208,1862.667468208,1862.667468208,1862.667468208,1862.667468208,1862.667468208,1862.667468208,1862.667468208,1862.667468208,1872.931721125,7,-7,3,2,10.2043156669988,1,6.85566991700034,1862.215861,1862.220484916,1862.667468208,1862.504977708,NaN,NaN,NaN,NaN,,NaN,,1862.212313708,1862.215815125,None,NaN,NaN,,NaN,NaN,NaN,NaN,NaN,NaN,NaN,1,kitchen,2,2024-03-18_13h09.11.124,image_similarity_rating,2023.2.3,None,2024-03-18 13h09.27.456878 +0100
,104,131,121,612,stimuli/own/kitchen/104_kit.jpg,stimuli/own/kitchen/131_kit.jpg,NaN,NaN,NaN,NaN,NaN,NaN,NaN,NaN,0,169,169,611,1872.95402825,NaN,NaN,NaN,NaN,NaN,NaN,NaN,,NaN,,1873.238022958,1873.404938625,1873.404938625,1873.404938625,1873.404938625,1873.404938625,1873.404938625,1873.404938625,1873.404938625,1873.404938625,1883.573880958,-7,7,3,4,10.1425155839988,2,1.96338804200059,1872.935498125,1872.95402825,NaN,1873.238000958,NaN,NaN,NaN,NaN,,NaN,,1872.931945208,1872.935452041,None,NaN,NaN,,NaN,NaN,NaN,NaN,NaN,NaN,NaN,1,kitchen,2,2024-03-18_13h09.11.124,image_similarity_rating,2023.2.3,None,2024-03-18 13h09.27.456878 +0100
,125,137,500,500,stimuli/own/kitchen/125_kit.jpg,stimuli/own/kitchen/137_kit.jpg,NaN,NaN,NaN,NaN,NaN,NaN,NaN,NaN,0,170,170,499,1883.579496875,NaN,NaN,NaN,NaN,NaN,NaN,NaN,,NaN,,1883.872276208,1884.037733041,1884.037733041,1884.037733041,1884.037733041,1884.037733041,1884.037733041,1884.037733041,1884.037733041,1884.037733041,1895.714738083,7,-7,3,2,7.44710470800055,4,11.603688792,1883.57755175,1883.579496875,1884.037733041,1883.872258833,NaN,NaN,NaN,NaN,,NaN,,1883.574102791,1883.577506041,None,NaN,NaN,,NaN,NaN,NaN,NaN,NaN,NaN,NaN,1,kitchen,2,2024-03-18_13h09.11.124,image_similarity_rating,2023.2.3,None,2024-03-18 13h09.27.456878 +0100
,132,137,563,563,stimuli/own/kitchen/132_kit.jpg,stimuli/own/kitchen/137_kit.jpg,NaN,NaN,NaN,NaN,NaN,NaN,NaN,NaN,0,171,171,562,1895.737111333,NaN,NaN,NaN,NaN,NaN,NaN,NaN,,NaN,,1896.021067541,1896.184881791,1896.184881791,1896.184881791,1896.184881791,1896.184881791,1896.184881791,1896.184881791,1896.184881791,1896.184881791,1905.252899083,-7,7,3,2,9.0875594579993,3,5.63853512499918,1895.718459666,1895.737111333,NaN,1896.021051583,NaN,NaN,NaN,NaN,,NaN,,1895.714955875,1895.71841375,None,NaN,NaN,,NaN,NaN,NaN,NaN,NaN,NaN,NaN,1,kitchen,2,2024-03-18_13h09.11.124,image_similarity_rating,2023.2.3,None,2024-03-18 13h09.27.456878 +0100
,112,132,262,262,stimuli/own/kitchen/112_kit.jpg,stimuli/own/kitchen/132_kit.jpg,NaN,NaN,NaN,NaN,NaN,NaN,NaN,NaN,0,172,172,261,1905.258702166,NaN,NaN,NaN,NaN,NaN,NaN,NaN,,NaN,,1905.542395666,1905.707085333,1905.707085333,1905.707085333,1905.707085333,1905.707085333,1905.707085333,1905.707085333,1905.707085333,1905.707085333,1918.572867083,-7,7,3,3,9.22984920800081,3,12.840237417,1905.256613916,1905.258702166,1905.707085333,1905.542381958,NaN,NaN,NaN,NaN,,NaN,,1905.253116333,1905.256560708,None,NaN,NaN,,NaN,NaN,NaN,NaN,NaN,NaN,NaN,1,kitchen,2,2024-03-18_13h09.11.124,image_similarity_rating,2023.2.3,None,2024-03-18 13h09.27.456878 +0100
,112,138,267,267,stimuli/own/kitchen/112_kit.jpg,stimuli/own/kitchen/138_kit.jpg,NaN,NaN,NaN,NaN,NaN,NaN,NaN,NaN,0,173,173,266,1918.578468583,NaN,NaN,NaN,NaN,NaN,NaN,NaN,,NaN,,1918.872291125,1919.037599125,1919.037599125,1919.037599125,1919.037599125,1919.037599125,1919.037599125,1919.037599125,1919.037599125,1919.037599125,1926.826853625,7,-7,3,4,3.45281595800043,4,7.75449316699996,1918.576526333,1918.578468583,1919.037599125,1918.872274541,NaN,NaN,NaN,NaN,,NaN,,1918.573086708,1918.576480458,None,NaN,NaN,,NaN,NaN,NaN,NaN,NaN,NaN,NaN,1,kitchen,2,2024-03-18_13h09.11.124,image_similarity_rating,2023.2.3,None,2024-03-18 13h09.27.456878 +0100
,111,118,223,223,stimuli/own/kitchen/111_kit.jpg,stimuli/own/kitchen/118_kit.jpg,NaN,NaN,NaN,NaN,NaN,NaN,NaN,NaN,0,174,174,222,1926.83722425,NaN,NaN,NaN,NaN,NaN,NaN,NaN,,NaN,,1927.121630708,1927.288597125,1927.288597125,1927.288597125,1927.288597125,1927.288597125,1927.288597125,1927.288597125,1927.288597125,1927.288597125,1933.04315525,7,-7,3,5,4.26573533299961,3,5.71908262499892,1926.830511708,1926.83722425,1927.288597125,1927.12161275,NaN,NaN,NaN,NaN,,NaN,,1926.827073708,1926.830465958,None,NaN,NaN,,NaN,NaN,NaN,NaN,NaN,NaN,NaN,1,kitchen,2,2024-03-18_13h09.11.124,image_similarity_rating,2023.2.3,None,2024-03-18 13h09.27.456878 +0100
,119,134,398,398,stimuli/own/kitchen/119_kit.jpg,stimuli/own/kitchen/134_kit.jpg,NaN,NaN,NaN,NaN,NaN,NaN,NaN,NaN,0,175,175,397,1933.053457875,NaN,NaN,NaN,NaN,NaN,NaN,NaN,,NaN,,1933.338202333,1933.506512541,1933.506512541,1933.506512541,1933.506512541,1933.506512541,1933.506512541,1933.506512541,1933.506512541,1933.506512541,1937.0443475,7,-7,3,3,2.04226912500053,3,3.34972000000016,1933.0468105,1933.053457875,1933.506512541,1933.338185791,NaN,NaN,NaN,NaN,,NaN,,1933.043371583,1933.046764916,None,NaN,NaN,,NaN,NaN,NaN,NaN,NaN,NaN,NaN,1,kitchen,2,2024-03-18_13h09.11.124,image_similarity_rating,2023.2.3,None,2024-03-18 13h09.27.456878 +0100
,114,121,301,301,stimuli/own/kitchen/114_kit.jpg,stimuli/own/kitchen/121_kit.jpg,NaN,NaN,NaN,NaN,NaN,NaN,NaN,NaN,0,176,176,300,1937.053385125,NaN,NaN,NaN,NaN,NaN,NaN,NaN,,NaN,,1937.338071416,1937.503708541,1937.503708541,1937.503708541,1937.503708541,1937.503708541,1937.503708541,1937.503708541,1937.503708541,1937.503708541,1942.790344791,-7,7,3,2,3.55537491699943,1,5.19693829199969,1937.048021875,1937.053385125,1937.503708541,1937.338047125,NaN,NaN,NaN,NaN,,NaN,,1937.044580666,1937.047975875,None,NaN,NaN,,NaN,NaN,NaN,NaN,NaN,NaN,NaN,1,kitchen,2,2024-03-18_13h09.11.124,image_similarity_rating,2023.2.3,None,2024-03-18 13h09.27.456878 +0100
,129,140,539,539,stimuli/own/kitchen/129_kit.jpg,stimuli/own/kitchen/140_kit.jpg,NaN,NaN,NaN,NaN,NaN,NaN,NaN,NaN,0,177,177,538,1942.796382458,NaN,NaN,NaN,NaN,NaN,NaN,NaN,,NaN,,1943.088213958,1943.251761416,1943.251761416,1943.251761416,1943.251761416,1943.251761416,1943.251761416,1943.251761416,1943.251761416,1943.251761416,1949.865444416,-7,7,3,4,3.01498008299859,3,6.51633308400051,1942.794122541,1942.796382458,1943.251761416,1943.088200708,NaN,NaN,NaN,NaN,,NaN,,1942.790571708,1942.79407525,None,NaN,NaN,,NaN,NaN,NaN,NaN,NaN,NaN,NaN,1,kitchen,2,2024-03-18_13h09.11.124,image_similarity_rating,2023.2.3,None,2024-03-18 13h09.27.456878 +0100
,117,137,360,360,stimuli/own/kitchen/117_kit.jpg,stimuli/own/kitchen/137_kit.jpg,NaN,NaN,NaN,NaN,NaN,NaN,NaN,NaN,0,178,178,359,1949.8715665,NaN,NaN,NaN,NaN,NaN,NaN,NaN,,NaN,,1950.155688125,1950.320257541,1950.320257541,1950.320257541,1950.320257541,1950.320257541,1950.320257541,1950.320257541,1950.320257541,1950.320257541,1959.319043041,7,-7,3,3,9.00936654200086,4,4.4592122920003,1949.869243375,1949.8715665,1950.320257541,1950.155672208,NaN,NaN,NaN,NaN,,NaN,,1949.86566575,1949.869197333,None,NaN,NaN,,NaN,NaN,NaN,NaN,NaN,NaN,NaN,1,kitchen,2,2024-03-18_13h09.11.124,image_similarity_rating,2023.2.3,None,2024-03-18 13h09.27.456878 +0100
,117,138,361,361,stimuli/own/kitchen/117_kit.jpg,stimuli/own/kitchen/138_kit.jpg,NaN,NaN,NaN,NaN,NaN,NaN,NaN,NaN,0,179,179,360,1959.32453825,NaN,NaN,NaN,NaN,NaN,NaN,NaN,,NaN,,1959.609691625,1959.773923291,1959.773923291,1959.773923291,1959.773923291,1959.773923291,1959.773923291,1959.773923291,1959.773923291,1959.773923291,1963.685319291,7,-7,3,4,2.27341591600089,4,3.88720166699932,1959.3227335,1959.32453825,1959.773923291,1959.609680333,NaN,NaN,NaN,NaN,,NaN,,1959.319263458,1959.32268675,None,NaN,NaN,,NaN,NaN,NaN,NaN,NaN,NaN,NaN,1,kitchen,2,2024-03-18_13h09.11.124,image_similarity_rating,2023.2.3,None,2024-03-18 13h09.27.456878 +0100
,112,124,255,255,stimuli/own/kitchen/112_kit.jpg,stimuli/own/kitchen/124_kit.jpg,NaN,NaN,NaN,NaN,NaN,NaN,NaN,NaN,0,180,180,254,1963.691253541,NaN,NaN,NaN,NaN,NaN,NaN,NaN,,NaN,,1963.9763995,1964.140392458,1964.140392458,1964.140392458,1964.140392458,1964.140392458,1964.140392458,1964.140392458,1964.140392458,1964.140392458,1971.910542541,7,-7,3,5,4.29870270799984,4,7.09622720800144,1963.68915425,1963.691253541,1964.140392458,1963.9763875,NaN,NaN,NaN,NaN,,NaN,,1963.68554375,1963.68910825,None,NaN,NaN,,NaN,NaN,NaN,NaN,NaN,NaN,NaN,1,kitchen,2,2024-03-18_13h09.11.124,image_similarity_rating,2023.2.3,None,2024-03-18 13h09.27.456878 +0100
,104,141,130,130,stimuli/own/kitchen/104_kit.jpg,stimuli/own/kitchen/141_kit.jpg,NaN,NaN,NaN,NaN,NaN,NaN,NaN,NaN,0,181,181,129,1971.919955083,NaN,NaN,NaN,NaN,NaN,NaN,NaN,,NaN,,1972.204637291,1972.370246916,1972.370246916,1972.370246916,1972.370246916,1972.370246916,1972.370246916,1972.370246916,1972.370246916,1972.370246916,1979.439516416,7,-7,3,4,4.89991204199941,3,7.0555746250011,1971.914259125,1971.919955083,1972.370246916,1972.204614458,NaN,NaN,NaN,NaN,,NaN,,1971.910769916,1971.914206541,None,NaN,NaN,,NaN,NaN,NaN,NaN,NaN,NaN,NaN,1,kitchen,2,2024-03-18_13h09.11.124,image_similarity_rating,2023.2.3,None,2024-03-18 13h09.27.456878 +0100
,137,141,589,589,stimuli/own/kitchen/137_kit.jpg,stimuli/own/kitchen/141_kit.jpg,NaN,NaN,NaN,NaN,NaN,NaN,NaN,NaN,0,182,182,588,1979.44510475,NaN,NaN,NaN,NaN,NaN,NaN,NaN,,NaN,,1979.738813333,1979.90369375,1979.90369375,1979.90369375,1979.90369375,1979.90369375,1979.90369375,1979.90369375,1979.90369375,1979.90369375,1986.123650083,7,-7,3,3,6.22372604200064,3,2.46912120799971,1979.443164125,1979.44510475,1979.90369375,1979.738799,NaN,NaN,NaN,NaN,,NaN,,1979.439732833,1979.443118541,None,NaN,NaN,,NaN,NaN,NaN,NaN,NaN,NaN,NaN,1,kitchen,2,2024-03-18_13h09.11.124,image_similarity_rating,2023.2.3,None,2024-03-18 13h09.27.456878 +0100
,105,131,151,151,stimuli/own/kitchen/105_kit.jpg,stimuli/own/kitchen/131_kit.jpg,NaN,NaN,NaN,NaN,NaN,NaN,NaN,NaN,0,183,183,150,1986.136512166,NaN,NaN,NaN,NaN,NaN,NaN,NaN,,NaN,,1986.422071666,1986.587294291,1986.587294291,1986.587294291,1986.587294291,1986.587294291,1986.587294291,1986.587294291,1986.587294291,1986.587294291,1999.509805541,7,-7,3,2,11.799288958,2,12.8358119159984,1986.127528583,1986.136512166,1986.587294291,1986.422053166,NaN,NaN,NaN,NaN,,NaN,,1986.123879,1986.127480291,None,NaN,NaN,,NaN,NaN,NaN,NaN,NaN,NaN,NaN,1,kitchen,2,2024-03-18_13h09.11.124,image_similarity_rating,2023.2.3,None,2024-03-18 13h09.27.456878 +0100
,124,140,489,489,stimuli/own/kitchen/124_kit.jpg,stimuli/own/kitchen/140_kit.jpg,NaN,NaN,NaN,NaN,NaN,NaN,NaN,NaN,0,184,184,488,1999.520288458,NaN,NaN,NaN,NaN,NaN,NaN,NaN,,NaN,,1999.80461875,1999.969123875,1999.969123875,1999.969123875,1999.969123875,1999.969123875,1999.969123875,1999.969123875,1999.969123875,1999.969123875,2007.418863083,7,-7,3,4,7.51933233399905,4,4.94514991700089,1999.513591166,1999.520288458,1999.969123875,1999.804601333,NaN,NaN,NaN,NaN,,NaN,,1999.510020583,1999.513545291,None,NaN,NaN,,NaN,NaN,NaN,NaN,NaN,NaN,NaN,1,kitchen,2,2024-03-18_13h09.11.124,image_similarity_rating,2023.2.3,None,2024-03-18 13h09.27.456878 +0100
,101,118,13,13,stimuli/own/kitchen/101_kit.jpg,stimuli/own/kitchen/118_kit.jpg,NaN,NaN,NaN,NaN,NaN,NaN,NaN,NaN,0,185,185,12,2007.424529625,NaN,NaN,NaN,NaN,NaN,NaN,NaN,,NaN,,2007.710501333,2007.876228,2007.876228,2007.876228,2007.876228,2007.876228,2007.876228,2007.876228,2007.876228,2007.876228,2019.526936708,-7,7,3,5,10.1578647080005,3,11.5630272910003,2007.422570625,2007.424529625,2007.876228,2007.710482833,NaN,NaN,NaN,NaN,,NaN,,2007.419100916,2007.42252475,None,NaN,NaN,,NaN,NaN,NaN,NaN,NaN,NaN,NaN,1,kitchen,2,2024-03-18_13h09.11.124,image_similarity_rating,2023.2.3,None,2024-03-18 13h09.27.456878 +0100
,106,118,168,168,stimuli/own/kitchen/106_kit.jpg,stimuli/own/kitchen/118_kit.jpg,NaN,NaN,NaN,NaN,NaN,NaN,NaN,NaN,0,186,186,167,2019.536443291,NaN,NaN,NaN,NaN,NaN,NaN,NaN,,NaN,,2019.821256041,2019.984333666,2019.984333666,2019.984333666,2019.984333666,2019.984333666,2019.984333666,2019.984333666,2019.984333666,2019.984333666,2032.476741958,-7,7,3,2,10.1094468749998,1,11.9949801250004,2019.530655541,2019.536443291,2019.984333666,2019.821242375,NaN,NaN,NaN,NaN,,NaN,,2019.527161458,2019.530609041,None,NaN,NaN,,NaN,NaN,NaN,NaN,NaN,NaN,NaN,1,kitchen,2,2024-03-18_13h09.11.124,image_similarity_rating,2023.2.3,None,2024-03-18 13h09.27.456878 +0100
,139,140,593,593,stimuli/own/kitchen/139_kit.jpg,stimuli/own/kitchen/140_kit.jpg,NaN,NaN,NaN,NaN,NaN,NaN,NaN,NaN,0,187,187,592,2032.486401583,NaN,NaN,NaN,NaN,NaN,NaN,NaN,,NaN,,2032.772061125,2032.936043041,2032.936043041,2032.936043041,2032.936043041,2032.936043041,2032.936043041,2032.936043041,2032.936043041,2032.936043041,2040.980556375,7,-7,3,1,6.9402640419994,3,2.04279437500008,2032.48047725,2032.486401583,2032.936043041,2032.772048291,NaN,NaN,NaN,NaN,,NaN,,2032.47696825,2032.480430541,None,NaN,NaN,,NaN,NaN,NaN,NaN,NaN,NaN,NaN,1,kitchen,2,2024-03-18_13h09.11.124,image_similarity_rating,2023.2.3,None,2024-03-18 13h09.27.456878 +0100
,114,137,315,315,stimuli/own/kitchen/114_kit.jpg,stimuli/own/kitchen/137_kit.jpg,NaN,NaN,NaN,NaN,NaN,NaN,NaN,NaN,0,188,188,314,2040.986123666,NaN,NaN,NaN,NaN,NaN,NaN,NaN,,NaN,,2041.271410083,2041.435547291,2041.435547291,2041.435547291,2041.435547291,2041.435547291,2041.435547291,2041.435547291,2041.435547291,2041.435547291,2050.814381708,7,-7,3,2,9.36500395900111,4,2.54822649999915,2040.984225625,2040.986123666,2041.435547291,2041.271397083,NaN,NaN,NaN,NaN,,NaN,,2040.980777458,2040.984179833,None,NaN,NaN,,NaN,NaN,NaN,NaN,NaN,NaN,NaN,1,kitchen,2,2024-03-18_13h09.11.124,image_similarity_rating,2023.2.3,None,2024-03-18 13h09.27.456878 +0100
,121,139,440,440,stimuli/own/kitchen/121_kit.jpg,stimuli/own/kitchen/139_kit.jpg,NaN,NaN,NaN,NaN,NaN,NaN,NaN,NaN,0,189,189,439,2050.836550875,NaN,NaN,NaN,NaN,NaN,NaN,NaN,,NaN,,2052.537622166,2052.711918458,2052.711918458,2052.711918458,2052.711918458,2052.711918458,2052.711918458,2052.711918458,2052.711918458,2052.711918458,2059.259359333,-7,7,4,2,6.57767070899899,5,2.59601695799938,2052.240535166,2052.244317375,2052.711918458,2052.537606916,NaN,NaN,NaN,NaN,,NaN,,2050.814599833,2052.239937833,space,2050.836550875,1.4031715000001,None,NaN,NaN,NaN,NaN,NaN,NaN,NaN,1,kitchen,2,2024-03-18_13h09.11.124,image_similarity_rating,2023.2.3,None,2024-03-18 13h09.27.456878 +0100
,103,111,72,72,stimuli/own/kitchen/103_kit.jpg,stimuli/own/kitchen/111_kit.jpg,NaN,NaN,NaN,NaN,NaN,NaN,NaN,NaN,0,190,190,71,2059.269643166,NaN,NaN,NaN,NaN,NaN,NaN,NaN,,NaN,,2059.55461475,2059.718209458,2059.718209458,2059.718209458,2059.718209458,2059.718209458,2059.718209458,2059.718209458,2059.718209458,2059.718209458,2079.701571166,7,-7,4,5,15.8117157090001,4,19.0585887500001,2059.263562041,2059.269643166,2059.718209458,2059.554601083,NaN,NaN,NaN,NaN,,NaN,,2059.25958,2059.263514958,None,NaN,NaN,,NaN,NaN,NaN,NaN,NaN,NaN,NaN,1,kitchen,2,2024-03-18_13h09.11.124,image_similarity_rating,2023.2.3,None,2024-03-18 13h09.27.456878 +0100
,105,119,140,140,stimuli/own/kitchen/105_kit.jpg,stimuli/own/kitchen/119_kit.jpg,NaN,NaN,NaN,NaN,NaN,NaN,NaN,NaN,0,191,191,139,2079.707403625,NaN,NaN,NaN,NaN,NaN,NaN,NaN,,NaN,,2079.992280291,2080.156754958,2080.156754958,2080.156754958,2080.156754958,2080.156754958,2080.156754958,2080.156754958,2080.156754958,2080.156754958,2089.922490958,-7,7,4,4,6.73226620800051,4,9.69408658300017,2079.705311166,2079.707403625,2080.156754958,2079.99226975,NaN,NaN,NaN,NaN,,NaN,,2079.701793041,2079.705264875,None,NaN,NaN,,NaN,NaN,NaN,NaN,NaN,NaN,NaN,1,kitchen,2,2024-03-18_13h09.11.124,image_similarity_rating,2023.2.3,None,2024-03-18 13h09.27.456878 +0100
,101,117,12,12,stimuli/own/kitchen/101_kit.jpg,stimuli/own/kitchen/117_kit.jpg,NaN,NaN,NaN,NaN,NaN,NaN,NaN,NaN,0,192,192,11,2089.936194291,NaN,NaN,NaN,NaN,NaN,NaN,NaN,,NaN,,2090.2211015,2090.384493,2090.384493,2090.384493,2090.384493,2090.384493,2090.384493,2090.384493,2090.384493,2090.384493,2097.172784041,7,-7,4,4,3.77872991699951,4,6.57353191599941,2089.926376166,2089.936194291,2090.384493,2090.221087458,NaN,NaN,NaN,NaN,,NaN,,2089.922727583,2089.926328333,None,NaN,NaN,,NaN,NaN,NaN,NaN,NaN,NaN,NaN,1,kitchen,2,2024-03-18_13h09.11.124,image_similarity_rating,2023.2.3,None,2024-03-18 13h09.27.456878 +0100
,135,138,577,577,stimuli/own/kitchen/135_kit.jpg,stimuli/own/kitchen/138_kit.jpg,NaN,NaN,NaN,NaN,NaN,NaN,NaN,NaN,0,193,193,576,2097.186128875,NaN,NaN,NaN,NaN,NaN,NaN,NaN,,NaN,,2097.471315875,2097.635305208,2097.635305208,2097.635305208,2097.635305208,2097.635305208,2097.635305208,2097.635305208,2097.635305208,2097.635305208,2107.609318041,7,-7,4,4,9.76974212499954,2,3.47883833299966,2097.17666325,2097.186128875,2097.635305208,2097.471303125,NaN,NaN,NaN,NaN,,NaN,,2097.173010541,2097.176611916,None,NaN,NaN,,NaN,NaN,NaN,NaN,NaN,NaN,NaN,1,kitchen,2,2024-03-18_13h09.11.124,image_similarity_rating,2023.2.3,None,2024-03-18 13h09.27.456878 +0100
,103,106,70,70,stimuli/own/kitchen/103_kit.jpg,stimuli/own/kitchen/106_kit.jpg,NaN,NaN,NaN,NaN,NaN,NaN,NaN,NaN,0,194,194,69,2107.619652291,NaN,NaN,NaN,NaN,NaN,NaN,NaN,,NaN,,2107.9042185,2108.068600125,2108.068600125,2108.068600125,2108.068600125,2108.068600125,2108.068600125,2108.068600125,2108.068600125,2108.068600125,2112.822273583,7,-7,4,3,4.71286666699962,4,2.30245770900001,2107.612975,2107.619652291,2108.068600125,2107.904205166,NaN,NaN,NaN,NaN,,NaN,,2107.609534916,2107.6129295,None,NaN,NaN,,NaN,NaN,NaN,NaN,NaN,NaN,NaN,1,kitchen,2,2024-03-18_13h09.11.124,image_similarity_rating,2023.2.3,None,2024-03-18 13h09.27.456878 +0100
,112,141,270,270,stimuli/own/kitchen/112_kit.jpg,stimuli/own/kitchen/141_kit.jpg,NaN,NaN,NaN,NaN,NaN,NaN,NaN,NaN,0,195,195,269,2112.828057208,NaN,NaN,NaN,NaN,NaN,NaN,NaN,,NaN,,2113.121421125,2113.285639541,2113.285639541,2113.285639541,2113.285639541,2113.285639541,2113.285639541,2113.285639541,2113.285639541,2113.285639541,2119.526529791,-7,7,4,3,4.10529575000146,3,6.20317854099994,2112.826010416,2112.828057208,2113.285639541,2113.121403166,NaN,NaN,NaN,NaN,,NaN,,2112.822489958,2112.825964666,None,NaN,NaN,,NaN,NaN,NaN,NaN,NaN,NaN,NaN,1,kitchen,2,2024-03-18_13h09.11.124,image_similarity_rating,2023.2.3,None,2024-03-18 13h09.27.456878 +0100
,116,127,330,330,stimuli/own/kitchen/116_kit.jpg,stimuli/own/kitchen/127_kit.jpg,NaN,NaN,NaN,NaN,NaN,NaN,NaN,NaN,0,196,196,329,2119.536138125,NaN,NaN,NaN,NaN,NaN,NaN,NaN,,NaN,,2119.821421208,2119.98735325,2119.98735325,2119.98735325,2119.98735325,2119.98735325,2119.98735325,2119.98735325,2119.98735325,2119.98735325,2126.042416375,-7,7,4,4,5.30444299999908,2,2.56385262499862,2119.530205875,2119.536138125,2119.98735325,2119.821406791,NaN,NaN,NaN,NaN,,NaN,,2119.526754,2119.530160125,None,NaN,NaN,,NaN,NaN,NaN,NaN,NaN,NaN,NaN,1,kitchen,2,2024-03-18_13h09.11.124,image_similarity_rating,2023.2.3,None,2024-03-18 13h09.27.456878 +0100
,127,129,518,518,stimuli/own/kitchen/127_kit.jpg,stimuli/own/kitchen/129_kit.jpg,NaN,NaN,NaN,NaN,NaN,NaN,NaN,NaN,0,197,197,517,2126.052735875,NaN,NaN,NaN,NaN,NaN,NaN,NaN,,NaN,,2126.337266208,2126.502620458,2126.502620458,2126.502620458,2126.502620458,2126.502620458,2126.502620458,2126.502620458,2126.502620458,2126.502620458,2135.068528,-7,7,4,5,8.50659512499988,2,4.29212150000058,2126.046162833,2126.052735875,2126.502620458,2126.3372475,NaN,NaN,NaN,NaN,,NaN,,2126.042637458,2126.046117166,None,NaN,NaN,,NaN,NaN,NaN,NaN,NaN,NaN,NaN,1,kitchen,2,2024-03-18_13h09.11.124,image_similarity_rating,2023.2.3,None,2024-03-18 13h09.27.456878 +0100
,105,134,153,153,stimuli/own/kitchen/105_kit.jpg,stimuli/own/kitchen/134_kit.jpg,NaN,NaN,NaN,NaN,NaN,NaN,NaN,NaN,0,198,198,152,2135.074143583,NaN,NaN,NaN,NaN,NaN,NaN,NaN,,NaN,,2135.358304416,2135.527514041,2135.527514041,2135.527514041,2135.527514041,2135.527514041,2135.527514041,2135.527514041,2135.527514041,2135.527514041,2142.321677,7,-7,4,5,5.70519620800042,4,6.73516054199899,2135.072215208,2135.074143583,2135.527514041,2135.358289708,NaN,NaN,NaN,NaN,,NaN,,2135.068744,2135.072169375,None,NaN,NaN,,NaN,NaN,NaN,NaN,NaN,NaN,NaN,1,kitchen,2,2024-03-18_13h09.11.124,image_similarity_rating,2023.2.3,None,2024-03-18 13h09.27.456878 +0100
,116,140,341,341,stimuli/own/kitchen/116_kit.jpg,stimuli/own/kitchen/140_kit.jpg,NaN,NaN,NaN,NaN,NaN,NaN,NaN,NaN,0,199,199,340,2142.327312833,NaN,NaN,NaN,NaN,NaN,NaN,NaN,,NaN,,2142.620602916,2142.784111416,2142.784111416,2142.784111416,2142.784111416,2142.784111416,2142.784111416,2142.784111416,2142.784111416,2142.784111416,2152.53033875,-7,7,4,3,9.78204950000145,2,4.7036100410005,2142.325327375,2142.327312833,2142.784111416,2142.620590791,NaN,NaN,NaN,NaN,,NaN,,2142.321891708,2142.325282125,None,NaN,NaN,,NaN,NaN,NaN,NaN,NaN,NaN,NaN,1,kitchen,2,2024-03-18_13h09.11.124,image_similarity_rating,2023.2.3,None,2024-03-18 13h09.27.456878 +0100
,119,124,390,390,stimuli/own/kitchen/119_kit.jpg,stimuli/own/kitchen/124_kit.jpg,NaN,NaN,NaN,NaN,NaN,NaN,NaN,NaN,0,200,200,389,2152.5533125,NaN,NaN,NaN,NaN,NaN,NaN,NaN,,NaN,,2152.836704291,2153.000246958,2153.000246958,2153.000246958,2153.000246958,2153.000246958,2153.000246958,2153.000246958,2153.000246958,2153.000246958,2158.885878333,-7,7,4,2,4.3261818330011,2,5.89740041599907,2152.534102541,2152.5533125,NaN,2152.836676791,NaN,NaN,NaN,NaN,,NaN,,2152.53055825,2152.534056416,None,NaN,NaN,,NaN,NaN,NaN,NaN,NaN,NaN,NaN,1,kitchen,2,2024-03-18_13h09.11.124,image_similarity_rating,2023.2.3,None,2024-03-18 13h09.27.456878 +0100
,113,123,279,279,stimuli/own/kitchen/113_kit.jpg,stimuli/own/kitchen/123_kit.jpg,NaN,NaN,NaN,NaN,NaN,NaN,NaN,NaN,0,201,201,278,2158.891745833,NaN,NaN,NaN,NaN,NaN,NaN,NaN,,NaN,,2159.17538625,2159.3396595,2159.3396595,2159.3396595,2159.3396595,2159.3396595,2159.3396595,2159.3396595,2159.3396595,2159.3396595,2182.005158375,-7,7,4,4,22.6236760419997,3,3.24576866700045,2158.889678625,2158.891745833,2159.3396595,2159.175374291,NaN,NaN,NaN,NaN,,NaN,,2158.88609575,2158.889632541,None,NaN,NaN,,NaN,NaN,NaN,NaN,NaN,NaN,NaN,1,kitchen,2,2024-03-18_13h09.11.124,image_similarity_rating,2023.2.3,None,2024-03-18 13h09.27.456878 +0100
,120,123,408,408,stimuli/own/kitchen/120_kit.jpg,stimuli/own/kitchen/123_kit.jpg,NaN,NaN,NaN,NaN,NaN,NaN,NaN,NaN,0,202,202,407,2182.010956083,NaN,NaN,NaN,NaN,NaN,NaN,NaN,,NaN,,2182.304888416,2182.469029083,2182.469029083,2182.469029083,2182.469029083,2182.469029083,2182.469029083,2182.469029083,2182.469029083,2182.469029083,2187.518144625,7,-7,4,2,3.86334195900054,3,5.07393987500109,2182.008841541,2182.010956083,2182.469029083,2182.304869791,NaN,NaN,NaN,NaN,,NaN,,2182.005373291,2182.008795833,None,NaN,NaN,,NaN,NaN,NaN,NaN,NaN,NaN,NaN,1,kitchen,2,2024-03-18_13h09.11.124,image_similarity_rating,2023.2.3,None,2024-03-18 13h09.27.456878 +0100
,102,137,63,63,stimuli/own/kitchen/102_kit.jpg,stimuli/own/kitchen/137_kit.jpg,NaN,NaN,NaN,NaN,NaN,NaN,NaN,NaN,0,203,203,62,2187.523614791,NaN,NaN,NaN,NaN,NaN,NaN,NaN,,NaN,,2187.808255291,2187.976926166,2187.976926166,2187.976926166,2187.976926166,2187.976926166,2187.976926166,2187.976926166,2187.976926166,2187.976926166,2197.068665916,7,-7,4,2,9.12741295900014,2,2.90462295799989,2187.521844958,2187.523614791,2187.976926166,2187.808240708,NaN,NaN,NaN,NaN,,NaN,,2187.518378833,2187.521798375,None,NaN,NaN,,NaN,NaN,NaN,NaN,NaN,NaN,NaN,1,kitchen,2,2024-03-18_13h09.11.124,image_similarity_rating,2023.2.3,None,2024-03-18 13h09.27.456878 +0100
,118,130,375,375,stimuli/own/kitchen/118_kit.jpg,stimuli/own/kitchen/130_kit.jpg,NaN,NaN,NaN,NaN,NaN,NaN,NaN,NaN,0,204,204,374,2197.074114791,NaN,NaN,NaN,NaN,NaN,NaN,NaN,,NaN,,2197.358755,2197.523655041,2197.523655041,2197.523655041,2197.523655041,2197.523655041,2197.523655041,2197.523655041,2197.523655041,2197.523655041,2207.85917675,7,-7,4,4,7.40392483300093,4,10.2252019169991,2197.072354208,2197.074114791,2197.523655041,2197.358741708,NaN,NaN,NaN,NaN,,NaN,,2197.06888275,2197.072308375,None,NaN,NaN,,NaN,NaN,NaN,NaN,NaN,NaN,NaN,1,kitchen,2,2024-03-18_13h09.11.124,image_similarity_rating,2023.2.3,None,2024-03-18 13h09.27.456878 +0100
,113,114,271,271,stimuli/own/kitchen/113_kit.jpg,stimuli/own/kitchen/114_kit.jpg,NaN,NaN,NaN,NaN,NaN,NaN,NaN,NaN,0,205,205,270,2207.86911175,NaN,NaN,NaN,NaN,NaN,NaN,NaN,,NaN,,2208.154674916,2208.321895833,2208.321895833,2208.321895833,2208.321895833,2208.321895833,2208.321895833,2208.321895833,2208.321895833,2208.321895833,2214.121488958,-7,7,4,4,5.81006329199954,3,3.89738149999903,2207.862847458,2207.86911175,2208.321895833,2208.154659958,NaN,NaN,NaN,NaN,,NaN,,2207.859396,2207.862801083,None,NaN,NaN,,NaN,NaN,NaN,NaN,NaN,NaN,NaN,1,kitchen,2,2024-03-18_13h09.11.124,image_similarity_rating,2023.2.3,None,2024-03-18 13h09.27.456878 +0100
,117,132,356,356,stimuli/own/kitchen/117_kit.jpg,stimuli/own/kitchen/132_kit.jpg,NaN,NaN,NaN,NaN,NaN,NaN,NaN,NaN,0,206,206,355,2214.126966833,NaN,NaN,NaN,NaN,NaN,NaN,NaN,,NaN,,2214.420979708,2214.585529583,2214.585529583,2214.585529583,2214.585529583,2214.585529583,2214.585529583,2214.585529583,2214.585529583,2214.585529583,2222.309814166,7,-7,4,3,6.27720879200024,3,7.66258700000071,2214.125140875,2214.126966833,2214.585529583,2214.420966125,NaN,NaN,NaN,NaN,,NaN,,2214.121705208,2214.125095375,None,NaN,NaN,,NaN,NaN,NaN,NaN,NaN,NaN,NaN,1,kitchen,2,2024-03-18_13h09.11.124,image_similarity_rating,2023.2.3,None,2024-03-18 13h09.27.456878 +0100
,103,126,86,86,stimuli/own/kitchen/103_kit.jpg,stimuli/own/kitchen/126_kit.jpg,NaN,NaN,NaN,NaN,NaN,NaN,NaN,NaN,0,207,207,85,2222.318995041,NaN,NaN,NaN,NaN,NaN,NaN,NaN,,NaN,,2222.60400175,2222.76766525,2222.76766525,2222.76766525,2222.76766525,2222.76766525,2222.76766525,2222.76766525,2222.76766525,2222.76766525,2232.043101041,7,-7,4,3,7.22064570799921,3,9.07748025000001,2222.313646083,2222.318995041,2222.76766525,2222.6039845,NaN,NaN,NaN,NaN,,NaN,,2222.310041458,2222.3136005,None,NaN,NaN,,NaN,NaN,NaN,NaN,NaN,NaN,NaN,1,kitchen,2,2024-03-18_13h09.11.124,image_similarity_rating,2023.2.3,None,2024-03-18 13h09.27.456878 +0100
,112,137,266,266,stimuli/own/kitchen/112_kit.jpg,stimuli/own/kitchen/137_kit.jpg,NaN,NaN,NaN,NaN,NaN,NaN,NaN,NaN,0,208,208,265,2232.052364208,NaN,NaN,NaN,NaN,NaN,NaN,NaN,,NaN,,2232.337055125,2232.5053745,2232.5053745,2232.5053745,2232.5053745,2232.5053745,2232.5053745,2232.5053745,2232.5053745,2232.5053745,2240.497148625,-7,7,4,3,8.02919383300105,5,3.835428417,2232.046902458,2232.052364208,2232.5053745,2232.337037875,NaN,NaN,NaN,NaN,,NaN,,2232.043327833,2232.0468565,None,NaN,NaN,,NaN,NaN,NaN,NaN,NaN,NaN,NaN,1,kitchen,2,2024-03-18_13h09.11.124,image_similarity_rating,2023.2.3,None,2024-03-18 13h09.27.456878 +0100
,118,125,371,371,stimuli/own/kitchen/118_kit.jpg,stimuli/own/kitchen/125_kit.jpg,NaN,NaN,NaN,NaN,NaN,NaN,NaN,NaN,0,209,209,370,2240.519151916,NaN,NaN,NaN,NaN,NaN,NaN,NaN,,NaN,,2240.803673583,2240.969582041,2240.969582041,2240.969582041,2240.969582041,2240.969582041,2240.969582041,2240.969582041,2240.969582041,2240.969582041,2247.409140916,-7,7,4,2,2.38817195800038,5,6.18930466699931,2240.5008045,2240.519151916,NaN,2240.803654958,NaN,NaN,NaN,NaN,,NaN,,2240.497363833,2240.500758458,None,NaN,NaN,,NaN,NaN,NaN,NaN,NaN,NaN,NaN,1,kitchen,2,2024-03-18_13h09.11.124,image_similarity_rating,2023.2.3,None,2024-03-18 13h09.27.456878 +0100
,129,136,535,535,stimuli/own/kitchen/129_kit.jpg,stimuli/own/kitchen/136_kit.jpg,NaN,NaN,NaN,NaN,NaN,NaN,NaN,NaN,0,210,210,534,2247.419082083,NaN,NaN,NaN,NaN,NaN,NaN,NaN,,NaN,,2247.703610291,2247.869265208,2247.869265208,2247.869265208,2247.869265208,2247.869265208,2247.869265208,2247.869265208,2247.869265208,2247.869265208,2255.668041083,7,-7,4,4,6.57793620800112,4,7.71216016699873,2247.412796625,2247.419082083,2247.869265208,2247.70359675,NaN,NaN,NaN,NaN,,NaN,,2247.40936,2247.41275075,None,NaN,NaN,,NaN,NaN,NaN,NaN,NaN,NaN,NaN,1,kitchen,2,2024-03-18_13h09.11.124,image_similarity_rating,2023.2.3,None,2024-03-18 13h09.27.456878 +0100
,104,137,126,126,stimuli/own/kitchen/104_kit.jpg,stimuli/own/kitchen/137_kit.jpg,NaN,NaN,NaN,NaN,NaN,NaN,NaN,NaN,0,211,211,125,2255.673814708,NaN,NaN,NaN,NaN,NaN,NaN,NaN,,NaN,,2255.958104083,2256.12154525,2256.12154525,2256.12154525,2256.12154525,2256.12154525,2256.12154525,2256.12154525,2256.12154525,2256.12154525,2264.592042875,7,-7,4,4,8.46688729099878,3,1.69548349999968,2255.671723,2255.673814708,2256.12154525,2255.958089625,NaN,NaN,NaN,NaN,,NaN,,2255.668263708,2255.671677333,None,NaN,NaN,,NaN,NaN,NaN,NaN,NaN,NaN,NaN,1,kitchen,2,2024-03-18_13h09.11.124,image_similarity_rating,2023.2.3,None,2024-03-18 13h09.27.456878 +0100
,136,140,584,584,stimuli/own/kitchen/136_kit.jpg,stimuli/own/kitchen/140_kit.jpg,NaN,NaN,NaN,NaN,NaN,NaN,NaN,NaN,0,212,212,583,2264.602446083,NaN,NaN,NaN,NaN,NaN,NaN,NaN,,NaN,,2264.887908041,2265.0522235,2265.0522235,2265.0522235,2265.0522235,2265.0522235,2265.0522235,2265.0522235,2265.0522235,2265.0522235,2271.492468875,-7,7,4,4,4.61999258399919,4,6.29015816700121,2264.595793416,2264.602446083,2265.0522235,2264.887894541,NaN,NaN,NaN,NaN,,NaN,,2264.592260625,2264.595748083,None,NaN,NaN,,NaN,NaN,NaN,NaN,NaN,NaN,NaN,1,kitchen,2,2024-03-18_13h09.11.124,image_similarity_rating,2023.2.3,None,2024-03-18 13h09.27.456878 +0100
,106,113,164,164,stimuli/own/kitchen/106_kit.jpg,stimuli/own/kitchen/113_kit.jpg,NaN,NaN,NaN,NaN,NaN,NaN,NaN,NaN,0,213,213,163,2271.502218958,NaN,NaN,NaN,NaN,NaN,NaN,NaN,,NaN,,2271.787108166,2271.951268458,2271.951268458,2271.951268458,2271.951268458,2271.951268458,2271.951268458,2271.951268458,2271.951268458,2271.951268458,2280.9177755,7,-7,4,5,8.93746729200029,2,3.10767908299931,2271.496366375,2271.502218958,2271.951268458,2271.787093916,NaN,NaN,NaN,NaN,,NaN,,2271.492685166,2271.496317708,None,NaN,NaN,,NaN,NaN,NaN,NaN,NaN,NaN,NaN,1,kitchen,2,2024-03-18_13h09.11.124,image_similarity_rating,2023.2.3,None,2024-03-18 13h09.27.456878 +0100
,112,132,262,609,stimuli/own/kitchen/112_kit.jpg,stimuli/own/kitchen/132_kit.jpg,NaN,NaN,NaN,NaN,NaN,NaN,NaN,NaN,0,214,214,608,2280.923425583,NaN,NaN,NaN,NaN,NaN,NaN,NaN,,NaN,,2281.208185208,2281.372587333,2281.372587333,2281.372587333,2281.372587333,2281.372587333,2281.372587333,2281.372587333,2281.372587333,2281.372587333,2287.654990375,-7,7,4,2,2.82679512499999,3,6.15753087499979,2280.921476458,2280.923425583,2281.372587333,2281.208171916,NaN,NaN,NaN,NaN,,NaN,,2280.918016875,2280.921429833,None,NaN,NaN,,NaN,NaN,NaN,NaN,NaN,NaN,NaN,1,kitchen,2,2024-03-18_13h09.11.124,image_similarity_rating,2023.2.3,None,2024-03-18 13h09.27.456878 +0100
,127,140,528,528,stimuli/own/kitchen/127_kit.jpg,stimuli/own/kitchen/140_kit.jpg,NaN,NaN,NaN,NaN,NaN,NaN,NaN,NaN,0,215,215,527,2287.661084708,NaN,NaN,NaN,NaN,NaN,NaN,NaN,,NaN,,2287.954216083,2288.119944708,2288.119944708,2288.119944708,2288.119944708,2288.119944708,2288.119944708,2288.119944708,2288.119944708,2288.119944708,2300.080610625,-7,7,4,5,12.0444401660006,3,5.99689679200128,2287.658822291,2287.661084708,2288.119944708,2287.954202541,NaN,NaN,NaN,NaN,,NaN,,2287.6552055,2287.6587765,None,NaN,NaN,,NaN,NaN,NaN,NaN,NaN,NaN,NaN,1,kitchen,2,2024-03-18_13h09.11.124,image_similarity_rating,2023.2.3,None,2024-03-18 13h09.27.456878 +0100
,113,121,277,277,stimuli/own/kitchen/113_kit.jpg,stimuli/own/kitchen/121_kit.jpg,NaN,NaN,NaN,NaN,NaN,NaN,NaN,NaN,0,216,216,276,2300.086928208,NaN,NaN,NaN,NaN,NaN,NaN,NaN,,NaN,,2300.370219666,2300.535477625,2300.535477625,2300.535477625,2300.535477625,2300.535477625,2300.535477625,2300.535477625,2300.535477625,2300.535477625,2304.63788275,7,-7,4,3,2.51658150000003,4,3.99840845800099,2300.084304458,2300.086928208,2300.535477625,2300.370205458,NaN,NaN,NaN,NaN,,NaN,,2300.080826916,2300.084258375,None,NaN,NaN,,NaN,NaN,NaN,NaN,NaN,NaN,NaN,1,kitchen,2,2024-03-18_13h09.11.124,image_similarity_rating,2023.2.3,None,2024-03-18 13h09.27.456878 +0100
,102,106,38,38,stimuli/own/kitchen/102_kit.jpg,stimuli/own/kitchen/106_kit.jpg,NaN,NaN,NaN,NaN,NaN,NaN,NaN,NaN,0,217,217,37,2304.643714166,NaN,NaN,NaN,NaN,NaN,NaN,NaN,,NaN,,2304.938033416,2305.103356791,2305.103356791,2305.103356791,2305.103356791,2305.103356791,2305.103356791,2305.103356791,2305.103356791,2305.103356791,2313.754926958,-7,7,4,5,6.40698929199971,3,8.57831095899928,2304.64161825,2304.643714166,2305.103356791,2304.938019791,NaN,NaN,NaN,NaN,,NaN,,2304.638102625,2304.641571416,None,NaN,NaN,,NaN,NaN,NaN,NaN,NaN,NaN,NaN,1,kitchen,2,2024-03-18_13h09.11.124,image_similarity_rating,2023.2.3,None,2024-03-18 13h09.27.456878 +0100
,136,139,583,583,stimuli/own/kitchen/136_kit.jpg,stimuli/own/kitchen/139_kit.jpg,NaN,NaN,NaN,NaN,NaN,NaN,NaN,NaN,0,218,218,582,2313.76068925,NaN,NaN,NaN,NaN,NaN,NaN,NaN,,NaN,,2314.054240208,2314.220611666,2314.220611666,2314.220611666,2314.220611666,2314.220611666,2314.220611666,2314.220611666,2314.220611666,2314.220611666,2318.971645333,-7,7,4,2,2.90746475000014,2,4.67769312500059,2313.758606958,2313.76068925,2314.220611666,2314.054226875,NaN,NaN,NaN,NaN,,NaN,,2313.755172291,2313.758561333,None,NaN,NaN,,NaN,NaN,NaN,NaN,NaN,NaN,NaN,1,kitchen,2,2024-03-18_13h09.11.124,image_similarity_rating,2023.2.3,None,2024-03-18 13h09.27.456878 +0100
,136,139,583,600,stimuli/own/kitchen/136_kit.jpg,stimuli/own/kitchen/139_kit.jpg,NaN,NaN,NaN,NaN,NaN,NaN,NaN,NaN,0,219,219,599,2318.977377833,NaN,NaN,NaN,NaN,NaN,NaN,NaN,,NaN,,2319.271025,2319.43528925,2319.43528925,2319.43528925,2319.43528925,2319.43528925,2319.43528925,2319.43528925,2319.43528925,2319.43528925,2322.259749416,7,-7,4,2,2.26097191699955,2,2.77443541700086,2318.97530675,2318.977377833,2319.43528925,2319.271006583,NaN,NaN,NaN,NaN,,NaN,,2318.971859625,2318.975261208,None,NaN,NaN,,NaN,NaN,NaN,NaN,NaN,NaN,NaN,1,kitchen,2,2024-03-18_13h09.11.124,image_similarity_rating,2023.2.3,None,2024-03-18 13h09.27.456878 +0100
,103,109,71,71,stimuli/own/kitchen/103_kit.jpg,stimuli/own/kitchen/109_kit.jpg,NaN,NaN,NaN,NaN,NaN,NaN,NaN,NaN,0,220,220,70,2322.268769791,NaN,NaN,NaN,NaN,NaN,NaN,NaN,,NaN,,2322.554101041,2322.719278666,2322.719278666,2322.719278666,2322.719278666,2322.719278666,2322.719278666,2322.719278666,2322.719278666,2322.719278666,2330.014239708,7,-7,4,2,7.30399941699943,3,4.66651916699993,2322.263765125,2322.268769791,2322.719278666,2322.554088541,NaN,NaN,NaN,NaN,,NaN,,2322.259966333,2322.263716041,None,NaN,NaN,,NaN,NaN,NaN,NaN,NaN,NaN,NaN,1,kitchen,2,2024-03-18_13h09.11.124,image_similarity_rating,2023.2.3,None,2024-03-18 13h09.27.456878 +0100
,103,114,75,75,stimuli/own/kitchen/103_kit.jpg,stimuli/own/kitchen/114_kit.jpg,NaN,NaN,NaN,NaN,NaN,NaN,NaN,NaN,0,221,221,74,2330.020339583,NaN,NaN,NaN,NaN,NaN,NaN,NaN,,NaN,,2330.307475916,2330.471357208,2330.471357208,2330.471357208,2330.471357208,2330.471357208,2330.471357208,2330.471357208,2330.471357208,2330.471357208,2339.508452333,-7,7,4,2,6.8554533330007,3,9.05343441699915,2330.017942833,2330.020339583,2330.471357208,2330.307464625,NaN,NaN,NaN,NaN,,NaN,,2330.01445475,2330.017897125,None,NaN,NaN,,NaN,NaN,NaN,NaN,NaN,NaN,NaN,1,kitchen,2,2024-03-18_13h09.11.124,image_similarity_rating,2023.2.3,None,2024-03-18 13h09.27.456878 +0100
,101,116,11,11,stimuli/own/kitchen/101_kit.jpg,stimuli/own/kitchen/116_kit.jpg,NaN,NaN,NaN,NaN,NaN,NaN,NaN,NaN,0,222,222,10,2339.518697125,NaN,NaN,NaN,NaN,NaN,NaN,NaN,,NaN,,2339.804304625,2339.970479208,2339.970479208,2339.970479208,2339.970479208,2339.970479208,2339.970479208,2339.970479208,2339.970479208,2339.970479208,2347.421784625,7,-7,4,3,7.44381433300077,3,2.05760366699906,2339.512215791,2339.518697125,2339.970479208,2339.804285333,NaN,NaN,NaN,NaN,,NaN,,2339.508681958,2339.512170875,None,NaN,NaN,,NaN,NaN,NaN,NaN,NaN,NaN,NaN,1,kitchen,2,2024-03-18_13h09.11.124,image_similarity_rating,2023.2.3,None,2024-03-18 13h09.27.456878 +0100
,123,124,460,460,stimuli/own/kitchen/123_kit.jpg,stimuli/own/kitchen/124_kit.jpg,NaN,NaN,NaN,NaN,NaN,NaN,NaN,NaN,0,223,223,459,2347.43529475,NaN,NaN,NaN,NaN,NaN,NaN,NaN,,NaN,,2347.720919041,2347.885325916,2347.885325916,2347.885325916,2347.885325916,2347.885325916,2347.885325916,2347.885325916,2347.885325916,2347.885325916,2353.290425083,7,-7,4,4,4.31583616599892,3,5.34724266699959,2347.425834583,2347.43529475,2347.885325916,2347.720904875,NaN,NaN,NaN,NaN,,NaN,,2347.4220215,2347.425785916,None,NaN,NaN,,NaN,NaN,NaN,NaN,NaN,NaN,NaN,1,kitchen,2,2024-03-18_13h09.11.124,image_similarity_rating,2023.2.3,None,2024-03-18 13h09.27.456878 +0100
,116,118,321,321,stimuli/own/kitchen/116_kit.jpg,stimuli/own/kitchen/118_kit.jpg,NaN,NaN,NaN,NaN,NaN,NaN,NaN,NaN,0,224,224,320,2353.301920041,NaN,NaN,NaN,NaN,NaN,NaN,NaN,,NaN,,2353.5878405,2353.753063541,2353.753063541,2353.753063541,2353.753063541,2353.753063541,2353.753063541,2353.753063541,2353.753063541,2353.753063541,2359.892841333,7,-7,4,4,2.56000254199898,4,5.82576274999883,2353.294126625,2353.301920041,2353.753063541,2353.587826541,NaN,NaN,NaN,NaN,,NaN,,2353.290646875,2353.2940805,None,NaN,NaN,,NaN,NaN,NaN,NaN,NaN,NaN,NaN,1,kitchen,2,2024-03-18_13h09.11.124,image_similarity_rating,2023.2.3,None,2024-03-18 13h09.27.456878 +0100
,106,112,163,163,stimuli/own/kitchen/106_kit.jpg,stimuli/own/kitchen/112_kit.jpg,NaN,NaN,NaN,NaN,NaN,NaN,NaN,NaN,0,225,225,162,2359.901917958,NaN,NaN,NaN,NaN,NaN,NaN,NaN,,NaN,,2360.187439875,2360.353525041,2360.353525041,2360.353525041,2360.353525041,2360.353525041,2360.353525041,2360.353525041,2360.353525041,2360.353525041,2365.917305625,7,-7,4,2,5.56077104200085,3,1.81066699999974,2359.896535208,2359.901917958,2360.353525041,2360.187426583,NaN,NaN,NaN,NaN,,NaN,,2359.893072791,2359.896488958,None,NaN,NaN,,NaN,NaN,NaN,NaN,NaN,NaN,NaN,1,kitchen,2,2024-03-18_13h09.11.124,image_similarity_rating,2023.2.3,None,2024-03-18 13h09.27.456878 +0100
,109,137,213,213,stimuli/own/kitchen/109_kit.jpg,stimuli/own/kitchen/137_kit.jpg,NaN,NaN,NaN,NaN,NaN,NaN,NaN,NaN,0,226,226,212,2365.92294325,NaN,NaN,NaN,NaN,NaN,NaN,NaN,,NaN,,2366.220770708,2366.38900875,2366.38900875,2366.38900875,2366.38900875,2366.38900875,2366.38900875,2366.38900875,2366.38900875,2366.38900875,2372.801599833,7,-7,4,1,5.23320337499899,2,6.37494129100014,2365.921019791,2365.92294325,2366.38900875,2366.220753375,NaN,NaN,NaN,NaN,,NaN,,2365.917523041,2365.92097325,None,NaN,NaN,,NaN,NaN,NaN,NaN,NaN,NaN,NaN,1,kitchen,2,2024-03-18_13h09.11.124,image_similarity_rating,2023.2.3,None,2024-03-18 13h09.27.456878 +0100
,103,127,87,87,stimuli/own/kitchen/103_kit.jpg,stimuli/own/kitchen/127_kit.jpg,NaN,NaN,NaN,NaN,NaN,NaN,NaN,NaN,0,227,227,86,2372.807599666,NaN,NaN,NaN,NaN,NaN,NaN,NaN,,NaN,,2373.091074583,2373.253544708,2373.253544708,2373.253544708,2373.253544708,2373.253544708,2373.253544708,2373.253544708,2373.253544708,2373.253544708,2378.552273375,7,-7,4,4,3.79485791599836,2,5.23883624999871,2372.805342708,2372.807599666,2373.253544708,2373.091064041,NaN,NaN,NaN,NaN,,NaN,,2372.801814791,2372.805296708,None,NaN,NaN,,NaN,NaN,NaN,NaN,NaN,NaN,NaN,1,kitchen,2,2024-03-18_13h09.11.124,image_similarity_rating,2023.2.3,None,2024-03-18 13h09.27.456878 +0100
,114,127,307,307,stimuli/own/kitchen/114_kit.jpg,stimuli/own/kitchen/127_kit.jpg,NaN,NaN,NaN,NaN,NaN,NaN,NaN,NaN,0,228,228,306,2378.558100416,NaN,NaN,NaN,NaN,NaN,NaN,NaN,,NaN,,2378.841452291,2379.005633916,2379.005633916,2379.005633916,2379.005633916,2379.005633916,2379.005633916,2379.005633916,2379.005633916,2379.005633916,2389.296932166,-7,7,4,5,6.24067404200105,3,10.1792448750002,2378.556026375,2378.558100416,2379.005633916,2378.841438166,NaN,NaN,NaN,NaN,,NaN,,2378.552515375,2378.555980958,None,NaN,NaN,,NaN,NaN,NaN,NaN,NaN,NaN,NaN,1,kitchen,2,2024-03-18_13h09.11.124,image_similarity_rating,2023.2.3,None,2024-03-18 13h09.27.456878 +0100
,105,129,149,149,stimuli/own/kitchen/105_kit.jpg,stimuli/own/kitchen/129_kit.jpg,NaN,NaN,NaN,NaN,NaN,NaN,NaN,NaN,0,229,229,148,2389.303597916,NaN,NaN,NaN,NaN,NaN,NaN,NaN,,NaN,,2389.59123,2389.756092,2389.756092,2389.756092,2389.756092,2389.756092,2389.756092,2389.756092,2389.756092,2389.756092,2395.74636925,7,-7,4,2,2.96809879200009,2,5.96838758400008,2389.300599833,2389.303597916,2389.756092,2389.591217916,NaN,NaN,NaN,NaN,,NaN,,2389.297147416,2389.300553958,None,NaN,NaN,,NaN,NaN,NaN,NaN,NaN,NaN,NaN,1,kitchen,2,2024-03-18_13h09.11.124,image_similarity_rating,2023.2.3,None,2024-03-18 13h09.27.456878 +0100
,102,130,57,57,stimuli/own/kitchen/102_kit.jpg,stimuli/own/kitchen/130_kit.jpg,NaN,NaN,NaN,NaN,NaN,NaN,NaN,NaN,0,230,230,56,2395.768555083,NaN,NaN,NaN,NaN,NaN,NaN,NaN,,NaN,,2396.052576333,2396.218662333,2396.218662333,2396.218662333,2396.218662333,2396.218662333,2396.218662333,2396.218662333,2396.218662333,2396.218662333,2407.480377583,-7,7,4,4,10.009387084001,4,3.55610516700108,2395.75007425,2395.768555083,NaN,2396.052558333,NaN,NaN,NaN,NaN,,NaN,,2395.746586833,2395.750028916,None,NaN,NaN,,NaN,NaN,NaN,NaN,NaN,NaN,NaN,1,kitchen,2,2024-03-18_13h09.11.124,image_similarity_rating,2023.2.3,None,2024-03-18 13h09.27.456878 +0100
,111,124,229,229,stimuli/own/kitchen/111_kit.jpg,stimuli/own/kitchen/124_kit.jpg,NaN,NaN,NaN,NaN,NaN,NaN,NaN,NaN,0,231,231,228,2407.486472541,NaN,NaN,NaN,NaN,NaN,NaN,NaN,,NaN,,2407.769625333,2407.935653041,2407.935653041,2407.935653041,2407.935653041,2407.935653041,2407.935653041,2407.935653041,2407.935653041,2407.935653041,2411.579553583,-7,7,4,3,2.16387366699928,4,3.65608008300114,2407.484265291,2407.486472541,2407.935653041,2407.769609125,NaN,NaN,NaN,NaN,,NaN,,2407.480599125,2407.484216666,None,NaN,NaN,,NaN,NaN,NaN,NaN,NaN,NaN,NaN,1,kitchen,2,2024-03-18_13h09.11.124,image_similarity_rating,2023.2.3,None,2024-03-18 13h09.27.456878 +0100
,104,130,120,120,stimuli/own/kitchen/104_kit.jpg,stimuli/own/kitchen/130_kit.jpg,NaN,NaN,NaN,NaN,NaN,NaN,NaN,NaN,0,232,232,119,2411.584967083,NaN,NaN,NaN,NaN,NaN,NaN,NaN,,NaN,,2411.870571875,2412.035721416,2412.035721416,2412.035721416,2412.035721416,2412.035721416,2412.035721416,2412.035721416,2412.035721416,2412.035721416,2418.537703291,7,-7,4,5,5.08316770800047,4,6.16891358400062,2411.583202375,2411.584967083,2412.035721416,2411.87055875,NaN,NaN,NaN,NaN,,NaN,,2411.579769166,2411.58315675,None,NaN,NaN,,NaN,NaN,NaN,NaN,NaN,NaN,NaN,1,kitchen,2,2024-03-18_13h09.11.124,image_similarity_rating,2023.2.3,None,2024-03-18 13h09.27.456878 +0100
,109,139,215,215,stimuli/own/kitchen/109_kit.jpg,stimuli/own/kitchen/139_kit.jpg,NaN,NaN,NaN,NaN,NaN,NaN,NaN,NaN,0,233,233,214,2418.543363166,NaN,NaN,NaN,NaN,NaN,NaN,NaN,,NaN,,2418.837485333,2419.002092,2419.002092,2419.002092,2419.002092,2419.002092,2419.002092,2419.002092,2419.002092,2419.002092,2423.487843875,-7,7,4,1,3.35220570799902,2,4.40279041599933,2418.541445458,2418.543363166,2419.002092,2418.8374715,NaN,NaN,NaN,NaN,,NaN,,2418.537922,2418.541399458,None,NaN,NaN,,NaN,NaN,NaN,NaN,NaN,NaN,NaN,1,kitchen,2,2024-03-18_13h09.11.124,image_similarity_rating,2023.2.3,None,2024-03-18 13h09.27.456878 +0100
,134,135,568,568,stimuli/own/kitchen/134_kit.jpg,stimuli/own/kitchen/135_kit.jpg,NaN,NaN,NaN,NaN,NaN,NaN,NaN,NaN,0,234,234,567,2423.493710708,NaN,NaN,NaN,NaN,NaN,NaN,NaN,,NaN,,2423.78718525,2423.952240333,2423.952240333,2423.952240333,2423.952240333,2423.952240333,2423.952240333,2423.952240333,2423.952240333,2423.952240333,2434.188373625,7,-7,4,5,7.33555979199991,4,10.1764789589997,2423.491619875,2423.493710708,2423.952240333,2423.787171875,NaN,NaN,NaN,NaN,,NaN,,2423.488071208,2423.491572916,None,NaN,NaN,,NaN,NaN,NaN,NaN,NaN,NaN,NaN,1,kitchen,2,2024-03-18_13h09.11.124,image_similarity_rating,2023.2.3,None,2024-03-18 13h09.27.456878 +0100
,132,138,564,564,stimuli/own/kitchen/132_kit.jpg,stimuli/own/kitchen/138_kit.jpg,NaN,NaN,NaN,NaN,NaN,NaN,NaN,NaN,0,235,235,563,2434.20174825,NaN,NaN,NaN,NaN,NaN,NaN,NaN,,NaN,,2434.486608625,2434.649954458,2434.649954458,2434.649954458,2434.649954458,2434.649954458,2434.649954458,2434.649954458,2434.649954458,2434.649954458,2439.063662208,7,-7,4,2,4.44860199999857,3,2.45757295799922,2434.192335083,2434.20174825,2434.649954458,2434.486594833,NaN,NaN,NaN,NaN,,NaN,,2434.188606083,2434.192284541,None,NaN,NaN,,NaN,NaN,NaN,NaN,NaN,NaN,NaN,1,kitchen,2,2024-03-18_13h09.11.124,image_similarity_rating,2023.2.3,None,2024-03-18 13h09.27.456878 +0100
,111,112,218,218,stimuli/own/kitchen/111_kit.jpg,stimuli/own/kitchen/112_kit.jpg,NaN,NaN,NaN,NaN,NaN,NaN,NaN,NaN,0,236,236,217,2439.069682666,NaN,NaN,NaN,NaN,NaN,NaN,NaN,,NaN,,2439.353225833,2439.516146,2439.516146,2439.516146,2439.516146,2439.516146,2439.516146,2439.516146,2439.516146,2439.516146,2446.696110875,7,-7,4,3,2.14292658299928,4,7.01680775000023,2439.067367625,2439.069682666,2439.516146,2439.353212583,NaN,NaN,NaN,NaN,,NaN,,2439.063879625,2439.067319375,None,NaN,NaN,,NaN,NaN,NaN,NaN,NaN,NaN,NaN,1,kitchen,2,2024-03-18_13h09.11.124,image_similarity_rating,2023.2.3,None,2024-03-18 13h09.27.456878 +0100
,116,126,329,329,stimuli/own/kitchen/116_kit.jpg,stimuli/own/kitchen/126_kit.jpg,NaN,NaN,NaN,NaN,NaN,NaN,NaN,NaN,0,237,237,328,2446.701573333,NaN,NaN,NaN,NaN,NaN,NaN,NaN,,NaN,,2446.986577208,2447.14996275,2447.14996275,2447.14996275,2447.14996275,2447.14996275,2447.14996275,2447.14996275,2447.14996275,2447.14996275,2451.063195041,7,-7,4,2,3.96024550000038,3,1.74906137500147,2446.699763,2446.701573333,2447.14996275,2446.9865635,NaN,NaN,NaN,NaN,,NaN,,2446.696326708,2446.699717166,None,NaN,NaN,,NaN,NaN,NaN,NaN,NaN,NaN,NaN,1,kitchen,2,2024-03-18_13h09.11.124,image_similarity_rating,2023.2.3,None,2024-03-18 13h09.27.456878 +0100
,137,138,586,586,stimuli/own/kitchen/137_kit.jpg,stimuli/own/kitchen/138_kit.jpg,NaN,NaN,NaN,NaN,NaN,NaN,NaN,NaN,0,238,238,585,2451.069687041,NaN,NaN,NaN,NaN,NaN,NaN,NaN,,NaN,,2451.354200833,2451.520014375,2451.520014375,2451.520014375,2451.520014375,2451.520014375,2451.520014375,2451.520014375,2451.520014375,2451.520014375,2459.729915125,7,-7,4,3,6.37980333399901,3,8.07481100000041,2451.066856375,2451.069687041,2451.520014375,2451.354181125,NaN,NaN,NaN,NaN,,NaN,,2451.063408958,2451.06681025,None,NaN,NaN,,NaN,NaN,NaN,NaN,NaN,NaN,NaN,1,kitchen,2,2024-03-18_13h09.11.124,image_similarity_rating,2023.2.3,None,2024-03-18 13h09.27.456878 +0100
,134,136,569,569,stimuli/own/kitchen/134_kit.jpg,stimuli/own/kitchen/136_kit.jpg,NaN,NaN,NaN,NaN,NaN,NaN,NaN,NaN,0,239,239,568,2459.736202875,NaN,NaN,NaN,NaN,NaN,NaN,NaN,,NaN,,2460.019594666,2460.182721416,2460.182721416,2460.182721416,2460.182721416,2460.182721416,2460.182721416,2460.182721416,2460.182721416,2460.182721416,2470.657775083,7,-7,4,5,7.95431966700016,6,10.4395331659998,2459.733557291,2459.736202875,2460.182721416,2460.019583625,NaN,NaN,NaN,NaN,,NaN,,2459.730130416,2459.733511458,None,NaN,NaN,,NaN,NaN,NaN,NaN,NaN,NaN,NaN,1,kitchen,2,2024-03-18_13h09.11.124,image_similarity_rating,2023.2.3,None,2024-03-18 13h09.27.456878 +0100
,105,123,144,144,stimuli/own/kitchen/105_kit.jpg,stimuli/own/kitchen/123_kit.jpg,NaN,NaN,NaN,NaN,NaN,NaN,NaN,NaN,0,240,240,143,2470.668250958,NaN,NaN,NaN,NaN,NaN,NaN,NaN,,NaN,,2470.952968875,2471.124530375,2471.124530375,2471.124530375,2471.124530375,2471.124530375,2471.124530375,2471.124530375,2471.124530375,2471.124530375,2480.124770958,7,-7,4,3,9.02602587500041,4,2.19366174999959,2470.661462916,2470.668250958,2471.124530375,2470.952951083,NaN,NaN,NaN,NaN,,NaN,,2470.657994458,2470.661416791,None,NaN,NaN,,NaN,NaN,NaN,NaN,NaN,NaN,NaN,1,kitchen,2,2024-03-18_13h09.11.124,image_similarity_rating,2023.2.3,None,2024-03-18 13h09.27.456878 +0100
,118,126,372,372,stimuli/own/kitchen/118_kit.jpg,stimuli/own/kitchen/126_kit.jpg,NaN,NaN,NaN,NaN,NaN,NaN,NaN,NaN,0,241,241,371,2480.134851041,NaN,NaN,NaN,NaN,NaN,NaN,NaN,,NaN,,2480.419930541,2480.584758541,2480.584758541,2480.584758541,2480.584758541,2480.584758541,2480.584758541,2480.584758541,2480.584758541,2480.584758541,2487.00065575,7,-7,4,3,6.42596862500068,2,1.90003312500085,2480.128425583,2480.134851041,2480.584758541,2480.419918,NaN,NaN,NaN,NaN,,NaN,,2480.124985583,2480.128380083,None,NaN,NaN,,NaN,NaN,NaN,NaN,NaN,NaN,NaN,1,kitchen,2,2024-03-18_13h09.11.124,image_similarity_rating,2023.2.3,None,2024-03-18 13h09.27.456878 +0100
,117,141,364,364,stimuli/own/kitchen/117_kit.jpg,stimuli/own/kitchen/141_kit.jpg,NaN,NaN,NaN,NaN,NaN,NaN,NaN,NaN,0,242,242,363,2487.0064295,NaN,NaN,NaN,NaN,NaN,NaN,NaN,,NaN,,2487.291137708,2487.453333375,2487.453333375,2487.453333375,2487.453333375,2487.453333375,2487.453333375,2487.453333375,2487.453333375,2487.453333375,2494.005702625,7,-7,4,3,5.09418320799887,4,6.4905530420001,2487.004356,2487.0064295,2487.453333375,2487.291126583,NaN,NaN,NaN,NaN,,NaN,,2487.0008705,2487.004310083,None,NaN,NaN,,NaN,NaN,NaN,NaN,NaN,NaN,NaN,1,kitchen,2,2024-03-18_13h09.11.124,image_similarity_rating,2023.2.3,None,2024-03-18 13h09.27.456878 +0100
,122,139,457,457,stimuli/own/kitchen/122_kit.jpg,stimuli/own/kitchen/139_kit.jpg,NaN,NaN,NaN,NaN,NaN,NaN,NaN,NaN,0,243,243,456,2494.018158291,NaN,NaN,NaN,NaN,NaN,NaN,NaN,,NaN,,2494.303170291,2494.4676515,2494.4676515,2494.4676515,2494.4676515,2494.4676515,2494.4676515,2494.4676515,2494.4676515,2494.4676515,2500.155362416,-7,7,4,1,3.93844224999884,2,5.56030737500078,2494.009561208,2494.018158291,2494.4676515,2494.303158125,NaN,NaN,NaN,NaN,,NaN,,2494.005939583,2494.009513083,None,NaN,NaN,,NaN,NaN,NaN,NaN,NaN,NaN,NaN,1,kitchen,2,2024-03-18_13h09.11.124,image_similarity_rating,2023.2.3,None,2024-03-18 13h09.27.456878 +0100
,123,125,461,461,stimuli/own/kitchen/123_kit.jpg,stimuli/own/kitchen/125_kit.jpg,NaN,NaN,NaN,NaN,NaN,NaN,NaN,NaN,0,244,244,460,2500.168104333,NaN,NaN,NaN,NaN,NaN,NaN,NaN,,NaN,,2500.452756375,2500.618879708,2500.618879708,2500.618879708,2500.618879708,2500.618879708,2500.618879708,2500.618879708,2500.618879708,2500.618879708,2508.82990475,-7,7,4,2,8.2330963330005,4,5.66076104199965,2500.159214791,2500.168104333,2500.618879708,2500.452740625,NaN,NaN,NaN,NaN,,NaN,,2500.155592916,2500.159166791,None,NaN,NaN,,NaN,NaN,NaN,NaN,NaN,NaN,NaN,1,kitchen,2,2024-03-18_13h09.11.124,image_similarity_rating,2023.2.3,None,2024-03-18 13h09.27.456878 +0100
,112,129,259,259,stimuli/own/kitchen/112_kit.jpg,stimuli/own/kitchen/129_kit.jpg,NaN,NaN,NaN,NaN,NaN,NaN,NaN,NaN,0,245,245,258,2508.836058208,NaN,NaN,NaN,NaN,NaN,NaN,NaN,,NaN,,2509.120114458,2509.285055458,2509.285055458,2509.285055458,2509.285055458,2509.285055458,2509.285055458,2509.285055458,2509.285055458,2509.285055458,2514.130161375,-7,7,4,2,3.6642942920007,2,4.81942912500017,2508.833611666,2508.836058208,2509.285055458,2509.120085958,NaN,NaN,NaN,NaN,,NaN,,2508.830134125,2508.8335655,None,NaN,NaN,,NaN,NaN,NaN,NaN,NaN,NaN,NaN,1,kitchen,2,2024-03-18_13h09.11.124,image_similarity_rating,2023.2.3,None,2024-03-18 13h09.27.456878 +0100
,103,120,80,80,stimuli/own/kitchen/103_kit.jpg,stimuli/own/kitchen/120_kit.jpg,NaN,NaN,NaN,NaN,NaN,NaN,NaN,NaN,0,246,246,79,2514.136190375,NaN,NaN,NaN,NaN,NaN,NaN,NaN,,NaN,,2514.419953625,2514.5847965,2514.5847965,2514.5847965,2514.5847965,2514.5847965,2514.5847965,2514.5847965,2514.5847965,2514.5847965,2519.387895958,7,-7,4,2,3.6801670420009,3,4.64777008300007,2514.133882458,2514.136190375,2514.5847965,2514.419939875,NaN,NaN,NaN,NaN,,NaN,,2514.130376708,2514.133836,None,NaN,NaN,,NaN,NaN,NaN,NaN,NaN,NaN,NaN,1,kitchen,2,2024-03-18_13h09.11.124,image_similarity_rating,2023.2.3,None,2024-03-18 13h09.27.456878 +0100
,137,139,587,587,stimuli/own/kitchen/137_kit.jpg,stimuli/own/kitchen/139_kit.jpg,NaN,NaN,NaN,NaN,NaN,NaN,NaN,NaN,0,247,247,586,2519.401359625,NaN,NaN,NaN,NaN,NaN,NaN,NaN,,NaN,,2519.686072583,2519.854343208,2519.854343208,2519.854343208,2519.854343208,2519.854343208,2519.854343208,2519.854343208,2519.854343208,2519.854343208,2527.267821583,7,-7,4,2,5.34226941700035,3,7.3786510409991,2519.391910916,2519.401359625,2519.854343208,2519.686055791,NaN,NaN,NaN,NaN,,NaN,,2519.388142375,2519.391855208,None,NaN,NaN,,NaN,NaN,NaN,NaN,NaN,NaN,NaN,1,kitchen,2,2024-03-18_13h09.11.124,image_similarity_rating,2023.2.3,None,2024-03-18 13h09.27.456878 +0100
,126,139,515,515,stimuli/own/kitchen/126_kit.jpg,stimuli/own/kitchen/139_kit.jpg,NaN,NaN,NaN,NaN,NaN,NaN,NaN,NaN,0,248,248,514,2527.273390041,NaN,NaN,NaN,NaN,NaN,NaN,NaN,,NaN,,2527.556663208,2527.722840625,2527.722840625,2527.722840625,2527.722840625,2527.722840625,2527.722840625,2527.722840625,2527.722840625,2527.722840625,2534.680364166,7,-7,4,1,6.0486775419995,2,6.85661808300028,2527.271492166,2527.273390041,2527.722840625,2527.556644875,NaN,NaN,NaN,NaN,,NaN,,2527.268035833,2527.271446375,None,NaN,NaN,,NaN,NaN,NaN,NaN,NaN,NaN,NaN,1,kitchen,2,2024-03-18_13h09.11.124,image_similarity_rating,2023.2.3,None,2024-03-18 13h09.27.456878 +0100
,134,139,572,572,stimuli/own/kitchen/134_kit.jpg,stimuli/own/kitchen/139_kit.jpg,NaN,NaN,NaN,NaN,NaN,NaN,NaN,NaN,0,249,249,571,2534.68619225,NaN,NaN,NaN,NaN,NaN,NaN,NaN,,NaN,,2534.969391,2535.137197583,2535.137197583,2535.137197583,2535.137197583,2535.137197583,2535.137197583,2535.137197583,2535.137197583,2535.137197583,2539.517077041,-7,7,4,1,2.9681598749994,2,4.09283833299924,2534.684055416,2534.68619225,2535.137197583,2534.969374333,NaN,NaN,NaN,NaN,,NaN,,2534.680581083,2534.684009083,None,NaN,NaN,,NaN,NaN,NaN,NaN,NaN,NaN,NaN,1,kitchen,2,2024-03-18_13h09.11.124,image_similarity_rating,2023.2.3,None,2024-03-18 13h09.27.456878 +0100
,114,123,303,303,stimuli/own/kitchen/114_kit.jpg,stimuli/own/kitchen/123_kit.jpg,NaN,NaN,NaN,NaN,NaN,NaN,NaN,NaN,0,250,250,302,2539.522839458,NaN,NaN,NaN,NaN,NaN,NaN,NaN,,NaN,,2539.8069345,2539.975256541,2539.975256541,2539.975256541,2539.975256541,2539.975256541,2539.975256541,2539.975256541,2539.975256541,2539.975256541,2550.121619166,-7,7,4,4,6.54170895799871,3,10.0737365839996,2539.520766041,2539.522839458,2539.975256541,2539.806919541,NaN,NaN,NaN,NaN,,NaN,,2539.517292041,2539.520719875,None,NaN,NaN,,NaN,NaN,NaN,NaN,NaN,NaN,NaN,1,kitchen,2,2024-03-18_13h09.11.124,image_similarity_rating,2023.2.3,None,2024-03-18 13h09.27.456878 +0100
,120,138,421,421,stimuli/own/kitchen/120_kit.jpg,stimuli/own/kitchen/138_kit.jpg,NaN,NaN,NaN,NaN,NaN,NaN,NaN,NaN,0,251,251,420,2550.135013166,NaN,NaN,NaN,NaN,NaN,NaN,NaN,,NaN,,2550.419730208,2550.584825833,2550.584825833,2550.584825833,2550.584825833,2550.584825833,2550.584825833,2550.584825833,2550.584825833,2550.584825833,2555.71283575,-7,7,4,2,5.1142789580008,4,2.10604491699996,2550.125593291,2550.135013166,2550.584825833,2550.419716666,NaN,NaN,NaN,NaN,,NaN,,2550.121845541,2550.125542666,None,NaN,NaN,,NaN,NaN,NaN,NaN,NaN,NaN,NaN,1,kitchen,2,2024-03-18_13h09.11.124,image_similarity_rating,2023.2.3,None,2024-03-18 13h09.27.456878 +0100
,101,132,26,26,stimuli/own/kitchen/101_kit.jpg,stimuli/own/kitchen/132_kit.jpg,NaN,NaN,NaN,NaN,NaN,NaN,NaN,NaN,0,252,252,25,2555.719327125,NaN,NaN,NaN,NaN,NaN,NaN,NaN,,NaN,,2557.419273583,2557.59262275,2557.59262275,2557.59262275,2557.59262275,2557.59262275,2557.59262275,2557.59262275,2557.59262275,2557.59262275,2563.033591416,-7,7,5,2,5.42993795899929,3,2.18263016700075,2557.122132666,2557.125914416,2557.59262275,2557.419251541,NaN,NaN,NaN,NaN,,NaN,,2555.713048583,2557.121522416,space,2555.719327125,1.40196050000122,None,NaN,NaN,NaN,NaN,NaN,NaN,NaN,1,kitchen,2,2024-03-18_13h09.11.124,image_similarity_rating,2023.2.3,None,2024-03-18 13h09.27.456878 +0100
,124,135,484,484,stimuli/own/kitchen/124_kit.jpg,stimuli/own/kitchen/135_kit.jpg,NaN,NaN,NaN,NaN,NaN,NaN,NaN,NaN,0,253,253,483,2563.039530291,NaN,NaN,NaN,NaN,NaN,NaN,NaN,,NaN,,2563.322757333,2563.483759,2563.483759,2563.483759,2563.483759,2563.483759,2563.483759,2563.483759,2563.483759,2563.483759,2571.537615208,7,-7,5,3,2.82639312500032,5,7.83195700000033,2563.0377975,2563.039530291,2563.483759,2563.322746541,NaN,NaN,NaN,NaN,,NaN,,2563.033818208,2563.037750375,None,NaN,NaN,,NaN,NaN,NaN,NaN,NaN,NaN,NaN,1,kitchen,2,2024-03-18_13h09.11.124,image_similarity_rating,2023.2.3,None,2024-03-18 13h09.27.456878 +0100
,117,122,347,347,stimuli/own/kitchen/117_kit.jpg,stimuli/own/kitchen/122_kit.jpg,NaN,NaN,NaN,NaN,NaN,NaN,NaN,NaN,0,254,254,346,2571.543208708,NaN,NaN,NaN,NaN,NaN,NaN,NaN,,NaN,,2571.837043708,2572.002410875,2572.002410875,2572.002410875,2572.002410875,2572.002410875,2572.002410875,2572.002410875,2572.002410875,2572.002410875,2581.691087083,7,-7,5,5,9.56134104199919,6,4.47296783300044,2571.54127425,2571.543208708,2572.002410875,2571.837028916,NaN,NaN,NaN,NaN,,NaN,,2571.537837291,2571.541228916,None,NaN,NaN,,NaN,NaN,NaN,NaN,NaN,NaN,NaN,1,kitchen,2,2024-03-18_13h09.11.124,image_similarity_rating,2023.2.3,None,2024-03-18 13h09.27.456878 +0100
,104,140,129,129,stimuli/own/kitchen/104_kit.jpg,stimuli/own/kitchen/140_kit.jpg,NaN,NaN,NaN,NaN,NaN,NaN,NaN,NaN,0,255,255,128,2581.701367541,NaN,NaN,NaN,NaN,NaN,NaN,NaN,,NaN,,2581.985816041,2582.156049875,2582.156049875,2582.156049875,2582.156049875,2582.156049875,2582.156049875,2582.156049875,2582.156049875,2582.156049875,2589.933753708,7,-7,5,3,5.72589508400051,4,7.02077766600087,2581.694755833,2581.701367541,2582.156049875,2581.985799625,NaN,NaN,NaN,NaN,,NaN,,2581.691304458,2581.694707541,None,NaN,NaN,,NaN,NaN,NaN,NaN,NaN,NaN,NaN,1,kitchen,2,2024-03-18_13h09.11.124,image_similarity_rating,2023.2.3,None,2024-03-18 13h09.27.456878 +0100
,131,135,553,553,stimuli/own/kitchen/131_kit.jpg,stimuli/own/kitchen/135_kit.jpg,NaN,NaN,NaN,NaN,NaN,NaN,NaN,NaN,0,256,256,552,2589.939639541,NaN,NaN,NaN,NaN,NaN,NaN,NaN,,NaN,,2590.235996125,2590.403834833,2590.403834833,2590.403834833,2590.403834833,2590.403834833,2590.403834833,2590.403834833,2590.403834833,2590.403834833,2600.8053975,-7,7,5,1,6.96485087499968,4,10.0612394170003,2589.937546916,2589.939639541,2590.403834833,2590.2359795,NaN,NaN,NaN,NaN,,NaN,,2589.933970916,2589.937501125,None,NaN,NaN,,NaN,NaN,NaN,NaN,NaN,NaN,NaN,1,kitchen,2,2024-03-18_13h09.11.124,image_similarity_rating,2023.2.3,None,2024-03-18 13h09.27.456878 +0100
,126,137,513,513,stimuli/own/kitchen/126_kit.jpg,stimuli/own/kitchen/137_kit.jpg,NaN,NaN,NaN,NaN,NaN,NaN,NaN,NaN,0,257,257,512,2600.817750875,NaN,NaN,NaN,NaN,NaN,NaN,NaN,,NaN,,2601.103236083,2601.271325041,2601.271325041,2601.271325041,2601.271325041,2601.271325041,2601.271325041,2601.271325041,2601.271325041,2601.271325041,2606.05770125,7,-7,5,3,4.83561383300002,5,2.29723666700011,2600.809079625,2600.817750875,2601.271325041,2601.103217416,NaN,NaN,NaN,NaN,,NaN,,2600.805611958,2600.809033708,None,NaN,NaN,,NaN,NaN,NaN,NaN,NaN,NaN,NaN,1,kitchen,2,2024-03-18_13h09.11.124,image_similarity_rating,2023.2.3,None,2024-03-18 13h09.27.456878 +0100
,105,112,134,134,stimuli/own/kitchen/105_kit.jpg,stimuli/own/kitchen/112_kit.jpg,NaN,NaN,NaN,NaN,NaN,NaN,NaN,NaN,0,258,258,133,2606.067702833,NaN,NaN,NaN,NaN,NaN,NaN,NaN,,NaN,,2606.35301575,2606.5168725,2606.5168725,2606.5168725,2606.5168725,2606.5168725,2606.5168725,2606.5168725,2606.5168725,2606.5168725,2612.903857,7,-7,5,2,2.59189229100048,4,6.07609179099927,2606.061377625,2606.067702833,2606.5168725,2606.353002916,NaN,NaN,NaN,NaN,,NaN,,2606.057920833,2606.06133175,None,NaN,NaN,,NaN,NaN,NaN,NaN,NaN,NaN,NaN,1,kitchen,2,2024-03-18_13h09.11.124,image_similarity_rating,2023.2.3,None,2024-03-18 13h09.27.456878 +0100
,120,136,419,419,stimuli/own/kitchen/120_kit.jpg,stimuli/own/kitchen/136_kit.jpg,NaN,NaN,NaN,NaN,NaN,NaN,NaN,NaN,0,259,259,418,2612.909715541,NaN,NaN,NaN,NaN,NaN,NaN,NaN,,NaN,,2613.202825458,2613.36786725,2613.36786725,2613.36786725,2613.36786725,2613.36786725,2613.36786725,2613.36786725,2613.36786725,2613.36786725,2623.987390833,-7,7,5,2,5.27144829200006,5,2.43081795900071,2612.907647916,2612.909715541,2613.36786725,2613.202812,NaN,NaN,NaN,NaN,,NaN,,2612.904073625,2612.907601916,None,NaN,NaN,,NaN,NaN,NaN,NaN,NaN,NaN,NaN,1,kitchen,2,2024-03-18_13h09.11.124,image_similarity_rating,2023.2.3,None,2024-03-18 13h09.27.456878 +0100
,121,141,442,442,stimuli/own/kitchen/121_kit.jpg,stimuli/own/kitchen/141_kit.jpg,NaN,NaN,NaN,NaN,NaN,NaN,NaN,NaN,0,260,260,441,2624.001061291,NaN,NaN,NaN,NaN,NaN,NaN,NaN,,NaN,,2624.285488875,2624.450079291,2624.450079291,2624.450079291,2624.450079291,2624.450079291,2624.450079291,2624.450079291,2624.450079291,2624.450079291,2631.633452083,-7,7,5,3,5.09559904200069,2,6.96085304199914,2623.991185083,2624.001061291,2624.450079291,2624.285476125,NaN,NaN,NaN,NaN,,NaN,,2623.987615541,2623.991138208,None,NaN,NaN,,NaN,NaN,NaN,NaN,NaN,NaN,NaN,1,kitchen,2,2024-03-18_13h09.11.124,image_similarity_rating,2023.2.3,None,2024-03-18 13h09.27.456878 +0100
,113,138,292,292,stimuli/own/kitchen/113_kit.jpg,stimuli/own/kitchen/138_kit.jpg,NaN,NaN,NaN,NaN,NaN,NaN,NaN,NaN,0,261,261,291,2631.63964,NaN,NaN,NaN,NaN,NaN,NaN,NaN,,NaN,,2631.922803916,2632.085449583,2632.085449583,2632.085449583,2632.085449583,2632.085449583,2632.085449583,2632.085449583,2632.085449583,2632.085449583,2639.737338916,-7,7,5,2,6.2952639160012,2,7.61509945800026,2631.637349958,2631.63964,2632.085449583,2631.92279125,NaN,NaN,NaN,NaN,,NaN,,2631.633680541,2631.637303708,None,NaN,NaN,,NaN,NaN,NaN,NaN,NaN,NaN,NaN,1,kitchen,2,2024-03-18_13h09.11.124,image_similarity_rating,2023.2.3,None,2024-03-18 13h09.27.456878 +0100
,101,134,27,27,stimuli/own/kitchen/101_kit.jpg,stimuli/own/kitchen/134_kit.jpg,NaN,NaN,NaN,NaN,NaN,NaN,NaN,NaN,0,262,262,26,2639.743090458,NaN,NaN,NaN,NaN,NaN,NaN,NaN,,NaN,,2640.0356995,2640.203462833,2640.203462833,2640.203462833,2640.203462833,2640.203462833,2640.203462833,2640.203462833,2640.203462833,2640.203462833,2649.136691583,-7,7,5,4,5.47881908300042,4,8.58310762499968,2639.741001791,2639.743090458,2640.203462833,2640.035681791,NaN,NaN,NaN,NaN,,NaN,,2639.7375565,2639.740956208,None,NaN,NaN,,NaN,NaN,NaN,NaN,NaN,NaN,NaN,1,kitchen,2,2024-03-18_13h09.11.124,image_similarity_rating,2023.2.3,None,2024-03-18 13h09.27.456878 +0100
,118,141,385,385,stimuli/own/kitchen/118_kit.jpg,stimuli/own/kitchen/141_kit.jpg,NaN,NaN,NaN,NaN,NaN,NaN,NaN,NaN,0,263,263,384,2649.142119041,NaN,NaN,NaN,NaN,NaN,NaN,NaN,,NaN,,2649.435654875,2649.600407166,2649.600407166,2649.600407166,2649.600407166,2649.600407166,2649.600407166,2649.600407166,2649.600407166,2649.600407166,2658.233476833,-7,7,5,4,5.79148670799987,3,7.51482208299967,2649.140351166,2649.142119041,2649.600407166,2649.435639041,NaN,NaN,NaN,NaN,,NaN,,2649.136908166,2649.140305916,None,NaN,NaN,,NaN,NaN,NaN,NaN,NaN,NaN,NaN,1,kitchen,2,2024-03-18_13h09.11.124,image_similarity_rating,2023.2.3,None,2024-03-18 13h09.27.456878 +0100
,118,140,384,384,stimuli/own/kitchen/118_kit.jpg,stimuli/own/kitchen/140_kit.jpg,NaN,NaN,NaN,NaN,NaN,NaN,NaN,NaN,0,264,264,383,2658.239125916,NaN,NaN,NaN,NaN,NaN,NaN,NaN,,NaN,,2658.523416,2658.687183291,2658.687183291,2658.687183291,2658.687183291,2658.687183291,2658.687183291,2658.687183291,2658.687183291,2658.687183291,2665.212570208,-7,7,5,3,4.51378204200046,1,6.31186379199971,2658.237194041,2658.239125916,2658.687183291,2658.523405125,NaN,NaN,NaN,NaN,,NaN,,2658.233694416,2658.237147458,None,NaN,NaN,,NaN,NaN,NaN,NaN,NaN,NaN,NaN,1,kitchen,2,2024-03-18_13h09.11.124,image_similarity_rating,2023.2.3,None,2024-03-18 13h09.27.456878 +0100
,106,135,183,183,stimuli/own/kitchen/106_kit.jpg,stimuli/own/kitchen/135_kit.jpg,NaN,NaN,NaN,NaN,NaN,NaN,NaN,NaN,0,265,265,182,2665.218879083,NaN,NaN,NaN,NaN,NaN,NaN,NaN,,NaN,,2665.503371625,2665.669036416,2665.669036416,2665.669036416,2665.669036416,2665.669036416,2665.669036416,2665.669036416,2665.669036416,2665.669036416,2674.100706166,-7,7,5,2,8.43865283299965,3,3.07219454199912,2665.216233791,2665.218879083,2665.669036416,2665.503355458,NaN,NaN,NaN,NaN,,NaN,,2665.212784583,2665.216187625,None,NaN,NaN,,NaN,NaN,NaN,NaN,NaN,NaN,NaN,1,kitchen,2,2024-03-18_13h09.11.124,image_similarity_rating,2023.2.3,None,2024-03-18 13h09.27.456878 +0100
,129,131,531,531,stimuli/own/kitchen/129_kit.jpg,stimuli/own/kitchen/131_kit.jpg,NaN,NaN,NaN,NaN,NaN,NaN,NaN,NaN,0,266,266,530,2674.106515166,NaN,NaN,NaN,NaN,NaN,NaN,NaN,,NaN,,2674.389237208,2674.552227875,2674.552227875,2674.552227875,2674.552227875,2674.552227875,2674.552227875,2674.552227875,2674.552227875,2674.552227875,2683.812225125,7,-7,5,5,8.65238845800013,2,9.07447245899857,2674.104461041,2674.106515166,2674.552227875,2674.3892265,NaN,NaN,NaN,NaN,,NaN,,2674.100925791,2674.104415791,None,NaN,NaN,,NaN,NaN,NaN,NaN,NaN,NaN,NaN,1,kitchen,2,2024-03-18_13h09.11.124,image_similarity_rating,2023.2.3,None,2024-03-18 13h09.27.456878 +0100
,105,118,139,139,stimuli/own/kitchen/105_kit.jpg,stimuli/own/kitchen/118_kit.jpg,NaN,NaN,NaN,NaN,NaN,NaN,NaN,NaN,0,267,267,138,2683.83440225,NaN,NaN,NaN,NaN,NaN,NaN,NaN,,NaN,,2684.11835025,2684.283192666,2684.283192666,2684.283192666,2684.283192666,2684.283192666,2684.283192666,2684.283192666,2684.283192666,2684.283192666,2694.432572083,-7,7,5,5,9.99837733400091,5,2.17888541599859,2683.816010541,2683.83440225,NaN,2684.118333291,NaN,NaN,NaN,NaN,,NaN,,2683.812439291,2683.815964125,None,NaN,NaN,,NaN,NaN,NaN,NaN,NaN,NaN,NaN,1,kitchen,2,2024-03-18_13h09.11.124,image_similarity_rating,2023.2.3,None,2024-03-18 13h09.27.456878 +0100
,131,137,555,555,stimuli/own/kitchen/131_kit.jpg,stimuli/own/kitchen/137_kit.jpg,NaN,NaN,NaN,NaN,NaN,NaN,NaN,NaN,0,268,268,554,2694.438184666,NaN,NaN,NaN,NaN,NaN,NaN,NaN,,NaN,,2694.723693166,2694.887548083,2694.887548083,2694.887548083,2694.887548083,2694.887548083,2694.887548083,2694.887548083,2694.887548083,2694.887548083,2704.683096833,-7,7,5,4,3.91766783399908,3,9.46443908400033,2694.436428333,2694.438184666,2694.887548083,2694.723679791,NaN,NaN,NaN,NaN,,NaN,,2694.432798583,2694.436382375,None,NaN,NaN,,NaN,NaN,NaN,NaN,NaN,NaN,NaN,1,kitchen,2,2024-03-18_13h09.11.124,image_similarity_rating,2023.2.3,None,2024-03-18 13h09.27.456878 +0100
,106,138,186,186,stimuli/own/kitchen/106_kit.jpg,stimuli/own/kitchen/138_kit.jpg,NaN,NaN,NaN,NaN,NaN,NaN,NaN,NaN,0,269,269,185,2704.688975541,NaN,NaN,NaN,NaN,NaN,NaN,NaN,,NaN,,2704.974648708,2705.139179791,2705.139179791,2705.139179791,2705.139179791,2705.139179791,2705.139179791,2705.139179791,2705.139179791,2705.139179791,2713.462255666,-7,7,5,4,8.05939316600052,5,3.91241108299982,2704.686891708,2704.688975541,2705.139179791,2704.974636,NaN,NaN,NaN,NaN,,NaN,,2704.683331541,2704.686845958,None,NaN,NaN,,NaN,NaN,NaN,NaN,NaN,NaN,NaN,1,kitchen,2,2024-03-18_13h09.11.124,image_similarity_rating,2023.2.3,None,2024-03-18 13h09.27.456878 +0100
,116,135,336,336,stimuli/own/kitchen/116_kit.jpg,stimuli/own/kitchen/135_kit.jpg,NaN,NaN,NaN,NaN,NaN,NaN,NaN,NaN,0,270,270,335,2713.484229208,NaN,NaN,NaN,NaN,NaN,NaN,NaN,,NaN,,2713.768151916,2713.93972775,2713.93972775,2713.93972775,2713.93972775,2713.93972775,2713.93972775,2713.93972775,2713.93972775,2713.93972775,2722.036475458,7,-7,5,4,5.95022220899955,2,2.45629429200017,2713.46600975,2713.484229208,NaN,2713.768131,NaN,NaN,NaN,NaN,,NaN,,2713.462471791,2713.465963625,None,NaN,NaN,,NaN,NaN,NaN,NaN,NaN,NaN,NaN,1,kitchen,2,2024-03-18_13h09.11.124,image_similarity_rating,2023.2.3,None,2024-03-18 13h09.27.456878 +0100
,106,109,161,161,stimuli/own/kitchen/106_kit.jpg,stimuli/own/kitchen/109_kit.jpg,NaN,NaN,NaN,NaN,NaN,NaN,NaN,NaN,0,271,271,160,2722.042144583,NaN,NaN,NaN,NaN,NaN,NaN,NaN,,NaN,,2722.335358541,2722.502135791,2722.502135791,2722.502135791,2722.502135791,2722.502135791,2722.502135791,2722.502135791,2722.502135791,2722.502135791,2730.711442208,-7,7,5,2,5.74069662500006,2,7.49801608300004,2722.040143416,2722.042144583,2722.502135791,2722.335331916,NaN,NaN,NaN,NaN,,NaN,,2722.036694583,2722.040097291,None,NaN,NaN,,NaN,NaN,NaN,NaN,NaN,NaN,NaN,1,kitchen,2,2024-03-18_13h09.11.124,image_similarity_rating,2023.2.3,None,2024-03-18 13h09.27.456878 +0100
,113,136,290,290,stimuli/own/kitchen/113_kit.jpg,stimuli/own/kitchen/136_kit.jpg,NaN,NaN,NaN,NaN,NaN,NaN,NaN,NaN,0,272,272,289,2730.717310625,NaN,NaN,NaN,NaN,NaN,NaN,NaN,,NaN,,2731.002117041,2731.16515975,2731.16515975,2731.16515975,2731.16515975,2731.16515975,2731.16515975,2731.16515975,2731.16515975,2731.16515975,2736.474339,-7,7,5,2,5.29131783400044,3,2.67694045799908,2730.7151185,2730.717310625,2731.16515975,2731.002102916,NaN,NaN,NaN,NaN,,NaN,,2730.711661458,2730.715073166,None,NaN,NaN,,NaN,NaN,NaN,NaN,NaN,NaN,NaN,1,kitchen,2,2024-03-18_13h09.11.124,image_similarity_rating,2023.2.3,None,2024-03-18 13h09.27.456878 +0100
,130,131,541,541,stimuli/own/kitchen/130_kit.jpg,stimuli/own/kitchen/131_kit.jpg,NaN,NaN,NaN,NaN,NaN,NaN,NaN,NaN,0,273,273,540,2736.483901083,NaN,NaN,NaN,NaN,NaN,NaN,NaN,,NaN,,2736.769331125,2736.934097333,2736.934097333,2736.934097333,2736.934097333,2736.934097333,2736.934097333,2736.934097333,2736.934097333,2736.934097333,2746.790233125,7,-7,5,4,6.20517312500124,5,9.35972516699985,2736.478042,2736.483901083,2736.934097333,2736.769318666,NaN,NaN,NaN,NaN,,NaN,,2736.474556041,2736.477996666,None,NaN,NaN,,NaN,NaN,NaN,NaN,NaN,NaN,NaN,1,kitchen,2,2024-03-18_13h09.11.124,image_similarity_rating,2023.2.3,None,2024-03-18 13h09.27.456878 +0100
,112,135,264,264,stimuli/own/kitchen/112_kit.jpg,stimuli/own/kitchen/135_kit.jpg,NaN,NaN,NaN,NaN,NaN,NaN,NaN,NaN,0,274,274,263,2746.800732166,NaN,NaN,NaN,NaN,NaN,NaN,NaN,,NaN,,2747.085217166,2747.251799458,2747.251799458,2747.251799458,2747.251799458,2747.251799458,2747.251799458,2747.251799458,2747.251799458,2747.251799458,2754.83660025,-7,7,5,2,7.55622712500008,3,2.11549204199946,2746.794011375,2746.800732166,2747.251799458,2747.0851935,NaN,NaN,NaN,NaN,,NaN,,2746.790453125,2746.793965375,None,NaN,NaN,,NaN,NaN,NaN,NaN,NaN,NaN,NaN,1,kitchen,2,2024-03-18_13h09.11.124,image_similarity_rating,2023.2.3,None,2024-03-18 13h09.27.456878 +0100
,118,120,366,366,stimuli/own/kitchen/118_kit.jpg,stimuli/own/kitchen/120_kit.jpg,NaN,NaN,NaN,NaN,NaN,NaN,NaN,NaN,0,275,275,365,2754.842508,NaN,NaN,NaN,NaN,NaN,NaN,NaN,,NaN,,2755.136422541,2755.30154775,2755.30154775,2755.30154775,2755.30154775,2755.30154775,2755.30154775,2755.30154775,2755.30154775,2755.30154775,2759.62042275,-7,7,5,2,2.49620241699995,4,4.10406112499913,2754.84039825,2754.842508,2755.30154775,2755.136408333,NaN,NaN,NaN,NaN,,NaN,,2754.836817375,2754.840352,None,NaN,NaN,,NaN,NaN,NaN,NaN,NaN,NaN,NaN,1,kitchen,2,2024-03-18_13h09.11.124,image_similarity_rating,2023.2.3,None,2024-03-18 13h09.27.456878 +0100
,105,106,131,131,stimuli/own/kitchen/105_kit.jpg,stimuli/own/kitchen/106_kit.jpg,NaN,NaN,NaN,NaN,NaN,NaN,NaN,NaN,0,276,276,130,2759.633806791,NaN,NaN,NaN,NaN,NaN,NaN,NaN,,NaN,,2759.919178291,2760.084563666,2760.084563666,2760.084563666,2760.084563666,2760.084563666,2760.084563666,2760.084563666,2760.084563666,2760.084563666,2768.032468375,-7,7,5,3,7.95902070899865,2,1.99476995800069,2759.624453,2759.633806791,2760.084563666,2759.919148708,NaN,NaN,NaN,NaN,,NaN,,2759.620654166,2759.624397583,None,NaN,NaN,,NaN,NaN,NaN,NaN,NaN,NaN,NaN,1,kitchen,2,2024-03-18_13h09.11.124,image_similarity_rating,2023.2.3,None,2024-03-18 13h09.27.456878 +0100
,121,131,433,433,stimuli/own/kitchen/121_kit.jpg,stimuli/own/kitchen/131_kit.jpg,NaN,NaN,NaN,NaN,NaN,NaN,NaN,NaN,0,277,277,432,2768.038093,NaN,NaN,NaN,NaN,NaN,NaN,NaN,,NaN,,2768.323277875,2768.486089833,2768.486089833,2768.486089833,2768.486089833,2768.486089833,2768.486089833,2768.486089833,2768.486089833,2768.486089833,2776.87446025,7,-7,5,2,3.29932883299989,2,8.34580387499955,2768.036169541,2768.038093,2768.486089833,2768.323267041,NaN,NaN,NaN,NaN,,NaN,,2768.032685208,2768.036124083,None,NaN,NaN,,NaN,NaN,NaN,NaN,NaN,NaN,NaN,1,kitchen,2,2024-03-18_13h09.11.124,image_similarity_rating,2023.2.3,None,2024-03-18 13h09.27.456878 +0100
,111,127,232,232,stimuli/own/kitchen/111_kit.jpg,stimuli/own/kitchen/127_kit.jpg,NaN,NaN,NaN,NaN,NaN,NaN,NaN,NaN,0,278,278,231,2776.883792166,NaN,NaN,NaN,NaN,NaN,NaN,NaN,,NaN,,2777.168525291,2777.333134875,2777.333134875,2777.333134875,2777.333134875,2777.333134875,2777.333134875,2777.333134875,2777.333134875,2777.333134875,2785.711714583,7,-7,5,4,6.93888204200084,4,3.73407558299914,2776.878117333,2776.883792166,2777.333134875,2777.168511,NaN,NaN,NaN,NaN,,NaN,,2776.874674875,2776.878071708,None,NaN,NaN,,NaN,NaN,NaN,NaN,NaN,NaN,NaN,1,kitchen,2,2024-03-18_13h09.11.124,image_similarity_rating,2023.2.3,None,2024-03-18 13h09.27.456878 +0100
,113,118,274,274,stimuli/own/kitchen/113_kit.jpg,stimuli/own/kitchen/118_kit.jpg,NaN,NaN,NaN,NaN,NaN,NaN,NaN,NaN,0,279,279,273,2785.733902541,NaN,NaN,NaN,NaN,NaN,NaN,NaN,,NaN,,2786.017966583,2786.189641166,2786.189641166,2786.189641166,2786.189641166,2786.189641166,2786.189641166,2786.189641166,2786.189641166,2786.189641166,2791.419545875,7,-7,5,3,1.90804233299968,3,5.24308625000049,2785.715502166,2785.733902541,NaN,2786.01793075,NaN,NaN,NaN,NaN,,NaN,,2785.711932541,2785.715456458,None,NaN,NaN,,NaN,NaN,NaN,NaN,NaN,NaN,NaN,1,kitchen,2,2024-03-18_13h09.11.124,image_similarity_rating,2023.2.3,None,2024-03-18 13h09.27.456878 +0100
,103,129,88,88,stimuli/own/kitchen/103_kit.jpg,stimuli/own/kitchen/129_kit.jpg,NaN,NaN,NaN,NaN,NaN,NaN,NaN,NaN,0,280,280,87,2791.42512075,NaN,NaN,NaN,NaN,NaN,NaN,NaN,,NaN,,2791.718510458,2791.8869595,2791.8869595,2791.8869595,2791.8869595,2791.8869595,2791.8869595,2791.8869595,2791.8869595,2791.8869595,2796.539769666,-7,7,5,2,2.77931945900127,3,4.01789612500033,2791.423195041,2791.42512075,2791.8869595,2791.718489375,NaN,NaN,NaN,NaN,,NaN,,2791.41976,2791.423149958,None,NaN,NaN,,NaN,NaN,NaN,NaN,NaN,NaN,NaN,1,kitchen,2,2024-03-18_13h09.11.124,image_similarity_rating,2023.2.3,None,2024-03-18 13h09.27.456878 +0100
,125,138,501,501,stimuli/own/kitchen/125_kit.jpg,stimuli/own/kitchen/138_kit.jpg,NaN,NaN,NaN,NaN,NaN,NaN,NaN,NaN,0,281,281,500,2796.550650708,NaN,NaN,NaN,NaN,NaN,NaN,NaN,,NaN,,2796.835056583,2796.999843083,2796.999843083,2796.999843083,2796.999843083,2796.999843083,2796.999843083,2796.999843083,2796.999843083,2796.999843083,2807.366007041,7,-7,5,2,10.3614412920015,6,4.15860749999956,2796.543590208,2796.550650708,2796.999843083,2796.835040708,NaN,NaN,NaN,NaN,,NaN,,2796.5399855,2796.543544,None,NaN,NaN,,NaN,NaN,NaN,NaN,NaN,NaN,NaN,1,kitchen,2,2024-03-18_13h09.11.124,image_similarity_rating,2023.2.3,None,2024-03-18 13h09.27.456878 +0100
,102,105,37,37,stimuli/own/kitchen/102_kit.jpg,stimuli/own/kitchen/105_kit.jpg,NaN,NaN,NaN,NaN,NaN,NaN,NaN,NaN,0,282,282,36,2807.371521708,NaN,NaN,NaN,NaN,NaN,NaN,NaN,,NaN,,2807.655850291,2807.822179708,2807.822179708,2807.822179708,2807.822179708,2807.822179708,2807.822179708,2807.822179708,2807.822179708,2807.822179708,2816.06179175,7,-7,5,4,5.77892666600019,2,8.05094216600082,2807.369751958,2807.371521708,2807.822179708,2807.655837958,NaN,NaN,NaN,NaN,,NaN,,2807.366249708,2807.369705625,None,NaN,NaN,,NaN,NaN,NaN,NaN,NaN,NaN,NaN,1,kitchen,2,2024-03-18_13h09.11.124,image_similarity_rating,2023.2.3,None,2024-03-18 13h09.27.456878 +0100
,117,130,354,354,stimuli/own/kitchen/117_kit.jpg,stimuli/own/kitchen/130_kit.jpg,NaN,NaN,NaN,NaN,NaN,NaN,NaN,NaN,0,283,283,353,2816.083722208,NaN,NaN,NaN,NaN,NaN,NaN,NaN,,NaN,,2816.368281875,2816.534686375,2816.534686375,2816.534686375,2816.534686375,2816.534686375,2816.534686375,2816.534686375,2816.534686375,2816.534686375,2822.55356425,-7,7,5,5,5.81956466699921,3,2.09970812499887,2816.065458291,2816.083722208,NaN,2816.368261125,NaN,NaN,NaN,NaN,,NaN,,2816.062006791,2816.065412291,None,NaN,NaN,,NaN,NaN,NaN,NaN,NaN,NaN,NaN,1,kitchen,2,2024-03-18_13h09.11.124,image_similarity_rating,2023.2.3,None,2024-03-18 13h09.27.456878 +0100
,122,141,459,459,stimuli/own/kitchen/122_kit.jpg,stimuli/own/kitchen/141_kit.jpg,NaN,NaN,NaN,NaN,NaN,NaN,NaN,NaN,0,284,284,458,2822.567000916,NaN,NaN,NaN,NaN,NaN,NaN,NaN,,NaN,,2822.851850666,2823.014549416,2823.014549416,2823.014549416,2823.014549416,2823.014549416,2823.014549416,2823.014549416,2823.014549416,2823.014549416,2830.43787125,-7,7,5,5,2.9788233750005,3,7.20625895800003,2822.557677666,2822.567000916,2823.014549416,2822.851837375,NaN,NaN,NaN,NaN,,NaN,,2822.553796875,2822.557627458,None,NaN,NaN,,NaN,NaN,NaN,NaN,NaN,NaN,NaN,1,kitchen,2,2024-03-18_13h09.11.124,image_similarity_rating,2023.2.3,None,2024-03-18 13h09.27.456878 +0100
,106,123,173,173,stimuli/own/kitchen/106_kit.jpg,stimuli/own/kitchen/123_kit.jpg,NaN,NaN,NaN,NaN,NaN,NaN,NaN,NaN,0,285,285,172,2830.450221458,NaN,NaN,NaN,NaN,NaN,NaN,NaN,,NaN,,2830.735049458,2830.897982,2830.897982,2830.897982,2830.897982,2830.897982,2830.897982,2830.897982,2830.897982,2830.897982,2838.087485541,-7,7,5,3,7.10786212499988,4,2.96408229100052,2830.441734041,2830.450221458,2830.897982,2830.735038791,NaN,NaN,NaN,NaN,,NaN,,2830.438089125,2830.441687625,None,NaN,NaN,,NaN,NaN,NaN,NaN,NaN,NaN,NaN,1,kitchen,2,2024-03-18_13h09.11.124,image_similarity_rating,2023.2.3,None,2024-03-18 13h09.27.456878 +0100
,118,139,383,383,stimuli/own/kitchen/118_kit.jpg,stimuli/own/kitchen/139_kit.jpg,NaN,NaN,NaN,NaN,NaN,NaN,NaN,NaN,0,286,286,382,2838.100646,NaN,NaN,NaN,NaN,NaN,NaN,NaN,,NaN,,2838.384881791,2838.552946083,2838.552946083,2838.552946083,2838.552946083,2838.552946083,2838.552946083,2838.552946083,2838.552946083,2838.552946083,2847.387728291,-7,7,5,2,7.60371895800017,2,8.7598669580002,2838.091303041,2838.100646,2838.552946083,2838.384864833,NaN,NaN,NaN,NaN,,NaN,,2838.087701125,2838.091254666,None,NaN,NaN,,NaN,NaN,NaN,NaN,NaN,NaN,NaN,1,kitchen,2,2024-03-18_13h09.11.124,image_similarity_rating,2023.2.3,None,2024-03-18 13h09.27.456878 +0100
,105,122,143,143,stimuli/own/kitchen/105_kit.jpg,stimuli/own/kitchen/122_kit.jpg,NaN,NaN,NaN,NaN,NaN,NaN,NaN,NaN,0,287,287,142,2847.400625041,NaN,NaN,NaN,NaN,NaN,NaN,NaN,,NaN,,2847.685388541,2847.851127208,2847.851127208,2847.851127208,2847.851127208,2847.851127208,2847.851127208,2847.851127208,2847.851127208,2847.851127208,2855.436026166,7,-7,5,4,4.54738295899915,5,2.26123745800032,2847.391395166,2847.400625041,2847.851127208,2847.685373625,NaN,NaN,NaN,NaN,,NaN,,2847.38795125,2847.391348916,None,NaN,NaN,,NaN,NaN,NaN,NaN,NaN,NaN,NaN,1,kitchen,2,2024-03-18_13h09.11.124,image_similarity_rating,2023.2.3,None,2024-03-18 13h09.27.456878 +0100
,109,136,212,212,stimuli/own/kitchen/109_kit.jpg,stimuli/own/kitchen/136_kit.jpg,NaN,NaN,NaN,NaN,NaN,NaN,NaN,NaN,0,288,288,211,2855.441556375,NaN,NaN,NaN,NaN,NaN,NaN,NaN,,NaN,,2855.734901833,2855.9055105,2855.9055105,2855.9055105,2855.9055105,2855.9055105,2855.9055105,2855.9055105,2855.9055105,2855.9055105,2860.091122791,-7,7,5,3,3.06923483299943,2,4.13586791700072,2855.439691166,2855.441556375,2855.9055105,2855.734885375,NaN,NaN,NaN,NaN,,NaN,,2855.436242083,2855.439645,None,NaN,NaN,,NaN,NaN,NaN,NaN,NaN,NaN,NaN,1,kitchen,2,2024-03-18_13h09.11.124,image_similarity_rating,2023.2.3,None,2024-03-18 13h09.27.456878 +0100
,125,132,496,496,stimuli/own/kitchen/125_kit.jpg,stimuli/own/kitchen/132_kit.jpg,NaN,NaN,NaN,NaN,NaN,NaN,NaN,NaN,0,289,289,495,2860.100113416,NaN,NaN,NaN,NaN,NaN,NaN,NaN,,NaN,,2860.385387958,2860.549383,2860.549383,2860.549383,2860.549383,2860.549383,2860.549383,2860.549383,2860.549383,2860.549383,2867.316203541,7,-7,5,3,5.36402629199983,3,6.73486466699978,2860.094780958,2860.100113416,2860.549383,2860.385374416,NaN,NaN,NaN,NaN,,NaN,,2860.091336958,2860.094734958,None,NaN,NaN,,NaN,NaN,NaN,NaN,NaN,NaN,NaN,1,kitchen,2,2024-03-18_13h09.11.124,image_similarity_rating,2023.2.3,None,2024-03-18 13h09.27.456878 +0100
,104,123,114,114,stimuli/own/kitchen/104_kit.jpg,stimuli/own/kitchen/123_kit.jpg,NaN,NaN,NaN,NaN,NaN,NaN,NaN,NaN,0,290,290,113,2867.322356791,NaN,NaN,NaN,NaN,NaN,NaN,NaN,,NaN,,2867.605269833,2867.76805725,2867.76805725,2867.76805725,2867.76805725,2867.76805725,2867.76805725,2867.76805725,2867.76805725,2867.76805725,2872.25388925,7,-7,5,3,3.36144041700027,4,4.42949387500084,2867.320254333,2867.322356791,2867.76805725,2867.605259708,NaN,NaN,NaN,NaN,,NaN,,2867.316417083,2867.320205541,None,NaN,NaN,,NaN,NaN,NaN,NaN,NaN,NaN,NaN,1,kitchen,2,2024-03-18_13h09.11.124,image_similarity_rating,2023.2.3,None,2024-03-18 13h09.27.456878 +0100
,102,122,50,50,stimuli/own/kitchen/102_kit.jpg,stimuli/own/kitchen/122_kit.jpg,NaN,NaN,NaN,NaN,NaN,NaN,NaN,NaN,0,291,291,49,2872.266848833,NaN,NaN,NaN,NaN,NaN,NaN,NaN,,NaN,,2872.552442291,2872.718920916,2872.718920916,2872.718920916,2872.718920916,2872.718920916,2872.718920916,2872.718920916,2872.718920916,2872.718920916,2881.011205333,-7,7,5,4,8.29130737499872,1,4.94338537499971,2872.257772541,2872.266848833,2872.718920916,2872.552427208,NaN,NaN,NaN,NaN,,NaN,,2872.254120166,2872.257716083,None,NaN,NaN,,NaN,NaN,NaN,NaN,NaN,NaN,NaN,1,kitchen,2,2024-03-18_13h09.11.124,image_similarity_rating,2023.2.3,None,2024-03-18 13h09.27.456878 +0100
,109,134,210,210,stimuli/own/kitchen/109_kit.jpg,stimuli/own/kitchen/134_kit.jpg,NaN,NaN,NaN,NaN,NaN,NaN,NaN,NaN,0,292,292,209,2881.016740416,NaN,NaN,NaN,NaN,NaN,NaN,NaN,,NaN,,2881.302022125,2881.468247208,2881.468247208,2881.468247208,2881.468247208,2881.468247208,2881.468247208,2881.468247208,2881.468247208,2881.468247208,2887.002599791,-7,7,5,3,3.39653250000083,4,5.04925416699916,2881.0148705,2881.016740416,2881.468247208,2881.3020075,NaN,NaN,NaN,NaN,,NaN,,2881.011422916,2881.014824833,None,NaN,NaN,,NaN,NaN,NaN,NaN,NaN,NaN,NaN,1,kitchen,2,2024-03-18_13h09.11.124,image_similarity_rating,2023.2.3,None,2024-03-18 13h09.27.456878 +0100
,104,129,119,119,stimuli/own/kitchen/104_kit.jpg,stimuli/own/kitchen/129_kit.jpg,NaN,NaN,NaN,NaN,NaN,NaN,NaN,NaN,0,293,293,118,2887.008040916,NaN,NaN,NaN,NaN,NaN,NaN,NaN,,NaN,,2887.301561416,2887.47348675,2887.47348675,2887.47348675,2887.47348675,2887.47348675,2887.47348675,2887.47348675,2887.47348675,2887.47348675,2892.936551041,-7,7,5,2,5.3662991250003,2,3.46332304200041,2887.006288083,2887.008040916,2887.47348675,2887.301543291,NaN,NaN,NaN,NaN,,NaN,,2887.002827333,2887.006242166,None,NaN,NaN,,NaN,NaN,NaN,NaN,NaN,NaN,NaN,1,kitchen,2,2024-03-18_13h09.11.124,image_similarity_rating,2023.2.3,None,2024-03-18 13h09.27.456878 +0100
,101,121,16,16,stimuli/own/kitchen/101_kit.jpg,stimuli/own/kitchen/121_kit.jpg,NaN,NaN,NaN,NaN,NaN,NaN,NaN,NaN,0,294,294,15,2892.942227125,NaN,NaN,NaN,NaN,NaN,NaN,NaN,,NaN,,2893.235779875,2893.400570541,2893.400570541,2893.400570541,2893.400570541,2893.400570541,2893.400570541,2893.400570541,2893.400570541,2893.400570541,2898.45685125,-7,7,5,2,3.77718574999926,2,4.93252424999991,2892.940214375,2892.942227125,2893.400570541,2893.235760541,NaN,NaN,NaN,NaN,,NaN,,2892.936769,2892.940169041,None,NaN,NaN,,NaN,NaN,NaN,NaN,NaN,NaN,NaN,1,kitchen,2,2024-03-18_13h09.11.124,image_similarity_rating,2023.2.3,None,2024-03-18 13h09.27.456878 +0100
,104,109,102,102,stimuli/own/kitchen/104_kit.jpg,stimuli/own/kitchen/109_kit.jpg,NaN,NaN,NaN,NaN,NaN,NaN,NaN,NaN,0,295,295,101,2898.466919208,NaN,NaN,NaN,NaN,NaN,NaN,NaN,,NaN,,2898.752115333,2898.917469333,2898.917469333,2898.917469333,2898.917469333,2898.917469333,2898.917469333,2898.917469333,2898.917469333,2898.917469333,2903.354414333,7,-7,5,2,4.48284349999994,3,2.61806170800082,2898.460493333,2898.466919208,2898.917469333,2898.75210125,NaN,NaN,NaN,NaN,,NaN,,2898.457062416,2898.460447833,None,NaN,NaN,,NaN,NaN,NaN,NaN,NaN,NaN,NaN,1,kitchen,2,2024-03-18_13h09.11.124,image_similarity_rating,2023.2.3,None,2024-03-18 13h09.27.456878 +0100
,105,117,138,138,stimuli/own/kitchen/105_kit.jpg,stimuli/own/kitchen/117_kit.jpg,NaN,NaN,NaN,NaN,NaN,NaN,NaN,NaN,0,296,296,137,2903.366728041,NaN,NaN,NaN,NaN,NaN,NaN,NaN,,NaN,,2903.651926833,2903.816082625,2903.816082625,2903.816082625,2903.816082625,2903.816082625,2903.816082625,2903.816082625,2903.816082625,2903.816082625,2910.219610666,7,-7,5,5,5.20359233300042,5,6.35559958400154,2903.358052875,2903.366728041,2903.816082625,2903.651909,NaN,NaN,NaN,NaN,,NaN,,2903.354623916,2903.358006333,None,NaN,NaN,,NaN,NaN,NaN,NaN,NaN,NaN,NaN,1,kitchen,2,2024-03-18_13h09.11.124,image_similarity_rating,2023.2.3,None,2024-03-18 13h09.27.456878 +0100
,101,131,25,25,stimuli/own/kitchen/101_kit.jpg,stimuli/own/kitchen/131_kit.jpg,NaN,NaN,NaN,NaN,NaN,NaN,NaN,NaN,0,297,297,24,2910.225516916,NaN,NaN,NaN,NaN,NaN,NaN,NaN,,NaN,,2910.518591333,2910.683509916,2910.683509916,2910.683509916,2910.683509916,2910.683509916,2910.683509916,2910.683509916,2910.683509916,2910.683509916,2922.5191845,7,-7,5,6,5.81994695899994,4,11.1267090410001,2910.223267375,2910.225516916,2910.683509916,2910.518573708,NaN,NaN,NaN,NaN,,NaN,,2910.219824458,2910.223210708,None,NaN,NaN,,NaN,NaN,NaN,NaN,NaN,NaN,NaN,1,kitchen,2,2024-03-18_13h09.11.124,image_similarity_rating,2023.2.3,None,2024-03-18 13h09.27.456878 +0100
,132,134,560,560,stimuli/own/kitchen/132_kit.jpg,stimuli/own/kitchen/134_kit.jpg,NaN,NaN,NaN,NaN,NaN,NaN,NaN,NaN,0,298,298,559,2922.525066666,NaN,NaN,NaN,NaN,NaN,NaN,NaN,,NaN,,2922.818410083,2922.981389833,2922.981389833,2922.981389833,2922.981389833,2922.981389833,2922.981389833,2922.981389833,2922.981389833,2922.981389833,2928.499092625,-7,7,5,2,5.46288183300021,5,1.60220754200054,2922.522967458,2922.525066666,2922.981389833,2922.818397,NaN,NaN,NaN,NaN,,NaN,,2922.519403125,2922.52292175,None,NaN,NaN,,NaN,NaN,NaN,NaN,NaN,NaN,NaN,1,kitchen,2,2024-03-18_13h09.11.124,image_similarity_rating,2023.2.3,None,2024-03-18 13h09.27.456878 +0100
,109,138,214,214,stimuli/own/kitchen/109_kit.jpg,stimuli/own/kitchen/138_kit.jpg,NaN,NaN,NaN,NaN,NaN,NaN,NaN,NaN,0,299,299,213,2928.504853041,NaN,NaN,NaN,NaN,NaN,NaN,NaN,,NaN,,2928.802230333,2928.968337458,2928.968337458,2928.968337458,2928.968337458,2928.968337458,2928.968337458,2928.968337458,2928.968337458,2928.968337458,2936.511781666,-7,7,5,3,6.28480983400004,3,7.45551300000079,2928.502761625,2928.504853041,2928.968337458,2928.802213416,NaN,NaN,NaN,NaN,,NaN,,2928.49932225,2928.502715541,None,NaN,NaN,,NaN,NaN,NaN,NaN,NaN,NaN,NaN,1,kitchen,2,2024-03-18_13h09.11.124,image_similarity_rating,2023.2.3,None,2024-03-18 13h09.27.456878 +0100
,111,131,235,235,stimuli/own/kitchen/111_kit.jpg,stimuli/own/kitchen/131_kit.jpg,NaN,NaN,NaN,NaN,NaN,NaN,NaN,NaN,0,300,300,234,2936.517962458,NaN,NaN,NaN,NaN,NaN,NaN,NaN,,NaN,,2936.802110583,2936.968055125,2936.968055125,2936.968055125,2936.968055125,2936.968055125,2936.968055125,2936.968055125,2936.968055125,2936.968055125,2941.8615175,-7,7,5,2,4.31970249999904,2,4.77481925000029,2936.515463541,2936.517962458,2936.968055125,2936.802097458,NaN,NaN,NaN,NaN,,NaN,,2936.512003625,2936.515417875,None,NaN,NaN,,NaN,NaN,NaN,NaN,NaN,NaN,NaN,1,kitchen,2,2024-03-18_13h09.11.124,image_similarity_rating,2023.2.3,None,2024-03-18 13h09.27.456878 +0100
,121,123,426,426,stimuli/own/kitchen/121_kit.jpg,stimuli/own/kitchen/123_kit.jpg,NaN,NaN,NaN,NaN,NaN,NaN,NaN,NaN,0,301,301,425,2941.868033416,NaN,NaN,NaN,NaN,NaN,NaN,NaN,,NaN,,2942.151479666,2942.314691791,2942.314691791,2942.314691791,2942.314691791,2942.314691791,2942.314691791,2942.314691791,2942.314691791,2942.314691791,2947.840267041,7,-7,5,3,2.90097579200119,3,3.96395837499949,2941.865283791,2941.868033416,2942.314691791,2942.151465875,NaN,NaN,NaN,NaN,,NaN,,2941.861731541,2941.865238083,None,NaN,NaN,,NaN,NaN,NaN,NaN,NaN,NaN,NaN,1,kitchen,2,2024-03-18_13h09.11.124,image_similarity_rating,2023.2.3,None,2024-03-18 13h09.27.456878 +0100
,109,140,216,216,stimuli/own/kitchen/109_kit.jpg,stimuli/own/kitchen/140_kit.jpg,NaN,NaN,NaN,NaN,NaN,NaN,NaN,NaN,0,302,302,215,2947.849937125,NaN,NaN,NaN,NaN,NaN,NaN,NaN,,NaN,,2948.134751541,2948.299343541,2948.299343541,2948.299343541,2948.299343541,2948.299343541,2948.299343541,2948.299343541,2948.299343541,2948.299343541,2955.024182916,7,-7,5,3,5.57836091600075,2,6.63677154200013,2947.843946791,2947.849937125,2948.299343541,2948.134737125,NaN,NaN,NaN,NaN,,NaN,,2947.8404875,2947.843901208,None,NaN,NaN,,NaN,NaN,NaN,NaN,NaN,NaN,NaN,1,kitchen,2,2024-03-18_13h09.11.124,image_similarity_rating,2023.2.3,None,2024-03-18 13h09.27.456878 +0100
,102,135,61,61,stimuli/own/kitchen/102_kit.jpg,stimuli/own/kitchen/135_kit.jpg,NaN,NaN,NaN,NaN,NaN,NaN,NaN,NaN,0,303,303,60,2955.033306666,NaN,NaN,NaN,NaN,NaN,NaN,NaN,,NaN,,2955.318665,2955.483947958,2955.483947958,2955.483947958,2955.483947958,2955.483947958,2955.483947958,2955.483947958,2955.483947958,2955.483947958,2969.557211625,7,-7,5,5,9.10830279199945,3,4.53321095799947,2955.02791075,2955.033306666,2955.483947958,2955.318651666,NaN,NaN,NaN,NaN,,NaN,,2955.024397041,2955.027865583,None,NaN,NaN,,NaN,NaN,NaN,NaN,NaN,NaN,NaN,1,kitchen,2,2024-03-18_13h09.11.124,image_similarity_rating,2023.2.3,None,2024-03-18 13h09.27.456878 +0100
,117,124,349,349,stimuli/own/kitchen/117_kit.jpg,stimuli/own/kitchen/124_kit.jpg,NaN,NaN,NaN,NaN,NaN,NaN,NaN,NaN,0,304,304,348,2969.566535916,NaN,NaN,NaN,NaN,NaN,NaN,NaN,,NaN,,2969.851201791,2970.016733541,2970.016733541,2970.016733541,2970.016733541,2970.016733541,2970.016733541,2970.016733541,2970.016733541,2970.016733541,2975.844315916,7,-7,5,4,2.28655445899858,4,5.72945408399937,2969.560841916,2969.566535916,2970.016733541,2969.851187083,NaN,NaN,NaN,NaN,,NaN,,2969.557432875,2969.560796416,None,NaN,NaN,,NaN,NaN,NaN,NaN,NaN,NaN,NaN,1,kitchen,2,2024-03-18_13h09.11.124,image_similarity_rating,2023.2.3,None,2024-03-18 13h09.27.456878 +0100
,112,113,245,245,stimuli/own/kitchen/112_kit.jpg,stimuli/own/kitchen/113_kit.jpg,NaN,NaN,NaN,NaN,NaN,NaN,NaN,NaN,0,305,305,244,2975.849782458,NaN,NaN,NaN,NaN,NaN,NaN,NaN,,NaN,,2976.134498083,2976.303306333,2976.303306333,2976.303306333,2976.303306333,2976.303306333,2976.303306333,2976.303306333,2976.303306333,2976.303306333,2982.718917125,-7,7,5,3,6.42125695899995,2,2.85783791599897,2975.847911125,2975.849782458,2976.303306333,2976.134475,NaN,NaN,NaN,NaN,,NaN,,2975.84453225,2975.8478655,None,NaN,NaN,,NaN,NaN,NaN,NaN,NaN,NaN,NaN,1,kitchen,2,2024-03-18_13h09.11.124,image_similarity_rating,2023.2.3,None,2024-03-18 13h09.27.456878 +0100
,116,120,323,323,stimuli/own/kitchen/116_kit.jpg,stimuli/own/kitchen/120_kit.jpg,NaN,NaN,NaN,NaN,NaN,NaN,NaN,NaN,0,306,306,322,2982.724277833,NaN,NaN,NaN,NaN,NaN,NaN,NaN,,NaN,,2983.01784625,2983.181730416,2983.181730416,2983.181730416,2983.181730416,2983.181730416,2983.181730416,2983.181730416,2983.181730416,2983.181730416,2987.306969916,7,-7,5,2,2.39256295799896,3,4.08771233299922,2982.722528708,2982.724277833,2983.181730416,2983.017835416,NaN,NaN,NaN,NaN,,NaN,,2982.719134166,2982.722483166,None,NaN,NaN,,NaN,NaN,NaN,NaN,NaN,NaN,NaN,1,kitchen,2,2024-03-18_13h09.11.124,image_similarity_rating,2023.2.3,None,2024-03-18 13h09.27.456878 +0100
,113,132,287,287,stimuli/own/kitchen/113_kit.jpg,stimuli/own/kitchen/132_kit.jpg,NaN,NaN,NaN,NaN,NaN,NaN,NaN,NaN,0,307,307,286,2987.31658,NaN,NaN,NaN,NaN,NaN,NaN,NaN,,NaN,,2987.601770416,2987.766492791,2987.766492791,2987.766492791,2987.766492791,2987.766492791,2987.766492791,2987.766492791,2987.766492791,2987.766492791,2992.540496166,-7,7,5,3,3.79218212500018,3,4.71220858299966,2987.310729416,2987.31658,2987.766492791,2987.601758166,NaN,NaN,NaN,NaN,,NaN,,2987.307195208,2987.310683333,None,NaN,NaN,,NaN,NaN,NaN,NaN,NaN,NaN,NaN,1,kitchen,2,2024-03-18_13h09.11.124,image_similarity_rating,2023.2.3,None,2024-03-18 13h09.27.456878 +0100
,132,135,561,561,stimuli/own/kitchen/132_kit.jpg,stimuli/own/kitchen/135_kit.jpg,NaN,NaN,NaN,NaN,NaN,NaN,NaN,NaN,0,308,308,560,2992.549873958,NaN,NaN,NaN,NaN,NaN,NaN,NaN,,NaN,,2992.834555,2992.999160041,2992.999160041,2992.999160041,2992.999160041,2992.999160041,2992.999160041,2992.999160041,2992.999160041,2992.999160041,3001.63939925,-7,7,5,2,5.20073295800103,4,8.59172883300016,2992.544159625,2992.549873958,2992.999160041,2992.834541458,NaN,NaN,NaN,NaN,,NaN,,2992.540717833,2992.544113166,None,NaN,NaN,,NaN,NaN,NaN,NaN,NaN,NaN,NaN,1,kitchen,2,2024-03-18_13h09.11.124,image_similarity_rating,2023.2.3,None,2024-03-18 13h09.27.456878 +0100
,113,135,289,289,stimuli/own/kitchen/113_kit.jpg,stimuli/own/kitchen/135_kit.jpg,NaN,NaN,NaN,NaN,NaN,NaN,NaN,NaN,0,309,309,288,3001.649771041,NaN,NaN,NaN,NaN,NaN,NaN,NaN,,NaN,,3001.934378,3002.103630125,3002.103630125,3002.103630125,3002.103630125,3002.103630125,3002.103630125,3002.103630125,3002.103630125,3002.103630125,3004.885558791,7,-7,5,2,2.00061791699954,4,2.73324137499912,3001.643082375,3001.649771041,3002.103630125,3001.934361708,NaN,NaN,NaN,NaN,,NaN,,3001.639618291,3001.643036208,None,NaN,NaN,,NaN,NaN,NaN,NaN,NaN,NaN,NaN,1,kitchen,2,2024-03-18_13h09.11.124,image_similarity_rating,2023.2.3,None,2024-03-18 13h09.27.456878 +0100
,103,134,92,92,stimuli/own/kitchen/103_kit.jpg,stimuli/own/kitchen/134_kit.jpg,NaN,NaN,NaN,NaN,NaN,NaN,NaN,NaN,0,310,310,91,3004.891243791,NaN,NaN,NaN,NaN,NaN,NaN,NaN,,NaN,,3005.185367708,3005.349535458,3005.349535458,3005.349535458,3005.349535458,3005.349535458,3005.349535458,3005.349535458,3005.349535458,3005.349535458,3033.923495541,-7,7,5,5,26.4765768750003,5,28.5149611249999,3004.88929425,3004.891243791,3005.349535458,3005.185354125,NaN,NaN,NaN,NaN,,NaN,,3004.885773541,3004.889248625,None,NaN,NaN,,NaN,NaN,NaN,NaN,NaN,NaN,NaN,1,kitchen,2,2024-03-18_13h09.11.124,image_similarity_rating,2023.2.3,None,2024-03-18 13h09.27.456878 +0100
,130,135,544,544,stimuli/own/kitchen/130_kit.jpg,stimuli/own/kitchen/135_kit.jpg,NaN,NaN,NaN,NaN,NaN,NaN,NaN,NaN,0,311,311,543,3033.93314825,NaN,NaN,NaN,NaN,NaN,NaN,NaN,,NaN,,3034.217617875,3034.38310925,3034.38310925,3034.38310925,3034.38310925,3034.38310925,3034.38310925,3034.38310925,3034.38310925,3034.38310925,3041.56490425,7,-7,5,5,6.06997008299913,4,7.15692166699955,3033.927253375,3033.93314825,3034.38310925,3034.217595875,NaN,NaN,NaN,NaN,,NaN,,3033.923711791,3033.927207666,None,NaN,NaN,,NaN,NaN,NaN,NaN,NaN,NaN,NaN,1,kitchen,2,2024-03-18_13h09.11.124,image_similarity_rating,2023.2.3,None,2024-03-18 13h09.27.456878 +0100
,124,137,486,486,stimuli/own/kitchen/124_kit.jpg,stimuli/own/kitchen/137_kit.jpg,NaN,NaN,NaN,NaN,NaN,NaN,NaN,NaN,0,312,312,485,3041.570386125,NaN,NaN,NaN,NaN,NaN,NaN,NaN,,NaN,,3041.8554475,3042.02403975,3042.02403975,3042.02403975,3042.02403975,3042.02403975,3042.02403975,3042.02403975,3042.02403975,3042.02403975,3049.107418958,7,-7,5,4,5.9633306249998,4,6.90693725000165,3041.568638791,3041.570386125,3042.02403975,3041.855432291,NaN,NaN,NaN,NaN,,NaN,,3041.565131708,3041.568592625,None,NaN,NaN,,NaN,NaN,NaN,NaN,NaN,NaN,NaN,1,kitchen,2,2024-03-18_13h09.11.124,image_similarity_rating,2023.2.3,None,2024-03-18 13h09.27.456878 +0100
,122,130,449,449,stimuli/own/kitchen/122_kit.jpg,stimuli/own/kitchen/130_kit.jpg,NaN,NaN,NaN,NaN,NaN,NaN,NaN,NaN,0,313,313,448,3049.116674041,NaN,NaN,NaN,NaN,NaN,NaN,NaN,,NaN,,3049.400821,3049.570193625,3049.570193625,3049.570193625,3049.570193625,3049.570193625,3049.570193625,3049.570193625,3049.570193625,3049.570193625,3058.474362583,7,-7,5,6,6.94874399999935,4,8.84088754199911,3049.111081166,3049.116674041,3049.570193625,3049.4008045,NaN,NaN,NaN,NaN,,NaN,,3049.107636875,3049.111035666,None,NaN,NaN,,NaN,NaN,NaN,NaN,NaN,NaN,NaN,1,kitchen,2,2024-03-18_13h09.11.124,image_similarity_rating,2023.2.3,None,2024-03-18 13h09.27.456878 +0100
,134,140,573,573,stimuli/own/kitchen/134_kit.jpg,stimuli/own/kitchen/140_kit.jpg,NaN,NaN,NaN,NaN,NaN,NaN,NaN,NaN,0,314,314,572,3058.482895333,NaN,NaN,NaN,NaN,NaN,NaN,NaN,,NaN,,3058.768661083,3058.934620875,3058.934620875,3058.934620875,3058.934620875,3058.934620875,3058.934620875,3058.934620875,3058.934620875,3058.934620875,3064.99429225,7,-7,5,4,5.99383420899903,4,2.59600129200044,3058.478054041,3058.482895333,3058.934620875,3058.768645958,NaN,NaN,NaN,NaN,,NaN,,3058.474575541,3058.478008208,None,NaN,NaN,,NaN,NaN,NaN,NaN,NaN,NaN,NaN,1,kitchen,2,2024-03-18_13h09.11.124,image_similarity_rating,2023.2.3,None,2024-03-18 13h09.27.456878 +0100
,131,138,556,556,stimuli/own/kitchen/131_kit.jpg,stimuli/own/kitchen/138_kit.jpg,NaN,NaN,NaN,NaN,NaN,NaN,NaN,NaN,0,315,315,555,3065.001016291,NaN,NaN,NaN,NaN,NaN,NaN,NaN,,NaN,,3066.671983458,3066.845167333,3066.845167333,3066.845167333,3066.845167333,3066.845167333,3066.845167333,3066.845167333,3066.845167333,3066.845167333,3085.635223583,7,-7,6,3,17.9345858750003,4,18.7437908330012,3066.384470875,3066.387993041,3066.845167333,3066.671968125,NaN,NaN,NaN,NaN,,NaN,,3064.994506791,3066.384042541,space,3065.001016291,1.38280829200085,None,NaN,NaN,NaN,NaN,NaN,NaN,NaN,1,kitchen,2,2024-03-18_13h09.11.124,image_similarity_rating,2023.2.3,None,2024-03-18 13h09.27.456878 +0100
,109,141,217,217,stimuli/own/kitchen/109_kit.jpg,stimuli/own/kitchen/141_kit.jpg,NaN,NaN,NaN,NaN,NaN,NaN,NaN,NaN,0,316,316,216,3085.641646625,NaN,NaN,NaN,NaN,NaN,NaN,NaN,,NaN,,3085.934957416,3086.099002,3086.099002,3086.099002,3086.099002,3086.099002,3086.099002,3086.099002,3086.099002,3086.099002,3091.486949541,7,-7,6,2,2.66715529199973,3,5.3874517080003,3085.639539625,3085.641646625,3086.099002,3085.9349385,NaN,NaN,NaN,NaN,,NaN,,3085.63543975,3085.639493,None,NaN,NaN,,NaN,NaN,NaN,NaN,NaN,NaN,NaN,1,kitchen,2,2024-03-18_13h09.11.124,image_similarity_rating,2023.2.3,None,2024-03-18 13h09.27.456878 +0100
,122,134,452,452,stimuli/own/kitchen/122_kit.jpg,stimuli/own/kitchen/134_kit.jpg,NaN,NaN,NaN,NaN,NaN,NaN,NaN,NaN,0,317,317,451,3091.499429416,NaN,NaN,NaN,NaN,NaN,NaN,NaN,,NaN,,3091.784212208,3091.948502458,3091.948502458,3091.948502458,3091.948502458,3091.948502458,3091.948502458,3091.948502458,3091.948502458,3091.948502458,3098.218580333,7,-7,6,5,5.32602062499973,4,6.23379274999934,3091.490605125,3091.499429416,3091.948502458,3091.784201208,NaN,NaN,NaN,NaN,,NaN,,3091.487163541,3091.490559583,None,NaN,NaN,,NaN,NaN,NaN,NaN,NaN,NaN,NaN,1,kitchen,2,2024-03-18_13h09.11.124,image_similarity_rating,2023.2.3,None,2024-03-18 13h09.27.456878 +0100
,112,130,260,260,stimuli/own/kitchen/112_kit.jpg,stimuli/own/kitchen/130_kit.jpg,NaN,NaN,NaN,NaN,NaN,NaN,NaN,NaN,0,318,318,259,3098.224239166,NaN,NaN,NaN,NaN,NaN,NaN,NaN,,NaN,,3098.517474958,3098.684126541,3098.684126541,3098.684126541,3098.684126541,3098.684126541,3098.684126541,3098.684126541,3098.684126541,3098.684126541,3105.777031333,7,-7,6,4,5.72398491700005,4,7.06689420800103,3098.222320625,3098.224239166,3098.684126541,3098.517459708,NaN,NaN,NaN,NaN,,NaN,,3098.218797041,3098.222274833,None,NaN,NaN,,NaN,NaN,NaN,NaN,NaN,NaN,NaN,1,kitchen,2,2024-03-18_13h09.11.124,image_similarity_rating,2023.2.3,None,2024-03-18 13h09.27.456878 +0100
,109,125,203,203,stimuli/own/kitchen/109_kit.jpg,stimuli/own/kitchen/125_kit.jpg,NaN,NaN,NaN,NaN,NaN,NaN,NaN,NaN,0,319,319,202,3105.782450833,NaN,NaN,NaN,NaN,NaN,NaN,NaN,,NaN,,3106.067438416,3106.230797791,3106.230797791,3106.230797791,3106.230797791,3106.230797791,3106.230797791,3106.230797791,3106.230797791,3106.230797791,3117.627610791,7,-7,6,1,8.12085424999896,4,10.9118527079991,3105.780683208,3105.782450833,3106.230797791,3106.067427583,NaN,NaN,NaN,NaN,,NaN,,3105.777247666,3105.780637916,None,NaN,NaN,,NaN,NaN,NaN,NaN,NaN,NaN,NaN,1,kitchen,2,2024-03-18_13h09.11.124,image_similarity_rating,2023.2.3,None,2024-03-18 13h09.27.456878 +0100
,136,138,582,582,stimuli/own/kitchen/136_kit.jpg,stimuli/own/kitchen/138_kit.jpg,NaN,NaN,NaN,NaN,NaN,NaN,NaN,NaN,0,320,320,581,3117.634136083,NaN,NaN,NaN,NaN,NaN,NaN,NaN,,NaN,,3117.917715083,3118.082818666,3118.082818666,3118.082818666,3118.082818666,3118.082818666,3118.082818666,3118.082818666,3118.082818666,3118.082818666,3124.494185291,-7,7,6,3,4.9812347499992,3,6.41238995899948,3117.631440208,3117.634136083,3118.082818666,3117.917702291,NaN,NaN,NaN,NaN,,NaN,,3117.627827333,3117.631394208,None,NaN,NaN,,NaN,NaN,NaN,NaN,NaN,NaN,NaN,1,kitchen,2,2024-03-18_13h09.11.124,image_similarity_rating,2023.2.3,None,2024-03-18 13h09.27.456878 +0100
,104,122,113,113,stimuli/own/kitchen/104_kit.jpg,stimuli/own/kitchen/122_kit.jpg,NaN,NaN,NaN,NaN,NaN,NaN,NaN,NaN,0,321,321,112,3124.516140916,NaN,NaN,NaN,NaN,NaN,NaN,NaN,,NaN,,3124.800235208,3124.964135791,3124.964135791,3124.964135791,3124.964135791,3124.964135791,3124.964135791,3124.964135791,3124.964135791,3124.964135791,3134.098048916,7,-7,6,5,9.09490720900067,1,3.0354605420016,3124.497854375,3124.516140916,NaN,3124.80022425,NaN,NaN,NaN,NaN,,NaN,,3124.4944135,3124.497807833,None,NaN,NaN,,NaN,NaN,NaN,NaN,NaN,NaN,NaN,1,kitchen,2,2024-03-18_13h09.11.124,image_similarity_rating,2023.2.3,None,2024-03-18 13h09.27.456878 +0100
,104,132,122,122,stimuli/own/kitchen/104_kit.jpg,stimuli/own/kitchen/132_kit.jpg,NaN,NaN,NaN,NaN,NaN,NaN,NaN,NaN,0,322,322,121,3134.103709583,NaN,NaN,NaN,NaN,NaN,NaN,NaN,,NaN,,3134.38868525,3134.553137375,3134.553137375,3134.553137375,3134.553137375,3134.553137375,3134.553137375,3134.553137375,3134.553137375,3134.553137375,3142.174269875,-7,7,6,2,4.40699191599924,4,7.55157637499906,3134.101770083,3134.103709583,3134.553137375,3134.388674291,NaN,NaN,NaN,NaN,,NaN,,3134.098283416,3134.101722,None,NaN,NaN,,NaN,NaN,NaN,NaN,NaN,NaN,NaN,1,kitchen,2,2024-03-18_13h09.11.124,image_similarity_rating,2023.2.3,None,2024-03-18 13h09.27.456878 +0100
,109,112,191,191,stimuli/own/kitchen/109_kit.jpg,stimuli/own/kitchen/112_kit.jpg,NaN,NaN,NaN,NaN,NaN,NaN,NaN,NaN,0,323,323,190,3142.182353291,NaN,NaN,NaN,NaN,NaN,NaN,NaN,,NaN,,3142.467754458,3142.631940916,3142.631940916,3142.631940916,3142.631940916,3142.631940916,3142.631940916,3142.631940916,3142.631940916,3142.631940916,3150.698595958,7,-7,6,1,2.45030670799861,1,7.91626029200052,3142.177936583,3142.182353291,3142.631940916,3142.467742333,NaN,NaN,NaN,NaN,,NaN,,3142.174486083,3142.177890833,None,NaN,NaN,,NaN,NaN,NaN,NaN,NaN,NaN,NaN,1,kitchen,2,2024-03-18_13h09.11.124,image_similarity_rating,2023.2.3,None,2024-03-18 13h09.27.456878 +0100
,101,135,28,28,stimuli/own/kitchen/101_kit.jpg,stimuli/own/kitchen/135_kit.jpg,NaN,NaN,NaN,NaN,NaN,NaN,NaN,NaN,0,324,324,27,3150.704317,NaN,NaN,NaN,NaN,NaN,NaN,NaN,,NaN,,3150.988006166,3151.150164166,3151.150164166,3151.150164166,3151.150164166,3151.150164166,3151.150164166,3151.150164166,3151.150164166,3151.150164166,3158.202786125,-7,7,6,4,7.01265304099979,2,3.09966016600083,3150.702270791,3150.704317,3151.150164166,3150.98799575,NaN,NaN,NaN,NaN,,NaN,,3150.698812708,3150.702224875,None,NaN,NaN,,NaN,NaN,NaN,NaN,NaN,NaN,NaN,1,kitchen,2,2024-03-18_13h09.11.124,image_similarity_rating,2023.2.3,None,2024-03-18 13h09.27.456878 +0100
,104,124,115,115,stimuli/own/kitchen/104_kit.jpg,stimuli/own/kitchen/124_kit.jpg,NaN,NaN,NaN,NaN,NaN,NaN,NaN,NaN,0,325,325,114,3158.215882833,NaN,NaN,NaN,NaN,NaN,NaN,NaN,,NaN,,3158.501596041,3158.66588475,3158.66588475,3158.66588475,3158.66588475,3158.66588475,3158.66588475,3158.66588475,3158.66588475,3158.66588475,3173.610842166,7,-7,6,6,8.88561779200063,3,14.8717782500007,3158.206686583,3158.215882833,3158.66588475,3158.501579291,NaN,NaN,NaN,NaN,,NaN,,3158.203021166,3158.206638458,None,NaN,NaN,,NaN,NaN,NaN,NaN,NaN,NaN,NaN,1,kitchen,2,2024-03-18_13h09.11.124,image_similarity_rating,2023.2.3,None,2024-03-18 13h09.27.456878 +0100
,126,135,511,511,stimuli/own/kitchen/126_kit.jpg,stimuli/own/kitchen/135_kit.jpg,NaN,NaN,NaN,NaN,NaN,NaN,NaN,NaN,0,326,326,510,3173.617362708,NaN,NaN,NaN,NaN,NaN,NaN,NaN,,NaN,,3173.901410041,3174.067966625,3174.067966625,3174.067966625,3174.067966625,3174.067966625,3174.067966625,3174.067966625,3174.067966625,3174.067966625,3179.569066583,7,-7,6,5,5.40592179099986,3,3.16576987500048,3173.614502041,3173.617362708,3174.067966625,3173.901395458,NaN,NaN,NaN,NaN,,NaN,,3173.611056041,3173.614456416,None,NaN,NaN,,NaN,NaN,NaN,NaN,NaN,NaN,NaN,1,kitchen,2,2024-03-18_13h09.11.124,image_similarity_rating,2023.2.3,None,2024-03-18 13h09.27.456878 +0100
,126,131,508,508,stimuli/own/kitchen/126_kit.jpg,stimuli/own/kitchen/131_kit.jpg,NaN,NaN,NaN,NaN,NaN,NaN,NaN,NaN,0,327,327,507,3179.582497791,NaN,NaN,NaN,NaN,NaN,NaN,NaN,,NaN,,3179.867239541,3180.038749708,3180.038749708,3180.038749708,3180.038749708,3180.038749708,3180.038749708,3180.038749708,3180.038749708,3180.038749708,3190.626443416,7,-7,6,4,8.2667064160014,2,10.5663340840001,3179.572932791,3179.582497791,3180.038749708,3179.867222541,NaN,NaN,NaN,NaN,,NaN,,3179.569292583,3179.572884166,None,NaN,NaN,,NaN,NaN,NaN,NaN,NaN,NaN,NaN,1,kitchen,2,2024-03-18_13h09.11.124,image_similarity_rating,2023.2.3,None,2024-03-18 13h09.27.456878 +0100
,106,120,170,170,stimuli/own/kitchen/106_kit.jpg,stimuli/own/kitchen/120_kit.jpg,NaN,NaN,NaN,NaN,NaN,NaN,NaN,NaN,0,328,328,169,3190.632113041,NaN,NaN,NaN,NaN,NaN,NaN,NaN,,NaN,,3190.917367458,3191.081641083,3191.081641083,3191.081641083,3191.081641083,3191.081641083,3191.081641083,3191.081641083,3191.081641083,3191.081641083,3201.618395958,-7,7,6,5,9.38661629200033,2,3.93422787499912,3190.630220083,3190.632113041,3191.081641083,3190.91735325,NaN,NaN,NaN,NaN,,NaN,,3190.626657833,3190.630174708,None,NaN,NaN,,NaN,NaN,NaN,NaN,NaN,NaN,NaN,1,kitchen,2,2024-03-18_13h09.11.124,image_similarity_rating,2023.2.3,None,2024-03-18 13h09.27.456878 +0100
,126,134,510,510,stimuli/own/kitchen/126_kit.jpg,stimuli/own/kitchen/134_kit.jpg,NaN,NaN,NaN,NaN,NaN,NaN,NaN,NaN,0,329,329,509,3201.624148208,NaN,NaN,NaN,NaN,NaN,NaN,NaN,,NaN,,3201.916920958,3202.088103875,3202.088103875,3202.088103875,3202.088103875,3202.088103875,3202.088103875,3202.088103875,3202.088103875,3202.088103875,3209.35233925,7,-7,6,4,4.04506337500061,5,6.51664645800156,3201.62220975,3201.624148208,3202.088103875,3201.9169045,NaN,NaN,NaN,NaN,,NaN,,3201.618614958,3201.62216,None,NaN,NaN,,NaN,NaN,NaN,NaN,NaN,NaN,NaN,1,kitchen,2,2024-03-18_13h09.11.124,image_similarity_rating,2023.2.3,None,2024-03-18 13h09.27.456878 +0100
,101,114,10,10,stimuli/own/kitchen/101_kit.jpg,stimuli/own/kitchen/114_kit.jpg,NaN,NaN,NaN,NaN,NaN,NaN,NaN,NaN,0,330,330,9,3209.358028083,NaN,NaN,NaN,NaN,NaN,NaN,NaN,,NaN,,3209.650966666,3209.81605825,3209.81605825,3209.81605825,3209.81605825,3209.81605825,3209.81605825,3209.81605825,3209.81605825,3209.81605825,3216.826636083,7,-7,6,4,4.57161179200011,4,6.31030262500099,3209.356105375,3209.358028083,3209.81605825,3209.650952916,NaN,NaN,NaN,NaN,,NaN,,3209.352561708,3209.356059166,None,NaN,NaN,,NaN,NaN,NaN,NaN,NaN,NaN,NaN,1,kitchen,2,2024-03-18_13h09.11.124,image_similarity_rating,2023.2.3,None,2024-03-18 13h09.27.456878 +0100
,104,113,105,105,stimuli/own/kitchen/104_kit.jpg,stimuli/own/kitchen/113_kit.jpg,NaN,NaN,NaN,NaN,NaN,NaN,NaN,NaN,0,331,331,104,3216.832208666,NaN,NaN,NaN,NaN,NaN,NaN,NaN,,NaN,,3217.116927958,3217.284945541,3217.284945541,3217.284945541,3217.284945541,3217.284945541,3217.284945541,3217.284945541,3217.284945541,3217.284945541,3223.943919833,-7,7,6,4,5.41515991599954,4,6.48365320899939,3216.830306333,3216.832208666,3217.284945541,3217.116912583,NaN,NaN,NaN,NaN,,NaN,,3216.826850791,3216.830259875,None,NaN,NaN,,NaN,NaN,NaN,NaN,NaN,NaN,NaN,1,kitchen,2,2024-03-18_13h09.11.124,image_similarity_rating,2023.2.3,None,2024-03-18 13h09.27.456878 +0100
,105,126,147,147,stimuli/own/kitchen/105_kit.jpg,stimuli/own/kitchen/126_kit.jpg,NaN,NaN,NaN,NaN,NaN,NaN,NaN,NaN,0,332,332,146,3223.950554583,NaN,NaN,NaN,NaN,NaN,NaN,NaN,,NaN,,3224.234516375,3224.399928,3224.399928,3224.399928,3224.399928,3224.399928,3224.399928,3224.399928,3224.399928,3224.399928,3229.910524583,7,-7,6,4,4.04152712500036,4,5.37282008400143,3223.947955041,3223.950554583,3224.399928,3224.234502083,NaN,NaN,NaN,NaN,,NaN,,3223.94413425,3223.94790575,None,NaN,NaN,,NaN,NaN,NaN,NaN,NaN,NaN,NaN,1,kitchen,2,2024-03-18_13h09.11.124,image_similarity_rating,2023.2.3,None,2024-03-18 13h09.27.456878 +0100
,103,117,77,77,stimuli/own/kitchen/103_kit.jpg,stimuli/own/kitchen/117_kit.jpg,NaN,NaN,NaN,NaN,NaN,NaN,NaN,NaN,0,333,333,76,3229.916834333,NaN,NaN,NaN,NaN,NaN,NaN,NaN,,NaN,,3230.201046291,3230.365852125,3230.365852125,3230.365852125,3230.365852125,3230.365852125,3230.365852125,3230.365852125,3230.365852125,3230.365852125,3242.106873541,-7,7,6,3,11.1142768750015,3,11.5650121660001,3229.914226458,3229.916834333,3230.365852125,3230.201028458,NaN,NaN,NaN,NaN,,NaN,,3229.910738291,3229.914180375,None,NaN,NaN,,NaN,NaN,NaN,NaN,NaN,NaN,NaN,1,kitchen,2,2024-03-18_13h09.11.124,image_similarity_rating,2023.2.3,None,2024-03-18 13h09.27.456878 +0100
,101,124,19,19,stimuli/own/kitchen/101_kit.jpg,stimuli/own/kitchen/124_kit.jpg,NaN,NaN,NaN,NaN,NaN,NaN,NaN,NaN,0,334,334,18,3242.115509916,NaN,NaN,NaN,NaN,NaN,NaN,NaN,,NaN,,3242.4010845,3242.565145625,3242.565145625,3242.565145625,3242.565145625,3242.565145625,3242.565145625,3242.565145625,3242.565145625,3242.565145625,3251.414906625,7,-7,6,5,8.50971687499987,3,4.10706716599998,3242.110707708,3242.115509916,3242.565145625,3242.401070208,NaN,NaN,NaN,NaN,,NaN,,3242.107088666,3242.110661375,None,NaN,NaN,,NaN,NaN,NaN,NaN,NaN,NaN,NaN,1,kitchen,2,2024-03-18_13h09.11.124,image_similarity_rating,2023.2.3,None,2024-03-18 13h09.27.456878 +0100
,134,138,571,571,stimuli/own/kitchen/134_kit.jpg,stimuli/own/kitchen/138_kit.jpg,NaN,NaN,NaN,NaN,NaN,NaN,NaN,NaN,0,335,335,570,3251.420888125,NaN,NaN,NaN,NaN,NaN,NaN,NaN,,NaN,,3251.704482333,3251.874059416,3251.874059416,3251.874059416,3251.874059416,3251.874059416,3251.874059416,3251.874059416,3251.874059416,3251.874059416,3260.406141375,7,-7,6,3,6.45498170800056,4,8.34320770799968,3251.418649916,3251.420888125,3251.874059416,3251.704463125,NaN,NaN,NaN,NaN,,NaN,,3251.41512275,3251.418603583,None,NaN,NaN,,NaN,NaN,NaN,NaN,NaN,NaN,NaN,1,kitchen,2,2024-03-18_13h09.11.124,image_similarity_rating,2023.2.3,None,2024-03-18 13h09.27.456878 +0100
,104,106,101,101,stimuli/own/kitchen/104_kit.jpg,stimuli/own/kitchen/106_kit.jpg,NaN,NaN,NaN,NaN,NaN,NaN,NaN,NaN,0,336,336,100,3260.415624125,NaN,NaN,NaN,NaN,NaN,NaN,NaN,,NaN,,3260.701102916,3260.866675125,3260.866675125,3260.866675125,3260.866675125,3260.866675125,3260.866675125,3260.866675125,3260.866675125,3260.866675125,3268.268624791,-7,7,6,4,6.4990292500006,3,7.25342887499937,3260.409958666,3260.415624125,3260.866675125,3260.701088166,NaN,NaN,NaN,NaN,,NaN,,3260.40636775,3260.409912291,None,NaN,NaN,,NaN,NaN,NaN,NaN,NaN,NaN,NaN,1,kitchen,2,2024-03-18_13h09.11.124,image_similarity_rating,2023.2.3,None,2024-03-18 13h09.27.456878 +0100
,109,117,195,195,stimuli/own/kitchen/109_kit.jpg,stimuli/own/kitchen/117_kit.jpg,NaN,NaN,NaN,NaN,NaN,NaN,NaN,NaN,0,337,337,194,3268.274373208,NaN,NaN,NaN,NaN,NaN,NaN,NaN,,NaN,,3268.567299416,3268.731867291,3268.731867291,3268.731867291,3268.731867291,3268.731867291,3268.731867291,3268.731867291,3268.731867291,3268.731867291,3273.369627333,-7,7,6,2,2.90264850000131,2,4.61936712500028,3268.272416666,3268.274373208,3268.731867291,3268.56728175,NaN,NaN,NaN,NaN,,NaN,,3268.268845125,3268.272371208,None,NaN,NaN,,NaN,NaN,NaN,NaN,NaN,NaN,NaN,1,kitchen,2,2024-03-18_13h09.11.124,image_similarity_rating,2023.2.3,None,2024-03-18 13h09.27.456878 +0100
,113,140,294,294,stimuli/own/kitchen/113_kit.jpg,stimuli/own/kitchen/140_kit.jpg,NaN,NaN,NaN,NaN,NaN,NaN,NaN,NaN,0,338,338,293,3273.382128708,NaN,NaN,NaN,NaN,NaN,NaN,NaN,,NaN,,3273.66743275,3273.834912083,3273.834912083,3273.834912083,3273.834912083,3273.834912083,3273.834912083,3273.834912083,3273.834912083,3273.834912083,3283.898452125,7,-7,6,3,10.1178504580002,4,3.72041016599906,3273.373613666,3273.382128708,3273.834912083,3273.667418791,NaN,NaN,NaN,NaN,,NaN,,3273.369859125,3273.373565291,None,NaN,NaN,,NaN,NaN,NaN,NaN,NaN,NaN,NaN,1,kitchen,2,2024-03-18_13h09.11.124,image_similarity_rating,2023.2.3,None,2024-03-18 13h09.27.456878 +0100
,119,131,396,396,stimuli/own/kitchen/119_kit.jpg,stimuli/own/kitchen/131_kit.jpg,NaN,NaN,NaN,NaN,NaN,NaN,NaN,NaN,0,339,339,395,3283.90407925,NaN,NaN,NaN,NaN,NaN,NaN,NaN,,NaN,,3284.188096125,3284.351707625,3284.351707625,3284.351707625,3284.351707625,3284.351707625,3284.351707625,3284.351707625,3284.351707625,3284.351707625,3294.134885583,7,-7,6,1,4.69075241700011,2,9.583271083,3283.902224208,3283.90407925,3284.351707625,3284.188082625,NaN,NaN,NaN,NaN,,NaN,,3283.898672333,3283.902176958,None,NaN,NaN,,NaN,NaN,NaN,NaN,NaN,NaN,NaN,1,kitchen,2,2024-03-18_13h09.11.124,image_similarity_rating,2023.2.3,None,2024-03-18 13h09.27.456878 +0100
,114,118,298,298,stimuli/own/kitchen/114_kit.jpg,stimuli/own/kitchen/118_kit.jpg,NaN,NaN,NaN,NaN,NaN,NaN,NaN,NaN,0,340,340,297,3294.140729916,NaN,NaN,NaN,NaN,NaN,NaN,NaN,,NaN,,3294.433809583,3294.59871925,3294.59871925,3294.59871925,3294.59871925,3294.59871925,3294.59871925,3294.59871925,3294.59871925,3294.59871925,3312.218652375,-7,7,6,3,12.7914369159989,3,17.514681875,3294.138645708,3294.140729916,3294.59871925,3294.433796041,NaN,NaN,NaN,NaN,,NaN,,3294.1351045,3294.138600375,None,NaN,NaN,,NaN,NaN,NaN,NaN,NaN,NaN,NaN,1,kitchen,2,2024-03-18_13h09.11.124,image_similarity_rating,2023.2.3,None,2024-03-18 13h09.27.456878 +0100
,127,131,520,520,stimuli/own/kitchen/127_kit.jpg,stimuli/own/kitchen/131_kit.jpg,NaN,NaN,NaN,NaN,NaN,NaN,NaN,NaN,0,341,341,519,3312.231995791,NaN,NaN,NaN,NaN,NaN,NaN,NaN,,NaN,,3312.517395208,3312.68268675,3312.68268675,3312.68268675,3312.68268675,3312.68268675,3312.68268675,3312.68268675,3312.68268675,3312.68268675,3331.47648775,-7,7,6,3,15.7912818339992,4,18.403644,3312.222411625,3312.231995791,3312.68268675,3312.5173815,NaN,NaN,NaN,NaN,,NaN,,3312.218874,3312.222364625,None,NaN,NaN,,NaN,NaN,NaN,NaN,NaN,NaN,NaN,1,kitchen,2,2024-03-18_13h09.11.124,image_similarity_rating,2023.2.3,None,2024-03-18 13h09.27.456878 +0100
,105,117,138,597,stimuli/own/kitchen/105_kit.jpg,stimuli/own/kitchen/117_kit.jpg,NaN,NaN,NaN,NaN,NaN,NaN,NaN,NaN,0,342,342,596,3331.498545458,NaN,NaN,NaN,NaN,NaN,NaN,NaN,,NaN,,3331.782661708,3331.948292666,3331.948292666,3331.948292666,3331.948292666,3331.948292666,3331.948292666,3331.948292666,3331.948292666,3331.948292666,3338.017950583,7,-7,6,5,3.22030766599892,4,5.26012687500042,3331.480257916,3331.498545458,NaN,3331.782643208,NaN,NaN,NaN,NaN,,NaN,,3331.476708166,3331.480212125,None,NaN,NaN,,NaN,NaN,NaN,NaN,NaN,NaN,NaN,1,kitchen,2,2024-03-18_13h09.11.124,image_similarity_rating,2023.2.3,None,2024-03-18 13h09.27.456878 +0100
,114,130,309,309,stimuli/own/kitchen/114_kit.jpg,stimuli/own/kitchen/130_kit.jpg,NaN,NaN,NaN,NaN,NaN,NaN,NaN,NaN,0,343,343,308,3338.023557291,NaN,NaN,NaN,NaN,NaN,NaN,NaN,,NaN,,3338.316577375,3338.481083333,3338.481083333,3338.481083333,3338.481083333,3338.481083333,3338.481083333,3338.481083333,3338.481083333,3338.481083333,3351.088948333,-7,7,6,5,12.5790108330002,3,2.92843537499903,3338.021632125,3338.023557291,3338.481083333,3338.316563541,NaN,NaN,NaN,NaN,,NaN,,3338.018169458,3338.021585458,None,NaN,NaN,,NaN,NaN,NaN,NaN,NaN,NaN,NaN,1,kitchen,2,2024-03-18_13h09.11.124,image_similarity_rating,2023.2.3,None,2024-03-18 13h09.27.456878 +0100
,106,117,167,167,stimuli/own/kitchen/106_kit.jpg,stimuli/own/kitchen/117_kit.jpg,NaN,NaN,NaN,NaN,NaN,NaN,NaN,NaN,0,344,344,166,3351.098624416,NaN,NaN,NaN,NaN,NaN,NaN,NaN,,NaN,,3351.383893416,3351.547816708,3351.547816708,3351.547816708,3351.547816708,3351.547816708,3351.547816708,3351.547816708,3351.547816708,3351.547816708,3358.297637958,7,-7,6,3,4.93880979099958,2,6.6497010410003,3351.092729541,3351.098624416,3351.547816708,3351.383880708,NaN,NaN,NaN,NaN,,NaN,,3351.089165375,3351.092683583,None,NaN,NaN,,NaN,NaN,NaN,NaN,NaN,NaN,NaN,1,kitchen,2,2024-03-18_13h09.11.124,image_similarity_rating,2023.2.3,None,2024-03-18 13h09.27.456878 +0100
,118,131,376,376,stimuli/own/kitchen/118_kit.jpg,stimuli/own/kitchen/131_kit.jpg,NaN,NaN,NaN,NaN,NaN,NaN,NaN,NaN,0,345,345,375,3358.303588125,NaN,NaN,NaN,NaN,NaN,NaN,NaN,,NaN,,3358.58779275,3358.751504208,3358.751504208,3358.751504208,3358.751504208,3358.751504208,3358.751504208,3358.751504208,3358.751504208,3358.751504208,3371.594019291,-7,7,6,3,4.95425116600018,2,12.7681000419998,3358.301510708,3358.303588125,3358.751504208,3358.587778125,NaN,NaN,NaN,NaN,,NaN,,3358.297854833,3358.301464583,None,NaN,NaN,,NaN,NaN,NaN,NaN,NaN,NaN,NaN,1,kitchen,2,2024-03-18_13h09.11.124,image_similarity_rating,2023.2.3,None,2024-03-18 13h09.27.456878 +0100
,103,125,85,85,stimuli/own/kitchen/103_kit.jpg,stimuli/own/kitchen/125_kit.jpg,NaN,NaN,NaN,NaN,NaN,NaN,NaN,NaN,0,346,346,84,3371.599813625,NaN,NaN,NaN,NaN,NaN,NaN,NaN,,NaN,,3371.883057,3372.050718166,3372.050718166,3372.050718166,3372.050718166,3372.050718166,3372.050718166,3372.050718166,3372.050718166,3372.050718166,3382.568299958,-7,7,6,1,10.5184584590006,3,2.61436408400004,3371.597692166,3371.599813625,3372.050718166,3371.88303975,NaN,NaN,NaN,NaN,,NaN,,3371.594231041,3371.597646458,None,NaN,NaN,,NaN,NaN,NaN,NaN,NaN,NaN,NaN,1,kitchen,2,2024-03-18_13h09.11.124,image_similarity_rating,2023.2.3,None,2024-03-18 13h09.27.456878 +0100
,121,124,427,427,stimuli/own/kitchen/121_kit.jpg,stimuli/own/kitchen/124_kit.jpg,NaN,NaN,NaN,NaN,NaN,NaN,NaN,NaN,0,347,347,426,3382.582251708,NaN,NaN,NaN,NaN,NaN,NaN,NaN,,NaN,,3382.866609875,3383.030764083,3383.030764083,3383.030764083,3383.030764083,3383.030764083,3383.030764083,3383.030764083,3383.030764083,3383.030764083,3390.510601416,7,-7,6,3,7.47384708400023,4,1.92083545900095,3382.572392166,3382.582251708,3383.030764083,3382.866595583,NaN,NaN,NaN,NaN,,NaN,,3382.568531583,3382.572342125,None,NaN,NaN,,NaN,NaN,NaN,NaN,NaN,NaN,NaN,1,kitchen,2,2024-03-18_13h09.11.124,image_similarity_rating,2023.2.3,None,2024-03-18 13h09.27.456878 +0100
,105,111,133,133,stimuli/own/kitchen/105_kit.jpg,stimuli/own/kitchen/111_kit.jpg,NaN,NaN,NaN,NaN,NaN,NaN,NaN,NaN,0,348,348,132,3390.516348416,NaN,NaN,NaN,NaN,NaN,NaN,NaN,,NaN,,3390.800496458,3390.965962,3390.965962,3390.965962,3390.965962,3390.965962,3390.965962,3390.965962,3390.965962,3390.965962,3399.630736333,7,-7,6,4,5.49993704200097,3,8.61508104200038,3390.514344375,3390.516348416,3390.965962,3390.80048275,NaN,NaN,NaN,NaN,,NaN,,3390.5108195,3390.51429775,None,NaN,NaN,,NaN,NaN,NaN,NaN,NaN,NaN,NaN,1,kitchen,2,2024-03-18_13h09.11.124,image_similarity_rating,2023.2.3,None,2024-03-18 13h09.27.456878 +0100
,125,135,498,498,stimuli/own/kitchen/125_kit.jpg,stimuli/own/kitchen/135_kit.jpg,NaN,NaN,NaN,NaN,NaN,NaN,NaN,NaN,0,349,349,497,3399.636545416,NaN,NaN,NaN,NaN,NaN,NaN,NaN,,NaN,,3399.919529708,3400.082962375,3400.082962375,3400.082962375,3400.082962375,3400.082962375,3400.082962375,3400.082962375,3400.082962375,3400.082962375,3405.173276833,-7,7,6,2,5.08814062499914,2,3.17770916699919,3399.634462333,3399.636545416,3400.082962375,3399.919518875,NaN,NaN,NaN,NaN,,NaN,,3399.630970916,3399.634416375,None,NaN,NaN,,NaN,NaN,NaN,NaN,NaN,NaN,NaN,1,kitchen,2,2024-03-18_13h09.11.124,image_similarity_rating,2023.2.3,None,2024-03-18 13h09.27.456878 +0100
,123,136,470,470,stimuli/own/kitchen/123_kit.jpg,stimuli/own/kitchen/136_kit.jpg,NaN,NaN,NaN,NaN,NaN,NaN,NaN,NaN,0,350,350,469,3405.181456958,NaN,NaN,NaN,NaN,NaN,NaN,NaN,,NaN,,3405.467067083,3405.631458541,3405.631458541,3405.631458541,3405.631458541,3405.631458541,3405.631458541,3405.631458541,3405.631458541,3405.631458541,3414.169342875,7,-7,6,1,5.5386986249996,3,8.13403395900059,3405.17694925,3405.181456958,3405.631458541,3405.467054125,NaN,NaN,NaN,NaN,,NaN,,3405.17351175,3405.176903791,None,NaN,NaN,,NaN,NaN,NaN,NaN,NaN,NaN,NaN,1,kitchen,2,2024-03-18_13h09.11.124,image_similarity_rating,2023.2.3,None,2024-03-18 13h09.27.456878 +0100
,103,136,94,94,stimuli/own/kitchen/103_kit.jpg,stimuli/own/kitchen/136_kit.jpg,NaN,NaN,NaN,NaN,NaN,NaN,NaN,NaN,0,351,351,93,3414.181941666,NaN,NaN,NaN,NaN,NaN,NaN,NaN,,NaN,,3414.467342458,3414.631319708,3414.631319708,3414.631319708,3414.631319708,3414.631319708,3414.631319708,3414.631319708,3414.631319708,3414.631319708,3425.247710208,7,-7,6,3,10.5066621249989,3,4.06974841700139,3414.173023916,3414.181941666,3414.631319708,3414.467329791,NaN,NaN,NaN,NaN,,NaN,,3414.169559833,3414.172978208,None,NaN,NaN,,NaN,NaN,NaN,NaN,NaN,NaN,NaN,1,kitchen,2,2024-03-18_13h09.11.124,image_similarity_rating,2023.2.3,None,2024-03-18 13h09.27.456878 +0100
,113,124,280,280,stimuli/own/kitchen/113_kit.jpg,stimuli/own/kitchen/124_kit.jpg,NaN,NaN,NaN,NaN,NaN,NaN,NaN,NaN,0,352,352,279,3425.253513208,NaN,NaN,NaN,NaN,NaN,NaN,NaN,,NaN,,3425.550482666,3425.716757583,3425.716757583,3425.716757583,3425.716757583,3425.716757583,3425.716757583,3425.716757583,3425.716757583,3425.716757583,3435.101109916,-7,7,6,4,8.3963255409999,3,9.29675120899992,3425.251429625,3425.253513208,3425.716757583,3425.550464208,NaN,NaN,NaN,NaN,,NaN,,3425.247925833,3425.2513835,None,NaN,NaN,,NaN,NaN,NaN,NaN,NaN,NaN,NaN,1,kitchen,2,2024-03-18_13h09.11.124,image_similarity_rating,2023.2.3,None,2024-03-18 13h09.27.456878 +0100
,102,116,44,44,stimuli/own/kitchen/102_kit.jpg,stimuli/own/kitchen/116_kit.jpg,NaN,NaN,NaN,NaN,NaN,NaN,NaN,NaN,0,353,353,43,3435.107032625,NaN,NaN,NaN,NaN,NaN,NaN,NaN,,NaN,,3435.400440708,3435.565835833,3435.565835833,3435.565835833,3435.565835833,3435.565835833,3435.565835833,3435.565835833,3435.565835833,3435.565835833,3451.505017583,-7,7,6,2,15.9126435409999,4,9.86611174999962,3435.104928041,3435.107032625,3435.565835833,3435.400426583,NaN,NaN,NaN,NaN,,NaN,,3435.101331833,3435.104880416,None,NaN,NaN,,NaN,NaN,NaN,NaN,NaN,NaN,NaN,1,kitchen,2,2024-03-18_13h09.11.124,image_similarity_rating,2023.2.3,None,2024-03-18 13h09.27.456878 +0100
,114,119,299,299,stimuli/own/kitchen/114_kit.jpg,stimuli/own/kitchen/119_kit.jpg,NaN,NaN,NaN,NaN,NaN,NaN,NaN,NaN,0,354,354,298,3451.514849958,NaN,NaN,NaN,NaN,NaN,NaN,NaN,,NaN,,3451.800078916,3451.964500041,3451.964500041,3451.964500041,3451.964500041,3451.964500041,3451.964500041,3451.964500041,3451.964500041,3451.964500041,3465.67106275,7,-7,6,2,11.9049914999996,4,13.6146105419994,3451.50867525,3451.514849958,3451.964500041,3451.800066,NaN,NaN,NaN,NaN,,NaN,,3451.50523575,3451.508629958,None,NaN,NaN,,NaN,NaN,NaN,NaN,NaN,NaN,NaN,1,kitchen,2,2024-03-18_13h09.11.124,image_similarity_rating,2023.2.3,None,2024-03-18 13h09.27.456878 +0100
,116,123,326,326,stimuli/own/kitchen/116_kit.jpg,stimuli/own/kitchen/123_kit.jpg,NaN,NaN,NaN,NaN,NaN,NaN,NaN,NaN,0,355,355,325,3465.681529,NaN,NaN,NaN,NaN,NaN,NaN,NaN,,NaN,,3465.966265208,3466.132195458,3466.132195458,3466.132195458,3466.132195458,3466.132195458,3466.132195458,3466.132195458,3466.132195458,3466.132195458,3470.114338208,7,-7,6,2,3.90687574999902,3,1.61899058299969,3465.674736583,3465.681529,3466.132195458,3465.966249208,NaN,NaN,NaN,NaN,,NaN,,3465.671285625,3465.67469025,None,NaN,NaN,,NaN,NaN,NaN,NaN,NaN,NaN,NaN,1,kitchen,2,2024-03-18_13h09.11.124,image_similarity_rating,2023.2.3,None,2024-03-18 13h09.27.456878 +0100
,111,136,239,239,stimuli/own/kitchen/111_kit.jpg,stimuli/own/kitchen/136_kit.jpg,NaN,NaN,NaN,NaN,NaN,NaN,NaN,NaN,0,356,356,238,3470.12020575,NaN,NaN,NaN,NaN,NaN,NaN,NaN,,NaN,,3470.404654958,3470.569396916,3470.569396916,3470.569396916,3470.569396916,3470.569396916,3470.569396916,3470.569396916,3470.569396916,3470.569396916,3478.121406958,-7,7,6,4,2.55419862500094,4,7.25314124999932,3470.118116375,3470.12020575,3470.569396916,3470.404640916,NaN,NaN,NaN,NaN,,NaN,,3470.114553458,3470.118070083,None,NaN,NaN,,NaN,NaN,NaN,NaN,NaN,NaN,NaN,1,kitchen,2,2024-03-18_13h09.11.124,image_similarity_rating,2023.2.3,None,2024-03-18 13h09.27.456878 +0100
,109,120,198,198,stimuli/own/kitchen/109_kit.jpg,stimuli/own/kitchen/120_kit.jpg,NaN,NaN,NaN,NaN,NaN,NaN,NaN,NaN,0,357,357,197,3478.131595,NaN,NaN,NaN,NaN,NaN,NaN,NaN,,NaN,,3478.417496791,3478.584964041,3478.584964041,3478.584964041,3478.584964041,3478.584964041,3478.584964041,3478.584964041,3478.584964041,3478.584964041,3485.117908833,7,-7,6,1,3.61415649999981,3,6.53538783300064,3478.125078958,3478.131595,3478.584964041,3478.417476583,NaN,NaN,NaN,NaN,,NaN,,3478.121621291,3478.125032583,None,NaN,NaN,,NaN,NaN,NaN,NaN,NaN,NaN,NaN,1,kitchen,2,2024-03-18_13h09.11.124,image_similarity_rating,2023.2.3,None,2024-03-18 13h09.27.456878 +0100
,105,132,152,152,stimuli/own/kitchen/105_kit.jpg,stimuli/own/kitchen/132_kit.jpg,NaN,NaN,NaN,NaN,NaN,NaN,NaN,NaN,0,358,358,151,3485.123801333,NaN,NaN,NaN,NaN,NaN,NaN,NaN,,NaN,,3485.416349666,3485.580583,3485.580583,3485.580583,3485.580583,3485.580583,3485.580583,3485.580583,3485.580583,3485.580583,3494.301480125,7,-7,6,3,8.71520712500023,3,2.52052687499963,3485.121716041,3485.123801333,3485.580583,3485.416336416,NaN,NaN,NaN,NaN,,NaN,,3485.11812875,3485.121669666,None,NaN,NaN,,NaN,NaN,NaN,NaN,NaN,NaN,NaN,1,kitchen,2,2024-03-18_13h09.11.124,image_similarity_rating,2023.2.3,None,2024-03-18 13h09.27.456878 +0100
,105,117,138,598,stimuli/own/kitchen/105_kit.jpg,stimuli/own/kitchen/117_kit.jpg,NaN,NaN,NaN,NaN,NaN,NaN,NaN,NaN,0,359,359,597,3494.314724333,NaN,NaN,NaN,NaN,NaN,NaN,NaN,,NaN,,3494.59928475,3494.763846875,3494.763846875,3494.763846875,3494.763846875,3494.763846875,3494.763846875,3494.763846875,3494.763846875,3494.763846875,3502.133810291,7,-7,6,5,2.39533925000069,4,6.47080958300103,3494.3052535,3494.314724333,3494.763846875,3494.599271041,NaN,NaN,NaN,NaN,,NaN,,3494.301698166,3494.305199958,None,NaN,NaN,,NaN,NaN,NaN,NaN,NaN,NaN,NaN,1,kitchen,2,2024-03-18_13h09.11.124,image_similarity_rating,2023.2.3,None,2024-03-18 13h09.27.456878 +0100
,125,136,499,499,stimuli/own/kitchen/125_kit.jpg,stimuli/own/kitchen/136_kit.jpg,NaN,NaN,NaN,NaN,NaN,NaN,NaN,NaN,0,360,360,498,3502.139431375,NaN,NaN,NaN,NaN,NaN,NaN,NaN,,NaN,,3502.432758875,3502.601358541,3502.601358541,3502.601358541,3502.601358541,3502.601358541,3502.601358541,3502.601358541,3502.601358541,3502.601358541,3530.81707775,-7,7,6,2,14.9211746670007,4,28.2067412920005,3502.137488625,3502.139431375,3502.601358541,3502.432742166,NaN,NaN,NaN,NaN,,NaN,,3502.134027041,3502.137442625,None,NaN,NaN,,NaN,NaN,NaN,NaN,NaN,NaN,NaN,1,kitchen,2,2024-03-18_13h09.11.124,image_similarity_rating,2023.2.3,None,2024-03-18 13h09.27.456878 +0100
,123,130,465,465,stimuli/own/kitchen/123_kit.jpg,stimuli/own/kitchen/130_kit.jpg,NaN,NaN,NaN,NaN,NaN,NaN,NaN,NaN,0,361,361,464,3530.822983291,NaN,NaN,NaN,NaN,NaN,NaN,NaN,,NaN,,3531.116381666,3531.28123975,3531.28123975,3531.28123975,3531.28123975,3531.28123975,3531.28123975,3531.28123975,3531.28123975,3531.28123975,3539.821672958,7,-7,6,2,6.52594770799988,3,2.40920091699991,3530.821055375,3530.822983291,3531.28123975,3531.116367875,NaN,NaN,NaN,NaN,,NaN,,3530.817291208,3530.821006083,None,NaN,NaN,,NaN,NaN,NaN,NaN,NaN,NaN,NaN,1,kitchen,2,2024-03-18_13h09.11.124,image_similarity_rating,2023.2.3,None,2024-03-18 13h09.27.456878 +0100
,119,120,386,386,stimuli/own/kitchen/119_kit.jpg,stimuli/own/kitchen/120_kit.jpg,NaN,NaN,NaN,NaN,NaN,NaN,NaN,NaN,0,362,362,385,3539.831445833,NaN,NaN,NaN,NaN,NaN,NaN,NaN,,NaN,,3540.115930416,3540.280419125,3540.280419125,3540.280419125,3540.280419125,3540.280419125,3540.280419125,3540.280419125,3540.280419125,3540.280419125,3547.688188,7,-7,6,4,4.95501283299927,4,6.33156050000071,3539.825383041,3539.831445833,3540.280419125,3540.115915416,NaN,NaN,NaN,NaN,,NaN,,3539.821898208,3539.825336,None,NaN,NaN,,NaN,NaN,NaN,NaN,NaN,NaN,NaN,1,kitchen,2,2024-03-18_13h09.11.124,image_similarity_rating,2023.2.3,None,2024-03-18 13h09.27.456878 +0100
,120,122,407,407,stimuli/own/kitchen/120_kit.jpg,stimuli/own/kitchen/122_kit.jpg,NaN,NaN,NaN,NaN,NaN,NaN,NaN,NaN,0,363,363,406,3547.697887916,NaN,NaN,NaN,NaN,NaN,NaN,NaN,,NaN,,3547.982507583,3548.153142083,3548.153142083,3548.153142083,3548.153142083,3548.153142083,3548.153142083,3548.153142083,3548.153142083,3548.153142083,3557.120911333,-7,7,6,3,8.0434581669997,6,8.89244800000051,3547.691977291,3547.697887916,3548.153142083,3547.982491375,NaN,NaN,NaN,NaN,,NaN,,3547.688407375,3547.691930875,None,NaN,NaN,,NaN,NaN,NaN,NaN,NaN,NaN,NaN,1,kitchen,2,2024-03-18_13h09.11.124,image_similarity_rating,2023.2.3,None,2024-03-18 13h09.27.456878 +0100
,116,121,324,324,stimuli/own/kitchen/116_kit.jpg,stimuli/own/kitchen/121_kit.jpg,NaN,NaN,NaN,NaN,NaN,NaN,NaN,NaN,0,364,364,323,3557.131266625,NaN,NaN,NaN,NaN,NaN,NaN,NaN,,NaN,,3557.415906083,3557.586981791,3557.586981791,3557.586981791,3557.586981791,3557.586981791,3557.586981791,3557.586981791,3557.586981791,3557.586981791,3565.685447541,-7,7,6,4,8.1164289999997,2,2.51936604200091,3557.124689083,3557.131266625,3557.586981791,3557.41588075,NaN,NaN,NaN,NaN,,NaN,,3557.121128916,3557.124642916,None,NaN,NaN,,NaN,NaN,NaN,NaN,NaN,NaN,NaN,1,kitchen,2,2024-03-18_13h09.11.124,image_similarity_rating,2023.2.3,None,2024-03-18 13h09.27.456878 +0100
,136,139,583,602,stimuli/own/kitchen/136_kit.jpg,stimuli/own/kitchen/139_kit.jpg,NaN,NaN,NaN,NaN,NaN,NaN,NaN,NaN,0,365,365,601,3565.698014208,NaN,NaN,NaN,NaN,NaN,NaN,NaN,,NaN,,3565.983226708,3566.148134,3566.148134,3566.148134,3566.148134,3566.148134,3566.148134,3566.148134,3566.148134,3566.148134,3570.871097666,7,-7,6,2,2.98008358300103,3,4.63699337500111,3565.689239291,3565.698014208,3566.148134,3565.9832135,NaN,NaN,NaN,NaN,,NaN,,3565.68566425,3565.689193291,None,NaN,NaN,,NaN,NaN,NaN,NaN,NaN,NaN,NaN,1,kitchen,2,2024-03-18_13h09.11.124,image_similarity_rating,2023.2.3,None,2024-03-18 13h09.27.456878 +0100
,113,134,288,288,stimuli/own/kitchen/113_kit.jpg,stimuli/own/kitchen/134_kit.jpg,NaN,NaN,NaN,NaN,NaN,NaN,NaN,NaN,0,366,366,287,3570.881136125,NaN,NaN,NaN,NaN,NaN,NaN,NaN,,NaN,,3571.166414083,3571.33227275,3571.33227275,3571.33227275,3571.33227275,3571.33227275,3571.33227275,3571.33227275,3571.33227275,3571.33227275,3576.40404875,-7,7,6,2,5.17066079100005,3,2.98248929200054,3570.874768791,3570.881136125,3571.33227275,3571.1664,NaN,NaN,NaN,NaN,,NaN,,3570.871315958,3570.874722416,None,NaN,NaN,,NaN,NaN,NaN,NaN,NaN,NaN,NaN,1,kitchen,2,2024-03-18_13h09.11.124,image_similarity_rating,2023.2.3,None,2024-03-18 13h09.27.456878 +0100
,124,136,485,485,stimuli/own/kitchen/124_kit.jpg,stimuli/own/kitchen/136_kit.jpg,NaN,NaN,NaN,NaN,NaN,NaN,NaN,NaN,0,367,367,484,3576.414605291,NaN,NaN,NaN,NaN,NaN,NaN,NaN,,NaN,,3576.700205416,3576.864144041,3576.864144041,3576.864144041,3576.864144041,3576.864144041,3576.864144041,3576.864144041,3576.864144041,3576.864144041,3585.046277833,-7,7,6,4,5.79111679200105,5,7.92114304200004,3576.407811833,3576.414605291,3576.864144041,3576.700191958,NaN,NaN,NaN,NaN,,NaN,,3576.404263541,3576.40776575,None,NaN,NaN,,NaN,NaN,NaN,NaN,NaN,NaN,NaN,1,kitchen,2,2024-03-18_13h09.11.124,image_similarity_rating,2023.2.3,None,2024-03-18 13h09.27.456878 +0100
,122,140,458,458,stimuli/own/kitchen/122_kit.jpg,stimuli/own/kitchen/140_kit.jpg,NaN,NaN,NaN,NaN,NaN,NaN,NaN,NaN,0,368,368,457,3585.051740458,NaN,NaN,NaN,NaN,NaN,NaN,NaN,,NaN,,3585.337667208,3585.502018833,3585.502018833,3585.502018833,3585.502018833,3585.502018833,3585.502018833,3585.502018833,3585.502018833,3585.502018833,3594.08354125,7,-7,6,4,8.46644204199947,3,3.13843908299896,3585.049981083,3585.051740458,3585.502018833,3585.337653166,NaN,NaN,NaN,NaN,,NaN,,3585.046496416,3585.049935125,None,NaN,NaN,,NaN,NaN,NaN,NaN,NaN,NaN,NaN,1,kitchen,2,2024-03-18_13h09.11.124,image_similarity_rating,2023.2.3,None,2024-03-18 13h09.27.456878 +0100
,101,129,23,23,stimuli/own/kitchen/101_kit.jpg,stimuli/own/kitchen/129_kit.jpg,NaN,NaN,NaN,NaN,NaN,NaN,NaN,NaN,0,369,369,22,3594.089353875,NaN,NaN,NaN,NaN,NaN,NaN,NaN,,NaN,,3594.382463541,3594.553330333,3594.553330333,3594.553330333,3594.553330333,3594.553330333,3594.553330333,3594.553330333,3594.553330333,3594.553330333,3601.038887375,-7,7,6,5,5.11059566599943,3,6.39221200000065,3594.087424083,3594.089353875,3594.553330333,3594.382446666,NaN,NaN,NaN,NaN,,NaN,,3594.083754958,3594.0873755,None,NaN,NaN,,NaN,NaN,NaN,NaN,NaN,NaN,NaN,1,kitchen,2,2024-03-18_13h09.11.124,image_similarity_rating,2023.2.3,None,2024-03-18 13h09.27.456878 +0100
,126,138,514,514,stimuli/own/kitchen/126_kit.jpg,stimuli/own/kitchen/138_kit.jpg,NaN,NaN,NaN,NaN,NaN,NaN,NaN,NaN,0,370,370,513,3601.047636291,NaN,NaN,NaN,NaN,NaN,NaN,NaN,,NaN,,3601.333660208,3601.499307333,3601.499307333,3601.499307333,3601.499307333,3601.499307333,3601.499307333,3601.499307333,3601.499307333,3601.499307333,3616.930007791,-7,7,6,3,9.40140295899982,4,15.2682137920001,3601.042560166,3601.047636291,3601.499307333,3601.333642583,NaN,NaN,NaN,NaN,,NaN,,3601.039099958,3601.042514166,None,NaN,NaN,,NaN,NaN,NaN,NaN,NaN,NaN,NaN,1,kitchen,2,2024-03-18_13h09.11.124,image_similarity_rating,2023.2.3,None,2024-03-18 13h09.27.456878 +0100
,120,130,414,414,stimuli/own/kitchen/120_kit.jpg,stimuli/own/kitchen/130_kit.jpg,NaN,NaN,NaN,NaN,NaN,NaN,NaN,NaN,0,371,371,413,3616.93596825,NaN,NaN,NaN,NaN,NaN,NaN,NaN,,NaN,,3617.22035875,3617.384209125,3617.384209125,3617.384209125,3617.384209125,3617.384209125,3617.384209125,3617.384209125,3617.384209125,3617.384209125,3644.454633083,-7,7,6,2,25.3491092920012,4,26.9590888340008,3616.9337115,3616.93596825,3617.384209125,3617.220347833,NaN,NaN,NaN,NaN,,NaN,,3616.9302435,3616.933665833,None,NaN,NaN,,NaN,NaN,NaN,NaN,NaN,NaN,NaN,1,kitchen,2,2024-03-18_13h09.11.124,image_similarity_rating,2023.2.3,None,2024-03-18 13h09.27.456878 +0100
,109,129,206,206,stimuli/own/kitchen/109_kit.jpg,stimuli/own/kitchen/129_kit.jpg,NaN,NaN,NaN,NaN,NaN,NaN,NaN,NaN,0,372,372,205,3644.46439125,NaN,NaN,NaN,NaN,NaN,NaN,NaN,,NaN,,3644.749860625,3644.917749458,3644.917749458,3644.917749458,3644.917749458,3644.917749458,3644.917749458,3644.917749458,3644.917749458,3644.917749458,3660.063222708,-7,7,6,1,10.0192359579996,2,15.0587662500002,3644.458303875,3644.46439125,3644.917749458,3644.749842916,NaN,NaN,NaN,NaN,,NaN,,3644.454856458,3644.458258333,None,NaN,NaN,,NaN,NaN,NaN,NaN,NaN,NaN,NaN,1,kitchen,2,2024-03-18_13h09.11.124,image_similarity_rating,2023.2.3,None,2024-03-18 13h09.27.456878 +0100
,122,123,443,443,stimuli/own/kitchen/122_kit.jpg,stimuli/own/kitchen/123_kit.jpg,NaN,NaN,NaN,NaN,NaN,NaN,NaN,NaN,0,373,373,442,3660.068866541,NaN,NaN,NaN,NaN,NaN,NaN,NaN,,NaN,,3660.354036583,3660.5172935,3660.5172935,3660.5172935,3660.5172935,3660.5172935,3660.5172935,3660.5172935,3660.5172935,3660.5172935,3668.741726708,7,-7,6,3,5.32270058299946,3,2.03365479199965,3660.066937083,3660.068866541,3660.5172935,3660.354025625,NaN,NaN,NaN,NaN,,NaN,,3660.063457375,3660.066890916,None,NaN,NaN,,NaN,NaN,NaN,NaN,NaN,NaN,NaN,1,kitchen,2,2024-03-18_13h09.11.124,image_similarity_rating,2023.2.3,None,2024-03-18 13h09.27.456878 +0100
,124,141,490,490,stimuli/own/kitchen/124_kit.jpg,stimuli/own/kitchen/141_kit.jpg,NaN,NaN,NaN,NaN,NaN,NaN,NaN,NaN,0,374,374,489,3668.747319333,NaN,NaN,NaN,NaN,NaN,NaN,NaN,,NaN,,3669.032361916,3669.20168975,3669.20168975,3669.20168975,3669.20168975,3669.20168975,3669.20168975,3669.20168975,3669.20168975,3669.20168975,3677.130187166,-7,7,6,5,6.51416550000067,3,7.92847283300034,3668.745501,3668.747319333,3669.20168975,3669.032337625,NaN,NaN,NaN,NaN,,NaN,,3668.741946916,3668.74545525,None,NaN,NaN,,NaN,NaN,NaN,NaN,NaN,NaN,NaN,1,kitchen,2,2024-03-18_13h09.11.124,image_similarity_rating,2023.2.3,None,2024-03-18 13h09.27.456878 +0100
,112,117,248,248,stimuli/own/kitchen/112_kit.jpg,stimuli/own/kitchen/117_kit.jpg,NaN,NaN,NaN,NaN,NaN,NaN,NaN,NaN,0,375,375,247,3677.136010916,NaN,NaN,NaN,NaN,NaN,NaN,NaN,,NaN,,3677.419492,3677.583173375,3677.583173375,3677.583173375,3677.583173375,3677.583173375,3677.583173375,3677.583173375,3677.583173375,3677.583173375,3685.071402583,7,-7,6,5,5.33063620800021,4,7.44060916699891,3677.133926916,3677.136010916,3677.583173375,3677.419481708,NaN,NaN,NaN,NaN,,NaN,,3677.130402541,3677.133880958,None,NaN,NaN,,NaN,NaN,NaN,NaN,NaN,NaN,NaN,1,kitchen,2,2024-03-18_13h09.11.124,image_similarity_rating,2023.2.3,None,2024-03-18 13h09.27.456878 +0100
,101,111,7,7,stimuli/own/kitchen/101_kit.jpg,stimuli/own/kitchen/111_kit.jpg,NaN,NaN,NaN,NaN,NaN,NaN,NaN,NaN,0,376,376,6,3685.08081225,NaN,NaN,NaN,NaN,NaN,NaN,NaN,,NaN,,3685.365791333,3685.530776,3685.530776,3685.530776,3685.530776,3685.530776,3685.530776,3685.530776,3685.530776,3685.530776,3694.558617666,7,-7,6,4,7.47034324999913,3,9.04087491600148,3685.075118166,3685.08081225,3685.530776,3685.365778291,NaN,NaN,NaN,NaN,,NaN,,3685.071628291,3685.0750725,None,NaN,NaN,,NaN,NaN,NaN,NaN,NaN,NaN,NaN,1,kitchen,2,2024-03-18_13h09.11.124,image_similarity_rating,2023.2.3,None,2024-03-18 13h09.27.456878 +0100
,113,126,282,282,stimuli/own/kitchen/113_kit.jpg,stimuli/own/kitchen/126_kit.jpg,NaN,NaN,NaN,NaN,NaN,NaN,NaN,NaN,0,377,377,281,3694.580788791,NaN,NaN,NaN,NaN,NaN,NaN,NaN,,NaN,,3694.865095083,3695.029903958,3695.029903958,3695.029903958,3695.029903958,3695.029903958,3695.029903958,3695.029903958,3695.029903958,3695.029903958,3701.753747875,7,-7,6,3,6.75960529199983,2,2.6394473750006,3694.562376041,3694.580788791,NaN,3694.865071208,NaN,NaN,NaN,NaN,,NaN,,3694.558829916,3694.562329833,None,NaN,NaN,,NaN,NaN,NaN,NaN,NaN,NaN,NaN,1,kitchen,2,2024-03-18_13h09.11.124,image_similarity_rating,2023.2.3,None,2024-03-18 13h09.27.456878 +0100
,120,121,406,406,stimuli/own/kitchen/120_kit.jpg,stimuli/own/kitchen/121_kit.jpg,NaN,NaN,NaN,NaN,NaN,NaN,NaN,NaN,0,378,378,405,3701.76411225,NaN,NaN,NaN,NaN,NaN,NaN,NaN,,NaN,,3715.731854125,3715.898839416,3715.898839416,3715.898839416,3715.898839416,3715.898839416,3715.898839416,3715.898839416,3715.898839416,3715.898839416,3722.029506916,-7,7,7,2,4.53659970899935,2,2.2198356659992,3715.435162,3715.438760958,3715.898839416,3715.731839708,NaN,NaN,NaN,NaN,,NaN,,3701.75396725,3715.4347295,space,3701.76411225,13.6704114170007,None,NaN,NaN,NaN,NaN,NaN,NaN,NaN,1,kitchen,2,2024-03-18_13h09.11.124,image_similarity_rating,2023.2.3,None,2024-03-18 13h09.27.456878 +0100
,114,132,311,311,stimuli/own/kitchen/114_kit.jpg,stimuli/own/kitchen/132_kit.jpg,NaN,NaN,NaN,NaN,NaN,NaN,NaN,NaN,0,379,379,310,3722.035881291,NaN,NaN,NaN,NaN,NaN,NaN,NaN,,NaN,,3722.319333291,3722.486570208,3722.486570208,3722.486570208,3722.486570208,3722.486570208,3722.486570208,3722.486570208,3722.486570208,3722.486570208,3728.429856166,-7,7,7,3,5.00583804099915,2,5.90610833400024,3722.033928166,3722.035881291,3722.486570208,3722.319318125,NaN,NaN,NaN,NaN,,NaN,,3722.029752666,3722.033880666,None,NaN,NaN,,NaN,NaN,NaN,NaN,NaN,NaN,NaN,1,kitchen,2,2024-03-18_13h09.11.124,image_similarity_rating,2023.2.3,None,2024-03-18 13h09.27.456878 +0100
,119,130,395,395,stimuli/own/kitchen/119_kit.jpg,stimuli/own/kitchen/130_kit.jpg,NaN,NaN,NaN,NaN,NaN,NaN,NaN,NaN,0,380,380,394,3728.435468666,NaN,NaN,NaN,NaN,NaN,NaN,NaN,,NaN,,3728.720892166,3728.88757475,3728.88757475,3728.88757475,3728.88757475,3728.88757475,3728.88757475,3728.88757475,3728.88757475,3728.88757475,3737.550023291,-7,7,7,2,5.35538816699955,3,8.59148441700017,3728.4335335,3728.435468666,3728.88757475,3728.720879083,NaN,NaN,NaN,NaN,,NaN,,3728.430074041,3728.433487916,None,NaN,NaN,,NaN,NaN,NaN,NaN,NaN,NaN,NaN,1,kitchen,2,2024-03-18_13h09.11.124,image_similarity_rating,2023.2.3,None,2024-03-18 13h09.27.456878 +0100
,116,137,338,338,stimuli/own/kitchen/116_kit.jpg,stimuli/own/kitchen/137_kit.jpg,NaN,NaN,NaN,NaN,NaN,NaN,NaN,NaN,0,381,381,337,3737.555607708,NaN,NaN,NaN,NaN,NaN,NaN,NaN,,NaN,,3737.849252583,3738.014380541,3738.014380541,3738.014380541,3738.014380541,3738.014380541,3738.014380541,3738.014380541,3738.014380541,3738.014380541,3745.48350975,-7,7,7,4,6.18291133300045,3,7.39295791699988,3737.5536765,3737.555607708,3738.014380541,3737.849239791,NaN,NaN,NaN,NaN,,NaN,,3737.550237625,3737.553630625,None,NaN,NaN,,NaN,NaN,NaN,NaN,NaN,NaN,NaN,1,kitchen,2,2024-03-18_13h09.11.124,image_similarity_rating,2023.2.3,None,2024-03-18 13h09.27.456878 +0100
,126,129,506,506,stimuli/own/kitchen/126_kit.jpg,stimuli/own/kitchen/129_kit.jpg,NaN,NaN,NaN,NaN,NaN,NaN,NaN,NaN,0,382,382,505,3745.489489458,NaN,NaN,NaN,NaN,NaN,NaN,NaN,,NaN,,3745.781768416,3745.943871333,3745.943871333,3745.943871333,3745.943871333,3745.943871333,3745.943871333,3745.943871333,3745.943871333,3745.943871333,3754.503886,7,-7,7,5,3.93812058299955,4,7.66024100000141,3745.487380375,3745.489489458,3745.943871333,3745.781757833,NaN,NaN,NaN,NaN,,NaN,,3745.483733625,3745.48733325,None,NaN,NaN,,NaN,NaN,NaN,NaN,NaN,NaN,NaN,1,kitchen,2,2024-03-18_13h09.11.124,image_similarity_rating,2023.2.3,None,2024-03-18 13h09.27.456878 +0100
,112,131,261,261,stimuli/own/kitchen/112_kit.jpg,stimuli/own/kitchen/131_kit.jpg,NaN,NaN,NaN,NaN,NaN,NaN,NaN,NaN,0,383,383,260,3754.513907458,NaN,NaN,NaN,NaN,NaN,NaN,NaN,,NaN,,3754.798448208,3754.966645166,3754.966645166,3754.966645166,3754.966645166,3754.966645166,3754.966645166,3754.966645166,3754.966645166,3754.966645166,3762.1049115,7,-7,7,3,5.62038041699998,4,7.01302399999986,3754.507647625,3754.513907458,3754.966645166,3754.798431375,NaN,NaN,NaN,NaN,,NaN,,3754.504102541,3754.507601375,None,NaN,NaN,,NaN,NaN,NaN,NaN,NaN,NaN,NaN,1,kitchen,2,2024-03-18_13h09.11.124,image_similarity_rating,2023.2.3,None,2024-03-18 13h09.27.456878 +0100
,104,135,124,124,stimuli/own/kitchen/104_kit.jpg,stimuli/own/kitchen/135_kit.jpg,NaN,NaN,NaN,NaN,NaN,NaN,NaN,NaN,0,384,384,123,3762.113838541,NaN,NaN,NaN,NaN,NaN,NaN,NaN,,NaN,,3762.39876675,3762.562624083,3762.562624083,3762.562624083,3762.562624083,3762.562624083,3762.562624083,3762.562624083,3762.562624083,3762.562624083,3779.316254958,-7,7,7,4,15.4649548750003,4,9.39357712500168,3762.108565458,3762.113838541,3762.562624083,3762.398753083,NaN,NaN,NaN,NaN,,NaN,,3762.105125541,3762.108519958,None,NaN,NaN,,NaN,NaN,NaN,NaN,NaN,NaN,NaN,1,kitchen,2,2024-03-18_13h09.11.124,image_similarity_rating,2023.2.3,None,2024-03-18 13h09.27.456878 +0100
,102,119,47,47,stimuli/own/kitchen/102_kit.jpg,stimuli/own/kitchen/119_kit.jpg,NaN,NaN,NaN,NaN,NaN,NaN,NaN,NaN,0,385,385,46,3779.3218485,NaN,NaN,NaN,NaN,NaN,NaN,NaN,,NaN,,3779.616081791,3779.780937791,3779.780937791,3779.780937791,3779.780937791,3779.780937791,3779.780937791,3779.780937791,3779.780937791,3779.780937791,3788.19146375,-7,7,7,2,7.07406654100123,2,8.41177308400074,3779.319919291,3779.3218485,3779.780937791,3779.616068708,NaN,NaN,NaN,NaN,,NaN,,3779.316472166,3779.319873375,None,NaN,NaN,,NaN,NaN,NaN,NaN,NaN,NaN,NaN,1,kitchen,2,2024-03-18_13h09.11.124,image_similarity_rating,2023.2.3,None,2024-03-18 13h09.27.456878 +0100
,104,117,108,108,stimuli/own/kitchen/104_kit.jpg,stimuli/own/kitchen/117_kit.jpg,NaN,NaN,NaN,NaN,NaN,NaN,NaN,NaN,0,386,386,107,3788.197027833,NaN,NaN,NaN,NaN,NaN,NaN,NaN,,NaN,,3788.481710125,3788.646324416,3788.646324416,3788.646324416,3788.646324416,3788.646324416,3788.646324416,3788.646324416,3788.646324416,3788.646324416,3794.55368825,-7,7,7,3,5.70372591699925,3,2.58299995900052,3788.195107875,3788.197027833,3788.646324416,3788.481695375,NaN,NaN,NaN,NaN,,NaN,,3788.191677041,3788.195062083,None,NaN,NaN,,NaN,NaN,NaN,NaN,NaN,NaN,NaN,1,kitchen,2,2024-03-18_13h09.11.124,image_similarity_rating,2023.2.3,None,2024-03-18 13h09.27.456878 +0100
,122,129,448,448,stimuli/own/kitchen/122_kit.jpg,stimuli/own/kitchen/129_kit.jpg,NaN,NaN,NaN,NaN,NaN,NaN,NaN,NaN,0,387,387,447,3794.563876,NaN,NaN,NaN,NaN,NaN,NaN,NaN,,NaN,,3794.848445791,3795.020468333,3795.020468333,3795.020468333,3795.020468333,3795.020468333,3795.020468333,3795.020468333,3795.020468333,3795.020468333,3802.20458425,-7,7,7,4,5.33517041699997,4,7.10894112499955,3794.557337875,3794.563876,3795.020468333,3794.848427875,NaN,NaN,NaN,NaN,,NaN,,3794.553901333,3794.557292,None,NaN,NaN,,NaN,NaN,NaN,NaN,NaN,NaN,NaN,1,kitchen,2,2024-03-18_13h09.11.124,image_similarity_rating,2023.2.3,None,2024-03-18 13h09.27.456878 +0100
,121,129,431,431,stimuli/own/kitchen/121_kit.jpg,stimuli/own/kitchen/129_kit.jpg,NaN,NaN,NaN,NaN,NaN,NaN,NaN,NaN,0,388,388,430,3802.213681666,NaN,NaN,NaN,NaN,NaN,NaN,NaN,,NaN,,3802.498424166,3802.662443666,3802.662443666,3802.662443666,3802.662443666,3802.662443666,3802.662443666,3802.662443666,3802.662443666,3802.662443666,3808.525684291,7,-7,7,2,3.09619775000101,2,5.68924545799928,3802.208257416,3802.213681666,3802.662443666,3802.498413333,NaN,NaN,NaN,NaN,,NaN,,3802.204818666,3802.208211375,None,NaN,NaN,,NaN,NaN,NaN,NaN,NaN,NaN,NaN,1,kitchen,2,2024-03-18_13h09.11.124,image_similarity_rating,2023.2.3,None,2024-03-18 13h09.27.456878 +0100
,104,127,118,118,stimuli/own/kitchen/104_kit.jpg,stimuli/own/kitchen/127_kit.jpg,NaN,NaN,NaN,NaN,NaN,NaN,NaN,NaN,0,389,389,117,3808.531883958,NaN,NaN,NaN,NaN,NaN,NaN,NaN,,NaN,,3808.815024625,3808.980143708,3808.980143708,3808.980143708,3808.980143708,3808.980143708,3808.980143708,3808.980143708,3808.980143708,3808.980143708,3818.569922375,7,-7,7,4,7.82621516699874,3,2.54509162499926,3808.529345541,3808.531883958,3808.980143708,3808.815005541,NaN,NaN,NaN,NaN,,NaN,,3808.525899625,3808.529291208,None,NaN,NaN,,NaN,NaN,NaN,NaN,NaN,NaN,NaN,1,kitchen,2,2024-03-18_13h09.11.124,image_similarity_rating,2023.2.3,None,2024-03-18 13h09.27.456878 +0100
,105,116,137,137,stimuli/own/kitchen/105_kit.jpg,stimuli/own/kitchen/116_kit.jpg,NaN,NaN,NaN,NaN,NaN,NaN,NaN,NaN,0,390,390,136,3818.580454625,NaN,NaN,NaN,NaN,NaN,NaN,NaN,,NaN,,3818.865690916,3819.030904875,3819.030904875,3819.030904875,3819.030904875,3819.030904875,3819.030904875,3819.030904875,3819.030904875,3819.030904875,3828.503601,-7,7,7,5,6.86627712500012,3,9.03495154199845,3818.573594458,3818.580454625,3819.030904875,3818.865677125,NaN,NaN,NaN,NaN,,NaN,,3818.570137833,3818.573548958,None,NaN,NaN,,NaN,NaN,NaN,NaN,NaN,NaN,NaN,1,kitchen,2,2024-03-18_13h09.11.124,image_similarity_rating,2023.2.3,None,2024-03-18 13h09.27.456878 +0100
,121,132,434,434,stimuli/own/kitchen/121_kit.jpg,stimuli/own/kitchen/132_kit.jpg,NaN,NaN,NaN,NaN,NaN,NaN,NaN,NaN,0,391,391,433,3828.513622291,NaN,NaN,NaN,NaN,NaN,NaN,NaN,,NaN,,3828.798969333,3828.965489666,3828.965489666,3828.965489666,3828.965489666,3828.965489666,3828.965489666,3828.965489666,3828.965489666,3828.965489666,3837.032633083,-7,7,7,3,8.11618008299956,5,2.71332120800071,3828.50725925,3828.513622291,3828.965489666,3828.7989545,NaN,NaN,NaN,NaN,,NaN,,3828.503819125,3828.507213583,None,NaN,NaN,,NaN,NaN,NaN,NaN,NaN,NaN,NaN,1,kitchen,2,2024-03-18_13h09.11.124,image_similarity_rating,2023.2.3,None,2024-03-18 13h09.27.456878 +0100
,124,138,487,487,stimuli/own/kitchen/124_kit.jpg,stimuli/own/kitchen/138_kit.jpg,NaN,NaN,NaN,NaN,NaN,NaN,NaN,NaN,0,392,392,486,3837.038184291,NaN,NaN,NaN,NaN,NaN,NaN,NaN,,NaN,,3837.332955041,3837.503948958,3837.503948958,3837.503948958,3837.503948958,3837.503948958,3837.503948958,3837.503948958,3837.503948958,3837.503948958,3843.51282325,-7,7,7,4,4.01356787499935,3,5.91058058400085,3837.036274875,3837.038184291,3837.503948958,3837.332932208,NaN,NaN,NaN,NaN,,NaN,,3837.032849125,3837.036229208,None,NaN,NaN,,NaN,NaN,NaN,NaN,NaN,NaN,NaN,1,kitchen,2,2024-03-18_13h09.11.124,image_similarity_rating,2023.2.3,None,2024-03-18 13h09.27.456878 +0100
,109,118,196,196,stimuli/own/kitchen/109_kit.jpg,stimuli/own/kitchen/118_kit.jpg,NaN,NaN,NaN,NaN,NaN,NaN,NaN,NaN,0,393,393,195,3843.518592125,NaN,NaN,NaN,NaN,NaN,NaN,NaN,,NaN,,3843.801557916,3843.963078833,3843.963078833,3843.963078833,3843.963078833,3843.963078833,3843.963078833,3843.963078833,3843.963078833,3843.963078833,3858.224298166,-7,7,7,4,13.918769459,6,4.7237791660009,3843.51651475,3843.518592125,3843.963078833,3843.80154725,NaN,NaN,NaN,NaN,,NaN,,3843.513039166,3843.516468833,None,NaN,NaN,,NaN,NaN,NaN,NaN,NaN,NaN,NaN,1,kitchen,2,2024-03-18_13h09.11.124,image_similarity_rating,2023.2.3,None,2024-03-18 13h09.27.456878 +0100
,113,129,284,284,stimuli/own/kitchen/113_kit.jpg,stimuli/own/kitchen/129_kit.jpg,NaN,NaN,NaN,NaN,NaN,NaN,NaN,NaN,0,394,394,283,3858.23027,NaN,NaN,NaN,NaN,NaN,NaN,NaN,,NaN,,3858.514812125,3858.679800833,3858.679800833,3858.679800833,3858.679800833,3858.679800833,3858.679800833,3858.679800833,3858.679800833,3858.679800833,3866.149817916,7,-7,7,2,4.21071474999917,1,7.17561208299958,3858.228091416,3858.23027,3858.679800833,3858.51479825,NaN,NaN,NaN,NaN,,NaN,,3858.224515666,3858.228044666,None,NaN,NaN,,NaN,NaN,NaN,NaN,NaN,NaN,NaN,1,kitchen,2,2024-03-18_13h09.11.124,image_similarity_rating,2023.2.3,None,2024-03-18 13h09.27.456878 +0100
,109,121,199,199,stimuli/own/kitchen/109_kit.jpg,stimuli/own/kitchen/121_kit.jpg,NaN,NaN,NaN,NaN,NaN,NaN,NaN,NaN,0,395,395,198,3866.1556965,NaN,NaN,NaN,NaN,NaN,NaN,NaN,,NaN,,3866.448288541,3866.6125595,3866.6125595,3866.6125595,3866.6125595,3866.6125595,3866.6125595,3866.6125595,3866.6125595,3866.6125595,3879.252781875,-7,7,7,2,12.6629696669988,3,4.03507391700077,3866.153594375,3866.1556965,3866.6125595,3866.448275166,NaN,NaN,NaN,NaN,,NaN,,3866.150038583,3866.153547291,None,NaN,NaN,,NaN,NaN,NaN,NaN,NaN,NaN,NaN,1,kitchen,2,2024-03-18_13h09.11.124,image_similarity_rating,2023.2.3,None,2024-03-18 13h09.27.456878 +0100
,103,130,89,89,stimuli/own/kitchen/103_kit.jpg,stimuli/own/kitchen/130_kit.jpg,NaN,NaN,NaN,NaN,NaN,NaN,NaN,NaN,0,396,396,88,3879.263497666,NaN,NaN,NaN,NaN,NaN,NaN,NaN,,NaN,,3879.548807291,3879.7128495,3879.7128495,3879.7128495,3879.7128495,3879.7128495,3879.7128495,3879.7128495,3879.7128495,3879.7128495,3936.036187166,-7,7,7,5,55.4944625419994,4,56.23632,3879.256448583,3879.263497666,3879.7128495,3879.54879025,NaN,NaN,NaN,NaN,,NaN,,3879.253001875,3879.256403291,None,NaN,NaN,,NaN,NaN,NaN,NaN,NaN,NaN,NaN,1,kitchen,2,2024-03-18_13h09.11.124,image_similarity_rating,2023.2.3,None,2024-03-18 13h09.27.456878 +0100
,123,129,464,464,stimuli/own/kitchen/123_kit.jpg,stimuli/own/kitchen/129_kit.jpg,NaN,NaN,NaN,NaN,NaN,NaN,NaN,NaN,0,397,397,463,3936.046756,NaN,NaN,NaN,NaN,NaN,NaN,NaN,,NaN,,3936.331954708,3936.496820291,3936.496820291,3936.496820291,3936.496820291,3936.496820291,3936.496820291,3936.496820291,3936.496820291,3936.496820291,3941.158266583,7,-7,7,3,2.99337754099906,3,4.48688470900015,3936.039996416,3936.046756,3936.496820291,3936.331940375,NaN,NaN,NaN,NaN,,NaN,,3936.036405791,3936.039950125,None,NaN,NaN,,NaN,NaN,NaN,NaN,NaN,NaN,NaN,1,kitchen,2,2024-03-18_13h09.11.124,image_similarity_rating,2023.2.3,None,2024-03-18 13h09.27.456878 +0100
,106,141,189,189,stimuli/own/kitchen/106_kit.jpg,stimuli/own/kitchen/141_kit.jpg,NaN,NaN,NaN,NaN,NaN,NaN,NaN,NaN,0,398,398,188,3941.1646135,NaN,NaN,NaN,NaN,NaN,NaN,NaN,,NaN,,3941.447886208,3941.613269291,3941.613269291,3941.613269291,3941.613269291,3941.613269291,3941.613269291,3941.613269291,3941.613269291,3941.613269291,3950.3713075,-7,7,7,4,5.7885949169995,4,8.63089229199977,3941.162091375,3941.1646135,3941.613269291,3941.447871375,NaN,NaN,NaN,NaN,,NaN,,3941.158487541,3941.16204575,None,NaN,NaN,,NaN,NaN,NaN,NaN,NaN,NaN,NaN,1,kitchen,2,2024-03-18_13h09.11.124,image_similarity_rating,2023.2.3,None,2024-03-18 13h09.27.456878 +0100
,135,140,579,579,stimuli/own/kitchen/135_kit.jpg,stimuli/own/kitchen/140_kit.jpg,NaN,NaN,NaN,NaN,NaN,NaN,NaN,NaN,0,399,399,578,3950.379878416,NaN,NaN,NaN,NaN,NaN,NaN,NaN,,NaN,,3950.664583416,3950.834987375,3950.834987375,3950.834987375,3950.834987375,3950.834987375,3950.834987375,3950.834987375,3950.834987375,3950.834987375,3958.357801375,7,-7,7,3,7.41161954100062,4,1.95889866700054,3950.374959458,3950.379878416,3950.834987375,3950.664567291,NaN,NaN,NaN,NaN,,NaN,,3950.371523333,3950.374913958,None,NaN,NaN,,NaN,NaN,NaN,NaN,NaN,NaN,NaN,1,kitchen,2,2024-03-18_13h09.11.124,image_similarity_rating,2023.2.3,None,2024-03-18 13h09.27.456878 +0100
,101,122,17,17,stimuli/own/kitchen/101_kit.jpg,stimuli/own/kitchen/122_kit.jpg,NaN,NaN,NaN,NaN,NaN,NaN,NaN,NaN,0,400,400,16,3958.380119666,NaN,NaN,NaN,NaN,NaN,NaN,NaN,,NaN,,3958.664066708,3958.836042541,3958.836042541,3958.836042541,3958.836042541,3958.836042541,3958.836042541,3958.836042541,3958.836042541,3958.836042541,3965.502968,-7,7,7,4,4.00795129200014,4,5.19295879200035,3958.36157275,3958.380119666,NaN,3958.664043,NaN,NaN,NaN,NaN,,NaN,,3958.358018291,3958.361526625,None,NaN,NaN,,NaN,NaN,NaN,NaN,NaN,NaN,NaN,1,kitchen,2,2024-03-18_13h09.11.124,image_similarity_rating,2023.2.3,None,2024-03-18 13h09.27.456878 +0100
,103,105,69,69,stimuli/own/kitchen/103_kit.jpg,stimuli/own/kitchen/105_kit.jpg,NaN,NaN,NaN,NaN,NaN,NaN,NaN,NaN,0,401,401,68,3965.513315708,NaN,NaN,NaN,NaN,NaN,NaN,NaN,,NaN,,3965.797748375,3965.970371166,3965.970371166,3965.970371166,3965.970371166,3965.970371166,3965.970371166,3965.970371166,3965.970371166,3965.970371166,3974.203082333,7,-7,7,5,6.80439466700045,3,8.19826958400154,3965.506638583,3965.513315708,3965.970371166,3965.797727625,NaN,NaN,NaN,NaN,,NaN,,3965.503198791,3965.506592333,None,NaN,NaN,,NaN,NaN,NaN,NaN,NaN,NaN,NaN,1,kitchen,2,2024-03-18_13h09.11.124,image_similarity_rating,2023.2.3,None,2024-03-18 13h09.27.456878 +0100
,120,141,424,424,stimuli/own/kitchen/120_kit.jpg,stimuli/own/kitchen/141_kit.jpg,NaN,NaN,NaN,NaN,NaN,NaN,NaN,NaN,0,402,402,423,3974.213278666,NaN,NaN,NaN,NaN,NaN,NaN,NaN,,NaN,,3974.498671791,3974.663936291,3974.663936291,3974.663936291,3974.663936291,3974.663936291,3974.663936291,3974.663936291,3974.663936291,3974.663936291,3984.532226708,-7,7,7,3,9.52231683299942,5,3.13614612499987,3974.206813833,3974.213278666,3974.663936291,3974.498657125,NaN,NaN,NaN,NaN,,NaN,,3974.203295,3974.206767416,None,NaN,NaN,,NaN,NaN,NaN,NaN,NaN,NaN,NaN,1,kitchen,2,2024-03-18_13h09.11.124,image_similarity_rating,2023.2.3,None,2024-03-18 13h09.27.456878 +0100
,111,116,221,221,stimuli/own/kitchen/111_kit.jpg,stimuli/own/kitchen/116_kit.jpg,NaN,NaN,NaN,NaN,NaN,NaN,NaN,NaN,0,403,403,220,3984.537946083,NaN,NaN,NaN,NaN,NaN,NaN,NaN,,NaN,,3984.831652541,3984.996722958,3984.996722958,3984.996722958,3984.996722958,3984.996722958,3984.996722958,3984.996722958,3984.996722958,3984.996722958,3991.94518125,7,-7,7,4,6.63089899999977,2,1.99519204199896,3984.535878375,3984.537946083,3984.996722958,3984.831639416,NaN,NaN,NaN,NaN,,NaN,,3984.532441166,3984.535832916,None,NaN,NaN,,NaN,NaN,NaN,NaN,NaN,NaN,NaN,1,kitchen,2,2024-03-18_13h09.11.124,image_similarity_rating,2023.2.3,None,2024-03-18 13h09.27.456878 +0100
,117,121,346,346,stimuli/own/kitchen/117_kit.jpg,stimuli/own/kitchen/121_kit.jpg,NaN,NaN,NaN,NaN,NaN,NaN,NaN,NaN,0,404,404,345,3991.950816666,NaN,NaN,NaN,NaN,NaN,NaN,NaN,,NaN,,3992.23593925,3992.400520208,3992.400520208,3992.400520208,3992.400520208,3992.400520208,3992.400520208,3992.400520208,3992.400520208,3992.400520208,3999.903742625,-7,7,7,4,2.12135300000045,2,7.45386366700041,3991.948898708,3991.950816666,3992.400520208,3992.235928916,NaN,NaN,NaN,NaN,,NaN,,3991.94541625,3991.948851833,None,NaN,NaN,,NaN,NaN,NaN,NaN,NaN,NaN,NaN,1,kitchen,2,2024-03-18_13h09.11.124,image_similarity_rating,2023.2.3,None,2024-03-18 13h09.27.456878 +0100
,116,139,340,340,stimuli/own/kitchen/116_kit.jpg,stimuli/own/kitchen/139_kit.jpg,NaN,NaN,NaN,NaN,NaN,NaN,NaN,NaN,0,405,405,339,3999.913038125,NaN,NaN,NaN,NaN,NaN,NaN,NaN,,NaN,,4000.198704333,4000.363192833,4000.363192833,4000.363192833,4000.363192833,4000.363192833,4000.363192833,4000.363192833,4000.363192833,4000.363192833,4012.466912708,-7,7,7,3,11.8776219169995,2,6.98786979200122,3999.90760975,3999.913038125,4000.363192833,4000.198690416,NaN,NaN,NaN,NaN,,NaN,,3999.90396775,3999.9075525,None,NaN,NaN,,NaN,NaN,NaN,NaN,NaN,NaN,NaN,1,kitchen,2,2024-03-18_13h09.11.124,image_similarity_rating,2023.2.3,None,2024-03-18 13h09.27.456878 +0100
,112,116,247,247,stimuli/own/kitchen/112_kit.jpg,stimuli/own/kitchen/116_kit.jpg,NaN,NaN,NaN,NaN,NaN,NaN,NaN,NaN,0,406,406,246,4012.479619166,NaN,NaN,NaN,NaN,NaN,NaN,NaN,,NaN,,4012.764897,4012.932042875,4012.932042875,4012.932042875,4012.932042875,4012.932042875,4012.932042875,4012.932042875,4012.932042875,4012.932042875,4025.128932791,-7,7,7,2,10.4509184580002,2,12.0326662500011,4012.470783208,4012.479619166,4012.932042875,4012.764880333,NaN,NaN,NaN,NaN,,NaN,,4012.467140791,4012.470734458,None,NaN,NaN,,NaN,NaN,NaN,NaN,NaN,NaN,NaN,1,kitchen,2,2024-03-18_13h09.11.124,image_similarity_rating,2023.2.3,None,2024-03-18 13h09.27.456878 +0100
,129,132,532,532,stimuli/own/kitchen/129_kit.jpg,stimuli/own/kitchen/132_kit.jpg,NaN,NaN,NaN,NaN,NaN,NaN,NaN,NaN,0,407,407,531,4025.134713333,NaN,NaN,NaN,NaN,NaN,NaN,NaN,,NaN,,4025.4183465,4025.583064791,4025.583064791,4025.583064791,4025.583064791,4025.583064791,4025.583064791,4025.583064791,4025.583064791,4025.583064791,4034.945209708,-7,7,7,2,6.85477795899897,2,9.28680987500047,4025.132637458,4025.134713333,4025.583064791,4025.418336208,NaN,NaN,NaN,NaN,,NaN,,4025.129145458,4025.1325915,None,NaN,NaN,,NaN,NaN,NaN,NaN,NaN,NaN,NaN,1,kitchen,2,2024-03-18_13h09.11.124,image_similarity_rating,2023.2.3,None,2024-03-18 13h09.27.456878 +0100
,121,137,438,438,stimuli/own/kitchen/121_kit.jpg,stimuli/own/kitchen/137_kit.jpg,NaN,NaN,NaN,NaN,NaN,NaN,NaN,NaN,0,408,408,437,4034.951013208,NaN,NaN,NaN,NaN,NaN,NaN,NaN,,NaN,,4035.235338958,4035.402560666,4035.402560666,4035.402560666,4035.402560666,4035.402560666,4035.402560666,4035.402560666,4035.402560666,4035.402560666,4072.852945791,-7,7,7,3,37.4139302500007,2,2.45467079199989,4034.948934416,4034.951013208,4035.402560666,4035.235323708,NaN,NaN,NaN,NaN,,NaN,,4034.94545075,4034.948888666,None,NaN,NaN,,NaN,NaN,NaN,NaN,NaN,NaN,NaN,1,kitchen,2,2024-03-18_13h09.11.124,image_similarity_rating,2023.2.3,None,2024-03-18 13h09.27.456878 +0100
,130,139,548,548,stimuli/own/kitchen/130_kit.jpg,stimuli/own/kitchen/139_kit.jpg,NaN,NaN,NaN,NaN,NaN,NaN,NaN,NaN,0,409,409,547,4072.862959041,NaN,NaN,NaN,NaN,NaN,NaN,NaN,,NaN,,4073.148271375,4073.313354333,4073.313354333,4073.313354333,4073.313354333,4073.313354333,4073.313354333,4073.313354333,4073.313354333,4073.313354333,4078.957081625,-7,7,7,2,3.20430154200039,4,5.10093091599992,4072.856865208,4072.862959041,4073.313354333,4073.148256958,NaN,NaN,NaN,NaN,,NaN,,4072.853172083,4072.856816416,None,NaN,NaN,,NaN,NaN,NaN,NaN,NaN,NaN,NaN,1,kitchen,2,2024-03-18_13h09.11.124,image_similarity_rating,2023.2.3,None,2024-03-18 13h09.27.456878 +0100
,102,125,53,53,stimuli/own/kitchen/102_kit.jpg,stimuli/own/kitchen/125_kit.jpg,NaN,NaN,NaN,NaN,NaN,NaN,NaN,NaN,0,410,410,52,4078.962683625,NaN,NaN,NaN,NaN,NaN,NaN,NaN,,NaN,,4079.247321416,4079.41317775,4079.41317775,4079.41317775,4079.41317775,4079.41317775,4079.41317775,4079.41317775,4079.41317775,4079.41317775,4085.244574916,-7,7,7,2,5.87330408399976,2,2.60009595799966,4078.96075275,4078.962683625,4079.41317775,4079.247307208,NaN,NaN,NaN,NaN,,NaN,,4078.957302458,4078.960707375,None,NaN,NaN,,NaN,NaN,NaN,NaN,NaN,NaN,NaN,1,kitchen,2,2024-03-18_13h09.11.124,image_similarity_rating,2023.2.3,None,2024-03-18 13h09.27.456878 +0100
,111,137,240,240,stimuli/own/kitchen/111_kit.jpg,stimuli/own/kitchen/137_kit.jpg,NaN,NaN,NaN,NaN,NaN,NaN,NaN,NaN,0,411,411,239,4085.250243791,NaN,NaN,NaN,NaN,NaN,NaN,NaN,,NaN,,4085.534230666,4085.6979575,4085.6979575,4085.6979575,4085.6979575,4085.6979575,4085.6979575,4085.6979575,4085.6979575,4085.6979575,4091.803360041,7,-7,7,3,5.14232937500128,3,6.11998708399915,4085.248309666,4085.250243791,4085.6979575,4085.53422,NaN,NaN,NaN,NaN,,NaN,,4085.244792125,4085.248263833,None,NaN,NaN,,NaN,NaN,NaN,NaN,NaN,NaN,NaN,1,kitchen,2,2024-03-18_13h09.11.124,image_similarity_rating,2023.2.3,None,2024-03-18 13h09.27.456878 +0100
,111,113,219,219,stimuli/own/kitchen/111_kit.jpg,stimuli/own/kitchen/113_kit.jpg,NaN,NaN,NaN,NaN,NaN,NaN,NaN,NaN,0,412,412,218,4091.812708625,NaN,NaN,NaN,NaN,NaN,NaN,NaN,,NaN,,4092.098013125,4092.262249833,4092.262249833,4092.262249833,4092.262249833,4092.262249833,4092.262249833,4092.262249833,4092.262249833,4092.262249833,4096.911472666,-7,7,7,2,4.72064850000061,4,1.93170129200007,4091.807032041,4091.812708625,4092.262249833,4092.097995291,NaN,NaN,NaN,NaN,,NaN,,4091.80358,4091.806986375,None,NaN,NaN,,NaN,NaN,NaN,NaN,NaN,NaN,NaN,1,kitchen,2,2024-03-18_13h09.11.124,image_similarity_rating,2023.2.3,None,2024-03-18 13h09.27.456878 +0100
,125,126,491,491,stimuli/own/kitchen/125_kit.jpg,stimuli/own/kitchen/126_kit.jpg,NaN,NaN,NaN,NaN,NaN,NaN,NaN,NaN,0,413,413,490,4096.91724675,NaN,NaN,NaN,NaN,NaN,NaN,NaN,,NaN,,4097.202184416,4097.365867625,4097.365867625,4097.365867625,4097.365867625,4097.365867625,4097.365867625,4097.365867625,4097.365867625,4097.365867625,4107.366123291,7,-7,7,2,2.12706083400008,6,9.34977720899951,4096.915168541,4096.91724675,4097.365867625,4097.20217025,NaN,NaN,NaN,NaN,,NaN,,4096.911696458,4096.9151225,None,NaN,NaN,,NaN,NaN,NaN,NaN,NaN,NaN,NaN,1,kitchen,2,2024-03-18_13h09.11.124,image_similarity_rating,2023.2.3,None,2024-03-18 13h09.27.456878 +0100
,123,127,463,463,stimuli/own/kitchen/123_kit.jpg,stimuli/own/kitchen/127_kit.jpg,NaN,NaN,NaN,NaN,NaN,NaN,NaN,NaN,0,414,414,462,4107.371840083,NaN,NaN,NaN,NaN,NaN,NaN,NaN,,NaN,,4107.664591708,4107.828944791,4107.828944791,4107.828944791,4107.828944791,4107.828944791,4107.828944791,4107.828944791,4107.828944791,4107.828944791,4120.806907666,7,-7,7,2,13.0392248749995,3,2.56741770799999,4107.369899791,4107.371840083,4107.828944791,4107.664574125,NaN,NaN,NaN,NaN,,NaN,,4107.36634425,4107.369853833,None,NaN,NaN,,NaN,NaN,NaN,NaN,NaN,NaN,NaN,1,kitchen,2,2024-03-18_13h09.11.124,image_similarity_rating,2023.2.3,None,2024-03-18 13h09.27.456878 +0100
,117,139,362,362,stimuli/own/kitchen/117_kit.jpg,stimuli/own/kitchen/139_kit.jpg,NaN,NaN,NaN,NaN,NaN,NaN,NaN,NaN,0,415,415,361,4120.812744875,NaN,NaN,NaN,NaN,NaN,NaN,NaN,,NaN,,4121.098130583,4121.264802958,4121.264802958,4121.264802958,4121.264802958,4121.264802958,4121.264802958,4121.264802958,4121.264802958,4121.264802958,4128.64512475,7,-7,7,2,3.2356332499985,2,7.3309866669988,4120.810560291,4120.812744875,4121.264802958,4121.098117416,NaN,NaN,NaN,NaN,,NaN,,4120.807122916,4120.810513833,None,NaN,NaN,,NaN,NaN,NaN,NaN,NaN,NaN,NaN,1,kitchen,2,2024-03-18_13h09.11.124,image_similarity_rating,2023.2.3,None,2024-03-18 13h09.27.456878 +0100
,101,136,29,29,stimuli/own/kitchen/101_kit.jpg,stimuli/own/kitchen/136_kit.jpg,NaN,NaN,NaN,NaN,NaN,NaN,NaN,NaN,0,416,416,28,4128.651237291,NaN,NaN,NaN,NaN,NaN,NaN,NaN,,NaN,,4128.935849958,4129.099380541,4129.099380541,4129.099380541,4129.099380541,4129.099380541,4129.099380541,4129.099380541,4129.099380541,4129.099380541,4139.035245125,7,-7,7,5,9.41653316700103,5,3.49440833300105,4128.649182833,4128.651237291,4129.099380541,4128.935838416,NaN,NaN,NaN,NaN,,NaN,,4128.645339916,4128.649134541,None,NaN,NaN,,NaN,NaN,NaN,NaN,NaN,NaN,NaN,1,kitchen,2,2024-03-18_13h09.11.124,image_similarity_rating,2023.2.3,None,2024-03-18 13h09.27.456878 +0100
,106,129,178,178,stimuli/own/kitchen/106_kit.jpg,stimuli/own/kitchen/129_kit.jpg,NaN,NaN,NaN,NaN,NaN,NaN,NaN,NaN,0,417,417,177,4139.046089583,NaN,NaN,NaN,NaN,NaN,NaN,NaN,,NaN,,4139.3303845,4139.495518,4139.495518,4139.495518,4139.495518,4139.495518,4139.495518,4139.495518,4139.495518,4139.495518,4148.094976208,7,-7,7,3,8.01191458299945,2,8.39988295900002,4139.038921875,4139.046089583,4139.495518,4139.3303705,NaN,NaN,NaN,NaN,,NaN,,4139.03546325,4139.038875458,None,NaN,NaN,,NaN,NaN,NaN,NaN,NaN,NaN,NaN,1,kitchen,2,2024-03-18_13h09.11.124,image_similarity_rating,2023.2.3,None,2024-03-18 13h09.27.456878 +0100
,104,114,106,106,stimuli/own/kitchen/104_kit.jpg,stimuli/own/kitchen/114_kit.jpg,NaN,NaN,NaN,NaN,NaN,NaN,NaN,NaN,0,418,418,105,4148.100667208,NaN,NaN,NaN,NaN,NaN,NaN,NaN,,NaN,,4148.386160583,4148.550039083,4148.550039083,4148.550039083,4148.550039083,4148.550039083,4148.550039083,4148.550039083,4148.550039083,4148.550039083,4159.740302166,7,-7,7,4,9.85433004199876,2,2.013237707999,4148.09867975,4148.100667208,4148.550039083,4148.386147166,NaN,NaN,NaN,NaN,,NaN,,4148.095200958,4148.098633791,None,NaN,NaN,,NaN,NaN,NaN,NaN,NaN,NaN,NaN,1,kitchen,2,2024-03-18_13h09.11.124,image_similarity_rating,2023.2.3,None,2024-03-18 13h09.27.456878 +0100
,102,139,65,65,stimuli/own/kitchen/102_kit.jpg,stimuli/own/kitchen/139_kit.jpg,NaN,NaN,NaN,NaN,NaN,NaN,NaN,NaN,0,419,419,64,4159.745784875,NaN,NaN,NaN,NaN,NaN,NaN,NaN,,NaN,,4160.03142625,4160.197366958,4160.197366958,4160.197366958,4160.197366958,4160.197366958,4160.197366958,4160.197366958,4160.197366958,4160.197366958,4171.640119166,-7,7,7,2,4.20188749999943,6,9.3760167499986,4159.743972041,4159.745784875,4160.197366958,4160.031412916,NaN,NaN,NaN,NaN,,NaN,,4159.740520458,4159.743926125,None,NaN,NaN,,NaN,NaN,NaN,NaN,NaN,NaN,NaN,1,kitchen,2,2024-03-18_13h09.11.124,image_similarity_rating,2023.2.3,None,2024-03-18 13h09.27.456878 +0100
,114,117,297,297,stimuli/own/kitchen/114_kit.jpg,stimuli/own/kitchen/117_kit.jpg,NaN,NaN,NaN,NaN,NaN,NaN,NaN,NaN,0,420,420,296,4171.645643916,NaN,NaN,NaN,NaN,NaN,NaN,NaN,,NaN,,4171.930999583,4172.095254833,4172.095254833,4172.095254833,4172.095254833,4172.095254833,4172.095254833,4172.095254833,4172.095254833,4172.095254833,4180.261461875,7,-7,7,3,6.76167887500014,6,3.12025966700094,4171.643787333,4171.645643916,4172.095254833,4171.930986125,NaN,NaN,NaN,NaN,,NaN,,4171.640336125,4171.643741125,None,NaN,NaN,,NaN,NaN,NaN,NaN,NaN,NaN,NaN,1,kitchen,2,2024-03-18_13h09.11.124,image_similarity_rating,2023.2.3,None,2024-03-18 13h09.27.456878 +0100
,117,134,357,357,stimuli/own/kitchen/117_kit.jpg,stimuli/own/kitchen/134_kit.jpg,NaN,NaN,NaN,NaN,NaN,NaN,NaN,NaN,0,421,421,356,4180.26722375,NaN,NaN,NaN,NaN,NaN,NaN,NaN,,NaN,,4180.551649375,4180.7206625,4180.7206625,4180.7206625,4180.7206625,4180.7206625,4180.7206625,4180.7206625,4180.7206625,4180.7206625,4184.436045125,7,-7,7,3,2.79145408300064,4,3.47833475000152,4180.265295791,4180.26722375,4180.7206625,4180.551634208,NaN,NaN,NaN,NaN,,NaN,,4180.261689041,4180.265249166,None,NaN,NaN,,NaN,NaN,NaN,NaN,NaN,NaN,NaN,1,kitchen,2,2024-03-18_13h09.11.124,image_similarity_rating,2023.2.3,None,2024-03-18 13h09.27.456878 +0100
,127,141,529,529,stimuli/own/kitchen/127_kit.jpg,stimuli/own/kitchen/141_kit.jpg,NaN,NaN,NaN,NaN,NaN,NaN,NaN,NaN,0,422,422,528,4184.445795625,NaN,NaN,NaN,NaN,NaN,NaN,NaN,,NaN,,4184.731656875,4184.896747833,4184.896747833,4184.896747833,4184.896747833,4184.896747833,4184.896747833,4184.896747833,4184.896747833,4184.896747833,4191.91122375,-7,7,7,5,7.04941462500028,5,2.73861270799898,4184.439712791,4184.445795625,4184.896747833,4184.731643583,NaN,NaN,NaN,NaN,,NaN,,4184.43626375,4184.439666791,None,NaN,NaN,,NaN,NaN,NaN,NaN,NaN,NaN,NaN,1,kitchen,2,2024-03-18_13h09.11.124,image_similarity_rating,2023.2.3,None,2024-03-18 13h09.27.456878 +0100
,102,139,65,606,stimuli/own/kitchen/102_kit.jpg,stimuli/own/kitchen/139_kit.jpg,NaN,NaN,NaN,NaN,NaN,NaN,NaN,NaN,0,423,423,605,4191.917309791,NaN,NaN,NaN,NaN,NaN,NaN,NaN,,NaN,,4192.202273458,4192.365386708,4192.365386708,4192.365386708,4192.365386708,4192.365386708,4192.365386708,4192.365386708,4192.365386708,4192.365386708,4200.890468666,-7,7,7,3,7.18390370799898,6,4.6617425000004,4191.915233,4191.917309791,4192.365386708,4192.202262958,NaN,NaN,NaN,NaN,,NaN,,4191.911465083,4191.915184375,None,NaN,NaN,,NaN,NaN,NaN,NaN,NaN,NaN,NaN,1,kitchen,2,2024-03-18_13h09.11.124,image_similarity_rating,2023.2.3,None,2024-03-18 13h09.27.456878 +0100
,105,139,158,158,stimuli/own/kitchen/105_kit.jpg,stimuli/own/kitchen/139_kit.jpg,NaN,NaN,NaN,NaN,NaN,NaN,NaN,NaN,0,424,424,157,4200.897095208,NaN,NaN,NaN,NaN,NaN,NaN,NaN,,NaN,,4201.180311208,4201.343510916,4201.343510916,4201.343510916,4201.343510916,4201.343510916,4201.343510916,4201.343510916,4201.343510916,4201.343510916,4211.286699541,7,-7,7,1,9.87735283399888,3,3.60150550000071,4200.8942705,4200.897095208,4201.343510916,4201.180299916,NaN,NaN,NaN,NaN,,NaN,,4200.890685458,4200.894224666,None,NaN,NaN,,NaN,NaN,NaN,NaN,NaN,NaN,NaN,1,kitchen,2,2024-03-18_13h09.11.124,image_similarity_rating,2023.2.3,None,2024-03-18 13h09.27.456878 +0100
,136,139,583,601,stimuli/own/kitchen/136_kit.jpg,stimuli/own/kitchen/139_kit.jpg,NaN,NaN,NaN,NaN,NaN,NaN,NaN,NaN,0,425,425,600,4211.296080416,NaN,NaN,NaN,NaN,NaN,NaN,NaN,,NaN,,4211.580953708,4211.744664541,4211.744664541,4211.744664541,4211.744664541,4211.744664541,4211.744664541,4211.744664541,4211.744664541,4211.744664541,4225.806854333,7,-7,7,1,13.923247916,4,8.06568479199996,4211.2904005,4211.296080416,4211.744664541,4211.580941291,NaN,NaN,NaN,NaN,,NaN,,4211.286921458,4211.290354791,None,NaN,NaN,,NaN,NaN,NaN,NaN,NaN,NaN,NaN,1,kitchen,2,2024-03-18_13h09.11.124,image_similarity_rating,2023.2.3,None,2024-03-18 13h09.27.456878 +0100
,103,112,73,73,stimuli/own/kitchen/103_kit.jpg,stimuli/own/kitchen/112_kit.jpg,NaN,NaN,NaN,NaN,NaN,NaN,NaN,NaN,0,426,426,72,4225.828947416,NaN,NaN,NaN,NaN,NaN,NaN,NaN,,NaN,,4226.113119416,4226.275480041,4226.275480041,4226.275480041,4226.275480041,4226.275480041,4226.275480041,4226.275480041,4226.275480041,4226.275480041,4236.690069625,-7,7,7,4,9.761194875,4,6.37299200000052,4225.810634916,4225.828947416,NaN,4226.113108458,NaN,NaN,NaN,NaN,,NaN,,4225.807072583,4225.810588541,None,NaN,NaN,,NaN,NaN,NaN,NaN,NaN,NaN,NaN,1,kitchen,2,2024-03-18_13h09.11.124,image_similarity_rating,2023.2.3,None,2024-03-18 13h09.27.456878 +0100
,103,119,79,79,stimuli/own/kitchen/103_kit.jpg,stimuli/own/kitchen/119_kit.jpg,NaN,NaN,NaN,NaN,NaN,NaN,NaN,NaN,0,427,427,78,4236.695526291,NaN,NaN,NaN,NaN,NaN,NaN,NaN,,NaN,,4236.981253416,4237.144228791,4237.144228791,4237.144228791,4237.144228791,4237.144228791,4237.144228791,4237.144228791,4237.144228791,4237.144228791,4243.77957925,7,-7,7,2,5.47231483299947,3,6.69941025000116,4236.693730166,4236.695526291,4237.144228791,4236.98124075,NaN,NaN,NaN,NaN,,NaN,,4236.69028725,4236.69368375,None,NaN,NaN,,NaN,NaN,NaN,NaN,NaN,NaN,NaN,1,kitchen,2,2024-03-18_13h09.11.124,image_similarity_rating,2023.2.3,None,2024-03-18 13h09.27.456878 +0100
,119,132,397,397,stimuli/own/kitchen/119_kit.jpg,stimuli/own/kitchen/132_kit.jpg,NaN,NaN,NaN,NaN,NaN,NaN,NaN,NaN,0,428,428,396,4243.784990291,NaN,NaN,NaN,NaN,NaN,NaN,NaN,,NaN,,4244.06803675,4244.232147541,4244.232147541,4244.232147541,4244.232147541,4244.232147541,4244.232147541,4244.232147541,4244.232147541,4244.232147541,4252.619030125,-7,7,7,2,8.46104449999984,2,5.08646575000057,4243.78323575,4243.784990291,4244.232147541,4244.068020083,NaN,NaN,NaN,NaN,,NaN,,4243.779792,4243.783189791,None,NaN,NaN,,NaN,NaN,NaN,NaN,NaN,NaN,NaN,1,kitchen,2,2024-03-18_13h09.11.124,image_similarity_rating,2023.2.3,None,2024-03-18 13h09.27.456878 +0100
,105,125,146,146,stimuli/own/kitchen/105_kit.jpg,stimuli/own/kitchen/125_kit.jpg,NaN,NaN,NaN,NaN,NaN,NaN,NaN,NaN,0,429,429,145,4252.62907475,NaN,NaN,NaN,NaN,NaN,NaN,NaN,,NaN,,4252.913473875,4253.080764291,4253.080764291,4253.080764291,4253.080764291,4253.080764291,4253.080764291,4253.080764291,4253.080764291,4253.080764291,4258.356829625,7,-7,7,2,1.76316870799928,4,4.32682424999985,4252.62269075,4252.62907475,4253.080764291,4252.913456791,NaN,NaN,NaN,NaN,,NaN,,4252.619245958,4252.622645291,None,NaN,NaN,,NaN,NaN,NaN,NaN,NaN,NaN,NaN,1,kitchen,2,2024-03-18_13h09.11.124,image_similarity_rating,2023.2.3,None,2024-03-18 13h09.27.456878 +0100
,121,125,428,428,stimuli/own/kitchen/121_kit.jpg,stimuli/own/kitchen/125_kit.jpg,NaN,NaN,NaN,NaN,NaN,NaN,NaN,NaN,0,430,430,427,4258.3789825,NaN,NaN,NaN,NaN,NaN,NaN,NaN,,NaN,,4258.663079458,4258.834067583,4258.834067583,4258.834067583,4258.834067583,4258.834067583,4258.834067583,4258.834067583,4258.834067583,4258.834067583,4263.435259958,-7,7,7,2,4.57610670800022,3,1.53329262499938,4258.360489958,4258.3789825,NaN,4258.663042541,NaN,NaN,NaN,NaN,,NaN,,4258.357051541,4258.360444333,None,NaN,NaN,,NaN,NaN,NaN,NaN,NaN,NaN,NaN,1,kitchen,2,2024-03-18_13h09.11.124,image_similarity_rating,2023.2.3,None,2024-03-18 13h09.27.456878 +0100
,121,126,429,429,stimuli/own/kitchen/121_kit.jpg,stimuli/own/kitchen/126_kit.jpg,NaN,NaN,NaN,NaN,NaN,NaN,NaN,NaN,0,431,431,428,4263.445702125,NaN,NaN,NaN,NaN,NaN,NaN,NaN,,NaN,,4263.730843958,4263.895615333,4263.895615333,4263.895615333,4263.895615333,4263.895615333,4263.895615333,4263.895615333,4263.895615333,4263.895615333,4270.423448666,-7,7,7,3,5.32755104200078,3,6.49054954200074,4263.438923375,4263.445702125,4263.895615333,4263.73083125,NaN,NaN,NaN,NaN,,NaN,,4263.435477291,4263.438877708,None,NaN,NaN,,NaN,NaN,NaN,NaN,NaN,NaN,NaN,1,kitchen,2,2024-03-18_13h09.11.124,image_similarity_rating,2023.2.3,None,2024-03-18 13h09.27.456878 +0100
,112,122,253,253,stimuli/own/kitchen/112_kit.jpg,stimuli/own/kitchen/122_kit.jpg,NaN,NaN,NaN,NaN,NaN,NaN,NaN,NaN,0,432,432,252,4270.445467833,NaN,NaN,NaN,NaN,NaN,NaN,NaN,,NaN,,4270.729656458,4270.895386166,4270.895386166,4270.895386166,4270.895386166,4270.895386166,4270.895386166,4270.895386166,4270.895386166,4270.895386166,4285.244648583,-7,7,7,5,13.0748877090009,5,6.62590858300064,4270.427130208,4270.445467833,NaN,4270.729636,NaN,NaN,NaN,NaN,,NaN,,4270.423664416,4270.427085083,None,NaN,NaN,,NaN,NaN,NaN,NaN,NaN,NaN,NaN,1,kitchen,2,2024-03-18_13h09.11.124,image_similarity_rating,2023.2.3,None,2024-03-18 13h09.27.456878 +0100
,126,130,507,507,stimuli/own/kitchen/126_kit.jpg,stimuli/own/kitchen/130_kit.jpg,NaN,NaN,NaN,NaN,NaN,NaN,NaN,NaN,0,433,433,506,4285.250453416,NaN,NaN,NaN,NaN,NaN,NaN,NaN,,NaN,,4285.54679575,4285.714317791,4285.714317791,4285.714317791,4285.714317791,4285.714317791,4285.714317791,4285.714317791,4285.714317791,4285.714317791,4297.615087875,7,-7,7,5,9.50935341699915,5,11.5601959159994,4285.248361583,4285.250453416,4285.714317791,4285.546778708,NaN,NaN,NaN,NaN,,NaN,,4285.244863166,4285.24831575,None,NaN,NaN,,NaN,NaN,NaN,NaN,NaN,NaN,NaN,1,kitchen,2,2024-03-18_13h09.11.124,image_similarity_rating,2023.2.3,None,2024-03-18 13h09.27.456878 +0100
,101,120,15,15,stimuli/own/kitchen/101_kit.jpg,stimuli/own/kitchen/120_kit.jpg,NaN,NaN,NaN,NaN,NaN,NaN,NaN,NaN,0,434,434,14,4297.628730583,NaN,NaN,NaN,NaN,NaN,NaN,NaN,,NaN,,4297.913463916,4298.0791825,4298.0791825,4298.0791825,4298.0791825,4298.0791825,4298.0791825,4298.0791825,4298.0791825,4298.0791825,4305.223033375,-7,7,7,3,5.00221312499889,5,7.03139941700101,4297.618847875,4297.628730583,4298.0791825,4297.913449541,NaN,NaN,NaN,NaN,,NaN,,4297.615308875,4297.61880075,None,NaN,NaN,,NaN,NaN,NaN,NaN,NaN,NaN,NaN,1,kitchen,2,2024-03-18_13h09.11.124,image_similarity_rating,2023.2.3,None,2024-03-18 13h09.27.456878 +0100
,104,118,109,109,stimuli/own/kitchen/104_kit.jpg,stimuli/own/kitchen/118_kit.jpg,NaN,NaN,NaN,NaN,NaN,NaN,NaN,NaN,0,435,435,108,4305.245816583,NaN,NaN,NaN,NaN,NaN,NaN,NaN,,NaN,,4305.52976175,4305.699907958,4305.699907958,4305.699907958,4305.699907958,4305.699907958,4305.699907958,4305.699907958,4305.699907958,4305.699907958,4311.540719708,7,-7,7,3,5.84063741699902,3,2.24080570899969,4305.226784416,4305.245816583,NaN,4305.529739375,NaN,NaN,NaN,NaN,,NaN,,4305.223249291,4305.226738833,None,NaN,NaN,,NaN,NaN,NaN,NaN,NaN,NaN,NaN,1,kitchen,2,2024-03-18_13h09.11.124,image_similarity_rating,2023.2.3,None,2024-03-18 13h09.27.456878 +0100
,114,141,319,319,stimuli/own/kitchen/114_kit.jpg,stimuli/own/kitchen/141_kit.jpg,NaN,NaN,NaN,NaN,NaN,NaN,NaN,NaN,0,436,436,318,4311.546725666,NaN,NaN,NaN,NaN,NaN,NaN,NaN,,NaN,,4311.830072625,4311.99909575,4311.99909575,4311.99909575,4311.99909575,4311.99909575,4311.99909575,4311.99909575,4311.99909575,4311.99909575,4321.064479291,-7,7,7,5,4.74249720800071,4,6.11928633299976,4311.544555416,4311.546725666,4311.99909575,4311.830055166,NaN,NaN,NaN,NaN,,NaN,,4311.540935458,4311.544506958,None,NaN,NaN,,NaN,NaN,NaN,NaN,NaN,NaN,NaN,1,kitchen,2,2024-03-18_13h09.11.124,image_similarity_rating,2023.2.3,None,2024-03-18 13h09.27.456878 +0100
,103,138,96,96,stimuli/own/kitchen/103_kit.jpg,stimuli/own/kitchen/138_kit.jpg,NaN,NaN,NaN,NaN,NaN,NaN,NaN,NaN,0,437,437,95,4321.070172625,NaN,NaN,NaN,NaN,NaN,NaN,NaN,,NaN,,4321.363276,4321.527184625,4321.527184625,4321.527184625,4321.527184625,4321.527184625,4321.527184625,4321.527184625,4321.527184625,4321.527184625,4331.885834958,7,-7,7,5,7.70562141700066,3,10.3333913750012,4321.068236666,4321.070172625,4321.527184625,4321.363262333,NaN,NaN,NaN,NaN,,NaN,,4321.064698375,4321.068190791,None,NaN,NaN,,NaN,NaN,NaN,NaN,NaN,NaN,NaN,1,kitchen,2,2024-03-18_13h09.11.124,image_similarity_rating,2023.2.3,None,2024-03-18 13h09.27.456878 +0100
,120,134,417,417,stimuli/own/kitchen/120_kit.jpg,stimuli/own/kitchen/134_kit.jpg,NaN,NaN,NaN,NaN,NaN,NaN,NaN,NaN,0,438,438,416,4331.895248458,NaN,NaN,NaN,NaN,NaN,NaN,NaN,,NaN,,4332.180875166,4332.345714291,4332.345714291,4332.345714291,4332.345714291,4332.345714291,4332.345714291,4332.345714291,4332.345714291,4332.345714291,4347.897639916,-7,7,7,2,9.4886021250004,4,15.2654480000001,4331.889540333,4331.895248458,4332.345714291,4332.180861416,NaN,NaN,NaN,NaN,,NaN,,4331.8860585,4331.889493958,None,NaN,NaN,,NaN,NaN,NaN,NaN,NaN,NaN,NaN,1,kitchen,2,2024-03-18_13h09.11.124,image_similarity_rating,2023.2.3,None,2024-03-18 13h09.27.456878 +0100
,112,134,263,263,stimuli/own/kitchen/112_kit.jpg,stimuli/own/kitchen/134_kit.jpg,NaN,NaN,NaN,NaN,NaN,NaN,NaN,NaN,0,439,439,262,4347.903049458,NaN,NaN,NaN,NaN,NaN,NaN,NaN,,NaN,,4348.196805166,4348.361592541,4348.361592541,4348.361592541,4348.361592541,4348.361592541,4348.361592541,4348.361592541,4348.361592541,4348.361592541,4355.411525583,7,-7,7,2,7.07646158399984,4,1.99558449999859,4347.901286041,4347.903049458,4348.361592541,4348.196791333,NaN,NaN,NaN,NaN,,NaN,,4347.897856083,4347.901240666,None,NaN,NaN,,NaN,NaN,NaN,NaN,NaN,NaN,NaN,1,kitchen,2,2024-03-18_13h09.11.124,image_similarity_rating,2023.2.3,None,2024-03-18 13h09.27.456878 +0100
,105,113,135,135,stimuli/own/kitchen/105_kit.jpg,stimuli/own/kitchen/113_kit.jpg,NaN,NaN,NaN,NaN,NaN,NaN,NaN,NaN,0,440,440,134,4355.417320333,NaN,NaN,NaN,NaN,NaN,NaN,NaN,,NaN,,4355.700614125,4355.865762333,4355.865762333,4355.865762333,4355.865762333,4355.865762333,4355.865762333,4355.865762333,4355.865762333,4355.865762333,4370.598936458,7,-7,7,2,13.2404376249997,2,14.6224709159997,4355.415251458,4355.417320333,4355.865762333,4355.700601708,NaN,NaN,NaN,NaN,,NaN,,4355.411741583,4355.415205208,None,NaN,NaN,,NaN,NaN,NaN,NaN,NaN,NaN,NaN,1,kitchen,2,2024-03-18_13h09.11.124,image_similarity_rating,2023.2.3,None,2024-03-18 13h09.27.456878 +0100
,125,139,502,502,stimuli/own/kitchen/125_kit.jpg,stimuli/own/kitchen/139_kit.jpg,NaN,NaN,NaN,NaN,NaN,NaN,NaN,NaN,0,441,441,501,4370.604901833,NaN,NaN,NaN,NaN,NaN,NaN,NaN,,NaN,,4576.562264666,4576.7363245,4576.7363245,4576.7363245,4576.7363245,4576.7363245,4576.7363245,4576.7363245,4576.7363245,4576.7363245,4588.05556,-7,7,8,2,11.3157612909999,3,5.01826454199909,4576.265624875,4576.26986025,4576.7363245,4576.562249458,NaN,NaN,NaN,NaN,,NaN,,4370.599165125,4576.264839625,space,4370.604901833,205.659684541999,None,NaN,NaN,NaN,NaN,NaN,NaN,NaN,1,kitchen,2,2024-03-18_13h09.11.124,image_similarity_rating,2023.2.3,None,2024-03-18 13h09.27.456878 +0100
,109,124,202,202,stimuli/own/kitchen/109_kit.jpg,stimuli/own/kitchen/124_kit.jpg,NaN,NaN,NaN,NaN,NaN,NaN,NaN,NaN,0,442,442,201,4588.062513958,NaN,NaN,NaN,NaN,NaN,NaN,NaN,,NaN,,4588.345544916,4588.512964,4588.512964,4588.512964,4588.512964,4588.512964,4588.512964,4588.512964,4588.512964,4588.512964,4594.143064958,7,-7,8,1,2.10959958300009,2,5.63071254199895,4588.059767416,4588.062513958,4588.512964,4588.345529708,NaN,NaN,NaN,NaN,,NaN,,4588.055775791,4588.059720083,None,NaN,NaN,,NaN,NaN,NaN,NaN,NaN,NaN,NaN,1,kitchen,2,2024-03-18_13h09.11.124,image_similarity_rating,2023.2.3,None,2024-03-18 13h09.27.456878 +0100
,135,137,576,576,stimuli/own/kitchen/135_kit.jpg,stimuli/own/kitchen/137_kit.jpg,NaN,NaN,NaN,NaN,NaN,NaN,NaN,NaN,0,443,443,575,4594.148641958,NaN,NaN,NaN,NaN,NaN,NaN,NaN,,NaN,,4594.434435958,4594.599808583,4594.599808583,4594.599808583,4594.599808583,4594.599808583,4594.599808583,4594.599808583,4594.599808583,4594.599808583,4602.676313583,7,-7,8,3,5.4783288339986,3,8.02822095800002,4594.146875833,4594.148641958,4594.599808583,4594.434419208,NaN,NaN,NaN,NaN,,NaN,,4594.143299125,4594.14683,None,NaN,NaN,,NaN,NaN,NaN,NaN,NaN,NaN,NaN,1,kitchen,2,2024-03-18_13h09.11.124,image_similarity_rating,2023.2.3,None,2024-03-18 13h09.27.456878 +0100
,114,116,296,296,stimuli/own/kitchen/114_kit.jpg,stimuli/own/kitchen/116_kit.jpg,NaN,NaN,NaN,NaN,NaN,NaN,NaN,NaN,0,444,444,295,4602.682389291,NaN,NaN,NaN,NaN,NaN,NaN,NaN,,NaN,,4602.967328333,4603.129998833,4603.129998833,4603.129998833,4603.129998833,4603.129998833,4603.129998833,4603.129998833,4603.129998833,4603.129998833,4612.029778166,7,-7,8,3,8.53273420799997,4,4.47516883400021,4602.680119833,4602.682389291,4603.129998833,4602.967317916,NaN,NaN,NaN,NaN,,NaN,,4602.676559458,4602.680074041,None,NaN,NaN,,NaN,NaN,NaN,NaN,NaN,NaN,NaN,1,kitchen,2,2024-03-18_13h09.11.124,image_similarity_rating,2023.2.3,None,2024-03-18 13h09.27.456878 +0100
,138,139,590,590,stimuli/own/kitchen/138_kit.jpg,stimuli/own/kitchen/139_kit.jpg,NaN,NaN,NaN,NaN,NaN,NaN,NaN,NaN,0,445,445,589,4612.035374375,NaN,NaN,NaN,NaN,NaN,NaN,NaN,,NaN,,4612.329289,4612.494416375,4612.494416375,4612.494416375,4612.494416375,4612.494416375,4612.494416375,4612.494416375,4612.494416375,4612.494416375,4621.934749041,-7,7,8,2,2.21413891700104,3,9.39088758400067,4612.033433083,4612.035374375,4612.494416375,4612.329272625,NaN,NaN,NaN,NaN,,NaN,,4612.029995791,4612.033387041,None,NaN,NaN,,NaN,NaN,NaN,NaN,NaN,NaN,NaN,1,kitchen,2,2024-03-18_13h09.11.124,image_similarity_rating,2023.2.3,None,2024-03-18 13h09.27.456878 +0100
,123,135,469,469,stimuli/own/kitchen/123_kit.jpg,stimuli/own/kitchen/135_kit.jpg,NaN,NaN,NaN,NaN,NaN,NaN,NaN,NaN,0,446,446,468,4621.944343291,NaN,NaN,NaN,NaN,NaN,NaN,NaN,,NaN,,4622.229389958,4622.394588416,4622.394588416,4622.394588416,4622.394588416,4622.394588416,4622.394588416,4622.394588416,4622.394588416,4622.394588416,4645.930336875,-7,7,8,2,23.5760852499989,3,2.03324279199842,4621.938424541,4621.944343291,4622.394588416,4622.229376416,NaN,NaN,NaN,NaN,,NaN,,4621.93497875,4621.938378958,None,NaN,NaN,,NaN,NaN,NaN,NaN,NaN,NaN,NaN,1,kitchen,2,2024-03-18_13h09.11.124,image_similarity_rating,2023.2.3,None,2024-03-18 13h09.27.456878 +0100
,125,130,494,494,stimuli/own/kitchen/125_kit.jpg,stimuli/own/kitchen/130_kit.jpg,NaN,NaN,NaN,NaN,NaN,NaN,NaN,NaN,0,447,447,493,4645.936349625,NaN,NaN,NaN,NaN,NaN,NaN,NaN,,NaN,,4646.228628083,4646.391793791,4646.391793791,4646.391793791,4646.391793791,4646.391793791,4646.391793791,4646.391793791,4646.391793791,4646.391793791,4653.292655875,7,-7,8,2,2.11564745800024,4,6.78845750000073,4645.934259041,4645.936349625,4646.391793791,4646.228617708,NaN,NaN,NaN,NaN,,NaN,,4645.930561208,4645.934209541,None,NaN,NaN,,NaN,NaN,NaN,NaN,NaN,NaN,NaN,1,kitchen,2,2024-03-18_13h09.11.124,image_similarity_rating,2023.2.3,None,2024-03-18 13h09.27.456878 +0100
,119,127,393,393,stimuli/own/kitchen/119_kit.jpg,stimuli/own/kitchen/127_kit.jpg,NaN,NaN,NaN,NaN,NaN,NaN,NaN,NaN,0,448,448,392,4653.29827875,NaN,NaN,NaN,NaN,NaN,NaN,NaN,,NaN,,4653.583386458,4653.747820416,4653.747820416,4653.747820416,4653.747820416,4653.747820416,4653.747820416,4653.747820416,4653.747820416,4653.747820416,4658.446316833,-7,7,8,2,3.04004691599948,4,4.71312170900092,4653.296360041,4653.29827875,4653.747820416,4653.583370125,NaN,NaN,NaN,NaN,,NaN,,4653.292873666,4653.296314583,None,NaN,NaN,,NaN,NaN,NaN,NaN,NaN,NaN,NaN,1,kitchen,2,2024-03-18_13h09.11.124,image_similarity_rating,2023.2.3,None,2024-03-18 13h09.27.456878 +0100
,102,124,52,52,stimuli/own/kitchen/102_kit.jpg,stimuli/own/kitchen/124_kit.jpg,NaN,NaN,NaN,NaN,NaN,NaN,NaN,NaN,0,449,449,51,4658.451911875,NaN,NaN,NaN,NaN,NaN,NaN,NaN,,NaN,,4658.746250333,4658.910670333,4658.910670333,4658.910670333,4658.910670333,4658.910670333,4658.910670333,4658.910670333,4658.910670333,4658.910670333,4665.709484666,-7,7,8,4,6.80980679200002,3,2.29575983399991,4658.449967625,4658.451911875,4658.910670333,4658.746236208,NaN,NaN,NaN,NaN,,NaN,,4658.446533166,4658.449921875,None,NaN,NaN,,NaN,NaN,NaN,NaN,NaN,NaN,NaN,1,kitchen,2,2024-03-18_13h09.11.124,image_similarity_rating,2023.2.3,None,2024-03-18 13h09.27.456878 +0100
,122,132,451,451,stimuli/own/kitchen/122_kit.jpg,stimuli/own/kitchen/132_kit.jpg,NaN,NaN,NaN,NaN,NaN,NaN,NaN,NaN,0,450,450,450,4665.71512725,NaN,NaN,NaN,NaN,NaN,NaN,NaN,,NaN,,4665.999686166,4666.163513041,4666.163513041,4666.163513041,4666.163513041,4666.163513041,4666.163513041,4666.163513041,4666.163513041,4666.163513041,4672.468135416,-7,7,8,2,6.31407754099928,2,3.93638704099976,4665.713196791,4665.71512725,4666.163513041,4665.999672916,NaN,NaN,NaN,NaN,,NaN,,4665.709726458,4665.713151166,None,NaN,NaN,,NaN,NaN,NaN,NaN,NaN,NaN,NaN,1,kitchen,2,2024-03-18_13h09.11.124,image_similarity_rating,2023.2.3,None,2024-03-18 13h09.27.456878 +0100
,101,119,14,14,stimuli/own/kitchen/101_kit.jpg,stimuli/own/kitchen/119_kit.jpg,NaN,NaN,NaN,NaN,NaN,NaN,NaN,NaN,0,451,451,13,4672.477132791,NaN,NaN,NaN,NaN,NaN,NaN,NaN,,NaN,,4672.762473666,4672.926029041,4672.926029041,4672.926029041,4672.926029041,4672.926029041,4672.926029041,4672.926029041,4672.926029041,4672.926029041,4675.759386541,-7,7,8,2,1.91404241600139,3,2.7963299160001,4672.47180225,4672.477132791,4672.926029041,4672.762461333,NaN,NaN,NaN,NaN,,NaN,,4672.468360083,4672.471756166,None,NaN,NaN,,NaN,NaN,NaN,NaN,NaN,NaN,NaN,1,kitchen,2,2024-03-18_13h09.11.124,image_similarity_rating,2023.2.3,None,2024-03-18 13h09.27.456878 +0100
,125,127,492,492,stimuli/own/kitchen/125_kit.jpg,stimuli/own/kitchen/127_kit.jpg,NaN,NaN,NaN,NaN,NaN,NaN,NaN,NaN,0,452,452,491,4675.764965,NaN,NaN,NaN,NaN,NaN,NaN,NaN,,NaN,,4676.062098666,4676.227514166,4676.227514166,4676.227514166,4676.227514166,4676.227514166,4676.227514166,4676.227514166,4676.227514166,4676.227514166,4681.126549791,-7,7,8,2,2.26144270899931,4,4.86299733299893,4675.763087625,4675.764965,4676.227514166,4676.062084375,NaN,NaN,NaN,NaN,,NaN,,4675.759628416,4675.763041791,None,NaN,NaN,,NaN,NaN,NaN,NaN,NaN,NaN,NaN,1,kitchen,2,2024-03-18_13h09.11.124,image_similarity_rating,2023.2.3,None,2024-03-18 13h09.27.456878 +0100
,118,137,381,381,stimuli/own/kitchen/118_kit.jpg,stimuli/own/kitchen/137_kit.jpg,NaN,NaN,NaN,NaN,NaN,NaN,NaN,NaN,0,453,453,380,4681.132323791,NaN,NaN,NaN,NaN,NaN,NaN,NaN,,NaN,,4681.416894666,4681.580465708,4681.580465708,4681.580465708,4681.580465708,4681.580465708,4681.580465708,4681.580465708,4681.580465708,4681.580465708,4686.268457208,7,-7,8,4,4.65027145800013,3,1.9281325840002,4681.130241666,4681.132323791,4681.580465708,4681.416884208,NaN,NaN,NaN,NaN,,NaN,,4681.126762,4681.130195291,None,NaN,NaN,,NaN,NaN,NaN,NaN,NaN,NaN,NaN,1,kitchen,2,2024-03-18_13h09.11.124,image_similarity_rating,2023.2.3,None,2024-03-18 13h09.27.456878 +0100
,114,125,305,305,stimuli/own/kitchen/114_kit.jpg,stimuli/own/kitchen/125_kit.jpg,NaN,NaN,NaN,NaN,NaN,NaN,NaN,NaN,0,454,454,304,4686.277242208,NaN,NaN,NaN,NaN,NaN,NaN,NaN,,NaN,,4686.561718833,4686.726139958,4686.726139958,4686.726139958,4686.726139958,4686.726139958,4686.726139958,4686.726139958,4686.726139958,4686.726139958,4699.067406958,7,-7,8,4,11.0362583749993,4,12.3296019999998,4686.272261125,4686.277242208,4686.726139958,4686.561706125,NaN,NaN,NaN,NaN,,NaN,,4686.268675333,4686.272215083,None,NaN,NaN,,NaN,NaN,NaN,NaN,NaN,NaN,NaN,1,kitchen,2,2024-03-18_13h09.11.124,image_similarity_rating,2023.2.3,None,2024-03-18 13h09.27.456878 +0100
,109,130,207,207,stimuli/own/kitchen/109_kit.jpg,stimuli/own/kitchen/130_kit.jpg,NaN,NaN,NaN,NaN,NaN,NaN,NaN,NaN,0,455,455,206,4699.077088916,NaN,NaN,NaN,NaN,NaN,NaN,NaN,,NaN,,4699.362371708,4699.527437166,4699.527437166,4699.527437166,4699.527437166,4699.527437166,4699.527437166,4699.527437166,4699.527437166,4699.527437166,4714.44612025,-7,7,8,2,12.7883531670013,3,14.8458762090013,4699.071126583,4699.077088916,4699.527437166,4699.362359375,NaN,NaN,NaN,NaN,,NaN,,4699.067621666,4699.071080958,None,NaN,NaN,,NaN,NaN,NaN,NaN,NaN,NaN,NaN,1,kitchen,2,2024-03-18_13h09.11.124,image_similarity_rating,2023.2.3,None,2024-03-18 13h09.27.456878 +0100
,114,131,310,310,stimuli/own/kitchen/114_kit.jpg,stimuli/own/kitchen/131_kit.jpg,NaN,NaN,NaN,NaN,NaN,NaN,NaN,NaN,0,456,456,309,4714.451842083,NaN,NaN,NaN,NaN,NaN,NaN,NaN,,NaN,,4714.744845875,4714.9090205,4714.9090205,4714.9090205,4714.9090205,4714.9090205,4714.9090205,4714.9090205,4714.9090205,4714.9090205,4726.629854625,-7,7,8,6,8.53166787500049,3,11.7160490839997,4714.449903,4714.451842083,4714.9090205,4714.744832958,NaN,NaN,NaN,NaN,,NaN,,4714.4463365,4714.449856833,None,NaN,NaN,,NaN,NaN,NaN,NaN,NaN,NaN,NaN,1,kitchen,2,2024-03-18_13h09.11.124,image_similarity_rating,2023.2.3,None,2024-03-18 13h09.27.456878 +0100
,130,141,550,550,stimuli/own/kitchen/130_kit.jpg,stimuli/own/kitchen/141_kit.jpg,NaN,NaN,NaN,NaN,NaN,NaN,NaN,NaN,0,457,457,549,4726.635830791,NaN,NaN,NaN,NaN,NaN,NaN,NaN,,NaN,,4726.928888708,4727.093879625,4727.093879625,4727.093879625,4727.093879625,4727.093879625,4727.093879625,4727.093879625,4727.093879625,4727.093879625,4736.300572,7,-7,8,5,6.00103387499985,2,2.33130037500086,4726.633725,4726.635830791,4727.093879625,4726.928875333,NaN,NaN,NaN,NaN,,NaN,,4726.6300745,4726.633677541,None,NaN,NaN,,NaN,NaN,NaN,NaN,NaN,NaN,NaN,1,kitchen,2,2024-03-18_13h09.11.124,image_similarity_rating,2023.2.3,None,2024-03-18 13h09.27.456878 +0100
,114,134,312,312,stimuli/own/kitchen/114_kit.jpg,stimuli/own/kitchen/134_kit.jpg,NaN,NaN,NaN,NaN,NaN,NaN,NaN,NaN,0,458,458,311,4736.310306791,NaN,NaN,NaN,NaN,NaN,NaN,NaN,,NaN,,4736.595049083,4736.759761291,4736.759761291,4736.759761291,4736.759761291,4736.759761291,4736.759761291,4736.759761291,4736.759761291,4736.759761291,4743.284765791,7,-7,8,5,4.82816729099977,4,6.31102404099875,4736.304243375,4736.310306791,4736.759761291,4736.595035875,NaN,NaN,NaN,NaN,,NaN,,4736.300791666,4736.304197458,None,NaN,NaN,,NaN,NaN,NaN,NaN,NaN,NaN,NaN,1,kitchen,2,2024-03-18_13h09.11.124,image_similarity_rating,2023.2.3,None,2024-03-18 13h09.27.456878 +0100
,116,141,342,342,stimuli/own/kitchen/116_kit.jpg,stimuli/own/kitchen/141_kit.jpg,NaN,NaN,NaN,NaN,NaN,NaN,NaN,NaN,0,459,459,341,4743.293585791,NaN,NaN,NaN,NaN,NaN,NaN,NaN,,NaN,,4743.579027416,4743.743863666,4743.743863666,4743.743863666,4743.743863666,4743.743863666,4743.743863666,4743.743863666,4743.743863666,4743.743863666,4754.737559458,-7,7,8,4,7.36927162499887,4,10.0192443750002,4743.288598208,4743.293585791,4743.743863666,4743.579014916,NaN,NaN,NaN,NaN,,NaN,,4743.284981958,4743.288551583,None,NaN,NaN,,NaN,NaN,NaN,NaN,NaN,NaN,NaN,1,kitchen,2,2024-03-18_13h09.11.124,image_similarity_rating,2023.2.3,None,2024-03-18 13h09.27.456878 +0100
,114,124,304,304,stimuli/own/kitchen/114_kit.jpg,stimuli/own/kitchen/124_kit.jpg,NaN,NaN,NaN,NaN,NaN,NaN,NaN,NaN,0,460,460,303,4754.743393541,NaN,NaN,NaN,NaN,NaN,NaN,NaN,,NaN,,4755.028721041,4755.194355791,4755.194355791,4755.194355791,4755.194355791,4755.194355791,4755.194355791,4755.194355791,4755.194355791,4755.194355791,4760.4424905,7,-7,8,4,4.26374204200147,4,5.21169741599988,4754.741221375,4754.743393541,4755.194355791,4755.028706541,NaN,NaN,NaN,NaN,,NaN,,4754.737778708,4754.741174916,None,NaN,NaN,,NaN,NaN,NaN,NaN,NaN,NaN,NaN,1,kitchen,2,2024-03-18_13h09.11.124,image_similarity_rating,2023.2.3,None,2024-03-18 13h09.27.456878 +0100
,125,131,495,495,stimuli/own/kitchen/125_kit.jpg,stimuli/own/kitchen/131_kit.jpg,NaN,NaN,NaN,NaN,NaN,NaN,NaN,NaN,0,461,461,494,4760.44833125,NaN,NaN,NaN,NaN,NaN,NaN,NaN,,NaN,,4760.73311375,4760.897475416,4760.897475416,4760.897475416,4760.897475416,4760.897475416,4760.897475416,4760.897475416,4760.897475416,4760.897475416,4771.409406125,7,-7,8,3,8.40070545900016,3,10.3893819580007,4760.446234583,4760.44833125,4760.897475416,4760.733100083,NaN,NaN,NaN,NaN,,NaN,,4760.442735041,4760.446188208,None,NaN,NaN,,NaN,NaN,NaN,NaN,NaN,NaN,NaN,1,kitchen,2,2024-03-18_13h09.11.124,image_similarity_rating,2023.2.3,None,2024-03-18 13h09.27.456878 +0100
,131,141,559,559,stimuli/own/kitchen/131_kit.jpg,stimuli/own/kitchen/141_kit.jpg,NaN,NaN,NaN,NaN,NaN,NaN,NaN,NaN,0,462,462,558,4771.415376625,NaN,NaN,NaN,NaN,NaN,NaN,NaN,,NaN,,4771.698399291,4771.861092958,4771.861092958,4771.861092958,4771.861092958,4771.861092958,4771.861092958,4771.861092958,4771.861092958,4771.861092958,4778.626365708,7,-7,8,2,5.41346912500012,2,6.72862045900001,4771.413097666,4771.415376625,4771.861092958,4771.698388916,NaN,NaN,NaN,NaN,,NaN,,4771.4096195,4771.413051958,None,NaN,NaN,,NaN,NaN,NaN,NaN,NaN,NaN,NaN,1,kitchen,2,2024-03-18_13h09.11.124,image_similarity_rating,2023.2.3,None,2024-03-18 13h09.27.456878 +0100
,106,119,169,169,stimuli/own/kitchen/106_kit.jpg,stimuli/own/kitchen/119_kit.jpg,NaN,NaN,NaN,NaN,NaN,NaN,NaN,NaN,0,463,463,168,4778.632011458,NaN,NaN,NaN,NaN,NaN,NaN,NaN,,NaN,,4778.92814925,4779.091693333,4779.091693333,4779.091693333,4779.091693333,4779.091693333,4779.091693333,4779.091693333,4779.091693333,4779.091693333,4794.046689,7,-7,8,1,9.1709354170016,3,14.8258902090001,4778.630058958,4778.632011458,4779.091693333,4778.928138625,NaN,NaN,NaN,NaN,,NaN,,4778.626584708,4778.630013291,None,NaN,NaN,,NaN,NaN,NaN,NaN,NaN,NaN,NaN,1,kitchen,2,2024-03-18_13h09.11.124,image_similarity_rating,2023.2.3,None,2024-03-18 13h09.27.456878 +0100
,105,117,138,599,stimuli/own/kitchen/105_kit.jpg,stimuli/own/kitchen/117_kit.jpg,NaN,NaN,NaN,NaN,NaN,NaN,NaN,NaN,0,464,464,598,4794.0600875,NaN,NaN,NaN,NaN,NaN,NaN,NaN,,NaN,,4794.344774583,4794.510632375,4794.510632375,4794.510632375,4794.510632375,4794.510632375,4794.510632375,4794.510632375,4794.510632375,4794.510632375,4801.364101916,-7,7,8,5,2.27300695799931,5,6.74783620900052,4794.050587125,4794.0600875,4794.510632375,4794.344758916,NaN,NaN,NaN,NaN,,NaN,,4794.046921708,4794.050539041,None,NaN,NaN,,NaN,NaN,NaN,NaN,NaN,NaN,NaN,1,kitchen,2,2024-03-18_13h09.11.124,image_similarity_rating,2023.2.3,None,2024-03-18 13h09.27.456878 +0100
,114,139,317,317,stimuli/own/kitchen/114_kit.jpg,stimuli/own/kitchen/139_kit.jpg,NaN,NaN,NaN,NaN,NaN,NaN,NaN,NaN,0,465,465,316,4801.376713375,NaN,NaN,NaN,NaN,NaN,NaN,NaN,,NaN,,4801.662105333,4801.827425541,4801.827425541,4801.827425541,4801.827425541,4801.827425541,4801.827425541,4801.827425541,4801.827425541,4801.827425541,4808.684589791,-7,7,8,1,5.62502487500024,2,6.83135320899964,4801.367940208,4801.376713375,4801.827425541,4801.662092333,NaN,NaN,NaN,NaN,,NaN,,4801.36433025,4801.367892333,None,NaN,NaN,,NaN,NaN,NaN,NaN,NaN,NaN,NaN,1,kitchen,2,2024-03-18_13h09.11.124,image_similarity_rating,2023.2.3,None,2024-03-18 13h09.27.456878 +0100
,109,114,193,193,stimuli/own/kitchen/109_kit.jpg,stimuli/own/kitchen/114_kit.jpg,NaN,NaN,NaN,NaN,NaN,NaN,NaN,NaN,0,466,466,192,4808.693733625,NaN,NaN,NaN,NaN,NaN,NaN,NaN,,NaN,,4808.978204666,4809.142943916,4809.142943916,4809.142943916,4809.142943916,4809.142943916,4809.142943916,4809.142943916,4809.142943916,4809.142943916,4816.813797916,-7,7,8,2,7.66978920899965,4,3.37707341700116,4808.688275041,4808.693733625,4809.142943916,4808.978190958,NaN,NaN,NaN,NaN,,NaN,,4808.684804375,4808.688229416,None,NaN,NaN,,NaN,NaN,NaN,NaN,NaN,NaN,NaN,1,kitchen,2,2024-03-18_13h09.11.124,image_similarity_rating,2023.2.3,None,2024-03-18 13h09.27.456878 +0100
,105,130,150,150,stimuli/own/kitchen/105_kit.jpg,stimuli/own/kitchen/130_kit.jpg,NaN,NaN,NaN,NaN,NaN,NaN,NaN,NaN,0,467,467,149,4816.827043083,NaN,NaN,NaN,NaN,NaN,NaN,NaN,,NaN,,4817.112183458,4817.276489416,4817.276489416,4817.276489416,4817.276489416,4817.276489416,4817.276489416,4817.276489416,4817.276489416,4817.276489416,4827.183514958,7,-7,8,4,8.54240666700025,3,2.61830354199992,4816.817782791,4816.827043083,4817.276489416,4817.112169583,NaN,NaN,NaN,NaN,,NaN,,4816.814027833,4816.817734416,None,NaN,NaN,,NaN,NaN,NaN,NaN,NaN,NaN,NaN,1,kitchen,2,2024-03-18_13h09.11.124,image_similarity_rating,2023.2.3,None,2024-03-18 13h09.27.456878 +0100
,112,132,262,610,stimuli/own/kitchen/112_kit.jpg,stimuli/own/kitchen/132_kit.jpg,NaN,NaN,NaN,NaN,NaN,NaN,NaN,NaN,0,468,468,609,4827.193459041,NaN,NaN,NaN,NaN,NaN,NaN,NaN,,NaN,,4827.477961958,4827.645356916,4827.645356916,4827.645356916,4827.645356916,4827.645356916,4827.645356916,4827.645356916,4827.645356916,4827.645356916,4844.045676416,-7,7,8,2,16.4610211250001,3,2.83640187499986,4827.187176166,4827.193459041,4827.645356916,4827.477946166,NaN,NaN,NaN,NaN,,NaN,,4827.1837295,4827.187130583,None,NaN,NaN,,NaN,NaN,NaN,NaN,NaN,NaN,NaN,1,kitchen,2,2024-03-18_13h09.11.124,image_similarity_rating,2023.2.3,None,2024-03-18 13h09.27.456878 +0100
,127,132,521,521,stimuli/own/kitchen/127_kit.jpg,stimuli/own/kitchen/132_kit.jpg,NaN,NaN,NaN,NaN,NaN,NaN,NaN,NaN,0,469,469,520,4844.051224,NaN,NaN,NaN,NaN,NaN,NaN,NaN,,NaN,,4844.344601291,4844.507653208,4844.507653208,4844.507653208,4844.507653208,4844.507653208,4844.507653208,4844.507653208,4844.507653208,4844.507653208,4847.388464291,-7,7,8,2,2.10737287499978,3,2.86903954100126,4844.049309875,4844.051224,4844.507653208,4844.344575458,NaN,NaN,NaN,NaN,,NaN,,4844.045889375,4844.04926475,None,NaN,NaN,,NaN,NaN,NaN,NaN,NaN,NaN,NaN,1,kitchen,2,2024-03-18_13h09.11.124,image_similarity_rating,2023.2.3,None,2024-03-18 13h09.27.456878 +0100
,132,139,565,565,stimuli/own/kitchen/132_kit.jpg,stimuli/own/kitchen/139_kit.jpg,NaN,NaN,NaN,NaN,NaN,NaN,NaN,NaN,0,470,470,564,4847.395195041,NaN,NaN,NaN,NaN,NaN,NaN,NaN,,NaN,,4847.68182525,4847.846091375,4847.846091375,4847.846091375,4847.846091375,4847.846091375,4847.846091375,4847.846091375,4847.846091375,4847.846091375,4854.495991958,-7,7,8,3,6.74660420799955,4,1.98995854200075,4847.392218333,4847.395195041,4847.846091375,4847.681811375,NaN,NaN,NaN,NaN,,NaN,,4847.388677833,4847.3921585,None,NaN,NaN,,NaN,NaN,NaN,NaN,NaN,NaN,NaN,1,kitchen,2,2024-03-18_13h09.11.124,image_similarity_rating,2023.2.3,None,2024-03-18 13h09.27.456878 +0100
,117,129,353,353,stimuli/own/kitchen/117_kit.jpg,stimuli/own/kitchen/129_kit.jpg,NaN,NaN,NaN,NaN,NaN,NaN,NaN,NaN,0,471,471,352,4854.501761833,NaN,NaN,NaN,NaN,NaN,NaN,NaN,,NaN,,4854.795030666,4854.959727833,4854.959727833,4854.959727833,4854.959727833,4854.959727833,4854.959727833,4854.959727833,4854.959727833,4854.959727833,4863.921999541,7,-7,8,1,4.8552907079993,4,8.82699362499989,4854.499669875,4854.501761833,4854.959727833,4854.795015375,NaN,NaN,NaN,NaN,,NaN,,4854.496218625,4854.499624416,None,NaN,NaN,,NaN,NaN,NaN,NaN,NaN,NaN,NaN,1,kitchen,2,2024-03-18_13h09.11.124,image_similarity_rating,2023.2.3,None,2024-03-18 13h09.27.456878 +0100
,117,135,358,358,stimuli/own/kitchen/117_kit.jpg,stimuli/own/kitchen/135_kit.jpg,NaN,NaN,NaN,NaN,NaN,NaN,NaN,NaN,0,472,472,357,4863.927880916,NaN,NaN,NaN,NaN,NaN,NaN,NaN,,NaN,,4864.2112375,4864.378622916,4864.378622916,4864.378622916,4864.378622916,4864.378622916,4864.378622916,4864.378622916,4864.378622916,4864.378622916,4871.971126791,-7,7,8,4,7.62774600000012,3,2.07353045899981,4863.9257215,4863.927880916,4864.378622916,4864.211220875,NaN,NaN,NaN,NaN,,NaN,,4863.922215833,4863.925675458,None,NaN,NaN,,NaN,NaN,NaN,NaN,NaN,NaN,NaN,1,kitchen,2,2024-03-18_13h09.11.124,image_similarity_rating,2023.2.3,None,2024-03-18 13h09.27.456878 +0100
,111,138,241,241,stimuli/own/kitchen/111_kit.jpg,stimuli/own/kitchen/138_kit.jpg,NaN,NaN,NaN,NaN,NaN,NaN,NaN,NaN,0,473,473,240,4871.99338925,NaN,NaN,NaN,NaN,NaN,NaN,NaN,,NaN,,4872.277279208,4872.439781875,4872.439781875,4872.439781875,4872.439781875,4872.439781875,4872.439781875,4872.439781875,4872.439781875,4872.439781875,4877.953810208,7,-7,8,4,2.32771099999991,3,5.55315070899996,4871.974792125,4871.99338925,NaN,4872.277268291,NaN,NaN,NaN,NaN,,NaN,,4871.971343041,4871.974745541,None,NaN,NaN,,NaN,NaN,NaN,NaN,NaN,NaN,NaN,1,kitchen,2,2024-03-18_13h09.11.124,image_similarity_rating,2023.2.3,None,2024-03-18 13h09.27.456878 +0100
,102,138,64,64,stimuli/own/kitchen/102_kit.jpg,stimuli/own/kitchen/138_kit.jpg,NaN,NaN,NaN,NaN,NaN,NaN,NaN,NaN,0,474,474,63,4877.959722166,NaN,NaN,NaN,NaN,NaN,NaN,NaN,,NaN,,4878.245502166,4878.410363125,4878.410363125,4878.410363125,4878.410363125,4878.410363125,4878.410363125,4878.410363125,4878.410363125,4878.410363125,4883.909004916,7,-7,8,3,2.51689554199947,2,5.49768562499958,4877.95745475,4877.959722166,4878.410363125,4878.245489208,NaN,NaN,NaN,NaN,,NaN,,4877.954026166,4877.957409166,None,NaN,NaN,,NaN,NaN,NaN,NaN,NaN,NaN,NaN,1,kitchen,2,2024-03-18_13h09.11.124,image_similarity_rating,2023.2.3,None,2024-03-18 13h09.27.456878 +0100
,106,116,166,166,stimuli/own/kitchen/106_kit.jpg,stimuli/own/kitchen/116_kit.jpg,NaN,NaN,NaN,NaN,NaN,NaN,NaN,NaN,0,475,475,165,4883.914758791,NaN,NaN,NaN,NaN,NaN,NaN,NaN,,NaN,,4884.199777833,4884.36337525,4884.36337525,4884.36337525,4884.36337525,4884.36337525,4884.36337525,4884.36337525,4884.36337525,4884.36337525,4889.084543625,-7,7,8,2,2.51484658299887,1,4.48431900000105,4883.912703291,4883.914758791,4884.36337525,4884.199764291,NaN,NaN,NaN,NaN,,NaN,,4883.909216375,4883.912657666,None,NaN,NaN,,NaN,NaN,NaN,NaN,NaN,NaN,NaN,1,kitchen,2,2024-03-18_13h09.11.124,image_similarity_rating,2023.2.3,None,2024-03-18 13h09.27.456878 +0100
,123,140,474,474,stimuli/own/kitchen/123_kit.jpg,stimuli/own/kitchen/140_kit.jpg,NaN,NaN,NaN,NaN,NaN,NaN,NaN,NaN,0,476,476,473,4889.093253,NaN,NaN,NaN,NaN,NaN,NaN,NaN,,NaN,,4889.3785025,4889.543619208,4889.543619208,4889.543619208,4889.543619208,4889.543619208,4889.543619208,4889.543619208,4889.543619208,4889.543619208,4898.017287833,7,-7,8,2,8.55955008400088,3,2.3475324580013,4889.088202083,4889.093253,4889.543619208,4889.378489875,NaN,NaN,NaN,NaN,,NaN,,4889.084758333,4889.088155833,None,NaN,NaN,,NaN,NaN,NaN,NaN,NaN,NaN,NaN,1,kitchen,2,2024-03-18_13h09.11.124,image_similarity_rating,2023.2.3,None,2024-03-18 13h09.27.456878 +0100
,103,118,78,78,stimuli/own/kitchen/103_kit.jpg,stimuli/own/kitchen/118_kit.jpg,NaN,NaN,NaN,NaN,NaN,NaN,NaN,NaN,0,477,477,77,4898.026384625,NaN,NaN,NaN,NaN,NaN,NaN,NaN,,NaN,,4898.311791916,4898.477625166,4898.477625166,4898.477625166,4898.477625166,4898.477625166,4898.477625166,4898.477625166,4898.477625166,4898.477625166,4909.595408916,-7,7,8,6,8.44939779200104,3,11.1081237090002,4898.020937333,4898.026384625,4898.477625166,4898.31177875,NaN,NaN,NaN,NaN,,NaN,,4898.01751425,4898.020891875,None,NaN,NaN,,NaN,NaN,NaN,NaN,NaN,NaN,NaN,1,kitchen,2,2024-03-18_13h09.11.124,image_similarity_rating,2023.2.3,None,2024-03-18 13h09.27.456878 +0100
,116,117,320,320,stimuli/own/kitchen/116_kit.jpg,stimuli/own/kitchen/117_kit.jpg,NaN,NaN,NaN,NaN,NaN,NaN,NaN,NaN,0,478,478,319,4909.600987541,NaN,NaN,NaN,NaN,NaN,NaN,NaN,,NaN,,4909.894769041,4910.0598025,4910.0598025,4910.0598025,4910.0598025,4910.0598025,4910.0598025,4910.0598025,4910.0598025,4910.0598025,4916.45891625,-7,7,8,4,3.22843074999946,4,6.34944983300011,4909.599063166,4909.600987541,4910.0598025,4909.89475125,NaN,NaN,NaN,NaN,,NaN,,4909.595630125,4909.599018041,None,NaN,NaN,,NaN,NaN,NaN,NaN,NaN,NaN,NaN,1,kitchen,2,2024-03-18_13h09.11.124,image_similarity_rating,2023.2.3,None,2024-03-18 13h09.27.456878 +0100
,123,141,475,475,stimuli/own/kitchen/123_kit.jpg,stimuli/own/kitchen/141_kit.jpg,NaN,NaN,NaN,NaN,NaN,NaN,NaN,NaN,0,479,479,474,4916.464678791,NaN,NaN,NaN,NaN,NaN,NaN,NaN,,NaN,,4916.76188175,4916.927929625,4916.927929625,4916.927929625,4916.927929625,4916.927929625,4916.927929625,4916.927929625,4916.927929625,4916.927929625,4924.121396666,7,-7,8,2,5.84918350000044,2,7.17002449999927,4916.462595416,4916.464678791,4916.927929625,4916.761865708,NaN,NaN,NaN,NaN,,NaN,,4916.459130083,4916.462548916,None,NaN,NaN,,NaN,NaN,NaN,NaN,NaN,NaN,NaN,1,kitchen,2,2024-03-18_13h09.11.124,image_similarity_rating,2023.2.3,None,2024-03-18 13h09.27.456878 +0100
,102,104,36,36,stimuli/own/kitchen/102_kit.jpg,stimuli/own/kitchen/104_kit.jpg,NaN,NaN,NaN,NaN,NaN,NaN,NaN,NaN,0,480,480,35,4924.128225,NaN,NaN,NaN,NaN,NaN,NaN,NaN,,NaN,,4924.41461225,4924.57868275,4924.57868275,4924.57868275,4924.57868275,4924.57868275,4924.57868275,4924.57868275,4924.57868275,4924.57868275,4935.475320291,-7,7,8,2,10.9070581250016,4,4.89009712500047,4924.125083458,4924.128225,4924.57868275,4924.414601333,NaN,NaN,NaN,NaN,,NaN,,4924.121617333,4924.12503725,None,NaN,NaN,,NaN,NaN,NaN,NaN,NaN,NaN,NaN,1,kitchen,2,2024-03-18_13h09.11.124,image_similarity_rating,2023.2.3,None,2024-03-18 13h09.27.456878 +0100
,105,124,145,145,stimuli/own/kitchen/105_kit.jpg,stimuli/own/kitchen/124_kit.jpg,NaN,NaN,NaN,NaN,NaN,NaN,NaN,NaN,0,481,481,144,4935.480975291,NaN,NaN,NaN,NaN,NaN,NaN,NaN,,NaN,,4935.766278875,4935.930014708,4935.930014708,4935.930014708,4935.930014708,4935.930014708,4935.930014708,4935.930014708,4935.930014708,4935.930014708,4947.871249125,-7,7,8,5,11.1098422079995,4,11.9162748339986,4935.479028041,4935.480975291,4935.930014708,4935.766268291,NaN,NaN,NaN,NaN,,NaN,,4935.475546166,4935.478982333,None,NaN,NaN,,NaN,NaN,NaN,NaN,NaN,NaN,NaN,1,kitchen,2,2024-03-18_13h09.11.124,image_similarity_rating,2023.2.3,None,2024-03-18 13h09.27.456878 +0100
,106,134,182,182,stimuli/own/kitchen/106_kit.jpg,stimuli/own/kitchen/134_kit.jpg,NaN,NaN,NaN,NaN,NaN,NaN,NaN,NaN,0,482,482,181,4947.893095083,NaN,NaN,NaN,NaN,NaN,NaN,NaN,,NaN,,4948.177424875,4948.3428865,4948.3428865,4948.3428865,4948.3428865,4948.3428865,4948.3428865,4948.3428865,4948.3428865,4948.3428865,4955.037784208,-7,7,8,5,5.13676533299986,4,6.72007174999999,4947.874906625,4947.893095083,NaN,4948.177406833,NaN,NaN,NaN,NaN,,NaN,,4947.871466,4947.874860583,None,NaN,NaN,,NaN,NaN,NaN,NaN,NaN,NaN,NaN,1,kitchen,2,2024-03-18_13h09.11.124,image_similarity_rating,2023.2.3,None,2024-03-18 13h09.27.456878 +0100
,125,134,497,497,stimuli/own/kitchen/125_kit.jpg,stimuli/own/kitchen/134_kit.jpg,NaN,NaN,NaN,NaN,NaN,NaN,NaN,NaN,0,483,483,496,4955.044524791,NaN,NaN,NaN,NaN,NaN,NaN,NaN,,NaN,,4955.3281735,4955.492419958,4955.492419958,4955.492419958,4955.492419958,4955.492419958,4955.492419958,4955.492419958,4955.492419958,4955.492419958,4965.004781416,7,-7,8,3,8.29568250000011,4,9.44148124999992,4955.041460458,4955.044524791,4955.492419958,4955.328160625,NaN,NaN,NaN,NaN,,NaN,,4955.037998958,4955.04141475,None,NaN,NaN,,NaN,NaN,NaN,NaN,NaN,NaN,NaN,1,kitchen,2,2024-03-18_13h09.11.124,image_similarity_rating,2023.2.3,None,2024-03-18 13h09.27.456878 +0100
,118,119,365,365,stimuli/own/kitchen/118_kit.jpg,stimuli/own/kitchen/119_kit.jpg,NaN,NaN,NaN,NaN,NaN,NaN,NaN,NaN,0,484,484,364,4965.010692708,NaN,NaN,NaN,NaN,NaN,NaN,NaN,,NaN,,4965.29520225,4965.460681291,4965.460681291,4965.460681291,4965.460681291,4965.460681291,4965.460681291,4965.460681291,4965.460681291,4965.460681291,4971.947448333,7,-7,8,2,2.25015029099995,3,6.43777824999961,4965.008451458,4965.010692708,4965.460681291,4965.295183875,NaN,NaN,NaN,NaN,,NaN,,4965.004997083,4965.008406,None,NaN,NaN,,NaN,NaN,NaN,NaN,NaN,NaN,NaN,1,kitchen,2,2024-03-18_13h09.11.124,image_similarity_rating,2023.2.3,None,2024-03-18 13h09.27.456878 +0100
,102,139,65,607,stimuli/own/kitchen/102_kit.jpg,stimuli/own/kitchen/139_kit.jpg,NaN,NaN,NaN,NaN,NaN,NaN,NaN,NaN,0,485,485,606,4971.95931525,NaN,NaN,NaN,NaN,NaN,NaN,NaN,,NaN,,4972.243845666,4972.406948375,4972.406948375,4972.406948375,4972.406948375,4972.406948375,4972.406948375,4972.406948375,4972.406948375,4972.406948375,4982.708929375,-7,7,8,2,10.2853341250011,4,3.22442295899964,4971.951165583,4971.95931525,4972.406948375,4972.24383175,NaN,NaN,NaN,NaN,,NaN,,4971.947665708,4971.951119833,None,NaN,NaN,,NaN,NaN,NaN,NaN,NaN,NaN,NaN,1,kitchen,2,2024-03-18_13h09.11.124,image_similarity_rating,2023.2.3,None,2024-03-18 13h09.27.456878 +0100
,130,136,545,545,stimuli/own/kitchen/130_kit.jpg,stimuli/own/kitchen/136_kit.jpg,NaN,NaN,NaN,NaN,NaN,NaN,NaN,NaN,0,486,486,544,4982.714594791,NaN,NaN,NaN,NaN,NaN,NaN,NaN,,NaN,,4983.011511083,4983.177297583,4983.177297583,4983.177297583,4983.177297583,4983.177297583,4983.177297583,4983.177297583,4983.177297583,4983.177297583,4989.245169666,7,-7,8,4,4.37467879100041,5,5.77041745900169,4982.7126295,4982.714594791,4983.177297583,4983.011497916,NaN,NaN,NaN,NaN,,NaN,,4982.709145083,4982.712582666,None,NaN,NaN,,NaN,NaN,NaN,NaN,NaN,NaN,NaN,1,kitchen,2,2024-03-18_13h09.11.124,image_similarity_rating,2023.2.3,None,2024-03-18 13h09.27.456878 +0100
,111,129,233,233,stimuli/own/kitchen/111_kit.jpg,stimuli/own/kitchen/129_kit.jpg,NaN,NaN,NaN,NaN,NaN,NaN,NaN,NaN,0,487,487,232,4989.250679166,NaN,NaN,NaN,NaN,NaN,NaN,NaN,,NaN,,4989.544045416,4989.717143708,4989.717143708,4989.717143708,4989.717143708,4989.717143708,4989.717143708,4989.717143708,4989.717143708,4989.717143708,4998.883477583,-7,7,8,4,9.01687320800011,4,7.10225424999953,4989.248930125,4989.250679166,4989.717143708,4989.544026708,NaN,NaN,NaN,NaN,,NaN,,4989.2453895,4989.248884583,None,NaN,NaN,,NaN,NaN,NaN,NaN,NaN,NaN,NaN,1,kitchen,2,2024-03-18_13h09.11.124,image_similarity_rating,2023.2.3,None,2024-03-18 13h09.27.456878 +0100
,120,127,412,412,stimuli/own/kitchen/120_kit.jpg,stimuli/own/kitchen/127_kit.jpg,NaN,NaN,NaN,NaN,NaN,NaN,NaN,NaN,0,488,488,411,4998.892648833,NaN,NaN,NaN,NaN,NaN,NaN,NaN,,NaN,,4999.177361833,4999.346336041,4999.346336041,4999.346336041,4999.346336041,4999.346336041,4999.346336041,4999.346336041,4999.346336041,4999.346336041,5004.970672208,7,-7,8,2,5.2852218750013,5,2.06967995800005,4998.887138458,4998.892648833,4999.346336041,4999.177345958,NaN,NaN,NaN,NaN,,NaN,,4998.883699375,4998.887092916,None,NaN,NaN,,NaN,NaN,NaN,NaN,NaN,NaN,NaN,1,kitchen,2,2024-03-18_13h09.11.124,image_similarity_rating,2023.2.3,None,2024-03-18 13h09.27.456878 +0100
,123,138,472,472,stimuli/own/kitchen/123_kit.jpg,stimuli/own/kitchen/138_kit.jpg,NaN,NaN,NaN,NaN,NaN,NaN,NaN,NaN,0,489,489,471,5004.992962625,NaN,NaN,NaN,NaN,NaN,NaN,NaN,,NaN,,5005.277103666,5005.44243525,5005.44243525,5005.44243525,5005.44243525,5005.44243525,5005.44243525,5005.44243525,5005.44243525,5005.44243525,5012.712932916,-7,7,8,3,6.21496429200124,4,7.21029116699901,5004.974452541,5004.992962625,NaN,5005.277085666,NaN,NaN,NaN,NaN,,NaN,,5004.97089175,5004.9744065,None,NaN,NaN,,NaN,NaN,NaN,NaN,NaN,NaN,NaN,1,kitchen,2,2024-03-18_13h09.11.124,image_similarity_rating,2023.2.3,None,2024-03-18 13h09.27.456878 +0100
,114,135,313,313,stimuli/own/kitchen/114_kit.jpg,stimuli/own/kitchen/135_kit.jpg,NaN,NaN,NaN,NaN,NaN,NaN,NaN,NaN,0,490,490,312,5012.726133208,NaN,NaN,NaN,NaN,NaN,NaN,NaN,,NaN,,5013.010824791,5013.174475291,5013.174475291,5013.174475291,5013.174475291,5013.174475291,5013.174475291,5013.174475291,5013.174475291,5013.174475291,5025.595185166,7,-7,8,4,11.2050629170008,2,6.46102962499936,5012.716799,5012.726133208,5013.174475291,5013.010810958,NaN,NaN,NaN,NaN,,NaN,,5012.713159416,5012.716750541,None,NaN,NaN,,NaN,NaN,NaN,NaN,NaN,NaN,NaN,1,kitchen,2,2024-03-18_13h09.11.124,image_similarity_rating,2023.2.3,None,2024-03-18 13h09.27.456878 +0100
,124,130,480,480,stimuli/own/kitchen/124_kit.jpg,stimuli/own/kitchen/130_kit.jpg,NaN,NaN,NaN,NaN,NaN,NaN,NaN,NaN,0,491,491,479,5025.6007165,NaN,NaN,NaN,NaN,NaN,NaN,NaN,,NaN,,5025.894193041,5026.057573541,5026.057573541,5026.057573541,5026.057573541,5026.057573541,5026.057573541,5026.057573541,5026.057573541,5026.057573541,5035.682627666,7,-7,8,5,9.66006908300005,4,2.94395841699952,5025.598847458,5025.6007165,5026.057573541,5025.894179291,NaN,NaN,NaN,NaN,,NaN,,5025.595404458,5025.598801458,None,NaN,NaN,,NaN,NaN,NaN,NaN,NaN,NaN,NaN,1,kitchen,2,2024-03-18_13h09.11.124,image_similarity_rating,2023.2.3,None,2024-03-18 13h09.27.456878 +0100
,116,122,325,325,stimuli/own/kitchen/116_kit.jpg,stimuli/own/kitchen/122_kit.jpg,NaN,NaN,NaN,NaN,NaN,NaN,NaN,NaN,0,492,492,324,5035.692802875,NaN,NaN,NaN,NaN,NaN,NaN,NaN,,NaN,,5035.978274875,5036.143030708,5036.143030708,5036.143030708,5036.143030708,5036.143030708,5036.143030708,5036.143030708,5036.143030708,5036.143030708,5044.407891375,-7,7,8,3,8.32531700000072,3,4.25555079200058,5035.686522666,5035.692802875,5036.143030708,5035.978261625,NaN,NaN,NaN,NaN,,NaN,,5035.6828455,5035.686474291,None,NaN,NaN,,NaN,NaN,NaN,NaN,NaN,NaN,NaN,1,kitchen,2,2024-03-18_13h09.11.124,image_similarity_rating,2023.2.3,None,2024-03-18 13h09.27.456878 +0100
,116,129,331,331,stimuli/own/kitchen/116_kit.jpg,stimuli/own/kitchen/129_kit.jpg,NaN,NaN,NaN,NaN,NaN,NaN,NaN,NaN,0,493,493,330,5044.413658333,NaN,NaN,NaN,NaN,NaN,NaN,NaN,,NaN,,5044.710384041,5044.872822625,5044.872822625,5044.872822625,5044.872822625,5044.872822625,5044.872822625,5044.872822625,5044.872822625,5044.872822625,5056.337550083,-7,7,8,1,7.23448637500042,2,11.3143555000006,5044.411700208,5044.413658333,5044.872822625,5044.710370625,NaN,NaN,NaN,NaN,,NaN,,5044.40811125,5044.411653083,None,NaN,NaN,,NaN,NaN,NaN,NaN,NaN,NaN,NaN,1,kitchen,2,2024-03-18_13h09.11.124,image_similarity_rating,2023.2.3,None,2024-03-18 13h09.27.456878 +0100
,124,125,476,476,stimuli/own/kitchen/124_kit.jpg,stimuli/own/kitchen/125_kit.jpg,NaN,NaN,NaN,NaN,NaN,NaN,NaN,NaN,0,494,494,475,5056.343817125,NaN,NaN,NaN,NaN,NaN,NaN,NaN,,NaN,,5056.627985708,5056.79260625,5056.79260625,5056.79260625,5056.79260625,5056.79260625,5056.79260625,5056.79260625,5056.79260625,5056.79260625,5061.691990916,7,-7,8,2,4.99504379099926,4,1.88964449999912,5056.3413555,5056.343817125,5056.79260625,5056.62797175,NaN,NaN,NaN,NaN,,NaN,,5056.337769708,5056.341309541,None,NaN,NaN,,NaN,NaN,NaN,NaN,NaN,NaN,NaN,1,kitchen,2,2024-03-18_13h09.11.124,image_similarity_rating,2023.2.3,None,2024-03-18 13h09.27.456878 +0100
,120,124,409,409,stimuli/own/kitchen/120_kit.jpg,stimuli/own/kitchen/124_kit.jpg,NaN,NaN,NaN,NaN,NaN,NaN,NaN,NaN,0,495,495,408,5061.697896333,NaN,NaN,NaN,NaN,NaN,NaN,NaN,,NaN,,5061.982025958,5062.146227125,5062.146227125,5062.146227125,5062.146227125,5062.146227125,5062.146227125,5062.146227125,5062.146227125,5062.146227125,5065.024593875,-7,7,8,2,1.81295783400128,4,2.86686250000093,5061.695683916,5061.697896333,5062.146227125,5061.982015208,NaN,NaN,NaN,NaN,,NaN,,5061.692202541,5061.6956385,None,NaN,NaN,,NaN,NaN,NaN,NaN,NaN,NaN,NaN,1,kitchen,2,2024-03-18_13h09.11.124,image_similarity_rating,2023.2.3,None,2024-03-18 13h09.27.456878 +0100
,104,105,100,100,stimuli/own/kitchen/104_kit.jpg,stimuli/own/kitchen/105_kit.jpg,NaN,NaN,NaN,NaN,NaN,NaN,NaN,NaN,0,496,496,99,5065.03055775,NaN,NaN,NaN,NaN,NaN,NaN,NaN,,NaN,,5065.327309166,5065.494414416,5065.494414416,5065.494414416,5065.494414416,5065.494414416,5065.494414416,5065.494414416,5065.494414416,5065.494414416,5074.587067958,7,-7,8,4,6.27626437500112,3,9.10465791600109,5065.02829575,5065.03055775,5065.494414416,5065.327292583,NaN,NaN,NaN,NaN,,NaN,,5065.024808083,5065.028249875,None,NaN,NaN,,NaN,NaN,NaN,NaN,NaN,NaN,NaN,1,kitchen,2,2024-03-18_13h09.11.124,image_similarity_rating,2023.2.3,None,2024-03-18 13h09.27.456878 +0100
,129,141,540,540,stimuli/own/kitchen/129_kit.jpg,stimuli/own/kitchen/141_kit.jpg,NaN,NaN,NaN,NaN,NaN,NaN,NaN,NaN,0,497,497,539,5074.609547875,NaN,NaN,NaN,NaN,NaN,NaN,NaN,,NaN,,5074.89353225,5075.06416275,5075.06416275,5075.06416275,5075.06416275,5075.06416275,5075.06416275,5075.06416275,5075.06416275,5075.06416275,5083.404200333,-7,7,8,3,8.30171516700102,4,6.22072425000079,5074.590676291,5074.609547875,NaN,5074.893501916,NaN,NaN,NaN,NaN,,NaN,,5074.587281916,5074.5906315,None,NaN,NaN,,NaN,NaN,NaN,NaN,NaN,NaN,NaN,1,kitchen,2,2024-03-18_13h09.11.124,image_similarity_rating,2023.2.3,None,2024-03-18 13h09.27.456878 +0100
,111,123,228,228,stimuli/own/kitchen/111_kit.jpg,stimuli/own/kitchen/123_kit.jpg,NaN,NaN,NaN,NaN,NaN,NaN,NaN,NaN,0,498,498,227,5083.410394541,NaN,NaN,NaN,NaN,NaN,NaN,NaN,,NaN,,5083.694375208,5083.85849025,5083.85849025,5083.85849025,5083.85849025,5083.85849025,5083.85849025,5083.85849025,5083.85849025,5083.85849025,5087.932785583,7,-7,8,2,3.16442262500095,3,3.99946487499983,5083.40785425,5083.410394541,5083.85849025,5083.694358583,NaN,NaN,NaN,NaN,,NaN,,5083.404415541,5083.407798541,None,NaN,NaN,,NaN,NaN,NaN,NaN,NaN,NaN,NaN,1,kitchen,2,2024-03-18_13h09.11.124,image_similarity_rating,2023.2.3,None,2024-03-18 13h09.27.456878 +0100
,101,123,18,18,stimuli/own/kitchen/101_kit.jpg,stimuli/own/kitchen/123_kit.jpg,NaN,NaN,NaN,NaN,NaN,NaN,NaN,NaN,0,499,499,17,5087.942465375,NaN,NaN,NaN,NaN,NaN,NaN,NaN,,NaN,,5088.227046166,5088.391690458,5088.391690458,5088.391690458,5088.391690458,5088.391690458,5088.391690458,5088.391690458,5088.391690458,5088.391690458,5095.88787525,7,-7,8,2,5.30037187500056,3,7.39374508299989,5087.93638925,5087.942465375,5088.391690458,5088.227031875,NaN,NaN,NaN,NaN,,NaN,,5087.932998041,5087.936343541,None,NaN,NaN,,NaN,NaN,NaN,NaN,NaN,NaN,NaN,1,kitchen,2,2024-03-18_13h09.11.124,image_similarity_rating,2023.2.3,None,2024-03-18 13h09.27.456878 +0100
,105,109,132,132,stimuli/own/kitchen/105_kit.jpg,stimuli/own/kitchen/109_kit.jpg,NaN,NaN,NaN,NaN,NaN,NaN,NaN,NaN,0,500,500,131,5095.893957708,NaN,NaN,NaN,NaN,NaN,NaN,NaN,,NaN,,5096.177061166,5096.340035666,5096.340035666,5096.340035666,5096.340035666,5096.340035666,5096.340035666,5096.340035666,5096.340035666,5096.340035666,5105.608072625,7,-7,8,1,6.35628400000132,3,9.16903641600038,5095.89154325,5095.893957708,5096.340035666,5096.177049791,NaN,NaN,NaN,NaN,,NaN,,5095.888094125,5095.891497791,None,NaN,NaN,,NaN,NaN,NaN,NaN,NaN,NaN,NaN,1,kitchen,2,2024-03-18_13h09.11.124,image_similarity_rating,2023.2.3,None,2024-03-18 13h09.27.456878 +0100
,112,119,250,250,stimuli/own/kitchen/112_kit.jpg,stimuli/own/kitchen/119_kit.jpg,NaN,NaN,NaN,NaN,NaN,NaN,NaN,NaN,0,501,501,249,5105.613758166,NaN,NaN,NaN,NaN,NaN,NaN,NaN,,NaN,,5105.897435833,5106.059510875,5106.059510875,5106.059510875,5106.059510875,5106.059510875,5106.059510875,5106.059510875,5106.059510875,5106.059510875,5121.644708916,-7,7,8,1,9.48082912500104,3,14.5169198339991,5105.611828291,5105.613758166,5106.059510875,5105.897425125,NaN,NaN,NaN,NaN,,NaN,,5105.6082955,5105.611782875,None,NaN,NaN,,NaN,NaN,NaN,NaN,NaN,NaN,NaN,1,kitchen,2,2024-03-18_13h09.11.124,image_similarity_rating,2023.2.3,None,2024-03-18 13h09.27.456878 +0100
,101,126,21,21,stimuli/own/kitchen/101_kit.jpg,stimuli/own/kitchen/126_kit.jpg,NaN,NaN,NaN,NaN,NaN,NaN,NaN,NaN,0,502,502,20,5121.650359041,NaN,NaN,NaN,NaN,NaN,NaN,NaN,,NaN,,5121.943635208,5122.113858958,5122.113858958,5122.113858958,5122.113858958,5122.113858958,5122.113858958,5122.113858958,5122.113858958,5122.113858958,5139.541138791,-7,7,8,5,17.2037080829996,5,10.8152474580002,5121.6484475,5121.650359041,5122.113858958,5121.9436155,NaN,NaN,NaN,NaN,,NaN,,5121.644926208,5121.648401208,None,NaN,NaN,,NaN,NaN,NaN,NaN,NaN,NaN,NaN,1,kitchen,2,2024-03-18_13h09.11.124,image_similarity_rating,2023.2.3,None,2024-03-18 13h09.27.456878 +0100
,103,104,68,68,stimuli/own/kitchen/103_kit.jpg,stimuli/own/kitchen/104_kit.jpg,NaN,NaN,NaN,NaN,NaN,NaN,NaN,NaN,0,503,503,67,5139.546799083,NaN,NaN,NaN,NaN,NaN,NaN,NaN,,NaN,,5139.8308605,5139.994812458,5139.994812458,5139.994812458,5139.994812458,5139.994812458,5139.994812458,5139.994812458,5139.994812458,5139.994812458,5145.528140916,-7,7,8,4,4.10118449999936,4,5.24681591599983,5139.544862208,5139.546799083,5139.994812458,5139.830847083,NaN,NaN,NaN,NaN,,NaN,,5139.541381333,5139.544816125,None,NaN,NaN,,NaN,NaN,NaN,NaN,NaN,NaN,NaN,1,kitchen,2,2024-03-18_13h09.11.124,image_similarity_rating,2023.2.3,None,2024-03-18 13h09.27.456878 +0100
,119,123,389,389,stimuli/own/kitchen/119_kit.jpg,stimuli/own/kitchen/123_kit.jpg,NaN,NaN,NaN,NaN,NaN,NaN,NaN,NaN,0,504,504,388,5145.533920166,NaN,NaN,NaN,NaN,NaN,NaN,NaN,,NaN,,5146.960152791,5147.133710916,5147.133710916,5147.133710916,5147.133710916,5147.133710916,5147.133710916,5147.133710916,5147.133710916,5147.133710916,5160.382412833,7,-7,9,2,9.93273820899958,5,13.2147000000004,5146.665677833,5146.676217708,5147.133710916,5146.960136458,NaN,NaN,NaN,NaN,,NaN,,5145.528356041,5146.665349041,space,5145.533920166,1.13124162500026,None,NaN,NaN,NaN,NaN,NaN,NaN,NaN,1,kitchen,2,2024-03-18_13h09.11.124,image_similarity_rating,2023.2.3,None,2024-03-18 13h09.27.456878 +0100
,103,132,91,91,stimuli/own/kitchen/103_kit.jpg,stimuli/own/kitchen/132_kit.jpg,NaN,NaN,NaN,NaN,NaN,NaN,NaN,NaN,0,505,505,90,5160.392138416,NaN,NaN,NaN,NaN,NaN,NaN,NaN,,NaN,,5160.677477083,5160.843593791,5160.843593791,5160.843593791,5160.843593791,5160.843593791,5160.843593791,5160.843593791,5160.843593791,5160.843593791,5168.616485,7,-7,9,2,7.81963337500019,4,4.67740212499848,5160.386155875,5160.392138416,5160.843593791,5160.677459625,NaN,NaN,NaN,NaN,,NaN,,5160.382636125,5160.386109583,None,NaN,NaN,,NaN,NaN,NaN,NaN,NaN,NaN,NaN,1,kitchen,2,2024-03-18_13h09.11.124,image_similarity_rating,2023.2.3,None,2024-03-18 13h09.27.456878 +0100
,111,140,243,243,stimuli/own/kitchen/111_kit.jpg,stimuli/own/kitchen/140_kit.jpg,NaN,NaN,NaN,NaN,NaN,NaN,NaN,NaN,0,506,506,242,5168.625407375,NaN,NaN,NaN,NaN,NaN,NaN,NaN,,NaN,,5168.910386541,5169.080587083,5169.080587083,5169.080587083,5169.080587083,5169.080587083,5169.080587083,5169.080587083,5169.080587083,5169.080587083,5176.7364775,7,-7,9,2,6.25913424999999,3,7.53892737499882,5168.620189916,5168.625407375,5169.080587083,5168.910369541,NaN,NaN,NaN,NaN,,NaN,,5168.616699416,5168.620144416,None,NaN,NaN,,NaN,NaN,NaN,NaN,NaN,NaN,NaN,1,kitchen,2,2024-03-18_13h09.11.124,image_similarity_rating,2023.2.3,None,2024-03-18 13h09.27.456878 +0100
,102,103,35,35,stimuli/own/kitchen/102_kit.jpg,stimuli/own/kitchen/103_kit.jpg,NaN,NaN,NaN,NaN,NaN,NaN,NaN,NaN,0,507,507,34,5176.742091916,NaN,NaN,NaN,NaN,NaN,NaN,NaN,,NaN,,5177.027578708,5177.192456166,5177.192456166,5177.192456166,5177.192456166,5177.192456166,5177.192456166,5177.192456166,5177.192456166,5177.192456166,5181.511807541,7,-7,9,2,4.3901460829984,3,2.71756408400142,5176.740295,5176.742091916,5177.192456166,5177.027565916,NaN,NaN,NaN,NaN,,NaN,,5176.736698583,5176.740248625,None,NaN,NaN,,NaN,NaN,NaN,NaN,NaN,NaN,NaN,1,kitchen,2,2024-03-18_13h09.11.124,image_similarity_rating,2023.2.3,None,2024-03-18 13h09.27.456878 +0100
,118,132,377,377,stimuli/own/kitchen/118_kit.jpg,stimuli/own/kitchen/132_kit.jpg,NaN,NaN,NaN,NaN,NaN,NaN,NaN,NaN,0,508,508,376,5181.517412333,NaN,NaN,NaN,NaN,NaN,NaN,NaN,,NaN,,5181.810448916,5181.97451375,5181.97451375,5181.97451375,5181.97451375,5181.97451375,5181.97451375,5181.97451375,5181.97451375,5181.97451375,5185.137196541,-7,7,9,2,1.900805958001,3,3.09397866699874,5181.515485083,5181.517412333,5181.97451375,5181.810434583,NaN,NaN,NaN,NaN,,NaN,,5181.512022958,5181.515439458,None,NaN,NaN,,NaN,NaN,NaN,NaN,NaN,NaN,NaN,1,kitchen,2,2024-03-18_13h09.11.124,image_similarity_rating,2023.2.3,None,2024-03-18 13h09.27.456878 +0100
,126,132,509,509,stimuli/own/kitchen/126_kit.jpg,stimuli/own/kitchen/132_kit.jpg,NaN,NaN,NaN,NaN,NaN,NaN,NaN,NaN,0,509,509,508,5185.143400916,NaN,NaN,NaN,NaN,NaN,NaN,NaN,,NaN,,5185.42681325,5185.588393791,5185.588393791,5185.588393791,5185.588393791,5185.588393791,5185.588393791,5185.588393791,5185.588393791,5185.588393791,5191.78000725,7,-7,9,3,2.61858520799979,3,6.15141025000048,5185.141016625,5185.143400916,5185.588393791,5185.426802458,NaN,NaN,NaN,NaN,,NaN,,5185.137410291,5185.140971416,None,NaN,NaN,,NaN,NaN,NaN,NaN,NaN,NaN,NaN,1,kitchen,2,2024-03-18_13h09.11.124,image_similarity_rating,2023.2.3,None,2024-03-18 13h09.27.456878 +0100
,101,105,4,4,stimuli/own/kitchen/101_kit.jpg,stimuli/own/kitchen/105_kit.jpg,NaN,NaN,NaN,NaN,NaN,NaN,NaN,NaN,0,510,510,3,5191.792202083,NaN,NaN,NaN,NaN,NaN,NaN,NaN,,NaN,,5192.076708916,5192.240464625,5192.240464625,5192.240464625,5192.240464625,5192.240464625,5192.240464625,5192.240464625,5192.240464625,5192.240464625,5200.20752975,7,-7,9,4,3.65417183299905,4,7.81824529199912,5191.78373625,5191.792202083,5192.240464625,5192.076698583,NaN,NaN,NaN,NaN,,NaN,,5191.780220708,5191.783690541,None,NaN,NaN,,NaN,NaN,NaN,NaN,NaN,NaN,NaN,1,kitchen,2,2024-03-18_13h09.11.124,image_similarity_rating,2023.2.3,None,2024-03-18 13h09.27.456878 +0100
,106,132,181,181,stimuli/own/kitchen/106_kit.jpg,stimuli/own/kitchen/132_kit.jpg,NaN,NaN,NaN,NaN,NaN,NaN,NaN,NaN,0,511,511,180,5200.213203833,NaN,NaN,NaN,NaN,NaN,NaN,NaN,,NaN,,5200.496796916,5200.659060958,5200.659060958,5200.659060958,5200.659060958,5200.659060958,5200.659060958,5200.659060958,5200.659060958,5200.659060958,5207.379955541,7,-7,9,2,6.64175387499927,3,1.80821233300048,5200.211252958,5200.213203833,5200.659060958,5200.496786,NaN,NaN,NaN,NaN,,NaN,,5200.207763708,5200.211206875,None,NaN,NaN,,NaN,NaN,NaN,NaN,NaN,NaN,NaN,1,kitchen,2,2024-03-18_13h09.11.124,image_similarity_rating,2023.2.3,None,2024-03-18 13h09.27.456878 +0100
,118,121,367,367,stimuli/own/kitchen/118_kit.jpg,stimuli/own/kitchen/121_kit.jpg,NaN,NaN,NaN,NaN,NaN,NaN,NaN,NaN,0,512,512,366,5207.392002416,NaN,NaN,NaN,NaN,NaN,NaN,NaN,,NaN,,5207.676755625,5207.839389833,5207.839389833,5207.839389833,5207.839389833,5207.839389833,5207.839389833,5207.839389833,5207.839389833,5207.839389833,5218.298683375,-7,7,9,5,10.4821738750015,2,1.72043408399986,5207.383689041,5207.392002416,5207.839389833,5207.676744916,NaN,NaN,NaN,NaN,,NaN,,5207.380177166,5207.383643541,None,NaN,NaN,,NaN,NaN,NaN,NaN,NaN,NaN,NaN,1,kitchen,2,2024-03-18_13h09.11.124,image_similarity_rating,2023.2.3,None,2024-03-18 13h09.27.456878 +0100
,124,126,477,477,stimuli/own/kitchen/124_kit.jpg,stimuli/own/kitchen/126_kit.jpg,NaN,NaN,NaN,NaN,NaN,NaN,NaN,NaN,0,513,513,476,5218.3087005,NaN,NaN,NaN,NaN,NaN,NaN,NaN,,NaN,,5218.593183041,5218.758064291,5218.758064291,5218.758064291,5218.758064291,5218.758064291,5218.758064291,5218.758064291,5218.758064291,5218.758064291,5227.044659,-7,7,9,4,8.35991062500034,4,2.7704388330003,5218.302372166,5218.3087005,5218.758064291,5218.593168166,NaN,NaN,NaN,NaN,,NaN,,5218.298898958,5218.302325958,None,NaN,NaN,,NaN,NaN,NaN,NaN,NaN,NaN,NaN,1,kitchen,2,2024-03-18_13h09.11.124,image_similarity_rating,2023.2.3,None,2024-03-18 13h09.27.456878 +0100
,114,129,308,308,stimuli/own/kitchen/114_kit.jpg,stimuli/own/kitchen/129_kit.jpg,NaN,NaN,NaN,NaN,NaN,NaN,NaN,NaN,0,514,514,307,5227.050271125,NaN,NaN,NaN,NaN,NaN,NaN,NaN,,NaN,,5227.343552625,5227.509585666,5227.509585666,5227.509585666,5227.509585666,5227.509585666,5227.509585666,5227.509585666,5227.509585666,5227.509585666,5237.212567125,-7,7,9,1,8.58357324999997,3,9.65150987499874,5227.04834325,5227.050271125,5227.509585666,5227.343538125,NaN,NaN,NaN,NaN,,NaN,,5227.044873125,5227.048296958,None,NaN,NaN,,NaN,NaN,NaN,NaN,NaN,NaN,NaN,1,kitchen,2,2024-03-18_13h09.11.124,image_similarity_rating,2023.2.3,None,2024-03-18 13h09.27.456878 +0100
,106,122,172,172,stimuli/own/kitchen/106_kit.jpg,stimuli/own/kitchen/122_kit.jpg,NaN,NaN,NaN,NaN,NaN,NaN,NaN,NaN,0,515,515,171,5237.225229541,NaN,NaN,NaN,NaN,NaN,NaN,NaN,,NaN,,5237.509879958,5237.675286833,5237.675286833,5237.675286833,5237.675286833,5237.675286833,5237.675286833,5237.675286833,5237.675286833,5237.675286833,5245.319623291,-7,7,9,4,7.69274704200143,3,2.41996566600028,5237.216295458,5237.225229541,5237.675286833,5237.509864416,NaN,NaN,NaN,NaN,,NaN,,5237.212785458,5237.216242291,None,NaN,NaN,,NaN,NaN,NaN,NaN,NaN,NaN,NaN,1,kitchen,2,2024-03-18_13h09.11.124,image_similarity_rating,2023.2.3,None,2024-03-18 13h09.27.456878 +0100
,102,121,49,49,stimuli/own/kitchen/102_kit.jpg,stimuli/own/kitchen/121_kit.jpg,NaN,NaN,NaN,NaN,NaN,NaN,NaN,NaN,0,516,516,48,5245.342171208,NaN,NaN,NaN,NaN,NaN,NaN,NaN,,NaN,,5245.626119208,5245.797627791,5245.797627791,5245.797627791,5245.797627791,5245.797627791,5245.797627791,5245.797627791,5245.797627791,5245.797627791,5251.994467041,-7,7,9,2,6.16119283400076,3,3.68385699999999,5245.323345125,5245.342171208,NaN,5245.626093583,NaN,NaN,NaN,NaN,,NaN,,5245.319841458,5245.323288291,None,NaN,NaN,,NaN,NaN,NaN,NaN,NaN,NaN,NaN,1,kitchen,2,2024-03-18_13h09.11.124,image_similarity_rating,2023.2.3,None,2024-03-18 13h09.27.456878 +0100
,134,137,570,570,stimuli/own/kitchen/134_kit.jpg,stimuli/own/kitchen/137_kit.jpg,NaN,NaN,NaN,NaN,NaN,NaN,NaN,NaN,0,517,517,569,5252.000415416,NaN,NaN,NaN,NaN,NaN,NaN,NaN,,NaN,,5252.293434458,5252.457433916,5252.457433916,5252.457433916,5252.457433916,5252.457433916,5252.457433916,5252.457433916,5252.457433916,5252.457433916,5262.211695125,-7,7,9,3,2.73783208299938,2,8.58471375000045,5251.998171,5252.000415416,5252.457433916,5252.293422291,NaN,NaN,NaN,NaN,,NaN,,5251.994681166,5251.998125083,None,NaN,NaN,,NaN,NaN,NaN,NaN,NaN,NaN,NaN,1,kitchen,2,2024-03-18_13h09.11.124,image_similarity_rating,2023.2.3,None,2024-03-18 13h09.27.456878 +0100
,131,140,558,558,stimuli/own/kitchen/131_kit.jpg,stimuli/own/kitchen/140_kit.jpg,NaN,NaN,NaN,NaN,NaN,NaN,NaN,NaN,0,518,518,557,5262.217451625,NaN,NaN,NaN,NaN,NaN,NaN,NaN,,NaN,,5262.509927125,5262.678079291,5262.678079291,5262.678079291,5262.678079291,5262.678079291,5262.678079291,5262.678079291,5262.678079291,5262.678079291,5273.610846916,-7,7,9,3,10.9347175420007,2,7.28906925000047,5262.215363916,5262.217451625,5262.678079291,5262.509910333,NaN,NaN,NaN,NaN,,NaN,,5262.211912708,5262.215318583,None,NaN,NaN,,NaN,NaN,NaN,NaN,NaN,NaN,NaN,1,kitchen,2,2024-03-18_13h09.11.124,image_similarity_rating,2023.2.3,None,2024-03-18 13h09.27.456878 +0100
,129,139,538,538,stimuli/own/kitchen/129_kit.jpg,stimuli/own/kitchen/139_kit.jpg,NaN,NaN,NaN,NaN,NaN,NaN,NaN,NaN,0,519,519,537,5273.616616416,NaN,NaN,NaN,NaN,NaN,NaN,NaN,,NaN,,5273.909661375,5274.075761666,5274.075761666,5274.075761666,5274.075761666,5274.075761666,5274.075761666,5274.075761666,5274.075761666,5274.075761666,5283.09893175,7,-7,9,2,7.21066604099906,4,8.76438466699983,5273.614540875,5273.616616416,5274.075761666,5273.909645875,NaN,NaN,NaN,NaN,,NaN,,5273.611059625,5273.614495208,None,NaN,NaN,,NaN,NaN,NaN,NaN,NaN,NaN,NaN,1,kitchen,2,2024-03-18_13h09.11.124,image_similarity_rating,2023.2.3,None,2024-03-18 13h09.27.456878 +0100
,102,127,55,55,stimuli/own/kitchen/102_kit.jpg,stimuli/own/kitchen/127_kit.jpg,NaN,NaN,NaN,NaN,NaN,NaN,NaN,NaN,0,520,520,54,5283.1083555,NaN,NaN,NaN,NaN,NaN,NaN,NaN,,NaN,,5283.393995708,5283.557015583,5283.557015583,5283.557015583,5283.557015583,5283.557015583,5283.557015583,5283.557015583,5283.557015583,5283.557015583,5295.97422125,7,-7,9,3,6.26218541599883,2,5.14670624999962,5283.102648958,5283.1083555,5283.557015583,5283.393981875,NaN,NaN,NaN,NaN,,NaN,,5283.099155083,5283.102602208,None,NaN,NaN,,NaN,NaN,NaN,NaN,NaN,NaN,NaN,1,kitchen,2,2024-03-18_13h09.11.124,image_similarity_rating,2023.2.3,None,2024-03-18 13h09.27.456878 +0100
,116,136,337,337,stimuli/own/kitchen/116_kit.jpg,stimuli/own/kitchen/136_kit.jpg,NaN,NaN,NaN,NaN,NaN,NaN,NaN,NaN,0,521,521,336,5295.980032833,NaN,NaN,NaN,NaN,NaN,NaN,NaN,,NaN,,5296.263729125,5296.4278895,5296.4278895,5296.4278895,5296.4278895,5296.4278895,5296.4278895,5296.4278895,5296.4278895,5296.4278895,5304.174610041,7,-7,9,3,7.66787329200088,3,3.44165224999961,5295.977972041,5295.980032833,5296.4278895,5296.263716291,NaN,NaN,NaN,NaN,,NaN,,5295.974446708,5295.97792575,None,NaN,NaN,,NaN,NaN,NaN,NaN,NaN,NaN,NaN,1,kitchen,2,2024-03-18_13h09.11.124,image_similarity_rating,2023.2.3,None,2024-03-18 13h09.27.456878 +0100
,111,139,242,242,stimuli/own/kitchen/111_kit.jpg,stimuli/own/kitchen/139_kit.jpg,NaN,NaN,NaN,NaN,NaN,NaN,NaN,NaN,0,522,522,241,5304.180281208,NaN,NaN,NaN,NaN,NaN,NaN,NaN,,NaN,,5304.464834458,5304.630531791,5304.630531791,5304.630531791,5304.630531791,5304.630531791,5304.630531791,5304.630531791,5304.630531791,5304.630531791,5312.799242125,-7,7,9,1,6.68343920799998,4,8.1332207079995,5304.178357333,5304.180281208,5304.630531791,5304.464823041,NaN,NaN,NaN,NaN,,NaN,,5304.174827,5304.178310958,None,NaN,NaN,,NaN,NaN,NaN,NaN,NaN,NaN,NaN,1,kitchen,2,2024-03-18_13h09.11.124,image_similarity_rating,2023.2.3,None,2024-03-18 13h09.27.456878 +0100
,120,139,422,422,stimuli/own/kitchen/120_kit.jpg,stimuli/own/kitchen/139_kit.jpg,NaN,NaN,NaN,NaN,NaN,NaN,NaN,NaN,0,523,523,421,5312.808536833,NaN,NaN,NaN,NaN,NaN,NaN,NaN,,NaN,,5313.092883583,5313.256418208,5313.256418208,5313.256418208,5313.256418208,5313.256418208,5313.256418208,5313.256418208,5313.256418208,5313.256418208,5322.027881583,-7,7,9,2,6.19552062499861,4,8.62312841699895,5312.802933916,5312.808536833,5313.256418208,5313.092872833,NaN,NaN,NaN,NaN,,NaN,,5312.799465166,5312.802888083,None,NaN,NaN,,NaN,NaN,NaN,NaN,NaN,NaN,NaN,1,kitchen,2,2024-03-18_13h09.11.124,image_similarity_rating,2023.2.3,None,2024-03-18 13h09.27.456878 +0100
,101,140,33,33,stimuli/own/kitchen/101_kit.jpg,stimuli/own/kitchen/140_kit.jpg,NaN,NaN,NaN,NaN,NaN,NaN,NaN,NaN,0,524,524,32,5322.033642791,NaN,NaN,NaN,NaN,NaN,NaN,NaN,,NaN,,5322.326250458,5322.493684625,5322.493684625,5322.493684625,5322.493684625,5322.493684625,5322.493684625,5322.493684625,5322.493684625,5322.493684625,5345.107178875,7,-7,9,3,21.2323762079996,3,22.5763319170001,5322.031563083,5322.033642791,5322.493684625,5322.326225416,NaN,NaN,NaN,NaN,,NaN,,5322.028099791,5322.031517083,None,NaN,NaN,,NaN,NaN,NaN,NaN,NaN,NaN,NaN,1,kitchen,2,2024-03-18_13h09.11.124,image_similarity_rating,2023.2.3,None,2024-03-18 13h09.27.456878 +0100
,129,135,534,534,stimuli/own/kitchen/129_kit.jpg,stimuli/own/kitchen/135_kit.jpg,NaN,NaN,NaN,NaN,NaN,NaN,NaN,NaN,0,525,525,533,5345.113128291,NaN,NaN,NaN,NaN,NaN,NaN,NaN,,NaN,,5345.396232208,5345.558172875,5345.558172875,5345.558172875,5345.558172875,5345.558172875,5345.558172875,5345.558172875,5345.558172875,5345.558172875,5352.002968041,7,-7,9,3,5.23673083299946,4,6.18269462500029,5345.111034541,5345.113128291,5345.558172875,5345.396221333,NaN,NaN,NaN,NaN,,NaN,,5345.107419291,5345.110979625,None,NaN,NaN,,NaN,NaN,NaN,NaN,NaN,NaN,NaN,1,kitchen,2,2024-03-18_13h09.11.124,image_similarity_rating,2023.2.3,None,2024-03-18 13h09.27.456878 +0100
,106,124,174,174,stimuli/own/kitchen/106_kit.jpg,stimuli/own/kitchen/124_kit.jpg,NaN,NaN,NaN,NaN,NaN,NaN,NaN,NaN,0,526,526,173,5352.024930541,NaN,NaN,NaN,NaN,NaN,NaN,NaN,,NaN,,5352.308962166,5352.474727,5352.474727,5352.474727,5352.474727,5352.474727,5352.474727,5352.474727,5352.474727,5352.474727,5362.602601791,7,-7,9,3,10.1749329579998,3,2.47035179200066,5352.00668675,5352.024930541,NaN,5352.308943833,NaN,NaN,NaN,NaN,,NaN,,5352.003185583,5352.006640875,None,NaN,NaN,,NaN,NaN,NaN,NaN,NaN,NaN,NaN,1,kitchen,2,2024-03-18_13h09.11.124,image_similarity_rating,2023.2.3,None,2024-03-18 13h09.27.456878 +0100
,101,104,3,3,stimuli/own/kitchen/101_kit.jpg,stimuli/own/kitchen/104_kit.jpg,NaN,NaN,NaN,NaN,NaN,NaN,NaN,NaN,0,527,527,2,5362.608076458,NaN,NaN,NaN,NaN,NaN,NaN,NaN,,NaN,,5362.893646875,5363.058368625,5363.058368625,5363.058368625,5363.058368625,5363.058368625,5363.058368625,5363.058368625,5363.058368625,5363.058368625,5371.124102958,-7,7,9,5,6.13039212500007,3,8.0652608750006,5362.606282,5362.608076458,5363.058368625,5362.893633541,NaN,NaN,NaN,NaN,,NaN,,5362.602818916,5362.606236208,None,NaN,NaN,,NaN,NaN,NaN,NaN,NaN,NaN,NaN,1,kitchen,2,2024-03-18_13h09.11.124,image_similarity_rating,2023.2.3,None,2024-03-18 13h09.27.456878 +0100
,103,121,81,81,stimuli/own/kitchen/103_kit.jpg,stimuli/own/kitchen/121_kit.jpg,NaN,NaN,NaN,NaN,NaN,NaN,NaN,NaN,0,528,528,80,5371.129803333,NaN,NaN,NaN,NaN,NaN,NaN,NaN,,NaN,,5371.413422625,5371.575935916,5371.575935916,5371.575935916,5371.575935916,5371.575935916,5371.575935916,5371.575935916,5371.575935916,5371.575935916,5376.590309416,-7,7,9,5,4.90043100000003,3,1.83587754099972,5371.127787958,5371.129803333,5371.575935916,5371.413412,NaN,NaN,NaN,NaN,,NaN,,5371.124315875,5371.127742041,None,NaN,NaN,,NaN,NaN,NaN,NaN,NaN,NaN,NaN,1,kitchen,2,2024-03-18_13h09.11.124,image_similarity_rating,2023.2.3,None,2024-03-18 13h09.27.456878 +0100
,122,138,456,456,stimuli/own/kitchen/122_kit.jpg,stimuli/own/kitchen/138_kit.jpg,NaN,NaN,NaN,NaN,NaN,NaN,NaN,NaN,0,529,529,455,5376.595978625,NaN,NaN,NaN,NaN,NaN,NaN,NaN,,NaN,,5376.880698708,5377.045555166,5377.045555166,5377.045555166,5377.045555166,5377.045555166,5377.045555166,5377.045555166,5377.045555166,5377.045555166,5381.399343166,7,-7,9,4,2.9551228750006,4,4.31112370800111,5376.594057083,5376.595978625,5377.045555166,5376.8806865,NaN,NaN,NaN,NaN,,NaN,,5376.590556208,5376.594011375,None,NaN,NaN,,NaN,NaN,NaN,NaN,NaN,NaN,NaN,1,kitchen,2,2024-03-18_13h09.11.124,image_similarity_rating,2023.2.3,None,2024-03-18 13h09.27.456878 +0100
,104,126,117,117,stimuli/own/kitchen/104_kit.jpg,stimuli/own/kitchen/126_kit.jpg,NaN,NaN,NaN,NaN,NaN,NaN,NaN,NaN,0,530,530,116,5381.408229791,NaN,NaN,NaN,NaN,NaN,NaN,NaN,,NaN,,5381.693014125,5381.853841625,5381.853841625,5381.853841625,5381.853841625,5381.853841625,5381.853841625,5381.853841625,5381.853841625,5381.853841625,5387.264890291,7,-7,9,3,5.36941658400065,3,1.78294158400058,5381.403098125,5381.408229791,5381.853841625,5381.693003125,NaN,NaN,NaN,NaN,,NaN,,5381.3995565,5381.403052833,None,NaN,NaN,,NaN,NaN,NaN,NaN,NaN,NaN,NaN,1,kitchen,2,2024-03-18_13h09.11.124,image_similarity_rating,2023.2.3,None,2024-03-18 13h09.27.456878 +0100
,106,111,162,162,stimuli/own/kitchen/106_kit.jpg,stimuli/own/kitchen/111_kit.jpg,NaN,NaN,NaN,NaN,NaN,NaN,NaN,NaN,0,531,531,161,5387.274687916,NaN,NaN,NaN,NaN,NaN,NaN,NaN,,NaN,,5387.5603055,5387.725396833,5387.725396833,5387.725396833,5387.725396833,5387.725396833,5387.725396833,5387.725396833,5387.725396833,5387.725396833,5396.669127625,7,-7,9,4,8.94138683399979,3,4.6083266250007,5387.268713625,5387.274687916,5387.725396833,5387.560292416,NaN,NaN,NaN,NaN,,NaN,,5387.265106458,5387.268668,None,NaN,NaN,,NaN,NaN,NaN,NaN,NaN,NaN,NaN,1,kitchen,2,2024-03-18_13h09.11.124,image_similarity_rating,2023.2.3,None,2024-03-18 13h09.27.456878 +0100
,113,120,276,276,stimuli/own/kitchen/113_kit.jpg,stimuli/own/kitchen/120_kit.jpg,NaN,NaN,NaN,NaN,NaN,NaN,NaN,NaN,0,532,532,275,5396.674603458,NaN,NaN,NaN,NaN,NaN,NaN,NaN,,NaN,,5396.9594195,5397.125857416,5397.125857416,5397.125857416,5397.125857416,5397.125857416,5397.125857416,5397.125857416,5397.125857416,5397.125857416,5406.55264475,-7,7,9,3,8.18587370800014,2,9.28992695799934,5396.672806625,5396.674603458,5397.125857416,5396.959405375,NaN,NaN,NaN,NaN,,NaN,,5396.669348166,5396.6727605,None,NaN,NaN,,NaN,NaN,NaN,NaN,NaN,NaN,NaN,1,kitchen,2,2024-03-18_13h09.11.124,image_similarity_rating,2023.2.3,None,2024-03-18 13h09.27.456878 +0100
,120,132,416,416,stimuli/own/kitchen/120_kit.jpg,stimuli/own/kitchen/132_kit.jpg,NaN,NaN,NaN,NaN,NaN,NaN,NaN,NaN,0,533,533,415,5406.574976,NaN,NaN,NaN,NaN,NaN,NaN,NaN,,NaN,,5406.859060333,5407.0240925,5407.0240925,5407.0240925,5407.0240925,5407.0240925,5407.0240925,5407.0240925,5407.0240925,5407.0240925,5421.91206575,-7,7,9,5,10.8442207500011,3,14.8128013329988,5406.556368916,5406.574976,NaN,5406.859041791,NaN,NaN,NaN,NaN,,NaN,,5406.552861875,5406.556322958,None,NaN,NaN,,NaN,NaN,NaN,NaN,NaN,NaN,NaN,1,kitchen,2,2024-03-18_13h09.11.124,image_similarity_rating,2023.2.3,None,2024-03-18 13h09.27.456878 +0100
,113,131,286,286,stimuli/own/kitchen/113_kit.jpg,stimuli/own/kitchen/131_kit.jpg,NaN,NaN,NaN,NaN,NaN,NaN,NaN,NaN,0,534,534,285,5421.924726375,NaN,NaN,NaN,NaN,NaN,NaN,NaN,,NaN,,5422.209686333,5422.372516458,5422.372516458,5422.372516458,5422.372516458,5422.372516458,5422.372516458,5422.372516458,5422.372516458,5422.372516458,5428.479392083,-7,7,9,2,4.58745249999993,2,6.01725058299962,5421.915804958,5421.924726375,5422.372516458,5422.209675708,NaN,NaN,NaN,NaN,,NaN,,5421.912294791,5421.915759375,None,NaN,NaN,,NaN,NaN,NaN,NaN,NaN,NaN,NaN,1,kitchen,2,2024-03-18_13h09.11.124,image_similarity_rating,2023.2.3,None,2024-03-18 13h09.27.456878 +0100
,126,136,512,512,stimuli/own/kitchen/126_kit.jpg,stimuli/own/kitchen/136_kit.jpg,NaN,NaN,NaN,NaN,NaN,NaN,NaN,NaN,0,535,535,511,5428.49131,NaN,NaN,NaN,NaN,NaN,NaN,NaN,,NaN,,5428.776020583,5428.944582666,5428.944582666,5428.944582666,5428.944582666,5428.944582666,5428.944582666,5428.944582666,5428.944582666,5428.944582666,5438.298806375,-7,7,9,4,7.44524583299972,4,9.32847225000114,5428.483133541,5428.49131,5428.944582666,5428.775997791,NaN,NaN,NaN,NaN,,NaN,,5428.479610083,5428.483087875,None,NaN,NaN,,NaN,NaN,NaN,NaN,NaN,NaN,NaN,1,kitchen,2,2024-03-18_13h09.11.124,image_similarity_rating,2023.2.3,None,2024-03-18 13h09.27.456878 +0100
,130,132,542,542,stimuli/own/kitchen/130_kit.jpg,stimuli/own/kitchen/132_kit.jpg,NaN,NaN,NaN,NaN,NaN,NaN,NaN,NaN,0,536,536,541,5438.307873416,NaN,NaN,NaN,NaN,NaN,NaN,NaN,,NaN,,5438.592960833,5438.755904541,5438.755904541,5438.755904541,5438.755904541,5438.755904541,5438.755904541,5438.755904541,5438.755904541,5438.755904541,5448.207051625,7,-7,9,2,9.29665429199849,4,2.53546704099972,5438.302526,5438.307873416,5438.755904541,5438.592950333,NaN,NaN,NaN,NaN,,NaN,,5438.299028416,5438.302480125,None,NaN,NaN,,NaN,NaN,NaN,NaN,NaN,NaN,NaN,1,kitchen,2,2024-03-18_13h09.11.124,image_similarity_rating,2023.2.3,None,2024-03-18 13h09.27.456878 +0100
,119,125,391,391,stimuli/own/kitchen/119_kit.jpg,stimuli/own/kitchen/125_kit.jpg,NaN,NaN,NaN,NaN,NaN,NaN,NaN,NaN,0,537,537,390,5448.212839958,NaN,NaN,NaN,NaN,NaN,NaN,NaN,,NaN,,5448.497619083,5448.660832,5448.660832,5448.660832,5448.660832,5448.660832,5448.660832,5448.660832,5448.660832,5448.660832,5488.073144916,-7,7,9,2,37.596648834,4,39.3517827080013,5448.21077475,5448.212839958,5448.660832,5448.497605625,NaN,NaN,NaN,NaN,,NaN,,5448.207267958,5448.210728041,None,NaN,NaN,,NaN,NaN,NaN,NaN,NaN,NaN,NaN,1,kitchen,2,2024-03-18_13h09.11.124,image_similarity_rating,2023.2.3,None,2024-03-18 13h09.27.456878 +0100
,122,127,447,447,stimuli/own/kitchen/122_kit.jpg,stimuli/own/kitchen/127_kit.jpg,NaN,NaN,NaN,NaN,NaN,NaN,NaN,NaN,0,538,538,446,5488.079046041,NaN,NaN,NaN,NaN,NaN,NaN,NaN,,NaN,,5488.363174291,5488.528282208,5488.528282208,5488.528282208,5488.528282208,5488.528282208,5488.528282208,5488.528282208,5488.528282208,5488.528282208,5499.376842333,-7,7,9,4,10.8584371249999,4,4.25743891699858,5488.07688275,5488.079046041,5488.528282208,5488.363161666,NaN,NaN,NaN,NaN,,NaN,,5488.073370583,5488.0768365,None,NaN,NaN,,NaN,NaN,NaN,NaN,NaN,NaN,NaN,1,kitchen,2,2024-03-18_13h09.11.124,image_similarity_rating,2023.2.3,None,2024-03-18 13h09.27.456878 +0100
,106,127,177,177,stimuli/own/kitchen/106_kit.jpg,stimuli/own/kitchen/127_kit.jpg,NaN,NaN,NaN,NaN,NaN,NaN,NaN,NaN,0,539,539,176,5499.382451041,NaN,NaN,NaN,NaN,NaN,NaN,NaN,,NaN,,5499.675750875,5499.842269541,5499.842269541,5499.842269541,5499.842269541,5499.842269541,5499.842269541,5499.842269541,5499.842269541,5499.842269541,5513.327635875,-7,7,9,4,12.7323394579998,1,9.02186395799981,5499.380510166,5499.382451041,5499.842269541,5499.675735208,NaN,NaN,NaN,NaN,,NaN,,5499.377055916,5499.380464833,None,NaN,NaN,,NaN,NaN,NaN,NaN,NaN,NaN,NaN,1,kitchen,2,2024-03-18_13h09.11.124,image_similarity_rating,2023.2.3,None,2024-03-18 13h09.27.456878 +0100
,119,139,403,403,stimuli/own/kitchen/119_kit.jpg,stimuli/own/kitchen/139_kit.jpg,NaN,NaN,NaN,NaN,NaN,NaN,NaN,NaN,0,540,540,402,5513.33333975,NaN,NaN,NaN,NaN,NaN,NaN,NaN,,NaN,,5513.625780208,5513.790596625,5513.790596625,5513.790596625,5513.790596625,5513.790596625,5513.790596625,5513.790596625,5513.790596625,5513.790596625,5550.835236,7,-7,9,2,33.3915122919989,3,36.5145544999996,5513.331318166,5513.33333975,5513.790596625,5513.625765916,NaN,NaN,NaN,NaN,,NaN,,5513.327855916,5513.331272458,None,NaN,NaN,,NaN,NaN,NaN,NaN,NaN,NaN,NaN,1,kitchen,2,2024-03-18_13h09.11.124,image_similarity_rating,2023.2.3,None,2024-03-18 13h09.27.456878 +0100
,130,137,546,546,stimuli/own/kitchen/130_kit.jpg,stimuli/own/kitchen/137_kit.jpg,NaN,NaN,NaN,NaN,NaN,NaN,NaN,NaN,0,541,541,545,5550.840889416,NaN,NaN,NaN,NaN,NaN,NaN,NaN,,NaN,,5551.12559375,5551.290263208,5551.290263208,5551.290263208,5551.290263208,5551.290263208,5551.290263208,5551.290263208,5551.290263208,5551.290263208,5560.976777875,-7,7,9,3,8.04229049999958,4,9.62394483299977,5550.839023458,5550.840889416,5551.290263208,5551.125577791,NaN,NaN,NaN,NaN,,NaN,,5550.8354565,5550.838977958,None,NaN,NaN,,NaN,NaN,NaN,NaN,NaN,NaN,NaN,1,kitchen,2,2024-03-18_13h09.11.124,image_similarity_rating,2023.2.3,None,2024-03-18 13h09.27.456878 +0100
,120,131,415,415,stimuli/own/kitchen/120_kit.jpg,stimuli/own/kitchen/131_kit.jpg,NaN,NaN,NaN,NaN,NaN,NaN,NaN,NaN,0,542,542,414,5560.982434208,NaN,NaN,NaN,NaN,NaN,NaN,NaN,,NaN,,5561.276044583,5561.441238083,5561.441238083,5561.441238083,5561.441238083,5561.441238083,5561.441238083,5561.441238083,5561.441238083,5561.441238083,5570.5695045,-7,7,9,2,9.17693329199938,4,4.82862262500021,5560.980503916,5560.982434208,5561.441238083,5561.276030666,NaN,NaN,NaN,NaN,,NaN,,5560.976996291,5560.98045775,None,NaN,NaN,,NaN,NaN,NaN,NaN,NaN,NaN,NaN,1,kitchen,2,2024-03-18_13h09.11.124,image_similarity_rating,2023.2.3,None,2024-03-18 13h09.27.456878 +0100
,109,122,200,200,stimuli/own/kitchen/109_kit.jpg,stimuli/own/kitchen/122_kit.jpg,NaN,NaN,NaN,NaN,NaN,NaN,NaN,NaN,0,543,543,199,5570.576114208,NaN,NaN,NaN,NaN,NaN,NaN,NaN,,NaN,,5570.861884333,5571.025334166,5571.025334166,5571.025334166,5571.025334166,5571.025334166,5571.025334166,5571.025334166,5571.025334166,5571.025334166,5576.016021125,-7,7,9,1,2.60639124999943,3,5.04193391700028,5570.573176916,5570.576114208,5571.025334166,5570.861873708,NaN,NaN,NaN,NaN,,NaN,,5570.569718375,5570.573131208,None,NaN,NaN,,NaN,NaN,NaN,NaN,NaN,NaN,NaN,1,kitchen,2,2024-03-18_13h09.11.124,image_similarity_rating,2023.2.3,None,2024-03-18 13h09.27.456878 +0100
,106,130,179,179,stimuli/own/kitchen/106_kit.jpg,stimuli/own/kitchen/130_kit.jpg,NaN,NaN,NaN,NaN,NaN,NaN,NaN,NaN,0,544,544,178,5576.024259791,NaN,NaN,NaN,NaN,NaN,NaN,NaN,,NaN,,5576.308812916,5576.471222625,5576.471222625,5576.471222625,5576.471222625,5576.471222625,5576.471222625,5576.471222625,5576.471222625,5576.471222625,5583.37312275,-7,7,9,5,4.91272912500062,3,6.8016690000004,5576.019725541,5576.024259791,5576.471222625,5576.30880225,NaN,NaN,NaN,NaN,,NaN,,5576.016244958,5576.019679833,None,NaN,NaN,,NaN,NaN,NaN,NaN,NaN,NaN,NaN,1,kitchen,2,2024-03-18_13h09.11.124,image_similarity_rating,2023.2.3,None,2024-03-18 13h09.27.456878 +0100
,130,138,547,547,stimuli/own/kitchen/130_kit.jpg,stimuli/own/kitchen/138_kit.jpg,NaN,NaN,NaN,NaN,NaN,NaN,NaN,NaN,0,545,545,546,5583.378896125,NaN,NaN,NaN,NaN,NaN,NaN,NaN,,NaN,,5583.663302541,5583.831403291,5583.831403291,5583.831403291,5583.831403291,5583.831403291,5583.831403291,5583.831403291,5583.831403291,5583.831403291,5590.756407958,7,-7,9,4,3.15767324999979,4,5.12801537500127,5583.376957125,5583.378896125,5583.831403291,5583.663287416,NaN,NaN,NaN,NaN,,NaN,,5583.373359375,5583.376910416,None,NaN,NaN,,NaN,NaN,NaN,NaN,NaN,NaN,NaN,1,kitchen,2,2024-03-18_13h09.11.124,image_similarity_rating,2023.2.3,None,2024-03-18 13h09.27.456878 +0100
,104,119,110,110,stimuli/own/kitchen/104_kit.jpg,stimuli/own/kitchen/119_kit.jpg,NaN,NaN,NaN,NaN,NaN,NaN,NaN,NaN,0,546,546,109,5590.762072416,NaN,NaN,NaN,NaN,NaN,NaN,NaN,,NaN,,5591.047160416,5591.212806666,5591.212806666,5591.212806666,5591.212806666,5591.212806666,5591.212806666,5591.212806666,5591.212806666,5591.212806666,5600.122737791,7,-7,9,2,8.96910095800013,3,1.8235478330007,5590.760151875,5590.762072416,5591.212806666,5591.047148458,NaN,NaN,NaN,NaN,,NaN,,5590.756642333,5590.760104666,None,NaN,NaN,,NaN,NaN,NaN,NaN,NaN,NaN,NaN,1,kitchen,2,2024-03-18_13h09.11.124,image_similarity_rating,2023.2.3,None,2024-03-18 13h09.27.456878 +0100
,102,140,66,66,stimuli/own/kitchen/102_kit.jpg,stimuli/own/kitchen/140_kit.jpg,NaN,NaN,NaN,NaN,NaN,NaN,NaN,NaN,0,547,547,65,5600.128762291,NaN,NaN,NaN,NaN,NaN,NaN,NaN,,NaN,,5600.41262225,5600.576774208,5600.576774208,5600.576774208,5600.576774208,5600.576774208,5600.576774208,5600.576774208,5600.576774208,5600.576774208,5607.618951375,-7,7,9,5,5.74114800000098,3,6.90621454199936,5600.126512916,5600.128762291,5600.576774208,5600.412609083,NaN,NaN,NaN,NaN,,NaN,,5600.12295975,5600.126467,None,NaN,NaN,,NaN,NaN,NaN,NaN,NaN,NaN,NaN,1,kitchen,2,2024-03-18_13h09.11.124,image_similarity_rating,2023.2.3,None,2024-03-18 13h09.27.456878 +0100
,105,136,155,155,stimuli/own/kitchen/105_kit.jpg,stimuli/own/kitchen/136_kit.jpg,NaN,NaN,NaN,NaN,NaN,NaN,NaN,NaN,0,548,548,154,5607.625247833,NaN,NaN,NaN,NaN,NaN,NaN,NaN,,NaN,,5607.909522416,5608.075597666,5608.075597666,5608.075597666,5608.075597666,5608.075597666,5608.075597666,5608.075597666,5608.075597666,5608.075597666,5616.822873541,7,-7,9,4,7.24905041700003,4,8.68639566599995,5607.62276375,5607.625247833,5608.075597666,5607.909507625,NaN,NaN,NaN,NaN,,NaN,,5607.619168458,5607.622717916,None,NaN,NaN,,NaN,NaN,NaN,NaN,NaN,NaN,NaN,1,kitchen,2,2024-03-18_13h09.11.124,image_similarity_rating,2023.2.3,None,2024-03-18 13h09.27.456878 +0100
,103,137,95,95,stimuli/own/kitchen/103_kit.jpg,stimuli/own/kitchen/137_kit.jpg,NaN,NaN,NaN,NaN,NaN,NaN,NaN,NaN,0,549,549,94,5616.8283885,NaN,NaN,NaN,NaN,NaN,NaN,NaN,,NaN,,5617.114330375,5617.279418875,5617.279418875,5617.279418875,5617.279418875,5617.279418875,5617.279418875,5617.279418875,5617.279418875,5617.279418875,5628.193112958,-7,7,9,3,7.73136387500017,3,10.8904652089986,5616.826636,5616.8283885,5617.279418875,5617.114318291,NaN,NaN,NaN,NaN,,NaN,,5616.823122916,5616.82659,None,NaN,NaN,,NaN,NaN,NaN,NaN,NaN,NaN,NaN,1,kitchen,2,2024-03-18_13h09.11.124,image_similarity_rating,2023.2.3,None,2024-03-18 13h09.27.456878 +0100
,118,122,368,368,stimuli/own/kitchen/118_kit.jpg,stimuli/own/kitchen/122_kit.jpg,NaN,NaN,NaN,NaN,NaN,NaN,NaN,NaN,0,550,550,367,5628.1986985,NaN,NaN,NaN,NaN,NaN,NaN,NaN,,NaN,,5628.492377458,5628.654133833,5628.654133833,5628.654133833,5628.654133833,5628.654133833,5628.654133833,5628.654133833,5628.654133833,5628.654133833,5634.913852916,7,-7,9,3,6.26871004199893,2,3.49536274999991,5628.196772791,5628.1986985,5628.654133833,5628.492366625,NaN,NaN,NaN,NaN,,NaN,,5628.193328333,5628.196726958,None,NaN,NaN,,NaN,NaN,NaN,NaN,NaN,NaN,NaN,1,kitchen,2,2024-03-18_13h09.11.124,image_similarity_rating,2023.2.3,None,2024-03-18 13h09.27.456878 +0100
,118,127,373,373,stimuli/own/kitchen/118_kit.jpg,stimuli/own/kitchen/127_kit.jpg,NaN,NaN,NaN,NaN,NaN,NaN,NaN,NaN,0,551,551,372,5634.924095416,NaN,NaN,NaN,NaN,NaN,NaN,NaN,,NaN,,5635.209265625,5635.373814,5635.373814,5635.373814,5635.373814,5635.373814,5635.373814,5635.373814,5635.373814,5635.373814,5638.848839708,7,-7,9,3,2.31916395799999,3,3.39828979200138,5634.91754,5634.924095416,5635.373814,5635.209251666,NaN,NaN,NaN,NaN,,NaN,,5634.914069416,5634.917495,None,NaN,NaN,,NaN,NaN,NaN,NaN,NaN,NaN,NaN,1,kitchen,2,2024-03-18_13h09.11.124,image_similarity_rating,2023.2.3,None,2024-03-18 13h09.27.456878 +0100
,105,137,156,156,stimuli/own/kitchen/105_kit.jpg,stimuli/own/kitchen/137_kit.jpg,NaN,NaN,NaN,NaN,NaN,NaN,NaN,NaN,0,552,552,155,5638.857409708,NaN,NaN,NaN,NaN,NaN,NaN,NaN,,NaN,,5639.141887291,5639.313036791,5639.313036791,5639.313036791,5639.313036791,5639.313036791,5639.313036791,5639.313036791,5639.313036791,5639.313036791,5644.227007416,-7,7,9,4,4.58482850000109,3,2.96912258400152,5638.85255725,5638.857409708,5639.313036791,5639.141870166,NaN,NaN,NaN,NaN,,NaN,,5638.849057333,5638.852511291,None,NaN,NaN,,NaN,NaN,NaN,NaN,NaN,NaN,NaN,1,kitchen,2,2024-03-18_13h09.11.124,image_similarity_rating,2023.2.3,None,2024-03-18 13h09.27.456878 +0100
,113,141,295,295,stimuli/own/kitchen/113_kit.jpg,stimuli/own/kitchen/141_kit.jpg,NaN,NaN,NaN,NaN,NaN,NaN,NaN,NaN,0,553,553,294,5644.240596708,NaN,NaN,NaN,NaN,NaN,NaN,NaN,,NaN,,5644.525979708,5644.689820666,5644.689820666,5644.689820666,5644.689820666,5644.689820666,5644.689820666,5644.689820666,5644.689820666,5644.689820666,5648.730580125,-7,7,9,2,3.97643858300034,3,1.85582941599932,5644.23083775,5644.240596708,5644.689820666,5644.525967041,NaN,NaN,NaN,NaN,,NaN,,5644.227222916,5644.230789291,None,NaN,NaN,,NaN,NaN,NaN,NaN,NaN,NaN,NaN,1,kitchen,2,2024-03-18_13h09.11.124,image_similarity_rating,2023.2.3,None,2024-03-18 13h09.27.456878 +0100
,109,116,194,194,stimuli/own/kitchen/109_kit.jpg,stimuli/own/kitchen/116_kit.jpg,NaN,NaN,NaN,NaN,NaN,NaN,NaN,NaN,0,554,554,193,5648.7406055,NaN,NaN,NaN,NaN,NaN,NaN,NaN,,NaN,,5649.025296583,5649.189596708,5649.189596708,5649.189596708,5649.189596708,5649.189596708,5649.189596708,5649.189596708,5649.189596708,5649.189596708,5653.648312625,7,-7,9,2,2.53933554200012,4,4.44683804200031,5648.734362958,5648.7406055,5649.189596708,5649.02528575,NaN,NaN,NaN,NaN,,NaN,,5648.730795916,5648.734317208,None,NaN,NaN,,NaN,NaN,NaN,NaN,NaN,NaN,NaN,1,kitchen,2,2024-03-18_13h09.11.124,image_similarity_rating,2023.2.3,None,2024-03-18 13h09.27.456878 +0100
,127,130,519,519,stimuli/own/kitchen/127_kit.jpg,stimuli/own/kitchen/130_kit.jpg,NaN,NaN,NaN,NaN,NaN,NaN,NaN,NaN,0,555,555,518,5653.657295083,NaN,NaN,NaN,NaN,NaN,NaN,NaN,,NaN,,5653.941917666,5654.104204166,5654.104204166,5654.104204166,5654.104204166,5654.104204166,5654.104204166,5654.104204166,5654.104204166,5654.104204166,5658.968843708,-7,7,9,4,4.80920937500014,3,2.51259787500021,5653.652241291,5653.657295083,5654.104204166,5653.94190675,NaN,NaN,NaN,NaN,,NaN,,5653.648529458,5653.652191666,None,NaN,NaN,,NaN,NaN,NaN,NaN,NaN,NaN,NaN,1,kitchen,2,2024-03-18_13h09.11.124,image_similarity_rating,2023.2.3,None,2024-03-18 13h09.27.456878 +0100
,116,125,328,328,stimuli/own/kitchen/116_kit.jpg,stimuli/own/kitchen/125_kit.jpg,NaN,NaN,NaN,NaN,NaN,NaN,NaN,NaN,0,556,556,327,5658.990865625,NaN,NaN,NaN,NaN,NaN,NaN,NaN,,NaN,,5659.274800875,5659.446760166,5659.446760166,5659.446760166,5659.446760166,5659.446760166,5659.446760166,5659.446760166,5659.446760166,5659.446760166,5663.439647541,-7,7,9,2,2.24765420800031,3,3.96790458299984,5658.972545333,5658.990865625,NaN,5659.274779875,NaN,NaN,NaN,NaN,,NaN,,5658.969058583,5658.97249925,None,NaN,NaN,,NaN,NaN,NaN,NaN,NaN,NaN,NaN,1,kitchen,2,2024-03-18_13h09.11.124,image_similarity_rating,2023.2.3,None,2024-03-18 13h09.27.456878 +0100
,105,127,148,148,stimuli/own/kitchen/105_kit.jpg,stimuli/own/kitchen/127_kit.jpg,NaN,NaN,NaN,NaN,NaN,NaN,NaN,NaN,0,557,557,147,5663.445573791,NaN,NaN,NaN,NaN,NaN,NaN,NaN,,NaN,,5663.729815291,5663.891546833,5663.891546833,5663.891546833,5663.891546833,5663.891546833,5663.891546833,5663.891546833,5663.891546833,5663.891546833,5669.838958958,7,-7,9,4,5.98046154199983,4,1.96798854200097,5663.443322083,5663.445573791,5663.891546833,5663.729805,NaN,NaN,NaN,NaN,,NaN,,5663.439866333,5663.443276458,None,NaN,NaN,,NaN,NaN,NaN,NaN,NaN,NaN,NaN,1,kitchen,2,2024-03-18_13h09.11.124,image_similarity_rating,2023.2.3,None,2024-03-18 13h09.27.456878 +0100
,114,136,314,314,stimuli/own/kitchen/114_kit.jpg,stimuli/own/kitchen/136_kit.jpg,NaN,NaN,NaN,NaN,NaN,NaN,NaN,NaN,0,558,558,313,5669.844604291,NaN,NaN,NaN,NaN,NaN,NaN,NaN,,NaN,,5670.129375375,5670.2966985,5670.2966985,5670.2966985,5670.2966985,5670.2966985,5670.2966985,5670.2966985,5670.2966985,5670.2966985,5676.872595291,7,-7,9,4,5.63903683299941,4,6.42505020899989,5669.8426615,5669.844604291,5670.2966985,5670.1293615,NaN,NaN,NaN,NaN,,NaN,,5669.839180041,5669.842616,None,NaN,NaN,,NaN,NaN,NaN,NaN,NaN,NaN,NaN,1,kitchen,2,2024-03-18_13h09.11.124,image_similarity_rating,2023.2.3,None,2024-03-18 13h09.27.456878 +0100
,101,103,2,2,stimuli/own/kitchen/101_kit.jpg,stimuli/own/kitchen/103_kit.jpg,NaN,NaN,NaN,NaN,NaN,NaN,NaN,NaN,0,559,559,1,5676.878461041,NaN,NaN,NaN,NaN,NaN,NaN,NaN,,NaN,,5677.162131958,5677.32502925,5677.32502925,5677.32502925,5677.32502925,5677.32502925,5677.32502925,5677.32502925,5677.32502925,5677.32502925,5681.963651041,-7,7,9,3,4.66160562499863,3,1.89595900000131,5676.876362791,5676.878461041,5677.32502925,5677.162118416,NaN,NaN,NaN,NaN,,NaN,,5676.872831541,5676.876316125,None,NaN,NaN,,NaN,NaN,NaN,NaN,NaN,NaN,NaN,1,kitchen,2,2024-03-18_13h09.11.124,image_similarity_rating,2023.2.3,None,2024-03-18 13h09.27.456878 +0100
,129,137,536,536,stimuli/own/kitchen/129_kit.jpg,stimuli/own/kitchen/137_kit.jpg,NaN,NaN,NaN,NaN,NaN,NaN,NaN,NaN,0,560,560,535,5681.974281166,NaN,NaN,NaN,NaN,NaN,NaN,NaN,,NaN,,5682.2585965,5682.421433,5682.421433,5682.421433,5682.421433,5682.421433,5682.421433,5682.421433,5682.421433,5682.421433,5689.305972541,7,-7,9,3,4.08941208299984,2,5.78296083399982,5681.967301833,5681.974281166,5682.421433,5682.258583,NaN,NaN,NaN,NaN,,NaN,,5681.963866958,5681.967255833,None,NaN,NaN,,NaN,NaN,NaN,NaN,NaN,NaN,NaN,1,kitchen,2,2024-03-18_13h09.11.124,image_similarity_rating,2023.2.3,None,2024-03-18 13h09.27.456878 +0100
,120,135,418,418,stimuli/own/kitchen/120_kit.jpg,stimuli/own/kitchen/135_kit.jpg,NaN,NaN,NaN,NaN,NaN,NaN,NaN,NaN,0,561,561,417,5689.311607416,NaN,NaN,NaN,NaN,NaN,NaN,NaN,,NaN,,5689.596917375,5689.760370833,5689.760370833,5689.760370833,5689.760370833,5689.760370833,5689.760370833,5689.760370833,5689.760370833,5689.760370833,5695.792767291,-7,7,9,2,5.96611708399905,2,3.97556662500028,5689.309676333,5689.311607416,5689.760370833,5689.596903666,NaN,NaN,NaN,NaN,,NaN,,5689.306215458,5689.309630333,None,NaN,NaN,,NaN,NaN,NaN,NaN,NaN,NaN,NaN,1,kitchen,2,2024-03-18_13h09.11.124,image_similarity_rating,2023.2.3,None,2024-03-18 13h09.27.456878 +0100
,103,135,93,93,stimuli/own/kitchen/103_kit.jpg,stimuli/own/kitchen/135_kit.jpg,NaN,NaN,NaN,NaN,NaN,NaN,NaN,NaN,0,562,562,92,5695.798208,NaN,NaN,NaN,NaN,NaN,NaN,NaN,,NaN,,5696.092339625,5696.256323833,5696.256323833,5696.256323833,5696.256323833,5696.256323833,5696.256323833,5696.256323833,5696.256323833,5696.256323833,5706.859527291,-7,7,9,4,3.9774287500004,5,10.3935555419994,5695.7963985,5695.798208,5696.256323833,5696.092325416,NaN,NaN,NaN,NaN,,NaN,,5695.792982166,5695.796353,None,NaN,NaN,,NaN,NaN,NaN,NaN,NaN,NaN,NaN,1,kitchen,2,2024-03-18_13h09.11.124,image_similarity_rating,2023.2.3,None,2024-03-18 13h09.27.456878 +0100
,102,113,42,42,stimuli/own/kitchen/102_kit.jpg,stimuli/own/kitchen/113_kit.jpg,NaN,NaN,NaN,NaN,NaN,NaN,NaN,NaN,0,563,563,41,5706.865091958,NaN,NaN,NaN,NaN,NaN,NaN,NaN,,NaN,,5707.159159083,5707.326069541,5707.326069541,5707.326069541,5707.326069541,5707.326069541,5707.326069541,5707.326069541,5707.326069541,5707.326069541,5717.034862,-7,7,9,4,6.50610216699897,5,9.52085004100081,5706.863268125,5706.865091958,5707.326069541,5707.159137916,NaN,NaN,NaN,NaN,,NaN,,5706.859741541,5706.863222583,None,NaN,NaN,,NaN,NaN,NaN,NaN,NaN,NaN,NaN,1,kitchen,2,2024-03-18_13h09.11.124,image_similarity_rating,2023.2.3,None,2024-03-18 13h09.27.456878 +0100
,101,137,30,30,stimuli/own/kitchen/101_kit.jpg,stimuli/own/kitchen/137_kit.jpg,NaN,NaN,NaN,NaN,NaN,NaN,NaN,NaN,0,564,564,29,5717.040307208,NaN,NaN,NaN,NaN,NaN,NaN,NaN,,NaN,,5717.3251785,5717.489303333,5717.489303333,5717.489303333,5717.489303333,5717.489303333,5717.489303333,5717.489303333,5717.489303333,5717.489303333,5728.36043925,7,-7,9,2,10.8929902079999,5,5.223556500001,5717.038498416,5717.040307208,5717.489303333,5717.325164625,NaN,NaN,NaN,NaN,,NaN,,5717.035076541,5717.038452833,None,NaN,NaN,,NaN,NaN,NaN,NaN,NaN,NaN,NaN,1,kitchen,2,2024-03-18_13h09.11.124,image_similarity_rating,2023.2.3,None,2024-03-18 13h09.27.456878 +0100
,112,140,269,269,stimuli/own/kitchen/112_kit.jpg,stimuli/own/kitchen/140_kit.jpg,NaN,NaN,NaN,NaN,NaN,NaN,NaN,NaN,0,565,565,268,5728.3660025,NaN,NaN,NaN,NaN,NaN,NaN,NaN,,NaN,,5728.658411208,5728.820900583,5728.820900583,5728.820900583,5728.820900583,5728.820900583,5728.820900583,5728.820900583,5728.820900583,5728.820900583,5734.639406541,-7,7,9,2,3.58495008300088,4,5.53108862500085,5728.364078083,5728.3660025,5728.820900583,5728.658400541,NaN,NaN,NaN,NaN,,NaN,,5728.360657333,5728.364032166,None,NaN,NaN,,NaN,NaN,NaN,NaN,NaN,NaN,NaN,1,kitchen,2,2024-03-18_13h09.11.124,image_similarity_rating,2023.2.3,None,2024-03-18 13h09.27.456878 +0100
,135,136,575,575,stimuli/own/kitchen/135_kit.jpg,stimuli/own/kitchen/136_kit.jpg,NaN,NaN,NaN,NaN,NaN,NaN,NaN,NaN,0,566,566,574,5734.645000458,NaN,NaN,NaN,NaN,NaN,NaN,NaN,,NaN,,5734.930009333,5735.091874166,5735.091874166,5735.091874166,5735.091874166,5735.091874166,5735.091874166,5735.091874166,5735.091874166,5735.091874166,5745.809468,-7,7,9,3,10.7492433339994,3,2.39013058300043,5734.64308075,5734.645000458,5735.091874166,5734.929996583,NaN,NaN,NaN,NaN,,NaN,,5734.639622583,5734.643034291,None,NaN,NaN,,NaN,NaN,NaN,NaN,NaN,NaN,NaN,1,kitchen,2,2024-03-18_13h09.11.124,image_similarity_rating,2023.2.3,None,2024-03-18 13h09.27.456878 +0100
,126,140,516,516,stimuli/own/kitchen/126_kit.jpg,stimuli/own/kitchen/140_kit.jpg,NaN,NaN,NaN,NaN,NaN,NaN,NaN,NaN,0,567,567,515,5745.81512325,NaN,NaN,NaN,NaN,NaN,NaN,NaN,,NaN,,5747.908136541,5748.0753755,5748.0753755,5748.0753755,5748.0753755,5748.0753755,5748.0753755,5748.0753755,5748.0753755,5748.0753755,5775.055698541,-7,7,10,4,25.8571638340018,3,26.8700682079998,5747.614079625,5747.624234583,5748.0753755,5747.908121541,NaN,NaN,NaN,NaN,,NaN,,5745.80968375,5747.613704541,space,5745.81512325,1.79839883400018,None,NaN,NaN,NaN,NaN,NaN,NaN,NaN,1,kitchen,2,2024-03-18_13h09.11.124,image_similarity_rating,2023.2.3,None,2024-03-18 13h09.27.456878 +0100
,119,121,387,387,stimuli/own/kitchen/119_kit.jpg,stimuli/own/kitchen/121_kit.jpg,NaN,NaN,NaN,NaN,NaN,NaN,NaN,NaN,0,568,568,386,5775.061361625,NaN,NaN,NaN,NaN,NaN,NaN,NaN,,NaN,,5775.344042916,5775.507918958,5775.507918958,5775.507918958,5775.507918958,5775.507918958,5775.507918958,5775.507918958,5775.507918958,5775.507918958,5781.3943235,7,-7,10,2,5.76825845799976,2,1.94919762499921,5775.059439166,5775.061361625,5775.507918958,5775.34403225,NaN,NaN,NaN,NaN,,NaN,,5775.055940666,5775.059393333,None,NaN,NaN,,NaN,NaN,NaN,NaN,NaN,NaN,NaN,1,kitchen,2,2024-03-18_13h09.11.124,image_similarity_rating,2023.2.3,None,2024-03-18 13h09.27.456878 +0100
,111,126,231,231,stimuli/own/kitchen/111_kit.jpg,stimuli/own/kitchen/126_kit.jpg,NaN,NaN,NaN,NaN,NaN,NaN,NaN,NaN,0,569,569,230,5781.406801916,NaN,NaN,NaN,NaN,NaN,NaN,NaN,,NaN,,5781.692458833,5781.856051875,5781.856051875,5781.856051875,5781.856051875,5781.856051875,5781.856051875,5781.856051875,5781.856051875,5781.856051875,5785.377226208,-7,7,10,3,3.61678379200021,3,1.95700899999974,5781.398149041,5781.406801916,5781.856051875,5781.69244575,NaN,NaN,NaN,NaN,,NaN,,5781.394537208,5781.398103666,None,NaN,NaN,,NaN,NaN,NaN,NaN,NaN,NaN,NaN,1,kitchen,2,2024-03-18_13h09.11.124,image_similarity_rating,2023.2.3,None,2024-03-18 13h09.27.456878 +0100
,117,125,350,350,stimuli/own/kitchen/117_kit.jpg,stimuli/own/kitchen/125_kit.jpg,NaN,NaN,NaN,NaN,NaN,NaN,NaN,NaN,0,570,570,349,5785.38285425,NaN,NaN,NaN,NaN,NaN,NaN,NaN,,NaN,,5785.675330916,5785.840388041,5785.840388041,5785.840388041,5785.840388041,5785.840388041,5785.840388041,5785.840388041,5785.840388041,5785.840388041,5789.480196583,7,-7,10,2,1.96962349999922,5,3.18249112500052,5785.380913958,5785.38285425,5785.840388041,5785.675317541,NaN,NaN,NaN,NaN,,NaN,,5785.377444875,5785.380868,None,NaN,NaN,,NaN,NaN,NaN,NaN,NaN,NaN,NaN,1,kitchen,2,2024-03-18_13h09.11.124,image_similarity_rating,2023.2.3,None,2024-03-18 13h09.27.456878 +0100
,120,129,413,413,stimuli/own/kitchen/120_kit.jpg,stimuli/own/kitchen/129_kit.jpg,NaN,NaN,NaN,NaN,NaN,NaN,NaN,NaN,0,571,571,412,5789.490226125,NaN,NaN,NaN,NaN,NaN,NaN,NaN,,NaN,,5789.775376666,5789.940276458,5789.940276458,5789.940276458,5789.940276458,5789.940276458,5789.940276458,5789.940276458,5789.940276458,5789.940276458,5794.451390625,7,-7,10,1,2.93058374999964,4,4.45042683400061,5789.483861208,5789.490226125,5789.940276458,5789.775363958,NaN,NaN,NaN,NaN,,NaN,,5789.480413125,5789.483814833,None,NaN,NaN,,NaN,NaN,NaN,NaN,NaN,NaN,NaN,1,kitchen,2,2024-03-18_13h09.11.124,image_similarity_rating,2023.2.3,None,2024-03-18 13h09.27.456878 +0100
,104,112,104,104,stimuli/own/kitchen/104_kit.jpg,stimuli/own/kitchen/112_kit.jpg,NaN,NaN,NaN,NaN,NaN,NaN,NaN,NaN,0,572,572,103,5794.473435041,NaN,NaN,NaN,NaN,NaN,NaN,NaN,,NaN,,5794.757539083,5794.921595916,5794.921595916,5794.921595916,5794.921595916,5794.921595916,5794.921595916,5794.921595916,5794.921595916,5794.921595916,5800.168499333,-7,7,10,4,5.2562062500001,3,1.78312704100063,5794.455118166,5794.473435041,NaN,5794.757520333,NaN,NaN,NaN,NaN,,NaN,,5794.451607083,5794.455072916,None,NaN,NaN,,NaN,NaN,NaN,NaN,NaN,NaN,NaN,1,kitchen,2,2024-03-18_13h09.11.124,image_similarity_rating,2023.2.3,None,2024-03-18 13h09.27.456878 +0100
,105,121,142,142,stimuli/own/kitchen/105_kit.jpg,stimuli/own/kitchen/121_kit.jpg,NaN,NaN,NaN,NaN,NaN,NaN,NaN,NaN,0,573,573,141,5800.174673333,NaN,NaN,NaN,NaN,NaN,NaN,NaN,,NaN,,5800.45796925,5800.622824291,5800.622824291,5800.622824291,5800.622824291,5800.622824291,5800.622824291,5800.622824291,5800.622824291,5800.622824291,5807.814129875,-7,7,10,4,3.9675664589995,2,7.1796943749996,5800.172221666,5800.174673333,5800.622824291,5800.457955625,NaN,NaN,NaN,NaN,,NaN,,5800.168716375,5800.17217575,None,NaN,NaN,,NaN,NaN,NaN,NaN,NaN,NaN,NaN,1,kitchen,2,2024-03-18_13h09.11.124,image_similarity_rating,2023.2.3,None,2024-03-18 13h09.27.456878 +0100
,121,127,430,430,stimuli/own/kitchen/121_kit.jpg,stimuli/own/kitchen/127_kit.jpg,NaN,NaN,NaN,NaN,NaN,NaN,NaN,NaN,0,574,574,429,5807.823900208,NaN,NaN,NaN,NaN,NaN,NaN,NaN,,NaN,,5808.108456666,5808.273146791,5808.273146791,5808.273146791,5808.273146791,5808.273146791,5808.273146791,5808.273146791,5808.273146791,5808.273146791,5816.314118166,-7,7,10,3,7.95336933399994,3,4.41036275000079,5807.817920833,5807.823900208,5808.273146791,5808.108443333,NaN,NaN,NaN,NaN,,NaN,,5807.814354583,5807.8178745,None,NaN,NaN,,NaN,NaN,NaN,NaN,NaN,NaN,NaN,1,kitchen,2,2024-03-18_13h09.11.124,image_similarity_rating,2023.2.3,None,2024-03-18 13h09.27.456878 +0100
,104,134,123,123,stimuli/own/kitchen/104_kit.jpg,stimuli/own/kitchen/134_kit.jpg,NaN,NaN,NaN,NaN,NaN,NaN,NaN,NaN,0,575,575,122,5816.323329875,NaN,NaN,NaN,NaN,NaN,NaN,NaN,,NaN,,5816.608070041,5816.773635333,5816.773635333,5816.773635333,5816.773635333,5816.773635333,5816.773635333,5816.773635333,5816.773635333,5816.773635333,5821.630708458,7,-7,10,3,4.02719929100022,3,4.84551345799991,5816.317804833,5816.323329875,5816.773635333,5816.608054833,NaN,NaN,NaN,NaN,,NaN,,5816.314339958,5816.317759291,None,NaN,NaN,,NaN,NaN,NaN,NaN,NaN,NaN,NaN,1,kitchen,2,2024-03-18_13h09.11.124,image_similarity_rating,2023.2.3,None,2024-03-18 13h09.27.456878 +0100
,117,118,343,343,stimuli/own/kitchen/117_kit.jpg,stimuli/own/kitchen/118_kit.jpg,NaN,NaN,NaN,NaN,NaN,NaN,NaN,NaN,0,576,576,342,5821.6399785,NaN,NaN,NaN,NaN,NaN,NaN,NaN,,NaN,,5821.924416666,5822.088191583,5822.088191583,5822.088191583,5822.088191583,5822.088191583,5822.088191583,5822.088191583,5822.088191583,5822.088191583,5828.451274666,-7,7,10,4,6.41051625,3,2.79381291600112,5821.634529416,5821.6399785,5822.088191583,5821.924406166,NaN,NaN,NaN,NaN,,NaN,,5821.63093375,5821.634482791,None,NaN,NaN,,NaN,NaN,NaN,NaN,NaN,NaN,NaN,1,kitchen,2,2024-03-18_13h09.11.124,image_similarity_rating,2023.2.3,None,2024-03-18 13h09.27.456878 +0100
,111,114,220,220,stimuli/own/kitchen/111_kit.jpg,stimuli/own/kitchen/114_kit.jpg,NaN,NaN,NaN,NaN,NaN,NaN,NaN,NaN,0,577,577,219,5828.473557,NaN,NaN,NaN,NaN,NaN,NaN,NaN,,NaN,,5828.75757075,5828.919982833,5828.919982833,5828.919982833,5828.919982833,5828.919982833,5828.919982833,5828.919982833,5828.919982833,5828.919982833,5833.275779875,7,-7,10,3,2.12359558300159,3,4.31970558300054,5828.454957541,5828.473557,NaN,5828.757560125,NaN,NaN,NaN,NaN,,NaN,,5828.451491333,5828.454901541,None,NaN,NaN,,NaN,NaN,NaN,NaN,NaN,NaN,NaN,1,kitchen,2,2024-03-18_13h09.11.124,image_similarity_rating,2023.2.3,None,2024-03-18 13h09.27.456878 +0100
,113,130,285,285,stimuli/own/kitchen/113_kit.jpg,stimuli/own/kitchen/130_kit.jpg,NaN,NaN,NaN,NaN,NaN,NaN,NaN,NaN,0,578,578,284,5833.281385708,NaN,NaN,NaN,NaN,NaN,NaN,NaN,,NaN,,5833.575117208,5833.740008125,5833.740008125,5833.740008125,5833.740008125,5833.740008125,5833.740008125,5833.740008125,5833.740008125,5833.740008125,5841.238434416,7,-7,10,4,7.41977774999941,3,2.24815574999957,5833.279447541,5833.281385708,5833.740008125,5833.575099458,NaN,NaN,NaN,NaN,,NaN,,5833.275992916,5833.279395708,None,NaN,NaN,,NaN,NaN,NaN,NaN,NaN,NaN,NaN,1,kitchen,2,2024-03-18_13h09.11.124,image_similarity_rating,2023.2.3,None,2024-03-18 13h09.27.456878 +0100
,111,130,234,234,stimuli/own/kitchen/111_kit.jpg,stimuli/own/kitchen/130_kit.jpg,NaN,NaN,NaN,NaN,NaN,NaN,NaN,NaN,0,579,579,233,5841.244077291,NaN,NaN,NaN,NaN,NaN,NaN,NaN,,NaN,,5841.529759416,5841.699355083,5841.699355083,5841.699355083,5841.699355083,5841.699355083,5841.699355083,5841.699355083,5841.699355083,5841.699355083,5851.755290291,7,-7,10,5,3.30177183300111,5,9.81953929100018,5841.242152125,5841.244077291,5841.699355083,5841.529740708,NaN,NaN,NaN,NaN,,NaN,,5841.23865175,5841.242106583,None,NaN,NaN,,NaN,NaN,NaN,NaN,NaN,NaN,NaN,1,kitchen,2,2024-03-18_13h09.11.124,image_similarity_rating,2023.2.3,None,2024-03-18 13h09.27.456878 +0100
,113,117,273,273,stimuli/own/kitchen/113_kit.jpg,stimuli/own/kitchen/117_kit.jpg,NaN,NaN,NaN,NaN,NaN,NaN,NaN,NaN,0,580,580,272,5851.760951666,NaN,NaN,NaN,NaN,NaN,NaN,NaN,,NaN,,5852.045539375,5852.209689083,5852.209689083,5852.209689083,5852.209689083,5852.209689083,5852.209689083,5852.209689083,5852.209689083,5852.209689083,5857.98917175,-7,7,10,2,5.78915666600005,3,1.82319041600022,5851.75903375,5851.760951666,5852.209689083,5852.0455255,NaN,NaN,NaN,NaN,,NaN,,5851.755505625,5851.758987166,None,NaN,NaN,,NaN,NaN,NaN,NaN,NaN,NaN,NaN,1,kitchen,2,2024-03-18_13h09.11.124,image_similarity_rating,2023.2.3,None,2024-03-18 13h09.27.456878 +0100
,122,125,445,445,stimuli/own/kitchen/122_kit.jpg,stimuli/own/kitchen/125_kit.jpg,NaN,NaN,NaN,NaN,NaN,NaN,NaN,NaN,0,581,581,444,5857.994793791,NaN,NaN,NaN,NaN,NaN,NaN,NaN,,NaN,,5858.278029458,5858.440512791,5858.440512791,5858.440512791,5858.440512791,5858.440512791,5858.440512791,5858.440512791,5858.440512791,5858.440512791,5865.056078833,-7,7,10,2,6.28806150000128,6,3.65177758299978,5857.992862958,5857.994793791,5858.440512791,5858.27801925,NaN,NaN,NaN,NaN,,NaN,,5857.989386291,5857.992803458,None,NaN,NaN,,NaN,NaN,NaN,NaN,NaN,NaN,NaN,1,kitchen,2,2024-03-18_13h09.11.124,image_similarity_rating,2023.2.3,None,2024-03-18 13h09.27.456878 +0100
,102,139,65,604,stimuli/own/kitchen/102_kit.jpg,stimuli/own/kitchen/139_kit.jpg,NaN,NaN,NaN,NaN,NaN,NaN,NaN,NaN,0,582,582,603,5865.061858583,NaN,NaN,NaN,NaN,NaN,NaN,NaN,,NaN,,5865.345145291,5865.509462666,5865.509462666,5865.509462666,5865.509462666,5865.509462666,5865.509462666,5865.509462666,5865.509462666,5865.509462666,5869.89274125,7,-7,10,2,2.67671770800007,3,4.35823100000016,5865.059928333,5865.061858583,5865.509462666,5865.345133,NaN,NaN,NaN,NaN,,NaN,,5865.056295958,5865.059882625,None,NaN,NaN,,NaN,NaN,NaN,NaN,NaN,NaN,NaN,1,kitchen,2,2024-03-18_13h09.11.124,image_similarity_rating,2023.2.3,None,2024-03-18 13h09.27.456878 +0100
,101,141,34,34,stimuli/own/kitchen/101_kit.jpg,stimuli/own/kitchen/141_kit.jpg,NaN,NaN,NaN,NaN,NaN,NaN,NaN,NaN,0,583,583,33,5869.898853166,NaN,NaN,NaN,NaN,NaN,NaN,NaN,,NaN,,5870.19133,5870.354651666,5870.354651666,5870.354651666,5870.354651666,5870.354651666,5870.354651666,5870.354651666,5870.354651666,5870.354651666,5891.41738975,-7,7,10,3,20.6353194999992,2,14.2393838750013,5869.896418958,5869.898853166,5870.354651666,5870.19131575,NaN,NaN,NaN,NaN,,NaN,,5869.89295825,5869.896372875,None,NaN,NaN,,NaN,NaN,NaN,NaN,NaN,NaN,NaN,1,kitchen,2,2024-03-18_13h09.11.124,image_similarity_rating,2023.2.3,None,2024-03-18 13h09.27.456878 +0100
,118,134,378,378,stimuli/own/kitchen/118_kit.jpg,stimuli/own/kitchen/134_kit.jpg,NaN,NaN,NaN,NaN,NaN,NaN,NaN,NaN,0,584,584,377,5891.422834583,NaN,NaN,NaN,NaN,NaN,NaN,NaN,,NaN,,5891.708587166,5891.876169291,5891.876169291,5891.876169291,5891.876169291,5891.876169291,5891.876169291,5891.876169291,5891.876169291,5891.876169291,5900.425816291,-7,7,10,3,8.16512304200114,2,2.65082520800024,5891.42106525,5891.422834583,5891.876169291,5891.70857325,NaN,NaN,NaN,NaN,,NaN,,5891.417610583,5891.421019625,None,NaN,NaN,,NaN,NaN,NaN,NaN,NaN,NaN,NaN,1,kitchen,2,2024-03-18_13h09.11.124,image_similarity_rating,2023.2.3,None,2024-03-18 13h09.27.456878 +0100
,102,134,60,60,stimuli/own/kitchen/102_kit.jpg,stimuli/own/kitchen/134_kit.jpg,NaN,NaN,NaN,NaN,NaN,NaN,NaN,NaN,0,585,585,59,5900.431420125,NaN,NaN,NaN,NaN,NaN,NaN,NaN,,NaN,,5900.725305333,5900.888891416,5900.888891416,5900.888891416,5900.888891416,5900.888891416,5900.888891416,5900.888891416,5900.888891416,5900.888891416,5905.9768125,7,-7,10,3,3.71663179200004,3,4.93416500000058,5900.4294945,5900.431420125,5900.888891416,5900.725292375,NaN,NaN,NaN,NaN,,NaN,,5900.426033041,5900.429448791,None,NaN,NaN,,NaN,NaN,NaN,NaN,NaN,NaN,NaN,1,kitchen,2,2024-03-18_13h09.11.124,image_similarity_rating,2023.2.3,None,2024-03-18 13h09.27.456878 +0100
,103,124,84,84,stimuli/own/kitchen/103_kit.jpg,stimuli/own/kitchen/124_kit.jpg,NaN,NaN,NaN,NaN,NaN,NaN,NaN,NaN,0,586,586,83,5905.990049416,NaN,NaN,NaN,NaN,NaN,NaN,NaN,,NaN,,5906.275074375,5906.439798375,5906.439798375,5906.439798375,5906.439798375,5906.439798375,5906.439798375,5906.439798375,5906.439798375,5906.439798375,5913.014504166,7,-7,10,3,6.55895662500006,3,3.33959420800056,5905.980844625,5905.990049416,5906.439798375,5906.275061291,NaN,NaN,NaN,NaN,,NaN,,5905.977043208,5905.980796541,None,NaN,NaN,,NaN,NaN,NaN,NaN,NaN,NaN,NaN,1,kitchen,2,2024-03-18_13h09.11.124,image_similarity_rating,2023.2.3,None,2024-03-18 13h09.27.456878 +0100
,120,126,411,411,stimuli/own/kitchen/120_kit.jpg,stimuli/own/kitchen/126_kit.jpg,NaN,NaN,NaN,NaN,NaN,NaN,NaN,NaN,0,587,587,410,5913.022753583,NaN,NaN,NaN,NaN,NaN,NaN,NaN,,NaN,,5913.307644125,5913.470847166,5913.470847166,5913.470847166,5913.470847166,5913.470847166,5913.470847166,5913.470847166,5913.470847166,5913.470847166,5919.301487875,-7,7,10,2,5.83779145799963,5,2.34986016699986,5913.018300208,5913.022753583,5913.470847166,5913.307633041,NaN,NaN,NaN,NaN,,NaN,,5913.014718416,5913.018254541,None,NaN,NaN,,NaN,NaN,NaN,NaN,NaN,NaN,NaN,1,kitchen,2,2024-03-18_13h09.11.124,image_similarity_rating,2023.2.3,None,2024-03-18 13h09.27.456878 +0100
,127,139,527,527,stimuli/own/kitchen/127_kit.jpg,stimuli/own/kitchen/139_kit.jpg,NaN,NaN,NaN,NaN,NaN,NaN,NaN,NaN,0,588,588,526,5919.307666833,NaN,NaN,NaN,NaN,NaN,NaN,NaN,,NaN,,5919.591197583,5919.755396791,5919.755396791,5919.755396791,5919.755396791,5919.755396791,5919.755396791,5919.755396791,5919.755396791,5919.755396791,5927.347005833,-7,7,10,1,4.61141666700132,3,7.58035349999955,5919.305229666,5919.307666833,5919.755396791,5919.591184291,NaN,NaN,NaN,NaN,,NaN,,5919.30170675,5919.305180958,None,NaN,NaN,,NaN,NaN,NaN,NaN,NaN,NaN,NaN,1,kitchen,2,2024-03-18_13h09.11.124,image_similarity_rating,2023.2.3,None,2024-03-18 13h09.27.456878 +0100
,104,131,121,613,stimuli/own/kitchen/104_kit.jpg,stimuli/own/kitchen/131_kit.jpg,NaN,NaN,NaN,NaN,NaN,NaN,NaN,NaN,0,589,589,612,5927.356442583,NaN,NaN,NaN,NaN,NaN,NaN,NaN,,NaN,,5927.6415285,5927.809078708,5927.809078708,5927.809078708,5927.809078708,5927.809078708,5927.809078708,5927.809078708,5927.809078708,5927.809078708,5932.5142935,-7,7,10,2,3.268154667001,2,4.69960045799962,5927.350694875,5927.356442583,5927.809078708,5927.64151375,NaN,NaN,NaN,NaN,,NaN,,5927.347228,5927.350649125,None,NaN,NaN,,NaN,NaN,NaN,NaN,NaN,NaN,NaN,1,kitchen,2,2024-03-18_13h09.11.124,image_similarity_rating,2023.2.3,None,2024-03-18 13h09.27.456878 +0100
,111,132,236,236,stimuli/own/kitchen/111_kit.jpg,stimuli/own/kitchen/132_kit.jpg,NaN,NaN,NaN,NaN,NaN,NaN,NaN,NaN,0,590,590,235,5932.523037541,NaN,NaN,NaN,NaN,NaN,NaN,NaN,,NaN,,5932.808145791,5932.971987708,5932.971987708,5932.971987708,5932.971987708,5932.971987708,5932.971987708,5932.971987708,5932.971987708,5932.971987708,5940.912635291,-7,7,10,2,3.84816316700017,3,2.0847316670006,5932.5180635,5932.523037541,5932.971987708,5932.808133375,NaN,NaN,NaN,NaN,,NaN,,5932.5145085,5932.518017583,None,NaN,NaN,,NaN,NaN,NaN,NaN,NaN,NaN,NaN,1,kitchen,2,2024-03-18_13h09.11.124,image_similarity_rating,2023.2.3,None,2024-03-18 13h09.27.456878 +0100
,121,134,435,435,stimuli/own/kitchen/121_kit.jpg,stimuli/own/kitchen/134_kit.jpg,NaN,NaN,NaN,NaN,NaN,NaN,NaN,NaN,0,591,591,434,5940.922947583,NaN,NaN,NaN,NaN,NaN,NaN,NaN,,NaN,,5941.207732708,5941.372233875,5941.372233875,5941.372233875,5941.372233875,5941.372233875,5941.372233875,5941.372233875,5941.372233875,5941.372233875,5945.329353291,7,-7,10,3,2.62304608299928,3,3.94576404200052,5940.91655025,5940.922947583,5941.372233875,5941.20771825,NaN,NaN,NaN,NaN,,NaN,,5940.912854291,5940.916501708,None,NaN,NaN,,NaN,NaN,NaN,NaN,NaN,NaN,NaN,1,kitchen,2,2024-03-18_13h09.11.124,image_similarity_rating,2023.2.3,None,2024-03-18 13h09.27.456878 +0100
,119,129,394,394,stimuli/own/kitchen/119_kit.jpg,stimuli/own/kitchen/129_kit.jpg,NaN,NaN,NaN,NaN,NaN,NaN,NaN,NaN,0,592,592,393,5945.339589875,NaN,NaN,NaN,NaN,NaN,NaN,NaN,,NaN,,5945.625071375,5945.791048041,5945.791048041,5945.791048041,5945.791048041,5945.791048041,5945.791048041,5945.791048041,5945.791048041,5945.791048041,5950.633959916,-7,7,10,1,3.0459738339996,2,4.73137425000095,5945.333174333,5945.339589875,5945.791048041,5945.625056791,NaN,NaN,NaN,NaN,,NaN,,5945.329569625,5945.33312825,None,NaN,NaN,,NaN,NaN,NaN,NaN,NaN,NaN,NaN,1,kitchen,2,2024-03-18_13h09.11.124,image_similarity_rating,2023.2.3,None,2024-03-18 13h09.27.456878 +0100
,124,132,482,482,stimuli/own/kitchen/124_kit.jpg,stimuli/own/kitchen/132_kit.jpg,NaN,NaN,NaN,NaN,NaN,NaN,NaN,NaN,0,593,593,481,5950.639477833,NaN,NaN,NaN,NaN,NaN,NaN,NaN,,NaN,,5950.924150791,5951.092939375,5951.092939375,5951.092939375,5951.092939375,5951.092939375,5951.092939375,5951.092939375,5951.092939375,5951.092939375,5954.460620958,-7,7,10,2,3.40104900000006,3,1.91092833400035,5950.637643708,5950.639477833,5951.092939375,5950.92413425,NaN,NaN,NaN,NaN,,NaN,,5950.634175708,5950.63759725,None,NaN,NaN,,NaN,NaN,NaN,NaN,NaN,NaN,NaN,1,kitchen,2,2024-03-18_13h09.11.124,image_similarity_rating,2023.2.3,None,2024-03-18 13h09.27.456878 +0100
,123,126,462,462,stimuli/own/kitchen/123_kit.jpg,stimuli/own/kitchen/126_kit.jpg,NaN,NaN,NaN,NaN,NaN,NaN,NaN,NaN,0,594,594,461,5954.47298575,NaN,NaN,NaN,NaN,NaN,NaN,NaN,,NaN,,5954.758008416,5954.920843833,5954.920843833,5954.920843833,5954.920843833,5954.920843833,5954.920843833,5954.920843833,5954.920843833,5954.920843833,5959.317784708,-7,7,10,3,3.20087095800045,4,4.14715866699953,5954.464404833,5954.47298575,5954.920843833,5954.757995375,NaN,NaN,NaN,NaN,,NaN,,5954.460834083,5954.46435925,None,NaN,NaN,,NaN,NaN,NaN,NaN,NaN,NaN,NaN,1,kitchen,2,2024-03-18_13h09.11.124,image_similarity_rating,2023.2.3,None,2024-03-18 13h09.27.456878 +0100
,112,114,246,246,stimuli/own/kitchen/112_kit.jpg,stimuli/own/kitchen/114_kit.jpg,NaN,NaN,NaN,NaN,NaN,NaN,NaN,NaN,0,595,595,245,5959.339796583,NaN,NaN,NaN,NaN,NaN,NaN,NaN,,NaN,,5959.623808625,5959.789776791,5959.789776791,5959.789776791,5959.789776791,5959.789776791,5959.789776791,5959.789776791,5959.789776791,5959.789776791,5967.194036166,7,-7,10,4,7.35269225000047,4,2.23118208400047,5959.321415416,5959.339796583,NaN,5959.62378175,NaN,NaN,NaN,NaN,,NaN,,5959.318002166,5959.321370541,None,NaN,NaN,,NaN,NaN,NaN,NaN,NaN,NaN,NaN,1,kitchen,2,2024-03-18_13h09.11.124,image_similarity_rating,2023.2.3,None,2024-03-18 13h09.27.456878 +0100
,122,136,454,454,stimuli/own/kitchen/122_kit.jpg,stimuli/own/kitchen/136_kit.jpg,NaN,NaN,NaN,NaN,NaN,NaN,NaN,NaN,0,596,596,453,5967.20614475,NaN,NaN,NaN,NaN,NaN,NaN,NaN,,NaN,,5967.49082925,5967.657746625,5967.657746625,5967.657746625,5967.657746625,5967.657746625,5967.657746625,5967.657746625,5967.657746625,5967.657746625,5972.559257583,7,-7,10,4,4.47747449999952,3,4.83845466599996,5967.197707958,5967.20614475,5967.657746625,5967.490814583,NaN,NaN,NaN,NaN,,NaN,,5967.194253625,5967.197663041,None,NaN,NaN,,NaN,NaN,NaN,NaN,NaN,NaN,NaN,1,kitchen,2,2024-03-18_13h09.11.124,image_similarity_rating,2023.2.3,None,2024-03-18 13h09.27.456878 +0100
,106,137,185,185,stimuli/own/kitchen/106_kit.jpg,stimuli/own/kitchen/137_kit.jpg,NaN,NaN,NaN,NaN,NaN,NaN,NaN,NaN,0,597,597,184,5972.565046416,NaN,NaN,NaN,NaN,NaN,NaN,NaN,,NaN,,5972.857543625,5973.025137083,5973.025137083,5973.025137083,5973.025137083,5973.025137083,5973.025137083,5973.025137083,5973.025137083,5973.025137083,5977.550870125,-7,7,10,3,2.82450591599991,4,4.25244983300036,5972.562905041,5972.565046416,5973.025137083,5972.8575275,NaN,NaN,NaN,NaN,,NaN,,5972.559476458,5972.562859333,None,NaN,NaN,,NaN,NaN,NaN,NaN,NaN,NaN,NaN,1,kitchen,2,2024-03-18_13h09.11.124,image_similarity_rating,2023.2.3,None,2024-03-18 13h09.27.456878 +0100
,122,135,453,453,stimuli/own/kitchen/122_kit.jpg,stimuli/own/kitchen/135_kit.jpg,NaN,NaN,NaN,NaN,NaN,NaN,NaN,NaN,0,598,598,452,5977.572873625,NaN,NaN,NaN,NaN,NaN,NaN,NaN,,NaN,,5977.857165166,5978.023240458,5978.023240458,5978.023240458,5978.023240458,5978.023240458,5978.023240458,5978.023240458,5978.023240458,5978.023240458,5986.021979666,-7,7,10,3,7.97727145799945,2,5.14938820800126,5977.554507958,5977.572873625,NaN,5977.857141583,NaN,NaN,NaN,NaN,,NaN,,5977.551087375,5977.554461916,None,NaN,NaN,,NaN,NaN,NaN,NaN,NaN,NaN,NaN,1,kitchen,2,2024-03-18_13h09.11.124,image_similarity_rating,2023.2.3,None,2024-03-18 13h09.27.456878 +0100
,118,123,369,369,stimuli/own/kitchen/118_kit.jpg,stimuli/own/kitchen/123_kit.jpg,NaN,NaN,NaN,NaN,NaN,NaN,NaN,NaN,0,599,599,368,5986.027757625,NaN,NaN,NaN,NaN,NaN,NaN,NaN,,NaN,,5986.312041791,5986.475826375,5986.475826375,5986.475826375,5986.475826375,5986.475826375,5986.475826375,5986.475826375,5986.475826375,5986.475826375,5991.980070208,7,-7,10,3,4.12694737499987,3,5.44518849999986,5986.025685791,5986.027757625,5986.475826375,5986.312031375,NaN,NaN,NaN,NaN,,NaN,,5986.022195416,5986.0256395,None,NaN,NaN,,NaN,NaN,NaN,NaN,NaN,NaN,NaN,1,kitchen,2,2024-03-18_13h09.11.124,image_similarity_rating,2023.2.3,None,2024-03-18 13h09.27.456878 +0100
,123,134,468,468,stimuli/own/kitchen/123_kit.jpg,stimuli/own/kitchen/134_kit.jpg,NaN,NaN,NaN,NaN,NaN,NaN,NaN,NaN,0,600,600,467,5991.98942675,NaN,NaN,NaN,NaN,NaN,NaN,NaN,,NaN,,5992.274695041,5992.439851625,5992.439851625,5992.439851625,5992.439851625,5992.439851625,5992.439851625,5992.439851625,5992.439851625,5992.439851625,6001.167247958,-7,7,10,3,8.25610604100075,2,2.41637900000023,5991.983699416,5991.98942675,5992.439851625,5992.274680916,NaN,NaN,NaN,NaN,,NaN,,5991.980284708,5991.98365175,None,NaN,NaN,,NaN,NaN,NaN,NaN,NaN,NaN,NaN,1,kitchen,2,2024-03-18_13h09.11.124,image_similarity_rating,2023.2.3,None,2024-03-18 13h09.27.456878 +0100
,119,122,388,388,stimuli/own/kitchen/119_kit.jpg,stimuli/own/kitchen/122_kit.jpg,NaN,NaN,NaN,NaN,NaN,NaN,NaN,NaN,0,601,601,387,6001.172709041,NaN,NaN,NaN,NaN,NaN,NaN,NaN,,NaN,,6001.458228291,6001.623687041,6001.623687041,6001.623687041,6001.623687041,6001.623687041,6001.623687041,6001.623687041,6001.623687041,6001.623687041,6006.060713583,-7,7,10,2,4.46387429199967,4,2.31494183399991,6001.170904833,6001.172709041,6001.623687041,6001.45821375,NaN,NaN,NaN,NaN,,NaN,,6001.16746725,6001.170859208,None,NaN,NaN,,NaN,NaN,NaN,NaN,NaN,NaN,NaN,1,kitchen,2,2024-03-18_13h09.11.124,image_similarity_rating,2023.2.3,None,2024-03-18 13h09.27.456878 +0100
,102,136,62,62,stimuli/own/kitchen/102_kit.jpg,stimuli/own/kitchen/136_kit.jpg,NaN,NaN,NaN,NaN,NaN,NaN,NaN,NaN,0,602,602,61,6006.072653416,NaN,NaN,NaN,NaN,NaN,NaN,NaN,,NaN,,6006.357417791,6006.520640166,6006.520640166,6006.520640166,6006.520640166,6006.520640166,6006.520640166,6006.520640166,6006.520640166,6006.520640166,6010.708846916,-7,7,10,2,2.25445608300106,2,3.82142879099956,6006.064395,6006.072653416,6006.520640166,6006.357407208,NaN,NaN,NaN,NaN,,NaN,,6006.060928625,6006.064349125,None,NaN,NaN,,NaN,NaN,NaN,NaN,NaN,NaN,NaN,1,kitchen,2,2024-03-18_13h09.11.124,image_similarity_rating,2023.2.3,None,2024-03-18 13h09.27.456878 +0100
,111,141,244,244,stimuli/own/kitchen/111_kit.jpg,stimuli/own/kitchen/141_kit.jpg,NaN,NaN,NaN,NaN,NaN,NaN,NaN,NaN,0,603,603,243,6010.72272725,NaN,NaN,NaN,NaN,NaN,NaN,NaN,,NaN,,6011.007474875,6011.171408166,6011.171408166,6011.171408166,6011.171408166,6011.171408166,6011.171408166,6011.171408166,6011.171408166,6011.171408166,6018.2634215,-7,7,10,2,6.93923995899968,3,3.67087737499969,6010.712667916,6010.72272725,6011.171408166,6011.007464083,NaN,NaN,NaN,NaN,,NaN,,6010.709062,6010.712619916,None,NaN,NaN,,NaN,NaN,NaN,NaN,NaN,NaN,NaN,1,kitchen,2,2024-03-18_13h09.11.124,image_similarity_rating,2023.2.3,None,2024-03-18 13h09.27.456878 +0100
,114,122,302,302,stimuli/own/kitchen/114_kit.jpg,stimuli/own/kitchen/122_kit.jpg,NaN,NaN,NaN,NaN,NaN,NaN,NaN,NaN,0,604,604,301,6018.273038708,NaN,NaN,NaN,NaN,NaN,NaN,NaN,,NaN,,6018.5577435,6018.722912,6018.722912,6018.722912,6018.722912,6018.722912,6018.722912,6018.722912,6018.722912,6018.722912,6028.745973458,-7,7,10,4,4.8083140409999,6,8.2186523750006,6018.267076458,6018.273038708,6018.722912,6018.557730375,NaN,NaN,NaN,NaN,,NaN,,6018.263643166,6018.267031083,None,NaN,NaN,,NaN,NaN,NaN,NaN,NaN,NaN,NaN,1,kitchen,2,2024-03-18_13h09.11.124,image_similarity_rating,2023.2.3,None,2024-03-18 13h09.27.456878 +0100
,127,136,524,524,stimuli/own/kitchen/127_kit.jpg,stimuli/own/kitchen/136_kit.jpg,NaN,NaN,NaN,NaN,NaN,NaN,NaN,NaN,0,605,605,523,6028.75615075,NaN,NaN,NaN,NaN,NaN,NaN,NaN,,NaN,,6029.040705625,6029.212807375,6029.212807375,6029.212807375,6029.212807375,6029.212807375,6029.212807375,6029.212807375,6029.212807375,6029.212807375,6039.1713105,7,-7,10,4,8.81410516700089,6,2.63402012500046,6028.7496195,6028.75615075,6029.212807375,6029.040687333,NaN,NaN,NaN,NaN,,NaN,,6028.746190041,6028.749574,None,NaN,NaN,,NaN,NaN,NaN,NaN,NaN,NaN,NaN,1,kitchen,2,2024-03-18_13h09.11.124,image_similarity_rating,2023.2.3,None,2024-03-18 13h09.27.456878 +0100
,117,131,355,355,stimuli/own/kitchen/117_kit.jpg,stimuli/own/kitchen/131_kit.jpg,NaN,NaN,NaN,NaN,NaN,NaN,NaN,NaN,0,606,606,354,6039.176806166,NaN,NaN,NaN,NaN,NaN,NaN,NaN,,NaN,,6039.461288791,6039.625779666,6039.625779666,6039.625779666,6039.625779666,6039.625779666,6039.625779666,6039.625779666,6039.625779666,6039.625779666,6045.230604166,-7,7,10,2,5.68954041599864,2,2.23853820799923,6039.175018541,6039.176806166,6039.625779666,6039.461277166,NaN,NaN,NaN,NaN,,NaN,,6039.171537416,6039.174972416,None,NaN,NaN,,NaN,NaN,NaN,NaN,NaN,NaN,NaN,1,kitchen,2,2024-03-18_13h09.11.124,image_similarity_rating,2023.2.3,None,2024-03-18 13h09.27.456878 +0100
,116,134,335,335,stimuli/own/kitchen/116_kit.jpg,stimuli/own/kitchen/134_kit.jpg,NaN,NaN,NaN,NaN,NaN,NaN,NaN,NaN,0,607,607,334,6045.23927575,NaN,NaN,NaN,NaN,NaN,NaN,NaN,,NaN,,6045.525154,6045.6946385,6045.6946385,6045.6946385,6045.6946385,6045.6946385,6045.6946385,6045.6946385,6045.6946385,6045.6946385,6052.98380025,-7,7,10,4,5.7994437089983,4,7.27887974999976,6045.234273,6045.23927575,6045.6946385,6045.525132291,NaN,NaN,NaN,NaN,,NaN,,6045.230815958,6045.234227541,None,NaN,NaN,,NaN,NaN,NaN,NaN,NaN,NaN,NaN,1,kitchen,2,2024-03-18_13h09.11.124,image_similarity_rating,2023.2.3,None,2024-03-18 13h09.27.456878 +0100
,106,114,165,165,stimuli/own/kitchen/106_kit.jpg,stimuli/own/kitchen/114_kit.jpg,NaN,NaN,NaN,NaN,NaN,NaN,NaN,NaN,0,608,608,164,6053.006257416,NaN,NaN,NaN,NaN,NaN,NaN,NaN,,NaN,,6053.290215291,6053.457431125,6053.457431125,6053.457431125,6053.457431125,6053.457431125,6053.457431125,6053.457431125,6053.457431125,6053.457431125,6063.846927375,-7,7,10,5,5.39028766700176,3,10.3131749170007,6052.9874395,6053.006257416,NaN,6053.290192416,NaN,NaN,NaN,NaN,,NaN,,6052.984014208,6052.987394125,None,NaN,NaN,,NaN,NaN,NaN,NaN,NaN,NaN,NaN,1,kitchen,2,2024-03-18_13h09.11.124,image_similarity_rating,2023.2.3,None,2024-03-18 13h09.27.456878 +0100
,112,125,256,256,stimuli/own/kitchen/112_kit.jpg,stimuli/own/kitchen/125_kit.jpg,NaN,NaN,NaN,NaN,NaN,NaN,NaN,NaN,0,609,609,255,6063.85580675,NaN,NaN,NaN,NaN,NaN,NaN,NaN,,NaN,,6064.141127791,6064.307477375,6064.307477375,6064.307477375,6064.307477375,6064.307477375,6064.307477375,6064.307477375,6064.307477375,6064.307477375,6069.071723,-7,7,10,2,2.19653579199985,4,4.65086741599953,6063.850661458,6063.85580675,6064.307477375,6064.1411135,NaN,NaN,NaN,NaN,,NaN,,6063.847140583,6063.850616041,None,NaN,NaN,,NaN,NaN,NaN,NaN,NaN,NaN,NaN,1,kitchen,2,2024-03-18_13h09.11.124,image_similarity_rating,2023.2.3,None,2024-03-18 13h09.27.456878 +0100
,135,141,580,580,stimuli/own/kitchen/135_kit.jpg,stimuli/own/kitchen/141_kit.jpg,NaN,NaN,NaN,NaN,NaN,NaN,NaN,NaN,0,610,610,579,6069.0777055,NaN,NaN,NaN,NaN,NaN,NaN,NaN,,NaN,,6069.361511208,6069.528662375,6069.528662375,6069.528662375,6069.528662375,6069.528662375,6069.528662375,6069.528662375,6069.528662375,6069.528662375,6077.846988916,-7,7,10,3,2.51981604199864,2,8.34200820899969,6069.075445166,6069.0777055,6069.528662375,6069.361495291,NaN,NaN,NaN,NaN,,NaN,,6069.071943666,6069.075399666,None,NaN,NaN,,NaN,NaN,NaN,NaN,NaN,NaN,NaN,1,kitchen,2,2024-03-18_13h09.11.124,image_similarity_rating,2023.2.3,None,2024-03-18 13h09.27.456878 +0100
,103,113,74,74,stimuli/own/kitchen/103_kit.jpg,stimuli/own/kitchen/113_kit.jpg,NaN,NaN,NaN,NaN,NaN,NaN,NaN,NaN,0,611,611,73,6077.855861791,NaN,NaN,NaN,NaN,NaN,NaN,NaN,,NaN,,6078.141385625,6078.307925,6078.307925,6078.307925,6078.307925,6078.307925,6078.307925,6078.307925,6078.307925,6078.307925,6083.845691458,7,-7,10,2,4.8389143330005,4,1.72681891700086,6077.850615666,6077.855861791,6078.307925,6078.141371041,NaN,NaN,NaN,NaN,,NaN,,6077.847202625,6077.8505705,None,NaN,NaN,,NaN,NaN,NaN,NaN,NaN,NaN,NaN,1,kitchen,2,2024-03-18_13h09.11.124,image_similarity_rating,2023.2.3,None,2024-03-18 13h09.27.456878 +0100
,123,139,473,473,stimuli/own/kitchen/123_kit.jpg,stimuli/own/kitchen/139_kit.jpg,NaN,NaN,NaN,NaN,NaN,NaN,NaN,NaN,0,612,612,472,6083.855983666,NaN,NaN,NaN,NaN,NaN,NaN,NaN,,NaN,,6084.141108416,6084.30559125,6084.30559125,6084.30559125,6084.30559125,6084.30559125,6084.30559125,6084.30559125,6084.30559125,6084.30559125,6087.592588041,7,-7,10,2,2.00461495899981,3,3.32402883299983,6083.849428625,6083.855983666,6084.30559125,6084.141091666,NaN,NaN,NaN,NaN,,NaN,,6083.845907916,6083.849382208,None,NaN,NaN,,NaN,NaN,NaN,NaN,NaN,NaN,NaN,1,kitchen,2,2024-03-18_13h09.11.124,image_similarity_rating,2023.2.3,None,2024-03-18 13h09.27.456878 +0100
,116,119,322,322,stimuli/own/kitchen/116_kit.jpg,stimuli/own/kitchen/119_kit.jpg,NaN,NaN,NaN,NaN,NaN,NaN,NaN,NaN,0,613,613,321,6087.598344083,NaN,NaN,NaN,NaN,NaN,NaN,NaN,,NaN,,6087.890454291,6088.05354,6088.05354,6088.05354,6088.05354,6088.05354,6088.05354,6088.05354,6088.05354,6088.05354,6093.116977666,-7,7,10,2,2.21550608299913,4,5.01482874999965,6087.596265666,6087.598344083,6088.05354,6087.890444,NaN,NaN,NaN,NaN,,NaN,,6087.592832375,6087.596212583,None,NaN,NaN,,NaN,NaN,NaN,NaN,NaN,NaN,NaN,1,kitchen,2,2024-03-18_13h09.11.124,image_similarity_rating,2023.2.3,None,2024-03-18 13h09.27.456878 +0100
,127,134,522,522,stimuli/own/kitchen/127_kit.jpg,stimuli/own/kitchen/134_kit.jpg,NaN,NaN,NaN,NaN,NaN,NaN,NaN,NaN,0,614,614,521,6093.13953625,NaN,NaN,NaN,NaN,NaN,NaN,NaN,,NaN,,6093.423597833,6093.590947416,6093.590947416,6093.590947416,6093.590947416,6093.590947416,6093.590947416,6093.590947416,6093.590947416,6093.590947416,6098.550533291,-7,7,10,4,3.60256945800029,4,1.87139799999932,6093.120638208,6093.13953625,NaN,6093.423578208,NaN,NaN,NaN,NaN,,NaN,,6093.117191458,6093.120584958,None,NaN,NaN,,NaN,NaN,NaN,NaN,NaN,NaN,NaN,1,kitchen,2,2024-03-18_13h09.11.124,image_similarity_rating,2023.2.3,None,2024-03-18 13h09.27.456878 +0100
,NaN,NaN,NaN,NaN,,,NaN,NaN,NaN,NaN,NaN,NaN,NaN,NaN,NaN,NaN,NaN,NaN,NaN,NaN,NaN,NaN,NaN,NaN,NaN,NaN,,NaN,,NaN,NaN,NaN,NaN,NaN,NaN,NaN,NaN,NaN,NaN,NaN,NaN,NaN,NaN,NaN,NaN,NaN,NaN,NaN,NaN,NaN,NaN,NaN,NaN,NaN,NaN,,NaN,,NaN,NaN,,NaN,NaN,,6098.550691041,6098.557684833,6098.557684833,6099.976211708,NaN,1.41816649999964,NaN,1,kitchen,2,2024-03-18_13h09.11.124,image_similarity_rating,2023.2.3,None,2024-03-18 13h09.27.456878 +0100
