slide,sub1,sub2,pairID,trialID,stim1,stim2,instructionsLoop_thisRepN,instructionsLoop_thisTrialN,instructionsLoop_thisN,instructionsLoop_thisIndex,practice_thisRepN,practice_thisTrialN,practice_thisN,practice_thisIndex,trials_thisRepN,trials_thisTrialN,trials_thisN,trials_thisIndex,thisRow_t,notes,preparation_started,preparation_stopped,instructions_started,startResponse_started,slide_img_started,instructions_stopped,startResponse_keys,startResponse_rt,startResponse_duration,trial_started,polygon_started,polygon_2_started,image1_started,image2_started,rating_1_started,question_started,rating_2_started,question_2_started,block_text_started,trial_stopped,stim1pos,stim2pos,block,rating_1_response,rating_1_rt,rating_2_response,rating_2_rt,ITI_started,text_started,text_stopped,ITI_stopped,practice_over_started,text_2_started,space_practice_over_started,practice_over_stopped,space_practice_over_keys,space_practice_over_rt,space_practice_over_duration,breakBlocks_started,breakBlocks_stopped,startBlock_keys,startBlock_started,startBlock_rt,startBlock_duration,end_started,message_end_started,key_resp_started,end_stopped,key_resp_keys,key_resp_rt,key_resp_duration,participant,session,session_number,date,expName,psychopyVersion,frameRate,expStart
instructions/Slide2.jpg,NaN,NaN,NaN,NaN,,,0,0,0,0,NaN,NaN,NaN,NaN,NaN,NaN,NaN,NaN,0.0255341659999999,NaN,0.00198241600000415,0.00209304100000907,0.00934275000000184,0.0255341659999999,0.0255341659999999,21.395332625,space,21.369598167,None,NaN,NaN,NaN,NaN,NaN,NaN,NaN,NaN,NaN,NaN,NaN,NaN,NaN,NaN,NaN,NaN,NaN,NaN,NaN,NaN,NaN,NaN,NaN,NaN,NaN,NaN,,NaN,,NaN,NaN,,NaN,NaN,,NaN,NaN,NaN,NaN,NaN,NaN,NaN,10,kitchen,2,2024-04-08_11h04.40.518,image_similarity_rating,2023.2.3,None,2024-04-08 11h04.52.405542 +0200
instructions/Slide3.jpg,NaN,NaN,NaN,NaN,,,0,1,1,1,NaN,NaN,NaN,NaN,NaN,NaN,NaN,NaN,21.418823458,NaN,NaN,NaN,21.396161708,21.418823458,21.418823458,22.742534208,space,1.323422833,None,NaN,NaN,NaN,NaN,NaN,NaN,NaN,NaN,NaN,NaN,NaN,NaN,NaN,NaN,NaN,NaN,NaN,NaN,NaN,NaN,NaN,NaN,NaN,NaN,NaN,NaN,,NaN,,NaN,NaN,,NaN,NaN,,NaN,NaN,NaN,NaN,NaN,NaN,NaN,10,kitchen,2,2024-04-08_11h04.40.518,image_similarity_rating,2023.2.3,None,2024-04-08 11h04.52.405542 +0200
instructions/Slide4.jpg,NaN,NaN,NaN,NaN,,,0,2,2,2,NaN,NaN,NaN,NaN,NaN,NaN,NaN,NaN,22.769544583,NaN,NaN,NaN,22.743257333,22.769544583,22.769544583,24.367078666,space,1.59725291699999,None,NaN,NaN,NaN,NaN,NaN,NaN,NaN,NaN,NaN,NaN,NaN,NaN,NaN,NaN,NaN,NaN,NaN,NaN,NaN,NaN,NaN,NaN,NaN,NaN,NaN,NaN,,NaN,,NaN,NaN,,NaN,NaN,,NaN,NaN,NaN,NaN,NaN,NaN,NaN,10,kitchen,2,2024-04-08_11h04.40.518,image_similarity_rating,2023.2.3,None,2024-04-08 11h04.52.405542 +0200
instructions/Slide5.jpg,NaN,NaN,NaN,NaN,,,0,3,3,3,NaN,NaN,NaN,NaN,NaN,NaN,NaN,NaN,24.393299375,NaN,NaN,NaN,24.367867208,24.393299375,24.393299375,25.192311458,space,0.79865774999999,None,NaN,NaN,NaN,NaN,NaN,NaN,NaN,NaN,NaN,NaN,NaN,NaN,NaN,NaN,NaN,NaN,NaN,NaN,NaN,NaN,NaN,NaN,NaN,NaN,NaN,NaN,,NaN,,NaN,NaN,,NaN,NaN,,NaN,NaN,NaN,NaN,NaN,NaN,NaN,10,kitchen,2,2024-04-08_11h04.40.518,image_similarity_rating,2023.2.3,None,2024-04-08 11h04.52.405542 +0200
,107,108,NaN,5,stimuli/own/kitchen/107_kit.jpg,stimuli/own/kitchen/108_kit.jpg,NaN,NaN,NaN,NaN,0,0,0,4,NaN,NaN,NaN,NaN,25.398524791,NaN,NaN,NaN,NaN,NaN,NaN,NaN,,NaN,,25.2193065,25.398524791,25.398524791,25.398524791,25.398524791,25.398524791,25.398524791,25.398524791,25.398524791,25.398524791,31.251555166,-7,7,0,4,4.10912537499999,5,5.788082625,31.251779166,31.257807833,31.709255375,31.542085541,NaN,NaN,NaN,NaN,,NaN,,NaN,NaN,,NaN,NaN,,NaN,NaN,NaN,NaN,NaN,NaN,NaN,10,kitchen,2,2024-04-08_11h04.40.518,image_similarity_rating,2023.2.3,None,2024-04-08 11h04.52.405542 +0200
,128,108,NaN,3,stimuli/own/kitchen/128_kit.jpg,stimuli/own/kitchen/108_kit.jpg,NaN,NaN,NaN,NaN,0,1,1,2,NaN,NaN,NaN,NaN,31.709255375,NaN,NaN,NaN,NaN,NaN,NaN,NaN,,NaN,,31.54251575,31.709255375,31.709255375,31.709255375,31.709255375,31.709255375,31.709255375,31.709255375,31.709255375,31.709255375,36.051975958,7,-7,0,2,2.89101479200001,5,4.294571625,36.052116291,36.057314833,36.514025833,36.342039416,NaN,NaN,NaN,NaN,,NaN,,NaN,NaN,,NaN,NaN,,NaN,NaN,NaN,NaN,NaN,NaN,NaN,10,kitchen,2,2024-04-08_11h04.40.518,image_similarity_rating,2023.2.3,None,2024-04-08 11h04.52.405542 +0200
,128,133,NaN,6,stimuli/own/kitchen/128_kit.jpg,stimuli/own/kitchen/133_kit.jpg,NaN,NaN,NaN,NaN,0,2,2,5,NaN,NaN,NaN,NaN,36.514025833,NaN,NaN,NaN,NaN,NaN,NaN,NaN,,NaN,,36.342542666,36.514025833,36.514025833,36.514025833,36.514025833,36.514025833,36.514025833,36.514025833,36.514025833,36.514025833,41.386160041,7,-7,0,6,3.83822216599999,2,4.74840374999999,41.386302666,41.391029666,41.841559583,41.675919333,NaN,NaN,NaN,NaN,,NaN,,NaN,NaN,,NaN,NaN,,NaN,NaN,NaN,NaN,NaN,NaN,NaN,10,kitchen,2,2024-04-08_11h04.40.518,image_similarity_rating,2023.2.3,None,2024-04-08 11h04.52.405542 +0200
,110,128,NaN,2,stimuli/own/kitchen/110_kit.jpg,stimuli/own/kitchen/128_kit.jpg,NaN,NaN,NaN,NaN,0,3,3,1,NaN,NaN,NaN,NaN,41.841559583,NaN,NaN,NaN,NaN,NaN,NaN,NaN,,NaN,,41.676344333,41.841559583,41.841559583,41.841559583,41.841559583,41.841559583,41.841559583,41.841559583,41.841559583,41.841559583,45.202107791,-7,7,0,2,2.34079825000001,3,3.285912083,45.202251541,45.2074305,45.657026916,45.491922791,NaN,NaN,NaN,NaN,,NaN,,NaN,NaN,,NaN,NaN,,NaN,NaN,NaN,NaN,NaN,NaN,NaN,10,kitchen,2,2024-04-08_11h04.40.518,image_similarity_rating,2023.2.3,None,2024-04-08 11h04.52.405542 +0200
,107,128,NaN,7,stimuli/own/kitchen/107_kit.jpg,stimuli/own/kitchen/128_kit.jpg,NaN,NaN,NaN,NaN,0,4,4,6,NaN,NaN,NaN,NaN,45.657026916,NaN,NaN,NaN,NaN,NaN,NaN,NaN,,NaN,,45.492324375,45.657026916,45.657026916,45.657026916,45.657026916,45.657026916,45.657026916,45.657026916,45.657026916,45.657026916,49.10639825,-7,7,0,2,3.509794167,5,2.65148270899999,49.1065405,49.108987375,49.558463291,49.392701083,NaN,NaN,NaN,NaN,,NaN,,NaN,NaN,,NaN,NaN,,NaN,NaN,NaN,NaN,NaN,NaN,NaN,10,kitchen,2,2024-04-08_11h04.40.518,image_similarity_rating,2023.2.3,None,2024-04-08 11h04.52.405542 +0200
,108,110,NaN,8,stimuli/own/kitchen/108_kit.jpg,stimuli/own/kitchen/110_kit.jpg,NaN,NaN,NaN,NaN,0,5,5,7,NaN,NaN,NaN,NaN,49.558463291,NaN,NaN,NaN,NaN,NaN,NaN,NaN,,NaN,,49.393132875,49.558463291,49.558463291,49.558463291,49.558463291,49.558463291,49.558463291,49.558463291,49.558463291,49.558463291,54.309697916,7,-7,0,3,2.03552858400001,2,4.65080754099999,54.309838666,54.311751666,54.758347,54.595594625,NaN,NaN,NaN,NaN,,NaN,,NaN,NaN,,NaN,NaN,,NaN,NaN,NaN,NaN,NaN,NaN,NaN,10,kitchen,2,2024-04-08_11h04.40.518,image_similarity_rating,2023.2.3,None,2024-04-08 11h04.52.405542 +0200
,107,133,NaN,9,stimuli/own/kitchen/107_kit.jpg,stimuli/own/kitchen/133_kit.jpg,NaN,NaN,NaN,NaN,0,6,6,8,NaN,NaN,NaN,NaN,54.758347,NaN,NaN,NaN,NaN,NaN,NaN,NaN,,NaN,,54.59591225,54.758347,54.758347,54.758347,54.758347,54.758347,54.758347,54.758347,54.758347,54.758347,57.569558125,7,-7,0,3,2.247697708,2,2.779958959,57.569699583,57.57387125,58.025035833,57.858524125,NaN,NaN,NaN,NaN,,NaN,,NaN,NaN,,NaN,NaN,,NaN,NaN,NaN,NaN,NaN,NaN,NaN,10,kitchen,2,2024-04-08_11h04.40.518,image_similarity_rating,2023.2.3,None,2024-04-08 11h04.52.405542 +0200
,108,133,NaN,10,stimuli/own/kitchen/108_kit.jpg,stimuli/own/kitchen/133_kit.jpg,NaN,NaN,NaN,NaN,0,7,7,9,NaN,NaN,NaN,NaN,58.025035833,NaN,NaN,NaN,NaN,NaN,NaN,NaN,,NaN,,57.859002583,58.025035833,58.025035833,58.025035833,58.025035833,58.025035833,58.025035833,58.025035833,58.025035833,58.025035833,63.577080583,7,-7,0,3,4.28862933300002,3,5.503231916,63.577226,63.579238958,64.024972833,63.862026458,NaN,NaN,NaN,NaN,,NaN,,NaN,NaN,,NaN,NaN,,NaN,NaN,NaN,NaN,NaN,NaN,NaN,10,kitchen,2,2024-04-08_11h04.40.518,image_similarity_rating,2023.2.3,None,2024-04-08 11h04.52.405542 +0200
,110,107,NaN,4,stimuli/own/kitchen/110_kit.jpg,stimuli/own/kitchen/107_kit.jpg,NaN,NaN,NaN,NaN,0,8,8,3,NaN,NaN,NaN,NaN,64.024972833,NaN,NaN,NaN,NaN,NaN,NaN,NaN,,NaN,,63.862332625,64.024972833,64.024972833,64.024972833,64.024972833,64.024972833,64.024972833,64.024972833,64.024972833,64.024972833,68.9184095,-7,7,0,2,4.950775333,4,4.176360875,68.918550541,68.923863125,69.375601791,69.2094565,NaN,NaN,NaN,NaN,,NaN,,NaN,NaN,,NaN,NaN,,NaN,NaN,NaN,NaN,NaN,NaN,NaN,10,kitchen,2,2024-04-08_11h04.40.518,image_similarity_rating,2023.2.3,None,2024-04-08 11h04.52.405542 +0200
,110,133,NaN,1,stimuli/own/kitchen/110_kit.jpg,stimuli/own/kitchen/133_kit.jpg,NaN,NaN,NaN,NaN,0,9,9,0,NaN,NaN,NaN,NaN,69.375601791,NaN,NaN,NaN,NaN,NaN,NaN,NaN,,NaN,,69.209876875,69.375601791,69.375601791,69.375601791,69.375601791,69.375601791,69.375601791,69.375601791,69.375601791,69.375601791,72.593717583,7,-7,0,2,3.216146417,2,2.35792170799999,72.5938635,72.596116166,72.8912665,72.878749666,NaN,NaN,NaN,NaN,,NaN,,NaN,NaN,,NaN,NaN,,NaN,NaN,NaN,NaN,NaN,NaN,NaN,10,kitchen,2,2024-04-08_11h04.40.518,image_similarity_rating,2023.2.3,None,2024-04-08 11h04.52.405542 +0200
,NaN,NaN,NaN,NaN,,,NaN,NaN,NaN,NaN,NaN,NaN,NaN,NaN,NaN,NaN,NaN,NaN,NaN,NaN,NaN,NaN,NaN,NaN,NaN,NaN,,NaN,,NaN,NaN,NaN,NaN,NaN,NaN,NaN,NaN,NaN,NaN,NaN,NaN,NaN,NaN,NaN,NaN,NaN,NaN,NaN,NaN,NaN,NaN,72.878813958,72.8912665,72.8912665,74.030722625,space,1.13922600000001,None,NaN,NaN,,NaN,NaN,,NaN,NaN,NaN,NaN,NaN,NaN,NaN,10,kitchen,2,2024-04-08_11h04.40.518,image_similarity_rating,2023.2.3,None,2024-04-08 11h04.52.405542 +0200
,122,136,454,454,stimuli/own/kitchen/122_kit.jpg,stimuli/own/kitchen/136_kit.jpg,NaN,NaN,NaN,NaN,NaN,NaN,NaN,NaN,0,0,0,453,74.080464458,NaN,NaN,NaN,NaN,NaN,NaN,NaN,,NaN,,74.374960666,74.549281583,74.549281583,74.549281583,74.549281583,74.549281583,74.549281583,74.549281583,74.549281583,74.549281583,82.018447833,7,-7,1,4,6.38363575,2,7.36574275000001,74.078340208,74.080464458,74.549281583,74.374945666,NaN,NaN,NaN,NaN,,NaN,,74.064342833,74.078063625,None,NaN,NaN,,NaN,NaN,NaN,NaN,NaN,NaN,NaN,10,kitchen,2,2024-04-08_11h04.40.518,image_similarity_rating,2023.2.3,None,2024-04-08 11h04.52.405542 +0200
,101,104,3,3,stimuli/own/kitchen/101_kit.jpg,stimuli/own/kitchen/104_kit.jpg,NaN,NaN,NaN,NaN,NaN,NaN,NaN,NaN,0,1,1,2,82.02665975,NaN,NaN,NaN,NaN,NaN,NaN,NaN,,NaN,,82.3124455,82.477298625,82.477298625,82.477298625,82.477298625,82.477298625,82.477298625,82.477298625,82.477298625,82.477298625,87.834963541,7,-7,1,2,5.34303425000002,5,4.530035583,82.024962375,82.02665975,82.477298625,82.312430375,NaN,NaN,NaN,NaN,,NaN,,82.019033125,82.024909041,None,NaN,NaN,,NaN,NaN,NaN,NaN,NaN,NaN,NaN,10,kitchen,2,2024-04-08_11h04.40.518,image_similarity_rating,2023.2.3,None,2024-04-08 11h04.52.405542 +0200
,116,141,342,342,stimuli/own/kitchen/116_kit.jpg,stimuli/own/kitchen/141_kit.jpg,NaN,NaN,NaN,NaN,NaN,NaN,NaN,NaN,0,2,2,341,87.857098666,NaN,NaN,NaN,NaN,NaN,NaN,NaN,,NaN,,88.141201,88.308584416,88.308584416,88.308584416,88.308584416,88.308584416,88.308584416,88.308584416,88.308584416,88.308584416,94.813864166,7,-7,1,3,6.48577708300002,3,2.70469470899999,87.838752458,87.857098666,NaN,88.141182166,NaN,NaN,NaN,NaN,,NaN,,87.835186,87.838703958,None,NaN,NaN,,NaN,NaN,NaN,NaN,NaN,NaN,NaN,10,kitchen,2,2024-04-08_11h04.40.518,image_similarity_rating,2023.2.3,None,2024-04-08 11h04.52.405542 +0200
,103,137,95,95,stimuli/own/kitchen/103_kit.jpg,stimuli/own/kitchen/137_kit.jpg,NaN,NaN,NaN,NaN,NaN,NaN,NaN,NaN,0,3,3,94,94.824100625,NaN,NaN,NaN,NaN,NaN,NaN,NaN,,NaN,,95.108547,95.27202425,95.27202425,95.27202425,95.27202425,95.27202425,95.27202425,95.27202425,95.27202425,95.27202425,99.535120458,7,-7,1,3,4.28387841700001,2,3.18493462499998,94.817546375,94.824100625,95.27202425,95.108533,NaN,NaN,NaN,NaN,,NaN,,94.814085833,94.817498375,None,NaN,NaN,,NaN,NaN,NaN,NaN,NaN,NaN,NaN,10,kitchen,2,2024-04-08_11h04.40.518,image_similarity_rating,2023.2.3,None,2024-04-08 11h04.52.405542 +0200
,126,136,512,512,stimuli/own/kitchen/126_kit.jpg,stimuli/own/kitchen/136_kit.jpg,NaN,NaN,NaN,NaN,NaN,NaN,NaN,NaN,0,4,4,511,99.541950458,NaN,NaN,NaN,NaN,NaN,NaN,NaN,,NaN,,99.824993125,99.996624666,99.996624666,99.996624666,99.996624666,99.996624666,99.996624666,99.996624666,99.996624666,99.996624666,105.772608916,7,-7,1,4,5.86322608399999,2,4.071744583,99.539212375,99.541950458,99.996624666,99.824976083,NaN,NaN,NaN,NaN,,NaN,,99.535344333,99.539161916,None,NaN,NaN,,NaN,NaN,NaN,NaN,NaN,NaN,NaN,10,kitchen,2,2024-04-08_11h04.40.518,image_similarity_rating,2023.2.3,None,2024-04-08 11h04.52.405542 +0200
,123,137,471,471,stimuli/own/kitchen/123_kit.jpg,stimuli/own/kitchen/137_kit.jpg,NaN,NaN,NaN,NaN,NaN,NaN,NaN,NaN,0,5,5,470,105.778276708,NaN,NaN,NaN,NaN,NaN,NaN,NaN,,NaN,,106.062487333,106.230536125,106.230536125,106.230536125,106.230536125,106.230536125,106.230536125,106.230536125,106.230536125,106.230536125,112.138940125,7,-7,1,2,5.90886470800001,3,3.90503137499999,105.776352958,105.778276708,106.230536125,106.062468083,NaN,NaN,NaN,NaN,,NaN,,105.772851708,105.776304333,None,NaN,NaN,,NaN,NaN,NaN,NaN,NaN,NaN,NaN,10,kitchen,2,2024-04-08_11h04.40.518,image_similarity_rating,2023.2.3,None,2024-04-08 11h04.52.405542 +0200
,103,140,98,98,stimuli/own/kitchen/103_kit.jpg,stimuli/own/kitchen/140_kit.jpg,NaN,NaN,NaN,NaN,NaN,NaN,NaN,NaN,0,6,6,97,112.144449916,NaN,NaN,NaN,NaN,NaN,NaN,NaN,,NaN,,112.429318,112.599212708,112.599212708,112.599212708,112.599212708,112.599212708,112.599212708,112.599212708,112.599212708,112.599212708,117.234447875,-7,7,1,1,2.36865929200002,4,4.57480066699998,112.142690458,112.144449916,112.599212708,112.429301833,NaN,NaN,NaN,NaN,,NaN,,112.139164375,112.142642125,None,NaN,NaN,,NaN,NaN,NaN,NaN,NaN,NaN,NaN,10,kitchen,2,2024-04-08_11h04.40.518,image_similarity_rating,2023.2.3,None,2024-04-08 11h04.52.405542 +0200
,113,116,272,272,stimuli/own/kitchen/113_kit.jpg,stimuli/own/kitchen/116_kit.jpg,NaN,NaN,NaN,NaN,NaN,NaN,NaN,NaN,0,7,7,271,117.239914041,NaN,NaN,NaN,NaN,NaN,NaN,NaN,,NaN,,117.524987375,117.691032416,117.691032416,117.691032416,117.691032416,117.691032416,117.691032416,117.691032416,117.691032416,117.691032416,120.465085916,-7,7,1,5,2.19962066599999,2,2.73032220799999,117.238130708,117.239914041,117.691032416,117.524974166,NaN,NaN,NaN,NaN,,NaN,,117.23466975,117.238083083,None,NaN,NaN,,NaN,NaN,NaN,NaN,NaN,NaN,NaN,10,kitchen,2,2024-04-08_11h04.40.518,image_similarity_rating,2023.2.3,None,2024-04-08 11h04.52.405542 +0200
,114,141,319,319,stimuli/own/kitchen/114_kit.jpg,stimuli/own/kitchen/141_kit.jpg,NaN,NaN,NaN,NaN,NaN,NaN,NaN,NaN,0,8,8,318,120.473593791,NaN,NaN,NaN,NaN,NaN,NaN,NaN,,NaN,,120.758283708,120.924956541,120.924956541,120.924956541,120.924956541,120.924956541,120.924956541,120.924956541,120.924956541,120.924956541,124.584446541,-7,7,1,2,2.20258104099997,2,3.37290970799998,120.468877708,120.473593791,120.924956541,120.758264041,NaN,NaN,NaN,NaN,,NaN,,120.46531225,120.46882975,None,NaN,NaN,,NaN,NaN,NaN,NaN,NaN,NaN,NaN,10,kitchen,2,2024-04-08_11h04.40.518,image_similarity_rating,2023.2.3,None,2024-04-08 11h04.52.405542 +0200
,116,136,337,337,stimuli/own/kitchen/116_kit.jpg,stimuli/own/kitchen/136_kit.jpg,NaN,NaN,NaN,NaN,NaN,NaN,NaN,NaN,0,9,9,336,124.590000625,NaN,NaN,NaN,NaN,NaN,NaN,NaN,,NaN,,124.875636125,125.04449975,125.04449975,125.04449975,125.04449975,125.04449975,125.04449975,125.04449975,125.04449975,125.04449975,128.717631708,7,-7,1,4,2.724806917,2,3.637014292,124.588127541,124.590000625,125.04449975,124.875620416,NaN,NaN,NaN,NaN,,NaN,,124.58467175,124.588077458,None,NaN,NaN,,NaN,NaN,NaN,NaN,NaN,NaN,NaN,10,kitchen,2,2024-04-08_11h04.40.518,image_similarity_rating,2023.2.3,None,2024-04-08 11h04.52.405542 +0200
,113,140,294,294,stimuli/own/kitchen/113_kit.jpg,stimuli/own/kitchen/140_kit.jpg,NaN,NaN,NaN,NaN,NaN,NaN,NaN,NaN,0,10,10,293,128.723346833,NaN,NaN,NaN,NaN,NaN,NaN,NaN,,NaN,,129.008148416,129.174112833,129.174112833,129.174112833,129.174112833,129.174112833,129.174112833,129.174112833,129.174112833,129.174112833,132.609328,7,-7,1,4,2.64765874999998,2,3.37560999999999,128.721310125,128.723346833,129.174112833,129.008133166,NaN,NaN,NaN,NaN,,NaN,,128.717853958,128.721262833,None,NaN,NaN,,NaN,NaN,NaN,NaN,NaN,NaN,NaN,10,kitchen,2,2024-04-08_11h04.40.518,image_similarity_rating,2023.2.3,None,2024-04-08 11h04.52.405542 +0200
,112,124,255,255,stimuli/own/kitchen/112_kit.jpg,stimuli/own/kitchen/124_kit.jpg,NaN,NaN,NaN,NaN,NaN,NaN,NaN,NaN,0,11,11,254,132.615099291,NaN,NaN,NaN,NaN,NaN,NaN,NaN,,NaN,,132.908216583,133.074556375,133.074556375,133.074556375,133.074556375,133.074556375,133.074556375,133.074556375,133.074556375,133.074556375,138.672238875,-7,7,1,4,4.79332183299999,3,5.54707133299999,132.613162,132.615099291,133.074556375,132.908201791,NaN,NaN,NaN,NaN,,NaN,,132.609550125,132.6131135,None,NaN,NaN,,NaN,NaN,NaN,NaN,NaN,NaN,NaN,10,kitchen,2,2024-04-08_11h04.40.518,image_similarity_rating,2023.2.3,None,2024-04-08 11h04.52.405542 +0200
,103,106,70,70,stimuli/own/kitchen/103_kit.jpg,stimuli/own/kitchen/106_kit.jpg,NaN,NaN,NaN,NaN,NaN,NaN,NaN,NaN,0,12,12,69,138.677963541,NaN,NaN,NaN,NaN,NaN,NaN,NaN,,NaN,,138.962249708,139.128629208,139.128629208,139.128629208,139.128629208,139.128629208,139.128629208,139.128629208,139.128629208,139.128629208,142.609140541,-7,7,1,2,2.11540150000002,2,3.330807666,138.676021666,138.677963541,139.128629208,138.962231625,NaN,NaN,NaN,NaN,,NaN,,138.67248125,138.675972708,None,NaN,NaN,,NaN,NaN,NaN,NaN,NaN,NaN,NaN,10,kitchen,2,2024-04-08_11h04.40.518,image_similarity_rating,2023.2.3,None,2024-04-08 11h04.52.405542 +0200
,123,139,473,473,stimuli/own/kitchen/123_kit.jpg,stimuli/own/kitchen/139_kit.jpg,NaN,NaN,NaN,NaN,NaN,NaN,NaN,NaN,0,13,13,472,142.6148955,NaN,NaN,NaN,NaN,NaN,NaN,NaN,,NaN,,142.908668833,143.074825,143.074825,143.074825,143.074825,143.074825,143.074825,143.074825,143.074825,143.074825,146.884284208,7,-7,1,1,3.46911745900002,2,2.705133542,142.612946416,142.6148955,143.074825,142.908652333,NaN,NaN,NaN,NaN,,NaN,,142.609363666,142.612897958,None,NaN,NaN,,NaN,NaN,NaN,NaN,NaN,NaN,NaN,10,kitchen,2,2024-04-08_11h04.40.518,image_similarity_rating,2023.2.3,None,2024-04-08 11h04.52.405542 +0200
,112,135,264,264,stimuli/own/kitchen/112_kit.jpg,stimuli/own/kitchen/135_kit.jpg,NaN,NaN,NaN,NaN,NaN,NaN,NaN,NaN,0,14,14,263,146.889941833,NaN,NaN,NaN,NaN,NaN,NaN,NaN,,NaN,,147.174729916,147.34114325,147.34114325,147.34114325,147.34114325,147.34114325,147.34114325,147.34114325,147.34114325,147.34114325,152.559222375,-7,7,1,2,3.743090209,2,5.112771791,146.888119875,146.889941833,147.34114325,147.174713791,NaN,NaN,NaN,NaN,,NaN,,146.884511,146.888071541,None,NaN,NaN,,NaN,NaN,NaN,NaN,NaN,NaN,NaN,10,kitchen,2,2024-04-08_11h04.40.518,image_similarity_rating,2023.2.3,None,2024-04-08 11h04.52.405542 +0200
,120,126,411,411,stimuli/own/kitchen/120_kit.jpg,stimuli/own/kitchen/126_kit.jpg,NaN,NaN,NaN,NaN,NaN,NaN,NaN,NaN,0,15,15,410,152.56496975,NaN,NaN,NaN,NaN,NaN,NaN,NaN,,NaN,,152.858060041,153.028138458,153.028138458,153.028138458,153.028138458,153.028138458,153.028138458,153.028138458,153.028138458,153.028138458,156.210576416,-7,7,1,4,2.22806908300001,2,3.11911066600001,152.563037125,152.56496975,153.028138458,152.858043791,NaN,NaN,NaN,NaN,,NaN,,152.559447583,152.562988833,None,NaN,NaN,,NaN,NaN,NaN,NaN,NaN,NaN,NaN,10,kitchen,2,2024-04-08_11h04.40.518,image_similarity_rating,2023.2.3,None,2024-04-08 11h04.52.405542 +0200
,105,112,134,134,stimuli/own/kitchen/105_kit.jpg,stimuli/own/kitchen/112_kit.jpg,NaN,NaN,NaN,NaN,NaN,NaN,NaN,NaN,0,16,16,133,156.223301916,NaN,NaN,NaN,NaN,NaN,NaN,NaN,,NaN,,156.508739625,156.676082041,156.676082041,156.676082041,156.676082041,156.676082041,156.676082041,156.676082041,156.676082041,156.676082041,161.359550125,7,-7,1,2,3.06708858299999,1,4.589737208,156.214356958,156.223301916,156.676082041,156.508722958,NaN,NaN,NaN,NaN,,NaN,,156.210800708,156.214308458,None,NaN,NaN,,NaN,NaN,NaN,NaN,NaN,NaN,NaN,10,kitchen,2,2024-04-08_11h04.40.518,image_similarity_rating,2023.2.3,None,2024-04-08 11h04.52.405542 +0200
,121,132,434,434,stimuli/own/kitchen/121_kit.jpg,stimuli/own/kitchen/132_kit.jpg,NaN,NaN,NaN,NaN,NaN,NaN,NaN,NaN,0,17,17,433,161.365205916,NaN,NaN,NaN,NaN,NaN,NaN,NaN,,NaN,,161.658811291,161.82540125,161.82540125,161.82540125,161.82540125,161.82540125,161.82540125,161.82540125,161.82540125,161.82540125,166.392460958,-7,7,1,3,4.529314833,5,2.53251233400002,161.363254833,161.365205916,161.82540125,161.658797166,NaN,NaN,NaN,NaN,,NaN,,161.359774833,161.363206875,None,NaN,NaN,,NaN,NaN,NaN,NaN,NaN,NaN,NaN,10,kitchen,2,2024-04-08_11h04.40.518,image_similarity_rating,2023.2.3,None,2024-04-08 11h04.52.405542 +0200
,120,130,414,414,stimuli/own/kitchen/120_kit.jpg,stimuli/own/kitchen/130_kit.jpg,NaN,NaN,NaN,NaN,NaN,NaN,NaN,NaN,0,18,18,413,166.398069791,NaN,NaN,NaN,NaN,NaN,NaN,NaN,,NaN,,166.691397916,166.859899583,166.859899583,166.859899583,166.859899583,166.859899583,166.859899583,166.859899583,166.859899583,166.859899583,173.163370666,7,-7,1,3,3.86717816699999,3,6.20656700000001,166.396135375,166.398069791,166.859899583,166.691375416,NaN,NaN,NaN,NaN,,NaN,,166.392686166,166.396087083,None,NaN,NaN,,NaN,NaN,NaN,NaN,NaN,NaN,NaN,10,kitchen,2,2024-04-08_11h04.40.518,image_similarity_rating,2023.2.3,None,2024-04-08 11h04.52.405542 +0200
,120,138,421,421,stimuli/own/kitchen/120_kit.jpg,stimuli/own/kitchen/138_kit.jpg,NaN,NaN,NaN,NaN,NaN,NaN,NaN,NaN,0,19,19,420,173.173254583,NaN,NaN,NaN,NaN,NaN,NaN,NaN,,NaN,,173.4581205,173.624021083,173.624021083,173.624021083,173.624021083,173.624021083,173.624021083,173.624021083,173.624021083,173.624021083,178.560000541,7,-7,1,5,4.932646417,2,2.80838324999999,173.167178208,173.173254583,173.624021083,173.458105791,NaN,NaN,NaN,NaN,,NaN,,173.163596083,173.167130166,None,NaN,NaN,,NaN,NaN,NaN,NaN,NaN,NaN,NaN,10,kitchen,2,2024-04-08_11h04.40.518,image_similarity_rating,2023.2.3,None,2024-04-08 11h04.52.405542 +0200
,117,127,352,352,stimuli/own/kitchen/117_kit.jpg,stimuli/own/kitchen/127_kit.jpg,NaN,NaN,NaN,NaN,NaN,NaN,NaN,NaN,0,20,20,351,178.565598291,NaN,NaN,NaN,NaN,NaN,NaN,NaN,,NaN,,178.857935875,179.025009916,179.025009916,179.025009916,179.025009916,179.025009916,179.025009916,179.025009916,179.025009916,179.025009916,183.555202875,7,-7,1,2,2.86850633400002,1,4.36259337500002,178.563684208,178.565598291,179.025009916,178.857920541,NaN,NaN,NaN,NaN,,NaN,,178.560226916,178.563629541,None,NaN,NaN,,NaN,NaN,NaN,NaN,NaN,NaN,NaN,10,kitchen,2,2024-04-08_11h04.40.518,image_similarity_rating,2023.2.3,None,2024-04-08 11h04.52.405542 +0200
,104,140,129,129,stimuli/own/kitchen/104_kit.jpg,stimuli/own/kitchen/140_kit.jpg,NaN,NaN,NaN,NaN,NaN,NaN,NaN,NaN,0,21,21,128,183.560937541,NaN,NaN,NaN,NaN,NaN,NaN,NaN,,NaN,,183.846176625,184.011555875,184.011555875,184.011555875,184.011555875,184.011555875,184.011555875,184.011555875,184.011555875,184.011555875,188.417677541,-7,7,1,2,4.12919925,5,3.12997770800001,183.559128083,183.560937541,184.011555875,183.846163208,NaN,NaN,NaN,NaN,,NaN,,183.555426208,183.559076958,None,NaN,NaN,,NaN,NaN,NaN,NaN,NaN,NaN,NaN,10,kitchen,2,2024-04-08_11h04.40.518,image_similarity_rating,2023.2.3,None,2024-04-08 11h04.52.405542 +0200
,101,116,11,11,stimuli/own/kitchen/101_kit.jpg,stimuli/own/kitchen/116_kit.jpg,NaN,NaN,NaN,NaN,NaN,NaN,NaN,NaN,0,22,22,10,188.4232325,NaN,NaN,NaN,NaN,NaN,NaN,NaN,,NaN,,188.708005333,188.874535583,188.874535583,188.874535583,188.874535583,188.874535583,188.874535583,188.874535583,188.874535583,188.874535583,191.722041666,-7,7,1,2,2.84448058300001,2,2.246718875,188.42137575,188.4232325,188.874535583,188.707990625,NaN,NaN,NaN,NaN,,NaN,,188.417903875,188.421327833,None,NaN,NaN,,NaN,NaN,NaN,NaN,NaN,NaN,NaN,10,kitchen,2,2024-04-08_11h04.40.518,image_similarity_rating,2023.2.3,None,2024-04-08 11h04.52.405542 +0200
,124,135,484,484,stimuli/own/kitchen/124_kit.jpg,stimuli/own/kitchen/135_kit.jpg,NaN,NaN,NaN,NaN,NaN,NaN,NaN,NaN,0,23,23,483,191.7279405,NaN,NaN,NaN,NaN,NaN,NaN,NaN,,NaN,,192.01211275,192.182511333,192.182511333,192.182511333,192.182511333,192.182511333,192.182511333,192.182511333,192.182511333,192.182511333,196.976326416,7,-7,1,2,1.37137337500002,5,4.67057554199999,191.726003625,191.7279405,192.182511333,192.012097416,NaN,NaN,NaN,NaN,,NaN,,191.722304541,191.725952541,None,NaN,NaN,,NaN,NaN,NaN,NaN,NaN,NaN,NaN,10,kitchen,2,2024-04-08_11h04.40.518,image_similarity_rating,2023.2.3,None,2024-04-08 11h04.52.405542 +0200
,121,129,431,431,stimuli/own/kitchen/121_kit.jpg,stimuli/own/kitchen/129_kit.jpg,NaN,NaN,NaN,NaN,NaN,NaN,NaN,NaN,0,24,24,430,196.981983666,NaN,NaN,NaN,NaN,NaN,NaN,NaN,,NaN,,197.274313416,197.439039125,197.439039125,197.439039125,197.439039125,197.439039125,197.439039125,197.439039125,197.439039125,197.439039125,201.088765666,7,-7,1,1,3.54563995799998,2,2.15768116700002,196.980236958,196.981983666,197.439039125,197.27429975,NaN,NaN,NaN,NaN,,NaN,,196.9765525,196.980186041,None,NaN,NaN,,NaN,NaN,NaN,NaN,NaN,NaN,NaN,10,kitchen,2,2024-04-08_11h04.40.518,image_similarity_rating,2023.2.3,None,2024-04-08 11h04.52.405542 +0200
,101,132,26,26,stimuli/own/kitchen/101_kit.jpg,stimuli/own/kitchen/132_kit.jpg,NaN,NaN,NaN,NaN,NaN,NaN,NaN,NaN,0,25,25,25,201.09453025,NaN,NaN,NaN,NaN,NaN,NaN,NaN,,NaN,,201.378869708,201.54613425,201.54613425,201.54613425,201.54613425,201.54613425,201.54613425,201.54613425,201.54613425,201.54613425,211.82196425,-7,7,1,5,4.63364654200001,4,9.72509233300002,201.0926015,201.09453025,201.54613425,201.378856208,NaN,NaN,NaN,NaN,,NaN,,201.089016625,201.092552791,None,NaN,NaN,,NaN,NaN,NaN,NaN,NaN,NaN,NaN,10,kitchen,2,2024-04-08_11h04.40.518,image_similarity_rating,2023.2.3,None,2024-04-08 11h04.52.405542 +0200
,101,103,2,2,stimuli/own/kitchen/101_kit.jpg,stimuli/own/kitchen/103_kit.jpg,NaN,NaN,NaN,NaN,NaN,NaN,NaN,NaN,0,26,26,1,211.827752541,NaN,NaN,NaN,NaN,NaN,NaN,NaN,,NaN,,212.112197,212.2751795,212.2751795,212.2751795,212.2751795,212.2751795,212.2751795,212.2751795,212.2751795,212.2751795,216.401062541,-7,7,1,4,2.29386808299995,2,3.526777917,211.82599625,211.827752541,212.2751795,212.112185291,NaN,NaN,NaN,NaN,,NaN,,211.822206083,211.825944875,None,NaN,NaN,,NaN,NaN,NaN,NaN,NaN,NaN,NaN,10,kitchen,2,2024-04-08_11h04.40.518,image_similarity_rating,2023.2.3,None,2024-04-08 11h04.52.405542 +0200
,114,123,303,303,stimuli/own/kitchen/114_kit.jpg,stimuli/own/kitchen/123_kit.jpg,NaN,NaN,NaN,NaN,NaN,NaN,NaN,NaN,0,27,27,302,216.423370875,NaN,NaN,NaN,NaN,NaN,NaN,NaN,,NaN,,216.70732275,216.879781208,216.879781208,216.879781208,216.879781208,216.879781208,216.879781208,216.879781208,216.879781208,216.879781208,222.667335916,7,-7,1,2,4.33723349999997,4,5.076588458,216.404746458,216.423370875,NaN,216.707299916,NaN,NaN,NaN,NaN,,NaN,,216.40129,216.404699,None,NaN,NaN,,NaN,NaN,NaN,NaN,NaN,NaN,NaN,10,kitchen,2,2024-04-08_11h04.40.518,image_similarity_rating,2023.2.3,None,2024-04-08 11h04.52.405542 +0200
,130,132,542,542,stimuli/own/kitchen/130_kit.jpg,stimuli/own/kitchen/132_kit.jpg,NaN,NaN,NaN,NaN,NaN,NaN,NaN,NaN,0,28,28,541,222.67298475,NaN,NaN,NaN,NaN,NaN,NaN,NaN,,NaN,,222.95770075,223.125733791,223.125733791,223.125733791,223.125733791,223.125733791,223.125733791,223.125733791,223.125733791,223.125733791,228.6219915,7,-7,1,4,4.94666412499998,4,2.57063516599999,222.671010541,222.67298475,223.125733791,222.957682666,NaN,NaN,NaN,NaN,,NaN,,222.667559958,222.670963083,None,NaN,NaN,,NaN,NaN,NaN,NaN,NaN,NaN,NaN,10,kitchen,2,2024-04-08_11h04.40.518,image_similarity_rating,2023.2.3,None,2024-04-08 11h04.52.405542 +0200
,125,134,497,497,stimuli/own/kitchen/125_kit.jpg,stimuli/own/kitchen/134_kit.jpg,NaN,NaN,NaN,NaN,NaN,NaN,NaN,NaN,0,29,29,496,228.627655958,NaN,NaN,NaN,NaN,NaN,NaN,NaN,,NaN,,228.911659708,229.076897416,229.076897416,229.076897416,229.076897416,229.076897416,229.076897416,229.076897416,229.076897416,229.076897416,233.775480416,7,-7,1,3,2.48959458399997,3,3.93751183300003,228.62571875,228.627655958,229.076897416,228.911645208,NaN,NaN,NaN,NaN,,NaN,,228.622239375,228.625670291,None,NaN,NaN,,NaN,NaN,NaN,NaN,NaN,NaN,NaN,10,kitchen,2,2024-04-08_11h04.40.518,image_similarity_rating,2023.2.3,None,2024-04-08 11h04.52.405542 +0200
,126,131,508,508,stimuli/own/kitchen/126_kit.jpg,stimuli/own/kitchen/131_kit.jpg,NaN,NaN,NaN,NaN,NaN,NaN,NaN,NaN,0,30,30,507,233.781078958,NaN,NaN,NaN,NaN,NaN,NaN,NaN,,NaN,,234.074426875,234.246577041,234.246577041,234.246577041,234.246577041,234.246577041,234.246577041,234.246577041,234.246577041,234.246577041,239.679959041,-7,7,1,1,3.54322612499999,1,4.91962587500001,233.77914525,233.781078958,234.246577041,234.0744095,NaN,NaN,NaN,NaN,,NaN,,233.775704166,233.779097458,None,NaN,NaN,,NaN,NaN,NaN,NaN,NaN,NaN,NaN,10,kitchen,2,2024-04-08_11h04.40.518,image_similarity_rating,2023.2.3,None,2024-04-08 11h04.52.405542 +0200
,127,136,524,524,stimuli/own/kitchen/127_kit.jpg,stimuli/own/kitchen/136_kit.jpg,NaN,NaN,NaN,NaN,NaN,NaN,NaN,NaN,0,31,31,523,239.689808791,NaN,NaN,NaN,NaN,NaN,NaN,NaN,,NaN,,239.974280125,240.144313708,240.144313708,240.144313708,240.144313708,240.144313708,240.144313708,240.144313708,240.144313708,240.144313708,246.738344541,7,-7,1,3,4.81397470800005,2,6.01799550000004,239.683748083,239.689808791,240.144313708,239.974262833,NaN,NaN,NaN,NaN,,NaN,,239.680183375,239.68370025,None,NaN,NaN,,NaN,NaN,NaN,NaN,NaN,NaN,NaN,10,kitchen,2,2024-04-08_11h04.40.518,image_similarity_rating,2023.2.3,None,2024-04-08 11h04.52.405542 +0200
,140,141,595,595,stimuli/own/kitchen/140_kit.jpg,stimuli/own/kitchen/141_kit.jpg,NaN,NaN,NaN,NaN,NaN,NaN,NaN,NaN,0,32,32,594,246.743992708,NaN,NaN,NaN,NaN,NaN,NaN,NaN,,NaN,,247.028655041,247.20018975,247.20018975,247.20018975,247.20018975,247.20018975,247.20018975,247.20018975,247.20018975,247.20018975,254.159602208,7,-7,1,2,6.61462975000001,2,4.210786042,246.742057791,246.743992708,247.20018975,247.028637375,NaN,NaN,NaN,NaN,,NaN,,246.738581375,246.742009833,None,NaN,NaN,,NaN,NaN,NaN,NaN,NaN,NaN,NaN,10,kitchen,2,2024-04-08_11h04.40.518,image_similarity_rating,2023.2.3,None,2024-04-08 11h04.52.405542 +0200
,121,134,435,435,stimuli/own/kitchen/121_kit.jpg,stimuli/own/kitchen/134_kit.jpg,NaN,NaN,NaN,NaN,NaN,NaN,NaN,NaN,0,33,33,434,254.165458916,NaN,NaN,NaN,NaN,NaN,NaN,NaN,,NaN,,254.457518583,254.623353708,254.623353708,254.623353708,254.623353708,254.623353708,254.623353708,254.623353708,254.623353708,254.623353708,257.842096875,-7,7,1,2,2.729672333,2,1.89456129199999,254.163537208,254.165458916,254.623353708,254.457503125,NaN,NaN,NaN,NaN,,NaN,,254.159836458,254.163485083,None,NaN,NaN,,NaN,NaN,NaN,NaN,NaN,NaN,NaN,10,kitchen,2,2024-04-08_11h04.40.518,image_similarity_rating,2023.2.3,None,2024-04-08 11h04.52.405542 +0200
,103,111,72,72,stimuli/own/kitchen/103_kit.jpg,stimuli/own/kitchen/111_kit.jpg,NaN,NaN,NaN,NaN,NaN,NaN,NaN,NaN,0,34,34,71,257.847850583,NaN,NaN,NaN,NaN,NaN,NaN,NaN,,NaN,,258.140885333,258.310199625,258.310199625,258.310199625,258.310199625,258.310199625,258.310199625,258.310199625,258.310199625,258.310199625,262.879081708,7,-7,1,4,4.13057429200001,5,2.29126958399996,257.845920625,257.847850583,258.310199625,258.14086875,NaN,NaN,NaN,NaN,,NaN,,257.842322666,257.845872791,None,NaN,NaN,,NaN,NaN,NaN,NaN,NaN,NaN,NaN,10,kitchen,2,2024-04-08_11h04.40.518,image_similarity_rating,2023.2.3,None,2024-04-08 11h04.52.405542 +0200
,106,137,185,185,stimuli/own/kitchen/106_kit.jpg,stimuli/own/kitchen/137_kit.jpg,NaN,NaN,NaN,NaN,NaN,NaN,NaN,NaN,0,35,35,184,262.889585666,NaN,NaN,NaN,NaN,NaN,NaN,NaN,,NaN,,263.174227125,263.344800333,263.344800333,263.344800333,263.344800333,263.344800333,263.344800333,263.344800333,263.344800333,263.344800333,266.529672666,7,-7,1,3,2.71196962499999,3,1.86702587500002,262.882742583,262.889585666,263.344800333,263.174209125,NaN,NaN,NaN,NaN,,NaN,,262.879306708,262.882694666,None,NaN,NaN,,NaN,NaN,NaN,NaN,NaN,NaN,NaN,10,kitchen,2,2024-04-08_11h04.40.518,image_similarity_rating,2023.2.3,None,2024-04-08 11h04.52.405542 +0200
,106,135,183,183,stimuli/own/kitchen/106_kit.jpg,stimuli/own/kitchen/135_kit.jpg,NaN,NaN,NaN,NaN,NaN,NaN,NaN,NaN,0,36,36,182,266.539454958,NaN,NaN,NaN,NaN,NaN,NaN,NaN,,NaN,,266.824134291,266.990273708,266.990273708,266.990273708,266.990273708,266.990273708,266.990273708,266.990273708,266.990273708,266.990273708,274.809560833,7,-7,1,1,7.37861341600001,1,4.83756312500003,266.533360791,266.539454958,266.990273708,266.824114166,NaN,NaN,NaN,NaN,,NaN,,266.529911958,266.533312833,None,NaN,NaN,,NaN,NaN,NaN,NaN,NaN,NaN,NaN,10,kitchen,2,2024-04-08_11h04.40.518,image_similarity_rating,2023.2.3,None,2024-04-08 11h04.52.405542 +0200
,109,118,196,196,stimuli/own/kitchen/109_kit.jpg,stimuli/own/kitchen/118_kit.jpg,NaN,NaN,NaN,NaN,NaN,NaN,NaN,NaN,0,37,37,195,274.815091833,NaN,NaN,NaN,NaN,NaN,NaN,NaN,,NaN,,275.107465416,275.27298675,275.27298675,275.27298675,275.27298675,275.27298675,275.27298675,275.27298675,275.27298675,275.27298675,283.104952833,-7,7,1,4,7.45377020799998,2,4.968485542,274.813258458,274.815091833,275.27298675,275.107449833,NaN,NaN,NaN,NaN,,NaN,,274.80979925,274.813209583,None,NaN,NaN,,NaN,NaN,NaN,NaN,NaN,NaN,NaN,10,kitchen,2,2024-04-08_11h04.40.518,image_similarity_rating,2023.2.3,None,2024-04-08 11h04.52.405542 +0200
,104,126,117,117,stimuli/own/kitchen/104_kit.jpg,stimuli/own/kitchen/126_kit.jpg,NaN,NaN,NaN,NaN,NaN,NaN,NaN,NaN,0,38,38,116,283.11062075,NaN,NaN,NaN,NaN,NaN,NaN,NaN,,NaN,,283.395069333,283.561304791,283.561304791,283.561304791,283.561304791,283.561304791,283.561304791,283.561304791,283.561304791,283.561304791,289.645622958,7,-7,1,5,5.71019408300003,3,3.40330029100005,283.1086855,283.11062075,283.561304791,283.395057,NaN,NaN,NaN,NaN,,NaN,,283.105203583,283.1086375,None,NaN,NaN,,NaN,NaN,NaN,NaN,NaN,NaN,NaN,10,kitchen,2,2024-04-08_11h04.40.518,image_similarity_rating,2023.2.3,None,2024-04-08 11h04.52.405542 +0200
,104,132,122,122,stimuli/own/kitchen/104_kit.jpg,stimuli/own/kitchen/132_kit.jpg,NaN,NaN,NaN,NaN,NaN,NaN,NaN,NaN,0,39,39,121,289.656281041,NaN,NaN,NaN,NaN,NaN,NaN,NaN,,NaN,,289.940660875,290.105831833,290.105831833,290.105831833,290.105831833,290.105831833,290.105831833,290.105831833,290.105831833,290.105831833,295.791669541,7,-7,1,4,4.19493562500003,2,5.19940033299997,289.649294541,289.656281041,290.105831833,289.940640125,NaN,NaN,NaN,NaN,,NaN,,289.645845333,289.649246916,None,NaN,NaN,,NaN,NaN,NaN,NaN,NaN,NaN,NaN,10,kitchen,2,2024-04-08_11h04.40.518,image_similarity_rating,2023.2.3,None,2024-04-08 11h04.52.405542 +0200
,106,139,187,187,stimuli/own/kitchen/106_kit.jpg,stimuli/own/kitchen/139_kit.jpg,NaN,NaN,NaN,NaN,NaN,NaN,NaN,NaN,0,40,40,186,295.7972685,NaN,NaN,NaN,NaN,NaN,NaN,NaN,,NaN,,296.090563333,296.258702333,296.258702333,296.258702333,296.258702333,296.258702333,296.258702333,296.258702333,296.258702333,296.258702333,301.500664291,-7,7,1,3,5.31592825000001,2,2.84267545799997,295.795343375,295.7972685,296.258702333,296.09054475,NaN,NaN,NaN,NaN,,NaN,,295.791893083,295.795295375,None,NaN,NaN,,NaN,NaN,NaN,NaN,NaN,NaN,NaN,10,kitchen,2,2024-04-08_11h04.40.518,image_similarity_rating,2023.2.3,None,2024-04-08 11h04.52.405542 +0200
,129,134,533,533,stimuli/own/kitchen/129_kit.jpg,stimuli/own/kitchen/134_kit.jpg,NaN,NaN,NaN,NaN,NaN,NaN,NaN,NaN,0,41,41,532,301.522949291,NaN,NaN,NaN,NaN,NaN,NaN,NaN,,NaN,,301.806748916,301.973743458,301.973743458,301.973743458,301.973743458,301.973743458,301.973743458,301.973743458,301.973743458,301.973743458,305.555057541,7,-7,1,2,2.57806729200001,1,3.40701041699998,301.504343666,301.522949291,NaN,301.806728166,NaN,NaN,NaN,NaN,,NaN,,301.500886791,301.5042955,None,NaN,NaN,,NaN,NaN,NaN,NaN,NaN,NaN,NaN,10,kitchen,2,2024-04-08_11h04.40.518,image_similarity_rating,2023.2.3,None,2024-04-08 11h04.52.405542 +0200
,117,123,348,348,stimuli/own/kitchen/117_kit.jpg,stimuli/own/kitchen/123_kit.jpg,NaN,NaN,NaN,NaN,NaN,NaN,NaN,NaN,0,42,42,347,305.561116708,NaN,NaN,NaN,NaN,NaN,NaN,NaN,,NaN,,305.845440875,306.009841875,306.009841875,306.009841875,306.009841875,306.009841875,306.009841875,306.009841875,306.009841875,306.009841875,309.625107125,-7,7,1,3,2.54934841699998,2,3.49193500000001,305.559018791,305.561116708,306.009841875,305.845426625,NaN,NaN,NaN,NaN,,NaN,,305.555286166,305.558968166,None,NaN,NaN,,NaN,NaN,NaN,NaN,NaN,NaN,NaN,10,kitchen,2,2024-04-08_11h04.40.518,image_similarity_rating,2023.2.3,None,2024-04-08 11h04.52.405542 +0200
,125,136,499,499,stimuli/own/kitchen/125_kit.jpg,stimuli/own/kitchen/136_kit.jpg,NaN,NaN,NaN,NaN,NaN,NaN,NaN,NaN,0,43,43,498,309.631006875,NaN,NaN,NaN,NaN,NaN,NaN,NaN,,NaN,,309.923809208,310.088866083,310.088866083,310.088866083,310.088866083,310.088866083,310.088866083,310.088866083,310.088866083,310.088866083,312.971706458,7,-7,1,2,2.89419529200001,2,1.94229058299999,309.628900208,309.631006875,310.088866083,309.923795166,NaN,NaN,NaN,NaN,,NaN,,309.625328791,309.628852958,None,NaN,NaN,,NaN,NaN,NaN,NaN,NaN,NaN,NaN,10,kitchen,2,2024-04-08_11h04.40.518,image_similarity_rating,2023.2.3,None,2024-04-08 11h04.52.405542 +0200
,124,138,487,487,stimuli/own/kitchen/124_kit.jpg,stimuli/own/kitchen/138_kit.jpg,NaN,NaN,NaN,NaN,NaN,NaN,NaN,NaN,0,44,44,486,312.977335833,NaN,NaN,NaN,NaN,NaN,NaN,NaN,,NaN,,313.262379125,313.424699916,313.424699916,313.424699916,313.424699916,313.424699916,313.424699916,313.424699916,313.424699916,313.424699916,318.808360041,-7,7,1,6,4.13288270800001,2,5.30314966700001,312.975405666,312.977335833,313.424699916,313.262365666,NaN,NaN,NaN,NaN,,NaN,,312.971928958,312.975357333,None,NaN,NaN,,NaN,NaN,NaN,NaN,NaN,NaN,NaN,10,kitchen,2,2024-04-08_11h04.40.518,image_similarity_rating,2023.2.3,None,2024-04-08 11h04.52.405542 +0200
,117,138,361,361,stimuli/own/kitchen/117_kit.jpg,stimuli/own/kitchen/138_kit.jpg,NaN,NaN,NaN,NaN,NaN,NaN,NaN,NaN,0,45,45,360,318.814040041,NaN,NaN,NaN,NaN,NaN,NaN,NaN,,NaN,,319.107321541,319.273290375,319.273290375,319.273290375,319.273290375,319.273290375,319.273290375,319.273290375,319.273290375,319.273290375,323.762638125,7,-7,1,5,2.638607917,2,4.32837004199996,318.812267875,318.814040041,319.273290375,319.107306,NaN,NaN,NaN,NaN,,NaN,,318.808581375,318.812216541,None,NaN,NaN,,NaN,NaN,NaN,NaN,NaN,NaN,NaN,10,kitchen,2,2024-04-08_11h04.40.518,image_similarity_rating,2023.2.3,None,2024-04-08 11h04.52.405542 +0200
,105,121,142,142,stimuli/own/kitchen/105_kit.jpg,stimuli/own/kitchen/121_kit.jpg,NaN,NaN,NaN,NaN,NaN,NaN,NaN,NaN,0,46,46,141,323.7726505,NaN,NaN,NaN,NaN,NaN,NaN,NaN,,NaN,,324.057121875,324.225057666,324.225057666,324.225057666,324.225057666,324.225057666,324.225057666,324.225057666,324.225057666,324.225057666,328.304589375,-7,7,1,6,2.43019529100002,3,4.03190191600004,323.766517166,323.7726505,324.225057666,324.057105625,NaN,NaN,NaN,NaN,,NaN,,323.762861541,323.766465875,None,NaN,NaN,,NaN,NaN,NaN,NaN,NaN,NaN,NaN,10,kitchen,2,2024-04-08_11h04.40.518,image_similarity_rating,2023.2.3,None,2024-04-08 11h04.52.405542 +0200
,106,136,184,184,stimuli/own/kitchen/106_kit.jpg,stimuli/own/kitchen/136_kit.jpg,NaN,NaN,NaN,NaN,NaN,NaN,NaN,NaN,0,47,47,183,328.31023175,NaN,NaN,NaN,NaN,NaN,NaN,NaN,,NaN,,328.595023333,328.763632083,328.763632083,328.763632083,328.763632083,328.763632083,328.763632083,328.763632083,328.763632083,328.763632083,332.8168905,-7,7,1,2,4.09247033299999,2,2.091324375,328.308313625,328.31023175,328.763632083,328.59500825,NaN,NaN,NaN,NaN,,NaN,,328.304810833,328.308265625,None,NaN,NaN,,NaN,NaN,NaN,NaN,NaN,NaN,NaN,10,kitchen,2,2024-04-08_11h04.40.518,image_similarity_rating,2023.2.3,None,2024-04-08 11h04.52.405542 +0200
,118,132,377,377,stimuli/own/kitchen/118_kit.jpg,stimuli/own/kitchen/132_kit.jpg,NaN,NaN,NaN,NaN,NaN,NaN,NaN,NaN,0,48,48,376,332.822431875,NaN,NaN,NaN,NaN,NaN,NaN,NaN,,NaN,,333.107748375,333.272170875,333.272170875,333.272170875,333.272170875,333.272170875,333.272170875,333.272170875,333.272170875,333.272170875,336.291559833,7,-7,1,5,2.46393179199998,2,2.95773149999997,332.820620166,332.822431875,333.272170875,333.107730375,NaN,NaN,NaN,NaN,,NaN,,332.817112833,332.820572541,None,NaN,NaN,,NaN,NaN,NaN,NaN,NaN,NaN,NaN,10,kitchen,2,2024-04-08_11h04.40.518,image_similarity_rating,2023.2.3,None,2024-04-08 11h04.52.405542 +0200
,101,129,23,23,stimuli/own/kitchen/101_kit.jpg,stimuli/own/kitchen/129_kit.jpg,NaN,NaN,NaN,NaN,NaN,NaN,NaN,NaN,0,49,49,22,336.297425041,NaN,NaN,NaN,NaN,NaN,NaN,NaN,,NaN,,336.590471041,336.759497291,336.759497291,336.759497291,336.759497291,336.759497291,336.759497291,336.759497291,336.759497291,336.759497291,341.129019625,-7,7,1,2,2.30670366699997,2,4.11057833400002,336.295483875,336.297425041,336.759497291,336.590454375,NaN,NaN,NaN,NaN,,NaN,,336.291781166,336.295433,None,NaN,NaN,,NaN,NaN,NaN,NaN,NaN,NaN,NaN,10,kitchen,2,2024-04-08_11h04.40.518,image_similarity_rating,2023.2.3,None,2024-04-08 11h04.52.405542 +0200
,101,117,12,12,stimuli/own/kitchen/101_kit.jpg,stimuli/own/kitchen/117_kit.jpg,NaN,NaN,NaN,NaN,NaN,NaN,NaN,NaN,0,50,50,11,341.139592875,NaN,NaN,NaN,NaN,NaN,NaN,NaN,,NaN,,341.423671875,341.5908185,341.5908185,341.5908185,341.5908185,341.5908185,341.5908185,341.5908185,341.5908185,341.5908185,345.841679541,7,-7,1,5,4.31182283300001,4,3.19896070800002,341.132679916,341.139592875,341.5908185,341.423657583,NaN,NaN,NaN,NaN,,NaN,,341.129240458,341.132631791,None,NaN,NaN,,NaN,NaN,NaN,NaN,NaN,NaN,NaN,10,kitchen,2,2024-04-08_11h04.40.518,image_similarity_rating,2023.2.3,None,2024-04-08 11h04.52.405542 +0200
,105,113,135,135,stimuli/own/kitchen/105_kit.jpg,stimuli/own/kitchen/113_kit.jpg,NaN,NaN,NaN,NaN,NaN,NaN,NaN,NaN,0,51,51,134,345.847397375,NaN,NaN,NaN,NaN,NaN,NaN,NaN,,NaN,,346.140499291,346.309291166,346.309291166,346.309291166,346.309291166,346.309291166,346.309291166,346.309291166,346.309291166,346.309291166,349.54209825,7,-7,1,3,3.29360929200004,2,2.38295008299997,345.845467916,345.847397375,346.309291166,346.140475625,NaN,NaN,NaN,NaN,,NaN,,345.841899958,345.845420125,None,NaN,NaN,,NaN,NaN,NaN,NaN,NaN,NaN,NaN,10,kitchen,2,2024-04-08_11h04.40.518,image_similarity_rating,2023.2.3,None,2024-04-08 11h04.52.405542 +0200
,124,132,482,482,stimuli/own/kitchen/124_kit.jpg,stimuli/own/kitchen/132_kit.jpg,NaN,NaN,NaN,NaN,NaN,NaN,NaN,NaN,0,52,52,481,349.547675541,NaN,NaN,NaN,NaN,NaN,NaN,NaN,,NaN,,349.840216208,350.005656541,350.005656541,350.005656541,350.005656541,350.005656541,350.005656541,350.005656541,350.005656541,350.005656541,354.912835625,7,-7,1,3,4.83008537500001,4,3.90914358399999,349.545751208,349.547675541,350.005656541,349.840202625,NaN,NaN,NaN,NaN,,NaN,,349.542319458,349.545704,None,NaN,NaN,,NaN,NaN,NaN,NaN,NaN,NaN,NaN,10,kitchen,2,2024-04-08_11h04.40.518,image_similarity_rating,2023.2.3,None,2024-04-08 11h04.52.405542 +0200
,101,139,32,32,stimuli/own/kitchen/101_kit.jpg,stimuli/own/kitchen/139_kit.jpg,NaN,NaN,NaN,NaN,NaN,NaN,NaN,NaN,0,53,53,31,354.922477416,NaN,NaN,NaN,NaN,NaN,NaN,NaN,,NaN,,355.207059,355.373046125,355.373046125,355.373046125,355.373046125,355.373046125,355.373046125,355.373046125,355.373046125,355.373046125,357.541491291,7,-7,1,2,2.18099274999997,2,1.43896241700003,354.916867625,354.922477416,355.373046125,355.207043125,NaN,NaN,NaN,NaN,,NaN,,354.913062833,354.916817166,None,NaN,NaN,,NaN,NaN,NaN,NaN,NaN,NaN,NaN,10,kitchen,2,2024-04-08_11h04.40.518,image_similarity_rating,2023.2.3,None,2024-04-08 11h04.52.405542 +0200
,103,104,68,68,stimuli/own/kitchen/103_kit.jpg,stimuli/own/kitchen/104_kit.jpg,NaN,NaN,NaN,NaN,NaN,NaN,NaN,NaN,0,54,54,67,357.547180916,NaN,NaN,NaN,NaN,NaN,NaN,NaN,,NaN,,357.840350916,358.003747833,358.003747833,358.003747833,358.003747833,358.003747833,358.003747833,358.003747833,358.003747833,358.003747833,361.388048458,7,-7,1,4,2.878510667,2,3.36098854199997,357.545232875,357.547180916,358.003747833,357.840337333,NaN,NaN,NaN,NaN,,NaN,,357.541712458,357.545184791,None,NaN,NaN,,NaN,NaN,NaN,NaN,NaN,NaN,NaN,10,kitchen,2,2024-04-08_11h04.40.518,image_similarity_rating,2023.2.3,None,2024-04-08 11h04.52.405542 +0200
,106,120,170,170,stimuli/own/kitchen/106_kit.jpg,stimuli/own/kitchen/120_kit.jpg,NaN,NaN,NaN,NaN,NaN,NaN,NaN,NaN,0,55,55,169,361.393657458,NaN,NaN,NaN,NaN,NaN,NaN,NaN,,NaN,,361.677310375,361.840658625,361.840658625,361.840658625,361.840658625,361.840658625,361.840658625,361.840658625,361.840658625,361.840658625,366.008193208,-7,7,1,3,4.16293504099997,1,1.47354250000001,361.391743125,361.393657458,361.840658625,361.677296666,NaN,NaN,NaN,NaN,,NaN,,361.388293791,361.391695541,None,NaN,NaN,,NaN,NaN,NaN,NaN,NaN,NaN,NaN,10,kitchen,2,2024-04-08_11h04.40.518,image_similarity_rating,2023.2.3,None,2024-04-08 11h04.52.405542 +0200
,138,139,590,590,stimuli/own/kitchen/138_kit.jpg,stimuli/own/kitchen/139_kit.jpg,NaN,NaN,NaN,NaN,NaN,NaN,NaN,NaN,0,56,56,589,366.013794291,NaN,NaN,NaN,NaN,NaN,NaN,NaN,,NaN,,366.306910708,366.472866375,366.472866375,366.472866375,366.472866375,366.472866375,366.472866375,366.472866375,366.472866375,366.472866375,369.2166855,-7,7,1,2,2.71646654099999,2,2.10187095800001,366.011864708,366.013794291,366.472866375,366.306884791,NaN,NaN,NaN,NaN,,NaN,,366.008416541,366.01181675,None,NaN,NaN,,NaN,NaN,NaN,NaN,NaN,NaN,NaN,10,kitchen,2,2024-04-08_11h04.40.518,image_similarity_rating,2023.2.3,None,2024-04-08 11h04.52.405542 +0200
,119,134,398,398,stimuli/own/kitchen/119_kit.jpg,stimuli/own/kitchen/134_kit.jpg,NaN,NaN,NaN,NaN,NaN,NaN,NaN,NaN,0,57,57,397,369.239018833,NaN,NaN,NaN,NaN,NaN,NaN,NaN,,NaN,,369.52350775,369.694701833,369.694701833,369.694701833,369.694701833,369.694701833,369.694701833,369.694701833,369.694701833,369.694701833,373.237907625,7,-7,1,3,2.65129424999998,1,3.47061320800003,369.220582125,369.239018833,NaN,369.523475208,NaN,NaN,NaN,NaN,,NaN,,369.216909375,369.220530625,None,NaN,NaN,,NaN,NaN,NaN,NaN,NaN,NaN,NaN,10,kitchen,2,2024-04-08_11h04.40.518,image_similarity_rating,2023.2.3,None,2024-04-08 11h04.52.405542 +0200
,109,127,205,205,stimuli/own/kitchen/109_kit.jpg,stimuli/own/kitchen/127_kit.jpg,NaN,NaN,NaN,NaN,NaN,NaN,NaN,NaN,0,58,58,204,373.24359625,NaN,NaN,NaN,NaN,NaN,NaN,NaN,,NaN,,373.52839275,373.692012708,373.692012708,373.692012708,373.692012708,373.692012708,373.692012708,373.692012708,373.692012708,373.692012708,375.787719208,7,-7,1,2,2.15565974999998,2,1.46593437500002,373.24185725,373.24359625,373.692012708,373.528382375,NaN,NaN,NaN,NaN,,NaN,,373.238149625,373.241805333,None,NaN,NaN,,NaN,NaN,NaN,NaN,NaN,NaN,NaN,10,kitchen,2,2024-04-08_11h04.40.518,image_similarity_rating,2023.2.3,None,2024-04-08 11h04.52.405542 +0200
,105,117,138,598,stimuli/own/kitchen/105_kit.jpg,stimuli/own/kitchen/117_kit.jpg,NaN,NaN,NaN,NaN,NaN,NaN,NaN,NaN,0,59,59,597,375.793149958,NaN,NaN,NaN,NaN,NaN,NaN,NaN,,NaN,,376.078839,376.241464375,376.241464375,376.241464375,376.241464375,376.241464375,376.241464375,376.241464375,376.241464375,376.241464375,379.209576458,-7,7,1,5,2.33600916700004,2,2.954856667,375.791373875,375.793149958,376.241464375,376.078828083,NaN,NaN,NaN,NaN,,NaN,,375.787938916,375.791326416,None,NaN,NaN,,NaN,NaN,NaN,NaN,NaN,NaN,NaN,10,kitchen,2,2024-04-08_11h04.40.518,image_similarity_rating,2023.2.3,None,2024-04-08 11h04.52.405542 +0200
,112,139,268,268,stimuli/own/kitchen/112_kit.jpg,stimuli/own/kitchen/139_kit.jpg,NaN,NaN,NaN,NaN,NaN,NaN,NaN,NaN,0,60,60,267,379.222384333,NaN,NaN,NaN,NaN,NaN,NaN,NaN,,NaN,,379.507156125,379.671683083,379.671683083,379.671683083,379.671683083,379.671683083,379.671683083,379.671683083,379.671683083,379.671683083,381.604452,7,-7,1,2,1.99405687500001,2,1.24600587500004,379.213297208,379.222384333,379.671683083,379.507140583,NaN,NaN,NaN,NaN,,NaN,,379.209801875,379.213247541,None,NaN,NaN,,NaN,NaN,NaN,NaN,NaN,NaN,NaN,10,kitchen,2,2024-04-08_11h04.40.518,image_similarity_rating,2023.2.3,None,2024-04-08 11h04.52.405542 +0200
,101,130,24,24,stimuli/own/kitchen/101_kit.jpg,stimuli/own/kitchen/130_kit.jpg,NaN,NaN,NaN,NaN,NaN,NaN,NaN,NaN,0,61,61,23,381.610095583,NaN,NaN,NaN,NaN,NaN,NaN,NaN,,NaN,,381.894252916,382.056705208,382.056705208,382.056705208,382.056705208,382.056705208,382.056705208,382.056705208,382.056705208,382.056705208,384.687369791,-7,7,1,2,1.30030933300003,3,2.54434137499999,381.608149458,381.610095583,382.056705208,381.894242208,NaN,NaN,NaN,NaN,,NaN,,381.604693541,381.608102375,None,NaN,NaN,,NaN,NaN,NaN,NaN,NaN,NaN,NaN,10,kitchen,2,2024-04-08_11h04.40.518,image_similarity_rating,2023.2.3,None,2024-04-08 11h04.52.405542 +0200
,131,134,552,552,stimuli/own/kitchen/131_kit.jpg,stimuli/own/kitchen/134_kit.jpg,NaN,NaN,NaN,NaN,NaN,NaN,NaN,NaN,0,62,62,551,384.693019875,NaN,NaN,NaN,NaN,NaN,NaN,NaN,,NaN,,384.978007791,385.150556208,385.150556208,385.150556208,385.150556208,385.150556208,385.150556208,385.150556208,385.150556208,385.150556208,389.329170166,7,-7,1,1,4.21929112499998,1,2.28176137499997,384.691087458,384.693019875,385.150556208,384.977992583,NaN,NaN,NaN,NaN,,NaN,,384.687596083,384.691039791,None,NaN,NaN,,NaN,NaN,NaN,NaN,NaN,NaN,NaN,10,kitchen,2,2024-04-08_11h04.40.518,image_similarity_rating,2023.2.3,None,2024-04-08 11h04.52.405542 +0200
,112,122,253,253,stimuli/own/kitchen/112_kit.jpg,stimuli/own/kitchen/122_kit.jpg,NaN,NaN,NaN,NaN,NaN,NaN,NaN,NaN,0,63,63,252,389.338917416,NaN,NaN,NaN,NaN,NaN,NaN,NaN,,NaN,,390.556752666,390.724043583,390.724043583,390.724043583,390.724043583,390.724043583,390.724043583,390.724043583,390.724043583,390.724043583,398.099760541,-7,7,2,5,6.77216479199996,2,7.30146241700004,390.265188583,390.272920958,390.724043583,390.556738208,NaN,NaN,NaN,NaN,,NaN,,389.329402958,390.263867708,space,389.338917416,0.92478616599999,None,NaN,NaN,NaN,NaN,NaN,NaN,NaN,10,kitchen,2,2024-04-08_11h04.40.518,image_similarity_rating,2023.2.3,None,2024-04-08 11h04.52.405542 +0200
,114,136,314,314,stimuli/own/kitchen/114_kit.jpg,stimuli/own/kitchen/136_kit.jpg,NaN,NaN,NaN,NaN,NaN,NaN,NaN,NaN,0,64,64,313,398.122658,NaN,NaN,NaN,NaN,NaN,NaN,NaN,,NaN,,398.406339791,398.573773208,398.573773208,398.573773208,398.573773208,398.573773208,398.573773208,398.573773208,398.573773208,398.573773208,405.562234375,7,-7,2,3,5.546987,2,6.89197558399997,398.104050625,398.122658,NaN,398.406303375,NaN,NaN,NaN,NaN,,NaN,,398.099980208,398.104002166,None,NaN,NaN,,NaN,NaN,NaN,NaN,NaN,NaN,NaN,10,kitchen,2,2024-04-08_11h04.40.518,image_similarity_rating,2023.2.3,None,2024-04-08 11h04.52.405542 +0200
,105,124,145,145,stimuli/own/kitchen/105_kit.jpg,stimuli/own/kitchen/124_kit.jpg,NaN,NaN,NaN,NaN,NaN,NaN,NaN,NaN,0,65,65,144,405.572389458,NaN,NaN,NaN,NaN,NaN,NaN,NaN,,NaN,,405.856787166,406.026018541,406.026018541,406.026018541,406.026018541,406.026018541,406.026018541,406.026018541,406.026018541,406.026018541,410.533242375,7,-7,2,2,3.43457879199997,2,4.43134004199999,405.566265416,405.572389458,406.026018541,405.856770541,NaN,NaN,NaN,NaN,,NaN,,405.562455375,405.566215791,None,NaN,NaN,,NaN,NaN,NaN,NaN,NaN,NaN,NaN,10,kitchen,2,2024-04-08_11h04.40.518,image_similarity_rating,2023.2.3,None,2024-04-08 11h04.52.405542 +0200
,101,138,31,31,stimuli/own/kitchen/101_kit.jpg,stimuli/own/kitchen/138_kit.jpg,NaN,NaN,NaN,NaN,NaN,NaN,NaN,NaN,0,66,66,30,410.538818083,NaN,NaN,NaN,NaN,NaN,NaN,NaN,,NaN,,410.823392166,410.990157458,410.990157458,410.990157458,410.990157458,410.990157458,410.990157458,410.990157458,410.990157458,410.990157458,417.345485958,-7,7,2,3,6.31701712500001,5,4.89218791600001,410.536988875,410.538818083,410.990157458,410.823376333,NaN,NaN,NaN,NaN,,NaN,,410.533463,410.536941541,None,NaN,NaN,,NaN,NaN,NaN,NaN,NaN,NaN,NaN,10,kitchen,2,2024-04-08_11h04.40.518,image_similarity_rating,2023.2.3,None,2024-04-08 11h04.52.405542 +0200
,111,131,235,235,stimuli/own/kitchen/111_kit.jpg,stimuli/own/kitchen/131_kit.jpg,NaN,NaN,NaN,NaN,NaN,NaN,NaN,NaN,0,67,67,234,417.355638708,NaN,NaN,NaN,NaN,NaN,NaN,NaN,,NaN,,417.640039291,417.806651916,417.806651916,417.806651916,417.806651916,417.806651916,417.806651916,417.806651916,417.806651916,417.806651916,420.407851875,-7,7,2,2,2.62499491700004,1,1.82739983299996,417.349135916,417.355638708,417.806651916,417.640024458,NaN,NaN,NaN,NaN,,NaN,,417.345706041,417.349088791,None,NaN,NaN,,NaN,NaN,NaN,NaN,NaN,NaN,NaN,10,kitchen,2,2024-04-08_11h04.40.518,image_similarity_rating,2023.2.3,None,2024-04-08 11h04.52.405542 +0200
,123,131,466,466,stimuli/own/kitchen/123_kit.jpg,stimuli/own/kitchen/131_kit.jpg,NaN,NaN,NaN,NaN,NaN,NaN,NaN,NaN,0,68,68,465,420.413607541,NaN,NaN,NaN,NaN,NaN,NaN,NaN,,NaN,,420.707668833,420.871217666,420.871217666,420.871217666,420.871217666,420.871217666,420.871217666,420.871217666,420.871217666,420.871217666,427.174530833,-7,7,2,2,5.27123625000002,1,6.04330983300002,420.411800041,420.413607541,420.871217666,420.707654375,NaN,NaN,NaN,NaN,,NaN,,420.40806975,420.411749125,None,NaN,NaN,,NaN,NaN,NaN,NaN,NaN,NaN,NaN,10,kitchen,2,2024-04-08_11h04.40.518,image_similarity_rating,2023.2.3,None,2024-04-08 11h04.52.405542 +0200
,118,137,381,381,stimuli/own/kitchen/118_kit.jpg,stimuli/own/kitchen/137_kit.jpg,NaN,NaN,NaN,NaN,NaN,NaN,NaN,NaN,0,69,69,380,427.180400375,NaN,NaN,NaN,NaN,NaN,NaN,NaN,,NaN,,427.473348375,427.64048525,427.64048525,427.64048525,427.64048525,427.64048525,427.64048525,427.64048525,427.64048525,427.64048525,432.79988575,-7,7,2,1,5.14456674999997,1,4.140389583,427.178440791,427.180400375,427.64048525,427.473333083,NaN,NaN,NaN,NaN,,NaN,,427.174751416,427.178391166,None,NaN,NaN,,NaN,NaN,NaN,NaN,NaN,NaN,NaN,10,kitchen,2,2024-04-08_11h04.40.518,image_similarity_rating,2023.2.3,None,2024-04-08 11h04.52.405542 +0200
,127,134,522,522,stimuli/own/kitchen/127_kit.jpg,stimuli/own/kitchen/134_kit.jpg,NaN,NaN,NaN,NaN,NaN,NaN,NaN,NaN,0,70,70,521,432.822319125,NaN,NaN,NaN,NaN,NaN,NaN,NaN,,NaN,,433.106343375,433.277060041,433.277060041,433.277060041,433.277060041,433.277060041,433.277060041,433.277060041,433.277060041,433.277060041,439.024514333,-7,7,2,3,3.40010108400003,5,5.66093408299997,432.8037875,432.822319125,NaN,433.106321375,NaN,NaN,NaN,NaN,,NaN,,432.800109708,432.803737291,None,NaN,NaN,,NaN,NaN,NaN,NaN,NaN,NaN,NaN,10,kitchen,2,2024-04-08_11h04.40.518,image_similarity_rating,2023.2.3,None,2024-04-08 11h04.52.405542 +0200
,113,118,274,274,stimuli/own/kitchen/113_kit.jpg,stimuli/own/kitchen/118_kit.jpg,NaN,NaN,NaN,NaN,NaN,NaN,NaN,NaN,0,71,71,273,439.030406958,NaN,NaN,NaN,NaN,NaN,NaN,NaN,,NaN,,439.323376041,439.49100475,439.49100475,439.49100475,439.49100475,439.49100475,439.49100475,439.49100475,439.49100475,439.49100475,444.016395625,7,-7,2,3,4.56375295800001,1,3.43733625000004,439.028417958,439.030406958,439.49100475,439.323349875,NaN,NaN,NaN,NaN,,NaN,,439.024732208,439.028368041,None,NaN,NaN,,NaN,NaN,NaN,NaN,NaN,NaN,NaN,10,kitchen,2,2024-04-08_11h04.40.518,image_similarity_rating,2023.2.3,None,2024-04-08 11h04.52.405542 +0200
,119,122,388,388,stimuli/own/kitchen/119_kit.jpg,stimuli/own/kitchen/122_kit.jpg,NaN,NaN,NaN,NaN,NaN,NaN,NaN,NaN,0,72,72,387,444.021953083,NaN,NaN,NaN,NaN,NaN,NaN,NaN,,NaN,,444.307800375,444.472116125,444.472116125,444.472116125,444.472116125,444.472116125,444.472116125,444.472116125,444.472116125,444.472116125,448.582827041,-7,7,2,2,4.08275083299998,4,2.57156833300007,444.020052208,444.021953083,444.472116125,444.307787375,NaN,NaN,NaN,NaN,,NaN,,444.016613666,444.020005166,None,NaN,NaN,,NaN,NaN,NaN,NaN,NaN,NaN,NaN,10,kitchen,2,2024-04-08_11h04.40.518,image_similarity_rating,2023.2.3,None,2024-04-08 11h04.52.405542 +0200
,113,135,289,289,stimuli/own/kitchen/113_kit.jpg,stimuli/own/kitchen/135_kit.jpg,NaN,NaN,NaN,NaN,NaN,NaN,NaN,NaN,0,73,73,288,448.588338875,NaN,NaN,NaN,NaN,NaN,NaN,NaN,,NaN,,448.87337525,449.038269541,449.038269541,449.038269541,449.038269541,449.038269541,449.038269541,449.038269541,449.038269541,449.038269541,454.14174975,-7,7,2,2,5.10259712499999,2,3.10025587500002,448.586578125,448.588338875,449.038269541,448.873359625,NaN,NaN,NaN,NaN,,NaN,,448.583049625,448.586531083,None,NaN,NaN,,NaN,NaN,NaN,NaN,NaN,NaN,NaN,10,kitchen,2,2024-04-08_11h04.40.518,image_similarity_rating,2023.2.3,None,2024-04-08 11h04.52.405542 +0200
,105,109,132,132,stimuli/own/kitchen/105_kit.jpg,stimuli/own/kitchen/109_kit.jpg,NaN,NaN,NaN,NaN,NaN,NaN,NaN,NaN,0,74,74,131,454.155714458,NaN,NaN,NaN,NaN,NaN,NaN,NaN,,NaN,,454.439912416,454.60469775,454.60469775,454.60469775,454.60469775,454.60469775,454.60469775,454.60469775,454.60469775,454.60469775,456.987290875,7,-7,2,2,1.56426399999998,2,2.321979833,454.14596925,454.155714458,454.60469775,454.439895625,NaN,NaN,NaN,NaN,,NaN,,454.141994708,454.145914625,None,NaN,NaN,,NaN,NaN,NaN,NaN,NaN,NaN,NaN,10,kitchen,2,2024-04-08_11h04.40.518,image_similarity_rating,2023.2.3,None,2024-04-08 11h04.52.405542 +0200
,134,139,572,572,stimuli/own/kitchen/134_kit.jpg,stimuli/own/kitchen/139_kit.jpg,NaN,NaN,NaN,NaN,NaN,NaN,NaN,NaN,0,75,75,571,456.992865916,NaN,NaN,NaN,NaN,NaN,NaN,NaN,,NaN,,457.277096166,457.442662333,457.442662333,457.442662333,457.442662333,457.442662333,457.442662333,457.442662333,457.442662333,457.442662333,462.504513416,7,-7,2,2,4.00324612500003,3,2.718841333,456.990988375,456.992865916,457.442662333,457.277084291,NaN,NaN,NaN,NaN,,NaN,,456.987511291,456.990940875,None,NaN,NaN,,NaN,NaN,NaN,NaN,NaN,NaN,NaN,10,kitchen,2,2024-04-08_11h04.40.518,image_similarity_rating,2023.2.3,None,2024-04-08 11h04.52.405542 +0200
,136,137,581,581,stimuli/own/kitchen/136_kit.jpg,stimuli/own/kitchen/137_kit.jpg,NaN,NaN,NaN,NaN,NaN,NaN,NaN,NaN,0,76,76,580,462.51049625,NaN,NaN,NaN,NaN,NaN,NaN,NaN,,NaN,,462.794567791,462.959159791,462.959159791,462.959159791,462.959159791,462.959159791,462.959159791,462.959159791,462.959159791,462.959159791,468.99102875,-7,7,2,4,5.31633179099993,1,6.02049679100003,462.508237166,462.51049625,462.959159791,462.794556708,NaN,NaN,NaN,NaN,,NaN,,462.504733083,462.508190083,None,NaN,NaN,,NaN,NaN,NaN,NaN,NaN,NaN,NaN,10,kitchen,2,2024-04-08_11h04.40.518,image_similarity_rating,2023.2.3,None,2024-04-08 11h04.52.405542 +0200
,114,125,305,305,stimuli/own/kitchen/114_kit.jpg,stimuli/own/kitchen/125_kit.jpg,NaN,NaN,NaN,NaN,NaN,NaN,NaN,NaN,0,77,77,304,468.996858083,NaN,NaN,NaN,NaN,NaN,NaN,NaN,,NaN,,469.289948625,469.459159541,469.459159541,469.459159541,469.459159541,469.459159541,469.459159541,469.459159541,469.459159541,469.459159541,474.970649875,7,-7,2,4,4.83705191700005,2,5.46277258399994,468.994928458,468.996858083,469.459159541,469.289931041,NaN,NaN,NaN,NaN,,NaN,,468.991249083,468.99487825,None,NaN,NaN,,NaN,NaN,NaN,NaN,NaN,NaN,NaN,10,kitchen,2,2024-04-08_11h04.40.518,image_similarity_rating,2023.2.3,None,2024-04-08 11h04.52.405542 +0200
,116,135,336,336,stimuli/own/kitchen/116_kit.jpg,stimuli/own/kitchen/135_kit.jpg,NaN,NaN,NaN,NaN,NaN,NaN,NaN,NaN,0,78,78,335,474.976294208,NaN,NaN,NaN,NaN,NaN,NaN,NaN,,NaN,,475.260389916,475.424701375,475.424701375,475.424701375,475.424701375,475.424701375,475.424701375,475.424701375,475.424701375,475.424701375,478.432791,-7,7,2,5,2.31348187499998,2,2.98511220799992,474.974482541,474.976294208,475.424701375,475.260373625,NaN,NaN,NaN,NaN,,NaN,,474.970888,474.974434125,None,NaN,NaN,,NaN,NaN,NaN,NaN,NaN,NaN,NaN,10,kitchen,2,2024-04-08_11h04.40.518,image_similarity_rating,2023.2.3,None,2024-04-08 11h04.52.405542 +0200
,117,132,356,356,stimuli/own/kitchen/117_kit.jpg,stimuli/own/kitchen/132_kit.jpg,NaN,NaN,NaN,NaN,NaN,NaN,NaN,NaN,0,79,79,355,478.438397333,NaN,NaN,NaN,NaN,NaN,NaN,NaN,,NaN,,478.72319575,478.889077541,478.889077541,478.889077541,478.889077541,478.889077541,478.889077541,478.889077541,478.889077541,478.889077541,484.71194475,-7,7,2,4,2.83041487499997,2,5.72519654199994,478.436545458,478.438397333,478.889077541,478.723176166,NaN,NaN,NaN,NaN,,NaN,,478.433011916,478.436497708,None,NaN,NaN,,NaN,NaN,NaN,NaN,NaN,NaN,NaN,10,kitchen,2,2024-04-08_11h04.40.518,image_similarity_rating,2023.2.3,None,2024-04-08 11h04.52.405542 +0200
,103,116,76,76,stimuli/own/kitchen/103_kit.jpg,stimuli/own/kitchen/116_kit.jpg,NaN,NaN,NaN,NaN,NaN,NaN,NaN,NaN,0,80,80,75,484.721846041,NaN,NaN,NaN,NaN,NaN,NaN,NaN,,NaN,,485.006463625,485.172482625,485.172482625,485.172482625,485.172482625,485.172482625,485.172482625,485.172482625,485.172482625,485.172482625,491.916111916,-7,7,2,6,3.94165987500003,3,6.68200787500007,484.7156055,484.721846041,485.172482625,485.006447041,NaN,NaN,NaN,NaN,,NaN,,484.712170791,484.715558291,None,NaN,NaN,,NaN,NaN,NaN,NaN,NaN,NaN,NaN,10,kitchen,2,2024-04-08_11h04.40.518,image_similarity_rating,2023.2.3,None,2024-04-08 11h04.52.405542 +0200
,114,137,315,315,stimuli/own/kitchen/114_kit.jpg,stimuli/own/kitchen/137_kit.jpg,NaN,NaN,NaN,NaN,NaN,NaN,NaN,NaN,0,81,81,314,491.921749666,NaN,NaN,NaN,NaN,NaN,NaN,NaN,,NaN,,492.206512458,492.37174825,492.37174825,492.37174825,492.37174825,492.37174825,492.37174825,492.37174825,492.37174825,492.37174825,494.971133833,7,-7,2,2,2.59785979199989,2,1.79282224999997,491.919761541,491.921749666,492.37174825,492.206496458,NaN,NaN,NaN,NaN,,NaN,,491.916329,491.919714333,None,NaN,NaN,,NaN,NaN,NaN,NaN,NaN,NaN,NaN,10,kitchen,2,2024-04-08_11h04.40.518,image_similarity_rating,2023.2.3,None,2024-04-08 11h04.52.405542 +0200
,106,123,173,173,stimuli/own/kitchen/106_kit.jpg,stimuli/own/kitchen/123_kit.jpg,NaN,NaN,NaN,NaN,NaN,NaN,NaN,NaN,0,82,82,172,494.976845208,NaN,NaN,NaN,NaN,NaN,NaN,NaN,,NaN,,495.261119708,495.425790958,495.425790958,495.425790958,495.425790958,495.425790958,495.425790958,495.425790958,495.425790958,495.425790958,498.457928333,-7,7,2,3,2.446395833,2,2.98904637500004,494.974916,494.976845208,495.425790958,495.261106041,NaN,NaN,NaN,NaN,,NaN,,494.971350916,494.97486875,None,NaN,NaN,,NaN,NaN,NaN,NaN,NaN,NaN,NaN,10,kitchen,2,2024-04-08_11h04.40.518,image_similarity_rating,2023.2.3,None,2024-04-08 11h04.52.405542 +0200
,124,134,483,483,stimuli/own/kitchen/124_kit.jpg,stimuli/own/kitchen/134_kit.jpg,NaN,NaN,NaN,NaN,NaN,NaN,NaN,NaN,0,83,83,482,498.463669958,NaN,NaN,NaN,NaN,NaN,NaN,NaN,,NaN,,498.756505416,498.923818416,498.923818416,498.923818416,498.923818416,498.923818416,498.923818416,498.923818416,498.923818416,498.923818416,503.295164041,-7,7,2,4,3.45813629199995,2,4.28590195799995,498.461705833,498.463669958,498.923818416,498.756486791,NaN,NaN,NaN,NaN,,NaN,,498.458159916,498.461657458,None,NaN,NaN,,NaN,NaN,NaN,NaN,NaN,NaN,NaN,10,kitchen,2,2024-04-08_11h04.40.518,image_similarity_rating,2023.2.3,None,2024-04-08 11h04.52.405542 +0200
,111,135,238,238,stimuli/own/kitchen/111_kit.jpg,stimuli/own/kitchen/135_kit.jpg,NaN,NaN,NaN,NaN,NaN,NaN,NaN,NaN,0,84,84,237,503.305219916,NaN,NaN,NaN,NaN,NaN,NaN,NaN,,NaN,,503.589815916,503.761866375,503.761866375,503.761866375,503.761866375,503.761866375,503.761866375,503.761866375,503.761866375,503.761866375,509.394989041,7,-7,2,5,4.19125604199996,5,5.53593791699996,503.298816375,503.305219916,503.761866375,503.589791916,NaN,NaN,NaN,NaN,,NaN,,503.295383541,503.298769791,None,NaN,NaN,,NaN,NaN,NaN,NaN,NaN,NaN,NaN,10,kitchen,2,2024-04-08_11h04.40.518,image_similarity_rating,2023.2.3,None,2024-04-08 11h04.52.405542 +0200
,126,129,506,506,stimuli/own/kitchen/126_kit.jpg,stimuli/own/kitchen/129_kit.jpg,NaN,NaN,NaN,NaN,NaN,NaN,NaN,NaN,0,85,85,505,509.405258125,NaN,NaN,NaN,NaN,NaN,NaN,NaN,,NaN,,509.68991975,509.854856125,509.854856125,509.854856125,509.854856125,509.854856125,509.854856125,509.854856125,509.854856125,509.854856125,516.008378333,7,-7,2,3,4.78822804100002,2,6.11481479099996,509.398793125,509.405258125,509.854856125,509.6898995,NaN,NaN,NaN,NaN,,NaN,,509.395211291,509.398745625,None,NaN,NaN,,NaN,NaN,NaN,NaN,NaN,NaN,NaN,10,kitchen,2,2024-04-08_11h04.40.518,image_similarity_rating,2023.2.3,None,2024-04-08 11h04.52.405542 +0200
,125,130,494,494,stimuli/own/kitchen/125_kit.jpg,stimuli/own/kitchen/130_kit.jpg,NaN,NaN,NaN,NaN,NaN,NaN,NaN,NaN,0,86,86,493,516.014153666,NaN,NaN,NaN,NaN,NaN,NaN,NaN,,NaN,,516.306387791,516.477733666,516.477733666,516.477733666,516.477733666,516.477733666,516.477733666,516.477733666,516.477733666,516.477733666,519.4453295,-7,7,2,5,2.23829608300002,2,2.93139458299993,516.0120555,516.014153666,516.477733666,516.306370583,NaN,NaN,NaN,NaN,,NaN,,516.008602625,516.012008125,None,NaN,NaN,,NaN,NaN,NaN,NaN,NaN,NaN,NaN,10,kitchen,2,2024-04-08_11h04.40.518,image_similarity_rating,2023.2.3,None,2024-04-08 11h04.52.405542 +0200
,118,124,370,370,stimuli/own/kitchen/118_kit.jpg,stimuli/own/kitchen/124_kit.jpg,NaN,NaN,NaN,NaN,NaN,NaN,NaN,NaN,0,87,87,369,519.455140916,NaN,NaN,NaN,NaN,NaN,NaN,NaN,,NaN,,519.739569333,519.906172375,519.906172375,519.906172375,519.906172375,519.906172375,519.906172375,519.906172375,519.906172375,519.906172375,523.565804833,7,-7,2,5,2.27821379199997,1,3.52220650000004,519.448996083,519.455140916,519.906172375,519.73955425,NaN,NaN,NaN,NaN,,NaN,,519.445549166,519.448949041,None,NaN,NaN,,NaN,NaN,NaN,NaN,NaN,NaN,NaN,10,kitchen,2,2024-04-08_11h04.40.518,image_similarity_rating,2023.2.3,None,2024-04-08 11h04.52.405542 +0200
,103,120,80,80,stimuli/own/kitchen/103_kit.jpg,stimuli/own/kitchen/120_kit.jpg,NaN,NaN,NaN,NaN,NaN,NaN,NaN,NaN,0,88,88,79,523.571363666,NaN,NaN,NaN,NaN,NaN,NaN,NaN,,NaN,,523.856298166,524.021351208,524.021351208,524.021351208,524.021351208,524.021351208,524.021351208,524.021351208,524.021351208,524.021351208,527.111931375,-7,7,2,1,2.80676787499999,1,1.94334408299994,523.56945725,523.571363666,524.021351208,523.856284458,NaN,NaN,NaN,NaN,,NaN,,523.566028166,523.56941075,None,NaN,NaN,,NaN,NaN,NaN,NaN,NaN,NaN,NaN,10,kitchen,2,2024-04-08_11h04.40.518,image_similarity_rating,2023.2.3,None,2024-04-08 11h04.52.405542 +0200
,104,131,121,121,stimuli/own/kitchen/104_kit.jpg,stimuli/own/kitchen/131_kit.jpg,NaN,NaN,NaN,NaN,NaN,NaN,NaN,NaN,0,89,89,120,527.1217545,NaN,NaN,NaN,NaN,NaN,NaN,NaN,,NaN,,527.406535041,527.5701155,527.5701155,527.5701155,527.5701155,527.5701155,527.5701155,527.5701155,527.5701155,527.5701155,531.757488666,7,-7,2,2,4.26115370899993,2,2.35734166700001,527.115610208,527.1217545,527.5701155,527.406521166,NaN,NaN,NaN,NaN,,NaN,,527.112151625,527.115563125,None,NaN,NaN,,NaN,NaN,NaN,NaN,NaN,NaN,NaN,10,kitchen,2,2024-04-08_11h04.40.518,image_similarity_rating,2023.2.3,None,2024-04-08 11h04.52.405542 +0200
,102,116,44,44,stimuli/own/kitchen/102_kit.jpg,stimuli/own/kitchen/116_kit.jpg,NaN,NaN,NaN,NaN,NaN,NaN,NaN,NaN,0,90,90,43,531.763218416,NaN,NaN,NaN,NaN,NaN,NaN,NaN,,NaN,,532.056232208,532.221043291,532.221043291,532.221043291,532.221043291,532.221043291,532.221043291,532.221043291,532.221043291,532.221043291,537.76164725,-7,7,2,2,5.57320787499998,2,3.24020779099999,531.761305291,531.763218416,532.221043291,532.056218666,NaN,NaN,NaN,NaN,,NaN,,531.757707916,531.761258041,None,NaN,NaN,,NaN,NaN,NaN,NaN,NaN,NaN,NaN,10,kitchen,2,2024-04-08_11h04.40.518,image_similarity_rating,2023.2.3,None,2024-04-08 11h04.52.405542 +0200
,120,123,408,408,stimuli/own/kitchen/120_kit.jpg,stimuli/own/kitchen/123_kit.jpg,NaN,NaN,NaN,NaN,NaN,NaN,NaN,NaN,0,91,91,407,537.771774833,NaN,NaN,NaN,NaN,NaN,NaN,NaN,,NaN,,538.056330166,538.219644041,538.219644041,538.219644041,538.219644041,538.219644041,538.219644041,538.219644041,538.219644041,538.219644041,542.870435,-7,7,2,3,4.63490949999994,1,3.4082138330001,537.765341166,537.771774833,538.219644041,538.056319541,NaN,NaN,NaN,NaN,,NaN,,537.761870708,537.765293375,None,NaN,NaN,,NaN,NaN,NaN,NaN,NaN,NaN,NaN,10,kitchen,2,2024-04-08_11h04.40.518,image_similarity_rating,2023.2.3,None,2024-04-08 11h04.52.405542 +0200
,111,138,241,241,stimuli/own/kitchen/111_kit.jpg,stimuli/own/kitchen/138_kit.jpg,NaN,NaN,NaN,NaN,NaN,NaN,NaN,NaN,0,92,92,240,542.876090083,NaN,NaN,NaN,NaN,NaN,NaN,NaN,,NaN,,543.160340375,543.329680583,543.329680583,543.329680583,543.329680583,543.329680583,543.329680583,543.329680583,543.329680583,543.329680583,548.674277708,7,-7,2,5,3.75613804199998,3,5.25154587500003,542.874168375,542.876090083,543.329680583,543.160323583,NaN,NaN,NaN,NaN,,NaN,,542.870687541,542.8741205,None,NaN,NaN,,NaN,NaN,NaN,NaN,NaN,NaN,NaN,10,kitchen,2,2024-04-08_11h04.40.518,image_similarity_rating,2023.2.3,None,2024-04-08 11h04.52.405542 +0200
,112,120,251,251,stimuli/own/kitchen/112_kit.jpg,stimuli/own/kitchen/120_kit.jpg,NaN,NaN,NaN,NaN,NaN,NaN,NaN,NaN,0,93,93,250,548.679745833,NaN,NaN,NaN,NaN,NaN,NaN,NaN,,NaN,,548.973028833,549.140920583,549.140920583,549.140920583,549.140920583,549.140920583,549.140920583,549.140920583,549.140920583,549.140920583,554.711458958,7,-7,2,2,3.71552995800005,2,5.47373308300007,548.677949708,548.679745833,549.140920583,548.973013375,NaN,NaN,NaN,NaN,,NaN,,548.674498,548.677902958,None,NaN,NaN,,NaN,NaN,NaN,NaN,NaN,NaN,NaN,10,kitchen,2,2024-04-08_11h04.40.518,image_similarity_rating,2023.2.3,None,2024-04-08 11h04.52.405542 +0200
,111,129,233,233,stimuli/own/kitchen/111_kit.jpg,stimuli/own/kitchen/129_kit.jpg,NaN,NaN,NaN,NaN,NaN,NaN,NaN,NaN,0,94,94,232,554.721689125,NaN,NaN,NaN,NaN,NaN,NaN,NaN,,NaN,,555.006191416,555.173391458,555.173391458,555.173391458,555.173391458,555.173391458,555.173391458,555.173391458,555.173391458,555.173391458,565.057227958,-7,7,2,2,8.88506908299996,2,8.0593678329999,554.715221125,554.721689125,555.173391458,555.006175083,NaN,NaN,NaN,NaN,,NaN,,554.711679291,554.7151735,None,NaN,NaN,,NaN,NaN,NaN,NaN,NaN,NaN,NaN,10,kitchen,2,2024-04-08_11h04.40.518,image_similarity_rating,2023.2.3,None,2024-04-08 11h04.52.405542 +0200
,111,127,232,232,stimuli/own/kitchen/111_kit.jpg,stimuli/own/kitchen/127_kit.jpg,NaN,NaN,NaN,NaN,NaN,NaN,NaN,NaN,0,95,95,231,565.062857666,NaN,NaN,NaN,NaN,NaN,NaN,NaN,,NaN,,565.356132416,565.523531875,565.523531875,565.523531875,565.523531875,565.523531875,565.523531875,565.523531875,565.523531875,565.523531875,570.8001285,-7,7,2,3,5.26068704199997,3,3.87344470800008,565.060904833,565.062857666,565.523531875,565.356104416,NaN,NaN,NaN,NaN,,NaN,,565.057452666,565.060858041,None,NaN,NaN,,NaN,NaN,NaN,NaN,NaN,NaN,NaN,10,kitchen,2,2024-04-08_11h04.40.518,image_similarity_rating,2023.2.3,None,2024-04-08 11h04.52.405542 +0200
,111,141,244,244,stimuli/own/kitchen/111_kit.jpg,stimuli/own/kitchen/141_kit.jpg,NaN,NaN,NaN,NaN,NaN,NaN,NaN,NaN,0,96,96,243,570.806104833,NaN,NaN,NaN,NaN,NaN,NaN,NaN,,NaN,,571.090393,571.255677791,571.255677791,571.255677791,571.255677791,571.255677791,571.255677791,571.255677791,571.255677791,571.255677791,577.049483791,-7,7,2,2,3.67740187499999,4,5.73204824999993,570.804079,570.806104833,571.255677791,571.090377958,NaN,NaN,NaN,NaN,,NaN,,570.800346666,570.804028083,None,NaN,NaN,,NaN,NaN,NaN,NaN,NaN,NaN,NaN,10,kitchen,2,2024-04-08_11h04.40.518,image_similarity_rating,2023.2.3,None,2024-04-08 11h04.52.405542 +0200
,101,105,4,4,stimuli/own/kitchen/101_kit.jpg,stimuli/own/kitchen/105_kit.jpg,NaN,NaN,NaN,NaN,NaN,NaN,NaN,NaN,0,97,97,3,577.071370291,NaN,NaN,NaN,NaN,NaN,NaN,NaN,,NaN,,577.355642083,577.530437875,577.530437875,577.530437875,577.530437875,577.530437875,577.530437875,577.530437875,577.530437875,577.530437875,585.1322235,-7,7,2,4,7.70494729199993,5,5.04198020799993,577.053259125,577.071370291,NaN,577.355616041,NaN,NaN,NaN,NaN,,NaN,,577.049702458,577.053212375,None,NaN,NaN,,NaN,NaN,NaN,NaN,NaN,NaN,NaN,10,kitchen,2,2024-04-08_11h04.40.518,image_similarity_rating,2023.2.3,None,2024-04-08 11h04.52.405542 +0200
,101,111,7,7,stimuli/own/kitchen/101_kit.jpg,stimuli/own/kitchen/111_kit.jpg,NaN,NaN,NaN,NaN,NaN,NaN,NaN,NaN,0,98,98,6,585.137982125,NaN,NaN,NaN,NaN,NaN,NaN,NaN,,NaN,,585.422707583,585.5912635,585.5912635,585.5912635,585.5912635,585.5912635,585.5912635,585.5912635,585.5912635,585.5912635,590.56995325,7,-7,2,3,4.98931116699998,3,2.39766300000008,585.1360885,585.137982125,585.5912635,585.422685458,NaN,NaN,NaN,NaN,,NaN,,585.132444041,585.136038583,None,NaN,NaN,,NaN,NaN,NaN,NaN,NaN,NaN,NaN,10,kitchen,2,2024-04-08_11h04.40.518,image_similarity_rating,2023.2.3,None,2024-04-08 11h04.52.405542 +0200
,112,132,262,610,stimuli/own/kitchen/112_kit.jpg,stimuli/own/kitchen/132_kit.jpg,NaN,NaN,NaN,NaN,NaN,NaN,NaN,NaN,0,99,99,609,590.575426916,NaN,NaN,NaN,NaN,NaN,NaN,NaN,,NaN,,590.8599665,591.024550708,591.024550708,591.024550708,591.024550708,591.024550708,591.024550708,591.024550708,591.024550708,591.024550708,596.520557541,7,-7,2,4,5.46767875,2,2.61614033299998,590.573614333,590.575426916,591.024550708,590.859953375,NaN,NaN,NaN,NaN,,NaN,,590.570173708,590.5735675,None,NaN,NaN,,NaN,NaN,NaN,NaN,NaN,NaN,NaN,10,kitchen,2,2024-04-08_11h04.40.518,image_similarity_rating,2023.2.3,None,2024-04-08 11h04.52.405542 +0200
,109,120,198,198,stimuli/own/kitchen/109_kit.jpg,stimuli/own/kitchen/120_kit.jpg,NaN,NaN,NaN,NaN,NaN,NaN,NaN,NaN,0,100,100,197,596.525979458,NaN,NaN,NaN,NaN,NaN,NaN,NaN,,NaN,,596.810963458,596.981422958,596.981422958,596.981422958,596.981422958,596.981422958,596.981422958,596.981422958,596.981422958,596.981422958,600.107324291,7,-7,2,3,3.18798670900003,1,2.20999737500006,596.524225166,596.525979458,596.981422958,596.810948125,NaN,NaN,NaN,NaN,,NaN,,596.520777583,596.52417775,None,NaN,NaN,,NaN,NaN,NaN,NaN,NaN,NaN,NaN,10,kitchen,2,2024-04-08_11h04.40.518,image_similarity_rating,2023.2.3,None,2024-04-08 11h04.52.405542 +0200
,113,138,292,292,stimuli/own/kitchen/113_kit.jpg,stimuli/own/kitchen/138_kit.jpg,NaN,NaN,NaN,NaN,NaN,NaN,NaN,NaN,0,101,101,291,600.112781708,NaN,NaN,NaN,NaN,NaN,NaN,NaN,,NaN,,600.406038416,600.571579541,600.571579541,600.571579541,600.571579541,600.571579541,600.571579541,600.571579541,600.571579541,600.571579541,604.494926333,-7,7,2,2,3.94555041700005,2,2.65614025000002,600.110955083,600.112781708,600.571579541,600.406019875,NaN,NaN,NaN,NaN,,NaN,,600.107540625,600.110907791,None,NaN,NaN,,NaN,NaN,NaN,NaN,NaN,NaN,NaN,10,kitchen,2,2024-04-08_11h04.40.518,image_similarity_rating,2023.2.3,None,2024-04-08 11h04.52.405542 +0200
,121,126,429,429,stimuli/own/kitchen/121_kit.jpg,stimuli/own/kitchen/126_kit.jpg,NaN,NaN,NaN,NaN,NaN,NaN,NaN,NaN,0,102,102,428,604.504825458,NaN,NaN,NaN,NaN,NaN,NaN,NaN,,NaN,,604.789249583,604.954581583,604.954581583,604.954581583,604.954581583,604.954581583,604.954581583,604.954581583,604.954581583,604.954581583,609.257053166,7,-7,2,2,1.34478137500003,1,3.63139258299998,604.498860375,604.504825458,604.954581583,604.789234625,NaN,NaN,NaN,NaN,,NaN,,604.495147708,604.498810333,None,NaN,NaN,,NaN,NaN,NaN,NaN,NaN,NaN,NaN,10,kitchen,2,2024-04-08_11h04.40.518,image_similarity_rating,2023.2.3,None,2024-04-08 11h04.52.405542 +0200
,105,114,136,136,stimuli/own/kitchen/105_kit.jpg,stimuli/own/kitchen/114_kit.jpg,NaN,NaN,NaN,NaN,NaN,NaN,NaN,NaN,0,103,103,135,609.262542583,NaN,NaN,NaN,NaN,NaN,NaN,NaN,,NaN,,609.555910041,609.727136041,609.727136041,609.727136041,609.727136041,609.727136041,609.727136041,609.727136041,609.727136041,609.727136041,614.000419833,-7,7,2,2,4.31677691600009,4,3.48317295900006,609.260764666,609.262542583,609.727136041,609.555892166,NaN,NaN,NaN,NaN,,NaN,,609.2572755,609.2607175,None,NaN,NaN,,NaN,NaN,NaN,NaN,NaN,NaN,NaN,10,kitchen,2,2024-04-08_11h04.40.518,image_similarity_rating,2023.2.3,None,2024-04-08 11h04.52.405542 +0200
,105,125,146,146,stimuli/own/kitchen/105_kit.jpg,stimuli/own/kitchen/125_kit.jpg,NaN,NaN,NaN,NaN,NaN,NaN,NaN,NaN,0,104,104,145,614.005974208,NaN,NaN,NaN,NaN,NaN,NaN,NaN,,NaN,,614.289210333,614.456457791,614.456457791,614.456457791,614.456457791,614.456457791,614.456457791,614.456457791,614.456457791,614.456457791,616.6072815,-7,7,2,2,1.30453679200002,2,2.04952008299995,614.004170166,614.005974208,614.456457791,614.2891945,NaN,NaN,NaN,NaN,,NaN,,614.000635916,614.004124,None,NaN,NaN,,NaN,NaN,NaN,NaN,NaN,NaN,NaN,10,kitchen,2,2024-04-08_11h04.40.518,image_similarity_rating,2023.2.3,None,2024-04-08 11h04.52.405542 +0200
,121,125,428,428,stimuli/own/kitchen/121_kit.jpg,stimuli/own/kitchen/125_kit.jpg,NaN,NaN,NaN,NaN,NaN,NaN,NaN,NaN,0,105,105,427,616.61278375,NaN,NaN,NaN,NaN,NaN,NaN,NaN,,NaN,,616.906004333,617.070408791,617.070408791,617.070408791,617.070408791,617.070408791,617.070408791,617.070408791,617.070408791,617.070408791,623.282354416,-7,7,2,2,4.80068337500006,1,6.08169429100008,616.611008333,616.61278375,617.070408791,616.90599075,NaN,NaN,NaN,NaN,,NaN,,616.607501291,616.610961416,None,NaN,NaN,,NaN,NaN,NaN,NaN,NaN,NaN,NaN,10,kitchen,2,2024-04-08_11h04.40.518,image_similarity_rating,2023.2.3,None,2024-04-08 11h04.52.405542 +0200
,105,140,159,159,stimuli/own/kitchen/105_kit.jpg,stimuli/own/kitchen/140_kit.jpg,NaN,NaN,NaN,NaN,NaN,NaN,NaN,NaN,0,106,106,158,623.28783225,NaN,NaN,NaN,NaN,NaN,NaN,NaN,,NaN,,623.572760583,623.74441375,623.74441375,623.74441375,623.74441375,623.74441375,623.74441375,623.74441375,623.74441375,623.74441375,629.911405583,7,-7,2,1,6.19514916599996,1,1.66059520800002,623.2860035,623.28783225,623.74441375,623.57273825,NaN,NaN,NaN,NaN,,NaN,,623.282581583,623.285956375,None,NaN,NaN,,NaN,NaN,NaN,NaN,NaN,NaN,NaN,10,kitchen,2,2024-04-08_11h04.40.518,image_similarity_rating,2023.2.3,None,2024-04-08 11h04.52.405542 +0200
,123,132,467,467,stimuli/own/kitchen/123_kit.jpg,stimuli/own/kitchen/132_kit.jpg,NaN,NaN,NaN,NaN,NaN,NaN,NaN,NaN,0,107,107,466,629.921197041,NaN,NaN,NaN,NaN,NaN,NaN,NaN,,NaN,,630.205870583,630.374214,630.374214,630.374214,630.374214,630.374214,630.374214,630.374214,630.374214,630.374214,635.133212166,7,-7,2,4,3.61812758400004,2,4.74475766699993,629.915085041,629.921197041,630.374214,630.2058535,NaN,NaN,NaN,NaN,,NaN,,629.911634291,629.915038083,None,NaN,NaN,,NaN,NaN,NaN,NaN,NaN,NaN,NaN,10,kitchen,2,2024-04-08_11h04.40.518,image_similarity_rating,2023.2.3,None,2024-04-08 11h04.52.405542 +0200
,117,122,347,347,stimuli/own/kitchen/117_kit.jpg,stimuli/own/kitchen/122_kit.jpg,NaN,NaN,NaN,NaN,NaN,NaN,NaN,NaN,0,108,108,346,635.139366333,NaN,NaN,NaN,NaN,NaN,NaN,NaN,,NaN,,635.422500208,635.587424791,635.587424791,635.587424791,635.587424791,635.587424791,635.587424791,635.587424791,635.587424791,635.587424791,638.994557458,-7,7,2,5,2.13875091600005,5,3.14592754199998,635.136993083,635.139366333,635.587424791,635.422485708,NaN,NaN,NaN,NaN,,NaN,,635.133436583,635.13694375,None,NaN,NaN,,NaN,NaN,NaN,NaN,NaN,NaN,NaN,10,kitchen,2,2024-04-08_11h04.40.518,image_similarity_rating,2023.2.3,None,2024-04-08 11h04.52.405542 +0200
,117,137,360,360,stimuli/own/kitchen/117_kit.jpg,stimuli/own/kitchen/137_kit.jpg,NaN,NaN,NaN,NaN,NaN,NaN,NaN,NaN,0,109,109,359,639.004664541,NaN,NaN,NaN,NaN,NaN,NaN,NaN,,NaN,,639.289208,639.45965375,639.45965375,639.45965375,639.45965375,639.45965375,639.45965375,639.45965375,639.45965375,639.45965375,643.744428375,7,-7,2,2,4.24872629200001,1,2.46738949999997,638.998216291,639.004664541,639.45965375,639.289186583,NaN,NaN,NaN,NaN,,NaN,,638.994782791,638.998167458,None,NaN,NaN,,NaN,NaN,NaN,NaN,NaN,NaN,NaN,10,kitchen,2,2024-04-08_11h04.40.518,image_similarity_rating,2023.2.3,None,2024-04-08 11h04.52.405542 +0200
,109,135,211,211,stimuli/own/kitchen/109_kit.jpg,stimuli/own/kitchen/135_kit.jpg,NaN,NaN,NaN,NaN,NaN,NaN,NaN,NaN,0,110,110,210,643.754487208,NaN,NaN,NaN,NaN,NaN,NaN,NaN,,NaN,,644.039076,644.204540833,644.204540833,644.204540833,644.204540833,644.204540833,644.204540833,644.204540833,644.204540833,644.204540833,657.44846325,-7,7,2,3,11.792824292,1,9.66192262499999,643.748092875,643.754487208,644.204540833,644.039060958,NaN,NaN,NaN,NaN,,NaN,,643.744650791,643.748043791,None,NaN,NaN,,NaN,NaN,NaN,NaN,NaN,NaN,NaN,10,kitchen,2,2024-04-08_11h04.40.518,image_similarity_rating,2023.2.3,None,2024-04-08 11h04.52.405542 +0200
,111,124,229,229,stimuli/own/kitchen/111_kit.jpg,stimuli/own/kitchen/124_kit.jpg,NaN,NaN,NaN,NaN,NaN,NaN,NaN,NaN,0,111,111,228,657.454163,NaN,NaN,NaN,NaN,NaN,NaN,NaN,,NaN,,657.739084833,657.903495958,657.903495958,657.903495958,657.903495958,657.903495958,657.903495958,657.903495958,657.903495958,657.903495958,666.590606833,7,-7,2,5,8.73414887499996,3,6.45668220799996,657.452256458,657.454163,657.903495958,657.739070208,NaN,NaN,NaN,NaN,,NaN,,657.448686666,657.45221025,None,NaN,NaN,,NaN,NaN,NaN,NaN,NaN,NaN,NaN,10,kitchen,2,2024-04-08_11h04.40.518,image_similarity_rating,2023.2.3,None,2024-04-08 11h04.52.405542 +0200
,119,139,403,403,stimuli/own/kitchen/119_kit.jpg,stimuli/own/kitchen/139_kit.jpg,NaN,NaN,NaN,NaN,NaN,NaN,NaN,NaN,0,112,112,402,666.596171208,NaN,NaN,NaN,NaN,NaN,NaN,NaN,,NaN,,666.889051416,667.053857625,667.053857625,667.053857625,667.053857625,667.053857625,667.053857625,667.053857625,667.053857625,667.053857625,671.378150458,7,-7,2,2,4.27086450000002,2,2.17026425000006,666.594240166,666.596171208,667.053857625,666.889038083,NaN,NaN,NaN,NaN,,NaN,,666.590827083,666.594193125,None,NaN,NaN,,NaN,NaN,NaN,NaN,NaN,NaN,NaN,10,kitchen,2,2024-04-08_11h04.40.518,image_similarity_rating,2023.2.3,None,2024-04-08 11h04.52.405542 +0200
,101,109,6,6,stimuli/own/kitchen/101_kit.jpg,stimuli/own/kitchen/109_kit.jpg,NaN,NaN,NaN,NaN,NaN,NaN,NaN,NaN,0,113,113,5,671.387771208,NaN,NaN,NaN,NaN,NaN,NaN,NaN,,NaN,,671.673408375,671.838663791,671.838663791,671.838663791,671.838663791,671.838663791,671.838663791,671.838663791,671.838663791,671.838663791,676.070236583,7,-7,2,3,4.24208558300006,1,2.71921333399996,671.381804125,671.387771208,671.838663791,671.673390083,NaN,NaN,NaN,NaN,,NaN,,671.378370166,671.381757333,None,NaN,NaN,,NaN,NaN,NaN,NaN,NaN,NaN,NaN,10,kitchen,2,2024-04-08_11h04.40.518,image_similarity_rating,2023.2.3,None,2024-04-08 11h04.52.405542 +0200
,118,140,384,384,stimuli/own/kitchen/118_kit.jpg,stimuli/own/kitchen/140_kit.jpg,NaN,NaN,NaN,NaN,NaN,NaN,NaN,NaN,0,114,114,383,676.075822958,NaN,NaN,NaN,NaN,NaN,NaN,NaN,,NaN,,676.360641083,676.523961791,676.523961791,676.523961791,676.523961791,676.523961791,676.523961791,676.523961791,676.523961791,676.523961791,680.798538291,7,-7,2,4,3.44048099999998,2,4.26201545900005,676.073901708,676.075822958,676.523961791,676.3606275,NaN,NaN,NaN,NaN,,NaN,,676.070463416,676.073854583,None,NaN,NaN,,NaN,NaN,NaN,NaN,NaN,NaN,NaN,10,kitchen,2,2024-04-08_11h04.40.518,image_similarity_rating,2023.2.3,None,2024-04-08 11h04.52.405542 +0200
,118,130,375,375,stimuli/own/kitchen/118_kit.jpg,stimuli/own/kitchen/130_kit.jpg,NaN,NaN,NaN,NaN,NaN,NaN,NaN,NaN,0,115,115,374,680.804442,NaN,NaN,NaN,NaN,NaN,NaN,NaN,,NaN,,681.089104833,681.257392875,681.257392875,681.257392875,681.257392875,681.257392875,681.257392875,681.257392875,681.257392875,681.257392875,684.936317208,7,-7,2,3,2.39306579100003,1,3.54231041600008,680.802277791,680.804442,681.257392875,681.089087291,NaN,NaN,NaN,NaN,,NaN,,680.798760416,680.8022305,None,NaN,NaN,,NaN,NaN,NaN,NaN,NaN,NaN,NaN,10,kitchen,2,2024-04-08_11h04.40.518,image_similarity_rating,2023.2.3,None,2024-04-08 11h04.52.405542 +0200
,103,135,93,93,stimuli/own/kitchen/103_kit.jpg,stimuli/own/kitchen/135_kit.jpg,NaN,NaN,NaN,NaN,NaN,NaN,NaN,NaN,0,116,116,92,684.94209525,NaN,NaN,NaN,NaN,NaN,NaN,NaN,,NaN,,685.22690525,685.395267875,685.395267875,685.395267875,685.395267875,685.395267875,685.395267875,685.395267875,685.395267875,685.395267875,689.856762,-7,7,2,5,4.47233087500001,5,3.64463075000003,684.940084166,684.94209525,685.395267875,685.226890666,NaN,NaN,NaN,NaN,,NaN,,684.936537875,684.940036625,None,NaN,NaN,,NaN,NaN,NaN,NaN,NaN,NaN,NaN,10,kitchen,2,2024-04-08_11h04.40.518,image_similarity_rating,2023.2.3,None,2024-04-08 11h04.52.405542 +0200
,118,123,369,369,stimuli/own/kitchen/118_kit.jpg,stimuli/own/kitchen/123_kit.jpg,NaN,NaN,NaN,NaN,NaN,NaN,NaN,NaN,0,117,117,368,689.862468541,NaN,NaN,NaN,NaN,NaN,NaN,NaN,,NaN,,690.156300291,690.320716083,690.320716083,690.320716083,690.320716083,690.320716083,690.320716083,690.320716083,690.320716083,690.320716083,695.656769041,-7,7,2,4,5.34565316600003,3,3.93403179200004,689.8603655,689.862468541,690.320716083,690.156283375,NaN,NaN,NaN,NaN,,NaN,,689.856981416,689.860319083,None,NaN,NaN,,NaN,NaN,NaN,NaN,NaN,NaN,NaN,10,kitchen,2,2024-04-08_11h04.40.518,image_similarity_rating,2023.2.3,None,2024-04-08 11h04.52.405542 +0200
,121,138,439,439,stimuli/own/kitchen/121_kit.jpg,stimuli/own/kitchen/138_kit.jpg,NaN,NaN,NaN,NaN,NaN,NaN,NaN,NaN,0,118,118,438,695.66229175,NaN,NaN,NaN,NaN,NaN,NaN,NaN,,NaN,,695.955700041,696.121076041,696.121076041,696.121076041,696.121076041,696.121076041,696.121076041,696.121076041,696.121076041,696.121076041,701.823366458,7,-7,2,3,4.38662775,4,5.57847850000007,695.660366791,695.66229175,696.121076041,695.95568625,NaN,NaN,NaN,NaN,,NaN,,695.656989166,695.660319958,None,NaN,NaN,,NaN,NaN,NaN,NaN,NaN,NaN,NaN,10,kitchen,2,2024-04-08_11h04.40.518,image_similarity_rating,2023.2.3,None,2024-04-08 11h04.52.405542 +0200
,117,118,343,343,stimuli/own/kitchen/117_kit.jpg,stimuli/own/kitchen/118_kit.jpg,NaN,NaN,NaN,NaN,NaN,NaN,NaN,NaN,0,119,119,342,701.829000166,NaN,NaN,NaN,NaN,NaN,NaN,NaN,,NaN,,702.12303475,702.294617916,702.294617916,702.294617916,702.294617916,702.294617916,702.294617916,702.294617916,702.294617916,702.294617916,706.660794833,7,-7,2,4,4.35334712499991,2,2.01331341599996,701.8270715,701.829000166,702.294617916,702.123018708,NaN,NaN,NaN,NaN,,NaN,,701.823587458,701.8270245,None,NaN,NaN,,NaN,NaN,NaN,NaN,NaN,NaN,NaN,10,kitchen,2,2024-04-08_11h04.40.518,image_similarity_rating,2023.2.3,None,2024-04-08 11h04.52.405542 +0200
,111,113,219,219,stimuli/own/kitchen/111_kit.jpg,stimuli/own/kitchen/113_kit.jpg,NaN,NaN,NaN,NaN,NaN,NaN,NaN,NaN,0,120,120,218,706.670863708,NaN,NaN,NaN,NaN,NaN,NaN,NaN,,NaN,,706.956078208,707.121101,707.121101,707.121101,707.121101,707.121101,707.121101,707.121101,707.121101,707.121101,711.769886166,-7,7,2,2,4.60667470800001,3,1.9916776660001,706.664407833,706.670863708,707.121101,706.956063958,NaN,NaN,NaN,NaN,,NaN,,706.661015875,706.6643605,None,NaN,NaN,,NaN,NaN,NaN,NaN,NaN,NaN,NaN,10,kitchen,2,2024-04-08_11h04.40.518,image_similarity_rating,2023.2.3,None,2024-04-08 11h04.52.405542 +0200
,119,141,405,405,stimuli/own/kitchen/119_kit.jpg,stimuli/own/kitchen/141_kit.jpg,NaN,NaN,NaN,NaN,NaN,NaN,NaN,NaN,0,121,121,404,711.775620375,NaN,NaN,NaN,NaN,NaN,NaN,NaN,,NaN,,712.059825458,712.223970875,712.223970875,712.223970875,712.223970875,712.223970875,712.223970875,712.223970875,712.223970875,712.223970875,717.919727583,7,-7,2,1,3.30806329200004,2,5.63269374999993,711.773546875,711.775620375,712.223970875,712.059811333,NaN,NaN,NaN,NaN,,NaN,,711.77013025,711.77349975,None,NaN,NaN,,NaN,NaN,NaN,NaN,NaN,NaN,NaN,10,kitchen,2,2024-04-08_11h04.40.518,image_similarity_rating,2023.2.3,None,2024-04-08 11h04.52.405542 +0200
,120,134,417,417,stimuli/own/kitchen/120_kit.jpg,stimuli/own/kitchen/134_kit.jpg,NaN,NaN,NaN,NaN,NaN,NaN,NaN,NaN,0,122,122,416,717.925665083,NaN,NaN,NaN,NaN,NaN,NaN,NaN,,NaN,,718.209687833,718.377813333,718.377813333,718.377813333,718.377813333,718.377813333,718.377813333,718.377813333,718.377813333,718.377813333,723.686256,-7,7,2,2,3.2678655420001,2,5.28355166699998,717.923425916,717.925665083,718.377813333,718.209674375,NaN,NaN,NaN,NaN,,NaN,,717.919976541,717.923378416,None,NaN,NaN,,NaN,NaN,NaN,NaN,NaN,NaN,NaN,10,kitchen,2,2024-04-08_11h04.40.518,image_similarity_rating,2023.2.3,None,2024-04-08 11h04.52.405542 +0200
,104,123,114,114,stimuli/own/kitchen/104_kit.jpg,stimuli/own/kitchen/123_kit.jpg,NaN,NaN,NaN,NaN,NaN,NaN,NaN,NaN,0,123,123,113,723.691853875,NaN,NaN,NaN,NaN,NaN,NaN,NaN,,NaN,,723.976204833,724.143672625,724.143672625,724.143672625,724.143672625,724.143672625,724.143672625,724.143672625,724.143672625,724.143672625,728.749317666,7,-7,2,3,3.4813345,3,4.575033416,723.689916666,723.691853875,724.143672625,723.976190083,NaN,NaN,NaN,NaN,,NaN,,723.68648575,723.689869416,None,NaN,NaN,,NaN,NaN,NaN,NaN,NaN,NaN,NaN,10,kitchen,2,2024-04-08_11h04.40.518,image_similarity_rating,2023.2.3,None,2024-04-08 11h04.52.405542 +0200
,134,141,574,574,stimuli/own/kitchen/134_kit.jpg,stimuli/own/kitchen/141_kit.jpg,NaN,NaN,NaN,NaN,NaN,NaN,NaN,NaN,0,124,124,573,728.755574291,NaN,NaN,NaN,NaN,NaN,NaN,NaN,,NaN,,729.038773166,729.203803333,729.203803333,729.203803333,729.203803333,729.203803333,729.203803333,729.203803333,729.203803333,729.203803333,737.360203916,7,-7,2,4,5.65037554100002,6,8.05780725,728.752924666,728.755574291,729.203803333,729.038750416,NaN,NaN,NaN,NaN,,NaN,,728.749535416,728.752878333,None,NaN,NaN,,NaN,NaN,NaN,NaN,NaN,NaN,NaN,10,kitchen,2,2024-04-08_11h04.40.518,image_similarity_rating,2023.2.3,None,2024-04-08 11h04.52.405542 +0200
,105,117,138,599,stimuli/own/kitchen/105_kit.jpg,stimuli/own/kitchen/117_kit.jpg,NaN,NaN,NaN,NaN,NaN,NaN,NaN,NaN,0,125,125,598,737.370867416,NaN,NaN,NaN,NaN,NaN,NaN,NaN,,NaN,,737.656548625,737.821540333,737.821540333,737.821540333,737.821540333,737.821540333,737.821540333,737.821540333,737.821540333,737.821540333,741.290432541,-7,7,2,4,3.53043545800006,6,2.09491762499999,737.363834958,737.370867416,737.821540333,737.656534375,NaN,NaN,NaN,NaN,,NaN,,737.360424791,737.363787875,None,NaN,NaN,,NaN,NaN,NaN,NaN,NaN,NaN,NaN,10,kitchen,2,2024-04-08_11h04.40.518,image_similarity_rating,2023.2.3,None,2024-04-08 11h04.52.405542 +0200
,112,117,248,248,stimuli/own/kitchen/112_kit.jpg,stimuli/own/kitchen/117_kit.jpg,NaN,NaN,NaN,NaN,NaN,NaN,NaN,NaN,0,126,126,247,741.296087583,NaN,NaN,NaN,NaN,NaN,NaN,NaN,,NaN,,746.088938625,746.262735166,746.262735166,746.262735166,746.262735166,746.262735166,746.262735166,746.262735166,746.262735166,746.262735166,752.077384166,-7,7,3,3,2.84627108300003,5,5.40481812500002,745.791612416,745.795598916,746.262735166,746.088917041,NaN,NaN,NaN,NaN,,NaN,,741.2906535,745.790955541,space,741.296087583,4.49463570800003,None,NaN,NaN,NaN,NaN,NaN,NaN,NaN,10,kitchen,2,2024-04-08_11h04.40.518,image_similarity_rating,2023.2.3,None,2024-04-08 11h04.52.405542 +0200
,129,138,537,537,stimuli/own/kitchen/129_kit.jpg,stimuli/own/kitchen/138_kit.jpg,NaN,NaN,NaN,NaN,NaN,NaN,NaN,NaN,0,127,127,536,752.087809666,NaN,NaN,NaN,NaN,NaN,NaN,NaN,,NaN,,752.37196275,752.537332916,752.537332916,752.537332916,752.537332916,752.537332916,752.537332916,752.537332916,752.537332916,752.537332916,756.603285208,-7,7,3,2,2.95534566599997,2,4.01650079199999,752.081652208,752.087809666,752.537332916,752.371947458,NaN,NaN,NaN,NaN,,NaN,,752.077605458,752.081603208,None,NaN,NaN,,NaN,NaN,NaN,NaN,NaN,NaN,NaN,10,kitchen,2,2024-04-08_11h04.40.518,image_similarity_rating,2023.2.3,None,2024-04-08 11h04.52.405542 +0200
,105,111,133,133,stimuli/own/kitchen/105_kit.jpg,stimuli/own/kitchen/111_kit.jpg,NaN,NaN,NaN,NaN,NaN,NaN,NaN,NaN,0,128,128,132,756.608852333,NaN,NaN,NaN,NaN,NaN,NaN,NaN,,NaN,,756.892654833,757.058389916,757.058389916,757.058389916,757.058389916,757.058389916,757.058389916,757.058389916,757.058389916,757.058389916,763.369575541,7,-7,3,5,5.77022125000008,4,3.01070183399997,756.60692325,756.608852333,757.058389916,756.892643291,NaN,NaN,NaN,NaN,,NaN,,756.603506083,756.606875708,None,NaN,NaN,,NaN,NaN,NaN,NaN,NaN,NaN,NaN,10,kitchen,2,2024-04-08_11h04.40.518,image_similarity_rating,2023.2.3,None,2024-04-08 11h04.52.405542 +0200
,114,135,313,313,stimuli/own/kitchen/114_kit.jpg,stimuli/own/kitchen/135_kit.jpg,NaN,NaN,NaN,NaN,NaN,NaN,NaN,NaN,0,129,129,312,763.375168041,NaN,NaN,NaN,NaN,NaN,NaN,NaN,,NaN,,763.659521166,763.827138208,763.827138208,763.827138208,763.827138208,763.827138208,763.827138208,763.827138208,763.827138208,763.827138208,774.443695666,7,-7,3,3,10.5547216670001,2,7.88241133399993,763.373402083,763.375168041,763.827138208,763.659508041,NaN,NaN,NaN,NaN,,NaN,,763.369826333,763.373355125,None,NaN,NaN,,NaN,NaN,NaN,NaN,NaN,NaN,NaN,10,kitchen,2,2024-04-08_11h04.40.518,image_similarity_rating,2023.2.3,None,2024-04-08 11h04.52.405542 +0200
,112,125,256,256,stimuli/own/kitchen/112_kit.jpg,stimuli/own/kitchen/125_kit.jpg,NaN,NaN,NaN,NaN,NaN,NaN,NaN,NaN,0,130,130,255,774.453964125,NaN,NaN,NaN,NaN,NaN,NaN,NaN,,NaN,,774.73862825,774.905290125,774.905290125,774.905290125,774.905290125,774.905290125,774.905290125,774.905290125,774.905290125,774.905290125,782.202502916,-7,7,3,2,4.96092058400006,2,7.19777808399999,774.44734925,774.453964125,774.905290125,774.738604708,NaN,NaN,NaN,NaN,,NaN,,774.443921,774.44730175,None,NaN,NaN,,NaN,NaN,NaN,NaN,NaN,NaN,NaN,10,kitchen,2,2024-04-08_11h04.40.518,image_similarity_rating,2023.2.3,None,2024-04-08 11h04.52.405542 +0200
,113,130,285,285,stimuli/own/kitchen/113_kit.jpg,stimuli/own/kitchen/130_kit.jpg,NaN,NaN,NaN,NaN,NaN,NaN,NaN,NaN,0,131,131,284,782.208122958,NaN,NaN,NaN,NaN,NaN,NaN,NaN,,NaN,,782.493579458,782.656851958,782.656851958,782.656851958,782.656851958,782.656851958,782.656851958,782.656851958,782.656851958,782.656851958,789.39393675,7,-7,3,3,6.68366220799999,2,5.07870270800004,782.206216291,782.208122958,782.656851958,782.493565125,NaN,NaN,NaN,NaN,,NaN,,782.202725375,782.206169,None,NaN,NaN,,NaN,NaN,NaN,NaN,NaN,NaN,NaN,10,kitchen,2,2024-04-08_11h04.40.518,image_similarity_rating,2023.2.3,None,2024-04-08 11h04.52.405542 +0200
,104,112,104,104,stimuli/own/kitchen/104_kit.jpg,stimuli/own/kitchen/112_kit.jpg,NaN,NaN,NaN,NaN,NaN,NaN,NaN,NaN,0,132,132,103,789.404009208,NaN,NaN,NaN,NaN,NaN,NaN,NaN,,NaN,,789.688578833,789.860670083,789.860670083,789.860670083,789.860670083,789.860670083,789.860670083,789.860670083,789.860670083,789.860670083,795.265119,-7,7,3,2,5.35408749999999,2,4.51402983399998,789.397579041,789.404009208,789.860670083,789.688554666,NaN,NaN,NaN,NaN,,NaN,,789.394156375,789.397532041,None,NaN,NaN,,NaN,NaN,NaN,NaN,NaN,NaN,NaN,10,kitchen,2,2024-04-08_11h04.40.518,image_similarity_rating,2023.2.3,None,2024-04-08 11h04.52.405542 +0200
,105,131,151,151,stimuli/own/kitchen/105_kit.jpg,stimuli/own/kitchen/131_kit.jpg,NaN,NaN,NaN,NaN,NaN,NaN,NaN,NaN,0,133,133,150,795.287591666,NaN,NaN,NaN,NaN,NaN,NaN,NaN,,NaN,,795.5713535,795.743805166,795.743805166,795.743805166,795.743805166,795.743805166,795.743805166,795.743805166,795.743805166,795.743805166,799.477484416,-7,7,3,2,3.73407000000009,1,2.62969725000005,795.268776625,795.287591666,NaN,795.571332333,NaN,NaN,NaN,NaN,,NaN,,795.26533875,795.268727416,None,NaN,NaN,,NaN,NaN,NaN,NaN,NaN,NaN,NaN,10,kitchen,2,2024-04-08_11h04.40.518,image_similarity_rating,2023.2.3,None,2024-04-08 11h04.52.405542 +0200
,103,118,78,78,stimuli/own/kitchen/103_kit.jpg,stimuli/own/kitchen/118_kit.jpg,NaN,NaN,NaN,NaN,NaN,NaN,NaN,NaN,0,134,134,77,799.487277,NaN,NaN,NaN,NaN,NaN,NaN,NaN,,NaN,,799.771822083,799.939631458,799.939631458,799.939631458,799.939631458,799.939631458,799.939631458,799.939631458,799.939631458,799.939631458,803.7649415,-7,7,3,4,3.81368529200006,3,2.8008585,799.481132416,799.487277,799.939631458,799.771805083,NaN,NaN,NaN,NaN,,NaN,,799.477708208,799.48108625,None,NaN,NaN,,NaN,NaN,NaN,NaN,NaN,NaN,NaN,10,kitchen,2,2024-04-08_11h04.40.518,image_similarity_rating,2023.2.3,None,2024-04-08 11h04.52.405542 +0200
,104,130,120,120,stimuli/own/kitchen/104_kit.jpg,stimuli/own/kitchen/130_kit.jpg,NaN,NaN,NaN,NaN,NaN,NaN,NaN,NaN,0,135,135,119,803.7704115,NaN,NaN,NaN,NaN,NaN,NaN,NaN,,NaN,,804.055567375,804.22090275,804.22090275,804.22090275,804.22090275,804.22090275,804.22090275,804.22090275,804.22090275,804.22090275,811.969668,-7,7,3,5,5.62839195800007,2,7.68496062500003,803.768606791,803.7704115,804.22090275,804.055553916,NaN,NaN,NaN,NaN,,NaN,,803.765164416,803.768560541,None,NaN,NaN,,NaN,NaN,NaN,NaN,NaN,NaN,NaN,10,kitchen,2,2024-04-08_11h04.40.518,image_similarity_rating,2023.2.3,None,2024-04-08 11h04.52.405542 +0200
,102,127,55,55,stimuli/own/kitchen/102_kit.jpg,stimuli/own/kitchen/127_kit.jpg,NaN,NaN,NaN,NaN,NaN,NaN,NaN,NaN,0,136,136,54,811.975141083,NaN,NaN,NaN,NaN,NaN,NaN,NaN,,NaN,,812.259967291,812.426739541,812.426739541,812.426739541,812.426739541,812.426739541,812.426739541,812.426739541,812.426739541,812.426739541,815.84849825,-7,7,3,2,3.43342170899996,1,2.19759095799998,811.973365458,811.975141083,812.426739541,812.259953125,NaN,NaN,NaN,NaN,,NaN,,811.969884333,811.97331925,None,NaN,NaN,,NaN,NaN,NaN,NaN,NaN,NaN,NaN,10,kitchen,2,2024-04-08_11h04.40.518,image_similarity_rating,2023.2.3,None,2024-04-08 11h04.52.405542 +0200
,113,131,286,286,stimuli/own/kitchen/113_kit.jpg,stimuli/own/kitchen/131_kit.jpg,NaN,NaN,NaN,NaN,NaN,NaN,NaN,NaN,0,137,137,285,815.870689,NaN,NaN,NaN,NaN,NaN,NaN,NaN,,NaN,,816.154631291,816.32451225,816.32451225,816.32451225,816.32451225,816.32451225,816.32451225,816.32451225,816.32451225,816.32451225,820.031743541,7,-7,3,1,3.73224912499995,1,2.53211095799998,815.852276833,815.870689,NaN,816.154610666,NaN,NaN,NaN,NaN,,NaN,,815.848714791,815.852229958,None,NaN,NaN,,NaN,NaN,NaN,NaN,NaN,NaN,NaN,10,kitchen,2,2024-04-08_11h04.40.518,image_similarity_rating,2023.2.3,None,2024-04-08 11h04.52.405542 +0200
,123,136,470,470,stimuli/own/kitchen/123_kit.jpg,stimuli/own/kitchen/136_kit.jpg,NaN,NaN,NaN,NaN,NaN,NaN,NaN,NaN,0,138,138,469,820.053792333,NaN,NaN,NaN,NaN,NaN,NaN,NaN,,NaN,,820.338015875,820.502780208,820.502780208,820.502780208,820.502780208,820.502780208,820.502780208,820.502780208,820.502780208,820.502780208,825.743573166,-7,7,3,2,5.23808250000002,2,4.08205412500001,820.035393625,820.053792333,NaN,820.337997375,NaN,NaN,NaN,NaN,,NaN,,820.03196075,820.03534725,None,NaN,NaN,,NaN,NaN,NaN,NaN,NaN,NaN,NaN,10,kitchen,2,2024-04-08_11h04.40.518,image_similarity_rating,2023.2.3,None,2024-04-08 11h04.52.405542 +0200
,122,127,447,447,stimuli/own/kitchen/122_kit.jpg,stimuli/own/kitchen/127_kit.jpg,NaN,NaN,NaN,NaN,NaN,NaN,NaN,NaN,0,139,139,446,825.753902625,NaN,NaN,NaN,NaN,NaN,NaN,NaN,,NaN,,826.03821875,826.202993166,826.202993166,826.202993166,826.202993166,826.202993166,826.202993166,826.202993166,826.202993166,826.202993166,831.198220625,-7,7,3,3,5.05432887500001,4,3.72924166600001,825.74721525,825.753902625,826.202993166,826.038200541,NaN,NaN,NaN,NaN,,NaN,,825.743790708,825.747168708,None,NaN,NaN,,NaN,NaN,NaN,NaN,NaN,NaN,NaN,10,kitchen,2,2024-04-08_11h04.40.518,image_similarity_rating,2023.2.3,None,2024-04-08 11h04.52.405542 +0200
,103,113,74,74,stimuli/own/kitchen/103_kit.jpg,stimuli/own/kitchen/113_kit.jpg,NaN,NaN,NaN,NaN,NaN,NaN,NaN,NaN,0,140,140,73,831.203632166,NaN,NaN,NaN,NaN,NaN,NaN,NaN,,NaN,,831.48821,831.655501041,831.655501041,831.655501041,831.655501041,831.655501041,831.655501041,831.655501041,831.655501041,831.655501041,836.874693125,-7,7,3,2,4.17724783300002,2,5.21710133299996,831.20187225,831.203632166,831.655501041,831.488189833,NaN,NaN,NaN,NaN,,NaN,,831.198442583,831.201825791,None,NaN,NaN,,NaN,NaN,NaN,NaN,NaN,NaN,NaN,10,kitchen,2,2024-04-08_11h04.40.518,image_similarity_rating,2023.2.3,None,2024-04-08 11h04.52.405542 +0200
,104,139,128,128,stimuli/own/kitchen/104_kit.jpg,stimuli/own/kitchen/139_kit.jpg,NaN,NaN,NaN,NaN,NaN,NaN,NaN,NaN,0,141,141,127,836.887012541,NaN,NaN,NaN,NaN,NaN,NaN,NaN,,NaN,,837.171620458,837.336801375,837.336801375,837.336801375,837.336801375,837.336801375,837.336801375,837.336801375,837.336801375,837.336801375,841.685739166,-7,7,3,3,3.586448292,2,4.26464062499997,836.87849475,836.887012541,837.336801375,837.171593791,NaN,NaN,NaN,NaN,,NaN,,836.874907916,836.878447458,None,NaN,NaN,,NaN,NaN,NaN,NaN,NaN,NaN,NaN,10,kitchen,2,2024-04-08_11h04.40.518,image_similarity_rating,2023.2.3,None,2024-04-08 11h04.52.405542 +0200
,121,137,438,438,stimuli/own/kitchen/121_kit.jpg,stimuli/own/kitchen/137_kit.jpg,NaN,NaN,NaN,NaN,NaN,NaN,NaN,NaN,0,142,142,437,841.691643041,NaN,NaN,NaN,NaN,NaN,NaN,NaN,,NaN,,841.975718541,842.140755083,842.140755083,842.140755083,842.140755083,842.140755083,842.140755083,842.140755083,842.140755083,842.140755083,845.681559458,-7,7,3,3,3.56350662500006,2,1.87983120800004,841.689543916,841.691643041,842.140755083,841.97570575,NaN,NaN,NaN,NaN,,NaN,,841.685957375,841.689497291,None,NaN,NaN,,NaN,NaN,NaN,NaN,NaN,NaN,NaN,10,kitchen,2,2024-04-08_11h04.40.518,image_similarity_rating,2023.2.3,None,2024-04-08 11h04.52.405542 +0200
,122,130,449,449,stimuli/own/kitchen/122_kit.jpg,stimuli/own/kitchen/130_kit.jpg,NaN,NaN,NaN,NaN,NaN,NaN,NaN,NaN,0,143,143,448,845.703910916,NaN,NaN,NaN,NaN,NaN,NaN,NaN,,NaN,,845.987871458,846.154069958,846.154069958,846.154069958,846.154069958,846.154069958,846.154069958,846.154069958,846.154069958,846.154069958,853.272756416,-7,7,3,5,3.65060375000007,3,4.74886108300007,845.685198625,845.703910916,NaN,845.987843125,NaN,NaN,NaN,NaN,,NaN,,845.681776208,845.685151875,None,NaN,NaN,,NaN,NaN,NaN,NaN,NaN,NaN,NaN,10,kitchen,2,2024-04-08_11h04.40.518,image_similarity_rating,2023.2.3,None,2024-04-08 11h04.52.405542 +0200
,113,127,283,283,stimuli/own/kitchen/113_kit.jpg,stimuli/own/kitchen/127_kit.jpg,NaN,NaN,NaN,NaN,NaN,NaN,NaN,NaN,0,144,144,282,853.278272375,NaN,NaN,NaN,NaN,NaN,NaN,NaN,,NaN,,853.571609791,853.737527916,853.737527916,853.737527916,853.737527916,853.737527916,853.737527916,853.737527916,853.737527916,853.737527916,857.390420083,7,-7,3,2,3.66201316600007,2,2.66569379099997,853.27650675,853.278272375,853.737527916,853.57159375,NaN,NaN,NaN,NaN,,NaN,,853.272977958,853.276459625,None,NaN,NaN,,NaN,NaN,NaN,NaN,NaN,NaN,NaN,10,kitchen,2,2024-04-08_11h04.40.518,image_similarity_rating,2023.2.3,None,2024-04-08 11h04.52.405542 +0200
,109,117,195,195,stimuli/own/kitchen/109_kit.jpg,stimuli/own/kitchen/117_kit.jpg,NaN,NaN,NaN,NaN,NaN,NaN,NaN,NaN,0,145,145,194,857.395995666,NaN,NaN,NaN,NaN,NaN,NaN,NaN,,NaN,,857.688275958,857.852170291,857.852170291,857.852170291,857.852170291,857.852170291,857.852170291,857.852170291,857.852170291,857.852170291,862.326668666,7,-7,3,5,2.95479937499999,1,4.45216687499999,857.394051625,857.395995666,857.852170291,857.688261125,NaN,NaN,NaN,NaN,,NaN,,857.390642208,857.39400575,None,NaN,NaN,,NaN,NaN,NaN,NaN,NaN,NaN,NaN,10,kitchen,2,2024-04-08_11h04.40.518,image_similarity_rating,2023.2.3,None,2024-04-08 11h04.52.405542 +0200
,109,121,199,199,stimuli/own/kitchen/109_kit.jpg,stimuli/own/kitchen/121_kit.jpg,NaN,NaN,NaN,NaN,NaN,NaN,NaN,NaN,0,146,146,198,862.337029083,NaN,NaN,NaN,NaN,NaN,NaN,NaN,,NaN,,862.621307333,862.785224875,862.785224875,862.785224875,862.785224875,862.785224875,862.785224875,862.785224875,862.785224875,862.785224875,867.202186583,7,-7,3,3,4.451422708,1,3.05019504099994,862.330339416,862.337029083,862.785224875,862.621296583,NaN,NaN,NaN,NaN,,NaN,,862.326886166,862.330293291,None,NaN,NaN,,NaN,NaN,NaN,NaN,NaN,NaN,NaN,10,kitchen,2,2024-04-08_11h04.40.518,image_similarity_rating,2023.2.3,None,2024-04-08 11h04.52.405542 +0200
,104,135,124,124,stimuli/own/kitchen/104_kit.jpg,stimuli/own/kitchen/135_kit.jpg,NaN,NaN,NaN,NaN,NaN,NaN,NaN,NaN,0,147,147,123,867.208014083,NaN,NaN,NaN,NaN,NaN,NaN,NaN,,NaN,,867.492202416,867.657325,867.657325,867.657325,867.657325,867.657325,867.657325,867.657325,867.657325,867.657325,871.527020833,7,-7,3,2,2.36287737499993,4,3.83137479200002,867.206073666,867.208014083,867.657325,867.492189875,NaN,NaN,NaN,NaN,,NaN,,867.202403791,867.206026333,None,NaN,NaN,,NaN,NaN,NaN,NaN,NaN,NaN,NaN,10,kitchen,2,2024-04-08_11h04.40.518,image_similarity_rating,2023.2.3,None,2024-04-08 11h04.52.405542 +0200
,104,109,102,102,stimuli/own/kitchen/104_kit.jpg,stimuli/own/kitchen/109_kit.jpg,NaN,NaN,NaN,NaN,NaN,NaN,NaN,NaN,0,148,148,101,871.53683175,NaN,NaN,NaN,NaN,NaN,NaN,NaN,,NaN,,871.82232325,871.988457375,871.988457375,871.988457375,871.988457375,871.988457375,871.988457375,871.988457375,871.988457375,871.988457375,876.672623333,7,-7,3,4,4.55814479200001,1,3.58586437500003,871.530683041,871.53683175,871.988457375,871.822309625,NaN,NaN,NaN,NaN,,NaN,,871.527238916,871.53063675,None,NaN,NaN,,NaN,NaN,NaN,NaN,NaN,NaN,NaN,10,kitchen,2,2024-04-08_11h04.40.518,image_similarity_rating,2023.2.3,None,2024-04-08 11h04.52.405542 +0200
,102,104,36,36,stimuli/own/kitchen/102_kit.jpg,stimuli/own/kitchen/104_kit.jpg,NaN,NaN,NaN,NaN,NaN,NaN,NaN,NaN,0,149,149,35,876.678027,NaN,NaN,NaN,NaN,NaN,NaN,NaN,,NaN,,876.971685125,877.139326875,877.139326875,877.139326875,877.139326875,877.139326875,877.139326875,877.139326875,877.139326875,877.139326875,884.781384583,-7,7,3,3,5.96842312499996,3,7.49398862500004,876.676278208,876.678027,877.139326875,876.971668333,NaN,NaN,NaN,NaN,,NaN,,876.672841875,876.67623175,None,NaN,NaN,,NaN,NaN,NaN,NaN,NaN,NaN,NaN,10,kitchen,2,2024-04-08_11h04.40.518,image_similarity_rating,2023.2.3,None,2024-04-08 11h04.52.405542 +0200
,124,139,488,488,stimuli/own/kitchen/124_kit.jpg,stimuli/own/kitchen/139_kit.jpg,NaN,NaN,NaN,NaN,NaN,NaN,NaN,NaN,0,150,150,487,884.803736291,NaN,NaN,NaN,NaN,NaN,NaN,NaN,,NaN,,885.087701875,885.252092708,885.252092708,885.252092708,885.252092708,885.252092708,885.252092708,885.252092708,885.252092708,885.252092708,889.072794625,-7,7,3,3,2.80152137499999,2,3.7113818329999,884.785182583,884.803736291,NaN,885.087688083,NaN,NaN,NaN,NaN,,NaN,,884.781604125,884.785136291,None,NaN,NaN,,NaN,NaN,NaN,NaN,NaN,NaN,NaN,10,kitchen,2,2024-04-08_11h04.40.518,image_similarity_rating,2023.2.3,None,2024-04-08 11h04.52.405542 +0200
,105,136,155,155,stimuli/own/kitchen/105_kit.jpg,stimuli/own/kitchen/136_kit.jpg,NaN,NaN,NaN,NaN,NaN,NaN,NaN,NaN,0,151,151,154,889.0785105,NaN,NaN,NaN,NaN,NaN,NaN,NaN,,NaN,,889.371549708,889.5374315,889.5374315,889.5374315,889.5374315,889.5374315,889.5374315,889.5374315,889.5374315,889.5374315,895.710088666,7,-7,3,4,4.27846129199997,5,6.11175487499997,889.076567208,889.0785105,889.5374315,889.371535208,NaN,NaN,NaN,NaN,,NaN,,889.0730115,889.076520375,None,NaN,NaN,,NaN,NaN,NaN,NaN,NaN,NaN,NaN,10,kitchen,2,2024-04-08_11h04.40.518,image_similarity_rating,2023.2.3,None,2024-04-08 11h04.52.405542 +0200
,130,136,545,545,stimuli/own/kitchen/130_kit.jpg,stimuli/own/kitchen/136_kit.jpg,NaN,NaN,NaN,NaN,NaN,NaN,NaN,NaN,0,152,152,544,895.720119791,NaN,NaN,NaN,NaN,NaN,NaN,NaN,,NaN,,896.0047905,896.169666458,896.169666458,896.169666458,896.169666458,896.169666458,896.169666458,896.169666458,896.169666458,896.169666458,901.839221875,7,-7,3,3,5.57363966700007,4,2.80355354199992,895.713856333,895.720119791,896.169666458,896.004776833,NaN,NaN,NaN,NaN,,NaN,,895.71030775,895.713809291,None,NaN,NaN,,NaN,NaN,NaN,NaN,NaN,NaN,NaN,10,kitchen,2,2024-04-08_11h04.40.518,image_similarity_rating,2023.2.3,None,2024-04-08 11h04.52.405542 +0200
,112,118,249,249,stimuli/own/kitchen/112_kit.jpg,stimuli/own/kitchen/118_kit.jpg,NaN,NaN,NaN,NaN,NaN,NaN,NaN,NaN,0,153,153,248,901.844768541,NaN,NaN,NaN,NaN,NaN,NaN,NaN,,NaN,,902.138121875,902.30402075,902.30402075,902.30402075,902.30402075,902.30402075,902.30402075,902.30402075,902.30402075,902.30402075,907.423052541,7,-7,3,5,4.32711370799996,2,4.92828470899997,901.843007666,901.844768541,902.30402075,902.138105666,NaN,NaN,NaN,NaN,,NaN,,901.83944275,901.842961125,None,NaN,NaN,,NaN,NaN,NaN,NaN,NaN,NaN,NaN,10,kitchen,2,2024-04-08_11h04.40.518,image_similarity_rating,2023.2.3,None,2024-04-08 11h04.52.405542 +0200
,120,141,424,424,stimuli/own/kitchen/120_kit.jpg,stimuli/own/kitchen/141_kit.jpg,NaN,NaN,NaN,NaN,NaN,NaN,NaN,NaN,0,154,154,423,907.436652166,NaN,NaN,NaN,NaN,NaN,NaN,NaN,,NaN,,907.721615458,907.88523025,907.88523025,907.88523025,907.88523025,907.88523025,907.88523025,907.88523025,907.88523025,907.88523025,912.552395708,7,-7,3,3,2.35940804100005,3,4.55570075000003,907.426794708,907.436652166,907.88523025,907.721602125,NaN,NaN,NaN,NaN,,NaN,,907.423276708,907.426746666,None,NaN,NaN,,NaN,NaN,NaN,NaN,NaN,NaN,NaN,10,kitchen,2,2024-04-08_11h04.40.518,image_similarity_rating,2023.2.3,None,2024-04-08 11h04.52.405542 +0200
,116,138,339,339,stimuli/own/kitchen/116_kit.jpg,stimuli/own/kitchen/138_kit.jpg,NaN,NaN,NaN,NaN,NaN,NaN,NaN,NaN,0,155,155,338,912.558162375,NaN,NaN,NaN,NaN,NaN,NaN,NaN,,NaN,,912.842495583,913.010852583,913.010852583,913.010852583,913.010852583,913.010852583,913.010852583,913.010852583,913.010852583,913.010852583,920.32406975,-7,7,3,4,6.0133172919999,2,7.25188408299994,912.556229083,912.558162375,913.010852583,912.842480458,NaN,NaN,NaN,NaN,,NaN,,912.552630625,912.556182333,None,NaN,NaN,,NaN,NaN,NaN,NaN,NaN,NaN,NaN,10,kitchen,2,2024-04-08_11h04.40.518,image_similarity_rating,2023.2.3,None,2024-04-08 11h04.52.405542 +0200
,120,131,415,415,stimuli/own/kitchen/120_kit.jpg,stimuli/own/kitchen/131_kit.jpg,NaN,NaN,NaN,NaN,NaN,NaN,NaN,NaN,0,156,156,414,920.336638291,NaN,NaN,NaN,NaN,NaN,NaN,NaN,,NaN,,920.621791791,920.787149875,920.787149875,920.787149875,920.787149875,920.787149875,920.787149875,920.787149875,920.787149875,920.787149875,923.864246833,-7,7,3,5,2.38654358300005,1,2.96677624999995,920.327921333,920.336638291,920.787149875,920.621778541,NaN,NaN,NaN,NaN,,NaN,,920.324302583,920.327872333,None,NaN,NaN,,NaN,NaN,NaN,NaN,NaN,NaN,NaN,10,kitchen,2,2024-04-08_11h04.40.518,image_similarity_rating,2023.2.3,None,2024-04-08 11h04.52.405542 +0200
,114,130,309,309,stimuli/own/kitchen/114_kit.jpg,stimuli/own/kitchen/130_kit.jpg,NaN,NaN,NaN,NaN,NaN,NaN,NaN,NaN,0,157,157,308,923.870030625,NaN,NaN,NaN,NaN,NaN,NaN,NaN,,NaN,,924.154628166,924.323305166,924.323305166,924.323305166,924.323305166,924.323305166,924.323305166,924.323305166,924.323305166,924.323305166,930.952768708,-7,7,3,6,4.71208004100004,3,6.553453375,923.868035,923.870030625,924.323305166,924.154610166,NaN,NaN,NaN,NaN,,NaN,,923.864466833,923.867987875,None,NaN,NaN,,NaN,NaN,NaN,NaN,NaN,NaN,NaN,10,kitchen,2,2024-04-08_11h04.40.518,image_similarity_rating,2023.2.3,None,2024-04-08 11h04.52.405542 +0200
,111,122,227,227,stimuli/own/kitchen/111_kit.jpg,stimuli/own/kitchen/122_kit.jpg,NaN,NaN,NaN,NaN,NaN,NaN,NaN,NaN,0,158,158,226,930.958378416,NaN,NaN,NaN,NaN,NaN,NaN,NaN,,NaN,,931.254812791,931.422691583,931.422691583,931.422691583,931.422691583,931.422691583,931.422691583,931.422691583,931.422691583,931.422691583,937.730970916,-7,7,3,4,3.76521445799995,2,5.1823452079999,930.956441291,930.958378416,931.422691583,931.254792791,NaN,NaN,NaN,NaN,,NaN,,930.952985458,930.956394375,None,NaN,NaN,,NaN,NaN,NaN,NaN,NaN,NaN,NaN,10,kitchen,2,2024-04-08_11h04.40.518,image_similarity_rating,2023.2.3,None,2024-04-08 11h04.52.405542 +0200
,130,140,549,549,stimuli/own/kitchen/130_kit.jpg,stimuli/own/kitchen/140_kit.jpg,NaN,NaN,NaN,NaN,NaN,NaN,NaN,NaN,0,159,159,548,937.736445041,NaN,NaN,NaN,NaN,NaN,NaN,NaN,,NaN,,938.021351541,938.193927875,938.193927875,938.193927875,938.193927875,938.193927875,938.193927875,938.193927875,938.193927875,938.193927875,942.710790416,7,-7,3,4,3.64460670899996,2,4.36735075000001,937.734634625,937.736445041,938.193927875,938.02133375,NaN,NaN,NaN,NaN,,NaN,,937.731193791,937.734588416,None,NaN,NaN,,NaN,NaN,NaN,NaN,NaN,NaN,NaN,10,kitchen,2,2024-04-08_11h04.40.518,image_similarity_rating,2023.2.3,None,2024-04-08 11h04.52.405542 +0200
,102,117,45,45,stimuli/own/kitchen/102_kit.jpg,stimuli/own/kitchen/117_kit.jpg,NaN,NaN,NaN,NaN,NaN,NaN,NaN,NaN,0,160,160,44,942.719955416,NaN,NaN,NaN,NaN,NaN,NaN,NaN,,NaN,,943.004388666,943.174094333,943.174094333,943.174094333,943.174094333,943.174094333,943.174094333,943.174094333,943.174094333,943.174094333,947.130981083,-7,7,3,2,3.81817220799996,2,2.15554341699999,942.714544625,942.719955416,943.174094333,943.0043625,NaN,NaN,NaN,NaN,,NaN,,942.711008333,942.714497875,None,NaN,NaN,,NaN,NaN,NaN,NaN,NaN,NaN,NaN,10,kitchen,2,2024-04-08_11h04.40.518,image_similarity_rating,2023.2.3,None,2024-04-08 11h04.52.405542 +0200
,106,125,175,175,stimuli/own/kitchen/106_kit.jpg,stimuli/own/kitchen/125_kit.jpg,NaN,NaN,NaN,NaN,NaN,NaN,NaN,NaN,0,161,161,174,947.136472291,NaN,NaN,NaN,NaN,NaN,NaN,NaN,,NaN,,947.421162041,947.58708075,947.58708075,947.58708075,947.58708075,947.58708075,947.58708075,947.58708075,947.58708075,947.58708075,950.197528416,-7,7,3,3,1.88668812500009,2,2.51137033400005,947.134625291,947.136472291,947.58708075,947.421147375,NaN,NaN,NaN,NaN,,NaN,,947.131197916,947.134578875,None,NaN,NaN,,NaN,NaN,NaN,NaN,NaN,NaN,NaN,10,kitchen,2,2024-04-08_11h04.40.518,image_similarity_rating,2023.2.3,None,2024-04-08 11h04.52.405542 +0200
,106,132,181,181,stimuli/own/kitchen/106_kit.jpg,stimuli/own/kitchen/132_kit.jpg,NaN,NaN,NaN,NaN,NaN,NaN,NaN,NaN,0,162,162,180,950.202922333,NaN,NaN,NaN,NaN,NaN,NaN,NaN,,NaN,,950.488062458,950.653376625,950.653376625,950.653376625,950.653376625,950.653376625,950.653376625,950.653376625,950.653376625,950.653376625,954.231728625,7,-7,3,4,2.71493679199989,1,3.37906649999991,950.201153833,950.202922333,950.653376625,950.488047208,NaN,NaN,NaN,NaN,,NaN,,950.19774325,950.201107875,None,NaN,NaN,,NaN,NaN,NaN,NaN,NaN,NaN,NaN,10,kitchen,2,2024-04-08_11h04.40.518,image_similarity_rating,2023.2.3,None,2024-04-08 11h04.52.405542 +0200
,116,117,320,320,stimuli/own/kitchen/116_kit.jpg,stimuli/own/kitchen/117_kit.jpg,NaN,NaN,NaN,NaN,NaN,NaN,NaN,NaN,0,163,163,319,954.238394208,NaN,NaN,NaN,NaN,NaN,NaN,NaN,,NaN,,954.525520666,954.693529833,954.693529833,954.693529833,954.693529833,954.693529833,954.693529833,954.693529833,954.693529833,954.693529833,958.647594,-7,7,3,5,3.11435929200002,4,3.84328554199988,954.235384833,954.238394208,954.693529833,954.525505125,NaN,NaN,NaN,NaN,,NaN,,954.231945375,954.235338083,None,NaN,NaN,,NaN,NaN,NaN,NaN,NaN,NaN,NaN,10,kitchen,2,2024-04-08_11h04.40.518,image_similarity_rating,2023.2.3,None,2024-04-08 11h04.52.405542 +0200
,112,114,246,246,stimuli/own/kitchen/112_kit.jpg,stimuli/own/kitchen/114_kit.jpg,NaN,NaN,NaN,NaN,NaN,NaN,NaN,NaN,0,164,164,245,958.6531955,NaN,NaN,NaN,NaN,NaN,NaN,NaN,,NaN,,958.938099916,959.103396583,959.103396583,959.103396583,959.103396583,959.103396583,959.103396583,959.103396583,959.103396583,959.103396583,964.410073833,-7,7,3,5,3.672091916,3,5.16414333399985,958.651231125,958.6531955,959.103396583,958.93808525,NaN,NaN,NaN,NaN,,NaN,,958.647810875,958.651184791,None,NaN,NaN,,NaN,NaN,NaN,NaN,NaN,NaN,NaN,10,kitchen,2,2024-04-08_11h04.40.518,image_similarity_rating,2023.2.3,None,2024-04-08 11h04.52.405542 +0200
,102,134,60,60,stimuli/own/kitchen/102_kit.jpg,stimuli/own/kitchen/134_kit.jpg,NaN,NaN,NaN,NaN,NaN,NaN,NaN,NaN,0,165,165,59,964.419994666,NaN,NaN,NaN,NaN,NaN,NaN,NaN,,NaN,,964.704598541,964.872973541,964.872973541,964.872973541,964.872973541,964.872973541,964.872973541,964.872973541,964.872973541,964.872973541,968.7266035,7,-7,3,3,2.7766337500002,2,3.71918608300007,964.413712583,964.419994666,964.872973541,964.7045675,NaN,NaN,NaN,NaN,,NaN,,964.410291583,964.413666083,None,NaN,NaN,,NaN,NaN,NaN,NaN,NaN,NaN,NaN,10,kitchen,2,2024-04-08_11h04.40.518,image_similarity_rating,2023.2.3,None,2024-04-08 11h04.52.405542 +0200
,116,125,328,328,stimuli/own/kitchen/116_kit.jpg,stimuli/own/kitchen/125_kit.jpg,NaN,NaN,NaN,NaN,NaN,NaN,NaN,NaN,0,166,166,327,968.736516083,NaN,NaN,NaN,NaN,NaN,NaN,NaN,,NaN,,969.021207291,969.186392583,969.186392583,969.186392583,969.186392583,969.186392583,969.186392583,969.186392583,969.186392583,969.186392583,972.822341458,7,-7,3,2,2.87770708400012,2,3.56205879200002,968.730252291,968.736516083,969.186392583,969.021191166,NaN,NaN,NaN,NaN,,NaN,,968.726821458,968.730205916,None,NaN,NaN,,NaN,NaN,NaN,NaN,NaN,NaN,NaN,10,kitchen,2,2024-04-08_11h04.40.518,image_similarity_rating,2023.2.3,None,2024-04-08 11h04.52.405542 +0200
,127,130,519,519,stimuli/own/kitchen/127_kit.jpg,stimuli/own/kitchen/130_kit.jpg,NaN,NaN,NaN,NaN,NaN,NaN,NaN,NaN,0,167,167,518,972.827904208,NaN,NaN,NaN,NaN,NaN,NaN,NaN,,NaN,,973.121204208,973.28933875,973.28933875,973.28933875,973.28933875,973.28933875,973.28933875,973.28933875,973.28933875,973.28933875,977.701840125,7,-7,3,3,4.47279562500012,2,2.992426583,972.825975083,972.827904208,973.28933875,973.121187083,NaN,NaN,NaN,NaN,,NaN,,972.822561125,972.8259285,None,NaN,NaN,,NaN,NaN,NaN,NaN,NaN,NaN,NaN,10,kitchen,2,2024-04-08_11h04.40.518,image_similarity_rating,2023.2.3,None,2024-04-08 11h04.52.405542 +0200
,104,111,103,103,stimuli/own/kitchen/104_kit.jpg,stimuli/own/kitchen/111_kit.jpg,NaN,NaN,NaN,NaN,NaN,NaN,NaN,NaN,0,168,168,102,977.707458625,NaN,NaN,NaN,NaN,NaN,NaN,NaN,,NaN,,977.991792625,978.157866708,978.157866708,978.157866708,978.157866708,978.157866708,978.157866708,978.157866708,978.157866708,978.157866708,983.885194375,-7,7,3,4,2.81330333300002,2,5.69389720800018,977.705535041,977.707458625,978.157866708,977.991780791,NaN,NaN,NaN,NaN,,NaN,,977.702062416,977.705487916,None,NaN,NaN,,NaN,NaN,NaN,NaN,NaN,NaN,NaN,10,kitchen,2,2024-04-08_11h04.40.518,image_similarity_rating,2023.2.3,None,2024-04-08 11h04.52.405542 +0200
,109,113,192,192,stimuli/own/kitchen/109_kit.jpg,stimuli/own/kitchen/113_kit.jpg,NaN,NaN,NaN,NaN,NaN,NaN,NaN,NaN,0,169,169,191,983.890845416,NaN,NaN,NaN,NaN,NaN,NaN,NaN,,NaN,,984.175422083,984.34321875,984.34321875,984.34321875,984.34321875,984.34321875,984.34321875,984.34321875,984.34321875,984.34321875,989.439344541,7,-7,3,5,3.63953370900003,3,4.89822166699992,983.888895958,983.890845416,984.34321875,984.175405291,NaN,NaN,NaN,NaN,,NaN,,983.885412166,983.888849125,None,NaN,NaN,,NaN,NaN,NaN,NaN,NaN,NaN,NaN,10,kitchen,2,2024-04-08_11h04.40.518,image_similarity_rating,2023.2.3,None,2024-04-08 11h04.52.405542 +0200
,117,141,364,364,stimuli/own/kitchen/117_kit.jpg,stimuli/own/kitchen/141_kit.jpg,NaN,NaN,NaN,NaN,NaN,NaN,NaN,NaN,0,170,170,363,989.445019541,NaN,NaN,NaN,NaN,NaN,NaN,NaN,,NaN,,989.737740958,989.906701125,989.906701125,989.906701125,989.906701125,989.906701125,989.906701125,989.906701125,989.906701125,989.906701125,994.564006708,-7,7,3,2,3.03999324999995,2,4.54596083299998,989.443108416,989.445019541,989.906701125,989.737722458,NaN,NaN,NaN,NaN,,NaN,,989.439564541,989.443061708,None,NaN,NaN,,NaN,NaN,NaN,NaN,NaN,NaN,NaN,10,kitchen,2,2024-04-08_11h04.40.518,image_similarity_rating,2023.2.3,None,2024-04-08 11h04.52.405542 +0200
,118,122,368,368,stimuli/own/kitchen/118_kit.jpg,stimuli/own/kitchen/122_kit.jpg,NaN,NaN,NaN,NaN,NaN,NaN,NaN,NaN,0,171,171,367,994.569513291,NaN,NaN,NaN,NaN,NaN,NaN,NaN,,NaN,,994.854293333,995.01963525,995.01963525,995.01963525,995.01963525,995.01963525,995.01963525,995.01963525,995.01963525,995.01963525,999.088894458,7,-7,3,5,2.95013233300006,3,4.02148820799994,994.567620333,994.569513291,995.01963525,994.85427775,NaN,NaN,NaN,NaN,,NaN,,994.564227875,994.567573791,None,NaN,NaN,,NaN,NaN,NaN,NaN,NaN,NaN,NaN,10,kitchen,2,2024-04-08_11h04.40.518,image_similarity_rating,2023.2.3,None,2024-04-08 11h04.52.405542 +0200
,124,127,478,478,stimuli/own/kitchen/124_kit.jpg,stimuli/own/kitchen/127_kit.jpg,NaN,NaN,NaN,NaN,NaN,NaN,NaN,NaN,0,172,172,477,999.094502375,NaN,NaN,NaN,NaN,NaN,NaN,NaN,,NaN,,999.388544208,999.553278416,999.553278416,999.553278416,999.553278416,999.553278416,999.553278416,999.553278416,999.553278416,999.553278416,1005.342545875,7,-7,3,3,5.11385329199993,3,5.70470629199986,999.09259325,999.094502375,999.553278416,999.388530875,NaN,NaN,NaN,NaN,,NaN,,999.089113,999.092546916,None,NaN,NaN,,NaN,NaN,NaN,NaN,NaN,NaN,NaN,10,kitchen,2,2024-04-08_11h04.40.518,image_similarity_rating,2023.2.3,None,2024-04-08 11h04.52.405542 +0200
,114,121,301,301,stimuli/own/kitchen/114_kit.jpg,stimuli/own/kitchen/121_kit.jpg,NaN,NaN,NaN,NaN,NaN,NaN,NaN,NaN,0,173,173,300,1005.353003,NaN,NaN,NaN,NaN,NaN,NaN,NaN,,NaN,,1005.637639291,1005.8090095,1005.8090095,1005.8090095,1005.8090095,1005.8090095,1005.8090095,1005.8090095,1005.8090095,1005.8090095,1011.781154208,7,-7,3,2,2.14426220900009,2,5.83734883300008,1005.346151208,1005.353003,1005.8090095,1005.637623041,NaN,NaN,NaN,NaN,,NaN,,1005.342765166,1005.3461045,None,NaN,NaN,,NaN,NaN,NaN,NaN,NaN,NaN,NaN,10,kitchen,2,2024-04-08_11h04.40.518,image_similarity_rating,2023.2.3,None,2024-04-08 11h04.52.405542 +0200
,125,129,493,493,stimuli/own/kitchen/125_kit.jpg,stimuli/own/kitchen/129_kit.jpg,NaN,NaN,NaN,NaN,NaN,NaN,NaN,NaN,0,174,174,492,1011.803037291,NaN,NaN,NaN,NaN,NaN,NaN,NaN,,NaN,,1012.087309541,1012.252905541,1012.252905541,1012.252905541,1012.252905541,1012.252905541,1012.252905541,1012.252905541,1012.252905541,1012.252905541,1015.864295,-7,7,3,2,2.07278437499986,1,2.66481633300009,1011.784913625,1011.803037291,NaN,1012.087291041,NaN,NaN,NaN,NaN,,NaN,,1011.7813785,1011.784867,None,NaN,NaN,,NaN,NaN,NaN,NaN,NaN,NaN,NaN,10,kitchen,2,2024-04-08_11h04.40.518,image_similarity_rating,2023.2.3,None,2024-04-08 11h04.52.405542 +0200
,102,103,35,35,stimuli/own/kitchen/102_kit.jpg,stimuli/own/kitchen/103_kit.jpg,NaN,NaN,NaN,NaN,NaN,NaN,NaN,NaN,0,175,175,34,1015.886572208,NaN,NaN,NaN,NaN,NaN,NaN,NaN,,NaN,,1016.170534583,1016.336792833,1016.336792833,1016.336792833,1016.336792833,1016.336792833,1016.336792833,1016.336792833,1016.336792833,1016.336792833,1020.292965875,-7,7,3,2,3.32340033299988,2,3.93253533299981,1015.86791175,1015.886572208,NaN,1016.170514541,NaN,NaN,NaN,NaN,,NaN,,1015.864512875,1015.867865625,None,NaN,NaN,,NaN,NaN,NaN,NaN,NaN,NaN,NaN,10,kitchen,2,2024-04-08_11h04.40.518,image_similarity_rating,2023.2.3,None,2024-04-08 11h04.52.405542 +0200
,111,137,240,240,stimuli/own/kitchen/111_kit.jpg,stimuli/own/kitchen/137_kit.jpg,NaN,NaN,NaN,NaN,NaN,NaN,NaN,NaN,0,176,176,239,1020.302954125,NaN,NaN,NaN,NaN,NaN,NaN,NaN,,NaN,,1020.58755,1020.754384958,1020.754384958,1020.754384958,1020.754384958,1020.754384958,1020.754384958,1020.754384958,1020.754384958,1020.754384958,1024.334888125,7,-7,3,4,2.86423508300004,2,3.53087462500002,1020.296570166,1020.302954125,1020.754384958,1020.587530208,NaN,NaN,NaN,NaN,,NaN,,1020.293185833,1020.29652425,None,NaN,NaN,,NaN,NaN,NaN,NaN,NaN,NaN,NaN,10,kitchen,2,2024-04-08_11h04.40.518,image_similarity_rating,2023.2.3,None,2024-04-08 11h04.52.405542 +0200
,118,127,373,373,stimuli/own/kitchen/118_kit.jpg,stimuli/own/kitchen/127_kit.jpg,NaN,NaN,NaN,NaN,NaN,NaN,NaN,NaN,0,177,177,372,1024.340591958,NaN,NaN,NaN,NaN,NaN,NaN,NaN,,NaN,,1024.625552208,1024.795525625,1024.795525625,1024.795525625,1024.795525625,1024.795525625,1024.795525625,1024.795525625,1024.795525625,1024.795525625,1028.355349833,7,-7,3,3,2.74367683399987,1,3.43693200000007,1024.338659708,1024.340591958,1024.795525625,1024.625537125,NaN,NaN,NaN,NaN,,NaN,,1024.335113375,1024.338612708,None,NaN,NaN,,NaN,NaN,NaN,NaN,NaN,NaN,NaN,10,kitchen,2,2024-04-08_11h04.40.518,image_similarity_rating,2023.2.3,None,2024-04-08 11h04.52.405542 +0200
,112,141,270,270,stimuli/own/kitchen/112_kit.jpg,stimuli/own/kitchen/141_kit.jpg,NaN,NaN,NaN,NaN,NaN,NaN,NaN,NaN,0,178,178,269,1028.36100825,NaN,NaN,NaN,NaN,NaN,NaN,NaN,,NaN,,1028.654168333,1028.82007425,1028.82007425,1028.82007425,1028.82007425,1028.82007425,1028.82007425,1028.82007425,1028.82007425,1028.82007425,1032.426402291,-7,7,3,2,2.675747,2,3.54498429199998,1028.359058666,1028.36100825,1028.82007425,1028.654153708,NaN,NaN,NaN,NaN,,NaN,,1028.355569458,1028.359011916,None,NaN,NaN,,NaN,NaN,NaN,NaN,NaN,NaN,NaN,10,kitchen,2,2024-04-08_11h04.40.518,image_similarity_rating,2023.2.3,None,2024-04-08 11h04.52.405542 +0200
,101,137,30,30,stimuli/own/kitchen/101_kit.jpg,stimuli/own/kitchen/137_kit.jpg,NaN,NaN,NaN,NaN,NaN,NaN,NaN,NaN,0,179,179,29,1032.43626975,NaN,NaN,NaN,NaN,NaN,NaN,NaN,,NaN,,1032.720863583,1032.888279916,1032.888279916,1032.888279916,1032.888279916,1032.888279916,1032.888279916,1032.888279916,1032.888279916,1032.888279916,1035.997217666,7,-7,3,4,2.38288345799992,1,3.06033600000001,1032.430223041,1032.43626975,1032.888279916,1032.720848333,NaN,NaN,NaN,NaN,,NaN,,1032.426622458,1032.430175916,None,NaN,NaN,,NaN,NaN,NaN,NaN,NaN,NaN,NaN,10,kitchen,2,2024-04-08_11h04.40.518,image_similarity_rating,2023.2.3,None,2024-04-08 11h04.52.405542 +0200
,129,137,536,536,stimuli/own/kitchen/129_kit.jpg,stimuli/own/kitchen/137_kit.jpg,NaN,NaN,NaN,NaN,NaN,NaN,NaN,NaN,0,180,180,535,1036.002798625,NaN,NaN,NaN,NaN,NaN,NaN,NaN,,NaN,,1036.287615375,1036.458877166,1036.458877166,1036.458877166,1036.458877166,1036.458877166,1036.458877166,1036.458877166,1036.458877166,1036.458877166,1040.401974375,-7,7,3,1,4.00625575000004,1,2.05550541599996,1036.0009535,1036.002798625,1036.458877166,1036.287597583,NaN,NaN,NaN,NaN,,NaN,,1035.997438666,1036.000907333,None,NaN,NaN,,NaN,NaN,NaN,NaN,NaN,NaN,NaN,10,kitchen,2,2024-04-08_11h04.40.518,image_similarity_rating,2023.2.3,None,2024-04-08 11h04.52.405542 +0200
,126,137,513,513,stimuli/own/kitchen/126_kit.jpg,stimuli/own/kitchen/137_kit.jpg,NaN,NaN,NaN,NaN,NaN,NaN,NaN,NaN,0,181,181,512,1040.407492958,NaN,NaN,NaN,NaN,NaN,NaN,NaN,,NaN,,1040.691541958,1040.858233625,1040.858233625,1040.858233625,1040.858233625,1040.858233625,1040.858233625,1040.858233625,1040.858233625,1040.858233625,1043.589394333,7,-7,3,3,2.19868937499996,2,2.70689774999983,1040.40564275,1040.407492958,1040.858233625,1040.6915295,NaN,NaN,NaN,NaN,,NaN,,1040.402194958,1040.405596208,None,NaN,NaN,,NaN,NaN,NaN,NaN,NaN,NaN,NaN,10,kitchen,2,2024-04-08_11h04.40.518,image_similarity_rating,2023.2.3,None,2024-04-08 11h04.52.405542 +0200
,102,124,52,52,stimuli/own/kitchen/102_kit.jpg,stimuli/own/kitchen/124_kit.jpg,NaN,NaN,NaN,NaN,NaN,NaN,NaN,NaN,0,182,182,51,1043.594962833,NaN,NaN,NaN,NaN,NaN,NaN,NaN,,NaN,,1043.88762525,1044.054464666,1044.054464666,1044.054464666,1044.054464666,1044.054464666,1044.054464666,1044.054464666,1044.054464666,1044.054464666,1048.414057458,-7,7,3,4,3.57174116600004,2,4.31036387499989,1043.593031708,1043.594962833,1044.054464666,1043.887607958,NaN,NaN,NaN,NaN,,NaN,,1043.589613,1043.592985208,None,NaN,NaN,,NaN,NaN,NaN,NaN,NaN,NaN,NaN,10,kitchen,2,2024-04-08_11h04.40.518,image_similarity_rating,2023.2.3,None,2024-04-08 11h04.52.405542 +0200
,125,139,502,502,stimuli/own/kitchen/125_kit.jpg,stimuli/own/kitchen/139_kit.jpg,NaN,NaN,NaN,NaN,NaN,NaN,NaN,NaN,0,183,183,501,1048.419540416,NaN,NaN,NaN,NaN,NaN,NaN,NaN,,NaN,,1048.70417725,1048.870001625,1048.870001625,1048.870001625,1048.870001625,1048.870001625,1048.870001625,1048.870001625,1048.870001625,1048.870001625,1053.097505041,-7,7,3,4,3.63689770800011,2,4.21662333299992,1048.417693833,1048.419540416,1048.870001625,1048.704161875,NaN,NaN,NaN,NaN,,NaN,,1048.414273333,1048.417647041,None,NaN,NaN,,NaN,NaN,NaN,NaN,NaN,NaN,NaN,10,kitchen,2,2024-04-08_11h04.40.518,image_similarity_rating,2023.2.3,None,2024-04-08 11h04.52.405542 +0200
,122,125,445,445,stimuli/own/kitchen/122_kit.jpg,stimuli/own/kitchen/125_kit.jpg,NaN,NaN,NaN,NaN,NaN,NaN,NaN,NaN,0,184,184,444,1053.119617208,NaN,NaN,NaN,NaN,NaN,NaN,NaN,,NaN,,1053.403626166,1053.573086625,1053.573086625,1053.573086625,1053.573086625,1053.573086625,1053.573086625,1053.573086625,1053.573086625,1053.573086625,1056.271886916,7,-7,3,5,2.15227325000001,4,2.66312908300006,1053.101148875,1053.119617208,NaN,1053.403605083,NaN,NaN,NaN,NaN,,NaN,,1053.097724208,1053.101101833,None,NaN,NaN,,NaN,NaN,NaN,NaN,NaN,NaN,NaN,10,kitchen,2,2024-04-08_11h04.40.518,image_similarity_rating,2023.2.3,None,2024-04-08 11h04.52.405542 +0200
,123,140,474,474,stimuli/own/kitchen/123_kit.jpg,stimuli/own/kitchen/140_kit.jpg,NaN,NaN,NaN,NaN,NaN,NaN,NaN,NaN,0,185,185,473,1056.277463166,NaN,NaN,NaN,NaN,NaN,NaN,NaN,,NaN,,1056.570814708,1056.7403525,1056.7403525,1056.7403525,1056.7403525,1056.7403525,1056.7403525,1056.7403525,1056.7403525,1056.7403525,1060.663719458,-7,7,3,3,3.96034808299987,2,3.1151319170001,1056.275511333,1056.277463166,1056.7403525,1056.570787625,NaN,NaN,NaN,NaN,,NaN,,1056.272104541,1056.275464666,None,NaN,NaN,,NaN,NaN,NaN,NaN,NaN,NaN,NaN,10,kitchen,2,2024-04-08_11h04.40.518,image_similarity_rating,2023.2.3,None,2024-04-08 11h04.52.405542 +0200
,119,120,386,386,stimuli/own/kitchen/119_kit.jpg,stimuli/own/kitchen/120_kit.jpg,NaN,NaN,NaN,NaN,NaN,NaN,NaN,NaN,0,186,186,385,1060.669144083,NaN,NaN,NaN,NaN,NaN,NaN,NaN,,NaN,,1060.955085708,1061.121591708,1061.121591708,1061.121591708,1061.121591708,1061.121591708,1061.121591708,1061.121591708,1061.121591708,1061.121591708,1064.818086833,-7,7,3,3,1.51575320899997,3,3.66040645899989,1060.667360208,1060.669144083,1061.121591708,1060.955070875,NaN,NaN,NaN,NaN,,NaN,,1060.663937541,1060.66731375,None,NaN,NaN,,NaN,NaN,NaN,NaN,NaN,NaN,NaN,10,kitchen,2,2024-04-08_11h04.40.518,image_similarity_rating,2023.2.3,None,2024-04-08 11h04.52.405542 +0200
,114,119,299,299,stimuli/own/kitchen/114_kit.jpg,stimuli/own/kitchen/119_kit.jpg,NaN,NaN,NaN,NaN,NaN,NaN,NaN,NaN,0,187,187,298,1064.82379,NaN,NaN,NaN,NaN,NaN,NaN,NaN,,NaN,,1065.108031833,1065.274434166,1065.274434166,1065.274434166,1065.274434166,1065.274434166,1065.274434166,1065.274434166,1065.274434166,1065.274434166,1068.413930541,-7,7,3,4,3.18590154200001,3,2.39874054200004,1064.821799583,1064.82379,1065.274434166,1065.108019041,NaN,NaN,NaN,NaN,,NaN,,1064.81831475,1064.821752666,None,NaN,NaN,,NaN,NaN,NaN,NaN,NaN,NaN,NaN,10,kitchen,2,2024-04-08_11h04.40.518,image_similarity_rating,2023.2.3,None,2024-04-08 11h04.52.405542 +0200
,109,124,202,202,stimuli/own/kitchen/109_kit.jpg,stimuli/own/kitchen/124_kit.jpg,NaN,NaN,NaN,NaN,NaN,NaN,NaN,NaN,0,188,188,201,1068.436397625,NaN,NaN,NaN,NaN,NaN,NaN,NaN,,NaN,,1068.720169416,1068.885350208,1068.885350208,1068.885350208,1068.885350208,1068.885350208,1068.885350208,1068.885350208,1068.885350208,1068.885350208,1071.651324166,-7,7,3,3,2.80392441699996,1,1.96831199999997,1068.417713458,1068.436397625,NaN,1068.720154875,NaN,NaN,NaN,NaN,,NaN,,1068.414150208,1068.417666541,None,NaN,NaN,,NaN,NaN,NaN,NaN,NaN,NaN,NaN,10,kitchen,2,2024-04-08_11h04.40.518,image_similarity_rating,2023.2.3,None,2024-04-08 11h04.52.405542 +0200
,126,141,517,517,stimuli/own/kitchen/126_kit.jpg,stimuli/own/kitchen/141_kit.jpg,NaN,NaN,NaN,NaN,NaN,NaN,NaN,NaN,0,189,189,516,1071.657286291,NaN,NaN,NaN,NaN,NaN,NaN,NaN,,NaN,,1107.254003875,1107.427940375,1107.427940375,1107.427940375,1107.427940375,1107.427940375,1107.427940375,1107.427940375,1107.427940375,1107.427940375,1111.451267041,-7,7,4,4,2.95208766600012,3,3.95279733400002,1106.956956833,1106.96057375,1107.427940375,1107.2539865,NaN,NaN,NaN,NaN,,NaN,,1071.651544541,1106.956463333,space,1071.657286291,35.298910083,None,NaN,NaN,NaN,NaN,NaN,NaN,NaN,10,kitchen,2,2024-04-08_11h04.40.518,image_similarity_rating,2023.2.3,None,2024-04-08 11h04.52.405542 +0200
,118,126,372,372,stimuli/own/kitchen/118_kit.jpg,stimuli/own/kitchen/126_kit.jpg,NaN,NaN,NaN,NaN,NaN,NaN,NaN,NaN,0,190,190,371,1111.457445,NaN,NaN,NaN,NaN,NaN,NaN,NaN,,NaN,,1111.741624916,1111.906438916,1111.906438916,1111.906438916,1111.906438916,1111.906438916,1111.906438916,1111.906438916,1111.906438916,1111.906438916,1115.713460875,7,-7,4,4,3.06341916699989,2,3.7327636670002,1111.455510166,1111.457445,1111.906438916,1111.741612583,NaN,NaN,NaN,NaN,,NaN,,1111.451488333,1111.455461916,None,NaN,NaN,,NaN,NaN,NaN,NaN,NaN,NaN,NaN,10,kitchen,2,2024-04-08_11h04.40.518,image_similarity_rating,2023.2.3,None,2024-04-08 11h04.52.405542 +0200
,130,139,548,548,stimuli/own/kitchen/130_kit.jpg,stimuli/own/kitchen/139_kit.jpg,NaN,NaN,NaN,NaN,NaN,NaN,NaN,NaN,0,191,191,547,1115.719122,NaN,NaN,NaN,NaN,NaN,NaN,NaN,,NaN,,1116.004729458,1116.168801,1116.168801,1116.168801,1116.168801,1116.168801,1116.168801,1116.168801,1116.168801,1116.168801,1118.451579541,-7,7,4,2,2.26732599999991,2,1.2926258330001,1115.717093125,1115.719122,1116.168801,1116.004712625,NaN,NaN,NaN,NaN,,NaN,,1115.713678333,1115.717046291,None,NaN,NaN,,NaN,NaN,NaN,NaN,NaN,NaN,NaN,10,kitchen,2,2024-04-08_11h04.40.518,image_similarity_rating,2023.2.3,None,2024-04-08 11h04.52.405542 +0200
,114,126,306,306,stimuli/own/kitchen/114_kit.jpg,stimuli/own/kitchen/126_kit.jpg,NaN,NaN,NaN,NaN,NaN,NaN,NaN,NaN,0,192,192,305,1118.457193583,NaN,NaN,NaN,NaN,NaN,NaN,NaN,,NaN,,1118.74194075,1118.90612,1118.90612,1118.90612,1118.90612,1118.90612,1118.90612,1118.90612,1118.90612,1118.90612,1122.919019791,7,-7,4,4,2.55155341700015,2,3.99439424999991,1118.455259,1118.457193583,1118.90612,1118.74193,NaN,NaN,NaN,NaN,,NaN,,1118.451817166,1118.4552125,None,NaN,NaN,,NaN,NaN,NaN,NaN,NaN,NaN,NaN,10,kitchen,2,2024-04-08_11h04.40.518,image_similarity_rating,2023.2.3,None,2024-04-08 11h04.52.405542 +0200
,129,141,540,540,stimuli/own/kitchen/129_kit.jpg,stimuli/own/kitchen/141_kit.jpg,NaN,NaN,NaN,NaN,NaN,NaN,NaN,NaN,0,193,193,539,1122.924673541,NaN,NaN,NaN,NaN,NaN,NaN,NaN,,NaN,,1123.208002875,1123.375745083,1123.375745083,1123.375745083,1123.375745083,1123.375745083,1123.375745083,1123.375745083,1123.375745083,1123.375745083,1126.121873291,7,-7,4,1,2.05724637499998,1,2.709494791,1122.922889125,1122.924673541,1123.375745083,1123.207988916,NaN,NaN,NaN,NaN,,NaN,,1122.919244125,1122.922842041,None,NaN,NaN,,NaN,NaN,NaN,NaN,NaN,NaN,NaN,10,kitchen,2,2024-04-08_11h04.40.518,image_similarity_rating,2023.2.3,None,2024-04-08 11h04.52.405542 +0200
,103,117,77,77,stimuli/own/kitchen/103_kit.jpg,stimuli/own/kitchen/117_kit.jpg,NaN,NaN,NaN,NaN,NaN,NaN,NaN,NaN,0,194,194,76,1126.127445333,NaN,NaN,NaN,NaN,NaN,NaN,NaN,,NaN,,1126.42104425,1126.586051333,1126.586051333,1126.586051333,1126.586051333,1126.586051333,1126.586051333,1126.586051333,1126.586051333,1126.586051333,1130.521661291,7,-7,4,5,2.20877433300006,4,3.89877954100007,1126.125516125,1126.127445333,1126.586051333,1126.421030583,NaN,NaN,NaN,NaN,,NaN,,1126.122091125,1126.125469958,None,NaN,NaN,,NaN,NaN,NaN,NaN,NaN,NaN,NaN,10,kitchen,2,2024-04-08_11h04.40.518,image_similarity_rating,2023.2.3,None,2024-04-08 11h04.52.405542 +0200
,125,131,495,495,stimuli/own/kitchen/125_kit.jpg,stimuli/own/kitchen/131_kit.jpg,NaN,NaN,NaN,NaN,NaN,NaN,NaN,NaN,0,195,195,494,1130.527042208,NaN,NaN,NaN,NaN,NaN,NaN,NaN,,NaN,,1130.820546541,1130.987261958,1130.987261958,1130.987261958,1130.987261958,1130.987261958,1130.987261958,1130.987261958,1130.987261958,1130.987261958,1133.660375333,7,-7,4,4,2.73910679200003,1,1.91285966700002,1130.525291916,1130.527042208,1130.987261958,1130.820530541,NaN,NaN,NaN,NaN,,NaN,,1130.521877625,1130.525245958,None,NaN,NaN,,NaN,NaN,NaN,NaN,NaN,NaN,NaN,10,kitchen,2,2024-04-08_11h04.40.518,image_similarity_rating,2023.2.3,None,2024-04-08 11h04.52.405542 +0200
,119,135,399,399,stimuli/own/kitchen/119_kit.jpg,stimuli/own/kitchen/135_kit.jpg,NaN,NaN,NaN,NaN,NaN,NaN,NaN,NaN,0,196,196,398,1133.669315958,NaN,NaN,NaN,NaN,NaN,NaN,NaN,,NaN,,1133.95406975,1134.118914875,1134.118914875,1134.118914875,1134.118914875,1134.118914875,1134.118914875,1134.118914875,1134.118914875,1134.118914875,1139.484803708,-7,7,4,3,2.78650775000006,1,5.06700795799998,1133.664002083,1133.669315958,1134.118914875,1133.954056333,NaN,NaN,NaN,NaN,,NaN,,1133.660592458,1133.663955541,None,NaN,NaN,,NaN,NaN,NaN,NaN,NaN,NaN,NaN,10,kitchen,2,2024-04-08_11h04.40.518,image_similarity_rating,2023.2.3,None,2024-04-08 11h04.52.405542 +0200
,126,127,505,505,stimuli/own/kitchen/126_kit.jpg,stimuli/own/kitchen/127_kit.jpg,NaN,NaN,NaN,NaN,NaN,NaN,NaN,NaN,0,197,197,504,1139.490426666,NaN,NaN,NaN,NaN,NaN,NaN,NaN,,NaN,,1139.78774575,1139.954598458,1139.954598458,1139.954598458,1139.954598458,1139.954598458,1139.954598458,1139.954598458,1139.954598458,1139.954598458,1144.389172958,7,-7,4,3,3.27925200000004,3,4.45982158300012,1139.488497916,1139.490426666,1139.954598458,1139.787731083,NaN,NaN,NaN,NaN,,NaN,,1139.485044666,1139.488450916,None,NaN,NaN,,NaN,NaN,NaN,NaN,NaN,NaN,NaN,10,kitchen,2,2024-04-08_11h04.40.518,image_similarity_rating,2023.2.3,None,2024-04-08 11h04.52.405542 +0200
,117,119,344,344,stimuli/own/kitchen/117_kit.jpg,stimuli/own/kitchen/119_kit.jpg,NaN,NaN,NaN,NaN,NaN,NaN,NaN,NaN,0,198,198,343,1144.39473225,NaN,NaN,NaN,NaN,NaN,NaN,NaN,,NaN,,1144.687082208,1144.852460833,1144.852460833,1144.852460833,1144.852460833,1144.852460833,1144.852460833,1144.852460833,1144.852460833,1144.852460833,1148.113370125,7,-7,4,4,2.48632704200008,2,3.17364466599997,1144.392814333,1144.39473225,1144.852460833,1144.687067875,NaN,NaN,NaN,NaN,,NaN,,1144.389390083,1144.392768208,None,NaN,NaN,,NaN,NaN,NaN,NaN,NaN,NaN,NaN,10,kitchen,2,2024-04-08_11h04.40.518,image_similarity_rating,2023.2.3,None,2024-04-08 11h04.52.405542 +0200
,131,137,555,555,stimuli/own/kitchen/131_kit.jpg,stimuli/own/kitchen/137_kit.jpg,NaN,NaN,NaN,NaN,NaN,NaN,NaN,NaN,0,199,199,554,1148.119220125,NaN,NaN,NaN,NaN,NaN,NaN,NaN,,NaN,,1148.403833625,1148.573591583,1148.573591583,1148.573591583,1148.573591583,1148.573591583,1148.573591583,1148.573591583,1148.573591583,1148.573591583,1152.5351485,-7,7,4,2,3.60973608299992,1,2.76818583300019,1148.1170015,1148.119220125,1148.573591583,1148.403815958,NaN,NaN,NaN,NaN,,NaN,,1148.113588458,1148.116955333,None,NaN,NaN,,NaN,NaN,NaN,NaN,NaN,NaN,NaN,10,kitchen,2,2024-04-08_11h04.40.518,image_similarity_rating,2023.2.3,None,2024-04-08 11h04.52.405542 +0200
,117,134,357,357,stimuli/own/kitchen/117_kit.jpg,stimuli/own/kitchen/134_kit.jpg,NaN,NaN,NaN,NaN,NaN,NaN,NaN,NaN,0,200,200,356,1152.540903416,NaN,NaN,NaN,NaN,NaN,NaN,NaN,,NaN,,1152.824038833,1152.98782075,1152.98782075,1152.98782075,1152.98782075,1152.98782075,1152.98782075,1152.98782075,1152.98782075,1152.98782075,1157.16341725,-7,7,4,3,4.22133479199988,4,2.78748724999991,1152.538822916,1152.540903416,1152.98782075,1152.824026833,NaN,NaN,NaN,NaN,,NaN,,1152.535367166,1152.5387765,None,NaN,NaN,,NaN,NaN,NaN,NaN,NaN,NaN,NaN,10,kitchen,2,2024-04-08_11h04.40.518,image_similarity_rating,2023.2.3,None,2024-04-08 11h04.52.405542 +0200
,119,126,392,392,stimuli/own/kitchen/119_kit.jpg,stimuli/own/kitchen/126_kit.jpg,NaN,NaN,NaN,NaN,NaN,NaN,NaN,NaN,0,201,201,391,1157.168890583,NaN,NaN,NaN,NaN,NaN,NaN,NaN,,NaN,,1157.453729458,1157.624916916,1157.624916916,1157.624916916,1157.624916916,1157.624916916,1157.624916916,1157.624916916,1157.624916916,1157.624916916,1161.875586041,-7,7,4,3,3.46185041700005,3,4.22651079100001,1157.167084125,1157.168890583,1157.624916916,1157.453712625,NaN,NaN,NaN,NaN,,NaN,,1157.163638416,1157.167037125,None,NaN,NaN,,NaN,NaN,NaN,NaN,NaN,NaN,NaN,10,kitchen,2,2024-04-08_11h04.40.518,image_similarity_rating,2023.2.3,None,2024-04-08 11h04.52.405542 +0200
,127,139,527,527,stimuli/own/kitchen/127_kit.jpg,stimuli/own/kitchen/139_kit.jpg,NaN,NaN,NaN,NaN,NaN,NaN,NaN,NaN,0,202,202,526,1161.885742166,NaN,NaN,NaN,NaN,NaN,NaN,NaN,,NaN,,1162.170440375,1162.337745125,1162.337745125,1162.337745125,1162.337745125,1162.337745125,1162.337745125,1162.337745125,1162.337745125,1162.337745125,1170.143171625,-7,7,4,2,7.780368834,2,6.08806008299985,1161.879273708,1161.885742166,1162.337745125,1162.17041975,NaN,NaN,NaN,NaN,,NaN,,1161.8758095,1161.879226833,None,NaN,NaN,,NaN,NaN,NaN,NaN,NaN,NaN,NaN,10,kitchen,2,2024-04-08_11h04.40.518,image_similarity_rating,2023.2.3,None,2024-04-08 11h04.52.405542 +0200
,111,120,225,225,stimuli/own/kitchen/111_kit.jpg,stimuli/own/kitchen/120_kit.jpg,NaN,NaN,NaN,NaN,NaN,NaN,NaN,NaN,0,203,203,224,1170.152340041,NaN,NaN,NaN,NaN,NaN,NaN,NaN,,NaN,,1170.437095958,1170.605587666,1170.605587666,1170.605587666,1170.605587666,1170.605587666,1170.605587666,1170.605587666,1170.605587666,1170.605587666,1173.654816458,7,-7,4,4,2.01522741600002,2,2.70657170799996,1170.147089833,1170.152340041,1170.605587666,1170.437074208,NaN,NaN,NaN,NaN,,NaN,,1170.143401166,1170.1470395,None,NaN,NaN,,NaN,NaN,NaN,NaN,NaN,NaN,NaN,10,kitchen,2,2024-04-08_11h04.40.518,image_similarity_rating,2023.2.3,None,2024-04-08 11h04.52.405542 +0200
,114,122,302,302,stimuli/own/kitchen/114_kit.jpg,stimuli/own/kitchen/122_kit.jpg,NaN,NaN,NaN,NaN,NaN,NaN,NaN,NaN,0,204,204,301,1173.660393541,NaN,NaN,NaN,NaN,NaN,NaN,NaN,,NaN,,1173.953647375,1174.125551541,1174.125551541,1174.125551541,1174.125551541,1174.125551541,1174.125551541,1174.125551541,1174.125551541,1174.125551541,1178.354643458,7,-7,4,5,4.25635254099984,5,3.04662845899998,1173.658468958,1173.660393541,1174.125551541,1173.953630083,NaN,NaN,NaN,NaN,,NaN,,1173.655035791,1173.658422125,None,NaN,NaN,,NaN,NaN,NaN,NaN,NaN,NaN,NaN,10,kitchen,2,2024-04-08_11h04.40.518,image_similarity_rating,2023.2.3,None,2024-04-08 11h04.52.405542 +0200
,113,122,278,278,stimuli/own/kitchen/113_kit.jpg,stimuli/own/kitchen/122_kit.jpg,NaN,NaN,NaN,NaN,NaN,NaN,NaN,NaN,0,205,205,277,1178.360297625,NaN,NaN,NaN,NaN,NaN,NaN,NaN,,NaN,,1178.654415875,1178.819872,1178.819872,1178.819872,1178.819872,1178.819872,1178.819872,1178.819872,1178.819872,1178.819872,1184.09242575,-7,7,4,2,4.39507041699994,2,2.76940224999998,1178.358369,1178.360297625,1178.819872,1178.654402958,NaN,NaN,NaN,NaN,,NaN,,1178.35485875,1178.358322541,None,NaN,NaN,,NaN,NaN,NaN,NaN,NaN,NaN,NaN,10,kitchen,2,2024-04-08_11h04.40.518,image_similarity_rating,2023.2.3,None,2024-04-08 11h04.52.405542 +0200
,127,135,523,523,stimuli/own/kitchen/127_kit.jpg,stimuli/own/kitchen/135_kit.jpg,NaN,NaN,NaN,NaN,NaN,NaN,NaN,NaN,0,206,206,522,1184.102713208,NaN,NaN,NaN,NaN,NaN,NaN,NaN,,NaN,,1184.386857708,1184.552820416,1184.552820416,1184.552820416,1184.552820416,1184.552820416,1184.552820416,1184.552820416,1184.552820416,1184.552820416,1187.521476666,-7,7,4,3,2.35056362499995,2,2.90885191699999,1184.096093625,1184.102713208,1184.552820416,1184.386844041,NaN,NaN,NaN,NaN,,NaN,,1184.092650791,1184.096047375,None,NaN,NaN,,NaN,NaN,NaN,NaN,NaN,NaN,NaN,10,kitchen,2,2024-04-08_11h04.40.518,image_similarity_rating,2023.2.3,None,2024-04-08 11h04.52.405542 +0200
,116,140,341,341,stimuli/own/kitchen/116_kit.jpg,stimuli/own/kitchen/140_kit.jpg,NaN,NaN,NaN,NaN,NaN,NaN,NaN,NaN,0,207,207,340,1187.527094708,NaN,NaN,NaN,NaN,NaN,NaN,NaN,,NaN,,1187.820237791,1187.989299916,1187.989299916,1187.989299916,1187.989299916,1187.989299916,1187.989299916,1187.989299916,1187.989299916,1187.989299916,1194.254703666,7,-7,4,1,4.82298345799995,1,6.205662416,1187.52515625,1187.527094708,1187.989299916,1187.820220875,NaN,NaN,NaN,NaN,,NaN,,1187.521694541,1187.525109416,None,NaN,NaN,,NaN,NaN,NaN,NaN,NaN,NaN,NaN,10,kitchen,2,2024-04-08_11h04.40.518,image_similarity_rating,2023.2.3,None,2024-04-08 11h04.52.405542 +0200
,104,137,126,126,stimuli/own/kitchen/104_kit.jpg,stimuli/own/kitchen/137_kit.jpg,NaN,NaN,NaN,NaN,NaN,NaN,NaN,NaN,0,208,208,125,1194.26028975,NaN,NaN,NaN,NaN,NaN,NaN,NaN,,NaN,,1194.5536105,1194.723086916,1194.723086916,1194.723086916,1194.723086916,1194.723086916,1194.723086916,1194.723086916,1194.723086916,1194.723086916,1198.947623458,7,-7,4,3,3.26510391600004,2,3.86083845799999,1194.258347625,1194.26028975,1194.723086916,1194.553593333,NaN,NaN,NaN,NaN,,NaN,,1194.254925125,1194.258301625,None,NaN,NaN,,NaN,NaN,NaN,NaN,NaN,NaN,NaN,10,kitchen,2,2024-04-08_11h04.40.518,image_similarity_rating,2023.2.3,None,2024-04-08 11h04.52.405542 +0200
,106,127,177,177,stimuli/own/kitchen/106_kit.jpg,stimuli/own/kitchen/127_kit.jpg,NaN,NaN,NaN,NaN,NaN,NaN,NaN,NaN,0,209,209,176,1198.953613541,NaN,NaN,NaN,NaN,NaN,NaN,NaN,,NaN,,1199.236950916,1199.406870166,1199.406870166,1199.406870166,1199.406870166,1199.406870166,1199.406870166,1199.406870166,1199.406870166,1199.406870166,1205.921597291,7,-7,4,3,5.32599866700002,2,6.414705916,1198.951356666,1198.953613541,1199.406870166,1199.236929791,NaN,NaN,NaN,NaN,,NaN,,1198.947841,1198.951291375,None,NaN,NaN,,NaN,NaN,NaN,NaN,NaN,NaN,NaN,10,kitchen,2,2024-04-08_11h04.40.518,image_similarity_rating,2023.2.3,None,2024-04-08 11h04.52.405542 +0200
,119,130,395,395,stimuli/own/kitchen/119_kit.jpg,stimuli/own/kitchen/130_kit.jpg,NaN,NaN,NaN,NaN,NaN,NaN,NaN,NaN,0,210,210,394,1205.927059041,NaN,NaN,NaN,NaN,NaN,NaN,NaN,,NaN,,1206.220243333,1206.389343833,1206.389343833,1206.389343833,1206.389343833,1206.389343833,1206.389343833,1206.389343833,1206.389343833,1206.389343833,1209.446850166,7,-7,4,4,2.30179408399999,2,2.94696025000007,1205.925242208,1205.927059041,1206.389343833,1206.220225833,NaN,NaN,NaN,NaN,,NaN,,1205.921816958,1205.925195958,None,NaN,NaN,,NaN,NaN,NaN,NaN,NaN,NaN,NaN,10,kitchen,2,2024-04-08_11h04.40.518,image_similarity_rating,2023.2.3,None,2024-04-08 11h04.52.405542 +0200
,103,124,84,84,stimuli/own/kitchen/103_kit.jpg,stimuli/own/kitchen/124_kit.jpg,NaN,NaN,NaN,NaN,NaN,NaN,NaN,NaN,0,211,211,83,1209.468830916,NaN,NaN,NaN,NaN,NaN,NaN,NaN,,NaN,,1209.753247083,1209.919709916,1209.919709916,1209.919709916,1209.919709916,1209.919709916,1209.919709916,1209.919709916,1209.919709916,1209.919709916,1213.846607375,7,-7,4,3,3.1003397909999,3,3.79029529099989,1209.450484291,1209.468830916,NaN,1209.753229958,NaN,NaN,NaN,NaN,,NaN,,1209.447071291,1209.450437875,None,NaN,NaN,,NaN,NaN,NaN,NaN,NaN,NaN,NaN,10,kitchen,2,2024-04-08_11h04.40.518,image_similarity_rating,2023.2.3,None,2024-04-08 11h04.52.405542 +0200
,138,140,591,591,stimuli/own/kitchen/138_kit.jpg,stimuli/own/kitchen/140_kit.jpg,NaN,NaN,NaN,NaN,NaN,NaN,NaN,NaN,0,212,212,590,1213.8521665,NaN,NaN,NaN,NaN,NaN,NaN,NaN,,NaN,,1214.136807833,1214.302240666,1214.302240666,1214.302240666,1214.302240666,1214.302240666,1214.302240666,1214.302240666,1214.302240666,1214.302240666,1218.084137583,7,-7,4,4,2.86393808399998,2,3.71870200000012,1213.850250541,1213.8521665,1214.302240666,1214.136791666,NaN,NaN,NaN,NaN,,NaN,,1213.846826291,1213.850203625,None,NaN,NaN,,NaN,NaN,NaN,NaN,NaN,NaN,NaN,10,kitchen,2,2024-04-08_11h04.40.518,image_similarity_rating,2023.2.3,None,2024-04-08 11h04.52.405542 +0200
,132,136,562,562,stimuli/own/kitchen/132_kit.jpg,stimuli/own/kitchen/136_kit.jpg,NaN,NaN,NaN,NaN,NaN,NaN,NaN,NaN,0,213,213,561,1218.089891083,NaN,NaN,NaN,NaN,NaN,NaN,NaN,,NaN,,1218.374607916,1218.543922541,1218.543922541,1218.543922541,1218.543922541,1218.543922541,1218.543922541,1218.543922541,1218.543922541,1218.543922541,1221.789095625,7,-7,4,4,2.53934424999989,2,3.17044808399987,1218.087941,1218.089891083,1218.543922541,1218.374592625,NaN,NaN,NaN,NaN,,NaN,,1218.084357166,1218.08789425,None,NaN,NaN,,NaN,NaN,NaN,NaN,NaN,NaN,NaN,10,kitchen,2,2024-04-08_11h04.40.518,image_similarity_rating,2023.2.3,None,2024-04-08 11h04.52.405542 +0200
,105,117,138,138,stimuli/own/kitchen/105_kit.jpg,stimuli/own/kitchen/117_kit.jpg,NaN,NaN,NaN,NaN,NaN,NaN,NaN,NaN,0,214,214,137,1221.794965833,NaN,NaN,NaN,NaN,NaN,NaN,NaN,,NaN,,1222.086877333,1222.251673583,1222.251673583,1222.251673583,1222.251673583,1222.251673583,1222.251673583,1222.251673583,1222.251673583,1222.251673583,1225.134418166,-7,7,4,4,1.93622308399995,3,2.70799674999989,1221.79285375,1221.794965833,1222.251673583,1222.086858041,NaN,NaN,NaN,NaN,,NaN,,1221.78931475,1221.79280725,None,NaN,NaN,,NaN,NaN,NaN,NaN,NaN,NaN,NaN,10,kitchen,2,2024-04-08_11h04.40.518,image_similarity_rating,2023.2.3,None,2024-04-08 11h04.52.405542 +0200
,103,134,92,92,stimuli/own/kitchen/103_kit.jpg,stimuli/own/kitchen/134_kit.jpg,NaN,NaN,NaN,NaN,NaN,NaN,NaN,NaN,0,215,215,91,1225.140308416,NaN,NaN,NaN,NaN,NaN,NaN,NaN,,NaN,,1225.424223583,1225.591852875,1225.591852875,1225.591852875,1225.591852875,1225.591852875,1225.591852875,1225.591852875,1225.591852875,1225.591852875,1229.992277166,7,-7,4,5,3.01470362499981,3,4.09270370800004,1225.138154916,1225.140308416,1225.591852875,1225.424205291,NaN,NaN,NaN,NaN,,NaN,,1225.134660375,1225.13810825,None,NaN,NaN,,NaN,NaN,NaN,NaN,NaN,NaN,NaN,10,kitchen,2,2024-04-08_11h04.40.518,image_similarity_rating,2023.2.3,None,2024-04-08 11h04.52.405542 +0200
,105,123,144,144,stimuli/own/kitchen/105_kit.jpg,stimuli/own/kitchen/123_kit.jpg,NaN,NaN,NaN,NaN,NaN,NaN,NaN,NaN,0,216,216,143,1230.002324125,NaN,NaN,NaN,NaN,NaN,NaN,NaN,,NaN,,1230.286699333,1230.453674916,1230.453674916,1230.453674916,1230.453674916,1230.453674916,1230.453674916,1230.453674916,1230.453674916,1230.453674916,1234.604557458,7,-7,4,4,2.97138762499981,2,3.99059391699984,1229.99607725,1230.002324125,1230.453674916,1230.286680625,NaN,NaN,NaN,NaN,,NaN,,1229.992498333,1229.996030583,None,NaN,NaN,,NaN,NaN,NaN,NaN,NaN,NaN,NaN,10,kitchen,2,2024-04-08_11h04.40.518,image_similarity_rating,2023.2.3,None,2024-04-08 11h04.52.405542 +0200
,111,118,223,223,stimuli/own/kitchen/111_kit.jpg,stimuli/own/kitchen/118_kit.jpg,NaN,NaN,NaN,NaN,NaN,NaN,NaN,NaN,0,217,217,222,1234.610323041,NaN,NaN,NaN,NaN,NaN,NaN,NaN,,NaN,,1234.903264416,1235.068364208,1235.068364208,1235.068364208,1235.068364208,1235.068364208,1235.068364208,1235.068364208,1235.068364208,1235.068364208,1238.796452666,-7,7,4,6,3.67410841600008,3,2.15344229099992,1234.608326791,1234.610323041,1235.068364208,1234.903250125,NaN,NaN,NaN,NaN,,NaN,,1234.604773916,1234.608279833,None,NaN,NaN,,NaN,NaN,NaN,NaN,NaN,NaN,NaN,10,kitchen,2,2024-04-08_11h04.40.518,image_similarity_rating,2023.2.3,None,2024-04-08 11h04.52.405542 +0200
,103,122,82,82,stimuli/own/kitchen/103_kit.jpg,stimuli/own/kitchen/122_kit.jpg,NaN,NaN,NaN,NaN,NaN,NaN,NaN,NaN,0,218,218,81,1238.801946583,NaN,NaN,NaN,NaN,NaN,NaN,NaN,,NaN,,1239.087625916,1239.252551,1239.252551,1239.252551,1239.252551,1239.252551,1239.252551,1239.252551,1239.252551,1239.252551,1243.050980916,7,-7,4,3,2.78555187500001,5,3.71259520800004,1238.80018225,1238.801946583,1239.252551,1239.087611041,NaN,NaN,NaN,NaN,,NaN,,1238.796671208,1238.800135916,None,NaN,NaN,,NaN,NaN,NaN,NaN,NaN,NaN,NaN,10,kitchen,2,2024-04-08_11h04.40.518,image_similarity_rating,2023.2.3,None,2024-04-08 11h04.52.405542 +0200
,122,126,446,446,stimuli/own/kitchen/122_kit.jpg,stimuli/own/kitchen/126_kit.jpg,NaN,NaN,NaN,NaN,NaN,NaN,NaN,NaN,0,219,219,445,1243.056438875,NaN,NaN,NaN,NaN,NaN,NaN,NaN,,NaN,,1243.341272916,1243.510573333,1243.510573333,1243.510573333,1243.510573333,1243.510573333,1243.510573333,1243.510573333,1243.510573333,1243.510573333,1247.525550583,7,-7,4,5,2.855926834,5,3.867252667,1243.054673916,1243.056438875,1243.510573333,1243.341257125,NaN,NaN,NaN,NaN,,NaN,,1243.051222583,1243.054627125,None,NaN,NaN,,NaN,NaN,NaN,NaN,NaN,NaN,NaN,10,kitchen,2,2024-04-08_11h04.40.518,image_similarity_rating,2023.2.3,None,2024-04-08 11h04.52.405542 +0200
,117,120,345,345,stimuli/own/kitchen/117_kit.jpg,stimuli/own/kitchen/120_kit.jpg,NaN,NaN,NaN,NaN,NaN,NaN,NaN,NaN,0,220,220,344,1247.535543125,NaN,NaN,NaN,NaN,NaN,NaN,NaN,,NaN,,1247.820108458,1247.987486333,1247.987486333,1247.987486333,1247.987486333,1247.987486333,1247.987486333,1247.987486333,1247.987486333,1247.987486333,1251.788590333,7,-7,4,3,3.0963112500001,5,3.71275912499982,1247.529301333,1247.535543125,1247.987486333,1247.820091625,NaN,NaN,NaN,NaN,,NaN,,1247.525768833,1247.529254333,None,NaN,NaN,,NaN,NaN,NaN,NaN,NaN,NaN,NaN,10,kitchen,2,2024-04-08_11h04.40.518,image_similarity_rating,2023.2.3,None,2024-04-08 11h04.52.405542 +0200
,124,131,481,481,stimuli/own/kitchen/124_kit.jpg,stimuli/own/kitchen/131_kit.jpg,NaN,NaN,NaN,NaN,NaN,NaN,NaN,NaN,0,221,221,480,1251.793998416,NaN,NaN,NaN,NaN,NaN,NaN,NaN,,NaN,,1252.086510916,1252.252222416,1252.252222416,1252.252222416,1252.252222416,1252.252222416,1252.252222416,1252.252222416,1252.252222416,1252.252222416,1257.308136791,7,-7,4,2,5.01808600000004,2,3.284168959,1251.792223041,1251.793998416,1252.252222416,1252.086496458,NaN,NaN,NaN,NaN,,NaN,,1251.788808041,1251.792176333,None,NaN,NaN,,NaN,NaN,NaN,NaN,NaN,NaN,NaN,10,kitchen,2,2024-04-08_11h04.40.518,image_similarity_rating,2023.2.3,None,2024-04-08 11h04.52.405542 +0200
,106,124,174,174,stimuli/own/kitchen/106_kit.jpg,stimuli/own/kitchen/124_kit.jpg,NaN,NaN,NaN,NaN,NaN,NaN,NaN,NaN,0,222,222,173,1257.3186765,NaN,NaN,NaN,NaN,NaN,NaN,NaN,,NaN,,1257.603870166,1257.768458208,1257.768458208,1257.768458208,1257.768458208,1257.768458208,1257.768458208,1257.768458208,1257.768458208,1257.768458208,1266.091566958,-7,7,4,2,8.25706108400004,1,4.49494704099993,1257.311796166,1257.3186765,1257.768458208,1257.603856333,NaN,NaN,NaN,NaN,,NaN,,1257.308359458,1257.311749875,None,NaN,NaN,,NaN,NaN,NaN,NaN,NaN,NaN,NaN,10,kitchen,2,2024-04-08_11h04.40.518,image_similarity_rating,2023.2.3,None,2024-04-08 11h04.52.405542 +0200
,136,139,583,603,stimuli/own/kitchen/136_kit.jpg,stimuli/own/kitchen/139_kit.jpg,NaN,NaN,NaN,NaN,NaN,NaN,NaN,NaN,0,223,223,602,1266.102024708,NaN,NaN,NaN,NaN,NaN,NaN,NaN,,NaN,,1266.386573333,1266.553062333,1266.553062333,1266.553062333,1266.553062333,1266.553062333,1266.553062333,1266.553062333,1266.553062333,1266.553062333,1270.57175525,-7,7,4,2,3.51676416700002,1,3.956125875,1266.0952305,1266.102024708,1266.553062333,1266.386557,NaN,NaN,NaN,NaN,,NaN,,1266.091790083,1266.095184375,None,NaN,NaN,,NaN,NaN,NaN,NaN,NaN,NaN,NaN,10,kitchen,2,2024-04-08_11h04.40.518,image_similarity_rating,2023.2.3,None,2024-04-08 11h04.52.405542 +0200
,120,127,412,412,stimuli/own/kitchen/120_kit.jpg,stimuli/own/kitchen/127_kit.jpg,NaN,NaN,NaN,NaN,NaN,NaN,NaN,NaN,0,224,224,411,1270.577273166,NaN,NaN,NaN,NaN,NaN,NaN,NaN,,NaN,,1270.869945833,1271.039494916,1271.039494916,1271.039494916,1271.039494916,1271.039494916,1271.039494916,1271.039494916,1271.039494916,1271.039494916,1275.896506625,7,-7,4,2,4.89274716699992,3,2.54325404199994,1270.575496083,1270.577273166,1271.039494916,1270.869908125,NaN,NaN,NaN,NaN,,NaN,,1270.57197525,1270.575449916,None,NaN,NaN,,NaN,NaN,NaN,NaN,NaN,NaN,NaN,10,kitchen,2,2024-04-08_11h04.40.518,image_similarity_rating,2023.2.3,None,2024-04-08 11h04.52.405542 +0200
,129,136,535,535,stimuli/own/kitchen/129_kit.jpg,stimuli/own/kitchen/136_kit.jpg,NaN,NaN,NaN,NaN,NaN,NaN,NaN,NaN,0,225,225,534,1275.901938541,NaN,NaN,NaN,NaN,NaN,NaN,NaN,,NaN,,1276.186624458,1276.350409625,1276.350409625,1276.350409625,1276.350409625,1276.350409625,1276.350409625,1276.350409625,1276.350409625,1276.350409625,1279.342836583,7,-7,4,1,2.91273641699991,1,2.01315504199988,1275.90014,1275.901938541,1276.350409625,1276.186611583,NaN,NaN,NaN,NaN,,NaN,,1275.896722833,1275.900093208,None,NaN,NaN,,NaN,NaN,NaN,NaN,NaN,NaN,NaN,10,kitchen,2,2024-04-08_11h04.40.518,image_similarity_rating,2023.2.3,None,2024-04-08 11h04.52.405542 +0200
,127,129,518,518,stimuli/own/kitchen/127_kit.jpg,stimuli/own/kitchen/129_kit.jpg,NaN,NaN,NaN,NaN,NaN,NaN,NaN,NaN,0,226,226,517,1279.351806166,NaN,NaN,NaN,NaN,NaN,NaN,NaN,,NaN,,1279.636302625,1279.800195458,1279.800195458,1279.800195458,1279.800195458,1279.800195458,1279.800195458,1279.800195458,1279.800195458,1279.800195458,1283.230463166,-7,7,4,1,3.47790670799986,1,2.53087058300002,1279.346489166,1279.351806166,1279.800195458,1279.636291583,NaN,NaN,NaN,NaN,,NaN,,1279.343057791,1279.346440041,None,NaN,NaN,,NaN,NaN,NaN,NaN,NaN,NaN,NaN,10,kitchen,2,2024-04-08_11h04.40.518,image_similarity_rating,2023.2.3,None,2024-04-08 11h04.52.405542 +0200
,131,140,558,558,stimuli/own/kitchen/131_kit.jpg,stimuli/own/kitchen/140_kit.jpg,NaN,NaN,NaN,NaN,NaN,NaN,NaN,NaN,0,227,227,557,1283.236858333,NaN,NaN,NaN,NaN,NaN,NaN,NaN,,NaN,,1283.519931666,1283.687222166,1283.687222166,1283.687222166,1283.687222166,1283.687222166,1283.687222166,1283.687222166,1283.687222166,1283.687222166,1286.667434666,7,-7,4,3,2.35508012500009,2,2.907943209,1283.234091,1283.236858333,1283.687222166,1283.519914833,NaN,NaN,NaN,NaN,,NaN,,1283.230682,1283.234044916,None,NaN,NaN,,NaN,NaN,NaN,NaN,NaN,NaN,NaN,10,kitchen,2,2024-04-08_11h04.40.518,image_similarity_rating,2023.2.3,None,2024-04-08 11h04.52.405542 +0200
,118,119,365,365,stimuli/own/kitchen/118_kit.jpg,stimuli/own/kitchen/119_kit.jpg,NaN,NaN,NaN,NaN,NaN,NaN,NaN,NaN,0,228,228,364,1286.673091541,NaN,NaN,NaN,NaN,NaN,NaN,NaN,,NaN,,1286.957380875,1287.122702375,1287.122702375,1287.122702375,1287.122702375,1287.122702375,1287.122702375,1287.122702375,1287.122702375,1287.122702375,1291.692747,7,-7,4,2,4.60618470899999,2,3.10887204200003,1286.671155791,1286.673091541,1287.122702375,1286.957368708,NaN,NaN,NaN,NaN,,NaN,,1286.667685416,1286.671109,None,NaN,NaN,,NaN,NaN,NaN,NaN,NaN,NaN,NaN,10,kitchen,2,2024-04-08_11h04.40.518,image_similarity_rating,2023.2.3,None,2024-04-08 11h04.52.405542 +0200
,125,141,504,504,stimuli/own/kitchen/125_kit.jpg,stimuli/own/kitchen/141_kit.jpg,NaN,NaN,NaN,NaN,NaN,NaN,NaN,NaN,0,229,229,503,1291.702000125,NaN,NaN,NaN,NaN,NaN,NaN,NaN,,NaN,,1291.986542208,1292.158364708,1292.158364708,1292.158364708,1292.158364708,1292.158364708,1292.158364708,1292.158364708,1292.158364708,1292.158364708,1297.309664125,-7,7,4,2,5.17807091700001,2,3.72500666699989,1291.696408125,1291.702000125,1292.158364708,1291.986525291,NaN,NaN,NaN,NaN,,NaN,,1291.692965083,1291.696361791,None,NaN,NaN,,NaN,NaN,NaN,NaN,NaN,NaN,NaN,10,kitchen,2,2024-04-08_11h04.40.518,image_similarity_rating,2023.2.3,None,2024-04-08 11h04.52.405542 +0200
,114,134,312,312,stimuli/own/kitchen/114_kit.jpg,stimuli/own/kitchen/134_kit.jpg,NaN,NaN,NaN,NaN,NaN,NaN,NaN,NaN,0,230,230,311,1297.31847975,NaN,NaN,NaN,NaN,NaN,NaN,NaN,,NaN,,1297.603189125,1297.768090875,1297.768090875,1297.768090875,1297.768090875,1297.768090875,1297.768090875,1297.768090875,1297.768090875,1297.768090875,1302.784014291,7,-7,4,1,4.05065883299994,2,4.94109454099998,1297.313335708,1297.31847975,1297.768090875,1297.603175583,NaN,NaN,NaN,NaN,,NaN,,1297.3098945,1297.313289125,None,NaN,NaN,,NaN,NaN,NaN,NaN,NaN,NaN,NaN,10,kitchen,2,2024-04-08_11h04.40.518,image_similarity_rating,2023.2.3,None,2024-04-08 11h04.52.405542 +0200
,121,141,442,442,stimuli/own/kitchen/121_kit.jpg,stimuli/own/kitchen/141_kit.jpg,NaN,NaN,NaN,NaN,NaN,NaN,NaN,NaN,0,231,231,441,1302.789713375,NaN,NaN,NaN,NaN,NaN,NaN,NaN,,NaN,,1303.073812291,1303.239542833,1303.239542833,1303.239542833,1303.239542833,1303.239542833,1303.239542833,1303.239542833,1303.239542833,1303.239542833,1308.970939708,7,-7,4,2,5.75379387499993,2,4.92679187500016,1302.787782708,1302.789713375,1303.239542833,1303.073799541,NaN,NaN,NaN,NaN,,NaN,,1302.78425525,1302.787735416,None,NaN,NaN,,NaN,NaN,NaN,NaN,NaN,NaN,NaN,10,kitchen,2,2024-04-08_11h04.40.518,image_similarity_rating,2023.2.3,None,2024-04-08 11h04.52.405542 +0200
,112,137,266,266,stimuli/own/kitchen/112_kit.jpg,stimuli/own/kitchen/137_kit.jpg,NaN,NaN,NaN,NaN,NaN,NaN,NaN,NaN,0,232,232,265,1308.97661775,NaN,NaN,NaN,NaN,NaN,NaN,NaN,,NaN,,1309.270697375,1309.435023416,1309.435023416,1309.435023416,1309.435023416,1309.435023416,1309.435023416,1309.435023416,1309.435023416,1309.435023416,1314.129522916,-7,7,4,3,4.75331433299993,1,2.76672908299997,1308.974681583,1308.97661775,1309.435023416,1309.270684208,NaN,NaN,NaN,NaN,,NaN,,1308.971155666,1308.974634583,None,NaN,NaN,,NaN,NaN,NaN,NaN,NaN,NaN,NaN,10,kitchen,2,2024-04-08_11h04.40.518,image_similarity_rating,2023.2.3,None,2024-04-08 11h04.52.405542 +0200
,101,120,15,15,stimuli/own/kitchen/101_kit.jpg,stimuli/own/kitchen/120_kit.jpg,NaN,NaN,NaN,NaN,NaN,NaN,NaN,NaN,0,233,233,14,1314.134960791,NaN,NaN,NaN,NaN,NaN,NaN,NaN,,NaN,,1314.41983,1314.585224666,1314.585224666,1314.585224666,1314.585224666,1314.585224666,1314.585224666,1314.585224666,1314.585224666,1314.585224666,1318.8922505,7,-7,4,3,3.18647004100012,2,4.25487545800001,1314.133155,1314.134960791,1314.585224666,1314.419814375,NaN,NaN,NaN,NaN,,NaN,,1314.12973825,1314.133109125,None,NaN,NaN,,NaN,NaN,NaN,NaN,NaN,NaN,NaN,10,kitchen,2,2024-04-08_11h04.40.518,image_similarity_rating,2023.2.3,None,2024-04-08 11h04.52.405542 +0200
,113,139,293,293,stimuli/own/kitchen/113_kit.jpg,stimuli/own/kitchen/139_kit.jpg,NaN,NaN,NaN,NaN,NaN,NaN,NaN,NaN,0,234,234,292,1318.901958291,NaN,NaN,NaN,NaN,NaN,NaN,NaN,,NaN,,1319.186274375,1319.354340541,1319.354340541,1319.354340541,1319.354340541,1319.354340541,1319.354340541,1319.354340541,1319.354340541,1319.354340541,1328.137543833,7,-7,4,2,8.84459879199994,2,4.75601987499999,1318.895938291,1318.901958291,1319.354340541,1319.186256208,NaN,NaN,NaN,NaN,,NaN,,1318.892474625,1318.895890041,None,NaN,NaN,,NaN,NaN,NaN,NaN,NaN,NaN,NaN,10,kitchen,2,2024-04-08_11h04.40.518,image_similarity_rating,2023.2.3,None,2024-04-08 11h04.52.405542 +0200
,121,130,432,432,stimuli/own/kitchen/121_kit.jpg,stimuli/own/kitchen/130_kit.jpg,NaN,NaN,NaN,NaN,NaN,NaN,NaN,NaN,0,235,235,431,1328.143111083,NaN,NaN,NaN,NaN,NaN,NaN,NaN,,NaN,,1328.436447916,1328.604429958,1328.604429958,1328.604429958,1328.604429958,1328.604429958,1328.604429958,1328.604429958,1328.604429958,1328.604429958,1334.708467375,7,-7,4,2,5.00187312499997,2,5.99264566699981,1328.14118725,1328.143111083,1328.604429958,1328.436426,NaN,NaN,NaN,NaN,,NaN,,1328.137762458,1328.141141125,None,NaN,NaN,,NaN,NaN,NaN,NaN,NaN,NaN,NaN,10,kitchen,2,2024-04-08_11h04.40.518,image_similarity_rating,2023.2.3,None,2024-04-08 11h04.52.405542 +0200
,136,139,583,601,stimuli/own/kitchen/136_kit.jpg,stimuli/own/kitchen/139_kit.jpg,NaN,NaN,NaN,NaN,NaN,NaN,NaN,NaN,0,236,236,600,1334.718590708,NaN,NaN,NaN,NaN,NaN,NaN,NaN,,NaN,,1335.003170875,1335.168389166,1335.168389166,1335.168389166,1335.168389166,1335.168389166,1335.168389166,1335.168389166,1335.168389166,1335.168389166,1340.004136875,7,-7,4,3,3.32862191599997,2,4.78807112499999,1334.712115125,1334.718590708,1335.168389166,1335.003157625,NaN,NaN,NaN,NaN,,NaN,,1334.708686666,1334.712069208,None,NaN,NaN,,NaN,NaN,NaN,NaN,NaN,NaN,NaN,10,kitchen,2,2024-04-08_11h04.40.518,image_similarity_rating,2023.2.3,None,2024-04-08 11h04.52.405542 +0200
,116,132,334,334,stimuli/own/kitchen/116_kit.jpg,stimuli/own/kitchen/132_kit.jpg,NaN,NaN,NaN,NaN,NaN,NaN,NaN,NaN,0,237,237,333,1340.00959975,NaN,NaN,NaN,NaN,NaN,NaN,NaN,,NaN,,1340.302973333,1340.469007958,1340.469007958,1340.469007958,1340.469007958,1340.469007958,1340.469007958,1340.469007958,1340.469007958,1340.469007958,1343.630227666,-7,7,4,2,3.12010066599987,2,2.33259458299995,1340.007792166,1340.00959975,1340.469007958,1340.302945416,NaN,NaN,NaN,NaN,,NaN,,1340.004355083,1340.007745458,None,NaN,NaN,,NaN,NaN,NaN,NaN,NaN,NaN,NaN,10,kitchen,2,2024-04-08_11h04.40.518,image_similarity_rating,2023.2.3,None,2024-04-08 11h04.52.405542 +0200
,104,134,123,123,stimuli/own/kitchen/104_kit.jpg,stimuli/own/kitchen/134_kit.jpg,NaN,NaN,NaN,NaN,NaN,NaN,NaN,NaN,0,238,238,122,1343.63702025,NaN,NaN,NaN,NaN,NaN,NaN,NaN,,NaN,,1343.920453041,1344.08609075,1344.08609075,1344.08609075,1344.08609075,1344.08609075,1344.08609075,1344.08609075,1344.08609075,1344.08609075,1349.883662291,-7,7,4,3,5.23303070800011,2,5.74299808399996,1343.633999625,1343.63702025,1344.08609075,1343.9204355,NaN,NaN,NaN,NaN,,NaN,,1343.630447166,1343.633953,None,NaN,NaN,,NaN,NaN,NaN,NaN,NaN,NaN,NaN,10,kitchen,2,2024-04-08_11h04.40.518,image_similarity_rating,2023.2.3,None,2024-04-08 11h04.52.405542 +0200
,112,132,262,262,stimuli/own/kitchen/112_kit.jpg,stimuli/own/kitchen/132_kit.jpg,NaN,NaN,NaN,NaN,NaN,NaN,NaN,NaN,0,239,239,261,1349.889427333,NaN,NaN,NaN,NaN,NaN,NaN,NaN,,NaN,,1350.174066041,1350.337563833,1350.337563833,1350.337563833,1350.337563833,1350.337563833,1350.337563833,1350.337563833,1350.337563833,1350.337563833,1355.196052791,-7,7,4,5,3.76371712500008,3,4.75968975000001,1349.887478166,1349.889427333,1350.337563833,1350.174055708,NaN,NaN,NaN,NaN,,NaN,,1349.883879791,1349.887431208,None,NaN,NaN,,NaN,NaN,NaN,NaN,NaN,NaN,NaN,10,kitchen,2,2024-04-08_11h04.40.518,image_similarity_rating,2023.2.3,None,2024-04-08 11h04.52.405542 +0200
,105,129,149,149,stimuli/own/kitchen/105_kit.jpg,stimuli/own/kitchen/129_kit.jpg,NaN,NaN,NaN,NaN,NaN,NaN,NaN,NaN,0,240,240,148,1355.2017025,NaN,NaN,NaN,NaN,NaN,NaN,NaN,,NaN,,1355.486380416,1355.652041416,1355.652041416,1355.652041416,1355.652041416,1355.652041416,1355.652041416,1355.652041416,1355.652041416,1355.652041416,1360.195963375,-7,7,4,1,4.46699095899999,1,2.81388591700011,1355.19969875,1355.2017025,1355.652041416,1355.486364875,NaN,NaN,NaN,NaN,,NaN,,1355.196270666,1355.199652333,None,NaN,NaN,,NaN,NaN,NaN,NaN,NaN,NaN,NaN,10,kitchen,2,2024-04-08_11h04.40.518,image_similarity_rating,2023.2.3,None,2024-04-08 11h04.52.405542 +0200
,132,140,566,566,stimuli/own/kitchen/132_kit.jpg,stimuli/own/kitchen/140_kit.jpg,NaN,NaN,NaN,NaN,NaN,NaN,NaN,NaN,0,241,241,565,1360.201487708,NaN,NaN,NaN,NaN,NaN,NaN,NaN,,NaN,,1360.486332958,1360.651488291,1360.651488291,1360.651488291,1360.651488291,1360.651488291,1360.651488291,1360.651488291,1360.651488291,1360.651488291,1365.133759916,7,-7,4,4,2.41428104100009,3,4.37147604200004,1360.199626916,1360.201487708,1360.651488291,1360.486315,NaN,NaN,NaN,NaN,,NaN,,1360.196187916,1360.19958,None,NaN,NaN,,NaN,NaN,NaN,NaN,NaN,NaN,NaN,10,kitchen,2,2024-04-08_11h04.40.518,image_similarity_rating,2023.2.3,None,2024-04-08 11h04.52.405542 +0200
,114,139,317,317,stimuli/own/kitchen/114_kit.jpg,stimuli/own/kitchen/139_kit.jpg,NaN,NaN,NaN,NaN,NaN,NaN,NaN,NaN,0,242,242,316,1365.139211208,NaN,NaN,NaN,NaN,NaN,NaN,NaN,,NaN,,1365.424050291,1365.591365666,1365.591365666,1365.591365666,1365.591365666,1365.591365666,1365.591365666,1365.591365666,1365.591365666,1365.591365666,1368.333829208,7,-7,4,2,2.74179775000016,2,1.95534116700014,1365.137448125,1365.139211208,1365.591365666,1365.4240325,NaN,NaN,NaN,NaN,,NaN,,1365.133998458,1365.137400958,None,NaN,NaN,,NaN,NaN,NaN,NaN,NaN,NaN,NaN,10,kitchen,2,2024-04-08_11h04.40.518,image_similarity_rating,2023.2.3,None,2024-04-08 11h04.52.405542 +0200
,112,129,259,259,stimuli/own/kitchen/112_kit.jpg,stimuli/own/kitchen/129_kit.jpg,NaN,NaN,NaN,NaN,NaN,NaN,NaN,NaN,0,243,243,258,1368.339538875,NaN,NaN,NaN,NaN,NaN,NaN,NaN,,NaN,,1368.623676541,1368.789159208,1368.789159208,1368.789159208,1368.789159208,1368.789159208,1368.789159208,1368.789159208,1368.789159208,1368.789159208,1374.725450291,7,-7,4,1,5.96989070799987,1,5.18226787499998,1368.337626416,1368.339538875,1368.789159208,1368.623664416,NaN,NaN,NaN,NaN,,NaN,,1368.334075375,1368.337579916,None,NaN,NaN,,NaN,NaN,NaN,NaN,NaN,NaN,NaN,10,kitchen,2,2024-04-08_11h04.40.518,image_similarity_rating,2023.2.3,None,2024-04-08 11h04.52.405542 +0200
,127,138,526,526,stimuli/own/kitchen/127_kit.jpg,stimuli/own/kitchen/138_kit.jpg,NaN,NaN,NaN,NaN,NaN,NaN,NaN,NaN,0,244,244,525,1374.735254041,NaN,NaN,NaN,NaN,NaN,NaN,NaN,,NaN,,1375.02039625,1375.185055833,1375.185055833,1375.185055833,1375.185055833,1375.185055833,1375.185055833,1375.185055833,1375.185055833,1375.185055833,1379.791811375,7,-7,4,2,4.59806116699997,2,3.21451554100008,1374.729147333,1374.735254041,1375.185055833,1375.020381416,NaN,NaN,NaN,NaN,,NaN,,1374.725676208,1374.729100375,None,NaN,NaN,,NaN,NaN,NaN,NaN,NaN,NaN,NaN,10,kitchen,2,2024-04-08_11h04.40.518,image_similarity_rating,2023.2.3,None,2024-04-08 11h04.52.405542 +0200
,116,119,322,322,stimuli/own/kitchen/116_kit.jpg,stimuli/own/kitchen/119_kit.jpg,NaN,NaN,NaN,NaN,NaN,NaN,NaN,NaN,0,245,245,321,1379.801741791,NaN,NaN,NaN,NaN,NaN,NaN,NaN,,NaN,,1380.086344958,1380.254158041,1380.254158041,1380.254158041,1380.254158041,1380.254158041,1380.254158041,1380.254158041,1380.254158041,1380.254158041,1384.450514458,-7,7,4,3,2.67570820900005,2,4.02148454200005,1379.79545475,1379.801741791,1380.254158041,1380.086327916,NaN,NaN,NaN,NaN,,NaN,,1379.792034833,1379.79540875,None,NaN,NaN,,NaN,NaN,NaN,NaN,NaN,NaN,NaN,10,kitchen,2,2024-04-08_11h04.40.518,image_similarity_rating,2023.2.3,None,2024-04-08 11h04.52.405542 +0200
,135,136,575,575,stimuli/own/kitchen/135_kit.jpg,stimuli/own/kitchen/136_kit.jpg,NaN,NaN,NaN,NaN,NaN,NaN,NaN,NaN,0,246,246,574,1384.45623325,NaN,NaN,NaN,NaN,NaN,NaN,NaN,,NaN,,1384.74159575,1384.91072325,1384.91072325,1384.91072325,1384.91072325,1384.91072325,1384.91072325,1384.91072325,1384.91072325,1384.91072325,1388.900341375,-7,7,4,2,3.91438029200003,3,2.62186941599998,1384.454291833,1384.45623325,1384.91072325,1384.741580666,NaN,NaN,NaN,NaN,,NaN,,1384.450749208,1384.454245541,None,NaN,NaN,,NaN,NaN,NaN,NaN,NaN,NaN,NaN,10,kitchen,2,2024-04-08_11h04.40.518,image_similarity_rating,2023.2.3,None,2024-04-08 11h04.52.405542 +0200
,105,127,148,148,stimuli/own/kitchen/105_kit.jpg,stimuli/own/kitchen/127_kit.jpg,NaN,NaN,NaN,NaN,NaN,NaN,NaN,NaN,0,247,247,147,1388.905872875,NaN,NaN,NaN,NaN,NaN,NaN,NaN,,NaN,,1389.189562833,1389.351800125,1389.351800125,1389.351800125,1389.351800125,1389.351800125,1389.351800125,1389.351800125,1389.351800125,1389.351800125,1395.141871166,7,-7,4,2,5.77523425000004,3,4.96144316699997,1388.904058166,1388.905872875,1389.351800125,1389.18955225,NaN,NaN,NaN,NaN,,NaN,,1388.900579,1388.904011375,None,NaN,NaN,,NaN,NaN,NaN,NaN,NaN,NaN,NaN,10,kitchen,2,2024-04-08_11h04.40.518,image_similarity_rating,2023.2.3,None,2024-04-08 11h04.52.405542 +0200
,104,125,116,116,stimuli/own/kitchen/104_kit.jpg,stimuli/own/kitchen/125_kit.jpg,NaN,NaN,NaN,NaN,NaN,NaN,NaN,NaN,0,248,248,115,1395.151516416,NaN,NaN,NaN,NaN,NaN,NaN,NaN,,NaN,,1395.436298625,1395.60763625,1395.60763625,1395.60763625,1395.60763625,1395.60763625,1395.60763625,1395.60763625,1395.60763625,1395.60763625,1399.517153416,7,-7,4,5,2.33033258299997,3,3.80942191600002,1395.145502125,1395.151516416,1395.60763625,1395.436275916,NaN,NaN,NaN,NaN,,NaN,,1395.142088166,1395.145456416,None,NaN,NaN,,NaN,NaN,NaN,NaN,NaN,NaN,NaN,10,kitchen,2,2024-04-08_11h04.40.518,image_similarity_rating,2023.2.3,None,2024-04-08 11h04.52.405542 +0200
,106,118,168,168,stimuli/own/kitchen/106_kit.jpg,stimuli/own/kitchen/118_kit.jpg,NaN,NaN,NaN,NaN,NaN,NaN,NaN,NaN,0,249,249,167,1399.52277525,NaN,NaN,NaN,NaN,NaN,NaN,NaN,,NaN,,1399.8067615,1399.972688333,1399.972688333,1399.972688333,1399.972688333,1399.972688333,1399.972688333,1399.972688333,1399.972688333,1399.972688333,1405.091524541,7,-7,4,4,3.99890525000001,1,5.04384841599995,1399.520827833,1399.52277525,1399.972688333,1399.806749041,NaN,NaN,NaN,NaN,,NaN,,1399.517387916,1399.520780541,None,NaN,NaN,,NaN,NaN,NaN,NaN,NaN,NaN,NaN,10,kitchen,2,2024-04-08_11h04.40.518,image_similarity_rating,2023.2.3,None,2024-04-08 11h04.52.405542 +0200
,101,102,1,1,stimuli/own/kitchen/101_kit.jpg,stimuli/own/kitchen/102_kit.jpg,NaN,NaN,NaN,NaN,NaN,NaN,NaN,NaN,0,250,250,0,1405.101466791,NaN,NaN,NaN,NaN,NaN,NaN,NaN,,NaN,,1405.386992541,1405.552277,1405.552277,1405.552277,1405.552277,1405.552277,1405.552277,1405.552277,1405.552277,1405.552277,1410.388013958,-7,7,4,3,3.10844654199991,2,4.66235408299985,1405.095184291,1405.101466791,1405.552277,1405.386977791,NaN,NaN,NaN,NaN,,NaN,,1405.091738791,1405.095137958,None,NaN,NaN,,NaN,NaN,NaN,NaN,NaN,NaN,NaN,10,kitchen,2,2024-04-08_11h04.40.518,image_similarity_rating,2023.2.3,None,2024-04-08 11h04.52.405542 +0200
,120,124,409,409,stimuli/own/kitchen/120_kit.jpg,stimuli/own/kitchen/124_kit.jpg,NaN,NaN,NaN,NaN,NaN,NaN,NaN,NaN,0,251,251,408,1410.393842041,NaN,NaN,NaN,NaN,NaN,NaN,NaN,,NaN,,1410.686124,1410.851614583,1410.851614583,1410.851614583,1410.851614583,1410.851614583,1410.851614583,1410.851614583,1410.851614583,1410.851614583,1415.838711666,-7,7,4,4,2.62793300000021,2,4.914225042,1410.391748458,1410.393842041,1410.851614583,1410.686109041,NaN,NaN,NaN,NaN,,NaN,,1410.388232333,1410.391701375,None,NaN,NaN,,NaN,NaN,NaN,NaN,NaN,NaN,NaN,10,kitchen,2,2024-04-08_11h04.40.518,image_similarity_rating,2023.2.3,None,2024-04-08 11h04.52.405542 +0200
,102,114,43,43,stimuli/own/kitchen/102_kit.jpg,stimuli/own/kitchen/114_kit.jpg,NaN,NaN,NaN,NaN,NaN,NaN,NaN,NaN,0,252,252,42,1415.851413875,NaN,NaN,NaN,NaN,NaN,NaN,NaN,,NaN,,1444.835855625,1445.003233541,1445.003233541,1445.003233541,1445.003233541,1445.003233541,1445.003233541,1445.003233541,1445.003233541,1445.003233541,1448.707895,7,-7,5,2,2.68785216599986,2,3.61859675000005,1444.539076458,1444.542709583,1445.003233541,1444.835839208,NaN,NaN,NaN,NaN,,NaN,,1415.838947333,1444.5383855,space,1415.851413875,28.6867474579999,None,NaN,NaN,NaN,NaN,NaN,NaN,NaN,10,kitchen,2,2024-04-08_11h04.40.518,image_similarity_rating,2023.2.3,None,2024-04-08 11h04.52.405542 +0200
,127,141,529,529,stimuli/own/kitchen/127_kit.jpg,stimuli/own/kitchen/141_kit.jpg,NaN,NaN,NaN,NaN,NaN,NaN,NaN,NaN,0,253,253,528,1448.718213458,NaN,NaN,NaN,NaN,NaN,NaN,NaN,,NaN,,1449.00335,1449.166691,1449.166691,1449.166691,1449.166691,1449.166691,1449.166691,1449.166691,1449.166691,1449.166691,1453.541125291,-7,7,5,5,2.63692329200012,5,4.3113135000001,1448.712241916,1448.718213458,1449.166691,1449.003337375,NaN,NaN,NaN,NaN,,NaN,,1448.708114125,1448.712193583,None,NaN,NaN,,NaN,NaN,NaN,NaN,NaN,NaN,NaN,10,kitchen,2,2024-04-08_11h04.40.518,image_similarity_rating,2023.2.3,None,2024-04-08 11h04.52.405542 +0200
,117,126,351,351,stimuli/own/kitchen/117_kit.jpg,stimuli/own/kitchen/126_kit.jpg,NaN,NaN,NaN,NaN,NaN,NaN,NaN,NaN,0,254,254,350,1453.551454791,NaN,NaN,NaN,NaN,NaN,NaN,NaN,,NaN,,1453.835831458,1454.001696291,1454.001696291,1454.001696291,1454.001696291,1454.001696291,1454.001696291,1454.001696291,1454.001696291,1454.001696291,1458.462496083,7,-7,5,3,2.59177887500005,3,4.33700429199985,1453.544893166,1453.551454791,1454.001696291,1453.835814916,NaN,NaN,NaN,NaN,,NaN,,1453.541340083,1453.544846375,None,NaN,NaN,,NaN,NaN,NaN,NaN,NaN,NaN,NaN,10,kitchen,2,2024-04-08_11h04.40.518,image_similarity_rating,2023.2.3,None,2024-04-08 11h04.52.405542 +0200
,106,134,182,182,stimuli/own/kitchen/106_kit.jpg,stimuli/own/kitchen/134_kit.jpg,NaN,NaN,NaN,NaN,NaN,NaN,NaN,NaN,0,255,255,181,1458.484809083,NaN,NaN,NaN,NaN,NaN,NaN,NaN,,NaN,,1458.768795,1458.936217666,1458.936217666,1458.936217666,1458.936217666,1458.936217666,1458.936217666,1458.936217666,1458.936217666,1458.936217666,1462.450843166,-7,7,5,2,3.48600320800006,2,2.72756737500004,1458.466159291,1458.484809083,NaN,1458.768774416,NaN,NaN,NaN,NaN,,NaN,,1458.462711708,1458.466112916,None,NaN,NaN,,NaN,NaN,NaN,NaN,NaN,NaN,NaN,10,kitchen,2,2024-04-08_11h04.40.518,image_similarity_rating,2023.2.3,None,2024-04-08 11h04.52.405542 +0200
,109,112,191,191,stimuli/own/kitchen/109_kit.jpg,stimuli/own/kitchen/112_kit.jpg,NaN,NaN,NaN,NaN,NaN,NaN,NaN,NaN,0,256,256,190,1462.456501875,NaN,NaN,NaN,NaN,NaN,NaN,NaN,,NaN,,1462.740095375,1462.911210666,1462.911210666,1462.911210666,1462.911210666,1462.911210666,1462.911210666,1462.911210666,1462.911210666,1462.911210666,1467.178642333,-7,7,5,5,3.17941983399987,1,4.13314316600008,1462.454556666,1462.456501875,1462.911210666,1462.740079833,NaN,NaN,NaN,NaN,,NaN,,1462.4510625,1462.454509583,None,NaN,NaN,,NaN,NaN,NaN,NaN,NaN,NaN,NaN,10,kitchen,2,2024-04-08_11h04.40.518,image_similarity_rating,2023.2.3,None,2024-04-08 11h04.52.405542 +0200
,109,132,209,209,stimuli/own/kitchen/109_kit.jpg,stimuli/own/kitchen/132_kit.jpg,NaN,NaN,NaN,NaN,NaN,NaN,NaN,NaN,0,257,257,208,1467.184648125,NaN,NaN,NaN,NaN,NaN,NaN,NaN,,NaN,,1467.469407833,1467.634874541,1467.634874541,1467.634874541,1467.634874541,1467.634874541,1467.634874541,1467.634874541,1467.634874541,1467.634874541,1470.245550708,7,-7,5,5,1.96114574999979,2,2.52636787500001,1467.182439875,1467.184648125,1467.634874541,1467.469392875,NaN,NaN,NaN,NaN,,NaN,,1467.178867041,1467.182392625,None,NaN,NaN,,NaN,NaN,NaN,NaN,NaN,NaN,NaN,10,kitchen,2,2024-04-08_11h04.40.518,image_similarity_rating,2023.2.3,None,2024-04-08 11h04.52.405542 +0200
,103,123,83,83,stimuli/own/kitchen/103_kit.jpg,stimuli/own/kitchen/123_kit.jpg,NaN,NaN,NaN,NaN,NaN,NaN,NaN,NaN,0,258,258,82,1470.25142475,NaN,NaN,NaN,NaN,NaN,NaN,NaN,,NaN,,1470.535919333,1470.700958958,1470.700958958,1470.700958958,1470.700958958,1470.700958958,1470.700958958,1470.700958958,1470.700958958,1470.700958958,1474.724332166,7,-7,5,1,4.04769833399996,3,2.45601354199994,1470.249196333,1470.25142475,1470.700958958,1470.535900666,NaN,NaN,NaN,NaN,,NaN,,1470.245769375,1470.249149708,None,NaN,NaN,,NaN,NaN,NaN,NaN,NaN,NaN,NaN,10,kitchen,2,2024-04-08_11h04.40.518,image_similarity_rating,2023.2.3,None,2024-04-08 11h04.52.405542 +0200
,114,118,298,298,stimuli/own/kitchen/114_kit.jpg,stimuli/own/kitchen/118_kit.jpg,NaN,NaN,NaN,NaN,NaN,NaN,NaN,NaN,0,259,259,297,1474.734541583,NaN,NaN,NaN,NaN,NaN,NaN,NaN,,NaN,,1475.019248625,1475.184734458,1475.184734458,1475.184734458,1475.184734458,1475.184734458,1475.184734458,1475.184734458,1475.184734458,1475.184734458,1480.753655125,-7,7,5,4,3.7224235000001,3,5.44372454200015,1474.727996083,1474.734541583,1475.184734458,1475.019232375,NaN,NaN,NaN,NaN,,NaN,,1474.724550541,1474.727949958,None,NaN,NaN,,NaN,NaN,NaN,NaN,NaN,NaN,NaN,10,kitchen,2,2024-04-08_11h04.40.518,image_similarity_rating,2023.2.3,None,2024-04-08 11h04.52.405542 +0200
,111,125,230,230,stimuli/own/kitchen/111_kit.jpg,stimuli/own/kitchen/125_kit.jpg,NaN,NaN,NaN,NaN,NaN,NaN,NaN,NaN,0,260,260,229,1480.759109083,NaN,NaN,NaN,NaN,NaN,NaN,NaN,,NaN,,1481.053231333,1481.219841041,1481.219841041,1481.219841041,1481.219841041,1481.219841041,1481.219841041,1481.219841041,1481.219841041,1481.219841041,1488.620691583,-7,7,5,5,5.59158400000001,3,7.34642791700003,1480.757290833,1480.759109083,1481.219841041,1481.053217416,NaN,NaN,NaN,NaN,,NaN,,1480.753871208,1480.757244041,None,NaN,NaN,,NaN,NaN,NaN,NaN,NaN,NaN,NaN,10,kitchen,2,2024-04-08_11h04.40.518,image_similarity_rating,2023.2.3,None,2024-04-08 11h04.52.405542 +0200
,101,131,25,25,stimuli/own/kitchen/101_kit.jpg,stimuli/own/kitchen/131_kit.jpg,NaN,NaN,NaN,NaN,NaN,NaN,NaN,NaN,0,261,261,24,1488.626445041,NaN,NaN,NaN,NaN,NaN,NaN,NaN,,NaN,,1488.918816833,1489.082632625,1489.082632625,1489.082632625,1489.082632625,1489.082632625,1489.082632625,1489.082632625,1489.082632625,1489.082632625,1493.908524,7,-7,5,3,4.78782037499991,2,2.68795341600003,1488.624392375,1488.626445041,1489.082632625,1488.918803375,NaN,NaN,NaN,NaN,,NaN,,1488.620911666,1488.62434575,None,NaN,NaN,,NaN,NaN,NaN,NaN,NaN,NaN,NaN,10,kitchen,2,2024-04-08_11h04.40.518,image_similarity_rating,2023.2.3,None,2024-04-08 11h04.52.405542 +0200
,117,140,363,363,stimuli/own/kitchen/117_kit.jpg,stimuli/own/kitchen/140_kit.jpg,NaN,NaN,NaN,NaN,NaN,NaN,NaN,NaN,0,262,262,362,1493.918123916,NaN,NaN,NaN,NaN,NaN,NaN,NaN,,NaN,,1494.20245125,1494.371859416,1494.371859416,1494.371859416,1494.371859416,1494.371859416,1494.371859416,1494.371859416,1494.371859416,1494.371859416,1497.436944166,-7,7,5,2,1.82952675000001,3,2.92702450000002,1493.912157375,1493.918123916,1494.371859416,1494.202429458,NaN,NaN,NaN,NaN,,NaN,,1493.908744958,1493.912110916,None,NaN,NaN,,NaN,NaN,NaN,NaN,NaN,NaN,NaN,10,kitchen,2,2024-04-08_11h04.40.518,image_similarity_rating,2023.2.3,None,2024-04-08 11h04.52.405542 +0200
,106,122,172,172,stimuli/own/kitchen/106_kit.jpg,stimuli/own/kitchen/122_kit.jpg,NaN,NaN,NaN,NaN,NaN,NaN,NaN,NaN,0,263,263,171,1497.442362,NaN,NaN,NaN,NaN,NaN,NaN,NaN,,NaN,,1497.736400958,1497.900623958,1497.900623958,1497.900623958,1497.900623958,1497.900623958,1497.900623958,1497.900623958,1497.900623958,1497.900623958,1501.541007208,-7,7,5,2,3.61273775000018,1,2.57579800000008,1497.440569583,1497.442362,1497.900623958,1497.736387666,NaN,NaN,NaN,NaN,,NaN,,1497.437159708,1497.440523333,None,NaN,NaN,,NaN,NaN,NaN,NaN,NaN,NaN,NaN,10,kitchen,2,2024-04-08_11h04.40.518,image_similarity_rating,2023.2.3,None,2024-04-08 11h04.52.405542 +0200
,113,123,279,279,stimuli/own/kitchen/113_kit.jpg,stimuli/own/kitchen/123_kit.jpg,NaN,NaN,NaN,NaN,NaN,NaN,NaN,NaN,0,264,264,278,1501.551145916,NaN,NaN,NaN,NaN,NaN,NaN,NaN,,NaN,,1501.835726125,1502.002910166,1502.002910166,1502.002910166,1502.002910166,1502.002910166,1502.002910166,1502.002910166,1502.002910166,1502.002910166,1504.866764666,-7,7,5,5,2.08797258300001,2,2.77756683300004,1501.544642833,1501.551145916,1502.002910166,1501.835709916,NaN,NaN,NaN,NaN,,NaN,,1501.541222666,1501.544597,None,NaN,NaN,,NaN,NaN,NaN,NaN,NaN,NaN,NaN,10,kitchen,2,2024-04-08_11h04.40.518,image_similarity_rating,2023.2.3,None,2024-04-08 11h04.52.405542 +0200
,109,139,215,215,stimuli/own/kitchen/109_kit.jpg,stimuli/own/kitchen/139_kit.jpg,NaN,NaN,NaN,NaN,NaN,NaN,NaN,NaN,0,265,265,214,1504.87254925,NaN,NaN,NaN,NaN,NaN,NaN,NaN,,NaN,,1505.156781208,1505.322041791,1505.322041791,1505.322041791,1505.322041791,1505.322041791,1505.322041791,1505.322041791,1505.322041791,1505.322041791,1509.854096666,-7,7,5,5,2.62384470799998,3,3.96469004200003,1504.870559208,1504.87254925,1505.322041791,1505.156768458,NaN,NaN,NaN,NaN,,NaN,,1504.86700225,1504.87051275,None,NaN,NaN,,NaN,NaN,NaN,NaN,NaN,NaN,NaN,10,kitchen,2,2024-04-08_11h04.40.518,image_similarity_rating,2023.2.3,None,2024-04-08 11h04.52.405542 +0200
,121,140,441,441,stimuli/own/kitchen/121_kit.jpg,stimuli/own/kitchen/140_kit.jpg,NaN,NaN,NaN,NaN,NaN,NaN,NaN,NaN,0,266,266,440,1509.867751541,NaN,NaN,NaN,NaN,NaN,NaN,NaN,,NaN,,1510.152455041,1510.32036525,1510.32036525,1510.32036525,1510.32036525,1510.32036525,1510.32036525,1510.32036525,1510.32036525,1510.32036525,1514.324159,-7,7,5,2,2.35790183300014,3,3.96604487500008,1509.857821916,1509.867751541,1510.32036525,1510.152437833,NaN,NaN,NaN,NaN,,NaN,,1509.854318,1509.857774416,None,NaN,NaN,,NaN,NaN,NaN,NaN,NaN,NaN,NaN,10,kitchen,2,2024-04-08_11h04.40.518,image_similarity_rating,2023.2.3,None,2024-04-08 11h04.52.405542 +0200
,101,124,19,19,stimuli/own/kitchen/101_kit.jpg,stimuli/own/kitchen/124_kit.jpg,NaN,NaN,NaN,NaN,NaN,NaN,NaN,NaN,0,267,267,18,1514.334494875,NaN,NaN,NaN,NaN,NaN,NaN,NaN,,NaN,,1514.618981875,1514.788568916,1514.788568916,1514.788568916,1514.788568916,1514.788568916,1514.788568916,1514.788568916,1514.788568916,1514.788568916,1520.111925166,7,-7,5,4,3.50090458400018,4,5.26228787500008,1514.32783325,1514.334494875,1514.788568916,1514.618964166,NaN,NaN,NaN,NaN,,NaN,,1514.324375583,1514.327787083,None,NaN,NaN,,NaN,NaN,NaN,NaN,NaN,NaN,NaN,10,kitchen,2,2024-04-08_11h04.40.518,image_similarity_rating,2023.2.3,None,2024-04-08 11h04.52.405542 +0200
,134,135,568,568,stimuli/own/kitchen/134_kit.jpg,stimuli/own/kitchen/135_kit.jpg,NaN,NaN,NaN,NaN,NaN,NaN,NaN,NaN,0,268,268,567,1520.117475291,NaN,NaN,NaN,NaN,NaN,NaN,NaN,,NaN,,1520.402446083,1520.56761325,1520.56761325,1520.56761325,1520.56761325,1520.56761325,1520.56761325,1520.56761325,1520.56761325,1520.56761325,1526.595026,7,-7,5,6,4.01380766700004,4,5.99272766700005,1520.11557125,1520.117475291,1520.56761325,1520.4024305,NaN,NaN,NaN,NaN,,NaN,,1520.11214075,1520.115524791,None,NaN,NaN,,NaN,NaN,NaN,NaN,NaN,NaN,NaN,10,kitchen,2,2024-04-08_11h04.40.518,image_similarity_rating,2023.2.3,None,2024-04-08 11h04.52.405542 +0200
,134,140,573,573,stimuli/own/kitchen/134_kit.jpg,stimuli/own/kitchen/140_kit.jpg,NaN,NaN,NaN,NaN,NaN,NaN,NaN,NaN,0,269,269,572,1526.600919125,NaN,NaN,NaN,NaN,NaN,NaN,NaN,,NaN,,1526.8855755,1527.051312666,1527.051312666,1527.051312666,1527.051312666,1527.051312666,1527.051312666,1527.051312666,1527.051312666,1527.051312666,1530.328859333,-7,7,5,3,2.56398837499978,3,3.19230320899987,1526.598700083,1526.600919125,1527.051312666,1526.885558541,NaN,NaN,NaN,NaN,,NaN,,1526.595252625,1526.598653583,None,NaN,NaN,,NaN,NaN,NaN,NaN,NaN,NaN,NaN,10,kitchen,2,2024-04-08_11h04.40.518,image_similarity_rating,2023.2.3,None,2024-04-08 11h04.52.405542 +0200
,102,113,42,42,stimuli/own/kitchen/102_kit.jpg,stimuli/own/kitchen/113_kit.jpg,NaN,NaN,NaN,NaN,NaN,NaN,NaN,NaN,0,270,270,41,1530.350975791,NaN,NaN,NaN,NaN,NaN,NaN,NaN,,NaN,,1530.635214083,1530.804096708,1530.804096708,1530.804096708,1530.804096708,1530.804096708,1530.804096708,1530.804096708,1530.804096708,1530.804096708,1535.007756833,7,-7,5,4,4.23895108300007,2,3.40525624999987,1530.332604833,1530.350975791,NaN,1530.635180166,NaN,NaN,NaN,NaN,,NaN,,1530.3290745,1530.332557958,None,NaN,NaN,,NaN,NaN,NaN,NaN,NaN,NaN,NaN,10,kitchen,2,2024-04-08_11h04.40.518,image_similarity_rating,2023.2.3,None,2024-04-08 11h04.52.405542 +0200
,113,125,281,281,stimuli/own/kitchen/113_kit.jpg,stimuli/own/kitchen/125_kit.jpg,NaN,NaN,NaN,NaN,NaN,NaN,NaN,NaN,0,271,271,280,1535.017753041,NaN,NaN,NaN,NaN,NaN,NaN,NaN,,NaN,,1535.302341083,1535.469531583,1535.469531583,1535.469531583,1535.469531583,1535.469531583,1535.469531583,1535.469531583,1535.469531583,1535.469531583,1539.770032958,7,-7,5,3,4.25164091700003,2,3.3376834579999,1535.011402208,1535.017753041,1535.469531583,1535.3023245,NaN,NaN,NaN,NaN,,NaN,,1535.007974291,1535.011355541,None,NaN,NaN,,NaN,NaN,NaN,NaN,NaN,NaN,NaN,10,kitchen,2,2024-04-08_11h04.40.518,image_similarity_rating,2023.2.3,None,2024-04-08 11h04.52.405542 +0200
,118,135,379,379,stimuli/own/kitchen/118_kit.jpg,stimuli/own/kitchen/135_kit.jpg,NaN,NaN,NaN,NaN,NaN,NaN,NaN,NaN,0,272,272,378,1539.7756135,NaN,NaN,NaN,NaN,NaN,NaN,NaN,,NaN,,1540.068991458,1540.239339916,1540.239339916,1540.239339916,1540.239339916,1540.239339916,1540.239339916,1540.239339916,1540.239339916,1540.239339916,1543.183736291,7,-7,5,4,2.29159449999997,2,2.90489208299982,1539.773699708,1539.7756135,1540.239339916,1540.068962541,NaN,NaN,NaN,NaN,,NaN,,1539.770251375,1539.773653083,None,NaN,NaN,,NaN,NaN,NaN,NaN,NaN,NaN,NaN,10,kitchen,2,2024-04-08_11h04.40.518,image_similarity_rating,2023.2.3,None,2024-04-08 11h04.52.405542 +0200
,118,131,376,376,stimuli/own/kitchen/118_kit.jpg,stimuli/own/kitchen/131_kit.jpg,NaN,NaN,NaN,NaN,NaN,NaN,NaN,NaN,0,273,273,375,1543.189664,NaN,NaN,NaN,NaN,NaN,NaN,NaN,,NaN,,1543.473647625,1543.638095583,1543.638095583,1543.638095583,1543.638095583,1543.638095583,1543.638095583,1543.638095583,1543.638095583,1543.638095583,1548.028263041,7,-7,5,2,4.35105012500003,2,2.26919666599997,1543.187396375,1543.189664,1543.638095583,1543.473637,NaN,NaN,NaN,NaN,,NaN,,1543.183949625,1543.187349916,None,NaN,NaN,,NaN,NaN,NaN,NaN,NaN,NaN,NaN,10,kitchen,2,2024-04-08_11h04.40.518,image_similarity_rating,2023.2.3,None,2024-04-08 11h04.52.405542 +0200
,102,141,67,67,stimuli/own/kitchen/102_kit.jpg,stimuli/own/kitchen/141_kit.jpg,NaN,NaN,NaN,NaN,NaN,NaN,NaN,NaN,0,274,274,66,1548.034149208,NaN,NaN,NaN,NaN,NaN,NaN,NaN,,NaN,,1548.318995333,1548.488538166,1548.488538166,1548.488538166,1548.488538166,1548.488538166,1548.488538166,1548.488538166,1548.488538166,1548.488538166,1554.257557833,-7,7,5,1,3.83982433300002,1,5.76935575000016,1548.031905125,1548.034149208,1548.488538166,1548.318978333,NaN,NaN,NaN,NaN,,NaN,,1548.028480416,1548.031858625,None,NaN,NaN,,NaN,NaN,NaN,NaN,NaN,NaN,NaN,10,kitchen,2,2024-04-08_11h04.40.518,image_similarity_rating,2023.2.3,None,2024-04-08 11h04.52.405542 +0200
,114,140,318,318,stimuli/own/kitchen/114_kit.jpg,stimuli/own/kitchen/140_kit.jpg,NaN,NaN,NaN,NaN,NaN,NaN,NaN,NaN,0,275,275,317,1554.267520791,NaN,NaN,NaN,NaN,NaN,NaN,NaN,,NaN,,1554.552249333,1554.717089291,1554.717089291,1554.717089291,1554.717089291,1554.717089291,1554.717089291,1554.717089291,1554.717089291,1554.717089291,1560.762489458,-7,7,5,5,5.20146495800009,3,6.05825045799997,1554.261216625,1554.267520791,1554.717089291,1554.552238666,NaN,NaN,NaN,NaN,,NaN,,1554.257776208,1554.261170583,None,NaN,NaN,,NaN,NaN,NaN,NaN,NaN,NaN,NaN,10,kitchen,2,2024-04-08_11h04.40.518,image_similarity_rating,2023.2.3,None,2024-04-08 11h04.52.405542 +0200
,113,119,275,275,stimuli/own/kitchen/113_kit.jpg,stimuli/own/kitchen/119_kit.jpg,NaN,NaN,NaN,NaN,NaN,NaN,NaN,NaN,0,276,276,274,1560.76881775,NaN,NaN,NaN,NaN,NaN,NaN,NaN,,NaN,,1561.052061208,1561.21701075,1561.21701075,1561.21701075,1561.21701075,1561.21701075,1561.21701075,1561.21701075,1561.21701075,1561.21701075,1565.957299166,-7,7,5,2,3.47289237500013,2,4.42884004200005,1560.766129791,1560.76881775,1561.21701075,1561.052044875,NaN,NaN,NaN,NaN,,NaN,,1560.762704958,1560.766083333,None,NaN,NaN,,NaN,NaN,NaN,NaN,NaN,NaN,NaN,10,kitchen,2,2024-04-08_11h04.40.518,image_similarity_rating,2023.2.3,None,2024-04-08 11h04.52.405542 +0200
,119,140,404,404,stimuli/own/kitchen/119_kit.jpg,stimuli/own/kitchen/140_kit.jpg,NaN,NaN,NaN,NaN,NaN,NaN,NaN,NaN,0,277,277,403,1565.967658041,NaN,NaN,NaN,NaN,NaN,NaN,NaN,,NaN,,1566.252083416,1566.419114625,1566.419114625,1566.419114625,1566.419114625,1566.419114625,1566.419114625,1566.419114625,1566.419114625,1566.419114625,1572.465998916,7,-7,5,3,6.1084515,2,4.05397283299999,1565.960902041,1565.967658041,1566.419114625,1566.252069291,NaN,NaN,NaN,NaN,,NaN,,1565.957517041,1565.960853041,None,NaN,NaN,,NaN,NaN,NaN,NaN,NaN,NaN,NaN,10,kitchen,2,2024-04-08_11h04.40.518,image_similarity_rating,2023.2.3,None,2024-04-08 11h04.52.405542 +0200
,113,126,282,282,stimuli/own/kitchen/113_kit.jpg,stimuli/own/kitchen/126_kit.jpg,NaN,NaN,NaN,NaN,NaN,NaN,NaN,NaN,0,278,278,281,1572.471605333,NaN,NaN,NaN,NaN,NaN,NaN,NaN,,NaN,,1572.756118,1572.924253458,1572.924253458,1572.924253458,1572.924253458,1572.924253458,1572.924253458,1572.924253458,1572.924253458,1572.924253458,1577.22847275,7,-7,5,4,3.72863741700007,2,4.2430000830002,1572.469655291,1572.471605333,1572.924253458,1572.756102958,NaN,NaN,NaN,NaN,,NaN,,1572.466217541,1572.469608833,None,NaN,NaN,,NaN,NaN,NaN,NaN,NaN,NaN,NaN,10,kitchen,2,2024-04-08_11h04.40.518,image_similarity_rating,2023.2.3,None,2024-04-08 11h04.52.405542 +0200
,102,118,46,46,stimuli/own/kitchen/102_kit.jpg,stimuli/own/kitchen/118_kit.jpg,NaN,NaN,NaN,NaN,NaN,NaN,NaN,NaN,0,279,279,45,1577.234057208,NaN,NaN,NaN,NaN,NaN,NaN,NaN,,NaN,,1577.518896208,1577.685828625,1577.685828625,1577.685828625,1577.685828625,1577.685828625,1577.685828625,1577.685828625,1577.685828625,1577.685828625,1582.924205166,7,-7,5,4,4.40744962500003,2,5.16320179199988,1577.232074958,1577.234057208,1577.685828625,1577.518879041,NaN,NaN,NaN,NaN,,NaN,,1577.228687791,1577.232028541,None,NaN,NaN,,NaN,NaN,NaN,NaN,NaN,NaN,NaN,10,kitchen,2,2024-04-08_11h04.40.518,image_similarity_rating,2023.2.3,None,2024-04-08 11h04.52.405542 +0200
,103,105,69,69,stimuli/own/kitchen/103_kit.jpg,stimuli/own/kitchen/105_kit.jpg,NaN,NaN,NaN,NaN,NaN,NaN,NaN,NaN,0,280,280,68,1582.934079458,NaN,NaN,NaN,NaN,NaN,NaN,NaN,,NaN,,1583.219482125,1583.384770666,1583.384770666,1583.384770666,1583.384770666,1583.384770666,1583.384770666,1583.384770666,1583.384770666,1583.384770666,1587.528573291,-7,7,5,6,4.01613350000002,4,2.9137713749999,1582.927823625,1582.934079458,1583.384770666,1583.2194675,NaN,NaN,NaN,NaN,,NaN,,1582.924419416,1582.927776875,None,NaN,NaN,,NaN,NaN,NaN,NaN,NaN,NaN,NaN,10,kitchen,2,2024-04-08_11h04.40.518,image_similarity_rating,2023.2.3,None,2024-04-08 11h04.52.405542 +0200
,111,119,224,224,stimuli/own/kitchen/111_kit.jpg,stimuli/own/kitchen/119_kit.jpg,NaN,NaN,NaN,NaN,NaN,NaN,NaN,NaN,0,281,281,223,1587.534043375,NaN,NaN,NaN,NaN,NaN,NaN,NaN,,NaN,,1587.818853916,1587.986348583,1587.986348583,1587.986348583,1587.986348583,1587.986348583,1587.986348583,1587.986348583,1587.986348583,1587.986348583,1591.978845083,7,-7,5,4,2.79650158300001,3,3.91224712500002,1587.532165,1587.534043375,1587.986348583,1587.818836791,NaN,NaN,NaN,NaN,,NaN,,1587.528790666,1587.532118916,None,NaN,NaN,,NaN,NaN,NaN,NaN,NaN,NaN,NaN,10,kitchen,2,2024-04-08_11h04.40.518,image_similarity_rating,2023.2.3,None,2024-04-08 11h04.52.405542 +0200
,112,123,254,254,stimuli/own/kitchen/112_kit.jpg,stimuli/own/kitchen/123_kit.jpg,NaN,NaN,NaN,NaN,NaN,NaN,NaN,NaN,0,282,282,253,1592.00090425,NaN,NaN,NaN,NaN,NaN,NaN,NaN,,NaN,,1592.284961125,1592.452112208,1592.452112208,1592.452112208,1592.452112208,1592.452112208,1592.452112208,1592.452112208,1592.452112208,1592.452112208,1596.195481291,-7,7,5,6,3.02770708399999,1,3.70662345799997,1591.982468291,1592.00090425,NaN,1592.284941583,NaN,NaN,NaN,NaN,,NaN,,1591.979063125,1591.982421208,None,NaN,NaN,,NaN,NaN,NaN,NaN,NaN,NaN,NaN,10,kitchen,2,2024-04-08_11h04.40.518,image_similarity_rating,2023.2.3,None,2024-04-08 11h04.52.405542 +0200
,112,130,260,260,stimuli/own/kitchen/112_kit.jpg,stimuli/own/kitchen/130_kit.jpg,NaN,NaN,NaN,NaN,NaN,NaN,NaN,NaN,0,283,283,259,1596.217377583,NaN,NaN,NaN,NaN,NaN,NaN,NaN,,NaN,,1596.501665625,1596.667018791,1596.667018791,1596.667018791,1596.667018791,1596.667018791,1596.667018791,1596.667018791,1596.667018791,1596.667018791,1601.861422958,-7,7,5,5,3.53875054199989,5,5.14548504200002,1596.199129666,1596.217377583,NaN,1596.50164525,NaN,NaN,NaN,NaN,,NaN,,1596.195701125,1596.199082958,None,NaN,NaN,,NaN,NaN,NaN,NaN,NaN,NaN,NaN,10,kitchen,2,2024-04-08_11h04.40.518,image_similarity_rating,2023.2.3,None,2024-04-08 11h04.52.405542 +0200
,121,131,433,433,stimuli/own/kitchen/121_kit.jpg,stimuli/own/kitchen/131_kit.jpg,NaN,NaN,NaN,NaN,NaN,NaN,NaN,NaN,0,284,284,432,1601.867190583,NaN,NaN,NaN,NaN,NaN,NaN,NaN,,NaN,,1602.152734416,1602.317425791,1602.317425791,1602.317425791,1602.317425791,1602.317425791,1602.317425791,1602.317425791,1602.317425791,1602.317425791,1605.273890708,-7,7,5,2,2.97910954200006,1,2.28935429199987,1601.865048,1601.867190583,1602.317425791,1602.152719208,NaN,NaN,NaN,NaN,,NaN,,1601.861638916,1601.865001375,None,NaN,NaN,,NaN,NaN,NaN,NaN,NaN,NaN,NaN,10,kitchen,2,2024-04-08_11h04.40.518,image_similarity_rating,2023.2.3,None,2024-04-08 11h04.52.405542 +0200
,102,139,65,65,stimuli/own/kitchen/102_kit.jpg,stimuli/own/kitchen/139_kit.jpg,NaN,NaN,NaN,NaN,NaN,NaN,NaN,NaN,0,285,285,64,1605.284223291,NaN,NaN,NaN,NaN,NaN,NaN,NaN,,NaN,,1605.569692083,1605.735514625,1605.735514625,1605.735514625,1605.735514625,1605.735514625,1605.735514625,1605.735514625,1605.735514625,1605.735514625,1611.87412675,-7,7,5,3,4.9849592500002,2,5.84648945899994,1605.2774915,1605.284223291,1605.735514625,1605.569677666,NaN,NaN,NaN,NaN,,NaN,,1605.274108,1605.277445,None,NaN,NaN,,NaN,NaN,NaN,NaN,NaN,NaN,NaN,10,kitchen,2,2024-04-08_11h04.40.518,image_similarity_rating,2023.2.3,None,2024-04-08 11h04.52.405542 +0200
,116,121,324,324,stimuli/own/kitchen/116_kit.jpg,stimuli/own/kitchen/121_kit.jpg,NaN,NaN,NaN,NaN,NaN,NaN,NaN,NaN,0,286,286,323,1611.884462416,NaN,NaN,NaN,NaN,NaN,NaN,NaN,,NaN,,1612.168610166,1612.339429333,1612.339429333,1612.339429333,1612.339429333,1612.339429333,1612.339429333,1612.339429333,1612.339429333,1612.339429333,1617.749315458,-7,7,5,5,4.39491616700002,3,5.35939404099986,1611.877741833,1611.884462416,1612.339429333,1612.168591541,NaN,NaN,NaN,NaN,,NaN,,1611.87434625,1611.877695625,None,NaN,NaN,,NaN,NaN,NaN,NaN,NaN,NaN,NaN,10,kitchen,2,2024-04-08_11h04.40.518,image_similarity_rating,2023.2.3,None,2024-04-08 11h04.52.405542 +0200
,106,111,162,162,stimuli/own/kitchen/106_kit.jpg,stimuli/own/kitchen/111_kit.jpg,NaN,NaN,NaN,NaN,NaN,NaN,NaN,NaN,0,287,287,161,1617.754914583,NaN,NaN,NaN,NaN,NaN,NaN,NaN,,NaN,,1618.040140291,1618.204199666,1618.204199666,1618.204199666,1618.204199666,1618.204199666,1618.204199666,1618.204199666,1618.204199666,1618.204199666,1621.9449915,-7,7,5,2,3.78890604200001,2,2.62797679200003,1617.752979583,1617.754914583,1618.204199666,1618.040125666,NaN,NaN,NaN,NaN,,NaN,,1617.749534666,1617.752932583,None,NaN,NaN,,NaN,NaN,NaN,NaN,NaN,NaN,NaN,10,kitchen,2,2024-04-08_11h04.40.518,image_similarity_rating,2023.2.3,None,2024-04-08 11h04.52.405542 +0200
,109,126,204,204,stimuli/own/kitchen/109_kit.jpg,stimuli/own/kitchen/126_kit.jpg,NaN,NaN,NaN,NaN,NaN,NaN,NaN,NaN,0,288,288,203,1621.950622333,NaN,NaN,NaN,NaN,NaN,NaN,NaN,,NaN,,1622.23512925,1622.399990625,1622.399990625,1622.399990625,1622.399990625,1622.399990625,1622.399990625,1622.399990625,1622.399990625,1622.399990625,1627.923951875,7,-7,5,5,2.54141604200004,1,5.46475908299999,1621.948802666,1621.950622333,1622.399990625,1622.235114541,NaN,NaN,NaN,NaN,,NaN,,1621.945208583,1621.9487555,None,NaN,NaN,,NaN,NaN,NaN,NaN,NaN,NaN,NaN,10,kitchen,2,2024-04-08_11h04.40.518,image_similarity_rating,2023.2.3,None,2024-04-08 11h04.52.405542 +0200
,113,136,290,290,stimuli/own/kitchen/113_kit.jpg,stimuli/own/kitchen/136_kit.jpg,NaN,NaN,NaN,NaN,NaN,NaN,NaN,NaN,0,289,289,289,1627.934175708,NaN,NaN,NaN,NaN,NaN,NaN,NaN,,NaN,,1628.218531291,1628.384879,1628.384879,1628.384879,1628.384879,1628.384879,1628.384879,1628.384879,1628.384879,1628.384879,1631.5947725,-7,7,5,2,2.66214312500006,2,3.19889262499987,1627.927603375,1627.934175708,1628.384879,1628.21851625,NaN,NaN,NaN,NaN,,NaN,,1627.92417,1627.927556875,None,NaN,NaN,,NaN,NaN,NaN,NaN,NaN,NaN,NaN,10,kitchen,2,2024-04-08_11h04.40.518,image_similarity_rating,2023.2.3,None,2024-04-08 11h04.52.405542 +0200
,119,124,390,390,stimuli/own/kitchen/119_kit.jpg,stimuli/own/kitchen/124_kit.jpg,NaN,NaN,NaN,NaN,NaN,NaN,NaN,NaN,0,290,290,389,1631.600334833,NaN,NaN,NaN,NaN,NaN,NaN,NaN,,NaN,,1631.885453333,1632.050355875,1632.050355875,1632.050355875,1632.050355875,1632.050355875,1632.050355875,1632.050355875,1632.050355875,1632.050355875,1636.891070791,-7,7,5,4,4.75644308300002,2,1.83385591700016,1631.598433708,1631.600334833,1632.050355875,1631.88543875,NaN,NaN,NaN,NaN,,NaN,,1631.594992583,1631.598387166,None,NaN,NaN,,NaN,NaN,NaN,NaN,NaN,NaN,NaN,10,kitchen,2,2024-04-08_11h04.40.518,image_similarity_rating,2023.2.3,None,2024-04-08 11h04.52.405542 +0200
,136,138,582,582,stimuli/own/kitchen/136_kit.jpg,stimuli/own/kitchen/138_kit.jpg,NaN,NaN,NaN,NaN,NaN,NaN,NaN,NaN,0,291,291,581,1636.900653958,NaN,NaN,NaN,NaN,NaN,NaN,NaN,,NaN,,1637.185075208,1637.350348708,1637.350348708,1637.350348708,1637.350348708,1637.350348708,1637.350348708,1637.350348708,1637.350348708,1637.350348708,1642.186367083,7,-7,5,4,3.05419912499997,2,4.67646420899996,1636.89473675,1636.900653958,1637.350348708,1637.185061916,NaN,NaN,NaN,NaN,,NaN,,1636.891295291,1636.894690666,None,NaN,NaN,,NaN,NaN,NaN,NaN,NaN,NaN,NaN,10,kitchen,2,2024-04-08_11h04.40.518,image_similarity_rating,2023.2.3,None,2024-04-08 11h04.52.405542 +0200
,109,116,194,194,stimuli/own/kitchen/109_kit.jpg,stimuli/own/kitchen/116_kit.jpg,NaN,NaN,NaN,NaN,NaN,NaN,NaN,NaN,0,292,292,193,1642.192142958,NaN,NaN,NaN,NaN,NaN,NaN,NaN,,NaN,,1642.485159541,1642.648973375,1642.648973375,1642.648973375,1642.648973375,1642.648973375,1642.648973375,1642.648973375,1642.648973375,1642.648973375,1646.649980958,7,-7,5,5,3.11198079099995,1,3.88257691700005,1642.1900465,1642.192142958,1642.648973375,1642.485146458,NaN,NaN,NaN,NaN,,NaN,,1642.186594541,1642.190000333,None,NaN,NaN,,NaN,NaN,NaN,NaN,NaN,NaN,NaN,10,kitchen,2,2024-04-08_11h04.40.518,image_similarity_rating,2023.2.3,None,2024-04-08 11h04.52.405542 +0200
,122,139,457,457,stimuli/own/kitchen/122_kit.jpg,stimuli/own/kitchen/139_kit.jpg,NaN,NaN,NaN,NaN,NaN,NaN,NaN,NaN,0,293,293,456,1646.655782583,NaN,NaN,NaN,NaN,NaN,NaN,NaN,,NaN,,1646.939124583,1647.103704291,1647.103704291,1647.103704291,1647.103704291,1647.103704291,1647.103704291,1647.103704291,1647.103704291,1647.103704291,1650.699598083,7,-7,5,4,2.71029933299997,2,3.46477508400017,1646.65369275,1646.655782583,1647.103704291,1646.939111333,NaN,NaN,NaN,NaN,,NaN,,1646.6501955,1646.653645083,None,NaN,NaN,,NaN,NaN,NaN,NaN,NaN,NaN,NaN,10,kitchen,2,2024-04-08_11h04.40.518,image_similarity_rating,2023.2.3,None,2024-04-08 11h04.52.405542 +0200
,119,127,393,393,stimuli/own/kitchen/119_kit.jpg,stimuli/own/kitchen/127_kit.jpg,NaN,NaN,NaN,NaN,NaN,NaN,NaN,NaN,0,294,294,392,1650.705201958,NaN,NaN,NaN,NaN,NaN,NaN,NaN,,NaN,,1650.989180833,1651.15497175,1651.15497175,1651.15497175,1651.15497175,1651.15497175,1651.15497175,1651.15497175,1651.15497175,1651.15497175,1654.936277958,7,-7,5,3,3.01394854199998,2,3.65816949999999,1650.70327475,1650.705201958,1651.15497175,1650.989168833,NaN,NaN,NaN,NaN,,NaN,,1650.699819833,1650.703228125,None,NaN,NaN,,NaN,NaN,NaN,NaN,NaN,NaN,NaN,10,kitchen,2,2024-04-08_11h04.40.518,image_similarity_rating,2023.2.3,None,2024-04-08 11h04.52.405542 +0200
,104,114,106,106,stimuli/own/kitchen/104_kit.jpg,stimuli/own/kitchen/114_kit.jpg,NaN,NaN,NaN,NaN,NaN,NaN,NaN,NaN,0,295,295,105,1654.941939333,NaN,NaN,NaN,NaN,NaN,NaN,NaN,,NaN,,1655.235005333,1655.399548958,1655.399548958,1655.399548958,1655.399548958,1655.399548958,1655.399548958,1655.399548958,1655.399548958,1655.399548958,1660.444746791,-7,7,5,4,5.02906429199993,3,3.47906716600005,1654.940045291,1654.941939333,1655.399548958,1655.234986916,NaN,NaN,NaN,NaN,,NaN,,1654.936495083,1654.939998125,None,NaN,NaN,,NaN,NaN,NaN,NaN,NaN,NaN,NaN,10,kitchen,2,2024-04-08_11h04.40.518,image_similarity_rating,2023.2.3,None,2024-04-08 11h04.52.405542 +0200
,105,126,147,147,stimuli/own/kitchen/105_kit.jpg,stimuli/own/kitchen/126_kit.jpg,NaN,NaN,NaN,NaN,NaN,NaN,NaN,NaN,0,296,296,146,1660.450508166,NaN,NaN,NaN,NaN,NaN,NaN,NaN,,NaN,,1660.735804125,1660.900757833,1660.900757833,1660.900757833,1660.900757833,1660.900757833,1660.900757833,1660.900757833,1660.900757833,1660.900757833,1665.552933291,7,-7,5,2,4.71442999999999,3,3.5807211660001,1660.44851375,1660.450508166,1660.900757833,1660.735790375,NaN,NaN,NaN,NaN,,NaN,,1660.444964208,1660.44846675,None,NaN,NaN,,NaN,NaN,NaN,NaN,NaN,NaN,NaN,10,kitchen,2,2024-04-08_11h04.40.518,image_similarity_rating,2023.2.3,None,2024-04-08 11h04.52.405542 +0200
,116,131,333,333,stimuli/own/kitchen/116_kit.jpg,stimuli/own/kitchen/131_kit.jpg,NaN,NaN,NaN,NaN,NaN,NaN,NaN,NaN,0,297,297,332,1665.55848225,NaN,NaN,NaN,NaN,NaN,NaN,NaN,,NaN,,1665.851827791,1666.017603208,1666.017603208,1666.017603208,1666.017603208,1666.017603208,1666.017603208,1666.017603208,1666.017603208,1666.017603208,1670.432770958,7,-7,5,1,3.66472887499981,1,2.84222908300012,1665.5565725,1665.55848225,1666.017603208,1665.851812458,NaN,NaN,NaN,NaN,,NaN,,1665.553149125,1665.556525833,None,NaN,NaN,,NaN,NaN,NaN,NaN,NaN,NaN,NaN,10,kitchen,2,2024-04-08_11h04.40.518,image_similarity_rating,2023.2.3,None,2024-04-08 11h04.52.405542 +0200
,109,130,207,207,stimuli/own/kitchen/109_kit.jpg,stimuli/own/kitchen/130_kit.jpg,NaN,NaN,NaN,NaN,NaN,NaN,NaN,NaN,0,298,298,206,1670.438420791,NaN,NaN,NaN,NaN,NaN,NaN,NaN,,NaN,,1670.722029958,1670.884163833,1670.884163833,1670.884163833,1670.884163833,1670.884163833,1670.884163833,1670.884163833,1670.884163833,1670.884163833,1673.886264791,-7,7,5,4,2.34816429200009,2,2.95162837499993,1670.436484375,1670.438420791,1670.884163833,1670.722019208,NaN,NaN,NaN,NaN,,NaN,,1670.433009125,1670.436427791,None,NaN,NaN,,NaN,NaN,NaN,NaN,NaN,NaN,NaN,10,kitchen,2,2024-04-08_11h04.40.518,image_similarity_rating,2023.2.3,None,2024-04-08 11h04.52.405542 +0200
,104,105,100,100,stimuli/own/kitchen/104_kit.jpg,stimuli/own/kitchen/105_kit.jpg,NaN,NaN,NaN,NaN,NaN,NaN,NaN,NaN,0,299,299,99,1673.892038583,NaN,NaN,NaN,NaN,NaN,NaN,NaN,,NaN,,1674.185153458,1674.350708875,1674.350708875,1674.350708875,1674.350708875,1674.350708875,1674.350708875,1674.350708875,1674.350708875,1674.350708875,1680.436562666,-7,7,5,2,5.00282141699995,2,6.01006495799993,1673.890037708,1673.892038583,1674.350708875,1674.185140166,NaN,NaN,NaN,NaN,,NaN,,1673.886479166,1673.889991208,None,NaN,NaN,,NaN,NaN,NaN,NaN,NaN,NaN,NaN,10,kitchen,2,2024-04-08_11h04.40.518,image_similarity_rating,2023.2.3,None,2024-04-08 11h04.52.405542 +0200
,127,131,520,520,stimuli/own/kitchen/127_kit.jpg,stimuli/own/kitchen/131_kit.jpg,NaN,NaN,NaN,NaN,NaN,NaN,NaN,NaN,0,300,300,519,1680.442155666,NaN,NaN,NaN,NaN,NaN,NaN,NaN,,NaN,,1680.735951333,1680.903450916,1680.903450916,1680.903450916,1680.903450916,1680.903450916,1680.903450916,1680.903450916,1680.903450916,1680.903450916,1685.191916166,-7,7,5,2,4.3181810829999,1,2.33102225000016,1680.440218208,1680.442155666,1680.903450916,1680.735935,NaN,NaN,NaN,NaN,,NaN,,1680.436779375,1680.440171708,None,NaN,NaN,,NaN,NaN,NaN,NaN,NaN,NaN,NaN,10,kitchen,2,2024-04-08_11h04.40.518,image_similarity_rating,2023.2.3,None,2024-04-08 11h04.52.405542 +0200
,101,122,17,17,stimuli/own/kitchen/101_kit.jpg,stimuli/own/kitchen/122_kit.jpg,NaN,NaN,NaN,NaN,NaN,NaN,NaN,NaN,0,301,301,16,1685.200583208,NaN,NaN,NaN,NaN,NaN,NaN,NaN,,NaN,,1685.485723166,1685.648191541,1685.648191541,1685.648191541,1685.648191541,1685.648191541,1685.648191541,1685.648191541,1685.648191541,1685.648191541,1689.444779125,-7,7,5,4,3.23705466600018,2,3.70960916699983,1685.195549541,1685.200583208,1685.648191541,1685.485706041,NaN,NaN,NaN,NaN,,NaN,,1685.192131875,1685.195503458,None,NaN,NaN,,NaN,NaN,NaN,NaN,NaN,NaN,NaN,10,kitchen,2,2024-04-08_11h04.40.518,image_similarity_rating,2023.2.3,None,2024-04-08 11h04.52.405542 +0200
,112,138,267,267,stimuli/own/kitchen/112_kit.jpg,stimuli/own/kitchen/138_kit.jpg,NaN,NaN,NaN,NaN,NaN,NaN,NaN,NaN,0,302,302,266,1689.450264125,NaN,NaN,NaN,NaN,NaN,NaN,NaN,,NaN,,1689.735275458,1689.90030125,1689.90030125,1689.90030125,1689.90030125,1689.90030125,1689.90030125,1689.90030125,1689.90030125,1689.90030125,1696.386188541,7,-7,5,4,4.3558650829998,2,6.02552366600003,1689.448534958,1689.450264125,1689.90030125,1689.735260166,NaN,NaN,NaN,NaN,,NaN,,1689.44500025,1689.448488875,None,NaN,NaN,,NaN,NaN,NaN,NaN,NaN,NaN,NaN,10,kitchen,2,2024-04-08_11h04.40.518,image_similarity_rating,2023.2.3,None,2024-04-08 11h04.52.405542 +0200
,112,131,261,261,stimuli/own/kitchen/112_kit.jpg,stimuli/own/kitchen/131_kit.jpg,NaN,NaN,NaN,NaN,NaN,NaN,NaN,NaN,0,303,303,260,1696.391767916,NaN,NaN,NaN,NaN,NaN,NaN,NaN,,NaN,,1696.685307166,1696.857113625,1696.857113625,1696.857113625,1696.857113625,1696.857113625,1696.857113625,1696.857113625,1696.857113625,1696.857113625,1700.444783333,-7,7,5,3,3.49955720899993,2,2.64096904200005,1696.389823958,1696.391767916,1696.857113625,1696.685284833,NaN,NaN,NaN,NaN,,NaN,,1696.386405166,1696.38977725,None,NaN,NaN,,NaN,NaN,NaN,NaN,NaN,NaN,NaN,10,kitchen,2,2024-04-08_11h04.40.518,image_similarity_rating,2023.2.3,None,2024-04-08 11h04.52.405542 +0200
,102,135,61,61,stimuli/own/kitchen/102_kit.jpg,stimuli/own/kitchen/135_kit.jpg,NaN,NaN,NaN,NaN,NaN,NaN,NaN,NaN,0,304,304,60,1700.450245583,NaN,NaN,NaN,NaN,NaN,NaN,NaN,,NaN,,1700.735818041,1700.901506291,1700.901506291,1700.901506291,1700.901506291,1700.901506291,1700.901506291,1700.901506291,1700.901506291,1700.901506291,1703.9949545,7,-7,5,3,2.32749962499997,2,3.0252834580001,1700.448429375,1700.450245583,1700.901506291,1700.735804958,NaN,NaN,NaN,NaN,,NaN,,1700.445008458,1700.448382791,None,NaN,NaN,,NaN,NaN,NaN,NaN,NaN,NaN,NaN,10,kitchen,2,2024-04-08_11h04.40.518,image_similarity_rating,2023.2.3,None,2024-04-08 11h04.52.405542 +0200
,102,129,56,56,stimuli/own/kitchen/102_kit.jpg,stimuli/own/kitchen/129_kit.jpg,NaN,NaN,NaN,NaN,NaN,NaN,NaN,NaN,0,305,305,55,1704.017294375,NaN,NaN,NaN,NaN,NaN,NaN,NaN,,NaN,,1704.301226125,1704.470455708,1704.470455708,1704.470455708,1704.470455708,1704.470455708,1704.470455708,1704.470455708,1704.470455708,1704.470455708,1707.552728625,-7,7,5,1,2.45218808299978,1,3.02144025000007,1703.998603708,1704.017294375,NaN,1704.301204541,NaN,NaN,NaN,NaN,,NaN,,1703.995172458,1703.9985575,None,NaN,NaN,,NaN,NaN,NaN,NaN,NaN,NaN,NaN,10,kitchen,2,2024-04-08_11h04.40.518,image_similarity_rating,2023.2.3,None,2024-04-08 11h04.52.405542 +0200
,121,135,436,436,stimuli/own/kitchen/121_kit.jpg,stimuli/own/kitchen/135_kit.jpg,NaN,NaN,NaN,NaN,NaN,NaN,NaN,NaN,0,306,306,435,1707.55813275,NaN,NaN,NaN,NaN,NaN,NaN,NaN,,NaN,,1707.851593833,1708.018032291,1708.018032291,1708.018032291,1708.018032291,1708.018032291,1708.018032291,1708.018032291,1708.018032291,1708.018032291,1714.365753958,7,-7,5,6,4.11885941600008,3,6.26072216600005,1707.556359458,1707.55813275,1708.018032291,1707.851578833,NaN,NaN,NaN,NaN,,NaN,,1707.552945458,1707.556299583,None,NaN,NaN,,NaN,NaN,NaN,NaN,NaN,NaN,NaN,10,kitchen,2,2024-04-08_11h04.40.518,image_similarity_rating,2023.2.3,None,2024-04-08 11h04.52.405542 +0200
,117,136,359,359,stimuli/own/kitchen/117_kit.jpg,stimuli/own/kitchen/136_kit.jpg,NaN,NaN,NaN,NaN,NaN,NaN,NaN,NaN,0,307,307,358,1714.3713715,NaN,NaN,NaN,NaN,NaN,NaN,NaN,,NaN,,1714.655843458,1714.819888833,1714.819888833,1714.819888833,1714.819888833,1714.819888833,1714.819888833,1714.819888833,1714.819888833,1714.819888833,1721.553391666,7,-7,5,3,3.65496591600004,3,6.61211008300006,1714.369454416,1714.3713715,1714.819888833,1714.655831291,NaN,NaN,NaN,NaN,,NaN,,1714.365980375,1714.369406875,None,NaN,NaN,,NaN,NaN,NaN,NaN,NaN,NaN,NaN,10,kitchen,2,2024-04-08_11h04.40.518,image_similarity_rating,2023.2.3,None,2024-04-08 11h04.52.405542 +0200
,114,117,297,297,stimuli/own/kitchen/114_kit.jpg,stimuli/own/kitchen/117_kit.jpg,NaN,NaN,NaN,NaN,NaN,NaN,NaN,NaN,0,308,308,296,1721.566972291,NaN,NaN,NaN,NaN,NaN,NaN,NaN,,NaN,,1721.852321083,1722.016580791,1722.016580791,1722.016580791,1722.016580791,1722.016580791,1722.016580791,1722.016580791,1722.016580791,1722.016580791,1726.67446375,-7,7,5,2,3.10067391699999,5,4.55711837500007,1721.5573645,1721.566972291,1722.016580791,1721.852303,NaN,NaN,NaN,NaN,,NaN,,1721.5536215,1721.557315791,None,NaN,NaN,,NaN,NaN,NaN,NaN,NaN,NaN,NaN,10,kitchen,2,2024-04-08_11h04.40.518,image_similarity_rating,2023.2.3,None,2024-04-08 11h04.52.405542 +0200
,112,126,257,257,stimuli/own/kitchen/112_kit.jpg,stimuli/own/kitchen/126_kit.jpg,NaN,NaN,NaN,NaN,NaN,NaN,NaN,NaN,0,309,309,256,1726.683673666,NaN,NaN,NaN,NaN,NaN,NaN,NaN,,NaN,,1726.968890208,1727.133935625,1727.133935625,1727.133935625,1727.133935625,1727.133935625,1727.133935625,1727.133935625,1727.133935625,1727.133935625,1733.578367916,7,-7,5,4,4.77755941600003,4,6.31466966599987,1726.678153,1726.683673666,1727.133935625,1726.9688715,NaN,NaN,NaN,NaN,,NaN,,1726.674689541,1726.678106416,None,NaN,NaN,,NaN,NaN,NaN,NaN,NaN,NaN,NaN,10,kitchen,2,2024-04-08_11h04.40.518,image_similarity_rating,2023.2.3,None,2024-04-08 11h04.52.405542 +0200
,113,134,288,288,stimuli/own/kitchen/113_kit.jpg,stimuli/own/kitchen/134_kit.jpg,NaN,NaN,NaN,NaN,NaN,NaN,NaN,NaN,0,310,310,287,1733.600546916,NaN,NaN,NaN,NaN,NaN,NaN,NaN,,NaN,,1733.884426708,1734.050100625,1734.050100625,1734.050100625,1734.050100625,1734.050100625,1734.050100625,1734.050100625,1734.050100625,1734.050100625,1738.285951583,7,-7,5,2,4.24575691700011,1,3.1037375840001,1733.582152791,1733.600546916,NaN,1733.8843905,NaN,NaN,NaN,NaN,,NaN,,1733.578588583,1733.582106375,None,NaN,NaN,,NaN,NaN,NaN,NaN,NaN,NaN,NaN,10,kitchen,2,2024-04-08_11h04.40.518,image_similarity_rating,2023.2.3,None,2024-04-08 11h04.52.405542 +0200
,106,113,164,164,stimuli/own/kitchen/106_kit.jpg,stimuli/own/kitchen/113_kit.jpg,NaN,NaN,NaN,NaN,NaN,NaN,NaN,NaN,0,311,311,163,1738.291482166,NaN,NaN,NaN,NaN,NaN,NaN,NaN,,NaN,,1738.584857208,1738.750637083,1738.750637083,1738.750637083,1738.750637083,1738.750637083,1738.750637083,1738.750637083,1738.750637083,1738.750637083,1746.323607625,-7,7,5,2,6.78583800000001,1,7.47305666700004,1738.289723083,1738.291482166,1738.750637083,1738.584842375,NaN,NaN,NaN,NaN,,NaN,,1738.286169333,1738.289675875,None,NaN,NaN,,NaN,NaN,NaN,NaN,NaN,NaN,NaN,10,kitchen,2,2024-04-08_11h04.40.518,image_similarity_rating,2023.2.3,None,2024-04-08 11h04.52.405542 +0200
,120,136,419,419,stimuli/own/kitchen/120_kit.jpg,stimuli/own/kitchen/136_kit.jpg,NaN,NaN,NaN,NaN,NaN,NaN,NaN,NaN,0,312,312,418,1746.333519541,NaN,NaN,NaN,NaN,NaN,NaN,NaN,,NaN,,1746.618956,1746.790936791,1746.790936791,1746.790936791,1746.790936791,1746.790936791,1746.790936791,1746.790936791,1746.790936791,1746.790936791,1749.573178916,-7,7,5,3,2.25261,2,2.70965108300015,1746.327274875,1746.333519541,1746.790936791,1746.618939916,NaN,NaN,NaN,NaN,,NaN,,1746.323822958,1746.327228166,None,NaN,NaN,,NaN,NaN,NaN,NaN,NaN,NaN,NaN,10,kitchen,2,2024-04-08_11h04.40.518,image_similarity_rating,2023.2.3,None,2024-04-08 11h04.52.405542 +0200
,101,141,34,34,stimuli/own/kitchen/101_kit.jpg,stimuli/own/kitchen/141_kit.jpg,NaN,NaN,NaN,NaN,NaN,NaN,NaN,NaN,0,313,313,33,1749.583251958,NaN,NaN,NaN,NaN,NaN,NaN,NaN,,NaN,,1749.868098291,1750.03349175,1750.03349175,1750.03349175,1750.03349175,1750.03349175,1750.03349175,1750.03349175,1750.03349175,1750.03349175,1754.740503583,7,-7,5,2,3.60037299999999,2,4.60203237499991,1749.576818541,1749.583251958,1750.03349175,1749.868083416,NaN,NaN,NaN,NaN,,NaN,,1749.573397916,1749.576772125,None,NaN,NaN,,NaN,NaN,NaN,NaN,NaN,NaN,NaN,10,kitchen,2,2024-04-08_11h04.40.518,image_similarity_rating,2023.2.3,None,2024-04-08 11h04.52.405542 +0200
,124,136,485,485,stimuli/own/kitchen/124_kit.jpg,stimuli/own/kitchen/136_kit.jpg,NaN,NaN,NaN,NaN,NaN,NaN,NaN,NaN,0,314,314,484,1754.750428208,NaN,NaN,NaN,NaN,NaN,NaN,NaN,,NaN,,1755.034825708,1755.203003166,1755.203003166,1755.203003166,1755.203003166,1755.203003166,1755.203003166,1755.203003166,1755.203003166,1755.203003166,1758.898842125,-7,7,5,3,2.79044704199987,2,3.59688291599991,1754.744162791,1754.750428208,1755.203003166,1755.034807041,NaN,NaN,NaN,NaN,,NaN,,1754.740718375,1754.744116625,None,NaN,NaN,,NaN,NaN,NaN,NaN,NaN,NaN,NaN,10,kitchen,2,2024-04-08_11h04.40.518,image_similarity_rating,2023.2.3,None,2024-04-08 11h04.52.405542 +0200
,118,141,385,385,stimuli/own/kitchen/118_kit.jpg,stimuli/own/kitchen/141_kit.jpg,NaN,NaN,NaN,NaN,NaN,NaN,NaN,NaN,0,315,315,384,1758.904758333,NaN,NaN,NaN,NaN,NaN,NaN,NaN,,NaN,,1901.784160666,1901.952002666,1901.952002666,1901.952002666,1901.952002666,1901.952002666,1901.952002666,1901.952002666,1901.952002666,1901.952002666,1905.224722708,7,-7,6,2,2.42583716700005,3,3.16563954100002,1901.487429375,1901.491080875,1901.952002666,1901.784145666,NaN,NaN,NaN,NaN,,NaN,,1758.899059958,1901.48667925,space,1758.904758333,142.58169025,None,NaN,NaN,NaN,NaN,NaN,NaN,NaN,10,kitchen,2,2024-04-08_11h04.40.518,image_similarity_rating,2023.2.3,None,2024-04-08 11h04.52.405542 +0200
,113,124,280,280,stimuli/own/kitchen/113_kit.jpg,stimuli/own/kitchen/124_kit.jpg,NaN,NaN,NaN,NaN,NaN,NaN,NaN,NaN,0,316,316,279,1905.232724416,NaN,NaN,NaN,NaN,NaN,NaN,NaN,,NaN,,1905.517561333,1905.68166575,1905.68166575,1905.68166575,1905.68166575,1905.68166575,1905.68166575,1905.68166575,1905.68166575,1905.68166575,1908.172795583,7,-7,6,4,1.67312687499998,2,2.31771004199982,1905.228928583,1905.232724416,1905.68166575,1905.517547708,NaN,NaN,NaN,NaN,,NaN,,1905.22494425,1905.228879041,None,NaN,NaN,,NaN,NaN,NaN,NaN,NaN,NaN,NaN,10,kitchen,2,2024-04-08_11h04.40.518,image_similarity_rating,2023.2.3,None,2024-04-08 11h04.52.405542 +0200
,103,114,75,75,stimuli/own/kitchen/103_kit.jpg,stimuli/own/kitchen/114_kit.jpg,NaN,NaN,NaN,NaN,NaN,NaN,NaN,NaN,0,317,317,74,1908.18276175,NaN,NaN,NaN,NaN,NaN,NaN,NaN,,NaN,,1908.46728525,1908.631313583,1908.631313583,1908.631313583,1908.631313583,1908.631313583,1908.631313583,1908.631313583,1908.631313583,1908.631313583,1912.393722208,7,-7,6,2,2.03727175000017,2,3.6140008750001,1908.176433291,1908.18276175,1908.631313583,1908.467271625,NaN,NaN,NaN,NaN,,NaN,,1908.173013583,1908.176386208,None,NaN,NaN,,NaN,NaN,NaN,NaN,NaN,NaN,NaN,10,kitchen,2,2024-04-08_11h04.40.518,image_similarity_rating,2023.2.3,None,2024-04-08 11h04.52.405542 +0200
,126,132,509,509,stimuli/own/kitchen/126_kit.jpg,stimuli/own/kitchen/132_kit.jpg,NaN,NaN,NaN,NaN,NaN,NaN,NaN,NaN,0,318,318,508,1912.399145416,NaN,NaN,NaN,NaN,NaN,NaN,NaN,,NaN,,1912.684093125,1912.848618958,1912.848618958,1912.848618958,1912.848618958,1912.848618958,1912.848618958,1912.848618958,1912.848618958,1912.848618958,1915.643924208,-7,7,6,4,2.19762416599997,3,2.67197016699993,1912.397373208,1912.399145416,1912.848618958,1912.684078375,NaN,NaN,NaN,NaN,,NaN,,1912.393940791,1912.397326208,None,NaN,NaN,,NaN,NaN,NaN,NaN,NaN,NaN,NaN,10,kitchen,2,2024-04-08_11h04.40.518,image_similarity_rating,2023.2.3,None,2024-04-08 11h04.52.405542 +0200
,109,122,200,200,stimuli/own/kitchen/109_kit.jpg,stimuli/own/kitchen/122_kit.jpg,NaN,NaN,NaN,NaN,NaN,NaN,NaN,NaN,0,319,319,199,1915.649490125,NaN,NaN,NaN,NaN,NaN,NaN,NaN,,NaN,,1915.934064708,1916.098717125,1916.098717125,1916.098717125,1916.098717125,1916.098717125,1916.098717125,1916.098717125,1916.098717125,1916.098717125,1920.169352208,7,-7,6,5,3.03635195900006,2,3.64599566700008,1915.647577583,1915.649490125,1916.098717125,1915.934051166,NaN,NaN,NaN,NaN,,NaN,,1915.644141916,1915.647531083,None,NaN,NaN,,NaN,NaN,NaN,NaN,NaN,NaN,NaN,10,kitchen,2,2024-04-08_11h04.40.518,image_similarity_rating,2023.2.3,None,2024-04-08 11h04.52.405542 +0200
,132,135,561,561,stimuli/own/kitchen/132_kit.jpg,stimuli/own/kitchen/135_kit.jpg,NaN,NaN,NaN,NaN,NaN,NaN,NaN,NaN,0,320,320,560,1920.174777583,NaN,NaN,NaN,NaN,NaN,NaN,NaN,,NaN,,1920.467422541,1920.633522166,1920.633522166,1920.633522166,1920.633522166,1920.633522166,1920.633522166,1920.633522166,1920.633522166,1920.633522166,1926.044035916,-7,7,6,2,3.69965812500004,2,5.43492620799998,1920.173005958,1920.174777583,1920.633522166,1920.467403833,NaN,NaN,NaN,NaN,,NaN,,1920.169570125,1920.172959208,None,NaN,NaN,,NaN,NaN,NaN,NaN,NaN,NaN,NaN,10,kitchen,2,2024-04-08_11h04.40.518,image_similarity_rating,2023.2.3,None,2024-04-08 11h04.52.405542 +0200
,106,138,186,186,stimuli/own/kitchen/106_kit.jpg,stimuli/own/kitchen/138_kit.jpg,NaN,NaN,NaN,NaN,NaN,NaN,NaN,NaN,0,321,321,185,1926.066265958,NaN,NaN,NaN,NaN,NaN,NaN,NaN,,NaN,,1926.35023475,1926.518753416,1926.518753416,1926.518753416,1926.518753416,1926.518753416,1926.518753416,1926.518753416,1926.518753416,1926.518753416,1931.535197625,-7,7,6,2,4.21601675000011,2,4.92438062499991,1926.047688041,1926.066265958,NaN,1926.35021225,NaN,NaN,NaN,NaN,,NaN,,1926.044253833,1926.047640958,None,NaN,NaN,,NaN,NaN,NaN,NaN,NaN,NaN,NaN,10,kitchen,2,2024-04-08_11h04.40.518,image_similarity_rating,2023.2.3,None,2024-04-08 11h04.52.405542 +0200
,105,132,152,152,stimuli/own/kitchen/105_kit.jpg,stimuli/own/kitchen/132_kit.jpg,NaN,NaN,NaN,NaN,NaN,NaN,NaN,NaN,0,322,322,151,1931.54077175,NaN,NaN,NaN,NaN,NaN,NaN,NaN,,NaN,,1931.834031916,1932.000291833,1932.000291833,1932.000291833,1932.000291833,1932.000291833,1932.000291833,1932.000291833,1932.000291833,1932.000291833,1935.427336541,7,-7,6,4,2.90239550000001,3,1.66305300000022,1931.538841333,1931.54077175,1932.000291833,1931.834011625,NaN,NaN,NaN,NaN,,NaN,,1931.535411833,1931.538795125,None,NaN,NaN,,NaN,NaN,NaN,NaN,NaN,NaN,NaN,10,kitchen,2,2024-04-08_11h04.40.518,image_similarity_rating,2023.2.3,None,2024-04-08 11h04.52.405542 +0200
,117,121,346,346,stimuli/own/kitchen/117_kit.jpg,stimuli/own/kitchen/121_kit.jpg,NaN,NaN,NaN,NaN,NaN,NaN,NaN,NaN,0,323,323,345,1935.449373375,NaN,NaN,NaN,NaN,NaN,NaN,NaN,,NaN,,1935.733622041,1935.899379916,1935.899379916,1935.899379916,1935.899379916,1935.899379916,1935.899379916,1935.899379916,1935.899379916,1935.899379916,1938.632782,-7,7,6,5,1.85055579200002,3,2.64349212499997,1935.430986125,1935.449373375,NaN,1935.733595541,NaN,NaN,NaN,NaN,,NaN,,1935.427551791,1935.430939416,None,NaN,NaN,,NaN,NaN,NaN,NaN,NaN,NaN,NaN,10,kitchen,2,2024-04-08_11h04.40.518,image_similarity_rating,2023.2.3,None,2024-04-08 11h04.52.405542 +0200
,112,121,252,252,stimuli/own/kitchen/112_kit.jpg,stimuli/own/kitchen/121_kit.jpg,NaN,NaN,NaN,NaN,NaN,NaN,NaN,NaN,0,324,324,251,1938.63878775,NaN,NaN,NaN,NaN,NaN,NaN,NaN,,NaN,,1938.92254025,1939.09020725,1939.09020725,1939.09020725,1939.09020725,1939.09020725,1939.09020725,1939.09020725,1939.09020725,1939.09020725,1942.593607208,7,-7,6,2,2.59707579199994,3,3.39327166700014,1938.636552791,1938.63878775,1939.09020725,1938.922523916,NaN,NaN,NaN,NaN,,NaN,,1938.633016208,1938.636506083,None,NaN,NaN,,NaN,NaN,NaN,NaN,NaN,NaN,NaN,10,kitchen,2,2024-04-08_11h04.40.518,image_similarity_rating,2023.2.3,None,2024-04-08 11h04.52.405542 +0200
,113,129,284,284,stimuli/own/kitchen/113_kit.jpg,stimuli/own/kitchen/129_kit.jpg,NaN,NaN,NaN,NaN,NaN,NaN,NaN,NaN,0,325,325,283,1942.599034708,NaN,NaN,NaN,NaN,NaN,NaN,NaN,,NaN,,1942.88442625,1943.04925475,1943.04925475,1943.04925475,1943.04925475,1943.04925475,1943.04925475,1943.04925475,1943.04925475,1943.04925475,1946.464587333,7,-7,6,1,2.15417012500006,1,3.29101691699998,1942.597253,1942.599034708,1943.04925475,1942.884410125,NaN,NaN,NaN,NaN,,NaN,,1942.593826958,1942.597204291,None,NaN,NaN,,NaN,NaN,NaN,NaN,NaN,NaN,NaN,10,kitchen,2,2024-04-08_11h04.40.518,image_similarity_rating,2023.2.3,None,2024-04-08 11h04.52.405542 +0200
,123,141,475,475,stimuli/own/kitchen/123_kit.jpg,stimuli/own/kitchen/141_kit.jpg,NaN,NaN,NaN,NaN,NaN,NaN,NaN,NaN,0,326,326,474,1946.470236125,NaN,NaN,NaN,NaN,NaN,NaN,NaN,,NaN,,1946.754650625,1946.919163625,1946.919163625,1946.919163625,1946.919163625,1946.919163625,1946.919163625,1946.919163625,1946.919163625,1946.919163625,1949.968431458,7,-7,6,2,2.48653541700014,2,2.9640959169999,1946.468302,1946.470236125,1946.919163625,1946.754639708,NaN,NaN,NaN,NaN,,NaN,,1946.464806708,1946.468254875,None,NaN,NaN,,NaN,NaN,NaN,NaN,NaN,NaN,NaN,10,kitchen,2,2024-04-08_11h04.40.518,image_similarity_rating,2023.2.3,None,2024-04-08 11h04.52.405542 +0200
,103,129,88,88,stimuli/own/kitchen/103_kit.jpg,stimuli/own/kitchen/129_kit.jpg,NaN,NaN,NaN,NaN,NaN,NaN,NaN,NaN,0,327,327,87,1949.97415975,NaN,NaN,NaN,NaN,NaN,NaN,NaN,,NaN,,1950.267454458,1950.433011583,1950.433011583,1950.433011583,1950.433011583,1950.433011583,1950.433011583,1950.433011583,1950.433011583,1950.433011583,1953.081398791,7,-7,6,1,2.44623291700009,1,1.43897600000014,1949.972080291,1949.97415975,1950.433011583,1950.26743975,NaN,NaN,NaN,NaN,,NaN,,1949.968646708,1949.972033375,None,NaN,NaN,,NaN,NaN,NaN,NaN,NaN,NaN,NaN,10,kitchen,2,2024-04-08_11h04.40.518,image_similarity_rating,2023.2.3,None,2024-04-08 11h04.52.405542 +0200
,124,125,476,476,stimuli/own/kitchen/124_kit.jpg,stimuli/own/kitchen/125_kit.jpg,NaN,NaN,NaN,NaN,NaN,NaN,NaN,NaN,0,328,328,475,1953.08687975,NaN,NaN,NaN,NaN,NaN,NaN,NaN,,NaN,,1953.371438458,1953.539774208,1953.539774208,1953.539774208,1953.539774208,1953.539774208,1953.539774208,1953.539774208,1953.539774208,1953.539774208,1958.344197416,-7,7,6,3,3.76446849999979,3,4.69321812499993,1953.085117083,1953.08687975,1953.539774208,1953.371424708,NaN,NaN,NaN,NaN,,NaN,,1953.081623625,1953.085070125,None,NaN,NaN,,NaN,NaN,NaN,NaN,NaN,NaN,NaN,10,kitchen,2,2024-04-08_11h04.40.518,image_similarity_rating,2023.2.3,None,2024-04-08 11h04.52.405542 +0200
,126,139,515,515,stimuli/own/kitchen/126_kit.jpg,stimuli/own/kitchen/139_kit.jpg,NaN,NaN,NaN,NaN,NaN,NaN,NaN,NaN,0,329,329,514,1958.366150333,NaN,NaN,NaN,NaN,NaN,NaN,NaN,,NaN,,1958.650102583,1958.816435375,1958.816435375,1958.816435375,1958.816435375,1958.816435375,1958.816435375,1958.816435375,1958.816435375,1958.816435375,1961.524349375,7,-7,6,3,2.08435070799987,2,2.66449162499998,1958.34783275,1958.366150333,NaN,1958.650082583,NaN,NaN,NaN,NaN,,NaN,,1958.344414041,1958.34778675,None,NaN,NaN,,NaN,NaN,NaN,NaN,NaN,NaN,NaN,10,kitchen,2,2024-04-08_11h04.40.518,image_similarity_rating,2023.2.3,None,2024-04-08 11h04.52.405542 +0200
,135,137,576,576,stimuli/own/kitchen/135_kit.jpg,stimuli/own/kitchen/137_kit.jpg,NaN,NaN,NaN,NaN,NaN,NaN,NaN,NaN,0,330,330,575,1961.532675833,NaN,NaN,NaN,NaN,NaN,NaN,NaN,,NaN,,1961.817393875,1961.982187791,1961.982187791,1961.982187791,1961.982187791,1961.982187791,1961.982187791,1961.982187791,1961.982187791,1961.982187791,1965.360254416,7,-7,6,2,2.67414824999992,2,1.59259433300008,1961.527985958,1961.532675833,1961.982187791,1961.817380583,NaN,NaN,NaN,NaN,,NaN,,1961.52456375,1961.527939833,None,NaN,NaN,,NaN,NaN,NaN,NaN,NaN,NaN,NaN,10,kitchen,2,2024-04-08_11h04.40.518,image_similarity_rating,2023.2.3,None,2024-04-08 11h04.52.405542 +0200
,104,113,105,105,stimuli/own/kitchen/104_kit.jpg,stimuli/own/kitchen/113_kit.jpg,NaN,NaN,NaN,NaN,NaN,NaN,NaN,NaN,0,331,331,104,1965.365998583,NaN,NaN,NaN,NaN,NaN,NaN,NaN,,NaN,,1965.650682458,1965.818302083,1965.818302083,1965.818302083,1965.818302083,1965.818302083,1965.818302083,1965.818302083,1965.818302083,1965.818302083,1972.451735916,-7,7,6,3,5.44586866600002,3,6.52401725000004,1965.363887625,1965.365998583,1965.818302083,1965.650664416,NaN,NaN,NaN,NaN,,NaN,,1965.360470041,1965.36384075,None,NaN,NaN,,NaN,NaN,NaN,NaN,NaN,NaN,NaN,10,kitchen,2,2024-04-08_11h04.40.518,image_similarity_rating,2023.2.3,None,2024-04-08 11h04.52.405542 +0200
,111,134,237,237,stimuli/own/kitchen/111_kit.jpg,stimuli/own/kitchen/134_kit.jpg,NaN,NaN,NaN,NaN,NaN,NaN,NaN,NaN,0,332,332,236,1972.457284416,NaN,NaN,NaN,NaN,NaN,NaN,NaN,,NaN,,1972.750607375,1972.916001125,1972.916001125,1972.916001125,1972.916001125,1972.916001125,1972.916001125,1972.916001125,1972.916001125,1972.916001125,1977.527282208,-7,7,6,4,3.42230087500002,4,4.53777604199968,1972.455471125,1972.457284416,1972.916001125,1972.750589041,NaN,NaN,NaN,NaN,,NaN,,1972.451953625,1972.455424958,None,NaN,NaN,,NaN,NaN,NaN,NaN,NaN,NaN,NaN,10,kitchen,2,2024-04-08_11h04.40.518,image_similarity_rating,2023.2.3,None,2024-04-08 11h04.52.405542 +0200
,134,137,570,570,stimuli/own/kitchen/134_kit.jpg,stimuli/own/kitchen/137_kit.jpg,NaN,NaN,NaN,NaN,NaN,NaN,NaN,NaN,0,333,333,569,1977.549346458,NaN,NaN,NaN,NaN,NaN,NaN,NaN,,NaN,,1977.833545333,1977.998353083,1977.998353083,1977.998353083,1977.998353083,1977.998353083,1977.998353083,1977.998353083,1977.998353083,1977.998353083,1981.797817458,7,-7,6,3,3.10925704100009,2,3.77425250000033,1977.531007625,1977.549346458,NaN,1977.833525083,NaN,NaN,NaN,NaN,,NaN,,1977.527497583,1977.530961583,None,NaN,NaN,,NaN,NaN,NaN,NaN,NaN,NaN,NaN,10,kitchen,2,2024-04-08_11h04.40.518,image_similarity_rating,2023.2.3,None,2024-04-08 11h04.52.405542 +0200
,129,139,538,538,stimuli/own/kitchen/129_kit.jpg,stimuli/own/kitchen/139_kit.jpg,NaN,NaN,NaN,NaN,NaN,NaN,NaN,NaN,0,334,334,537,1981.803564416,NaN,NaN,NaN,NaN,NaN,NaN,NaN,,NaN,,1982.088093958,1982.2560105,1982.2560105,1982.2560105,1982.2560105,1982.2560105,1982.2560105,1982.2560105,1982.2560105,1982.2560105,1986.93936025,7,-7,6,1,4.63452179200021,1,3.84595670900035,1981.801622458,1981.803564416,1982.2560105,1982.088078458,NaN,NaN,NaN,NaN,,NaN,,1981.798035458,1981.801575333,None,NaN,NaN,,NaN,NaN,NaN,NaN,NaN,NaN,NaN,10,kitchen,2,2024-04-08_11h04.40.518,image_similarity_rating,2023.2.3,None,2024-04-08 11h04.52.405542 +0200
,136,141,585,585,stimuli/own/kitchen/136_kit.jpg,stimuli/own/kitchen/141_kit.jpg,NaN,NaN,NaN,NaN,NaN,NaN,NaN,NaN,0,335,335,584,1986.949114625,NaN,NaN,NaN,NaN,NaN,NaN,NaN,,NaN,,1987.233746541,1987.398307291,1987.398307291,1987.398307291,1987.398307291,1987.398307291,1987.398307291,1987.398307291,1987.398307291,1987.398307291,1991.822394875,7,-7,6,4,3.63448991599989,3,4.33929183300006,1986.942994625,1986.949114625,1987.398307291,1987.233733125,NaN,NaN,NaN,NaN,,NaN,,1986.939575708,1986.942948291,None,NaN,NaN,,NaN,NaN,NaN,NaN,NaN,NaN,NaN,10,kitchen,2,2024-04-08_11h04.40.518,image_similarity_rating,2023.2.3,None,2024-04-08 11h04.52.405542 +0200
,111,140,243,243,stimuli/own/kitchen/111_kit.jpg,stimuli/own/kitchen/140_kit.jpg,NaN,NaN,NaN,NaN,NaN,NaN,NaN,NaN,0,336,336,242,1991.832583,NaN,NaN,NaN,NaN,NaN,NaN,NaN,,NaN,,1992.117206791,1992.285155,1992.285155,1992.285155,1992.285155,1992.285155,1992.285155,1992.285155,1992.285155,1992.285155,1996.62706775,7,-7,6,4,3.46602283399989,3,4.30715304199975,1991.826032416,1991.832583,1992.285155,1992.117189041,NaN,NaN,NaN,NaN,,NaN,,1991.822615125,1991.825986,None,NaN,NaN,,NaN,NaN,NaN,NaN,NaN,NaN,NaN,10,kitchen,2,2024-04-08_11h04.40.518,image_similarity_rating,2023.2.3,None,2024-04-08 11h04.52.405542 +0200
,132,137,563,563,stimuli/own/kitchen/132_kit.jpg,stimuli/own/kitchen/137_kit.jpg,NaN,NaN,NaN,NaN,NaN,NaN,NaN,NaN,0,337,337,562,1996.649402041,NaN,NaN,NaN,NaN,NaN,NaN,NaN,,NaN,,1996.93339825,1997.104646541,1997.104646541,1997.104646541,1997.104646541,1997.104646541,1997.104646541,1997.104646541,1997.104646541,1997.104646541,2000.202447166,-7,7,6,4,2.5058389159999,2,3.05673141699981,1996.630824666,1996.649402041,NaN,1996.933377333,NaN,NaN,NaN,NaN,,NaN,,1996.627286541,1996.630777625,None,NaN,NaN,,NaN,NaN,NaN,NaN,NaN,NaN,NaN,10,kitchen,2,2024-04-08_11h04.40.518,image_similarity_rating,2023.2.3,None,2024-04-08 11h04.52.405542 +0200
,104,136,125,125,stimuli/own/kitchen/104_kit.jpg,stimuli/own/kitchen/136_kit.jpg,NaN,NaN,NaN,NaN,NaN,NaN,NaN,NaN,0,338,338,124,2000.215801458,NaN,NaN,NaN,NaN,NaN,NaN,NaN,,NaN,,2000.500496833,2000.665792291,2000.665792291,2000.665792291,2000.665792291,2000.665792291,2000.665792291,2000.665792291,2000.665792291,2000.665792291,2008.560163458,-7,7,6,3,7.3039773749997,2,7.8461604160002,2000.206378541,2000.215801458,2000.665792291,2000.500483166,NaN,NaN,NaN,NaN,,NaN,,2000.202680791,2000.206327583,None,NaN,NaN,,NaN,NaN,NaN,NaN,NaN,NaN,NaN,10,kitchen,2,2024-04-08_11h04.40.518,image_similarity_rating,2023.2.3,None,2024-04-08 11h04.52.405542 +0200
,113,121,277,277,stimuli/own/kitchen/113_kit.jpg,stimuli/own/kitchen/121_kit.jpg,NaN,NaN,NaN,NaN,NaN,NaN,NaN,NaN,0,339,339,276,2008.565918333,NaN,NaN,NaN,NaN,NaN,NaN,NaN,,NaN,,2008.850678,2009.0143685,2009.0143685,2009.0143685,2009.0143685,2009.0143685,2009.0143685,2009.0143685,2009.0143685,2009.0143685,2013.922681333,-7,7,6,3,4.91786729200021,2,3.82142812499978,2008.563820208,2008.565918333,2009.0143685,2008.850661666,NaN,NaN,NaN,NaN,,NaN,,2008.560381375,2008.563773458,None,NaN,NaN,,NaN,NaN,NaN,NaN,NaN,NaN,NaN,10,kitchen,2,2024-04-08_11h04.40.518,image_similarity_rating,2023.2.3,None,2024-04-08 11h04.52.405542 +0200
,105,119,140,140,stimuli/own/kitchen/105_kit.jpg,stimuli/own/kitchen/119_kit.jpg,NaN,NaN,NaN,NaN,NaN,NaN,NaN,NaN,0,340,340,139,2013.932365208,NaN,NaN,NaN,NaN,NaN,NaN,NaN,,NaN,,2014.217049583,2014.383411375,2014.383411375,2014.383411375,2014.383411375,2014.383411375,2014.383411375,2014.383411375,2014.383411375,2014.383411375,2019.069879416,7,-7,6,3,4.71452470799977,3,2.71580608400018,2013.926313041,2013.932365208,2014.383411375,2014.217023875,NaN,NaN,NaN,NaN,,NaN,,2013.922897125,2013.92626675,None,NaN,NaN,,NaN,NaN,NaN,NaN,NaN,NaN,NaN,10,kitchen,2,2024-04-08_11h04.40.518,image_similarity_rating,2023.2.3,None,2024-04-08 11h04.52.405542 +0200
,131,138,556,556,stimuli/own/kitchen/131_kit.jpg,stimuli/own/kitchen/138_kit.jpg,NaN,NaN,NaN,NaN,NaN,NaN,NaN,NaN,0,341,341,555,2019.082821166,NaN,NaN,NaN,NaN,NaN,NaN,NaN,,NaN,,2019.36723075,2019.538679708,2019.538679708,2019.538679708,2019.538679708,2019.538679708,2019.538679708,2019.538679708,2019.538679708,2019.538679708,2023.072424958,-7,7,6,1,3.57397250000031,1,2.86714024999992,2019.073603125,2019.082821166,2019.538679708,2019.367213541,NaN,NaN,NaN,NaN,,NaN,,2019.070094,2019.073557583,None,NaN,NaN,,NaN,NaN,NaN,NaN,NaN,NaN,NaN,10,kitchen,2,2024-04-08_11h04.40.518,image_similarity_rating,2023.2.3,None,2024-04-08 11h04.52.405542 +0200
,116,122,325,325,stimuli/own/kitchen/116_kit.jpg,stimuli/own/kitchen/122_kit.jpg,NaN,NaN,NaN,NaN,NaN,NaN,NaN,NaN,0,342,342,324,2023.082435541,NaN,NaN,NaN,NaN,NaN,NaN,NaN,,NaN,,2023.367079583,2023.532635166,2023.532635166,2023.532635166,2023.532635166,2023.532635166,2023.532635166,2023.532635166,2023.532635166,2023.532635166,2028.051409875,7,-7,6,3,3.20029704100034,3,4.30957204199967,2023.076073833,2023.082435541,2023.532635166,2023.367065083,NaN,NaN,NaN,NaN,,NaN,,2023.072637833,2023.076027208,None,NaN,NaN,,NaN,NaN,NaN,NaN,NaN,NaN,NaN,10,kitchen,2,2024-04-08_11h04.40.518,image_similarity_rating,2023.2.3,None,2024-04-08 11h04.52.405542 +0200
,137,140,588,588,stimuli/own/kitchen/137_kit.jpg,stimuli/own/kitchen/140_kit.jpg,NaN,NaN,NaN,NaN,NaN,NaN,NaN,NaN,0,343,343,587,2028.056849958,NaN,NaN,NaN,NaN,NaN,NaN,NaN,,NaN,,2028.350395,2028.5166535,2028.5166535,2028.5166535,2028.5166535,2028.5166535,2028.5166535,2028.5166535,2028.5166535,2028.5166535,2031.768768166,7,-7,6,4,2.34955762499976,2,3.07733766599995,2028.055039666,2028.056849958,2028.5166535,2028.35037925,NaN,NaN,NaN,NaN,,NaN,,2028.051627125,2028.054993333,None,NaN,NaN,,NaN,NaN,NaN,NaN,NaN,NaN,NaN,10,kitchen,2,2024-04-08_11h04.40.518,image_similarity_rating,2023.2.3,None,2024-04-08 11h04.52.405542 +0200
,104,131,121,615,stimuli/own/kitchen/104_kit.jpg,stimuli/own/kitchen/131_kit.jpg,NaN,NaN,NaN,NaN,NaN,NaN,NaN,NaN,0,344,344,614,2031.774427583,NaN,NaN,NaN,NaN,NaN,NaN,NaN,,NaN,,2032.067023666,2032.238615666,2032.238615666,2032.238615666,2032.238615666,2032.238615666,2032.238615666,2032.238615666,2032.238615666,2032.238615666,2035.955046833,-7,7,6,2,3.70659158300032,1,1.94125141699988,2031.772497041,2031.774427583,2032.238615666,2032.0670055,NaN,NaN,NaN,NaN,,NaN,,2031.768986458,2031.772450833,None,NaN,NaN,,NaN,NaN,NaN,NaN,NaN,NaN,NaN,10,kitchen,2,2024-04-08_11h04.40.518,image_similarity_rating,2023.2.3,None,2024-04-08 11h04.52.405542 +0200
,104,117,108,108,stimuli/own/kitchen/104_kit.jpg,stimuli/own/kitchen/117_kit.jpg,NaN,NaN,NaN,NaN,NaN,NaN,NaN,NaN,0,345,345,107,2035.965647875,NaN,NaN,NaN,NaN,NaN,NaN,NaN,,NaN,,2036.250419458,2036.418270958,2036.418270958,2036.418270958,2036.418270958,2036.418270958,2036.418270958,2036.418270958,2036.418270958,2036.418270958,2040.123422208,7,-7,6,3,2.51778375000004,2,3.58047041600003,2035.958690416,2035.965647875,2036.418270958,2036.250398833,NaN,NaN,NaN,NaN,,NaN,,2035.955264958,2035.958644541,None,NaN,NaN,,NaN,NaN,NaN,NaN,NaN,NaN,NaN,10,kitchen,2,2024-04-08_11h04.40.518,image_similarity_rating,2023.2.3,None,2024-04-08 11h04.52.405542 +0200
,118,121,367,367,stimuli/own/kitchen/118_kit.jpg,stimuli/own/kitchen/121_kit.jpg,NaN,NaN,NaN,NaN,NaN,NaN,NaN,NaN,0,346,346,366,2040.132313541,NaN,NaN,NaN,NaN,NaN,NaN,NaN,,NaN,,2040.416928916,2040.583904375,2040.583904375,2040.583904375,2040.583904375,2040.583904375,2040.583904375,2040.583904375,2040.583904375,2040.583904375,2044.526581208,-7,7,6,4,2.56631033299982,3,3.85812366699975,2040.127073541,2040.132313541,2040.583904375,2040.416910625,NaN,NaN,NaN,NaN,,NaN,,2040.123641208,2040.127026833,None,NaN,NaN,,NaN,NaN,NaN,NaN,NaN,NaN,NaN,10,kitchen,2,2024-04-08_11h04.40.518,image_similarity_rating,2023.2.3,None,2024-04-08 11h04.52.405542 +0200
,136,139,583,602,stimuli/own/kitchen/136_kit.jpg,stimuli/own/kitchen/139_kit.jpg,NaN,NaN,NaN,NaN,NaN,NaN,NaN,NaN,0,347,347,601,2044.53215375,NaN,NaN,NaN,NaN,NaN,NaN,NaN,,NaN,,2044.816942166,2044.983552125,2044.983552125,2044.983552125,2044.983552125,2044.983552125,2044.983552125,2044.983552125,2044.983552125,2044.983552125,2048.955829041,7,-7,6,2,3.1778152920001,2,3.83788741699982,2044.530345458,2044.53215375,2044.983552125,2044.816928375,NaN,NaN,NaN,NaN,,NaN,,2044.526800458,2044.530298458,None,NaN,NaN,,NaN,NaN,NaN,NaN,NaN,NaN,NaN,10,kitchen,2,2024-04-08_11h04.40.518,image_similarity_rating,2023.2.3,None,2024-04-08 11h04.52.405542 +0200
,111,139,242,242,stimuli/own/kitchen/111_kit.jpg,stimuli/own/kitchen/139_kit.jpg,NaN,NaN,NaN,NaN,NaN,NaN,NaN,NaN,0,348,348,241,2048.965675541,NaN,NaN,NaN,NaN,NaN,NaN,NaN,,NaN,,2049.250770291,2049.415636375,2049.415636375,2049.415636375,2049.415636375,2049.415636375,2049.415636375,2049.415636375,2049.415636375,2049.415636375,2053.281184166,7,-7,6,2,3.20250099999976,2,3.70228808399997,2048.959492375,2048.965675541,2049.415636375,2049.250757041,NaN,NaN,NaN,NaN,,NaN,,2048.956045125,2048.959445833,None,NaN,NaN,,NaN,NaN,NaN,NaN,NaN,NaN,NaN,10,kitchen,2,2024-04-08_11h04.40.518,image_similarity_rating,2023.2.3,None,2024-04-08 11h04.52.405542 +0200
,109,125,203,203,stimuli/own/kitchen/109_kit.jpg,stimuli/own/kitchen/125_kit.jpg,NaN,NaN,NaN,NaN,NaN,NaN,NaN,NaN,0,349,349,202,2053.286981083,NaN,NaN,NaN,NaN,NaN,NaN,NaN,,NaN,,2053.570931958,2053.736922125,2053.736922125,2053.736922125,2053.736922125,2053.736922125,2053.736922125,2053.736922125,2053.736922125,2053.736922125,2058.681311958,-7,7,6,4,4.99135629200009,1,2.9649609170001,2053.284893208,2053.286981083,2053.736922125,2053.5709185,NaN,NaN,NaN,NaN,,NaN,,2053.281427666,2053.284846666,None,NaN,NaN,,NaN,NaN,NaN,NaN,NaN,NaN,NaN,10,kitchen,2,2024-04-08_11h04.40.518,image_similarity_rating,2023.2.3,None,2024-04-08 11h04.52.405542 +0200
,102,111,40,40,stimuli/own/kitchen/102_kit.jpg,stimuli/own/kitchen/111_kit.jpg,NaN,NaN,NaN,NaN,NaN,NaN,NaN,NaN,0,350,350,39,2058.686912541,NaN,NaN,NaN,NaN,NaN,NaN,NaN,,NaN,,2058.97110325,2059.138933708,2059.138933708,2059.138933708,2059.138933708,2059.138933708,2059.138933708,2059.138933708,2059.138933708,2059.138933708,2061.764324125,-7,7,6,2,1.91415525000002,2,2.47659687500027,2058.684989416,2058.686912541,2059.138933708,2058.97108975,NaN,NaN,NaN,NaN,,NaN,,2058.681530125,2058.684941875,None,NaN,NaN,,NaN,NaN,NaN,NaN,NaN,NaN,NaN,10,kitchen,2,2024-04-08_11h04.40.518,image_similarity_rating,2023.2.3,None,2024-04-08 11h04.52.405542 +0200
,112,116,247,247,stimuli/own/kitchen/112_kit.jpg,stimuli/own/kitchen/116_kit.jpg,NaN,NaN,NaN,NaN,NaN,NaN,NaN,NaN,0,351,351,246,2061.770022583,NaN,NaN,NaN,NaN,NaN,NaN,NaN,,NaN,,2062.054197958,2062.220502833,2062.220502833,2062.220502833,2062.220502833,2062.220502833,2062.220502833,2062.220502833,2062.220502833,2062.220502833,2066.881197375,7,-7,6,2,3.98991966700032,2,4.58677229200021,2061.768031958,2061.770022583,2062.220502833,2062.05418575,NaN,NaN,NaN,NaN,,NaN,,2061.76455025,2061.767985625,None,NaN,NaN,,NaN,NaN,NaN,NaN,NaN,NaN,NaN,10,kitchen,2,2024-04-08_11h04.40.518,image_similarity_rating,2023.2.3,None,2024-04-08 11h04.52.405542 +0200
,117,125,350,350,stimuli/own/kitchen/117_kit.jpg,stimuli/own/kitchen/125_kit.jpg,NaN,NaN,NaN,NaN,NaN,NaN,NaN,NaN,0,352,352,349,2066.886996625,NaN,NaN,NaN,NaN,NaN,NaN,NaN,,NaN,,2067.172664208,2067.339328125,2067.339328125,2067.339328125,2067.339328125,2067.339328125,2067.339328125,2067.339328125,2067.339328125,2067.339328125,2072.99312125,7,-7,6,3,4.45530708399974,3,5.61558174999982,2066.884892375,2066.886996625,2067.339328125,2067.172650041,NaN,NaN,NaN,NaN,,NaN,,2066.881435958,2066.8848455,None,NaN,NaN,,NaN,NaN,NaN,NaN,NaN,NaN,NaN,10,kitchen,2,2024-04-08_11h04.40.518,image_similarity_rating,2023.2.3,None,2024-04-08 11h04.52.405542 +0200
,109,123,201,201,stimuli/own/kitchen/109_kit.jpg,stimuli/own/kitchen/123_kit.jpg,NaN,NaN,NaN,NaN,NaN,NaN,NaN,NaN,0,353,353,200,2072.999011166,NaN,NaN,NaN,NaN,NaN,NaN,NaN,,NaN,,2073.283274166,2073.447435375,2073.447435375,2073.447435375,2073.447435375,2073.447435375,2073.447435375,2073.447435375,2073.447435375,2073.447435375,2076.243410166,-7,7,6,4,2.818374167,2,1.98029570900007,2072.996770041,2072.999011166,2073.447435375,2073.283263541,NaN,NaN,NaN,NaN,,NaN,,2072.993339,2072.996723333,None,NaN,NaN,,NaN,NaN,NaN,NaN,NaN,NaN,NaN,10,kitchen,2,2024-04-08_11h04.40.518,image_similarity_rating,2023.2.3,None,2024-04-08 11h04.52.405542 +0200
,122,132,451,451,stimuli/own/kitchen/122_kit.jpg,stimuli/own/kitchen/132_kit.jpg,NaN,NaN,NaN,NaN,NaN,NaN,NaN,NaN,0,354,354,450,2076.265806791,NaN,NaN,NaN,NaN,NaN,NaN,NaN,,NaN,,2076.549859333,2076.71572125,2076.71572125,2076.71572125,2076.71572125,2076.71572125,2076.71572125,2076.71572125,2076.71572125,2076.71572125,2080.369925416,-7,7,6,4,2.53661508300002,3,3.60974379200024,2076.24720275,2076.265806791,NaN,2076.549839458,NaN,NaN,NaN,NaN,,NaN,,2076.243628833,2076.247155916,None,NaN,NaN,,NaN,NaN,NaN,NaN,NaN,NaN,NaN,10,kitchen,2,2024-04-08_11h04.40.518,image_similarity_rating,2023.2.3,None,2024-04-08 11h04.52.405542 +0200
,120,132,416,416,stimuli/own/kitchen/120_kit.jpg,stimuli/own/kitchen/132_kit.jpg,NaN,NaN,NaN,NaN,NaN,NaN,NaN,NaN,0,355,355,415,2080.382168333,NaN,NaN,NaN,NaN,NaN,NaN,NaN,,NaN,,2080.666803916,2080.832094375,2080.832094375,2080.832094375,2080.832094375,2080.832094375,2080.832094375,2080.832094375,2080.832094375,2080.832094375,2084.888344416,7,-7,6,5,3.23637950000011,4,3.81921149999971,2080.373868458,2080.382168333,2080.832094375,2080.666785041,NaN,NaN,NaN,NaN,,NaN,,2080.370149791,2080.373818583,None,NaN,NaN,,NaN,NaN,NaN,NaN,NaN,NaN,NaN,10,kitchen,2,2024-04-08_11h04.40.518,image_similarity_rating,2023.2.3,None,2024-04-08 11h04.52.405542 +0200
,102,122,50,50,stimuli/own/kitchen/102_kit.jpg,stimuli/own/kitchen/122_kit.jpg,NaN,NaN,NaN,NaN,NaN,NaN,NaN,NaN,0,356,356,49,2084.898833541,NaN,NaN,NaN,NaN,NaN,NaN,NaN,,NaN,,2085.183506375,2085.35007525,2085.35007525,2085.35007525,2085.35007525,2085.35007525,2085.35007525,2085.35007525,2085.35007525,2085.35007525,2090.043151333,-7,7,6,4,3.43571037500033,3,4.71781837500021,2084.892089583,2084.898833541,2085.35007525,2085.183490583,NaN,NaN,NaN,NaN,,NaN,,2084.888566583,2084.892043083,None,NaN,NaN,,NaN,NaN,NaN,NaN,NaN,NaN,NaN,10,kitchen,2,2024-04-08_11h04.40.518,image_similarity_rating,2023.2.3,None,2024-04-08 11h04.52.405542 +0200
,101,135,28,28,stimuli/own/kitchen/101_kit.jpg,stimuli/own/kitchen/135_kit.jpg,NaN,NaN,NaN,NaN,NaN,NaN,NaN,NaN,0,357,357,27,2090.048688625,NaN,NaN,NaN,NaN,NaN,NaN,NaN,,NaN,,2090.333607375,2090.50208725,2090.50208725,2090.50208725,2090.50208725,2090.50208725,2090.50208725,2090.50208725,2090.50208725,2090.50208725,2096.610307875,-7,7,6,4,3.70388608299982,3,6.00912125000013,2090.046912791,2090.048688625,2090.50208725,2090.333590458,NaN,NaN,NaN,NaN,,NaN,,2090.043375875,2090.046865875,None,NaN,NaN,,NaN,NaN,NaN,NaN,NaN,NaN,NaN,10,kitchen,2,2024-04-08_11h04.40.518,image_similarity_rating,2023.2.3,None,2024-04-08 11h04.52.405542 +0200
,129,131,531,531,stimuli/own/kitchen/129_kit.jpg,stimuli/own/kitchen/131_kit.jpg,NaN,NaN,NaN,NaN,NaN,NaN,NaN,NaN,0,358,358,530,2096.631933,NaN,NaN,NaN,NaN,NaN,NaN,NaN,,NaN,,2096.916268666,2097.083773541,2097.083773541,2097.083773541,2097.083773541,2097.083773541,2097.083773541,2097.083773541,2097.083773541,2097.083773541,2101.380971,-7,7,6,1,2.93352870799981,1,1.8054430000002,2096.613947125,2096.631933,NaN,2096.916249333,NaN,NaN,NaN,NaN,,NaN,,2096.61052525,2096.6139005,None,NaN,NaN,,NaN,NaN,NaN,NaN,NaN,NaN,NaN,10,kitchen,2,2024-04-08_11h04.40.518,image_similarity_rating,2023.2.3,None,2024-04-08 11h04.52.405542 +0200
,101,136,29,29,stimuli/own/kitchen/101_kit.jpg,stimuli/own/kitchen/136_kit.jpg,NaN,NaN,NaN,NaN,NaN,NaN,NaN,NaN,0,359,359,28,2101.38662125,NaN,NaN,NaN,NaN,NaN,NaN,NaN,,NaN,,2101.670679708,2101.836631291,2101.836631291,2101.836631291,2101.836631291,2101.836631291,2101.836631291,2101.836631291,2101.836631291,2101.836631291,2106.651350833,-7,7,6,2,3.09305591600014,2,4.71357962499997,2101.384809291,2101.38662125,2101.836631291,2101.670667583,NaN,NaN,NaN,NaN,,NaN,,2101.381215166,2101.38476175,None,NaN,NaN,,NaN,NaN,NaN,NaN,NaN,NaN,NaN,10,kitchen,2,2024-04-08_11h04.40.518,image_similarity_rating,2023.2.3,None,2024-04-08 11h04.52.405542 +0200
,109,111,190,190,stimuli/own/kitchen/109_kit.jpg,stimuli/own/kitchen/111_kit.jpg,NaN,NaN,NaN,NaN,NaN,NaN,NaN,NaN,0,360,360,189,2106.657002583,NaN,NaN,NaN,NaN,NaN,NaN,NaN,,NaN,,2106.950078666,2107.115932416,2107.115932416,2107.115932416,2107.115932416,2107.115932416,2107.115932416,2107.115932416,2107.115932416,2107.115932416,2111.905028875,7,-7,6,1,3.98837120799999,1,4.64697999999999,2106.654994666,2106.657002583,2107.115932416,2106.95006325,NaN,NaN,NaN,NaN,,NaN,,2106.6515685,2106.654947375,None,NaN,NaN,,NaN,NaN,NaN,NaN,NaN,NaN,NaN,10,kitchen,2,2024-04-08_11h04.40.518,image_similarity_rating,2023.2.3,None,2024-04-08 11h04.52.405542 +0200
,114,131,310,310,stimuli/own/kitchen/114_kit.jpg,stimuli/own/kitchen/131_kit.jpg,NaN,NaN,NaN,NaN,NaN,NaN,NaN,NaN,0,361,361,309,2111.915369041,NaN,NaN,NaN,NaN,NaN,NaN,NaN,,NaN,,2112.20008875,2112.371958625,2112.371958625,2112.371958625,2112.371958625,2112.371958625,2112.371958625,2112.371958625,2112.371958625,2112.371958625,2115.155545666,7,-7,6,1,2.63464362500008,1,1.65190991700001,2111.908685,2111.915369041,2112.371958625,2112.20007,NaN,NaN,NaN,NaN,,NaN,,2111.905249666,2111.908638375,None,NaN,NaN,,NaN,NaN,NaN,NaN,NaN,NaN,NaN,10,kitchen,2,2024-04-08_11h04.40.518,image_similarity_rating,2023.2.3,None,2024-04-08 11h04.52.405542 +0200
,104,141,130,130,stimuli/own/kitchen/104_kit.jpg,stimuli/own/kitchen/141_kit.jpg,NaN,NaN,NaN,NaN,NaN,NaN,NaN,NaN,0,362,362,129,2115.165386458,NaN,NaN,NaN,NaN,NaN,NaN,NaN,,NaN,,2115.449945791,2115.616421416,2115.616421416,2115.616421416,2115.616421416,2115.616421416,2115.616421416,2115.616421416,2115.616421416,2115.616421416,2119.651246333,-7,7,6,2,3.02775033299986,1,3.93700975000002,2115.159180666,2115.165386458,2115.616421416,2115.449930208,NaN,NaN,NaN,NaN,,NaN,,2115.155761958,2115.15913425,None,NaN,NaN,,NaN,NaN,NaN,NaN,NaN,NaN,NaN,10,kitchen,2,2024-04-08_11h04.40.518,image_similarity_rating,2023.2.3,None,2024-04-08 11h04.52.405542 +0200
,116,123,326,326,stimuli/own/kitchen/116_kit.jpg,stimuli/own/kitchen/123_kit.jpg,NaN,NaN,NaN,NaN,NaN,NaN,NaN,NaN,0,363,363,325,2119.656821458,NaN,NaN,NaN,NaN,NaN,NaN,NaN,,NaN,,2119.950891083,2120.120091375,2120.120091375,2120.120091375,2120.120091375,2120.120091375,2120.120091375,2120.120091375,2120.120091375,2120.120091375,2125.67187625,7,-7,6,2,2.94144479199986,1,5.00493958300012,2119.654897666,2119.656821458,2120.120091375,2119.950872375,NaN,NaN,NaN,NaN,,NaN,,2119.651475958,2119.654851208,None,NaN,NaN,,NaN,NaN,NaN,NaN,NaN,NaN,NaN,10,kitchen,2,2024-04-08_11h04.40.518,image_similarity_rating,2023.2.3,None,2024-04-08 11h04.52.405542 +0200
,105,106,131,131,stimuli/own/kitchen/105_kit.jpg,stimuli/own/kitchen/106_kit.jpg,NaN,NaN,NaN,NaN,NaN,NaN,NaN,NaN,0,364,364,130,2125.682012041,NaN,NaN,NaN,NaN,NaN,NaN,NaN,,NaN,,2125.9669795,2126.131728791,2126.131728791,2126.131728791,2126.131728791,2126.131728791,2126.131728791,2126.131728791,2126.131728791,2126.131728791,2130.209648291,7,-7,6,1,3.23139612499972,1,3.99038424999981,2125.675707625,2125.682012041,2126.131728791,2125.966965958,NaN,NaN,NaN,NaN,,NaN,,2125.672100208,2125.675660041,None,NaN,NaN,,NaN,NaN,NaN,NaN,NaN,NaN,NaN,10,kitchen,2,2024-04-08_11h04.40.518,image_similarity_rating,2023.2.3,None,2024-04-08 11h04.52.405542 +0200
,104,120,111,111,stimuli/own/kitchen/104_kit.jpg,stimuli/own/kitchen/120_kit.jpg,NaN,NaN,NaN,NaN,NaN,NaN,NaN,NaN,0,365,365,110,2130.215382833,NaN,NaN,NaN,NaN,NaN,NaN,NaN,,NaN,,2130.500744458,2130.667278125,2130.667278125,2130.667278125,2130.667278125,2130.667278125,2130.667278125,2130.667278125,2130.667278125,2130.667278125,2134.338746666,7,-7,6,3,3.05359499999986,2,3.64650408399984,2130.213420166,2130.215382833,2130.667278125,2130.500730541,NaN,NaN,NaN,NaN,,NaN,,2130.209864,2130.213373708,None,NaN,NaN,,NaN,NaN,NaN,NaN,NaN,NaN,NaN,10,kitchen,2,2024-04-08_11h04.40.518,image_similarity_rating,2023.2.3,None,2024-04-08 11h04.52.405542 +0200
,101,126,21,21,stimuli/own/kitchen/101_kit.jpg,stimuli/own/kitchen/126_kit.jpg,NaN,NaN,NaN,NaN,NaN,NaN,NaN,NaN,0,366,366,20,2134.3486105,NaN,NaN,NaN,NaN,NaN,NaN,NaN,,NaN,,2134.633260416,2134.802407125,2134.802407125,2134.802407125,2134.802407125,2134.802407125,2134.802407125,2134.802407125,2134.802407125,2134.802407125,2138.580687708,-7,7,6,2,3.08183116600003,2,3.66072533400029,2134.342387625,2134.3486105,2134.802407125,2134.633240125,NaN,NaN,NaN,NaN,,NaN,,2134.338974166,2134.34234075,None,NaN,NaN,,NaN,NaN,NaN,NaN,NaN,NaN,NaN,10,kitchen,2,2024-04-08_11h04.40.518,image_similarity_rating,2023.2.3,None,2024-04-08 11h04.52.405542 +0200
,102,125,53,53,stimuli/own/kitchen/102_kit.jpg,stimuli/own/kitchen/125_kit.jpg,NaN,NaN,NaN,NaN,NaN,NaN,NaN,NaN,0,367,367,52,2138.586426958,NaN,NaN,NaN,NaN,NaN,NaN,NaN,,NaN,,2138.870858708,2139.037853791,2139.037853791,2139.037853791,2139.037853791,2139.037853791,2139.037853791,2139.037853791,2139.037853791,2139.037853791,2142.610342083,-7,7,6,4,2.83085008299986,3,3.58418404200029,2138.584487458,2138.586426958,2139.037853791,2138.870844708,NaN,NaN,NaN,NaN,,NaN,,2138.580904458,2138.584439958,None,NaN,NaN,,NaN,NaN,NaN,NaN,NaN,NaN,NaN,10,kitchen,2,2024-04-08_11h04.40.518,image_similarity_rating,2023.2.3,None,2024-04-08 11h04.52.405542 +0200
,118,136,380,380,stimuli/own/kitchen/118_kit.jpg,stimuli/own/kitchen/136_kit.jpg,NaN,NaN,NaN,NaN,NaN,NaN,NaN,NaN,0,368,368,379,2142.617093208,NaN,NaN,NaN,NaN,NaN,NaN,NaN,,NaN,,2142.9041075,2143.074362458,2143.074362458,2143.074362458,2143.074362458,2143.074362458,2143.074362458,2143.074362458,2143.074362458,2143.074362458,2146.017740083,-7,7,6,3,2.18851204100019,2,2.92018566700017,2142.614001375,2142.617093208,2143.074362458,2142.904092208,NaN,NaN,NaN,NaN,,NaN,,2142.6105555,2142.613952916,None,NaN,NaN,,NaN,NaN,NaN,NaN,NaN,NaN,NaN,10,kitchen,2,2024-04-08_11h04.40.518,image_similarity_rating,2023.2.3,None,2024-04-08 11h04.52.405542 +0200
,112,136,265,265,stimuli/own/kitchen/112_kit.jpg,stimuli/own/kitchen/136_kit.jpg,NaN,NaN,NaN,NaN,NaN,NaN,NaN,NaN,0,369,369,264,2146.023444791,NaN,NaN,NaN,NaN,NaN,NaN,NaN,,NaN,,2146.316516708,2146.481934708,2146.481934708,2146.481934708,2146.481934708,2146.481934708,2146.481934708,2146.481934708,2146.481934708,2146.481934708,2150.818484125,7,-7,6,2,3.20318033299964,2,4.23187299999972,2146.021360333,2146.023444791,2146.481934708,2146.316502416,NaN,NaN,NaN,NaN,,NaN,,2146.017955625,2146.021313833,None,NaN,NaN,,NaN,NaN,NaN,NaN,NaN,NaN,NaN,10,kitchen,2,2024-04-08_11h04.40.518,image_similarity_rating,2023.2.3,None,2024-04-08 11h04.52.405542 +0200
,125,135,498,498,stimuli/own/kitchen/125_kit.jpg,stimuli/own/kitchen/135_kit.jpg,NaN,NaN,NaN,NaN,NaN,NaN,NaN,NaN,0,370,370,497,2150.82409525,NaN,NaN,NaN,NaN,NaN,NaN,NaN,,NaN,,2151.116661416,2151.285247625,2151.285247625,2151.285247625,2151.285247625,2151.285247625,2151.285247625,2151.285247625,2151.285247625,2151.285247625,2157.239446125,7,-7,6,2,6.07950391699978,1,4.82905766600015,2150.822162666,2150.82409525,2151.285247625,2151.116645208,NaN,NaN,NaN,NaN,,NaN,,2150.818702625,2150.822116208,None,NaN,NaN,,NaN,NaN,NaN,NaN,NaN,NaN,NaN,10,kitchen,2,2024-04-08_11h04.40.518,image_similarity_rating,2023.2.3,None,2024-04-08 11h04.52.405542 +0200
,103,138,96,96,stimuli/own/kitchen/103_kit.jpg,stimuli/own/kitchen/138_kit.jpg,NaN,NaN,NaN,NaN,NaN,NaN,NaN,NaN,0,371,371,95,2157.248619291,NaN,NaN,NaN,NaN,NaN,NaN,NaN,,NaN,,2157.534134,2157.696983166,2157.696983166,2157.696983166,2157.696983166,2157.696983166,2157.696983166,2157.696983166,2157.696983166,2157.696983166,2163.450994208,-7,7,6,4,3.61456799999996,3,5.69154712499994,2157.243081583,2157.248619291,2157.696983166,2157.534120208,NaN,NaN,NaN,NaN,,NaN,,2157.239662875,2157.243035041,None,NaN,NaN,,NaN,NaN,NaN,NaN,NaN,NaN,NaN,10,kitchen,2,2024-04-08_11h04.40.518,image_similarity_rating,2023.2.3,None,2024-04-08 11h04.52.405542 +0200
,103,141,99,99,stimuli/own/kitchen/103_kit.jpg,stimuli/own/kitchen/141_kit.jpg,NaN,NaN,NaN,NaN,NaN,NaN,NaN,NaN,0,372,372,98,2163.456706666,NaN,NaN,NaN,NaN,NaN,NaN,NaN,,NaN,,2163.749821375,2163.919236666,2163.919236666,2163.919236666,2163.919236666,2163.919236666,2163.919236666,2163.919236666,2163.919236666,2163.919236666,2170.751557458,-7,7,6,2,6.84676787499984,2,6.17950820899978,2163.454632208,2163.456706666,2163.919236666,2163.7498005,NaN,NaN,NaN,NaN,,NaN,,2163.451209291,2163.454583583,None,NaN,NaN,,NaN,NaN,NaN,NaN,NaN,NaN,NaN,10,kitchen,2,2024-04-08_11h04.40.518,image_similarity_rating,2023.2.3,None,2024-04-08 11h04.52.405542 +0200
,130,141,550,550,stimuli/own/kitchen/130_kit.jpg,stimuli/own/kitchen/141_kit.jpg,NaN,NaN,NaN,NaN,NaN,NaN,NaN,NaN,0,373,373,549,2170.765136708,NaN,NaN,NaN,NaN,NaN,NaN,NaN,,NaN,,2171.05058575,2171.217499083,2171.217499083,2171.217499083,2171.217499083,2171.217499083,2171.217499083,2171.217499083,2171.217499083,2171.217499083,2174.800921416,7,-7,6,3,1.57671337500005,3,3.34673679199977,2170.755539791,2170.765136708,2171.217499083,2171.050571875,NaN,NaN,NaN,NaN,,NaN,,2170.751791625,2170.75548875,None,NaN,NaN,,NaN,NaN,NaN,NaN,NaN,NaN,NaN,10,kitchen,2,2024-04-08_11h04.40.518,image_similarity_rating,2023.2.3,None,2024-04-08 11h04.52.405542 +0200
,114,132,311,311,stimuli/own/kitchen/114_kit.jpg,stimuli/own/kitchen/132_kit.jpg,NaN,NaN,NaN,NaN,NaN,NaN,NaN,NaN,0,374,374,310,2174.806534833,NaN,NaN,NaN,NaN,NaN,NaN,NaN,,NaN,,2175.100690833,2175.265704333,2175.265704333,2175.265704333,2175.265704333,2175.265704333,2175.265704333,2175.265704333,2175.265704333,2175.265704333,2181.250921625,-7,7,6,4,4.83585041700007,2,5.93753395800013,2174.804578708,2174.806534833,2175.265704333,2175.1006745,NaN,NaN,NaN,NaN,,NaN,,2174.801139208,2174.804532041,None,NaN,NaN,,NaN,NaN,NaN,NaN,NaN,NaN,NaN,10,kitchen,2,2024-04-08_11h04.40.518,image_similarity_rating,2023.2.3,None,2024-04-08 11h04.52.405542 +0200
,123,126,462,462,stimuli/own/kitchen/123_kit.jpg,stimuli/own/kitchen/126_kit.jpg,NaN,NaN,NaN,NaN,NaN,NaN,NaN,NaN,0,375,375,461,2181.256328625,NaN,NaN,NaN,NaN,NaN,NaN,NaN,,NaN,,2181.550405041,2181.71478875,2181.71478875,2181.71478875,2181.71478875,2181.71478875,2181.71478875,2181.71478875,2181.71478875,2181.71478875,2186.072251291,7,-7,6,3,3.39954379100027,2,4.21950441599984,2181.25454725,2181.256328625,2181.71478875,2181.550388666,NaN,NaN,NaN,NaN,,NaN,,2181.251138083,2181.254500458,None,NaN,NaN,,NaN,NaN,NaN,NaN,NaN,NaN,NaN,10,kitchen,2,2024-04-08_11h04.40.518,image_similarity_rating,2023.2.3,None,2024-04-08 11h04.52.405542 +0200
,129,135,534,534,stimuli/own/kitchen/129_kit.jpg,stimuli/own/kitchen/135_kit.jpg,NaN,NaN,NaN,NaN,NaN,NaN,NaN,NaN,0,376,376,533,2186.081801333,NaN,NaN,NaN,NaN,NaN,NaN,NaN,,NaN,,2186.366621083,2186.534777666,2186.534777666,2186.534777666,2186.534777666,2186.534777666,2186.534777666,2186.534777666,2186.534777666,2186.534777666,2189.013864125,7,-7,6,1,2.5155702080001,1,1.79293470799985,2186.075925041,2186.081801333,2186.534777666,2186.366600625,NaN,NaN,NaN,NaN,,NaN,,2186.0724725,2186.075878041,None,NaN,NaN,,NaN,NaN,NaN,NaN,NaN,NaN,NaN,10,kitchen,2,2024-04-08_11h04.40.518,image_similarity_rating,2023.2.3,None,2024-04-08 11h04.52.405542 +0200
,122,135,453,453,stimuli/own/kitchen/122_kit.jpg,stimuli/own/kitchen/135_kit.jpg,NaN,NaN,NaN,NaN,NaN,NaN,NaN,NaN,0,377,377,452,2189.019332958,NaN,NaN,NaN,NaN,NaN,NaN,NaN,,NaN,,2189.304456083,2189.468568375,2189.468568375,2189.468568375,2189.468568375,2189.468568375,2189.468568375,2189.468568375,2189.468568375,2189.468568375,2196.992761125,7,-7,6,3,6.326439209,3,7.15329566699984,2189.017554458,2189.019332958,2189.468568375,2189.304442041,NaN,NaN,NaN,NaN,,NaN,,2189.014086125,2189.017508125,None,NaN,NaN,,NaN,NaN,NaN,NaN,NaN,NaN,NaN,10,kitchen,2,2024-04-08_11h04.40.518,image_similarity_rating,2023.2.3,None,2024-04-08 11h04.52.405542 +0200
,102,138,64,64,stimuli/own/kitchen/102_kit.jpg,stimuli/own/kitchen/138_kit.jpg,NaN,NaN,NaN,NaN,NaN,NaN,NaN,NaN,0,378,378,63,2196.998413541,NaN,NaN,NaN,NaN,NaN,NaN,NaN,,NaN,,2274.853795416,2275.027588625,2275.027588625,2275.027588625,2275.027588625,2275.027588625,2275.027588625,2275.027588625,2275.027588625,2275.027588625,2278.538205708,7,-7,7,4,2.49566566700014,2,3.30078187499976,2274.566600375,2274.570238166,2275.027588625,2274.853776708,NaN,NaN,NaN,NaN,,NaN,,2196.992980333,2274.566153291,space,2196.998413541,77.5675151250002,None,NaN,NaN,NaN,NaN,NaN,NaN,NaN,10,kitchen,2,2024-04-08_11h04.40.518,image_similarity_rating,2023.2.3,None,2024-04-08 11h04.52.405542 +0200
,125,126,491,491,stimuli/own/kitchen/125_kit.jpg,stimuli/own/kitchen/126_kit.jpg,NaN,NaN,NaN,NaN,NaN,NaN,NaN,NaN,0,379,379,490,2278.548113583,NaN,NaN,NaN,NaN,NaN,NaN,NaN,,NaN,,2278.832598541,2278.997544875,2278.997544875,2278.997544875,2278.997544875,2278.997544875,2278.997544875,2278.997544875,2278.997544875,2278.997544875,2284.071528833,7,-7,7,5,3.62568633299998,3,4.85576575000005,2278.54259525,2278.548113583,2278.997544875,2278.8325845,NaN,NaN,NaN,NaN,,NaN,,2278.538437416,2278.542547375,None,NaN,NaN,,NaN,NaN,NaN,NaN,NaN,NaN,NaN,10,kitchen,2,2024-04-08_11h04.40.518,image_similarity_rating,2023.2.3,None,2024-04-08 11h04.52.405542 +0200
,105,138,157,157,stimuli/own/kitchen/105_kit.jpg,stimuli/own/kitchen/138_kit.jpg,NaN,NaN,NaN,NaN,NaN,NaN,NaN,NaN,0,380,380,156,2284.081386458,NaN,NaN,NaN,NaN,NaN,NaN,NaN,,NaN,,2284.366122833,2284.535472958,2284.535472958,2284.535472958,2284.535472958,2284.535472958,2284.535472958,2284.535472958,2284.535472958,2284.535472958,2288.763495583,7,-7,7,4,3.20157666600016,4,4.15352870900006,2284.075427833,2284.081386458,2284.535472958,2284.366102625,NaN,NaN,NaN,NaN,,NaN,,2284.071752958,2284.075378541,None,NaN,NaN,,NaN,NaN,NaN,NaN,NaN,NaN,NaN,10,kitchen,2,2024-04-08_11h04.40.518,image_similarity_rating,2023.2.3,None,2024-04-08 11h04.52.405542 +0200
,117,124,349,349,stimuli/own/kitchen/117_kit.jpg,stimuli/own/kitchen/124_kit.jpg,NaN,NaN,NaN,NaN,NaN,NaN,NaN,NaN,0,381,381,348,2288.769319666,NaN,NaN,NaN,NaN,NaN,NaN,NaN,,NaN,,2289.053066,2289.216806083,2289.216806083,2289.216806083,2289.216806083,2289.216806083,2289.216806083,2289.216806083,2289.216806083,2289.216806083,2294.234529958,-7,7,7,4,3.9453907080001,3,4.81497512499982,2288.767217375,2288.769319666,2289.216806083,2289.053055708,NaN,NaN,NaN,NaN,,NaN,,2288.763730416,2288.767170583,None,NaN,NaN,,NaN,NaN,NaN,NaN,NaN,NaN,NaN,10,kitchen,2,2024-04-08_11h04.40.518,image_similarity_rating,2023.2.3,None,2024-04-08 11h04.52.405542 +0200
,109,131,208,208,stimuli/own/kitchen/109_kit.jpg,stimuli/own/kitchen/131_kit.jpg,NaN,NaN,NaN,NaN,NaN,NaN,NaN,NaN,0,382,382,207,2294.2478505,NaN,NaN,NaN,NaN,NaN,NaN,NaN,,NaN,,2294.532630958,2294.699732875,2294.699732875,2294.699732875,2294.699732875,2294.699732875,2294.699732875,2294.699732875,2294.699732875,2294.699732875,2297.146871,-7,7,7,1,2.45894429099963,1,1.86896220800008,2294.238360916,2294.2478505,2294.699732875,2294.532611,NaN,NaN,NaN,NaN,,NaN,,2294.234754208,2294.238312041,None,NaN,NaN,,NaN,NaN,NaN,NaN,NaN,NaN,NaN,10,kitchen,2,2024-04-08_11h04.40.518,image_similarity_rating,2023.2.3,None,2024-04-08 11h04.52.405542 +0200
,106,117,167,167,stimuli/own/kitchen/106_kit.jpg,stimuli/own/kitchen/117_kit.jpg,NaN,NaN,NaN,NaN,NaN,NaN,NaN,NaN,0,383,383,166,2297.152674541,NaN,NaN,NaN,NaN,NaN,NaN,NaN,,NaN,,2297.449402625,2297.614524458,2297.614524458,2297.614524458,2297.614524458,2297.614524458,2297.614524458,2297.614524458,2297.614524458,2297.614524458,2300.36781475,-7,7,7,1,2.07528983299972,1,2.70267541699968,2297.1505655,2297.152674541,2297.614524458,2297.44938575,NaN,NaN,NaN,NaN,,NaN,,2297.147113208,2297.150518,None,NaN,NaN,,NaN,NaN,NaN,NaN,NaN,NaN,NaN,10,kitchen,2,2024-04-08_11h04.40.518,image_similarity_rating,2023.2.3,None,2024-04-08 11h04.52.405542 +0200
,103,119,79,79,stimuli/own/kitchen/103_kit.jpg,stimuli/own/kitchen/119_kit.jpg,NaN,NaN,NaN,NaN,NaN,NaN,NaN,NaN,0,384,384,78,2300.373624458,NaN,NaN,NaN,NaN,NaN,NaN,NaN,,NaN,,2300.666416125,2300.83127375,2300.83127375,2300.83127375,2300.83127375,2300.83127375,2300.83127375,2300.83127375,2300.83127375,2300.83127375,2305.2887465,-7,7,7,2,3.9446589170002,2,4.39571908299968,2300.371539916,2300.373624458,2300.83127375,2300.666402958,NaN,NaN,NaN,NaN,,NaN,,2300.368034416,2300.371493458,None,NaN,NaN,,NaN,NaN,NaN,NaN,NaN,NaN,NaN,10,kitchen,2,2024-04-08_11h04.40.518,image_similarity_rating,2023.2.3,None,2024-04-08 11h04.52.405542 +0200
,104,131,121,612,stimuli/own/kitchen/104_kit.jpg,stimuli/own/kitchen/131_kit.jpg,NaN,NaN,NaN,NaN,NaN,NaN,NaN,NaN,0,385,385,611,2305.297973916,NaN,NaN,NaN,NaN,NaN,NaN,NaN,,NaN,,2305.583071041,2305.748568583,2305.748568583,2305.748568583,2305.748568583,2305.748568583,2305.748568583,2305.748568583,2305.748568583,2305.748568583,2309.229906625,7,-7,7,3,3.49269562499967,1,1.60629445899986,2305.29254175,2305.297973916,2305.748568583,2305.583055458,NaN,NaN,NaN,NaN,,NaN,,2305.288962291,2305.292495,None,NaN,NaN,,NaN,NaN,NaN,NaN,NaN,NaN,NaN,10,kitchen,2,2024-04-08_11h04.40.518,image_similarity_rating,2023.2.3,None,2024-04-08 11h04.52.405542 +0200
,124,141,490,490,stimuli/own/kitchen/124_kit.jpg,stimuli/own/kitchen/141_kit.jpg,NaN,NaN,NaN,NaN,NaN,NaN,NaN,NaN,0,386,386,489,2309.235424708,NaN,NaN,NaN,NaN,NaN,NaN,NaN,,NaN,,2309.519750208,2309.683164583,2309.683164583,2309.683164583,2309.683164583,2309.683164583,2309.683164583,2309.683164583,2309.683164583,2309.683164583,2314.17998725,-7,7,7,2,3.44436333300018,3,4.47457170900043,2309.233619833,2309.235424708,2309.683164583,2309.519733375,NaN,NaN,NaN,NaN,,NaN,,2309.230126125,2309.233572791,None,NaN,NaN,,NaN,NaN,NaN,NaN,NaN,NaN,NaN,10,kitchen,2,2024-04-08_11h04.40.518,image_similarity_rating,2023.2.3,None,2024-04-08 11h04.52.405542 +0200
,103,126,86,86,stimuli/own/kitchen/103_kit.jpg,stimuli/own/kitchen/126_kit.jpg,NaN,NaN,NaN,NaN,NaN,NaN,NaN,NaN,0,387,387,85,2314.185437875,NaN,NaN,NaN,NaN,NaN,NaN,NaN,,NaN,,2314.469971041,2314.636400916,2314.636400916,2314.636400916,2314.636400916,2314.636400916,2314.636400916,2314.636400916,2314.636400916,2314.636400916,2318.0041535,-7,7,7,2,3.33179199999995,4,2.54338691699968,2314.183683875,2314.185437875,2314.636400916,2314.4699585,NaN,NaN,NaN,NaN,,NaN,,2314.180211958,2314.183637041,None,NaN,NaN,,NaN,NaN,NaN,NaN,NaN,NaN,NaN,10,kitchen,2,2024-04-08_11h04.40.518,image_similarity_rating,2023.2.3,None,2024-04-08 11h04.52.405542 +0200
,102,139,65,606,stimuli/own/kitchen/102_kit.jpg,stimuli/own/kitchen/139_kit.jpg,NaN,NaN,NaN,NaN,NaN,NaN,NaN,NaN,0,388,388,605,2318.015054625,NaN,NaN,NaN,NaN,NaN,NaN,NaN,,NaN,,2318.299185583,2318.465192333,2318.465192333,2318.465192333,2318.465192333,2318.465192333,2318.465192333,2318.465192333,2318.465192333,2318.465192333,2322.563476375,-7,7,7,2,4.1949801249998,1,2.39661637500012,2318.007915916,2318.015054625,2318.465192333,2318.299170125,NaN,NaN,NaN,NaN,,NaN,,2318.004369291,2318.007869166,None,NaN,NaN,,NaN,NaN,NaN,NaN,NaN,NaN,NaN,10,kitchen,2,2024-04-08_11h04.40.518,image_similarity_rating,2023.2.3,None,2024-04-08 11h04.52.405542 +0200
,109,129,206,206,stimuli/own/kitchen/109_kit.jpg,stimuli/own/kitchen/129_kit.jpg,NaN,NaN,NaN,NaN,NaN,NaN,NaN,NaN,0,389,389,205,2322.569158375,NaN,NaN,NaN,NaN,NaN,NaN,NaN,,NaN,,2322.853145041,2323.017047416,2323.017047416,2323.017047416,2323.017047416,2323.017047416,2323.017047416,2323.017047416,2323.017047416,2323.017047416,2326.867032208,7,-7,7,1,3.85865862499986,2,2.46725533400013,2322.567206458,2322.569158375,2323.017047416,2322.8531335,NaN,NaN,NaN,NaN,,NaN,,2322.563719875,2322.567159875,None,NaN,NaN,,NaN,NaN,NaN,NaN,NaN,NaN,NaN,10,kitchen,2,2024-04-08_11h04.40.518,image_similarity_rating,2023.2.3,None,2024-04-08 11h04.52.405542 +0200
,101,106,5,5,stimuli/own/kitchen/101_kit.jpg,stimuli/own/kitchen/106_kit.jpg,NaN,NaN,NaN,NaN,NaN,NaN,NaN,NaN,0,390,390,4,2326.872672166,NaN,NaN,NaN,NaN,NaN,NaN,NaN,,NaN,,2327.166585125,2327.331748166,2327.331748166,2327.331748166,2327.331748166,2327.331748166,2327.331748166,2327.331748166,2327.331748166,2327.331748166,2331.968304333,-7,7,7,2,3.6133003330001,1,4.60420804100022,2326.870750375,2326.872672166,2327.331748166,2327.166565708,NaN,NaN,NaN,NaN,,NaN,,2326.867248333,2326.870704208,None,NaN,NaN,,NaN,NaN,NaN,NaN,NaN,NaN,NaN,10,kitchen,2,2024-04-08_11h04.40.518,image_similarity_rating,2023.2.3,None,2024-04-08 11h04.52.405542 +0200
,132,139,565,565,stimuli/own/kitchen/132_kit.jpg,stimuli/own/kitchen/139_kit.jpg,NaN,NaN,NaN,NaN,NaN,NaN,NaN,NaN,0,391,391,564,2331.973919458,NaN,NaN,NaN,NaN,NaN,NaN,NaN,,NaN,,2332.265779458,2332.430093958,2332.430093958,2332.430093958,2332.430093958,2332.430093958,2332.430093958,2332.430093958,2332.430093958,2332.430093958,2337.629857833,-7,7,7,3,5.16063241700022,1,2.21776770799988,2331.972126708,2331.973919458,2332.430093958,2332.265765166,NaN,NaN,NaN,NaN,,NaN,,2331.968532458,2331.972078,None,NaN,NaN,,NaN,NaN,NaN,NaN,NaN,NaN,NaN,10,kitchen,2,2024-04-08_11h04.40.518,image_similarity_rating,2023.2.3,None,2024-04-08 11h04.52.405542 +0200
,119,136,400,400,stimuli/own/kitchen/119_kit.jpg,stimuli/own/kitchen/136_kit.jpg,NaN,NaN,NaN,NaN,NaN,NaN,NaN,NaN,0,392,392,399,2337.63552125,NaN,NaN,NaN,NaN,NaN,NaN,NaN,,NaN,,2337.919772333,2338.084676291,2338.084676291,2338.084676291,2338.084676291,2338.084676291,2338.084676291,2338.084676291,2338.084676291,2338.084676291,2342.593017833,-7,7,7,3,3.22433016700006,2,4.41140908399984,2337.633580833,2337.63552125,2338.084676291,2337.919759583,NaN,NaN,NaN,NaN,,NaN,,2337.630084291,2337.633534166,None,NaN,NaN,,NaN,NaN,NaN,NaN,NaN,NaN,NaN,10,kitchen,2,2024-04-08_11h04.40.518,image_similarity_rating,2023.2.3,None,2024-04-08 11h04.52.405542 +0200
,102,126,54,54,stimuli/own/kitchen/102_kit.jpg,stimuli/own/kitchen/126_kit.jpg,NaN,NaN,NaN,NaN,NaN,NaN,NaN,NaN,0,393,393,53,2342.599007833,NaN,NaN,NaN,NaN,NaN,NaN,NaN,,NaN,,2342.882388166,2343.047367041,2343.047367041,2343.047367041,2343.047367041,2343.047367041,2343.047367041,2343.047367041,2343.047367041,2343.047367041,2347.755617666,-7,7,7,3,3.8644085410001,2,4.69317920799995,2342.596815458,2342.599007833,2343.047367041,2342.882372,NaN,NaN,NaN,NaN,,NaN,,2342.593233708,2342.596762375,None,NaN,NaN,,NaN,NaN,NaN,NaN,NaN,NaN,NaN,10,kitchen,2,2024-04-08_11h04.40.518,image_similarity_rating,2023.2.3,None,2024-04-08 11h04.52.405542 +0200
,105,116,137,137,stimuli/own/kitchen/105_kit.jpg,stimuli/own/kitchen/116_kit.jpg,NaN,NaN,NaN,NaN,NaN,NaN,NaN,NaN,0,394,394,136,2347.764651875,NaN,NaN,NaN,NaN,NaN,NaN,NaN,,NaN,,2348.050016708,2348.215052708,2348.215052708,2348.215052708,2348.215052708,2348.215052708,2348.215052708,2348.215052708,2348.215052708,2348.215052708,2356.121622333,-7,7,7,5,7.53899908299991,5,4.11466216700001,2347.759397291,2347.764651875,2348.215052708,2348.05000225,NaN,NaN,NaN,NaN,,NaN,,2347.755832833,2347.759351041,None,NaN,NaN,,NaN,NaN,NaN,NaN,NaN,NaN,NaN,10,kitchen,2,2024-04-08_11h04.40.518,image_similarity_rating,2023.2.3,None,2024-04-08 11h04.52.405542 +0200
,124,126,477,477,stimuli/own/kitchen/124_kit.jpg,stimuli/own/kitchen/126_kit.jpg,NaN,NaN,NaN,NaN,NaN,NaN,NaN,NaN,0,395,395,476,2356.1311595,NaN,NaN,NaN,NaN,NaN,NaN,NaN,,NaN,,2356.415711958,2356.585272,2356.585272,2356.585272,2356.585272,2356.585272,2356.585272,2356.585272,2356.585272,2356.585272,2360.875696041,7,-7,7,4,3.58508920799977,2,4.20376225000018,2356.125286083,2356.1311595,2356.585272,2356.415694333,NaN,NaN,NaN,NaN,,NaN,,2356.121841208,2356.125239416,None,NaN,NaN,,NaN,NaN,NaN,NaN,NaN,NaN,NaN,10,kitchen,2,2024-04-08_11h04.40.518,image_similarity_rating,2023.2.3,None,2024-04-08 11h04.52.405542 +0200
,126,140,516,516,stimuli/own/kitchen/126_kit.jpg,stimuli/own/kitchen/140_kit.jpg,NaN,NaN,NaN,NaN,NaN,NaN,NaN,NaN,0,396,396,515,2360.89765025,NaN,NaN,NaN,NaN,NaN,NaN,NaN,,NaN,,2361.182356333,2361.348012916,2361.348012916,2361.348012916,2361.348012916,2361.348012916,2361.348012916,2361.348012916,2361.348012916,2361.348012916,2364.558819375,7,-7,7,3,2.60043520799991,2,3.19890775000022,2360.879322583,2360.89765025,NaN,2361.1823365,NaN,NaN,NaN,NaN,,NaN,,2360.875913208,2360.879275875,None,NaN,NaN,,NaN,NaN,NaN,NaN,NaN,NaN,NaN,10,kitchen,2,2024-04-08_11h04.40.518,image_similarity_rating,2023.2.3,None,2024-04-08 11h04.52.405542 +0200
,103,136,94,94,stimuli/own/kitchen/103_kit.jpg,stimuli/own/kitchen/136_kit.jpg,NaN,NaN,NaN,NaN,NaN,NaN,NaN,NaN,0,397,397,93,2364.564380375,NaN,NaN,NaN,NaN,NaN,NaN,NaN,,NaN,,2364.849130041,2365.017212166,2365.017212166,2365.017212166,2365.017212166,2365.017212166,2365.017212166,2365.017212166,2365.017212166,2365.017212166,2370.034016458,7,-7,7,3,2.99946691700006,3,5.04335029200001,2364.562473041,2364.564380375,2365.017212166,2364.849112625,NaN,NaN,NaN,NaN,,NaN,,2364.559037916,2364.562426916,None,NaN,NaN,,NaN,NaN,NaN,NaN,NaN,NaN,NaN,10,kitchen,2,2024-04-08_11h04.40.518,image_similarity_rating,2023.2.3,None,2024-04-08 11h04.52.405542 +0200
,112,140,269,269,stimuli/own/kitchen/112_kit.jpg,stimuli/own/kitchen/140_kit.jpg,NaN,NaN,NaN,NaN,NaN,NaN,NaN,NaN,0,398,398,268,2370.039635958,NaN,NaN,NaN,NaN,NaN,NaN,NaN,,NaN,,2370.332498916,2370.504409166,2370.504409166,2370.504409166,2370.504409166,2370.504409166,2370.504409166,2370.504409166,2370.504409166,2370.504409166,2375.008923416,-7,7,7,2,3.46661279199998,3,4.50558320800019,2370.037692958,2370.039635958,2370.504409166,2370.332473166,NaN,NaN,NaN,NaN,,NaN,,2370.034251208,2370.037645583,None,NaN,NaN,,NaN,NaN,NaN,NaN,NaN,NaN,NaN,10,kitchen,2,2024-04-08_11h04.40.518,image_similarity_rating,2023.2.3,None,2024-04-08 11h04.52.405542 +0200
,114,138,316,316,stimuli/own/kitchen/114_kit.jpg,stimuli/own/kitchen/138_kit.jpg,NaN,NaN,NaN,NaN,NaN,NaN,NaN,NaN,0,399,399,315,2375.031246541,NaN,NaN,NaN,NaN,NaN,NaN,NaN,,NaN,,2375.315399791,2375.481442541,2375.481442541,2375.481442541,2375.481442541,2375.481442541,2375.481442541,2375.481442541,2375.481442541,2375.481442541,2379.504200041,-7,7,7,4,2.8006288749998,2,3.27250350000031,2375.012567083,2375.031246541,NaN,2375.315380541,NaN,NaN,NaN,NaN,,NaN,,2375.0091395,2375.012520625,None,NaN,NaN,,NaN,NaN,NaN,NaN,NaN,NaN,NaN,10,kitchen,2,2024-04-08_11h04.40.518,image_similarity_rating,2023.2.3,None,2024-04-08 11h04.52.405542 +0200
,109,119,197,197,stimuli/own/kitchen/109_kit.jpg,stimuli/own/kitchen/119_kit.jpg,NaN,NaN,NaN,NaN,NaN,NaN,NaN,NaN,0,400,400,196,2379.514353125,NaN,NaN,NaN,NaN,NaN,NaN,NaN,,NaN,,2379.799231583,2379.970944791,2379.970944791,2379.970944791,2379.970944791,2379.970944791,2379.970944791,2379.970944791,2379.970944791,2379.970944791,2385.192134166,7,-7,7,2,4.44396566600017,2,5.05771712499973,2379.507964708,2379.514353125,2379.970944791,2379.799210791,NaN,NaN,NaN,NaN,,NaN,,2379.504423625,2379.507918375,None,NaN,NaN,,NaN,NaN,NaN,NaN,NaN,NaN,NaN,10,kitchen,2,2024-04-08_11h04.40.518,image_similarity_rating,2023.2.3,None,2024-04-08 11h04.52.405542 +0200
,102,106,38,38,stimuli/own/kitchen/102_kit.jpg,stimuli/own/kitchen/106_kit.jpg,NaN,NaN,NaN,NaN,NaN,NaN,NaN,NaN,0,401,401,37,2385.197695541,NaN,NaN,NaN,NaN,NaN,NaN,NaN,,NaN,,2385.482270166,2385.654217458,2385.654217458,2385.654217458,2385.654217458,2385.654217458,2385.654217458,2385.654217458,2385.654217458,2385.654217458,2391.166711416,-7,7,7,2,4.57787270800009,2,5.45300166700008,2385.195796708,2385.197695541,2385.654217458,2385.482253083,NaN,NaN,NaN,NaN,,NaN,,2385.192357208,2385.195750875,None,NaN,NaN,,NaN,NaN,NaN,NaN,NaN,NaN,NaN,10,kitchen,2,2024-04-08_11h04.40.518,image_similarity_rating,2023.2.3,None,2024-04-08 11h04.52.405542 +0200
,111,123,228,228,stimuli/own/kitchen/111_kit.jpg,stimuli/own/kitchen/123_kit.jpg,NaN,NaN,NaN,NaN,NaN,NaN,NaN,NaN,0,402,402,227,2391.172540416,NaN,NaN,NaN,NaN,NaN,NaN,NaN,,NaN,,2391.466066416,2391.63131725,2391.63131725,2391.63131725,2391.63131725,2391.63131725,2391.63131725,2391.63131725,2391.63131725,2391.63131725,2395.558942625,7,-7,7,3,3.26374312500002,2,3.85399937500006,2391.170452416,2391.172540416,2391.63131725,2391.466048,NaN,NaN,NaN,NaN,,NaN,,2391.166927791,2391.170405,None,NaN,NaN,,NaN,NaN,NaN,NaN,NaN,NaN,NaN,10,kitchen,2,2024-04-08_11h04.40.518,image_similarity_rating,2023.2.3,None,2024-04-08 11h04.52.405542 +0200
,137,141,589,589,stimuli/own/kitchen/137_kit.jpg,stimuli/own/kitchen/141_kit.jpg,NaN,NaN,NaN,NaN,NaN,NaN,NaN,NaN,0,403,403,588,2395.581120708,NaN,NaN,NaN,NaN,NaN,NaN,NaN,,NaN,,2395.865135541,2396.033462125,2396.033462125,2396.033462125,2396.033462125,2396.033462125,2396.033462125,2396.033462125,2396.033462125,2396.033462125,2400.77162325,-7,7,7,3,3.4409278750004,1,4.69565545800015,2395.562587666,2395.581120708,NaN,2395.865096041,NaN,NaN,NaN,NaN,,NaN,,2395.559158166,2395.5625415,None,NaN,NaN,,NaN,NaN,NaN,NaN,NaN,NaN,NaN,10,kitchen,2,2024-04-08_11h04.40.518,image_similarity_rating,2023.2.3,None,2024-04-08 11h04.52.405542 +0200
,134,136,569,569,stimuli/own/kitchen/134_kit.jpg,stimuli/own/kitchen/136_kit.jpg,NaN,NaN,NaN,NaN,NaN,NaN,NaN,NaN,0,404,404,568,2400.780877833,NaN,NaN,NaN,NaN,NaN,NaN,NaN,,NaN,,2401.066294583,2401.231530375,2401.231530375,2401.231530375,2401.231530375,2401.231530375,2401.231530375,2401.231530375,2401.231530375,2401.231530375,2408.991908208,-7,7,7,4,5.86053466700014,6,7.72256837499981,2400.775413125,2400.780877833,2401.231530375,2401.066276708,NaN,NaN,NaN,NaN,,NaN,,2400.771840875,2400.775366333,None,NaN,NaN,,NaN,NaN,NaN,NaN,NaN,NaN,NaN,10,kitchen,2,2024-04-08_11h04.40.518,image_similarity_rating,2023.2.3,None,2024-04-08 11h04.52.405542 +0200
,119,132,397,397,stimuli/own/kitchen/119_kit.jpg,stimuli/own/kitchen/132_kit.jpg,NaN,NaN,NaN,NaN,NaN,NaN,NaN,NaN,0,405,405,396,2408.997518375,NaN,NaN,NaN,NaN,NaN,NaN,NaN,,NaN,,2409.282242625,2409.447008458,2409.447008458,2409.447008458,2409.447008458,2409.447008458,2409.447008458,2409.447008458,2409.447008458,2409.447008458,2412.959278208,7,-7,7,4,2.62838662499962,2,3.49819304199991,2408.995643625,2408.997518375,2409.447008458,2409.282226708,NaN,NaN,NaN,NaN,,NaN,,2408.992129875,2408.995596916,None,NaN,NaN,,NaN,NaN,NaN,NaN,NaN,NaN,NaN,10,kitchen,2,2024-04-08_11h04.40.518,image_similarity_rating,2023.2.3,None,2024-04-08 11h04.52.405542 +0200
,105,117,138,597,stimuli/own/kitchen/105_kit.jpg,stimuli/own/kitchen/117_kit.jpg,NaN,NaN,NaN,NaN,NaN,NaN,NaN,NaN,0,406,406,596,2412.965508708,NaN,NaN,NaN,NaN,NaN,NaN,NaN,,NaN,,2413.24881825,2413.41661075,2413.41661075,2413.41661075,2413.41661075,2413.41661075,2413.41661075,2413.41661075,2413.41661075,2413.41661075,2421.288505875,-7,7,7,3,7.91445512500013,6,5.89017324999986,2412.962982666,2412.965508708,2413.41661075,2413.248801083,NaN,NaN,NaN,NaN,,NaN,,2412.959498166,2412.962933625,None,NaN,NaN,,NaN,NaN,NaN,NaN,NaN,NaN,NaN,10,kitchen,2,2024-04-08_11h04.40.518,image_similarity_rating,2023.2.3,None,2024-04-08 11h04.52.405542 +0200
,101,134,27,27,stimuli/own/kitchen/101_kit.jpg,stimuli/own/kitchen/134_kit.jpg,NaN,NaN,NaN,NaN,NaN,NaN,NaN,NaN,0,407,407,26,2421.297479916,NaN,NaN,NaN,NaN,NaN,NaN,NaN,,NaN,,2421.58238625,2421.751852833,2421.751852833,2421.751852833,2421.751852833,2421.751852833,2421.751852833,2421.751852833,2421.751852833,2421.751852833,2426.216740291,7,-7,7,2,2.20135512500019,3,4.45299666600022,2421.292172875,2421.297479916,2421.751852833,2421.582368583,NaN,NaN,NaN,NaN,,NaN,,2421.288725,2421.29212675,None,NaN,NaN,,NaN,NaN,NaN,NaN,NaN,NaN,NaN,10,kitchen,2,2024-04-08_11h04.40.518,image_similarity_rating,2023.2.3,None,2024-04-08 11h04.52.405542 +0200
,103,127,87,87,stimuli/own/kitchen/103_kit.jpg,stimuli/own/kitchen/127_kit.jpg,NaN,NaN,NaN,NaN,NaN,NaN,NaN,NaN,0,408,408,86,2426.222296416,NaN,NaN,NaN,NaN,NaN,NaN,NaN,,NaN,,2426.515578958,2426.685676708,2426.685676708,2426.685676708,2426.685676708,2426.685676708,2426.685676708,2426.685676708,2426.685676708,2426.685676708,2430.305184166,7,-7,7,3,3.54527337499985,2,2.45397316700019,2426.2203615,2426.222296416,2426.685676708,2426.515561333,NaN,NaN,NaN,NaN,,NaN,,2426.216955291,2426.220314958,None,NaN,NaN,,NaN,NaN,NaN,NaN,NaN,NaN,NaN,10,kitchen,2,2024-04-08_11h04.40.518,image_similarity_rating,2023.2.3,None,2024-04-08 11h04.52.405542 +0200
,111,126,231,231,stimuli/own/kitchen/111_kit.jpg,stimuli/own/kitchen/126_kit.jpg,NaN,NaN,NaN,NaN,NaN,NaN,NaN,NaN,0,409,409,230,2430.314585,NaN,NaN,NaN,NaN,NaN,NaN,NaN,,NaN,,2430.599044666,2430.767140625,2430.767140625,2430.767140625,2430.767140625,2430.767140625,2430.767140625,2430.767140625,2430.767140625,2430.767140625,2435.133283375,-7,7,7,4,4.44071895800016,3,2.68048679200001,2430.308833208,2430.314585,2430.767140625,2430.599023583,NaN,NaN,NaN,NaN,,NaN,,2430.305397875,2430.308787041,None,NaN,NaN,,NaN,NaN,NaN,NaN,NaN,NaN,NaN,10,kitchen,2,2024-04-08_11h04.40.518,image_similarity_rating,2023.2.3,None,2024-04-08 11h04.52.405542 +0200
,104,131,121,613,stimuli/own/kitchen/104_kit.jpg,stimuli/own/kitchen/131_kit.jpg,NaN,NaN,NaN,NaN,NaN,NaN,NaN,NaN,0,410,410,612,2435.139088583,NaN,NaN,NaN,NaN,NaN,NaN,NaN,,NaN,,2435.432007333,2435.598933333,2435.598933333,2435.598933333,2435.598933333,2435.598933333,2435.598933333,2435.598933333,2435.598933333,2435.598933333,2437.846877833,7,-7,7,1,2.1830588329999,1,1.57386704100009,2435.13701225,2435.139088583,2435.598933333,2435.431987583,NaN,NaN,NaN,NaN,,NaN,,2435.133497166,2435.136965541,None,NaN,NaN,,NaN,NaN,NaN,NaN,NaN,NaN,NaN,10,kitchen,2,2024-04-08_11h04.40.518,image_similarity_rating,2023.2.3,None,2024-04-08 11h04.52.405542 +0200
,102,130,57,57,stimuli/own/kitchen/102_kit.jpg,stimuli/own/kitchen/130_kit.jpg,NaN,NaN,NaN,NaN,NaN,NaN,NaN,NaN,0,411,411,56,2437.852491375,NaN,NaN,NaN,NaN,NaN,NaN,NaN,,NaN,,2438.136441125,2438.303918166,2438.303918166,2438.303918166,2438.303918166,2438.303918166,2438.303918166,2438.303918166,2438.303918166,2438.303918166,2441.496420083,7,-7,7,3,2.5779240830002,2,3.09342533300014,2437.850563291,2437.852491375,2438.303918166,2438.136427541,NaN,NaN,NaN,NaN,,NaN,,2437.8470955,2437.850516375,None,NaN,NaN,,NaN,NaN,NaN,NaN,NaN,NaN,NaN,10,kitchen,2,2024-04-08_11h04.40.518,image_similarity_rating,2023.2.3,None,2024-04-08 11h04.52.405542 +0200
,135,139,578,578,stimuli/own/kitchen/135_kit.jpg,stimuli/own/kitchen/139_kit.jpg,NaN,NaN,NaN,NaN,NaN,NaN,NaN,NaN,0,412,412,577,2441.502037291,NaN,NaN,NaN,NaN,NaN,NaN,NaN,,NaN,,2441.7865065,2441.955901,2441.955901,2441.955901,2441.955901,2441.955901,2441.955901,2441.955901,2441.955901,2441.955901,2448.133179041,-7,7,7,3,5.14974266699983,2,6.10426616699988,2441.500118,2441.502037291,2441.955901,2441.786490375,NaN,NaN,NaN,NaN,,NaN,,2441.496663208,2441.500071458,None,NaN,NaN,,NaN,NaN,NaN,NaN,NaN,NaN,NaN,10,kitchen,2,2024-04-08_11h04.40.518,image_similarity_rating,2023.2.3,None,2024-04-08 11h04.52.405542 +0200
,137,138,586,586,stimuli/own/kitchen/137_kit.jpg,stimuli/own/kitchen/138_kit.jpg,NaN,NaN,NaN,NaN,NaN,NaN,NaN,NaN,0,413,413,585,2448.138698708,NaN,NaN,NaN,NaN,NaN,NaN,NaN,,NaN,,2448.431970333,2448.596925541,2448.596925541,2448.596925541,2448.596925541,2448.596925541,2448.596925541,2448.596925541,2448.596925541,2448.596925541,2452.170858333,-7,7,7,2,3.55316879199972,2,2.80350995800018,2448.136940208,2448.138698708,2448.596925541,2448.431955833,NaN,NaN,NaN,NaN,,NaN,,2448.133395333,2448.136894083,None,NaN,NaN,,NaN,NaN,NaN,NaN,NaN,NaN,NaN,10,kitchen,2,2024-04-08_11h04.40.518,image_similarity_rating,2023.2.3,None,2024-04-08 11h04.52.405542 +0200
,120,129,413,413,stimuli/own/kitchen/120_kit.jpg,stimuli/own/kitchen/129_kit.jpg,NaN,NaN,NaN,NaN,NaN,NaN,NaN,NaN,0,414,414,412,2452.180905708,NaN,NaN,NaN,NaN,NaN,NaN,NaN,,NaN,,2452.465411375,2452.632321041,2452.632321041,2452.632321041,2452.632321041,2452.632321041,2452.632321041,2452.632321041,2452.632321041,2452.632321041,2455.458468125,7,-7,7,1,2.47574658299982,1,1.83061491700028,2452.174498625,2452.180905708,2452.632321041,2452.465395458,NaN,NaN,NaN,NaN,,NaN,,2452.171073833,2452.17445175,None,NaN,NaN,,NaN,NaN,NaN,NaN,NaN,NaN,NaN,10,kitchen,2,2024-04-08_11h04.40.518,image_similarity_rating,2023.2.3,None,2024-04-08 11h04.52.405542 +0200
,119,123,389,389,stimuli/own/kitchen/119_kit.jpg,stimuli/own/kitchen/123_kit.jpg,NaN,NaN,NaN,NaN,NaN,NaN,NaN,NaN,0,415,415,388,2455.464030375,NaN,NaN,NaN,NaN,NaN,NaN,NaN,,NaN,,2455.748706833,2455.916470833,2455.916470833,2455.916470833,2455.916470833,2455.916470833,2455.916470833,2455.916470833,2455.916470833,2455.916470833,2461.480052875,7,-7,7,2,5.61144920800007,4,2.57045333299993,2455.462094875,2455.464030375,2455.916470833,2455.7486895,NaN,NaN,NaN,NaN,,NaN,,2455.458682666,2455.46204825,None,NaN,NaN,,NaN,NaN,NaN,NaN,NaN,NaN,NaN,10,kitchen,2,2024-04-08_11h04.40.518,image_similarity_rating,2023.2.3,None,2024-04-08 11h04.52.405542 +0200
,131,141,559,559,stimuli/own/kitchen/131_kit.jpg,stimuli/own/kitchen/141_kit.jpg,NaN,NaN,NaN,NaN,NaN,NaN,NaN,NaN,0,416,416,558,2461.485628916,NaN,NaN,NaN,NaN,NaN,NaN,NaN,,NaN,,2461.769725666,2461.938686625,2461.938686625,2461.938686625,2461.938686625,2461.938686625,2461.938686625,2461.938686625,2461.938686625,2461.938686625,2465.391584291,-7,7,7,1,3.34066775000019,1,2.41263483300008,2461.48371075,2461.485628916,2461.938686625,2461.769710958,NaN,NaN,NaN,NaN,,NaN,,2461.4802685,2461.483664166,None,NaN,NaN,,NaN,NaN,NaN,NaN,NaN,NaN,NaN,10,kitchen,2,2024-04-08_11h04.40.518,image_similarity_rating,2023.2.3,None,2024-04-08 11h04.52.405542 +0200
,126,138,514,514,stimuli/own/kitchen/126_kit.jpg,stimuli/own/kitchen/138_kit.jpg,NaN,NaN,NaN,NaN,NaN,NaN,NaN,NaN,0,417,417,513,2465.397129208,NaN,NaN,NaN,NaN,NaN,NaN,NaN,,NaN,,2465.6820875,2465.846849041,2465.846849041,2465.846849041,2465.846849041,2465.846849041,2465.846849041,2465.846849041,2465.846849041,2465.846849041,2470.583875583,-7,7,7,6,3.65107666700032,3,4.53125420900005,2465.395232291,2465.397129208,2465.846849041,2465.682072958,NaN,NaN,NaN,NaN,,NaN,,2465.391806875,2465.395186458,None,NaN,NaN,,NaN,NaN,NaN,NaN,NaN,NaN,NaN,10,kitchen,2,2024-04-08_11h04.40.518,image_similarity_rating,2023.2.3,None,2024-04-08 11h04.52.405542 +0200
,112,132,262,609,stimuli/own/kitchen/112_kit.jpg,stimuli/own/kitchen/132_kit.jpg,NaN,NaN,NaN,NaN,NaN,NaN,NaN,NaN,0,418,418,608,2470.589621208,NaN,NaN,NaN,NaN,NaN,NaN,NaN,,NaN,,2470.881946416,2471.04555925,2471.04555925,2471.04555925,2471.04555925,2471.04555925,2471.04555925,2471.04555925,2471.04555925,2471.04555925,2477.416477208,-7,7,7,3,3.8150934170003,3,6.27243695799962,2470.587541291,2470.589621208,2471.04555925,2470.881933208,NaN,NaN,NaN,NaN,,NaN,,2470.584095041,2470.587495291,None,NaN,NaN,,NaN,NaN,NaN,NaN,NaN,NaN,NaN,10,kitchen,2,2024-04-08_11h04.40.518,image_similarity_rating,2023.2.3,None,2024-04-08 11h04.52.405542 +0200
,130,135,544,544,stimuli/own/kitchen/130_kit.jpg,stimuli/own/kitchen/135_kit.jpg,NaN,NaN,NaN,NaN,NaN,NaN,NaN,NaN,0,419,419,543,2477.421875875,NaN,NaN,NaN,NaN,NaN,NaN,NaN,,NaN,,2477.716095,2477.880840333,2477.880840333,2477.880840333,2477.880840333,2477.880840333,2477.880840333,2477.880840333,2477.880840333,2477.880840333,2483.092267916,-7,7,7,2,3.05026908300033,2,5.13666958300018,2477.420123208,2477.421875875,2477.880840333,2477.716078583,NaN,NaN,NaN,NaN,,NaN,,2477.416693291,2477.420076208,None,NaN,NaN,,NaN,NaN,NaN,NaN,NaN,NaN,NaN,10,kitchen,2,2024-04-08_11h04.40.518,image_similarity_rating,2023.2.3,None,2024-04-08 11h04.52.405542 +0200
,101,118,13,13,stimuli/own/kitchen/101_kit.jpg,stimuli/own/kitchen/118_kit.jpg,NaN,NaN,NaN,NaN,NaN,NaN,NaN,NaN,0,420,420,12,2483.098818333,NaN,NaN,NaN,NaN,NaN,NaN,NaN,,NaN,,2483.381920083,2483.55427,2483.55427,2483.55427,2483.55427,2483.55427,2483.55427,2483.55427,2483.55427,2483.55427,2487.57457125,7,-7,7,2,3.28048545799993,2,3.99544862499988,2483.096038833,2483.098818333,2483.55427,2483.381902833,NaN,NaN,NaN,NaN,,NaN,,2483.092487416,2483.095992625,None,NaN,NaN,,NaN,NaN,NaN,NaN,NaN,NaN,NaN,10,kitchen,2,2024-04-08_11h04.40.518,image_similarity_rating,2023.2.3,None,2024-04-08 11h04.52.405542 +0200
,124,137,486,486,stimuli/own/kitchen/124_kit.jpg,stimuli/own/kitchen/137_kit.jpg,NaN,NaN,NaN,NaN,NaN,NaN,NaN,NaN,0,421,421,485,2487.580308541,NaN,NaN,NaN,NaN,NaN,NaN,NaN,,NaN,,2487.865990166,2488.030527833,2488.030527833,2488.030527833,2488.030527833,2488.030527833,2488.030527833,2488.030527833,2488.030527833,2488.030527833,2493.658449458,7,-7,7,2,3.5280964589997,2,5.56630504100031,2487.578328875,2487.580308541,2488.030527833,2487.865976708,NaN,NaN,NaN,NaN,,NaN,,2487.574790208,2487.578282458,None,NaN,NaN,,NaN,NaN,NaN,NaN,NaN,NaN,NaN,10,kitchen,2,2024-04-08_11h04.40.518,image_similarity_rating,2023.2.3,None,2024-04-08 11h04.52.405542 +0200
,104,129,119,119,stimuli/own/kitchen/104_kit.jpg,stimuli/own/kitchen/129_kit.jpg,NaN,NaN,NaN,NaN,NaN,NaN,NaN,NaN,0,422,422,118,2493.680876041,NaN,NaN,NaN,NaN,NaN,NaN,NaN,,NaN,,2493.964734291,2494.129050875,2494.129050875,2494.129050875,2494.129050875,2494.129050875,2494.129050875,2494.129050875,2494.129050875,2494.129050875,2496.57043675,7,-7,7,1,2.42753079199974,1,1.53798754099989,2493.662183958,2493.680876041,NaN,2493.964720041,NaN,NaN,NaN,NaN,,NaN,,2493.65866675,2493.662136958,None,NaN,NaN,,NaN,NaN,NaN,NaN,NaN,NaN,NaN,10,kitchen,2,2024-04-08_11h04.40.518,image_similarity_rating,2023.2.3,None,2024-04-08 11h04.52.405542 +0200
,119,138,402,402,stimuli/own/kitchen/119_kit.jpg,stimuli/own/kitchen/138_kit.jpg,NaN,NaN,NaN,NaN,NaN,NaN,NaN,NaN,0,423,423,401,2496.580588666,NaN,NaN,NaN,NaN,NaN,NaN,NaN,,NaN,,2496.865146458,2497.030090375,2497.030090375,2497.030090375,2497.030090375,2497.030090375,2497.030090375,2497.030090375,2497.030090375,2497.030090375,2501.303814791,-7,7,7,2,3.03173583300031,2,4.27369033400009,2496.574155041,2496.580588666,2497.030090375,2496.865129041,NaN,NaN,NaN,NaN,,NaN,,2496.570653458,2496.574105625,None,NaN,NaN,,NaN,NaN,NaN,NaN,NaN,NaN,NaN,10,kitchen,2,2024-04-08_11h04.40.518,image_similarity_rating,2023.2.3,None,2024-04-08 11h04.52.405542 +0200
,104,127,118,118,stimuli/own/kitchen/104_kit.jpg,stimuli/own/kitchen/127_kit.jpg,NaN,NaN,NaN,NaN,NaN,NaN,NaN,NaN,0,424,424,117,2501.313916458,NaN,NaN,NaN,NaN,NaN,NaN,NaN,,NaN,,2501.598603916,2501.770235625,2501.770235625,2501.770235625,2501.770235625,2501.770235625,2501.770235625,2501.770235625,2501.770235625,2501.770235625,2507.266285958,7,-7,7,3,4.34458799999993,2,5.4098611659997,2501.307458541,2501.313916458,2501.770235625,2501.5985865,NaN,NaN,NaN,NaN,,NaN,,2501.3040355,2501.307409833,None,NaN,NaN,,NaN,NaN,NaN,NaN,NaN,NaN,NaN,10,kitchen,2,2024-04-08_11h04.40.518,image_similarity_rating,2023.2.3,None,2024-04-08 11h04.52.405542 +0200
,116,118,321,321,stimuli/own/kitchen/116_kit.jpg,stimuli/own/kitchen/118_kit.jpg,NaN,NaN,NaN,NaN,NaN,NaN,NaN,NaN,0,425,425,320,2507.272017291,NaN,NaN,NaN,NaN,NaN,NaN,NaN,,NaN,,2507.565124458,2507.736529166,2507.736529166,2507.736529166,2507.736529166,2507.736529166,2507.736529166,2507.736529166,2507.736529166,2507.736529166,2512.870584875,-7,7,7,3,4.81220495900016,5,2.38322987500032,2507.270080166,2507.272017291,2507.736529166,2507.565107875,NaN,NaN,NaN,NaN,,NaN,,2507.266504458,2507.270033708,None,NaN,NaN,,NaN,NaN,NaN,NaN,NaN,NaN,NaN,10,kitchen,2,2024-04-08_11h04.40.518,image_similarity_rating,2023.2.3,None,2024-04-08 11h04.52.405542 +0200
,116,120,323,323,stimuli/own/kitchen/116_kit.jpg,stimuli/own/kitchen/120_kit.jpg,NaN,NaN,NaN,NaN,NaN,NaN,NaN,NaN,0,426,426,322,2512.880669208,NaN,NaN,NaN,NaN,NaN,NaN,NaN,,NaN,,2513.165192666,2513.333039541,2513.333039541,2513.333039541,2513.333039541,2513.333039541,2513.333039541,2513.333039541,2513.333039541,2513.333039541,2519.941487583,-7,7,7,1,6.67017687499992,3,5.85338845800015,2512.874255958,2512.880669208,2513.333039541,2513.165177166,NaN,NaN,NaN,NaN,,NaN,,2512.870803833,2512.874209375,None,NaN,NaN,,NaN,NaN,NaN,NaN,NaN,NaN,NaN,10,kitchen,2,2024-04-08_11h04.40.518,image_similarity_rating,2023.2.3,None,2024-04-08 11h04.52.405542 +0200
,106,109,161,161,stimuli/own/kitchen/106_kit.jpg,stimuli/own/kitchen/109_kit.jpg,NaN,NaN,NaN,NaN,NaN,NaN,NaN,NaN,0,427,427,160,2519.947009166,NaN,NaN,NaN,NaN,NaN,NaN,NaN,,NaN,,2520.231771208,2520.397768291,2520.397768291,2520.397768291,2520.397768291,2520.397768291,2520.397768291,2520.397768291,2520.397768291,2520.397768291,2523.208702916,7,-7,7,1,2.84753929199996,1,1.8386445000001,2519.945156375,2519.947009166,2520.397768291,2520.231746458,NaN,NaN,NaN,NaN,,NaN,,2519.941707916,2519.945110083,None,NaN,NaN,,NaN,NaN,NaN,NaN,NaN,NaN,NaN,10,kitchen,2,2024-04-08_11h04.40.518,image_similarity_rating,2023.2.3,None,2024-04-08 11h04.52.405542 +0200
,112,119,250,250,stimuli/own/kitchen/112_kit.jpg,stimuli/own/kitchen/119_kit.jpg,NaN,NaN,NaN,NaN,NaN,NaN,NaN,NaN,0,428,428,249,2523.230687916,NaN,NaN,NaN,NaN,NaN,NaN,NaN,,NaN,,2523.514728666,2523.680502125,2523.680502125,2523.680502125,2523.680502125,2523.680502125,2523.680502125,2523.680502125,2523.680502125,2523.680502125,2529.196149625,7,-7,7,1,4.71431050000001,2,5.42900820899968,2523.212367541,2523.230687916,NaN,2523.514709458,NaN,NaN,NaN,NaN,,NaN,,2523.2089195,2523.212321041,None,NaN,NaN,,NaN,NaN,NaN,NaN,NaN,NaN,NaN,10,kitchen,2,2024-04-08_11h04.40.518,image_similarity_rating,2023.2.3,None,2024-04-08 11h04.52.405542 +0200
,124,140,489,489,stimuli/own/kitchen/124_kit.jpg,stimuli/own/kitchen/140_kit.jpg,NaN,NaN,NaN,NaN,NaN,NaN,NaN,NaN,0,429,429,488,2529.201959833,NaN,NaN,NaN,NaN,NaN,NaN,NaN,,NaN,,2529.485860166,2529.652251958,2529.652251958,2529.652251958,2529.652251958,2529.652251958,2529.652251958,2529.652251958,2529.652251958,2529.652251958,2533.579386541,-7,7,7,3,3.27651162499978,2,3.86607175000017,2529.200010958,2529.201959833,2529.652251958,2529.485846625,NaN,NaN,NaN,NaN,,NaN,,2529.196387791,2529.199963708,None,NaN,NaN,,NaN,NaN,NaN,NaN,NaN,NaN,NaN,10,kitchen,2,2024-04-08_11h04.40.518,image_similarity_rating,2023.2.3,None,2024-04-08 11h04.52.405542 +0200
,105,135,154,154,stimuli/own/kitchen/105_kit.jpg,stimuli/own/kitchen/135_kit.jpg,NaN,NaN,NaN,NaN,NaN,NaN,NaN,NaN,0,430,430,153,2533.58502925,NaN,NaN,NaN,NaN,NaN,NaN,NaN,,NaN,,2533.86955575,2534.037956833,2534.037956833,2534.037956833,2534.037956833,2534.037956833,2534.037956833,2534.037956833,2534.037956833,2534.037956833,2538.591292,-7,7,7,5,3.1280650839999,2,4.43562254100016,2533.583081375,2533.58502925,2534.037956833,2533.869540416,NaN,NaN,NaN,NaN,,NaN,,2533.579631625,2533.583034541,None,NaN,NaN,,NaN,NaN,NaN,NaN,NaN,NaN,NaN,10,kitchen,2,2024-04-08_11h04.40.518,image_similarity_rating,2023.2.3,None,2024-04-08 11h04.52.405542 +0200
,106,129,178,178,stimuli/own/kitchen/106_kit.jpg,stimuli/own/kitchen/129_kit.jpg,NaN,NaN,NaN,NaN,NaN,NaN,NaN,NaN,0,431,431,177,2538.597252208,NaN,NaN,NaN,NaN,NaN,NaN,NaN,,NaN,,2538.882808083,2539.048534375,2539.048534375,2539.048534375,2539.048534375,2539.048534375,2539.048534375,2539.048534375,2539.048534375,2539.048534375,2541.849531666,-7,7,7,1,2.77321062500005,1,1.90533687499965,2538.595043333,2538.597252208,2539.048534375,2538.882794416,NaN,NaN,NaN,NaN,,NaN,,2538.591510125,2538.594997625,None,NaN,NaN,,NaN,NaN,NaN,NaN,NaN,NaN,NaN,10,kitchen,2,2024-04-08_11h04.40.518,image_similarity_rating,2023.2.3,None,2024-04-08 11h04.52.405542 +0200
,109,141,217,217,stimuli/own/kitchen/109_kit.jpg,stimuli/own/kitchen/141_kit.jpg,NaN,NaN,NaN,NaN,NaN,NaN,NaN,NaN,0,432,432,216,2541.854992416,NaN,NaN,NaN,NaN,NaN,NaN,NaN,,NaN,,2542.148519125,2542.314777666,2542.314777666,2542.314777666,2542.314777666,2542.314777666,2542.314777666,2542.314777666,2542.314777666,2542.314777666,2545.579455041,7,-7,7,1,2.16139145899979,1,2.89657541700035,2541.85316,2541.854992416,2542.314777666,2542.148503875,NaN,NaN,NaN,NaN,,NaN,,2541.849747458,2541.85311375,None,NaN,NaN,,NaN,NaN,NaN,NaN,NaN,NaN,NaN,10,kitchen,2,2024-04-08_11h04.40.518,image_similarity_rating,2023.2.3,None,2024-04-08 11h04.52.405542 +0200
,102,139,65,604,stimuli/own/kitchen/102_kit.jpg,stimuli/own/kitchen/139_kit.jpg,NaN,NaN,NaN,NaN,NaN,NaN,NaN,NaN,0,433,433,603,2545.585183125,NaN,NaN,NaN,NaN,NaN,NaN,NaN,,NaN,,2545.868959416,2546.034655625,2546.034655625,2546.034655625,2546.034655625,2546.034655625,2546.034655625,2546.034655625,2546.034655625,2546.034655625,2549.682869375,-7,7,7,1,3.58288941699993,2,2.62734483299982,2545.583139708,2545.585183125,2546.034655625,2545.868946208,NaN,NaN,NaN,NaN,,NaN,,2545.579685708,2545.583092958,None,NaN,NaN,,NaN,NaN,NaN,NaN,NaN,NaN,NaN,10,kitchen,2,2024-04-08_11h04.40.518,image_similarity_rating,2023.2.3,None,2024-04-08 11h04.52.405542 +0200
,122,137,455,455,stimuli/own/kitchen/122_kit.jpg,stimuli/own/kitchen/137_kit.jpg,NaN,NaN,NaN,NaN,NaN,NaN,NaN,NaN,0,434,434,454,2549.68844125,NaN,NaN,NaN,NaN,NaN,NaN,NaN,,NaN,,2549.981728166,2550.150389833,2550.150389833,2550.150389833,2550.150389833,2550.150389833,2550.150389833,2550.150389833,2550.150389833,2550.150389833,2554.136539916,7,-7,7,4,3.31857041600006,2,3.9484426250001,2549.6865035,2549.68844125,2550.150389833,2549.981710916,NaN,NaN,NaN,NaN,,NaN,,2549.683086208,2549.686456958,None,NaN,NaN,,NaN,NaN,NaN,NaN,NaN,NaN,NaN,10,kitchen,2,2024-04-08_11h04.40.518,image_similarity_rating,2023.2.3,None,2024-04-08 11h04.52.405542 +0200
,118,134,378,378,stimuli/own/kitchen/118_kit.jpg,stimuli/own/kitchen/134_kit.jpg,NaN,NaN,NaN,NaN,NaN,NaN,NaN,NaN,0,435,435,377,2554.147072916,NaN,NaN,NaN,NaN,NaN,NaN,NaN,,NaN,,2554.431743166,2554.59843325,2554.59843325,2554.59843325,2554.59843325,2554.59843325,2554.59843325,2554.59843325,2554.59843325,2554.59843325,2559.199782125,7,-7,7,2,2.64414279099992,1,4.53645400000005,2554.140325666,2554.147072916,2554.59843325,2554.431727833,NaN,NaN,NaN,NaN,,NaN,,2554.136756208,2554.140279208,None,NaN,NaN,,NaN,NaN,NaN,NaN,NaN,NaN,NaN,10,kitchen,2,2024-04-08_11h04.40.518,image_similarity_rating,2023.2.3,None,2024-04-08 11h04.52.405542 +0200
,127,132,521,521,stimuli/own/kitchen/127_kit.jpg,stimuli/own/kitchen/132_kit.jpg,NaN,NaN,NaN,NaN,NaN,NaN,NaN,NaN,0,436,436,520,2559.213781083,NaN,NaN,NaN,NaN,NaN,NaN,NaN,,NaN,,2559.498303416,2559.662060708,2559.662060708,2559.662060708,2559.662060708,2559.662060708,2559.662060708,2559.662060708,2559.662060708,2559.662060708,2564.191555166,-7,7,7,2,3.74860891700018,2,4.4290684169996,2559.20362275,2559.213781083,2559.662060708,2559.498290083,NaN,NaN,NaN,NaN,,NaN,,2559.200004916,2559.203576041,None,NaN,NaN,,NaN,NaN,NaN,NaN,NaN,NaN,NaN,10,kitchen,2,2024-04-08_11h04.40.518,image_similarity_rating,2023.2.3,None,2024-04-08 11h04.52.405542 +0200
,118,139,383,383,stimuli/own/kitchen/118_kit.jpg,stimuli/own/kitchen/139_kit.jpg,NaN,NaN,NaN,NaN,NaN,NaN,NaN,NaN,0,437,437,382,2564.213667416,NaN,NaN,NaN,NaN,NaN,NaN,NaN,,NaN,,2564.497911083,2564.665111791,2564.665111791,2564.665111791,2564.665111791,2564.665111791,2564.665111791,2564.665111791,2564.665111791,2564.665111791,2569.145651125,-7,7,7,3,3.76166887499994,1,4.44447674999992,2564.195325458,2564.213667416,NaN,2564.497879458,NaN,NaN,NaN,NaN,,NaN,,2564.191774208,2564.1952785,None,NaN,NaN,,NaN,NaN,NaN,NaN,NaN,NaN,NaN,10,kitchen,2,2024-04-08_11h04.40.518,image_similarity_rating,2023.2.3,None,2024-04-08 11h04.52.405542 +0200
,124,129,479,479,stimuli/own/kitchen/124_kit.jpg,stimuli/own/kitchen/129_kit.jpg,NaN,NaN,NaN,NaN,NaN,NaN,NaN,NaN,0,438,438,478,2569.15138125,NaN,NaN,NaN,NaN,NaN,NaN,NaN,,NaN,,2569.435719375,2569.600411375,2569.600411375,2569.600411375,2569.600411375,2569.600411375,2569.600411375,2569.600411375,2569.600411375,2569.600411375,2572.133216208,7,-7,7,1,2.45873745900008,1,1.6635120840001,2569.149444458,2569.15138125,2569.600411375,2569.435702958,NaN,NaN,NaN,NaN,,NaN,,2569.145878333,2569.149398083,None,NaN,NaN,,NaN,NaN,NaN,NaN,NaN,NaN,NaN,10,kitchen,2,2024-04-08_11h04.40.518,image_similarity_rating,2023.2.3,None,2024-04-08 11h04.52.405542 +0200
,112,113,245,245,stimuli/own/kitchen/112_kit.jpg,stimuli/own/kitchen/113_kit.jpg,NaN,NaN,NaN,NaN,NaN,NaN,NaN,NaN,0,439,439,244,2572.1387665,NaN,NaN,NaN,NaN,NaN,NaN,NaN,,NaN,,2572.431655583,2572.600187875,2572.600187875,2572.600187875,2572.600187875,2572.600187875,2572.600187875,2572.600187875,2572.600187875,2572.600187875,2578.3826985,7,-7,7,3,3.17118908299972,2,5.73426604099996,2572.136832,2572.1387665,2572.600187875,2572.431637958,NaN,NaN,NaN,NaN,,NaN,,2572.13343125,2572.1367855,None,NaN,NaN,,NaN,NaN,NaN,NaN,NaN,NaN,NaN,10,kitchen,2,2024-04-08_11h04.40.518,image_similarity_rating,2023.2.3,None,2024-04-08 11h04.52.405542 +0200
,119,121,387,387,stimuli/own/kitchen/119_kit.jpg,stimuli/own/kitchen/121_kit.jpg,NaN,NaN,NaN,NaN,NaN,NaN,NaN,NaN,0,440,440,386,2578.388165458,NaN,NaN,NaN,NaN,NaN,NaN,NaN,,NaN,,2578.681724666,2578.848247416,2578.848247416,2578.848247416,2578.848247416,2578.848247416,2578.848247416,2578.848247416,2578.848247416,2578.848247416,2582.241225166,7,-7,7,4,2.44951808299993,2,3.20551891600007,2578.386332625,2578.388165458,2578.848247416,2578.681708791,NaN,NaN,NaN,NaN,,NaN,,2578.382915333,2578.386286416,None,NaN,NaN,,NaN,NaN,NaN,NaN,NaN,NaN,NaN,10,kitchen,2,2024-04-08_11h04.40.518,image_similarity_rating,2023.2.3,None,2024-04-08 11h04.52.405542 +0200
,105,117,138,596,stimuli/own/kitchen/105_kit.jpg,stimuli/own/kitchen/117_kit.jpg,NaN,NaN,NaN,NaN,NaN,NaN,NaN,NaN,0,441,441,595,2582.246856041,NaN,NaN,NaN,NaN,NaN,NaN,NaN,,NaN,,2636.481678625,2636.655619708,2636.655619708,2636.655619708,2636.655619708,2636.655619708,2636.655619708,2636.655619708,2636.655619708,2636.655619708,2639.645594,-7,7,8,4,2.15079241600006,2,2.86676154199995,2636.189790541,2636.197522875,2636.655619708,2636.481653375,NaN,NaN,NaN,NaN,,NaN,,2582.241443625,2636.189422375,space,2582.246856041,53.9423991670001,None,NaN,NaN,NaN,NaN,NaN,NaN,NaN,10,kitchen,2,2024-04-08_11h04.40.518,image_similarity_rating,2023.2.3,None,2024-04-08 11h04.52.405542 +0200
,132,138,564,564,stimuli/own/kitchen/132_kit.jpg,stimuli/own/kitchen/138_kit.jpg,NaN,NaN,NaN,NaN,NaN,NaN,NaN,NaN,0,442,442,563,2639.65179675,NaN,NaN,NaN,NaN,NaN,NaN,NaN,,NaN,,2639.935734625,2640.105911166,2640.105911166,2640.105911166,2640.105911166,2640.105911166,2640.105911166,2640.105911166,2640.105911166,2640.105911166,2644.007873083,-7,7,8,3,2.41518579100011,2,3.84049125000001,2639.649856416,2639.65179675,2640.105911166,2639.935719791,NaN,NaN,NaN,NaN,,NaN,,2639.64583875,2639.649808041,None,NaN,NaN,,NaN,NaN,NaN,NaN,NaN,NaN,NaN,10,kitchen,2,2024-04-08_11h04.40.518,image_similarity_rating,2023.2.3,None,2024-04-08 11h04.52.405542 +0200
,102,136,62,62,stimuli/own/kitchen/102_kit.jpg,stimuli/own/kitchen/136_kit.jpg,NaN,NaN,NaN,NaN,NaN,NaN,NaN,NaN,0,443,443,61,2644.013319208,NaN,NaN,NaN,NaN,NaN,NaN,NaN,,NaN,,2644.297959375,2644.462229083,2644.462229083,2644.462229083,2644.462229083,2644.462229083,2644.462229083,2644.462229083,2644.462229083,2644.462229083,2647.486753875,7,-7,8,3,1.94284412499974,2,2.63882929200008,2644.011506541,2644.013319208,2644.462229083,2644.297936875,NaN,NaN,NaN,NaN,,NaN,,2644.00808975,2644.011460083,None,NaN,NaN,,NaN,NaN,NaN,NaN,NaN,NaN,NaN,10,kitchen,2,2024-04-08_11h04.40.518,image_similarity_rating,2023.2.3,None,2024-04-08 11h04.52.405542 +0200
,116,139,340,340,stimuli/own/kitchen/116_kit.jpg,stimuli/own/kitchen/139_kit.jpg,NaN,NaN,NaN,NaN,NaN,NaN,NaN,NaN,0,444,444,339,2647.496856958,NaN,NaN,NaN,NaN,NaN,NaN,NaN,,NaN,,2647.781373041,2647.947481375,2647.947481375,2647.947481375,2647.947481375,2647.947481375,2647.947481375,2647.947481375,2647.947481375,2647.947481375,2651.14558825,7,-7,8,4,2.42748195800004,2,3.07985049999979,2647.490504541,2647.496856958,2647.947481375,2647.781357875,NaN,NaN,NaN,NaN,,NaN,,2647.486973416,2647.490458,None,NaN,NaN,,NaN,NaN,NaN,NaN,NaN,NaN,NaN,10,kitchen,2,2024-04-08_11h04.40.518,image_similarity_rating,2023.2.3,None,2024-04-08 11h04.52.405542 +0200
,114,116,296,296,stimuli/own/kitchen/114_kit.jpg,stimuli/own/kitchen/116_kit.jpg,NaN,NaN,NaN,NaN,NaN,NaN,NaN,NaN,0,445,445,295,2651.151228291,NaN,NaN,NaN,NaN,NaN,NaN,NaN,,NaN,,2651.435372958,2651.600645333,2651.600645333,2651.600645333,2651.600645333,2651.600645333,2651.600645333,2651.600645333,2651.600645333,2651.600645333,2657.166486958,-7,7,8,2,3.58867191599984,2,5.4811226249999,2651.149293458,2651.151228291,2651.600645333,2651.435360541,NaN,NaN,NaN,NaN,,NaN,,2651.145826791,2651.149246666,None,NaN,NaN,,NaN,NaN,NaN,NaN,NaN,NaN,NaN,10,kitchen,2,2024-04-08_11h04.40.518,image_similarity_rating,2023.2.3,None,2024-04-08 11h04.52.405542 +0200
,118,138,382,382,stimuli/own/kitchen/118_kit.jpg,stimuli/own/kitchen/138_kit.jpg,NaN,NaN,NaN,NaN,NaN,NaN,NaN,NaN,0,446,446,381,2657.172099666,NaN,NaN,NaN,NaN,NaN,NaN,NaN,,NaN,,2657.464604708,2657.62980475,2657.62980475,2657.62980475,2657.62980475,2657.62980475,2657.62980475,2657.62980475,2657.62980475,2657.62980475,2660.36218975,-7,7,8,4,2.05026008300001,2,2.68175370800009,2657.170145083,2657.172099666,2657.62980475,2657.464590625,NaN,NaN,NaN,NaN,,NaN,,2657.166705083,2657.170098916,None,NaN,NaN,,NaN,NaN,NaN,NaN,NaN,NaN,NaN,10,kitchen,2,2024-04-08_11h04.40.518,image_similarity_rating,2023.2.3,None,2024-04-08 11h04.52.405542 +0200
,119,137,401,401,stimuli/own/kitchen/119_kit.jpg,stimuli/own/kitchen/137_kit.jpg,NaN,NaN,NaN,NaN,NaN,NaN,NaN,NaN,0,447,447,400,2660.367924125,NaN,NaN,NaN,NaN,NaN,NaN,NaN,,NaN,,2660.652724458,2660.816736833,2660.816736833,2660.816736833,2660.816736833,2660.816736833,2660.816736833,2660.816736833,2660.816736833,2660.816736833,2663.44082075,7,-7,8,2,1.93541008299962,2,2.53931841700023,2660.366001916,2660.367924125,2660.816736833,2660.652707416,NaN,NaN,NaN,NaN,,NaN,,2660.362432125,2660.365955208,None,NaN,NaN,,NaN,NaN,NaN,NaN,NaN,NaN,NaN,10,kitchen,2,2024-04-08_11h04.40.518,image_similarity_rating,2023.2.3,None,2024-04-08 11h04.52.405542 +0200
,109,134,210,210,stimuli/own/kitchen/109_kit.jpg,stimuli/own/kitchen/134_kit.jpg,NaN,NaN,NaN,NaN,NaN,NaN,NaN,NaN,0,448,448,209,2663.446480708,NaN,NaN,NaN,NaN,NaN,NaN,NaN,,NaN,,2663.731475666,2663.897824041,2663.897824041,2663.897824041,2663.897824041,2663.897824041,2663.897824041,2663.897824041,2663.897824041,2663.897824041,2667.582642916,7,-7,8,2,1.98031195800013,2,2.96674445799999,2663.444540958,2663.446480708,2663.897824041,2663.731460666,NaN,NaN,NaN,NaN,,NaN,,2663.44103875,2663.4444945,None,NaN,NaN,,NaN,NaN,NaN,NaN,NaN,NaN,NaN,10,kitchen,2,2024-04-08_11h04.40.518,image_similarity_rating,2023.2.3,None,2024-04-08 11h04.52.405542 +0200
,120,139,422,422,stimuli/own/kitchen/120_kit.jpg,stimuli/own/kitchen/139_kit.jpg,NaN,NaN,NaN,NaN,NaN,NaN,NaN,NaN,0,449,449,421,2667.588232083,NaN,NaN,NaN,NaN,NaN,NaN,NaN,,NaN,,2667.881205583,2668.052769333,2668.052769333,2668.052769333,2668.052769333,2668.052769333,2668.052769333,2668.052769333,2668.052769333,2668.052769333,2671.790775958,-7,7,8,2,3.6377850419999,1,2.65518474999999,2667.586461833,2667.588232083,2668.052769333,2667.881172833,NaN,NaN,NaN,NaN,,NaN,,2667.582868,2667.586414583,None,NaN,NaN,,NaN,NaN,NaN,NaN,NaN,NaN,NaN,10,kitchen,2,2024-04-08_11h04.40.518,image_similarity_rating,2023.2.3,None,2024-04-08 11h04.52.405542 +0200
,109,138,214,214,stimuli/own/kitchen/109_kit.jpg,stimuli/own/kitchen/138_kit.jpg,NaN,NaN,NaN,NaN,NaN,NaN,NaN,NaN,0,450,450,213,2671.796636583,NaN,NaN,NaN,NaN,NaN,NaN,NaN,,NaN,,2672.081150041,2672.247664875,2672.247664875,2672.247664875,2672.247664875,2672.247664875,2672.247664875,2672.247664875,2672.247664875,2672.247664875,2675.479270583,7,-7,8,4,2.13839370799997,2,3.10612575000005,2671.794435791,2671.796636583,2672.247664875,2672.081129125,NaN,NaN,NaN,NaN,,NaN,,2671.790997958,2671.794389958,None,NaN,NaN,,NaN,NaN,NaN,NaN,NaN,NaN,NaN,10,kitchen,2,2024-04-08_11h04.40.518,image_similarity_rating,2023.2.3,None,2024-04-08 11h04.52.405542 +0200
,105,122,143,143,stimuli/own/kitchen/105_kit.jpg,stimuli/own/kitchen/122_kit.jpg,NaN,NaN,NaN,NaN,NaN,NaN,NaN,NaN,0,451,451,142,2675.484722583,NaN,NaN,NaN,NaN,NaN,NaN,NaN,,NaN,,2675.76876875,2675.934456041,2675.934456041,2675.934456041,2675.934456041,2675.934456041,2675.934456041,2675.934456041,2675.934456041,2675.934456041,2679.815691833,7,-7,8,3,3.342084333,4,2.11035066700015,2675.482977,2675.484722583,2675.934456041,2675.768755208,NaN,NaN,NaN,NaN,,NaN,,2675.479488125,2675.48292975,None,NaN,NaN,,NaN,NaN,NaN,NaN,NaN,NaN,NaN,10,kitchen,2,2024-04-08_11h04.40.518,image_similarity_rating,2023.2.3,None,2024-04-08 11h04.52.405542 +0200
,105,139,158,158,stimuli/own/kitchen/105_kit.jpg,stimuli/own/kitchen/139_kit.jpg,NaN,NaN,NaN,NaN,NaN,NaN,NaN,NaN,0,452,452,157,2679.821434541,NaN,NaN,NaN,NaN,NaN,NaN,NaN,,NaN,,2680.114493333,2680.279678916,2680.279678916,2680.279678916,2680.279678916,2680.279678916,2680.279678916,2680.279678916,2680.279678916,2680.279678916,2684.712090833,-7,7,8,2,4.34023604200002,2,3.61479766699995,2679.8193595,2679.821434541,2680.279678916,2680.114479458,NaN,NaN,NaN,NaN,,NaN,,2679.815911625,2679.819312833,None,NaN,NaN,,NaN,NaN,NaN,NaN,NaN,NaN,NaN,10,kitchen,2,2024-04-08_11h04.40.518,image_similarity_rating,2023.2.3,None,2024-04-08 11h04.52.405542 +0200
,122,140,458,458,stimuli/own/kitchen/122_kit.jpg,stimuli/own/kitchen/140_kit.jpg,NaN,NaN,NaN,NaN,NaN,NaN,NaN,NaN,0,453,453,457,2684.71755625,NaN,NaN,NaN,NaN,NaN,NaN,NaN,,NaN,,2685.001668166,2685.164470125,2685.164470125,2685.164470125,2685.164470125,2685.164470125,2685.164470125,2685.164470125,2685.164470125,2685.164470125,2692.441172166,-7,7,8,5,5.05941900000016,1,7.1519431669999,2684.715805458,2684.71755625,2685.164470125,2685.001657666,NaN,NaN,NaN,NaN,,NaN,,2684.712340083,2684.715758291,None,NaN,NaN,,NaN,NaN,NaN,NaN,NaN,NaN,NaN,10,kitchen,2,2024-04-08_11h04.40.518,image_similarity_rating,2023.2.3,None,2024-04-08 11h04.52.405542 +0200
,104,118,109,109,stimuli/own/kitchen/104_kit.jpg,stimuli/own/kitchen/118_kit.jpg,NaN,NaN,NaN,NaN,NaN,NaN,NaN,NaN,0,454,454,108,2692.463274625,NaN,NaN,NaN,NaN,NaN,NaN,NaN,,NaN,,2692.747579041,2692.91336275,2692.91336275,2692.91336275,2692.91336275,2692.91336275,2692.91336275,2692.91336275,2692.91336275,2692.91336275,2696.728611375,7,-7,8,3,3.85120541700007,2,1.99253850000014,2692.445174916,2692.463274625,NaN,2692.74756125,NaN,NaN,NaN,NaN,,NaN,,2692.441391458,2692.445125291,None,NaN,NaN,,NaN,NaN,NaN,NaN,NaN,NaN,NaN,10,kitchen,2,2024-04-08_11h04.40.518,image_similarity_rating,2023.2.3,None,2024-04-08 11h04.52.405542 +0200
,122,123,443,443,stimuli/own/kitchen/122_kit.jpg,stimuli/own/kitchen/123_kit.jpg,NaN,NaN,NaN,NaN,NaN,NaN,NaN,NaN,0,455,455,442,2696.734413125,NaN,NaN,NaN,NaN,NaN,NaN,NaN,,NaN,,2697.018630791,2697.183473041,2697.183473041,2697.183473041,2697.183473041,2697.183473041,2697.183473041,2697.183473041,2697.183473041,2697.183473041,2702.057492791,7,-7,8,4,4.05444516699981,2,4.84816229200032,2696.732469458,2696.734413125,2697.183473041,2697.018615583,NaN,NaN,NaN,NaN,,NaN,,2696.728844875,2696.732421916,None,NaN,NaN,,NaN,NaN,NaN,NaN,NaN,NaN,NaN,10,kitchen,2,2024-04-08_11h04.40.518,image_similarity_rating,2023.2.3,None,2024-04-08 11h04.52.405542 +0200
,104,119,110,110,stimuli/own/kitchen/104_kit.jpg,stimuli/own/kitchen/119_kit.jpg,NaN,NaN,NaN,NaN,NaN,NaN,NaN,NaN,0,456,456,109,2702.063255958,NaN,NaN,NaN,NaN,NaN,NaN,NaN,,NaN,,2702.348090041,2702.512076791,2702.512076791,2702.512076791,2702.512076791,2702.512076791,2702.512076791,2702.512076791,2702.512076791,2702.512076791,2706.061811375,7,-7,8,2,3.58449162500028,2,2.75775858399993,2702.061144166,2702.063255958,2702.512076791,2702.348076583,NaN,NaN,NaN,NaN,,NaN,,2702.057715541,2702.061098,None,NaN,NaN,,NaN,NaN,NaN,NaN,NaN,NaN,NaN,10,kitchen,2,2024-04-08_11h04.40.518,image_similarity_rating,2023.2.3,None,2024-04-08 11h04.52.405542 +0200
,101,119,14,14,stimuli/own/kitchen/101_kit.jpg,stimuli/own/kitchen/119_kit.jpg,NaN,NaN,NaN,NaN,NaN,NaN,NaN,NaN,0,457,457,13,2706.067262166,NaN,NaN,NaN,NaN,NaN,NaN,NaN,,NaN,,2706.352074333,2706.51832975,2706.51832975,2706.51832975,2706.51832975,2706.51832975,2706.51832975,2706.51832975,2706.51832975,2706.51832975,2710.019911041,7,-7,8,4,2.96513645799996,2,3.4524162079997,2706.065508,2706.067262166,2706.51832975,2706.352060666,NaN,NaN,NaN,NaN,,NaN,,2706.062034208,2706.065461833,None,NaN,NaN,,NaN,NaN,NaN,NaN,NaN,NaN,NaN,10,kitchen,2,2024-04-08_11h04.40.518,image_similarity_rating,2023.2.3,None,2024-04-08 11h04.52.405542 +0200
,113,132,287,287,stimuli/own/kitchen/113_kit.jpg,stimuli/own/kitchen/132_kit.jpg,NaN,NaN,NaN,NaN,NaN,NaN,NaN,NaN,0,458,458,286,2710.03000475,NaN,NaN,NaN,NaN,NaN,NaN,NaN,,NaN,,2710.314493458,2710.483683541,2710.483683541,2710.483683541,2710.483683541,2710.483683541,2710.483683541,2710.483683541,2710.483683541,2710.483683541,2715.695312875,-7,7,8,4,3.05117008300022,2,5.17465083299976,2710.023568375,2710.03000475,2710.483683541,2710.314475333,NaN,NaN,NaN,NaN,,NaN,,2710.020125375,2710.02352225,None,NaN,NaN,,NaN,NaN,NaN,NaN,NaN,NaN,NaN,10,kitchen,2,2024-04-08_11h04.40.518,image_similarity_rating,2023.2.3,None,2024-04-08 11h04.52.405542 +0200
,135,140,579,579,stimuli/own/kitchen/135_kit.jpg,stimuli/own/kitchen/140_kit.jpg,NaN,NaN,NaN,NaN,NaN,NaN,NaN,NaN,0,459,459,578,2715.700783708,NaN,NaN,NaN,NaN,NaN,NaN,NaN,,NaN,,2715.9851695,2716.1484,2716.1484,2716.1484,2716.1484,2716.1484,2716.1484,2716.1484,2716.1484,2716.1484,2720.599950583,7,-7,8,2,3.28934483299963,2,4.07791495799984,2715.699041875,2715.700783708,2716.1484,2715.98515875,NaN,NaN,NaN,NaN,,NaN,,2715.695564791,2715.698994458,None,NaN,NaN,,NaN,NaN,NaN,NaN,NaN,NaN,NaN,10,kitchen,2,2024-04-08_11h04.40.518,image_similarity_rating,2023.2.3,None,2024-04-08 11h04.52.405542 +0200
,119,131,396,396,stimuli/own/kitchen/119_kit.jpg,stimuli/own/kitchen/131_kit.jpg,NaN,NaN,NaN,NaN,NaN,NaN,NaN,NaN,0,460,460,395,2720.605700166,NaN,NaN,NaN,NaN,NaN,NaN,NaN,,NaN,,2720.897821083,2721.067204291,2721.067204291,2721.067204291,2721.067204291,2721.067204291,2721.067204291,2721.067204291,2721.067204291,2721.067204291,2723.332126041,7,-7,8,1,2.36570166599995,1,1.55004629199993,2720.603760833,2720.605700166,2721.067204291,2720.897803875,NaN,NaN,NaN,NaN,,NaN,,2720.600169625,2720.603710708,None,NaN,NaN,,NaN,NaN,NaN,NaN,NaN,NaN,NaN,10,kitchen,2,2024-04-08_11h04.40.518,image_similarity_rating,2023.2.3,None,2024-04-08 11h04.52.405542 +0200
,111,132,236,236,stimuli/own/kitchen/111_kit.jpg,stimuli/own/kitchen/132_kit.jpg,NaN,NaN,NaN,NaN,NaN,NaN,NaN,NaN,0,461,461,235,2723.33769775,NaN,NaN,NaN,NaN,NaN,NaN,NaN,,NaN,,2723.63111975,2723.797390666,2723.797390666,2723.797390666,2723.797390666,2723.797390666,2723.797390666,2723.797390666,2723.797390666,2723.797390666,2726.953626916,-7,7,8,3,2.58827820800025,2,3.16738479100013,2723.335748875,2723.33769775,2723.797390666,2723.631104125,NaN,NaN,NaN,NaN,,NaN,,2723.332342708,2723.335702333,None,NaN,NaN,,NaN,NaN,NaN,NaN,NaN,NaN,NaN,10,kitchen,2,2024-04-08_11h04.40.518,image_similarity_rating,2023.2.3,None,2024-04-08 11h04.52.405542 +0200
,101,125,20,20,stimuli/own/kitchen/101_kit.jpg,stimuli/own/kitchen/125_kit.jpg,NaN,NaN,NaN,NaN,NaN,NaN,NaN,NaN,0,462,462,19,2726.9632935,NaN,NaN,NaN,NaN,NaN,NaN,NaN,,NaN,,2727.247657791,2727.413097125,2727.413097125,2727.413097125,2727.413097125,2727.413097125,2727.413097125,2727.413097125,2727.413097125,2727.413097125,2731.107722875,-7,7,8,2,3.75298195799996,2,2.88771399999996,2726.957367583,2726.9632935,2727.413097125,2727.247639833,NaN,NaN,NaN,NaN,,NaN,,2726.953845916,2726.957321208,None,NaN,NaN,,NaN,NaN,NaN,NaN,NaN,NaN,NaN,10,kitchen,2,2024-04-08_11h04.40.518,image_similarity_rating,2023.2.3,None,2024-04-08 11h04.52.405542 +0200
,118,120,366,366,stimuli/own/kitchen/118_kit.jpg,stimuli/own/kitchen/120_kit.jpg,NaN,NaN,NaN,NaN,NaN,NaN,NaN,NaN,0,463,463,365,2731.130017833,NaN,NaN,NaN,NaN,NaN,NaN,NaN,,NaN,,2731.413970041,2731.584454708,2731.584454708,2731.584454708,2731.584454708,2731.584454708,2731.584454708,2731.584454708,2731.584454708,2731.584454708,2735.752542708,-7,7,8,2,4.18163470799982,2,3.30130166599974,2731.11145275,2731.130017833,NaN,2731.413948875,NaN,NaN,NaN,NaN,,NaN,,2731.107938166,2731.111404083,None,NaN,NaN,,NaN,NaN,NaN,NaN,NaN,NaN,NaN,10,kitchen,2,2024-04-08_11h04.40.518,image_similarity_rating,2023.2.3,None,2024-04-08 11h04.52.405542 +0200
,118,129,374,374,stimuli/own/kitchen/118_kit.jpg,stimuli/own/kitchen/129_kit.jpg,NaN,NaN,NaN,NaN,NaN,NaN,NaN,NaN,0,464,464,373,2735.763059,NaN,NaN,NaN,NaN,NaN,NaN,NaN,,NaN,,2736.04772175,2736.211829333,2736.211829333,2736.211829333,2736.211829333,2736.211829333,2736.211829333,2736.211829333,2736.211829333,2736.211829333,2738.715520958,7,-7,8,1,2.4264572080001,1,1.57714566699997,2735.756190875,2735.763059,2736.211829333,2736.047708,NaN,NaN,NaN,NaN,,NaN,,2735.752761916,2735.7561445,None,NaN,NaN,,NaN,NaN,NaN,NaN,NaN,NaN,NaN,10,kitchen,2,2024-04-08_11h04.40.518,image_similarity_rating,2023.2.3,None,2024-04-08 11h04.52.405542 +0200
,122,124,444,444,stimuli/own/kitchen/122_kit.jpg,stimuli/own/kitchen/124_kit.jpg,NaN,NaN,NaN,NaN,NaN,NaN,NaN,NaN,0,465,465,443,2738.721060875,NaN,NaN,NaN,NaN,NaN,NaN,NaN,,NaN,,2739.014548125,2739.180334333,2739.180334333,2739.180334333,2739.180334333,2739.180334333,2739.180334333,2739.180334333,2739.180334333,2739.180334333,2745.111945291,7,-7,8,5,4.06667199999993,3,5.89768895900033,2738.719154916,2738.721060875,2739.180334333,2739.014531541,NaN,NaN,NaN,NaN,,NaN,,2738.7157355,2738.719108166,None,NaN,NaN,,NaN,NaN,NaN,NaN,NaN,NaN,NaN,10,kitchen,2,2024-04-08_11h04.40.518,image_similarity_rating,2023.2.3,None,2024-04-08 11h04.52.405542 +0200
,125,137,500,500,stimuli/own/kitchen/125_kit.jpg,stimuli/own/kitchen/137_kit.jpg,NaN,NaN,NaN,NaN,NaN,NaN,NaN,NaN,0,466,466,499,2745.117412958,NaN,NaN,NaN,NaN,NaN,NaN,NaN,,NaN,,2745.401710958,2745.567669375,2745.567669375,2745.567669375,2745.567669375,2745.567669375,2745.567669375,2745.567669375,2745.567669375,2745.567669375,2749.519686958,-7,7,8,4,3.03766291700003,1,3.90459954200014,2745.115640875,2745.117412958,2745.567669375,2745.401697291,NaN,NaN,NaN,NaN,,NaN,,2745.112189583,2745.115593666,None,NaN,NaN,,NaN,NaN,NaN,NaN,NaN,NaN,NaN,10,kitchen,2,2024-04-08_11h04.40.518,image_similarity_rating,2023.2.3,None,2024-04-08 11h04.52.405542 +0200
,102,140,66,66,stimuli/own/kitchen/102_kit.jpg,stimuli/own/kitchen/140_kit.jpg,NaN,NaN,NaN,NaN,NaN,NaN,NaN,NaN,0,467,467,65,2749.529822875,NaN,NaN,NaN,NaN,NaN,NaN,NaN,,NaN,,2749.815406791,2749.983205041,2749.983205041,2749.983205041,2749.983205041,2749.983205041,2749.983205041,2749.983205041,2749.983205041,2749.983205041,2754.945460291,7,-7,8,4,4.99906420800016,2,3.45042125000009,2749.523355416,2749.529822875,2749.983205041,2749.815392083,NaN,NaN,NaN,NaN,,NaN,,2749.519904666,2749.523308541,None,NaN,NaN,,NaN,NaN,NaN,NaN,NaN,NaN,NaN,10,kitchen,2,2024-04-08_11h04.40.518,image_similarity_rating,2023.2.3,None,2024-04-08 11h04.52.405542 +0200
,135,141,580,580,stimuli/own/kitchen/135_kit.jpg,stimuli/own/kitchen/141_kit.jpg,NaN,NaN,NaN,NaN,NaN,NaN,NaN,NaN,0,468,468,579,2754.951076541,NaN,NaN,NaN,NaN,NaN,NaN,NaN,,NaN,,2755.2345455,2755.398306375,2755.398306375,2755.398306375,2755.398306375,2755.398306375,2755.398306375,2755.398306375,2755.398306375,2755.398306375,2760.473918375,-7,7,8,3,3.60552595799982,2,4.91371545799984,2754.949140333,2754.951076541,2755.398306375,2755.234534083,NaN,NaN,NaN,NaN,,NaN,,2754.945676458,2754.949093833,None,NaN,NaN,,NaN,NaN,NaN,NaN,NaN,NaN,NaN,10,kitchen,2,2024-04-08_11h04.40.518,image_similarity_rating,2023.2.3,None,2024-04-08 11h04.52.405542 +0200
,131,135,553,553,stimuli/own/kitchen/131_kit.jpg,stimuli/own/kitchen/135_kit.jpg,NaN,NaN,NaN,NaN,NaN,NaN,NaN,NaN,0,469,469,552,2760.479579625,NaN,NaN,NaN,NaN,NaN,NaN,NaN,,NaN,,2760.764796916,2760.92986625,2760.92986625,2760.92986625,2760.92986625,2760.92986625,2760.92986625,2760.92986625,2760.92986625,2760.92986625,2763.599712833,7,-7,8,1,2.62970229199982,1,1.86655062499995,2760.477756708,2760.479579625,2760.92986625,2760.764782625,NaN,NaN,NaN,NaN,,NaN,,2760.47413825,2760.477710375,None,NaN,NaN,,NaN,NaN,NaN,NaN,NaN,NaN,NaN,10,kitchen,2,2024-04-08_11h04.40.518,image_similarity_rating,2023.2.3,None,2024-04-08 11h04.52.405542 +0200
,105,130,150,150,stimuli/own/kitchen/105_kit.jpg,stimuli/own/kitchen/130_kit.jpg,NaN,NaN,NaN,NaN,NaN,NaN,NaN,NaN,0,470,470,149,2763.605403625,NaN,NaN,NaN,NaN,NaN,NaN,NaN,,NaN,,2763.897320458,2764.068647375,2764.068647375,2764.068647375,2764.068647375,2764.068647375,2764.068647375,2764.068647375,2764.068647375,2764.068647375,2770.078262625,7,-7,8,3,4.35617112499995,3,5.946075458,2763.603467875,2763.605403625,2764.068647375,2763.897303375,NaN,NaN,NaN,NaN,,NaN,,2763.599938666,2763.6034215,None,NaN,NaN,,NaN,NaN,NaN,NaN,NaN,NaN,NaN,10,kitchen,2,2024-04-08_11h04.40.518,image_similarity_rating,2023.2.3,None,2024-04-08 11h04.52.405542 +0200
,118,125,371,371,stimuli/own/kitchen/118_kit.jpg,stimuli/own/kitchen/125_kit.jpg,NaN,NaN,NaN,NaN,NaN,NaN,NaN,NaN,0,471,471,370,2770.084048625,NaN,NaN,NaN,NaN,NaN,NaN,NaN,,NaN,,2770.368552833,2770.532584541,2770.532584541,2770.532584541,2770.532584541,2770.532584541,2770.532584541,2770.532584541,2770.532584541,2770.532584541,2774.99062175,-7,7,8,4,3.57745004100025,2,4.35869566700012,2770.082098583,2770.084048625,2770.532584541,2770.368538291,NaN,NaN,NaN,NaN,,NaN,,2770.078482333,2770.082051666,None,NaN,NaN,,NaN,NaN,NaN,NaN,NaN,NaN,NaN,10,kitchen,2,2024-04-08_11h04.40.518,image_similarity_rating,2023.2.3,None,2024-04-08 11h04.52.405542 +0200
,121,127,430,430,stimuli/own/kitchen/121_kit.jpg,stimuli/own/kitchen/127_kit.jpg,NaN,NaN,NaN,NaN,NaN,NaN,NaN,NaN,0,472,472,429,2774.996094,NaN,NaN,NaN,NaN,NaN,NaN,NaN,,NaN,,2775.281799,2775.449617041,2775.449617041,2775.449617041,2775.449617041,2775.449617041,2775.449617041,2775.449617041,2775.449617041,2775.449617041,2780.361769958,-7,7,8,2,4.82390508300023,2,3.91922516600016,2774.994274583,2774.996094,2775.449617041,2775.281777291,NaN,NaN,NaN,NaN,,NaN,,2774.990841083,2774.994227916,None,NaN,NaN,,NaN,NaN,NaN,NaN,NaN,NaN,NaN,10,kitchen,2,2024-04-08_11h04.40.518,image_similarity_rating,2023.2.3,None,2024-04-08 11h04.52.405542 +0200
,127,137,525,525,stimuli/own/kitchen/127_kit.jpg,stimuli/own/kitchen/137_kit.jpg,NaN,NaN,NaN,NaN,NaN,NaN,NaN,NaN,0,473,473,524,2780.367396,NaN,NaN,NaN,NaN,NaN,NaN,NaN,,NaN,,2780.6510905,2780.816207875,2780.816207875,2780.816207875,2780.816207875,2780.816207875,2780.816207875,2780.816207875,2780.816207875,2780.816207875,2784.665688333,-7,7,8,4,2.62516825000012,1,3.82842587499999,2780.365468083,2780.367396,2780.816207875,2780.651076541,NaN,NaN,NaN,NaN,,NaN,,2780.362014458,2780.365420791,None,NaN,NaN,,NaN,NaN,NaN,NaN,NaN,NaN,NaN,10,kitchen,2,2024-04-08_11h04.40.518,image_similarity_rating,2023.2.3,None,2024-04-08 11h04.52.405542 +0200
,116,127,330,330,stimuli/own/kitchen/116_kit.jpg,stimuli/own/kitchen/127_kit.jpg,NaN,NaN,NaN,NaN,NaN,NaN,NaN,NaN,0,474,474,329,2784.671108166,NaN,NaN,NaN,NaN,NaN,NaN,NaN,,NaN,,2784.964444208,2785.129808625,2785.129808625,2785.129808625,2785.129808625,2785.129808625,2785.129808625,2785.129808625,2785.129808625,2785.129808625,2788.911662166,7,-7,8,3,2.7257474590001,2,3.71880737499987,2784.66933025,2784.671108166,2785.129808625,2784.964431666,NaN,NaN,NaN,NaN,,NaN,,2784.665905166,2784.669284166,None,NaN,NaN,,NaN,NaN,NaN,NaN,NaN,NaN,NaN,10,kitchen,2,2024-04-08_11h04.40.518,image_similarity_rating,2023.2.3,None,2024-04-08 11h04.52.405542 +0200
,122,134,452,452,stimuli/own/kitchen/122_kit.jpg,stimuli/own/kitchen/134_kit.jpg,NaN,NaN,NaN,NaN,NaN,NaN,NaN,NaN,0,475,475,451,2788.917399666,NaN,NaN,NaN,NaN,NaN,NaN,NaN,,NaN,,2789.201663,2789.369819625,2789.369819625,2789.369819625,2789.369819625,2789.369819625,2789.369819625,2789.369819625,2789.369819625,2789.369819625,2795.640450916,7,-7,8,2,5.50313675000007,3,6.24542983400033,2788.91545525,2788.917399666,2789.369819625,2789.201649583,NaN,NaN,NaN,NaN,,NaN,,2788.911888583,2788.915407958,None,NaN,NaN,,NaN,NaN,NaN,NaN,NaN,NaN,NaN,10,kitchen,2,2024-04-08_11h04.40.518,image_similarity_rating,2023.2.3,None,2024-04-08 11h04.52.405542 +0200
,136,139,583,583,stimuli/own/kitchen/136_kit.jpg,stimuli/own/kitchen/139_kit.jpg,NaN,NaN,NaN,NaN,NaN,NaN,NaN,NaN,0,476,476,582,2795.645910583,NaN,NaN,NaN,NaN,NaN,NaN,NaN,,NaN,,2795.930806458,2796.098538916,2796.098538916,2796.098538916,2796.098538916,2796.098538916,2796.098538916,2796.098538916,2796.098538916,2796.098538916,2800.857265916,-7,7,8,3,4.78520566600037,2,3.53437429099995,2795.644102041,2795.645910583,2796.098538916,2795.930788708,NaN,NaN,NaN,NaN,,NaN,,2795.640670166,2795.644055333,None,NaN,NaN,,NaN,NaN,NaN,NaN,NaN,NaN,NaN,10,kitchen,2,2024-04-08_11h04.40.518,image_similarity_rating,2023.2.3,None,2024-04-08 11h04.52.405542 +0200
,116,124,327,327,stimuli/own/kitchen/116_kit.jpg,stimuli/own/kitchen/124_kit.jpg,NaN,NaN,NaN,NaN,NaN,NaN,NaN,NaN,0,477,477,326,2800.862754625,NaN,NaN,NaN,NaN,NaN,NaN,NaN,,NaN,,2801.148021333,2801.314100041,2801.314100041,2801.314100041,2801.314100041,2801.314100041,2801.314100041,2801.314100041,2801.314100041,2801.314100041,2804.806857166,-7,7,8,2,3.49207533299978,2,2.78302920800024,2800.860903333,2800.862754625,2801.314100041,2801.148008041,NaN,NaN,NaN,NaN,,NaN,,2800.8574835,2800.860857,None,NaN,NaN,,NaN,NaN,NaN,NaN,NaN,NaN,NaN,10,kitchen,2,2024-04-08_11h04.40.518,image_similarity_rating,2023.2.3,None,2024-04-08 11h04.52.405542 +0200
,122,141,459,459,stimuli/own/kitchen/122_kit.jpg,stimuli/own/kitchen/141_kit.jpg,NaN,NaN,NaN,NaN,NaN,NaN,NaN,NaN,0,478,478,458,2804.812485916,NaN,NaN,NaN,NaN,NaN,NaN,NaN,,NaN,,2805.098266208,2805.2629495,2805.2629495,2805.2629495,2805.2629495,2805.2629495,2805.2629495,2805.2629495,2805.2629495,2805.2629495,2813.269444458,-7,7,8,2,6.48637620800037,4,7.70702233300017,2804.810512708,2804.812485916,2805.2629495,2805.098253041,NaN,NaN,NaN,NaN,,NaN,,2804.807079333,2804.810466333,None,NaN,NaN,,NaN,NaN,NaN,NaN,NaN,NaN,NaN,10,kitchen,2,2024-04-08_11h04.40.518,image_similarity_rating,2023.2.3,None,2024-04-08 11h04.52.405542 +0200
,111,114,220,220,stimuli/own/kitchen/111_kit.jpg,stimuli/own/kitchen/114_kit.jpg,NaN,NaN,NaN,NaN,NaN,NaN,NaN,NaN,0,479,479,219,2813.279847916,NaN,NaN,NaN,NaN,NaN,NaN,NaN,,NaN,,2813.564051125,2813.7353495,2813.7353495,2813.7353495,2813.7353495,2813.7353495,2813.7353495,2813.7353495,2813.7353495,2813.7353495,2819.182675791,-7,7,8,4,4.92380237499992,2,2.20645116600008,2813.273097208,2813.279847916,2813.7353495,2813.564026041,NaN,NaN,NaN,NaN,,NaN,,2813.269663333,2813.273050583,None,NaN,NaN,,NaN,NaN,NaN,NaN,NaN,NaN,NaN,10,kitchen,2,2024-04-08_11h04.40.518,image_similarity_rating,2023.2.3,None,2024-04-08 11h04.52.405542 +0200
,120,135,418,418,stimuli/own/kitchen/120_kit.jpg,stimuli/own/kitchen/135_kit.jpg,NaN,NaN,NaN,NaN,NaN,NaN,NaN,NaN,0,480,480,417,2819.18841625,NaN,NaN,NaN,NaN,NaN,NaN,NaN,,NaN,,2819.480814125,2819.649341083,2819.649341083,2819.649341083,2819.649341083,2819.649341083,2819.649341083,2819.649341083,2819.649341083,2819.649341083,2825.040294333,7,-7,8,1,4.42011091600034,1,5.35458750000043,2819.186317791,2819.18841625,2819.649341083,2819.480793208,NaN,NaN,NaN,NaN,,NaN,,2819.182895375,2819.18627175,None,NaN,NaN,,NaN,NaN,NaN,NaN,NaN,NaN,NaN,10,kitchen,2,2024-04-08_11h04.40.518,image_similarity_rating,2023.2.3,None,2024-04-08 11h04.52.405542 +0200
,112,132,262,611,stimuli/own/kitchen/112_kit.jpg,stimuli/own/kitchen/132_kit.jpg,NaN,NaN,NaN,NaN,NaN,NaN,NaN,NaN,0,481,481,610,2825.045842875,NaN,NaN,NaN,NaN,NaN,NaN,NaN,,NaN,,2825.330537125,2825.498544083,2825.498544083,2825.498544083,2825.498544083,2825.498544083,2825.498544083,2825.498544083,2825.498544083,2825.498544083,2830.169030166,7,-7,8,4,3.92948441699991,2,4.60920141699989,2825.043933583,2825.045842875,2825.498544083,2825.330520125,NaN,NaN,NaN,NaN,,NaN,,2825.040507375,2825.043887375,None,NaN,NaN,,NaN,NaN,NaN,NaN,NaN,NaN,NaN,10,kitchen,2,2024-04-08_11h04.40.518,image_similarity_rating,2023.2.3,None,2024-04-08 11h04.52.405542 +0200
,106,126,176,176,stimuli/own/kitchen/106_kit.jpg,stimuli/own/kitchen/126_kit.jpg,NaN,NaN,NaN,NaN,NaN,NaN,NaN,NaN,0,482,482,175,2830.179535208,NaN,NaN,NaN,NaN,NaN,NaN,NaN,,NaN,,2830.463987291,2830.635462625,2830.635462625,2830.635462625,2830.635462625,2830.635462625,2830.635462625,2830.635462625,2830.635462625,2830.635462625,2835.031915208,7,-7,8,5,3.53049424999972,2,4.39566550000018,2830.172760916,2830.179535208,2830.635462625,2830.46396975,NaN,NaN,NaN,NaN,,NaN,,2830.169247375,2830.172714708,None,NaN,NaN,,NaN,NaN,NaN,NaN,NaN,NaN,NaN,10,kitchen,2,2024-04-08_11h04.40.518,image_similarity_rating,2023.2.3,None,2024-04-08 11h04.52.405542 +0200
,112,127,258,258,stimuli/own/kitchen/112_kit.jpg,stimuli/own/kitchen/127_kit.jpg,NaN,NaN,NaN,NaN,NaN,NaN,NaN,NaN,0,483,483,257,2835.037332375,NaN,NaN,NaN,NaN,NaN,NaN,NaN,,NaN,,2835.330651583,2835.495864166,2835.495864166,2835.495864166,2835.495864166,2835.495864166,2835.495864166,2835.495864166,2835.495864166,2835.495864166,2840.361445083,-7,7,8,4,2.76417641700027,4,4.83108512499984,2835.035575,2835.037332375,2835.495864166,2835.330636041,NaN,NaN,NaN,NaN,,NaN,,2835.032135791,2835.035528666,None,NaN,NaN,,NaN,NaN,NaN,NaN,NaN,NaN,NaN,10,kitchen,2,2024-04-08_11h04.40.518,image_similarity_rating,2023.2.3,None,2024-04-08 11h04.52.405542 +0200
,105,134,153,153,stimuli/own/kitchen/105_kit.jpg,stimuli/own/kitchen/134_kit.jpg,NaN,NaN,NaN,NaN,NaN,NaN,NaN,NaN,0,484,484,152,2840.367193916,NaN,NaN,NaN,NaN,NaN,NaN,NaN,,NaN,,2840.651213166,2840.81534875,2840.81534875,2840.81534875,2840.81534875,2840.81534875,2840.81534875,2840.81534875,2840.81534875,2840.81534875,2845.816052416,7,-7,8,5,3.96625662499991,5,4.90173654199998,2840.365259625,2840.367193916,2840.81534875,2840.651200666,NaN,NaN,NaN,NaN,,NaN,,2840.361671791,2840.365213125,None,NaN,NaN,,NaN,NaN,NaN,NaN,NaN,NaN,NaN,10,kitchen,2,2024-04-08_11h04.40.518,image_similarity_rating,2023.2.3,None,2024-04-08 11h04.52.405542 +0200
,120,121,406,406,stimuli/own/kitchen/120_kit.jpg,stimuli/own/kitchen/121_kit.jpg,NaN,NaN,NaN,NaN,NaN,NaN,NaN,NaN,0,485,485,405,2845.821728041,NaN,NaN,NaN,NaN,NaN,NaN,NaN,,NaN,,2846.113992375,2846.279354291,2846.279354291,2846.279354291,2846.279354291,2846.279354291,2846.279354291,2846.279354291,2846.279354291,2846.279354291,2850.132651708,-7,7,8,2,3.08616587500001,3,3.71250191700028,2845.819790458,2845.821728041,2846.279354291,2846.113977375,NaN,NaN,NaN,NaN,,NaN,,2845.816271875,2845.819744041,None,NaN,NaN,,NaN,NaN,NaN,NaN,NaN,NaN,NaN,10,kitchen,2,2024-04-08_11h04.40.518,image_similarity_rating,2023.2.3,None,2024-04-08 11h04.52.405542 +0200
,102,137,63,63,stimuli/own/kitchen/102_kit.jpg,stimuli/own/kitchen/137_kit.jpg,NaN,NaN,NaN,NaN,NaN,NaN,NaN,NaN,0,486,486,62,2850.146136458,NaN,NaN,NaN,NaN,NaN,NaN,NaN,,NaN,,2850.431081791,2850.596079,2850.596079,2850.596079,2850.596079,2850.596079,2850.596079,2850.596079,2850.596079,2850.596079,2854.358099,-7,7,8,2,3.75269133400025,2,2.97541470800024,2850.1366445,2850.146136458,2850.596079,2850.431063875,NaN,NaN,NaN,NaN,,NaN,,2850.132887916,2850.136595625,None,NaN,NaN,,NaN,NaN,NaN,NaN,NaN,NaN,NaN,10,kitchen,2,2024-04-08_11h04.40.518,image_similarity_rating,2023.2.3,None,2024-04-08 11h04.52.405542 +0200
,127,140,528,528,stimuli/own/kitchen/127_kit.jpg,stimuli/own/kitchen/140_kit.jpg,NaN,NaN,NaN,NaN,NaN,NaN,NaN,NaN,0,487,487,527,2854.364640791,NaN,NaN,NaN,NaN,NaN,NaN,NaN,,NaN,,2854.65205475,2854.816420625,2854.816420625,2854.816420625,2854.816420625,2854.816420625,2854.816420625,2854.816420625,2854.816420625,2854.816420625,2857.769445916,7,-7,8,3,2.3380270409998,2,2.90368179200004,2854.361767208,2854.364640791,2854.816420625,2854.652037541,NaN,NaN,NaN,NaN,,NaN,,2854.358317625,2854.3617045,None,NaN,NaN,,NaN,NaN,NaN,NaN,NaN,NaN,NaN,10,kitchen,2,2024-04-08_11h04.40.518,image_similarity_rating,2023.2.3,None,2024-04-08 11h04.52.405542 +0200
,137,139,587,587,stimuli/own/kitchen/137_kit.jpg,stimuli/own/kitchen/139_kit.jpg,NaN,NaN,NaN,NaN,NaN,NaN,NaN,NaN,0,488,488,586,2857.779290791,NaN,NaN,NaN,NaN,NaN,NaN,NaN,,NaN,,2858.064976625,2858.231284166,2858.231284166,2858.231284166,2858.231284166,2858.231284166,2858.231284166,2858.231284166,2858.231284166,2858.231284166,2862.023918583,-7,7,8,4,2.46801004099962,2,3.14578533299982,2857.77308325,2857.779290791,2858.231284166,2858.064956625,NaN,NaN,NaN,NaN,,NaN,,2857.769664666,2857.773037041,None,NaN,NaN,,NaN,NaN,NaN,NaN,NaN,NaN,NaN,10,kitchen,2,2024-04-08_11h04.40.518,image_similarity_rating,2023.2.3,None,2024-04-08 11h04.52.405542 +0200
,126,134,510,510,stimuli/own/kitchen/126_kit.jpg,stimuli/own/kitchen/134_kit.jpg,NaN,NaN,NaN,NaN,NaN,NaN,NaN,NaN,0,489,489,509,2862.046171833,NaN,NaN,NaN,NaN,NaN,NaN,NaN,,NaN,,2862.330175041,2862.502607791,2862.502607791,2862.502607791,2862.502607791,2862.502607791,2862.502607791,2862.502607791,2862.502607791,2862.502607791,2867.06219125,7,-7,8,3,3.13285320799969,5,4.54115191699975,2862.0275545,2862.046171833,NaN,2862.330149791,NaN,NaN,NaN,NaN,,NaN,,2862.024137541,2862.02750825,None,NaN,NaN,,NaN,NaN,NaN,NaN,NaN,NaN,NaN,10,kitchen,2,2024-04-08_11h04.40.518,image_similarity_rating,2023.2.3,None,2024-04-08 11h04.52.405542 +0200
,121,123,426,426,stimuli/own/kitchen/121_kit.jpg,stimuli/own/kitchen/123_kit.jpg,NaN,NaN,NaN,NaN,NaN,NaN,NaN,NaN,0,490,490,425,2867.067754208,NaN,NaN,NaN,NaN,NaN,NaN,NaN,,NaN,,2867.351249333,2867.517540041,2867.517540041,2867.517540041,2867.517540041,2867.517540041,2867.517540041,2867.517540041,2867.517540041,2867.517540041,2872.502900666,-7,7,8,2,4.13464849999991,1,4.89972024999997,2867.065843833,2867.067754208,2867.517540041,2867.351235958,NaN,NaN,NaN,NaN,,NaN,,2867.062409416,2867.065796791,None,NaN,NaN,,NaN,NaN,NaN,NaN,NaN,NaN,NaN,10,kitchen,2,2024-04-08_11h04.40.518,image_similarity_rating,2023.2.3,None,2024-04-08 11h04.52.405542 +0200
,139,140,593,593,stimuli/own/kitchen/139_kit.jpg,stimuli/own/kitchen/140_kit.jpg,NaN,NaN,NaN,NaN,NaN,NaN,NaN,NaN,0,491,491,592,2872.512715958,NaN,NaN,NaN,NaN,NaN,NaN,NaN,,NaN,,2872.797182916,2872.963307208,2872.963307208,2872.963307208,2872.963307208,2872.963307208,2872.963307208,2872.963307208,2872.963307208,2872.963307208,2877.661416625,-7,7,8,2,3.24962800000003,2,4.58477683299998,2872.506620291,2872.512715958,2872.963307208,2872.797167708,NaN,NaN,NaN,NaN,,NaN,,2872.503119333,2872.506572875,None,NaN,NaN,,NaN,NaN,NaN,NaN,NaN,NaN,NaN,10,kitchen,2,2024-04-08_11h04.40.518,image_similarity_rating,2023.2.3,None,2024-04-08 11h04.52.405542 +0200
,119,129,394,394,stimuli/own/kitchen/119_kit.jpg,stimuli/own/kitchen/129_kit.jpg,NaN,NaN,NaN,NaN,NaN,NaN,NaN,NaN,0,492,492,393,2877.667173333,NaN,NaN,NaN,NaN,NaN,NaN,NaN,,NaN,,2877.951737916,2878.121994375,2878.121994375,2878.121994375,2878.121994375,2878.121994375,2878.121994375,2878.121994375,2878.121994375,2878.121994375,2880.752013666,7,-7,8,1,2.56875891599975,1,1.67201095899964,2877.665091041,2877.667173333,2878.121994375,2877.951722958,NaN,NaN,NaN,NaN,,NaN,,2877.66165975,2877.665044291,None,NaN,NaN,,NaN,NaN,NaN,NaN,NaN,NaN,NaN,10,kitchen,2,2024-04-08_11h04.40.518,image_similarity_rating,2023.2.3,None,2024-04-08 11h04.52.405542 +0200
,101,140,33,33,stimuli/own/kitchen/101_kit.jpg,stimuli/own/kitchen/140_kit.jpg,NaN,NaN,NaN,NaN,NaN,NaN,NaN,NaN,0,493,493,32,2880.762558041,NaN,NaN,NaN,NaN,NaN,NaN,NaN,,NaN,,2881.047296541,2881.211947083,2881.211947083,2881.211947083,2881.211947083,2881.211947083,2881.211947083,2881.211947083,2881.211947083,2881.211947083,2886.086433541,7,-7,8,3,3.97847320799974,2,4.63829795799984,2880.755763625,2880.762558041,2881.211947083,2881.047283583,NaN,NaN,NaN,NaN,,NaN,,2880.752231,2880.755714958,None,NaN,NaN,,NaN,NaN,NaN,NaN,NaN,NaN,NaN,10,kitchen,2,2024-04-08_11h04.40.518,image_similarity_rating,2023.2.3,None,2024-04-08 11h04.52.405542 +0200
,102,123,51,51,stimuli/own/kitchen/102_kit.jpg,stimuli/own/kitchen/123_kit.jpg,NaN,NaN,NaN,NaN,NaN,NaN,NaN,NaN,0,494,494,50,2886.095808625,NaN,NaN,NaN,NaN,NaN,NaN,NaN,,NaN,,2886.38044725,2886.546548916,2886.546548916,2886.546548916,2886.546548916,2886.546548916,2886.546548916,2886.546548916,2886.546548916,2886.546548916,2892.711210166,7,-7,8,4,5.41399570800013,2,6.1208845000001,2886.090077291,2886.095808625,2886.546548916,2886.380432166,NaN,NaN,NaN,NaN,,NaN,,2886.086650916,2886.090030666,None,NaN,NaN,,NaN,NaN,NaN,NaN,NaN,NaN,NaN,10,kitchen,2,2024-04-08_11h04.40.518,image_similarity_rating,2023.2.3,None,2024-04-08 11h04.52.405542 +0200
,126,135,511,511,stimuli/own/kitchen/126_kit.jpg,stimuli/own/kitchen/135_kit.jpg,NaN,NaN,NaN,NaN,NaN,NaN,NaN,NaN,0,495,495,510,2892.716753041,NaN,NaN,NaN,NaN,NaN,NaN,NaN,,NaN,,2893.001434166,2893.170211208,2893.170211208,2893.170211208,2893.170211208,2893.170211208,2893.170211208,2893.170211208,2893.170211208,2893.170211208,2896.999032,-7,7,8,4,3.0635494170001,2,3.75409670799991,2892.714997166,2892.716753041,2893.170211208,2893.001419,NaN,NaN,NaN,NaN,,NaN,,2892.71143025,2892.714949958,None,NaN,NaN,,NaN,NaN,NaN,NaN,NaN,NaN,NaN,10,kitchen,2,2024-04-08_11h04.40.518,image_similarity_rating,2023.2.3,None,2024-04-08 11h04.52.405542 +0200
,116,137,338,338,stimuli/own/kitchen/116_kit.jpg,stimuli/own/kitchen/137_kit.jpg,NaN,NaN,NaN,NaN,NaN,NaN,NaN,NaN,0,496,496,337,2897.004787208,NaN,NaN,NaN,NaN,NaN,NaN,NaN,,NaN,,2897.297216375,2897.466655458,2897.466655458,2897.466655458,2897.466655458,2897.466655458,2897.466655458,2897.466655458,2897.466655458,2897.466655458,2903.831600208,7,-7,8,3,3.80269966700007,2,6.29335041600007,2897.002685791,2897.004787208,2897.466655458,2897.297200416,NaN,NaN,NaN,NaN,,NaN,,2896.999253125,2897.002637416,None,NaN,NaN,,NaN,NaN,NaN,NaN,NaN,NaN,NaN,10,kitchen,2,2024-04-08_11h04.40.518,image_similarity_rating,2023.2.3,None,2024-04-08 11h04.52.405542 +0200
,116,129,331,331,stimuli/own/kitchen/116_kit.jpg,stimuli/own/kitchen/129_kit.jpg,NaN,NaN,NaN,NaN,NaN,NaN,NaN,NaN,0,497,497,330,2903.837314125,NaN,NaN,NaN,NaN,NaN,NaN,NaN,,NaN,,2904.130356458,2904.299522791,2904.299522791,2904.299522791,2904.299522791,2904.299522791,2904.299522791,2904.299522791,2904.299522791,2904.299522791,2907.390201208,-7,7,8,1,3.15284124999971,1,2.06350829200028,2903.835234166,2903.837314125,2904.299522791,2904.1303395,NaN,NaN,NaN,NaN,,NaN,,2903.831819708,2903.835187416,None,NaN,NaN,,NaN,NaN,NaN,NaN,NaN,NaN,NaN,10,kitchen,2,2024-04-08_11h04.40.518,image_similarity_rating,2023.2.3,None,2024-04-08 11h04.52.405542 +0200
,102,119,47,47,stimuli/own/kitchen/102_kit.jpg,stimuli/own/kitchen/119_kit.jpg,NaN,NaN,NaN,NaN,NaN,NaN,NaN,NaN,0,498,498,46,2907.395970041,NaN,NaN,NaN,NaN,NaN,NaN,NaN,,NaN,,2907.680491416,2907.843418875,2907.843418875,2907.843418875,2907.843418875,2907.843418875,2907.843418875,2907.843418875,2907.843418875,2907.843418875,2912.481569791,-7,7,8,3,3.11778316699974,2,4.53810912499966,2907.393814875,2907.395970041,2907.843418875,2907.680480791,NaN,NaN,NaN,NaN,,NaN,,2907.390416041,2907.393768708,None,NaN,NaN,,NaN,NaN,NaN,NaN,NaN,NaN,NaN,10,kitchen,2,2024-04-08_11h04.40.518,image_similarity_rating,2023.2.3,None,2024-04-08 11h04.52.405542 +0200
,114,129,308,308,stimuli/own/kitchen/114_kit.jpg,stimuli/own/kitchen/129_kit.jpg,NaN,NaN,NaN,NaN,NaN,NaN,NaN,NaN,0,499,499,307,2912.487234875,NaN,NaN,NaN,NaN,NaN,NaN,NaN,,NaN,,2912.78037525,2912.949503333,2912.949503333,2912.949503333,2912.949503333,2912.949503333,2912.949503333,2912.949503333,2912.949503333,2912.949503333,2918.139932958,7,-7,8,1,5.16796116700016,1,4.42716449999989,2912.485301375,2912.487234875,2912.949503333,2912.780349125,NaN,NaN,NaN,NaN,,NaN,,2912.481784083,2912.485254791,None,NaN,NaN,,NaN,NaN,NaN,NaN,NaN,NaN,NaN,10,kitchen,2,2024-04-08_11h04.40.518,image_similarity_rating,2023.2.3,None,2024-04-08 11h04.52.405542 +0200
,106,121,171,171,stimuli/own/kitchen/106_kit.jpg,stimuli/own/kitchen/121_kit.jpg,NaN,NaN,NaN,NaN,NaN,NaN,NaN,NaN,0,500,500,170,2918.145802541,NaN,NaN,NaN,NaN,NaN,NaN,NaN,,NaN,,2918.430722083,2918.603008708,2918.603008708,2918.603008708,2918.603008708,2918.603008708,2918.603008708,2918.603008708,2918.603008708,2918.603008708,2922.064868333,-7,7,8,1,3.33904054100003,1,2.45822620799981,2918.143612583,2918.145802541,2918.603008708,2918.430695458,NaN,NaN,NaN,NaN,,NaN,,2918.140152083,2918.143566125,None,NaN,NaN,,NaN,NaN,NaN,NaN,NaN,NaN,NaN,10,kitchen,2,2024-04-08_11h04.40.518,image_similarity_rating,2023.2.3,None,2024-04-08 11h04.52.405542 +0200
,117,131,355,355,stimuli/own/kitchen/117_kit.jpg,stimuli/own/kitchen/131_kit.jpg,NaN,NaN,NaN,NaN,NaN,NaN,NaN,NaN,0,501,501,354,2922.070424291,NaN,NaN,NaN,NaN,NaN,NaN,NaN,,NaN,,2922.363839791,2922.532042708,2922.532042708,2922.532042708,2922.532042708,2922.532042708,2922.532042708,2922.532042708,2922.532042708,2922.532042708,2927.582213458,7,-7,8,1,4.25687233300005,1,5.03936845899989,2922.068501458,2922.070424291,2922.532042708,2922.363820083,NaN,NaN,NaN,NaN,,NaN,,2922.065086166,2922.06845575,None,NaN,NaN,,NaN,NaN,NaN,NaN,NaN,NaN,NaN,10,kitchen,2,2024-04-08_11h04.40.518,image_similarity_rating,2023.2.3,None,2024-04-08 11h04.52.405542 +0200
,102,120,48,48,stimuli/own/kitchen/102_kit.jpg,stimuli/own/kitchen/120_kit.jpg,NaN,NaN,NaN,NaN,NaN,NaN,NaN,NaN,0,502,502,47,2927.587776958,NaN,NaN,NaN,NaN,NaN,NaN,NaN,,NaN,,2927.880423416,2928.049488333,2928.049488333,2928.049488333,2928.049488333,2928.049488333,2928.049488333,2928.049488333,2928.049488333,2928.049488333,2931.714750541,-7,7,8,3,3.01752208300013,2,3.61502691600026,2927.585857958,2927.587776958,2928.049488333,2927.88040725,NaN,NaN,NaN,NaN,,NaN,,2927.582434333,2927.585812,None,NaN,NaN,,NaN,NaN,NaN,NaN,NaN,NaN,NaN,10,kitchen,2,2024-04-08_11h04.40.518,image_similarity_rating,2023.2.3,None,2024-04-08 11h04.52.405542 +0200
,101,112,8,8,stimuli/own/kitchen/101_kit.jpg,stimuli/own/kitchen/112_kit.jpg,NaN,NaN,NaN,NaN,NaN,NaN,NaN,NaN,0,503,503,7,2931.720331833,NaN,NaN,NaN,NaN,NaN,NaN,NaN,,NaN,,2932.01383875,2932.181372458,2932.181372458,2932.181372458,2932.181372458,2932.181372458,2932.181372458,2932.181372458,2932.181372458,2932.181372458,2935.973237375,-7,7,8,2,2.84286716699989,2,3.66607962500029,2931.718388291,2931.720331833,2932.181372458,2932.013820083,NaN,NaN,NaN,NaN,,NaN,,2931.714965458,2931.718342,None,NaN,NaN,,NaN,NaN,NaN,NaN,NaN,NaN,NaN,10,kitchen,2,2024-04-08_11h04.40.518,image_similarity_rating,2023.2.3,None,2024-04-08 11h04.52.405542 +0200
,102,139,65,607,stimuli/own/kitchen/102_kit.jpg,stimuli/own/kitchen/139_kit.jpg,NaN,NaN,NaN,NaN,NaN,NaN,NaN,NaN,0,504,504,606,2935.979053458,NaN,NaN,NaN,NaN,NaN,NaN,NaN,,NaN,,3001.248135625,3001.42196575,3001.42196575,3001.42196575,3001.42196575,3001.42196575,3001.42196575,3001.42196575,3001.42196575,3001.42196575,3006.381818541,7,-7,9,3,3.99538458400002,2,4.87099745900014,3000.954330208,3000.962728,3001.42196575,3001.248116375,NaN,NaN,NaN,NaN,,NaN,,2935.973452791,3000.953963166,space,2935.979053458,64.9747443749998,None,NaN,NaN,NaN,NaN,NaN,NaN,NaN,10,kitchen,2,2024-04-08_11h04.40.518,image_similarity_rating,2023.2.3,None,2024-04-08 11h04.52.405542 +0200
,123,127,463,463,stimuli/own/kitchen/123_kit.jpg,stimuli/own/kitchen/127_kit.jpg,NaN,NaN,NaN,NaN,NaN,NaN,NaN,NaN,0,505,505,462,3006.3955405,NaN,NaN,NaN,NaN,NaN,NaN,NaN,,NaN,,3006.679948916,3006.845784625,3006.845784625,3006.845784625,3006.845784625,3006.845784625,3006.845784625,3006.845784625,3006.845784625,3006.845784625,3011.434992375,7,-7,9,2,2.7637909580003,2,4.00871474999985,3006.386055916,3006.3955405,3006.845784625,3006.679933041,NaN,NaN,NaN,NaN,,NaN,,3006.382067375,3006.386003875,None,NaN,NaN,,NaN,NaN,NaN,NaN,NaN,NaN,NaN,10,kitchen,2,2024-04-08_11h04.40.518,image_similarity_rating,2023.2.3,None,2024-04-08 11h04.52.405542 +0200
,116,130,332,332,stimuli/own/kitchen/116_kit.jpg,stimuli/own/kitchen/130_kit.jpg,NaN,NaN,NaN,NaN,NaN,NaN,NaN,NaN,0,506,506,331,3011.4453575,NaN,NaN,NaN,NaN,NaN,NaN,NaN,,NaN,,3011.731283791,3011.89666025,3011.89666025,3011.89666025,3011.89666025,3011.89666025,3011.89666025,3011.89666025,3011.89666025,3011.89666025,3016.739636416,-7,7,9,3,3.12925612499976,3,4.74453608300018,3011.438757208,3011.4453575,3011.89666025,3011.731268666,NaN,NaN,NaN,NaN,,NaN,,3011.435212083,3011.4387105,None,NaN,NaN,,NaN,NaN,NaN,NaN,NaN,NaN,NaN,10,kitchen,2,2024-04-08_11h04.40.518,image_similarity_rating,2023.2.3,None,2024-04-08 11h04.52.405542 +0200
,106,119,169,169,stimuli/own/kitchen/106_kit.jpg,stimuli/own/kitchen/119_kit.jpg,NaN,NaN,NaN,NaN,NaN,NaN,NaN,NaN,0,507,507,168,3016.745259958,NaN,NaN,NaN,NaN,NaN,NaN,NaN,,NaN,,3017.030221083,3017.19627725,3017.19627725,3017.19627725,3017.19627725,3017.19627725,3017.19627725,3017.19627725,3017.19627725,3017.19627725,3021.135711333,-7,7,9,1,2.40804787500019,1,3.61613637499977,3016.743288666,3016.745259958,3017.19627725,3017.030202208,NaN,NaN,NaN,NaN,,NaN,,3016.739853625,3016.743241666,None,NaN,NaN,,NaN,NaN,NaN,NaN,NaN,NaN,NaN,10,kitchen,2,2024-04-08_11h04.40.518,image_similarity_rating,2023.2.3,None,2024-04-08 11h04.52.405542 +0200
,116,126,329,329,stimuli/own/kitchen/116_kit.jpg,stimuli/own/kitchen/126_kit.jpg,NaN,NaN,NaN,NaN,NaN,NaN,NaN,NaN,0,508,508,328,3021.145576958,NaN,NaN,NaN,NaN,NaN,NaN,NaN,,NaN,,3021.431307208,3021.601362416,3021.601362416,3021.601362416,3021.601362416,3021.601362416,3021.601362416,3021.601362416,3021.601362416,3021.601362416,3024.735174916,7,-7,9,4,2.01808075000008,2,2.99892120799996,3021.1393755,3021.145576958,3021.601362416,3021.431290375,NaN,NaN,NaN,NaN,,NaN,,3021.135931916,3021.139328625,None,NaN,NaN,,NaN,NaN,NaN,NaN,NaN,NaN,NaN,10,kitchen,2,2024-04-08_11h04.40.518,image_similarity_rating,2023.2.3,None,2024-04-08 11h04.52.405542 +0200
,129,140,539,539,stimuli/own/kitchen/129_kit.jpg,stimuli/own/kitchen/140_kit.jpg,NaN,NaN,NaN,NaN,NaN,NaN,NaN,NaN,0,509,509,538,3024.74532075,NaN,NaN,NaN,NaN,NaN,NaN,NaN,,NaN,,3025.030075541,3025.201510208,3025.201510208,3025.201510208,3025.201510208,3025.201510208,3025.201510208,3025.201510208,3025.201510208,3025.201510208,3028.261207791,7,-7,9,1,2.14457837500004,1,2.74904962500023,3024.738958458,3024.74532075,3025.201510208,3025.030049458,NaN,NaN,NaN,NaN,,NaN,,3024.735393083,3024.738911666,None,NaN,NaN,,NaN,NaN,NaN,NaN,NaN,NaN,NaN,10,kitchen,2,2024-04-08_11h04.40.518,image_similarity_rating,2023.2.3,None,2024-04-08 11h04.52.405542 +0200
,102,132,59,59,stimuli/own/kitchen/102_kit.jpg,stimuli/own/kitchen/132_kit.jpg,NaN,NaN,NaN,NaN,NaN,NaN,NaN,NaN,0,510,510,58,3028.266948166,NaN,NaN,NaN,NaN,NaN,NaN,NaN,,NaN,,3028.550722625,3028.71605375,3028.71605375,3028.71605375,3028.71605375,3028.71605375,3028.71605375,3028.71605375,3028.71605375,3028.71605375,3033.744361333,-7,7,9,5,4.099195667,2,4.95338737500015,3028.265002291,3028.266948166,3028.71605375,3028.5507105,NaN,NaN,NaN,NaN,,NaN,,3028.261425,3028.264955625,None,NaN,NaN,,NaN,NaN,NaN,NaN,NaN,NaN,NaN,10,kitchen,2,2024-04-08_11h04.40.518,image_similarity_rating,2023.2.3,None,2024-04-08 11h04.52.405542 +0200
,124,130,480,480,stimuli/own/kitchen/124_kit.jpg,stimuli/own/kitchen/130_kit.jpg,NaN,NaN,NaN,NaN,NaN,NaN,NaN,NaN,0,511,511,479,3033.749800375,NaN,NaN,NaN,NaN,NaN,NaN,NaN,,NaN,,3034.034603208,3034.199121041,3034.199121041,3034.199121041,3034.199121041,3034.199121041,3034.199121041,3034.199121041,3034.199121041,3034.199121041,3040.556361125,-7,7,9,4,5.46260279099988,3,6.30795841700001,3033.748043291,3033.749800375,3034.199121041,3034.034586041,NaN,NaN,NaN,NaN,,NaN,,3033.744580833,3033.747996541,None,NaN,NaN,,NaN,NaN,NaN,NaN,NaN,NaN,NaN,10,kitchen,2,2024-04-08_11h04.40.518,image_similarity_rating,2023.2.3,None,2024-04-08 11h04.52.405542 +0200
,114,124,304,304,stimuli/own/kitchen/114_kit.jpg,stimuli/own/kitchen/124_kit.jpg,NaN,NaN,NaN,NaN,NaN,NaN,NaN,NaN,0,512,512,303,3040.561906583,NaN,NaN,NaN,NaN,NaN,NaN,NaN,,NaN,,3040.846734125,3041.012094958,3041.012094958,3041.012094958,3041.012094958,3041.012094958,3041.012094958,3041.012094958,3041.012094958,3041.012094958,3046.047677375,7,-7,9,4,3.45039145800001,3,4.78791895800032,3040.560017916,3040.561906583,3041.012094958,3040.846719291,NaN,NaN,NaN,NaN,,NaN,,3040.556578833,3040.559971458,None,NaN,NaN,,NaN,NaN,NaN,NaN,NaN,NaN,NaN,10,kitchen,2,2024-04-08_11h04.40.518,image_similarity_rating,2023.2.3,None,2024-04-08 11h04.52.405542 +0200
,105,137,156,156,stimuli/own/kitchen/105_kit.jpg,stimuli/own/kitchen/137_kit.jpg,NaN,NaN,NaN,NaN,NaN,NaN,NaN,NaN,0,513,513,155,3046.053261625,NaN,NaN,NaN,NaN,NaN,NaN,NaN,,NaN,,3046.346808541,3046.519787625,3046.519787625,3046.519787625,3046.519787625,3046.519787625,3046.519787625,3046.519787625,3046.519787625,3046.519787625,3050.931421833,-7,7,9,4,4.36127041600002,2,3.18041837500004,3046.05133725,3046.053261625,3046.519787625,3046.346787041,NaN,NaN,NaN,NaN,,NaN,,3046.04789575,3046.051290541,None,NaN,NaN,,NaN,NaN,NaN,NaN,NaN,NaN,NaN,10,kitchen,2,2024-04-08_11h04.40.518,image_similarity_rating,2023.2.3,None,2024-04-08 11h04.52.405542 +0200
,122,138,456,456,stimuli/own/kitchen/122_kit.jpg,stimuli/own/kitchen/138_kit.jpg,NaN,NaN,NaN,NaN,NaN,NaN,NaN,NaN,0,514,514,455,3050.945286125,NaN,NaN,NaN,NaN,NaN,NaN,NaN,,NaN,,3051.230629708,3051.3947885,3051.3947885,3051.3947885,3051.3947885,3051.3947885,3051.3947885,3051.3947885,3051.3947885,3051.3947885,3057.965508541,7,-7,9,4,5.83629108299965,2,6.46848720800017,3050.935183125,3050.945286125,3051.3947885,3051.230615625,NaN,NaN,NaN,NaN,,NaN,,3050.931636833,3050.935134541,None,NaN,NaN,,NaN,NaN,NaN,NaN,NaN,NaN,NaN,10,kitchen,2,2024-04-08_11h04.40.518,image_similarity_rating,2023.2.3,None,2024-04-08 11h04.52.405542 +0200
,104,138,127,127,stimuli/own/kitchen/104_kit.jpg,stimuli/own/kitchen/138_kit.jpg,NaN,NaN,NaN,NaN,NaN,NaN,NaN,NaN,0,515,515,126,3057.971390666,NaN,NaN,NaN,NaN,NaN,NaN,NaN,,NaN,,3058.264376458,3058.429184916,3058.429184916,3058.429184916,3058.429184916,3058.429184916,3058.429184916,3058.429184916,3058.429184916,3058.429184916,3064.510616791,-7,7,9,5,4.24934916700022,3,6.00722404099997,3057.969294208,3057.971390666,3058.429184916,3058.264362833,NaN,NaN,NaN,NaN,,NaN,,3057.965729291,3057.969247416,None,NaN,NaN,,NaN,NaN,NaN,NaN,NaN,NaN,NaN,10,kitchen,2,2024-04-08_11h04.40.518,image_similarity_rating,2023.2.3,None,2024-04-08 11h04.52.405542 +0200
,120,122,407,407,stimuli/own/kitchen/120_kit.jpg,stimuli/own/kitchen/122_kit.jpg,NaN,NaN,NaN,NaN,NaN,NaN,NaN,NaN,0,516,516,406,3064.516243375,NaN,NaN,NaN,NaN,NaN,NaN,NaN,,NaN,,3064.802164791,3064.965972041,3064.965972041,3064.965972041,3064.965972041,3064.965972041,3064.965972041,3064.965972041,3064.965972041,3064.965972041,3069.719952666,-7,7,9,3,4.10000179100007,3,4.66404045800027,3064.514420791,3064.516243375,3064.965972041,3064.802152583,NaN,NaN,NaN,NaN,,NaN,,3064.510836083,3064.514372958,None,NaN,NaN,,NaN,NaN,NaN,NaN,NaN,NaN,NaN,10,kitchen,2,2024-04-08_11h04.40.518,image_similarity_rating,2023.2.3,None,2024-04-08 11h04.52.405542 +0200
,130,138,547,547,stimuli/own/kitchen/130_kit.jpg,stimuli/own/kitchen/138_kit.jpg,NaN,NaN,NaN,NaN,NaN,NaN,NaN,NaN,0,517,517,546,3069.728443791,NaN,NaN,NaN,NaN,NaN,NaN,NaN,,NaN,,3070.0130805,3070.180624583,3070.180624583,3070.180624583,3070.180624583,3070.180624583,3070.180624583,3070.180624583,3070.180624583,3070.180624583,3074.968206041,-7,7,9,4,3.89592087500023,2,4.71418754200022,3069.723611875,3069.728443791,3070.180624583,3070.013053791,NaN,NaN,NaN,NaN,,NaN,,3069.720170791,3069.723565333,None,NaN,NaN,,NaN,NaN,NaN,NaN,NaN,NaN,NaN,10,kitchen,2,2024-04-08_11h04.40.518,image_similarity_rating,2023.2.3,None,2024-04-08 11h04.52.405542 +0200
,123,134,468,468,stimuli/own/kitchen/123_kit.jpg,stimuli/own/kitchen/134_kit.jpg,NaN,NaN,NaN,NaN,NaN,NaN,NaN,NaN,0,518,518,467,3074.978535458,NaN,NaN,NaN,NaN,NaN,NaN,NaN,,NaN,,3075.26314,3075.429489916,3075.429489916,3075.429489916,3075.429489916,3075.429489916,3075.429489916,3075.429489916,3075.429489916,3075.429489916,3079.206152958,-7,7,9,2,2.43354537499999,2,3.65393683299999,3074.9718665,3074.978535458,3075.429489916,3075.263120208,NaN,NaN,NaN,NaN,,NaN,,3074.968424125,3074.971819833,None,NaN,NaN,,NaN,NaN,NaN,NaN,NaN,NaN,NaN,10,kitchen,2,2024-04-08_11h04.40.518,image_similarity_rating,2023.2.3,None,2024-04-08 11h04.52.405542 +0200
,101,127,22,22,stimuli/own/kitchen/101_kit.jpg,stimuli/own/kitchen/127_kit.jpg,NaN,NaN,NaN,NaN,NaN,NaN,NaN,NaN,0,519,519,21,3079.211695875,NaN,NaN,NaN,NaN,NaN,NaN,NaN,,NaN,,3079.497015833,3079.662930583,3079.662930583,3079.662930583,3079.662930583,3079.662930583,3079.662930583,3079.662930583,3079.662930583,3079.662930583,3083.922843666,-7,7,9,4,3.05311162499993,2,3.84894941599987,3079.209816166,3079.211695875,3079.662930583,3079.497000875,NaN,NaN,NaN,NaN,,NaN,,3079.206373958,3079.209769916,None,NaN,NaN,,NaN,NaN,NaN,NaN,NaN,NaN,NaN,10,kitchen,2,2024-04-08_11h04.40.518,image_similarity_rating,2023.2.3,None,2024-04-08 11h04.52.405542 +0200
,111,130,234,234,stimuli/own/kitchen/111_kit.jpg,stimuli/own/kitchen/130_kit.jpg,NaN,NaN,NaN,NaN,NaN,NaN,NaN,NaN,0,520,520,233,3083.94537025,NaN,NaN,NaN,NaN,NaN,NaN,NaN,,NaN,,3084.229301541,3084.400965041,3084.400965041,3084.400965041,3084.400965041,3084.400965041,3084.400965041,3084.400965041,3084.400965041,3084.400965041,3089.134939083,7,-7,9,5,3.71693004200006,2,4.5460217079999,3083.92663875,3083.94537025,NaN,3084.229280625,NaN,NaN,NaN,NaN,,NaN,,3083.923062416,3083.92659025,None,NaN,NaN,,NaN,NaN,NaN,NaN,NaN,NaN,NaN,10,kitchen,2,2024-04-08_11h04.40.518,image_similarity_rating,2023.2.3,None,2024-04-08 11h04.52.405542 +0200
,106,140,188,188,stimuli/own/kitchen/106_kit.jpg,stimuli/own/kitchen/140_kit.jpg,NaN,NaN,NaN,NaN,NaN,NaN,NaN,NaN,0,521,521,187,3089.145557541,NaN,NaN,NaN,NaN,NaN,NaN,NaN,,NaN,,3089.429711291,3089.599104,3089.599104,3089.599104,3089.599104,3089.599104,3089.599104,3089.599104,3089.599104,3089.599104,3094.227587583,7,-7,9,6,3.82879279100007,2,4.55328720800026,3089.138592125,3089.145557541,3089.599104,3089.429693416,NaN,NaN,NaN,NaN,,NaN,,3089.135158333,3089.138544958,None,NaN,NaN,,NaN,NaN,NaN,NaN,NaN,NaN,NaN,10,kitchen,2,2024-04-08_11h04.40.518,image_similarity_rating,2023.2.3,None,2024-04-08 11h04.52.405542 +0200
,117,135,358,358,stimuli/own/kitchen/117_kit.jpg,stimuli/own/kitchen/135_kit.jpg,NaN,NaN,NaN,NaN,NaN,NaN,NaN,NaN,0,522,522,357,3094.233256625,NaN,NaN,NaN,NaN,NaN,NaN,NaN,,NaN,,3094.529759291,3094.696939791,3094.696939791,3094.696939791,3094.696939791,3094.696939791,3094.696939791,3094.696939791,3094.696939791,3094.696939791,3104.018707541,7,-7,9,4,7.610683333,3,8.77166541699989,3094.231382208,3094.233256625,3094.696939791,3094.529742458,NaN,NaN,NaN,NaN,,NaN,,3094.227811833,3094.231335625,None,NaN,NaN,,NaN,NaN,NaN,NaN,NaN,NaN,NaN,10,kitchen,2,2024-04-08_11h04.40.518,image_similarity_rating,2023.2.3,None,2024-04-08 11h04.52.405542 +0200
,103,132,91,91,stimuli/own/kitchen/103_kit.jpg,stimuli/own/kitchen/132_kit.jpg,NaN,NaN,NaN,NaN,NaN,NaN,NaN,NaN,0,523,523,90,3104.028294916,NaN,NaN,NaN,NaN,NaN,NaN,NaN,,NaN,,3104.313130708,3104.476829041,3104.476829041,3104.476829041,3104.476829041,3104.476829041,3104.476829041,3104.476829041,3104.476829041,3104.476829041,3107.394504083,7,-7,9,2,2.16170183400027,2,2.83033024999986,3104.022389166,3104.028294916,3104.476829041,3104.313118375,NaN,NaN,NaN,NaN,,NaN,,3104.018938708,3104.022342625,None,NaN,NaN,,NaN,NaN,NaN,NaN,NaN,NaN,NaN,10,kitchen,2,2024-04-08_11h04.40.518,image_similarity_rating,2023.2.3,None,2024-04-08 11h04.52.405542 +0200
,111,117,222,222,stimuli/own/kitchen/111_kit.jpg,stimuli/own/kitchen/117_kit.jpg,NaN,NaN,NaN,NaN,NaN,NaN,NaN,NaN,0,524,524,221,3107.400453666,NaN,NaN,NaN,NaN,NaN,NaN,NaN,,NaN,,3107.683879833,3107.851812916,3107.851812916,3107.851812916,3107.851812916,3107.851812916,3107.851812916,3107.851812916,3107.851812916,3107.851812916,3111.531422833,7,-7,9,4,2.46478083300008,3,3.62938350000013,3107.398354666,3107.400453666,3107.851812916,3107.683866375,NaN,NaN,NaN,NaN,,NaN,,3107.394720625,3107.398307625,None,NaN,NaN,,NaN,NaN,NaN,NaN,NaN,NaN,NaN,10,kitchen,2,2024-04-08_11h04.40.518,image_similarity_rating,2023.2.3,None,2024-04-08 11h04.52.405542 +0200
,111,112,218,218,stimuli/own/kitchen/111_kit.jpg,stimuli/own/kitchen/112_kit.jpg,NaN,NaN,NaN,NaN,NaN,NaN,NaN,NaN,0,525,525,217,3111.537284416,NaN,NaN,NaN,NaN,NaN,NaN,NaN,,NaN,,3111.82975625,3111.996283541,3111.996283541,3111.996283541,3111.996283541,3111.996283541,3111.996283541,3111.996283541,3111.996283541,3111.996283541,3120.02305125,-7,7,9,4,7.15239670899973,3,7.86515666700006,3111.535190458,3111.537284416,3111.996283541,3111.829739083,NaN,NaN,NaN,NaN,,NaN,,3111.53163775,3111.535144458,None,NaN,NaN,,NaN,NaN,NaN,NaN,NaN,NaN,NaN,10,kitchen,2,2024-04-08_11h04.40.518,image_similarity_rating,2023.2.3,None,2024-04-08 11h04.52.405542 +0200
,119,125,391,391,stimuli/own/kitchen/119_kit.jpg,stimuli/own/kitchen/125_kit.jpg,NaN,NaN,NaN,NaN,NaN,NaN,NaN,NaN,0,526,526,390,3120.044948791,NaN,NaN,NaN,NaN,NaN,NaN,NaN,,NaN,,3120.329181375,3120.499398041,3120.499398041,3120.499398041,3120.499398041,3120.499398041,3120.499398041,3120.499398041,3120.499398041,3120.499398041,3127.660333791,7,-7,9,4,5.45643800000016,2,7.0361765409998,3120.026713625,3120.044948791,NaN,3120.329160666,NaN,NaN,NaN,NaN,,NaN,,3120.023268916,3120.026667208,None,NaN,NaN,,NaN,NaN,NaN,NaN,NaN,NaN,NaN,10,kitchen,2,2024-04-08_11h04.40.518,image_similarity_rating,2023.2.3,None,2024-04-08 11h04.52.405542 +0200
,125,132,496,496,stimuli/own/kitchen/125_kit.jpg,stimuli/own/kitchen/132_kit.jpg,NaN,NaN,NaN,NaN,NaN,NaN,NaN,NaN,0,527,527,495,3127.665790041,NaN,NaN,NaN,NaN,NaN,NaN,NaN,,NaN,,3127.951030875,3128.115640541,3128.115640541,3128.115640541,3128.115640541,3128.115640541,3128.115640541,3128.115640541,3128.115640541,3128.115640541,3132.122637041,7,-7,9,6,3.34896900000012,2,3.98408387499967,3127.664040791,3127.665790041,3128.115640541,3127.951019416,NaN,NaN,NaN,NaN,,NaN,,3127.660552125,3127.663994208,None,NaN,NaN,,NaN,NaN,NaN,NaN,NaN,NaN,NaN,10,kitchen,2,2024-04-08_11h04.40.518,image_similarity_rating,2023.2.3,None,2024-04-08 11h04.52.405542 +0200
,114,127,307,307,stimuli/own/kitchen/114_kit.jpg,stimuli/own/kitchen/127_kit.jpg,NaN,NaN,NaN,NaN,NaN,NaN,NaN,NaN,0,528,528,306,3132.128213666,NaN,NaN,NaN,NaN,NaN,NaN,NaN,,NaN,,3132.412944666,3132.580849166,3132.580849166,3132.580849166,3132.580849166,3132.580849166,3132.580849166,3132.580849166,3132.580849166,3132.580849166,3138.414557375,-7,7,9,3,3.46900195799981,3,5.51497541699973,3132.126307333,3132.128213666,3132.580849166,3132.412924791,NaN,NaN,NaN,NaN,,NaN,,3132.122854125,3132.126260708,None,NaN,NaN,,NaN,NaN,NaN,NaN,NaN,NaN,NaN,10,kitchen,2,2024-04-08_11h04.40.518,image_similarity_rating,2023.2.3,None,2024-04-08 11h04.52.405542 +0200
,103,131,90,90,stimuli/own/kitchen/103_kit.jpg,stimuli/own/kitchen/131_kit.jpg,NaN,NaN,NaN,NaN,NaN,NaN,NaN,NaN,0,529,529,89,3138.420144583,NaN,NaN,NaN,NaN,NaN,NaN,NaN,,NaN,,3138.71371425,3138.8789525,3138.8789525,3138.8789525,3138.8789525,3138.8789525,3138.8789525,3138.8789525,3138.8789525,3138.8789525,3142.922986125,-7,7,9,1,4.08070699999962,1,3.06986970800017,3138.4182185,3138.420144583,3138.8789525,3138.713701333,NaN,NaN,NaN,NaN,,NaN,,3138.414774916,3138.418172083,None,NaN,NaN,,NaN,NaN,NaN,NaN,NaN,NaN,NaN,10,kitchen,2,2024-04-08_11h04.40.518,image_similarity_rating,2023.2.3,None,2024-04-08 11h04.52.405542 +0200
,121,122,425,425,stimuli/own/kitchen/121_kit.jpg,stimuli/own/kitchen/122_kit.jpg,NaN,NaN,NaN,NaN,NaN,NaN,NaN,NaN,0,530,530,424,3142.944902875,NaN,NaN,NaN,NaN,NaN,NaN,NaN,,NaN,,3143.229004666,3143.394878291,3143.394878291,3143.394878291,3143.394878291,3143.394878291,3143.394878291,3143.394878291,3143.394878291,3143.394878291,3147.422506125,7,-7,9,3,3.28908941700001,3,3.94109462500001,3142.926790333,3142.944902875,NaN,3143.228979416,NaN,NaN,NaN,NaN,,NaN,,3142.923203916,3142.9267435,None,NaN,NaN,,NaN,NaN,NaN,NaN,NaN,NaN,NaN,10,kitchen,2,2024-04-08_11h04.40.518,image_similarity_rating,2023.2.3,None,2024-04-08 11h04.52.405542 +0200
,113,137,291,291,stimuli/own/kitchen/113_kit.jpg,stimuli/own/kitchen/137_kit.jpg,NaN,NaN,NaN,NaN,NaN,NaN,NaN,NaN,0,531,531,290,3147.427939791,NaN,NaN,NaN,NaN,NaN,NaN,NaN,,NaN,,3147.713745,3147.883510333,3147.883510333,3147.883510333,3147.883510333,3147.883510333,3147.883510333,3147.883510333,3147.883510333,3147.883510333,3154.943588875,7,-7,9,2,7.05847300000005,2,5.90618362499981,3147.426167541,3147.427939791,3147.883510333,3147.713728916,NaN,NaN,NaN,NaN,,NaN,,3147.422725833,3147.42612025,None,NaN,NaN,,NaN,NaN,NaN,NaN,NaN,NaN,NaN,10,kitchen,2,2024-04-08_11h04.40.518,image_similarity_rating,2023.2.3,None,2024-04-08 11h04.52.405542 +0200
,104,131,121,614,stimuli/own/kitchen/104_kit.jpg,stimuli/own/kitchen/131_kit.jpg,NaN,NaN,NaN,NaN,NaN,NaN,NaN,NaN,0,532,532,613,3154.949082458,NaN,NaN,NaN,NaN,NaN,NaN,NaN,,NaN,,3155.233726625,3155.402546333,3155.402546333,3155.402546333,3155.402546333,3155.402546333,3155.402546333,3155.402546333,3155.402546333,3155.402546333,3159.960262666,7,-7,9,3,3.67828575000021,1,4.36971416599999,3154.947308041,3154.949082458,3155.402546333,3155.233711083,NaN,NaN,NaN,NaN,,NaN,,3154.943806625,3154.947261125,None,NaN,NaN,,NaN,NaN,NaN,NaN,NaN,NaN,NaN,10,kitchen,2,2024-04-08_11h04.40.518,image_similarity_rating,2023.2.3,None,2024-04-08 11h04.52.405542 +0200
,130,131,541,541,stimuli/own/kitchen/130_kit.jpg,stimuli/own/kitchen/131_kit.jpg,NaN,NaN,NaN,NaN,NaN,NaN,NaN,NaN,0,533,533,540,3159.965711166,NaN,NaN,NaN,NaN,NaN,NaN,NaN,,NaN,,3160.250593,3160.419255833,3160.419255833,3160.419255833,3160.419255833,3160.419255833,3160.419255833,3160.419255833,3160.419255833,3160.419255833,3164.25153,7,-7,9,1,3.77018729100018,1,2.90377441699957,3159.963958958,3159.965711166,3160.419255833,3160.250577708,NaN,NaN,NaN,NaN,,NaN,,3159.960487333,3159.963911875,None,NaN,NaN,,NaN,NaN,NaN,NaN,NaN,NaN,NaN,10,kitchen,2,2024-04-08_11h04.40.518,image_similarity_rating,2023.2.3,None,2024-04-08 11h04.52.405542 +0200
,102,112,41,41,stimuli/own/kitchen/102_kit.jpg,stimuli/own/kitchen/112_kit.jpg,NaN,NaN,NaN,NaN,NaN,NaN,NaN,NaN,0,534,534,40,3164.261671375,NaN,NaN,NaN,NaN,NaN,NaN,NaN,,NaN,,3164.546466625,3164.711836416,3164.711836416,3164.711836416,3164.711836416,3164.711836416,3164.711836416,3164.711836416,3164.711836416,3164.711836416,3168.460286041,7,-7,9,4,2.61418108299995,2,3.60978999999998,3164.255172875,3164.261671375,3164.711836416,3164.546453208,NaN,NaN,NaN,NaN,,NaN,,3164.251745916,3164.255125833,None,NaN,NaN,,NaN,NaN,NaN,NaN,NaN,NaN,NaN,10,kitchen,2,2024-04-08_11h04.40.518,image_similarity_rating,2023.2.3,None,2024-04-08 11h04.52.405542 +0200
,103,112,73,73,stimuli/own/kitchen/103_kit.jpg,stimuli/own/kitchen/112_kit.jpg,NaN,NaN,NaN,NaN,NaN,NaN,NaN,NaN,0,535,535,72,3168.465961041,NaN,NaN,NaN,NaN,NaN,NaN,NaN,,NaN,,3168.750711208,3168.9197375,3168.9197375,3168.9197375,3168.9197375,3168.9197375,3168.9197375,3168.9197375,3168.9197375,3168.9197375,3173.430572375,7,-7,9,3,2.77742475000014,2,4.44863362500018,3168.464000916,3168.465961041,3168.9197375,3168.750696416,NaN,NaN,NaN,NaN,,NaN,,3168.460524166,3168.463954125,None,NaN,NaN,,NaN,NaN,NaN,NaN,NaN,NaN,NaN,10,kitchen,2,2024-04-08_11h04.40.518,image_similarity_rating,2023.2.3,None,2024-04-08 11h04.52.405542 +0200
,103,139,97,97,stimuli/own/kitchen/103_kit.jpg,stimuli/own/kitchen/139_kit.jpg,NaN,NaN,NaN,NaN,NaN,NaN,NaN,NaN,0,536,536,96,3173.436134625,NaN,NaN,NaN,NaN,NaN,NaN,NaN,,NaN,,3173.729236083,3173.896304041,3173.896304041,3173.896304041,3173.896304041,3173.896304041,3173.896304041,3173.896304041,3173.896304041,3173.896304041,3177.814064791,-7,7,9,2,3.853929333,1,2.89047008299985,3173.434212375,3173.436134625,3173.896304041,3173.729220458,NaN,NaN,NaN,NaN,,NaN,,3173.430789416,3173.434166166,None,NaN,NaN,,NaN,NaN,NaN,NaN,NaN,NaN,NaN,10,kitchen,2,2024-04-08_11h04.40.518,image_similarity_rating,2023.2.3,None,2024-04-08 11h04.52.405542 +0200
,106,130,179,179,stimuli/own/kitchen/106_kit.jpg,stimuli/own/kitchen/130_kit.jpg,NaN,NaN,NaN,NaN,NaN,NaN,NaN,NaN,0,537,537,178,3177.819831375,NaN,NaN,NaN,NaN,NaN,NaN,NaN,,NaN,,3178.113276833,3178.2773435,3178.2773435,3178.2773435,3178.2773435,3178.2773435,3178.2773435,3178.2773435,3178.2773435,3178.2773435,3183.256502083,-7,7,9,3,4.061535542,2,4.86579562499992,3177.81771,3177.819831375,3178.2773435,3178.113264666,NaN,NaN,NaN,NaN,,NaN,,3177.814277833,3177.817663708,None,NaN,NaN,,NaN,NaN,NaN,NaN,NaN,NaN,NaN,10,kitchen,2,2024-04-08_11h04.40.518,image_similarity_rating,2023.2.3,None,2024-04-08 11h04.52.405542 +0200
,103,121,81,81,stimuli/own/kitchen/103_kit.jpg,stimuli/own/kitchen/121_kit.jpg,NaN,NaN,NaN,NaN,NaN,NaN,NaN,NaN,0,538,538,80,3183.278343916,NaN,NaN,NaN,NaN,NaN,NaN,NaN,,NaN,,3183.562421541,3183.727958625,3183.727958625,3183.727958625,3183.727958625,3183.727958625,3183.727958625,3183.727958625,3183.727958625,3183.727958625,3194.352208833,-7,7,9,6,10.5981442090001,2,8.04640070899995,3183.26015875,3183.278343916,NaN,3183.562396958,NaN,NaN,NaN,NaN,,NaN,,3183.256718208,3183.260112083,None,NaN,NaN,,NaN,NaN,NaN,NaN,NaN,NaN,NaN,10,kitchen,2,2024-04-08_11h04.40.518,image_similarity_rating,2023.2.3,None,2024-04-08 11h04.52.405542 +0200
,111,136,239,239,stimuli/own/kitchen/111_kit.jpg,stimuli/own/kitchen/136_kit.jpg,NaN,NaN,NaN,NaN,NaN,NaN,NaN,NaN,0,539,539,238,3194.361437125,NaN,NaN,NaN,NaN,NaN,NaN,NaN,,NaN,,3194.645997125,3194.810670291,3194.810670291,3194.810670291,3194.810670291,3194.810670291,3194.810670291,3194.810670291,3194.810670291,3194.810670291,3200.101023708,7,-7,9,5,3.31161599999996,2,5.16657149999992,3194.355999083,3194.361437125,3194.810670291,3194.645982458,NaN,NaN,NaN,NaN,,NaN,,3194.35243575,3194.355951666,None,NaN,NaN,,NaN,NaN,NaN,NaN,NaN,NaN,NaN,10,kitchen,2,2024-04-08_11h04.40.518,image_similarity_rating,2023.2.3,None,2024-04-08 11h04.52.405542 +0200
,131,132,551,551,stimuli/own/kitchen/131_kit.jpg,stimuli/own/kitchen/132_kit.jpg,NaN,NaN,NaN,NaN,NaN,NaN,NaN,NaN,0,540,540,550,3200.1114805,NaN,NaN,NaN,NaN,NaN,NaN,NaN,,NaN,,3200.396024291,3200.564047625,3200.564047625,3200.564047625,3200.564047625,3200.564047625,3200.564047625,3200.564047625,3200.564047625,3200.564047625,3203.455495875,7,-7,9,1,2.88001274999988,1,1.95563245899984,3200.104784875,3200.1114805,3200.564047625,3200.396006583,NaN,NaN,NaN,NaN,,NaN,,3200.1012455,3200.104738416,None,NaN,NaN,,NaN,NaN,NaN,NaN,NaN,NaN,NaN,10,kitchen,2,2024-04-08_11h04.40.518,image_similarity_rating,2023.2.3,None,2024-04-08 11h04.52.405542 +0200
,114,120,300,300,stimuli/own/kitchen/114_kit.jpg,stimuli/own/kitchen/120_kit.jpg,NaN,NaN,NaN,NaN,NaN,NaN,NaN,NaN,0,541,541,299,3203.4610505,NaN,NaN,NaN,NaN,NaN,NaN,NaN,,NaN,,3203.746028791,3203.910655,3203.910655,3203.910655,3203.910655,3203.910655,3203.910655,3203.910655,3203.910655,3203.910655,3207.693561541,7,-7,9,4,2.58864083400022,3,3.63134945899992,3203.459166916,3203.4610505,3203.910655,3203.746015125,NaN,NaN,NaN,NaN,,NaN,,3203.455715,3203.45912075,None,NaN,NaN,,NaN,NaN,NaN,NaN,NaN,NaN,NaN,10,kitchen,2,2024-04-08_11h04.40.518,image_similarity_rating,2023.2.3,None,2024-04-08 11h04.52.405542 +0200
,130,134,543,543,stimuli/own/kitchen/130_kit.jpg,stimuli/own/kitchen/134_kit.jpg,NaN,NaN,NaN,NaN,NaN,NaN,NaN,NaN,0,542,542,542,3207.699299416,NaN,NaN,NaN,NaN,NaN,NaN,NaN,,NaN,,3207.983263541,3208.147634333,3208.147634333,3208.147634333,3208.147634333,3208.147634333,3208.147634333,3208.147634333,3208.147634333,3208.147634333,3211.976969291,7,-7,9,2,3.23807687499993,2,3.78060458300024,3207.697317083,3207.699299416,3208.147634333,3207.983246208,NaN,NaN,NaN,NaN,,NaN,,3207.693807166,3207.697270291,None,NaN,NaN,,NaN,NaN,NaN,NaN,NaN,NaN,NaN,10,kitchen,2,2024-04-08_11h04.40.518,image_similarity_rating,2023.2.3,None,2024-04-08 11h04.52.405542 +0200
,112,134,263,263,stimuli/own/kitchen/112_kit.jpg,stimuli/own/kitchen/134_kit.jpg,NaN,NaN,NaN,NaN,NaN,NaN,NaN,NaN,0,543,543,262,3211.982765375,NaN,NaN,NaN,NaN,NaN,NaN,NaN,,NaN,,3212.267631,3212.430502166,3212.430502166,3212.430502166,3212.430502166,3212.430502166,3212.430502166,3212.430502166,3212.430502166,3212.430502166,3217.243426958,7,-7,9,2,2.45154970800013,3,4.5996129160003,3211.980814708,3211.982765375,3212.430502166,3212.267616958,NaN,NaN,NaN,NaN,,NaN,,3211.977211916,3211.980767291,None,NaN,NaN,,NaN,NaN,NaN,NaN,NaN,NaN,NaN,10,kitchen,2,2024-04-08_11h04.40.518,image_similarity_rating,2023.2.3,None,2024-04-08 11h04.52.405542 +0200
,111,121,226,226,stimuli/own/kitchen/111_kit.jpg,stimuli/own/kitchen/121_kit.jpg,NaN,NaN,NaN,NaN,NaN,NaN,NaN,NaN,0,544,544,225,3217.249089625,NaN,NaN,NaN,NaN,NaN,NaN,NaN,,NaN,,3217.534370208,3217.697340083,3217.697340083,3217.697340083,3217.697340083,3217.697340083,3217.697340083,3217.697340083,3217.697340083,3217.697340083,3222.147191666,-7,7,9,4,2.68079620800017,4,4.3884822089999,3217.247137833,3217.249089625,3217.697340083,3217.534359291,NaN,NaN,NaN,NaN,,NaN,,3217.243657208,3217.247091125,None,NaN,NaN,,NaN,NaN,NaN,NaN,NaN,NaN,NaN,10,kitchen,2,2024-04-08_11h04.40.518,image_similarity_rating,2023.2.3,None,2024-04-08 11h04.52.405542 +0200
,125,127,492,492,stimuli/own/kitchen/125_kit.jpg,stimuli/own/kitchen/127_kit.jpg,NaN,NaN,NaN,NaN,NaN,NaN,NaN,NaN,0,545,545,491,3222.152780541,NaN,NaN,NaN,NaN,NaN,NaN,NaN,,NaN,,3222.446004666,3222.615805041,3222.615805041,3222.615805041,3222.615805041,3222.615805041,3222.615805041,3222.615805041,3222.615805041,3222.615805041,3226.013818333,-7,7,9,2,2.68692279200013,2,3.34997175000035,3222.150842416,3222.152780541,3222.615805041,3222.445987416,NaN,NaN,NaN,NaN,,NaN,,3222.147407625,3222.150796375,None,NaN,NaN,,NaN,NaN,NaN,NaN,NaN,NaN,NaN,10,kitchen,2,2024-04-08_11h04.40.518,image_similarity_rating,2023.2.3,None,2024-04-08 11h04.52.405542 +0200
,113,117,273,273,stimuli/own/kitchen/113_kit.jpg,stimuli/own/kitchen/117_kit.jpg,NaN,NaN,NaN,NaN,NaN,NaN,NaN,NaN,0,546,546,272,3226.019732833,NaN,NaN,NaN,NaN,NaN,NaN,NaN,,NaN,,3226.312610333,3226.48262375,3226.48262375,3226.48262375,3226.48262375,3226.48262375,3226.48262375,3226.48262375,3226.48262375,3226.48262375,3233.560398625,-7,7,9,3,6.00092641699985,3,2.34359287500001,3226.017617083,3226.019732833,3226.48262375,3226.312593958,NaN,NaN,NaN,NaN,,NaN,,3226.01404125,3226.017570541,None,NaN,NaN,,NaN,NaN,NaN,NaN,NaN,NaN,NaN,10,kitchen,2,2024-04-08_11h04.40.518,image_similarity_rating,2023.2.3,None,2024-04-08 11h04.52.405542 +0200
,131,136,554,554,stimuli/own/kitchen/131_kit.jpg,stimuli/own/kitchen/136_kit.jpg,NaN,NaN,NaN,NaN,NaN,NaN,NaN,NaN,0,547,547,553,3233.566381416,NaN,NaN,NaN,NaN,NaN,NaN,NaN,,NaN,,3233.850792458,3234.013063583,3234.013063583,3234.013063583,3234.013063583,3234.013063583,3234.013063583,3234.013063583,3234.013063583,3234.013063583,3238.805575,-7,7,9,3,4.17836054099962,1,4.76994449999984,3233.564204041,3233.566381416,3234.013063583,3233.850778375,NaN,NaN,NaN,NaN,,NaN,,3233.560619583,3233.5641565,None,NaN,NaN,,NaN,NaN,NaN,NaN,NaN,NaN,NaN,10,kitchen,2,2024-04-08_11h04.40.518,image_similarity_rating,2023.2.3,None,2024-04-08 11h04.52.405542 +0200
,123,135,469,469,stimuli/own/kitchen/123_kit.jpg,stimuli/own/kitchen/135_kit.jpg,NaN,NaN,NaN,NaN,NaN,NaN,NaN,NaN,0,548,548,468,3238.81099725,NaN,NaN,NaN,NaN,NaN,NaN,NaN,,NaN,,3239.095904791,3239.26134975,3239.26134975,3239.26134975,3239.26134975,3239.26134975,3239.26134975,3239.26134975,3239.26134975,3239.26134975,3242.734471916,-7,7,9,3,2.70010695800011,2,3.43679712500034,3238.809228041,3238.81099725,3239.26134975,3239.095890125,NaN,NaN,NaN,NaN,,NaN,,3238.805793833,3238.809181791,None,NaN,NaN,,NaN,NaN,NaN,NaN,NaN,NaN,NaN,10,kitchen,2,2024-04-08_11h04.40.518,image_similarity_rating,2023.2.3,None,2024-04-08 11h04.52.405542 +0200
,109,140,216,216,stimuli/own/kitchen/109_kit.jpg,stimuli/own/kitchen/140_kit.jpg,NaN,NaN,NaN,NaN,NaN,NaN,NaN,NaN,0,549,549,215,3242.744652,NaN,NaN,NaN,NaN,NaN,NaN,NaN,,NaN,,3243.029284083,3243.194363333,3243.194363333,3243.194363333,3243.194363333,3243.194363333,3243.194363333,3243.194363333,3243.194363333,3243.194363333,3247.518157291,7,-7,9,4,3.5864837500003,2,4.32327941699987,3242.738143083,3242.744652,3243.194363333,3243.029268291,NaN,NaN,NaN,NaN,,NaN,,3242.734687666,3242.738096583,None,NaN,NaN,,NaN,NaN,NaN,NaN,NaN,NaN,NaN,10,kitchen,2,2024-04-08_11h04.40.518,image_similarity_rating,2023.2.3,None,2024-04-08 11h04.52.405542 +0200
,121,124,427,427,stimuli/own/kitchen/121_kit.jpg,stimuli/own/kitchen/124_kit.jpg,NaN,NaN,NaN,NaN,NaN,NaN,NaN,NaN,0,550,550,426,3247.528100958,NaN,NaN,NaN,NaN,NaN,NaN,NaN,,NaN,,3247.812532791,3247.977225875,3247.977225875,3247.977225875,3247.977225875,3247.977225875,3247.977225875,3247.977225875,3247.977225875,3247.977225875,3251.006814,-7,7,9,3,2.27283108399979,1,3.04058570799998,3247.521829458,3247.528100958,3247.977225875,3247.812514041,NaN,NaN,NaN,NaN,,NaN,,3247.518372916,3247.521775375,None,NaN,NaN,,NaN,NaN,NaN,NaN,NaN,NaN,NaN,10,kitchen,2,2024-04-08_11h04.40.518,image_similarity_rating,2023.2.3,None,2024-04-08 11h04.52.405542 +0200
,121,136,437,437,stimuli/own/kitchen/121_kit.jpg,stimuli/own/kitchen/136_kit.jpg,NaN,NaN,NaN,NaN,NaN,NaN,NaN,NaN,0,551,551,436,3251.013040625,NaN,NaN,NaN,NaN,NaN,NaN,NaN,,NaN,,3251.29953125,3251.462318666,3251.462318666,3251.462318666,3251.462318666,3251.462318666,3251.462318666,3251.462318666,3251.462318666,3251.462318666,3257.247899541,7,-7,9,3,4.99829604099978,2,5.76905783300026,3251.010626083,3251.013040625,3251.462318666,3251.299520833,NaN,NaN,NaN,NaN,,NaN,,3251.007032333,3251.010579958,None,NaN,NaN,,NaN,NaN,NaN,NaN,NaN,NaN,NaN,10,kitchen,2,2024-04-08_11h04.40.518,image_similarity_rating,2023.2.3,None,2024-04-08 11h04.52.405542 +0200
,106,112,163,163,stimuli/own/kitchen/106_kit.jpg,stimuli/own/kitchen/112_kit.jpg,NaN,NaN,NaN,NaN,NaN,NaN,NaN,NaN,0,552,552,162,3257.261194666,NaN,NaN,NaN,NaN,NaN,NaN,NaN,,NaN,,3257.546054583,3257.710025666,3257.710025666,3257.710025666,3257.710025666,3257.710025666,3257.710025666,3257.710025666,3257.710025666,3257.710025666,3261.576617291,7,-7,9,1,2.576056333,1,3.24459829199986,3257.251778541,3257.261194666,3257.710025666,3257.546037583,NaN,NaN,NaN,NaN,,NaN,,3257.248133291,3257.251727666,None,NaN,NaN,,NaN,NaN,NaN,NaN,NaN,NaN,NaN,10,kitchen,2,2024-04-08_11h04.40.518,image_similarity_rating,2023.2.3,None,2024-04-08 11h04.52.405542 +0200
,104,121,112,112,stimuli/own/kitchen/104_kit.jpg,stimuli/own/kitchen/121_kit.jpg,NaN,NaN,NaN,NaN,NaN,NaN,NaN,NaN,0,553,553,111,3261.582293625,NaN,NaN,NaN,NaN,NaN,NaN,NaN,,NaN,,3261.866876458,3262.038793125,3262.038793125,3262.038793125,3262.038793125,3262.038793125,3262.038793125,3262.038793125,3262.038793125,3262.038793125,3268.334630958,-7,7,9,2,5.49640045800015,2,6.22212337500014,3261.580361791,3261.582293625,3262.038793125,3261.8668605,NaN,NaN,NaN,NaN,,NaN,,3261.576854541,3261.580315333,None,NaN,NaN,,NaN,NaN,NaN,NaN,NaN,NaN,NaN,10,kitchen,2,2024-04-08_11h04.40.518,image_similarity_rating,2023.2.3,None,2024-04-08 11h04.52.405542 +0200
,103,109,71,71,stimuli/own/kitchen/103_kit.jpg,stimuli/own/kitchen/109_kit.jpg,NaN,NaN,NaN,NaN,NaN,NaN,NaN,NaN,0,554,554,70,3268.34450275,NaN,NaN,NaN,NaN,NaN,NaN,NaN,,NaN,,3268.629159,3268.795875708,3268.795875708,3268.795875708,3268.795875708,3268.795875708,3268.795875708,3268.795875708,3268.795875708,3268.795875708,3271.864081958,7,-7,9,1,3.12793329200031,1,2.38872316700008,3268.338312833,3268.34450275,3268.795875708,3268.629144375,NaN,NaN,NaN,NaN,,NaN,,3268.334848916,3268.338266375,None,NaN,NaN,,NaN,NaN,NaN,NaN,NaN,NaN,NaN,10,kitchen,2,2024-04-08_11h04.40.518,image_similarity_rating,2023.2.3,None,2024-04-08 11h04.52.405542 +0200
,102,131,58,58,stimuli/own/kitchen/102_kit.jpg,stimuli/own/kitchen/131_kit.jpg,NaN,NaN,NaN,NaN,NaN,NaN,NaN,NaN,0,555,555,57,3271.869699666,NaN,NaN,NaN,NaN,NaN,NaN,NaN,,NaN,,3272.162460791,3272.330007541,3272.330007541,3272.330007541,3272.330007541,3272.330007541,3272.330007541,3272.330007541,3272.330007541,3272.330007541,3275.238629375,-7,7,9,1,2.03312583300021,1,2.81044437499986,3271.867750958,3271.869699666,3272.330007541,3272.162445083,NaN,NaN,NaN,NaN,,NaN,,3271.864296541,3271.867704333,None,NaN,NaN,,NaN,NaN,NaN,NaN,NaN,NaN,NaN,10,kitchen,2,2024-04-08_11h04.40.518,image_similarity_rating,2023.2.3,None,2024-04-08 11h04.52.405542 +0200
,123,124,460,460,stimuli/own/kitchen/123_kit.jpg,stimuli/own/kitchen/124_kit.jpg,NaN,NaN,NaN,NaN,NaN,NaN,NaN,NaN,0,556,556,459,3275.244149375,NaN,NaN,NaN,NaN,NaN,NaN,NaN,,NaN,,3275.529086208,3275.695200041,3275.695200041,3275.695200041,3275.695200041,3275.695200041,3275.695200041,3275.695200041,3275.695200041,3275.695200041,3282.001227166,-7,7,9,4,5.14167970800008,3,6.27038770799982,3275.242369041,3275.244149375,3275.695200041,3275.529071208,NaN,NaN,NaN,NaN,,NaN,,3275.238845416,3275.242322583,None,NaN,NaN,,NaN,NaN,NaN,NaN,NaN,NaN,NaN,10,kitchen,2,2024-04-08_11h04.40.518,image_similarity_rating,2023.2.3,None,2024-04-08 11h04.52.405542 +0200
,123,138,472,472,stimuli/own/kitchen/123_kit.jpg,stimuli/own/kitchen/138_kit.jpg,NaN,NaN,NaN,NaN,NaN,NaN,NaN,NaN,0,557,557,471,3282.011296125,NaN,NaN,NaN,NaN,NaN,NaN,NaN,,NaN,,3282.295705041,3282.462135791,3282.462135791,3282.462135791,3282.462135791,3282.462135791,3282.462135791,3282.462135791,3282.462135791,3282.462135791,3287.86386775,7,-7,9,4,4.81934200000023,2,5.37810233300024,3282.004896708,3282.011296125,3282.462135791,3282.295684875,NaN,NaN,NaN,NaN,,NaN,,3282.001442291,3282.004850375,None,NaN,NaN,,NaN,NaN,NaN,NaN,NaN,NaN,NaN,10,kitchen,2,2024-04-08_11h04.40.518,image_similarity_rating,2023.2.3,None,2024-04-08 11h04.52.405542 +0200
,101,121,16,16,stimuli/own/kitchen/101_kit.jpg,stimuli/own/kitchen/121_kit.jpg,NaN,NaN,NaN,NaN,NaN,NaN,NaN,NaN,0,558,558,15,3287.869463958,NaN,NaN,NaN,NaN,NaN,NaN,NaN,,NaN,,3288.162486583,3288.327784791,3288.327784791,3288.327784791,3288.327784791,3288.327784791,3288.327784791,3288.327784791,3288.327784791,3288.327784791,3292.571951083,-7,7,9,2,2.99175841700026,3,4.18164299999989,3287.867527666,3287.869463958,3288.327784791,3288.162473875,NaN,NaN,NaN,NaN,,NaN,,3287.864084125,3287.86748125,None,NaN,NaN,,NaN,NaN,NaN,NaN,NaN,NaN,NaN,10,kitchen,2,2024-04-08_11h04.40.518,image_similarity_rating,2023.2.3,None,2024-04-08 11h04.52.405542 +0200
,120,140,423,423,stimuli/own/kitchen/120_kit.jpg,stimuli/own/kitchen/140_kit.jpg,NaN,NaN,NaN,NaN,NaN,NaN,NaN,NaN,0,559,559,422,3292.577913958,NaN,NaN,NaN,NaN,NaN,NaN,NaN,,NaN,,3292.862461708,3293.0273395,3293.0273395,3293.0273395,3293.0273395,3293.0273395,3293.0273395,3293.0273395,3293.0273395,3293.0273395,3297.730111375,-7,7,9,2,4.15020304100017,2,4.64097670800038,3292.575741166,3292.577913958,3293.0273395,3292.862447041,NaN,NaN,NaN,NaN,,NaN,,3292.572170875,3292.575693708,None,NaN,NaN,,NaN,NaN,NaN,NaN,NaN,NaN,NaN,10,kitchen,2,2024-04-08_11h04.40.518,image_similarity_rating,2023.2.3,None,2024-04-08 11h04.52.405542 +0200
,113,120,276,276,stimuli/own/kitchen/113_kit.jpg,stimuli/own/kitchen/120_kit.jpg,NaN,NaN,NaN,NaN,NaN,NaN,NaN,NaN,0,560,560,275,3297.735846541,NaN,NaN,NaN,NaN,NaN,NaN,NaN,,NaN,,3298.030334208,3298.201145458,3298.201145458,3298.201145458,3298.201145458,3298.201145458,3298.201145458,3298.201145458,3298.201145458,3298.201145458,3303.164244375,-7,7,9,2,3.61544816700007,2,4.950082458,3297.73390775,3297.735846541,3298.201145458,3298.030315541,NaN,NaN,NaN,NaN,,NaN,,3297.730327625,3297.733860458,None,NaN,NaN,,NaN,NaN,NaN,NaN,NaN,NaN,NaN,10,kitchen,2,2024-04-08_11h04.40.518,image_similarity_rating,2023.2.3,None,2024-04-08 11h04.52.405542 +0200
,104,106,101,101,stimuli/own/kitchen/104_kit.jpg,stimuli/own/kitchen/106_kit.jpg,NaN,NaN,NaN,NaN,NaN,NaN,NaN,NaN,0,561,561,100,3303.169820958,NaN,NaN,NaN,NaN,NaN,NaN,NaN,,NaN,,3303.462231041,3303.628284333,3303.628284333,3303.628284333,3303.628284333,3303.628284333,3303.628284333,3303.628284333,3303.628284333,3303.628284333,3307.988505458,7,-7,9,3,3.73120624999956,2,4.2617500829997,3303.167890875,3303.169820958,3303.628284333,3303.462215291,NaN,NaN,NaN,NaN,,NaN,,3303.164463083,3303.167844708,None,NaN,NaN,,NaN,NaN,NaN,NaN,NaN,NaN,NaN,10,kitchen,2,2024-04-08_11h04.40.518,image_similarity_rating,2023.2.3,None,2024-04-08 11h04.52.405542 +0200
,125,140,503,503,stimuli/own/kitchen/125_kit.jpg,stimuli/own/kitchen/140_kit.jpg,NaN,NaN,NaN,NaN,NaN,NaN,NaN,NaN,0,562,562,502,3307.994425416,NaN,NaN,NaN,NaN,NaN,NaN,NaN,,NaN,,3308.278960541,3308.447100916,3308.447100916,3308.447100916,3308.447100916,3308.447100916,3308.447100916,3308.447100916,3308.447100916,3308.447100916,3314.355639708,-7,7,9,2,4.82914333400004,2,5.82111383399979,3307.992190875,3307.994425416,3308.447100916,3308.278942416,NaN,NaN,NaN,NaN,,NaN,,3307.988727083,3307.9921445,None,NaN,NaN,,NaN,NaN,NaN,NaN,NaN,NaN,NaN,10,kitchen,2,2024-04-08_11h04.40.518,image_similarity_rating,2023.2.3,None,2024-04-08 11h04.52.405542 +0200
,111,116,221,221,stimuli/own/kitchen/111_kit.jpg,stimuli/own/kitchen/116_kit.jpg,NaN,NaN,NaN,NaN,NaN,NaN,NaN,NaN,0,563,563,220,3314.377665708,NaN,NaN,NaN,NaN,NaN,NaN,NaN,,NaN,,3314.662165833,3314.82588025,3314.82588025,3314.82588025,3314.82588025,3314.82588025,3314.82588025,3314.82588025,3314.82588025,3314.82588025,3319.609979833,-7,7,9,5,2.77594966700008,3,4.72294291600019,3314.359411708,3314.377665708,NaN,3314.66214875,NaN,NaN,NaN,NaN,,NaN,,3314.355855375,3314.359365208,None,NaN,NaN,,NaN,NaN,NaN,NaN,NaN,NaN,NaN,10,kitchen,2,2024-04-08_11h04.40.518,image_similarity_rating,2023.2.3,None,2024-04-08 11h04.52.405542 +0200
,102,105,37,37,stimuli/own/kitchen/102_kit.jpg,stimuli/own/kitchen/105_kit.jpg,NaN,NaN,NaN,NaN,NaN,NaN,NaN,NaN,0,564,564,36,3319.615593041,NaN,NaN,NaN,NaN,NaN,NaN,NaN,,NaN,,3319.89956775,3320.064356,3320.064356,3320.064356,3320.064356,3320.064356,3320.064356,3320.064356,3320.064356,3320.064356,3323.64753875,-7,7,9,2,2.89026204100037,1,3.41971250000006,3319.61381925,3319.615593041,3320.064356,3319.899553833,NaN,NaN,NaN,NaN,,NaN,,3319.610214291,3319.613772541,None,NaN,NaN,,NaN,NaN,NaN,NaN,NaN,NaN,NaN,10,kitchen,2,2024-04-08_11h04.40.518,image_similarity_rating,2023.2.3,None,2024-04-08 11h04.52.405542 +0200
,109,114,193,193,stimuli/own/kitchen/109_kit.jpg,stimuli/own/kitchen/114_kit.jpg,NaN,NaN,NaN,NaN,NaN,NaN,NaN,NaN,0,565,565,192,3323.660999,NaN,NaN,NaN,NaN,NaN,NaN,NaN,,NaN,,3323.945779875,3324.111897333,3324.111897333,3324.111897333,3324.111897333,3324.111897333,3324.111897333,3324.111897333,3324.111897333,3324.111897333,3329.217903791,7,-7,9,3,4.56130362499971,2,5.06791075000001,3323.651495666,3323.660999,3324.111897333,3323.94576425,NaN,NaN,NaN,NaN,,NaN,,3323.6477735,3323.651446791,None,NaN,NaN,,NaN,NaN,NaN,NaN,NaN,NaN,NaN,10,kitchen,2,2024-04-08_11h04.40.518,image_similarity_rating,2023.2.3,None,2024-04-08 11h04.52.405542 +0200
,117,139,362,362,stimuli/own/kitchen/117_kit.jpg,stimuli/own/kitchen/139_kit.jpg,NaN,NaN,NaN,NaN,NaN,NaN,NaN,NaN,0,566,566,361,3329.227781875,NaN,NaN,NaN,NaN,NaN,NaN,NaN,,NaN,,3329.512399791,3329.67718775,3329.67718775,3329.67718775,3329.67718775,3329.67718775,3329.67718775,3329.67718775,3329.67718775,3329.67718775,3335.435245916,-7,7,9,2,5.15055408300032,2,5.73278416699986,3329.22165675,3329.227781875,3329.67718775,3329.512386916,NaN,NaN,NaN,NaN,,NaN,,3329.218117625,3329.221610125,None,NaN,NaN,,NaN,NaN,NaN,NaN,NaN,NaN,NaN,10,kitchen,2,2024-04-08_11h04.40.518,image_similarity_rating,2023.2.3,None,2024-04-08 11h04.52.405542 +0200
,102,121,49,49,stimuli/own/kitchen/102_kit.jpg,stimuli/own/kitchen/121_kit.jpg,NaN,NaN,NaN,NaN,NaN,NaN,NaN,NaN,0,567,567,48,3335.444313541,NaN,NaN,NaN,NaN,NaN,NaN,NaN,,NaN,,3392.162292708,3392.328052541,3392.328052541,3392.328052541,3392.328052541,3392.328052541,3392.328052541,3392.328052541,3392.328052541,3392.328052541,3398.684082583,7,-7,10,2,5.44796237500032,1,6.23377308299996,3391.865083708,3391.868697,3392.328052541,3392.162279625,NaN,NaN,NaN,NaN,,NaN,,3335.4354635,3391.864379625,space,3335.444313541,56.41982775,None,NaN,NaN,NaN,NaN,NaN,NaN,NaN,10,kitchen,2,2024-04-08_11h04.40.518,image_similarity_rating,2023.2.3,None,2024-04-08 11h04.52.405542 +0200
,135,138,577,577,stimuli/own/kitchen/135_kit.jpg,stimuli/own/kitchen/138_kit.jpg,NaN,NaN,NaN,NaN,NaN,NaN,NaN,NaN,0,568,568,576,3398.694144625,NaN,NaN,NaN,NaN,NaN,NaN,NaN,,NaN,,3398.978670166,3399.144565625,3399.144565625,3399.144565625,3399.144565625,3399.144565625,3399.144565625,3399.144565625,3399.144565625,3399.144565625,3406.760099833,-7,7,10,3,5.52478783400011,3,7.55401058300004,3398.687784208,3398.694144625,3399.144565625,3398.978654166,NaN,NaN,NaN,NaN,,NaN,,3398.684304791,3398.68773775,None,NaN,NaN,,NaN,NaN,NaN,NaN,NaN,NaN,NaN,10,kitchen,2,2024-04-08_11h04.40.518,image_similarity_rating,2023.2.3,None,2024-04-08 11h04.52.405542 +0200
,112,132,262,608,stimuli/own/kitchen/112_kit.jpg,stimuli/own/kitchen/132_kit.jpg,NaN,NaN,NaN,NaN,NaN,NaN,NaN,NaN,0,569,569,607,3406.76573075,NaN,NaN,NaN,NaN,NaN,NaN,NaN,,NaN,,3407.04962725,3407.219621625,3407.219621625,3407.219621625,3407.219621625,3407.219621625,3407.219621625,3407.219621625,3407.219621625,3407.219621625,3410.746593666,-7,7,10,4,2.68820779200041,2,3.52880324999978,3406.763796166,3406.76573075,3407.219621625,3407.049612208,NaN,NaN,NaN,NaN,,NaN,,3406.76031575,3406.763749583,None,NaN,NaN,,NaN,NaN,NaN,NaN,NaN,NaN,NaN,10,kitchen,2,2024-04-08_11h04.40.518,image_similarity_rating,2023.2.3,None,2024-04-08 11h04.52.405542 +0200
,129,130,530,530,stimuli/own/kitchen/129_kit.jpg,stimuli/own/kitchen/130_kit.jpg,NaN,NaN,NaN,NaN,NaN,NaN,NaN,NaN,0,570,570,529,3410.752188375,NaN,NaN,NaN,NaN,NaN,NaN,NaN,,NaN,,3411.045243125,3411.209679708,3411.209679708,3411.209679708,3411.209679708,3411.209679708,3411.209679708,3411.209679708,3411.209679708,3411.209679708,3413.897250125,7,-7,10,1,2.11440416700043,1,2.68224187500027,3410.750244333,3410.752188375,3411.209679708,3411.045229041,NaN,NaN,NaN,NaN,,NaN,,3410.746809791,3410.750197833,None,NaN,NaN,,NaN,NaN,NaN,NaN,NaN,NaN,NaN,10,kitchen,2,2024-04-08_11h04.40.518,image_similarity_rating,2023.2.3,None,2024-04-08 11h04.52.405542 +0200
,101,113,9,9,stimuli/own/kitchen/101_kit.jpg,stimuli/own/kitchen/113_kit.jpg,NaN,NaN,NaN,NaN,NaN,NaN,NaN,NaN,0,571,571,8,3413.902943916,NaN,NaN,NaN,NaN,NaN,NaN,NaN,,NaN,,3414.195971125,3414.36003775,3414.36003775,3414.36003775,3414.36003775,3414.36003775,3414.36003775,3414.36003775,3414.36003775,3414.36003775,3418.833795708,-7,7,10,4,4.00857995800015,2,4.47621183299998,3413.901182458,3413.902943916,3414.36003775,3414.195957958,NaN,NaN,NaN,NaN,,NaN,,3413.897478291,3413.901134666,None,NaN,NaN,,NaN,NaN,NaN,NaN,NaN,NaN,NaN,10,kitchen,2,2024-04-08_11h04.40.518,image_similarity_rating,2023.2.3,None,2024-04-08 11h04.52.405542 +0200
,120,125,410,410,stimuli/own/kitchen/120_kit.jpg,stimuli/own/kitchen/125_kit.jpg,NaN,NaN,NaN,NaN,NaN,NaN,NaN,NaN,0,572,572,409,3418.844383541,NaN,NaN,NaN,NaN,NaN,NaN,NaN,,NaN,,3419.12858925,3419.292995041,3419.292995041,3419.292995041,3419.292995041,3419.292995041,3419.292995041,3419.292995041,3419.292995041,3419.292995041,3426.667973833,7,-7,10,5,5.20610500000021,3,7.35071891699999,3418.837452625,3418.844383541,3419.292995041,3419.128575833,NaN,NaN,NaN,NaN,,NaN,,3418.834009625,3418.837406375,None,NaN,NaN,,NaN,NaN,NaN,NaN,NaN,NaN,NaN,10,kitchen,2,2024-04-08_11h04.40.518,image_similarity_rating,2023.2.3,None,2024-04-08 11h04.52.405542 +0200
,106,141,189,189,stimuli/own/kitchen/106_kit.jpg,stimuli/own/kitchen/141_kit.jpg,NaN,NaN,NaN,NaN,NaN,NaN,NaN,NaN,0,573,573,188,3426.677397416,NaN,NaN,NaN,NaN,NaN,NaN,NaN,,NaN,,3426.9624405,3427.128057375,3427.128057375,3427.128057375,3427.128057375,3427.128057375,3427.128057375,3427.128057375,3427.128057375,3427.128057375,3431.839105708,7,-7,10,2,4.79025620899984,1,4.03453704200001,3426.671640958,3426.677397416,3427.128057375,3426.962424583,NaN,NaN,NaN,NaN,,NaN,,3426.668189375,3426.671594375,None,NaN,NaN,,NaN,NaN,NaN,NaN,NaN,NaN,NaN,10,kitchen,2,2024-04-08_11h04.40.518,image_similarity_rating,2023.2.3,None,2024-04-08 11h04.52.405542 +0200
,106,116,166,166,stimuli/own/kitchen/106_kit.jpg,stimuli/own/kitchen/116_kit.jpg,NaN,NaN,NaN,NaN,NaN,NaN,NaN,NaN,0,574,574,165,3431.845638916,NaN,NaN,NaN,NaN,NaN,NaN,NaN,,NaN,,3432.132304375,3432.295122708,3432.295122708,3432.295122708,3432.295122708,3432.295122708,3432.295122708,3432.295122708,3432.295122708,3432.295122708,3434.700729458,-7,7,10,1,2.45092999999997,1,1.71372483300001,3431.8427715,3431.845638916,3432.295122708,3432.132293541,NaN,NaN,NaN,NaN,,NaN,,3431.839323583,3431.842725208,None,NaN,NaN,,NaN,NaN,NaN,NaN,NaN,NaN,NaN,10,kitchen,2,2024-04-08_11h04.40.518,image_similarity_rating,2023.2.3,None,2024-04-08 11h04.52.405542 +0200
,113,114,271,271,stimuli/own/kitchen/113_kit.jpg,stimuli/own/kitchen/114_kit.jpg,NaN,NaN,NaN,NaN,NaN,NaN,NaN,NaN,0,575,575,270,3434.710686958,NaN,NaN,NaN,NaN,NaN,NaN,NaN,,NaN,,3434.995295208,3435.1640615,3435.1640615,3435.1640615,3435.1640615,3435.1640615,3435.1640615,3435.1640615,3435.1640615,3435.1640615,3439.43812125,7,-7,10,2,3.52355008300037,2,4.21358400000008,3434.704381208,3434.710686958,3435.1640615,3434.995273458,NaN,NaN,NaN,NaN,,NaN,,3434.700955125,3434.7043345,None,NaN,NaN,,NaN,NaN,NaN,NaN,NaN,NaN,NaN,10,kitchen,2,2024-04-08_11h04.40.518,image_similarity_rating,2023.2.3,None,2024-04-08 11h04.52.405542 +0200
,102,109,39,39,stimuli/own/kitchen/102_kit.jpg,stimuli/own/kitchen/109_kit.jpg,NaN,NaN,NaN,NaN,NaN,NaN,NaN,NaN,0,576,576,38,3439.444198291,NaN,NaN,NaN,NaN,NaN,NaN,NaN,,NaN,,3439.728242958,3439.891214083,3439.891214083,3439.891214083,3439.891214083,3439.891214083,3439.891214083,3439.891214083,3439.891214083,3439.891214083,3443.821688875,7,-7,10,4,3.9781123329999,3,2.69184187500014,3439.441898791,3439.444198291,3439.891214083,3439.728229416,NaN,NaN,NaN,NaN,,NaN,,3439.438337458,3439.441851708,None,NaN,NaN,,NaN,NaN,NaN,NaN,NaN,NaN,NaN,10,kitchen,2,2024-04-08_11h04.40.518,image_similarity_rating,2023.2.3,None,2024-04-08 11h04.52.405542 +0200
,106,114,165,165,stimuli/own/kitchen/106_kit.jpg,stimuli/own/kitchen/114_kit.jpg,NaN,NaN,NaN,NaN,NaN,NaN,NaN,NaN,0,577,577,164,3443.827077875,NaN,NaN,NaN,NaN,NaN,NaN,NaN,,NaN,,3444.111880375,3444.277405416,3444.277405416,3444.277405416,3444.277405416,3444.277405416,3444.277405416,3444.277405416,3444.277405416,3444.277405416,3455.276294916,-7,7,10,6,6.51992791600014,1,10.998216,3443.825337666,3443.827077875,3444.277405416,3444.111865625,NaN,NaN,NaN,NaN,,NaN,,3443.821903125,3443.825291041,None,NaN,NaN,,NaN,NaN,NaN,NaN,NaN,NaN,NaN,10,kitchen,2,2024-04-08_11h04.40.518,image_similarity_rating,2023.2.3,None,2024-04-08 11h04.52.405542 +0200
,113,141,295,295,stimuli/own/kitchen/113_kit.jpg,stimuli/own/kitchen/141_kit.jpg,NaN,NaN,NaN,NaN,NaN,NaN,NaN,NaN,0,578,578,294,3455.282096416,NaN,NaN,NaN,NaN,NaN,NaN,NaN,,NaN,,3455.565979833,3455.729850875,3455.729850875,3455.729850875,3455.729850875,3455.729850875,3455.729850875,3455.729850875,3455.729850875,3455.729850875,3458.883690083,-7,7,10,2,2.43838674999961,2,2.98114754199969,3455.2801605,3455.282096416,3455.729850875,3455.565965625,NaN,NaN,NaN,NaN,,NaN,,3455.276522791,3455.280113625,None,NaN,NaN,,NaN,NaN,NaN,NaN,NaN,NaN,NaN,10,kitchen,2,2024-04-08_11h04.40.518,image_similarity_rating,2023.2.3,None,2024-04-08 11h04.52.405542 +0200
,129,132,532,532,stimuli/own/kitchen/129_kit.jpg,stimuli/own/kitchen/132_kit.jpg,NaN,NaN,NaN,NaN,NaN,NaN,NaN,NaN,0,579,579,531,3458.893747166,NaN,NaN,NaN,NaN,NaN,NaN,NaN,,NaN,,3459.179226791,3459.347364833,3459.347364833,3459.347364833,3459.347364833,3459.347364833,3459.347364833,3459.347364833,3459.347364833,3459.347364833,3461.725988,-7,7,10,1,2.4263779580001,1,1.50089179199995,3458.887350708,3458.893747166,3459.347364833,3459.179210375,NaN,NaN,NaN,NaN,,NaN,,3458.88390975,3458.887304291,None,NaN,NaN,,NaN,NaN,NaN,NaN,NaN,NaN,NaN,10,kitchen,2,2024-04-08_11h04.40.518,image_similarity_rating,2023.2.3,None,2024-04-08 11h04.52.405542 +0200
,136,140,584,584,stimuli/own/kitchen/136_kit.jpg,stimuli/own/kitchen/140_kit.jpg,NaN,NaN,NaN,NaN,NaN,NaN,NaN,NaN,0,580,580,583,3461.731451958,NaN,NaN,NaN,NaN,NaN,NaN,NaN,,NaN,,3462.016179583,3462.179867125,3462.179867125,3462.179867125,3462.179867125,3462.179867125,3462.179867125,3462.179867125,3462.179867125,3462.179867125,3466.109641,7,-7,10,3,3.06394924999995,2,3.89338066599976,3461.729694416,3461.731451958,3462.179867125,3462.016165375,NaN,NaN,NaN,NaN,,NaN,,3461.726228,3461.729647666,None,NaN,NaN,,NaN,NaN,NaN,NaN,NaN,NaN,NaN,10,kitchen,2,2024-04-08_11h04.40.518,image_similarity_rating,2023.2.3,None,2024-04-08 11h04.52.405542 +0200
,105,120,141,141,stimuli/own/kitchen/105_kit.jpg,stimuli/own/kitchen/120_kit.jpg,NaN,NaN,NaN,NaN,NaN,NaN,NaN,NaN,0,581,581,140,3466.115082625,NaN,NaN,NaN,NaN,NaN,NaN,NaN,,NaN,,3466.399479125,3466.564714458,3466.564714458,3466.564714458,3466.564714458,3466.564714458,3466.564714458,3466.564714458,3466.564714458,3466.564714458,3469.662853125,7,-7,10,2,2.54843491700012,2,3.03632858399988,3466.113324125,3466.115082625,3466.564714458,3466.399465041,NaN,NaN,NaN,NaN,,NaN,,3466.109856875,3466.113277166,None,NaN,NaN,,NaN,NaN,NaN,NaN,NaN,NaN,NaN,10,kitchen,2,2024-04-08_11h04.40.518,image_similarity_rating,2023.2.3,None,2024-04-08 11h04.52.405542 +0200
,104,124,115,115,stimuli/own/kitchen/104_kit.jpg,stimuli/own/kitchen/124_kit.jpg,NaN,NaN,NaN,NaN,NaN,NaN,NaN,NaN,0,582,582,114,3469.668380583,NaN,NaN,NaN,NaN,NaN,NaN,NaN,,NaN,,3469.961667458,3470.125950375,3470.125950375,3470.125950375,3470.125950375,3470.125950375,3470.125950375,3470.125950375,3470.125950375,3470.125950375,3475.525997958,-7,7,10,4,3.87890183300033,2,5.3625649999999,3469.666617291,3469.668380583,3470.125950375,3469.96165425,NaN,NaN,NaN,NaN,,NaN,,3469.663070541,3469.666570208,None,NaN,NaN,,NaN,NaN,NaN,NaN,NaN,NaN,NaN,10,kitchen,2,2024-04-08_11h04.40.518,image_similarity_rating,2023.2.3,None,2024-04-08 11h04.52.405542 +0200
,109,137,213,213,stimuli/own/kitchen/109_kit.jpg,stimuli/own/kitchen/137_kit.jpg,NaN,NaN,NaN,NaN,NaN,NaN,NaN,NaN,0,583,583,212,3475.531573666,NaN,NaN,NaN,NaN,NaN,NaN,NaN,,NaN,,3475.815702166,3475.980016541,3475.980016541,3475.980016541,3475.980016541,3475.980016541,3475.980016541,3475.980016541,3475.980016541,3475.980016541,3478.968534166,-7,7,10,2,2.30177349999985,2,2.9564060419998,3475.52980275,3475.531573666,3475.980016541,3475.815689375,NaN,NaN,NaN,NaN,,NaN,,3475.526241875,3475.529756291,None,NaN,NaN,,NaN,NaN,NaN,NaN,NaN,NaN,NaN,10,kitchen,2,2024-04-08_11h04.40.518,image_similarity_rating,2023.2.3,None,2024-04-08 11h04.52.405542 +0200
,122,129,448,448,stimuli/own/kitchen/122_kit.jpg,stimuli/own/kitchen/129_kit.jpg,NaN,NaN,NaN,NaN,NaN,NaN,NaN,NaN,0,584,584,447,3478.977154791,NaN,NaN,NaN,NaN,NaN,NaN,NaN,,NaN,,3479.262312125,3479.428262916,3479.428262916,3479.428262916,3479.428262916,3479.428262916,3479.428262916,3479.428262916,3479.428262916,3479.428262916,3483.039143833,7,-7,10,1,2.81690770899968,1,3.47292825000022,3478.972298333,3478.977154791,3479.428262916,3479.262297375,NaN,NaN,NaN,NaN,,NaN,,3478.968753625,3478.972251416,None,NaN,NaN,,NaN,NaN,NaN,NaN,NaN,NaN,NaN,10,kitchen,2,2024-04-08_11h04.40.518,image_similarity_rating,2023.2.3,None,2024-04-08 11h04.52.405542 +0200
,104,116,107,107,stimuli/own/kitchen/104_kit.jpg,stimuli/own/kitchen/116_kit.jpg,NaN,NaN,NaN,NaN,NaN,NaN,NaN,NaN,0,585,585,106,3483.045135666,NaN,NaN,NaN,NaN,NaN,NaN,NaN,,NaN,,3483.329480125,3483.494483125,3483.494483125,3483.494483125,3483.494483125,3483.494483125,3483.494483125,3483.494483125,3483.494483125,3483.494483125,3491.513010041,-7,7,10,3,4.62096533399972,2,7.43220704199985,3483.042947708,3483.045135666,3483.494483125,3483.329466333,NaN,NaN,NaN,NaN,,NaN,,3483.039358541,3483.042900333,None,NaN,NaN,,NaN,NaN,NaN,NaN,NaN,NaN,NaN,10,kitchen,2,2024-04-08_11h04.40.518,image_similarity_rating,2023.2.3,None,2024-04-08 11h04.52.405542 +0200
,123,125,461,461,stimuli/own/kitchen/123_kit.jpg,stimuli/own/kitchen/125_kit.jpg,NaN,NaN,NaN,NaN,NaN,NaN,NaN,NaN,0,586,586,460,3491.518704416,NaN,NaN,NaN,NaN,NaN,NaN,NaN,,NaN,,3491.812166333,3491.977778708,3491.977778708,3491.977778708,3491.977778708,3491.977778708,3491.977778708,3491.977778708,3491.977778708,3491.977778708,3495.0627595,7,-7,10,4,2.52805304200001,2,3.04747587500015,3491.516642208,3491.518704416,3491.977778708,3491.812148291,NaN,NaN,NaN,NaN,,NaN,,3491.513228,3491.51659575,None,NaN,NaN,,NaN,NaN,NaN,NaN,NaN,NaN,NaN,10,kitchen,2,2024-04-08_11h04.40.518,image_similarity_rating,2023.2.3,None,2024-04-08 11h04.52.405542 +0200
,132,141,567,567,stimuli/own/kitchen/132_kit.jpg,stimuli/own/kitchen/141_kit.jpg,NaN,NaN,NaN,NaN,NaN,NaN,NaN,NaN,0,587,587,566,3495.06813375,NaN,NaN,NaN,NaN,NaN,NaN,NaN,,NaN,,3495.362294625,3495.528620541,3495.528620541,3495.528620541,3495.528620541,3495.528620541,3495.528620541,3495.528620541,3495.528620541,3495.528620541,3504.012797375,-7,7,10,2,6.86050370800012,2,7.47313649999978,3495.066362666,3495.06813375,3495.528620541,3495.362280333,NaN,NaN,NaN,NaN,,NaN,,3495.062975416,3495.0663165,None,NaN,NaN,,NaN,NaN,NaN,NaN,NaN,NaN,NaN,10,kitchen,2,2024-04-08_11h04.40.518,image_similarity_rating,2023.2.3,None,2024-04-08 11h04.52.405542 +0200
,120,137,420,420,stimuli/own/kitchen/120_kit.jpg,stimuli/own/kitchen/137_kit.jpg,NaN,NaN,NaN,NaN,NaN,NaN,NaN,NaN,0,588,588,419,3504.018348,NaN,NaN,NaN,NaN,NaN,NaN,NaN,,NaN,,3504.311525083,3504.47524625,3504.47524625,3504.47524625,3504.47524625,3504.47524625,3504.47524625,3504.47524625,3504.47524625,3504.47524625,3512.799782416,7,-7,10,2,6.14388845900021,1,7.48994233299982,3504.0164315,3504.018348,3504.47524625,3504.3115045,NaN,NaN,NaN,NaN,,NaN,,3504.013018041,3504.016384791,None,NaN,NaN,,NaN,NaN,NaN,NaN,NaN,NaN,NaN,10,kitchen,2,2024-04-08_11h04.40.518,image_similarity_rating,2023.2.3,None,2024-04-08 11h04.52.405542 +0200
,123,129,464,464,stimuli/own/kitchen/123_kit.jpg,stimuli/own/kitchen/129_kit.jpg,NaN,NaN,NaN,NaN,NaN,NaN,NaN,NaN,0,589,589,463,3512.810697541,NaN,NaN,NaN,NaN,NaN,NaN,NaN,,NaN,,3513.095469541,3513.26044025,3513.26044025,3513.26044025,3513.26044025,3513.26044025,3513.26044025,3513.26044025,3513.26044025,3513.26044025,3516.114533291,-7,7,10,1,2.08654420799985,1,2.67165458299996,3512.803509458,3512.810697541,3513.26044025,3513.095456666,NaN,NaN,NaN,NaN,,NaN,,3512.800002208,3512.80346175,None,NaN,NaN,,NaN,NaN,NaN,NaN,NaN,NaN,NaN,10,kitchen,2,2024-04-08_11h04.40.518,image_similarity_rating,2023.2.3,None,2024-04-08 11h04.52.405542 +0200
,136,139,583,600,stimuli/own/kitchen/136_kit.jpg,stimuli/own/kitchen/139_kit.jpg,NaN,NaN,NaN,NaN,NaN,NaN,NaN,NaN,0,590,590,599,3516.126984333,NaN,NaN,NaN,NaN,NaN,NaN,NaN,,NaN,,3516.411766166,3516.579168666,3516.579168666,3516.579168666,3516.579168666,3516.579168666,3516.579168666,3516.579168666,3516.579168666,3516.579168666,3520.892368375,7,-7,10,3,2.91521779100003,2,3.95705904100032,3516.118495625,3516.126984333,3516.579168666,3516.4117465,NaN,NaN,NaN,NaN,,NaN,,3516.114773875,3516.118446041,None,NaN,NaN,,NaN,NaN,NaN,NaN,NaN,NaN,NaN,10,kitchen,2,2024-04-08_11h04.40.518,image_similarity_rating,2023.2.3,None,2024-04-08 11h04.52.405542 +0200
,106,131,180,180,stimuli/own/kitchen/106_kit.jpg,stimuli/own/kitchen/131_kit.jpg,NaN,NaN,NaN,NaN,NaN,NaN,NaN,NaN,0,591,591,179,3520.898071791,NaN,NaN,NaN,NaN,NaN,NaN,NaN,,NaN,,3521.182128041,3521.346085375,3521.346085375,3521.346085375,3521.346085375,3521.346085375,3521.346085375,3521.346085375,3521.346085375,3521.346085375,3524.038109833,-7,7,10,1,2.02173875000017,1,2.6926692080001,3520.89613925,3520.898071791,3521.346085375,3521.182114166,NaN,NaN,NaN,NaN,,NaN,,3520.892591375,3520.89609175,None,NaN,NaN,,NaN,NaN,NaN,NaN,NaN,NaN,NaN,10,kitchen,2,2024-04-08_11h04.40.518,image_similarity_rating,2023.2.3,None,2024-04-08 11h04.52.405542 +0200
,103,125,85,85,stimuli/own/kitchen/103_kit.jpg,stimuli/own/kitchen/125_kit.jpg,NaN,NaN,NaN,NaN,NaN,NaN,NaN,NaN,0,592,592,84,3524.04353025,NaN,NaN,NaN,NaN,NaN,NaN,NaN,,NaN,,3524.329538833,3524.495770625,3524.495770625,3524.495770625,3524.495770625,3524.495770625,3524.495770625,3524.495770625,3524.495770625,3524.495770625,3528.629347416,-7,7,10,2,2.5259755420002,3,4.03561445800005,3524.041740916,3524.04353025,3524.495770625,3524.329518333,NaN,NaN,NaN,NaN,,NaN,,3524.038339,3524.041694416,None,NaN,NaN,,NaN,NaN,NaN,NaN,NaN,NaN,NaN,10,kitchen,2,2024-04-08_11h04.40.518,image_similarity_rating,2023.2.3,None,2024-04-08 11h04.52.405542 +0200
,122,131,450,450,stimuli/own/kitchen/122_kit.jpg,stimuli/own/kitchen/131_kit.jpg,NaN,NaN,NaN,NaN,NaN,NaN,NaN,NaN,0,593,593,449,3528.634935583,NaN,NaN,NaN,NaN,NaN,NaN,NaN,,NaN,,3528.928143625,3529.094865541,3529.094865541,3529.094865541,3529.094865541,3529.094865541,3529.094865541,3529.094865541,3529.094865541,3529.094865541,3532.912618791,-7,7,10,2,3.06306049999966,1,3.79377879100002,3528.6330175,3528.634935583,3529.094865541,3528.928128125,NaN,NaN,NaN,NaN,,NaN,,3528.629565666,3528.632970166,None,NaN,NaN,,NaN,NaN,NaN,NaN,NaN,NaN,NaN,10,kitchen,2,2024-04-08_11h04.40.518,image_similarity_rating,2023.2.3,None,2024-04-08 11h04.52.405542 +0200
,138,141,592,592,stimuli/own/kitchen/138_kit.jpg,stimuli/own/kitchen/141_kit.jpg,NaN,NaN,NaN,NaN,NaN,NaN,NaN,NaN,0,594,594,591,3532.918327666,NaN,NaN,NaN,NaN,NaN,NaN,NaN,,NaN,,3533.211716625,3533.378755708,3533.378755708,3533.378755708,3533.378755708,3533.378755708,3533.378755708,3533.378755708,3533.378755708,3533.378755708,3540.912570916,7,-7,10,2,4.09707945899981,4,7.52294458300003,3532.916408125,3532.918327666,3533.378755708,3533.211701125,NaN,NaN,NaN,NaN,,NaN,,3532.912837958,3532.916361333,None,NaN,NaN,,NaN,NaN,NaN,NaN,NaN,NaN,NaN,10,kitchen,2,2024-04-08_11h04.40.518,image_similarity_rating,2023.2.3,None,2024-04-08 11h04.52.405542 +0200
,130,137,546,546,stimuli/own/kitchen/130_kit.jpg,stimuli/own/kitchen/137_kit.jpg,NaN,NaN,NaN,NaN,NaN,NaN,NaN,NaN,0,595,595,545,3540.91813975,NaN,NaN,NaN,NaN,NaN,NaN,NaN,,NaN,,3541.211303333,3541.376424625,3541.376424625,3541.376424625,3541.376424625,3541.376424625,3541.376424625,3541.376424625,3541.376424625,3541.376424625,3545.350596458,-7,7,10,2,3.26157320799985,3,3.97523150000006,3540.916224291,3540.91813975,3541.376424625,3541.211284416,NaN,NaN,NaN,NaN,,NaN,,3540.912789416,3540.916177916,None,NaN,NaN,,NaN,NaN,NaN,NaN,NaN,NaN,NaN,10,kitchen,2,2024-04-08_11h04.40.518,image_similarity_rating,2023.2.3,None,2024-04-08 11h04.52.405542 +0200
,102,139,65,605,stimuli/own/kitchen/102_kit.jpg,stimuli/own/kitchen/139_kit.jpg,NaN,NaN,NaN,NaN,NaN,NaN,NaN,NaN,0,596,596,604,3545.360232291,NaN,NaN,NaN,NaN,NaN,NaN,NaN,,NaN,,3545.645375958,3545.810658,3545.810658,3545.810658,3545.810658,3545.810658,3545.810658,3545.810658,3545.810658,3545.810658,3553.782838166,7,-7,10,3,7.33595341599994,3,7.93549691699991,3545.354267791,3545.360232291,3545.810658,3545.645362708,NaN,NaN,NaN,NaN,,NaN,,3545.350813625,3545.3542215,None,NaN,NaN,,NaN,NaN,NaN,NaN,NaN,NaN,NaN,10,kitchen,2,2024-04-08_11h04.40.518,image_similarity_rating,2023.2.3,None,2024-04-08 11h04.52.405542 +0200
,105,118,139,139,stimuli/own/kitchen/105_kit.jpg,stimuli/own/kitchen/118_kit.jpg,NaN,NaN,NaN,NaN,NaN,NaN,NaN,NaN,0,597,597,138,3553.793663416,NaN,NaN,NaN,NaN,NaN,NaN,NaN,,NaN,,3554.078111208,3554.2493915,3554.2493915,3554.2493915,3554.2493915,3554.2493915,3554.2493915,3554.2493915,3554.2493915,3554.2493915,3562.045821875,-7,7,10,4,6.33078258400019,3,7.72297924999975,3553.786489958,3553.793663416,3554.2493915,3554.078093416,NaN,NaN,NaN,NaN,,NaN,,3553.783052958,3553.7864435,None,NaN,NaN,,NaN,NaN,NaN,NaN,NaN,NaN,NaN,10,kitchen,2,2024-04-08_11h04.40.518,image_similarity_rating,2023.2.3,None,2024-04-08 11h04.52.405542 +0200
,125,138,501,501,stimuli/own/kitchen/125_kit.jpg,stimuli/own/kitchen/138_kit.jpg,NaN,NaN,NaN,NaN,NaN,NaN,NaN,NaN,0,598,598,500,3562.051434791,NaN,NaN,NaN,NaN,NaN,NaN,NaN,,NaN,,3562.344725416,3562.511619291,3562.511619291,3562.511619291,3562.511619291,3562.511619291,3562.511619291,3562.511619291,3562.511619291,3562.511619291,3567.849402291,-7,7,10,4,4.39168266699971,2,5.19627041600006,3562.049505875,3562.051434791,3562.511619291,3562.344708083,NaN,NaN,NaN,NaN,,NaN,,3562.046041,3562.049459583,None,NaN,NaN,,NaN,NaN,NaN,NaN,NaN,NaN,NaN,10,kitchen,2,2024-04-08_11h04.40.518,image_similarity_rating,2023.2.3,None,2024-04-08 11h04.52.405542 +0200
,123,130,465,465,stimuli/own/kitchen/123_kit.jpg,stimuli/own/kitchen/130_kit.jpg,NaN,NaN,NaN,NaN,NaN,NaN,NaN,NaN,0,599,599,464,3567.860263916,NaN,NaN,NaN,NaN,NaN,NaN,NaN,,NaN,,3568.144915416,3568.309099166,3568.309099166,3568.309099166,3568.309099166,3568.309099166,3568.309099166,3568.309099166,3568.309099166,3568.309099166,3572.15000275,7,-7,10,6,3.26785204200041,3,3.84218454200027,3567.853055,3567.860263916,3568.309099166,3568.14489875,NaN,NaN,NaN,NaN,,NaN,,3567.8496195,3567.853008541,None,NaN,NaN,,NaN,NaN,NaN,NaN,NaN,NaN,NaN,10,kitchen,2,2024-04-08_11h04.40.518,image_similarity_rating,2023.2.3,None,2024-04-08 11h04.52.405542 +0200
,117,130,354,354,stimuli/own/kitchen/117_kit.jpg,stimuli/own/kitchen/130_kit.jpg,NaN,NaN,NaN,NaN,NaN,NaN,NaN,NaN,0,600,600,353,3572.159948625,NaN,NaN,NaN,NaN,NaN,NaN,NaN,,NaN,,3572.444653916,3572.608724958,3572.608724958,3572.608724958,3572.608724958,3572.608724958,3572.608724958,3572.608724958,3572.608724958,3572.608724958,3575.799997416,7,-7,10,3,2.72910404200002,3,3.15586362500017,3572.153664416,3572.159948625,3572.608724958,3572.444640625,NaN,NaN,NaN,NaN,,NaN,,3572.15022175,3572.153617958,None,NaN,NaN,,NaN,NaN,NaN,NaN,NaN,NaN,NaN,10,kitchen,2,2024-04-08_11h04.40.518,image_similarity_rating,2023.2.3,None,2024-04-08 11h04.52.405542 +0200
,139,141,594,594,stimuli/own/kitchen/139_kit.jpg,stimuli/own/kitchen/141_kit.jpg,NaN,NaN,NaN,NaN,NaN,NaN,NaN,NaN,0,601,601,593,3575.810078875,NaN,NaN,NaN,NaN,NaN,NaN,NaN,,NaN,,3576.094751708,3576.265035375,3576.265035375,3576.265035375,3576.265035375,3576.265035375,3576.265035375,3576.265035375,3576.265035375,3576.265035375,3579.509273291,7,-7,10,2,3.31754087499985,3,1.22603337500004,3575.803784416,3575.810078875,3576.265035375,3576.094735041,NaN,NaN,NaN,NaN,,NaN,,3575.800214,3575.803737583,None,NaN,NaN,,NaN,NaN,NaN,NaN,NaN,NaN,NaN,10,kitchen,2,2024-04-08_11h04.40.518,image_similarity_rating,2023.2.3,None,2024-04-08 11h04.52.405542 +0200
,131,139,557,557,stimuli/own/kitchen/131_kit.jpg,stimuli/own/kitchen/139_kit.jpg,NaN,NaN,NaN,NaN,NaN,NaN,NaN,NaN,0,602,602,556,3579.51493875,NaN,NaN,NaN,NaN,NaN,NaN,NaN,,NaN,,3579.798541541,3579.965897666,3579.965897666,3579.965897666,3579.965897666,3579.965897666,3579.965897666,3579.965897666,3579.965897666,3579.965897666,3582.501720583,-7,7,10,1,1.67965720799975,1,2.41004395800019,3579.512986708,3579.51493875,3579.965897666,3579.798528666,NaN,NaN,NaN,NaN,,NaN,,3579.509490708,3579.512940208,None,NaN,NaN,,NaN,NaN,NaN,NaN,NaN,NaN,NaN,10,kitchen,2,2024-04-08_11h04.40.518,image_similarity_rating,2023.2.3,None,2024-04-08 11h04.52.405542 +0200
,126,130,507,507,stimuli/own/kitchen/126_kit.jpg,stimuli/own/kitchen/130_kit.jpg,NaN,NaN,NaN,NaN,NaN,NaN,NaN,NaN,0,603,603,506,3582.510026041,NaN,NaN,NaN,NaN,NaN,NaN,NaN,,NaN,,3582.795518625,3582.960960291,3582.960960291,3582.960960291,3582.960960291,3582.960960291,3582.960960291,3582.960960291,3582.960960291,3582.960960291,3588.370998083,-7,7,10,5,4.319392333,3,5.35004570800038,3582.505524875,3582.510026041,3582.960960291,3582.795505291,NaN,NaN,NaN,NaN,,NaN,,3582.50194125,3582.505477666,None,NaN,NaN,,NaN,NaN,NaN,NaN,NaN,NaN,NaN,10,kitchen,2,2024-04-08_11h04.40.518,image_similarity_rating,2023.2.3,None,2024-04-08 11h04.52.405542 +0200
,116,134,335,335,stimuli/own/kitchen/116_kit.jpg,stimuli/own/kitchen/134_kit.jpg,NaN,NaN,NaN,NaN,NaN,NaN,NaN,NaN,0,604,604,334,3588.376587875,NaN,NaN,NaN,NaN,NaN,NaN,NaN,,NaN,,3588.661684125,3588.833733916,3588.833733916,3588.833733916,3588.833733916,3588.833733916,3588.833733916,3588.833733916,3588.833733916,3588.833733916,3593.208968458,-7,7,10,5,3.22129270800042,5,4.36180612499993,3588.374682041,3588.376587875,3588.833733916,3588.661659125,NaN,NaN,NaN,NaN,,NaN,,3588.371218291,3588.374635333,None,NaN,NaN,,NaN,NaN,NaN,NaN,NaN,NaN,NaN,10,kitchen,2,2024-04-08_11h04.40.518,image_similarity_rating,2023.2.3,None,2024-04-08 11h04.52.405542 +0200
,101,114,10,10,stimuli/own/kitchen/101_kit.jpg,stimuli/own/kitchen/114_kit.jpg,NaN,NaN,NaN,NaN,NaN,NaN,NaN,NaN,0,605,605,9,3593.214455125,NaN,NaN,NaN,NaN,NaN,NaN,NaN,,NaN,,3593.499039625,3593.668283791,3593.668283791,3593.668283791,3593.668283791,3593.668283791,3593.668283791,3593.668283791,3593.668283791,3593.668283791,3596.858833666,-7,7,10,3,2.5133350000001,4,3.17953833299998,3593.212690666,3593.214455125,3593.668283791,3593.499024541,NaN,NaN,NaN,NaN,,NaN,,3593.209205416,3593.212644083,None,NaN,NaN,,NaN,NaN,NaN,NaN,NaN,NaN,NaN,10,kitchen,2,2024-04-08_11h04.40.518,image_similarity_rating,2023.2.3,None,2024-04-08 11h04.52.405542 +0200
,134,138,571,571,stimuli/own/kitchen/134_kit.jpg,stimuli/own/kitchen/138_kit.jpg,NaN,NaN,NaN,NaN,NaN,NaN,NaN,NaN,0,606,606,570,3596.864354041,NaN,NaN,NaN,NaN,NaN,NaN,NaN,,NaN,,3597.148708375,3597.313566875,3597.313566875,3597.313566875,3597.313566875,3597.313566875,3597.313566875,3597.313566875,3597.313566875,3597.313566875,3601.362885166,7,-7,10,3,3.19915945799994,5,3.96326070899977,3596.862588,3596.864354041,3597.313566875,3597.148694375,NaN,NaN,NaN,NaN,,NaN,,3596.859080541,3596.862541208,None,NaN,NaN,,NaN,NaN,NaN,NaN,NaN,NaN,NaN,10,kitchen,2,2024-04-08_11h04.40.518,image_similarity_rating,2023.2.3,None,2024-04-08 11h04.52.405542 +0200
,103,130,89,89,stimuli/own/kitchen/103_kit.jpg,stimuli/own/kitchen/130_kit.jpg,NaN,NaN,NaN,NaN,NaN,NaN,NaN,NaN,0,607,607,88,3601.368475375,NaN,NaN,NaN,NaN,NaN,NaN,NaN,,NaN,,3601.661300083,3601.831112708,3601.831112708,3601.831112708,3601.831112708,3601.831112708,3601.831112708,3601.831112708,3601.831112708,3601.831112708,3608.396414416,7,-7,10,4,5.75239891699994,2,6.57906512499994,3601.366545416,3601.368475375,3601.831112708,3601.661278958,NaN,NaN,NaN,NaN,,NaN,,3601.363102791,3601.366499125,None,NaN,NaN,,NaN,NaN,NaN,NaN,NaN,NaN,NaN,10,kitchen,2,2024-04-08_11h04.40.518,image_similarity_rating,2023.2.3,None,2024-04-08 11h04.52.405542 +0200
,101,123,18,18,stimuli/own/kitchen/101_kit.jpg,stimuli/own/kitchen/123_kit.jpg,NaN,NaN,NaN,NaN,NaN,NaN,NaN,NaN,0,608,608,17,3608.402044958,NaN,NaN,NaN,NaN,NaN,NaN,NaN,,NaN,,3608.694751291,3608.866322791,3608.866322791,3608.866322791,3608.866322791,3608.866322791,3608.866322791,3608.866322791,3608.866322791,3608.866322791,3612.287490708,-7,7,10,5,2.90533216699987,2,3.38495062500033,3608.40008625,3608.402044958,3608.866322791,3608.694733833,NaN,NaN,NaN,NaN,,NaN,,3608.396635,3608.40004,None,NaN,NaN,,NaN,NaN,NaN,NaN,NaN,NaN,NaN,10,kitchen,2,2024-04-08_11h04.40.518,image_similarity_rating,2023.2.3,None,2024-04-08 11h04.52.405542 +0200
,132,134,560,560,stimuli/own/kitchen/132_kit.jpg,stimuli/own/kitchen/134_kit.jpg,NaN,NaN,NaN,NaN,NaN,NaN,NaN,NaN,0,609,609,559,3612.293114625,NaN,NaN,NaN,NaN,NaN,NaN,NaN,,NaN,,3612.577768875,3612.742953625,3612.742953625,3612.742953625,3612.742953625,3612.742953625,3612.742953625,3612.742953625,3612.742953625,3612.742953625,3618.621410916,7,-7,10,2,5.15111758300009,2,5.86707124999975,3612.291149958,3612.293114625,3612.742953625,3612.577754708,NaN,NaN,NaN,NaN,,NaN,,3612.287707625,3612.291102875,None,NaN,NaN,,NaN,NaN,NaN,NaN,NaN,NaN,NaN,10,kitchen,2,2024-04-08_11h04.40.518,image_similarity_rating,2023.2.3,None,2024-04-08 11h04.52.405542 +0200
,104,122,113,113,stimuli/own/kitchen/104_kit.jpg,stimuli/own/kitchen/122_kit.jpg,NaN,NaN,NaN,NaN,NaN,NaN,NaN,NaN,0,610,610,112,3618.643288791,NaN,NaN,NaN,NaN,NaN,NaN,NaN,,NaN,,3618.927353375,3619.096238625,3619.096238625,3619.096238625,3619.096238625,3619.096238625,3619.096238625,3619.096238625,3619.096238625,3619.096238625,3622.737553458,-7,7,10,4,3.06626874999984,2,3.63092554200011,3618.625084208,3618.643288791,NaN,3618.927326916,NaN,NaN,NaN,NaN,,NaN,,3618.62162875,3618.625037833,None,NaN,NaN,,NaN,NaN,NaN,NaN,NaN,NaN,NaN,10,kitchen,2,2024-04-08_11h04.40.518,image_similarity_rating,2023.2.3,None,2024-04-08 11h04.52.405542 +0200
,105,141,160,160,stimuli/own/kitchen/105_kit.jpg,stimuli/own/kitchen/141_kit.jpg,NaN,NaN,NaN,NaN,NaN,NaN,NaN,NaN,0,611,611,159,3622.742993333,NaN,NaN,NaN,NaN,NaN,NaN,NaN,,NaN,,3623.027790458,3623.192332916,3623.192332916,3623.192332916,3623.192332916,3623.192332916,3623.192332916,3623.192332916,3623.192332916,3623.192332916,3626.378959833,-7,7,10,2,2.52869695900017,2,3.13624266599982,3622.741217833,3622.742993333,3623.192332916,3623.027763666,NaN,NaN,NaN,NaN,,NaN,,3622.737771708,3622.741170333,None,NaN,NaN,,NaN,NaN,NaN,NaN,NaN,NaN,NaN,10,kitchen,2,2024-04-08_11h04.40.518,image_similarity_rating,2023.2.3,None,2024-04-08 11h04.52.405542 +0200
,121,139,440,440,stimuli/own/kitchen/121_kit.jpg,stimuli/own/kitchen/139_kit.jpg,NaN,NaN,NaN,NaN,NaN,NaN,NaN,NaN,0,612,612,439,3626.3845285,NaN,NaN,NaN,NaN,NaN,NaN,NaN,,NaN,,3626.677822875,3626.842784958,3626.842784958,3626.842784958,3626.842784958,3626.842784958,3626.842784958,3626.842784958,3626.842784958,3626.842784958,3630.02894275,7,-7,10,2,3.17144270800009,2,2.35612550000042,3626.382594791,3626.3845285,3626.842784958,3626.677809208,NaN,NaN,NaN,NaN,,NaN,,3626.379177458,3626.382547875,None,NaN,NaN,,NaN,NaN,NaN,NaN,NaN,NaN,NaN,10,kitchen,2,2024-04-08_11h04.40.518,image_similarity_rating,2023.2.3,None,2024-04-08 11h04.52.405542 +0200
,109,136,212,212,stimuli/own/kitchen/109_kit.jpg,stimuli/own/kitchen/136_kit.jpg,NaN,NaN,NaN,NaN,NaN,NaN,NaN,NaN,0,613,613,211,3630.034666583,NaN,NaN,NaN,NaN,NaN,NaN,NaN,,NaN,,3630.328977625,3630.494548375,3630.494548375,3630.494548375,3630.494548375,3630.494548375,3630.494548375,3630.494548375,3630.494548375,3630.494548375,3634.2460545,7,-7,10,4,2.59665654200035,2,3.75426349999998,3630.032590375,3630.034666583,3630.494548375,3630.328962458,NaN,NaN,NaN,NaN,,NaN,,3630.0291565,3630.032543541,None,NaN,NaN,,NaN,NaN,NaN,NaN,NaN,NaN,NaN,10,kitchen,2,2024-04-08_11h04.40.518,image_similarity_rating,2023.2.3,None,2024-04-08 11h04.52.405542 +0200
,117,129,353,353,stimuli/own/kitchen/117_kit.jpg,stimuli/own/kitchen/129_kit.jpg,NaN,NaN,NaN,NaN,NaN,NaN,NaN,NaN,0,614,614,352,3634.251721666,NaN,NaN,NaN,NaN,NaN,NaN,NaN,,NaN,,3634.544711791,3634.710437916,3634.710437916,3634.710437916,3634.710437916,3634.710437916,3634.710437916,3634.710437916,3634.710437916,3634.710437916,3636.891831708,7,-7,10,1,2.23182845800011,1,1.31463450000001,3634.249701208,3634.251721666,3634.710437916,3634.544696625,NaN,NaN,NaN,NaN,,NaN,,3634.246272,3634.249654541,None,NaN,NaN,,NaN,NaN,NaN,NaN,NaN,NaN,NaN,10,kitchen,2,2024-04-08_11h04.40.518,image_similarity_rating,2023.2.3,None,2024-04-08 11h04.52.405542 +0200
,NaN,NaN,NaN,NaN,,,NaN,NaN,NaN,NaN,NaN,NaN,NaN,NaN,NaN,NaN,NaN,NaN,NaN,NaN,NaN,NaN,NaN,NaN,NaN,NaN,,NaN,,NaN,NaN,NaN,NaN,NaN,NaN,NaN,NaN,NaN,NaN,NaN,NaN,NaN,NaN,NaN,NaN,NaN,NaN,NaN,NaN,NaN,NaN,NaN,NaN,NaN,NaN,,NaN,,NaN,NaN,,NaN,NaN,,3636.891988166,3636.899317166,3636.899317166,3644.034014416,NaN,7.13446304099989,NaN,10,kitchen,2,2024-04-08_11h04.40.518,image_similarity_rating,2023.2.3,None,2024-04-08 11h04.52.405542 +0200
